ISO-10303-21;
HEADER;
/* Generated by software containing ST-Developer
 * from STEP Tools, Inc. (www.steptools.com) 
 */

FILE_DESCRIPTION(
/* description */ (''),
/* implementation_level */ '2;1');

FILE_NAME(
/* name */ 'BX Blade.step',
/* time_stamp */ '2026-09-26T02:08:41-04:00',
/* author */ (''),
/* organization */ (''),
/* preprocessor_version */ 'ST-DEVELOPER v20.2',
/* originating_system */ 'Autodesk Translation Framework v15.15.0.0',
/* authorisation */ '');

FILE_SCHEMA (('AUTOMOTIVE_DESIGN { 1 0 10303 214 3 1 1 }'));
ENDSEC;

DATA;
#10=MECHANICAL_DESIGN_GEOMETRIC_PRESENTATION_REPRESENTATION('',(#13,#14,
#15,#16,#17,#18),#17068);
#11=SHAPE_REPRESENTATION_RELATIONSHIP('SRR','None',#17075,#12);
#12=ADVANCED_BREP_SHAPE_REPRESENTATION('',(#19,#20,#21,#22,#23,#24),#17067);
#13=STYLED_ITEM('',(#17084),#19);
#14=STYLED_ITEM('',(#17084),#20);
#15=STYLED_ITEM('',(#17084),#21);
#16=STYLED_ITEM('',(#17084),#22);
#17=STYLED_ITEM('',(#17084),#23);
#18=STYLED_ITEM('',(#17084),#24);
#19=MANIFOLD_SOLID_BREP('Body1',#8833);
#20=MANIFOLD_SOLID_BREP('Body2',#8834);
#21=MANIFOLD_SOLID_BREP('Body3',#8835);
#22=MANIFOLD_SOLID_BREP('Body4',#8836);
#23=MANIFOLD_SOLID_BREP('Body5',#8837);
#24=MANIFOLD_SOLID_BREP('Body6',#8838);
#25=TOROIDAL_SURFACE('',#9053,14.951387818866,0.5);
#26=TOROIDAL_SURFACE('',#9057,13.148612181134,0.5);
#27=TOROIDAL_SURFACE('',#9140,13.148612181134,0.5);
#28=TOROIDAL_SURFACE('',#9144,14.951387818866,0.5);
#29=TOROIDAL_SURFACE('',#9216,11.55,0.25);
#30=TOROIDAL_SURFACE('',#9222,11.55,0.25);
#31=B_SPLINE_SURFACE_WITH_KNOTS('',3,3,((#12711,#12712,#12713,#12714),(#12715,
#12716,#12717,#12718),(#12719,#12720,#12721,#12722),(#12723,#12724,#12725,
#12726)),.UNSPECIFIED.,.F.,.F.,.F.,(4,4),(4,4),(0.,1.),(0.08761189115428,
0.103695746827849),.UNSPECIFIED.);
#32=B_SPLINE_SURFACE_WITH_KNOTS('',3,3,((#12741,#12742,#12743,#12744),(#12745,
#12746,#12747,#12748),(#12749,#12750,#12751,#12752),(#12753,#12754,#12755,
#12756)),.UNSPECIFIED.,.F.,.F.,.F.,(4,4),(4,4),(0.,1.),(0.0793748192325918,
0.08761189115428),.UNSPECIFIED.);
#33=B_SPLINE_SURFACE_WITH_KNOTS('',3,3,((#12770,#12771,#12772,#12773),(#12774,
#12775,#12776,#12777),(#12778,#12779,#12780,#12781),(#12782,#12783,#12784,
#12785)),.UNSPECIFIED.,.F.,.F.,.F.,(4,4),(4,4),(0.,1.),(0.0257284558091013,
0.168428692967324),.UNSPECIFIED.);
#34=B_SPLINE_SURFACE_WITH_KNOTS('',3,3,((#12802,#12803,#12804,#12805),(#12806,
#12807,#12808,#12809),(#12810,#12811,#12812,#12813),(#12814,#12815,#12816,
#12817)),.UNSPECIFIED.,.F.,.F.,.F.,(4,4),(4,4),(0.,1.),(0.0147224282594442,
0.0257284558091016),.UNSPECIFIED.);
#35=B_SPLINE_SURFACE_WITH_KNOTS('',3,3,((#12823,#12824,#12825,#12826),(#12827,
#12828,#12829,#12830),(#12831,#12832,#12833,#12834),(#12835,#12836,#12837,
#12838)),.UNSPECIFIED.,.F.,.F.,.F.,(4,4),(4,4),(0.,1.),(0.0607211014251247,
0.0755287730343988),.UNSPECIFIED.);
#36=B_SPLINE_SURFACE_WITH_KNOTS('',3,3,((#12850,#12851,#12852,#12853),(#12854,
#12855,#12856,#12857),(#12858,#12859,#12860,#12861),(#12862,#12863,#12864,
#12865)),.UNSPECIFIED.,.F.,.F.,.F.,(4,4),(4,4),(0.,1.),(0.0468076666251402,
0.0607211014251288),.UNSPECIFIED.);
#37=B_SPLINE_SURFACE_WITH_KNOTS('',3,3,((#12879,#12880,#12881,#12882),(#12883,
#12884,#12885,#12886),(#12887,#12888,#12889,#12890),(#12891,#12892,#12893,
#12894)),.UNSPECIFIED.,.F.,.F.,.F.,(4,4),(4,4),(0.,1.),(0.202081126375962,
0.217661716320082),.UNSPECIFIED.);
#38=B_SPLINE_SURFACE_WITH_KNOTS('',3,3,((#12904,#12905,#12906,#12907),(#12908,
#12909,#12910,#12911),(#12912,#12913,#12914,#12915),(#12916,#12917,#12918,
#12919)),.UNSPECIFIED.,.F.,.F.,.F.,(4,4),(4,4),(-0.00177299875874724,1.),
(0.19536587838963,0.314694442921561),.UNSPECIFIED.);
#39=B_SPLINE_SURFACE_WITH_KNOTS('',3,3,((#12928,#12929,#12930,#12931),(#12932,
#12933,#12934,#12935),(#12936,#12937,#12938,#12939),(#12940,#12941,#12942,
#12943)),.UNSPECIFIED.,.F.,.F.,.F.,(4,4),(4,4),(-0.0177233228559258,1.),
(0.214068067282706,0.424357749943378),.UNSPECIFIED.);
#40=B_SPLINE_SURFACE_WITH_KNOTS('',3,3,((#12948,#12949,#12950,#12951),(#12952,
#12953,#12954,#12955),(#12956,#12957,#12958,#12959),(#12960,#12961,#12962,
#12963)),.UNSPECIFIED.,.F.,.F.,.F.,(4,4),(4,4),(0.,1.),(4.52693405307489,
4.59513614735428),.UNSPECIFIED.);
#41=B_SPLINE_SURFACE_WITH_KNOTS('',3,3,((#12982,#12983,#12984,#12985),(#12986,
#12987,#12988,#12989),(#12990,#12991,#12992,#12993),(#12994,#12995,#12996,
#12997)),.UNSPECIFIED.,.F.,.F.,.F.,(4,4),(4,4),(0.,1.),(4.52210464989785,
4.5269340530749),.UNSPECIFIED.);
#42=B_SPLINE_SURFACE_WITH_KNOTS('',3,3,((#13000,#13001,#13002,#13003,#13004),
(#13005,#13006,#13007,#13008,#13009),(#13010,#13011,#13012,#13013,#13014),
(#13015,#13016,#13017,#13018,#13019)),.UNSPECIFIED.,.F.,.F.,.F.,(4,4),(4,
1,4),(-0.000257519633896007,1.00010057349105),(0.193008055390203,0.207359437736134,
0.226494614197376),.UNSPECIFIED.);
#43=B_SPLINE_SURFACE_WITH_KNOTS('',3,3,((#13042,#13043,#13044,#13045),(#13046,
#13047,#13048,#13049),(#13050,#13051,#13052,#13053),(#13054,#13055,#13056,
#13057)),.UNSPECIFIED.,.F.,.F.,.F.,(4,4),(4,4),(0.,1.),(0.188680236931571,
0.193008055390203),.UNSPECIFIED.);
#44=B_SPLINE_SURFACE_WITH_KNOTS('',3,3,((#13071,#13072,#13073,#13074),(#13075,
#13076,#13077,#13078),(#13079,#13080,#13081,#13082),(#13083,#13084,#13085,
#13086)),.UNSPECIFIED.,.F.,.F.,.F.,(4,4),(4,4),(0.,1.),(-0.850060682509015,
-0.846120836812011),.UNSPECIFIED.);
#45=B_SPLINE_SURFACE_WITH_KNOTS('',3,3,((#13094,#13095,#13096,#13097),(#13098,
#13099,#13100,#13101),(#13102,#13103,#13104,#13105),(#13106,#13107,#13108,
#13109)),.UNSPECIFIED.,.F.,.F.,.F.,(4,4),(4,4),(0.,1.),(0.104638533480754,
0.106873705472396),.UNSPECIFIED.);
#46=B_SPLINE_SURFACE_WITH_KNOTS('',3,3,((#13115,#13116,#13117,#13118),(#13119,
#13120,#13121,#13122),(#13123,#13124,#13125,#13126),(#13127,#13128,#13129,
#13130)),.UNSPECIFIED.,.F.,.F.,.F.,(4,4),(4,4),(0.,1.),(0.08761189115428,
0.103695746827849),.UNSPECIFIED.);
#47=B_SPLINE_SURFACE_WITH_KNOTS('',3,3,((#13145,#13146,#13147,#13148),(#13149,
#13150,#13151,#13152),(#13153,#13154,#13155,#13156),(#13157,#13158,#13159,
#13160)),.UNSPECIFIED.,.F.,.F.,.F.,(4,4),(4,4),(0.,1.),(0.0793748192325911,
0.0876118911542801),.UNSPECIFIED.);
#48=B_SPLINE_SURFACE_WITH_KNOTS('',3,3,((#13174,#13175,#13176,#13177),(#13178,
#13179,#13180,#13181),(#13182,#13183,#13184,#13185),(#13186,#13187,#13188,
#13189)),.UNSPECIFIED.,.F.,.F.,.F.,(4,4),(4,4),(0.,1.),(0.106873705472207,
0.108838389616403),.UNSPECIFIED.);
#49=B_SPLINE_SURFACE_WITH_KNOTS('',3,3,((#13192,#13193,#13194,#13195),(#13196,
#13197,#13198,#13199),(#13200,#13201,#13202,#13203),(#13204,#13205,#13206,
#13207)),.UNSPECIFIED.,.F.,.F.,.F.,(4,4),(4,4),(0.,1.),(0.0257284558088872,
0.168428692967331),.UNSPECIFIED.);
#50=B_SPLINE_SURFACE_WITH_KNOTS('',3,3,((#13224,#13225,#13226,#13227),(#13228,
#13229,#13230,#13231),(#13232,#13233,#13234,#13235),(#13236,#13237,#13238,
#13239)),.UNSPECIFIED.,.F.,.F.,.F.,(4,4),(4,4),(0.,1.),(0.0147224282593027,
0.0257284558088873),.UNSPECIFIED.);
#51=B_SPLINE_SURFACE_WITH_KNOTS('',3,3,((#13245,#13246,#13247,#13248),(#13249,
#13250,#13251,#13252),(#13253,#13254,#13255,#13256),(#13257,#13258,#13259,
#13260)),.UNSPECIFIED.,.F.,.F.,.F.,(4,4),(4,4),(0.,1.),(0.0607211014251249,
0.0755287730343993),.UNSPECIFIED.);
#52=B_SPLINE_SURFACE_WITH_KNOTS('',3,3,((#13272,#13273,#13274,#13275),(#13276,
#13277,#13278,#13279),(#13280,#13281,#13282,#13283),(#13284,#13285,#13286,
#13287)),.UNSPECIFIED.,.F.,.F.,.F.,(4,4),(4,4),(0.,1.),(0.0468076666251209,
0.0607211014251282),.UNSPECIFIED.);
#53=B_SPLINE_SURFACE_WITH_KNOTS('',3,3,((#13301,#13302,#13303,#13304),(#13305,
#13306,#13307,#13308),(#13309,#13310,#13311,#13312),(#13313,#13314,#13315,
#13316)),.UNSPECIFIED.,.F.,.F.,.F.,(4,4),(4,4),(0.,1.),(0.202081126375962,
0.217661716320082),.UNSPECIFIED.);
#54=B_SPLINE_SURFACE_WITH_KNOTS('',3,3,((#13326,#13327,#13328,#13329,#13330,
#13331),(#13332,#13333,#13334,#13335,#13336,#13337),(#13338,#13339,#13340,
#13341,#13342,#13343),(#13344,#13345,#13346,#13347,#13348,#13349)),
 .UNSPECIFIED.,.F.,.F.,.F.,(4,4),(4,2,4),(0.,1.),(0.239778875982646,0.248529527742488,
0.267602552469274),.UNSPECIFIED.);
#55=B_SPLINE_SURFACE_WITH_KNOTS('',3,3,((#13360,#13361,#13362,#13363),(#13364,
#13365,#13366,#13367),(#13368,#13369,#13370,#13371),(#13372,#13373,#13374,
#13375)),.UNSPECIFIED.,.F.,.F.,.F.,(4,4),(4,4),(-0.0177233228554902,1.),
(0.214068067284893,0.4243577499269),.UNSPECIFIED.);
#56=B_SPLINE_SURFACE_WITH_KNOTS('',3,3,((#13380,#13381,#13382,#13383),(#13384,
#13385,#13386,#13387),(#13388,#13389,#13390,#13391),(#13392,#13393,#13394,
#13395)),.UNSPECIFIED.,.F.,.F.,.F.,(4,4),(4,4),(0.,1.),(4.52693405307489,
4.59513614735428),.UNSPECIFIED.);
#57=B_SPLINE_SURFACE_WITH_KNOTS('',3,3,((#13414,#13415,#13416,#13417),(#13418,
#13419,#13420,#13421),(#13422,#13423,#13424,#13425),(#13426,#13427,#13428,
#13429)),.UNSPECIFIED.,.F.,.F.,.F.,(4,4),(4,4),(0.,1.),(4.52210464989785,
4.5269340530749),.UNSPECIFIED.);
#58=B_SPLINE_SURFACE_WITH_KNOTS('',3,3,((#13432,#13433,#13434,#13435,#13436),
(#13437,#13438,#13439,#13440,#13441),(#13442,#13443,#13444,#13445,#13446),
(#13447,#13448,#13449,#13450,#13451)),.UNSPECIFIED.,.F.,.F.,.F.,(4,4),(4,
1,4),(-0.000257023081041565,1.00010037616338),(0.193006610685993,0.207358605277894,
0.226494598067096),.UNSPECIFIED.);
#59=B_SPLINE_SURFACE_WITH_KNOTS('',3,3,((#13474,#13475,#13476,#13477),(#13478,
#13479,#13480,#13481),(#13482,#13483,#13484,#13485),(#13486,#13487,#13488,
#13489)),.UNSPECIFIED.,.F.,.F.,.F.,(4,4),(4,4),(0.,1.),(0.188680008249838,
0.193006610685993),.UNSPECIFIED.);
#60=B_SPLINE_SURFACE_WITH_KNOTS('',3,3,((#13503,#13504,#13505,#13506),(#13507,
#13508,#13509,#13510),(#13511,#13512,#13513,#13514),(#13515,#13516,#13517,
#13518)),.UNSPECIFIED.,.F.,.F.,.F.,(4,4),(4,4),(0.,1.),(-0.850060682509013,
-0.84612083681201),.UNSPECIFIED.);
#61=B_SPLINE_SURFACE_WITH_KNOTS('',3,3,((#13526,#13527,#13528,#13529),(#13530,
#13531,#13532,#13533),(#13534,#13535,#13536,#13537),(#13538,#13539,#13540,
#13541)),.UNSPECIFIED.,.F.,.F.,.F.,(4,4),(4,4),(0.,1.),(0.104638533480599,
0.106873705472237),.UNSPECIFIED.);
#62=B_SPLINE_SURFACE_WITH_KNOTS('',3,3,((#13547,#13548,#13549,#13550),(#13551,
#13552,#13553,#13554),(#13555,#13556,#13557,#13558),(#13559,#13560,#13561,
#13562)),.UNSPECIFIED.,.F.,.F.,.F.,(4,4),(4,4),(0.,1.),(0.106873705472048,
0.10883838961624),.UNSPECIFIED.);
#63=B_SPLINE_SURFACE_WITH_KNOTS('',3,3,((#13792,#13793,#13794,#13795),(#13796,
#13797,#13798,#13799),(#13800,#13801,#13802,#13803),(#13804,#13805,#13806,
#13807)),.UNSPECIFIED.,.F.,.F.,.F.,(4,4),(4,4),(0.,1.),(0.250215847674533,
0.261915489800347),.UNSPECIFIED.);
#64=B_SPLINE_SURFACE_WITH_KNOTS('',3,3,((#13813,#13814,#13815,#13816),(#13817,
#13818,#13819,#13820),(#13821,#13822,#13823,#13824),(#13825,#13826,#13827,
#13828)),.UNSPECIFIED.,.F.,.F.,.F.,(4,4),(4,4),(0.,1.),(0.232072858897709,
0.250215847674534),.UNSPECIFIED.);
#65=B_SPLINE_SURFACE_WITH_KNOTS('',3,3,((#13833,#13834,#13835,#13836),(#13837,
#13838,#13839,#13840),(#13841,#13842,#13843,#13844),(#13845,#13846,#13847,
#13848)),.UNSPECIFIED.,.F.,.F.,.F.,(4,4),(4,4),(0.,1.),(0.0339625550402062,
0.174735662541329),.UNSPECIFIED.);
#66=B_SPLINE_SURFACE_WITH_KNOTS('',3,3,((#13857,#13858,#13859,#13860),(#13861,
#13862,#13863,#13864),(#13865,#13866,#13867,#13868),(#13869,#13870,#13871,
#13872)),.UNSPECIFIED.,.F.,.F.,.F.,(4,4),(4,4),(0.,1.),(0.0168674723678022,
0.0339625550402065),.UNSPECIFIED.);
#67=B_SPLINE_SURFACE_WITH_KNOTS('',3,3,((#13877,#13878,#13879,#13880),(#13881,
#13882,#13883,#13884),(#13885,#13886,#13887,#13888),(#13889,#13890,#13891,
#13892)),.UNSPECIFIED.,.F.,.F.,.F.,(4,4),(4,4),(0.,1.),(0.216633506972759,
0.229560832444986),.UNSPECIFIED.);
#68=B_SPLINE_SURFACE_WITH_KNOTS('',3,3,((#13898,#13899,#13900,#13901),(#13902,
#13903,#13904,#13905),(#13906,#13907,#13908,#13909),(#13910,#13911,#13912,
#13913)),.UNSPECIFIED.,.F.,.F.,.F.,(4,4),(4,4),(0.,1.),(0.200179019239006,
0.216633506973753),.UNSPECIFIED.);
#69=B_SPLINE_SURFACE_WITH_KNOTS('',3,3,((#13924,#13925,#13926,#13927),(#13928,
#13929,#13930,#13931),(#13932,#13933,#13934,#13935),(#13936,#13937,#13938,
#13939)),.UNSPECIFIED.,.F.,.F.,.F.,(4,4),(4,4),(0.,1.),(-0.174493284092146,
-0.157102385509685),.UNSPECIFIED.);
#70=B_SPLINE_SURFACE_WITH_KNOTS('',3,3,((#13945,#13946,#13947,#13948),(#13949,
#13950,#13951,#13952),(#13953,#13954,#13955,#13956),(#13957,#13958,#13959,
#13960)),.UNSPECIFIED.,.F.,.F.,.F.,(4,4),(4,4),(0.,1.),(0.0790207756409126,
0.113169037835386),.UNSPECIFIED.);
#71=B_SPLINE_SURFACE_WITH_KNOTS('',3,3,((#13969,#13970,#13971,#13972),(#13973,
#13974,#13975,#13976),(#13977,#13978,#13979,#13980),(#13981,#13982,#13983,
#13984)),.UNSPECIFIED.,.F.,.F.,.F.,(4,4),(4,4),(0.,1.),(0.0753908395876824,
0.0790207756409127),.UNSPECIFIED.);
#72=B_SPLINE_SURFACE_WITH_KNOTS('',3,3,((#13986,#13987,#13988,#13989),(#13990,
#13991,#13992,#13993),(#13994,#13995,#13996,#13997),(#13998,#13999,#14000,
#14001)),.UNSPECIFIED.,.F.,.F.,.F.,(4,4),(4,4),(0.,1.00000000310208),(1.67474056955722,
1.73557222982532),.UNSPECIFIED.);
#73=B_SPLINE_SURFACE_WITH_KNOTS('',3,3,((#14019,#14020,#14021,#14022),(#14023,
#14024,#14025,#14026),(#14027,#14028,#14029,#14030),(#14031,#14032,#14033,
#14034)),.UNSPECIFIED.,.F.,.F.,.F.,(4,4),(4,4),(0.,1.),(1.67242664047902,
1.67474056955722),.UNSPECIFIED.);
#74=B_SPLINE_SURFACE_WITH_KNOTS('',3,3,((#14041,#14042,#14043,#14044,#14045,
#14046),(#14047,#14048,#14049,#14050,#14051,#14052),(#14053,#14054,#14055,
#14056,#14057,#14058),(#14059,#14060,#14061,#14062,#14063,#14064)),
 .UNSPECIFIED.,.F.,.F.,.F.,(4,4),(4,2,4),(0.,1.),(0.0444485486564748,0.0567829026132138,
0.0759430323344845),.UNSPECIFIED.);
#75=B_SPLINE_SURFACE_WITH_KNOTS('',3,3,((#14082,#14083,#14084,#14085),(#14086,
#14087,#14088,#14089),(#14090,#14091,#14092,#14093),(#14094,#14095,#14096,
#14097)),.UNSPECIFIED.,.F.,.F.,.F.,(4,4),(4,4),(-0.00533455082891477,1.),
(0.0200908923494539,0.387371799711457),.UNSPECIFIED.);
#76=B_SPLINE_SURFACE_WITH_KNOTS('',3,3,((#14149,#14150,#14151,#14152),(#14153,
#14154,#14155,#14156),(#14157,#14158,#14159,#14160),(#14161,#14162,#14163,
#14164)),.UNSPECIFIED.,.F.,.F.,.F.,(4,4),(4,4),(0.,1.),(0.874192399502066,
0.883421148600436),.UNSPECIFIED.);
#77=B_SPLINE_SURFACE_WITH_KNOTS('',3,3,((#14172,#14173,#14174,#14175),(#14176,
#14177,#14178,#14179),(#14180,#14181,#14182,#14183),(#14184,#14185,#14186,
#14187)),.UNSPECIFIED.,.F.,.F.,.F.,(4,4),(4,4),(0.,1.),(0.250215847674532,
0.261915489800347),.UNSPECIFIED.);
#78=B_SPLINE_SURFACE_WITH_KNOTS('',3,3,((#14201,#14202,#14203,#14204),(#14205,
#14206,#14207,#14208),(#14209,#14210,#14211,#14212),(#14213,#14214,#14215,
#14216)),.UNSPECIFIED.,.F.,.F.,.F.,(4,4),(4,4),(0.,1.),(0.232072858897706,
0.250215847674531),.UNSPECIFIED.);
#79=B_SPLINE_SURFACE_WITH_KNOTS('',3,3,((#14225,#14226,#14227,#14228),(#14229,
#14230,#14231,#14232),(#14233,#14234,#14235,#14236),(#14237,#14238,#14239,
#14240)),.UNSPECIFIED.,.F.,.F.,.F.,(4,4),(4,4),(0.,1.),(0.0339625550401439,
0.174735662541294),.UNSPECIFIED.);
#80=B_SPLINE_SURFACE_WITH_KNOTS('',3,3,((#14255,#14256,#14257,#14258),(#14259,
#14260,#14261,#14262),(#14263,#14264,#14265,#14266),(#14267,#14268,#14269,
#14270)),.UNSPECIFIED.,.F.,.F.,.F.,(4,4),(4,4),(0.,1.),(0.0168674723677685,
0.033962555040144),.UNSPECIFIED.);
#81=B_SPLINE_SURFACE_WITH_KNOTS('',3,3,((#14281,#14282,#14283,#14284),(#14285,
#14286,#14287,#14288),(#14289,#14290,#14291,#14292),(#14293,#14294,#14295,
#14296)),.UNSPECIFIED.,.F.,.F.,.F.,(4,4),(4,4),(0.,1.),(0.216633506972759,
0.229560832444986),.UNSPECIFIED.);
#82=B_SPLINE_SURFACE_WITH_KNOTS('',3,3,((#14310,#14311,#14312,#14313),(#14314,
#14315,#14316,#14317),(#14318,#14319,#14320,#14321),(#14322,#14323,#14324,
#14325)),.UNSPECIFIED.,.F.,.F.,.F.,(4,4),(4,4),(0.,1.),(0.200179019239006,
0.216633506973753),.UNSPECIFIED.);
#83=B_SPLINE_SURFACE_WITH_KNOTS('',3,3,((#14342,#14343,#14344,#14345),(#14346,
#14347,#14348,#14349),(#14350,#14351,#14352,#14353),(#14354,#14355,#14356,
#14357)),.UNSPECIFIED.,.F.,.F.,.F.,(4,4),(4,4),(0.,1.),(-0.174493284092146,
-0.157102385509684),.UNSPECIFIED.);
#84=B_SPLINE_SURFACE_WITH_KNOTS('',3,3,((#14367,#14368,#14369,#14370),(#14371,
#14372,#14373,#14374),(#14375,#14376,#14377,#14378),(#14379,#14380,#14381,
#14382)),.UNSPECIFIED.,.F.,.F.,.F.,(4,4),(4,4),(0.,1.),(0.0790207756409126,
0.113169037835386),.UNSPECIFIED.);
#85=B_SPLINE_SURFACE_WITH_KNOTS('',3,3,((#14399,#14400,#14401,#14402),(#14403,
#14404,#14405,#14406),(#14407,#14408,#14409,#14410),(#14411,#14412,#14413,
#14414)),.UNSPECIFIED.,.F.,.F.,.F.,(4,4),(4,4),(0.,1.),(0.0753908395876824,
0.0790207756409126),.UNSPECIFIED.);
#86=B_SPLINE_SURFACE_WITH_KNOTS('',3,3,((#14420,#14421,#14422,#14423),(#14424,
#14425,#14426,#14427),(#14428,#14429,#14430,#14431),(#14432,#14433,#14434,
#14435)),.UNSPECIFIED.,.F.,.F.,.F.,(4,4),(4,4),(0.,1.00000000310208),(1.67474056955722,
1.73557222982532),.UNSPECIFIED.);
#87=B_SPLINE_SURFACE_WITH_KNOTS('',3,3,((#14446,#14447,#14448,#14449),(#14450,
#14451,#14452,#14453),(#14454,#14455,#14456,#14457),(#14458,#14459,#14460,
#14461)),.UNSPECIFIED.,.F.,.F.,.F.,(4,4),(4,4),(0.,1.),(1.67242664047902,
1.67474056955722),.UNSPECIFIED.);
#88=B_SPLINE_SURFACE_WITH_KNOTS('',3,3,((#14472,#14473,#14474,#14475,#14476,
#14477),(#14478,#14479,#14480,#14481,#14482,#14483),(#14484,#14485,#14486,
#14487,#14488,#14489),(#14490,#14491,#14492,#14493,#14494,#14495)),
 .UNSPECIFIED.,.F.,.F.,.F.,(4,4),(4,2,4),(0.,1.),(0.0444485486564745,0.0567829026132138,
0.0759430323344846),.UNSPECIFIED.);
#89=B_SPLINE_SURFACE_WITH_KNOTS('',3,3,((#14505,#14506,#14507,#14508),(#14509,
#14510,#14511,#14512),(#14513,#14514,#14515,#14516),(#14517,#14518,#14519,
#14520)),.UNSPECIFIED.,.F.,.F.,.F.,(4,4),(4,4),(-0.00533455115231527,1.),
(0.0200908958920302,0.387371789157481),.UNSPECIFIED.);
#90=B_SPLINE_SURFACE_WITH_KNOTS('',3,3,((#14521,#14522,#14523,#14524),(#14525,
#14526,#14527,#14528),(#14529,#14530,#14531,#14532),(#14533,#14534,#14535,
#14536)),.UNSPECIFIED.,.F.,.F.,.F.,(4,4),(4,4),(0.,1.),(0.874192399502066,
0.883421148600435),.UNSPECIFIED.);
#91=B_SPLINE_SURFACE_WITH_KNOTS('',3,3,((#15179,#15180,#15181,#15182),(#15183,
#15184,#15185,#15186),(#15187,#15188,#15189,#15190),(#15191,#15192,#15193,
#15194),(#15195,#15196,#15197,#15198)),.UNSPECIFIED.,.F.,.F.,.F.,(4,1,4),
(4,4),(0.091917670553442,0.481095811744824,1.),(0.0817954962490232,0.124271100451633),
 .UNSPECIFIED.);
#92=B_SPLINE_SURFACE_WITH_KNOTS('',3,3,((#15241,#15242,#15243,#15244),(#15245,
#15246,#15247,#15248),(#15249,#15250,#15251,#15252),(#15253,#15254,#15255,
#15256),(#15257,#15258,#15259,#15260)),.UNSPECIFIED.,.F.,.F.,.F.,(4,1,4),
(4,4),(0.0919176463165179,0.481095797895153,1.),(0.84676263756228,0.889196352455022),
 .UNSPECIFIED.);
#93=B_SPLINE_SURFACE_WITH_KNOTS('',3,3,((#15307,#15308,#15309,#15310),(#15311,
#15312,#15313,#15314),(#15315,#15316,#15317,#15318),(#15319,#15320,#15321,
#15322),(#15323,#15324,#15325,#15326)),.UNSPECIFIED.,.F.,.F.,.F.,(4,1,4),
(4,4),(0.0919176463153897,0.481095797894508,1.),(0.647620247400044,0.690053963094216),
 .UNSPECIFIED.);
#94=B_SPLINE_SURFACE_WITH_KNOTS('',3,3,((#15359,#15360,#15361,#15362),(#15363,
#15364,#15365,#15366),(#15367,#15368,#15369,#15370),(#15371,#15372,#15373,
#15374),(#15375,#15376,#15377,#15378)),.UNSPECIFIED.,.F.,.F.,.F.,(4,1,4),
(4,4),(0.0919176705534405,0.481095811744823,1.),(0.0818703556146596,0.124345960227974),
 .UNSPECIFIED.);
#95=B_SPLINE_SURFACE_WITH_KNOTS('',3,3,((#15418,#15419,#15420,#15421),(#15422,
#15423,#15424,#15425),(#15426,#15427,#15428,#15429),(#15430,#15431,#15432,
#15433),(#15434,#15435,#15436,#15437)),.UNSPECIFIED.,.F.,.F.,.F.,(4,1,4),
(4,4),(0.0919176463165522,0.610821848421379,1.),(0.641578702721149,0.684012418438189),
 .UNSPECIFIED.);
#96=B_SPLINE_SURFACE_WITH_KNOTS('',3,3,((#15467,#15468,#15469,#15470),(#15471,
#15472,#15473,#15474),(#15475,#15476,#15477,#15478),(#15479,#15480,#15481,
#15482),(#15483,#15484,#15485,#15486)),.UNSPECIFIED.,.F.,.F.,.F.,(4,1,4),
(4,4),(0.091917670553439,0.481095811744822,1.),(0.0816753173281492,0.124150921876073),
 .UNSPECIFIED.);
#97=B_SPLINE_SURFACE_WITH_KNOTS('',3,3,((#15650,#15651,#15652,#15653),(#15654,
#15655,#15656,#15657),(#15658,#15659,#15660,#15661),(#15662,#15663,#15664,
#15665),(#15666,#15667,#15668,#15669)),.UNSPECIFIED.,.F.,.F.,.F.,(4,1,4),
(4,4),(0.,0.5,1.),(0.0369724841875678,0.133178687278875),.UNSPECIFIED.);
#98=B_SPLINE_SURFACE_WITH_KNOTS('',3,3,((#15770,#15771,#15772,#15773),(#15774,
#15775,#15776,#15777),(#15778,#15779,#15780,#15781),(#15782,#15783,#15784,
#15785),(#15786,#15787,#15788,#15789)),.UNSPECIFIED.,.F.,.F.,.F.,(4,1,4),
(4,4),(0.,0.5,1.),(0.0532712927214408,0.149447297342393),.UNSPECIFIED.);
#99=B_SPLINE_SURFACE_WITH_KNOTS('',3,3,((#15802,#15803,#15804,#15805),(#15806,
#15807,#15808,#15809),(#15810,#15811,#15812,#15813),(#15814,#15815,#15816,
#15817),(#15818,#15819,#15820,#15821)),.UNSPECIFIED.,.F.,.F.,.F.,(4,1,4),
(4,4),(0.,0.5,1.),(0.0367336915179289,0.132939853387882),.UNSPECIFIED.);
#100=B_SPLINE_SURFACE_WITH_KNOTS('',3,3,((#15840,#15841,#15842,#15843),
(#15844,#15845,#15846,#15847),(#15848,#15849,#15850,#15851),(#15852,#15853,
#15854,#15855),(#15856,#15857,#15858,#15859)),.UNSPECIFIED.,.F.,.F.,.F.,
(4,1,4),(4,4),(0.,0.5,1.),(0.053271286232029,0.149447282919493),
 .UNSPECIFIED.);
#101=B_SPLINE_SURFACE_WITH_KNOTS('',3,3,((#15872,#15873,#15874,#15875),
(#15876,#15877,#15878,#15879),(#15880,#15881,#15882,#15883),(#15884,#15885,
#15886,#15887),(#15888,#15889,#15890,#15891)),.UNSPECIFIED.,.F.,.F.,.F.,
(4,1,4),(4,4),(0.,0.5,1.),(0.0367705268010436,0.132976713360833),
 .UNSPECIFIED.);
#102=B_SPLINE_SURFACE_WITH_KNOTS('',3,3,((#15910,#15911,#15912,#15913),
(#15914,#15915,#15916,#15917),(#15918,#15919,#15920,#15921),(#15922,#15923,
#15924,#15925),(#15926,#15927,#15928,#15929)),.UNSPECIFIED.,.F.,.F.,.F.,
(4,1,4),(4,4),(0.,0.5,1.),(0.0532713022453984,0.149447274798367),
 .UNSPECIFIED.);
#103=(
BOUNDED_CURVE()
B_SPLINE_CURVE(2,(#12585,#12586,#12587),.UNSPECIFIED.,.F.,.F.)
B_SPLINE_CURVE_WITH_KNOTS((3,3),(0.0875673684615443,0.175134736923089),
 .UNSPECIFIED.)
CURVE()
GEOMETRIC_REPRESENTATION_ITEM()
RATIONAL_B_SPLINE_CURVE((1.,1.41421356237308,1.))
REPRESENTATION_ITEM('')
);
#104=(
BOUNDED_CURVE()
B_SPLINE_CURVE(2,(#12635,#12636,#12637),.UNSPECIFIED.,.F.,.F.)
B_SPLINE_CURVE_WITH_KNOTS((3,3),(0.0875673684615439,0.175134736923088),
 .UNSPECIFIED.)
CURVE()
GEOMETRIC_REPRESENTATION_ITEM()
RATIONAL_B_SPLINE_CURVE((1.,1.41421356237308,1.))
REPRESENTATION_ITEM('')
);
#105=(
BOUNDED_CURVE()
B_SPLINE_CURVE(2,(#13785,#13786,#13787),.UNSPECIFIED.,.F.,.F.)
B_SPLINE_CURVE_WITH_KNOTS((3,3),(-0.225549932619149,-0.14806947365329),
 .UNSPECIFIED.)
CURVE()
GEOMETRIC_REPRESENTATION_ITEM()
RATIONAL_B_SPLINE_CURVE((1.,1.,1.))
REPRESENTATION_ITEM('')
);
#106=(
BOUNDED_CURVE()
B_SPLINE_CURVE(2,(#14115,#14116,#14117),.UNSPECIFIED.,.F.,.F.)
B_SPLINE_CURVE_WITH_KNOTS((3,3),(-0.225549932619151,-0.148069473653292),
 .UNSPECIFIED.)
CURVE()
GEOMETRIC_REPRESENTATION_ITEM()
RATIONAL_B_SPLINE_CURVE((1.,1.,1.))
REPRESENTATION_ITEM('')
);
#107=(
BOUNDED_CURVE()
B_SPLINE_CURVE(2,(#15972,#15973,#15974),.UNSPECIFIED.,.F.,.F.)
B_SPLINE_CURVE_WITH_KNOTS((3,3),(0.,0.461289536146208),.UNSPECIFIED.)
CURVE()
GEOMETRIC_REPRESENTATION_ITEM()
RATIONAL_B_SPLINE_CURVE((1.,1.00152165660816,1.))
REPRESENTATION_ITEM('')
);
#108=(
BOUNDED_CURVE()
B_SPLINE_CURVE(2,(#15976,#15977,#15978),.UNSPECIFIED.,.F.,.F.)
B_SPLINE_CURVE_WITH_KNOTS((3,3),(0.550336812971626,0.577985867790843),
 .UNSPECIFIED.)
CURVE()
GEOMETRIC_REPRESENTATION_ITEM()
RATIONAL_B_SPLINE_CURVE((1.00245800318167,1.00129074692852,1.))
REPRESENTATION_ITEM('')
);
#109=(
BOUNDED_CURVE()
B_SPLINE_CURVE(2,(#16008,#16009,#16010),.UNSPECIFIED.,.F.,.F.)
B_SPLINE_CURVE_WITH_KNOTS((3,3),(0.,0.461289536146208),.UNSPECIFIED.)
CURVE()
GEOMETRIC_REPRESENTATION_ITEM()
RATIONAL_B_SPLINE_CURVE((1.,1.00152165660816,1.))
REPRESENTATION_ITEM('')
);
#110=(
BOUNDED_CURVE()
B_SPLINE_CURVE(2,(#16011,#16012,#16013),.UNSPECIFIED.,.F.,.F.)
B_SPLINE_CURVE_WITH_KNOTS((3,3),(0.550336812971626,0.577985867790843),
 .UNSPECIFIED.)
CURVE()
GEOMETRIC_REPRESENTATION_ITEM()
RATIONAL_B_SPLINE_CURVE((1.00245800318167,1.00129074692852,1.))
REPRESENTATION_ITEM('')
);
#111=(
BOUNDED_CURVE()
B_SPLINE_CURVE(2,(#16036,#16037,#16038),.UNSPECIFIED.,.F.,.F.)
B_SPLINE_CURVE_WITH_KNOTS((3,3),(0.,0.461289536146208),.UNSPECIFIED.)
CURVE()
GEOMETRIC_REPRESENTATION_ITEM()
RATIONAL_B_SPLINE_CURVE((1.,1.00152165660816,1.))
REPRESENTATION_ITEM('')
);
#112=(
BOUNDED_CURVE()
B_SPLINE_CURVE(2,(#16040,#16041,#16042),.UNSPECIFIED.,.F.,.F.)
B_SPLINE_CURVE_WITH_KNOTS((3,3),(0.550336812971626,0.577985867790843),
 .UNSPECIFIED.)
CURVE()
GEOMETRIC_REPRESENTATION_ITEM()
RATIONAL_B_SPLINE_CURVE((1.00245800318167,1.00129074692852,1.))
REPRESENTATION_ITEM('')
);
#113=(
BOUNDED_CURVE()
B_SPLINE_CURVE(2,(#16063,#16064,#16065),.UNSPECIFIED.,.F.,.F.)
B_SPLINE_CURVE_WITH_KNOTS((3,3),(0.0505338040129038,0.137414220328425),
 .UNSPECIFIED.)
CURVE()
GEOMETRIC_REPRESENTATION_ITEM()
RATIONAL_B_SPLINE_CURVE((1.00066872879614,1.00090922153921,1.))
REPRESENTATION_ITEM('')
);
#114=(
BOUNDED_CURVE()
B_SPLINE_CURVE(2,(#16069,#16070,#16071),.UNSPECIFIED.,.F.,.F.)
B_SPLINE_CURVE_WITH_KNOTS((3,3),(0.,0.0920474729594601),.UNSPECIFIED.)
CURVE()
GEOMETRIC_REPRESENTATION_ITEM()
RATIONAL_B_SPLINE_CURVE((1.,1.0010878514055,1.00080675386875))
REPRESENTATION_ITEM('')
);
#115=(
BOUNDED_CURVE()
B_SPLINE_CURVE(2,(#16075,#16076,#16077),.UNSPECIFIED.,.F.,.F.)
B_SPLINE_CURVE_WITH_KNOTS((3,3),(0.0505338040128699,0.137414220328424),
 .UNSPECIFIED.)
CURVE()
GEOMETRIC_REPRESENTATION_ITEM()
RATIONAL_B_SPLINE_CURVE((1.0006687287964,1.00090922153956,1.))
REPRESENTATION_ITEM('')
);
#116=(
BOUNDED_CURVE()
B_SPLINE_CURVE(2,(#16081,#16082,#16083),.UNSPECIFIED.,.F.,.F.)
B_SPLINE_CURVE_WITH_KNOTS((3,3),(0.,0.09204747295947),.UNSPECIFIED.)
CURVE()
GEOMETRIC_REPRESENTATION_ITEM()
RATIONAL_B_SPLINE_CURVE((1.,1.00108785140599,1.00080675386911))
REPRESENTATION_ITEM('')
);
#117=(
BOUNDED_CURVE()
B_SPLINE_CURVE(2,(#16087,#16088,#16089),.UNSPECIFIED.,.F.,.F.)
B_SPLINE_CURVE_WITH_KNOTS((3,3),(0.0505338040128454,0.137414220328425),
 .UNSPECIFIED.)
CURVE()
GEOMETRIC_REPRESENTATION_ITEM()
RATIONAL_B_SPLINE_CURVE((1.0006687287968,1.0009092215401,1.))
REPRESENTATION_ITEM('')
);
#118=(
BOUNDED_CURVE()
B_SPLINE_CURVE(2,(#16093,#16094,#16095),.UNSPECIFIED.,.F.,.F.)
B_SPLINE_CURVE_WITH_KNOTS((3,3),(0.,0.0920474729594668),.UNSPECIFIED.)
CURVE()
GEOMETRIC_REPRESENTATION_ITEM()
RATIONAL_B_SPLINE_CURVE((1.,1.00108785140552,1.00080675386876))
REPRESENTATION_ITEM('')
);
#119=(
BOUNDED_CURVE()
B_SPLINE_CURVE(2,(#16099,#16100,#16101),.UNSPECIFIED.,.F.,.F.)
B_SPLINE_CURVE_WITH_KNOTS((3,3),(0.0505338040128663,0.137414220328425),
 .UNSPECIFIED.)
CURVE()
GEOMETRIC_REPRESENTATION_ITEM()
RATIONAL_B_SPLINE_CURVE((1.00066872879627,1.00090922153938,1.))
REPRESENTATION_ITEM('')
);
#120=(
BOUNDED_CURVE()
B_SPLINE_CURVE(2,(#16105,#16106,#16107),.UNSPECIFIED.,.F.,.F.)
B_SPLINE_CURVE_WITH_KNOTS((3,3),(0.,0.0920474729594602),.UNSPECIFIED.)
CURVE()
GEOMETRIC_REPRESENTATION_ITEM()
RATIONAL_B_SPLINE_CURVE((1.,1.00108785140577,1.00080675386895))
REPRESENTATION_ITEM('')
);
#121=(
BOUNDED_CURVE()
B_SPLINE_CURVE(2,(#16111,#16112,#16113),.UNSPECIFIED.,.F.,.F.)
B_SPLINE_CURVE_WITH_KNOTS((3,3),(0.0505338040128671,0.137414220328425),
 .UNSPECIFIED.)
CURVE()
GEOMETRIC_REPRESENTATION_ITEM()
RATIONAL_B_SPLINE_CURVE((1.00066872879596,1.00090922153896,1.))
REPRESENTATION_ITEM('')
);
#122=(
BOUNDED_CURVE()
B_SPLINE_CURVE(2,(#16117,#16118,#16119),.UNSPECIFIED.,.F.,.F.)
B_SPLINE_CURVE_WITH_KNOTS((3,3),(0.,0.0920474729594731),.UNSPECIFIED.)
CURVE()
GEOMETRIC_REPRESENTATION_ITEM()
RATIONAL_B_SPLINE_CURVE((1.,1.00108785140555,1.00080675386879))
REPRESENTATION_ITEM('')
);
#123=(
BOUNDED_CURVE()
B_SPLINE_CURVE(2,(#16123,#16124,#16125),.UNSPECIFIED.,.F.,.F.)
B_SPLINE_CURVE_WITH_KNOTS((3,3),(0.0505338040128408,0.137414220328425),
 .UNSPECIFIED.)
CURVE()
GEOMETRIC_REPRESENTATION_ITEM()
RATIONAL_B_SPLINE_CURVE((1.00066872879591,1.00090922153889,1.))
REPRESENTATION_ITEM('')
);
#124=(
BOUNDED_CURVE()
B_SPLINE_CURVE(2,(#16129,#16130,#16131),.UNSPECIFIED.,.F.,.F.)
B_SPLINE_CURVE_WITH_KNOTS((3,3),(0.,0.0920474729594709),.UNSPECIFIED.)
CURVE()
GEOMETRIC_REPRESENTATION_ITEM()
RATIONAL_B_SPLINE_CURVE((1.,1.00108785140557,1.0008067538688))
REPRESENTATION_ITEM('')
);
#125=(
BOUNDED_CURVE()
B_SPLINE_CURVE(2,(#16135,#16136,#16137),.UNSPECIFIED.,.F.,.F.)
B_SPLINE_CURVE_WITH_KNOTS((3,3),(0.0505338040128787,0.137414220328424),
 .UNSPECIFIED.)
CURVE()
GEOMETRIC_REPRESENTATION_ITEM()
RATIONAL_B_SPLINE_CURVE((1.00066872879604,1.00090922153907,1.))
REPRESENTATION_ITEM('')
);
#126=(
BOUNDED_CURVE()
B_SPLINE_CURVE(2,(#16141,#16142,#16143),.UNSPECIFIED.,.F.,.F.)
B_SPLINE_CURVE_WITH_KNOTS((3,3),(0.,0.0920474729594607),.UNSPECIFIED.)
CURVE()
GEOMETRIC_REPRESENTATION_ITEM()
RATIONAL_B_SPLINE_CURVE((1.,1.00108785140538,1.00080675386866))
REPRESENTATION_ITEM('')
);
#127=(
BOUNDED_CURVE()
B_SPLINE_CURVE(2,(#16147,#16148,#16149),.UNSPECIFIED.,.F.,.F.)
B_SPLINE_CURVE_WITH_KNOTS((3,3),(0.0505338040128676,0.137414220328425),
 .UNSPECIFIED.)
CURVE()
GEOMETRIC_REPRESENTATION_ITEM()
RATIONAL_B_SPLINE_CURVE((1.00066872879649,1.00090922153968,1.))
REPRESENTATION_ITEM('')
);
#128=(
BOUNDED_CURVE()
B_SPLINE_CURVE(2,(#16153,#16154,#16155),.UNSPECIFIED.,.F.,.F.)
B_SPLINE_CURVE_WITH_KNOTS((3,3),(0.,0.0920474729594601),.UNSPECIFIED.)
CURVE()
GEOMETRIC_REPRESENTATION_ITEM()
RATIONAL_B_SPLINE_CURVE((1.,1.00108785140542,1.00080675386869))
REPRESENTATION_ITEM('')
);
#129=(
BOUNDED_CURVE()
B_SPLINE_CURVE(2,(#16159,#16160,#16161),.UNSPECIFIED.,.F.,.F.)
B_SPLINE_CURVE_WITH_KNOTS((3,3),(0.0505338040128706,0.137414220328425),
 .UNSPECIFIED.)
CURVE()
GEOMETRIC_REPRESENTATION_ITEM()
RATIONAL_B_SPLINE_CURVE((1.00066872879627,1.00090922153938,1.))
REPRESENTATION_ITEM('')
);
#130=(
BOUNDED_CURVE()
B_SPLINE_CURVE(2,(#16165,#16166,#16167),.UNSPECIFIED.,.F.,.F.)
B_SPLINE_CURVE_WITH_KNOTS((3,3),(0.,0.0920474729594666),.UNSPECIFIED.)
CURVE()
GEOMETRIC_REPRESENTATION_ITEM()
RATIONAL_B_SPLINE_CURVE((1.,1.00108785140554,1.00080675386878))
REPRESENTATION_ITEM('')
);
#131=(
BOUNDED_CURVE()
B_SPLINE_CURVE(2,(#16171,#16172,#16173),.UNSPECIFIED.,.F.,.F.)
B_SPLINE_CURVE_WITH_KNOTS((3,3),(0.0505338040128817,0.137414220328425),
 .UNSPECIFIED.)
CURVE()
GEOMETRIC_REPRESENTATION_ITEM()
RATIONAL_B_SPLINE_CURVE((1.00066872879625,1.00090922153936,1.))
REPRESENTATION_ITEM('')
);
#132=(
BOUNDED_CURVE()
B_SPLINE_CURVE(2,(#16177,#16178,#16179),.UNSPECIFIED.,.F.,.F.)
B_SPLINE_CURVE_WITH_KNOTS((3,3),(0.,0.0920474729594754),.UNSPECIFIED.)
CURVE()
GEOMETRIC_REPRESENTATION_ITEM()
RATIONAL_B_SPLINE_CURVE((1.,1.00108785140576,1.00080675386895))
REPRESENTATION_ITEM('')
);
#133=(
BOUNDED_CURVE()
B_SPLINE_CURVE(2,(#16194,#16195,#16196),.UNSPECIFIED.,.F.,.F.)
B_SPLINE_CURVE_WITH_KNOTS((3,3),(0.,0.152803557171742),.UNSPECIFIED.)
CURVE()
GEOMETRIC_REPRESENTATION_ITEM()
RATIONAL_B_SPLINE_CURVE((1.,1.0019741592076,1.))
REPRESENTATION_ITEM('')
);
#134=(
BOUNDED_CURVE()
B_SPLINE_CURVE(2,(#16203,#16204,#16205),.UNSPECIFIED.,.F.,.F.)
B_SPLINE_CURVE_WITH_KNOTS((3,3),(0.371486799924292,0.657614018216588),
 .UNSPECIFIED.)
CURVE()
GEOMETRIC_REPRESENTATION_ITEM()
RATIONAL_B_SPLINE_CURVE((1.01287681044486,1.01139740504936,1.))
REPRESENTATION_ITEM('')
);
#135=(
BOUNDED_CURVE()
B_SPLINE_CURVE(2,(#16214,#16215,#16216),.UNSPECIFIED.,.F.,.F.)
B_SPLINE_CURVE_WITH_KNOTS((3,3),(0.,0.267019310490628),.UNSPECIFIED.)
CURVE()
GEOMETRIC_REPRESENTATION_ITEM()
RATIONAL_B_SPLINE_CURVE((1.,1.00950900804372,1.01093933253943))
REPRESENTATION_ITEM('')
);
#136=(
BOUNDED_CURVE()
B_SPLINE_CURVE(2,(#16223,#16224,#16225),.UNSPECIFIED.,.F.,.F.)
B_SPLINE_CURVE_WITH_KNOTS((3,3),(0.,0.142512863316229),.UNSPECIFIED.)
CURVE()
GEOMETRIC_REPRESENTATION_ITEM()
RATIONAL_B_SPLINE_CURVE((1.,1.00157992845718,1.))
REPRESENTATION_ITEM('')
);
#137=(
BOUNDED_CURVE()
B_SPLINE_CURVE(2,(#16234,#16235,#16236),.UNSPECIFIED.,.F.,.F.)
B_SPLINE_CURVE_WITH_KNOTS((3,3),(0.,0.152803557171742),.UNSPECIFIED.)
CURVE()
GEOMETRIC_REPRESENTATION_ITEM()
RATIONAL_B_SPLINE_CURVE((1.,1.00197415920778,1.))
REPRESENTATION_ITEM('')
);
#138=(
BOUNDED_CURVE()
B_SPLINE_CURVE(2,(#16243,#16244,#16245),.UNSPECIFIED.,.F.,.F.)
B_SPLINE_CURVE_WITH_KNOTS((3,3),(0.371486799924291,0.657614018216587),
 .UNSPECIFIED.)
CURVE()
GEOMETRIC_REPRESENTATION_ITEM()
RATIONAL_B_SPLINE_CURVE((1.01287681044483,1.01139740504934,1.))
REPRESENTATION_ITEM('')
);
#139=(
BOUNDED_CURVE()
B_SPLINE_CURVE(2,(#16254,#16255,#16256),.UNSPECIFIED.,.F.,.F.)
B_SPLINE_CURVE_WITH_KNOTS((3,3),(0.,0.26701931049062),.UNSPECIFIED.)
CURVE()
GEOMETRIC_REPRESENTATION_ITEM()
RATIONAL_B_SPLINE_CURVE((1.,1.00950900804372,1.01093933253943))
REPRESENTATION_ITEM('')
);
#140=(
BOUNDED_CURVE()
B_SPLINE_CURVE(2,(#16263,#16264,#16265),.UNSPECIFIED.,.F.,.F.)
B_SPLINE_CURVE_WITH_KNOTS((3,3),(0.,0.142512863316229),.UNSPECIFIED.)
CURVE()
GEOMETRIC_REPRESENTATION_ITEM()
RATIONAL_B_SPLINE_CURVE((1.,1.00157992845774,1.))
REPRESENTATION_ITEM('')
);
#141=(
BOUNDED_CURVE()
B_SPLINE_CURVE(2,(#16274,#16275,#16276),.UNSPECIFIED.,.F.,.F.)
B_SPLINE_CURVE_WITH_KNOTS((3,3),(0.,0.152803557171742),.UNSPECIFIED.)
CURVE()
GEOMETRIC_REPRESENTATION_ITEM()
RATIONAL_B_SPLINE_CURVE((1.,1.00197415920845,1.))
REPRESENTATION_ITEM('')
);
#142=(
BOUNDED_CURVE()
B_SPLINE_CURVE(2,(#16283,#16284,#16285),.UNSPECIFIED.,.F.,.F.)
B_SPLINE_CURVE_WITH_KNOTS((3,3),(0.371486799924293,0.657614018216587),
 .UNSPECIFIED.)
CURVE()
GEOMETRIC_REPRESENTATION_ITEM()
RATIONAL_B_SPLINE_CURVE((1.01287681044485,1.01139740504936,1.))
REPRESENTATION_ITEM('')
);
#143=(
BOUNDED_CURVE()
B_SPLINE_CURVE(2,(#16294,#16295,#16296),.UNSPECIFIED.,.F.,.F.)
B_SPLINE_CURVE_WITH_KNOTS((3,3),(0.,0.267019310490626),.UNSPECIFIED.)
CURVE()
GEOMETRIC_REPRESENTATION_ITEM()
RATIONAL_B_SPLINE_CURVE((1.,1.00950900804369,1.0109393325394))
REPRESENTATION_ITEM('')
);
#144=(
BOUNDED_CURVE()
B_SPLINE_CURVE(2,(#16303,#16304,#16305),.UNSPECIFIED.,.F.,.F.)
B_SPLINE_CURVE_WITH_KNOTS((3,3),(0.,0.142512863316229),.UNSPECIFIED.)
CURVE()
GEOMETRIC_REPRESENTATION_ITEM()
RATIONAL_B_SPLINE_CURVE((1.,1.00157992845778,1.))
REPRESENTATION_ITEM('')
);
#145=(
BOUNDED_CURVE()
B_SPLINE_CURVE(2,(#16314,#16315,#16316),.UNSPECIFIED.,.F.,.F.)
B_SPLINE_CURVE_WITH_KNOTS((3,3),(0.,0.152803557171742),.UNSPECIFIED.)
CURVE()
GEOMETRIC_REPRESENTATION_ITEM()
RATIONAL_B_SPLINE_CURVE((1.,1.00197415920853,1.))
REPRESENTATION_ITEM('')
);
#146=(
BOUNDED_CURVE()
B_SPLINE_CURVE(2,(#16323,#16324,#16325),.UNSPECIFIED.,.F.,.F.)
B_SPLINE_CURVE_WITH_KNOTS((3,3),(0.371486799924292,0.657614018216587),
 .UNSPECIFIED.)
CURVE()
GEOMETRIC_REPRESENTATION_ITEM()
RATIONAL_B_SPLINE_CURVE((1.01287681044486,1.01139740504936,1.))
REPRESENTATION_ITEM('')
);
#147=(
BOUNDED_CURVE()
B_SPLINE_CURVE(2,(#16334,#16335,#16336),.UNSPECIFIED.,.F.,.F.)
B_SPLINE_CURVE_WITH_KNOTS((3,3),(0.,0.26701931049062),.UNSPECIFIED.)
CURVE()
GEOMETRIC_REPRESENTATION_ITEM()
RATIONAL_B_SPLINE_CURVE((1.,1.00950900804376,1.01093933253948))
REPRESENTATION_ITEM('')
);
#148=(
BOUNDED_CURVE()
B_SPLINE_CURVE(2,(#16343,#16344,#16345),.UNSPECIFIED.,.F.,.F.)
B_SPLINE_CURVE_WITH_KNOTS((3,3),(0.,0.142512863316229),.UNSPECIFIED.)
CURVE()
GEOMETRIC_REPRESENTATION_ITEM()
RATIONAL_B_SPLINE_CURVE((1.,1.00157992845766,1.))
REPRESENTATION_ITEM('')
);
#149=(
BOUNDED_CURVE()
B_SPLINE_CURVE(2,(#16354,#16355,#16356),.UNSPECIFIED.,.F.,.F.)
B_SPLINE_CURVE_WITH_KNOTS((3,3),(0.,0.152803557171742),.UNSPECIFIED.)
CURVE()
GEOMETRIC_REPRESENTATION_ITEM()
RATIONAL_B_SPLINE_CURVE((1.,1.00197415920892,1.))
REPRESENTATION_ITEM('')
);
#150=(
BOUNDED_CURVE()
B_SPLINE_CURVE(2,(#16363,#16364,#16365),.UNSPECIFIED.,.F.,.F.)
B_SPLINE_CURVE_WITH_KNOTS((3,3),(0.371486799924288,0.657614018216586),
 .UNSPECIFIED.)
CURVE()
GEOMETRIC_REPRESENTATION_ITEM()
RATIONAL_B_SPLINE_CURVE((1.01287681044484,1.01139740504934,1.))
REPRESENTATION_ITEM('')
);
#151=(
BOUNDED_CURVE()
B_SPLINE_CURVE(2,(#16374,#16375,#16376),.UNSPECIFIED.,.F.,.F.)
B_SPLINE_CURVE_WITH_KNOTS((3,3),(0.,0.267019310490623),.UNSPECIFIED.)
CURVE()
GEOMETRIC_REPRESENTATION_ITEM()
RATIONAL_B_SPLINE_CURVE((1.,1.00950900804373,1.01093933253944))
REPRESENTATION_ITEM('')
);
#152=(
BOUNDED_CURVE()
B_SPLINE_CURVE(2,(#16383,#16384,#16385),.UNSPECIFIED.,.F.,.F.)
B_SPLINE_CURVE_WITH_KNOTS((3,3),(0.,0.142512863316229),.UNSPECIFIED.)
CURVE()
GEOMETRIC_REPRESENTATION_ITEM()
RATIONAL_B_SPLINE_CURVE((1.,1.00157992845799,1.))
REPRESENTATION_ITEM('')
);
#153=(
BOUNDED_CURVE()
B_SPLINE_CURVE(2,(#16566,#16567,#16568),.UNSPECIFIED.,.F.,.F.)
B_SPLINE_CURVE_WITH_KNOTS((3,3),(0.371486799924291,0.657614018216587),
 .UNSPECIFIED.)
CURVE()
GEOMETRIC_REPRESENTATION_ITEM()
RATIONAL_B_SPLINE_CURVE((1.01287681044484,1.01139740504935,1.))
REPRESENTATION_ITEM('')
);
#154=(
BOUNDED_CURVE()
B_SPLINE_CURVE(2,(#16570,#16571,#16572),.UNSPECIFIED.,.F.,.F.)
B_SPLINE_CURVE_WITH_KNOTS((3,3),(0.,0.26701931049063),.UNSPECIFIED.)
CURVE()
GEOMETRIC_REPRESENTATION_ITEM()
RATIONAL_B_SPLINE_CURVE((1.,1.00950900804374,1.01093933253946))
REPRESENTATION_ITEM('')
);
#155=(
BOUNDED_CURVE()
B_SPLINE_CURVE(2,(#16583,#16584,#16585),.UNSPECIFIED.,.F.,.F.)
B_SPLINE_CURVE_WITH_KNOTS((3,3),(0.,0.142512863316229),.UNSPECIFIED.)
CURVE()
GEOMETRIC_REPRESENTATION_ITEM()
RATIONAL_B_SPLINE_CURVE((1.,1.00157992845758,1.))
REPRESENTATION_ITEM('')
);
#156=(
BOUNDED_CURVE()
B_SPLINE_CURVE(2,(#16589,#16590,#16591),.UNSPECIFIED.,.F.,.F.)
B_SPLINE_CURVE_WITH_KNOTS((3,3),(0.371486799924289,0.657614018216587),
 .UNSPECIFIED.)
CURVE()
GEOMETRIC_REPRESENTATION_ITEM()
RATIONAL_B_SPLINE_CURVE((1.01287681044485,1.01139740504935,1.))
REPRESENTATION_ITEM('')
);
#157=(
BOUNDED_CURVE()
B_SPLINE_CURVE(2,(#16593,#16594,#16595),.UNSPECIFIED.,.F.,.F.)
B_SPLINE_CURVE_WITH_KNOTS((3,3),(0.,0.26701931049062),.UNSPECIFIED.)
CURVE()
GEOMETRIC_REPRESENTATION_ITEM()
RATIONAL_B_SPLINE_CURVE((1.,1.00950900804373,1.01093933253944))
REPRESENTATION_ITEM('')
);
#158=(
BOUNDED_CURVE()
B_SPLINE_CURVE(2,(#16606,#16607,#16608),.UNSPECIFIED.,.F.,.F.)
B_SPLINE_CURVE_WITH_KNOTS((3,3),(0.,0.142512863316229),.UNSPECIFIED.)
CURVE()
GEOMETRIC_REPRESENTATION_ITEM()
RATIONAL_B_SPLINE_CURVE((1.,1.00157992845809,1.))
REPRESENTATION_ITEM('')
);
#159=(
BOUNDED_CURVE()
B_SPLINE_CURVE(2,(#16612,#16613,#16614),.UNSPECIFIED.,.F.,.F.)
B_SPLINE_CURVE_WITH_KNOTS((3,3),(0.371486799924294,0.657614018216587),
 .UNSPECIFIED.)
CURVE()
GEOMETRIC_REPRESENTATION_ITEM()
RATIONAL_B_SPLINE_CURVE((1.01287681044483,1.01139740504934,1.))
REPRESENTATION_ITEM('')
);
#160=(
BOUNDED_CURVE()
B_SPLINE_CURVE(2,(#16616,#16617,#16618),.UNSPECIFIED.,.F.,.F.)
B_SPLINE_CURVE_WITH_KNOTS((3,3),(0.,0.267019310490619),.UNSPECIFIED.)
CURVE()
GEOMETRIC_REPRESENTATION_ITEM()
RATIONAL_B_SPLINE_CURVE((1.,1.00950900804373,1.01093933253944))
REPRESENTATION_ITEM('')
);
#161=(
BOUNDED_CURVE()
B_SPLINE_CURVE(2,(#16624,#16625,#16626),.UNSPECIFIED.,.F.,.F.)
B_SPLINE_CURVE_WITH_KNOTS((3,3),(0.,0.152803557171742),.UNSPECIFIED.)
CURVE()
GEOMETRIC_REPRESENTATION_ITEM()
RATIONAL_B_SPLINE_CURVE((1.,1.00197415920841,1.))
REPRESENTATION_ITEM('')
);
#162=(
BOUNDED_CURVE()
B_SPLINE_CURVE(2,(#16638,#16639,#16640),.UNSPECIFIED.,.F.,.F.)
B_SPLINE_CURVE_WITH_KNOTS((3,3),(0.,0.267019310490624),.UNSPECIFIED.)
CURVE()
GEOMETRIC_REPRESENTATION_ITEM()
RATIONAL_B_SPLINE_CURVE((1.,1.00950900804371,1.01093933253941))
REPRESENTATION_ITEM('')
);
#163=(
BOUNDED_CURVE()
B_SPLINE_CURVE(2,(#16647,#16648,#16649),.UNSPECIFIED.,.F.,.F.)
B_SPLINE_CURVE_WITH_KNOTS((3,3),(0.,0.142512863316229),.UNSPECIFIED.)
CURVE()
GEOMETRIC_REPRESENTATION_ITEM()
RATIONAL_B_SPLINE_CURVE((1.,1.00157992845781,1.))
REPRESENTATION_ITEM('')
);
#164=(
BOUNDED_CURVE()
B_SPLINE_CURVE(2,(#16653,#16654,#16655),.UNSPECIFIED.,.F.,.F.)
B_SPLINE_CURVE_WITH_KNOTS((3,3),(0.371486799924288,0.657614018216586),
 .UNSPECIFIED.)
CURVE()
GEOMETRIC_REPRESENTATION_ITEM()
RATIONAL_B_SPLINE_CURVE((1.01287681044482,1.01139740504933,1.))
REPRESENTATION_ITEM('')
);
#165=(
BOUNDED_CURVE()
B_SPLINE_CURVE(2,(#16657,#16658,#16659),.UNSPECIFIED.,.F.,.F.)
B_SPLINE_CURVE_WITH_KNOTS((3,3),(0.,0.267019310490624),.UNSPECIFIED.)
CURVE()
GEOMETRIC_REPRESENTATION_ITEM()
RATIONAL_B_SPLINE_CURVE((1.,1.00950900804373,1.01093933253944))
REPRESENTATION_ITEM('')
);
#166=(
BOUNDED_CURVE()
B_SPLINE_CURVE(2,(#16670,#16671,#16672),.UNSPECIFIED.,.F.,.F.)
B_SPLINE_CURVE_WITH_KNOTS((3,3),(0.,0.142512863316229),.UNSPECIFIED.)
CURVE()
GEOMETRIC_REPRESENTATION_ITEM()
RATIONAL_B_SPLINE_CURVE((1.,1.00157992845796,1.))
REPRESENTATION_ITEM('')
);
#167=(
BOUNDED_CURVE()
B_SPLINE_CURVE(2,(#16676,#16677,#16678),.UNSPECIFIED.,.F.,.F.)
B_SPLINE_CURVE_WITH_KNOTS((3,3),(0.371486799924289,0.657614018216586),
 .UNSPECIFIED.)
CURVE()
GEOMETRIC_REPRESENTATION_ITEM()
RATIONAL_B_SPLINE_CURVE((1.01287681044486,1.01139740504936,1.))
REPRESENTATION_ITEM('')
);
#168=(
BOUNDED_CURVE()
B_SPLINE_CURVE(2,(#16686,#16687,#16688),.UNSPECIFIED.,.F.,.F.)
B_SPLINE_CURVE_WITH_KNOTS((3,3),(0.,0.152803557171742),.UNSPECIFIED.)
CURVE()
GEOMETRIC_REPRESENTATION_ITEM()
RATIONAL_B_SPLINE_CURVE((1.,1.00197415920859,1.))
REPRESENTATION_ITEM('')
);
#169=(
BOUNDED_CURVE()
B_SPLINE_CURVE(2,(#16697,#16698,#16699),.UNSPECIFIED.,.F.,.F.)
B_SPLINE_CURVE_WITH_KNOTS((3,3),(0.,0.142512863316229),.UNSPECIFIED.)
CURVE()
GEOMETRIC_REPRESENTATION_ITEM()
RATIONAL_B_SPLINE_CURVE((1.,1.00157992845788,1.))
REPRESENTATION_ITEM('')
);
#170=(
BOUNDED_CURVE()
B_SPLINE_CURVE(2,(#16703,#16704,#16705),.UNSPECIFIED.,.F.,.F.)
B_SPLINE_CURVE_WITH_KNOTS((3,3),(0.,0.152803557171742),.UNSPECIFIED.)
CURVE()
GEOMETRIC_REPRESENTATION_ITEM()
RATIONAL_B_SPLINE_CURVE((1.,1.00197415920824,1.))
REPRESENTATION_ITEM('')
);
#171=(
BOUNDED_CURVE()
B_SPLINE_CURVE(2,(#16722,#16723,#16724),.UNSPECIFIED.,.F.,.F.)
B_SPLINE_CURVE_WITH_KNOTS((3,3),(0.,0.152803557171742),.UNSPECIFIED.)
CURVE()
GEOMETRIC_REPRESENTATION_ITEM()
RATIONAL_B_SPLINE_CURVE((1.,1.0019741592083,1.))
REPRESENTATION_ITEM('')
);
#172=(
BOUNDED_CURVE()
B_SPLINE_CURVE(2,(#16754,#16755,#16756),.UNSPECIFIED.,.F.,.F.)
B_SPLINE_CURVE_WITH_KNOTS((3,3),(0.,0.152803557171742),.UNSPECIFIED.)
CURVE()
GEOMETRIC_REPRESENTATION_ITEM()
RATIONAL_B_SPLINE_CURVE((1.,1.0019741592086,1.))
REPRESENTATION_ITEM('')
);
#173=B_SPLINE_CURVE_WITH_KNOTS('',3,(#12547,#12548,#12549,#12550,#12551,
#12552,#12553,#12554,#12555,#12556,#12557,#12558),.UNSPECIFIED.,.F.,.F.,
(4,2,2,2,2,4),(-2.22067605620231,-2.20987129102533,-2.19906652584835,-2.17745699549439,
-2.13423793478646,-2.11475829530919),.UNSPECIFIED.);
#174=B_SPLINE_CURVE_WITH_KNOTS('',3,(#12606,#12607,#12608,#12609,#12610,
#12611,#12612,#12613,#12614,#12615,#12616,#12617),.UNSPECIFIED.,.F.,.F.,
(4,2,2,2,2,4),(-2.22067605620232,-2.20987129102533,-2.19906652584835,-2.17745699549439,
-2.13423793478647,-2.11475829530919),.UNSPECIFIED.);
#175=B_SPLINE_CURVE_WITH_KNOTS('',3,(#12731,#12732,#12733,#12734),
 .UNSPECIFIED.,.F.,.F.,(4,4),(0.08761189115428,0.103695746827849),
 .UNSPECIFIED.);
#176=B_SPLINE_CURVE_WITH_KNOTS('',3,(#12737,#12738,#12739,#12740),
 .UNSPECIFIED.,.F.,.F.,(4,4),(-0.103695746827849,-0.08761189115428),
 .UNSPECIFIED.);
#177=B_SPLINE_CURVE_WITH_KNOTS('',3,(#12760,#12761,#12762,#12763,#12764,
#12765),.UNSPECIFIED.,.F.,.F.,(4,2,4),(0.,0.00864257986757531,0.0172855492174597),
 .UNSPECIFIED.);
#178=B_SPLINE_CURVE_WITH_KNOTS('',3,(#12766,#12767,#12768,#12769),
 .UNSPECIFIED.,.F.,.F.,(4,4),(-0.08761189115428,-0.0793748192325918),
 .UNSPECIFIED.);
#179=B_SPLINE_CURVE_WITH_KNOTS('',3,(#12790,#12791,#12792,#12793,#12794,
#12795),.UNSPECIFIED.,.F.,.F.,(4,2,4),(0.,0.071035456700881,0.142068860957846),
 .UNSPECIFIED.);
#180=B_SPLINE_CURVE_WITH_KNOTS('',3,(#12798,#12799,#12800,#12801),
 .UNSPECIFIED.,.F.,.F.,(4,4),(-0.168428692967324,-0.0257284558091013),
 .UNSPECIFIED.);
#181=B_SPLINE_CURVE_WITH_KNOTS('',3,(#12818,#12819,#12820,#12821),
 .UNSPECIFIED.,.F.,.F.,(4,4),(-0.0257284558091016,-0.0147224282594442),
 .UNSPECIFIED.);
#182=B_SPLINE_CURVE_WITH_KNOTS('',3,(#12843,#12844,#12845,#12846),
 .UNSPECIFIED.,.F.,.F.,(4,4),(0.0607211014251247,0.0755287730343988),
 .UNSPECIFIED.);
#183=B_SPLINE_CURVE_WITH_KNOTS('',3,(#12866,#12867,#12868,#12869),
 .UNSPECIFIED.,.F.,.F.,(4,4),(-0.0607211014251288,-0.0468076666251402),
 .UNSPECIFIED.);
#184=B_SPLINE_CURVE_WITH_KNOTS('',3,(#12895,#12896,#12897,#12898,#12899,
#12900),.UNSPECIFIED.,.F.,.F.,(4,2,4),(0.,0.00781824089090335,0.0158022879658423),
 .UNSPECIFIED.);
#185=B_SPLINE_CURVE_WITH_KNOTS('',3,(#12923,#12924,#12925,#12926),
 .UNSPECIFIED.,.F.,.F.,(4,4),(-0.267602552469274,-0.239778875982646),
 .UNSPECIFIED.);
#186=B_SPLINE_CURVE_WITH_KNOTS('',3,(#12944,#12945,#12946,#12947),
 .UNSPECIFIED.,.F.,.F.,(4,4),(-0.239778875991019,-0.229258279090391),
 .UNSPECIFIED.);
#187=B_SPLINE_CURVE_WITH_KNOTS('',3,(#12968,#12969,#12970,#12971,#12972,
#12973),.UNSPECIFIED.,.F.,.F.,(4,2,4),(-0.0937131840761901,-0.0468565448161066,
0.),.UNSPECIFIED.);
#188=B_SPLINE_CURVE_WITH_KNOTS('',3,(#12976,#12977,#12978,#12979,#12980,
#12981),.UNSPECIFIED.,.F.,.F.,(4,2,4),(0.,0.048205420894034,0.0964108587329353),
 .UNSPECIFIED.);
#189=B_SPLINE_CURVE_WITH_KNOTS('',3,(#13024,#13025,#13026,#13027,#13028,
#13029,#13030,#13031),.UNSPECIFIED.,.F.,.F.,(4,2,2,4),(-0.0771431278587193,
-0.0345593222580297,-0.0170312119025772,0.),.UNSPECIFIED.);
#190=B_SPLINE_CURVE_WITH_KNOTS('',3,(#13034,#13035,#13036,#13037,#13038,
#13039,#13040,#13041),.UNSPECIFIED.,.F.,.F.,(4,2,2,4),(-0.0354225850206089,
-0.0264668435651531,-0.0174095827818212,0.),.UNSPECIFIED.);
#191=B_SPLINE_CURVE_WITH_KNOTS('',3,(#13058,#13059,#13060,#13061),
 .UNSPECIFIED.,.F.,.F.,(4,4),(-0.193008055390203,-0.188680236931571),
 .UNSPECIFIED.);
#192=B_SPLINE_CURVE_WITH_KNOTS('',3,(#13087,#13088,#13089,#13090),
 .UNSPECIFIED.,.F.,.F.,(4,4),(0.846120836812011,0.850060682509015),
 .UNSPECIFIED.);
#193=B_SPLINE_CURVE_WITH_KNOTS('',3,(#13135,#13136,#13137,#13138),
 .UNSPECIFIED.,.F.,.F.,(4,4),(0.08761189115428,0.103695746827849),
 .UNSPECIFIED.);
#194=B_SPLINE_CURVE_WITH_KNOTS('',3,(#13141,#13142,#13143,#13144),
 .UNSPECIFIED.,.F.,.F.,(4,4),(-0.103695746827849,-0.08761189115428),
 .UNSPECIFIED.);
#195=B_SPLINE_CURVE_WITH_KNOTS('',3,(#13164,#13165,#13166,#13167,#13168,
#13169),.UNSPECIFIED.,.F.,.F.,(4,2,4),(0.,0.00864257986757258,0.0172855492174513),
 .UNSPECIFIED.);
#196=B_SPLINE_CURVE_WITH_KNOTS('',3,(#13170,#13171,#13172,#13173),
 .UNSPECIFIED.,.F.,.F.,(4,4),(-0.0876118911542801,-0.0793748192325911),
 .UNSPECIFIED.);
#197=B_SPLINE_CURVE_WITH_KNOTS('',3,(#13212,#13213,#13214,#13215,#13216,
#13217),.UNSPECIFIED.,.F.,.F.,(4,2,4),(0.,0.0710354567013848,0.142068860958209),
 .UNSPECIFIED.);
#198=B_SPLINE_CURVE_WITH_KNOTS('',3,(#13220,#13221,#13222,#13223),
 .UNSPECIFIED.,.F.,.F.,(4,4),(-0.168428692967331,-0.0257284558088872),
 .UNSPECIFIED.);
#199=B_SPLINE_CURVE_WITH_KNOTS('',3,(#13240,#13241,#13242,#13243),
 .UNSPECIFIED.,.F.,.F.,(4,4),(-0.0257284558088873,-0.0147224282593027),
 .UNSPECIFIED.);
#200=B_SPLINE_CURVE_WITH_KNOTS('',3,(#13265,#13266,#13267,#13268),
 .UNSPECIFIED.,.F.,.F.,(4,4),(0.0607211014251249,0.0755287730343993),
 .UNSPECIFIED.);
#201=B_SPLINE_CURVE_WITH_KNOTS('',3,(#13288,#13289,#13290,#13291),
 .UNSPECIFIED.,.F.,.F.,(4,4),(-0.0607211014251282,-0.0468076666251209),
 .UNSPECIFIED.);
#202=B_SPLINE_CURVE_WITH_KNOTS('',3,(#13317,#13318,#13319,#13320,#13321,
#13322),.UNSPECIFIED.,.F.,.F.,(4,2,4),(0.,0.00781824089089615,0.0158022879658404),
 .UNSPECIFIED.);
#203=B_SPLINE_CURVE_WITH_KNOTS('',3,(#13353,#13354,#13355,#13356,#13357,
#13358),.UNSPECIFIED.,.F.,.F.,(4,2,4),(-0.267602552469274,-0.248529527742488,
-0.239778875982646),.UNSPECIFIED.);
#204=B_SPLINE_CURVE_WITH_KNOTS('',3,(#13376,#13377,#13378,#13379),
 .UNSPECIFIED.,.F.,.F.,(4,4),(-0.239778875991012,-0.229258279090389),
 .UNSPECIFIED.);
#205=B_SPLINE_CURVE_WITH_KNOTS('',3,(#13400,#13401,#13402,#13403,#13404,
#13405),.UNSPECIFIED.,.F.,.F.,(4,2,4),(-0.0937131840759277,-0.0468565448161509,
0.),.UNSPECIFIED.);
#206=B_SPLINE_CURVE_WITH_KNOTS('',3,(#13408,#13409,#13410,#13411,#13412,
#13413),.UNSPECIFIED.,.F.,.F.,(4,2,4),(0.,0.0482054208942054,0.0964108587331881),
 .UNSPECIFIED.);
#207=B_SPLINE_CURVE_WITH_KNOTS('',3,(#13456,#13457,#13458,#13459,#13460,
#13461,#13462,#13463),.UNSPECIFIED.,.F.,.F.,(4,2,2,4),(-0.0771394318574051,
-0.0345582678627458,-0.0170311353932264,0.),.UNSPECIFIED.);
#208=B_SPLINE_CURVE_WITH_KNOTS('',3,(#13466,#13467,#13468,#13469,#13470,
#13471,#13472,#13473),.UNSPECIFIED.,.F.,.F.,(4,2,2,4),(-0.0354225959388465,
-0.0264670083526912,-0.0174103511601778,0.),.UNSPECIFIED.);
#209=B_SPLINE_CURVE_WITH_KNOTS('',3,(#13490,#13491,#13492,#13493),
 .UNSPECIFIED.,.F.,.F.,(4,4),(-0.193006610685993,-0.188680008249838),
 .UNSPECIFIED.);
#210=B_SPLINE_CURVE_WITH_KNOTS('',3,(#13519,#13520,#13521,#13522),
 .UNSPECIFIED.,.F.,.F.,(4,4),(0.84612083681201,0.850060682509013),
 .UNSPECIFIED.);
#211=B_SPLINE_CURVE_WITH_KNOTS('',3,(#13569,#13570,#13571,#13572,#13573,
#13574),.UNSPECIFIED.,.F.,.F.,(4,2,4),(-0.033171699678761,-0.0164627063436349,
0.),.UNSPECIFIED.);
#212=B_SPLINE_CURVE_WITH_KNOTS('',3,(#13576,#13577,#13578,#13579),
 .UNSPECIFIED.,.F.,.F.,(4,4),(-1.67474056955722,-1.67242664047902),
 .UNSPECIFIED.);
#213=B_SPLINE_CURVE_WITH_KNOTS('',3,(#13594,#13595,#13596,#13597),
 .UNSPECIFIED.,.F.,.F.,(4,4),(-0.0790207756409127,-0.0753908395876824),
 .UNSPECIFIED.);
#214=B_SPLINE_CURVE_WITH_KNOTS('',3,(#13602,#13603,#13604,#13605,#13606,
#13607),.UNSPECIFIED.,.F.,.F.,(4,2,4),(-0.0132647657950391,-0.00663307907382322,
0.),.UNSPECIFIED.);
#215=B_SPLINE_CURVE_WITH_KNOTS('',3,(#13608,#13609,#13610,#13611),
 .UNSPECIFIED.,.F.,.F.,(4,4),(0.157102385509685,0.174493284092146),
 .UNSPECIFIED.);
#216=B_SPLINE_CURVE_WITH_KNOTS('',3,(#13616,#13617,#13618,#13619),
 .UNSPECIFIED.,.F.,.F.,(4,4),(-0.174735662541329,-0.0339625550402062),
 .UNSPECIFIED.);
#217=B_SPLINE_CURVE_WITH_KNOTS('',3,(#13620,#13621,#13622,#13623),
 .UNSPECIFIED.,.F.,.F.,(4,4),(-0.216633506973753,-0.200179019239006),
 .UNSPECIFIED.);
#218=B_SPLINE_CURVE_WITH_KNOTS('',3,(#13628,#13629,#13630,#13631,#13632,
#13633),.UNSPECIFIED.,.F.,.F.,(4,2,4),(0.,0.0073105820957197,0.0142157136982444),
 .UNSPECIFIED.);
#219=B_SPLINE_CURVE_WITH_KNOTS('',3,(#13634,#13635,#13636,#13637,#13638,
#13639),.UNSPECIFIED.,.F.,.F.,(4,2,4),(0.,0.00825681424508298,0.0166632164237564),
 .UNSPECIFIED.);
#220=B_SPLINE_CURVE_WITH_KNOTS('',3,(#13657,#13658,#13659,#13660),
 .UNSPECIFIED.,.F.,.F.,(4,4),(-0.250215847674534,-0.232072858897709),
 .UNSPECIFIED.);
#221=B_SPLINE_CURVE_WITH_KNOTS('',3,(#13665,#13666,#13667,#13668,#13669,
#13670),.UNSPECIFIED.,.F.,.F.,(4,2,4),(-0.0759430323344846,-0.0567829026132138,
-0.0444485491831568),.UNSPECIFIED.);
#222=B_SPLINE_CURVE_WITH_KNOTS('',3,(#13671,#13672,#13673,#13674,#13675,
#13676),.UNSPECIFIED.,.F.,.F.,(4,2,4),(0.,0.00501562063849052,0.0100315660361709),
 .UNSPECIFIED.);
#223=B_SPLINE_CURVE_WITH_KNOTS('',3,(#13681,#13682,#13683,#13684,#13685,
#13686),.UNSPECIFIED.,.F.,.F.,(4,2,4),(0.,0.0472968769716317,0.0945937493285839),
 .UNSPECIFIED.);
#224=B_SPLINE_CURVE_WITH_KNOTS('',3,(#13687,#13688,#13689,#13690),
 .UNSPECIFIED.,.F.,.F.,(4,4),(-0.0444485491831517,-0.0377707841823278),
 .UNSPECIFIED.);
#225=B_SPLINE_CURVE_WITH_KNOTS('',3,(#13829,#13830,#13831,#13832),
 .UNSPECIFIED.,.F.,.F.,(4,4),(0.232072858897709,0.250215847674534),
 .UNSPECIFIED.);
#226=B_SPLINE_CURVE_WITH_KNOTS('',3,(#13852,#13853,#13854,#13855),
 .UNSPECIFIED.,.F.,.F.,(4,4),(0.0339625550402062,0.174735662541329),
 .UNSPECIFIED.);
#227=B_SPLINE_CURVE_WITH_KNOTS('',3,(#13873,#13874,#13875,#13876),
 .UNSPECIFIED.,.F.,.F.,(4,4),(0.0168674723678022,0.0339625550402065),
 .UNSPECIFIED.);
#228=B_SPLINE_CURVE_WITH_KNOTS('',3,(#13914,#13915,#13916,#13917),
 .UNSPECIFIED.,.F.,.F.,(4,4),(0.200179019239006,0.216633506973753),
 .UNSPECIFIED.);
#229=B_SPLINE_CURVE_WITH_KNOTS('',3,(#13964,#13965,#13966,#13967),
 .UNSPECIFIED.,.F.,.F.,(4,4),(0.0790207756409126,0.113169037835386),
 .UNSPECIFIED.);
#230=B_SPLINE_CURVE_WITH_KNOTS('',3,(#14005,#14006,#14007,#14008,#14009,
#14010),.UNSPECIFIED.,.F.,.F.,(4,2,4),(0.,0.0482908102741935,0.0965764462789864),
 .UNSPECIFIED.);
#231=B_SPLINE_CURVE_WITH_KNOTS('',3,(#14013,#14014,#14015,#14016,#14017,
#14018),.UNSPECIFIED.,.F.,.F.,(4,2,4),(0.,0.0472968769716317,0.0945937493285838),
 .UNSPECIFIED.);
#232=B_SPLINE_CURVE_WITH_KNOTS('',3,(#14035,#14036,#14037,#14038,#14039,
#14040),.UNSPECIFIED.,.F.,.F.,(4,2,4),(0.,0.00184104379427932,0.00368208725271327),
 .UNSPECIFIED.);
#233=B_SPLINE_CURVE_WITH_KNOTS('',3,(#14068,#14069,#14070,#14071,#14072,
#14073),.UNSPECIFIED.,.F.,.F.,(4,2,4),(0.0444485491831568,0.0567829026132138,
0.0759430323344845),.UNSPECIFIED.);
#234=B_SPLINE_CURVE_WITH_KNOTS('',3,(#14076,#14077,#14078,#14079,#14080,
#14081),.UNSPECIFIED.,.F.,.F.,(4,2,4),(-0.0759430323344845,-0.0567829026132138,
-0.0444485491831568),.UNSPECIFIED.);
#235=B_SPLINE_CURVE_WITH_KNOTS('',3,(#14098,#14099,#14100,#14101),
 .UNSPECIFIED.,.F.,.F.,(4,4),(-0.0444485491831519,-0.0377707841823521),
 .UNSPECIFIED.);
#236=B_SPLINE_CURVE_WITH_KNOTS('',3,(#14165,#14166,#14167,#14168,#14169,
#14170),.UNSPECIFIED.,.F.,.F.,(4,2,4),(0.,0.00501562063848399,0.0100315660361608),
 .UNSPECIFIED.);
#237=B_SPLINE_CURVE_WITH_KNOTS('',3,(#14195,#14196,#14197,#14198,#14199,
#14200),.UNSPECIFIED.,.F.,.F.,(4,2,4),(0.,0.00731058209571502,0.0142157136982397),
 .UNSPECIFIED.);
#238=B_SPLINE_CURVE_WITH_KNOTS('',3,(#14217,#14218,#14219,#14220),
 .UNSPECIFIED.,.F.,.F.,(4,4),(-0.250215847674531,-0.232072858897706),
 .UNSPECIFIED.);
#239=B_SPLINE_CURVE_WITH_KNOTS('',3,(#14221,#14222,#14223,#14224),
 .UNSPECIFIED.,.F.,.F.,(4,4),(0.232072858897706,0.250215847674531),
 .UNSPECIFIED.);
#240=B_SPLINE_CURVE_WITH_KNOTS('',3,(#14245,#14246,#14247,#14248),
 .UNSPECIFIED.,.F.,.F.,(4,4),(0.0339625550401439,0.174735662541294),
 .UNSPECIFIED.);
#241=B_SPLINE_CURVE_WITH_KNOTS('',3,(#14251,#14252,#14253,#14254),
 .UNSPECIFIED.,.F.,.F.,(4,4),(-0.174735662541294,-0.0339625550401439),
 .UNSPECIFIED.);
#242=B_SPLINE_CURVE_WITH_KNOTS('',3,(#14271,#14272,#14273,#14274,#14275,
#14276),.UNSPECIFIED.,.F.,.F.,(4,2,4),(0.,0.00825681424510481,0.0166632164238109),
 .UNSPECIFIED.);
#243=B_SPLINE_CURVE_WITH_KNOTS('',3,(#14277,#14278,#14279,#14280),
 .UNSPECIFIED.,.F.,.F.,(4,4),(0.0168674723677685,0.033962555040144),
 .UNSPECIFIED.);
#244=B_SPLINE_CURVE_WITH_KNOTS('',3,(#14304,#14305,#14306,#14307,#14308,
#14309),.UNSPECIFIED.,.F.,.F.,(4,2,4),(-0.0132647657950302,-0.00663307907382488,
0.),.UNSPECIFIED.);
#245=B_SPLINE_CURVE_WITH_KNOTS('',3,(#14326,#14327,#14328,#14329),
 .UNSPECIFIED.,.F.,.F.,(4,4),(-0.216633506973753,-0.200179019239006),
 .UNSPECIFIED.);
#246=B_SPLINE_CURVE_WITH_KNOTS('',3,(#14330,#14331,#14332,#14333),
 .UNSPECIFIED.,.F.,.F.,(4,4),(0.200179019239006,0.216633506973753),
 .UNSPECIFIED.);
#247=B_SPLINE_CURVE_WITH_KNOTS('',3,(#14358,#14359,#14360,#14361),
 .UNSPECIFIED.,.F.,.F.,(4,4),(0.157102385509684,0.174493284092146),
 .UNSPECIFIED.);
#248=B_SPLINE_CURVE_WITH_KNOTS('',3,(#14387,#14388,#14389,#14390),
 .UNSPECIFIED.,.F.,.F.,(4,4),(0.0790207756409126,0.113169037835386),
 .UNSPECIFIED.);
#249=B_SPLINE_CURVE_WITH_KNOTS('',3,(#14393,#14394,#14395,#14396,#14397,
#14398),.UNSPECIFIED.,.F.,.F.,(4,2,4),(-0.0331716996785856,-0.016462706343591,
0.),.UNSPECIFIED.);
#250=B_SPLINE_CURVE_WITH_KNOTS('',3,(#14415,#14416,#14417,#14418),
 .UNSPECIFIED.,.F.,.F.,(4,4),(-0.0790207756409126,-0.0753908395876824),
 .UNSPECIFIED.);
#251=B_SPLINE_CURVE_WITH_KNOTS('',3,(#14439,#14440,#14441,#14442,#14443,
#14444),.UNSPECIFIED.,.F.,.F.,(4,2,4),(0.,0.048290810274204,0.0965764462789383),
 .UNSPECIFIED.);
#252=B_SPLINE_CURVE_WITH_KNOTS('',3,(#14462,#14463,#14464,#14465),
 .UNSPECIFIED.,.F.,.F.,(4,4),(-1.67474056955722,-1.67242664047902),
 .UNSPECIFIED.);
#253=B_SPLINE_CURVE_WITH_KNOTS('',3,(#14466,#14467,#14468,#14469,#14470,
#14471),.UNSPECIFIED.,.F.,.F.,(4,2,4),(0.,0.00184104379382481,0.00368208725111541),
 .UNSPECIFIED.);
#254=B_SPLINE_CURVE_WITH_KNOTS('',3,(#14498,#14499,#14500,#14501,#14502,
#14503),.UNSPECIFIED.,.F.,.F.,(4,2,4),(0.0444485491831568,0.0567829026132138,
0.0759430323344846),.UNSPECIFIED.);
#255=B_SPLINE_CURVE_WITH_KNOTS('',3,(#14608,#14609,#14610,#14611,#14612,
#14613,#14614,#14615,#14616,#14617),.UNSPECIFIED.,.F.,.F.,(4,2,2,2,4),(0.0388834717538094,
0.0494050653242902,0.0594426906818402,0.0688872777137358,0.0778493204032795),
 .UNSPECIFIED.);
#256=B_SPLINE_CURVE_WITH_KNOTS('',3,(#14645,#14646,#14647,#14648,#14649,
#14650),.UNSPECIFIED.,.F.,.F.,(4,2,4),(0.0391862241569655,0.0499156449603525,
0.0517488809114513),.UNSPECIFIED.);
#257=B_SPLINE_CURVE_WITH_KNOTS('',3,(#14747,#14748,#14749,#14750,#14751,
#14752,#14753,#14754,#14755,#14756,#14757,#14758),.UNSPECIFIED.,.F.,.F.,
(4,2,2,2,2,4),(-0.216126450241423,-0.215744842827546,-0.197845634229228,
-0.181186786275763,-0.165408376999287,-0.155349778069038),.UNSPECIFIED.);
#258=B_SPLINE_CURVE_WITH_KNOTS('',3,(#14764,#14765,#14766,#14767,#14768,
#14769,#14770,#14771,#14772,#14773),.UNSPECIFIED.,.F.,.F.,(4,2,2,2,4),(-0.116814645871816,
-0.106293052301335,-0.0962554269437847,-0.0868108399118891,-0.0778487972223454),
 .UNSPECIFIED.);
#259=B_SPLINE_CURVE_WITH_KNOTS('',3,(#14774,#14775,#14776,#14777,#14778,
#14779,#14780,#14781,#14782,#14783,#14784,#14785,#14786,#14787,#14788,#14789,
#14790,#14791,#14792),.UNSPECIFIED.,.F.,.F.,(4,3,3,3,3,3,4),(-0.0918246761226185,
-0.0915682614272241,-0.0832410313512241,-0.076073315962591,-0.0692076843155416,
-0.0640057176966648,-0.0603821654296998),.UNSPECIFIED.);
#260=B_SPLINE_CURVE_WITH_KNOTS('',3,(#14835,#14836,#14837,#14838,#14839,
#14840,#14841,#14842,#14843,#14844),.UNSPECIFIED.,.F.,.F.,(4,2,2,2,4),(-0.113020371178381,
-0.103602202875616,-0.0941840345728508,-0.0847668352165672,-0.0753496358602835),
 .UNSPECIFIED.);
#261=B_SPLINE_CURVE_WITH_KNOTS('',3,(#14848,#14849,#14850,#14851,#14852,
#14853,#14854,#14855,#14856,#14857,#14858,#14859,#14860,#14861,#14862,#14863,
#14864,#14865,#14866,#14867,#14868,#14869,#14870,#14871,#14872,#14873,#14874,
#14875,#14876,#14877,#14878,#14879,#14880,#14881,#14882,#14883,#14884),
 .UNSPECIFIED.,.F.,.F.,(4,3,3,3,3,3,3,3,3,3,3,3,4),(0.0376752863576482,
0.0407938000457672,0.043943450658277,0.0470931012707867,0.050181529499916,
0.0533462228419205,0.0565109161839251,0.0596293360033779,0.0627787201377873,
0.0659281042721967,0.0690165754667142,0.0721809339135912,0.0753452923604683),
 .UNSPECIFIED.);
#262=B_SPLINE_CURVE_WITH_KNOTS('',3,(#14917,#14918,#14919,#14920,#14921,
#14922,#14923,#14924,#14925,#14926),.UNSPECIFIED.,.F.,.F.,(4,2,2,2,4),(-0.121891560642441,
-0.11267347586389,-0.103455391085338,-0.0927445317004502,-0.0820336723155622),
 .UNSPECIFIED.);
#263=B_SPLINE_CURVE_WITH_KNOTS('',3,(#14950,#14951,#14952,#14953,#14954,
#14955,#14956,#14957,#14958,#14959),.UNSPECIFIED.,.F.,.F.,(4,2,2,2,4),(-0.113020371178379,
-0.103602202875614,-0.09418403457285,-0.0847668352165668,-0.0753496358602836),
 .UNSPECIFIED.);
#264=B_SPLINE_CURVE_WITH_KNOTS('',3,(#14963,#14964,#14965,#14966,#14967,
#14968,#14969,#14970,#14971,#14972,#14973,#14974,#14975,#14976,#14977,#14978,
#14979,#14980,#14981,#14982,#14983,#14984,#14985,#14986,#14987,#14988,#14989,
#14990,#14991,#14992,#14993,#14994,#14995,#14996,#14997,#14998,#14999),
 .UNSPECIFIED.,.F.,.F.,(4,3,3,3,3,3,3,3,3,3,3,3,4),(0.0376752863266316,
0.0407938000147715,0.0439434506272707,0.04709310123977,0.0501815294689137,
0.0533462228109111,0.0565109161529084,0.0596293359723725,0.0627787201067762,
0.06592810424118,0.0690165754356965,0.0721809338825741,0.0753452923294516),
 .UNSPECIFIED.);
#265=B_SPLINE_CURVE_WITH_KNOTS('',3,(#15052,#15053,#15054,#15055,#15056,
#15057,#15058,#15059,#15060,#15061),.UNSPECIFIED.,.F.,.F.,(4,2,2,2,4),(-0.121891560642441,
-0.112673475863889,-0.103455391085337,-0.0927445317004481,-0.0820336723155595),
 .UNSPECIFIED.);
#266=B_SPLINE_CURVE_WITH_KNOTS('',3,(#15081,#15082,#15083,#15084,#15085,
#15086,#15087,#15088,#15089,#15090),.UNSPECIFIED.,.F.,.F.,(4,2,2,2,4),(-0.12189156064244,
-0.11267347586389,-0.103455391085339,-0.0927445317004519,-0.0820336723155649),
 .UNSPECIFIED.);
#267=B_SPLINE_CURVE_WITH_KNOTS('',3,(#15116,#15117,#15118,#15119,#15120,
#15121,#15122,#15123,#15124,#15125),.UNSPECIFIED.,.F.,.F.,(4,2,2,2,4),(0.0376789005421883,
0.0470970688449527,0.0565152371477172,0.0659324365040004,0.0753496358602837),
 .UNSPECIFIED.);
#268=B_SPLINE_CURVE_WITH_KNOTS('',3,(#15137,#15138,#15139,#15140,#15141,
#15142,#15143,#15144,#15145,#15146,#15147,#15148,#15149,#15150,#15151,#15152,
#15153,#15154,#15155,#15156,#15157,#15158,#15159,#15160,#15161,#15162,#15163,
#15164,#15165,#15166,#15167,#15168,#15169,#15170,#15171,#15172,#15173),
 .UNSPECIFIED.,.F.,.F.,(4,3,3,3,3,3,3,3,3,3,3,3,4),(0.0376752863266316,
0.0407938000147655,0.0439434506272677,0.04709310123977,0.050181529468911,
0.0533462228109097,0.0565109161529085,0.0596293359723565,0.0627787201067683,
0.0659281042411801,0.0690165754356991,0.0721809338825754,0.0753452923294517),
 .UNSPECIFIED.);
#269=B_SPLINE_CURVE_WITH_KNOTS('',3,(#15201,#15202,#15203,#15204,#15205,
#15206,#15207,#15208,#15209,#15210,#15211,#15212),.UNSPECIFIED.,.F.,.F.,
(4,2,2,2,2,4),(0.,0.00538925112577702,0.0107804916407725,0.0203479290627764,
0.0294231510911433,0.0383408539324748),.UNSPECIFIED.);
#270=B_SPLINE_CURVE_WITH_KNOTS('',3,(#15214,#15215,#15216,#15217,#15218,
#15219,#15220,#15221,#15222,#15223,#15224,#15225),.UNSPECIFIED.,.F.,.F.,
(4,2,2,2,2,4),(1.64705682692172E-11,0.0113250163846292,0.0230948280706779,
0.0348900326613819,0.0407450159900797,0.0465862020307489),.UNSPECIFIED.);
#271=B_SPLINE_CURVE_WITH_KNOTS('',3,(#15263,#15264,#15265,#15266,#15267,
#15268,#15269,#15270,#15271,#15272,#15273,#15274),.UNSPECIFIED.,.F.,.F.,
(4,2,2,2,2,4),(1.33083952982566E-9,0.0110579684190518,0.0207059141514671,
0.0293651675298671,0.0335391641952319,0.0377004981757884),.UNSPECIFIED.);
#272=B_SPLINE_CURVE_WITH_KNOTS('',3,(#15281,#15282,#15283,#15284,#15285,
#15286,#15287,#15288,#15289,#15290,#15291,#15292),.UNSPECIFIED.,.F.,.F.,
(4,2,2,2,2,4),(5.37385715187992E-13,0.00527027601418483,0.010552086979734,
0.0203836247379905,0.0316326531463519,0.0473438474865199),.UNSPECIFIED.);
#273=B_SPLINE_CURVE_WITH_KNOTS('',3,(#15329,#15330,#15331,#15332,#15333,
#15334,#15335,#15336,#15337,#15338,#15339,#15340),.UNSPECIFIED.,.F.,.F.,
(4,2,2,2,2,4),(1.33090049691553E-9,0.0110579354294181,0.0207049298858986,
0.029363225052234,0.0335363102058359,0.0376968057950344),.UNSPECIFIED.);
#274=B_SPLINE_CURVE_WITH_KNOTS('',3,(#15347,#15348,#15349,#15350,#15351,
#15352,#15353,#15354,#15355,#15356,#15357,#15358),.UNSPECIFIED.,.F.,.F.,
(4,2,2,2,2,4),(5.33831438854672E-13,0.00526998544785519,0.0105514865416195,
0.0203834205629562,0.0316307027877375,0.0473333312047674),.UNSPECIFIED.);
#275=B_SPLINE_CURVE_WITH_KNOTS('',3,(#15381,#15382,#15383,#15384,#15385,
#15386,#15387,#15388,#15389,#15390,#15391,#15392),.UNSPECIFIED.,.F.,.F.,
(4,2,2,2,2,4),(0.,0.00538919819369735,0.0107803822126537,0.0203478898262119,
0.0294226031114835,0.0383392910439585),.UNSPECIFIED.);
#276=B_SPLINE_CURVE_WITH_KNOTS('',3,(#15394,#15395,#15396,#15397,#15398,
#15399,#15400,#15401,#15402,#15403,#15404,#15405),.UNSPECIFIED.,.F.,.F.,
(4,2,2,2,2,4),(1.64714080912562E-11,0.0113250161682909,0.0230939859651701,
0.0348876648070653,0.0407417935304686,0.0465821311659803),.UNSPECIFIED.);
#277=B_SPLINE_CURVE_WITH_KNOTS('',3,(#15440,#15441,#15442,#15443,#15444,
#15445,#15446,#15447,#15448,#15449,#15450,#15451),.UNSPECIFIED.,.F.,.F.,
(4,2,2,2,2,4),(1.33083751874814E-9,0.011058713878024,0.0219591536284372,
0.0351320565148049,0.044117166151529,0.0530758138194074),.UNSPECIFIED.);
#278=B_SPLINE_CURVE_WITH_KNOTS('',3,(#15455,#15456,#15457,#15458,#15459,
#15460,#15461,#15462,#15463,#15464,#15465,#15466),.UNSPECIFIED.,.F.,.F.,
(4,2,2,2,2,4),(5.36824723117679E-13,0.00538504604659438,0.0107839313858948,
0.0192287089802251,0.0263621272777652,0.0335915138150239),.UNSPECIFIED.);
#279=B_SPLINE_CURVE_WITH_KNOTS('',3,(#15489,#15490,#15491,#15492,#15493,
#15494,#15495,#15496,#15497,#15498,#15499,#15500),.UNSPECIFIED.,.F.,.F.,
(4,2,2,2,2,4),(0.,0.00538896741617628,0.0107799050746807,0.0203477193842347,
0.0294273073255116,0.0383541325109212),.UNSPECIFIED.);
#280=B_SPLINE_CURVE_WITH_KNOTS('',3,(#15502,#15503,#15504,#15505,#15506,
#15507,#15508,#15509,#15510,#15511,#15512,#15513),.UNSPECIFIED.,.F.,.F.,
(4,2,2,2,2,4),(1.6471028792038E-11,0.0113250083135875,0.0230931939245769,
0.0348857715509365,0.040738934137471,0.0465783262038899),.UNSPECIFIED.);
#281=B_SPLINE_CURVE_WITH_KNOTS('',3,(#15671,#15672,#15673,#15674,#15675,
#15676,#15677,#15678,#15679,#15680,#15681,#15682),.UNSPECIFIED.,.F.,.F.,
(4,2,2,2,2,4),(-0.0531730215062415,-0.0447600348092804,-0.0360664157324617,
-0.0218901072104195,-0.0110159399679982,0.),.UNSPECIFIED.);
#282=B_SPLINE_CURVE_WITH_KNOTS('',3,(#15685,#15686,#15687,#15688,#15689,
#15690,#15691,#15692,#15693,#15694,#15695,#15696),.UNSPECIFIED.,.F.,.F.,
(4,2,2,2,2,4),(-0.0577595339897656,-0.047519594696938,-0.0370810365685046,
-0.0239747969103343,-0.0107586128971904,0.),.UNSPECIFIED.);
#283=B_SPLINE_CURVE_WITH_KNOTS('',3,(#15705,#15706,#15707,#15708,#15709,
#15710,#15711,#15712,#15713,#15714,#15715,#15716),.UNSPECIFIED.,.F.,.F.,
(4,2,2,2,2,4),(-0.0399259571456369,-0.0295802836311082,-0.0194260070421037,
-0.00969276264466128,-0.00477409594738853,-1.62065944982575E-6),
 .UNSPECIFIED.);
#284=B_SPLINE_CURVE_WITH_KNOTS('',3,(#15719,#15720,#15721,#15722,#15723,
#15724,#15725,#15726,#15727,#15728,#15729,#15730),.UNSPECIFIED.,.F.,.F.,
(4,2,2,2,2,4),(-0.0531729591965035,-0.0447600457941299,-0.0360664910857582,
-0.0218901049489516,-0.0110159411151128,0.),.UNSPECIFIED.);
#285=B_SPLINE_CURVE_WITH_KNOTS('',3,(#15732,#15733,#15734,#15735,#15736,
#15737,#15738,#15739,#15740,#15741,#15742,#15743),.UNSPECIFIED.,.F.,.F.,
(4,2,2,2,2,4),(-0.039926098983601,-0.0295804204431138,-0.0194261640925033,
-0.00969285524119522,-0.0047741363290315,-1.620372769E-6),.UNSPECIFIED.);
#286=B_SPLINE_CURVE_WITH_KNOTS('',3,(#15746,#15747,#15748,#15749,#15750,
#15751,#15752,#15753,#15754,#15755,#15756,#15757),.UNSPECIFIED.,.F.,.F.,
(4,2,2,2,2,4),(-0.0531717019045883,-0.0447592830566989,-0.0360662354130054,
-0.0218901115667618,-0.0110159454131329,0.),.UNSPECIFIED.);
#287=B_SPLINE_CURVE_WITH_KNOTS('',3,(#15758,#15759,#15760,#15761,#15762,
#15763,#15764,#15765,#15766,#15767,#15768,#15769),.UNSPECIFIED.,.F.,.F.,
(4,2,2,2,2,4),(-0.0399260569168805,-0.0295803858986189,-0.019426128704332,
-0.00969283352653039,-0.00477412707151227,-1.620619498612E-6),
 .UNSPECIFIED.);
#288=B_SPLINE_CURVE_WITH_KNOTS('',3,(#15790,#15791,#15792,#15793,#15794,
#15795,#15796,#15797,#15798,#15799,#15800,#15801),.UNSPECIFIED.,.F.,.F.,
(4,2,2,2,2,4),(-0.0417919751587471,-0.0309310158948045,-0.0211314444226936,
-0.0119915292809797,-0.00594823595472662,-1.26645742504206E-10),
 .UNSPECIFIED.);
#289=B_SPLINE_CURVE_WITH_KNOTS('',3,(#15824,#15825,#15826,#15827,#15828,
#15829,#15830,#15831,#15832,#15833,#15834,#15835),.UNSPECIFIED.,.F.,.F.,
(4,2,2,2,2,4),(-0.057754968747264,-0.0475162236347518,-0.0370788113205821,
-0.0239748266991905,-0.010760754560825,0.),.UNSPECIFIED.);
#290=B_SPLINE_CURVE_WITH_KNOTS('',3,(#15860,#15861,#15862,#15863,#15864,
#15865,#15866,#15867,#15868,#15869,#15870,#15871),.UNSPECIFIED.,.F.,.F.,
(4,2,2,2,2,4),(-0.0417886539414414,-0.0309288574747889,-0.0211310786204271,
-0.0119919872977333,-0.00594845598245468,-1.26616613027597E-10),
 .UNSPECIFIED.);
#291=B_SPLINE_CURVE_WITH_KNOTS('',3,(#15894,#15895,#15896,#15897,#15898,
#15899,#15900,#15901,#15902,#15903,#15904,#15905),.UNSPECIFIED.,.F.,.F.,
(4,2,2,2,2,4),(-0.0577544934482497,-0.0475161098108774,-0.0370790858721845,
-0.0239748055674007,-0.0107601285543891,0.),.UNSPECIFIED.);
#292=B_SPLINE_CURVE_WITH_KNOTS('',3,(#15930,#15931,#15932,#15933,#15934,
#15935,#15936,#15937,#15938,#15939,#15940,#15941),.UNSPECIFIED.,.F.,.F.,
(4,2,2,2,2,4),(-0.04179434806861,-0.0309337496832269,-0.0211317424339052,
-0.0119907762895575,-0.00594787748292893,-1.26653430798651E-10),
 .UNSPECIFIED.);
#293=FACE_BOUND('',#1557,.T.);
#294=FACE_BOUND('',#1560,.T.);
#295=FACE_BOUND('',#1566,.T.);
#296=FACE_BOUND('',#1769,.T.);
#297=FACE_BOUND('',#1770,.T.);
#298=FACE_BOUND('',#1771,.T.);
#299=FACE_BOUND('',#1772,.T.);
#300=FACE_BOUND('',#1773,.T.);
#301=FACE_BOUND('',#1774,.T.);
#302=FACE_BOUND('',#1894,.T.);
#303=FACE_BOUND('',#1896,.T.);
#304=FACE_BOUND('',#1908,.T.);
#305=FACE_BOUND('',#1912,.T.);
#306=FACE_BOUND('',#1915,.T.);
#307=CYLINDRICAL_SURFACE('',#8866,0.25);
#308=CYLINDRICAL_SURFACE('',#8868,13.6);
#309=CYLINDRICAL_SURFACE('',#8870,0.25);
#310=CYLINDRICAL_SURFACE('',#8888,0.25);
#311=CYLINDRICAL_SURFACE('',#8890,13.6);
#312=CYLINDRICAL_SURFACE('',#8892,0.25);
#313=CYLINDRICAL_SURFACE('',#8915,15.5);
#314=CYLINDRICAL_SURFACE('',#8917,0.25);
#315=CYLINDRICAL_SURFACE('',#8920,0.25);
#316=CYLINDRICAL_SURFACE('',#8937,7.6);
#317=CYLINDRICAL_SURFACE('',#8942,6.1);
#318=CYLINDRICAL_SURFACE('',#9047,0.5);
#319=CYLINDRICAL_SURFACE('',#9064,0.5);
#320=CYLINDRICAL_SURFACE('',#9066,9.8);
#321=CYLINDRICAL_SURFACE('',#9067,0.5);
#322=CYLINDRICAL_SURFACE('',#9069,0.25);
#323=CYLINDRICAL_SURFACE('',#9070,15.1);
#324=CYLINDRICAL_SURFACE('',#9072,0.25);
#325=CYLINDRICAL_SURFACE('',#9074,0.5);
#326=CYLINDRICAL_SURFACE('',#9137,0.5);
#327=CYLINDRICAL_SURFACE('',#9147,0.5);
#328=CYLINDRICAL_SURFACE('',#9148,11.3);
#329=CYLINDRICAL_SURFACE('',#9151,0.25);
#330=CYLINDRICAL_SURFACE('',#9153,0.5);
#331=CYLINDRICAL_SURFACE('',#9154,0.5);
#332=CYLINDRICAL_SURFACE('',#9156,16.6);
#333=CYLINDRICAL_SURFACE('',#9158,0.5);
#334=CYLINDRICAL_SURFACE('',#9160,12.8);
#335=CYLINDRICAL_SURFACE('',#9162,1.);
#336=CYLINDRICAL_SURFACE('',#9166,1.);
#337=CYLINDRICAL_SURFACE('',#9168,12.8);
#338=CYLINDRICAL_SURFACE('',#9175,11.3);
#339=CYLINDRICAL_SURFACE('',#9179,0.5);
#340=CYLINDRICAL_SURFACE('',#9180,0.25);
#341=CYLINDRICAL_SURFACE('',#9183,0.25);
#342=CYLINDRICAL_SURFACE('',#9185,0.25);
#343=CYLINDRICAL_SURFACE('',#9188,0.25);
#344=CYLINDRICAL_SURFACE('',#9191,0.25);
#345=CYLINDRICAL_SURFACE('',#9194,15.5);
#346=CYLINDRICAL_SURFACE('',#9197,0.25);
#347=CYLINDRICAL_SURFACE('',#9200,0.25);
#348=CYLINDRICAL_SURFACE('',#9203,0.25);
#349=CYLINDRICAL_SURFACE('',#9206,15.5);
#350=CYLINDRICAL_SURFACE('',#9209,0.25);
#351=CYLINDRICAL_SURFACE('',#9212,0.25);
#352=CYLINDRICAL_SURFACE('',#9214,13.6);
#353=CYLINDRICAL_SURFACE('',#9218,0.5);
#354=CYLINDRICAL_SURFACE('',#9223,0.25);
#355=CYLINDRICAL_SURFACE('',#9225,0.25);
#356=CYLINDRICAL_SURFACE('',#9226,0.25);
#357=CYLINDRICAL_SURFACE('',#9228,0.25);
#358=CYLINDRICAL_SURFACE('',#9229,0.5);
#359=CYLINDRICAL_SURFACE('',#9231,13.9);
#360=CYLINDRICAL_SURFACE('',#9233,0.5);
#361=CYLINDRICAL_SURFACE('',#9235,13.9);
#362=CYLINDRICAL_SURFACE('',#9237,0.5);
#363=CYLINDRICAL_SURFACE('',#9238,0.5);
#364=CYLINDRICAL_SURFACE('',#9239,9.8);
#365=CYLINDRICAL_SURFACE('',#9240,0.5);
#366=CYLINDRICAL_SURFACE('',#9241,0.5);
#367=CYLINDRICAL_SURFACE('',#9247,15.1);
#368=CYLINDRICAL_SURFACE('',#9250,0.25);
#369=CYLINDRICAL_SURFACE('',#9252,11.1);
#370=CYLINDRICAL_SURFACE('',#9256,0.25);
#371=CYLINDRICAL_SURFACE('',#9264,0.25);
#372=CYLINDRICAL_SURFACE('',#9266,0.25);
#373=CYLINDRICAL_SURFACE('',#9268,11.1);
#374=CYLINDRICAL_SURFACE('',#9272,0.25);
#375=CYLINDRICAL_SURFACE('',#9281,0.25);
#376=CYLINDRICAL_SURFACE('',#9283,0.25);
#377=CYLINDRICAL_SURFACE('',#9292,11.1);
#378=CYLINDRICAL_SURFACE('',#9295,0.25);
#379=CYLINDRICAL_SURFACE('',#9297,0.25);
#380=CYLINDRICAL_SURFACE('',#9328,0.25);
#381=CYLINDRICAL_SURFACE('',#9337,0.25);
#382=CYLINDRICAL_SURFACE('',#9338,0.25);
#383=CYLINDRICAL_SURFACE('',#9341,0.25);
#384=CYLINDRICAL_SURFACE('',#9343,0.25);
#385=CYLINDRICAL_SURFACE('',#9352,0.25);
#386=CYLINDRICAL_SURFACE('',#9353,0.25);
#387=CYLINDRICAL_SURFACE('',#9356,0.25);
#388=CYLINDRICAL_SURFACE('',#9358,0.25);
#389=CYLINDRICAL_SURFACE('',#9362,0.25);
#390=CYLINDRICAL_SURFACE('',#9364,13.8);
#391=CYLINDRICAL_SURFACE('',#9367,0.25);
#392=CYLINDRICAL_SURFACE('',#9370,0.25);
#393=CYLINDRICAL_SURFACE('',#9373,15.3);
#394=CYLINDRICAL_SURFACE('',#9378,1.75);
#395=CYLINDRICAL_SURFACE('',#9386,1.75);
#396=CYLINDRICAL_SURFACE('',#9390,1.75);
#397=CYLINDRICAL_SURFACE('',#9393,9.5);
#398=CYLINDRICAL_SURFACE('',#9397,9.5);
#399=CYLINDRICAL_SURFACE('',#9406,9.5);
#400=CYLINDRICAL_SURFACE('',#9413,15.3);
#401=CYLINDRICAL_SURFACE('',#9419,13.8);
#402=CYLINDRICAL_SURFACE('',#9441,15.3);
#403=CYLINDRICAL_SURFACE('',#9446,13.8);
#404=CYLINDRICAL_SURFACE('',#9476,10.895);
#405=CYLINDRICAL_SURFACE('',#9479,10.29);
#406=CYLINDRICAL_SURFACE('',#9482,10.895);
#407=CYLINDRICAL_SURFACE('',#9485,10.29);
#408=CYLINDRICAL_SURFACE('',#9488,10.895);
#409=CYLINDRICAL_SURFACE('',#9491,10.29);
#410=CYLINDRICAL_SURFACE('',#9494,10.895);
#411=CYLINDRICAL_SURFACE('',#9497,10.29);
#412=CYLINDRICAL_SURFACE('',#9500,10.895);
#413=CYLINDRICAL_SURFACE('',#9503,10.29);
#414=CYLINDRICAL_SURFACE('',#9510,8.25);
#415=CYLINDRICAL_SURFACE('',#9550,4.505);
#416=CYLINDRICAL_SURFACE('',#9552,1.);
#417=CYLINDRICAL_SURFACE('',#9554,4.505);
#418=CYLINDRICAL_SURFACE('',#9556,1.);
#419=CYLINDRICAL_SURFACE('',#9558,4.505);
#420=CYLINDRICAL_SURFACE('',#9560,1.);
#421=CYLINDRICAL_SURFACE('',#9562,4.505);
#422=CYLINDRICAL_SURFACE('',#9564,1.);
#423=CYLINDRICAL_SURFACE('',#9570,5.85);
#424=CYLINDRICAL_SURFACE('',#9585,9.1);
#425=CYLINDRICAL_SURFACE('',#9594,10.895);
#426=CYLINDRICAL_SURFACE('',#9598,10.895);
#427=CYLINDRICAL_SURFACE('',#9603,10.895);
#428=CYLINDRICAL_SURFACE('',#9612,10.895);
#429=CYLINDRICAL_SURFACE('',#9616,10.895);
#430=CYLINDRICAL_SURFACE('',#9662,9.385);
#431=CYLINDRICAL_SURFACE('',#9663,9.385);
#432=CYLINDRICAL_SURFACE('',#9664,9.385);
#433=CYLINDRICAL_SURFACE('',#9665,9.385);
#434=CYLINDRICAL_SURFACE('',#9666,9.385);
#435=CYLINDRICAL_SURFACE('',#9667,9.385);
#436=CYLINDRICAL_SURFACE('',#9668,9.385);
#437=CYLINDRICAL_SURFACE('',#9669,9.385);
#438=CYLINDRICAL_SURFACE('',#9670,9.385);
#439=CYLINDRICAL_SURFACE('',#9671,9.385);
#440=CYLINDRICAL_SURFACE('',#9672,10.29);
#441=CYLINDRICAL_SURFACE('',#9674,10.29);
#442=CYLINDRICAL_SURFACE('',#9676,10.29);
#443=CYLINDRICAL_SURFACE('',#9678,10.29);
#444=CYLINDRICAL_SURFACE('',#9680,10.29);
#445=CYLINDRICAL_SURFACE('',#9682,4.505);
#446=CYLINDRICAL_SURFACE('',#9683,1.);
#447=CYLINDRICAL_SURFACE('',#9684,4.505);
#448=CYLINDRICAL_SURFACE('',#9685,1.);
#449=CYLINDRICAL_SURFACE('',#9686,4.505);
#450=CYLINDRICAL_SURFACE('',#9687,1.);
#451=CYLINDRICAL_SURFACE('',#9688,4.505);
#452=CYLINDRICAL_SURFACE('',#9689,1.);
#453=CYLINDRICAL_SURFACE('',#9691,1.5);
#454=CYLINDRICAL_SURFACE('',#9695,9.23751424377793);
#455=CYLINDRICAL_SURFACE('',#9702,9.23751424377793);
#456=CYLINDRICAL_SURFACE('',#9710,16.05);
#457=CYLINDRICAL_SURFACE('',#9714,15.55);
#458=CYLINDRICAL_SURFACE('',#9721,1.5);
#459=CYLINDRICAL_SURFACE('',#9725,9.23751424377793);
#460=CYLINDRICAL_SURFACE('',#9732,9.23751424377793);
#461=CYLINDRICAL_SURFACE('',#9740,16.05);
#462=CYLINDRICAL_SURFACE('',#9744,15.55);
#463=CYLINDRICAL_SURFACE('',#9751,1.5);
#464=CYLINDRICAL_SURFACE('',#9755,9.23751424377793);
#465=CYLINDRICAL_SURFACE('',#9762,9.23751424377793);
#466=CYLINDRICAL_SURFACE('',#9770,16.05);
#467=CYLINDRICAL_SURFACE('',#9774,15.55);
#468=CIRCLE('',#8856,0.25);
#469=CIRCLE('',#8857,0.5);
#470=CIRCLE('',#8859,13.35);
#471=CIRCLE('',#8860,13.6);
#472=CIRCLE('',#8862,0.25);
#473=CIRCLE('',#8863,0.499999999999999);
#474=CIRCLE('',#8867,0.25);
#475=CIRCLE('',#8869,13.6);
#476=CIRCLE('',#8871,0.25);
#477=CIRCLE('',#8876,0.25);
#478=CIRCLE('',#8877,0.5);
#479=CIRCLE('',#8879,13.35);
#480=CIRCLE('',#8880,13.6);
#481=CIRCLE('',#8882,0.25);
#482=CIRCLE('',#8883,0.5);
#483=CIRCLE('',#8889,0.25);
#484=CIRCLE('',#8891,13.6);
#485=CIRCLE('',#8893,0.25);
#486=CIRCLE('',#8896,0.25);
#487=CIRCLE('',#8897,0.499999999999999);
#488=CIRCLE('',#8899,13.35);
#489=CIRCLE('',#8900,13.6);
#490=CIRCLE('',#8902,0.25);
#491=CIRCLE('',#8903,0.500000000000002);
#492=CIRCLE('',#8906,0.25);
#493=CIRCLE('',#8907,0.500000000000001);
#494=CIRCLE('',#8909,15.75);
#495=CIRCLE('',#8910,15.5);
#496=CIRCLE('',#8912,0.25);
#497=CIRCLE('',#8913,0.5);
#498=CIRCLE('',#8916,15.5);
#499=CIRCLE('',#8918,0.25);
#500=CIRCLE('',#8921,0.25);
#501=CIRCLE('',#8923,0.750000000000001);
#502=CIRCLE('',#8924,14.4);
#503=CIRCLE('',#8925,0.999999999999999);
#504=CIRCLE('',#8926,0.75);
#505=CIRCLE('',#8927,11.3);
#506=CIRCLE('',#8928,0.25);
#507=CIRCLE('',#8929,0.5);
#508=CIRCLE('',#8930,16.6);
#509=CIRCLE('',#8931,0.5);
#510=CIRCLE('',#8933,7.6);
#511=CIRCLE('',#8934,7.1);
#512=CIRCLE('',#8936,6.6);
#513=CIRCLE('',#8938,7.6);
#514=CIRCLE('',#8940,6.1);
#515=CIRCLE('',#8941,6.1);
#516=CIRCLE('',#8943,6.1);
#517=CIRCLE('',#8945,6.6);
#518=CIRCLE('',#8947,15.1);
#519=CIRCLE('',#8948,0.25);
#520=CIRCLE('',#8949,0.5);
#521=CIRCLE('',#8950,9.8);
#522=CIRCLE('',#8951,0.5);
#523=CIRCLE('',#8952,0.25);
#524=CIRCLE('',#8953,15.1);
#525=CIRCLE('',#8954,0.5);
#526=CIRCLE('',#8955,9.8);
#527=CIRCLE('',#8956,0.5);
#528=CIRCLE('',#8958,0.75);
#529=CIRCLE('',#8959,0.25);
#530=CIRCLE('',#8962,0.5);
#531=CIRCLE('',#8963,1.);
#532=CIRCLE('',#8965,14.4);
#533=CIRCLE('',#8966,13.9);
#534=CIRCLE('',#8968,0.25);
#535=CIRCLE('',#8969,0.750000000000001);
#536=CIRCLE('',#8971,11.3);
#537=CIRCLE('',#8972,0.25);
#538=CIRCLE('',#8973,0.5);
#539=CIRCLE('',#8974,16.6);
#540=CIRCLE('',#8975,0.5);
#541=CIRCLE('',#8977,0.25);
#542=CIRCLE('',#8980,0.5);
#543=CIRCLE('',#8982,13.9);
#544=CIRCLE('',#8984,0.25);
#545=CIRCLE('',#8987,0.25);
#546=CIRCLE('',#8988,0.75);
#547=CIRCLE('',#8990,15.6);
#548=CIRCLE('',#8991,15.1);
#549=CIRCLE('',#8993,0.25);
#550=CIRCLE('',#8994,0.750000000000001);
#551=CIRCLE('',#8996,10.3);
#552=CIRCLE('',#8997,9.8);
#553=CIRCLE('',#9000,0.25);
#554=CIRCLE('',#9001,0.75);
#555=CIRCLE('',#9003,15.6);
#556=CIRCLE('',#9004,15.1);
#557=CIRCLE('',#9006,0.25);
#558=CIRCLE('',#9007,0.75);
#559=CIRCLE('',#9009,10.3);
#560=CIRCLE('',#9010,9.8);
#561=CIRCLE('',#9015,0.5);
#562=CIRCLE('',#9020,9.8);
#563=CIRCLE('',#9021,10.3);
#564=CIRCLE('',#9024,0.500000000000001);
#565=CIRCLE('',#9033,0.5);
#566=CIRCLE('',#9038,9.8);
#567=CIRCLE('',#9039,10.3);
#568=CIRCLE('',#9042,0.5);
#569=CIRCLE('',#9049,14.951387818866);
#570=CIRCLE('',#9050,16.1);
#571=CIRCLE('',#9051,0.749999999999999);
#572=CIRCLE('',#9052,10.8);
#573=CIRCLE('',#9054,14.6740377207534);
#574=CIRCLE('',#9056,13.4259622792466);
#575=CIRCLE('',#9058,13.148612181134);
#576=CIRCLE('',#9060,10.8);
#577=CIRCLE('',#9061,0.500000000000001);
#578=CIRCLE('',#9062,12.3);
#579=CIRCLE('',#9063,1.);
#580=CIRCLE('',#9071,15.1);
#581=CIRCLE('',#9077,0.25);
#582=CIRCLE('',#9078,0.75);
#583=CIRCLE('',#9080,10.8);
#584=CIRCLE('',#9081,11.3);
#585=CIRCLE('',#9083,16.1);
#586=CIRCLE('',#9084,16.6);
#587=CIRCLE('',#9087,0.25);
#588=CIRCLE('',#9089,11.3);
#589=CIRCLE('',#9091,16.6);
#590=CIRCLE('',#9092,16.6);
#591=CIRCLE('',#9095,1.);
#592=CIRCLE('',#9097,12.8);
#593=CIRCLE('',#9099,0.5);
#594=CIRCLE('',#9103,11.3);
#595=CIRCLE('',#9108,0.5);
#596=CIRCLE('',#9110,0.5);
#597=CIRCLE('',#9115,10.8);
#598=CIRCLE('',#9116,11.3);
#599=CIRCLE('',#9118,1.);
#600=CIRCLE('',#9119,0.5);
#601=CIRCLE('',#9121,12.3);
#602=CIRCLE('',#9122,12.8);
#603=CIRCLE('',#9124,0.5);
#604=CIRCLE('',#9125,1.);
#605=CIRCLE('',#9132,0.5);
#606=CIRCLE('',#9134,0.5);
#607=CIRCLE('',#9139,13.148612181134);
#608=CIRCLE('',#9141,13.4259622792466);
#609=CIRCLE('',#9143,14.6740377207534);
#610=CIRCLE('',#9145,14.951387818866);
#611=CIRCLE('',#9149,11.3);
#612=CIRCLE('',#9150,11.3);
#613=CIRCLE('',#9157,16.6);
#614=CIRCLE('',#9159,0.5);
#615=CIRCLE('',#9161,12.8);
#616=CIRCLE('',#9163,1.);
#617=CIRCLE('',#9167,1.);
#618=CIRCLE('',#9169,12.8);
#619=CIRCLE('',#9171,11.55);
#620=CIRCLE('',#9172,0.5);
#621=CIRCLE('',#9176,11.3);
#622=CIRCLE('',#9177,11.3);
#623=CIRCLE('',#9181,0.25);
#624=CIRCLE('',#9184,0.25);
#625=CIRCLE('',#9186,0.25);
#626=CIRCLE('',#9189,0.25);
#627=CIRCLE('',#9192,0.25);
#628=CIRCLE('',#9193,0.25);
#629=CIRCLE('',#9195,15.5);
#630=CIRCLE('',#9196,15.5);
#631=CIRCLE('',#9198,0.25);
#632=CIRCLE('',#9199,0.25);
#633=CIRCLE('',#9201,0.25);
#634=CIRCLE('',#9202,0.25);
#635=CIRCLE('',#9204,0.25);
#636=CIRCLE('',#9205,0.25);
#637=CIRCLE('',#9207,15.5);
#638=CIRCLE('',#9208,15.5);
#639=CIRCLE('',#9210,0.25);
#640=CIRCLE('',#9213,0.25);
#641=CIRCLE('',#9215,13.6);
#642=CIRCLE('',#9217,11.55);
#643=CIRCLE('',#9219,0.5);
#644=CIRCLE('',#9220,0.5);
#645=CIRCLE('',#9224,0.25);
#646=CIRCLE('',#9230,0.5);
#647=CIRCLE('',#9232,13.9);
#648=CIRCLE('',#9234,0.5);
#649=CIRCLE('',#9236,13.9);
#650=CIRCLE('',#9243,15.1);
#651=CIRCLE('',#9253,11.1);
#652=CIRCLE('',#9254,11.1);
#653=CIRCLE('',#9255,11.1);
#654=CIRCLE('',#9257,0.25);
#655=CIRCLE('',#9259,0.25);
#656=CIRCLE('',#9260,13.8);
#657=CIRCLE('',#9261,0.25);
#658=CIRCLE('',#9262,0.25);
#659=CIRCLE('',#9263,15.3);
#660=CIRCLE('',#9265,0.25);
#661=CIRCLE('',#9269,11.1);
#662=CIRCLE('',#9270,11.1);
#663=CIRCLE('',#9271,11.1);
#664=CIRCLE('',#9273,0.25);
#665=CIRCLE('',#9274,0.25);
#666=CIRCLE('',#9276,13.8);
#667=CIRCLE('',#9277,0.25);
#668=CIRCLE('',#9278,0.25);
#669=CIRCLE('',#9279,15.3);
#670=CIRCLE('',#9280,0.25);
#671=CIRCLE('',#9284,0.25);
#672=CIRCLE('',#9286,11.1);
#673=CIRCLE('',#9287,0.25);
#674=CIRCLE('',#9288,13.8);
#675=CIRCLE('',#9289,0.25);
#676=CIRCLE('',#9290,0.25);
#677=CIRCLE('',#9291,15.3);
#678=CIRCLE('',#9293,11.1);
#679=CIRCLE('',#9294,11.1);
#680=CIRCLE('',#9296,0.25);
#681=CIRCLE('',#9299,13.8);
#682=CIRCLE('',#9301,9.2);
#683=CIRCLE('',#9303,8.7);
#684=CIRCLE('',#9305,9.2);
#685=CIRCLE('',#9306,9.5);
#686=CIRCLE('',#9308,9.5);
#687=CIRCLE('',#9311,9.5);
#688=CIRCLE('',#9313,9.5);
#689=CIRCLE('',#9314,9.2);
#690=CIRCLE('',#9316,8.7);
#691=CIRCLE('',#9318,9.2);
#692=CIRCLE('',#9320,9.5);
#693=CIRCLE('',#9322,9.5);
#694=CIRCLE('',#9323,9.2);
#695=CIRCLE('',#9325,8.7);
#696=CIRCLE('',#9327,9.2);
#697=CIRCLE('',#9329,0.25);
#698=CIRCLE('',#9331,0.25);
#699=CIRCLE('',#9332,13.8000000000019);
#700=CIRCLE('',#9333,0.25);
#701=CIRCLE('',#9334,0.25);
#702=CIRCLE('',#9335,15.3000000000019);
#703=CIRCLE('',#9339,0.25);
#704=CIRCLE('',#9342,0.25);
#705=CIRCLE('',#9344,0.25);
#706=CIRCLE('',#9346,0.25);
#707=CIRCLE('',#9347,13.8000000000019);
#708=CIRCLE('',#9348,0.25);
#709=CIRCLE('',#9349,0.25);
#710=CIRCLE('',#9350,15.3000000000019);
#711=CIRCLE('',#9354,0.25);
#712=CIRCLE('',#9357,0.25);
#713=CIRCLE('',#9359,0.25);
#714=CIRCLE('',#9360,0.25);
#715=CIRCLE('',#9363,0.25);
#716=CIRCLE('',#9365,13.8000000000019);
#717=CIRCLE('',#9366,13.8);
#718=CIRCLE('',#9368,0.25);
#719=CIRCLE('',#9371,0.25);
#720=CIRCLE('',#9372,0.25);
#721=CIRCLE('',#9374,15.3000000000019);
#722=CIRCLE('',#9375,15.3);
#723=CIRCLE('',#9376,15.3);
#724=CIRCLE('',#9379,1.75);
#725=CIRCLE('',#9381,1.75);
#726=CIRCLE('',#9383,1.75);
#727=CIRCLE('',#9384,1.75);
#728=CIRCLE('',#9388,1.75);
#729=CIRCLE('',#9392,1.75);
#730=CIRCLE('',#9394,9.5);
#731=CIRCLE('',#9395,9.5);
#732=CIRCLE('',#9396,9.5);
#733=CIRCLE('',#9398,9.5);
#734=CIRCLE('',#9399,9.5);
#735=CIRCLE('',#9400,9.5);
#736=CIRCLE('',#9402,9.5);
#737=CIRCLE('',#9403,9.5);
#738=CIRCLE('',#9404,9.5);
#739=CIRCLE('',#9405,9.5);
#740=CIRCLE('',#9407,9.5);
#741=CIRCLE('',#9408,9.5);
#742=CIRCLE('',#9410,13.8);
#743=CIRCLE('',#9411,15.3);
#744=CIRCLE('',#9414,15.3);
#745=CIRCLE('',#9416,14.1180470413609);
#746=CIRCLE('',#9420,13.8);
#747=CIRCLE('',#9424,10.9);
#748=CIRCLE('',#9430,14.1180470413609);
#749=CIRCLE('',#9435,10.9);
#750=CIRCLE('',#9438,13.8);
#751=CIRCLE('',#9439,15.3);
#752=CIRCLE('',#9442,15.3);
#753=CIRCLE('',#9444,14.1180470413609);
#754=CIRCLE('',#9447,13.8);
#755=CIRCLE('',#9451,10.9);
#756=CIRCLE('',#9454,10.895);
#757=CIRCLE('',#9455,10.29);
#758=CIRCLE('',#9456,10.895);
#759=CIRCLE('',#9457,10.29);
#760=CIRCLE('',#9458,10.895);
#761=CIRCLE('',#9459,10.29);
#762=CIRCLE('',#9460,10.895);
#763=CIRCLE('',#9461,10.29);
#764=CIRCLE('',#9462,10.895);
#765=CIRCLE('',#9463,10.29);
#766=CIRCLE('',#9464,10.895);
#767=CIRCLE('',#9465,10.29);
#768=CIRCLE('',#9466,10.895);
#769=CIRCLE('',#9467,10.29);
#770=CIRCLE('',#9468,10.895);
#771=CIRCLE('',#9469,10.29);
#772=CIRCLE('',#9470,10.895);
#773=CIRCLE('',#9471,10.29);
#774=CIRCLE('',#9472,10.895);
#775=CIRCLE('',#9473,10.29);
#776=CIRCLE('',#9474,10.895);
#777=CIRCLE('',#9475,9.95999999999999);
#778=CIRCLE('',#9477,10.895);
#779=CIRCLE('',#9480,10.29);
#780=CIRCLE('',#9483,10.895);
#781=CIRCLE('',#9486,10.29);
#782=CIRCLE('',#9489,10.895);
#783=CIRCLE('',#9492,10.29);
#784=CIRCLE('',#9495,10.895);
#785=CIRCLE('',#9498,10.29);
#786=CIRCLE('',#9501,10.895);
#787=CIRCLE('',#9504,10.29);
#788=CIRCLE('',#9507,8.25);
#789=CIRCLE('',#9508,8.51);
#790=CIRCLE('',#9509,8.25);
#791=CIRCLE('',#9511,8.25);
#792=CIRCLE('',#9513,9.395);
#793=CIRCLE('',#9514,9.385);
#794=CIRCLE('',#9515,9.395);
#795=CIRCLE('',#9516,9.385);
#796=CIRCLE('',#9517,9.39499999999999);
#797=CIRCLE('',#9518,9.385);
#798=CIRCLE('',#9519,9.395);
#799=CIRCLE('',#9520,9.385);
#800=CIRCLE('',#9521,9.395);
#801=CIRCLE('',#9522,9.385);
#802=CIRCLE('',#9523,9.395);
#803=CIRCLE('',#9524,9.385);
#804=CIRCLE('',#9525,9.395);
#805=CIRCLE('',#9526,9.385);
#806=CIRCLE('',#9527,9.395);
#807=CIRCLE('',#9528,9.385);
#808=CIRCLE('',#9529,9.395);
#809=CIRCLE('',#9530,9.385);
#810=CIRCLE('',#9531,9.395);
#811=CIRCLE('',#9532,9.385);
#812=CIRCLE('',#9534,4.505);
#813=CIRCLE('',#9535,1.);
#814=CIRCLE('',#9536,4.505);
#815=CIRCLE('',#9537,1.);
#816=CIRCLE('',#9538,4.505);
#817=CIRCLE('',#9539,1.);
#818=CIRCLE('',#9540,4.505);
#819=CIRCLE('',#9541,1.);
#820=CIRCLE('',#9542,4.505);
#821=CIRCLE('',#9543,1.);
#822=CIRCLE('',#9544,4.505);
#823=CIRCLE('',#9545,1.);
#824=CIRCLE('',#9546,4.505);
#825=CIRCLE('',#9547,1.);
#826=CIRCLE('',#9548,4.505);
#827=CIRCLE('',#9549,1.);
#828=CIRCLE('',#9551,4.505);
#829=CIRCLE('',#9553,1.);
#830=CIRCLE('',#9555,4.505);
#831=CIRCLE('',#9557,1.);
#832=CIRCLE('',#9559,4.505);
#833=CIRCLE('',#9561,1.);
#834=CIRCLE('',#9563,4.505);
#835=CIRCLE('',#9565,1.);
#836=CIRCLE('',#9567,5.85);
#837=CIRCLE('',#9568,5.6);
#838=CIRCLE('',#9569,5.85);
#839=CIRCLE('',#9571,5.85);
#840=CIRCLE('',#9573,1.);
#841=CIRCLE('',#9574,4.505);
#842=CIRCLE('',#9575,1.);
#843=CIRCLE('',#9576,4.505);
#844=CIRCLE('',#9577,1.);
#845=CIRCLE('',#9578,4.505);
#846=CIRCLE('',#9579,1.);
#847=CIRCLE('',#9580,4.505);
#848=CIRCLE('',#9582,9.1);
#849=CIRCLE('',#9583,9.52);
#850=CIRCLE('',#9584,9.1);
#851=CIRCLE('',#9586,9.1);
#852=CIRCLE('',#9587,9.1);
#853=CIRCLE('',#9590,7.84);
#854=CIRCLE('',#9593,10.895);
#855=CIRCLE('',#9597,10.895);
#856=CIRCLE('',#9601,10.895);
#857=CIRCLE('',#9611,10.895);
#858=CIRCLE('',#9615,10.895);
#859=CIRCLE('',#9618,9.39);
#860=CIRCLE('',#9619,10.29);
#861=CIRCLE('',#9621,9.385);
#862=CIRCLE('',#9623,9.39);
#863=CIRCLE('',#9624,10.29);
#864=CIRCLE('',#9626,9.385);
#865=CIRCLE('',#9628,9.39);
#866=CIRCLE('',#9629,10.29);
#867=CIRCLE('',#9631,9.385);
#868=CIRCLE('',#9633,9.39);
#869=CIRCLE('',#9634,10.29);
#870=CIRCLE('',#9636,9.385);
#871=CIRCLE('',#9638,9.39);
#872=CIRCLE('',#9640,9.385);
#873=CIRCLE('',#9642,9.39);
#874=CIRCLE('',#9644,9.385);
#875=CIRCLE('',#9646,9.39);
#876=CIRCLE('',#9648,9.385);
#877=CIRCLE('',#9650,9.39);
#878=CIRCLE('',#9652,9.385);
#879=CIRCLE('',#9654,9.39);
#880=CIRCLE('',#9656,9.385);
#881=CIRCLE('',#9658,9.39);
#882=CIRCLE('',#9659,10.29);
#883=CIRCLE('',#9661,9.385);
#884=CIRCLE('',#9692,1.5);
#885=CIRCLE('',#9693,1.5);
#886=CIRCLE('',#9696,9.23751424377788);
#887=CIRCLE('',#9697,9.23751424377788);
#888=CIRCLE('',#9700,10.93669454159);
#889=CIRCLE('',#9701,9.23751424377788);
#890=CIRCLE('',#9703,9.23751424377788);
#891=CIRCLE('',#9705,11.0100823284313);
#892=CIRCLE('',#9707,14.731712405877);
#893=CIRCLE('',#9709,16.05);
#894=CIRCLE('',#9711,16.05);
#895=CIRCLE('',#9713,15.5499999999999);
#896=CIRCLE('',#9715,15.5499999999999);
#897=CIRCLE('',#9717,14.3226021628663);
#898=CIRCLE('',#9722,1.5);
#899=CIRCLE('',#9723,1.5);
#900=CIRCLE('',#9726,9.23751424377788);
#901=CIRCLE('',#9727,9.23751424377788);
#902=CIRCLE('',#9730,10.93669454159);
#903=CIRCLE('',#9731,9.23751424377788);
#904=CIRCLE('',#9733,9.23751424377788);
#905=CIRCLE('',#9735,11.0100823284313);
#906=CIRCLE('',#9737,14.731712405877);
#907=CIRCLE('',#9739,16.05);
#908=CIRCLE('',#9741,16.05);
#909=CIRCLE('',#9743,15.5499999999999);
#910=CIRCLE('',#9745,15.5499999999999);
#911=CIRCLE('',#9747,14.3226021628663);
#912=CIRCLE('',#9752,1.5);
#913=CIRCLE('',#9753,1.5);
#914=CIRCLE('',#9756,9.23751424377788);
#915=CIRCLE('',#9757,9.23751424377788);
#916=CIRCLE('',#9760,10.93669454159);
#917=CIRCLE('',#9761,9.23751424377788);
#918=CIRCLE('',#9763,9.23751424377788);
#919=CIRCLE('',#9765,11.0100823284313);
#920=CIRCLE('',#9767,14.731712405877);
#921=CIRCLE('',#9769,16.05);
#922=CIRCLE('',#9771,16.05);
#923=CIRCLE('',#9773,15.5499999999999);
#924=CIRCLE('',#9775,15.5499999999999);
#925=CIRCLE('',#9777,14.3226021628663);
#926=CONICAL_SURFACE('',#8855,0.375,0.785398163397449);
#927=CONICAL_SURFACE('',#8858,13.475,0.785398163397451);
#928=CONICAL_SURFACE('',#8861,0.375,0.785398163397446);
#929=CONICAL_SURFACE('',#8875,0.375,0.785398163397449);
#930=CONICAL_SURFACE('',#8878,13.475,0.785398163397451);
#931=CONICAL_SURFACE('',#8881,0.375,0.785398163397449);
#932=CONICAL_SURFACE('',#8895,0.375,0.785398163397447);
#933=CONICAL_SURFACE('',#8898,13.475,0.785398163397447);
#934=CONICAL_SURFACE('',#8901,0.375000000000001,0.785398163397451);
#935=CONICAL_SURFACE('',#8905,0.375,0.78539816339745);
#936=CONICAL_SURFACE('',#8908,15.625,0.785398163397447);
#937=CONICAL_SURFACE('',#8911,0.375,0.785398163397449);
#938=CONICAL_SURFACE('',#8932,7.35,0.785398163397449);
#939=CONICAL_SURFACE('',#8939,6.35,0.785398163397449);
#940=CONICAL_SURFACE('',#8944,6.35,0.785398163397449);
#941=CONICAL_SURFACE('',#8957,0.5,0.785398163397448);
#942=CONICAL_SURFACE('',#8961,0.75,0.785398163397448);
#943=CONICAL_SURFACE('',#8964,14.15,0.785398163397449);
#944=CONICAL_SURFACE('',#8967,0.500000000000001,0.78539816339745);
#945=CONICAL_SURFACE('',#8976,0.5,0.785398163397448);
#946=CONICAL_SURFACE('',#8979,0.75,0.785398163397448);
#947=CONICAL_SURFACE('',#8981,14.15,0.785398163397451);
#948=CONICAL_SURFACE('',#8983,0.5,0.785398163397449);
#949=CONICAL_SURFACE('',#8986,0.5,0.785398163397448);
#950=CONICAL_SURFACE('',#8989,15.35,0.785398163397451);
#951=CONICAL_SURFACE('',#8992,0.5,0.785398163397449);
#952=CONICAL_SURFACE('',#8995,10.05,0.785398163397448);
#953=CONICAL_SURFACE('',#8999,0.5,0.785398163397449);
#954=CONICAL_SURFACE('',#9002,15.35,0.785398163397451);
#955=CONICAL_SURFACE('',#9005,0.5,0.785398163397448);
#956=CONICAL_SURFACE('',#9008,10.05,0.78539816339745);
#957=CONICAL_SURFACE('',#9014,0.5,0.785398163397448);
#958=CONICAL_SURFACE('',#9019,10.05,0.785398163397448);
#959=CONICAL_SURFACE('',#9023,0.500000000000001,0.785398163397449);
#960=CONICAL_SURFACE('',#9032,0.5,0.785398163397448);
#961=CONICAL_SURFACE('',#9037,10.05,0.785398163397449);
#962=CONICAL_SURFACE('',#9041,0.5,0.785398163397448);
#963=CONICAL_SURFACE('',#9055,14.05,0.982793723247329);
#964=CONICAL_SURFACE('',#9076,0.5,0.785398163397448);
#965=CONICAL_SURFACE('',#9079,11.05,0.785398163397449);
#966=CONICAL_SURFACE('',#9082,16.35,0.785398163397453);
#967=CONICAL_SURFACE('',#9086,0.499999999999999,0.785398163397447);
#968=CONICAL_SURFACE('',#9088,11.05,0.78539816339745);
#969=CONICAL_SURFACE('',#9090,16.35,0.785398163397449);
#970=CONICAL_SURFACE('',#9094,0.75,0.785398163397448);
#971=CONICAL_SURFACE('',#9096,12.55,0.785398163397447);
#972=CONICAL_SURFACE('',#9098,0.75,0.785398163397449);
#973=CONICAL_SURFACE('',#9102,11.05,0.785398163397453);
#974=CONICAL_SURFACE('',#9107,0.5,0.785398163397449);
#975=CONICAL_SURFACE('',#9109,0.5,0.785398163397448);
#976=CONICAL_SURFACE('',#9114,11.05,0.78539816339745);
#977=CONICAL_SURFACE('',#9117,0.75,0.785398163397448);
#978=CONICAL_SURFACE('',#9120,12.55,0.785398163397449);
#979=CONICAL_SURFACE('',#9123,0.75,0.785398163397449);
#980=CONICAL_SURFACE('',#9131,0.5,0.785398163397449);
#981=CONICAL_SURFACE('',#9133,0.5,0.785398163397449);
#982=CONICAL_SURFACE('',#9142,14.05,0.982793723247329);
#983=CONICAL_SURFACE('',#9300,9.1,0.785398163397448);
#984=CONICAL_SURFACE('',#9312,9.1,0.785398163397448);
#985=CONICAL_SURFACE('',#9321,9.1,0.785398163397448);
#986=CONICAL_SURFACE('',#9415,14.7090235206804,0.26714672984543);
#987=CONICAL_SURFACE('',#9417,10.3,1.06316731847355);
#988=CONICAL_SURFACE('',#9423,13.1,1.27932634171184);
#989=CONICAL_SURFACE('',#9429,14.7090235206804,0.26714672984543);
#990=CONICAL_SURFACE('',#9431,10.3,1.06316731847355);
#991=CONICAL_SURFACE('',#9434,13.1,1.27932634171184);
#992=CONICAL_SURFACE('',#9443,14.7090235206804,0.26714672984543);
#993=CONICAL_SURFACE('',#9445,10.3,1.06316731847355);
#994=CONICAL_SURFACE('',#9450,13.1,1.27932634171184);
#995=CONICAL_SURFACE('',#9453,10.4275,0.863051500009684);
#996=CONICAL_SURFACE('',#9506,8.38,0.785398163397448);
#997=CONICAL_SURFACE('',#9566,5.725,0.785398163397449);
#998=CONICAL_SURFACE('',#9581,9.31,0.785398163397449);
#999=CONICAL_SURFACE('',#9589,8.47,0.785398163397448);
#1000=CONICAL_SURFACE('',#9592,10.145,0.785398163397448);
#1001=CONICAL_SURFACE('',#9596,10.145,0.785398163397448);
#1002=CONICAL_SURFACE('',#9600,10.145,0.785398163397449);
#1003=CONICAL_SURFACE('',#9604,10.145,0.785398163397448);
#1004=CONICAL_SURFACE('',#9605,10.145,0.785398163397448);
#1005=CONICAL_SURFACE('',#9606,10.145,0.785398163397448);
#1006=CONICAL_SURFACE('',#9607,10.145,0.785398163397448);
#1007=CONICAL_SURFACE('',#9608,10.145,0.785398163397449);
#1008=CONICAL_SURFACE('',#9610,10.145,0.785398163397448);
#1009=CONICAL_SURFACE('',#9614,10.145,0.785398163397448);
#1010=CONICAL_SURFACE('',#9617,9.84,0.785398163397449);
#1011=CONICAL_SURFACE('',#9622,9.84,0.785398163397448);
#1012=CONICAL_SURFACE('',#9627,9.84,0.785398163397448);
#1013=CONICAL_SURFACE('',#9632,9.84,0.78539816339745);
#1014=CONICAL_SURFACE('',#9637,9.84,0.785398163397449);
#1015=CONICAL_SURFACE('',#9641,9.84,0.785398163397449);
#1016=CONICAL_SURFACE('',#9645,9.84,0.785398163397448);
#1017=CONICAL_SURFACE('',#9649,9.84,0.785398163397449);
#1018=CONICAL_SURFACE('',#9653,9.84,0.785398163397449);
#1019=CONICAL_SURFACE('',#9657,9.84,0.785398163397449);
#1020=CONICAL_SURFACE('',#9706,12.8708973671543,1.27932634171184);
#1021=CONICAL_SURFACE('',#9708,15.3908562029386,0.26714672984543);
#1022=CONICAL_SURFACE('',#9716,14.9363010814332,0.26714672984543);
#1023=CONICAL_SURFACE('',#9718,12.6296483522282,1.27932634171184);
#1024=CONICAL_SURFACE('',#9736,12.8708973671543,1.27932634171184);
#1025=CONICAL_SURFACE('',#9738,15.3908562029386,0.26714672984543);
#1026=CONICAL_SURFACE('',#9746,14.9363010814332,0.26714672984543);
#1027=CONICAL_SURFACE('',#9748,12.6296483522282,1.27932634171184);
#1028=CONICAL_SURFACE('',#9766,12.8708973671543,1.27932634171184);
#1029=CONICAL_SURFACE('',#9768,15.3908562029386,0.26714672984543);
#1030=CONICAL_SURFACE('',#9776,14.9363010814332,0.26714672984543);
#1031=CONICAL_SURFACE('',#9778,12.6296483522282,1.27932634171184);
#1032=FACE_OUTER_BOUND('',#1525,.T.);
#1033=FACE_OUTER_BOUND('',#1526,.T.);
#1034=FACE_OUTER_BOUND('',#1527,.T.);
#1035=FACE_OUTER_BOUND('',#1528,.T.);
#1036=FACE_OUTER_BOUND('',#1529,.T.);
#1037=FACE_OUTER_BOUND('',#1530,.T.);
#1038=FACE_OUTER_BOUND('',#1531,.T.);
#1039=FACE_OUTER_BOUND('',#1532,.T.);
#1040=FACE_OUTER_BOUND('',#1533,.T.);
#1041=FACE_OUTER_BOUND('',#1534,.T.);
#1042=FACE_OUTER_BOUND('',#1535,.T.);
#1043=FACE_OUTER_BOUND('',#1536,.T.);
#1044=FACE_OUTER_BOUND('',#1537,.T.);
#1045=FACE_OUTER_BOUND('',#1538,.T.);
#1046=FACE_OUTER_BOUND('',#1539,.T.);
#1047=FACE_OUTER_BOUND('',#1540,.T.);
#1048=FACE_OUTER_BOUND('',#1541,.T.);
#1049=FACE_OUTER_BOUND('',#1542,.T.);
#1050=FACE_OUTER_BOUND('',#1543,.T.);
#1051=FACE_OUTER_BOUND('',#1544,.T.);
#1052=FACE_OUTER_BOUND('',#1545,.T.);
#1053=FACE_OUTER_BOUND('',#1546,.T.);
#1054=FACE_OUTER_BOUND('',#1547,.T.);
#1055=FACE_OUTER_BOUND('',#1548,.T.);
#1056=FACE_OUTER_BOUND('',#1549,.T.);
#1057=FACE_OUTER_BOUND('',#1550,.T.);
#1058=FACE_OUTER_BOUND('',#1551,.T.);
#1059=FACE_OUTER_BOUND('',#1552,.T.);
#1060=FACE_OUTER_BOUND('',#1553,.T.);
#1061=FACE_OUTER_BOUND('',#1554,.T.);
#1062=FACE_OUTER_BOUND('',#1555,.T.);
#1063=FACE_OUTER_BOUND('',#1556,.T.);
#1064=FACE_OUTER_BOUND('',#1558,.T.);
#1065=FACE_OUTER_BOUND('',#1559,.T.);
#1066=FACE_OUTER_BOUND('',#1561,.T.);
#1067=FACE_OUTER_BOUND('',#1562,.T.);
#1068=FACE_OUTER_BOUND('',#1563,.T.);
#1069=FACE_OUTER_BOUND('',#1564,.T.);
#1070=FACE_OUTER_BOUND('',#1565,.T.);
#1071=FACE_OUTER_BOUND('',#1567,.T.);
#1072=FACE_OUTER_BOUND('',#1568,.T.);
#1073=FACE_OUTER_BOUND('',#1569,.T.);
#1074=FACE_OUTER_BOUND('',#1570,.T.);
#1075=FACE_OUTER_BOUND('',#1571,.T.);
#1076=FACE_OUTER_BOUND('',#1572,.T.);
#1077=FACE_OUTER_BOUND('',#1573,.T.);
#1078=FACE_OUTER_BOUND('',#1574,.T.);
#1079=FACE_OUTER_BOUND('',#1575,.T.);
#1080=FACE_OUTER_BOUND('',#1576,.T.);
#1081=FACE_OUTER_BOUND('',#1577,.T.);
#1082=FACE_OUTER_BOUND('',#1578,.T.);
#1083=FACE_OUTER_BOUND('',#1579,.T.);
#1084=FACE_OUTER_BOUND('',#1580,.T.);
#1085=FACE_OUTER_BOUND('',#1581,.T.);
#1086=FACE_OUTER_BOUND('',#1582,.T.);
#1087=FACE_OUTER_BOUND('',#1583,.T.);
#1088=FACE_OUTER_BOUND('',#1584,.T.);
#1089=FACE_OUTER_BOUND('',#1585,.T.);
#1090=FACE_OUTER_BOUND('',#1586,.T.);
#1091=FACE_OUTER_BOUND('',#1587,.T.);
#1092=FACE_OUTER_BOUND('',#1588,.T.);
#1093=FACE_OUTER_BOUND('',#1589,.T.);
#1094=FACE_OUTER_BOUND('',#1590,.T.);
#1095=FACE_OUTER_BOUND('',#1591,.T.);
#1096=FACE_OUTER_BOUND('',#1592,.T.);
#1097=FACE_OUTER_BOUND('',#1593,.T.);
#1098=FACE_OUTER_BOUND('',#1594,.T.);
#1099=FACE_OUTER_BOUND('',#1595,.T.);
#1100=FACE_OUTER_BOUND('',#1596,.T.);
#1101=FACE_OUTER_BOUND('',#1597,.T.);
#1102=FACE_OUTER_BOUND('',#1598,.T.);
#1103=FACE_OUTER_BOUND('',#1599,.T.);
#1104=FACE_OUTER_BOUND('',#1600,.T.);
#1105=FACE_OUTER_BOUND('',#1601,.T.);
#1106=FACE_OUTER_BOUND('',#1602,.T.);
#1107=FACE_OUTER_BOUND('',#1603,.T.);
#1108=FACE_OUTER_BOUND('',#1604,.T.);
#1109=FACE_OUTER_BOUND('',#1605,.T.);
#1110=FACE_OUTER_BOUND('',#1606,.T.);
#1111=FACE_OUTER_BOUND('',#1607,.T.);
#1112=FACE_OUTER_BOUND('',#1608,.T.);
#1113=FACE_OUTER_BOUND('',#1609,.T.);
#1114=FACE_OUTER_BOUND('',#1610,.T.);
#1115=FACE_OUTER_BOUND('',#1611,.T.);
#1116=FACE_OUTER_BOUND('',#1612,.T.);
#1117=FACE_OUTER_BOUND('',#1613,.T.);
#1118=FACE_OUTER_BOUND('',#1614,.T.);
#1119=FACE_OUTER_BOUND('',#1615,.T.);
#1120=FACE_OUTER_BOUND('',#1616,.T.);
#1121=FACE_OUTER_BOUND('',#1617,.T.);
#1122=FACE_OUTER_BOUND('',#1618,.T.);
#1123=FACE_OUTER_BOUND('',#1619,.T.);
#1124=FACE_OUTER_BOUND('',#1620,.T.);
#1125=FACE_OUTER_BOUND('',#1621,.T.);
#1126=FACE_OUTER_BOUND('',#1622,.T.);
#1127=FACE_OUTER_BOUND('',#1623,.T.);
#1128=FACE_OUTER_BOUND('',#1624,.T.);
#1129=FACE_OUTER_BOUND('',#1625,.T.);
#1130=FACE_OUTER_BOUND('',#1626,.T.);
#1131=FACE_OUTER_BOUND('',#1627,.T.);
#1132=FACE_OUTER_BOUND('',#1628,.T.);
#1133=FACE_OUTER_BOUND('',#1629,.T.);
#1134=FACE_OUTER_BOUND('',#1630,.T.);
#1135=FACE_OUTER_BOUND('',#1631,.T.);
#1136=FACE_OUTER_BOUND('',#1632,.T.);
#1137=FACE_OUTER_BOUND('',#1633,.T.);
#1138=FACE_OUTER_BOUND('',#1634,.T.);
#1139=FACE_OUTER_BOUND('',#1635,.T.);
#1140=FACE_OUTER_BOUND('',#1636,.T.);
#1141=FACE_OUTER_BOUND('',#1637,.T.);
#1142=FACE_OUTER_BOUND('',#1638,.T.);
#1143=FACE_OUTER_BOUND('',#1639,.T.);
#1144=FACE_OUTER_BOUND('',#1640,.T.);
#1145=FACE_OUTER_BOUND('',#1641,.T.);
#1146=FACE_OUTER_BOUND('',#1642,.T.);
#1147=FACE_OUTER_BOUND('',#1643,.T.);
#1148=FACE_OUTER_BOUND('',#1644,.T.);
#1149=FACE_OUTER_BOUND('',#1645,.T.);
#1150=FACE_OUTER_BOUND('',#1646,.T.);
#1151=FACE_OUTER_BOUND('',#1647,.T.);
#1152=FACE_OUTER_BOUND('',#1648,.T.);
#1153=FACE_OUTER_BOUND('',#1649,.T.);
#1154=FACE_OUTER_BOUND('',#1650,.T.);
#1155=FACE_OUTER_BOUND('',#1651,.T.);
#1156=FACE_OUTER_BOUND('',#1652,.T.);
#1157=FACE_OUTER_BOUND('',#1653,.T.);
#1158=FACE_OUTER_BOUND('',#1654,.T.);
#1159=FACE_OUTER_BOUND('',#1655,.T.);
#1160=FACE_OUTER_BOUND('',#1656,.T.);
#1161=FACE_OUTER_BOUND('',#1657,.T.);
#1162=FACE_OUTER_BOUND('',#1658,.T.);
#1163=FACE_OUTER_BOUND('',#1659,.T.);
#1164=FACE_OUTER_BOUND('',#1660,.T.);
#1165=FACE_OUTER_BOUND('',#1661,.T.);
#1166=FACE_OUTER_BOUND('',#1662,.T.);
#1167=FACE_OUTER_BOUND('',#1663,.T.);
#1168=FACE_OUTER_BOUND('',#1664,.T.);
#1169=FACE_OUTER_BOUND('',#1665,.T.);
#1170=FACE_OUTER_BOUND('',#1666,.T.);
#1171=FACE_OUTER_BOUND('',#1667,.T.);
#1172=FACE_OUTER_BOUND('',#1668,.T.);
#1173=FACE_OUTER_BOUND('',#1669,.T.);
#1174=FACE_OUTER_BOUND('',#1670,.T.);
#1175=FACE_OUTER_BOUND('',#1671,.T.);
#1176=FACE_OUTER_BOUND('',#1672,.T.);
#1177=FACE_OUTER_BOUND('',#1673,.T.);
#1178=FACE_OUTER_BOUND('',#1674,.T.);
#1179=FACE_OUTER_BOUND('',#1675,.T.);
#1180=FACE_OUTER_BOUND('',#1676,.T.);
#1181=FACE_OUTER_BOUND('',#1677,.T.);
#1182=FACE_OUTER_BOUND('',#1678,.T.);
#1183=FACE_OUTER_BOUND('',#1679,.T.);
#1184=FACE_OUTER_BOUND('',#1680,.T.);
#1185=FACE_OUTER_BOUND('',#1681,.T.);
#1186=FACE_OUTER_BOUND('',#1682,.T.);
#1187=FACE_OUTER_BOUND('',#1683,.T.);
#1188=FACE_OUTER_BOUND('',#1684,.T.);
#1189=FACE_OUTER_BOUND('',#1685,.T.);
#1190=FACE_OUTER_BOUND('',#1686,.T.);
#1191=FACE_OUTER_BOUND('',#1687,.T.);
#1192=FACE_OUTER_BOUND('',#1688,.T.);
#1193=FACE_OUTER_BOUND('',#1689,.T.);
#1194=FACE_OUTER_BOUND('',#1690,.T.);
#1195=FACE_OUTER_BOUND('',#1691,.T.);
#1196=FACE_OUTER_BOUND('',#1692,.T.);
#1197=FACE_OUTER_BOUND('',#1693,.T.);
#1198=FACE_OUTER_BOUND('',#1694,.T.);
#1199=FACE_OUTER_BOUND('',#1695,.T.);
#1200=FACE_OUTER_BOUND('',#1696,.T.);
#1201=FACE_OUTER_BOUND('',#1697,.T.);
#1202=FACE_OUTER_BOUND('',#1698,.T.);
#1203=FACE_OUTER_BOUND('',#1699,.T.);
#1204=FACE_OUTER_BOUND('',#1700,.T.);
#1205=FACE_OUTER_BOUND('',#1701,.T.);
#1206=FACE_OUTER_BOUND('',#1702,.T.);
#1207=FACE_OUTER_BOUND('',#1703,.T.);
#1208=FACE_OUTER_BOUND('',#1704,.T.);
#1209=FACE_OUTER_BOUND('',#1705,.T.);
#1210=FACE_OUTER_BOUND('',#1706,.T.);
#1211=FACE_OUTER_BOUND('',#1707,.T.);
#1212=FACE_OUTER_BOUND('',#1708,.T.);
#1213=FACE_OUTER_BOUND('',#1709,.T.);
#1214=FACE_OUTER_BOUND('',#1710,.T.);
#1215=FACE_OUTER_BOUND('',#1711,.T.);
#1216=FACE_OUTER_BOUND('',#1712,.T.);
#1217=FACE_OUTER_BOUND('',#1713,.T.);
#1218=FACE_OUTER_BOUND('',#1714,.T.);
#1219=FACE_OUTER_BOUND('',#1715,.T.);
#1220=FACE_OUTER_BOUND('',#1716,.T.);
#1221=FACE_OUTER_BOUND('',#1717,.T.);
#1222=FACE_OUTER_BOUND('',#1718,.T.);
#1223=FACE_OUTER_BOUND('',#1719,.T.);
#1224=FACE_OUTER_BOUND('',#1720,.T.);
#1225=FACE_OUTER_BOUND('',#1721,.T.);
#1226=FACE_OUTER_BOUND('',#1722,.T.);
#1227=FACE_OUTER_BOUND('',#1723,.T.);
#1228=FACE_OUTER_BOUND('',#1724,.T.);
#1229=FACE_OUTER_BOUND('',#1725,.T.);
#1230=FACE_OUTER_BOUND('',#1726,.T.);
#1231=FACE_OUTER_BOUND('',#1727,.T.);
#1232=FACE_OUTER_BOUND('',#1728,.T.);
#1233=FACE_OUTER_BOUND('',#1729,.T.);
#1234=FACE_OUTER_BOUND('',#1730,.T.);
#1235=FACE_OUTER_BOUND('',#1731,.T.);
#1236=FACE_OUTER_BOUND('',#1732,.T.);
#1237=FACE_OUTER_BOUND('',#1733,.T.);
#1238=FACE_OUTER_BOUND('',#1734,.T.);
#1239=FACE_OUTER_BOUND('',#1735,.T.);
#1240=FACE_OUTER_BOUND('',#1736,.T.);
#1241=FACE_OUTER_BOUND('',#1737,.T.);
#1242=FACE_OUTER_BOUND('',#1738,.T.);
#1243=FACE_OUTER_BOUND('',#1739,.T.);
#1244=FACE_OUTER_BOUND('',#1740,.T.);
#1245=FACE_OUTER_BOUND('',#1741,.T.);
#1246=FACE_OUTER_BOUND('',#1742,.T.);
#1247=FACE_OUTER_BOUND('',#1743,.T.);
#1248=FACE_OUTER_BOUND('',#1744,.T.);
#1249=FACE_OUTER_BOUND('',#1745,.T.);
#1250=FACE_OUTER_BOUND('',#1746,.T.);
#1251=FACE_OUTER_BOUND('',#1747,.T.);
#1252=FACE_OUTER_BOUND('',#1748,.T.);
#1253=FACE_OUTER_BOUND('',#1749,.T.);
#1254=FACE_OUTER_BOUND('',#1750,.T.);
#1255=FACE_OUTER_BOUND('',#1751,.T.);
#1256=FACE_OUTER_BOUND('',#1752,.T.);
#1257=FACE_OUTER_BOUND('',#1753,.T.);
#1258=FACE_OUTER_BOUND('',#1754,.T.);
#1259=FACE_OUTER_BOUND('',#1755,.T.);
#1260=FACE_OUTER_BOUND('',#1756,.T.);
#1261=FACE_OUTER_BOUND('',#1757,.T.);
#1262=FACE_OUTER_BOUND('',#1758,.T.);
#1263=FACE_OUTER_BOUND('',#1759,.T.);
#1264=FACE_OUTER_BOUND('',#1760,.T.);
#1265=FACE_OUTER_BOUND('',#1761,.T.);
#1266=FACE_OUTER_BOUND('',#1762,.T.);
#1267=FACE_OUTER_BOUND('',#1763,.T.);
#1268=FACE_OUTER_BOUND('',#1764,.T.);
#1269=FACE_OUTER_BOUND('',#1765,.T.);
#1270=FACE_OUTER_BOUND('',#1766,.T.);
#1271=FACE_OUTER_BOUND('',#1767,.T.);
#1272=FACE_OUTER_BOUND('',#1768,.T.);
#1273=FACE_OUTER_BOUND('',#1775,.T.);
#1274=FACE_OUTER_BOUND('',#1776,.T.);
#1275=FACE_OUTER_BOUND('',#1777,.T.);
#1276=FACE_OUTER_BOUND('',#1778,.T.);
#1277=FACE_OUTER_BOUND('',#1779,.T.);
#1278=FACE_OUTER_BOUND('',#1780,.T.);
#1279=FACE_OUTER_BOUND('',#1781,.T.);
#1280=FACE_OUTER_BOUND('',#1782,.T.);
#1281=FACE_OUTER_BOUND('',#1783,.T.);
#1282=FACE_OUTER_BOUND('',#1784,.T.);
#1283=FACE_OUTER_BOUND('',#1785,.T.);
#1284=FACE_OUTER_BOUND('',#1786,.T.);
#1285=FACE_OUTER_BOUND('',#1787,.T.);
#1286=FACE_OUTER_BOUND('',#1788,.T.);
#1287=FACE_OUTER_BOUND('',#1789,.T.);
#1288=FACE_OUTER_BOUND('',#1790,.T.);
#1289=FACE_OUTER_BOUND('',#1791,.T.);
#1290=FACE_OUTER_BOUND('',#1792,.T.);
#1291=FACE_OUTER_BOUND('',#1793,.T.);
#1292=FACE_OUTER_BOUND('',#1794,.T.);
#1293=FACE_OUTER_BOUND('',#1795,.T.);
#1294=FACE_OUTER_BOUND('',#1796,.T.);
#1295=FACE_OUTER_BOUND('',#1797,.T.);
#1296=FACE_OUTER_BOUND('',#1798,.T.);
#1297=FACE_OUTER_BOUND('',#1799,.T.);
#1298=FACE_OUTER_BOUND('',#1800,.T.);
#1299=FACE_OUTER_BOUND('',#1801,.T.);
#1300=FACE_OUTER_BOUND('',#1802,.T.);
#1301=FACE_OUTER_BOUND('',#1803,.T.);
#1302=FACE_OUTER_BOUND('',#1804,.T.);
#1303=FACE_OUTER_BOUND('',#1805,.T.);
#1304=FACE_OUTER_BOUND('',#1806,.T.);
#1305=FACE_OUTER_BOUND('',#1807,.T.);
#1306=FACE_OUTER_BOUND('',#1808,.T.);
#1307=FACE_OUTER_BOUND('',#1809,.T.);
#1308=FACE_OUTER_BOUND('',#1810,.T.);
#1309=FACE_OUTER_BOUND('',#1811,.T.);
#1310=FACE_OUTER_BOUND('',#1812,.T.);
#1311=FACE_OUTER_BOUND('',#1813,.T.);
#1312=FACE_OUTER_BOUND('',#1814,.T.);
#1313=FACE_OUTER_BOUND('',#1815,.T.);
#1314=FACE_OUTER_BOUND('',#1816,.T.);
#1315=FACE_OUTER_BOUND('',#1817,.T.);
#1316=FACE_OUTER_BOUND('',#1818,.T.);
#1317=FACE_OUTER_BOUND('',#1819,.T.);
#1318=FACE_OUTER_BOUND('',#1820,.T.);
#1319=FACE_OUTER_BOUND('',#1821,.T.);
#1320=FACE_OUTER_BOUND('',#1822,.T.);
#1321=FACE_OUTER_BOUND('',#1823,.T.);
#1322=FACE_OUTER_BOUND('',#1824,.T.);
#1323=FACE_OUTER_BOUND('',#1825,.T.);
#1324=FACE_OUTER_BOUND('',#1826,.T.);
#1325=FACE_OUTER_BOUND('',#1827,.T.);
#1326=FACE_OUTER_BOUND('',#1828,.T.);
#1327=FACE_OUTER_BOUND('',#1829,.T.);
#1328=FACE_OUTER_BOUND('',#1830,.T.);
#1329=FACE_OUTER_BOUND('',#1831,.T.);
#1330=FACE_OUTER_BOUND('',#1832,.T.);
#1331=FACE_OUTER_BOUND('',#1833,.T.);
#1332=FACE_OUTER_BOUND('',#1834,.T.);
#1333=FACE_OUTER_BOUND('',#1835,.T.);
#1334=FACE_OUTER_BOUND('',#1836,.T.);
#1335=FACE_OUTER_BOUND('',#1837,.T.);
#1336=FACE_OUTER_BOUND('',#1838,.T.);
#1337=FACE_OUTER_BOUND('',#1839,.T.);
#1338=FACE_OUTER_BOUND('',#1840,.T.);
#1339=FACE_OUTER_BOUND('',#1841,.T.);
#1340=FACE_OUTER_BOUND('',#1842,.T.);
#1341=FACE_OUTER_BOUND('',#1843,.T.);
#1342=FACE_OUTER_BOUND('',#1844,.T.);
#1343=FACE_OUTER_BOUND('',#1845,.T.);
#1344=FACE_OUTER_BOUND('',#1846,.T.);
#1345=FACE_OUTER_BOUND('',#1847,.T.);
#1346=FACE_OUTER_BOUND('',#1848,.T.);
#1347=FACE_OUTER_BOUND('',#1849,.T.);
#1348=FACE_OUTER_BOUND('',#1850,.T.);
#1349=FACE_OUTER_BOUND('',#1851,.T.);
#1350=FACE_OUTER_BOUND('',#1852,.T.);
#1351=FACE_OUTER_BOUND('',#1853,.T.);
#1352=FACE_OUTER_BOUND('',#1854,.T.);
#1353=FACE_OUTER_BOUND('',#1855,.T.);
#1354=FACE_OUTER_BOUND('',#1856,.T.);
#1355=FACE_OUTER_BOUND('',#1857,.T.);
#1356=FACE_OUTER_BOUND('',#1858,.T.);
#1357=FACE_OUTER_BOUND('',#1859,.T.);
#1358=FACE_OUTER_BOUND('',#1860,.T.);
#1359=FACE_OUTER_BOUND('',#1861,.T.);
#1360=FACE_OUTER_BOUND('',#1862,.T.);
#1361=FACE_OUTER_BOUND('',#1863,.T.);
#1362=FACE_OUTER_BOUND('',#1864,.T.);
#1363=FACE_OUTER_BOUND('',#1865,.T.);
#1364=FACE_OUTER_BOUND('',#1866,.T.);
#1365=FACE_OUTER_BOUND('',#1867,.T.);
#1366=FACE_OUTER_BOUND('',#1868,.T.);
#1367=FACE_OUTER_BOUND('',#1869,.T.);
#1368=FACE_OUTER_BOUND('',#1870,.T.);
#1369=FACE_OUTER_BOUND('',#1871,.T.);
#1370=FACE_OUTER_BOUND('',#1872,.T.);
#1371=FACE_OUTER_BOUND('',#1873,.T.);
#1372=FACE_OUTER_BOUND('',#1874,.T.);
#1373=FACE_OUTER_BOUND('',#1875,.T.);
#1374=FACE_OUTER_BOUND('',#1876,.T.);
#1375=FACE_OUTER_BOUND('',#1877,.T.);
#1376=FACE_OUTER_BOUND('',#1878,.T.);
#1377=FACE_OUTER_BOUND('',#1879,.T.);
#1378=FACE_OUTER_BOUND('',#1880,.T.);
#1379=FACE_OUTER_BOUND('',#1881,.T.);
#1380=FACE_OUTER_BOUND('',#1882,.T.);
#1381=FACE_OUTER_BOUND('',#1883,.T.);
#1382=FACE_OUTER_BOUND('',#1884,.T.);
#1383=FACE_OUTER_BOUND('',#1885,.T.);
#1384=FACE_OUTER_BOUND('',#1886,.T.);
#1385=FACE_OUTER_BOUND('',#1887,.T.);
#1386=FACE_OUTER_BOUND('',#1888,.T.);
#1387=FACE_OUTER_BOUND('',#1889,.T.);
#1388=FACE_OUTER_BOUND('',#1890,.T.);
#1389=FACE_OUTER_BOUND('',#1891,.T.);
#1390=FACE_OUTER_BOUND('',#1892,.T.);
#1391=FACE_OUTER_BOUND('',#1893,.T.);
#1392=FACE_OUTER_BOUND('',#1895,.T.);
#1393=FACE_OUTER_BOUND('',#1897,.T.);
#1394=FACE_OUTER_BOUND('',#1898,.T.);
#1395=FACE_OUTER_BOUND('',#1899,.T.);
#1396=FACE_OUTER_BOUND('',#1900,.T.);
#1397=FACE_OUTER_BOUND('',#1901,.T.);
#1398=FACE_OUTER_BOUND('',#1902,.T.);
#1399=FACE_OUTER_BOUND('',#1903,.T.);
#1400=FACE_OUTER_BOUND('',#1904,.T.);
#1401=FACE_OUTER_BOUND('',#1905,.T.);
#1402=FACE_OUTER_BOUND('',#1906,.T.);
#1403=FACE_OUTER_BOUND('',#1907,.T.);
#1404=FACE_OUTER_BOUND('',#1909,.T.);
#1405=FACE_OUTER_BOUND('',#1910,.T.);
#1406=FACE_OUTER_BOUND('',#1911,.T.);
#1407=FACE_OUTER_BOUND('',#1913,.T.);
#1408=FACE_OUTER_BOUND('',#1914,.T.);
#1409=FACE_OUTER_BOUND('',#1916,.T.);
#1410=FACE_OUTER_BOUND('',#1917,.T.);
#1411=FACE_OUTER_BOUND('',#1918,.T.);
#1412=FACE_OUTER_BOUND('',#1919,.T.);
#1413=FACE_OUTER_BOUND('',#1920,.T.);
#1414=FACE_OUTER_BOUND('',#1921,.T.);
#1415=FACE_OUTER_BOUND('',#1922,.T.);
#1416=FACE_OUTER_BOUND('',#1923,.T.);
#1417=FACE_OUTER_BOUND('',#1924,.T.);
#1418=FACE_OUTER_BOUND('',#1925,.T.);
#1419=FACE_OUTER_BOUND('',#1926,.T.);
#1420=FACE_OUTER_BOUND('',#1927,.T.);
#1421=FACE_OUTER_BOUND('',#1928,.T.);
#1422=FACE_OUTER_BOUND('',#1929,.T.);
#1423=FACE_OUTER_BOUND('',#1930,.T.);
#1424=FACE_OUTER_BOUND('',#1931,.T.);
#1425=FACE_OUTER_BOUND('',#1932,.T.);
#1426=FACE_OUTER_BOUND('',#1933,.T.);
#1427=FACE_OUTER_BOUND('',#1934,.T.);
#1428=FACE_OUTER_BOUND('',#1935,.T.);
#1429=FACE_OUTER_BOUND('',#1936,.T.);
#1430=FACE_OUTER_BOUND('',#1937,.T.);
#1431=FACE_OUTER_BOUND('',#1938,.T.);
#1432=FACE_OUTER_BOUND('',#1939,.T.);
#1433=FACE_OUTER_BOUND('',#1940,.T.);
#1434=FACE_OUTER_BOUND('',#1941,.T.);
#1435=FACE_OUTER_BOUND('',#1942,.T.);
#1436=FACE_OUTER_BOUND('',#1943,.T.);
#1437=FACE_OUTER_BOUND('',#1944,.T.);
#1438=FACE_OUTER_BOUND('',#1945,.T.);
#1439=FACE_OUTER_BOUND('',#1946,.T.);
#1440=FACE_OUTER_BOUND('',#1947,.T.);
#1441=FACE_OUTER_BOUND('',#1948,.T.);
#1442=FACE_OUTER_BOUND('',#1949,.T.);
#1443=FACE_OUTER_BOUND('',#1950,.T.);
#1444=FACE_OUTER_BOUND('',#1951,.T.);
#1445=FACE_OUTER_BOUND('',#1952,.T.);
#1446=FACE_OUTER_BOUND('',#1953,.T.);
#1447=FACE_OUTER_BOUND('',#1954,.T.);
#1448=FACE_OUTER_BOUND('',#1955,.T.);
#1449=FACE_OUTER_BOUND('',#1956,.T.);
#1450=FACE_OUTER_BOUND('',#1957,.T.);
#1451=FACE_OUTER_BOUND('',#1958,.T.);
#1452=FACE_OUTER_BOUND('',#1959,.T.);
#1453=FACE_OUTER_BOUND('',#1960,.T.);
#1454=FACE_OUTER_BOUND('',#1961,.T.);
#1455=FACE_OUTER_BOUND('',#1962,.T.);
#1456=FACE_OUTER_BOUND('',#1963,.T.);
#1457=FACE_OUTER_BOUND('',#1964,.T.);
#1458=FACE_OUTER_BOUND('',#1965,.T.);
#1459=FACE_OUTER_BOUND('',#1966,.T.);
#1460=FACE_OUTER_BOUND('',#1967,.T.);
#1461=FACE_OUTER_BOUND('',#1968,.T.);
#1462=FACE_OUTER_BOUND('',#1969,.T.);
#1463=FACE_OUTER_BOUND('',#1970,.T.);
#1464=FACE_OUTER_BOUND('',#1971,.T.);
#1465=FACE_OUTER_BOUND('',#1972,.T.);
#1466=FACE_OUTER_BOUND('',#1973,.T.);
#1467=FACE_OUTER_BOUND('',#1974,.T.);
#1468=FACE_OUTER_BOUND('',#1975,.T.);
#1469=FACE_OUTER_BOUND('',#1976,.T.);
#1470=FACE_OUTER_BOUND('',#1977,.T.);
#1471=FACE_OUTER_BOUND('',#1978,.T.);
#1472=FACE_OUTER_BOUND('',#1979,.T.);
#1473=FACE_OUTER_BOUND('',#1980,.T.);
#1474=FACE_OUTER_BOUND('',#1981,.T.);
#1475=FACE_OUTER_BOUND('',#1982,.T.);
#1476=FACE_OUTER_BOUND('',#1983,.T.);
#1477=FACE_OUTER_BOUND('',#1984,.T.);
#1478=FACE_OUTER_BOUND('',#1985,.T.);
#1479=FACE_OUTER_BOUND('',#1986,.T.);
#1480=FACE_OUTER_BOUND('',#1987,.T.);
#1481=FACE_OUTER_BOUND('',#1988,.T.);
#1482=FACE_OUTER_BOUND('',#1989,.T.);
#1483=FACE_OUTER_BOUND('',#1990,.T.);
#1484=FACE_OUTER_BOUND('',#1991,.T.);
#1485=FACE_OUTER_BOUND('',#1992,.T.);
#1486=FACE_OUTER_BOUND('',#1993,.T.);
#1487=FACE_OUTER_BOUND('',#1994,.T.);
#1488=FACE_OUTER_BOUND('',#1995,.T.);
#1489=FACE_OUTER_BOUND('',#1996,.T.);
#1490=FACE_OUTER_BOUND('',#1997,.T.);
#1491=FACE_OUTER_BOUND('',#1998,.T.);
#1492=FACE_OUTER_BOUND('',#1999,.T.);
#1493=FACE_OUTER_BOUND('',#2000,.T.);
#1494=FACE_OUTER_BOUND('',#2001,.T.);
#1495=FACE_OUTER_BOUND('',#2002,.T.);
#1496=FACE_OUTER_BOUND('',#2003,.T.);
#1497=FACE_OUTER_BOUND('',#2004,.T.);
#1498=FACE_OUTER_BOUND('',#2005,.T.);
#1499=FACE_OUTER_BOUND('',#2006,.T.);
#1500=FACE_OUTER_BOUND('',#2007,.T.);
#1501=FACE_OUTER_BOUND('',#2008,.T.);
#1502=FACE_OUTER_BOUND('',#2009,.T.);
#1503=FACE_OUTER_BOUND('',#2010,.T.);
#1504=FACE_OUTER_BOUND('',#2011,.T.);
#1505=FACE_OUTER_BOUND('',#2012,.T.);
#1506=FACE_OUTER_BOUND('',#2013,.T.);
#1507=FACE_OUTER_BOUND('',#2014,.T.);
#1508=FACE_OUTER_BOUND('',#2015,.T.);
#1509=FACE_OUTER_BOUND('',#2016,.T.);
#1510=FACE_OUTER_BOUND('',#2017,.T.);
#1511=FACE_OUTER_BOUND('',#2018,.T.);
#1512=FACE_OUTER_BOUND('',#2019,.T.);
#1513=FACE_OUTER_BOUND('',#2020,.T.);
#1514=FACE_OUTER_BOUND('',#2021,.T.);
#1515=FACE_OUTER_BOUND('',#2022,.T.);
#1516=FACE_OUTER_BOUND('',#2023,.T.);
#1517=FACE_OUTER_BOUND('',#2024,.T.);
#1518=FACE_OUTER_BOUND('',#2025,.T.);
#1519=FACE_OUTER_BOUND('',#2026,.T.);
#1520=FACE_OUTER_BOUND('',#2027,.T.);
#1521=FACE_OUTER_BOUND('',#2028,.T.);
#1522=FACE_OUTER_BOUND('',#2029,.T.);
#1523=FACE_OUTER_BOUND('',#2030,.T.);
#1524=FACE_OUTER_BOUND('',#2031,.T.);
#1525=EDGE_LOOP('',(#5530,#5531,#5532,#5533,#5534,#5535));
#1526=EDGE_LOOP('',(#5536,#5537,#5538,#5539));
#1527=EDGE_LOOP('',(#5540,#5541,#5542,#5543));
#1528=EDGE_LOOP('',(#5544,#5545,#5546,#5547));
#1529=EDGE_LOOP('',(#5548,#5549,#5550,#5551));
#1530=EDGE_LOOP('',(#5552,#5553,#5554,#5555));
#1531=EDGE_LOOP('',(#5556,#5557,#5558,#5559));
#1532=EDGE_LOOP('',(#5560,#5561,#5562,#5563));
#1533=EDGE_LOOP('',(#5564,#5565,#5566,#5567,#5568,#5569));
#1534=EDGE_LOOP('',(#5570,#5571,#5572,#5573));
#1535=EDGE_LOOP('',(#5574,#5575,#5576,#5577));
#1536=EDGE_LOOP('',(#5578,#5579,#5580,#5581));
#1537=EDGE_LOOP('',(#5582,#5583,#5584,#5585));
#1538=EDGE_LOOP('',(#5586,#5587,#5588,#5589,#5590,#5591));
#1539=EDGE_LOOP('',(#5592,#5593,#5594,#5595,#5596,#5597));
#1540=EDGE_LOOP('',(#5598,#5599,#5600,#5601));
#1541=EDGE_LOOP('',(#5602,#5603,#5604,#5605));
#1542=EDGE_LOOP('',(#5606,#5607,#5608,#5609));
#1543=EDGE_LOOP('',(#5610,#5611,#5612,#5613,#5614,#5615));
#1544=EDGE_LOOP('',(#5616,#5617,#5618,#5619));
#1545=EDGE_LOOP('',(#5620,#5621,#5622,#5623));
#1546=EDGE_LOOP('',(#5624,#5625,#5626,#5627));
#1547=EDGE_LOOP('',(#5628,#5629,#5630,#5631));
#1548=EDGE_LOOP('',(#5632,#5633,#5634,#5635));
#1549=EDGE_LOOP('',(#5636,#5637,#5638,#5639));
#1550=EDGE_LOOP('',(#5640,#5641,#5642,#5643));
#1551=EDGE_LOOP('',(#5644,#5645,#5646,#5647));
#1552=EDGE_LOOP('',(#5648,#5649,#5650,#5651));
#1553=EDGE_LOOP('',(#5652,#5653,#5654,#5655));
#1554=EDGE_LOOP('',(#5656,#5657,#5658,#5659));
#1555=EDGE_LOOP('',(#5660,#5661,#5662,#5663));
#1556=EDGE_LOOP('',(#5664,#5665,#5666,#5667,#5668,#5669,#5670,#5671,#5672,
#5673,#5674,#5675));
#1557=EDGE_LOOP('',(#5676,#5677,#5678,#5679,#5680,#5681,#5682,#5683));
#1558=EDGE_LOOP('',(#5684,#5685,#5686,#5687));
#1559=EDGE_LOOP('',(#5688));
#1560=EDGE_LOOP('',(#5689));
#1561=EDGE_LOOP('',(#5690,#5691,#5692,#5693));
#1562=EDGE_LOOP('',(#5694,#5695,#5696,#5697,#5698));
#1563=EDGE_LOOP('',(#5699,#5700,#5701,#5702,#5703));
#1564=EDGE_LOOP('',(#5704,#5705,#5706,#5707));
#1565=EDGE_LOOP('',(#5708,#5709,#5710,#5711,#5712,#5713,#5714,#5715,#5716,
#5717,#5718,#5719,#5720,#5721,#5722,#5723,#5724,#5725,#5726,#5727,#5728,
#5729,#5730,#5731));
#1566=EDGE_LOOP('',(#5732));
#1567=EDGE_LOOP('',(#5733,#5734,#5735,#5736));
#1568=EDGE_LOOP('',(#5737,#5738,#5739,#5740));
#1569=EDGE_LOOP('',(#5741,#5742,#5743,#5744));
#1570=EDGE_LOOP('',(#5745,#5746,#5747,#5748));
#1571=EDGE_LOOP('',(#5749,#5750,#5751,#5752));
#1572=EDGE_LOOP('',(#5753,#5754,#5755,#5756,#5757,#5758,#5759,#5760,#5761,
#5762,#5763,#5764));
#1573=EDGE_LOOP('',(#5765,#5766,#5767,#5768));
#1574=EDGE_LOOP('',(#5769,#5770,#5771,#5772));
#1575=EDGE_LOOP('',(#5773,#5774,#5775,#5776));
#1576=EDGE_LOOP('',(#5777,#5778,#5779,#5780));
#1577=EDGE_LOOP('',(#5781,#5782,#5783,#5784));
#1578=EDGE_LOOP('',(#5785,#5786,#5787,#5788));
#1579=EDGE_LOOP('',(#5789,#5790,#5791,#5792));
#1580=EDGE_LOOP('',(#5793,#5794,#5795,#5796));
#1581=EDGE_LOOP('',(#5797,#5798,#5799,#5800));
#1582=EDGE_LOOP('',(#5801,#5802,#5803,#5804));
#1583=EDGE_LOOP('',(#5805,#5806,#5807,#5808));
#1584=EDGE_LOOP('',(#5809,#5810,#5811,#5812));
#1585=EDGE_LOOP('',(#5813,#5814,#5815,#5816));
#1586=EDGE_LOOP('',(#5817,#5818,#5819,#5820));
#1587=EDGE_LOOP('',(#5821,#5822,#5823,#5824));
#1588=EDGE_LOOP('',(#5825,#5826,#5827,#5828));
#1589=EDGE_LOOP('',(#5829,#5830,#5831,#5832));
#1590=EDGE_LOOP('',(#5833,#5834,#5835,#5836));
#1591=EDGE_LOOP('',(#5837,#5838,#5839,#5840));
#1592=EDGE_LOOP('',(#5841,#5842,#5843,#5844));
#1593=EDGE_LOOP('',(#5845,#5846,#5847,#5848));
#1594=EDGE_LOOP('',(#5849,#5850,#5851,#5852));
#1595=EDGE_LOOP('',(#5853,#5854,#5855,#5856));
#1596=EDGE_LOOP('',(#5857,#5858,#5859));
#1597=EDGE_LOOP('',(#5860,#5861,#5862));
#1598=EDGE_LOOP('',(#5863,#5864,#5865));
#1599=EDGE_LOOP('',(#5866,#5867,#5868,#5869));
#1600=EDGE_LOOP('',(#5870,#5871,#5872,#5873));
#1601=EDGE_LOOP('',(#5874,#5875,#5876,#5877));
#1602=EDGE_LOOP('',(#5878,#5879,#5880,#5881));
#1603=EDGE_LOOP('',(#5882,#5883,#5884,#5885));
#1604=EDGE_LOOP('',(#5886,#5887,#5888,#5889));
#1605=EDGE_LOOP('',(#5890,#5891,#5892));
#1606=EDGE_LOOP('',(#5893,#5894,#5895,#5896));
#1607=EDGE_LOOP('',(#5897,#5898,#5899,#5900));
#1608=EDGE_LOOP('',(#5901,#5902,#5903,#5904));
#1609=EDGE_LOOP('',(#5905,#5906,#5907,#5908));
#1610=EDGE_LOOP('',(#5909,#5910,#5911,#5912));
#1611=EDGE_LOOP('',(#5913,#5914,#5915,#5916));
#1612=EDGE_LOOP('',(#5917,#5918,#5919,#5920));
#1613=EDGE_LOOP('',(#5921,#5922,#5923,#5924));
#1614=EDGE_LOOP('',(#5925,#5926,#5927,#5928));
#1615=EDGE_LOOP('',(#5929,#5930,#5931,#5932));
#1616=EDGE_LOOP('',(#5933,#5934,#5935));
#1617=EDGE_LOOP('',(#5936,#5937,#5938));
#1618=EDGE_LOOP('',(#5939,#5940,#5941));
#1619=EDGE_LOOP('',(#5942,#5943,#5944,#5945));
#1620=EDGE_LOOP('',(#5946,#5947,#5948,#5949));
#1621=EDGE_LOOP('',(#5950,#5951,#5952,#5953));
#1622=EDGE_LOOP('',(#5954,#5955,#5956,#5957));
#1623=EDGE_LOOP('',(#5958,#5959,#5960,#5961));
#1624=EDGE_LOOP('',(#5962,#5963,#5964,#5965));
#1625=EDGE_LOOP('',(#5966,#5967,#5968));
#1626=EDGE_LOOP('',(#5969,#5970,#5971,#5972));
#1627=EDGE_LOOP('',(#5973,#5974,#5975,#5976));
#1628=EDGE_LOOP('',(#5977,#5978,#5979,#5980,#5981,#5982));
#1629=EDGE_LOOP('',(#5983,#5984,#5985,#5986,#5987,#5988,#5989,#5990,#5991,
#5992,#5993,#5994,#5995,#5996,#5997,#5998));
#1630=EDGE_LOOP('',(#5999,#6000,#6001,#6002,#6003,#6004));
#1631=EDGE_LOOP('',(#6005,#6006,#6007,#6008,#6009,#6010));
#1632=EDGE_LOOP('',(#6011,#6012,#6013,#6014,#6015,#6016));
#1633=EDGE_LOOP('',(#6017,#6018,#6019,#6020,#6021,#6022,#6023,#6024,#6025,
#6026,#6027,#6028,#6029));
#1634=EDGE_LOOP('',(#6030,#6031,#6032,#6033,#6034,#6035));
#1635=EDGE_LOOP('',(#6036,#6037,#6038,#6039,#6040,#6041));
#1636=EDGE_LOOP('',(#6042,#6043,#6044,#6045,#6046,#6047,#6048,#6049,#6050,
#6051));
#1637=EDGE_LOOP('',(#6052,#6053,#6054,#6055));
#1638=EDGE_LOOP('',(#6056,#6057,#6058,#6059,#6060,#6061,#6062,#6063,#6064,
#6065,#6066,#6067));
#1639=EDGE_LOOP('',(#6068,#6069,#6070,#6071,#6072));
#1640=EDGE_LOOP('',(#6073,#6074,#6075,#6076,#6077,#6078,#6079,#6080,#6081));
#1641=EDGE_LOOP('',(#6082,#6083,#6084,#6085));
#1642=EDGE_LOOP('',(#6086,#6087,#6088,#6089,#6090));
#1643=EDGE_LOOP('',(#6091,#6092,#6093,#6094));
#1644=EDGE_LOOP('',(#6095,#6096,#6097,#6098));
#1645=EDGE_LOOP('',(#6099,#6100,#6101,#6102));
#1646=EDGE_LOOP('',(#6103,#6104,#6105,#6106));
#1647=EDGE_LOOP('',(#6107,#6108,#6109,#6110));
#1648=EDGE_LOOP('',(#6111,#6112,#6113,#6114));
#1649=EDGE_LOOP('',(#6115,#6116,#6117,#6118));
#1650=EDGE_LOOP('',(#6119,#6120,#6121,#6122));
#1651=EDGE_LOOP('',(#6123,#6124,#6125,#6126,#6127));
#1652=EDGE_LOOP('',(#6128,#6129,#6130,#6131));
#1653=EDGE_LOOP('',(#6132,#6133,#6134,#6135));
#1654=EDGE_LOOP('',(#6136,#6137,#6138,#6139));
#1655=EDGE_LOOP('',(#6140,#6141,#6142,#6143));
#1656=EDGE_LOOP('',(#6144,#6145,#6146,#6147));
#1657=EDGE_LOOP('',(#6148,#6149,#6150,#6151));
#1658=EDGE_LOOP('',(#6152,#6153,#6154,#6155));
#1659=EDGE_LOOP('',(#6156,#6157,#6158,#6159));
#1660=EDGE_LOOP('',(#6160,#6161,#6162,#6163));
#1661=EDGE_LOOP('',(#6164,#6165,#6166,#6167));
#1662=EDGE_LOOP('',(#6168,#6169,#6170,#6171));
#1663=EDGE_LOOP('',(#6172,#6173,#6174,#6175));
#1664=EDGE_LOOP('',(#6176,#6177,#6178,#6179));
#1665=EDGE_LOOP('',(#6180,#6181,#6182,#6183));
#1666=EDGE_LOOP('',(#6184,#6185,#6186,#6187));
#1667=EDGE_LOOP('',(#6188,#6189,#6190));
#1668=EDGE_LOOP('',(#6191,#6192,#6193));
#1669=EDGE_LOOP('',(#6194,#6195,#6196,#6197));
#1670=EDGE_LOOP('',(#6198,#6199,#6200,#6201));
#1671=EDGE_LOOP('',(#6202,#6203,#6204,#6205));
#1672=EDGE_LOOP('',(#6206,#6207,#6208,#6209));
#1673=EDGE_LOOP('',(#6210,#6211,#6212,#6213));
#1674=EDGE_LOOP('',(#6214,#6215,#6216));
#1675=EDGE_LOOP('',(#6217,#6218,#6219,#6220));
#1676=EDGE_LOOP('',(#6221,#6222,#6223,#6224));
#1677=EDGE_LOOP('',(#6225,#6226,#6227,#6228));
#1678=EDGE_LOOP('',(#6229,#6230,#6231,#6232));
#1679=EDGE_LOOP('',(#6233,#6234,#6235,#6236));
#1680=EDGE_LOOP('',(#6237,#6238,#6239,#6240));
#1681=EDGE_LOOP('',(#6241,#6242,#6243,#6244));
#1682=EDGE_LOOP('',(#6245,#6246,#6247,#6248));
#1683=EDGE_LOOP('',(#6249,#6250,#6251,#6252));
#1684=EDGE_LOOP('',(#6253,#6254,#6255,#6256));
#1685=EDGE_LOOP('',(#6257,#6258,#6259,#6260));
#1686=EDGE_LOOP('',(#6261,#6262,#6263,#6264));
#1687=EDGE_LOOP('',(#6265,#6266,#6267,#6268));
#1688=EDGE_LOOP('',(#6269,#6270,#6271,#6272));
#1689=EDGE_LOOP('',(#6273,#6274,#6275,#6276));
#1690=EDGE_LOOP('',(#6277,#6278,#6279,#6280));
#1691=EDGE_LOOP('',(#6281,#6282,#6283));
#1692=EDGE_LOOP('',(#6284,#6285,#6286));
#1693=EDGE_LOOP('',(#6287,#6288,#6289,#6290));
#1694=EDGE_LOOP('',(#6291,#6292,#6293,#6294));
#1695=EDGE_LOOP('',(#6295,#6296,#6297,#6298));
#1696=EDGE_LOOP('',(#6299,#6300,#6301,#6302));
#1697=EDGE_LOOP('',(#6303,#6304,#6305,#6306));
#1698=EDGE_LOOP('',(#6307,#6308,#6309));
#1699=EDGE_LOOP('',(#6310,#6311,#6312,#6313));
#1700=EDGE_LOOP('',(#6314,#6315,#6316,#6317,#6318,#6319));
#1701=EDGE_LOOP('',(#6320,#6321,#6322,#6323,#6324,#6325,#6326,#6327,#6328,
#6329,#6330,#6331,#6332));
#1702=EDGE_LOOP('',(#6333,#6334,#6335,#6336,#6337,#6338));
#1703=EDGE_LOOP('',(#6339,#6340,#6341,#6342,#6343,#6344));
#1704=EDGE_LOOP('',(#6345,#6346,#6347,#6348,#6349,#6350));
#1705=EDGE_LOOP('',(#6351,#6352,#6353,#6354,#6355,#6356,#6357,#6358,#6359,
#6360,#6361,#6362,#6363,#6364,#6365,#6366));
#1706=EDGE_LOOP('',(#6367,#6368,#6369,#6370,#6371,#6372));
#1707=EDGE_LOOP('',(#6373,#6374,#6375,#6376,#6377,#6378,#6379,#6380,#6381,
#6382,#6383,#6384,#6385,#6386,#6387,#6388));
#1708=EDGE_LOOP('',(#6389,#6390,#6391,#6392));
#1709=EDGE_LOOP('',(#6393,#6394,#6395,#6396));
#1710=EDGE_LOOP('',(#6397,#6398,#6399,#6400));
#1711=EDGE_LOOP('',(#6401,#6402,#6403,#6404));
#1712=EDGE_LOOP('',(#6405,#6406,#6407,#6408,#6409,#6410,#6411,#6412,#6413,
#6414,#6415,#6416,#6417,#6418,#6419,#6420,#6421));
#1713=EDGE_LOOP('',(#6422,#6423,#6424,#6425,#6426,#6427,#6428,#6429,#6430,
#6431,#6432,#6433));
#1714=EDGE_LOOP('',(#6434,#6435,#6436,#6437));
#1715=EDGE_LOOP('',(#6438,#6439,#6440,#6441));
#1716=EDGE_LOOP('',(#6442,#6443,#6444,#6445));
#1717=EDGE_LOOP('',(#6446,#6447,#6448,#6449));
#1718=EDGE_LOOP('',(#6450,#6451,#6452,#6453,#6454));
#1719=EDGE_LOOP('',(#6455,#6456,#6457,#6458));
#1720=EDGE_LOOP('',(#6459,#6460,#6461,#6462));
#1721=EDGE_LOOP('',(#6463,#6464,#6465,#6466,#6467,#6468,#6469));
#1722=EDGE_LOOP('',(#6470,#6471,#6472,#6473,#6474,#6475,#6476,#6477,#6478,
#6479,#6480,#6481,#6482));
#1723=EDGE_LOOP('',(#6483,#6484,#6485,#6486,#6487,#6488,#6489,#6490,#6491,
#6492,#6493,#6494,#6495,#6496,#6497,#6498,#6499,#6500));
#1724=EDGE_LOOP('',(#6501,#6502,#6503,#6504,#6505,#6506,#6507,#6508,#6509,
#6510,#6511,#6512,#6513,#6514,#6515,#6516));
#1725=EDGE_LOOP('',(#6517,#6518,#6519,#6520,#6521,#6522));
#1726=EDGE_LOOP('',(#6523,#6524,#6525,#6526));
#1727=EDGE_LOOP('',(#6527,#6528,#6529,#6530));
#1728=EDGE_LOOP('',(#6531,#6532,#6533,#6534));
#1729=EDGE_LOOP('',(#6535,#6536,#6537,#6538));
#1730=EDGE_LOOP('',(#6539,#6540,#6541,#6542));
#1731=EDGE_LOOP('',(#6543,#6544,#6545,#6546));
#1732=EDGE_LOOP('',(#6547,#6548,#6549,#6550));
#1733=EDGE_LOOP('',(#6551,#6552,#6553,#6554,#6555,#6556));
#1734=EDGE_LOOP('',(#6557,#6558,#6559,#6560));
#1735=EDGE_LOOP('',(#6561,#6562,#6563,#6564));
#1736=EDGE_LOOP('',(#6565,#6566,#6567,#6568));
#1737=EDGE_LOOP('',(#6569,#6570,#6571,#6572));
#1738=EDGE_LOOP('',(#6573,#6574,#6575,#6576));
#1739=EDGE_LOOP('',(#6577,#6578,#6579,#6580));
#1740=EDGE_LOOP('',(#6581,#6582,#6583,#6584));
#1741=EDGE_LOOP('',(#6585,#6586,#6587,#6588));
#1742=EDGE_LOOP('',(#6589,#6590,#6591,#6592));
#1743=EDGE_LOOP('',(#6593,#6594,#6595,#6596));
#1744=EDGE_LOOP('',(#6597,#6598,#6599,#6600));
#1745=EDGE_LOOP('',(#6601,#6602,#6603,#6604,#6605));
#1746=EDGE_LOOP('',(#6606,#6607,#6608,#6609,#6610,#6611,#6612,#6613));
#1747=EDGE_LOOP('',(#6614,#6615,#6616,#6617,#6618));
#1748=EDGE_LOOP('',(#6619,#6620,#6621,#6622));
#1749=EDGE_LOOP('',(#6623,#6624,#6625,#6626));
#1750=EDGE_LOOP('',(#6627,#6628,#6629,#6630));
#1751=EDGE_LOOP('',(#6631,#6632,#6633,#6634));
#1752=EDGE_LOOP('',(#6635,#6636,#6637,#6638,#6639));
#1753=EDGE_LOOP('',(#6640,#6641,#6642,#6643));
#1754=EDGE_LOOP('',(#6644,#6645,#6646,#6647));
#1755=EDGE_LOOP('',(#6648,#6649,#6650,#6651));
#1756=EDGE_LOOP('',(#6652,#6653,#6654,#6655));
#1757=EDGE_LOOP('',(#6656,#6657,#6658,#6659));
#1758=EDGE_LOOP('',(#6660,#6661,#6662,#6663));
#1759=EDGE_LOOP('',(#6664,#6665,#6666,#6667,#6668,#6669,#6670,#6671,#6672,
#6673));
#1760=EDGE_LOOP('',(#6674,#6675,#6676,#6677));
#1761=EDGE_LOOP('',(#6678,#6679,#6680,#6681));
#1762=EDGE_LOOP('',(#6682,#6683,#6684,#6685,#6686,#6687));
#1763=EDGE_LOOP('',(#6688,#6689,#6690,#6691,#6692,#6693));
#1764=EDGE_LOOP('',(#6694,#6695,#6696,#6697));
#1765=EDGE_LOOP('',(#6698,#6699,#6700,#6701,#6702));
#1766=EDGE_LOOP('',(#6703,#6704,#6705,#6706,#6707,#6708,#6709,#6710,#6711));
#1767=EDGE_LOOP('',(#6712,#6713,#6714,#6715));
#1768=EDGE_LOOP('',(#6716));
#1769=EDGE_LOOP('',(#6717));
#1770=EDGE_LOOP('',(#6718,#6719,#6720,#6721,#6722,#6723,#6724,#6725));
#1771=EDGE_LOOP('',(#6726,#6727,#6728,#6729,#6730,#6731,#6732,#6733));
#1772=EDGE_LOOP('',(#6734,#6735,#6736,#6737,#6738,#6739,#6740,#6741));
#1773=EDGE_LOOP('',(#6742,#6743,#6744,#6745,#6746,#6747,#6748,#6749));
#1774=EDGE_LOOP('',(#6750,#6751,#6752,#6753,#6754,#6755,#6756,#6757));
#1775=EDGE_LOOP('',(#6758,#6759,#6760,#6761));
#1776=EDGE_LOOP('',(#6762,#6763,#6764,#6765,#6766,#6767,#6768,#6769,#6770));
#1777=EDGE_LOOP('',(#6771,#6772,#6773,#6774,#6775,#6776,#6777));
#1778=EDGE_LOOP('',(#6778,#6779,#6780,#6781));
#1779=EDGE_LOOP('',(#6782,#6783,#6784,#6785,#6786,#6787,#6788,#6789,#6790,
#6791));
#1780=EDGE_LOOP('',(#6792,#6793,#6794,#6795));
#1781=EDGE_LOOP('',(#6796,#6797,#6798,#6799));
#1782=EDGE_LOOP('',(#6800,#6801,#6802,#6803,#6804,#6805,#6806,#6807,#6808));
#1783=EDGE_LOOP('',(#6809,#6810,#6811,#6812,#6813,#6814,#6815));
#1784=EDGE_LOOP('',(#6816,#6817,#6818,#6819));
#1785=EDGE_LOOP('',(#6820,#6821,#6822,#6823,#6824,#6825,#6826,#6827,#6828,
#6829));
#1786=EDGE_LOOP('',(#6830,#6831,#6832,#6833));
#1787=EDGE_LOOP('',(#6834,#6835,#6836,#6837,#6838,#6839,#6840,#6841));
#1788=EDGE_LOOP('',(#6842,#6843,#6844,#6845));
#1789=EDGE_LOOP('',(#6846,#6847,#6848,#6849,#6850,#6851,#6852,#6853,#6854,
#6855));
#1790=EDGE_LOOP('',(#6856,#6857,#6858,#6859,#6860,#6861,#6862));
#1791=EDGE_LOOP('',(#6863,#6864,#6865,#6866));
#1792=EDGE_LOOP('',(#6867,#6868,#6869,#6870));
#1793=EDGE_LOOP('',(#6871,#6872,#6873,#6874,#6875));
#1794=EDGE_LOOP('',(#6876,#6877,#6878));
#1795=EDGE_LOOP('',(#6879,#6880,#6881,#6882,#6883,#6884,#6885,#6886));
#1796=EDGE_LOOP('',(#6887,#6888,#6889,#6890,#6891));
#1797=EDGE_LOOP('',(#6892,#6893,#6894,#6895,#6896,#6897,#6898,#6899,#6900));
#1798=EDGE_LOOP('',(#6901,#6902,#6903,#6904,#6905));
#1799=EDGE_LOOP('',(#6906,#6907,#6908));
#1800=EDGE_LOOP('',(#6909,#6910,#6911,#6912,#6913,#6914,#6915,#6916));
#1801=EDGE_LOOP('',(#6917,#6918,#6919,#6920,#6921));
#1802=EDGE_LOOP('',(#6922,#6923,#6924));
#1803=EDGE_LOOP('',(#6925,#6926,#6927,#6928,#6929,#6930,#6931,#6932));
#1804=EDGE_LOOP('',(#6933,#6934,#6935,#6936));
#1805=EDGE_LOOP('',(#6937,#6938,#6939,#6940,#6941,#6942,#6943,#6944));
#1806=EDGE_LOOP('',(#6945,#6946,#6947,#6948));
#1807=EDGE_LOOP('',(#6949,#6950,#6951,#6952));
#1808=EDGE_LOOP('',(#6953,#6954,#6955,#6956));
#1809=EDGE_LOOP('',(#6957,#6958,#6959,#6960));
#1810=EDGE_LOOP('',(#6961,#6962,#6963,#6964));
#1811=EDGE_LOOP('',(#6965,#6966,#6967,#6968));
#1812=EDGE_LOOP('',(#6969,#6970,#6971,#6972,#6973,#6974,#6975,#6976));
#1813=EDGE_LOOP('',(#6977,#6978,#6979,#6980));
#1814=EDGE_LOOP('',(#6981,#6982,#6983,#6984));
#1815=EDGE_LOOP('',(#6985,#6986,#6987,#6988));
#1816=EDGE_LOOP('',(#6989,#6990,#6991,#6992));
#1817=EDGE_LOOP('',(#6993,#6994,#6995,#6996));
#1818=EDGE_LOOP('',(#6997,#6998,#6999,#7000));
#1819=EDGE_LOOP('',(#7001,#7002,#7003,#7004));
#1820=EDGE_LOOP('',(#7005,#7006,#7007,#7008));
#1821=EDGE_LOOP('',(#7009,#7010,#7011,#7012,#7013,#7014,#7015,#7016,#7017));
#1822=EDGE_LOOP('',(#7018,#7019,#7020,#7021));
#1823=EDGE_LOOP('',(#7022,#7023,#7024,#7025));
#1824=EDGE_LOOP('',(#7026,#7027,#7028,#7029));
#1825=EDGE_LOOP('',(#7030,#7031,#7032,#7033,#7034,#7035,#7036,#7037));
#1826=EDGE_LOOP('',(#7038,#7039,#7040,#7041));
#1827=EDGE_LOOP('',(#7042,#7043,#7044,#7045));
#1828=EDGE_LOOP('',(#7046,#7047,#7048,#7049,#7050,#7051,#7052,#7053,#7054,
#7055,#7056,#7057));
#1829=EDGE_LOOP('',(#7058,#7059,#7060,#7061));
#1830=EDGE_LOOP('',(#7062,#7063,#7064,#7065));
#1831=EDGE_LOOP('',(#7066,#7067,#7068,#7069));
#1832=EDGE_LOOP('',(#7070,#7071,#7072,#7073));
#1833=EDGE_LOOP('',(#7074,#7075,#7076,#7077));
#1834=EDGE_LOOP('',(#7078,#7079,#7080,#7081));
#1835=EDGE_LOOP('',(#7082,#7083,#7084,#7085));
#1836=EDGE_LOOP('',(#7086,#7087,#7088,#7089,#7090,#7091,#7092,#7093,#7094,
#7095));
#1837=EDGE_LOOP('',(#7096,#7097,#7098,#7099,#7100,#7101,#7102,#7103,#7104,
#7105));
#1838=EDGE_LOOP('',(#7106,#7107,#7108,#7109,#7110,#7111));
#1839=EDGE_LOOP('',(#7112,#7113,#7114,#7115,#7116,#7117,#7118,#7119,#7120,
#7121));
#1840=EDGE_LOOP('',(#7122,#7123,#7124,#7125,#7126,#7127,#7128));
#1841=EDGE_LOOP('',(#7129,#7130,#7131,#7132,#7133));
#1842=EDGE_LOOP('',(#7134,#7135,#7136,#7137,#7138,#7139,#7140,#7141));
#1843=EDGE_LOOP('',(#7142,#7143,#7144,#7145));
#1844=EDGE_LOOP('',(#7146,#7147,#7148,#7149,#7150));
#1845=EDGE_LOOP('',(#7151,#7152,#7153,#7154,#7155,#7156,#7157,#7158));
#1846=EDGE_LOOP('',(#7159,#7160,#7161,#7162,#7163,#7164,#7165,#7166,#7167));
#1847=EDGE_LOOP('',(#7168,#7169,#7170,#7171));
#1848=EDGE_LOOP('',(#7172,#7173,#7174,#7175,#7176));
#1849=EDGE_LOOP('',(#7177,#7178,#7179,#7180,#7181));
#1850=EDGE_LOOP('',(#7182,#7183,#7184,#7185,#7186,#7187,#7188,#7189,#7190,
#7191,#7192,#7193));
#1851=EDGE_LOOP('',(#7194,#7195,#7196,#7197,#7198,#7199,#7200,#7201));
#1852=EDGE_LOOP('',(#7202,#7203,#7204,#7205,#7206,#7207,#7208));
#1853=EDGE_LOOP('',(#7209,#7210,#7211,#7212,#7213));
#1854=EDGE_LOOP('',(#7214,#7215,#7216,#7217));
#1855=EDGE_LOOP('',(#7218,#7219,#7220,#7221,#7222));
#1856=EDGE_LOOP('',(#7223,#7224,#7225,#7226,#7227,#7228,#7229,#7230));
#1857=EDGE_LOOP('',(#7231,#7232,#7233,#7234));
#1858=EDGE_LOOP('',(#7235,#7236,#7237,#7238,#7239));
#1859=EDGE_LOOP('',(#7240,#7241,#7242,#7243,#7244,#7245,#7246,#7247,#7248,
#7249,#7250,#7251));
#1860=EDGE_LOOP('',(#7252,#7253,#7254,#7255,#7256,#7257,#7258));
#1861=EDGE_LOOP('',(#7259,#7260,#7261,#7262,#7263));
#1862=EDGE_LOOP('',(#7264,#7265,#7266,#7267,#7268,#7269,#7270,#7271));
#1863=EDGE_LOOP('',(#7272,#7273,#7274,#7275));
#1864=EDGE_LOOP('',(#7276,#7277,#7278,#7279,#7280));
#1865=EDGE_LOOP('',(#7281,#7282,#7283,#7284,#7285,#7286,#7287,#7288,#7289));
#1866=EDGE_LOOP('',(#7290,#7291,#7292,#7293));
#1867=EDGE_LOOP('',(#7294,#7295,#7296,#7297,#7298));
#1868=EDGE_LOOP('',(#7299,#7300,#7301,#7302,#7303));
#1869=EDGE_LOOP('',(#7304,#7305,#7306,#7307,#7308,#7309,#7310,#7311,#7312,
#7313,#7314,#7315));
#1870=EDGE_LOOP('',(#7316,#7317,#7318,#7319,#7320,#7321,#7322,#7323,#7324,
#7325,#7326,#7327,#7328,#7329,#7330,#7331,#7332,#7333,#7334,#7335,#7336,
#7337,#7338,#7339,#7340,#7341,#7342,#7343,#7344,#7345,#7346,#7347,#7348,
#7349,#7350,#7351,#7352,#7353,#7354,#7355,#7356,#7357,#7358,#7359));
#1871=EDGE_LOOP('',(#7360,#7361,#7362,#7363));
#1872=EDGE_LOOP('',(#7364,#7365,#7366,#7367,#7368,#7369,#7370,#7371));
#1873=EDGE_LOOP('',(#7372,#7373,#7374,#7375));
#1874=EDGE_LOOP('',(#7376,#7377,#7378,#7379,#7380,#7381,#7382,#7383));
#1875=EDGE_LOOP('',(#7384,#7385,#7386,#7387));
#1876=EDGE_LOOP('',(#7388,#7389,#7390,#7391,#7392,#7393,#7394,#7395));
#1877=EDGE_LOOP('',(#7396,#7397,#7398,#7399));
#1878=EDGE_LOOP('',(#7400,#7401,#7402,#7403,#7404,#7405,#7406,#7407));
#1879=EDGE_LOOP('',(#7408,#7409,#7410,#7411));
#1880=EDGE_LOOP('',(#7412,#7413,#7414,#7415,#7416,#7417,#7418,#7419));
#1881=EDGE_LOOP('',(#7420,#7421,#7422,#7423));
#1882=EDGE_LOOP('',(#7424,#7425,#7426,#7427,#7428,#7429,#7430,#7431));
#1883=EDGE_LOOP('',(#7432,#7433,#7434,#7435,#7436));
#1884=EDGE_LOOP('',(#7437,#7438,#7439,#7440,#7441,#7442,#7443,#7444));
#1885=EDGE_LOOP('',(#7445,#7446,#7447,#7448));
#1886=EDGE_LOOP('',(#7449,#7450,#7451,#7452,#7453,#7454,#7455,#7456));
#1887=EDGE_LOOP('',(#7457,#7458,#7459,#7460));
#1888=EDGE_LOOP('',(#7461,#7462,#7463,#7464,#7465,#7466,#7467,#7468));
#1889=EDGE_LOOP('',(#7469,#7470,#7471,#7472));
#1890=EDGE_LOOP('',(#7473,#7474,#7475,#7476,#7477,#7478,#7479,#7480));
#1891=EDGE_LOOP('',(#7481,#7482,#7483,#7484,#7485));
#1892=EDGE_LOOP('',(#7486,#7487,#7488,#7489,#7490));
#1893=EDGE_LOOP('',(#7491,#7492,#7493,#7494,#7495,#7496,#7497,#7498,#7499,
#7500,#7501,#7502,#7503,#7504,#7505,#7506,#7507,#7508,#7509,#7510,#7511,
#7512,#7513,#7514,#7515,#7516,#7517,#7518,#7519,#7520,#7521,#7522,#7523,
#7524,#7525,#7526,#7527,#7528,#7529,#7530));
#1894=EDGE_LOOP('',(#7531));
#1895=EDGE_LOOP('',(#7532));
#1896=EDGE_LOOP('',(#7533,#7534,#7535,#7536,#7537,#7538,#7539,#7540,#7541,
#7542,#7543,#7544,#7545,#7546,#7547,#7548));
#1897=EDGE_LOOP('',(#7549,#7550,#7551,#7552));
#1898=EDGE_LOOP('',(#7553,#7554,#7555,#7556));
#1899=EDGE_LOOP('',(#7557,#7558,#7559,#7560));
#1900=EDGE_LOOP('',(#7561,#7562,#7563,#7564));
#1901=EDGE_LOOP('',(#7565,#7566,#7567,#7568));
#1902=EDGE_LOOP('',(#7569,#7570,#7571,#7572));
#1903=EDGE_LOOP('',(#7573,#7574,#7575,#7576));
#1904=EDGE_LOOP('',(#7577,#7578,#7579,#7580));
#1905=EDGE_LOOP('',(#7581,#7582,#7583,#7584,#7585));
#1906=EDGE_LOOP('',(#7586,#7587,#7588,#7589,#7590));
#1907=EDGE_LOOP('',(#7591));
#1908=EDGE_LOOP('',(#7592,#7593,#7594,#7595,#7596,#7597,#7598,#7599,#7600,
#7601,#7602,#7603,#7604,#7605,#7606,#7607));
#1909=EDGE_LOOP('',(#7608,#7609,#7610,#7611,#7612));
#1910=EDGE_LOOP('',(#7613,#7614,#7615,#7616,#7617,#7618));
#1911=EDGE_LOOP('',(#7619));
#1912=EDGE_LOOP('',(#7620));
#1913=EDGE_LOOP('',(#7621,#7622,#7623,#7624,#7625));
#1914=EDGE_LOOP('',(#7626));
#1915=EDGE_LOOP('',(#7627));
#1916=EDGE_LOOP('',(#7628,#7629,#7630,#7631));
#1917=EDGE_LOOP('',(#7632,#7633,#7634,#7635));
#1918=EDGE_LOOP('',(#7636,#7637,#7638,#7639,#7640,#7641,#7642,#7643));
#1919=EDGE_LOOP('',(#7644,#7645,#7646,#7647));
#1920=EDGE_LOOP('',(#7648,#7649,#7650,#7651));
#1921=EDGE_LOOP('',(#7652,#7653,#7654,#7655,#7656,#7657,#7658,#7659));
#1922=EDGE_LOOP('',(#7660,#7661,#7662,#7663));
#1923=EDGE_LOOP('',(#7664,#7665,#7666,#7667,#7668,#7669,#7670,#7671));
#1924=EDGE_LOOP('',(#7672,#7673,#7674,#7675));
#1925=EDGE_LOOP('',(#7676,#7677,#7678,#7679));
#1926=EDGE_LOOP('',(#7680,#7681,#7682,#7683));
#1927=EDGE_LOOP('',(#7684,#7685,#7686,#7687));
#1928=EDGE_LOOP('',(#7688,#7689,#7690,#7691));
#1929=EDGE_LOOP('',(#7692,#7693,#7694,#7695));
#1930=EDGE_LOOP('',(#7696,#7697,#7698,#7699,#7700,#7701,#7702,#7703));
#1931=EDGE_LOOP('',(#7704,#7705,#7706,#7707));
#1932=EDGE_LOOP('',(#7708,#7709,#7710,#7711));
#1933=EDGE_LOOP('',(#7712,#7713,#7714,#7715,#7716,#7717,#7718,#7719));
#1934=EDGE_LOOP('',(#7720,#7721,#7722,#7723));
#1935=EDGE_LOOP('',(#7724,#7725,#7726,#7727));
#1936=EDGE_LOOP('',(#7728,#7729,#7730,#7731));
#1937=EDGE_LOOP('',(#7732,#7733,#7734,#7735));
#1938=EDGE_LOOP('',(#7736,#7737,#7738,#7739));
#1939=EDGE_LOOP('',(#7740,#7741,#7742,#7743));
#1940=EDGE_LOOP('',(#7744,#7745,#7746,#7747));
#1941=EDGE_LOOP('',(#7748,#7749,#7750,#7751));
#1942=EDGE_LOOP('',(#7752,#7753,#7754,#7755));
#1943=EDGE_LOOP('',(#7756,#7757,#7758,#7759));
#1944=EDGE_LOOP('',(#7760,#7761,#7762,#7763));
#1945=EDGE_LOOP('',(#7764,#7765,#7766,#7767));
#1946=EDGE_LOOP('',(#7768,#7769,#7770,#7771));
#1947=EDGE_LOOP('',(#7772,#7773,#7774,#7775));
#1948=EDGE_LOOP('',(#7776,#7777,#7778,#7779));
#1949=EDGE_LOOP('',(#7780,#7781,#7782,#7783));
#1950=EDGE_LOOP('',(#7784,#7785,#7786,#7787));
#1951=EDGE_LOOP('',(#7788,#7789,#7790,#7791));
#1952=EDGE_LOOP('',(#7792,#7793,#7794,#7795));
#1953=EDGE_LOOP('',(#7796,#7797,#7798,#7799));
#1954=EDGE_LOOP('',(#7800,#7801,#7802,#7803));
#1955=EDGE_LOOP('',(#7804,#7805,#7806,#7807));
#1956=EDGE_LOOP('',(#7808,#7809,#7810,#7811));
#1957=EDGE_LOOP('',(#7812,#7813,#7814,#7815));
#1958=EDGE_LOOP('',(#7816,#7817,#7818,#7819));
#1959=EDGE_LOOP('',(#7820,#7821,#7822,#7823));
#1960=EDGE_LOOP('',(#7824,#7825,#7826,#7827));
#1961=EDGE_LOOP('',(#7828,#7829,#7830,#7831));
#1962=EDGE_LOOP('',(#7832,#7833,#7834,#7835));
#1963=EDGE_LOOP('',(#7836,#7837,#7838,#7839));
#1964=EDGE_LOOP('',(#7840,#7841,#7842,#7843));
#1965=EDGE_LOOP('',(#7844,#7845,#7846,#7847));
#1966=EDGE_LOOP('',(#7848,#7849,#7850,#7851));
#1967=EDGE_LOOP('',(#7852,#7853,#7854,#7855,#7856,#7857,#7858,#7859));
#1968=EDGE_LOOP('',(#7860,#7861,#7862,#7863));
#1969=EDGE_LOOP('',(#7864,#7865,#7866,#7867,#7868,#7869,#7870,#7871));
#1970=EDGE_LOOP('',(#7872,#7873,#7874,#7875));
#1971=EDGE_LOOP('',(#7876,#7877,#7878,#7879,#7880,#7881,#7882,#7883));
#1972=EDGE_LOOP('',(#7884,#7885,#7886,#7887));
#1973=EDGE_LOOP('',(#7888,#7889,#7890,#7891,#7892,#7893,#7894,#7895));
#1974=EDGE_LOOP('',(#7896,#7897,#7898,#7899));
#1975=EDGE_LOOP('',(#7900,#7901,#7902,#7903,#7904,#7905,#7906,#7907));
#1976=EDGE_LOOP('',(#7908,#7909,#7910,#7911));
#1977=EDGE_LOOP('',(#7912,#7913,#7914,#7915));
#1978=EDGE_LOOP('',(#7916,#7917,#7918,#7919));
#1979=EDGE_LOOP('',(#7920,#7921,#7922,#7923));
#1980=EDGE_LOOP('',(#7924,#7925,#7926,#7927));
#1981=EDGE_LOOP('',(#7928,#7929,#7930,#7931));
#1982=EDGE_LOOP('',(#7932,#7933,#7934,#7935));
#1983=EDGE_LOOP('',(#7936,#7937,#7938,#7939));
#1984=EDGE_LOOP('',(#7940,#7941,#7942,#7943));
#1985=EDGE_LOOP('',(#7944,#7945,#7946,#7947));
#1986=EDGE_LOOP('',(#7948,#7949,#7950,#7951));
#1987=EDGE_LOOP('',(#7952,#7953,#7954,#7955));
#1988=EDGE_LOOP('',(#7956,#7957,#7958,#7959,#7960,#7961,#7962,#7963,#7964,
#7965));
#1989=EDGE_LOOP('',(#7966,#7967,#7968,#7969,#7970,#7971,#7972,#7973));
#1990=EDGE_LOOP('',(#7974,#7975,#7976,#7977));
#1991=EDGE_LOOP('',(#7978,#7979,#7980,#7981,#7982,#7983,#7984,#7985));
#1992=EDGE_LOOP('',(#7986,#7987,#7988,#7989));
#1993=EDGE_LOOP('',(#7990,#7991,#7992,#7993));
#1994=EDGE_LOOP('',(#7994,#7995,#7996,#7997));
#1995=EDGE_LOOP('',(#7998,#7999,#8000,#8001));
#1996=EDGE_LOOP('',(#8002,#8003,#8004,#8005));
#1997=EDGE_LOOP('',(#8006,#8007,#8008,#8009));
#1998=EDGE_LOOP('',(#8010,#8011,#8012,#8013));
#1999=EDGE_LOOP('',(#8014,#8015,#8016,#8017,#8018,#8019,#8020,#8021,#8022,
#8023));
#2000=EDGE_LOOP('',(#8024,#8025,#8026,#8027));
#2001=EDGE_LOOP('',(#8028,#8029,#8030,#8031));
#2002=EDGE_LOOP('',(#8032,#8033,#8034,#8035));
#2003=EDGE_LOOP('',(#8036,#8037,#8038,#8039));
#2004=EDGE_LOOP('',(#8040,#8041,#8042,#8043,#8044,#8045,#8046,#8047,#8048,
#8049));
#2005=EDGE_LOOP('',(#8050,#8051,#8052,#8053,#8054,#8055,#8056,#8057));
#2006=EDGE_LOOP('',(#8058,#8059,#8060,#8061));
#2007=EDGE_LOOP('',(#8062,#8063,#8064,#8065,#8066,#8067,#8068,#8069));
#2008=EDGE_LOOP('',(#8070,#8071,#8072,#8073));
#2009=EDGE_LOOP('',(#8074,#8075,#8076,#8077));
#2010=EDGE_LOOP('',(#8078,#8079,#8080,#8081));
#2011=EDGE_LOOP('',(#8082,#8083,#8084,#8085));
#2012=EDGE_LOOP('',(#8086,#8087,#8088,#8089));
#2013=EDGE_LOOP('',(#8090,#8091,#8092,#8093));
#2014=EDGE_LOOP('',(#8094,#8095,#8096,#8097));
#2015=EDGE_LOOP('',(#8098,#8099,#8100,#8101,#8102,#8103,#8104,#8105,#8106,
#8107));
#2016=EDGE_LOOP('',(#8108,#8109,#8110,#8111));
#2017=EDGE_LOOP('',(#8112,#8113,#8114,#8115));
#2018=EDGE_LOOP('',(#8116,#8117,#8118,#8119));
#2019=EDGE_LOOP('',(#8120,#8121,#8122,#8123));
#2020=EDGE_LOOP('',(#8124,#8125,#8126,#8127,#8128,#8129,#8130,#8131,#8132,
#8133));
#2021=EDGE_LOOP('',(#8134,#8135,#8136,#8137,#8138,#8139,#8140,#8141));
#2022=EDGE_LOOP('',(#8142,#8143,#8144,#8145));
#2023=EDGE_LOOP('',(#8146,#8147,#8148,#8149,#8150,#8151,#8152,#8153));
#2024=EDGE_LOOP('',(#8154,#8155,#8156,#8157));
#2025=EDGE_LOOP('',(#8158,#8159,#8160,#8161));
#2026=EDGE_LOOP('',(#8162,#8163,#8164,#8165));
#2027=EDGE_LOOP('',(#8166,#8167,#8168,#8169));
#2028=EDGE_LOOP('',(#8170,#8171,#8172,#8173));
#2029=EDGE_LOOP('',(#8174,#8175,#8176,#8177));
#2030=EDGE_LOOP('',(#8178,#8179,#8180,#8181));
#2031=EDGE_LOOP('',(#8182,#8183,#8184,#8185,#8186,#8187,#8188,#8189,#8190,
#8191));
#2032=ELLIPSE('',#8853,0.353553390593273,0.25);
#2033=ELLIPSE('',#8854,21.3546247918337,15.1);
#2034=ELLIPSE('',#8865,21.3546247918337,15.1);
#2035=ELLIPSE('',#8874,21.3546247918337,15.1);
#2036=ELLIPSE('',#8885,21.3546247918338,15.1);
#2037=ELLIPSE('',#8886,0.353553390593275,0.25);
#2038=ELLIPSE('',#9011,0.194926301894336,0.0643919124712887);
#2039=ELLIPSE('',#9012,0.0287041371417692,0.0163207995373174);
#2040=ELLIPSE('',#9016,0.518852809714772,0.513761954624496);
#2041=ELLIPSE('',#9017,11.8586754265833,7.25292049248996);
#2042=ELLIPSE('',#9018,0.629554970824667,0.39505084320966);
#2043=ELLIPSE('',#9022,8.4855228491501,7.34735218401127);
#2044=ELLIPSE('',#9025,1.12682371060831,0.919059838939765);
#2045=ELLIPSE('',#9026,0.252901687059855,0.248149315139356);
#2046=ELLIPSE('',#9027,0.349558184395238,0.162567525319281);
#2047=ELLIPSE('',#9028,0.312968908160332,0.0948346752584317);
#2048=ELLIPSE('',#9029,0.194926301893639,0.0643919124708127);
#2049=ELLIPSE('',#9030,0.0287041371268843,0.0163207995283357);
#2050=ELLIPSE('',#9034,0.518852810324196,0.513761954927468);
#2051=ELLIPSE('',#9035,11.85916567954,7.25350564502854);
#2052=ELLIPSE('',#9036,0.630039148630494,0.395660199495582);
#2053=ELLIPSE('',#9040,8.48705490973802,7.3500055565828);
#2054=ELLIPSE('',#9043,1.1268237142796,0.919059840436232);
#2055=ELLIPSE('',#9044,0.252901687612914,0.248149315411744);
#2056=ELLIPSE('',#9045,0.349558184813853,0.162567525709469);
#2057=ELLIPSE('',#9046,0.312968907488493,0.094834674853824);
#2058=ELLIPSE('',#9104,0.0323775179162469,0.0143701515839811);
#2059=ELLIPSE('',#9105,0.404669889941885,0.146576129379064);
#2060=ELLIPSE('',#9111,0.627965751229137,0.394433430512032);
#2061=ELLIPSE('',#9127,9.78607397090144,8.47494724868974);
#2062=ELLIPSE('',#9128,0.0323775178606548,0.0143701515433466);
#2063=ELLIPSE('',#9129,0.404669889941885,0.146576129379064);
#2064=ELLIPSE('',#9135,0.62796574842655,0.394433426988417);
#2065=ELLIPSE('',#9136,9.78617067573026,8.47511474755285);
#2066=ELLIPSE('',#9302,3.43960540494335,3.01461837323041);
#2067=ELLIPSE('',#9304,3.43972468559817,3.01492100458149);
#2068=ELLIPSE('',#9307,0.242919615164904,0.218420819945845);
#2069=ELLIPSE('',#9310,0.242966129495588,0.218473447429526);
#2070=ELLIPSE('',#9315,3.43976814995579,3.01489633891067);
#2071=ELLIPSE('',#9317,3.43957572265856,3.01466651320384);
#2072=ELLIPSE('',#9319,0.222550245946474,0.193674447118436);
#2073=ELLIPSE('',#9324,3.43979316735067,3.01493904813218);
#2074=ELLIPSE('',#9326,3.43973750372011,3.01494291833867);
#2075=ELLIPSE('',#9377,3.24544049600321,2.6142723622353);
#2076=ELLIPSE('',#9380,3.24548256475849,2.61427559741561);
#2077=ELLIPSE('',#9385,3.24529342949016,2.61403665771381);
#2078=ELLIPSE('',#9387,3.24533287824316,2.61403576077327);
#2079=ELLIPSE('',#9389,3.24542964753178,2.61425495717462);
#2080=ELLIPSE('',#9391,3.24550710012204,2.61431488044795);
#2081=LINE('',#12276,#2715);
#2082=LINE('',#12282,#2716);
#2083=LINE('',#12284,#2717);
#2084=LINE('',#12285,#2718);
#2085=LINE('',#12290,#2719);
#2086=LINE('',#12295,#2720);
#2087=LINE('',#12302,#2721);
#2088=LINE('',#12308,#2722);
#2089=LINE('',#12309,#2723);
#2090=LINE('',#12312,#2724);
#2091=LINE('',#12315,#2725);
#2092=LINE('',#12318,#2726);
#2093=LINE('',#12322,#2727);
#2094=LINE('',#12326,#2728);
#2095=LINE('',#12328,#2729);
#2096=LINE('',#12330,#2730);
#2097=LINE('',#12331,#2731);
#2098=LINE('',#12337,#2732);
#2099=LINE('',#12339,#2733);
#2100=LINE('',#12340,#2734);
#2101=LINE('',#12345,#2735);
#2102=LINE('',#12350,#2736);
#2103=LINE('',#12357,#2737);
#2104=LINE('',#12366,#2738);
#2105=LINE('',#12367,#2739);
#2106=LINE('',#12368,#2740);
#2107=LINE('',#12371,#2741);
#2108=LINE('',#12373,#2742);
#2109=LINE('',#12375,#2743);
#2110=LINE('',#12377,#2744);
#2111=LINE('',#12378,#2745);
#2112=LINE('',#12381,#2746);
#2113=LINE('',#12385,#2747);
#2114=LINE('',#12389,#2748);
#2115=LINE('',#12393,#2749);
#2116=LINE('',#12395,#2750);
#2117=LINE('',#12397,#2751);
#2118=LINE('',#12398,#2752);
#2119=LINE('',#12402,#2753);
#2120=LINE('',#12406,#2754);
#2121=LINE('',#12412,#2755);
#2122=LINE('',#12417,#2756);
#2123=LINE('',#12422,#2757);
#2124=LINE('',#12424,#2758);
#2125=LINE('',#12425,#2759);
#2126=LINE('',#12429,#2760);
#2127=LINE('',#12436,#2761);
#2128=LINE('',#12441,#2762);
#2129=LINE('',#12445,#2763);
#2130=LINE('',#12446,#2764);
#2131=LINE('',#12449,#2765);
#2132=LINE('',#12452,#2766);
#2133=LINE('',#12455,#2767);
#2134=LINE('',#12459,#2768);
#2135=LINE('',#12460,#2769);
#2136=LINE('',#12463,#2770);
#2137=LINE('',#12474,#2771);
#2138=LINE('',#12482,#2772);
#2139=LINE('',#12489,#2773);
#2140=LINE('',#12494,#2774);
#2141=LINE('',#12501,#2775);
#2142=LINE('',#12507,#2776);
#2143=LINE('',#12512,#2777);
#2144=LINE('',#12515,#2778);
#2145=LINE('',#12523,#2779);
#2146=LINE('',#12531,#2780);
#2147=LINE('',#12536,#2781);
#2148=LINE('',#12543,#2782);
#2149=LINE('',#12562,#2783);
#2150=LINE('',#12566,#2784);
#2151=LINE('',#12568,#2785);
#2152=LINE('',#12569,#2786);
#2153=LINE('',#12573,#2787);
#2154=LINE('',#12580,#2788);
#2155=LINE('',#12596,#2789);
#2156=LINE('',#12603,#2790);
#2157=LINE('',#12619,#2791);
#2158=LINE('',#12623,#2792);
#2159=LINE('',#12624,#2793);
#2160=LINE('',#12627,#2794);
#2161=LINE('',#12631,#2795);
#2162=LINE('',#12642,#2796);
#2163=LINE('',#12644,#2797);
#2164=LINE('',#12646,#2798);
#2165=LINE('',#12647,#2799);
#2166=LINE('',#12652,#2800);
#2167=LINE('',#12657,#2801);
#2168=LINE('',#12664,#2802);
#2169=LINE('',#12669,#2803);
#2170=LINE('',#12673,#2804);
#2171=LINE('',#12678,#2805);
#2172=LINE('',#12680,#2806);
#2173=LINE('',#12682,#2807);
#2174=LINE('',#12683,#2808);
#2175=LINE('',#12688,#2809);
#2176=LINE('',#12693,#2810);
#2177=LINE('',#12700,#2811);
#2178=LINE('',#12705,#2812);
#2179=LINE('',#12709,#2813);
#2180=LINE('',#12729,#2814);
#2181=LINE('',#12736,#2815);
#2182=LINE('',#12759,#2816);
#2183=LINE('',#12788,#2817);
#2184=LINE('',#12797,#2818);
#2185=LINE('',#12822,#2819);
#2186=LINE('',#12841,#2820);
#2187=LINE('',#12848,#2821);
#2188=LINE('',#12874,#2822);
#2189=LINE('',#12876,#2823);
#2190=LINE('',#12877,#2824);
#2191=LINE('',#12878,#2825);
#2192=LINE('',#12901,#2826);
#2193=LINE('',#12921,#2827);
#2194=LINE('',#12927,#2828);
#2195=LINE('',#12966,#2829);
#2196=LINE('',#12975,#2830);
#2197=LINE('',#13022,#2831);
#2198=LINE('',#13033,#2832);
#2199=LINE('',#13066,#2833);
#2200=LINE('',#13069,#2834);
#2201=LINE('',#13112,#2835);
#2202=LINE('',#13133,#2836);
#2203=LINE('',#13140,#2837);
#2204=LINE('',#13163,#2838);
#2205=LINE('',#13210,#2839);
#2206=LINE('',#13219,#2840);
#2207=LINE('',#13244,#2841);
#2208=LINE('',#13263,#2842);
#2209=LINE('',#13270,#2843);
#2210=LINE('',#13296,#2844);
#2211=LINE('',#13298,#2845);
#2212=LINE('',#13299,#2846);
#2213=LINE('',#13300,#2847);
#2214=LINE('',#13323,#2848);
#2215=LINE('',#13351,#2849);
#2216=LINE('',#13359,#2850);
#2217=LINE('',#13398,#2851);
#2218=LINE('',#13407,#2852);
#2219=LINE('',#13454,#2853);
#2220=LINE('',#13465,#2854);
#2221=LINE('',#13498,#2855);
#2222=LINE('',#13501,#2856);
#2223=LINE('',#13544,#2857);
#2224=LINE('',#13567,#2858);
#2225=LINE('',#13580,#2859);
#2226=LINE('',#13585,#2860);
#2227=LINE('',#13589,#2861);
#2228=LINE('',#13642,#2862);
#2229=LINE('',#13646,#2863);
#2230=LINE('',#13648,#2864);
#2231=LINE('',#13656,#2865);
#2232=LINE('',#13663,#2866);
#2233=LINE('',#13679,#2867);
#2234=LINE('',#13692,#2868);
#2235=LINE('',#13693,#2869);
#2236=LINE('',#13695,#2870);
#2237=LINE('',#13697,#2871);
#2238=LINE('',#13699,#2872);
#2239=LINE('',#13701,#2873);
#2240=LINE('',#13704,#2874);
#2241=LINE('',#13706,#2875);
#2242=LINE('',#13708,#2876);
#2243=LINE('',#13712,#2877);
#2244=LINE('',#13714,#2878);
#2245=LINE('',#13716,#2879);
#2246=LINE('',#13717,#2880);
#2247=LINE('',#13722,#2881);
#2248=LINE('',#13727,#2882);
#2249=LINE('',#13732,#2883);
#2250=LINE('',#13736,#2884);
#2251=LINE('',#13740,#2885);
#2252=LINE('',#13742,#2886);
#2253=LINE('',#13743,#2887);
#2254=LINE('',#13747,#2888);
#2255=LINE('',#13750,#2889);
#2256=LINE('',#13754,#2890);
#2257=LINE('',#13756,#2891);
#2258=LINE('',#13763,#2892);
#2259=LINE('',#13764,#2893);
#2260=LINE('',#13765,#2894);
#2261=LINE('',#13769,#2895);
#2262=LINE('',#13772,#2896);
#2263=LINE('',#13777,#2897);
#2264=LINE('',#13780,#2898);
#2265=LINE('',#13781,#2899);
#2266=LINE('',#13784,#2900);
#2267=LINE('',#13790,#2901);
#2268=LINE('',#13809,#2902);
#2269=LINE('',#13812,#2903);
#2270=LINE('',#13850,#2904);
#2271=LINE('',#13856,#2905);
#2272=LINE('',#13894,#2906);
#2273=LINE('',#13897,#2907);
#2274=LINE('',#13920,#2908);
#2275=LINE('',#13922,#2909);
#2276=LINE('',#13923,#2910);
#2277=LINE('',#13940,#2911);
#2278=LINE('',#13962,#2912);
#2279=LINE('',#13968,#2913);
#2280=LINE('',#14003,#2914);
#2281=LINE('',#14012,#2915);
#2282=LINE('',#14066,#2916);
#2283=LINE('',#14075,#2917);
#2284=LINE('',#14105,#2918);
#2285=LINE('',#14107,#2919);
#2286=LINE('',#14109,#2920);
#2287=LINE('',#14110,#2921);
#2288=LINE('',#14113,#2922);
#2289=LINE('',#14118,#2923);
#2290=LINE('',#14123,#2924);
#2291=LINE('',#14129,#2925);
#2292=LINE('',#14134,#2926);
#2293=LINE('',#14141,#2927);
#2294=LINE('',#14146,#2928);
#2295=LINE('',#14147,#2929);
#2296=LINE('',#14148,#2930);
#2297=LINE('',#14190,#2931);
#2298=LINE('',#14194,#2932);
#2299=LINE('',#14243,#2933);
#2300=LINE('',#14250,#2934);
#2301=LINE('',#14299,#2935);
#2302=LINE('',#14303,#2936);
#2303=LINE('',#14337,#2937);
#2304=LINE('',#14339,#2938);
#2305=LINE('',#14340,#2939);
#2306=LINE('',#14341,#2940);
#2307=LINE('',#14362,#2941);
#2308=LINE('',#14385,#2942);
#2309=LINE('',#14392,#2943);
#2310=LINE('',#14437,#2944);
#2311=LINE('',#14445,#2945);
#2312=LINE('',#14496,#2946);
#2313=LINE('',#14504,#2947);
#2314=LINE('',#14539,#2948);
#2315=LINE('',#14540,#2949);
#2316=LINE('',#14550,#2950);
#2317=LINE('',#14553,#2951);
#2318=LINE('',#14555,#2952);
#2319=LINE('',#14559,#2953);
#2320=LINE('',#14562,#2954);
#2321=LINE('',#14564,#2955);
#2322=LINE('',#14566,#2956);
#2323=LINE('',#14568,#2957);
#2324=LINE('',#14570,#2958);
#2325=LINE('',#14571,#2959);
#2326=LINE('',#14574,#2960);
#2327=LINE('',#14576,#2961);
#2328=LINE('',#14578,#2962);
#2329=LINE('',#14580,#2963);
#2330=LINE('',#14581,#2964);
#2331=LINE('',#14585,#2965);
#2332=LINE('',#14586,#2966);
#2333=LINE('',#14587,#2967);
#2334=LINE('',#14590,#2968);
#2335=LINE('',#14594,#2969);
#2336=LINE('',#14598,#2970);
#2337=LINE('',#14602,#2971);
#2338=LINE('',#14603,#2972);
#2339=LINE('',#14606,#2973);
#2340=LINE('',#14618,#2974);
#2341=LINE('',#14621,#2975);
#2342=LINE('',#14624,#2976);
#2343=LINE('',#14628,#2977);
#2344=LINE('',#14631,#2978);
#2345=LINE('',#14633,#2979);
#2346=LINE('',#14637,#2980);
#2347=LINE('',#14640,#2981);
#2348=LINE('',#14641,#2982);
#2349=LINE('',#14643,#2983);
#2350=LINE('',#14652,#2984);
#2351=LINE('',#14654,#2985);
#2352=LINE('',#14655,#2986);
#2353=LINE('',#14656,#2987);
#2354=LINE('',#14658,#2988);
#2355=LINE('',#14660,#2989);
#2356=LINE('',#14664,#2990);
#2357=LINE('',#14670,#2991);
#2358=LINE('',#14674,#2992);
#2359=LINE('',#14675,#2993);
#2360=LINE('',#14679,#2994);
#2361=LINE('',#14682,#2995);
#2362=LINE('',#14686,#2996);
#2363=LINE('',#14687,#2997);
#2364=LINE('',#14691,#2998);
#2365=LINE('',#14694,#2999);
#2366=LINE('',#14696,#3000);
#2367=LINE('',#14698,#3001);
#2368=LINE('',#14699,#3002);
#2369=LINE('',#14705,#3003);
#2370=LINE('',#14710,#3004);
#2371=LINE('',#14719,#3005);
#2372=LINE('',#14726,#3006);
#2373=LINE('',#14733,#3007);
#2374=LINE('',#14736,#3008);
#2375=LINE('',#14737,#3009);
#2376=LINE('',#14741,#3010);
#2377=LINE('',#14796,#3011);
#2378=LINE('',#14798,#3012);
#2379=LINE('',#14799,#3013);
#2380=LINE('',#14801,#3014);
#2381=LINE('',#14803,#3015);
#2382=LINE('',#14806,#3016);
#2383=LINE('',#14812,#3017);
#2384=LINE('',#14818,#3018);
#2385=LINE('',#14821,#3019);
#2386=LINE('',#14827,#3020);
#2387=LINE('',#14846,#3021);
#2388=LINE('',#14885,#3022);
#2389=LINE('',#14888,#3023);
#2390=LINE('',#14890,#3024);
#2391=LINE('',#14892,#3025);
#2392=LINE('',#14894,#3026);
#2393=LINE('',#14896,#3027);
#2394=LINE('',#14898,#3028);
#2395=LINE('',#14900,#3029);
#2396=LINE('',#14901,#3030);
#2397=LINE('',#14906,#3031);
#2398=LINE('',#14910,#3032);
#2399=LINE('',#14916,#3033);
#2400=LINE('',#14931,#3034);
#2401=LINE('',#14937,#3035);
#2402=LINE('',#14942,#3036);
#2403=LINE('',#14946,#3037);
#2404=LINE('',#14961,#3038);
#2405=LINE('',#15000,#3039);
#2406=LINE('',#15003,#3040);
#2407=LINE('',#15005,#3041);
#2408=LINE('',#15007,#3042);
#2409=LINE('',#15009,#3043);
#2410=LINE('',#15011,#3044);
#2411=LINE('',#15013,#3045);
#2412=LINE('',#15015,#3046);
#2413=LINE('',#15016,#3047);
#2414=LINE('',#15021,#3048);
#2415=LINE('',#15025,#3049);
#2416=LINE('',#15032,#3050);
#2417=LINE('',#15035,#3051);
#2418=LINE('',#15041,#3052);
#2419=LINE('',#15047,#3053);
#2420=LINE('',#15051,#3054);
#2421=LINE('',#15064,#3055);
#2422=LINE('',#15066,#3056);
#2423=LINE('',#15068,#3057);
#2424=LINE('',#15070,#3058);
#2425=LINE('',#15072,#3059);
#2426=LINE('',#15073,#3060);
#2427=LINE('',#15079,#3061);
#2428=LINE('',#15091,#3062);
#2429=LINE('',#15098,#3063);
#2430=LINE('',#15104,#3064);
#2431=LINE('',#15109,#3065);
#2432=LINE('',#15114,#3066);
#2433=LINE('',#15128,#3067);
#2434=LINE('',#15132,#3068);
#2435=LINE('',#15135,#3069);
#2436=LINE('',#15174,#3070);
#2437=LINE('',#15178,#3071);
#2438=LINE('',#15226,#3072);
#2439=LINE('',#15239,#3073);
#2440=LINE('',#15280,#3074);
#2441=LINE('',#15295,#3075);
#2442=LINE('',#15297,#3076);
#2443=LINE('',#15299,#3077);
#2444=LINE('',#15301,#3078);
#2445=LINE('',#15303,#3079);
#2446=LINE('',#15305,#3080);
#2447=LINE('',#15306,#3081);
#2448=LINE('',#15346,#3082);
#2449=LINE('',#15406,#3083);
#2450=LINE('',#15514,#3084);
#2451=LINE('',#15530,#3085);
#2452=LINE('',#15531,#3086);
#2453=LINE('',#15534,#3087);
#2454=LINE('',#15542,#3088);
#2455=LINE('',#15547,#3089);
#2456=LINE('',#15549,#3090);
#2457=LINE('',#15552,#3091);
#2458=LINE('',#15555,#3092);
#2459=LINE('',#15558,#3093);
#2460=LINE('',#15559,#3094);
#2461=LINE('',#15562,#3095);
#2462=LINE('',#15568,#3096);
#2463=LINE('',#15569,#3097);
#2464=LINE('',#15572,#3098);
#2465=LINE('',#15580,#3099);
#2466=LINE('',#15585,#3100);
#2467=LINE('',#15587,#3101);
#2468=LINE('',#15590,#3102);
#2469=LINE('',#15593,#3103);
#2470=LINE('',#15596,#3104);
#2471=LINE('',#15597,#3105);
#2472=LINE('',#15600,#3106);
#2473=LINE('',#15607,#3107);
#2474=LINE('',#15610,#3108);
#2475=LINE('',#15613,#3109);
#2476=LINE('',#15615,#3110);
#2477=LINE('',#15616,#3111);
#2478=LINE('',#15621,#3112);
#2479=LINE('',#15622,#3113);
#2480=LINE('',#15625,#3114);
#2481=LINE('',#15631,#3115);
#2482=LINE('',#15632,#3116);
#2483=LINE('',#15634,#3117);
#2484=LINE('',#15640,#3118);
#2485=LINE('',#15646,#3119);
#2486=LINE('',#15649,#3120);
#2487=LINE('',#15950,#3121);
#2488=LINE('',#15961,#3122);
#2489=LINE('',#15967,#3123);
#2490=LINE('',#15975,#3124);
#2491=LINE('',#15982,#3125);
#2492=LINE('',#15986,#3126);
#2493=LINE('',#15988,#3127);
#2494=LINE('',#15991,#3128);
#2495=LINE('',#15992,#3129);
#2496=LINE('',#15995,#3130);
#2497=LINE('',#15998,#3131);
#2498=LINE('',#16005,#3132);
#2499=LINE('',#16017,#3133);
#2500=LINE('',#16019,#3134);
#2501=LINE('',#16022,#3135);
#2502=LINE('',#16023,#3136);
#2503=LINE('',#16031,#3137);
#2504=LINE('',#16039,#3138);
#2505=LINE('',#16050,#3139);
#2506=LINE('',#16053,#3140);
#2507=LINE('',#16182,#3141);
#2508=LINE('',#16186,#3142);
#2509=LINE('',#16189,#3143);
#2510=LINE('',#16192,#3144);
#2511=LINE('',#16198,#3145);
#2512=LINE('',#16200,#3146);
#2513=LINE('',#16202,#3147);
#2514=LINE('',#16208,#3148);
#2515=LINE('',#16212,#3149);
#2516=LINE('',#16218,#3150);
#2517=LINE('',#16220,#3151);
#2518=LINE('',#16222,#3152);
#2519=LINE('',#16228,#3153);
#2520=LINE('',#16232,#3154);
#2521=LINE('',#16238,#3155);
#2522=LINE('',#16240,#3156);
#2523=LINE('',#16242,#3157);
#2524=LINE('',#16248,#3158);
#2525=LINE('',#16252,#3159);
#2526=LINE('',#16258,#3160);
#2527=LINE('',#16260,#3161);
#2528=LINE('',#16262,#3162);
#2529=LINE('',#16268,#3163);
#2530=LINE('',#16272,#3164);
#2531=LINE('',#16278,#3165);
#2532=LINE('',#16280,#3166);
#2533=LINE('',#16282,#3167);
#2534=LINE('',#16288,#3168);
#2535=LINE('',#16292,#3169);
#2536=LINE('',#16298,#3170);
#2537=LINE('',#16300,#3171);
#2538=LINE('',#16302,#3172);
#2539=LINE('',#16308,#3173);
#2540=LINE('',#16312,#3174);
#2541=LINE('',#16318,#3175);
#2542=LINE('',#16320,#3176);
#2543=LINE('',#16322,#3177);
#2544=LINE('',#16328,#3178);
#2545=LINE('',#16332,#3179);
#2546=LINE('',#16338,#3180);
#2547=LINE('',#16340,#3181);
#2548=LINE('',#16342,#3182);
#2549=LINE('',#16348,#3183);
#2550=LINE('',#16352,#3184);
#2551=LINE('',#16358,#3185);
#2552=LINE('',#16360,#3186);
#2553=LINE('',#16362,#3187);
#2554=LINE('',#16368,#3188);
#2555=LINE('',#16372,#3189);
#2556=LINE('',#16378,#3190);
#2557=LINE('',#16380,#3191);
#2558=LINE('',#16382,#3192);
#2559=LINE('',#16391,#3193);
#2560=LINE('',#16397,#3194);
#2561=LINE('',#16403,#3195);
#2562=LINE('',#16407,#3196);
#2563=LINE('',#16411,#3197);
#2564=LINE('',#16415,#3198);
#2565=LINE('',#16419,#3199);
#2566=LINE('',#16423,#3200);
#2567=LINE('',#16427,#3201);
#2568=LINE('',#16431,#3202);
#2569=LINE('',#16445,#3203);
#2570=LINE('',#16448,#3204);
#2571=LINE('',#16484,#3205);
#2572=LINE('',#16487,#3206);
#2573=LINE('',#16490,#3207);
#2574=LINE('',#16494,#3208);
#2575=LINE('',#16498,#3209);
#2576=LINE('',#16502,#3210);
#2577=LINE('',#16506,#3211);
#2578=LINE('',#16510,#3212);
#2579=LINE('',#16514,#3213);
#2580=LINE('',#16521,#3214);
#2581=LINE('',#16527,#3215);
#2582=LINE('',#16549,#3216);
#2583=LINE('',#16554,#3217);
#2584=LINE('',#16562,#3218);
#2585=LINE('',#16575,#3219);
#2586=LINE('',#16576,#3220);
#2587=LINE('',#16579,#3221);
#2588=LINE('',#16581,#3222);
#2589=LINE('',#16586,#3223);
#2590=LINE('',#16598,#3224);
#2591=LINE('',#16599,#3225);
#2592=LINE('',#16602,#3226);
#2593=LINE('',#16604,#3227);
#2594=LINE('',#16609,#3228);
#2595=LINE('',#16622,#3229);
#2596=LINE('',#16628,#3230);
#2597=LINE('',#16629,#3231);
#2598=LINE('',#16630,#3232);
#2599=LINE('',#16632,#3233);
#2600=LINE('',#16643,#3234);
#2601=LINE('',#16645,#3235);
#2602=LINE('',#16650,#3236);
#2603=LINE('',#16662,#3237);
#2604=LINE('',#16663,#3238);
#2605=LINE('',#16666,#3239);
#2606=LINE('',#16668,#3240);
#2607=LINE('',#16673,#3241);
#2608=LINE('',#16681,#3242);
#2609=LINE('',#16693,#3243);
#2610=LINE('',#16709,#3244);
#2611=LINE('',#16712,#3245);
#2612=LINE('',#16729,#3246);
#2613=LINE('',#16761,#3247);
#2614=LINE('',#16764,#3248);
#2615=LINE('',#16767,#3249);
#2616=LINE('',#16769,#3250);
#2617=LINE('',#16770,#3251);
#2618=LINE('',#16773,#3252);
#2619=LINE('',#16779,#3253);
#2620=LINE('',#16782,#3254);
#2621=LINE('',#16785,#3255);
#2622=LINE('',#16788,#3256);
#2623=LINE('',#16790,#3257);
#2624=LINE('',#16793,#3258);
#2625=LINE('',#16795,#3259);
#2626=LINE('',#16797,#3260);
#2627=LINE('',#16799,#3261);
#2628=LINE('',#16801,#3262);
#2629=LINE('',#16803,#3263);
#2630=LINE('',#16805,#3264);
#2631=LINE('',#16810,#3265);
#2632=LINE('',#16812,#3266);
#2633=LINE('',#16814,#3267);
#2634=LINE('',#16815,#3268);
#2635=LINE('',#16821,#3269);
#2636=LINE('',#16824,#3270);
#2637=LINE('',#16826,#3271);
#2638=LINE('',#16827,#3272);
#2639=LINE('',#16832,#3273);
#2640=LINE('',#16837,#3274);
#2641=LINE('',#16838,#3275);
#2642=LINE('',#16840,#3276);
#2643=LINE('',#16842,#3277);
#2644=LINE('',#16844,#3278);
#2645=LINE('',#16846,#3279);
#2646=LINE('',#16848,#3280);
#2647=LINE('',#16850,#3281);
#2648=LINE('',#16851,#3282);
#2649=LINE('',#16856,#3283);
#2650=LINE('',#16860,#3284);
#2651=LINE('',#16864,#3285);
#2652=LINE('',#16868,#3286);
#2653=LINE('',#16872,#3287);
#2654=LINE('',#16876,#3288);
#2655=LINE('',#16880,#3289);
#2656=LINE('',#16884,#3290);
#2657=LINE('',#16888,#3291);
#2658=LINE('',#16891,#3292);
#2659=LINE('',#16896,#3293);
#2660=LINE('',#16898,#3294);
#2661=LINE('',#16900,#3295);
#2662=LINE('',#16901,#3296);
#2663=LINE('',#16907,#3297);
#2664=LINE('',#16910,#3298);
#2665=LINE('',#16912,#3299);
#2666=LINE('',#16913,#3300);
#2667=LINE('',#16918,#3301);
#2668=LINE('',#16923,#3302);
#2669=LINE('',#16924,#3303);
#2670=LINE('',#16926,#3304);
#2671=LINE('',#16928,#3305);
#2672=LINE('',#16930,#3306);
#2673=LINE('',#16932,#3307);
#2674=LINE('',#16934,#3308);
#2675=LINE('',#16936,#3309);
#2676=LINE('',#16937,#3310);
#2677=LINE('',#16942,#3311);
#2678=LINE('',#16946,#3312);
#2679=LINE('',#16950,#3313);
#2680=LINE('',#16954,#3314);
#2681=LINE('',#16958,#3315);
#2682=LINE('',#16962,#3316);
#2683=LINE('',#16966,#3317);
#2684=LINE('',#16970,#3318);
#2685=LINE('',#16974,#3319);
#2686=LINE('',#16977,#3320);
#2687=LINE('',#16982,#3321);
#2688=LINE('',#16984,#3322);
#2689=LINE('',#16986,#3323);
#2690=LINE('',#16987,#3324);
#2691=LINE('',#16993,#3325);
#2692=LINE('',#16996,#3326);
#2693=LINE('',#16998,#3327);
#2694=LINE('',#16999,#3328);
#2695=LINE('',#17004,#3329);
#2696=LINE('',#17009,#3330);
#2697=LINE('',#17010,#3331);
#2698=LINE('',#17012,#3332);
#2699=LINE('',#17014,#3333);
#2700=LINE('',#17016,#3334);
#2701=LINE('',#17018,#3335);
#2702=LINE('',#17020,#3336);
#2703=LINE('',#17022,#3337);
#2704=LINE('',#17023,#3338);
#2705=LINE('',#17028,#3339);
#2706=LINE('',#17032,#3340);
#2707=LINE('',#17036,#3341);
#2708=LINE('',#17040,#3342);
#2709=LINE('',#17044,#3343);
#2710=LINE('',#17048,#3344);
#2711=LINE('',#17052,#3345);
#2712=LINE('',#17056,#3346);
#2713=LINE('',#17060,#3347);
#2714=LINE('',#17063,#3348);
#2715=VECTOR('',#9784,10.);
#2716=VECTOR('',#9789,10.);
#2717=VECTOR('',#9790,10.);
#2718=VECTOR('',#9791,10.);
#2719=VECTOR('',#9796,10.);
#2720=VECTOR('',#9801,10.);
#2721=VECTOR('',#9810,10.);
#2722=VECTOR('',#9817,10.);
#2723=VECTOR('',#9818,10.);
#2724=VECTOR('',#9821,10.);
#2725=VECTOR('',#9824,10.);
#2726=VECTOR('',#9827,10.);
#2727=VECTOR('',#9832,10.);
#2728=VECTOR('',#9837,10.);
#2729=VECTOR('',#9838,10.);
#2730=VECTOR('',#9839,10.);
#2731=VECTOR('',#9840,10.);
#2732=VECTOR('',#9845,10.);
#2733=VECTOR('',#9846,10.);
#2734=VECTOR('',#9847,10.);
#2735=VECTOR('',#9852,10.);
#2736=VECTOR('',#9857,10.);
#2737=VECTOR('',#9866,10.);
#2738=VECTOR('',#9875,10.);
#2739=VECTOR('',#9876,10.);
#2740=VECTOR('',#9877,10.);
#2741=VECTOR('',#9880,10.);
#2742=VECTOR('',#9881,10.);
#2743=VECTOR('',#9882,10.);
#2744=VECTOR('',#9883,10.);
#2745=VECTOR('',#9884,10.);
#2746=VECTOR('',#9887,10.);
#2747=VECTOR('',#9892,10.);
#2748=VECTOR('',#9897,10.);
#2749=VECTOR('',#9902,10.);
#2750=VECTOR('',#9903,10.);
#2751=VECTOR('',#9904,10.);
#2752=VECTOR('',#9905,10.);
#2753=VECTOR('',#9908,10.);
#2754=VECTOR('',#9911,10.);
#2755=VECTOR('',#9918,10.);
#2756=VECTOR('',#9923,10.);
#2757=VECTOR('',#9930,10.);
#2758=VECTOR('',#9931,10.);
#2759=VECTOR('',#9932,10.);
#2760=VECTOR('',#9935,10.);
#2761=VECTOR('',#9944,10.);
#2762=VECTOR('',#9949,10.);
#2763=VECTOR('',#9956,10.);
#2764=VECTOR('',#9957,10.);
#2765=VECTOR('',#9960,10.);
#2766=VECTOR('',#9963,10.);
#2767=VECTOR('',#9966,10.);
#2768=VECTOR('',#9971,10.);
#2769=VECTOR('',#9972,10.);
#2770=VECTOR('',#9975,10.);
#2771=VECTOR('',#9986,10.);
#2772=VECTOR('',#9993,10.);
#2773=VECTOR('',#10000,10.);
#2774=VECTOR('',#10005,7.35);
#2775=VECTOR('',#10014,7.6);
#2776=VECTOR('',#10021,6.35);
#2777=VECTOR('',#10028,6.1);
#2778=VECTOR('',#10031,6.35);
#2779=VECTOR('',#10040,10.);
#2780=VECTOR('',#10047,10.);
#2781=VECTOR('',#10052,10.);
#2782=VECTOR('',#10059,10.);
#2783=VECTOR('',#10064,10.);
#2784=VECTOR('',#10069,10.);
#2785=VECTOR('',#10070,10.);
#2786=VECTOR('',#10071,10.);
#2787=VECTOR('',#10074,10.);
#2788=VECTOR('',#10083,10.);
#2789=VECTOR('',#10098,10.);
#2790=VECTOR('',#10105,10.);
#2791=VECTOR('',#10108,10.);
#2792=VECTOR('',#10113,10.);
#2793=VECTOR('',#10114,10.);
#2794=VECTOR('',#10117,10.);
#2795=VECTOR('',#10122,10.);
#2796=VECTOR('',#10131,10.);
#2797=VECTOR('',#10132,10.);
#2798=VECTOR('',#10133,10.);
#2799=VECTOR('',#10134,10.);
#2800=VECTOR('',#10139,10.);
#2801=VECTOR('',#10144,9.99999999999999);
#2802=VECTOR('',#10153,10.);
#2803=VECTOR('',#10158,10.);
#2804=VECTOR('',#10161,10.);
#2805=VECTOR('',#10166,10.);
#2806=VECTOR('',#10167,10.);
#2807=VECTOR('',#10168,10.);
#2808=VECTOR('',#10169,10.);
#2809=VECTOR('',#10174,10.);
#2810=VECTOR('',#10179,9.99999999999999);
#2811=VECTOR('',#10188,10.);
#2812=VECTOR('',#10193,10.);
#2813=VECTOR('',#10196,10.);
#2814=VECTOR('',#10199,10.);
#2815=VECTOR('',#10200,10.);
#2816=VECTOR('',#10201,10.);
#2817=VECTOR('',#10202,10.);
#2818=VECTOR('',#10203,10.);
#2819=VECTOR('',#10204,10.);
#2820=VECTOR('',#10205,10.);
#2821=VECTOR('',#10206,10.);
#2822=VECTOR('',#10213,10.);
#2823=VECTOR('',#10214,10.);
#2824=VECTOR('',#10215,10.);
#2825=VECTOR('',#10216,10.);
#2826=VECTOR('',#10217,10.);
#2827=VECTOR('',#10222,10.);
#2828=VECTOR('',#10223,10.);
#2829=VECTOR('',#10224,10.);
#2830=VECTOR('',#10225,10.);
#2831=VECTOR('',#10230,10.);
#2832=VECTOR('',#10231,10.);
#2833=VECTOR('',#10236,9.99999999999999);
#2834=VECTOR('',#10239,10.);
#2835=VECTOR('',#10248,10.);
#2836=VECTOR('',#10253,10.);
#2837=VECTOR('',#10254,10.);
#2838=VECTOR('',#10255,10.);
#2839=VECTOR('',#10260,10.);
#2840=VECTOR('',#10261,10.);
#2841=VECTOR('',#10262,10.);
#2842=VECTOR('',#10263,10.);
#2843=VECTOR('',#10264,10.);
#2844=VECTOR('',#10271,9.99999999999999);
#2845=VECTOR('',#10272,10.);
#2846=VECTOR('',#10273,10.);
#2847=VECTOR('',#10274,10.);
#2848=VECTOR('',#10275,10.);
#2849=VECTOR('',#10280,10.);
#2850=VECTOR('',#10281,10.);
#2851=VECTOR('',#10282,10.);
#2852=VECTOR('',#10283,10.);
#2853=VECTOR('',#10288,10.);
#2854=VECTOR('',#10289,10.);
#2855=VECTOR('',#10294,10.);
#2856=VECTOR('',#10297,10.);
#2857=VECTOR('',#10306,10.);
#2858=VECTOR('',#10317,10.);
#2859=VECTOR('',#10318,10.);
#2860=VECTOR('',#10323,10.);
#2861=VECTOR('',#10326,10.);
#2862=VECTOR('',#10345,10.);
#2863=VECTOR('',#10348,10.);
#2864=VECTOR('',#10349,10.);
#2865=VECTOR('',#10356,10.);
#2866=VECTOR('',#10359,10.);
#2867=VECTOR('',#10362,10.);
#2868=VECTOR('',#10365,10.);
#2869=VECTOR('',#10366,10.);
#2870=VECTOR('',#10369,10.);
#2871=VECTOR('',#10372,10.);
#2872=VECTOR('',#10375,10.);
#2873=VECTOR('',#10378,10.);
#2874=VECTOR('',#10383,10.);
#2875=VECTOR('',#10386,10.);
#2876=VECTOR('',#10389,10.);
#2877=VECTOR('',#10392,10.);
#2878=VECTOR('',#10393,10.);
#2879=VECTOR('',#10394,10.);
#2880=VECTOR('',#10395,10.);
#2881=VECTOR('',#10400,10.);
#2882=VECTOR('',#10405,10.);
#2883=VECTOR('',#10412,10.);
#2884=VECTOR('',#10415,10.);
#2885=VECTOR('',#10420,10.);
#2886=VECTOR('',#10421,10.);
#2887=VECTOR('',#10422,10.);
#2888=VECTOR('',#10427,10.);
#2889=VECTOR('',#10430,10.);
#2890=VECTOR('',#10435,10.);
#2891=VECTOR('',#10436,10.);
#2892=VECTOR('',#10443,10.);
#2893=VECTOR('',#10444,10.);
#2894=VECTOR('',#10445,10.);
#2895=VECTOR('',#10450,10.);
#2896=VECTOR('',#10453,10.);
#2897=VECTOR('',#10460,10.);
#2898=VECTOR('',#10463,10.);
#2899=VECTOR('',#10464,10.);
#2900=VECTOR('',#10467,10.);
#2901=VECTOR('',#10470,10.);
#2902=VECTOR('',#10473,10.);
#2903=VECTOR('',#10476,10.);
#2904=VECTOR('',#10477,10.);
#2905=VECTOR('',#10478,10.);
#2906=VECTOR('',#10479,10.);
#2907=VECTOR('',#10482,10.);
#2908=VECTOR('',#10485,10.);
#2909=VECTOR('',#10486,10.);
#2910=VECTOR('',#10487,10.);
#2911=VECTOR('',#10488,10.);
#2912=VECTOR('',#10497,10.);
#2913=VECTOR('',#10498,10.);
#2914=VECTOR('',#10501,10.);
#2915=VECTOR('',#10502,10.);
#2916=VECTOR('',#10503,10.);
#2917=VECTOR('',#10504,10.);
#2918=VECTOR('',#10507,10.);
#2919=VECTOR('',#10508,10.);
#2920=VECTOR('',#10509,10.);
#2921=VECTOR('',#10510,10.);
#2922=VECTOR('',#10513,10.);
#2923=VECTOR('',#10514,10.);
#2924=VECTOR('',#10519,10.);
#2925=VECTOR('',#10526,10.);
#2926=VECTOR('',#10531,10.);
#2927=VECTOR('',#10540,10.);
#2928=VECTOR('',#10545,10.);
#2929=VECTOR('',#10546,10.);
#2930=VECTOR('',#10547,10.);
#2931=VECTOR('',#10550,10.);
#2932=VECTOR('',#10553,10.);
#2933=VECTOR('',#10554,10.);
#2934=VECTOR('',#10555,10.);
#2935=VECTOR('',#10556,10.);
#2936=VECTOR('',#10559,10.);
#2937=VECTOR('',#10562,10.);
#2938=VECTOR('',#10563,10.);
#2939=VECTOR('',#10564,10.);
#2940=VECTOR('',#10565,10.);
#2941=VECTOR('',#10566,10.);
#2942=VECTOR('',#10575,10.);
#2943=VECTOR('',#10576,9.99999999999999);
#2944=VECTOR('',#10579,10.);
#2945=VECTOR('',#10580,10.);
#2946=VECTOR('',#10581,10.);
#2947=VECTOR('',#10582,10.);
#2948=VECTOR('',#10587,10.);
#2949=VECTOR('',#10588,10.);
#2950=VECTOR('',#10607,10.);
#2951=VECTOR('',#10612,10.);
#2952=VECTOR('',#10613,10.);
#2953=VECTOR('',#10616,10.);
#2954=VECTOR('',#10619,10.);
#2955=VECTOR('',#10622,10.);
#2956=VECTOR('',#10625,10.);
#2957=VECTOR('',#10628,10.);
#2958=VECTOR('',#10631,10.);
#2959=VECTOR('',#10632,10.);
#2960=VECTOR('',#10635,10.);
#2961=VECTOR('',#10636,10.);
#2962=VECTOR('',#10637,10.);
#2963=VECTOR('',#10638,10.);
#2964=VECTOR('',#10639,10.);
#2965=VECTOR('',#10644,16.6);
#2966=VECTOR('',#10645,10.);
#2967=VECTOR('',#10646,10.);
#2968=VECTOR('',#10649,10.);
#2969=VECTOR('',#10654,10.);
#2970=VECTOR('',#10659,10.);
#2971=VECTOR('',#10664,10.);
#2972=VECTOR('',#10665,10.);
#2973=VECTOR('',#10668,10.);
#2974=VECTOR('',#10669,10.);
#2975=VECTOR('',#10672,10.);
#2976=VECTOR('',#10675,10.);
#2977=VECTOR('',#10680,10.);
#2978=VECTOR('',#10683,10.);
#2979=VECTOR('',#10684,10.);
#2980=VECTOR('',#10687,10.);
#2981=VECTOR('',#10692,10.);
#2982=VECTOR('',#10693,10.);
#2983=VECTOR('',#10696,10.);
#2984=VECTOR('',#10697,10.);
#2985=VECTOR('',#10698,10.);
#2986=VECTOR('',#10699,10.);
#2987=VECTOR('',#10700,10.);
#2988=VECTOR('',#10703,10.);
#2989=VECTOR('',#10704,10.);
#2990=VECTOR('',#10707,10.);
#2991=VECTOR('',#10716,10.);
#2992=VECTOR('',#10721,10.);
#2993=VECTOR('',#10722,10.);
#2994=VECTOR('',#10727,10.);
#2995=VECTOR('',#10730,10.);
#2996=VECTOR('',#10735,10.);
#2997=VECTOR('',#10736,10.);
#2998=VECTOR('',#10741,10.);
#2999=VECTOR('',#10744,10.);
#3000=VECTOR('',#10745,10.);
#3001=VECTOR('',#10746,10.);
#3002=VECTOR('',#10747,10.);
#3003=VECTOR('',#10754,10.);
#3004=VECTOR('',#10759,10.);
#3005=VECTOR('',#10772,10.);
#3006=VECTOR('',#10781,10.);
#3007=VECTOR('',#10792,10.);
#3008=VECTOR('',#10795,10.);
#3009=VECTOR('',#10796,10.);
#3010=VECTOR('',#10801,10.);
#3011=VECTOR('',#10826,10.);
#3012=VECTOR('',#10829,10.);
#3013=VECTOR('',#10830,10.);
#3014=VECTOR('',#10833,10.);
#3015=VECTOR('',#10836,10.);
#3016=VECTOR('',#10839,10.);
#3017=VECTOR('',#10848,10.);
#3018=VECTOR('',#10859,10.);
#3019=VECTOR('',#10864,10.);
#3020=VECTOR('',#10875,10.);
#3021=VECTOR('',#10886,10.);
#3022=VECTOR('',#10887,10.);
#3023=VECTOR('',#10890,10.);
#3024=VECTOR('',#10891,10.);
#3025=VECTOR('',#10892,10.);
#3026=VECTOR('',#10893,10.);
#3027=VECTOR('',#10894,10.);
#3028=VECTOR('',#10895,10.);
#3029=VECTOR('',#10896,10.);
#3030=VECTOR('',#10897,10.);
#3031=VECTOR('',#10902,10.);
#3032=VECTOR('',#10905,10.);
#3033=VECTOR('',#10912,10.);
#3034=VECTOR('',#10917,10.);
#3035=VECTOR('',#10922,10.);
#3036=VECTOR('',#10927,10.);
#3037=VECTOR('',#10932,10.);
#3038=VECTOR('',#10935,10.);
#3039=VECTOR('',#10936,10.);
#3040=VECTOR('',#10939,10.);
#3041=VECTOR('',#10940,10.);
#3042=VECTOR('',#10941,10.);
#3043=VECTOR('',#10942,10.);
#3044=VECTOR('',#10943,10.);
#3045=VECTOR('',#10944,10.);
#3046=VECTOR('',#10945,10.);
#3047=VECTOR('',#10946,10.);
#3048=VECTOR('',#10951,10.);
#3049=VECTOR('',#10954,10.);
#3050=VECTOR('',#10963,10.);
#3051=VECTOR('',#10966,10.);
#3052=VECTOR('',#10971,10.);
#3053=VECTOR('',#10976,10.);
#3054=VECTOR('',#10981,10.);
#3055=VECTOR('',#10984,10.);
#3056=VECTOR('',#10985,10.);
#3057=VECTOR('',#10986,10.);
#3058=VECTOR('',#10987,10.);
#3059=VECTOR('',#10988,10.);
#3060=VECTOR('',#10989,10.);
#3061=VECTOR('',#10994,10.);
#3062=VECTOR('',#10995,10.);
#3063=VECTOR('',#11002,10.);
#3064=VECTOR('',#11007,10.);
#3065=VECTOR('',#11012,10.);
#3066=VECTOR('',#11017,10.);
#3067=VECTOR('',#11020,10.);
#3068=VECTOR('',#11025,10.);
#3069=VECTOR('',#11028,10.);
#3070=VECTOR('',#11029,10.);
#3071=VECTOR('',#11034,10.);
#3072=VECTOR('',#11035,10.);
#3073=VECTOR('',#11048,10.);
#3074=VECTOR('',#11055,10.);
#3075=VECTOR('',#11058,10.);
#3076=VECTOR('',#11059,10.);
#3077=VECTOR('',#11060,10.);
#3078=VECTOR('',#11061,10.);
#3079=VECTOR('',#11062,10.);
#3080=VECTOR('',#11063,10.);
#3081=VECTOR('',#11064,10.);
#3082=VECTOR('',#11069,10.);
#3083=VECTOR('',#11070,10.);
#3084=VECTOR('',#11089,10.);
#3085=VECTOR('',#11108,10.);
#3086=VECTOR('',#11109,10.);
#3087=VECTOR('',#11112,10.);
#3088=VECTOR('',#11119,10.);
#3089=VECTOR('',#11126,10.);
#3090=VECTOR('',#11129,10.);
#3091=VECTOR('',#11132,10.);
#3092=VECTOR('',#11135,10.);
#3093=VECTOR('',#11138,10.);
#3094=VECTOR('',#11139,10.);
#3095=VECTOR('',#11142,10.);
#3096=VECTOR('',#11149,10.);
#3097=VECTOR('',#11150,10.);
#3098=VECTOR('',#11153,10.);
#3099=VECTOR('',#11160,10.);
#3100=VECTOR('',#11167,10.);
#3101=VECTOR('',#11170,10.);
#3102=VECTOR('',#11173,10.);
#3103=VECTOR('',#11176,10.);
#3104=VECTOR('',#11179,10.);
#3105=VECTOR('',#11180,10.);
#3106=VECTOR('',#11183,10.);
#3107=VECTOR('',#11190,10.);
#3108=VECTOR('',#11193,10.);
#3109=VECTOR('',#11196,10.);
#3110=VECTOR('',#11197,10.);
#3111=VECTOR('',#11198,10.);
#3112=VECTOR('',#11203,10.);
#3113=VECTOR('',#11204,10.);
#3114=VECTOR('',#11209,10.);
#3115=VECTOR('',#11216,10.);
#3116=VECTOR('',#11217,10.);
#3117=VECTOR('',#11220,10.);
#3118=VECTOR('',#11227,10.);
#3119=VECTOR('',#11234,10.);
#3120=VECTOR('',#11237,10.);
#3121=VECTOR('',#11282,10.);
#3122=VECTOR('',#11299,10.);
#3123=VECTOR('',#11308,10.);
#3124=VECTOR('',#11313,10.);
#3125=VECTOR('',#11318,10.);
#3126=VECTOR('',#11323,10.);
#3127=VECTOR('',#11326,10.);
#3128=VECTOR('',#11329,10.);
#3129=VECTOR('',#11330,10.);
#3130=VECTOR('',#11333,10.);
#3131=VECTOR('',#11338,10.);
#3132=VECTOR('',#11351,10.);
#3133=VECTOR('',#11358,10.);
#3134=VECTOR('',#11361,10.);
#3135=VECTOR('',#11364,10.);
#3136=VECTOR('',#11365,10.);
#3137=VECTOR('',#11378,10.);
#3138=VECTOR('',#11383,10.);
#3139=VECTOR('',#11396,10.);
#3140=VECTOR('',#11401,10.);
#3141=VECTOR('',#11454,10.4275);
#3142=VECTOR('',#11459,10.);
#3143=VECTOR('',#11462,10.);
#3144=VECTOR('',#11465,10.);
#3145=VECTOR('',#11466,10.);
#3146=VECTOR('',#11467,10.);
#3147=VECTOR('',#11468,9.99999999999999);
#3148=VECTOR('',#11471,10.);
#3149=VECTOR('',#11476,10.);
#3150=VECTOR('',#11477,10.);
#3151=VECTOR('',#11478,10.);
#3152=VECTOR('',#11479,10.);
#3153=VECTOR('',#11482,10.);
#3154=VECTOR('',#11487,10.);
#3155=VECTOR('',#11488,10.);
#3156=VECTOR('',#11489,10.);
#3157=VECTOR('',#11490,10.);
#3158=VECTOR('',#11493,10.);
#3159=VECTOR('',#11498,10.);
#3160=VECTOR('',#11499,10.);
#3161=VECTOR('',#11500,10.);
#3162=VECTOR('',#11501,10.);
#3163=VECTOR('',#11504,10.);
#3164=VECTOR('',#11509,10.);
#3165=VECTOR('',#11510,10.);
#3166=VECTOR('',#11511,10.);
#3167=VECTOR('',#11512,10.);
#3168=VECTOR('',#11515,10.);
#3169=VECTOR('',#11520,10.);
#3170=VECTOR('',#11521,10.);
#3171=VECTOR('',#11522,10.);
#3172=VECTOR('',#11523,10.);
#3173=VECTOR('',#11526,10.);
#3174=VECTOR('',#11531,10.);
#3175=VECTOR('',#11532,10.);
#3176=VECTOR('',#11533,10.);
#3177=VECTOR('',#11534,10.);
#3178=VECTOR('',#11537,10.);
#3179=VECTOR('',#11542,10.);
#3180=VECTOR('',#11543,10.);
#3181=VECTOR('',#11544,10.);
#3182=VECTOR('',#11545,10.);
#3183=VECTOR('',#11548,10.);
#3184=VECTOR('',#11553,10.);
#3185=VECTOR('',#11554,10.);
#3186=VECTOR('',#11555,10.);
#3187=VECTOR('',#11556,10.);
#3188=VECTOR('',#11559,10.);
#3189=VECTOR('',#11564,10.);
#3190=VECTOR('',#11565,10.);
#3191=VECTOR('',#11566,10.);
#3192=VECTOR('',#11567,10.);
#3193=VECTOR('',#11572,8.38);
#3194=VECTOR('',#11581,8.25);
#3195=VECTOR('',#11586,10.);
#3196=VECTOR('',#11589,10.);
#3197=VECTOR('',#11592,10.);
#3198=VECTOR('',#11595,10.);
#3199=VECTOR('',#11598,10.);
#3200=VECTOR('',#11601,10.);
#3201=VECTOR('',#11604,10.);
#3202=VECTOR('',#11607,10.);
#3203=VECTOR('',#11630,10.);
#3204=VECTOR('',#11633,10.);
#3205=VECTOR('',#11670,10.);
#3206=VECTOR('',#11673,10.);
#3207=VECTOR('',#11676,10.);
#3208=VECTOR('',#11681,10.);
#3209=VECTOR('',#11686,10.);
#3210=VECTOR('',#11691,10.);
#3211=VECTOR('',#11696,10.);
#3212=VECTOR('',#11701,10.);
#3213=VECTOR('',#11706,10.);
#3214=VECTOR('',#11713,5.725);
#3215=VECTOR('',#11722,5.85);
#3216=VECTOR('',#11745,9.31);
#3217=VECTOR('',#11752,9.1);
#3218=VECTOR('',#11763,8.47);
#3219=VECTOR('',#11772,10.);
#3220=VECTOR('',#11773,10.);
#3221=VECTOR('',#11776,10.);
#3222=VECTOR('',#11777,10.);
#3223=VECTOR('',#11778,10.);
#3224=VECTOR('',#11785,10.);
#3225=VECTOR('',#11786,10.);
#3226=VECTOR('',#11789,10.);
#3227=VECTOR('',#11790,10.);
#3228=VECTOR('',#11791,10.);
#3229=VECTOR('',#11798,10.);
#3230=VECTOR('',#11799,10.);
#3231=VECTOR('',#11800,10.);
#3232=VECTOR('',#11801,10.);
#3233=VECTOR('',#11804,10.);
#3234=VECTOR('',#11817,10.);
#3235=VECTOR('',#11818,10.);
#3236=VECTOR('',#11819,10.);
#3237=VECTOR('',#11826,10.);
#3238=VECTOR('',#11827,10.);
#3239=VECTOR('',#11830,10.);
#3240=VECTOR('',#11831,10.);
#3241=VECTOR('',#11832,10.);
#3242=VECTOR('',#11839,10.);
#3243=VECTOR('',#11850,10.);
#3244=VECTOR('',#11859,10.);
#3245=VECTOR('',#11862,10.);
#3246=VECTOR('',#11883,10.);
#3247=VECTOR('',#11934,10.);
#3248=VECTOR('',#11939,10.);
#3249=VECTOR('',#11944,10.);
#3250=VECTOR('',#11947,10.);
#3251=VECTOR('',#11948,10.);
#3252=VECTOR('',#11953,10.);
#3253=VECTOR('',#11964,10.);
#3254=VECTOR('',#11969,10.);
#3255=VECTOR('',#11974,10.);
#3256=VECTOR('',#11979,10.);
#3257=VECTOR('',#11982,10.);
#3258=VECTOR('',#11987,10.);
#3259=VECTOR('',#11990,10.);
#3260=VECTOR('',#11993,10.);
#3261=VECTOR('',#11996,10.);
#3262=VECTOR('',#11999,10.);
#3263=VECTOR('',#12002,10.);
#3264=VECTOR('',#12005,10.);
#3265=VECTOR('',#12010,10.);
#3266=VECTOR('',#12011,10.);
#3267=VECTOR('',#12012,10.);
#3268=VECTOR('',#12013,10.);
#3269=VECTOR('',#12020,10.);
#3270=VECTOR('',#12023,10.);
#3271=VECTOR('',#12024,10.);
#3272=VECTOR('',#12025,10.);
#3273=VECTOR('',#12030,10.);
#3274=VECTOR('',#12035,10.);
#3275=VECTOR('',#12036,10.);
#3276=VECTOR('',#12037,10.);
#3277=VECTOR('',#12038,10.);
#3278=VECTOR('',#12039,10.);
#3279=VECTOR('',#12040,10.);
#3280=VECTOR('',#12041,10.);
#3281=VECTOR('',#12042,10.);
#3282=VECTOR('',#12043,10.);
#3283=VECTOR('',#12048,10.);
#3284=VECTOR('',#12053,10.);
#3285=VECTOR('',#12058,10.);
#3286=VECTOR('',#12063,10.);
#3287=VECTOR('',#12068,10.);
#3288=VECTOR('',#12073,10.);
#3289=VECTOR('',#12078,10.);
#3290=VECTOR('',#12083,10.);
#3291=VECTOR('',#12088,10.);
#3292=VECTOR('',#12093,10.);
#3293=VECTOR('',#12098,10.);
#3294=VECTOR('',#12099,10.);
#3295=VECTOR('',#12100,10.);
#3296=VECTOR('',#12101,10.);
#3297=VECTOR('',#12108,10.);
#3298=VECTOR('',#12111,10.);
#3299=VECTOR('',#12112,10.);
#3300=VECTOR('',#12113,10.);
#3301=VECTOR('',#12118,10.);
#3302=VECTOR('',#12123,10.);
#3303=VECTOR('',#12124,10.);
#3304=VECTOR('',#12125,10.);
#3305=VECTOR('',#12126,10.);
#3306=VECTOR('',#12127,10.);
#3307=VECTOR('',#12128,10.);
#3308=VECTOR('',#12129,10.);
#3309=VECTOR('',#12130,10.);
#3310=VECTOR('',#12131,10.);
#3311=VECTOR('',#12136,10.);
#3312=VECTOR('',#12141,10.);
#3313=VECTOR('',#12146,10.);
#3314=VECTOR('',#12151,10.);
#3315=VECTOR('',#12156,10.);
#3316=VECTOR('',#12161,10.);
#3317=VECTOR('',#12166,10.);
#3318=VECTOR('',#12171,10.);
#3319=VECTOR('',#12176,10.);
#3320=VECTOR('',#12181,10.);
#3321=VECTOR('',#12186,10.);
#3322=VECTOR('',#12187,10.);
#3323=VECTOR('',#12188,10.);
#3324=VECTOR('',#12189,10.);
#3325=VECTOR('',#12196,10.);
#3326=VECTOR('',#12199,10.);
#3327=VECTOR('',#12200,10.);
#3328=VECTOR('',#12201,10.);
#3329=VECTOR('',#12206,10.);
#3330=VECTOR('',#12211,9.99999999999999);
#3331=VECTOR('',#12212,10.);
#3332=VECTOR('',#12213,10.);
#3333=VECTOR('',#12214,10.);
#3334=VECTOR('',#12215,10.);
#3335=VECTOR('',#12216,10.);
#3336=VECTOR('',#12217,10.);
#3337=VECTOR('',#12218,10.);
#3338=VECTOR('',#12219,10.);
#3339=VECTOR('',#12224,10.);
#3340=VECTOR('',#12229,10.);
#3341=VECTOR('',#12234,10.);
#3342=VECTOR('',#12239,10.);
#3343=VECTOR('',#12244,10.);
#3344=VECTOR('',#12249,10.);
#3345=VECTOR('',#12254,10.);
#3346=VECTOR('',#12259,10.);
#3347=VECTOR('',#12264,10.);
#3348=VECTOR('',#12269,10.);
#3349=VERTEX_POINT('',#12274);
#3350=VERTEX_POINT('',#12275);
#3351=VERTEX_POINT('',#12277);
#3352=VERTEX_POINT('',#12279);
#3353=VERTEX_POINT('',#12281);
#3354=VERTEX_POINT('',#12283);
#3355=VERTEX_POINT('',#12287);
#3356=VERTEX_POINT('',#12289);
#3357=VERTEX_POINT('',#12293);
#3358=VERTEX_POINT('',#12294);
#3359=VERTEX_POINT('',#12299);
#3360=VERTEX_POINT('',#12301);
#3361=VERTEX_POINT('',#12305);
#3362=VERTEX_POINT('',#12306);
#3363=VERTEX_POINT('',#12311);
#3364=VERTEX_POINT('',#12313);
#3365=VERTEX_POINT('',#12317);
#3366=VERTEX_POINT('',#12321);
#3367=VERTEX_POINT('',#12325);
#3368=VERTEX_POINT('',#12327);
#3369=VERTEX_POINT('',#12329);
#3370=VERTEX_POINT('',#12333);
#3371=VERTEX_POINT('',#12334);
#3372=VERTEX_POINT('',#12336);
#3373=VERTEX_POINT('',#12338);
#3374=VERTEX_POINT('',#12342);
#3375=VERTEX_POINT('',#12344);
#3376=VERTEX_POINT('',#12348);
#3377=VERTEX_POINT('',#12349);
#3378=VERTEX_POINT('',#12354);
#3379=VERTEX_POINT('',#12356);
#3380=VERTEX_POINT('',#12360);
#3381=VERTEX_POINT('',#12361);
#3382=VERTEX_POINT('',#12363);
#3383=VERTEX_POINT('',#12365);
#3384=VERTEX_POINT('',#12370);
#3385=VERTEX_POINT('',#12372);
#3386=VERTEX_POINT('',#12374);
#3387=VERTEX_POINT('',#12376);
#3388=VERTEX_POINT('',#12380);
#3389=VERTEX_POINT('',#12384);
#3390=VERTEX_POINT('',#12388);
#3391=VERTEX_POINT('',#12392);
#3392=VERTEX_POINT('',#12394);
#3393=VERTEX_POINT('',#12396);
#3394=VERTEX_POINT('',#12400);
#3395=VERTEX_POINT('',#12401);
#3396=VERTEX_POINT('',#12403);
#3397=VERTEX_POINT('',#12405);
#3398=VERTEX_POINT('',#12409);
#3399=VERTEX_POINT('',#12411);
#3400=VERTEX_POINT('',#12415);
#3401=VERTEX_POINT('',#12416);
#3402=VERTEX_POINT('',#12421);
#3403=VERTEX_POINT('',#12423);
#3404=VERTEX_POINT('',#12427);
#3405=VERTEX_POINT('',#12428);
#3406=VERTEX_POINT('',#12433);
#3407=VERTEX_POINT('',#12435);
#3408=VERTEX_POINT('',#12439);
#3409=VERTEX_POINT('',#12440);
#3410=VERTEX_POINT('',#12448);
#3411=VERTEX_POINT('',#12450);
#3412=VERTEX_POINT('',#12454);
#3413=VERTEX_POINT('',#12458);
#3414=VERTEX_POINT('',#12462);
#3415=VERTEX_POINT('',#12466);
#3416=VERTEX_POINT('',#12467);
#3417=VERTEX_POINT('',#12469);
#3418=VERTEX_POINT('',#12471);
#3419=VERTEX_POINT('',#12473);
#3420=VERTEX_POINT('',#12475);
#3421=VERTEX_POINT('',#12477);
#3422=VERTEX_POINT('',#12479);
#3423=VERTEX_POINT('',#12481);
#3424=VERTEX_POINT('',#12483);
#3425=VERTEX_POINT('',#12485);
#3426=VERTEX_POINT('',#12487);
#3427=VERTEX_POINT('',#12491);
#3428=VERTEX_POINT('',#12493);
#3429=VERTEX_POINT('',#12497);
#3430=VERTEX_POINT('',#12500);
#3431=VERTEX_POINT('',#12504);
#3432=VERTEX_POINT('',#12505);
#3433=VERTEX_POINT('',#12510);
#3434=VERTEX_POINT('',#12514);
#3435=VERTEX_POINT('',#12518);
#3436=VERTEX_POINT('',#12520);
#3437=VERTEX_POINT('',#12522);
#3438=VERTEX_POINT('',#12524);
#3439=VERTEX_POINT('',#12526);
#3440=VERTEX_POINT('',#12528);
#3441=VERTEX_POINT('',#12530);
#3442=VERTEX_POINT('',#12532);
#3443=VERTEX_POINT('',#12535);
#3444=VERTEX_POINT('',#12537);
#3445=VERTEX_POINT('',#12539);
#3446=VERTEX_POINT('',#12541);
#3447=VERTEX_POINT('',#12545);
#3448=VERTEX_POINT('',#12546);
#3449=VERTEX_POINT('',#12559);
#3450=VERTEX_POINT('',#12561);
#3451=VERTEX_POINT('',#12565);
#3452=VERTEX_POINT('',#12567);
#3453=VERTEX_POINT('',#12571);
#3454=VERTEX_POINT('',#12572);
#3455=VERTEX_POINT('',#12577);
#3456=VERTEX_POINT('',#12579);
#3457=VERTEX_POINT('',#12583);
#3458=VERTEX_POINT('',#12584);
#3459=VERTEX_POINT('',#12591);
#3460=VERTEX_POINT('',#12593);
#3461=VERTEX_POINT('',#12595);
#3462=VERTEX_POINT('',#12597);
#3463=VERTEX_POINT('',#12599);
#3464=VERTEX_POINT('',#12601);
#3465=VERTEX_POINT('',#12605);
#3466=VERTEX_POINT('',#12618);
#3467=VERTEX_POINT('',#12622);
#3468=VERTEX_POINT('',#12626);
#3469=VERTEX_POINT('',#12630);
#3470=VERTEX_POINT('',#12634);
#3471=VERTEX_POINT('',#12640);
#3472=VERTEX_POINT('',#12641);
#3473=VERTEX_POINT('',#12643);
#3474=VERTEX_POINT('',#12645);
#3475=VERTEX_POINT('',#12649);
#3476=VERTEX_POINT('',#12651);
#3477=VERTEX_POINT('',#12655);
#3478=VERTEX_POINT('',#12656);
#3479=VERTEX_POINT('',#12661);
#3480=VERTEX_POINT('',#12663);
#3481=VERTEX_POINT('',#12667);
#3482=VERTEX_POINT('',#12668);
#3483=VERTEX_POINT('',#12670);
#3484=VERTEX_POINT('',#12672);
#3485=VERTEX_POINT('',#12676);
#3486=VERTEX_POINT('',#12677);
#3487=VERTEX_POINT('',#12679);
#3488=VERTEX_POINT('',#12681);
#3489=VERTEX_POINT('',#12685);
#3490=VERTEX_POINT('',#12687);
#3491=VERTEX_POINT('',#12691);
#3492=VERTEX_POINT('',#12692);
#3493=VERTEX_POINT('',#12697);
#3494=VERTEX_POINT('',#12699);
#3495=VERTEX_POINT('',#12703);
#3496=VERTEX_POINT('',#12704);
#3497=VERTEX_POINT('',#12706);
#3498=VERTEX_POINT('',#12708);
#3499=VERTEX_POINT('',#12727);
#3500=VERTEX_POINT('',#12728);
#3501=VERTEX_POINT('',#12730);
#3502=VERTEX_POINT('',#12735);
#3503=VERTEX_POINT('',#12757);
#3504=VERTEX_POINT('',#12758);
#3505=VERTEX_POINT('',#12786);
#3506=VERTEX_POINT('',#12787);
#3507=VERTEX_POINT('',#12789);
#3508=VERTEX_POINT('',#12796);
#3509=VERTEX_POINT('',#12839);
#3510=VERTEX_POINT('',#12840);
#3511=VERTEX_POINT('',#12842);
#3512=VERTEX_POINT('',#12847);
#3513=VERTEX_POINT('',#12872);
#3514=VERTEX_POINT('',#12873);
#3515=VERTEX_POINT('',#12875);
#3516=VERTEX_POINT('',#12920);
#3517=VERTEX_POINT('',#12922);
#3518=VERTEX_POINT('',#12964);
#3519=VERTEX_POINT('',#12965);
#3520=VERTEX_POINT('',#12967);
#3521=VERTEX_POINT('',#12974);
#3522=VERTEX_POINT('',#13020);
#3523=VERTEX_POINT('',#13021);
#3524=VERTEX_POINT('',#13023);
#3525=VERTEX_POINT('',#13032);
#3526=VERTEX_POINT('',#13064);
#3527=VERTEX_POINT('',#13065);
#3528=VERTEX_POINT('',#13067);
#3529=VERTEX_POINT('',#13110);
#3530=VERTEX_POINT('',#13111);
#3531=VERTEX_POINT('',#13131);
#3532=VERTEX_POINT('',#13132);
#3533=VERTEX_POINT('',#13134);
#3534=VERTEX_POINT('',#13139);
#3535=VERTEX_POINT('',#13161);
#3536=VERTEX_POINT('',#13162);
#3537=VERTEX_POINT('',#13208);
#3538=VERTEX_POINT('',#13209);
#3539=VERTEX_POINT('',#13211);
#3540=VERTEX_POINT('',#13218);
#3541=VERTEX_POINT('',#13261);
#3542=VERTEX_POINT('',#13262);
#3543=VERTEX_POINT('',#13264);
#3544=VERTEX_POINT('',#13269);
#3545=VERTEX_POINT('',#13294);
#3546=VERTEX_POINT('',#13295);
#3547=VERTEX_POINT('',#13297);
#3548=VERTEX_POINT('',#13350);
#3549=VERTEX_POINT('',#13352);
#3550=VERTEX_POINT('',#13396);
#3551=VERTEX_POINT('',#13397);
#3552=VERTEX_POINT('',#13399);
#3553=VERTEX_POINT('',#13406);
#3554=VERTEX_POINT('',#13452);
#3555=VERTEX_POINT('',#13453);
#3556=VERTEX_POINT('',#13455);
#3557=VERTEX_POINT('',#13464);
#3558=VERTEX_POINT('',#13496);
#3559=VERTEX_POINT('',#13497);
#3560=VERTEX_POINT('',#13499);
#3561=VERTEX_POINT('',#13542);
#3562=VERTEX_POINT('',#13543);
#3563=VERTEX_POINT('',#13566);
#3564=VERTEX_POINT('',#13568);
#3565=VERTEX_POINT('',#13575);
#3566=VERTEX_POINT('',#13582);
#3567=VERTEX_POINT('',#13584);
#3568=VERTEX_POINT('',#13586);
#3569=VERTEX_POINT('',#13588);
#3570=VERTEX_POINT('',#13590);
#3571=VERTEX_POINT('',#13592);
#3572=VERTEX_POINT('',#13599);
#3573=VERTEX_POINT('',#13601);
#3574=VERTEX_POINT('',#13613);
#3575=VERTEX_POINT('',#13615);
#3576=VERTEX_POINT('',#13625);
#3577=VERTEX_POINT('',#13627);
#3578=VERTEX_POINT('',#13641);
#3579=VERTEX_POINT('',#13643);
#3580=VERTEX_POINT('',#13645);
#3581=VERTEX_POINT('',#13647);
#3582=VERTEX_POINT('',#13649);
#3583=VERTEX_POINT('',#13651);
#3584=VERTEX_POINT('',#13653);
#3585=VERTEX_POINT('',#13655);
#3586=VERTEX_POINT('',#13662);
#3587=VERTEX_POINT('',#13664);
#3588=VERTEX_POINT('',#13678);
#3589=VERTEX_POINT('',#13680);
#3590=VERTEX_POINT('',#13710);
#3591=VERTEX_POINT('',#13711);
#3592=VERTEX_POINT('',#13713);
#3593=VERTEX_POINT('',#13715);
#3594=VERTEX_POINT('',#13719);
#3595=VERTEX_POINT('',#13721);
#3596=VERTEX_POINT('',#13725);
#3597=VERTEX_POINT('',#13726);
#3598=VERTEX_POINT('',#13731);
#3599=VERTEX_POINT('',#13733);
#3600=VERTEX_POINT('',#13735);
#3601=VERTEX_POINT('',#13739);
#3602=VERTEX_POINT('',#13741);
#3603=VERTEX_POINT('',#13745);
#3604=VERTEX_POINT('',#13749);
#3605=VERTEX_POINT('',#13753);
#3606=VERTEX_POINT('',#13755);
#3607=VERTEX_POINT('',#13757);
#3608=VERTEX_POINT('',#13761);
#3609=VERTEX_POINT('',#13762);
#3610=VERTEX_POINT('',#13767);
#3611=VERTEX_POINT('',#13771);
#3612=VERTEX_POINT('',#13775);
#3613=VERTEX_POINT('',#13779);
#3614=VERTEX_POINT('',#13783);
#3615=VERTEX_POINT('',#13789);
#3616=VERTEX_POINT('',#13808);
#3617=VERTEX_POINT('',#13810);
#3618=VERTEX_POINT('',#13849);
#3619=VERTEX_POINT('',#13851);
#3620=VERTEX_POINT('',#13893);
#3621=VERTEX_POINT('',#13895);
#3622=VERTEX_POINT('',#13919);
#3623=VERTEX_POINT('',#13921);
#3624=VERTEX_POINT('',#13961);
#3625=VERTEX_POINT('',#13963);
#3626=VERTEX_POINT('',#14002);
#3627=VERTEX_POINT('',#14004);
#3628=VERTEX_POINT('',#14011);
#3629=VERTEX_POINT('',#14065);
#3630=VERTEX_POINT('',#14067);
#3631=VERTEX_POINT('',#14074);
#3632=VERTEX_POINT('',#14103);
#3633=VERTEX_POINT('',#14104);
#3634=VERTEX_POINT('',#14106);
#3635=VERTEX_POINT('',#14108);
#3636=VERTEX_POINT('',#14112);
#3637=VERTEX_POINT('',#14114);
#3638=VERTEX_POINT('',#14120);
#3639=VERTEX_POINT('',#14122);
#3640=VERTEX_POINT('',#14126);
#3641=VERTEX_POINT('',#14128);
#3642=VERTEX_POINT('',#14132);
#3643=VERTEX_POINT('',#14133);
#3644=VERTEX_POINT('',#14138);
#3645=VERTEX_POINT('',#14140);
#3646=VERTEX_POINT('',#14144);
#3647=VERTEX_POINT('',#14145);
#3648=VERTEX_POINT('',#14188);
#3649=VERTEX_POINT('',#14189);
#3650=VERTEX_POINT('',#14191);
#3651=VERTEX_POINT('',#14193);
#3652=VERTEX_POINT('',#14241);
#3653=VERTEX_POINT('',#14242);
#3654=VERTEX_POINT('',#14244);
#3655=VERTEX_POINT('',#14249);
#3656=VERTEX_POINT('',#14297);
#3657=VERTEX_POINT('',#14298);
#3658=VERTEX_POINT('',#14300);
#3659=VERTEX_POINT('',#14302);
#3660=VERTEX_POINT('',#14335);
#3661=VERTEX_POINT('',#14336);
#3662=VERTEX_POINT('',#14338);
#3663=VERTEX_POINT('',#14383);
#3664=VERTEX_POINT('',#14384);
#3665=VERTEX_POINT('',#14386);
#3666=VERTEX_POINT('',#14391);
#3667=VERTEX_POINT('',#14436);
#3668=VERTEX_POINT('',#14438);
#3669=VERTEX_POINT('',#14497);
#3670=VERTEX_POINT('',#14554);
#3671=VERTEX_POINT('',#14556);
#3672=VERTEX_POINT('',#14558);
#3673=VERTEX_POINT('',#14560);
#3674=VERTEX_POINT('',#14573);
#3675=VERTEX_POINT('',#14575);
#3676=VERTEX_POINT('',#14577);
#3677=VERTEX_POINT('',#14579);
#3678=VERTEX_POINT('',#14583);
#3679=VERTEX_POINT('',#14589);
#3680=VERTEX_POINT('',#14593);
#3681=VERTEX_POINT('',#14597);
#3682=VERTEX_POINT('',#14601);
#3683=VERTEX_POINT('',#14605);
#3684=VERTEX_POINT('',#14607);
#3685=VERTEX_POINT('',#14620);
#3686=VERTEX_POINT('',#14622);
#3687=VERTEX_POINT('',#14626);
#3688=VERTEX_POINT('',#14630);
#3689=VERTEX_POINT('',#14632);
#3690=VERTEX_POINT('',#14634);
#3691=VERTEX_POINT('',#14636);
#3692=VERTEX_POINT('',#14644);
#3693=VERTEX_POINT('',#14651);
#3694=VERTEX_POINT('',#14653);
#3695=VERTEX_POINT('',#14659);
#3696=VERTEX_POINT('',#14661);
#3697=VERTEX_POINT('',#14663);
#3698=VERTEX_POINT('',#14669);
#3699=VERTEX_POINT('',#14673);
#3700=VERTEX_POINT('',#14677);
#3701=VERTEX_POINT('',#14681);
#3702=VERTEX_POINT('',#14685);
#3703=VERTEX_POINT('',#14689);
#3704=VERTEX_POINT('',#14693);
#3705=VERTEX_POINT('',#14695);
#3706=VERTEX_POINT('',#14697);
#3707=VERTEX_POINT('',#14701);
#3708=VERTEX_POINT('',#14703);
#3709=VERTEX_POINT('',#14707);
#3710=VERTEX_POINT('',#14709);
#3711=VERTEX_POINT('',#14716);
#3712=VERTEX_POINT('',#14718);
#3713=VERTEX_POINT('',#14722);
#3714=VERTEX_POINT('',#14724);
#3715=VERTEX_POINT('',#14731);
#3716=VERTEX_POINT('',#14735);
#3717=VERTEX_POINT('',#14739);
#3718=VERTEX_POINT('',#14745);
#3719=VERTEX_POINT('',#14805);
#3720=VERTEX_POINT('',#14811);
#3721=VERTEX_POINT('',#14833);
#3722=VERTEX_POINT('',#14834);
#3723=VERTEX_POINT('',#14845);
#3724=VERTEX_POINT('',#14847);
#3725=VERTEX_POINT('',#14887);
#3726=VERTEX_POINT('',#14889);
#3727=VERTEX_POINT('',#14891);
#3728=VERTEX_POINT('',#14893);
#3729=VERTEX_POINT('',#14895);
#3730=VERTEX_POINT('',#14897);
#3731=VERTEX_POINT('',#14899);
#3732=VERTEX_POINT('',#14903);
#3733=VERTEX_POINT('',#14905);
#3734=VERTEX_POINT('',#14907);
#3735=VERTEX_POINT('',#14909);
#3736=VERTEX_POINT('',#14913);
#3737=VERTEX_POINT('',#14915);
#3738=VERTEX_POINT('',#14928);
#3739=VERTEX_POINT('',#14930);
#3740=VERTEX_POINT('',#14932);
#3741=VERTEX_POINT('',#14934);
#3742=VERTEX_POINT('',#14936);
#3743=VERTEX_POINT('',#14938);
#3744=VERTEX_POINT('',#14940);
#3745=VERTEX_POINT('',#14944);
#3746=VERTEX_POINT('',#14948);
#3747=VERTEX_POINT('',#14949);
#3748=VERTEX_POINT('',#14960);
#3749=VERTEX_POINT('',#14962);
#3750=VERTEX_POINT('',#15002);
#3751=VERTEX_POINT('',#15004);
#3752=VERTEX_POINT('',#15006);
#3753=VERTEX_POINT('',#15008);
#3754=VERTEX_POINT('',#15010);
#3755=VERTEX_POINT('',#15012);
#3756=VERTEX_POINT('',#15014);
#3757=VERTEX_POINT('',#15018);
#3758=VERTEX_POINT('',#15020);
#3759=VERTEX_POINT('',#15022);
#3760=VERTEX_POINT('',#15024);
#3761=VERTEX_POINT('',#15028);
#3762=VERTEX_POINT('',#15030);
#3763=VERTEX_POINT('',#15034);
#3764=VERTEX_POINT('',#15036);
#3765=VERTEX_POINT('',#15038);
#3766=VERTEX_POINT('',#15040);
#3767=VERTEX_POINT('',#15042);
#3768=VERTEX_POINT('',#15044);
#3769=VERTEX_POINT('',#15046);
#3770=VERTEX_POINT('',#15050);
#3771=VERTEX_POINT('',#15063);
#3772=VERTEX_POINT('',#15065);
#3773=VERTEX_POINT('',#15067);
#3774=VERTEX_POINT('',#15069);
#3775=VERTEX_POINT('',#15071);
#3776=VERTEX_POINT('',#15075);
#3777=VERTEX_POINT('',#15076);
#3778=VERTEX_POINT('',#15078);
#3779=VERTEX_POINT('',#15080);
#3780=VERTEX_POINT('',#15093);
#3781=VERTEX_POINT('',#15095);
#3782=VERTEX_POINT('',#15097);
#3783=VERTEX_POINT('',#15099);
#3784=VERTEX_POINT('',#15101);
#3785=VERTEX_POINT('',#15103);
#3786=VERTEX_POINT('',#15105);
#3787=VERTEX_POINT('',#15107);
#3788=VERTEX_POINT('',#15111);
#3789=VERTEX_POINT('',#15113);
#3790=VERTEX_POINT('',#15115);
#3791=VERTEX_POINT('',#15126);
#3792=VERTEX_POINT('',#15130);
#3793=VERTEX_POINT('',#15134);
#3794=VERTEX_POINT('',#15136);
#3795=VERTEX_POINT('',#15176);
#3796=VERTEX_POINT('',#15199);
#3797=VERTEX_POINT('',#15200);
#3798=VERTEX_POINT('',#15213);
#3799=VERTEX_POINT('',#15228);
#3800=VERTEX_POINT('',#15230);
#3801=VERTEX_POINT('',#15232);
#3802=VERTEX_POINT('',#15234);
#3803=VERTEX_POINT('',#15236);
#3804=VERTEX_POINT('',#15238);
#3805=VERTEX_POINT('',#15261);
#3806=VERTEX_POINT('',#15262);
#3807=VERTEX_POINT('',#15275);
#3808=VERTEX_POINT('',#15277);
#3809=VERTEX_POINT('',#15279);
#3810=VERTEX_POINT('',#15294);
#3811=VERTEX_POINT('',#15296);
#3812=VERTEX_POINT('',#15298);
#3813=VERTEX_POINT('',#15300);
#3814=VERTEX_POINT('',#15302);
#3815=VERTEX_POINT('',#15304);
#3816=VERTEX_POINT('',#15327);
#3817=VERTEX_POINT('',#15328);
#3818=VERTEX_POINT('',#15341);
#3819=VERTEX_POINT('',#15343);
#3820=VERTEX_POINT('',#15345);
#3821=VERTEX_POINT('',#15379);
#3822=VERTEX_POINT('',#15380);
#3823=VERTEX_POINT('',#15393);
#3824=VERTEX_POINT('',#15409);
#3825=VERTEX_POINT('',#15411);
#3826=VERTEX_POINT('',#15413);
#3827=VERTEX_POINT('',#15415);
#3828=VERTEX_POINT('',#15438);
#3829=VERTEX_POINT('',#15439);
#3830=VERTEX_POINT('',#15452);
#3831=VERTEX_POINT('',#15487);
#3832=VERTEX_POINT('',#15488);
#3833=VERTEX_POINT('',#15501);
#3834=VERTEX_POINT('',#15517);
#3835=VERTEX_POINT('',#15519);
#3836=VERTEX_POINT('',#15521);
#3837=VERTEX_POINT('',#15523);
#3838=VERTEX_POINT('',#15527);
#3839=VERTEX_POINT('',#15528);
#3840=VERTEX_POINT('',#15533);
#3841=VERTEX_POINT('',#15535);
#3842=VERTEX_POINT('',#15537);
#3843=VERTEX_POINT('',#15539);
#3844=VERTEX_POINT('',#15541);
#3845=VERTEX_POINT('',#15543);
#3846=VERTEX_POINT('',#15551);
#3847=VERTEX_POINT('',#15553);
#3848=VERTEX_POINT('',#15557);
#3849=VERTEX_POINT('',#15561);
#3850=VERTEX_POINT('',#15565);
#3851=VERTEX_POINT('',#15566);
#3852=VERTEX_POINT('',#15571);
#3853=VERTEX_POINT('',#15573);
#3854=VERTEX_POINT('',#15575);
#3855=VERTEX_POINT('',#15577);
#3856=VERTEX_POINT('',#15579);
#3857=VERTEX_POINT('',#15581);
#3858=VERTEX_POINT('',#15589);
#3859=VERTEX_POINT('',#15591);
#3860=VERTEX_POINT('',#15595);
#3861=VERTEX_POINT('',#15599);
#3862=VERTEX_POINT('',#15603);
#3863=VERTEX_POINT('',#15604);
#3864=VERTEX_POINT('',#15606);
#3865=VERTEX_POINT('',#15608);
#3866=VERTEX_POINT('',#15612);
#3867=VERTEX_POINT('',#15614);
#3868=VERTEX_POINT('',#15618);
#3869=VERTEX_POINT('',#15619);
#3870=VERTEX_POINT('',#15628);
#3871=VERTEX_POINT('',#15629);
#3872=VERTEX_POINT('',#15636);
#3873=VERTEX_POINT('',#15638);
#3874=VERTEX_POINT('',#15643);
#3875=VERTEX_POINT('',#15645);
#3876=VERTEX_POINT('',#15647);
#3877=VERTEX_POINT('',#15670);
#3878=VERTEX_POINT('',#15683);
#3879=VERTEX_POINT('',#15698);
#3880=VERTEX_POINT('',#15700);
#3881=VERTEX_POINT('',#15704);
#3882=VERTEX_POINT('',#15717);
#3883=VERTEX_POINT('',#15731);
#3884=VERTEX_POINT('',#15744);
#3885=VERTEX_POINT('',#15822);
#3886=VERTEX_POINT('',#15837);
#3887=VERTEX_POINT('',#15892);
#3888=VERTEX_POINT('',#15907);
#3889=VERTEX_POINT('',#15947);
#3890=VERTEX_POINT('',#15949);
#3891=VERTEX_POINT('',#15954);
#3892=VERTEX_POINT('',#15960);
#3893=VERTEX_POINT('',#15966);
#3894=VERTEX_POINT('',#15970);
#3895=VERTEX_POINT('',#15971);
#3896=VERTEX_POINT('',#15980);
#3897=VERTEX_POINT('',#15984);
#3898=VERTEX_POINT('',#15990);
#3899=VERTEX_POINT('',#15994);
#3900=VERTEX_POINT('',#16007);
#3901=VERTEX_POINT('',#16015);
#3902=VERTEX_POINT('',#16021);
#3903=VERTEX_POINT('',#16030);
#3904=VERTEX_POINT('',#16034);
#3905=VERTEX_POINT('',#16035);
#3906=VERTEX_POINT('',#16049);
#3907=VERTEX_POINT('',#16059);
#3908=VERTEX_POINT('',#16060);
#3909=VERTEX_POINT('',#16062);
#3910=VERTEX_POINT('',#16066);
#3911=VERTEX_POINT('',#16068);
#3912=VERTEX_POINT('',#16072);
#3913=VERTEX_POINT('',#16074);
#3914=VERTEX_POINT('',#16078);
#3915=VERTEX_POINT('',#16080);
#3916=VERTEX_POINT('',#16084);
#3917=VERTEX_POINT('',#16086);
#3918=VERTEX_POINT('',#16090);
#3919=VERTEX_POINT('',#16092);
#3920=VERTEX_POINT('',#16096);
#3921=VERTEX_POINT('',#16098);
#3922=VERTEX_POINT('',#16102);
#3923=VERTEX_POINT('',#16104);
#3924=VERTEX_POINT('',#16108);
#3925=VERTEX_POINT('',#16110);
#3926=VERTEX_POINT('',#16114);
#3927=VERTEX_POINT('',#16116);
#3928=VERTEX_POINT('',#16120);
#3929=VERTEX_POINT('',#16122);
#3930=VERTEX_POINT('',#16126);
#3931=VERTEX_POINT('',#16128);
#3932=VERTEX_POINT('',#16132);
#3933=VERTEX_POINT('',#16134);
#3934=VERTEX_POINT('',#16138);
#3935=VERTEX_POINT('',#16140);
#3936=VERTEX_POINT('',#16144);
#3937=VERTEX_POINT('',#16146);
#3938=VERTEX_POINT('',#16150);
#3939=VERTEX_POINT('',#16152);
#3940=VERTEX_POINT('',#16156);
#3941=VERTEX_POINT('',#16158);
#3942=VERTEX_POINT('',#16162);
#3943=VERTEX_POINT('',#16164);
#3944=VERTEX_POINT('',#16168);
#3945=VERTEX_POINT('',#16170);
#3946=VERTEX_POINT('',#16174);
#3947=VERTEX_POINT('',#16176);
#3948=VERTEX_POINT('',#16181);
#3949=VERTEX_POINT('',#16185);
#3950=VERTEX_POINT('',#16187);
#3951=VERTEX_POINT('',#16191);
#3952=VERTEX_POINT('',#16193);
#3953=VERTEX_POINT('',#16197);
#3954=VERTEX_POINT('',#16199);
#3955=VERTEX_POINT('',#16201);
#3956=VERTEX_POINT('',#16207);
#3957=VERTEX_POINT('',#16211);
#3958=VERTEX_POINT('',#16213);
#3959=VERTEX_POINT('',#16217);
#3960=VERTEX_POINT('',#16219);
#3961=VERTEX_POINT('',#16221);
#3962=VERTEX_POINT('',#16227);
#3963=VERTEX_POINT('',#16231);
#3964=VERTEX_POINT('',#16233);
#3965=VERTEX_POINT('',#16237);
#3966=VERTEX_POINT('',#16239);
#3967=VERTEX_POINT('',#16241);
#3968=VERTEX_POINT('',#16247);
#3969=VERTEX_POINT('',#16251);
#3970=VERTEX_POINT('',#16253);
#3971=VERTEX_POINT('',#16257);
#3972=VERTEX_POINT('',#16259);
#3973=VERTEX_POINT('',#16261);
#3974=VERTEX_POINT('',#16267);
#3975=VERTEX_POINT('',#16271);
#3976=VERTEX_POINT('',#16273);
#3977=VERTEX_POINT('',#16277);
#3978=VERTEX_POINT('',#16279);
#3979=VERTEX_POINT('',#16281);
#3980=VERTEX_POINT('',#16287);
#3981=VERTEX_POINT('',#16291);
#3982=VERTEX_POINT('',#16293);
#3983=VERTEX_POINT('',#16297);
#3984=VERTEX_POINT('',#16299);
#3985=VERTEX_POINT('',#16301);
#3986=VERTEX_POINT('',#16307);
#3987=VERTEX_POINT('',#16311);
#3988=VERTEX_POINT('',#16313);
#3989=VERTEX_POINT('',#16317);
#3990=VERTEX_POINT('',#16319);
#3991=VERTEX_POINT('',#16321);
#3992=VERTEX_POINT('',#16327);
#3993=VERTEX_POINT('',#16331);
#3994=VERTEX_POINT('',#16333);
#3995=VERTEX_POINT('',#16337);
#3996=VERTEX_POINT('',#16339);
#3997=VERTEX_POINT('',#16341);
#3998=VERTEX_POINT('',#16347);
#3999=VERTEX_POINT('',#16351);
#4000=VERTEX_POINT('',#16353);
#4001=VERTEX_POINT('',#16357);
#4002=VERTEX_POINT('',#16359);
#4003=VERTEX_POINT('',#16361);
#4004=VERTEX_POINT('',#16367);
#4005=VERTEX_POINT('',#16371);
#4006=VERTEX_POINT('',#16373);
#4007=VERTEX_POINT('',#16377);
#4008=VERTEX_POINT('',#16379);
#4009=VERTEX_POINT('',#16381);
#4010=VERTEX_POINT('',#16387);
#4011=VERTEX_POINT('',#16388);
#4012=VERTEX_POINT('',#16390);
#4013=VERTEX_POINT('',#16395);
#4014=VERTEX_POINT('',#16399);
#4015=VERTEX_POINT('',#16400);
#4016=VERTEX_POINT('',#16402);
#4017=VERTEX_POINT('',#16404);
#4018=VERTEX_POINT('',#16406);
#4019=VERTEX_POINT('',#16408);
#4020=VERTEX_POINT('',#16410);
#4021=VERTEX_POINT('',#16412);
#4022=VERTEX_POINT('',#16414);
#4023=VERTEX_POINT('',#16416);
#4024=VERTEX_POINT('',#16418);
#4025=VERTEX_POINT('',#16420);
#4026=VERTEX_POINT('',#16422);
#4027=VERTEX_POINT('',#16424);
#4028=VERTEX_POINT('',#16426);
#4029=VERTEX_POINT('',#16428);
#4030=VERTEX_POINT('',#16430);
#4031=VERTEX_POINT('',#16442);
#4032=VERTEX_POINT('',#16444);
#4033=VERTEX_POINT('',#16446);
#4034=VERTEX_POINT('',#16450);
#4035=VERTEX_POINT('',#16451);
#4036=VERTEX_POINT('',#16453);
#4037=VERTEX_POINT('',#16455);
#4038=VERTEX_POINT('',#16457);
#4039=VERTEX_POINT('',#16459);
#4040=VERTEX_POINT('',#16461);
#4041=VERTEX_POINT('',#16463);
#4042=VERTEX_POINT('',#16465);
#4043=VERTEX_POINT('',#16467);
#4044=VERTEX_POINT('',#16469);
#4045=VERTEX_POINT('',#16471);
#4046=VERTEX_POINT('',#16473);
#4047=VERTEX_POINT('',#16475);
#4048=VERTEX_POINT('',#16477);
#4049=VERTEX_POINT('',#16479);
#4050=VERTEX_POINT('',#16483);
#4051=VERTEX_POINT('',#16485);
#4052=VERTEX_POINT('',#16489);
#4053=VERTEX_POINT('',#16493);
#4054=VERTEX_POINT('',#16497);
#4055=VERTEX_POINT('',#16501);
#4056=VERTEX_POINT('',#16505);
#4057=VERTEX_POINT('',#16509);
#4058=VERTEX_POINT('',#16513);
#4059=VERTEX_POINT('',#16517);
#4060=VERTEX_POINT('',#16518);
#4061=VERTEX_POINT('',#16520);
#4062=VERTEX_POINT('',#16525);
#4063=VERTEX_POINT('',#16529);
#4064=VERTEX_POINT('',#16530);
#4065=VERTEX_POINT('',#16532);
#4066=VERTEX_POINT('',#16534);
#4067=VERTEX_POINT('',#16536);
#4068=VERTEX_POINT('',#16538);
#4069=VERTEX_POINT('',#16540);
#4070=VERTEX_POINT('',#16545);
#4071=VERTEX_POINT('',#16546);
#4072=VERTEX_POINT('',#16548);
#4073=VERTEX_POINT('',#16553);
#4074=VERTEX_POINT('',#16555);
#4075=VERTEX_POINT('',#16560);
#4076=VERTEX_POINT('',#16565);
#4077=VERTEX_POINT('',#16569);
#4078=VERTEX_POINT('',#16578);
#4079=VERTEX_POINT('',#16580);
#4080=VERTEX_POINT('',#16582);
#4081=VERTEX_POINT('',#16588);
#4082=VERTEX_POINT('',#16592);
#4083=VERTEX_POINT('',#16601);
#4084=VERTEX_POINT('',#16603);
#4085=VERTEX_POINT('',#16605);
#4086=VERTEX_POINT('',#16611);
#4087=VERTEX_POINT('',#16615);
#4088=VERTEX_POINT('',#16621);
#4089=VERTEX_POINT('',#16623);
#4090=VERTEX_POINT('',#16627);
#4091=VERTEX_POINT('',#16642);
#4092=VERTEX_POINT('',#16644);
#4093=VERTEX_POINT('',#16646);
#4094=VERTEX_POINT('',#16652);
#4095=VERTEX_POINT('',#16656);
#4096=VERTEX_POINT('',#16665);
#4097=VERTEX_POINT('',#16667);
#4098=VERTEX_POINT('',#16669);
#4099=VERTEX_POINT('',#16675);
#4100=VERTEX_POINT('',#16683);
#4101=VERTEX_POINT('',#16685);
#4102=VERTEX_POINT('',#16691);
#4103=VERTEX_POINT('',#16695);
#4104=VERTEX_POINT('',#16696);
#4105=VERTEX_POINT('',#16700);
#4106=VERTEX_POINT('',#16702);
#4107=VERTEX_POINT('',#16708);
#4108=VERTEX_POINT('',#16710);
#4109=VERTEX_POINT('',#16719);
#4110=VERTEX_POINT('',#16721);
#4111=VERTEX_POINT('',#16727);
#4112=VERTEX_POINT('',#16751);
#4113=VERTEX_POINT('',#16753);
#4114=VERTEX_POINT('',#16759);
#4115=VERTEX_POINT('',#16808);
#4116=VERTEX_POINT('',#16809);
#4117=VERTEX_POINT('',#16811);
#4118=VERTEX_POINT('',#16813);
#4119=VERTEX_POINT('',#16817);
#4120=VERTEX_POINT('',#16819);
#4121=VERTEX_POINT('',#16823);
#4122=VERTEX_POINT('',#16825);
#4123=VERTEX_POINT('',#16829);
#4124=VERTEX_POINT('',#16831);
#4125=VERTEX_POINT('',#16835);
#4126=VERTEX_POINT('',#16836);
#4127=VERTEX_POINT('',#16839);
#4128=VERTEX_POINT('',#16841);
#4129=VERTEX_POINT('',#16843);
#4130=VERTEX_POINT('',#16845);
#4131=VERTEX_POINT('',#16847);
#4132=VERTEX_POINT('',#16849);
#4133=VERTEX_POINT('',#16853);
#4134=VERTEX_POINT('',#16855);
#4135=VERTEX_POINT('',#16859);
#4136=VERTEX_POINT('',#16863);
#4137=VERTEX_POINT('',#16867);
#4138=VERTEX_POINT('',#16871);
#4139=VERTEX_POINT('',#16875);
#4140=VERTEX_POINT('',#16879);
#4141=VERTEX_POINT('',#16883);
#4142=VERTEX_POINT('',#16887);
#4143=VERTEX_POINT('',#16894);
#4144=VERTEX_POINT('',#16895);
#4145=VERTEX_POINT('',#16897);
#4146=VERTEX_POINT('',#16899);
#4147=VERTEX_POINT('',#16903);
#4148=VERTEX_POINT('',#16905);
#4149=VERTEX_POINT('',#16909);
#4150=VERTEX_POINT('',#16911);
#4151=VERTEX_POINT('',#16915);
#4152=VERTEX_POINT('',#16917);
#4153=VERTEX_POINT('',#16921);
#4154=VERTEX_POINT('',#16922);
#4155=VERTEX_POINT('',#16925);
#4156=VERTEX_POINT('',#16927);
#4157=VERTEX_POINT('',#16929);
#4158=VERTEX_POINT('',#16931);
#4159=VERTEX_POINT('',#16933);
#4160=VERTEX_POINT('',#16935);
#4161=VERTEX_POINT('',#16939);
#4162=VERTEX_POINT('',#16941);
#4163=VERTEX_POINT('',#16945);
#4164=VERTEX_POINT('',#16949);
#4165=VERTEX_POINT('',#16953);
#4166=VERTEX_POINT('',#16957);
#4167=VERTEX_POINT('',#16961);
#4168=VERTEX_POINT('',#16965);
#4169=VERTEX_POINT('',#16969);
#4170=VERTEX_POINT('',#16973);
#4171=VERTEX_POINT('',#16980);
#4172=VERTEX_POINT('',#16981);
#4173=VERTEX_POINT('',#16983);
#4174=VERTEX_POINT('',#16985);
#4175=VERTEX_POINT('',#16989);
#4176=VERTEX_POINT('',#16991);
#4177=VERTEX_POINT('',#16995);
#4178=VERTEX_POINT('',#16997);
#4179=VERTEX_POINT('',#17001);
#4180=VERTEX_POINT('',#17003);
#4181=VERTEX_POINT('',#17007);
#4182=VERTEX_POINT('',#17008);
#4183=VERTEX_POINT('',#17011);
#4184=VERTEX_POINT('',#17013);
#4185=VERTEX_POINT('',#17015);
#4186=VERTEX_POINT('',#17017);
#4187=VERTEX_POINT('',#17019);
#4188=VERTEX_POINT('',#17021);
#4189=VERTEX_POINT('',#17025);
#4190=VERTEX_POINT('',#17027);
#4191=VERTEX_POINT('',#17031);
#4192=VERTEX_POINT('',#17035);
#4193=VERTEX_POINT('',#17039);
#4194=VERTEX_POINT('',#17043);
#4195=VERTEX_POINT('',#17047);
#4196=VERTEX_POINT('',#17051);
#4197=VERTEX_POINT('',#17055);
#4198=VERTEX_POINT('',#17059);
#4199=EDGE_CURVE('',#3349,#3350,#2081,.F.);
#4200=EDGE_CURVE('',#3351,#3350,#2032,.T.);
#4201=EDGE_CURVE('',#3352,#3351,#2033,.T.);
#4202=EDGE_CURVE('',#3352,#3353,#2082,.T.);
#4203=EDGE_CURVE('',#3353,#3354,#2083,.T.);
#4204=EDGE_CURVE('',#3354,#3349,#2084,.T.);
#4205=EDGE_CURVE('',#3353,#3355,#468,.T.);
#4206=EDGE_CURVE('',#3355,#3356,#2085,.T.);
#4207=EDGE_CURVE('',#3356,#3354,#469,.T.);
#4208=EDGE_CURVE('',#3357,#3358,#2086,.T.);
#4209=EDGE_CURVE('',#3358,#3356,#470,.T.);
#4210=EDGE_CURVE('',#3355,#3357,#471,.T.);
#4211=EDGE_CURVE('',#3357,#3359,#472,.T.);
#4212=EDGE_CURVE('',#3359,#3360,#2087,.T.);
#4213=EDGE_CURVE('',#3360,#3358,#473,.T.);
#4214=EDGE_CURVE('',#3361,#3362,#2034,.F.);
#4215=EDGE_CURVE('',#3362,#3360,#2088,.T.);
#4216=EDGE_CURVE('',#3359,#3361,#2089,.T.);
#4217=EDGE_CURVE('',#3357,#3363,#2090,.T.);
#4218=EDGE_CURVE('',#3363,#3364,#474,.T.);
#4219=EDGE_CURVE('',#3364,#3359,#2091,.T.);
#4220=EDGE_CURVE('',#3365,#3355,#2092,.T.);
#4221=EDGE_CURVE('',#3363,#3365,#475,.T.);
#4222=EDGE_CURVE('',#3353,#3366,#2093,.T.);
#4223=EDGE_CURVE('',#3366,#3365,#476,.T.);
#4224=EDGE_CURVE('',#3367,#3352,#2094,.T.);
#4225=EDGE_CURVE('',#3367,#3368,#2095,.T.);
#4226=EDGE_CURVE('',#3369,#3368,#2096,.T.);
#4227=EDGE_CURVE('',#3366,#3369,#2097,.T.);
#4228=EDGE_CURVE('',#3370,#3371,#2035,.F.);
#4229=EDGE_CURVE('',#3371,#3372,#2098,.T.);
#4230=EDGE_CURVE('',#3372,#3373,#2099,.T.);
#4231=EDGE_CURVE('',#3373,#3370,#2100,.T.);
#4232=EDGE_CURVE('',#3372,#3374,#477,.T.);
#4233=EDGE_CURVE('',#3374,#3375,#2101,.T.);
#4234=EDGE_CURVE('',#3375,#3373,#478,.T.);
#4235=EDGE_CURVE('',#3376,#3377,#2102,.T.);
#4236=EDGE_CURVE('',#3377,#3375,#479,.T.);
#4237=EDGE_CURVE('',#3374,#3376,#480,.T.);
#4238=EDGE_CURVE('',#3376,#3378,#481,.T.);
#4239=EDGE_CURVE('',#3378,#3379,#2103,.T.);
#4240=EDGE_CURVE('',#3379,#3377,#482,.T.);
#4241=EDGE_CURVE('',#3380,#3381,#2036,.F.);
#4242=EDGE_CURVE('',#3382,#3381,#2037,.T.);
#4243=EDGE_CURVE('',#3383,#3382,#2104,.T.);
#4244=EDGE_CURVE('',#3383,#3379,#2105,.T.);
#4245=EDGE_CURVE('',#3378,#3380,#2106,.T.);
#4246=EDGE_CURVE('',#3380,#3384,#2107,.T.);
#4247=EDGE_CURVE('',#3385,#3378,#2108,.T.);
#4248=EDGE_CURVE('',#3386,#3385,#2109,.T.);
#4249=EDGE_CURVE('',#3387,#3386,#2110,.T.);
#4250=EDGE_CURVE('',#3387,#3384,#2111,.T.);
#4251=EDGE_CURVE('',#3376,#3388,#2112,.T.);
#4252=EDGE_CURVE('',#3388,#3385,#483,.T.);
#4253=EDGE_CURVE('',#3389,#3374,#2113,.T.);
#4254=EDGE_CURVE('',#3388,#3389,#484,.T.);
#4255=EDGE_CURVE('',#3372,#3390,#2114,.T.);
#4256=EDGE_CURVE('',#3390,#3389,#485,.T.);
#4257=EDGE_CURVE('',#3391,#3371,#2115,.T.);
#4258=EDGE_CURVE('',#3391,#3392,#2116,.T.);
#4259=EDGE_CURVE('',#3393,#3392,#2117,.T.);
#4260=EDGE_CURVE('',#3390,#3393,#2118,.T.);
#4261=EDGE_CURVE('',#3394,#3395,#2119,.T.);
#4262=EDGE_CURVE('',#3395,#3396,#486,.T.);
#4263=EDGE_CURVE('',#3396,#3397,#2120,.T.);
#4264=EDGE_CURVE('',#3397,#3394,#487,.T.);
#4265=EDGE_CURVE('',#3394,#3398,#488,.T.);
#4266=EDGE_CURVE('',#3398,#3399,#2121,.T.);
#4267=EDGE_CURVE('',#3399,#3395,#489,.T.);
#4268=EDGE_CURVE('',#3400,#3401,#2122,.T.);
#4269=EDGE_CURVE('',#3401,#3399,#490,.T.);
#4270=EDGE_CURVE('',#3398,#3400,#491,.T.);
#4271=EDGE_CURVE('',#3400,#3402,#2123,.T.);
#4272=EDGE_CURVE('',#3402,#3403,#2124,.T.);
#4273=EDGE_CURVE('',#3403,#3401,#2125,.T.);
#4274=EDGE_CURVE('',#3404,#3405,#2126,.T.);
#4275=EDGE_CURVE('',#3405,#3403,#492,.T.);
#4276=EDGE_CURVE('',#3402,#3404,#493,.T.);
#4277=EDGE_CURVE('',#3404,#3406,#494,.T.);
#4278=EDGE_CURVE('',#3406,#3407,#2127,.T.);
#4279=EDGE_CURVE('',#3407,#3405,#495,.T.);
#4280=EDGE_CURVE('',#3408,#3409,#2128,.T.);
#4281=EDGE_CURVE('',#3409,#3407,#496,.T.);
#4282=EDGE_CURVE('',#3406,#3408,#497,.T.);
#4283=EDGE_CURVE('',#3408,#3397,#2129,.T.);
#4284=EDGE_CURVE('',#3396,#3409,#2130,.T.);
#4285=EDGE_CURVE('',#3410,#3407,#2131,.T.);
#4286=EDGE_CURVE('',#3411,#3410,#498,.T.);
#4287=EDGE_CURVE('',#3405,#3411,#2132,.T.);
#4288=EDGE_CURVE('',#3409,#3412,#2133,.T.);
#4289=EDGE_CURVE('',#3412,#3410,#499,.T.);
#4290=EDGE_CURVE('',#3413,#3396,#2134,.T.);
#4291=EDGE_CURVE('',#3412,#3413,#2135,.T.);
#4292=EDGE_CURVE('',#3395,#3414,#2136,.T.);
#4293=EDGE_CURVE('',#3414,#3413,#500,.T.);
#4294=EDGE_CURVE('',#3415,#3416,#501,.T.);
#4295=EDGE_CURVE('',#3417,#3415,#502,.T.);
#4296=EDGE_CURVE('',#3418,#3417,#503,.T.);
#4297=EDGE_CURVE('',#3419,#3418,#2137,.T.);
#4298=EDGE_CURVE('',#3420,#3419,#504,.T.);
#4299=EDGE_CURVE('',#3420,#3421,#505,.T.);
#4300=EDGE_CURVE('',#3421,#3422,#506,.T.);
#4301=EDGE_CURVE('',#3422,#3423,#2138,.T.);
#4302=EDGE_CURVE('',#3424,#3423,#507,.F.);
#4303=EDGE_CURVE('',#3425,#3424,#508,.T.);
#4304=EDGE_CURVE('',#3426,#3425,#509,.F.);
#4305=EDGE_CURVE('',#3426,#3416,#2139,.T.);
#4306=EDGE_CURVE('',#3427,#3427,#510,.T.);
#4307=EDGE_CURVE('',#3427,#3428,#2140,.T.);
#4308=EDGE_CURVE('',#3428,#3428,#511,.T.);
#4309=EDGE_CURVE('',#3429,#3429,#512,.T.);
#4310=EDGE_CURVE('',#3427,#3430,#2141,.T.);
#4311=EDGE_CURVE('',#3430,#3430,#513,.T.);
#4312=EDGE_CURVE('',#3431,#3432,#514,.T.);
#4313=EDGE_CURVE('',#3432,#3429,#2142,.T.);
#4314=EDGE_CURVE('',#3432,#3431,#515,.T.);
#4315=EDGE_CURVE('',#3433,#3433,#516,.T.);
#4316=EDGE_CURVE('',#3433,#3431,#2143,.T.);
#4317=EDGE_CURVE('',#3433,#3434,#2144,.T.);
#4318=EDGE_CURVE('',#3434,#3434,#517,.T.);
#4319=EDGE_CURVE('',#3362,#3435,#518,.T.);
#4320=EDGE_CURVE('',#3435,#3436,#519,.T.);
#4321=EDGE_CURVE('',#3436,#3437,#2145,.T.);
#4322=EDGE_CURVE('',#3438,#3437,#520,.F.);
#4323=EDGE_CURVE('',#3438,#3439,#521,.T.);
#4324=EDGE_CURVE('',#3440,#3439,#522,.F.);
#4325=EDGE_CURVE('',#3440,#3441,#2146,.T.);
#4326=EDGE_CURVE('',#3441,#3442,#523,.T.);
#4327=EDGE_CURVE('',#3442,#3370,#524,.T.);
#4328=EDGE_CURVE('',#3383,#3443,#2147,.T.);
#4329=EDGE_CURVE('',#3444,#3443,#525,.F.);
#4330=EDGE_CURVE('',#3444,#3445,#526,.T.);
#4331=EDGE_CURVE('',#3446,#3445,#527,.F.);
#4332=EDGE_CURVE('',#3446,#3349,#2148,.T.);
#4333=EDGE_CURVE('',#3447,#3448,#173,.T.);
#4334=EDGE_CURVE('',#3448,#3449,#528,.T.);
#4335=EDGE_CURVE('',#3449,#3450,#2149,.T.);
#4336=EDGE_CURVE('',#3450,#3447,#529,.T.);
#4337=EDGE_CURVE('',#3449,#3451,#2150,.T.);
#4338=EDGE_CURVE('',#3451,#3452,#2151,.T.);
#4339=EDGE_CURVE('',#3452,#3450,#2152,.T.);
#4340=EDGE_CURVE('',#3453,#3454,#2153,.T.);
#4341=EDGE_CURVE('',#3454,#3452,#530,.T.);
#4342=EDGE_CURVE('',#3451,#3453,#531,.T.);
#4343=EDGE_CURVE('',#3453,#3455,#532,.T.);
#4344=EDGE_CURVE('',#3455,#3456,#2154,.T.);
#4345=EDGE_CURVE('',#3456,#3454,#533,.T.);
#4346=EDGE_CURVE('',#3457,#3458,#103,.F.);
#4347=EDGE_CURVE('',#3458,#3456,#534,.T.);
#4348=EDGE_CURVE('',#3455,#3457,#535,.T.);
#4349=EDGE_CURVE('',#3448,#3459,#536,.T.);
#4350=EDGE_CURVE('',#3459,#3460,#537,.T.);
#4351=EDGE_CURVE('',#3460,#3461,#2155,.T.);
#4352=EDGE_CURVE('',#3462,#3461,#538,.F.);
#4353=EDGE_CURVE('',#3463,#3462,#539,.T.);
#4354=EDGE_CURVE('',#3464,#3463,#540,.F.);
#4355=EDGE_CURVE('',#3464,#3457,#2156,.T.);
#4356=EDGE_CURVE('',#3465,#3420,#174,.T.);
#4357=EDGE_CURVE('',#3419,#3466,#2157,.T.);
#4358=EDGE_CURVE('',#3466,#3465,#541,.T.);
#4359=EDGE_CURVE('',#3418,#3467,#2158,.T.);
#4360=EDGE_CURVE('',#3467,#3466,#2159,.T.);
#4361=EDGE_CURVE('',#3417,#3468,#2160,.T.);
#4362=EDGE_CURVE('',#3468,#3467,#542,.T.);
#4363=EDGE_CURVE('',#3415,#3469,#2161,.T.);
#4364=EDGE_CURVE('',#3469,#3468,#543,.T.);
#4365=EDGE_CURVE('',#3416,#3470,#104,.F.);
#4366=EDGE_CURVE('',#3470,#3469,#544,.T.);
#4367=EDGE_CURVE('',#3471,#3472,#2162,.T.);
#4368=EDGE_CURVE('',#3472,#3473,#2163,.T.);
#4369=EDGE_CURVE('',#3473,#3474,#2164,.T.);
#4370=EDGE_CURVE('',#3474,#3471,#2165,.T.);
#4371=EDGE_CURVE('',#3471,#3475,#545,.T.);
#4372=EDGE_CURVE('',#3475,#3476,#2166,.T.);
#4373=EDGE_CURVE('',#3476,#3472,#546,.T.);
#4374=EDGE_CURVE('',#3477,#3478,#2167,.T.);
#4375=EDGE_CURVE('',#3478,#3476,#547,.T.);
#4376=EDGE_CURVE('',#3475,#3477,#548,.T.);
#4377=EDGE_CURVE('',#3477,#3479,#549,.T.);
#4378=EDGE_CURVE('',#3479,#3480,#2168,.T.);
#4379=EDGE_CURVE('',#3480,#3478,#550,.T.);
#4380=EDGE_CURVE('',#3481,#3482,#2169,.T.);
#4381=EDGE_CURVE('',#3482,#3483,#551,.T.);
#4382=EDGE_CURVE('',#3483,#3484,#2170,.T.);
#4383=EDGE_CURVE('',#3484,#3481,#552,.T.);
#4384=EDGE_CURVE('',#3485,#3486,#2171,.T.);
#4385=EDGE_CURVE('',#3486,#3487,#2172,.T.);
#4386=EDGE_CURVE('',#3487,#3488,#2173,.T.);
#4387=EDGE_CURVE('',#3488,#3485,#2174,.T.);
#4388=EDGE_CURVE('',#3485,#3489,#553,.T.);
#4389=EDGE_CURVE('',#3489,#3490,#2175,.T.);
#4390=EDGE_CURVE('',#3490,#3486,#554,.T.);
#4391=EDGE_CURVE('',#3491,#3492,#2176,.T.);
#4392=EDGE_CURVE('',#3492,#3490,#555,.T.);
#4393=EDGE_CURVE('',#3489,#3491,#556,.T.);
#4394=EDGE_CURVE('',#3491,#3493,#557,.T.);
#4395=EDGE_CURVE('',#3493,#3494,#2177,.T.);
#4396=EDGE_CURVE('',#3494,#3492,#558,.T.);
#4397=EDGE_CURVE('',#3495,#3496,#2178,.T.);
#4398=EDGE_CURVE('',#3496,#3497,#559,.T.);
#4399=EDGE_CURVE('',#3497,#3498,#2179,.T.);
#4400=EDGE_CURVE('',#3498,#3495,#560,.T.);
#4401=EDGE_CURVE('',#3499,#3500,#2180,.T.);
#4402=EDGE_CURVE('',#3500,#3501,#175,.T.);
#4403=EDGE_CURVE('',#3501,#3502,#2181,.T.);
#4404=EDGE_CURVE('',#3502,#3499,#176,.T.);
#4405=EDGE_CURVE('',#3503,#3504,#2182,.T.);
#4406=EDGE_CURVE('',#3504,#3500,#177,.T.);
#4407=EDGE_CURVE('',#3499,#3503,#178,.T.);
#4408=EDGE_CURVE('',#3505,#3506,#2183,.T.);
#4409=EDGE_CURVE('',#3506,#3507,#179,.T.);
#4410=EDGE_CURVE('',#3507,#3508,#2184,.T.);
#4411=EDGE_CURVE('',#3508,#3505,#180,.T.);
#4412=EDGE_CURVE('',#3505,#3502,#181,.T.);
#4413=EDGE_CURVE('',#3501,#3506,#2185,.T.);
#4414=EDGE_CURVE('',#3509,#3510,#2186,.T.);
#4415=EDGE_CURVE('',#3510,#3511,#182,.T.);
#4416=EDGE_CURVE('',#3511,#3512,#2187,.T.);
#4417=EDGE_CURVE('',#3512,#3509,#2038,.T.);
#4418=EDGE_CURVE('',#3509,#3508,#183,.T.);
#4419=EDGE_CURVE('',#3507,#3510,#2039,.T.);
#4420=EDGE_CURVE('',#3513,#3514,#2188,.T.);
#4421=EDGE_CURVE('',#3514,#3515,#2189,.T.);
#4422=EDGE_CURVE('',#3515,#3497,#2190,.T.);
#4423=EDGE_CURVE('',#3497,#3513,#2191,.T.);
#4424=EDGE_CURVE('',#3513,#3512,#184,.T.);
#4425=EDGE_CURVE('',#3511,#3514,#2192,.T.);
#4426=EDGE_CURVE('',#3515,#3498,#561,.T.);
#4427=EDGE_CURVE('',#3495,#3516,#2193,.T.);
#4428=EDGE_CURVE('',#3516,#3517,#185,.T.);
#4429=EDGE_CURVE('',#3517,#3495,#2194,.T.);
#4430=EDGE_CURVE('',#3517,#3496,#186,.T.);
#4431=EDGE_CURVE('',#3518,#3519,#2195,.T.);
#4432=EDGE_CURVE('',#3519,#3520,#187,.T.);
#4433=EDGE_CURVE('',#3520,#3521,#2196,.T.);
#4434=EDGE_CURVE('',#3521,#3518,#188,.T.);
#4435=EDGE_CURVE('',#3518,#3516,#2040,.T.);
#4436=EDGE_CURVE('',#3495,#3519,#2041,.T.);
#4437=EDGE_CURVE('',#3522,#3523,#2197,.T.);
#4438=EDGE_CURVE('',#3523,#3524,#189,.T.);
#4439=EDGE_CURVE('',#3524,#3525,#2198,.T.);
#4440=EDGE_CURVE('',#3525,#3522,#190,.T.);
#4441=EDGE_CURVE('',#3522,#3521,#191,.T.);
#4442=EDGE_CURVE('',#3520,#3523,#2042,.T.);
#4443=EDGE_CURVE('',#3526,#3527,#2199,.T.);
#4444=EDGE_CURVE('',#3527,#3528,#562,.T.);
#4445=EDGE_CURVE('',#3528,#3487,#2200,.T.);
#4446=EDGE_CURVE('',#3487,#3526,#563,.T.);
#4447=EDGE_CURVE('',#3526,#3525,#192,.T.);
#4448=EDGE_CURVE('',#3524,#3527,#2043,.T.);
#4449=EDGE_CURVE('',#3528,#3488,#564,.T.);
#4450=EDGE_CURVE('',#3529,#3530,#2201,.T.);
#4451=EDGE_CURVE('',#3530,#3494,#2044,.T.);
#4452=EDGE_CURVE('',#3493,#3529,#2045,.T.);
#4453=EDGE_CURVE('',#3531,#3532,#2202,.T.);
#4454=EDGE_CURVE('',#3532,#3533,#193,.T.);
#4455=EDGE_CURVE('',#3533,#3534,#2203,.T.);
#4456=EDGE_CURVE('',#3534,#3531,#194,.T.);
#4457=EDGE_CURVE('',#3535,#3536,#2204,.T.);
#4458=EDGE_CURVE('',#3536,#3532,#195,.T.);
#4459=EDGE_CURVE('',#3531,#3535,#196,.T.);
#4460=EDGE_CURVE('',#3535,#3530,#2046,.T.);
#4461=EDGE_CURVE('',#3529,#3536,#2047,.T.);
#4462=EDGE_CURVE('',#3537,#3538,#2205,.T.);
#4463=EDGE_CURVE('',#3538,#3539,#197,.T.);
#4464=EDGE_CURVE('',#3539,#3540,#2206,.T.);
#4465=EDGE_CURVE('',#3540,#3537,#198,.T.);
#4466=EDGE_CURVE('',#3537,#3534,#199,.T.);
#4467=EDGE_CURVE('',#3533,#3538,#2207,.T.);
#4468=EDGE_CURVE('',#3541,#3542,#2208,.T.);
#4469=EDGE_CURVE('',#3542,#3543,#200,.T.);
#4470=EDGE_CURVE('',#3543,#3544,#2209,.T.);
#4471=EDGE_CURVE('',#3544,#3541,#2048,.T.);
#4472=EDGE_CURVE('',#3541,#3540,#201,.T.);
#4473=EDGE_CURVE('',#3539,#3542,#2049,.T.);
#4474=EDGE_CURVE('',#3545,#3546,#2210,.T.);
#4475=EDGE_CURVE('',#3546,#3547,#2211,.T.);
#4476=EDGE_CURVE('',#3547,#3483,#2212,.T.);
#4477=EDGE_CURVE('',#3483,#3545,#2213,.T.);
#4478=EDGE_CURVE('',#3545,#3544,#202,.T.);
#4479=EDGE_CURVE('',#3543,#3546,#2214,.T.);
#4480=EDGE_CURVE('',#3547,#3484,#565,.T.);
#4481=EDGE_CURVE('',#3481,#3548,#2215,.T.);
#4482=EDGE_CURVE('',#3548,#3549,#203,.T.);
#4483=EDGE_CURVE('',#3549,#3481,#2216,.T.);
#4484=EDGE_CURVE('',#3549,#3482,#204,.T.);
#4485=EDGE_CURVE('',#3550,#3551,#2217,.T.);
#4486=EDGE_CURVE('',#3551,#3552,#205,.T.);
#4487=EDGE_CURVE('',#3552,#3553,#2218,.T.);
#4488=EDGE_CURVE('',#3553,#3550,#206,.T.);
#4489=EDGE_CURVE('',#3550,#3548,#2050,.T.);
#4490=EDGE_CURVE('',#3481,#3551,#2051,.T.);
#4491=EDGE_CURVE('',#3554,#3555,#2219,.T.);
#4492=EDGE_CURVE('',#3555,#3556,#207,.T.);
#4493=EDGE_CURVE('',#3556,#3557,#2220,.T.);
#4494=EDGE_CURVE('',#3557,#3554,#208,.T.);
#4495=EDGE_CURVE('',#3554,#3553,#209,.T.);
#4496=EDGE_CURVE('',#3552,#3555,#2052,.T.);
#4497=EDGE_CURVE('',#3558,#3559,#2221,.T.);
#4498=EDGE_CURVE('',#3559,#3560,#566,.T.);
#4499=EDGE_CURVE('',#3560,#3473,#2222,.T.);
#4500=EDGE_CURVE('',#3473,#3558,#567,.T.);
#4501=EDGE_CURVE('',#3558,#3557,#210,.T.);
#4502=EDGE_CURVE('',#3556,#3559,#2053,.T.);
#4503=EDGE_CURVE('',#3560,#3474,#568,.T.);
#4504=EDGE_CURVE('',#3561,#3562,#2223,.T.);
#4505=EDGE_CURVE('',#3562,#3480,#2054,.T.);
#4506=EDGE_CURVE('',#3479,#3561,#2055,.T.);
#4507=EDGE_CURVE('',#3503,#3562,#2056,.T.);
#4508=EDGE_CURVE('',#3561,#3504,#2057,.T.);
#4509=EDGE_CURVE('',#3526,#3563,#2224,.T.);
#4510=EDGE_CURVE('',#3564,#3563,#211,.T.);
#4511=EDGE_CURVE('',#3565,#3564,#212,.T.);
#4512=EDGE_CURVE('',#3565,#3522,#2225,.T.);
#4513=EDGE_CURVE('',#3566,#3531,#569,.T.);
#4514=EDGE_CURVE('',#3567,#3566,#2226,.T.);
#4515=EDGE_CURVE('',#3568,#3567,#570,.T.);
#4516=EDGE_CURVE('',#3569,#3568,#2227,.T.);
#4517=EDGE_CURVE('',#3570,#3569,#571,.T.);
#4518=EDGE_CURVE('',#3571,#3570,#572,.T.);
#4519=EDGE_CURVE('',#3563,#3571,#213,.T.);
#4520=EDGE_CURVE('',#3537,#3572,#573,.T.);
#4521=EDGE_CURVE('',#3573,#3572,#214,.T.);
#4522=EDGE_CURVE('',#3566,#3573,#215,.T.);
#4523=EDGE_CURVE('',#3574,#3541,#574,.T.);
#4524=EDGE_CURVE('',#3575,#3574,#216,.T.);
#4525=EDGE_CURVE('',#3572,#3575,#217,.T.);
#4526=EDGE_CURVE('',#3545,#3576,#575,.T.);
#4527=EDGE_CURVE('',#3577,#3576,#218,.T.);
#4528=EDGE_CURVE('',#3574,#3577,#219,.T.);
#4529=EDGE_CURVE('',#3578,#3549,#2228,.T.);
#4530=EDGE_CURVE('',#3579,#3578,#576,.T.);
#4531=EDGE_CURVE('',#3580,#3579,#2229,.T.);
#4532=EDGE_CURVE('',#3581,#3580,#2230,.T.);
#4533=EDGE_CURVE('',#3582,#3581,#577,.T.);
#4534=EDGE_CURVE('',#3583,#3582,#578,.T.);
#4535=EDGE_CURVE('',#3584,#3583,#579,.T.);
#4536=EDGE_CURVE('',#3585,#3584,#2231,.T.);
#4537=EDGE_CURVE('',#3576,#3585,#220,.T.);
#4538=EDGE_CURVE('',#3550,#3586,#2232,.T.);
#4539=EDGE_CURVE('',#3587,#3586,#221,.T.);
#4540=EDGE_CURVE('',#3578,#3587,#222,.T.);
#4541=EDGE_CURVE('',#3588,#3554,#2233,.T.);
#4542=EDGE_CURVE('',#3589,#3588,#223,.T.);
#4543=EDGE_CURVE('',#3586,#3589,#224,.T.);
#4544=EDGE_CURVE('',#3439,#3498,#2234,.T.);
#4545=EDGE_CURVE('',#3528,#3438,#2235,.T.);
#4546=EDGE_CURVE('',#3515,#3440,#2236,.T.);
#4547=EDGE_CURVE('',#3441,#3561,#2237,.T.);
#4548=EDGE_CURVE('',#3477,#3442,#2238,.T.);
#4549=EDGE_CURVE('',#3381,#3475,#2239,.T.);
#4550=EDGE_CURVE('',#3384,#3391,#580,.T.);
#4551=EDGE_CURVE('',#3471,#3382,#2240,.T.);
#4552=EDGE_CURVE('',#3443,#3474,#2241,.T.);
#4553=EDGE_CURVE('',#3560,#3444,#2242,.T.);
#4554=EDGE_CURVE('',#3590,#3591,#2243,.T.);
#4555=EDGE_CURVE('',#3591,#3592,#2244,.T.);
#4556=EDGE_CURVE('',#3592,#3593,#2245,.T.);
#4557=EDGE_CURVE('',#3593,#3590,#2246,.T.);
#4558=EDGE_CURVE('',#3590,#3594,#581,.T.);
#4559=EDGE_CURVE('',#3594,#3595,#2247,.T.);
#4560=EDGE_CURVE('',#3595,#3591,#582,.T.);
#4561=EDGE_CURVE('',#3596,#3597,#2248,.T.);
#4562=EDGE_CURVE('',#3597,#3595,#583,.T.);
#4563=EDGE_CURVE('',#3594,#3596,#584,.T.);
#4564=EDGE_CURVE('',#3598,#3592,#2249,.T.);
#4565=EDGE_CURVE('',#3592,#3599,#585,.T.);
#4566=EDGE_CURVE('',#3599,#3600,#2250,.T.);
#4567=EDGE_CURVE('',#3600,#3598,#586,.T.);
#4568=EDGE_CURVE('',#3601,#3569,#2251,.T.);
#4569=EDGE_CURVE('',#3568,#3602,#2252,.T.);
#4570=EDGE_CURVE('',#3602,#3601,#2253,.T.);
#4571=EDGE_CURVE('',#3601,#3603,#587,.T.);
#4572=EDGE_CURVE('',#3603,#3570,#2254,.T.);
#4573=EDGE_CURVE('',#3604,#3571,#2255,.T.);
#4574=EDGE_CURVE('',#3603,#3604,#588,.T.);
#4575=EDGE_CURVE('',#3605,#3568,#2256,.T.);
#4576=EDGE_CURVE('',#3567,#3606,#2257,.T.);
#4577=EDGE_CURVE('',#3606,#3607,#589,.T.);
#4578=EDGE_CURVE('',#3607,#3605,#590,.T.);
#4579=EDGE_CURVE('',#3608,#3609,#2258,.T.);
#4580=EDGE_CURVE('',#3609,#3581,#2259,.T.);
#4581=EDGE_CURVE('',#3580,#3608,#2260,.T.);
#4582=EDGE_CURVE('',#3609,#3610,#591,.T.);
#4583=EDGE_CURVE('',#3610,#3582,#2261,.T.);
#4584=EDGE_CURVE('',#3611,#3583,#2262,.T.);
#4585=EDGE_CURVE('',#3610,#3611,#592,.T.);
#4586=EDGE_CURVE('',#3611,#3612,#593,.T.);
#4587=EDGE_CURVE('',#3612,#3584,#2263,.T.);
#4588=EDGE_CURVE('',#3613,#3585,#2264,.T.);
#4589=EDGE_CURVE('',#3612,#3613,#2265,.T.);
#4590=EDGE_CURVE('',#3614,#3608,#2266,.T.);
#4591=EDGE_CURVE('',#3579,#3614,#105,.T.);
#4592=EDGE_CURVE('',#3578,#3615,#2267,.T.);
#4593=EDGE_CURVE('',#3615,#3614,#594,.T.);
#4594=EDGE_CURVE('',#3576,#3616,#2268,.T.);
#4595=EDGE_CURVE('',#3616,#3617,#2058,.T.);
#4596=EDGE_CURVE('',#3617,#3577,#2269,.T.);
#4597=EDGE_CURVE('',#3613,#3616,#225,.T.);
#4598=EDGE_CURVE('',#3574,#3618,#2270,.T.);
#4599=EDGE_CURVE('',#3618,#3619,#226,.T.);
#4600=EDGE_CURVE('',#3619,#3575,#2271,.T.);
#4601=EDGE_CURVE('',#3617,#3618,#227,.T.);
#4602=EDGE_CURVE('',#3572,#3620,#2272,.T.);
#4603=EDGE_CURVE('',#3620,#3621,#2059,.T.);
#4604=EDGE_CURVE('',#3621,#3573,#2273,.T.);
#4605=EDGE_CURVE('',#3619,#3620,#228,.T.);
#4606=EDGE_CURVE('',#3566,#3622,#2274,.T.);
#4607=EDGE_CURVE('',#3622,#3623,#2275,.T.);
#4608=EDGE_CURVE('',#3623,#3567,#2276,.T.);
#4609=EDGE_CURVE('',#3621,#3622,#2277,.T.);
#4610=EDGE_CURVE('',#3623,#3606,#595,.T.);
#4611=EDGE_CURVE('',#3605,#3602,#596,.T.);
#4612=EDGE_CURVE('',#3563,#3624,#2278,.T.);
#4613=EDGE_CURVE('',#3624,#3625,#229,.T.);
#4614=EDGE_CURVE('',#3625,#3564,#2279,.T.);
#4615=EDGE_CURVE('',#3604,#3624,#2060,.T.);
#4616=EDGE_CURVE('',#3565,#3626,#2280,.T.);
#4617=EDGE_CURVE('',#3626,#3627,#230,.T.);
#4618=EDGE_CURVE('',#3627,#3628,#2281,.T.);
#4619=EDGE_CURVE('',#3628,#3565,#231,.T.);
#4620=EDGE_CURVE('',#3625,#3626,#232,.T.);
#4621=EDGE_CURVE('',#3629,#3627,#2282,.T.);
#4622=EDGE_CURVE('',#3627,#3630,#233,.T.);
#4623=EDGE_CURVE('',#3630,#3631,#2283,.T.);
#4624=EDGE_CURVE('',#3631,#3629,#234,.T.);
#4625=EDGE_CURVE('',#3629,#3628,#235,.T.);
#4626=EDGE_CURVE('',#3632,#3633,#2284,.T.);
#4627=EDGE_CURVE('',#3633,#3634,#2285,.T.);
#4628=EDGE_CURVE('',#3634,#3635,#2286,.T.);
#4629=EDGE_CURVE('',#3635,#3632,#2287,.T.);
#4630=EDGE_CURVE('',#3635,#3636,#2288,.T.);
#4631=EDGE_CURVE('',#3636,#3637,#106,.T.);
#4632=EDGE_CURVE('',#3637,#3632,#2289,.T.);
#4633=EDGE_CURVE('',#3636,#3638,#597,.T.);
#4634=EDGE_CURVE('',#3638,#3639,#2290,.T.);
#4635=EDGE_CURVE('',#3639,#3637,#598,.T.);
#4636=EDGE_CURVE('',#3633,#3640,#599,.T.);
#4637=EDGE_CURVE('',#3640,#3641,#2291,.T.);
#4638=EDGE_CURVE('',#3641,#3634,#600,.T.);
#4639=EDGE_CURVE('',#3642,#3643,#2292,.T.);
#4640=EDGE_CURVE('',#3643,#3641,#601,.T.);
#4641=EDGE_CURVE('',#3640,#3642,#602,.T.);
#4642=EDGE_CURVE('',#3642,#3644,#603,.T.);
#4643=EDGE_CURVE('',#3644,#3645,#2293,.T.);
#4644=EDGE_CURVE('',#3645,#3643,#604,.T.);
#4645=EDGE_CURVE('',#3646,#3647,#2294,.T.);
#4646=EDGE_CURVE('',#3647,#3645,#2295,.T.);
#4647=EDGE_CURVE('',#3644,#3646,#2296,.T.);
#4648=EDGE_CURVE('',#3638,#3631,#236,.T.);
#4649=EDGE_CURVE('',#3630,#3639,#2061,.T.);
#4650=EDGE_CURVE('',#3648,#3649,#2297,.T.);
#4651=EDGE_CURVE('',#3649,#3650,#2062,.T.);
#4652=EDGE_CURVE('',#3650,#3651,#2298,.T.);
#4653=EDGE_CURVE('',#3651,#3648,#237,.T.);
#4654=EDGE_CURVE('',#3648,#3647,#238,.T.);
#4655=EDGE_CURVE('',#3646,#3649,#239,.T.);
#4656=EDGE_CURVE('',#3652,#3653,#2299,.T.);
#4657=EDGE_CURVE('',#3653,#3654,#240,.T.);
#4658=EDGE_CURVE('',#3654,#3655,#2300,.T.);
#4659=EDGE_CURVE('',#3655,#3652,#241,.T.);
#4660=EDGE_CURVE('',#3652,#3651,#242,.T.);
#4661=EDGE_CURVE('',#3650,#3653,#243,.T.);
#4662=EDGE_CURVE('',#3656,#3657,#2301,.T.);
#4663=EDGE_CURVE('',#3657,#3658,#2063,.T.);
#4664=EDGE_CURVE('',#3658,#3659,#2302,.T.);
#4665=EDGE_CURVE('',#3659,#3656,#244,.T.);
#4666=EDGE_CURVE('',#3656,#3655,#245,.T.);
#4667=EDGE_CURVE('',#3654,#3657,#246,.T.);
#4668=EDGE_CURVE('',#3660,#3661,#2303,.T.);
#4669=EDGE_CURVE('',#3661,#3662,#2304,.T.);
#4670=EDGE_CURVE('',#3662,#3599,#2305,.T.);
#4671=EDGE_CURVE('',#3599,#3660,#2306,.T.);
#4672=EDGE_CURVE('',#3660,#3659,#247,.T.);
#4673=EDGE_CURVE('',#3658,#3661,#2307,.T.);
#4674=EDGE_CURVE('',#3662,#3600,#605,.T.);
#4675=EDGE_CURVE('',#3598,#3593,#606,.T.);
#4676=EDGE_CURVE('',#3663,#3664,#2308,.T.);
#4677=EDGE_CURVE('',#3664,#3665,#248,.T.);
#4678=EDGE_CURVE('',#3665,#3666,#2309,.T.);
#4679=EDGE_CURVE('',#3666,#3663,#249,.T.);
#4680=EDGE_CURVE('',#3663,#3597,#250,.T.);
#4681=EDGE_CURVE('',#3596,#3664,#2064,.T.);
#4682=EDGE_CURVE('',#3588,#3667,#2310,.T.);
#4683=EDGE_CURVE('',#3667,#3668,#251,.T.);
#4684=EDGE_CURVE('',#3668,#3589,#2311,.T.);
#4685=EDGE_CURVE('',#3588,#3666,#252,.T.);
#4686=EDGE_CURVE('',#3665,#3667,#253,.T.);
#4687=EDGE_CURVE('',#3586,#3668,#2312,.T.);
#4688=EDGE_CURVE('',#3668,#3669,#254,.T.);
#4689=EDGE_CURVE('',#3669,#3587,#2313,.T.);
#4690=EDGE_CURVE('',#3669,#3615,#2065,.T.);
#4691=EDGE_CURVE('',#3518,#3629,#2314,.T.);
#4692=EDGE_CURVE('',#3638,#3517,#2315,.T.);
#4693=EDGE_CURVE('',#3513,#3648,#607,.T.);
#4694=EDGE_CURVE('',#3652,#3509,#608,.T.);
#4695=EDGE_CURVE('',#3505,#3656,#609,.T.);
#4696=EDGE_CURVE('',#3660,#3499,#610,.T.);
#4697=EDGE_CURVE('',#3558,#3663,#2316,.T.);
#4698=EDGE_CURVE('',#3421,#3603,#2317,.T.);
#4699=EDGE_CURVE('',#3670,#3465,#2318,.T.);
#4700=EDGE_CURVE('',#3671,#3670,#611,.T.);
#4701=EDGE_CURVE('',#3672,#3671,#2319,.T.);
#4702=EDGE_CURVE('',#3673,#3672,#612,.T.);
#4703=EDGE_CURVE('',#3673,#3637,#2320,.T.);
#4704=EDGE_CURVE('',#3601,#3422,#2321,.T.);
#4705=EDGE_CURVE('',#3423,#3602,#2322,.T.);
#4706=EDGE_CURVE('',#3605,#3424,#2323,.T.);
#4707=EDGE_CURVE('',#3623,#3464,#2324,.T.);
#4708=EDGE_CURVE('',#3463,#3606,#2325,.T.);
#4709=EDGE_CURVE('',#3674,#3612,#2326,.T.);
#4710=EDGE_CURVE('',#3674,#3675,#2327,.T.);
#4711=EDGE_CURVE('',#3676,#3675,#2328,.T.);
#4712=EDGE_CURVE('',#3677,#3676,#2329,.T.);
#4713=EDGE_CURVE('',#3458,#3677,#2330,.T.);
#4714=EDGE_CURVE('',#3678,#3678,#613,.T.);
#4715=EDGE_CURVE('',#3678,#3607,#2331,.T.);
#4716=EDGE_CURVE('',#3598,#3462,#2332,.T.);
#4717=EDGE_CURVE('',#3425,#3600,#2333,.T.);
#4718=EDGE_CURVE('',#3611,#3679,#2334,.T.);
#4719=EDGE_CURVE('',#3679,#3674,#614,.T.);
#4720=EDGE_CURVE('',#3680,#3610,#2335,.T.);
#4721=EDGE_CURVE('',#3679,#3680,#615,.T.);
#4722=EDGE_CURVE('',#3609,#3681,#2336,.T.);
#4723=EDGE_CURVE('',#3681,#3680,#616,.T.);
#4724=EDGE_CURVE('',#3682,#3608,#2337,.T.);
#4725=EDGE_CURVE('',#3681,#3682,#2338,.T.);
#4726=EDGE_CURVE('',#3683,#3614,#2339,.T.);
#4727=EDGE_CURVE('',#3684,#3683,#255,.T.);
#4728=EDGE_CURVE('',#3682,#3684,#2340,.T.);
#4729=EDGE_CURVE('',#3633,#3685,#2341,.T.);
#4730=EDGE_CURVE('',#3685,#3686,#617,.T.);
#4731=EDGE_CURVE('',#3686,#3640,#2342,.T.);
#4732=EDGE_CURVE('',#3687,#3686,#618,.T.);
#4733=EDGE_CURVE('',#3642,#3687,#2343,.T.);
#4734=EDGE_CURVE('',#3685,#3688,#2344,.T.);
#4735=EDGE_CURVE('',#3688,#3689,#2345,.T.);
#4736=EDGE_CURVE('',#3690,#3689,#619,.T.);
#4737=EDGE_CURVE('',#3691,#3690,#2346,.T.);
#4738=EDGE_CURVE('',#3687,#3691,#620,.T.);
#4739=EDGE_CURVE('',#3350,#3529,#2347,.T.);
#4740=EDGE_CURVE('',#3547,#3446,#2348,.T.);
#4741=EDGE_CURVE('',#3691,#3644,#2349,.T.);
#4742=EDGE_CURVE('',#3690,#3692,#256,.T.);
#4743=EDGE_CURVE('',#3693,#3692,#2350,.T.);
#4744=EDGE_CURVE('',#3694,#3693,#2351,.T.);
#4745=EDGE_CURVE('',#3470,#3694,#2352,.T.);
#4746=EDGE_CURVE('',#3662,#3426,#2353,.T.);
#4747=EDGE_CURVE('',#3459,#3594,#2354,.T.);
#4748=EDGE_CURVE('',#3695,#3447,#2355,.T.);
#4749=EDGE_CURVE('',#3696,#3695,#621,.T.);
#4750=EDGE_CURVE('',#3697,#3696,#2356,.T.);
#4751=EDGE_CURVE('',#3683,#3697,#622,.T.);
#4752=EDGE_CURVE('',#3450,#3698,#2357,.T.);
#4753=EDGE_CURVE('',#3698,#3695,#623,.T.);
#4754=EDGE_CURVE('',#3699,#3452,#2358,.T.);
#4755=EDGE_CURVE('',#3698,#3699,#2359,.T.);
#4756=EDGE_CURVE('',#3677,#3700,#624,.T.);
#4757=EDGE_CURVE('',#3700,#3456,#2360,.T.);
#4758=EDGE_CURVE('',#3466,#3701,#2361,.T.);
#4759=EDGE_CURVE('',#3701,#3670,#625,.T.);
#4760=EDGE_CURVE('',#3702,#3467,#2362,.T.);
#4761=EDGE_CURVE('',#3701,#3702,#2363,.T.);
#4762=EDGE_CURVE('',#3694,#3703,#626,.T.);
#4763=EDGE_CURVE('',#3703,#3469,#2364,.T.);
#4764=EDGE_CURVE('',#3704,#3364,#2365,.T.);
#4765=EDGE_CURVE('',#3705,#3704,#2366,.T.);
#4766=EDGE_CURVE('',#3705,#3706,#2367,.T.);
#4767=EDGE_CURVE('',#3361,#3706,#2368,.T.);
#4768=EDGE_CURVE('',#3705,#3707,#627,.T.);
#4769=EDGE_CURVE('',#3704,#3708,#628,.T.);
#4770=EDGE_CURVE('',#3708,#3707,#2369,.T.);
#4771=EDGE_CURVE('',#3709,#3708,#629,.T.);
#4772=EDGE_CURVE('',#3710,#3709,#2370,.T.);
#4773=EDGE_CURVE('',#3710,#3707,#630,.T.);
#4774=EDGE_CURVE('',#3710,#3368,#631,.T.);
#4775=EDGE_CURVE('',#3709,#3369,#632,.T.);
#4776=EDGE_CURVE('',#3711,#3392,#633,.T.);
#4777=EDGE_CURVE('',#3711,#3712,#2371,.T.);
#4778=EDGE_CURVE('',#3712,#3393,#634,.T.);
#4779=EDGE_CURVE('',#3387,#3713,#635,.T.);
#4780=EDGE_CURVE('',#3386,#3714,#636,.T.);
#4781=EDGE_CURVE('',#3714,#3713,#2372,.T.);
#4782=EDGE_CURVE('',#3711,#3713,#637,.T.);
#4783=EDGE_CURVE('',#3712,#3714,#638,.T.);
#4784=EDGE_CURVE('',#3411,#3715,#639,.T.);
#4785=EDGE_CURVE('',#3715,#3403,#2373,.T.);
#4786=EDGE_CURVE('',#3716,#3715,#2374,.T.);
#4787=EDGE_CURVE('',#3401,#3716,#2375,.T.);
#4788=EDGE_CURVE('',#3716,#3717,#640,.T.);
#4789=EDGE_CURVE('',#3717,#3399,#2376,.T.);
#4790=EDGE_CURVE('',#3414,#3717,#641,.T.);
#4791=EDGE_CURVE('',#3718,#3684,#642,.T.);
#4792=EDGE_CURVE('',#3697,#3718,#257,.T.);
#4793=EDGE_CURVE('',#3696,#3676,#643,.T.);
#4794=EDGE_CURVE('',#3718,#3675,#644,.T.);
#4795=EDGE_CURVE('',#3689,#3673,#258,.T.);
#4796=EDGE_CURVE('',#3672,#3692,#259,.T.);
#4797=EDGE_CURVE('',#3671,#3693,#645,.T.);
#4798=EDGE_CURVE('',#3590,#3460,#2377,.T.);
#4799=EDGE_CURVE('',#3485,#3436,#2378,.T.);
#4800=EDGE_CURVE('',#3435,#3489,#2379,.T.);
#4801=EDGE_CURVE('',#3437,#3488,#2380,.T.);
#4802=EDGE_CURVE('',#3491,#3351,#2381,.T.);
#4803=EDGE_CURVE('',#3454,#3719,#2382,.T.);
#4804=EDGE_CURVE('',#3719,#3699,#646,.T.);
#4805=EDGE_CURVE('',#3719,#3700,#647,.T.);
#4806=EDGE_CURVE('',#3468,#3720,#2383,.T.);
#4807=EDGE_CURVE('',#3720,#3702,#648,.T.);
#4808=EDGE_CURVE('',#3720,#3703,#649,.T.);
#4809=EDGE_CURVE('',#3445,#3484,#2384,.T.);
#4810=EDGE_CURVE('',#3461,#3593,#2385,.T.);
#4811=EDGE_CURVE('',#3706,#3367,#650,.T.);
#4812=EDGE_CURVE('',#3688,#3632,#2386,.T.);
#4813=EDGE_CURVE('',#3721,#3722,#260,.T.);
#4814=EDGE_CURVE('',#3722,#3723,#2387,.T.);
#4815=EDGE_CURVE('',#3723,#3724,#261,.F.);
#4816=EDGE_CURVE('',#3724,#3721,#2388,.T.);
#4817=EDGE_CURVE('',#3725,#3723,#2389,.T.);
#4818=EDGE_CURVE('',#3722,#3726,#2390,.T.);
#4819=EDGE_CURVE('',#3727,#3726,#2391,.T.);
#4820=EDGE_CURVE('',#3727,#3728,#2392,.T.);
#4821=EDGE_CURVE('',#3729,#3728,#2393,.T.);
#4822=EDGE_CURVE('',#3730,#3729,#2394,.T.);
#4823=EDGE_CURVE('',#3731,#3730,#2395,.T.);
#4824=EDGE_CURVE('',#3725,#3731,#2396,.T.);
#4825=EDGE_CURVE('',#3732,#3721,#651,.T.);
#4826=EDGE_CURVE('',#3733,#3732,#2397,.T.);
#4827=EDGE_CURVE('',#3734,#3733,#652,.T.);
#4828=EDGE_CURVE('',#3735,#3734,#2398,.T.);
#4829=EDGE_CURVE('',#3726,#3735,#653,.T.);
#4830=EDGE_CURVE('',#3734,#3736,#654,.T.);
#4831=EDGE_CURVE('',#3736,#3737,#2399,.T.);
#4832=EDGE_CURVE('',#3737,#3735,#262,.F.);
#4833=EDGE_CURVE('',#3738,#3733,#655,.T.);
#4834=EDGE_CURVE('',#3738,#3739,#2400,.T.);
#4835=EDGE_CURVE('',#3739,#3740,#656,.T.);
#4836=EDGE_CURVE('',#3740,#3741,#657,.T.);
#4837=EDGE_CURVE('',#3741,#3742,#2401,.T.);
#4838=EDGE_CURVE('',#3743,#3742,#658,.F.);
#4839=EDGE_CURVE('',#3744,#3743,#659,.T.);
#4840=EDGE_CURVE('',#3736,#3744,#2402,.T.);
#4841=EDGE_CURVE('',#3732,#3745,#660,.F.);
#4842=EDGE_CURVE('',#3745,#3738,#2403,.T.);
#4843=EDGE_CURVE('',#3746,#3747,#263,.T.);
#4844=EDGE_CURVE('',#3747,#3748,#2404,.T.);
#4845=EDGE_CURVE('',#3748,#3749,#264,.F.);
#4846=EDGE_CURVE('',#3749,#3746,#2405,.T.);
#4847=EDGE_CURVE('',#3750,#3748,#2406,.T.);
#4848=EDGE_CURVE('',#3747,#3751,#2407,.T.);
#4849=EDGE_CURVE('',#3752,#3751,#2408,.T.);
#4850=EDGE_CURVE('',#3752,#3753,#2409,.T.);
#4851=EDGE_CURVE('',#3754,#3753,#2410,.T.);
#4852=EDGE_CURVE('',#3755,#3754,#2411,.T.);
#4853=EDGE_CURVE('',#3756,#3755,#2412,.T.);
#4854=EDGE_CURVE('',#3750,#3756,#2413,.T.);
#4855=EDGE_CURVE('',#3757,#3746,#661,.T.);
#4856=EDGE_CURVE('',#3758,#3757,#2414,.T.);
#4857=EDGE_CURVE('',#3759,#3758,#662,.T.);
#4858=EDGE_CURVE('',#3760,#3759,#2415,.T.);
#4859=EDGE_CURVE('',#3751,#3760,#663,.T.);
#4860=EDGE_CURVE('',#3761,#3758,#664,.T.);
#4861=EDGE_CURVE('',#3757,#3762,#665,.F.);
#4862=EDGE_CURVE('',#3762,#3761,#2416,.T.);
#4863=EDGE_CURVE('',#3761,#3763,#2417,.T.);
#4864=EDGE_CURVE('',#3763,#3764,#666,.T.);
#4865=EDGE_CURVE('',#3764,#3765,#667,.T.);
#4866=EDGE_CURVE('',#3765,#3766,#2418,.T.);
#4867=EDGE_CURVE('',#3767,#3766,#668,.F.);
#4868=EDGE_CURVE('',#3768,#3767,#669,.T.);
#4869=EDGE_CURVE('',#3769,#3768,#2419,.T.);
#4870=EDGE_CURVE('',#3759,#3769,#670,.T.);
#4871=EDGE_CURVE('',#3769,#3770,#2420,.T.);
#4872=EDGE_CURVE('',#3770,#3760,#265,.F.);
#4873=EDGE_CURVE('',#3770,#3771,#2421,.T.);
#4874=EDGE_CURVE('',#3768,#3772,#2422,.T.);
#4875=EDGE_CURVE('',#3773,#3772,#2423,.T.);
#4876=EDGE_CURVE('',#3774,#3773,#2424,.T.);
#4877=EDGE_CURVE('',#3775,#3774,#2425,.T.);
#4878=EDGE_CURVE('',#3771,#3775,#2426,.T.);
#4879=EDGE_CURVE('',#3776,#3777,#671,.T.);
#4880=EDGE_CURVE('',#3777,#3778,#2427,.T.);
#4881=EDGE_CURVE('',#3778,#3779,#266,.F.);
#4882=EDGE_CURVE('',#3779,#3776,#2428,.T.);
#4883=EDGE_CURVE('',#3776,#3780,#672,.T.);
#4884=EDGE_CURVE('',#3781,#3780,#673,.T.);
#4885=EDGE_CURVE('',#3781,#3782,#2429,.T.);
#4886=EDGE_CURVE('',#3782,#3783,#674,.T.);
#4887=EDGE_CURVE('',#3783,#3784,#675,.T.);
#4888=EDGE_CURVE('',#3784,#3785,#2430,.T.);
#4889=EDGE_CURVE('',#3786,#3785,#676,.F.);
#4890=EDGE_CURVE('',#3787,#3786,#677,.T.);
#4891=EDGE_CURVE('',#3777,#3787,#2431,.T.);
#4892=EDGE_CURVE('',#3788,#3779,#678,.T.);
#4893=EDGE_CURVE('',#3789,#3788,#2432,.T.);
#4894=EDGE_CURVE('',#3790,#3789,#267,.T.);
#4895=EDGE_CURVE('',#3791,#3790,#679,.T.);
#4896=EDGE_CURVE('',#3780,#3791,#2433,.T.);
#4897=EDGE_CURVE('',#3791,#3792,#680,.F.);
#4898=EDGE_CURVE('',#3792,#3781,#2434,.T.);
#4899=EDGE_CURVE('',#3789,#3793,#2435,.T.);
#4900=EDGE_CURVE('',#3793,#3794,#268,.F.);
#4901=EDGE_CURVE('',#3794,#3790,#2436,.T.);
#4902=EDGE_CURVE('',#3795,#3794,#681,.T.);
#4903=EDGE_CURVE('',#3792,#3795,#2437,.T.);
#4904=EDGE_CURVE('',#3796,#3797,#269,.F.);
#4905=EDGE_CURVE('',#3796,#3798,#270,.T.);
#4906=EDGE_CURVE('',#3798,#3797,#2438,.T.);
#4907=EDGE_CURVE('',#3798,#3799,#682,.T.);
#4908=EDGE_CURVE('',#3800,#3799,#2066,.T.);
#4909=EDGE_CURVE('',#3800,#3801,#683,.T.);
#4910=EDGE_CURVE('',#3802,#3801,#2067,.T.);
#4911=EDGE_CURVE('',#3802,#3803,#684,.F.);
#4912=EDGE_CURVE('',#3804,#3803,#2439,.T.);
#4913=EDGE_CURVE('',#3804,#3797,#685,.T.);
#4914=EDGE_CURVE('',#3805,#3806,#271,.T.);
#4915=EDGE_CURVE('',#3806,#3807,#2068,.T.);
#4916=EDGE_CURVE('',#3807,#3808,#686,.T.);
#4917=EDGE_CURVE('',#3808,#3809,#2440,.T.);
#4918=EDGE_CURVE('',#3809,#3805,#272,.T.);
#4919=EDGE_CURVE('',#3810,#3788,#2441,.T.);
#4920=EDGE_CURVE('',#3810,#3811,#2442,.T.);
#4921=EDGE_CURVE('',#3812,#3811,#2443,.T.);
#4922=EDGE_CURVE('',#3813,#3812,#2444,.T.);
#4923=EDGE_CURVE('',#3814,#3813,#2445,.T.);
#4924=EDGE_CURVE('',#3815,#3814,#2446,.T.);
#4925=EDGE_CURVE('',#3815,#3793,#2447,.T.);
#4926=EDGE_CURVE('',#3816,#3817,#273,.T.);
#4927=EDGE_CURVE('',#3817,#3818,#2069,.T.);
#4928=EDGE_CURVE('',#3818,#3819,#687,.T.);
#4929=EDGE_CURVE('',#3819,#3820,#2448,.T.);
#4930=EDGE_CURVE('',#3820,#3816,#274,.T.);
#4931=EDGE_CURVE('',#3821,#3822,#275,.F.);
#4932=EDGE_CURVE('',#3821,#3823,#276,.T.);
#4933=EDGE_CURVE('',#3823,#3822,#2449,.T.);
#4934=EDGE_CURVE('',#3808,#3822,#688,.T.);
#4935=EDGE_CURVE('',#3823,#3824,#689,.T.);
#4936=EDGE_CURVE('',#3825,#3824,#2070,.T.);
#4937=EDGE_CURVE('',#3825,#3826,#690,.T.);
#4938=EDGE_CURVE('',#3827,#3826,#2071,.T.);
#4939=EDGE_CURVE('',#3827,#3809,#691,.F.);
#4940=EDGE_CURVE('',#3828,#3829,#277,.T.);
#4941=EDGE_CURVE('',#3829,#3830,#2072,.T.);
#4942=EDGE_CURVE('',#3830,#3804,#692,.T.);
#4943=EDGE_CURVE('',#3803,#3828,#278,.T.);
#4944=EDGE_CURVE('',#3831,#3832,#279,.F.);
#4945=EDGE_CURVE('',#3831,#3833,#280,.T.);
#4946=EDGE_CURVE('',#3833,#3832,#2450,.T.);
#4947=EDGE_CURVE('',#3819,#3832,#693,.T.);
#4948=EDGE_CURVE('',#3833,#3834,#694,.T.);
#4949=EDGE_CURVE('',#3835,#3834,#2073,.T.);
#4950=EDGE_CURVE('',#3835,#3836,#695,.T.);
#4951=EDGE_CURVE('',#3837,#3836,#2074,.T.);
#4952=EDGE_CURVE('',#3837,#3820,#696,.F.);
#4953=EDGE_CURVE('',#3838,#3839,#697,.T.);
#4954=EDGE_CURVE('',#3839,#3767,#2451,.T.);
#4955=EDGE_CURVE('',#3766,#3838,#2452,.T.);
#4956=EDGE_CURVE('',#3838,#3840,#2453,.T.);
#4957=EDGE_CURVE('',#3841,#3840,#698,.T.);
#4958=EDGE_CURVE('',#3841,#3842,#699,.T.);
#4959=EDGE_CURVE('',#3843,#3842,#700,.T.);
#4960=EDGE_CURVE('',#3843,#3844,#2454,.T.);
#4961=EDGE_CURVE('',#3845,#3844,#701,.T.);
#4962=EDGE_CURVE('',#3845,#3839,#702,.T.);
#4963=EDGE_CURVE('',#3840,#3765,#2455,.T.);
#4964=EDGE_CURVE('',#3764,#3841,#2456,.T.);
#4965=EDGE_CURVE('',#3844,#3846,#2457,.T.);
#4966=EDGE_CURVE('',#3846,#3847,#703,.F.);
#4967=EDGE_CURVE('',#3847,#3845,#2458,.T.);
#4968=EDGE_CURVE('',#3848,#3843,#2459,.T.);
#4969=EDGE_CURVE('',#3846,#3848,#2460,.T.);
#4970=EDGE_CURVE('',#3842,#3849,#2461,.T.);
#4971=EDGE_CURVE('',#3849,#3848,#704,.F.);
#4972=EDGE_CURVE('',#3850,#3851,#705,.T.);
#4973=EDGE_CURVE('',#3851,#3743,#2462,.T.);
#4974=EDGE_CURVE('',#3742,#3850,#2463,.T.);
#4975=EDGE_CURVE('',#3850,#3852,#2464,.T.);
#4976=EDGE_CURVE('',#3853,#3852,#706,.T.);
#4977=EDGE_CURVE('',#3853,#3854,#707,.T.);
#4978=EDGE_CURVE('',#3855,#3854,#708,.T.);
#4979=EDGE_CURVE('',#3855,#3856,#2465,.T.);
#4980=EDGE_CURVE('',#3857,#3856,#709,.T.);
#4981=EDGE_CURVE('',#3857,#3851,#710,.T.);
#4982=EDGE_CURVE('',#3852,#3741,#2466,.T.);
#4983=EDGE_CURVE('',#3740,#3853,#2467,.T.);
#4984=EDGE_CURVE('',#3856,#3858,#2468,.T.);
#4985=EDGE_CURVE('',#3858,#3859,#711,.F.);
#4986=EDGE_CURVE('',#3859,#3857,#2469,.T.);
#4987=EDGE_CURVE('',#3860,#3855,#2470,.T.);
#4988=EDGE_CURVE('',#3858,#3860,#2471,.T.);
#4989=EDGE_CURVE('',#3854,#3861,#2472,.T.);
#4990=EDGE_CURVE('',#3861,#3860,#712,.F.);
#4991=EDGE_CURVE('',#3862,#3863,#713,.T.);
#4992=EDGE_CURVE('',#3863,#3864,#2473,.T.);
#4993=EDGE_CURVE('',#3864,#3865,#714,.F.);
#4994=EDGE_CURVE('',#3865,#3862,#2474,.T.);
#4995=EDGE_CURVE('',#3866,#3865,#2475,.T.);
#4996=EDGE_CURVE('',#3867,#3866,#2476,.T.);
#4997=EDGE_CURVE('',#3862,#3867,#2477,.T.);
#4998=EDGE_CURVE('',#3868,#3869,#715,.T.);
#4999=EDGE_CURVE('',#3869,#3784,#2478,.T.);
#5000=EDGE_CURVE('',#3783,#3868,#2479,.T.);
#5001=EDGE_CURVE('',#3868,#3863,#716,.T.);
#5002=EDGE_CURVE('',#3782,#3795,#2480,.T.);
#5003=EDGE_CURVE('',#3864,#3815,#717,.T.);
#5004=EDGE_CURVE('',#3870,#3871,#718,.T.);
#5005=EDGE_CURVE('',#3871,#3786,#2481,.T.);
#5006=EDGE_CURVE('',#3785,#3870,#2482,.T.);
#5007=EDGE_CURVE('',#3870,#3869,#2483,.T.);
#5008=EDGE_CURVE('',#3872,#3867,#719,.T.);
#5009=EDGE_CURVE('',#3866,#3873,#720,.F.);
#5010=EDGE_CURVE('',#3873,#3872,#2484,.T.);
#5011=EDGE_CURVE('',#3872,#3871,#721,.T.);
#5012=EDGE_CURVE('',#3873,#3874,#722,.T.);
#5013=EDGE_CURVE('',#3875,#3874,#2485,.T.);
#5014=EDGE_CURVE('',#3876,#3875,#723,.T.);
#5015=EDGE_CURVE('',#3787,#3876,#2486,.T.);
#5016=EDGE_CURVE('',#3836,#3877,#281,.T.);
#5017=EDGE_CURVE('',#3877,#3878,#2075,.T.);
#5018=EDGE_CURVE('',#3878,#3837,#282,.F.);
#5019=EDGE_CURVE('',#3879,#3877,#724,.T.);
#5020=EDGE_CURVE('',#3880,#3879,#2076,.T.);
#5021=EDGE_CURVE('',#3880,#3878,#725,.T.);
#5022=EDGE_CURVE('',#3881,#3835,#283,.T.);
#5023=EDGE_CURVE('',#3881,#3882,#726,.T.);
#5024=EDGE_CURVE('',#3801,#3882,#284,.T.);
#5025=EDGE_CURVE('',#3883,#3800,#285,.T.);
#5026=EDGE_CURVE('',#3883,#3884,#727,.T.);
#5027=EDGE_CURVE('',#3826,#3884,#286,.T.);
#5028=EDGE_CURVE('',#3879,#3825,#287,.T.);
#5029=EDGE_CURVE('',#3824,#3880,#288,.F.);
#5030=EDGE_CURVE('',#3884,#3885,#2077,.T.);
#5031=EDGE_CURVE('',#3885,#3827,#289,.F.);
#5032=EDGE_CURVE('',#3886,#3883,#2078,.T.);
#5033=EDGE_CURVE('',#3886,#3885,#728,.T.);
#5034=EDGE_CURVE('',#3799,#3886,#290,.F.);
#5035=EDGE_CURVE('',#3882,#3887,#2079,.T.);
#5036=EDGE_CURVE('',#3887,#3802,#291,.F.);
#5037=EDGE_CURVE('',#3888,#3881,#2080,.T.);
#5038=EDGE_CURVE('',#3888,#3887,#729,.T.);
#5039=EDGE_CURVE('',#3834,#3888,#292,.F.);
#5040=EDGE_CURVE('',#3771,#3810,#730,.T.);
#5041=EDGE_CURVE('',#3775,#3821,#731,.F.);
#5042=EDGE_CURVE('',#3811,#3805,#732,.T.);
#5043=EDGE_CURVE('',#3889,#3727,#733,.T.);
#5044=EDGE_CURVE('',#3889,#3890,#2487,.T.);
#5045=EDGE_CURVE('',#3890,#3796,#734,.F.);
#5046=EDGE_CURVE('',#3728,#3828,#735,.T.);
#5047=EDGE_CURVE('',#3727,#3891,#736,.T.);
#5048=EDGE_CURVE('',#3891,#3752,#737,.T.);
#5049=EDGE_CURVE('',#3752,#3771,#738,.T.);
#5050=EDGE_CURVE('',#3810,#3889,#739,.T.);
#5051=EDGE_CURVE('',#3891,#3892,#2488,.T.);
#5052=EDGE_CURVE('',#3892,#3831,#740,.F.);
#5053=EDGE_CURVE('',#3753,#3816,#741,.T.);
#5054=EDGE_CURVE('',#3861,#3725,#742,.T.);
#5055=EDGE_CURVE('',#3893,#3731,#2489,.T.);
#5056=EDGE_CURVE('',#3859,#3893,#743,.T.);
#5057=EDGE_CURVE('',#3894,#3895,#107,.T.);
#5058=EDGE_CURVE('',#3895,#3893,#2490,.T.);
#5059=EDGE_CURVE('',#3730,#3894,#108,.T.);
#5060=EDGE_CURVE('',#3896,#3895,#744,.T.);
#5061=EDGE_CURVE('',#3744,#3896,#2491,.T.);
#5062=EDGE_CURVE('',#3894,#3897,#745,.T.);
#5063=EDGE_CURVE('',#3897,#3896,#2492,.T.);
#5064=EDGE_CURVE('',#3737,#3891,#2493,.T.);
#5065=EDGE_CURVE('',#3898,#3897,#2494,.T.);
#5066=EDGE_CURVE('',#3892,#3898,#2495,.T.);
#5067=EDGE_CURVE('',#3739,#3899,#2496,.T.);
#5068=EDGE_CURVE('',#3899,#3724,#746,.T.);
#5069=EDGE_CURVE('',#3745,#3899,#2497,.T.);
#5070=EDGE_CURVE('',#3729,#3898,#747,.T.);
#5071=EDGE_CURVE('',#3874,#3814,#2498,.T.);
#5072=EDGE_CURVE('',#3900,#3875,#109,.T.);
#5073=EDGE_CURVE('',#3813,#3900,#110,.T.);
#5074=EDGE_CURVE('',#3900,#3901,#748,.T.);
#5075=EDGE_CURVE('',#3901,#3876,#2499,.T.);
#5076=EDGE_CURVE('',#3778,#3889,#2500,.T.);
#5077=EDGE_CURVE('',#3902,#3901,#2501,.T.);
#5078=EDGE_CURVE('',#3902,#3890,#2502,.T.);
#5079=EDGE_CURVE('',#3812,#3902,#749,.T.);
#5080=EDGE_CURVE('',#3849,#3750,#750,.T.);
#5081=EDGE_CURVE('',#3903,#3756,#2503,.T.);
#5082=EDGE_CURVE('',#3847,#3903,#751,.T.);
#5083=EDGE_CURVE('',#3904,#3905,#111,.T.);
#5084=EDGE_CURVE('',#3905,#3903,#2504,.T.);
#5085=EDGE_CURVE('',#3755,#3904,#112,.T.);
#5086=EDGE_CURVE('',#3772,#3905,#752,.T.);
#5087=EDGE_CURVE('',#3904,#3773,#753,.T.);
#5088=EDGE_CURVE('',#3763,#3906,#2505,.T.);
#5089=EDGE_CURVE('',#3906,#3749,#754,.T.);
#5090=EDGE_CURVE('',#3762,#3906,#2506,.T.);
#5091=EDGE_CURVE('',#3754,#3774,#755,.T.);
#5092=EDGE_CURVE('',#3907,#3908,#756,.T.);
#5093=EDGE_CURVE('',#3909,#3907,#113,.T.);
#5094=EDGE_CURVE('',#3910,#3909,#757,.T.);
#5095=EDGE_CURVE('',#3911,#3910,#114,.T.);
#5096=EDGE_CURVE('',#3912,#3911,#758,.T.);
#5097=EDGE_CURVE('',#3913,#3912,#115,.T.);
#5098=EDGE_CURVE('',#3914,#3913,#759,.T.);
#5099=EDGE_CURVE('',#3915,#3914,#116,.T.);
#5100=EDGE_CURVE('',#3916,#3915,#760,.T.);
#5101=EDGE_CURVE('',#3917,#3916,#117,.T.);
#5102=EDGE_CURVE('',#3918,#3917,#761,.T.);
#5103=EDGE_CURVE('',#3919,#3918,#118,.T.);
#5104=EDGE_CURVE('',#3920,#3919,#762,.T.);
#5105=EDGE_CURVE('',#3921,#3920,#119,.T.);
#5106=EDGE_CURVE('',#3922,#3921,#763,.T.);
#5107=EDGE_CURVE('',#3923,#3922,#120,.T.);
#5108=EDGE_CURVE('',#3924,#3923,#764,.T.);
#5109=EDGE_CURVE('',#3925,#3924,#121,.T.);
#5110=EDGE_CURVE('',#3926,#3925,#765,.T.);
#5111=EDGE_CURVE('',#3927,#3926,#122,.T.);
#5112=EDGE_CURVE('',#3928,#3927,#766,.T.);
#5113=EDGE_CURVE('',#3929,#3928,#123,.T.);
#5114=EDGE_CURVE('',#3930,#3929,#767,.T.);
#5115=EDGE_CURVE('',#3931,#3930,#124,.T.);
#5116=EDGE_CURVE('',#3932,#3931,#768,.T.);
#5117=EDGE_CURVE('',#3933,#3932,#125,.T.);
#5118=EDGE_CURVE('',#3934,#3933,#769,.T.);
#5119=EDGE_CURVE('',#3935,#3934,#126,.T.);
#5120=EDGE_CURVE('',#3936,#3935,#770,.T.);
#5121=EDGE_CURVE('',#3937,#3936,#127,.T.);
#5122=EDGE_CURVE('',#3938,#3937,#771,.T.);
#5123=EDGE_CURVE('',#3939,#3938,#128,.T.);
#5124=EDGE_CURVE('',#3940,#3939,#772,.T.);
#5125=EDGE_CURVE('',#3941,#3940,#129,.T.);
#5126=EDGE_CURVE('',#3942,#3941,#773,.T.);
#5127=EDGE_CURVE('',#3943,#3942,#130,.T.);
#5128=EDGE_CURVE('',#3944,#3943,#774,.T.);
#5129=EDGE_CURVE('',#3945,#3944,#131,.T.);
#5130=EDGE_CURVE('',#3946,#3945,#775,.T.);
#5131=EDGE_CURVE('',#3947,#3946,#132,.T.);
#5132=EDGE_CURVE('',#3908,#3947,#776,.T.);
#5133=EDGE_CURVE('',#3908,#3948,#2507,.T.);
#5134=EDGE_CURVE('',#3948,#3948,#777,.T.);
#5135=EDGE_CURVE('',#3949,#3919,#2508,.T.);
#5136=EDGE_CURVE('',#3950,#3949,#778,.T.);
#5137=EDGE_CURVE('',#3950,#3920,#2509,.T.);
#5138=EDGE_CURVE('',#3951,#3918,#2510,.T.);
#5139=EDGE_CURVE('',#3952,#3951,#133,.F.);
#5140=EDGE_CURVE('',#3952,#3953,#2511,.T.);
#5141=EDGE_CURVE('',#3954,#3953,#2512,.T.);
#5142=EDGE_CURVE('',#3955,#3954,#2513,.T.);
#5143=EDGE_CURVE('',#3949,#3955,#134,.T.);
#5144=EDGE_CURVE('',#3956,#3917,#2514,.T.);
#5145=EDGE_CURVE('',#3951,#3956,#779,.T.);
#5146=EDGE_CURVE('',#3957,#3916,#2515,.T.);
#5147=EDGE_CURVE('',#3958,#3957,#135,.T.);
#5148=EDGE_CURVE('',#3959,#3958,#2516,.T.);
#5149=EDGE_CURVE('',#3959,#3960,#2517,.T.);
#5150=EDGE_CURVE('',#3960,#3961,#2518,.T.);
#5151=EDGE_CURVE('',#3956,#3961,#136,.F.);
#5152=EDGE_CURVE('',#3962,#3915,#2519,.T.);
#5153=EDGE_CURVE('',#3957,#3962,#780,.T.);
#5154=EDGE_CURVE('',#3963,#3914,#2520,.T.);
#5155=EDGE_CURVE('',#3964,#3963,#137,.F.);
#5156=EDGE_CURVE('',#3964,#3965,#2521,.T.);
#5157=EDGE_CURVE('',#3966,#3965,#2522,.T.);
#5158=EDGE_CURVE('',#3967,#3966,#2523,.T.);
#5159=EDGE_CURVE('',#3962,#3967,#138,.T.);
#5160=EDGE_CURVE('',#3968,#3913,#2524,.T.);
#5161=EDGE_CURVE('',#3963,#3968,#781,.T.);
#5162=EDGE_CURVE('',#3969,#3912,#2525,.T.);
#5163=EDGE_CURVE('',#3970,#3969,#139,.T.);
#5164=EDGE_CURVE('',#3971,#3970,#2526,.T.);
#5165=EDGE_CURVE('',#3971,#3972,#2527,.T.);
#5166=EDGE_CURVE('',#3972,#3973,#2528,.T.);
#5167=EDGE_CURVE('',#3968,#3973,#140,.F.);
#5168=EDGE_CURVE('',#3974,#3911,#2529,.T.);
#5169=EDGE_CURVE('',#3969,#3974,#782,.T.);
#5170=EDGE_CURVE('',#3975,#3910,#2530,.T.);
#5171=EDGE_CURVE('',#3976,#3975,#141,.F.);
#5172=EDGE_CURVE('',#3976,#3977,#2531,.T.);
#5173=EDGE_CURVE('',#3978,#3977,#2532,.T.);
#5174=EDGE_CURVE('',#3979,#3978,#2533,.T.);
#5175=EDGE_CURVE('',#3974,#3979,#142,.T.);
#5176=EDGE_CURVE('',#3980,#3909,#2534,.T.);
#5177=EDGE_CURVE('',#3975,#3980,#783,.T.);
#5178=EDGE_CURVE('',#3981,#3907,#2535,.T.);
#5179=EDGE_CURVE('',#3982,#3981,#143,.T.);
#5180=EDGE_CURVE('',#3983,#3982,#2536,.T.);
#5181=EDGE_CURVE('',#3983,#3984,#2537,.T.);
#5182=EDGE_CURVE('',#3984,#3985,#2538,.T.);
#5183=EDGE_CURVE('',#3980,#3985,#144,.F.);
#5184=EDGE_CURVE('',#3986,#3947,#2539,.T.);
#5185=EDGE_CURVE('',#3981,#3986,#784,.T.);
#5186=EDGE_CURVE('',#3987,#3946,#2540,.T.);
#5187=EDGE_CURVE('',#3988,#3987,#145,.F.);
#5188=EDGE_CURVE('',#3988,#3989,#2541,.T.);
#5189=EDGE_CURVE('',#3990,#3989,#2542,.T.);
#5190=EDGE_CURVE('',#3991,#3990,#2543,.T.);
#5191=EDGE_CURVE('',#3986,#3991,#146,.T.);
#5192=EDGE_CURVE('',#3992,#3945,#2544,.T.);
#5193=EDGE_CURVE('',#3987,#3992,#785,.T.);
#5194=EDGE_CURVE('',#3993,#3944,#2545,.T.);
#5195=EDGE_CURVE('',#3994,#3993,#147,.T.);
#5196=EDGE_CURVE('',#3995,#3994,#2546,.T.);
#5197=EDGE_CURVE('',#3995,#3996,#2547,.T.);
#5198=EDGE_CURVE('',#3996,#3997,#2548,.T.);
#5199=EDGE_CURVE('',#3992,#3997,#148,.F.);
#5200=EDGE_CURVE('',#3998,#3943,#2549,.T.);
#5201=EDGE_CURVE('',#3993,#3998,#786,.T.);
#5202=EDGE_CURVE('',#3999,#3942,#2550,.T.);
#5203=EDGE_CURVE('',#4000,#3999,#149,.F.);
#5204=EDGE_CURVE('',#4000,#4001,#2551,.T.);
#5205=EDGE_CURVE('',#4002,#4001,#2552,.T.);
#5206=EDGE_CURVE('',#4003,#4002,#2553,.T.);
#5207=EDGE_CURVE('',#3998,#4003,#150,.T.);
#5208=EDGE_CURVE('',#4004,#3941,#2554,.T.);
#5209=EDGE_CURVE('',#3999,#4004,#787,.T.);
#5210=EDGE_CURVE('',#4005,#3940,#2555,.T.);
#5211=EDGE_CURVE('',#4006,#4005,#151,.T.);
#5212=EDGE_CURVE('',#4007,#4006,#2556,.T.);
#5213=EDGE_CURVE('',#4007,#4008,#2557,.T.);
#5214=EDGE_CURVE('',#4008,#4009,#2558,.T.);
#5215=EDGE_CURVE('',#4004,#4009,#152,.F.);
#5216=EDGE_CURVE('',#4010,#4011,#788,.T.);
#5217=EDGE_CURVE('',#4011,#4012,#2559,.T.);
#5218=EDGE_CURVE('',#4012,#4012,#789,.T.);
#5219=EDGE_CURVE('',#4011,#4010,#790,.T.);
#5220=EDGE_CURVE('',#4013,#4013,#791,.T.);
#5221=EDGE_CURVE('',#4013,#4010,#2560,.T.);
#5222=EDGE_CURVE('',#4014,#4015,#792,.T.);
#5223=EDGE_CURVE('',#4014,#4016,#2561,.T.);
#5224=EDGE_CURVE('',#4016,#4017,#793,.T.);
#5225=EDGE_CURVE('',#4017,#4018,#2562,.T.);
#5226=EDGE_CURVE('',#4019,#4018,#794,.T.);
#5227=EDGE_CURVE('',#4019,#4020,#2563,.T.);
#5228=EDGE_CURVE('',#4020,#4021,#795,.T.);
#5229=EDGE_CURVE('',#4021,#4022,#2564,.T.);
#5230=EDGE_CURVE('',#4023,#4022,#796,.T.);
#5231=EDGE_CURVE('',#4023,#4024,#2565,.T.);
#5232=EDGE_CURVE('',#4024,#4025,#797,.T.);
#5233=EDGE_CURVE('',#4025,#4026,#2566,.T.);
#5234=EDGE_CURVE('',#4027,#4026,#798,.T.);
#5235=EDGE_CURVE('',#4027,#4028,#2567,.T.);
#5236=EDGE_CURVE('',#4028,#4029,#799,.T.);
#5237=EDGE_CURVE('',#4029,#4030,#2568,.T.);
#5238=EDGE_CURVE('',#3955,#4030,#800,.T.);
#5239=EDGE_CURVE('',#3954,#3959,#801,.T.);
#5240=EDGE_CURVE('',#3967,#3958,#802,.T.);
#5241=EDGE_CURVE('',#3966,#3971,#803,.T.);
#5242=EDGE_CURVE('',#3979,#3970,#804,.T.);
#5243=EDGE_CURVE('',#3978,#3983,#805,.T.);
#5244=EDGE_CURVE('',#3991,#3982,#806,.T.);
#5245=EDGE_CURVE('',#3990,#3995,#807,.T.);
#5246=EDGE_CURVE('',#4003,#3994,#808,.T.);
#5247=EDGE_CURVE('',#4002,#4007,#809,.T.);
#5248=EDGE_CURVE('',#4031,#4006,#810,.T.);
#5249=EDGE_CURVE('',#4031,#4032,#2569,.T.);
#5250=EDGE_CURVE('',#4032,#4033,#811,.T.);
#5251=EDGE_CURVE('',#4033,#4015,#2570,.T.);
#5252=EDGE_CURVE('',#4034,#4035,#812,.T.);
#5253=EDGE_CURVE('',#4036,#4034,#813,.T.);
#5254=EDGE_CURVE('',#4037,#4036,#814,.T.);
#5255=EDGE_CURVE('',#4038,#4037,#815,.T.);
#5256=EDGE_CURVE('',#4039,#4038,#816,.T.);
#5257=EDGE_CURVE('',#4040,#4039,#817,.T.);
#5258=EDGE_CURVE('',#4041,#4040,#818,.T.);
#5259=EDGE_CURVE('',#4042,#4041,#819,.T.);
#5260=EDGE_CURVE('',#4043,#4042,#820,.T.);
#5261=EDGE_CURVE('',#4044,#4043,#821,.T.);
#5262=EDGE_CURVE('',#4045,#4044,#822,.T.);
#5263=EDGE_CURVE('',#4046,#4045,#823,.T.);
#5264=EDGE_CURVE('',#4047,#4046,#824,.T.);
#5265=EDGE_CURVE('',#4048,#4047,#825,.T.);
#5266=EDGE_CURVE('',#4049,#4048,#826,.T.);
#5267=EDGE_CURVE('',#4035,#4049,#827,.T.);
#5268=EDGE_CURVE('',#4050,#4042,#2571,.T.);
#5269=EDGE_CURVE('',#4051,#4050,#828,.T.);
#5270=EDGE_CURVE('',#4051,#4043,#2572,.T.);
#5271=EDGE_CURVE('',#4052,#4041,#2573,.T.);
#5272=EDGE_CURVE('',#4050,#4052,#829,.T.);
#5273=EDGE_CURVE('',#4053,#4040,#2574,.T.);
#5274=EDGE_CURVE('',#4052,#4053,#830,.T.);
#5275=EDGE_CURVE('',#4054,#4039,#2575,.T.);
#5276=EDGE_CURVE('',#4053,#4054,#831,.T.);
#5277=EDGE_CURVE('',#4055,#4038,#2576,.T.);
#5278=EDGE_CURVE('',#4054,#4055,#832,.T.);
#5279=EDGE_CURVE('',#4056,#4037,#2577,.T.);
#5280=EDGE_CURVE('',#4055,#4056,#833,.T.);
#5281=EDGE_CURVE('',#4057,#4036,#2578,.T.);
#5282=EDGE_CURVE('',#4056,#4057,#834,.T.);
#5283=EDGE_CURVE('',#4058,#4034,#2579,.T.);
#5284=EDGE_CURVE('',#4057,#4058,#835,.T.);
#5285=EDGE_CURVE('',#4059,#4060,#836,.T.);
#5286=EDGE_CURVE('',#4060,#4061,#2580,.T.);
#5287=EDGE_CURVE('',#4061,#4061,#837,.T.);
#5288=EDGE_CURVE('',#4060,#4059,#838,.T.);
#5289=EDGE_CURVE('',#4062,#4062,#839,.T.);
#5290=EDGE_CURVE('',#4062,#4059,#2581,.T.);
#5291=EDGE_CURVE('',#4063,#4064,#840,.T.);
#5292=EDGE_CURVE('',#4064,#4065,#841,.T.);
#5293=EDGE_CURVE('',#4065,#4066,#842,.T.);
#5294=EDGE_CURVE('',#4066,#4067,#843,.T.);
#5295=EDGE_CURVE('',#4067,#4068,#844,.T.);
#5296=EDGE_CURVE('',#4068,#4069,#845,.T.);
#5297=EDGE_CURVE('',#4069,#4051,#846,.T.);
#5298=EDGE_CURVE('',#4058,#4063,#847,.T.);
#5299=EDGE_CURVE('',#4070,#4071,#848,.T.);
#5300=EDGE_CURVE('',#4071,#4072,#2582,.T.);
#5301=EDGE_CURVE('',#4072,#4072,#849,.T.);
#5302=EDGE_CURVE('',#4071,#4070,#850,.T.);
#5303=EDGE_CURVE('',#4070,#4073,#2583,.T.);
#5304=EDGE_CURVE('',#4074,#4073,#851,.T.);
#5305=EDGE_CURVE('',#4073,#4074,#852,.T.);
#5306=EDGE_CURVE('',#4075,#4075,#853,.T.);
#5307=EDGE_CURVE('',#4075,#4074,#2584,.T.);
#5308=EDGE_CURVE('',#4076,#4014,#153,.T.);
#5309=EDGE_CURVE('',#4015,#4077,#154,.T.);
#5310=EDGE_CURVE('',#4077,#4076,#854,.T.);
#5311=EDGE_CURVE('',#4076,#3935,#2585,.T.);
#5312=EDGE_CURVE('',#4077,#3936,#2586,.T.);
#5313=EDGE_CURVE('',#4033,#4078,#2587,.T.);
#5314=EDGE_CURVE('',#4078,#4079,#2588,.T.);
#5315=EDGE_CURVE('',#4080,#4079,#155,.F.);
#5316=EDGE_CURVE('',#4080,#3937,#2589,.T.);
#5317=EDGE_CURVE('',#4081,#4019,#156,.T.);
#5318=EDGE_CURVE('',#4018,#4082,#157,.T.);
#5319=EDGE_CURVE('',#4082,#4081,#855,.T.);
#5320=EDGE_CURVE('',#4081,#3931,#2590,.T.);
#5321=EDGE_CURVE('',#4082,#3932,#2591,.T.);
#5322=EDGE_CURVE('',#4017,#4083,#2592,.T.);
#5323=EDGE_CURVE('',#4083,#4084,#2593,.T.);
#5324=EDGE_CURVE('',#4085,#4084,#158,.F.);
#5325=EDGE_CURVE('',#4085,#3933,#2594,.T.);
#5326=EDGE_CURVE('',#4086,#4023,#159,.T.);
#5327=EDGE_CURVE('',#4022,#4087,#160,.T.);
#5328=EDGE_CURVE('',#4087,#4086,#856,.T.);
#5329=EDGE_CURVE('',#4088,#3926,#2595,.T.);
#5330=EDGE_CURVE('',#4089,#4088,#161,.F.);
#5331=EDGE_CURVE('',#4089,#4090,#2596,.T.);
#5332=EDGE_CURVE('',#4024,#4090,#2597,.T.);
#5333=EDGE_CURVE('',#4086,#3927,#2598,.T.);
#5334=EDGE_CURVE('',#4087,#3928,#2599,.T.);
#5335=EDGE_CURVE('',#4030,#3950,#162,.T.);
#5336=EDGE_CURVE('',#4029,#4091,#2600,.T.);
#5337=EDGE_CURVE('',#4091,#4092,#2601,.T.);
#5338=EDGE_CURVE('',#4093,#4092,#163,.F.);
#5339=EDGE_CURVE('',#4093,#3921,#2602,.T.);
#5340=EDGE_CURVE('',#4094,#4027,#164,.T.);
#5341=EDGE_CURVE('',#4026,#4095,#165,.T.);
#5342=EDGE_CURVE('',#4095,#4094,#857,.T.);
#5343=EDGE_CURVE('',#4094,#3923,#2603,.T.);
#5344=EDGE_CURVE('',#4095,#3924,#2604,.T.);
#5345=EDGE_CURVE('',#4025,#4096,#2605,.T.);
#5346=EDGE_CURVE('',#4096,#4097,#2606,.T.);
#5347=EDGE_CURVE('',#4098,#4097,#166,.F.);
#5348=EDGE_CURVE('',#4098,#3925,#2607,.T.);
#5349=EDGE_CURVE('',#4099,#4031,#167,.T.);
#5350=EDGE_CURVE('',#4005,#4099,#858,.T.);
#5351=EDGE_CURVE('',#4099,#3939,#2608,.T.);
#5352=EDGE_CURVE('',#4084,#4100,#859,.T.);
#5353=EDGE_CURVE('',#4100,#4101,#168,.F.);
#5354=EDGE_CURVE('',#4101,#4085,#860,.T.);
#5355=EDGE_CURVE('',#4102,#4083,#861,.T.);
#5356=EDGE_CURVE('',#4100,#4102,#2609,.T.);
#5357=EDGE_CURVE('',#4103,#4104,#169,.F.);
#5358=EDGE_CURVE('',#4104,#4105,#862,.T.);
#5359=EDGE_CURVE('',#4105,#4106,#170,.F.);
#5360=EDGE_CURVE('',#4106,#4103,#863,.T.);
#5361=EDGE_CURVE('',#4107,#4104,#2610,.T.);
#5362=EDGE_CURVE('',#4108,#4107,#864,.T.);
#5363=EDGE_CURVE('',#4105,#4108,#2611,.T.);
#5364=EDGE_CURVE('',#4097,#4089,#865,.T.);
#5365=EDGE_CURVE('',#4088,#4098,#866,.T.);
#5366=EDGE_CURVE('',#4090,#4096,#867,.T.);
#5367=EDGE_CURVE('',#4092,#4109,#868,.T.);
#5368=EDGE_CURVE('',#4109,#4110,#171,.F.);
#5369=EDGE_CURVE('',#4110,#4093,#869,.T.);
#5370=EDGE_CURVE('',#4111,#4091,#870,.T.);
#5371=EDGE_CURVE('',#4109,#4111,#2612,.T.);
#5372=EDGE_CURVE('',#3961,#3952,#871,.T.);
#5373=EDGE_CURVE('',#3953,#3960,#872,.T.);
#5374=EDGE_CURVE('',#3973,#3964,#873,.T.);
#5375=EDGE_CURVE('',#3965,#3972,#874,.T.);
#5376=EDGE_CURVE('',#3985,#3976,#875,.T.);
#5377=EDGE_CURVE('',#3977,#3984,#876,.T.);
#5378=EDGE_CURVE('',#3997,#3988,#877,.T.);
#5379=EDGE_CURVE('',#3989,#3996,#878,.T.);
#5380=EDGE_CURVE('',#4009,#4000,#879,.T.);
#5381=EDGE_CURVE('',#4001,#4008,#880,.T.);
#5382=EDGE_CURVE('',#4079,#4112,#881,.T.);
#5383=EDGE_CURVE('',#4112,#4113,#172,.F.);
#5384=EDGE_CURVE('',#4113,#4080,#882,.T.);
#5385=EDGE_CURVE('',#4114,#4078,#883,.T.);
#5386=EDGE_CURVE('',#4112,#4114,#2613,.T.);
#5387=EDGE_CURVE('',#4016,#4102,#2614,.T.);
#5388=EDGE_CURVE('',#4028,#4111,#2615,.T.);
#5389=EDGE_CURVE('',#4020,#4108,#2616,.T.);
#5390=EDGE_CURVE('',#4021,#4107,#2617,.T.);
#5391=EDGE_CURVE('',#4032,#4114,#2618,.T.);
#5392=EDGE_CURVE('',#4110,#3922,#2619,.T.);
#5393=EDGE_CURVE('',#4113,#3938,#2620,.T.);
#5394=EDGE_CURVE('',#4101,#3934,#2621,.T.);
#5395=EDGE_CURVE('',#4106,#3930,#2622,.T.);
#5396=EDGE_CURVE('',#4103,#3929,#2623,.T.);
#5397=EDGE_CURVE('',#4063,#4035,#2624,.T.);
#5398=EDGE_CURVE('',#4064,#4049,#2625,.T.);
#5399=EDGE_CURVE('',#4065,#4048,#2626,.T.);
#5400=EDGE_CURVE('',#4066,#4047,#2627,.T.);
#5401=EDGE_CURVE('',#4067,#4046,#2628,.T.);
#5402=EDGE_CURVE('',#4068,#4045,#2629,.T.);
#5403=EDGE_CURVE('',#4069,#4044,#2630,.T.);
#5404=EDGE_CURVE('',#4115,#4116,#2631,.T.);
#5405=EDGE_CURVE('',#4117,#4116,#2632,.T.);
#5406=EDGE_CURVE('',#4118,#4117,#2633,.T.);
#5407=EDGE_CURVE('',#4115,#4118,#2634,.T.);
#5408=EDGE_CURVE('',#4115,#4119,#884,.T.);
#5409=EDGE_CURVE('',#4120,#4118,#885,.T.);
#5410=EDGE_CURVE('',#4119,#4120,#2635,.T.);
#5411=EDGE_CURVE('',#4119,#4121,#2636,.T.);
#5412=EDGE_CURVE('',#4122,#4120,#2637,.T.);
#5413=EDGE_CURVE('',#4121,#4122,#2638,.T.);
#5414=EDGE_CURVE('',#4123,#4116,#886,.T.);
#5415=EDGE_CURVE('',#4124,#4123,#2639,.T.);
#5416=EDGE_CURVE('',#4124,#4117,#887,.T.);
#5417=EDGE_CURVE('',#4125,#4126,#2640,.T.);
#5418=EDGE_CURVE('',#4126,#4124,#2641,.T.);
#5419=EDGE_CURVE('',#4123,#4127,#2642,.T.);
#5420=EDGE_CURVE('',#4127,#4128,#2643,.T.);
#5421=EDGE_CURVE('',#4128,#4129,#2644,.T.);
#5422=EDGE_CURVE('',#4129,#4130,#2645,.T.);
#5423=EDGE_CURVE('',#4130,#4131,#2646,.T.);
#5424=EDGE_CURVE('',#4131,#4132,#2647,.T.);
#5425=EDGE_CURVE('',#4132,#4125,#2648,.T.);
#5426=EDGE_CURVE('',#4133,#4126,#888,.T.);
#5427=EDGE_CURVE('',#4134,#4133,#2649,.T.);
#5428=EDGE_CURVE('',#4122,#4134,#889,.T.);
#5429=EDGE_CURVE('',#4135,#4134,#2650,.T.);
#5430=EDGE_CURVE('',#4121,#4135,#890,.T.);
#5431=EDGE_CURVE('',#4136,#4135,#2651,.T.);
#5432=EDGE_CURVE('',#4127,#4136,#891,.T.);
#5433=EDGE_CURVE('',#4137,#4136,#2652,.T.);
#5434=EDGE_CURVE('',#4128,#4137,#892,.T.);
#5435=EDGE_CURVE('',#4138,#4137,#2653,.T.);
#5436=EDGE_CURVE('',#4129,#4138,#893,.T.);
#5437=EDGE_CURVE('',#4139,#4138,#2654,.T.);
#5438=EDGE_CURVE('',#4130,#4139,#894,.T.);
#5439=EDGE_CURVE('',#4140,#4139,#2655,.T.);
#5440=EDGE_CURVE('',#4131,#4140,#895,.T.);
#5441=EDGE_CURVE('',#4141,#4140,#2656,.T.);
#5442=EDGE_CURVE('',#4132,#4141,#896,.T.);
#5443=EDGE_CURVE('',#4142,#4141,#2657,.T.);
#5444=EDGE_CURVE('',#4125,#4142,#897,.T.);
#5445=EDGE_CURVE('',#4133,#4142,#2658,.T.);
#5446=EDGE_CURVE('',#4143,#4144,#2659,.T.);
#5447=EDGE_CURVE('',#4145,#4144,#2660,.T.);
#5448=EDGE_CURVE('',#4146,#4145,#2661,.T.);
#5449=EDGE_CURVE('',#4143,#4146,#2662,.T.);
#5450=EDGE_CURVE('',#4143,#4147,#898,.T.);
#5451=EDGE_CURVE('',#4148,#4146,#899,.T.);
#5452=EDGE_CURVE('',#4147,#4148,#2663,.T.);
#5453=EDGE_CURVE('',#4147,#4149,#2664,.T.);
#5454=EDGE_CURVE('',#4150,#4148,#2665,.T.);
#5455=EDGE_CURVE('',#4149,#4150,#2666,.T.);
#5456=EDGE_CURVE('',#4151,#4144,#900,.T.);
#5457=EDGE_CURVE('',#4152,#4151,#2667,.T.);
#5458=EDGE_CURVE('',#4152,#4145,#901,.T.);
#5459=EDGE_CURVE('',#4153,#4154,#2668,.T.);
#5460=EDGE_CURVE('',#4154,#4152,#2669,.T.);
#5461=EDGE_CURVE('',#4151,#4155,#2670,.T.);
#5462=EDGE_CURVE('',#4155,#4156,#2671,.T.);
#5463=EDGE_CURVE('',#4156,#4157,#2672,.T.);
#5464=EDGE_CURVE('',#4157,#4158,#2673,.T.);
#5465=EDGE_CURVE('',#4158,#4159,#2674,.T.);
#5466=EDGE_CURVE('',#4159,#4160,#2675,.T.);
#5467=EDGE_CURVE('',#4160,#4153,#2676,.T.);
#5468=EDGE_CURVE('',#4161,#4154,#902,.T.);
#5469=EDGE_CURVE('',#4162,#4161,#2677,.T.);
#5470=EDGE_CURVE('',#4150,#4162,#903,.T.);
#5471=EDGE_CURVE('',#4163,#4162,#2678,.T.);
#5472=EDGE_CURVE('',#4149,#4163,#904,.T.);
#5473=EDGE_CURVE('',#4164,#4163,#2679,.T.);
#5474=EDGE_CURVE('',#4155,#4164,#905,.T.);
#5475=EDGE_CURVE('',#4165,#4164,#2680,.T.);
#5476=EDGE_CURVE('',#4156,#4165,#906,.T.);
#5477=EDGE_CURVE('',#4166,#4165,#2681,.T.);
#5478=EDGE_CURVE('',#4157,#4166,#907,.T.);
#5479=EDGE_CURVE('',#4167,#4166,#2682,.T.);
#5480=EDGE_CURVE('',#4158,#4167,#908,.T.);
#5481=EDGE_CURVE('',#4168,#4167,#2683,.T.);
#5482=EDGE_CURVE('',#4159,#4168,#909,.T.);
#5483=EDGE_CURVE('',#4169,#4168,#2684,.T.);
#5484=EDGE_CURVE('',#4160,#4169,#910,.T.);
#5485=EDGE_CURVE('',#4170,#4169,#2685,.T.);
#5486=EDGE_CURVE('',#4153,#4170,#911,.T.);
#5487=EDGE_CURVE('',#4161,#4170,#2686,.T.);
#5488=EDGE_CURVE('',#4171,#4172,#2687,.T.);
#5489=EDGE_CURVE('',#4173,#4172,#2688,.T.);
#5490=EDGE_CURVE('',#4174,#4173,#2689,.T.);
#5491=EDGE_CURVE('',#4171,#4174,#2690,.T.);
#5492=EDGE_CURVE('',#4171,#4175,#912,.T.);
#5493=EDGE_CURVE('',#4176,#4174,#913,.T.);
#5494=EDGE_CURVE('',#4175,#4176,#2691,.T.);
#5495=EDGE_CURVE('',#4175,#4177,#2692,.T.);
#5496=EDGE_CURVE('',#4178,#4176,#2693,.T.);
#5497=EDGE_CURVE('',#4177,#4178,#2694,.T.);
#5498=EDGE_CURVE('',#4179,#4172,#914,.T.);
#5499=EDGE_CURVE('',#4180,#4179,#2695,.T.);
#5500=EDGE_CURVE('',#4180,#4173,#915,.T.);
#5501=EDGE_CURVE('',#4181,#4182,#2696,.T.);
#5502=EDGE_CURVE('',#4182,#4180,#2697,.T.);
#5503=EDGE_CURVE('',#4179,#4183,#2698,.T.);
#5504=EDGE_CURVE('',#4183,#4184,#2699,.T.);
#5505=EDGE_CURVE('',#4184,#4185,#2700,.T.);
#5506=EDGE_CURVE('',#4185,#4186,#2701,.T.);
#5507=EDGE_CURVE('',#4186,#4187,#2702,.T.);
#5508=EDGE_CURVE('',#4187,#4188,#2703,.T.);
#5509=EDGE_CURVE('',#4188,#4181,#2704,.T.);
#5510=EDGE_CURVE('',#4189,#4182,#916,.T.);
#5511=EDGE_CURVE('',#4190,#4189,#2705,.T.);
#5512=EDGE_CURVE('',#4178,#4190,#917,.T.);
#5513=EDGE_CURVE('',#4191,#4190,#2706,.T.);
#5514=EDGE_CURVE('',#4177,#4191,#918,.T.);
#5515=EDGE_CURVE('',#4192,#4191,#2707,.T.);
#5516=EDGE_CURVE('',#4183,#4192,#919,.T.);
#5517=EDGE_CURVE('',#4193,#4192,#2708,.T.);
#5518=EDGE_CURVE('',#4184,#4193,#920,.T.);
#5519=EDGE_CURVE('',#4194,#4193,#2709,.T.);
#5520=EDGE_CURVE('',#4185,#4194,#921,.T.);
#5521=EDGE_CURVE('',#4195,#4194,#2710,.T.);
#5522=EDGE_CURVE('',#4186,#4195,#922,.T.);
#5523=EDGE_CURVE('',#4196,#4195,#2711,.T.);
#5524=EDGE_CURVE('',#4187,#4196,#923,.T.);
#5525=EDGE_CURVE('',#4197,#4196,#2712,.T.);
#5526=EDGE_CURVE('',#4188,#4197,#924,.T.);
#5527=EDGE_CURVE('',#4198,#4197,#2713,.T.);
#5528=EDGE_CURVE('',#4181,#4198,#925,.T.);
#5529=EDGE_CURVE('',#4189,#4198,#2714,.T.);
#5530=ORIENTED_EDGE('',*,*,#4199,.T.);
#5531=ORIENTED_EDGE('',*,*,#4200,.F.);
#5532=ORIENTED_EDGE('',*,*,#4201,.F.);
#5533=ORIENTED_EDGE('',*,*,#4202,.T.);
#5534=ORIENTED_EDGE('',*,*,#4203,.T.);
#5535=ORIENTED_EDGE('',*,*,#4204,.T.);
#5536=ORIENTED_EDGE('',*,*,#4203,.F.);
#5537=ORIENTED_EDGE('',*,*,#4205,.T.);
#5538=ORIENTED_EDGE('',*,*,#4206,.T.);
#5539=ORIENTED_EDGE('',*,*,#4207,.T.);
#5540=ORIENTED_EDGE('',*,*,#4208,.T.);
#5541=ORIENTED_EDGE('',*,*,#4209,.T.);
#5542=ORIENTED_EDGE('',*,*,#4206,.F.);
#5543=ORIENTED_EDGE('',*,*,#4210,.T.);
#5544=ORIENTED_EDGE('',*,*,#4208,.F.);
#5545=ORIENTED_EDGE('',*,*,#4211,.T.);
#5546=ORIENTED_EDGE('',*,*,#4212,.T.);
#5547=ORIENTED_EDGE('',*,*,#4213,.T.);
#5548=ORIENTED_EDGE('',*,*,#4214,.T.);
#5549=ORIENTED_EDGE('',*,*,#4215,.T.);
#5550=ORIENTED_EDGE('',*,*,#4212,.F.);
#5551=ORIENTED_EDGE('',*,*,#4216,.T.);
#5552=ORIENTED_EDGE('',*,*,#4211,.F.);
#5553=ORIENTED_EDGE('',*,*,#4217,.T.);
#5554=ORIENTED_EDGE('',*,*,#4218,.T.);
#5555=ORIENTED_EDGE('',*,*,#4219,.T.);
#5556=ORIENTED_EDGE('',*,*,#4210,.F.);
#5557=ORIENTED_EDGE('',*,*,#4220,.F.);
#5558=ORIENTED_EDGE('',*,*,#4221,.F.);
#5559=ORIENTED_EDGE('',*,*,#4217,.F.);
#5560=ORIENTED_EDGE('',*,*,#4205,.F.);
#5561=ORIENTED_EDGE('',*,*,#4222,.T.);
#5562=ORIENTED_EDGE('',*,*,#4223,.T.);
#5563=ORIENTED_EDGE('',*,*,#4220,.T.);
#5564=ORIENTED_EDGE('',*,*,#4202,.F.);
#5565=ORIENTED_EDGE('',*,*,#4224,.F.);
#5566=ORIENTED_EDGE('',*,*,#4225,.T.);
#5567=ORIENTED_EDGE('',*,*,#4226,.F.);
#5568=ORIENTED_EDGE('',*,*,#4227,.F.);
#5569=ORIENTED_EDGE('',*,*,#4222,.F.);
#5570=ORIENTED_EDGE('',*,*,#4228,.T.);
#5571=ORIENTED_EDGE('',*,*,#4229,.T.);
#5572=ORIENTED_EDGE('',*,*,#4230,.T.);
#5573=ORIENTED_EDGE('',*,*,#4231,.T.);
#5574=ORIENTED_EDGE('',*,*,#4230,.F.);
#5575=ORIENTED_EDGE('',*,*,#4232,.T.);
#5576=ORIENTED_EDGE('',*,*,#4233,.T.);
#5577=ORIENTED_EDGE('',*,*,#4234,.T.);
#5578=ORIENTED_EDGE('',*,*,#4235,.T.);
#5579=ORIENTED_EDGE('',*,*,#4236,.T.);
#5580=ORIENTED_EDGE('',*,*,#4233,.F.);
#5581=ORIENTED_EDGE('',*,*,#4237,.T.);
#5582=ORIENTED_EDGE('',*,*,#4235,.F.);
#5583=ORIENTED_EDGE('',*,*,#4238,.T.);
#5584=ORIENTED_EDGE('',*,*,#4239,.T.);
#5585=ORIENTED_EDGE('',*,*,#4240,.T.);
#5586=ORIENTED_EDGE('',*,*,#4241,.T.);
#5587=ORIENTED_EDGE('',*,*,#4242,.F.);
#5588=ORIENTED_EDGE('',*,*,#4243,.F.);
#5589=ORIENTED_EDGE('',*,*,#4244,.T.);
#5590=ORIENTED_EDGE('',*,*,#4239,.F.);
#5591=ORIENTED_EDGE('',*,*,#4245,.T.);
#5592=ORIENTED_EDGE('',*,*,#4246,.F.);
#5593=ORIENTED_EDGE('',*,*,#4245,.F.);
#5594=ORIENTED_EDGE('',*,*,#4247,.F.);
#5595=ORIENTED_EDGE('',*,*,#4248,.F.);
#5596=ORIENTED_EDGE('',*,*,#4249,.F.);
#5597=ORIENTED_EDGE('',*,*,#4250,.T.);
#5598=ORIENTED_EDGE('',*,*,#4238,.F.);
#5599=ORIENTED_EDGE('',*,*,#4251,.T.);
#5600=ORIENTED_EDGE('',*,*,#4252,.T.);
#5601=ORIENTED_EDGE('',*,*,#4247,.T.);
#5602=ORIENTED_EDGE('',*,*,#4237,.F.);
#5603=ORIENTED_EDGE('',*,*,#4253,.F.);
#5604=ORIENTED_EDGE('',*,*,#4254,.F.);
#5605=ORIENTED_EDGE('',*,*,#4251,.F.);
#5606=ORIENTED_EDGE('',*,*,#4232,.F.);
#5607=ORIENTED_EDGE('',*,*,#4255,.T.);
#5608=ORIENTED_EDGE('',*,*,#4256,.T.);
#5609=ORIENTED_EDGE('',*,*,#4253,.T.);
#5610=ORIENTED_EDGE('',*,*,#4229,.F.);
#5611=ORIENTED_EDGE('',*,*,#4257,.F.);
#5612=ORIENTED_EDGE('',*,*,#4258,.T.);
#5613=ORIENTED_EDGE('',*,*,#4259,.F.);
#5614=ORIENTED_EDGE('',*,*,#4260,.F.);
#5615=ORIENTED_EDGE('',*,*,#4255,.F.);
#5616=ORIENTED_EDGE('',*,*,#4261,.T.);
#5617=ORIENTED_EDGE('',*,*,#4262,.T.);
#5618=ORIENTED_EDGE('',*,*,#4263,.T.);
#5619=ORIENTED_EDGE('',*,*,#4264,.T.);
#5620=ORIENTED_EDGE('',*,*,#4261,.F.);
#5621=ORIENTED_EDGE('',*,*,#4265,.T.);
#5622=ORIENTED_EDGE('',*,*,#4266,.T.);
#5623=ORIENTED_EDGE('',*,*,#4267,.T.);
#5624=ORIENTED_EDGE('',*,*,#4268,.T.);
#5625=ORIENTED_EDGE('',*,*,#4269,.T.);
#5626=ORIENTED_EDGE('',*,*,#4266,.F.);
#5627=ORIENTED_EDGE('',*,*,#4270,.T.);
#5628=ORIENTED_EDGE('',*,*,#4268,.F.);
#5629=ORIENTED_EDGE('',*,*,#4271,.T.);
#5630=ORIENTED_EDGE('',*,*,#4272,.T.);
#5631=ORIENTED_EDGE('',*,*,#4273,.T.);
#5632=ORIENTED_EDGE('',*,*,#4274,.T.);
#5633=ORIENTED_EDGE('',*,*,#4275,.T.);
#5634=ORIENTED_EDGE('',*,*,#4272,.F.);
#5635=ORIENTED_EDGE('',*,*,#4276,.T.);
#5636=ORIENTED_EDGE('',*,*,#4274,.F.);
#5637=ORIENTED_EDGE('',*,*,#4277,.T.);
#5638=ORIENTED_EDGE('',*,*,#4278,.T.);
#5639=ORIENTED_EDGE('',*,*,#4279,.T.);
#5640=ORIENTED_EDGE('',*,*,#4280,.T.);
#5641=ORIENTED_EDGE('',*,*,#4281,.T.);
#5642=ORIENTED_EDGE('',*,*,#4278,.F.);
#5643=ORIENTED_EDGE('',*,*,#4282,.T.);
#5644=ORIENTED_EDGE('',*,*,#4280,.F.);
#5645=ORIENTED_EDGE('',*,*,#4283,.T.);
#5646=ORIENTED_EDGE('',*,*,#4263,.F.);
#5647=ORIENTED_EDGE('',*,*,#4284,.T.);
#5648=ORIENTED_EDGE('',*,*,#4279,.F.);
#5649=ORIENTED_EDGE('',*,*,#4285,.F.);
#5650=ORIENTED_EDGE('',*,*,#4286,.F.);
#5651=ORIENTED_EDGE('',*,*,#4287,.F.);
#5652=ORIENTED_EDGE('',*,*,#4281,.F.);
#5653=ORIENTED_EDGE('',*,*,#4288,.T.);
#5654=ORIENTED_EDGE('',*,*,#4289,.T.);
#5655=ORIENTED_EDGE('',*,*,#4285,.T.);
#5656=ORIENTED_EDGE('',*,*,#4284,.F.);
#5657=ORIENTED_EDGE('',*,*,#4290,.F.);
#5658=ORIENTED_EDGE('',*,*,#4291,.F.);
#5659=ORIENTED_EDGE('',*,*,#4288,.F.);
#5660=ORIENTED_EDGE('',*,*,#4262,.F.);
#5661=ORIENTED_EDGE('',*,*,#4292,.T.);
#5662=ORIENTED_EDGE('',*,*,#4293,.T.);
#5663=ORIENTED_EDGE('',*,*,#4290,.T.);
#5664=ORIENTED_EDGE('',*,*,#4294,.F.);
#5665=ORIENTED_EDGE('',*,*,#4295,.F.);
#5666=ORIENTED_EDGE('',*,*,#4296,.F.);
#5667=ORIENTED_EDGE('',*,*,#4297,.F.);
#5668=ORIENTED_EDGE('',*,*,#4298,.F.);
#5669=ORIENTED_EDGE('',*,*,#4299,.T.);
#5670=ORIENTED_EDGE('',*,*,#4300,.T.);
#5671=ORIENTED_EDGE('',*,*,#4301,.T.);
#5672=ORIENTED_EDGE('',*,*,#4302,.F.);
#5673=ORIENTED_EDGE('',*,*,#4303,.F.);
#5674=ORIENTED_EDGE('',*,*,#4304,.F.);
#5675=ORIENTED_EDGE('',*,*,#4305,.T.);
#5676=ORIENTED_EDGE('',*,*,#4264,.F.);
#5677=ORIENTED_EDGE('',*,*,#4283,.F.);
#5678=ORIENTED_EDGE('',*,*,#4282,.F.);
#5679=ORIENTED_EDGE('',*,*,#4277,.F.);
#5680=ORIENTED_EDGE('',*,*,#4276,.F.);
#5681=ORIENTED_EDGE('',*,*,#4271,.F.);
#5682=ORIENTED_EDGE('',*,*,#4270,.F.);
#5683=ORIENTED_EDGE('',*,*,#4265,.F.);
#5684=ORIENTED_EDGE('',*,*,#4306,.T.);
#5685=ORIENTED_EDGE('',*,*,#4307,.T.);
#5686=ORIENTED_EDGE('',*,*,#4308,.T.);
#5687=ORIENTED_EDGE('',*,*,#4307,.F.);
#5688=ORIENTED_EDGE('',*,*,#4308,.F.);
#5689=ORIENTED_EDGE('',*,*,#4309,.F.);
#5690=ORIENTED_EDGE('',*,*,#4306,.F.);
#5691=ORIENTED_EDGE('',*,*,#4310,.T.);
#5692=ORIENTED_EDGE('',*,*,#4311,.F.);
#5693=ORIENTED_EDGE('',*,*,#4310,.F.);
#5694=ORIENTED_EDGE('',*,*,#4312,.T.);
#5695=ORIENTED_EDGE('',*,*,#4313,.T.);
#5696=ORIENTED_EDGE('',*,*,#4309,.T.);
#5697=ORIENTED_EDGE('',*,*,#4313,.F.);
#5698=ORIENTED_EDGE('',*,*,#4314,.T.);
#5699=ORIENTED_EDGE('',*,*,#4315,.F.);
#5700=ORIENTED_EDGE('',*,*,#4316,.T.);
#5701=ORIENTED_EDGE('',*,*,#4314,.F.);
#5702=ORIENTED_EDGE('',*,*,#4312,.F.);
#5703=ORIENTED_EDGE('',*,*,#4316,.F.);
#5704=ORIENTED_EDGE('',*,*,#4315,.T.);
#5705=ORIENTED_EDGE('',*,*,#4317,.T.);
#5706=ORIENTED_EDGE('',*,*,#4318,.T.);
#5707=ORIENTED_EDGE('',*,*,#4317,.F.);
#5708=ORIENTED_EDGE('',*,*,#4215,.F.);
#5709=ORIENTED_EDGE('',*,*,#4319,.T.);
#5710=ORIENTED_EDGE('',*,*,#4320,.T.);
#5711=ORIENTED_EDGE('',*,*,#4321,.T.);
#5712=ORIENTED_EDGE('',*,*,#4322,.F.);
#5713=ORIENTED_EDGE('',*,*,#4323,.T.);
#5714=ORIENTED_EDGE('',*,*,#4324,.F.);
#5715=ORIENTED_EDGE('',*,*,#4325,.T.);
#5716=ORIENTED_EDGE('',*,*,#4326,.T.);
#5717=ORIENTED_EDGE('',*,*,#4327,.T.);
#5718=ORIENTED_EDGE('',*,*,#4231,.F.);
#5719=ORIENTED_EDGE('',*,*,#4234,.F.);
#5720=ORIENTED_EDGE('',*,*,#4236,.F.);
#5721=ORIENTED_EDGE('',*,*,#4240,.F.);
#5722=ORIENTED_EDGE('',*,*,#4244,.F.);
#5723=ORIENTED_EDGE('',*,*,#4328,.T.);
#5724=ORIENTED_EDGE('',*,*,#4329,.F.);
#5725=ORIENTED_EDGE('',*,*,#4330,.T.);
#5726=ORIENTED_EDGE('',*,*,#4331,.F.);
#5727=ORIENTED_EDGE('',*,*,#4332,.T.);
#5728=ORIENTED_EDGE('',*,*,#4204,.F.);
#5729=ORIENTED_EDGE('',*,*,#4207,.F.);
#5730=ORIENTED_EDGE('',*,*,#4209,.F.);
#5731=ORIENTED_EDGE('',*,*,#4213,.F.);
#5732=ORIENTED_EDGE('',*,*,#4318,.F.);
#5733=ORIENTED_EDGE('',*,*,#4333,.T.);
#5734=ORIENTED_EDGE('',*,*,#4334,.T.);
#5735=ORIENTED_EDGE('',*,*,#4335,.T.);
#5736=ORIENTED_EDGE('',*,*,#4336,.T.);
#5737=ORIENTED_EDGE('',*,*,#4335,.F.);
#5738=ORIENTED_EDGE('',*,*,#4337,.T.);
#5739=ORIENTED_EDGE('',*,*,#4338,.T.);
#5740=ORIENTED_EDGE('',*,*,#4339,.T.);
#5741=ORIENTED_EDGE('',*,*,#4340,.T.);
#5742=ORIENTED_EDGE('',*,*,#4341,.T.);
#5743=ORIENTED_EDGE('',*,*,#4338,.F.);
#5744=ORIENTED_EDGE('',*,*,#4342,.T.);
#5745=ORIENTED_EDGE('',*,*,#4340,.F.);
#5746=ORIENTED_EDGE('',*,*,#4343,.T.);
#5747=ORIENTED_EDGE('',*,*,#4344,.T.);
#5748=ORIENTED_EDGE('',*,*,#4345,.T.);
#5749=ORIENTED_EDGE('',*,*,#4346,.T.);
#5750=ORIENTED_EDGE('',*,*,#4347,.T.);
#5751=ORIENTED_EDGE('',*,*,#4344,.F.);
#5752=ORIENTED_EDGE('',*,*,#4348,.T.);
#5753=ORIENTED_EDGE('',*,*,#4348,.F.);
#5754=ORIENTED_EDGE('',*,*,#4343,.F.);
#5755=ORIENTED_EDGE('',*,*,#4342,.F.);
#5756=ORIENTED_EDGE('',*,*,#4337,.F.);
#5757=ORIENTED_EDGE('',*,*,#4334,.F.);
#5758=ORIENTED_EDGE('',*,*,#4349,.T.);
#5759=ORIENTED_EDGE('',*,*,#4350,.T.);
#5760=ORIENTED_EDGE('',*,*,#4351,.T.);
#5761=ORIENTED_EDGE('',*,*,#4352,.F.);
#5762=ORIENTED_EDGE('',*,*,#4353,.F.);
#5763=ORIENTED_EDGE('',*,*,#4354,.F.);
#5764=ORIENTED_EDGE('',*,*,#4355,.T.);
#5765=ORIENTED_EDGE('',*,*,#4356,.T.);
#5766=ORIENTED_EDGE('',*,*,#4298,.T.);
#5767=ORIENTED_EDGE('',*,*,#4357,.T.);
#5768=ORIENTED_EDGE('',*,*,#4358,.T.);
#5769=ORIENTED_EDGE('',*,*,#4357,.F.);
#5770=ORIENTED_EDGE('',*,*,#4297,.T.);
#5771=ORIENTED_EDGE('',*,*,#4359,.T.);
#5772=ORIENTED_EDGE('',*,*,#4360,.T.);
#5773=ORIENTED_EDGE('',*,*,#4361,.T.);
#5774=ORIENTED_EDGE('',*,*,#4362,.T.);
#5775=ORIENTED_EDGE('',*,*,#4359,.F.);
#5776=ORIENTED_EDGE('',*,*,#4296,.T.);
#5777=ORIENTED_EDGE('',*,*,#4361,.F.);
#5778=ORIENTED_EDGE('',*,*,#4295,.T.);
#5779=ORIENTED_EDGE('',*,*,#4363,.T.);
#5780=ORIENTED_EDGE('',*,*,#4364,.T.);
#5781=ORIENTED_EDGE('',*,*,#4365,.T.);
#5782=ORIENTED_EDGE('',*,*,#4366,.T.);
#5783=ORIENTED_EDGE('',*,*,#4363,.F.);
#5784=ORIENTED_EDGE('',*,*,#4294,.T.);
#5785=ORIENTED_EDGE('',*,*,#4367,.T.);
#5786=ORIENTED_EDGE('',*,*,#4368,.T.);
#5787=ORIENTED_EDGE('',*,*,#4369,.T.);
#5788=ORIENTED_EDGE('',*,*,#4370,.T.);
#5789=ORIENTED_EDGE('',*,*,#4367,.F.);
#5790=ORIENTED_EDGE('',*,*,#4371,.T.);
#5791=ORIENTED_EDGE('',*,*,#4372,.T.);
#5792=ORIENTED_EDGE('',*,*,#4373,.T.);
#5793=ORIENTED_EDGE('',*,*,#4374,.T.);
#5794=ORIENTED_EDGE('',*,*,#4375,.T.);
#5795=ORIENTED_EDGE('',*,*,#4372,.F.);
#5796=ORIENTED_EDGE('',*,*,#4376,.T.);
#5797=ORIENTED_EDGE('',*,*,#4374,.F.);
#5798=ORIENTED_EDGE('',*,*,#4377,.T.);
#5799=ORIENTED_EDGE('',*,*,#4378,.T.);
#5800=ORIENTED_EDGE('',*,*,#4379,.T.);
#5801=ORIENTED_EDGE('',*,*,#4380,.T.);
#5802=ORIENTED_EDGE('',*,*,#4381,.T.);
#5803=ORIENTED_EDGE('',*,*,#4382,.T.);
#5804=ORIENTED_EDGE('',*,*,#4383,.T.);
#5805=ORIENTED_EDGE('',*,*,#4384,.T.);
#5806=ORIENTED_EDGE('',*,*,#4385,.T.);
#5807=ORIENTED_EDGE('',*,*,#4386,.T.);
#5808=ORIENTED_EDGE('',*,*,#4387,.T.);
#5809=ORIENTED_EDGE('',*,*,#4384,.F.);
#5810=ORIENTED_EDGE('',*,*,#4388,.T.);
#5811=ORIENTED_EDGE('',*,*,#4389,.T.);
#5812=ORIENTED_EDGE('',*,*,#4390,.T.);
#5813=ORIENTED_EDGE('',*,*,#4391,.T.);
#5814=ORIENTED_EDGE('',*,*,#4392,.T.);
#5815=ORIENTED_EDGE('',*,*,#4389,.F.);
#5816=ORIENTED_EDGE('',*,*,#4393,.T.);
#5817=ORIENTED_EDGE('',*,*,#4391,.F.);
#5818=ORIENTED_EDGE('',*,*,#4394,.T.);
#5819=ORIENTED_EDGE('',*,*,#4395,.T.);
#5820=ORIENTED_EDGE('',*,*,#4396,.T.);
#5821=ORIENTED_EDGE('',*,*,#4397,.T.);
#5822=ORIENTED_EDGE('',*,*,#4398,.T.);
#5823=ORIENTED_EDGE('',*,*,#4399,.T.);
#5824=ORIENTED_EDGE('',*,*,#4400,.T.);
#5825=ORIENTED_EDGE('',*,*,#4401,.T.);
#5826=ORIENTED_EDGE('',*,*,#4402,.T.);
#5827=ORIENTED_EDGE('',*,*,#4403,.T.);
#5828=ORIENTED_EDGE('',*,*,#4404,.T.);
#5829=ORIENTED_EDGE('',*,*,#4405,.T.);
#5830=ORIENTED_EDGE('',*,*,#4406,.T.);
#5831=ORIENTED_EDGE('',*,*,#4401,.F.);
#5832=ORIENTED_EDGE('',*,*,#4407,.T.);
#5833=ORIENTED_EDGE('',*,*,#4408,.T.);
#5834=ORIENTED_EDGE('',*,*,#4409,.T.);
#5835=ORIENTED_EDGE('',*,*,#4410,.T.);
#5836=ORIENTED_EDGE('',*,*,#4411,.T.);
#5837=ORIENTED_EDGE('',*,*,#4408,.F.);
#5838=ORIENTED_EDGE('',*,*,#4412,.T.);
#5839=ORIENTED_EDGE('',*,*,#4403,.F.);
#5840=ORIENTED_EDGE('',*,*,#4413,.T.);
#5841=ORIENTED_EDGE('',*,*,#4414,.T.);
#5842=ORIENTED_EDGE('',*,*,#4415,.T.);
#5843=ORIENTED_EDGE('',*,*,#4416,.T.);
#5844=ORIENTED_EDGE('',*,*,#4417,.T.);
#5845=ORIENTED_EDGE('',*,*,#4414,.F.);
#5846=ORIENTED_EDGE('',*,*,#4418,.T.);
#5847=ORIENTED_EDGE('',*,*,#4410,.F.);
#5848=ORIENTED_EDGE('',*,*,#4419,.T.);
#5849=ORIENTED_EDGE('',*,*,#4420,.T.);
#5850=ORIENTED_EDGE('',*,*,#4421,.T.);
#5851=ORIENTED_EDGE('',*,*,#4422,.T.);
#5852=ORIENTED_EDGE('',*,*,#4423,.T.);
#5853=ORIENTED_EDGE('',*,*,#4420,.F.);
#5854=ORIENTED_EDGE('',*,*,#4424,.T.);
#5855=ORIENTED_EDGE('',*,*,#4416,.F.);
#5856=ORIENTED_EDGE('',*,*,#4425,.T.);
#5857=ORIENTED_EDGE('',*,*,#4422,.F.);
#5858=ORIENTED_EDGE('',*,*,#4426,.T.);
#5859=ORIENTED_EDGE('',*,*,#4399,.F.);
#5860=ORIENTED_EDGE('',*,*,#4427,.T.);
#5861=ORIENTED_EDGE('',*,*,#4428,.T.);
#5862=ORIENTED_EDGE('',*,*,#4429,.T.);
#5863=ORIENTED_EDGE('',*,*,#4429,.F.);
#5864=ORIENTED_EDGE('',*,*,#4430,.T.);
#5865=ORIENTED_EDGE('',*,*,#4397,.F.);
#5866=ORIENTED_EDGE('',*,*,#4431,.T.);
#5867=ORIENTED_EDGE('',*,*,#4432,.T.);
#5868=ORIENTED_EDGE('',*,*,#4433,.T.);
#5869=ORIENTED_EDGE('',*,*,#4434,.T.);
#5870=ORIENTED_EDGE('',*,*,#4431,.F.);
#5871=ORIENTED_EDGE('',*,*,#4435,.T.);
#5872=ORIENTED_EDGE('',*,*,#4427,.F.);
#5873=ORIENTED_EDGE('',*,*,#4436,.T.);
#5874=ORIENTED_EDGE('',*,*,#4437,.T.);
#5875=ORIENTED_EDGE('',*,*,#4438,.T.);
#5876=ORIENTED_EDGE('',*,*,#4439,.T.);
#5877=ORIENTED_EDGE('',*,*,#4440,.T.);
#5878=ORIENTED_EDGE('',*,*,#4437,.F.);
#5879=ORIENTED_EDGE('',*,*,#4441,.T.);
#5880=ORIENTED_EDGE('',*,*,#4433,.F.);
#5881=ORIENTED_EDGE('',*,*,#4442,.T.);
#5882=ORIENTED_EDGE('',*,*,#4443,.T.);
#5883=ORIENTED_EDGE('',*,*,#4444,.T.);
#5884=ORIENTED_EDGE('',*,*,#4445,.T.);
#5885=ORIENTED_EDGE('',*,*,#4446,.T.);
#5886=ORIENTED_EDGE('',*,*,#4443,.F.);
#5887=ORIENTED_EDGE('',*,*,#4447,.T.);
#5888=ORIENTED_EDGE('',*,*,#4439,.F.);
#5889=ORIENTED_EDGE('',*,*,#4448,.T.);
#5890=ORIENTED_EDGE('',*,*,#4445,.F.);
#5891=ORIENTED_EDGE('',*,*,#4449,.T.);
#5892=ORIENTED_EDGE('',*,*,#4386,.F.);
#5893=ORIENTED_EDGE('',*,*,#4450,.T.);
#5894=ORIENTED_EDGE('',*,*,#4451,.T.);
#5895=ORIENTED_EDGE('',*,*,#4395,.F.);
#5896=ORIENTED_EDGE('',*,*,#4452,.T.);
#5897=ORIENTED_EDGE('',*,*,#4453,.T.);
#5898=ORIENTED_EDGE('',*,*,#4454,.T.);
#5899=ORIENTED_EDGE('',*,*,#4455,.T.);
#5900=ORIENTED_EDGE('',*,*,#4456,.T.);
#5901=ORIENTED_EDGE('',*,*,#4457,.T.);
#5902=ORIENTED_EDGE('',*,*,#4458,.T.);
#5903=ORIENTED_EDGE('',*,*,#4453,.F.);
#5904=ORIENTED_EDGE('',*,*,#4459,.T.);
#5905=ORIENTED_EDGE('',*,*,#4457,.F.);
#5906=ORIENTED_EDGE('',*,*,#4460,.T.);
#5907=ORIENTED_EDGE('',*,*,#4450,.F.);
#5908=ORIENTED_EDGE('',*,*,#4461,.T.);
#5909=ORIENTED_EDGE('',*,*,#4462,.T.);
#5910=ORIENTED_EDGE('',*,*,#4463,.T.);
#5911=ORIENTED_EDGE('',*,*,#4464,.T.);
#5912=ORIENTED_EDGE('',*,*,#4465,.T.);
#5913=ORIENTED_EDGE('',*,*,#4462,.F.);
#5914=ORIENTED_EDGE('',*,*,#4466,.T.);
#5915=ORIENTED_EDGE('',*,*,#4455,.F.);
#5916=ORIENTED_EDGE('',*,*,#4467,.T.);
#5917=ORIENTED_EDGE('',*,*,#4468,.T.);
#5918=ORIENTED_EDGE('',*,*,#4469,.T.);
#5919=ORIENTED_EDGE('',*,*,#4470,.T.);
#5920=ORIENTED_EDGE('',*,*,#4471,.T.);
#5921=ORIENTED_EDGE('',*,*,#4468,.F.);
#5922=ORIENTED_EDGE('',*,*,#4472,.T.);
#5923=ORIENTED_EDGE('',*,*,#4464,.F.);
#5924=ORIENTED_EDGE('',*,*,#4473,.T.);
#5925=ORIENTED_EDGE('',*,*,#4474,.T.);
#5926=ORIENTED_EDGE('',*,*,#4475,.T.);
#5927=ORIENTED_EDGE('',*,*,#4476,.T.);
#5928=ORIENTED_EDGE('',*,*,#4477,.T.);
#5929=ORIENTED_EDGE('',*,*,#4474,.F.);
#5930=ORIENTED_EDGE('',*,*,#4478,.T.);
#5931=ORIENTED_EDGE('',*,*,#4470,.F.);
#5932=ORIENTED_EDGE('',*,*,#4479,.T.);
#5933=ORIENTED_EDGE('',*,*,#4476,.F.);
#5934=ORIENTED_EDGE('',*,*,#4480,.T.);
#5935=ORIENTED_EDGE('',*,*,#4382,.F.);
#5936=ORIENTED_EDGE('',*,*,#4481,.T.);
#5937=ORIENTED_EDGE('',*,*,#4482,.T.);
#5938=ORIENTED_EDGE('',*,*,#4483,.T.);
#5939=ORIENTED_EDGE('',*,*,#4483,.F.);
#5940=ORIENTED_EDGE('',*,*,#4484,.T.);
#5941=ORIENTED_EDGE('',*,*,#4380,.F.);
#5942=ORIENTED_EDGE('',*,*,#4485,.T.);
#5943=ORIENTED_EDGE('',*,*,#4486,.T.);
#5944=ORIENTED_EDGE('',*,*,#4487,.T.);
#5945=ORIENTED_EDGE('',*,*,#4488,.T.);
#5946=ORIENTED_EDGE('',*,*,#4485,.F.);
#5947=ORIENTED_EDGE('',*,*,#4489,.T.);
#5948=ORIENTED_EDGE('',*,*,#4481,.F.);
#5949=ORIENTED_EDGE('',*,*,#4490,.T.);
#5950=ORIENTED_EDGE('',*,*,#4491,.T.);
#5951=ORIENTED_EDGE('',*,*,#4492,.T.);
#5952=ORIENTED_EDGE('',*,*,#4493,.T.);
#5953=ORIENTED_EDGE('',*,*,#4494,.T.);
#5954=ORIENTED_EDGE('',*,*,#4491,.F.);
#5955=ORIENTED_EDGE('',*,*,#4495,.T.);
#5956=ORIENTED_EDGE('',*,*,#4487,.F.);
#5957=ORIENTED_EDGE('',*,*,#4496,.T.);
#5958=ORIENTED_EDGE('',*,*,#4497,.T.);
#5959=ORIENTED_EDGE('',*,*,#4498,.T.);
#5960=ORIENTED_EDGE('',*,*,#4499,.T.);
#5961=ORIENTED_EDGE('',*,*,#4500,.T.);
#5962=ORIENTED_EDGE('',*,*,#4497,.F.);
#5963=ORIENTED_EDGE('',*,*,#4501,.T.);
#5964=ORIENTED_EDGE('',*,*,#4493,.F.);
#5965=ORIENTED_EDGE('',*,*,#4502,.T.);
#5966=ORIENTED_EDGE('',*,*,#4499,.F.);
#5967=ORIENTED_EDGE('',*,*,#4503,.T.);
#5968=ORIENTED_EDGE('',*,*,#4369,.F.);
#5969=ORIENTED_EDGE('',*,*,#4504,.T.);
#5970=ORIENTED_EDGE('',*,*,#4505,.T.);
#5971=ORIENTED_EDGE('',*,*,#4378,.F.);
#5972=ORIENTED_EDGE('',*,*,#4506,.T.);
#5973=ORIENTED_EDGE('',*,*,#4405,.F.);
#5974=ORIENTED_EDGE('',*,*,#4507,.T.);
#5975=ORIENTED_EDGE('',*,*,#4504,.F.);
#5976=ORIENTED_EDGE('',*,*,#4508,.T.);
#5977=ORIENTED_EDGE('',*,*,#4440,.F.);
#5978=ORIENTED_EDGE('',*,*,#4447,.F.);
#5979=ORIENTED_EDGE('',*,*,#4509,.T.);
#5980=ORIENTED_EDGE('',*,*,#4510,.F.);
#5981=ORIENTED_EDGE('',*,*,#4511,.F.);
#5982=ORIENTED_EDGE('',*,*,#4512,.T.);
#5983=ORIENTED_EDGE('',*,*,#4446,.F.);
#5984=ORIENTED_EDGE('',*,*,#4385,.F.);
#5985=ORIENTED_EDGE('',*,*,#4390,.F.);
#5986=ORIENTED_EDGE('',*,*,#4392,.F.);
#5987=ORIENTED_EDGE('',*,*,#4396,.F.);
#5988=ORIENTED_EDGE('',*,*,#4451,.F.);
#5989=ORIENTED_EDGE('',*,*,#4460,.F.);
#5990=ORIENTED_EDGE('',*,*,#4459,.F.);
#5991=ORIENTED_EDGE('',*,*,#4513,.F.);
#5992=ORIENTED_EDGE('',*,*,#4514,.F.);
#5993=ORIENTED_EDGE('',*,*,#4515,.F.);
#5994=ORIENTED_EDGE('',*,*,#4516,.F.);
#5995=ORIENTED_EDGE('',*,*,#4517,.F.);
#5996=ORIENTED_EDGE('',*,*,#4518,.F.);
#5997=ORIENTED_EDGE('',*,*,#4519,.F.);
#5998=ORIENTED_EDGE('',*,*,#4509,.F.);
#5999=ORIENTED_EDGE('',*,*,#4456,.F.);
#6000=ORIENTED_EDGE('',*,*,#4466,.F.);
#6001=ORIENTED_EDGE('',*,*,#4520,.T.);
#6002=ORIENTED_EDGE('',*,*,#4521,.F.);
#6003=ORIENTED_EDGE('',*,*,#4522,.F.);
#6004=ORIENTED_EDGE('',*,*,#4513,.T.);
#6005=ORIENTED_EDGE('',*,*,#4465,.F.);
#6006=ORIENTED_EDGE('',*,*,#4472,.F.);
#6007=ORIENTED_EDGE('',*,*,#4523,.F.);
#6008=ORIENTED_EDGE('',*,*,#4524,.F.);
#6009=ORIENTED_EDGE('',*,*,#4525,.F.);
#6010=ORIENTED_EDGE('',*,*,#4520,.F.);
#6011=ORIENTED_EDGE('',*,*,#4471,.F.);
#6012=ORIENTED_EDGE('',*,*,#4478,.F.);
#6013=ORIENTED_EDGE('',*,*,#4526,.T.);
#6014=ORIENTED_EDGE('',*,*,#4527,.F.);
#6015=ORIENTED_EDGE('',*,*,#4528,.F.);
#6016=ORIENTED_EDGE('',*,*,#4523,.T.);
#6017=ORIENTED_EDGE('',*,*,#4477,.F.);
#6018=ORIENTED_EDGE('',*,*,#4381,.F.);
#6019=ORIENTED_EDGE('',*,*,#4484,.F.);
#6020=ORIENTED_EDGE('',*,*,#4529,.F.);
#6021=ORIENTED_EDGE('',*,*,#4530,.F.);
#6022=ORIENTED_EDGE('',*,*,#4531,.F.);
#6023=ORIENTED_EDGE('',*,*,#4532,.F.);
#6024=ORIENTED_EDGE('',*,*,#4533,.F.);
#6025=ORIENTED_EDGE('',*,*,#4534,.F.);
#6026=ORIENTED_EDGE('',*,*,#4535,.F.);
#6027=ORIENTED_EDGE('',*,*,#4536,.F.);
#6028=ORIENTED_EDGE('',*,*,#4537,.F.);
#6029=ORIENTED_EDGE('',*,*,#4526,.F.);
#6030=ORIENTED_EDGE('',*,*,#4482,.F.);
#6031=ORIENTED_EDGE('',*,*,#4489,.F.);
#6032=ORIENTED_EDGE('',*,*,#4538,.T.);
#6033=ORIENTED_EDGE('',*,*,#4539,.F.);
#6034=ORIENTED_EDGE('',*,*,#4540,.F.);
#6035=ORIENTED_EDGE('',*,*,#4529,.T.);
#6036=ORIENTED_EDGE('',*,*,#4488,.F.);
#6037=ORIENTED_EDGE('',*,*,#4495,.F.);
#6038=ORIENTED_EDGE('',*,*,#4541,.F.);
#6039=ORIENTED_EDGE('',*,*,#4542,.F.);
#6040=ORIENTED_EDGE('',*,*,#4543,.F.);
#6041=ORIENTED_EDGE('',*,*,#4538,.F.);
#6042=ORIENTED_EDGE('',*,*,#4400,.F.);
#6043=ORIENTED_EDGE('',*,*,#4544,.F.);
#6044=ORIENTED_EDGE('',*,*,#4323,.F.);
#6045=ORIENTED_EDGE('',*,*,#4545,.F.);
#6046=ORIENTED_EDGE('',*,*,#4444,.F.);
#6047=ORIENTED_EDGE('',*,*,#4448,.F.);
#6048=ORIENTED_EDGE('',*,*,#4438,.F.);
#6049=ORIENTED_EDGE('',*,*,#4442,.F.);
#6050=ORIENTED_EDGE('',*,*,#4432,.F.);
#6051=ORIENTED_EDGE('',*,*,#4436,.F.);
#6052=ORIENTED_EDGE('',*,*,#4426,.F.);
#6053=ORIENTED_EDGE('',*,*,#4546,.T.);
#6054=ORIENTED_EDGE('',*,*,#4324,.T.);
#6055=ORIENTED_EDGE('',*,*,#4544,.T.);
#6056=ORIENTED_EDGE('',*,*,#4421,.F.);
#6057=ORIENTED_EDGE('',*,*,#4425,.F.);
#6058=ORIENTED_EDGE('',*,*,#4415,.F.);
#6059=ORIENTED_EDGE('',*,*,#4419,.F.);
#6060=ORIENTED_EDGE('',*,*,#4409,.F.);
#6061=ORIENTED_EDGE('',*,*,#4413,.F.);
#6062=ORIENTED_EDGE('',*,*,#4402,.F.);
#6063=ORIENTED_EDGE('',*,*,#4406,.F.);
#6064=ORIENTED_EDGE('',*,*,#4508,.F.);
#6065=ORIENTED_EDGE('',*,*,#4547,.F.);
#6066=ORIENTED_EDGE('',*,*,#4325,.F.);
#6067=ORIENTED_EDGE('',*,*,#4546,.F.);
#6068=ORIENTED_EDGE('',*,*,#4506,.F.);
#6069=ORIENTED_EDGE('',*,*,#4377,.F.);
#6070=ORIENTED_EDGE('',*,*,#4548,.T.);
#6071=ORIENTED_EDGE('',*,*,#4326,.F.);
#6072=ORIENTED_EDGE('',*,*,#4547,.T.);
#6073=ORIENTED_EDGE('',*,*,#4376,.F.);
#6074=ORIENTED_EDGE('',*,*,#4549,.F.);
#6075=ORIENTED_EDGE('',*,*,#4241,.F.);
#6076=ORIENTED_EDGE('',*,*,#4246,.T.);
#6077=ORIENTED_EDGE('',*,*,#4550,.T.);
#6078=ORIENTED_EDGE('',*,*,#4257,.T.);
#6079=ORIENTED_EDGE('',*,*,#4228,.F.);
#6080=ORIENTED_EDGE('',*,*,#4327,.F.);
#6081=ORIENTED_EDGE('',*,*,#4548,.F.);
#6082=ORIENTED_EDGE('',*,*,#4371,.F.);
#6083=ORIENTED_EDGE('',*,*,#4551,.T.);
#6084=ORIENTED_EDGE('',*,*,#4242,.T.);
#6085=ORIENTED_EDGE('',*,*,#4549,.T.);
#6086=ORIENTED_EDGE('',*,*,#4370,.F.);
#6087=ORIENTED_EDGE('',*,*,#4552,.F.);
#6088=ORIENTED_EDGE('',*,*,#4328,.F.);
#6089=ORIENTED_EDGE('',*,*,#4243,.T.);
#6090=ORIENTED_EDGE('',*,*,#4551,.F.);
#6091=ORIENTED_EDGE('',*,*,#4503,.F.);
#6092=ORIENTED_EDGE('',*,*,#4553,.T.);
#6093=ORIENTED_EDGE('',*,*,#4329,.T.);
#6094=ORIENTED_EDGE('',*,*,#4552,.T.);
#6095=ORIENTED_EDGE('',*,*,#4554,.T.);
#6096=ORIENTED_EDGE('',*,*,#4555,.T.);
#6097=ORIENTED_EDGE('',*,*,#4556,.T.);
#6098=ORIENTED_EDGE('',*,*,#4557,.T.);
#6099=ORIENTED_EDGE('',*,*,#4554,.F.);
#6100=ORIENTED_EDGE('',*,*,#4558,.T.);
#6101=ORIENTED_EDGE('',*,*,#4559,.T.);
#6102=ORIENTED_EDGE('',*,*,#4560,.T.);
#6103=ORIENTED_EDGE('',*,*,#4561,.T.);
#6104=ORIENTED_EDGE('',*,*,#4562,.T.);
#6105=ORIENTED_EDGE('',*,*,#4559,.F.);
#6106=ORIENTED_EDGE('',*,*,#4563,.T.);
#6107=ORIENTED_EDGE('',*,*,#4564,.T.);
#6108=ORIENTED_EDGE('',*,*,#4565,.T.);
#6109=ORIENTED_EDGE('',*,*,#4566,.T.);
#6110=ORIENTED_EDGE('',*,*,#4567,.T.);
#6111=ORIENTED_EDGE('',*,*,#4568,.T.);
#6112=ORIENTED_EDGE('',*,*,#4516,.T.);
#6113=ORIENTED_EDGE('',*,*,#4569,.T.);
#6114=ORIENTED_EDGE('',*,*,#4570,.T.);
#6115=ORIENTED_EDGE('',*,*,#4568,.F.);
#6116=ORIENTED_EDGE('',*,*,#4571,.T.);
#6117=ORIENTED_EDGE('',*,*,#4572,.T.);
#6118=ORIENTED_EDGE('',*,*,#4517,.T.);
#6119=ORIENTED_EDGE('',*,*,#4573,.T.);
#6120=ORIENTED_EDGE('',*,*,#4518,.T.);
#6121=ORIENTED_EDGE('',*,*,#4572,.F.);
#6122=ORIENTED_EDGE('',*,*,#4574,.T.);
#6123=ORIENTED_EDGE('',*,*,#4575,.T.);
#6124=ORIENTED_EDGE('',*,*,#4515,.T.);
#6125=ORIENTED_EDGE('',*,*,#4576,.T.);
#6126=ORIENTED_EDGE('',*,*,#4577,.T.);
#6127=ORIENTED_EDGE('',*,*,#4578,.T.);
#6128=ORIENTED_EDGE('',*,*,#4579,.T.);
#6129=ORIENTED_EDGE('',*,*,#4580,.T.);
#6130=ORIENTED_EDGE('',*,*,#4532,.T.);
#6131=ORIENTED_EDGE('',*,*,#4581,.T.);
#6132=ORIENTED_EDGE('',*,*,#4580,.F.);
#6133=ORIENTED_EDGE('',*,*,#4582,.T.);
#6134=ORIENTED_EDGE('',*,*,#4583,.T.);
#6135=ORIENTED_EDGE('',*,*,#4533,.T.);
#6136=ORIENTED_EDGE('',*,*,#4584,.T.);
#6137=ORIENTED_EDGE('',*,*,#4534,.T.);
#6138=ORIENTED_EDGE('',*,*,#4583,.F.);
#6139=ORIENTED_EDGE('',*,*,#4585,.T.);
#6140=ORIENTED_EDGE('',*,*,#4584,.F.);
#6141=ORIENTED_EDGE('',*,*,#4586,.T.);
#6142=ORIENTED_EDGE('',*,*,#4587,.T.);
#6143=ORIENTED_EDGE('',*,*,#4535,.T.);
#6144=ORIENTED_EDGE('',*,*,#4588,.T.);
#6145=ORIENTED_EDGE('',*,*,#4536,.T.);
#6146=ORIENTED_EDGE('',*,*,#4587,.F.);
#6147=ORIENTED_EDGE('',*,*,#4589,.T.);
#6148=ORIENTED_EDGE('',*,*,#4590,.T.);
#6149=ORIENTED_EDGE('',*,*,#4581,.F.);
#6150=ORIENTED_EDGE('',*,*,#4531,.T.);
#6151=ORIENTED_EDGE('',*,*,#4591,.T.);
#6152=ORIENTED_EDGE('',*,*,#4530,.T.);
#6153=ORIENTED_EDGE('',*,*,#4592,.T.);
#6154=ORIENTED_EDGE('',*,*,#4593,.T.);
#6155=ORIENTED_EDGE('',*,*,#4591,.F.);
#6156=ORIENTED_EDGE('',*,*,#4594,.T.);
#6157=ORIENTED_EDGE('',*,*,#4595,.T.);
#6158=ORIENTED_EDGE('',*,*,#4596,.T.);
#6159=ORIENTED_EDGE('',*,*,#4527,.T.);
#6160=ORIENTED_EDGE('',*,*,#4594,.F.);
#6161=ORIENTED_EDGE('',*,*,#4537,.T.);
#6162=ORIENTED_EDGE('',*,*,#4588,.F.);
#6163=ORIENTED_EDGE('',*,*,#4597,.T.);
#6164=ORIENTED_EDGE('',*,*,#4598,.T.);
#6165=ORIENTED_EDGE('',*,*,#4599,.T.);
#6166=ORIENTED_EDGE('',*,*,#4600,.T.);
#6167=ORIENTED_EDGE('',*,*,#4524,.T.);
#6168=ORIENTED_EDGE('',*,*,#4598,.F.);
#6169=ORIENTED_EDGE('',*,*,#4528,.T.);
#6170=ORIENTED_EDGE('',*,*,#4596,.F.);
#6171=ORIENTED_EDGE('',*,*,#4601,.T.);
#6172=ORIENTED_EDGE('',*,*,#4602,.T.);
#6173=ORIENTED_EDGE('',*,*,#4603,.T.);
#6174=ORIENTED_EDGE('',*,*,#4604,.T.);
#6175=ORIENTED_EDGE('',*,*,#4521,.T.);
#6176=ORIENTED_EDGE('',*,*,#4602,.F.);
#6177=ORIENTED_EDGE('',*,*,#4525,.T.);
#6178=ORIENTED_EDGE('',*,*,#4600,.F.);
#6179=ORIENTED_EDGE('',*,*,#4605,.T.);
#6180=ORIENTED_EDGE('',*,*,#4606,.T.);
#6181=ORIENTED_EDGE('',*,*,#4607,.T.);
#6182=ORIENTED_EDGE('',*,*,#4608,.T.);
#6183=ORIENTED_EDGE('',*,*,#4514,.T.);
#6184=ORIENTED_EDGE('',*,*,#4606,.F.);
#6185=ORIENTED_EDGE('',*,*,#4522,.T.);
#6186=ORIENTED_EDGE('',*,*,#4604,.F.);
#6187=ORIENTED_EDGE('',*,*,#4609,.T.);
#6188=ORIENTED_EDGE('',*,*,#4608,.F.);
#6189=ORIENTED_EDGE('',*,*,#4610,.T.);
#6190=ORIENTED_EDGE('',*,*,#4576,.F.);
#6191=ORIENTED_EDGE('',*,*,#4575,.F.);
#6192=ORIENTED_EDGE('',*,*,#4611,.T.);
#6193=ORIENTED_EDGE('',*,*,#4569,.F.);
#6194=ORIENTED_EDGE('',*,*,#4612,.T.);
#6195=ORIENTED_EDGE('',*,*,#4613,.T.);
#6196=ORIENTED_EDGE('',*,*,#4614,.T.);
#6197=ORIENTED_EDGE('',*,*,#4510,.T.);
#6198=ORIENTED_EDGE('',*,*,#4612,.F.);
#6199=ORIENTED_EDGE('',*,*,#4519,.T.);
#6200=ORIENTED_EDGE('',*,*,#4573,.F.);
#6201=ORIENTED_EDGE('',*,*,#4615,.T.);
#6202=ORIENTED_EDGE('',*,*,#4616,.T.);
#6203=ORIENTED_EDGE('',*,*,#4617,.T.);
#6204=ORIENTED_EDGE('',*,*,#4618,.T.);
#6205=ORIENTED_EDGE('',*,*,#4619,.T.);
#6206=ORIENTED_EDGE('',*,*,#4616,.F.);
#6207=ORIENTED_EDGE('',*,*,#4511,.T.);
#6208=ORIENTED_EDGE('',*,*,#4614,.F.);
#6209=ORIENTED_EDGE('',*,*,#4620,.T.);
#6210=ORIENTED_EDGE('',*,*,#4621,.T.);
#6211=ORIENTED_EDGE('',*,*,#4622,.T.);
#6212=ORIENTED_EDGE('',*,*,#4623,.T.);
#6213=ORIENTED_EDGE('',*,*,#4624,.T.);
#6214=ORIENTED_EDGE('',*,*,#4621,.F.);
#6215=ORIENTED_EDGE('',*,*,#4625,.T.);
#6216=ORIENTED_EDGE('',*,*,#4618,.F.);
#6217=ORIENTED_EDGE('',*,*,#4626,.T.);
#6218=ORIENTED_EDGE('',*,*,#4627,.T.);
#6219=ORIENTED_EDGE('',*,*,#4628,.T.);
#6220=ORIENTED_EDGE('',*,*,#4629,.T.);
#6221=ORIENTED_EDGE('',*,*,#4630,.T.);
#6222=ORIENTED_EDGE('',*,*,#4631,.T.);
#6223=ORIENTED_EDGE('',*,*,#4632,.T.);
#6224=ORIENTED_EDGE('',*,*,#4629,.F.);
#6225=ORIENTED_EDGE('',*,*,#4633,.T.);
#6226=ORIENTED_EDGE('',*,*,#4634,.T.);
#6227=ORIENTED_EDGE('',*,*,#4635,.T.);
#6228=ORIENTED_EDGE('',*,*,#4631,.F.);
#6229=ORIENTED_EDGE('',*,*,#4627,.F.);
#6230=ORIENTED_EDGE('',*,*,#4636,.T.);
#6231=ORIENTED_EDGE('',*,*,#4637,.T.);
#6232=ORIENTED_EDGE('',*,*,#4638,.T.);
#6233=ORIENTED_EDGE('',*,*,#4639,.T.);
#6234=ORIENTED_EDGE('',*,*,#4640,.T.);
#6235=ORIENTED_EDGE('',*,*,#4637,.F.);
#6236=ORIENTED_EDGE('',*,*,#4641,.T.);
#6237=ORIENTED_EDGE('',*,*,#4639,.F.);
#6238=ORIENTED_EDGE('',*,*,#4642,.T.);
#6239=ORIENTED_EDGE('',*,*,#4643,.T.);
#6240=ORIENTED_EDGE('',*,*,#4644,.T.);
#6241=ORIENTED_EDGE('',*,*,#4645,.T.);
#6242=ORIENTED_EDGE('',*,*,#4646,.T.);
#6243=ORIENTED_EDGE('',*,*,#4643,.F.);
#6244=ORIENTED_EDGE('',*,*,#4647,.T.);
#6245=ORIENTED_EDGE('',*,*,#4634,.F.);
#6246=ORIENTED_EDGE('',*,*,#4648,.T.);
#6247=ORIENTED_EDGE('',*,*,#4623,.F.);
#6248=ORIENTED_EDGE('',*,*,#4649,.T.);
#6249=ORIENTED_EDGE('',*,*,#4650,.T.);
#6250=ORIENTED_EDGE('',*,*,#4651,.T.);
#6251=ORIENTED_EDGE('',*,*,#4652,.T.);
#6252=ORIENTED_EDGE('',*,*,#4653,.T.);
#6253=ORIENTED_EDGE('',*,*,#4650,.F.);
#6254=ORIENTED_EDGE('',*,*,#4654,.T.);
#6255=ORIENTED_EDGE('',*,*,#4645,.F.);
#6256=ORIENTED_EDGE('',*,*,#4655,.T.);
#6257=ORIENTED_EDGE('',*,*,#4656,.T.);
#6258=ORIENTED_EDGE('',*,*,#4657,.T.);
#6259=ORIENTED_EDGE('',*,*,#4658,.T.);
#6260=ORIENTED_EDGE('',*,*,#4659,.T.);
#6261=ORIENTED_EDGE('',*,*,#4656,.F.);
#6262=ORIENTED_EDGE('',*,*,#4660,.T.);
#6263=ORIENTED_EDGE('',*,*,#4652,.F.);
#6264=ORIENTED_EDGE('',*,*,#4661,.T.);
#6265=ORIENTED_EDGE('',*,*,#4662,.T.);
#6266=ORIENTED_EDGE('',*,*,#4663,.T.);
#6267=ORIENTED_EDGE('',*,*,#4664,.T.);
#6268=ORIENTED_EDGE('',*,*,#4665,.T.);
#6269=ORIENTED_EDGE('',*,*,#4662,.F.);
#6270=ORIENTED_EDGE('',*,*,#4666,.T.);
#6271=ORIENTED_EDGE('',*,*,#4658,.F.);
#6272=ORIENTED_EDGE('',*,*,#4667,.T.);
#6273=ORIENTED_EDGE('',*,*,#4668,.T.);
#6274=ORIENTED_EDGE('',*,*,#4669,.T.);
#6275=ORIENTED_EDGE('',*,*,#4670,.T.);
#6276=ORIENTED_EDGE('',*,*,#4671,.T.);
#6277=ORIENTED_EDGE('',*,*,#4668,.F.);
#6278=ORIENTED_EDGE('',*,*,#4672,.T.);
#6279=ORIENTED_EDGE('',*,*,#4664,.F.);
#6280=ORIENTED_EDGE('',*,*,#4673,.T.);
#6281=ORIENTED_EDGE('',*,*,#4670,.F.);
#6282=ORIENTED_EDGE('',*,*,#4674,.T.);
#6283=ORIENTED_EDGE('',*,*,#4566,.F.);
#6284=ORIENTED_EDGE('',*,*,#4564,.F.);
#6285=ORIENTED_EDGE('',*,*,#4675,.T.);
#6286=ORIENTED_EDGE('',*,*,#4556,.F.);
#6287=ORIENTED_EDGE('',*,*,#4676,.T.);
#6288=ORIENTED_EDGE('',*,*,#4677,.T.);
#6289=ORIENTED_EDGE('',*,*,#4678,.T.);
#6290=ORIENTED_EDGE('',*,*,#4679,.T.);
#6291=ORIENTED_EDGE('',*,*,#4676,.F.);
#6292=ORIENTED_EDGE('',*,*,#4680,.T.);
#6293=ORIENTED_EDGE('',*,*,#4561,.F.);
#6294=ORIENTED_EDGE('',*,*,#4681,.T.);
#6295=ORIENTED_EDGE('',*,*,#4682,.T.);
#6296=ORIENTED_EDGE('',*,*,#4683,.T.);
#6297=ORIENTED_EDGE('',*,*,#4684,.T.);
#6298=ORIENTED_EDGE('',*,*,#4542,.T.);
#6299=ORIENTED_EDGE('',*,*,#4682,.F.);
#6300=ORIENTED_EDGE('',*,*,#4685,.T.);
#6301=ORIENTED_EDGE('',*,*,#4678,.F.);
#6302=ORIENTED_EDGE('',*,*,#4686,.T.);
#6303=ORIENTED_EDGE('',*,*,#4687,.T.);
#6304=ORIENTED_EDGE('',*,*,#4688,.T.);
#6305=ORIENTED_EDGE('',*,*,#4689,.T.);
#6306=ORIENTED_EDGE('',*,*,#4539,.T.);
#6307=ORIENTED_EDGE('',*,*,#4687,.F.);
#6308=ORIENTED_EDGE('',*,*,#4543,.T.);
#6309=ORIENTED_EDGE('',*,*,#4684,.F.);
#6310=ORIENTED_EDGE('',*,*,#4592,.F.);
#6311=ORIENTED_EDGE('',*,*,#4540,.T.);
#6312=ORIENTED_EDGE('',*,*,#4689,.F.);
#6313=ORIENTED_EDGE('',*,*,#4690,.T.);
#6314=ORIENTED_EDGE('',*,*,#4435,.F.);
#6315=ORIENTED_EDGE('',*,*,#4691,.T.);
#6316=ORIENTED_EDGE('',*,*,#4624,.F.);
#6317=ORIENTED_EDGE('',*,*,#4648,.F.);
#6318=ORIENTED_EDGE('',*,*,#4692,.T.);
#6319=ORIENTED_EDGE('',*,*,#4428,.F.);
#6320=ORIENTED_EDGE('',*,*,#4430,.F.);
#6321=ORIENTED_EDGE('',*,*,#4692,.F.);
#6322=ORIENTED_EDGE('',*,*,#4633,.F.);
#6323=ORIENTED_EDGE('',*,*,#4630,.F.);
#6324=ORIENTED_EDGE('',*,*,#4628,.F.);
#6325=ORIENTED_EDGE('',*,*,#4638,.F.);
#6326=ORIENTED_EDGE('',*,*,#4640,.F.);
#6327=ORIENTED_EDGE('',*,*,#4644,.F.);
#6328=ORIENTED_EDGE('',*,*,#4646,.F.);
#6329=ORIENTED_EDGE('',*,*,#4654,.F.);
#6330=ORIENTED_EDGE('',*,*,#4693,.F.);
#6331=ORIENTED_EDGE('',*,*,#4423,.F.);
#6332=ORIENTED_EDGE('',*,*,#4398,.F.);
#6333=ORIENTED_EDGE('',*,*,#4424,.F.);
#6334=ORIENTED_EDGE('',*,*,#4693,.T.);
#6335=ORIENTED_EDGE('',*,*,#4653,.F.);
#6336=ORIENTED_EDGE('',*,*,#4660,.F.);
#6337=ORIENTED_EDGE('',*,*,#4694,.T.);
#6338=ORIENTED_EDGE('',*,*,#4417,.F.);
#6339=ORIENTED_EDGE('',*,*,#4418,.F.);
#6340=ORIENTED_EDGE('',*,*,#4694,.F.);
#6341=ORIENTED_EDGE('',*,*,#4659,.F.);
#6342=ORIENTED_EDGE('',*,*,#4666,.F.);
#6343=ORIENTED_EDGE('',*,*,#4695,.F.);
#6344=ORIENTED_EDGE('',*,*,#4411,.F.);
#6345=ORIENTED_EDGE('',*,*,#4412,.F.);
#6346=ORIENTED_EDGE('',*,*,#4695,.T.);
#6347=ORIENTED_EDGE('',*,*,#4665,.F.);
#6348=ORIENTED_EDGE('',*,*,#4672,.F.);
#6349=ORIENTED_EDGE('',*,*,#4696,.T.);
#6350=ORIENTED_EDGE('',*,*,#4404,.F.);
#6351=ORIENTED_EDGE('',*,*,#4407,.F.);
#6352=ORIENTED_EDGE('',*,*,#4696,.F.);
#6353=ORIENTED_EDGE('',*,*,#4671,.F.);
#6354=ORIENTED_EDGE('',*,*,#4565,.F.);
#6355=ORIENTED_EDGE('',*,*,#4555,.F.);
#6356=ORIENTED_EDGE('',*,*,#4560,.F.);
#6357=ORIENTED_EDGE('',*,*,#4562,.F.);
#6358=ORIENTED_EDGE('',*,*,#4680,.F.);
#6359=ORIENTED_EDGE('',*,*,#4697,.F.);
#6360=ORIENTED_EDGE('',*,*,#4500,.F.);
#6361=ORIENTED_EDGE('',*,*,#4368,.F.);
#6362=ORIENTED_EDGE('',*,*,#4373,.F.);
#6363=ORIENTED_EDGE('',*,*,#4375,.F.);
#6364=ORIENTED_EDGE('',*,*,#4379,.F.);
#6365=ORIENTED_EDGE('',*,*,#4505,.F.);
#6366=ORIENTED_EDGE('',*,*,#4507,.F.);
#6367=ORIENTED_EDGE('',*,*,#4501,.F.);
#6368=ORIENTED_EDGE('',*,*,#4697,.T.);
#6369=ORIENTED_EDGE('',*,*,#4679,.F.);
#6370=ORIENTED_EDGE('',*,*,#4685,.F.);
#6371=ORIENTED_EDGE('',*,*,#4541,.T.);
#6372=ORIENTED_EDGE('',*,*,#4494,.F.);
#6373=ORIENTED_EDGE('',*,*,#4617,.F.);
#6374=ORIENTED_EDGE('',*,*,#4620,.F.);
#6375=ORIENTED_EDGE('',*,*,#4613,.F.);
#6376=ORIENTED_EDGE('',*,*,#4615,.F.);
#6377=ORIENTED_EDGE('',*,*,#4574,.F.);
#6378=ORIENTED_EDGE('',*,*,#4698,.F.);
#6379=ORIENTED_EDGE('',*,*,#4299,.F.);
#6380=ORIENTED_EDGE('',*,*,#4356,.F.);
#6381=ORIENTED_EDGE('',*,*,#4699,.F.);
#6382=ORIENTED_EDGE('',*,*,#4700,.F.);
#6383=ORIENTED_EDGE('',*,*,#4701,.F.);
#6384=ORIENTED_EDGE('',*,*,#4702,.F.);
#6385=ORIENTED_EDGE('',*,*,#4703,.T.);
#6386=ORIENTED_EDGE('',*,*,#4635,.F.);
#6387=ORIENTED_EDGE('',*,*,#4649,.F.);
#6388=ORIENTED_EDGE('',*,*,#4622,.F.);
#6389=ORIENTED_EDGE('',*,*,#4571,.F.);
#6390=ORIENTED_EDGE('',*,*,#4704,.T.);
#6391=ORIENTED_EDGE('',*,*,#4300,.F.);
#6392=ORIENTED_EDGE('',*,*,#4698,.T.);
#6393=ORIENTED_EDGE('',*,*,#4570,.F.);
#6394=ORIENTED_EDGE('',*,*,#4705,.F.);
#6395=ORIENTED_EDGE('',*,*,#4301,.F.);
#6396=ORIENTED_EDGE('',*,*,#4704,.F.);
#6397=ORIENTED_EDGE('',*,*,#4611,.F.);
#6398=ORIENTED_EDGE('',*,*,#4706,.T.);
#6399=ORIENTED_EDGE('',*,*,#4302,.T.);
#6400=ORIENTED_EDGE('',*,*,#4705,.T.);
#6401=ORIENTED_EDGE('',*,*,#4610,.F.);
#6402=ORIENTED_EDGE('',*,*,#4707,.T.);
#6403=ORIENTED_EDGE('',*,*,#4354,.T.);
#6404=ORIENTED_EDGE('',*,*,#4708,.T.);
#6405=ORIENTED_EDGE('',*,*,#4607,.F.);
#6406=ORIENTED_EDGE('',*,*,#4609,.F.);
#6407=ORIENTED_EDGE('',*,*,#4603,.F.);
#6408=ORIENTED_EDGE('',*,*,#4605,.F.);
#6409=ORIENTED_EDGE('',*,*,#4599,.F.);
#6410=ORIENTED_EDGE('',*,*,#4601,.F.);
#6411=ORIENTED_EDGE('',*,*,#4595,.F.);
#6412=ORIENTED_EDGE('',*,*,#4597,.F.);
#6413=ORIENTED_EDGE('',*,*,#4589,.F.);
#6414=ORIENTED_EDGE('',*,*,#4709,.F.);
#6415=ORIENTED_EDGE('',*,*,#4710,.T.);
#6416=ORIENTED_EDGE('',*,*,#4711,.F.);
#6417=ORIENTED_EDGE('',*,*,#4712,.F.);
#6418=ORIENTED_EDGE('',*,*,#4713,.F.);
#6419=ORIENTED_EDGE('',*,*,#4346,.F.);
#6420=ORIENTED_EDGE('',*,*,#4355,.F.);
#6421=ORIENTED_EDGE('',*,*,#4707,.F.);
#6422=ORIENTED_EDGE('',*,*,#4714,.F.);
#6423=ORIENTED_EDGE('',*,*,#4715,.T.);
#6424=ORIENTED_EDGE('',*,*,#4577,.F.);
#6425=ORIENTED_EDGE('',*,*,#4708,.F.);
#6426=ORIENTED_EDGE('',*,*,#4353,.T.);
#6427=ORIENTED_EDGE('',*,*,#4716,.F.);
#6428=ORIENTED_EDGE('',*,*,#4567,.F.);
#6429=ORIENTED_EDGE('',*,*,#4717,.F.);
#6430=ORIENTED_EDGE('',*,*,#4303,.T.);
#6431=ORIENTED_EDGE('',*,*,#4706,.F.);
#6432=ORIENTED_EDGE('',*,*,#4578,.F.);
#6433=ORIENTED_EDGE('',*,*,#4715,.F.);
#6434=ORIENTED_EDGE('',*,*,#4586,.F.);
#6435=ORIENTED_EDGE('',*,*,#4718,.T.);
#6436=ORIENTED_EDGE('',*,*,#4719,.T.);
#6437=ORIENTED_EDGE('',*,*,#4709,.T.);
#6438=ORIENTED_EDGE('',*,*,#4585,.F.);
#6439=ORIENTED_EDGE('',*,*,#4720,.F.);
#6440=ORIENTED_EDGE('',*,*,#4721,.F.);
#6441=ORIENTED_EDGE('',*,*,#4718,.F.);
#6442=ORIENTED_EDGE('',*,*,#4582,.F.);
#6443=ORIENTED_EDGE('',*,*,#4722,.T.);
#6444=ORIENTED_EDGE('',*,*,#4723,.T.);
#6445=ORIENTED_EDGE('',*,*,#4720,.T.);
#6446=ORIENTED_EDGE('',*,*,#4579,.F.);
#6447=ORIENTED_EDGE('',*,*,#4724,.F.);
#6448=ORIENTED_EDGE('',*,*,#4725,.F.);
#6449=ORIENTED_EDGE('',*,*,#4722,.F.);
#6450=ORIENTED_EDGE('',*,*,#4590,.F.);
#6451=ORIENTED_EDGE('',*,*,#4726,.F.);
#6452=ORIENTED_EDGE('',*,*,#4727,.F.);
#6453=ORIENTED_EDGE('',*,*,#4728,.F.);
#6454=ORIENTED_EDGE('',*,*,#4724,.T.);
#6455=ORIENTED_EDGE('',*,*,#4636,.F.);
#6456=ORIENTED_EDGE('',*,*,#4729,.T.);
#6457=ORIENTED_EDGE('',*,*,#4730,.T.);
#6458=ORIENTED_EDGE('',*,*,#4731,.T.);
#6459=ORIENTED_EDGE('',*,*,#4641,.F.);
#6460=ORIENTED_EDGE('',*,*,#4731,.F.);
#6461=ORIENTED_EDGE('',*,*,#4732,.F.);
#6462=ORIENTED_EDGE('',*,*,#4733,.F.);
#6463=ORIENTED_EDGE('',*,*,#4730,.F.);
#6464=ORIENTED_EDGE('',*,*,#4734,.T.);
#6465=ORIENTED_EDGE('',*,*,#4735,.T.);
#6466=ORIENTED_EDGE('',*,*,#4736,.F.);
#6467=ORIENTED_EDGE('',*,*,#4737,.F.);
#6468=ORIENTED_EDGE('',*,*,#4738,.F.);
#6469=ORIENTED_EDGE('',*,*,#4732,.T.);
#6470=ORIENTED_EDGE('',*,*,#4461,.F.);
#6471=ORIENTED_EDGE('',*,*,#4739,.F.);
#6472=ORIENTED_EDGE('',*,*,#4199,.F.);
#6473=ORIENTED_EDGE('',*,*,#4332,.F.);
#6474=ORIENTED_EDGE('',*,*,#4740,.F.);
#6475=ORIENTED_EDGE('',*,*,#4475,.F.);
#6476=ORIENTED_EDGE('',*,*,#4479,.F.);
#6477=ORIENTED_EDGE('',*,*,#4469,.F.);
#6478=ORIENTED_EDGE('',*,*,#4473,.F.);
#6479=ORIENTED_EDGE('',*,*,#4463,.F.);
#6480=ORIENTED_EDGE('',*,*,#4467,.F.);
#6481=ORIENTED_EDGE('',*,*,#4454,.F.);
#6482=ORIENTED_EDGE('',*,*,#4458,.F.);
#6483=ORIENTED_EDGE('',*,*,#4647,.F.);
#6484=ORIENTED_EDGE('',*,*,#4741,.F.);
#6485=ORIENTED_EDGE('',*,*,#4737,.T.);
#6486=ORIENTED_EDGE('',*,*,#4742,.T.);
#6487=ORIENTED_EDGE('',*,*,#4743,.F.);
#6488=ORIENTED_EDGE('',*,*,#4744,.F.);
#6489=ORIENTED_EDGE('',*,*,#4745,.F.);
#6490=ORIENTED_EDGE('',*,*,#4365,.F.);
#6491=ORIENTED_EDGE('',*,*,#4305,.F.);
#6492=ORIENTED_EDGE('',*,*,#4746,.F.);
#6493=ORIENTED_EDGE('',*,*,#4669,.F.);
#6494=ORIENTED_EDGE('',*,*,#4673,.F.);
#6495=ORIENTED_EDGE('',*,*,#4663,.F.);
#6496=ORIENTED_EDGE('',*,*,#4667,.F.);
#6497=ORIENTED_EDGE('',*,*,#4657,.F.);
#6498=ORIENTED_EDGE('',*,*,#4661,.F.);
#6499=ORIENTED_EDGE('',*,*,#4651,.F.);
#6500=ORIENTED_EDGE('',*,*,#4655,.F.);
#6501=ORIENTED_EDGE('',*,*,#4683,.F.);
#6502=ORIENTED_EDGE('',*,*,#4686,.F.);
#6503=ORIENTED_EDGE('',*,*,#4677,.F.);
#6504=ORIENTED_EDGE('',*,*,#4681,.F.);
#6505=ORIENTED_EDGE('',*,*,#4563,.F.);
#6506=ORIENTED_EDGE('',*,*,#4747,.F.);
#6507=ORIENTED_EDGE('',*,*,#4349,.F.);
#6508=ORIENTED_EDGE('',*,*,#4333,.F.);
#6509=ORIENTED_EDGE('',*,*,#4748,.F.);
#6510=ORIENTED_EDGE('',*,*,#4749,.F.);
#6511=ORIENTED_EDGE('',*,*,#4750,.F.);
#6512=ORIENTED_EDGE('',*,*,#4751,.F.);
#6513=ORIENTED_EDGE('',*,*,#4726,.T.);
#6514=ORIENTED_EDGE('',*,*,#4593,.F.);
#6515=ORIENTED_EDGE('',*,*,#4690,.F.);
#6516=ORIENTED_EDGE('',*,*,#4688,.F.);
#6517=ORIENTED_EDGE('',*,*,#4441,.F.);
#6518=ORIENTED_EDGE('',*,*,#4512,.F.);
#6519=ORIENTED_EDGE('',*,*,#4619,.F.);
#6520=ORIENTED_EDGE('',*,*,#4625,.F.);
#6521=ORIENTED_EDGE('',*,*,#4691,.F.);
#6522=ORIENTED_EDGE('',*,*,#4434,.F.);
#6523=ORIENTED_EDGE('',*,*,#4642,.F.);
#6524=ORIENTED_EDGE('',*,*,#4733,.T.);
#6525=ORIENTED_EDGE('',*,*,#4738,.T.);
#6526=ORIENTED_EDGE('',*,*,#4741,.T.);
#6527=ORIENTED_EDGE('',*,*,#4336,.F.);
#6528=ORIENTED_EDGE('',*,*,#4752,.T.);
#6529=ORIENTED_EDGE('',*,*,#4753,.T.);
#6530=ORIENTED_EDGE('',*,*,#4748,.T.);
#6531=ORIENTED_EDGE('',*,*,#4339,.F.);
#6532=ORIENTED_EDGE('',*,*,#4754,.F.);
#6533=ORIENTED_EDGE('',*,*,#4755,.F.);
#6534=ORIENTED_EDGE('',*,*,#4752,.F.);
#6535=ORIENTED_EDGE('',*,*,#4347,.F.);
#6536=ORIENTED_EDGE('',*,*,#4713,.T.);
#6537=ORIENTED_EDGE('',*,*,#4756,.T.);
#6538=ORIENTED_EDGE('',*,*,#4757,.T.);
#6539=ORIENTED_EDGE('',*,*,#4358,.F.);
#6540=ORIENTED_EDGE('',*,*,#4758,.T.);
#6541=ORIENTED_EDGE('',*,*,#4759,.T.);
#6542=ORIENTED_EDGE('',*,*,#4699,.T.);
#6543=ORIENTED_EDGE('',*,*,#4360,.F.);
#6544=ORIENTED_EDGE('',*,*,#4760,.F.);
#6545=ORIENTED_EDGE('',*,*,#4761,.F.);
#6546=ORIENTED_EDGE('',*,*,#4758,.F.);
#6547=ORIENTED_EDGE('',*,*,#4366,.F.);
#6548=ORIENTED_EDGE('',*,*,#4745,.T.);
#6549=ORIENTED_EDGE('',*,*,#4762,.T.);
#6550=ORIENTED_EDGE('',*,*,#4763,.T.);
#6551=ORIENTED_EDGE('',*,*,#4216,.F.);
#6552=ORIENTED_EDGE('',*,*,#4219,.F.);
#6553=ORIENTED_EDGE('',*,*,#4764,.F.);
#6554=ORIENTED_EDGE('',*,*,#4765,.F.);
#6555=ORIENTED_EDGE('',*,*,#4766,.T.);
#6556=ORIENTED_EDGE('',*,*,#4767,.F.);
#6557=ORIENTED_EDGE('',*,*,#4768,.F.);
#6558=ORIENTED_EDGE('',*,*,#4765,.T.);
#6559=ORIENTED_EDGE('',*,*,#4769,.T.);
#6560=ORIENTED_EDGE('',*,*,#4770,.T.);
#6561=ORIENTED_EDGE('',*,*,#4770,.F.);
#6562=ORIENTED_EDGE('',*,*,#4771,.F.);
#6563=ORIENTED_EDGE('',*,*,#4772,.F.);
#6564=ORIENTED_EDGE('',*,*,#4773,.T.);
#6565=ORIENTED_EDGE('',*,*,#4774,.F.);
#6566=ORIENTED_EDGE('',*,*,#4772,.T.);
#6567=ORIENTED_EDGE('',*,*,#4775,.T.);
#6568=ORIENTED_EDGE('',*,*,#4226,.T.);
#6569=ORIENTED_EDGE('',*,*,#4776,.F.);
#6570=ORIENTED_EDGE('',*,*,#4777,.T.);
#6571=ORIENTED_EDGE('',*,*,#4778,.T.);
#6572=ORIENTED_EDGE('',*,*,#4259,.T.);
#6573=ORIENTED_EDGE('',*,*,#4779,.F.);
#6574=ORIENTED_EDGE('',*,*,#4249,.T.);
#6575=ORIENTED_EDGE('',*,*,#4780,.T.);
#6576=ORIENTED_EDGE('',*,*,#4781,.T.);
#6577=ORIENTED_EDGE('',*,*,#4777,.F.);
#6578=ORIENTED_EDGE('',*,*,#4782,.T.);
#6579=ORIENTED_EDGE('',*,*,#4781,.F.);
#6580=ORIENTED_EDGE('',*,*,#4783,.F.);
#6581=ORIENTED_EDGE('',*,*,#4275,.F.);
#6582=ORIENTED_EDGE('',*,*,#4287,.T.);
#6583=ORIENTED_EDGE('',*,*,#4784,.T.);
#6584=ORIENTED_EDGE('',*,*,#4785,.T.);
#6585=ORIENTED_EDGE('',*,*,#4273,.F.);
#6586=ORIENTED_EDGE('',*,*,#4785,.F.);
#6587=ORIENTED_EDGE('',*,*,#4786,.F.);
#6588=ORIENTED_EDGE('',*,*,#4787,.F.);
#6589=ORIENTED_EDGE('',*,*,#4269,.F.);
#6590=ORIENTED_EDGE('',*,*,#4787,.T.);
#6591=ORIENTED_EDGE('',*,*,#4788,.T.);
#6592=ORIENTED_EDGE('',*,*,#4789,.T.);
#6593=ORIENTED_EDGE('',*,*,#4267,.F.);
#6594=ORIENTED_EDGE('',*,*,#4789,.F.);
#6595=ORIENTED_EDGE('',*,*,#4790,.F.);
#6596=ORIENTED_EDGE('',*,*,#4292,.F.);
#6597=ORIENTED_EDGE('',*,*,#4791,.T.);
#6598=ORIENTED_EDGE('',*,*,#4727,.T.);
#6599=ORIENTED_EDGE('',*,*,#4751,.T.);
#6600=ORIENTED_EDGE('',*,*,#4792,.T.);
#6601=ORIENTED_EDGE('',*,*,#4750,.T.);
#6602=ORIENTED_EDGE('',*,*,#4793,.T.);
#6603=ORIENTED_EDGE('',*,*,#4711,.T.);
#6604=ORIENTED_EDGE('',*,*,#4794,.F.);
#6605=ORIENTED_EDGE('',*,*,#4792,.F.);
#6606=ORIENTED_EDGE('',*,*,#4723,.F.);
#6607=ORIENTED_EDGE('',*,*,#4725,.T.);
#6608=ORIENTED_EDGE('',*,*,#4728,.T.);
#6609=ORIENTED_EDGE('',*,*,#4791,.F.);
#6610=ORIENTED_EDGE('',*,*,#4794,.T.);
#6611=ORIENTED_EDGE('',*,*,#4710,.F.);
#6612=ORIENTED_EDGE('',*,*,#4719,.F.);
#6613=ORIENTED_EDGE('',*,*,#4721,.T.);
#6614=ORIENTED_EDGE('',*,*,#4736,.T.);
#6615=ORIENTED_EDGE('',*,*,#4795,.T.);
#6616=ORIENTED_EDGE('',*,*,#4702,.T.);
#6617=ORIENTED_EDGE('',*,*,#4796,.T.);
#6618=ORIENTED_EDGE('',*,*,#4742,.F.);
#6619=ORIENTED_EDGE('',*,*,#4701,.T.);
#6620=ORIENTED_EDGE('',*,*,#4797,.T.);
#6621=ORIENTED_EDGE('',*,*,#4743,.T.);
#6622=ORIENTED_EDGE('',*,*,#4796,.F.);
#6623=ORIENTED_EDGE('',*,*,#4558,.F.);
#6624=ORIENTED_EDGE('',*,*,#4798,.T.);
#6625=ORIENTED_EDGE('',*,*,#4350,.F.);
#6626=ORIENTED_EDGE('',*,*,#4747,.T.);
#6627=ORIENTED_EDGE('',*,*,#4388,.F.);
#6628=ORIENTED_EDGE('',*,*,#4799,.T.);
#6629=ORIENTED_EDGE('',*,*,#4320,.F.);
#6630=ORIENTED_EDGE('',*,*,#4800,.T.);
#6631=ORIENTED_EDGE('',*,*,#4387,.F.);
#6632=ORIENTED_EDGE('',*,*,#4801,.F.);
#6633=ORIENTED_EDGE('',*,*,#4321,.F.);
#6634=ORIENTED_EDGE('',*,*,#4799,.F.);
#6635=ORIENTED_EDGE('',*,*,#4394,.F.);
#6636=ORIENTED_EDGE('',*,*,#4802,.T.);
#6637=ORIENTED_EDGE('',*,*,#4200,.T.);
#6638=ORIENTED_EDGE('',*,*,#4739,.T.);
#6639=ORIENTED_EDGE('',*,*,#4452,.F.);
#6640=ORIENTED_EDGE('',*,*,#4341,.F.);
#6641=ORIENTED_EDGE('',*,*,#4803,.T.);
#6642=ORIENTED_EDGE('',*,*,#4804,.T.);
#6643=ORIENTED_EDGE('',*,*,#4754,.T.);
#6644=ORIENTED_EDGE('',*,*,#4345,.F.);
#6645=ORIENTED_EDGE('',*,*,#4757,.F.);
#6646=ORIENTED_EDGE('',*,*,#4805,.F.);
#6647=ORIENTED_EDGE('',*,*,#4803,.F.);
#6648=ORIENTED_EDGE('',*,*,#4362,.F.);
#6649=ORIENTED_EDGE('',*,*,#4806,.T.);
#6650=ORIENTED_EDGE('',*,*,#4807,.T.);
#6651=ORIENTED_EDGE('',*,*,#4760,.T.);
#6652=ORIENTED_EDGE('',*,*,#4364,.F.);
#6653=ORIENTED_EDGE('',*,*,#4763,.F.);
#6654=ORIENTED_EDGE('',*,*,#4808,.F.);
#6655=ORIENTED_EDGE('',*,*,#4806,.F.);
#6656=ORIENTED_EDGE('',*,*,#4449,.F.);
#6657=ORIENTED_EDGE('',*,*,#4545,.T.);
#6658=ORIENTED_EDGE('',*,*,#4322,.T.);
#6659=ORIENTED_EDGE('',*,*,#4801,.T.);
#6660=ORIENTED_EDGE('',*,*,#4480,.F.);
#6661=ORIENTED_EDGE('',*,*,#4740,.T.);
#6662=ORIENTED_EDGE('',*,*,#4331,.T.);
#6663=ORIENTED_EDGE('',*,*,#4809,.T.);
#6664=ORIENTED_EDGE('',*,*,#4383,.F.);
#6665=ORIENTED_EDGE('',*,*,#4809,.F.);
#6666=ORIENTED_EDGE('',*,*,#4330,.F.);
#6667=ORIENTED_EDGE('',*,*,#4553,.F.);
#6668=ORIENTED_EDGE('',*,*,#4498,.F.);
#6669=ORIENTED_EDGE('',*,*,#4502,.F.);
#6670=ORIENTED_EDGE('',*,*,#4492,.F.);
#6671=ORIENTED_EDGE('',*,*,#4496,.F.);
#6672=ORIENTED_EDGE('',*,*,#4486,.F.);
#6673=ORIENTED_EDGE('',*,*,#4490,.F.);
#6674=ORIENTED_EDGE('',*,*,#4675,.F.);
#6675=ORIENTED_EDGE('',*,*,#4716,.T.);
#6676=ORIENTED_EDGE('',*,*,#4352,.T.);
#6677=ORIENTED_EDGE('',*,*,#4810,.T.);
#6678=ORIENTED_EDGE('',*,*,#4674,.F.);
#6679=ORIENTED_EDGE('',*,*,#4746,.T.);
#6680=ORIENTED_EDGE('',*,*,#4304,.T.);
#6681=ORIENTED_EDGE('',*,*,#4717,.T.);
#6682=ORIENTED_EDGE('',*,*,#4768,.T.);
#6683=ORIENTED_EDGE('',*,*,#4773,.F.);
#6684=ORIENTED_EDGE('',*,*,#4774,.T.);
#6685=ORIENTED_EDGE('',*,*,#4225,.F.);
#6686=ORIENTED_EDGE('',*,*,#4811,.F.);
#6687=ORIENTED_EDGE('',*,*,#4766,.F.);
#6688=ORIENTED_EDGE('',*,*,#4776,.T.);
#6689=ORIENTED_EDGE('',*,*,#4258,.F.);
#6690=ORIENTED_EDGE('',*,*,#4550,.F.);
#6691=ORIENTED_EDGE('',*,*,#4250,.F.);
#6692=ORIENTED_EDGE('',*,*,#4779,.T.);
#6693=ORIENTED_EDGE('',*,*,#4782,.F.);
#6694=ORIENTED_EDGE('',*,*,#4626,.F.);
#6695=ORIENTED_EDGE('',*,*,#4812,.F.);
#6696=ORIENTED_EDGE('',*,*,#4734,.F.);
#6697=ORIENTED_EDGE('',*,*,#4729,.F.);
#6698=ORIENTED_EDGE('',*,*,#4632,.F.);
#6699=ORIENTED_EDGE('',*,*,#4703,.F.);
#6700=ORIENTED_EDGE('',*,*,#4795,.F.);
#6701=ORIENTED_EDGE('',*,*,#4735,.F.);
#6702=ORIENTED_EDGE('',*,*,#4812,.T.);
#6703=ORIENTED_EDGE('',*,*,#4393,.F.);
#6704=ORIENTED_EDGE('',*,*,#4800,.F.);
#6705=ORIENTED_EDGE('',*,*,#4319,.F.);
#6706=ORIENTED_EDGE('',*,*,#4214,.F.);
#6707=ORIENTED_EDGE('',*,*,#4767,.T.);
#6708=ORIENTED_EDGE('',*,*,#4811,.T.);
#6709=ORIENTED_EDGE('',*,*,#4224,.T.);
#6710=ORIENTED_EDGE('',*,*,#4201,.T.);
#6711=ORIENTED_EDGE('',*,*,#4802,.F.);
#6712=ORIENTED_EDGE('',*,*,#4557,.F.);
#6713=ORIENTED_EDGE('',*,*,#4810,.F.);
#6714=ORIENTED_EDGE('',*,*,#4351,.F.);
#6715=ORIENTED_EDGE('',*,*,#4798,.F.);
#6716=ORIENTED_EDGE('',*,*,#4714,.T.);
#6717=ORIENTED_EDGE('',*,*,#4311,.T.);
#6718=ORIENTED_EDGE('',*,*,#4771,.T.);
#6719=ORIENTED_EDGE('',*,*,#4769,.F.);
#6720=ORIENTED_EDGE('',*,*,#4764,.T.);
#6721=ORIENTED_EDGE('',*,*,#4218,.F.);
#6722=ORIENTED_EDGE('',*,*,#4221,.T.);
#6723=ORIENTED_EDGE('',*,*,#4223,.F.);
#6724=ORIENTED_EDGE('',*,*,#4227,.T.);
#6725=ORIENTED_EDGE('',*,*,#4775,.F.);
#6726=ORIENTED_EDGE('',*,*,#4286,.T.);
#6727=ORIENTED_EDGE('',*,*,#4289,.F.);
#6728=ORIENTED_EDGE('',*,*,#4291,.T.);
#6729=ORIENTED_EDGE('',*,*,#4293,.F.);
#6730=ORIENTED_EDGE('',*,*,#4790,.T.);
#6731=ORIENTED_EDGE('',*,*,#4788,.F.);
#6732=ORIENTED_EDGE('',*,*,#4786,.T.);
#6733=ORIENTED_EDGE('',*,*,#4784,.F.);
#6734=ORIENTED_EDGE('',*,*,#4783,.T.);
#6735=ORIENTED_EDGE('',*,*,#4780,.F.);
#6736=ORIENTED_EDGE('',*,*,#4248,.T.);
#6737=ORIENTED_EDGE('',*,*,#4252,.F.);
#6738=ORIENTED_EDGE('',*,*,#4254,.T.);
#6739=ORIENTED_EDGE('',*,*,#4256,.F.);
#6740=ORIENTED_EDGE('',*,*,#4260,.T.);
#6741=ORIENTED_EDGE('',*,*,#4778,.F.);
#6742=ORIENTED_EDGE('',*,*,#4749,.T.);
#6743=ORIENTED_EDGE('',*,*,#4753,.F.);
#6744=ORIENTED_EDGE('',*,*,#4755,.T.);
#6745=ORIENTED_EDGE('',*,*,#4804,.F.);
#6746=ORIENTED_EDGE('',*,*,#4805,.T.);
#6747=ORIENTED_EDGE('',*,*,#4756,.F.);
#6748=ORIENTED_EDGE('',*,*,#4712,.T.);
#6749=ORIENTED_EDGE('',*,*,#4793,.F.);
#6750=ORIENTED_EDGE('',*,*,#4700,.T.);
#6751=ORIENTED_EDGE('',*,*,#4759,.F.);
#6752=ORIENTED_EDGE('',*,*,#4761,.T.);
#6753=ORIENTED_EDGE('',*,*,#4807,.F.);
#6754=ORIENTED_EDGE('',*,*,#4808,.T.);
#6755=ORIENTED_EDGE('',*,*,#4762,.F.);
#6756=ORIENTED_EDGE('',*,*,#4744,.T.);
#6757=ORIENTED_EDGE('',*,*,#4797,.F.);
#6758=ORIENTED_EDGE('',*,*,#4813,.T.);
#6759=ORIENTED_EDGE('',*,*,#4814,.T.);
#6760=ORIENTED_EDGE('',*,*,#4815,.T.);
#6761=ORIENTED_EDGE('',*,*,#4816,.T.);
#6762=ORIENTED_EDGE('',*,*,#4817,.T.);
#6763=ORIENTED_EDGE('',*,*,#4814,.F.);
#6764=ORIENTED_EDGE('',*,*,#4818,.T.);
#6765=ORIENTED_EDGE('',*,*,#4819,.F.);
#6766=ORIENTED_EDGE('',*,*,#4820,.T.);
#6767=ORIENTED_EDGE('',*,*,#4821,.F.);
#6768=ORIENTED_EDGE('',*,*,#4822,.F.);
#6769=ORIENTED_EDGE('',*,*,#4823,.F.);
#6770=ORIENTED_EDGE('',*,*,#4824,.F.);
#6771=ORIENTED_EDGE('',*,*,#4813,.F.);
#6772=ORIENTED_EDGE('',*,*,#4825,.F.);
#6773=ORIENTED_EDGE('',*,*,#4826,.F.);
#6774=ORIENTED_EDGE('',*,*,#4827,.F.);
#6775=ORIENTED_EDGE('',*,*,#4828,.F.);
#6776=ORIENTED_EDGE('',*,*,#4829,.F.);
#6777=ORIENTED_EDGE('',*,*,#4818,.F.);
#6778=ORIENTED_EDGE('',*,*,#4830,.T.);
#6779=ORIENTED_EDGE('',*,*,#4831,.T.);
#6780=ORIENTED_EDGE('',*,*,#4832,.T.);
#6781=ORIENTED_EDGE('',*,*,#4828,.T.);
#6782=ORIENTED_EDGE('',*,*,#4830,.F.);
#6783=ORIENTED_EDGE('',*,*,#4827,.T.);
#6784=ORIENTED_EDGE('',*,*,#4833,.F.);
#6785=ORIENTED_EDGE('',*,*,#4834,.T.);
#6786=ORIENTED_EDGE('',*,*,#4835,.T.);
#6787=ORIENTED_EDGE('',*,*,#4836,.T.);
#6788=ORIENTED_EDGE('',*,*,#4837,.T.);
#6789=ORIENTED_EDGE('',*,*,#4838,.F.);
#6790=ORIENTED_EDGE('',*,*,#4839,.F.);
#6791=ORIENTED_EDGE('',*,*,#4840,.F.);
#6792=ORIENTED_EDGE('',*,*,#4833,.T.);
#6793=ORIENTED_EDGE('',*,*,#4826,.T.);
#6794=ORIENTED_EDGE('',*,*,#4841,.T.);
#6795=ORIENTED_EDGE('',*,*,#4842,.T.);
#6796=ORIENTED_EDGE('',*,*,#4843,.T.);
#6797=ORIENTED_EDGE('',*,*,#4844,.T.);
#6798=ORIENTED_EDGE('',*,*,#4845,.T.);
#6799=ORIENTED_EDGE('',*,*,#4846,.T.);
#6800=ORIENTED_EDGE('',*,*,#4847,.T.);
#6801=ORIENTED_EDGE('',*,*,#4844,.F.);
#6802=ORIENTED_EDGE('',*,*,#4848,.T.);
#6803=ORIENTED_EDGE('',*,*,#4849,.F.);
#6804=ORIENTED_EDGE('',*,*,#4850,.T.);
#6805=ORIENTED_EDGE('',*,*,#4851,.F.);
#6806=ORIENTED_EDGE('',*,*,#4852,.F.);
#6807=ORIENTED_EDGE('',*,*,#4853,.F.);
#6808=ORIENTED_EDGE('',*,*,#4854,.F.);
#6809=ORIENTED_EDGE('',*,*,#4843,.F.);
#6810=ORIENTED_EDGE('',*,*,#4855,.F.);
#6811=ORIENTED_EDGE('',*,*,#4856,.F.);
#6812=ORIENTED_EDGE('',*,*,#4857,.F.);
#6813=ORIENTED_EDGE('',*,*,#4858,.F.);
#6814=ORIENTED_EDGE('',*,*,#4859,.F.);
#6815=ORIENTED_EDGE('',*,*,#4848,.F.);
#6816=ORIENTED_EDGE('',*,*,#4860,.T.);
#6817=ORIENTED_EDGE('',*,*,#4856,.T.);
#6818=ORIENTED_EDGE('',*,*,#4861,.T.);
#6819=ORIENTED_EDGE('',*,*,#4862,.T.);
#6820=ORIENTED_EDGE('',*,*,#4860,.F.);
#6821=ORIENTED_EDGE('',*,*,#4863,.T.);
#6822=ORIENTED_EDGE('',*,*,#4864,.T.);
#6823=ORIENTED_EDGE('',*,*,#4865,.T.);
#6824=ORIENTED_EDGE('',*,*,#4866,.T.);
#6825=ORIENTED_EDGE('',*,*,#4867,.F.);
#6826=ORIENTED_EDGE('',*,*,#4868,.F.);
#6827=ORIENTED_EDGE('',*,*,#4869,.F.);
#6828=ORIENTED_EDGE('',*,*,#4870,.F.);
#6829=ORIENTED_EDGE('',*,*,#4857,.T.);
#6830=ORIENTED_EDGE('',*,*,#4870,.T.);
#6831=ORIENTED_EDGE('',*,*,#4871,.T.);
#6832=ORIENTED_EDGE('',*,*,#4872,.T.);
#6833=ORIENTED_EDGE('',*,*,#4858,.T.);
#6834=ORIENTED_EDGE('',*,*,#4873,.F.);
#6835=ORIENTED_EDGE('',*,*,#4871,.F.);
#6836=ORIENTED_EDGE('',*,*,#4869,.T.);
#6837=ORIENTED_EDGE('',*,*,#4874,.T.);
#6838=ORIENTED_EDGE('',*,*,#4875,.F.);
#6839=ORIENTED_EDGE('',*,*,#4876,.F.);
#6840=ORIENTED_EDGE('',*,*,#4877,.F.);
#6841=ORIENTED_EDGE('',*,*,#4878,.F.);
#6842=ORIENTED_EDGE('',*,*,#4879,.T.);
#6843=ORIENTED_EDGE('',*,*,#4880,.T.);
#6844=ORIENTED_EDGE('',*,*,#4881,.T.);
#6845=ORIENTED_EDGE('',*,*,#4882,.T.);
#6846=ORIENTED_EDGE('',*,*,#4879,.F.);
#6847=ORIENTED_EDGE('',*,*,#4883,.T.);
#6848=ORIENTED_EDGE('',*,*,#4884,.F.);
#6849=ORIENTED_EDGE('',*,*,#4885,.T.);
#6850=ORIENTED_EDGE('',*,*,#4886,.T.);
#6851=ORIENTED_EDGE('',*,*,#4887,.T.);
#6852=ORIENTED_EDGE('',*,*,#4888,.T.);
#6853=ORIENTED_EDGE('',*,*,#4889,.F.);
#6854=ORIENTED_EDGE('',*,*,#4890,.F.);
#6855=ORIENTED_EDGE('',*,*,#4891,.F.);
#6856=ORIENTED_EDGE('',*,*,#4882,.F.);
#6857=ORIENTED_EDGE('',*,*,#4892,.F.);
#6858=ORIENTED_EDGE('',*,*,#4893,.F.);
#6859=ORIENTED_EDGE('',*,*,#4894,.F.);
#6860=ORIENTED_EDGE('',*,*,#4895,.F.);
#6861=ORIENTED_EDGE('',*,*,#4896,.F.);
#6862=ORIENTED_EDGE('',*,*,#4883,.F.);
#6863=ORIENTED_EDGE('',*,*,#4884,.T.);
#6864=ORIENTED_EDGE('',*,*,#4896,.T.);
#6865=ORIENTED_EDGE('',*,*,#4897,.T.);
#6866=ORIENTED_EDGE('',*,*,#4898,.T.);
#6867=ORIENTED_EDGE('',*,*,#4894,.T.);
#6868=ORIENTED_EDGE('',*,*,#4899,.T.);
#6869=ORIENTED_EDGE('',*,*,#4900,.T.);
#6870=ORIENTED_EDGE('',*,*,#4901,.T.);
#6871=ORIENTED_EDGE('',*,*,#4901,.F.);
#6872=ORIENTED_EDGE('',*,*,#4902,.F.);
#6873=ORIENTED_EDGE('',*,*,#4903,.F.);
#6874=ORIENTED_EDGE('',*,*,#4897,.F.);
#6875=ORIENTED_EDGE('',*,*,#4895,.T.);
#6876=ORIENTED_EDGE('',*,*,#4904,.F.);
#6877=ORIENTED_EDGE('',*,*,#4905,.T.);
#6878=ORIENTED_EDGE('',*,*,#4906,.T.);
#6879=ORIENTED_EDGE('',*,*,#4906,.F.);
#6880=ORIENTED_EDGE('',*,*,#4907,.T.);
#6881=ORIENTED_EDGE('',*,*,#4908,.F.);
#6882=ORIENTED_EDGE('',*,*,#4909,.T.);
#6883=ORIENTED_EDGE('',*,*,#4910,.F.);
#6884=ORIENTED_EDGE('',*,*,#4911,.T.);
#6885=ORIENTED_EDGE('',*,*,#4912,.F.);
#6886=ORIENTED_EDGE('',*,*,#4913,.T.);
#6887=ORIENTED_EDGE('',*,*,#4914,.T.);
#6888=ORIENTED_EDGE('',*,*,#4915,.T.);
#6889=ORIENTED_EDGE('',*,*,#4916,.T.);
#6890=ORIENTED_EDGE('',*,*,#4917,.T.);
#6891=ORIENTED_EDGE('',*,*,#4918,.T.);
#6892=ORIENTED_EDGE('',*,*,#4899,.F.);
#6893=ORIENTED_EDGE('',*,*,#4893,.T.);
#6894=ORIENTED_EDGE('',*,*,#4919,.F.);
#6895=ORIENTED_EDGE('',*,*,#4920,.T.);
#6896=ORIENTED_EDGE('',*,*,#4921,.F.);
#6897=ORIENTED_EDGE('',*,*,#4922,.F.);
#6898=ORIENTED_EDGE('',*,*,#4923,.F.);
#6899=ORIENTED_EDGE('',*,*,#4924,.F.);
#6900=ORIENTED_EDGE('',*,*,#4925,.T.);
#6901=ORIENTED_EDGE('',*,*,#4926,.T.);
#6902=ORIENTED_EDGE('',*,*,#4927,.T.);
#6903=ORIENTED_EDGE('',*,*,#4928,.T.);
#6904=ORIENTED_EDGE('',*,*,#4929,.T.);
#6905=ORIENTED_EDGE('',*,*,#4930,.T.);
#6906=ORIENTED_EDGE('',*,*,#4931,.F.);
#6907=ORIENTED_EDGE('',*,*,#4932,.T.);
#6908=ORIENTED_EDGE('',*,*,#4933,.T.);
#6909=ORIENTED_EDGE('',*,*,#4917,.F.);
#6910=ORIENTED_EDGE('',*,*,#4934,.T.);
#6911=ORIENTED_EDGE('',*,*,#4933,.F.);
#6912=ORIENTED_EDGE('',*,*,#4935,.T.);
#6913=ORIENTED_EDGE('',*,*,#4936,.F.);
#6914=ORIENTED_EDGE('',*,*,#4937,.T.);
#6915=ORIENTED_EDGE('',*,*,#4938,.F.);
#6916=ORIENTED_EDGE('',*,*,#4939,.T.);
#6917=ORIENTED_EDGE('',*,*,#4940,.T.);
#6918=ORIENTED_EDGE('',*,*,#4941,.T.);
#6919=ORIENTED_EDGE('',*,*,#4942,.T.);
#6920=ORIENTED_EDGE('',*,*,#4912,.T.);
#6921=ORIENTED_EDGE('',*,*,#4943,.T.);
#6922=ORIENTED_EDGE('',*,*,#4944,.F.);
#6923=ORIENTED_EDGE('',*,*,#4945,.T.);
#6924=ORIENTED_EDGE('',*,*,#4946,.T.);
#6925=ORIENTED_EDGE('',*,*,#4929,.F.);
#6926=ORIENTED_EDGE('',*,*,#4947,.T.);
#6927=ORIENTED_EDGE('',*,*,#4946,.F.);
#6928=ORIENTED_EDGE('',*,*,#4948,.T.);
#6929=ORIENTED_EDGE('',*,*,#4949,.F.);
#6930=ORIENTED_EDGE('',*,*,#4950,.T.);
#6931=ORIENTED_EDGE('',*,*,#4951,.F.);
#6932=ORIENTED_EDGE('',*,*,#4952,.T.);
#6933=ORIENTED_EDGE('',*,*,#4953,.T.);
#6934=ORIENTED_EDGE('',*,*,#4954,.T.);
#6935=ORIENTED_EDGE('',*,*,#4867,.T.);
#6936=ORIENTED_EDGE('',*,*,#4955,.T.);
#6937=ORIENTED_EDGE('',*,*,#4953,.F.);
#6938=ORIENTED_EDGE('',*,*,#4956,.T.);
#6939=ORIENTED_EDGE('',*,*,#4957,.F.);
#6940=ORIENTED_EDGE('',*,*,#4958,.T.);
#6941=ORIENTED_EDGE('',*,*,#4959,.F.);
#6942=ORIENTED_EDGE('',*,*,#4960,.T.);
#6943=ORIENTED_EDGE('',*,*,#4961,.F.);
#6944=ORIENTED_EDGE('',*,*,#4962,.T.);
#6945=ORIENTED_EDGE('',*,*,#4955,.F.);
#6946=ORIENTED_EDGE('',*,*,#4866,.F.);
#6947=ORIENTED_EDGE('',*,*,#4963,.F.);
#6948=ORIENTED_EDGE('',*,*,#4956,.F.);
#6949=ORIENTED_EDGE('',*,*,#4957,.T.);
#6950=ORIENTED_EDGE('',*,*,#4963,.T.);
#6951=ORIENTED_EDGE('',*,*,#4865,.F.);
#6952=ORIENTED_EDGE('',*,*,#4964,.T.);
#6953=ORIENTED_EDGE('',*,*,#4961,.T.);
#6954=ORIENTED_EDGE('',*,*,#4965,.T.);
#6955=ORIENTED_EDGE('',*,*,#4966,.T.);
#6956=ORIENTED_EDGE('',*,*,#4967,.T.);
#6957=ORIENTED_EDGE('',*,*,#4965,.F.);
#6958=ORIENTED_EDGE('',*,*,#4960,.F.);
#6959=ORIENTED_EDGE('',*,*,#4968,.F.);
#6960=ORIENTED_EDGE('',*,*,#4969,.F.);
#6961=ORIENTED_EDGE('',*,*,#4959,.T.);
#6962=ORIENTED_EDGE('',*,*,#4970,.T.);
#6963=ORIENTED_EDGE('',*,*,#4971,.T.);
#6964=ORIENTED_EDGE('',*,*,#4968,.T.);
#6965=ORIENTED_EDGE('',*,*,#4972,.T.);
#6966=ORIENTED_EDGE('',*,*,#4973,.T.);
#6967=ORIENTED_EDGE('',*,*,#4838,.T.);
#6968=ORIENTED_EDGE('',*,*,#4974,.T.);
#6969=ORIENTED_EDGE('',*,*,#4972,.F.);
#6970=ORIENTED_EDGE('',*,*,#4975,.T.);
#6971=ORIENTED_EDGE('',*,*,#4976,.F.);
#6972=ORIENTED_EDGE('',*,*,#4977,.T.);
#6973=ORIENTED_EDGE('',*,*,#4978,.F.);
#6974=ORIENTED_EDGE('',*,*,#4979,.T.);
#6975=ORIENTED_EDGE('',*,*,#4980,.F.);
#6976=ORIENTED_EDGE('',*,*,#4981,.T.);
#6977=ORIENTED_EDGE('',*,*,#4974,.F.);
#6978=ORIENTED_EDGE('',*,*,#4837,.F.);
#6979=ORIENTED_EDGE('',*,*,#4982,.F.);
#6980=ORIENTED_EDGE('',*,*,#4975,.F.);
#6981=ORIENTED_EDGE('',*,*,#4976,.T.);
#6982=ORIENTED_EDGE('',*,*,#4982,.T.);
#6983=ORIENTED_EDGE('',*,*,#4836,.F.);
#6984=ORIENTED_EDGE('',*,*,#4983,.T.);
#6985=ORIENTED_EDGE('',*,*,#4980,.T.);
#6986=ORIENTED_EDGE('',*,*,#4984,.T.);
#6987=ORIENTED_EDGE('',*,*,#4985,.T.);
#6988=ORIENTED_EDGE('',*,*,#4986,.T.);
#6989=ORIENTED_EDGE('',*,*,#4984,.F.);
#6990=ORIENTED_EDGE('',*,*,#4979,.F.);
#6991=ORIENTED_EDGE('',*,*,#4987,.F.);
#6992=ORIENTED_EDGE('',*,*,#4988,.F.);
#6993=ORIENTED_EDGE('',*,*,#4978,.T.);
#6994=ORIENTED_EDGE('',*,*,#4989,.T.);
#6995=ORIENTED_EDGE('',*,*,#4990,.T.);
#6996=ORIENTED_EDGE('',*,*,#4987,.T.);
#6997=ORIENTED_EDGE('',*,*,#4991,.T.);
#6998=ORIENTED_EDGE('',*,*,#4992,.T.);
#6999=ORIENTED_EDGE('',*,*,#4993,.T.);
#7000=ORIENTED_EDGE('',*,*,#4994,.T.);
#7001=ORIENTED_EDGE('',*,*,#4994,.F.);
#7002=ORIENTED_EDGE('',*,*,#4995,.F.);
#7003=ORIENTED_EDGE('',*,*,#4996,.F.);
#7004=ORIENTED_EDGE('',*,*,#4997,.F.);
#7005=ORIENTED_EDGE('',*,*,#4998,.T.);
#7006=ORIENTED_EDGE('',*,*,#4999,.T.);
#7007=ORIENTED_EDGE('',*,*,#4887,.F.);
#7008=ORIENTED_EDGE('',*,*,#5000,.T.);
#7009=ORIENTED_EDGE('',*,*,#4992,.F.);
#7010=ORIENTED_EDGE('',*,*,#5001,.F.);
#7011=ORIENTED_EDGE('',*,*,#5000,.F.);
#7012=ORIENTED_EDGE('',*,*,#4886,.F.);
#7013=ORIENTED_EDGE('',*,*,#5002,.T.);
#7014=ORIENTED_EDGE('',*,*,#4902,.T.);
#7015=ORIENTED_EDGE('',*,*,#4900,.F.);
#7016=ORIENTED_EDGE('',*,*,#4925,.F.);
#7017=ORIENTED_EDGE('',*,*,#5003,.F.);
#7018=ORIENTED_EDGE('',*,*,#5004,.T.);
#7019=ORIENTED_EDGE('',*,*,#5005,.T.);
#7020=ORIENTED_EDGE('',*,*,#4889,.T.);
#7021=ORIENTED_EDGE('',*,*,#5006,.T.);
#7022=ORIENTED_EDGE('',*,*,#4999,.F.);
#7023=ORIENTED_EDGE('',*,*,#5007,.F.);
#7024=ORIENTED_EDGE('',*,*,#5006,.F.);
#7025=ORIENTED_EDGE('',*,*,#4888,.F.);
#7026=ORIENTED_EDGE('',*,*,#5008,.T.);
#7027=ORIENTED_EDGE('',*,*,#4996,.T.);
#7028=ORIENTED_EDGE('',*,*,#5009,.T.);
#7029=ORIENTED_EDGE('',*,*,#5010,.T.);
#7030=ORIENTED_EDGE('',*,*,#5005,.F.);
#7031=ORIENTED_EDGE('',*,*,#5011,.F.);
#7032=ORIENTED_EDGE('',*,*,#5010,.F.);
#7033=ORIENTED_EDGE('',*,*,#5012,.T.);
#7034=ORIENTED_EDGE('',*,*,#5013,.F.);
#7035=ORIENTED_EDGE('',*,*,#5014,.F.);
#7036=ORIENTED_EDGE('',*,*,#5015,.F.);
#7037=ORIENTED_EDGE('',*,*,#4890,.T.);
#7038=ORIENTED_EDGE('',*,*,#5016,.T.);
#7039=ORIENTED_EDGE('',*,*,#5017,.T.);
#7040=ORIENTED_EDGE('',*,*,#5018,.T.);
#7041=ORIENTED_EDGE('',*,*,#4951,.T.);
#7042=ORIENTED_EDGE('',*,*,#5017,.F.);
#7043=ORIENTED_EDGE('',*,*,#5019,.F.);
#7044=ORIENTED_EDGE('',*,*,#5020,.F.);
#7045=ORIENTED_EDGE('',*,*,#5021,.T.);
#7046=ORIENTED_EDGE('',*,*,#5016,.F.);
#7047=ORIENTED_EDGE('',*,*,#4950,.F.);
#7048=ORIENTED_EDGE('',*,*,#5022,.F.);
#7049=ORIENTED_EDGE('',*,*,#5023,.T.);
#7050=ORIENTED_EDGE('',*,*,#5024,.F.);
#7051=ORIENTED_EDGE('',*,*,#4909,.F.);
#7052=ORIENTED_EDGE('',*,*,#5025,.F.);
#7053=ORIENTED_EDGE('',*,*,#5026,.T.);
#7054=ORIENTED_EDGE('',*,*,#5027,.F.);
#7055=ORIENTED_EDGE('',*,*,#4937,.F.);
#7056=ORIENTED_EDGE('',*,*,#5028,.F.);
#7057=ORIENTED_EDGE('',*,*,#5019,.T.);
#7058=ORIENTED_EDGE('',*,*,#5028,.T.);
#7059=ORIENTED_EDGE('',*,*,#4936,.T.);
#7060=ORIENTED_EDGE('',*,*,#5029,.T.);
#7061=ORIENTED_EDGE('',*,*,#5020,.T.);
#7062=ORIENTED_EDGE('',*,*,#5027,.T.);
#7063=ORIENTED_EDGE('',*,*,#5030,.T.);
#7064=ORIENTED_EDGE('',*,*,#5031,.T.);
#7065=ORIENTED_EDGE('',*,*,#4938,.T.);
#7066=ORIENTED_EDGE('',*,*,#5030,.F.);
#7067=ORIENTED_EDGE('',*,*,#5026,.F.);
#7068=ORIENTED_EDGE('',*,*,#5032,.F.);
#7069=ORIENTED_EDGE('',*,*,#5033,.T.);
#7070=ORIENTED_EDGE('',*,*,#5025,.T.);
#7071=ORIENTED_EDGE('',*,*,#4908,.T.);
#7072=ORIENTED_EDGE('',*,*,#5034,.T.);
#7073=ORIENTED_EDGE('',*,*,#5032,.T.);
#7074=ORIENTED_EDGE('',*,*,#5024,.T.);
#7075=ORIENTED_EDGE('',*,*,#5035,.T.);
#7076=ORIENTED_EDGE('',*,*,#5036,.T.);
#7077=ORIENTED_EDGE('',*,*,#4910,.T.);
#7078=ORIENTED_EDGE('',*,*,#5035,.F.);
#7079=ORIENTED_EDGE('',*,*,#5023,.F.);
#7080=ORIENTED_EDGE('',*,*,#5037,.F.);
#7081=ORIENTED_EDGE('',*,*,#5038,.T.);
#7082=ORIENTED_EDGE('',*,*,#5022,.T.);
#7083=ORIENTED_EDGE('',*,*,#4949,.T.);
#7084=ORIENTED_EDGE('',*,*,#5039,.T.);
#7085=ORIENTED_EDGE('',*,*,#5037,.T.);
#7086=ORIENTED_EDGE('',*,*,#4920,.F.);
#7087=ORIENTED_EDGE('',*,*,#5040,.F.);
#7088=ORIENTED_EDGE('',*,*,#4878,.T.);
#7089=ORIENTED_EDGE('',*,*,#5041,.T.);
#7090=ORIENTED_EDGE('',*,*,#4931,.T.);
#7091=ORIENTED_EDGE('',*,*,#4934,.F.);
#7092=ORIENTED_EDGE('',*,*,#4916,.F.);
#7093=ORIENTED_EDGE('',*,*,#4915,.F.);
#7094=ORIENTED_EDGE('',*,*,#4914,.F.);
#7095=ORIENTED_EDGE('',*,*,#5042,.F.);
#7096=ORIENTED_EDGE('',*,*,#4820,.F.);
#7097=ORIENTED_EDGE('',*,*,#5043,.F.);
#7098=ORIENTED_EDGE('',*,*,#5044,.T.);
#7099=ORIENTED_EDGE('',*,*,#5045,.T.);
#7100=ORIENTED_EDGE('',*,*,#4904,.T.);
#7101=ORIENTED_EDGE('',*,*,#4913,.F.);
#7102=ORIENTED_EDGE('',*,*,#4942,.F.);
#7103=ORIENTED_EDGE('',*,*,#4941,.F.);
#7104=ORIENTED_EDGE('',*,*,#4940,.F.);
#7105=ORIENTED_EDGE('',*,*,#5046,.F.);
#7106=ORIENTED_EDGE('',*,*,#5043,.T.);
#7107=ORIENTED_EDGE('',*,*,#5047,.T.);
#7108=ORIENTED_EDGE('',*,*,#5048,.T.);
#7109=ORIENTED_EDGE('',*,*,#5049,.T.);
#7110=ORIENTED_EDGE('',*,*,#5040,.T.);
#7111=ORIENTED_EDGE('',*,*,#5050,.T.);
#7112=ORIENTED_EDGE('',*,*,#4850,.F.);
#7113=ORIENTED_EDGE('',*,*,#5048,.F.);
#7114=ORIENTED_EDGE('',*,*,#5051,.T.);
#7115=ORIENTED_EDGE('',*,*,#5052,.T.);
#7116=ORIENTED_EDGE('',*,*,#4944,.T.);
#7117=ORIENTED_EDGE('',*,*,#4947,.F.);
#7118=ORIENTED_EDGE('',*,*,#4928,.F.);
#7119=ORIENTED_EDGE('',*,*,#4927,.F.);
#7120=ORIENTED_EDGE('',*,*,#4926,.F.);
#7121=ORIENTED_EDGE('',*,*,#5053,.F.);
#7122=ORIENTED_EDGE('',*,*,#4988,.T.);
#7123=ORIENTED_EDGE('',*,*,#4990,.F.);
#7124=ORIENTED_EDGE('',*,*,#5054,.T.);
#7125=ORIENTED_EDGE('',*,*,#4824,.T.);
#7126=ORIENTED_EDGE('',*,*,#5055,.F.);
#7127=ORIENTED_EDGE('',*,*,#5056,.F.);
#7128=ORIENTED_EDGE('',*,*,#4985,.F.);
#7129=ORIENTED_EDGE('',*,*,#5057,.T.);
#7130=ORIENTED_EDGE('',*,*,#5058,.T.);
#7131=ORIENTED_EDGE('',*,*,#5055,.T.);
#7132=ORIENTED_EDGE('',*,*,#4823,.T.);
#7133=ORIENTED_EDGE('',*,*,#5059,.T.);
#7134=ORIENTED_EDGE('',*,*,#4973,.F.);
#7135=ORIENTED_EDGE('',*,*,#4981,.F.);
#7136=ORIENTED_EDGE('',*,*,#4986,.F.);
#7137=ORIENTED_EDGE('',*,*,#5056,.T.);
#7138=ORIENTED_EDGE('',*,*,#5058,.F.);
#7139=ORIENTED_EDGE('',*,*,#5060,.F.);
#7140=ORIENTED_EDGE('',*,*,#5061,.F.);
#7141=ORIENTED_EDGE('',*,*,#4839,.T.);
#7142=ORIENTED_EDGE('',*,*,#5057,.F.);
#7143=ORIENTED_EDGE('',*,*,#5062,.T.);
#7144=ORIENTED_EDGE('',*,*,#5063,.T.);
#7145=ORIENTED_EDGE('',*,*,#5060,.T.);
#7146=ORIENTED_EDGE('',*,*,#5064,.T.);
#7147=ORIENTED_EDGE('',*,*,#5047,.F.);
#7148=ORIENTED_EDGE('',*,*,#4819,.T.);
#7149=ORIENTED_EDGE('',*,*,#4829,.T.);
#7150=ORIENTED_EDGE('',*,*,#4832,.F.);
#7151=ORIENTED_EDGE('',*,*,#4831,.F.);
#7152=ORIENTED_EDGE('',*,*,#4840,.T.);
#7153=ORIENTED_EDGE('',*,*,#5061,.T.);
#7154=ORIENTED_EDGE('',*,*,#5063,.F.);
#7155=ORIENTED_EDGE('',*,*,#5065,.F.);
#7156=ORIENTED_EDGE('',*,*,#5066,.F.);
#7157=ORIENTED_EDGE('',*,*,#5051,.F.);
#7158=ORIENTED_EDGE('',*,*,#5064,.F.);
#7159=ORIENTED_EDGE('',*,*,#4835,.F.);
#7160=ORIENTED_EDGE('',*,*,#5067,.T.);
#7161=ORIENTED_EDGE('',*,*,#5068,.T.);
#7162=ORIENTED_EDGE('',*,*,#4815,.F.);
#7163=ORIENTED_EDGE('',*,*,#4817,.F.);
#7164=ORIENTED_EDGE('',*,*,#5054,.F.);
#7165=ORIENTED_EDGE('',*,*,#4989,.F.);
#7166=ORIENTED_EDGE('',*,*,#4977,.F.);
#7167=ORIENTED_EDGE('',*,*,#4983,.F.);
#7168=ORIENTED_EDGE('',*,*,#4842,.F.);
#7169=ORIENTED_EDGE('',*,*,#5069,.T.);
#7170=ORIENTED_EDGE('',*,*,#5067,.F.);
#7171=ORIENTED_EDGE('',*,*,#4834,.F.);
#7172=ORIENTED_EDGE('',*,*,#4816,.F.);
#7173=ORIENTED_EDGE('',*,*,#5068,.F.);
#7174=ORIENTED_EDGE('',*,*,#5069,.F.);
#7175=ORIENTED_EDGE('',*,*,#4841,.F.);
#7176=ORIENTED_EDGE('',*,*,#4825,.T.);
#7177=ORIENTED_EDGE('',*,*,#5059,.F.);
#7178=ORIENTED_EDGE('',*,*,#4822,.T.);
#7179=ORIENTED_EDGE('',*,*,#5070,.T.);
#7180=ORIENTED_EDGE('',*,*,#5065,.T.);
#7181=ORIENTED_EDGE('',*,*,#5062,.F.);
#7182=ORIENTED_EDGE('',*,*,#4948,.F.);
#7183=ORIENTED_EDGE('',*,*,#4945,.F.);
#7184=ORIENTED_EDGE('',*,*,#5052,.F.);
#7185=ORIENTED_EDGE('',*,*,#5066,.T.);
#7186=ORIENTED_EDGE('',*,*,#5070,.F.);
#7187=ORIENTED_EDGE('',*,*,#4821,.T.);
#7188=ORIENTED_EDGE('',*,*,#5046,.T.);
#7189=ORIENTED_EDGE('',*,*,#4943,.F.);
#7190=ORIENTED_EDGE('',*,*,#4911,.F.);
#7191=ORIENTED_EDGE('',*,*,#5036,.F.);
#7192=ORIENTED_EDGE('',*,*,#5038,.F.);
#7193=ORIENTED_EDGE('',*,*,#5039,.F.);
#7194=ORIENTED_EDGE('',*,*,#4991,.F.);
#7195=ORIENTED_EDGE('',*,*,#4997,.T.);
#7196=ORIENTED_EDGE('',*,*,#5008,.F.);
#7197=ORIENTED_EDGE('',*,*,#5011,.T.);
#7198=ORIENTED_EDGE('',*,*,#5004,.F.);
#7199=ORIENTED_EDGE('',*,*,#5007,.T.);
#7200=ORIENTED_EDGE('',*,*,#4998,.F.);
#7201=ORIENTED_EDGE('',*,*,#5001,.T.);
#7202=ORIENTED_EDGE('',*,*,#4995,.T.);
#7203=ORIENTED_EDGE('',*,*,#4993,.F.);
#7204=ORIENTED_EDGE('',*,*,#5003,.T.);
#7205=ORIENTED_EDGE('',*,*,#4924,.T.);
#7206=ORIENTED_EDGE('',*,*,#5071,.F.);
#7207=ORIENTED_EDGE('',*,*,#5012,.F.);
#7208=ORIENTED_EDGE('',*,*,#5009,.F.);
#7209=ORIENTED_EDGE('',*,*,#5072,.T.);
#7210=ORIENTED_EDGE('',*,*,#5013,.T.);
#7211=ORIENTED_EDGE('',*,*,#5071,.T.);
#7212=ORIENTED_EDGE('',*,*,#4923,.T.);
#7213=ORIENTED_EDGE('',*,*,#5073,.T.);
#7214=ORIENTED_EDGE('',*,*,#5072,.F.);
#7215=ORIENTED_EDGE('',*,*,#5074,.T.);
#7216=ORIENTED_EDGE('',*,*,#5075,.T.);
#7217=ORIENTED_EDGE('',*,*,#5014,.T.);
#7218=ORIENTED_EDGE('',*,*,#5076,.T.);
#7219=ORIENTED_EDGE('',*,*,#5050,.F.);
#7220=ORIENTED_EDGE('',*,*,#4919,.T.);
#7221=ORIENTED_EDGE('',*,*,#4892,.T.);
#7222=ORIENTED_EDGE('',*,*,#4881,.F.);
#7223=ORIENTED_EDGE('',*,*,#4880,.F.);
#7224=ORIENTED_EDGE('',*,*,#4891,.T.);
#7225=ORIENTED_EDGE('',*,*,#5015,.T.);
#7226=ORIENTED_EDGE('',*,*,#5075,.F.);
#7227=ORIENTED_EDGE('',*,*,#5077,.F.);
#7228=ORIENTED_EDGE('',*,*,#5078,.T.);
#7229=ORIENTED_EDGE('',*,*,#5044,.F.);
#7230=ORIENTED_EDGE('',*,*,#5076,.F.);
#7231=ORIENTED_EDGE('',*,*,#4898,.F.);
#7232=ORIENTED_EDGE('',*,*,#4903,.T.);
#7233=ORIENTED_EDGE('',*,*,#5002,.F.);
#7234=ORIENTED_EDGE('',*,*,#4885,.F.);
#7235=ORIENTED_EDGE('',*,*,#5073,.F.);
#7236=ORIENTED_EDGE('',*,*,#4922,.T.);
#7237=ORIENTED_EDGE('',*,*,#5079,.T.);
#7238=ORIENTED_EDGE('',*,*,#5077,.T.);
#7239=ORIENTED_EDGE('',*,*,#5074,.F.);
#7240=ORIENTED_EDGE('',*,*,#4907,.F.);
#7241=ORIENTED_EDGE('',*,*,#4905,.F.);
#7242=ORIENTED_EDGE('',*,*,#5045,.F.);
#7243=ORIENTED_EDGE('',*,*,#5078,.F.);
#7244=ORIENTED_EDGE('',*,*,#5079,.F.);
#7245=ORIENTED_EDGE('',*,*,#4921,.T.);
#7246=ORIENTED_EDGE('',*,*,#5042,.T.);
#7247=ORIENTED_EDGE('',*,*,#4918,.F.);
#7248=ORIENTED_EDGE('',*,*,#4939,.F.);
#7249=ORIENTED_EDGE('',*,*,#5031,.F.);
#7250=ORIENTED_EDGE('',*,*,#5033,.F.);
#7251=ORIENTED_EDGE('',*,*,#5034,.F.);
#7252=ORIENTED_EDGE('',*,*,#4969,.T.);
#7253=ORIENTED_EDGE('',*,*,#4971,.F.);
#7254=ORIENTED_EDGE('',*,*,#5080,.T.);
#7255=ORIENTED_EDGE('',*,*,#4854,.T.);
#7256=ORIENTED_EDGE('',*,*,#5081,.F.);
#7257=ORIENTED_EDGE('',*,*,#5082,.F.);
#7258=ORIENTED_EDGE('',*,*,#4966,.F.);
#7259=ORIENTED_EDGE('',*,*,#5083,.T.);
#7260=ORIENTED_EDGE('',*,*,#5084,.T.);
#7261=ORIENTED_EDGE('',*,*,#5081,.T.);
#7262=ORIENTED_EDGE('',*,*,#4853,.T.);
#7263=ORIENTED_EDGE('',*,*,#5085,.T.);
#7264=ORIENTED_EDGE('',*,*,#4954,.F.);
#7265=ORIENTED_EDGE('',*,*,#4962,.F.);
#7266=ORIENTED_EDGE('',*,*,#4967,.F.);
#7267=ORIENTED_EDGE('',*,*,#5082,.T.);
#7268=ORIENTED_EDGE('',*,*,#5084,.F.);
#7269=ORIENTED_EDGE('',*,*,#5086,.F.);
#7270=ORIENTED_EDGE('',*,*,#4874,.F.);
#7271=ORIENTED_EDGE('',*,*,#4868,.T.);
#7272=ORIENTED_EDGE('',*,*,#5083,.F.);
#7273=ORIENTED_EDGE('',*,*,#5087,.T.);
#7274=ORIENTED_EDGE('',*,*,#4875,.T.);
#7275=ORIENTED_EDGE('',*,*,#5086,.T.);
#7276=ORIENTED_EDGE('',*,*,#4873,.T.);
#7277=ORIENTED_EDGE('',*,*,#5049,.F.);
#7278=ORIENTED_EDGE('',*,*,#4849,.T.);
#7279=ORIENTED_EDGE('',*,*,#4859,.T.);
#7280=ORIENTED_EDGE('',*,*,#4872,.F.);
#7281=ORIENTED_EDGE('',*,*,#4864,.F.);
#7282=ORIENTED_EDGE('',*,*,#5088,.T.);
#7283=ORIENTED_EDGE('',*,*,#5089,.T.);
#7284=ORIENTED_EDGE('',*,*,#4845,.F.);
#7285=ORIENTED_EDGE('',*,*,#4847,.F.);
#7286=ORIENTED_EDGE('',*,*,#5080,.F.);
#7287=ORIENTED_EDGE('',*,*,#4970,.F.);
#7288=ORIENTED_EDGE('',*,*,#4958,.F.);
#7289=ORIENTED_EDGE('',*,*,#4964,.F.);
#7290=ORIENTED_EDGE('',*,*,#4862,.F.);
#7291=ORIENTED_EDGE('',*,*,#5090,.T.);
#7292=ORIENTED_EDGE('',*,*,#5088,.F.);
#7293=ORIENTED_EDGE('',*,*,#4863,.F.);
#7294=ORIENTED_EDGE('',*,*,#4846,.F.);
#7295=ORIENTED_EDGE('',*,*,#5089,.F.);
#7296=ORIENTED_EDGE('',*,*,#5090,.F.);
#7297=ORIENTED_EDGE('',*,*,#4861,.F.);
#7298=ORIENTED_EDGE('',*,*,#4855,.T.);
#7299=ORIENTED_EDGE('',*,*,#5085,.F.);
#7300=ORIENTED_EDGE('',*,*,#4852,.T.);
#7301=ORIENTED_EDGE('',*,*,#5091,.T.);
#7302=ORIENTED_EDGE('',*,*,#4876,.T.);
#7303=ORIENTED_EDGE('',*,*,#5087,.F.);
#7304=ORIENTED_EDGE('',*,*,#4935,.F.);
#7305=ORIENTED_EDGE('',*,*,#4932,.F.);
#7306=ORIENTED_EDGE('',*,*,#5041,.F.);
#7307=ORIENTED_EDGE('',*,*,#4877,.T.);
#7308=ORIENTED_EDGE('',*,*,#5091,.F.);
#7309=ORIENTED_EDGE('',*,*,#4851,.T.);
#7310=ORIENTED_EDGE('',*,*,#5053,.T.);
#7311=ORIENTED_EDGE('',*,*,#4930,.F.);
#7312=ORIENTED_EDGE('',*,*,#4952,.F.);
#7313=ORIENTED_EDGE('',*,*,#5018,.F.);
#7314=ORIENTED_EDGE('',*,*,#5021,.F.);
#7315=ORIENTED_EDGE('',*,*,#5029,.F.);
#7316=ORIENTED_EDGE('',*,*,#5092,.F.);
#7317=ORIENTED_EDGE('',*,*,#5093,.F.);
#7318=ORIENTED_EDGE('',*,*,#5094,.F.);
#7319=ORIENTED_EDGE('',*,*,#5095,.F.);
#7320=ORIENTED_EDGE('',*,*,#5096,.F.);
#7321=ORIENTED_EDGE('',*,*,#5097,.F.);
#7322=ORIENTED_EDGE('',*,*,#5098,.F.);
#7323=ORIENTED_EDGE('',*,*,#5099,.F.);
#7324=ORIENTED_EDGE('',*,*,#5100,.F.);
#7325=ORIENTED_EDGE('',*,*,#5101,.F.);
#7326=ORIENTED_EDGE('',*,*,#5102,.F.);
#7327=ORIENTED_EDGE('',*,*,#5103,.F.);
#7328=ORIENTED_EDGE('',*,*,#5104,.F.);
#7329=ORIENTED_EDGE('',*,*,#5105,.F.);
#7330=ORIENTED_EDGE('',*,*,#5106,.F.);
#7331=ORIENTED_EDGE('',*,*,#5107,.F.);
#7332=ORIENTED_EDGE('',*,*,#5108,.F.);
#7333=ORIENTED_EDGE('',*,*,#5109,.F.);
#7334=ORIENTED_EDGE('',*,*,#5110,.F.);
#7335=ORIENTED_EDGE('',*,*,#5111,.F.);
#7336=ORIENTED_EDGE('',*,*,#5112,.F.);
#7337=ORIENTED_EDGE('',*,*,#5113,.F.);
#7338=ORIENTED_EDGE('',*,*,#5114,.F.);
#7339=ORIENTED_EDGE('',*,*,#5115,.F.);
#7340=ORIENTED_EDGE('',*,*,#5116,.F.);
#7341=ORIENTED_EDGE('',*,*,#5117,.F.);
#7342=ORIENTED_EDGE('',*,*,#5118,.F.);
#7343=ORIENTED_EDGE('',*,*,#5119,.F.);
#7344=ORIENTED_EDGE('',*,*,#5120,.F.);
#7345=ORIENTED_EDGE('',*,*,#5121,.F.);
#7346=ORIENTED_EDGE('',*,*,#5122,.F.);
#7347=ORIENTED_EDGE('',*,*,#5123,.F.);
#7348=ORIENTED_EDGE('',*,*,#5124,.F.);
#7349=ORIENTED_EDGE('',*,*,#5125,.F.);
#7350=ORIENTED_EDGE('',*,*,#5126,.F.);
#7351=ORIENTED_EDGE('',*,*,#5127,.F.);
#7352=ORIENTED_EDGE('',*,*,#5128,.F.);
#7353=ORIENTED_EDGE('',*,*,#5129,.F.);
#7354=ORIENTED_EDGE('',*,*,#5130,.F.);
#7355=ORIENTED_EDGE('',*,*,#5131,.F.);
#7356=ORIENTED_EDGE('',*,*,#5132,.F.);
#7357=ORIENTED_EDGE('',*,*,#5133,.T.);
#7358=ORIENTED_EDGE('',*,*,#5134,.F.);
#7359=ORIENTED_EDGE('',*,*,#5133,.F.);
#7360=ORIENTED_EDGE('',*,*,#5104,.T.);
#7361=ORIENTED_EDGE('',*,*,#5135,.F.);
#7362=ORIENTED_EDGE('',*,*,#5136,.F.);
#7363=ORIENTED_EDGE('',*,*,#5137,.T.);
#7364=ORIENTED_EDGE('',*,*,#5103,.T.);
#7365=ORIENTED_EDGE('',*,*,#5138,.F.);
#7366=ORIENTED_EDGE('',*,*,#5139,.F.);
#7367=ORIENTED_EDGE('',*,*,#5140,.T.);
#7368=ORIENTED_EDGE('',*,*,#5141,.F.);
#7369=ORIENTED_EDGE('',*,*,#5142,.F.);
#7370=ORIENTED_EDGE('',*,*,#5143,.F.);
#7371=ORIENTED_EDGE('',*,*,#5135,.T.);
#7372=ORIENTED_EDGE('',*,*,#5102,.T.);
#7373=ORIENTED_EDGE('',*,*,#5144,.F.);
#7374=ORIENTED_EDGE('',*,*,#5145,.F.);
#7375=ORIENTED_EDGE('',*,*,#5138,.T.);
#7376=ORIENTED_EDGE('',*,*,#5101,.T.);
#7377=ORIENTED_EDGE('',*,*,#5146,.F.);
#7378=ORIENTED_EDGE('',*,*,#5147,.F.);
#7379=ORIENTED_EDGE('',*,*,#5148,.F.);
#7380=ORIENTED_EDGE('',*,*,#5149,.T.);
#7381=ORIENTED_EDGE('',*,*,#5150,.T.);
#7382=ORIENTED_EDGE('',*,*,#5151,.F.);
#7383=ORIENTED_EDGE('',*,*,#5144,.T.);
#7384=ORIENTED_EDGE('',*,*,#5100,.T.);
#7385=ORIENTED_EDGE('',*,*,#5152,.F.);
#7386=ORIENTED_EDGE('',*,*,#5153,.F.);
#7387=ORIENTED_EDGE('',*,*,#5146,.T.);
#7388=ORIENTED_EDGE('',*,*,#5099,.T.);
#7389=ORIENTED_EDGE('',*,*,#5154,.F.);
#7390=ORIENTED_EDGE('',*,*,#5155,.F.);
#7391=ORIENTED_EDGE('',*,*,#5156,.T.);
#7392=ORIENTED_EDGE('',*,*,#5157,.F.);
#7393=ORIENTED_EDGE('',*,*,#5158,.F.);
#7394=ORIENTED_EDGE('',*,*,#5159,.F.);
#7395=ORIENTED_EDGE('',*,*,#5152,.T.);
#7396=ORIENTED_EDGE('',*,*,#5098,.T.);
#7397=ORIENTED_EDGE('',*,*,#5160,.F.);
#7398=ORIENTED_EDGE('',*,*,#5161,.F.);
#7399=ORIENTED_EDGE('',*,*,#5154,.T.);
#7400=ORIENTED_EDGE('',*,*,#5097,.T.);
#7401=ORIENTED_EDGE('',*,*,#5162,.F.);
#7402=ORIENTED_EDGE('',*,*,#5163,.F.);
#7403=ORIENTED_EDGE('',*,*,#5164,.F.);
#7404=ORIENTED_EDGE('',*,*,#5165,.T.);
#7405=ORIENTED_EDGE('',*,*,#5166,.T.);
#7406=ORIENTED_EDGE('',*,*,#5167,.F.);
#7407=ORIENTED_EDGE('',*,*,#5160,.T.);
#7408=ORIENTED_EDGE('',*,*,#5096,.T.);
#7409=ORIENTED_EDGE('',*,*,#5168,.F.);
#7410=ORIENTED_EDGE('',*,*,#5169,.F.);
#7411=ORIENTED_EDGE('',*,*,#5162,.T.);
#7412=ORIENTED_EDGE('',*,*,#5095,.T.);
#7413=ORIENTED_EDGE('',*,*,#5170,.F.);
#7414=ORIENTED_EDGE('',*,*,#5171,.F.);
#7415=ORIENTED_EDGE('',*,*,#5172,.T.);
#7416=ORIENTED_EDGE('',*,*,#5173,.F.);
#7417=ORIENTED_EDGE('',*,*,#5174,.F.);
#7418=ORIENTED_EDGE('',*,*,#5175,.F.);
#7419=ORIENTED_EDGE('',*,*,#5168,.T.);
#7420=ORIENTED_EDGE('',*,*,#5094,.T.);
#7421=ORIENTED_EDGE('',*,*,#5176,.F.);
#7422=ORIENTED_EDGE('',*,*,#5177,.F.);
#7423=ORIENTED_EDGE('',*,*,#5170,.T.);
#7424=ORIENTED_EDGE('',*,*,#5093,.T.);
#7425=ORIENTED_EDGE('',*,*,#5178,.F.);
#7426=ORIENTED_EDGE('',*,*,#5179,.F.);
#7427=ORIENTED_EDGE('',*,*,#5180,.F.);
#7428=ORIENTED_EDGE('',*,*,#5181,.T.);
#7429=ORIENTED_EDGE('',*,*,#5182,.T.);
#7430=ORIENTED_EDGE('',*,*,#5183,.F.);
#7431=ORIENTED_EDGE('',*,*,#5176,.T.);
#7432=ORIENTED_EDGE('',*,*,#5092,.T.);
#7433=ORIENTED_EDGE('',*,*,#5132,.T.);
#7434=ORIENTED_EDGE('',*,*,#5184,.F.);
#7435=ORIENTED_EDGE('',*,*,#5185,.F.);
#7436=ORIENTED_EDGE('',*,*,#5178,.T.);
#7437=ORIENTED_EDGE('',*,*,#5131,.T.);
#7438=ORIENTED_EDGE('',*,*,#5186,.F.);
#7439=ORIENTED_EDGE('',*,*,#5187,.F.);
#7440=ORIENTED_EDGE('',*,*,#5188,.T.);
#7441=ORIENTED_EDGE('',*,*,#5189,.F.);
#7442=ORIENTED_EDGE('',*,*,#5190,.F.);
#7443=ORIENTED_EDGE('',*,*,#5191,.F.);
#7444=ORIENTED_EDGE('',*,*,#5184,.T.);
#7445=ORIENTED_EDGE('',*,*,#5130,.T.);
#7446=ORIENTED_EDGE('',*,*,#5192,.F.);
#7447=ORIENTED_EDGE('',*,*,#5193,.F.);
#7448=ORIENTED_EDGE('',*,*,#5186,.T.);
#7449=ORIENTED_EDGE('',*,*,#5129,.T.);
#7450=ORIENTED_EDGE('',*,*,#5194,.F.);
#7451=ORIENTED_EDGE('',*,*,#5195,.F.);
#7452=ORIENTED_EDGE('',*,*,#5196,.F.);
#7453=ORIENTED_EDGE('',*,*,#5197,.T.);
#7454=ORIENTED_EDGE('',*,*,#5198,.T.);
#7455=ORIENTED_EDGE('',*,*,#5199,.F.);
#7456=ORIENTED_EDGE('',*,*,#5192,.T.);
#7457=ORIENTED_EDGE('',*,*,#5128,.T.);
#7458=ORIENTED_EDGE('',*,*,#5200,.F.);
#7459=ORIENTED_EDGE('',*,*,#5201,.F.);
#7460=ORIENTED_EDGE('',*,*,#5194,.T.);
#7461=ORIENTED_EDGE('',*,*,#5127,.T.);
#7462=ORIENTED_EDGE('',*,*,#5202,.F.);
#7463=ORIENTED_EDGE('',*,*,#5203,.F.);
#7464=ORIENTED_EDGE('',*,*,#5204,.T.);
#7465=ORIENTED_EDGE('',*,*,#5205,.F.);
#7466=ORIENTED_EDGE('',*,*,#5206,.F.);
#7467=ORIENTED_EDGE('',*,*,#5207,.F.);
#7468=ORIENTED_EDGE('',*,*,#5200,.T.);
#7469=ORIENTED_EDGE('',*,*,#5126,.T.);
#7470=ORIENTED_EDGE('',*,*,#5208,.F.);
#7471=ORIENTED_EDGE('',*,*,#5209,.F.);
#7472=ORIENTED_EDGE('',*,*,#5202,.T.);
#7473=ORIENTED_EDGE('',*,*,#5125,.T.);
#7474=ORIENTED_EDGE('',*,*,#5210,.F.);
#7475=ORIENTED_EDGE('',*,*,#5211,.F.);
#7476=ORIENTED_EDGE('',*,*,#5212,.F.);
#7477=ORIENTED_EDGE('',*,*,#5213,.T.);
#7478=ORIENTED_EDGE('',*,*,#5214,.T.);
#7479=ORIENTED_EDGE('',*,*,#5215,.F.);
#7480=ORIENTED_EDGE('',*,*,#5208,.T.);
#7481=ORIENTED_EDGE('',*,*,#5216,.T.);
#7482=ORIENTED_EDGE('',*,*,#5217,.T.);
#7483=ORIENTED_EDGE('',*,*,#5218,.T.);
#7484=ORIENTED_EDGE('',*,*,#5217,.F.);
#7485=ORIENTED_EDGE('',*,*,#5219,.T.);
#7486=ORIENTED_EDGE('',*,*,#5220,.F.);
#7487=ORIENTED_EDGE('',*,*,#5221,.T.);
#7488=ORIENTED_EDGE('',*,*,#5219,.F.);
#7489=ORIENTED_EDGE('',*,*,#5216,.F.);
#7490=ORIENTED_EDGE('',*,*,#5221,.F.);
#7491=ORIENTED_EDGE('',*,*,#5222,.F.);
#7492=ORIENTED_EDGE('',*,*,#5223,.T.);
#7493=ORIENTED_EDGE('',*,*,#5224,.T.);
#7494=ORIENTED_EDGE('',*,*,#5225,.T.);
#7495=ORIENTED_EDGE('',*,*,#5226,.F.);
#7496=ORIENTED_EDGE('',*,*,#5227,.T.);
#7497=ORIENTED_EDGE('',*,*,#5228,.T.);
#7498=ORIENTED_EDGE('',*,*,#5229,.T.);
#7499=ORIENTED_EDGE('',*,*,#5230,.F.);
#7500=ORIENTED_EDGE('',*,*,#5231,.T.);
#7501=ORIENTED_EDGE('',*,*,#5232,.T.);
#7502=ORIENTED_EDGE('',*,*,#5233,.T.);
#7503=ORIENTED_EDGE('',*,*,#5234,.F.);
#7504=ORIENTED_EDGE('',*,*,#5235,.T.);
#7505=ORIENTED_EDGE('',*,*,#5236,.T.);
#7506=ORIENTED_EDGE('',*,*,#5237,.T.);
#7507=ORIENTED_EDGE('',*,*,#5238,.F.);
#7508=ORIENTED_EDGE('',*,*,#5142,.T.);
#7509=ORIENTED_EDGE('',*,*,#5239,.T.);
#7510=ORIENTED_EDGE('',*,*,#5148,.T.);
#7511=ORIENTED_EDGE('',*,*,#5240,.F.);
#7512=ORIENTED_EDGE('',*,*,#5158,.T.);
#7513=ORIENTED_EDGE('',*,*,#5241,.T.);
#7514=ORIENTED_EDGE('',*,*,#5164,.T.);
#7515=ORIENTED_EDGE('',*,*,#5242,.F.);
#7516=ORIENTED_EDGE('',*,*,#5174,.T.);
#7517=ORIENTED_EDGE('',*,*,#5243,.T.);
#7518=ORIENTED_EDGE('',*,*,#5180,.T.);
#7519=ORIENTED_EDGE('',*,*,#5244,.F.);
#7520=ORIENTED_EDGE('',*,*,#5190,.T.);
#7521=ORIENTED_EDGE('',*,*,#5245,.T.);
#7522=ORIENTED_EDGE('',*,*,#5196,.T.);
#7523=ORIENTED_EDGE('',*,*,#5246,.F.);
#7524=ORIENTED_EDGE('',*,*,#5206,.T.);
#7525=ORIENTED_EDGE('',*,*,#5247,.T.);
#7526=ORIENTED_EDGE('',*,*,#5212,.T.);
#7527=ORIENTED_EDGE('',*,*,#5248,.F.);
#7528=ORIENTED_EDGE('',*,*,#5249,.T.);
#7529=ORIENTED_EDGE('',*,*,#5250,.T.);
#7530=ORIENTED_EDGE('',*,*,#5251,.T.);
#7531=ORIENTED_EDGE('',*,*,#5218,.F.);
#7532=ORIENTED_EDGE('',*,*,#5220,.T.);
#7533=ORIENTED_EDGE('',*,*,#5252,.F.);
#7534=ORIENTED_EDGE('',*,*,#5253,.F.);
#7535=ORIENTED_EDGE('',*,*,#5254,.F.);
#7536=ORIENTED_EDGE('',*,*,#5255,.F.);
#7537=ORIENTED_EDGE('',*,*,#5256,.F.);
#7538=ORIENTED_EDGE('',*,*,#5257,.F.);
#7539=ORIENTED_EDGE('',*,*,#5258,.F.);
#7540=ORIENTED_EDGE('',*,*,#5259,.F.);
#7541=ORIENTED_EDGE('',*,*,#5260,.F.);
#7542=ORIENTED_EDGE('',*,*,#5261,.F.);
#7543=ORIENTED_EDGE('',*,*,#5262,.F.);
#7544=ORIENTED_EDGE('',*,*,#5263,.F.);
#7545=ORIENTED_EDGE('',*,*,#5264,.F.);
#7546=ORIENTED_EDGE('',*,*,#5265,.F.);
#7547=ORIENTED_EDGE('',*,*,#5266,.F.);
#7548=ORIENTED_EDGE('',*,*,#5267,.F.);
#7549=ORIENTED_EDGE('',*,*,#5260,.T.);
#7550=ORIENTED_EDGE('',*,*,#5268,.F.);
#7551=ORIENTED_EDGE('',*,*,#5269,.F.);
#7552=ORIENTED_EDGE('',*,*,#5270,.T.);
#7553=ORIENTED_EDGE('',*,*,#5259,.T.);
#7554=ORIENTED_EDGE('',*,*,#5271,.F.);
#7555=ORIENTED_EDGE('',*,*,#5272,.F.);
#7556=ORIENTED_EDGE('',*,*,#5268,.T.);
#7557=ORIENTED_EDGE('',*,*,#5258,.T.);
#7558=ORIENTED_EDGE('',*,*,#5273,.F.);
#7559=ORIENTED_EDGE('',*,*,#5274,.F.);
#7560=ORIENTED_EDGE('',*,*,#5271,.T.);
#7561=ORIENTED_EDGE('',*,*,#5257,.T.);
#7562=ORIENTED_EDGE('',*,*,#5275,.F.);
#7563=ORIENTED_EDGE('',*,*,#5276,.F.);
#7564=ORIENTED_EDGE('',*,*,#5273,.T.);
#7565=ORIENTED_EDGE('',*,*,#5256,.T.);
#7566=ORIENTED_EDGE('',*,*,#5277,.F.);
#7567=ORIENTED_EDGE('',*,*,#5278,.F.);
#7568=ORIENTED_EDGE('',*,*,#5275,.T.);
#7569=ORIENTED_EDGE('',*,*,#5255,.T.);
#7570=ORIENTED_EDGE('',*,*,#5279,.F.);
#7571=ORIENTED_EDGE('',*,*,#5280,.F.);
#7572=ORIENTED_EDGE('',*,*,#5277,.T.);
#7573=ORIENTED_EDGE('',*,*,#5254,.T.);
#7574=ORIENTED_EDGE('',*,*,#5281,.F.);
#7575=ORIENTED_EDGE('',*,*,#5282,.F.);
#7576=ORIENTED_EDGE('',*,*,#5279,.T.);
#7577=ORIENTED_EDGE('',*,*,#5253,.T.);
#7578=ORIENTED_EDGE('',*,*,#5283,.F.);
#7579=ORIENTED_EDGE('',*,*,#5284,.F.);
#7580=ORIENTED_EDGE('',*,*,#5281,.T.);
#7581=ORIENTED_EDGE('',*,*,#5285,.T.);
#7582=ORIENTED_EDGE('',*,*,#5286,.T.);
#7583=ORIENTED_EDGE('',*,*,#5287,.T.);
#7584=ORIENTED_EDGE('',*,*,#5286,.F.);
#7585=ORIENTED_EDGE('',*,*,#5288,.T.);
#7586=ORIENTED_EDGE('',*,*,#5289,.T.);
#7587=ORIENTED_EDGE('',*,*,#5290,.T.);
#7588=ORIENTED_EDGE('',*,*,#5288,.F.);
#7589=ORIENTED_EDGE('',*,*,#5285,.F.);
#7590=ORIENTED_EDGE('',*,*,#5290,.F.);
#7591=ORIENTED_EDGE('',*,*,#5287,.F.);
#7592=ORIENTED_EDGE('',*,*,#5291,.T.);
#7593=ORIENTED_EDGE('',*,*,#5292,.T.);
#7594=ORIENTED_EDGE('',*,*,#5293,.T.);
#7595=ORIENTED_EDGE('',*,*,#5294,.T.);
#7596=ORIENTED_EDGE('',*,*,#5295,.T.);
#7597=ORIENTED_EDGE('',*,*,#5296,.T.);
#7598=ORIENTED_EDGE('',*,*,#5297,.T.);
#7599=ORIENTED_EDGE('',*,*,#5269,.T.);
#7600=ORIENTED_EDGE('',*,*,#5272,.T.);
#7601=ORIENTED_EDGE('',*,*,#5274,.T.);
#7602=ORIENTED_EDGE('',*,*,#5276,.T.);
#7603=ORIENTED_EDGE('',*,*,#5278,.T.);
#7604=ORIENTED_EDGE('',*,*,#5280,.T.);
#7605=ORIENTED_EDGE('',*,*,#5282,.T.);
#7606=ORIENTED_EDGE('',*,*,#5284,.T.);
#7607=ORIENTED_EDGE('',*,*,#5298,.T.);
#7608=ORIENTED_EDGE('',*,*,#5299,.T.);
#7609=ORIENTED_EDGE('',*,*,#5300,.T.);
#7610=ORIENTED_EDGE('',*,*,#5301,.T.);
#7611=ORIENTED_EDGE('',*,*,#5300,.F.);
#7612=ORIENTED_EDGE('',*,*,#5302,.T.);
#7613=ORIENTED_EDGE('',*,*,#5299,.F.);
#7614=ORIENTED_EDGE('',*,*,#5303,.T.);
#7615=ORIENTED_EDGE('',*,*,#5304,.F.);
#7616=ORIENTED_EDGE('',*,*,#5305,.F.);
#7617=ORIENTED_EDGE('',*,*,#5303,.F.);
#7618=ORIENTED_EDGE('',*,*,#5302,.F.);
#7619=ORIENTED_EDGE('',*,*,#5134,.T.);
#7620=ORIENTED_EDGE('',*,*,#5301,.F.);
#7621=ORIENTED_EDGE('',*,*,#5306,.T.);
#7622=ORIENTED_EDGE('',*,*,#5307,.T.);
#7623=ORIENTED_EDGE('',*,*,#5304,.T.);
#7624=ORIENTED_EDGE('',*,*,#5305,.T.);
#7625=ORIENTED_EDGE('',*,*,#5307,.F.);
#7626=ORIENTED_EDGE('',*,*,#5306,.F.);
#7627=ORIENTED_EDGE('',*,*,#5289,.F.);
#7628=ORIENTED_EDGE('',*,*,#5308,.T.);
#7629=ORIENTED_EDGE('',*,*,#5222,.T.);
#7630=ORIENTED_EDGE('',*,*,#5309,.T.);
#7631=ORIENTED_EDGE('',*,*,#5310,.T.);
#7632=ORIENTED_EDGE('',*,*,#5120,.T.);
#7633=ORIENTED_EDGE('',*,*,#5311,.F.);
#7634=ORIENTED_EDGE('',*,*,#5310,.F.);
#7635=ORIENTED_EDGE('',*,*,#5312,.T.);
#7636=ORIENTED_EDGE('',*,*,#5121,.T.);
#7637=ORIENTED_EDGE('',*,*,#5312,.F.);
#7638=ORIENTED_EDGE('',*,*,#5309,.F.);
#7639=ORIENTED_EDGE('',*,*,#5251,.F.);
#7640=ORIENTED_EDGE('',*,*,#5313,.T.);
#7641=ORIENTED_EDGE('',*,*,#5314,.T.);
#7642=ORIENTED_EDGE('',*,*,#5315,.F.);
#7643=ORIENTED_EDGE('',*,*,#5316,.T.);
#7644=ORIENTED_EDGE('',*,*,#5317,.T.);
#7645=ORIENTED_EDGE('',*,*,#5226,.T.);
#7646=ORIENTED_EDGE('',*,*,#5318,.T.);
#7647=ORIENTED_EDGE('',*,*,#5319,.T.);
#7648=ORIENTED_EDGE('',*,*,#5116,.T.);
#7649=ORIENTED_EDGE('',*,*,#5320,.F.);
#7650=ORIENTED_EDGE('',*,*,#5319,.F.);
#7651=ORIENTED_EDGE('',*,*,#5321,.T.);
#7652=ORIENTED_EDGE('',*,*,#5117,.T.);
#7653=ORIENTED_EDGE('',*,*,#5321,.F.);
#7654=ORIENTED_EDGE('',*,*,#5318,.F.);
#7655=ORIENTED_EDGE('',*,*,#5225,.F.);
#7656=ORIENTED_EDGE('',*,*,#5322,.T.);
#7657=ORIENTED_EDGE('',*,*,#5323,.T.);
#7658=ORIENTED_EDGE('',*,*,#5324,.F.);
#7659=ORIENTED_EDGE('',*,*,#5325,.T.);
#7660=ORIENTED_EDGE('',*,*,#5326,.T.);
#7661=ORIENTED_EDGE('',*,*,#5230,.T.);
#7662=ORIENTED_EDGE('',*,*,#5327,.T.);
#7663=ORIENTED_EDGE('',*,*,#5328,.T.);
#7664=ORIENTED_EDGE('',*,*,#5111,.T.);
#7665=ORIENTED_EDGE('',*,*,#5329,.F.);
#7666=ORIENTED_EDGE('',*,*,#5330,.F.);
#7667=ORIENTED_EDGE('',*,*,#5331,.T.);
#7668=ORIENTED_EDGE('',*,*,#5332,.F.);
#7669=ORIENTED_EDGE('',*,*,#5231,.F.);
#7670=ORIENTED_EDGE('',*,*,#5326,.F.);
#7671=ORIENTED_EDGE('',*,*,#5333,.T.);
#7672=ORIENTED_EDGE('',*,*,#5112,.T.);
#7673=ORIENTED_EDGE('',*,*,#5333,.F.);
#7674=ORIENTED_EDGE('',*,*,#5328,.F.);
#7675=ORIENTED_EDGE('',*,*,#5334,.T.);
#7676=ORIENTED_EDGE('',*,*,#5207,.T.);
#7677=ORIENTED_EDGE('',*,*,#5246,.T.);
#7678=ORIENTED_EDGE('',*,*,#5195,.T.);
#7679=ORIENTED_EDGE('',*,*,#5201,.T.);
#7680=ORIENTED_EDGE('',*,*,#5191,.T.);
#7681=ORIENTED_EDGE('',*,*,#5244,.T.);
#7682=ORIENTED_EDGE('',*,*,#5179,.T.);
#7683=ORIENTED_EDGE('',*,*,#5185,.T.);
#7684=ORIENTED_EDGE('',*,*,#5175,.T.);
#7685=ORIENTED_EDGE('',*,*,#5242,.T.);
#7686=ORIENTED_EDGE('',*,*,#5163,.T.);
#7687=ORIENTED_EDGE('',*,*,#5169,.T.);
#7688=ORIENTED_EDGE('',*,*,#5159,.T.);
#7689=ORIENTED_EDGE('',*,*,#5240,.T.);
#7690=ORIENTED_EDGE('',*,*,#5147,.T.);
#7691=ORIENTED_EDGE('',*,*,#5153,.T.);
#7692=ORIENTED_EDGE('',*,*,#5143,.T.);
#7693=ORIENTED_EDGE('',*,*,#5238,.T.);
#7694=ORIENTED_EDGE('',*,*,#5335,.T.);
#7695=ORIENTED_EDGE('',*,*,#5136,.T.);
#7696=ORIENTED_EDGE('',*,*,#5105,.T.);
#7697=ORIENTED_EDGE('',*,*,#5137,.F.);
#7698=ORIENTED_EDGE('',*,*,#5335,.F.);
#7699=ORIENTED_EDGE('',*,*,#5237,.F.);
#7700=ORIENTED_EDGE('',*,*,#5336,.T.);
#7701=ORIENTED_EDGE('',*,*,#5337,.T.);
#7702=ORIENTED_EDGE('',*,*,#5338,.F.);
#7703=ORIENTED_EDGE('',*,*,#5339,.T.);
#7704=ORIENTED_EDGE('',*,*,#5340,.T.);
#7705=ORIENTED_EDGE('',*,*,#5234,.T.);
#7706=ORIENTED_EDGE('',*,*,#5341,.T.);
#7707=ORIENTED_EDGE('',*,*,#5342,.T.);
#7708=ORIENTED_EDGE('',*,*,#5108,.T.);
#7709=ORIENTED_EDGE('',*,*,#5343,.F.);
#7710=ORIENTED_EDGE('',*,*,#5342,.F.);
#7711=ORIENTED_EDGE('',*,*,#5344,.T.);
#7712=ORIENTED_EDGE('',*,*,#5109,.T.);
#7713=ORIENTED_EDGE('',*,*,#5344,.F.);
#7714=ORIENTED_EDGE('',*,*,#5341,.F.);
#7715=ORIENTED_EDGE('',*,*,#5233,.F.);
#7716=ORIENTED_EDGE('',*,*,#5345,.T.);
#7717=ORIENTED_EDGE('',*,*,#5346,.T.);
#7718=ORIENTED_EDGE('',*,*,#5347,.F.);
#7719=ORIENTED_EDGE('',*,*,#5348,.T.);
#7720=ORIENTED_EDGE('',*,*,#5349,.T.);
#7721=ORIENTED_EDGE('',*,*,#5248,.T.);
#7722=ORIENTED_EDGE('',*,*,#5211,.T.);
#7723=ORIENTED_EDGE('',*,*,#5350,.T.);
#7724=ORIENTED_EDGE('',*,*,#5124,.T.);
#7725=ORIENTED_EDGE('',*,*,#5351,.F.);
#7726=ORIENTED_EDGE('',*,*,#5350,.F.);
#7727=ORIENTED_EDGE('',*,*,#5210,.T.);
#7728=ORIENTED_EDGE('',*,*,#5324,.T.);
#7729=ORIENTED_EDGE('',*,*,#5352,.T.);
#7730=ORIENTED_EDGE('',*,*,#5353,.T.);
#7731=ORIENTED_EDGE('',*,*,#5354,.T.);
#7732=ORIENTED_EDGE('',*,*,#5352,.F.);
#7733=ORIENTED_EDGE('',*,*,#5323,.F.);
#7734=ORIENTED_EDGE('',*,*,#5355,.F.);
#7735=ORIENTED_EDGE('',*,*,#5356,.F.);
#7736=ORIENTED_EDGE('',*,*,#5357,.T.);
#7737=ORIENTED_EDGE('',*,*,#5358,.T.);
#7738=ORIENTED_EDGE('',*,*,#5359,.T.);
#7739=ORIENTED_EDGE('',*,*,#5360,.T.);
#7740=ORIENTED_EDGE('',*,*,#5358,.F.);
#7741=ORIENTED_EDGE('',*,*,#5361,.F.);
#7742=ORIENTED_EDGE('',*,*,#5362,.F.);
#7743=ORIENTED_EDGE('',*,*,#5363,.F.);
#7744=ORIENTED_EDGE('',*,*,#5347,.T.);
#7745=ORIENTED_EDGE('',*,*,#5364,.T.);
#7746=ORIENTED_EDGE('',*,*,#5330,.T.);
#7747=ORIENTED_EDGE('',*,*,#5365,.T.);
#7748=ORIENTED_EDGE('',*,*,#5364,.F.);
#7749=ORIENTED_EDGE('',*,*,#5346,.F.);
#7750=ORIENTED_EDGE('',*,*,#5366,.F.);
#7751=ORIENTED_EDGE('',*,*,#5331,.F.);
#7752=ORIENTED_EDGE('',*,*,#5338,.T.);
#7753=ORIENTED_EDGE('',*,*,#5367,.T.);
#7754=ORIENTED_EDGE('',*,*,#5368,.T.);
#7755=ORIENTED_EDGE('',*,*,#5369,.T.);
#7756=ORIENTED_EDGE('',*,*,#5367,.F.);
#7757=ORIENTED_EDGE('',*,*,#5337,.F.);
#7758=ORIENTED_EDGE('',*,*,#5370,.F.);
#7759=ORIENTED_EDGE('',*,*,#5371,.F.);
#7760=ORIENTED_EDGE('',*,*,#5151,.T.);
#7761=ORIENTED_EDGE('',*,*,#5372,.T.);
#7762=ORIENTED_EDGE('',*,*,#5139,.T.);
#7763=ORIENTED_EDGE('',*,*,#5145,.T.);
#7764=ORIENTED_EDGE('',*,*,#5372,.F.);
#7765=ORIENTED_EDGE('',*,*,#5150,.F.);
#7766=ORIENTED_EDGE('',*,*,#5373,.F.);
#7767=ORIENTED_EDGE('',*,*,#5140,.F.);
#7768=ORIENTED_EDGE('',*,*,#5167,.T.);
#7769=ORIENTED_EDGE('',*,*,#5374,.T.);
#7770=ORIENTED_EDGE('',*,*,#5155,.T.);
#7771=ORIENTED_EDGE('',*,*,#5161,.T.);
#7772=ORIENTED_EDGE('',*,*,#5374,.F.);
#7773=ORIENTED_EDGE('',*,*,#5166,.F.);
#7774=ORIENTED_EDGE('',*,*,#5375,.F.);
#7775=ORIENTED_EDGE('',*,*,#5156,.F.);
#7776=ORIENTED_EDGE('',*,*,#5183,.T.);
#7777=ORIENTED_EDGE('',*,*,#5376,.T.);
#7778=ORIENTED_EDGE('',*,*,#5171,.T.);
#7779=ORIENTED_EDGE('',*,*,#5177,.T.);
#7780=ORIENTED_EDGE('',*,*,#5376,.F.);
#7781=ORIENTED_EDGE('',*,*,#5182,.F.);
#7782=ORIENTED_EDGE('',*,*,#5377,.F.);
#7783=ORIENTED_EDGE('',*,*,#5172,.F.);
#7784=ORIENTED_EDGE('',*,*,#5199,.T.);
#7785=ORIENTED_EDGE('',*,*,#5378,.T.);
#7786=ORIENTED_EDGE('',*,*,#5187,.T.);
#7787=ORIENTED_EDGE('',*,*,#5193,.T.);
#7788=ORIENTED_EDGE('',*,*,#5378,.F.);
#7789=ORIENTED_EDGE('',*,*,#5198,.F.);
#7790=ORIENTED_EDGE('',*,*,#5379,.F.);
#7791=ORIENTED_EDGE('',*,*,#5188,.F.);
#7792=ORIENTED_EDGE('',*,*,#5215,.T.);
#7793=ORIENTED_EDGE('',*,*,#5380,.T.);
#7794=ORIENTED_EDGE('',*,*,#5203,.T.);
#7795=ORIENTED_EDGE('',*,*,#5209,.T.);
#7796=ORIENTED_EDGE('',*,*,#5380,.F.);
#7797=ORIENTED_EDGE('',*,*,#5214,.F.);
#7798=ORIENTED_EDGE('',*,*,#5381,.F.);
#7799=ORIENTED_EDGE('',*,*,#5204,.F.);
#7800=ORIENTED_EDGE('',*,*,#5315,.T.);
#7801=ORIENTED_EDGE('',*,*,#5382,.T.);
#7802=ORIENTED_EDGE('',*,*,#5383,.T.);
#7803=ORIENTED_EDGE('',*,*,#5384,.T.);
#7804=ORIENTED_EDGE('',*,*,#5382,.F.);
#7805=ORIENTED_EDGE('',*,*,#5314,.F.);
#7806=ORIENTED_EDGE('',*,*,#5385,.F.);
#7807=ORIENTED_EDGE('',*,*,#5386,.F.);
#7808=ORIENTED_EDGE('',*,*,#5243,.F.);
#7809=ORIENTED_EDGE('',*,*,#5173,.T.);
#7810=ORIENTED_EDGE('',*,*,#5377,.T.);
#7811=ORIENTED_EDGE('',*,*,#5181,.F.);
#7812=ORIENTED_EDGE('',*,*,#5224,.F.);
#7813=ORIENTED_EDGE('',*,*,#5387,.T.);
#7814=ORIENTED_EDGE('',*,*,#5355,.T.);
#7815=ORIENTED_EDGE('',*,*,#5322,.F.);
#7816=ORIENTED_EDGE('',*,*,#5245,.F.);
#7817=ORIENTED_EDGE('',*,*,#5189,.T.);
#7818=ORIENTED_EDGE('',*,*,#5379,.T.);
#7819=ORIENTED_EDGE('',*,*,#5197,.F.);
#7820=ORIENTED_EDGE('',*,*,#5236,.F.);
#7821=ORIENTED_EDGE('',*,*,#5388,.T.);
#7822=ORIENTED_EDGE('',*,*,#5370,.T.);
#7823=ORIENTED_EDGE('',*,*,#5336,.F.);
#7824=ORIENTED_EDGE('',*,*,#5228,.F.);
#7825=ORIENTED_EDGE('',*,*,#5389,.T.);
#7826=ORIENTED_EDGE('',*,*,#5362,.T.);
#7827=ORIENTED_EDGE('',*,*,#5390,.F.);
#7828=ORIENTED_EDGE('',*,*,#5241,.F.);
#7829=ORIENTED_EDGE('',*,*,#5157,.T.);
#7830=ORIENTED_EDGE('',*,*,#5375,.T.);
#7831=ORIENTED_EDGE('',*,*,#5165,.F.);
#7832=ORIENTED_EDGE('',*,*,#5250,.F.);
#7833=ORIENTED_EDGE('',*,*,#5391,.T.);
#7834=ORIENTED_EDGE('',*,*,#5385,.T.);
#7835=ORIENTED_EDGE('',*,*,#5313,.F.);
#7836=ORIENTED_EDGE('',*,*,#5247,.F.);
#7837=ORIENTED_EDGE('',*,*,#5205,.T.);
#7838=ORIENTED_EDGE('',*,*,#5381,.T.);
#7839=ORIENTED_EDGE('',*,*,#5213,.F.);
#7840=ORIENTED_EDGE('',*,*,#5239,.F.);
#7841=ORIENTED_EDGE('',*,*,#5141,.T.);
#7842=ORIENTED_EDGE('',*,*,#5373,.T.);
#7843=ORIENTED_EDGE('',*,*,#5149,.F.);
#7844=ORIENTED_EDGE('',*,*,#5232,.F.);
#7845=ORIENTED_EDGE('',*,*,#5332,.T.);
#7846=ORIENTED_EDGE('',*,*,#5366,.T.);
#7847=ORIENTED_EDGE('',*,*,#5345,.F.);
#7848=ORIENTED_EDGE('',*,*,#5110,.T.);
#7849=ORIENTED_EDGE('',*,*,#5348,.F.);
#7850=ORIENTED_EDGE('',*,*,#5365,.F.);
#7851=ORIENTED_EDGE('',*,*,#5329,.T.);
#7852=ORIENTED_EDGE('',*,*,#5107,.T.);
#7853=ORIENTED_EDGE('',*,*,#5392,.F.);
#7854=ORIENTED_EDGE('',*,*,#5368,.F.);
#7855=ORIENTED_EDGE('',*,*,#5371,.T.);
#7856=ORIENTED_EDGE('',*,*,#5388,.F.);
#7857=ORIENTED_EDGE('',*,*,#5235,.F.);
#7858=ORIENTED_EDGE('',*,*,#5340,.F.);
#7859=ORIENTED_EDGE('',*,*,#5343,.T.);
#7860=ORIENTED_EDGE('',*,*,#5106,.T.);
#7861=ORIENTED_EDGE('',*,*,#5339,.F.);
#7862=ORIENTED_EDGE('',*,*,#5369,.F.);
#7863=ORIENTED_EDGE('',*,*,#5392,.T.);
#7864=ORIENTED_EDGE('',*,*,#5123,.T.);
#7865=ORIENTED_EDGE('',*,*,#5393,.F.);
#7866=ORIENTED_EDGE('',*,*,#5383,.F.);
#7867=ORIENTED_EDGE('',*,*,#5386,.T.);
#7868=ORIENTED_EDGE('',*,*,#5391,.F.);
#7869=ORIENTED_EDGE('',*,*,#5249,.F.);
#7870=ORIENTED_EDGE('',*,*,#5349,.F.);
#7871=ORIENTED_EDGE('',*,*,#5351,.T.);
#7872=ORIENTED_EDGE('',*,*,#5122,.T.);
#7873=ORIENTED_EDGE('',*,*,#5316,.F.);
#7874=ORIENTED_EDGE('',*,*,#5384,.F.);
#7875=ORIENTED_EDGE('',*,*,#5393,.T.);
#7876=ORIENTED_EDGE('',*,*,#5119,.T.);
#7877=ORIENTED_EDGE('',*,*,#5394,.F.);
#7878=ORIENTED_EDGE('',*,*,#5353,.F.);
#7879=ORIENTED_EDGE('',*,*,#5356,.T.);
#7880=ORIENTED_EDGE('',*,*,#5387,.F.);
#7881=ORIENTED_EDGE('',*,*,#5223,.F.);
#7882=ORIENTED_EDGE('',*,*,#5308,.F.);
#7883=ORIENTED_EDGE('',*,*,#5311,.T.);
#7884=ORIENTED_EDGE('',*,*,#5118,.T.);
#7885=ORIENTED_EDGE('',*,*,#5325,.F.);
#7886=ORIENTED_EDGE('',*,*,#5354,.F.);
#7887=ORIENTED_EDGE('',*,*,#5394,.T.);
#7888=ORIENTED_EDGE('',*,*,#5115,.T.);
#7889=ORIENTED_EDGE('',*,*,#5395,.F.);
#7890=ORIENTED_EDGE('',*,*,#5359,.F.);
#7891=ORIENTED_EDGE('',*,*,#5363,.T.);
#7892=ORIENTED_EDGE('',*,*,#5389,.F.);
#7893=ORIENTED_EDGE('',*,*,#5227,.F.);
#7894=ORIENTED_EDGE('',*,*,#5317,.F.);
#7895=ORIENTED_EDGE('',*,*,#5320,.T.);
#7896=ORIENTED_EDGE('',*,*,#5114,.T.);
#7897=ORIENTED_EDGE('',*,*,#5396,.F.);
#7898=ORIENTED_EDGE('',*,*,#5360,.F.);
#7899=ORIENTED_EDGE('',*,*,#5395,.T.);
#7900=ORIENTED_EDGE('',*,*,#5113,.T.);
#7901=ORIENTED_EDGE('',*,*,#5334,.F.);
#7902=ORIENTED_EDGE('',*,*,#5327,.F.);
#7903=ORIENTED_EDGE('',*,*,#5229,.F.);
#7904=ORIENTED_EDGE('',*,*,#5390,.T.);
#7905=ORIENTED_EDGE('',*,*,#5361,.T.);
#7906=ORIENTED_EDGE('',*,*,#5357,.F.);
#7907=ORIENTED_EDGE('',*,*,#5396,.T.);
#7908=ORIENTED_EDGE('',*,*,#5252,.T.);
#7909=ORIENTED_EDGE('',*,*,#5397,.F.);
#7910=ORIENTED_EDGE('',*,*,#5298,.F.);
#7911=ORIENTED_EDGE('',*,*,#5283,.T.);
#7912=ORIENTED_EDGE('',*,*,#5267,.T.);
#7913=ORIENTED_EDGE('',*,*,#5398,.F.);
#7914=ORIENTED_EDGE('',*,*,#5291,.F.);
#7915=ORIENTED_EDGE('',*,*,#5397,.T.);
#7916=ORIENTED_EDGE('',*,*,#5266,.T.);
#7917=ORIENTED_EDGE('',*,*,#5399,.F.);
#7918=ORIENTED_EDGE('',*,*,#5292,.F.);
#7919=ORIENTED_EDGE('',*,*,#5398,.T.);
#7920=ORIENTED_EDGE('',*,*,#5265,.T.);
#7921=ORIENTED_EDGE('',*,*,#5400,.F.);
#7922=ORIENTED_EDGE('',*,*,#5293,.F.);
#7923=ORIENTED_EDGE('',*,*,#5399,.T.);
#7924=ORIENTED_EDGE('',*,*,#5264,.T.);
#7925=ORIENTED_EDGE('',*,*,#5401,.F.);
#7926=ORIENTED_EDGE('',*,*,#5294,.F.);
#7927=ORIENTED_EDGE('',*,*,#5400,.T.);
#7928=ORIENTED_EDGE('',*,*,#5263,.T.);
#7929=ORIENTED_EDGE('',*,*,#5402,.F.);
#7930=ORIENTED_EDGE('',*,*,#5295,.F.);
#7931=ORIENTED_EDGE('',*,*,#5401,.T.);
#7932=ORIENTED_EDGE('',*,*,#5262,.T.);
#7933=ORIENTED_EDGE('',*,*,#5403,.F.);
#7934=ORIENTED_EDGE('',*,*,#5296,.F.);
#7935=ORIENTED_EDGE('',*,*,#5402,.T.);
#7936=ORIENTED_EDGE('',*,*,#5261,.T.);
#7937=ORIENTED_EDGE('',*,*,#5270,.F.);
#7938=ORIENTED_EDGE('',*,*,#5297,.F.);
#7939=ORIENTED_EDGE('',*,*,#5403,.T.);
#7940=ORIENTED_EDGE('',*,*,#5404,.T.);
#7941=ORIENTED_EDGE('',*,*,#5405,.F.);
#7942=ORIENTED_EDGE('',*,*,#5406,.F.);
#7943=ORIENTED_EDGE('',*,*,#5407,.F.);
#7944=ORIENTED_EDGE('',*,*,#5408,.F.);
#7945=ORIENTED_EDGE('',*,*,#5407,.T.);
#7946=ORIENTED_EDGE('',*,*,#5409,.F.);
#7947=ORIENTED_EDGE('',*,*,#5410,.F.);
#7948=ORIENTED_EDGE('',*,*,#5411,.F.);
#7949=ORIENTED_EDGE('',*,*,#5410,.T.);
#7950=ORIENTED_EDGE('',*,*,#5412,.F.);
#7951=ORIENTED_EDGE('',*,*,#5413,.F.);
#7952=ORIENTED_EDGE('',*,*,#5405,.T.);
#7953=ORIENTED_EDGE('',*,*,#5414,.F.);
#7954=ORIENTED_EDGE('',*,*,#5415,.F.);
#7955=ORIENTED_EDGE('',*,*,#5416,.T.);
#7956=ORIENTED_EDGE('',*,*,#5417,.T.);
#7957=ORIENTED_EDGE('',*,*,#5418,.T.);
#7958=ORIENTED_EDGE('',*,*,#5415,.T.);
#7959=ORIENTED_EDGE('',*,*,#5419,.T.);
#7960=ORIENTED_EDGE('',*,*,#5420,.T.);
#7961=ORIENTED_EDGE('',*,*,#5421,.T.);
#7962=ORIENTED_EDGE('',*,*,#5422,.T.);
#7963=ORIENTED_EDGE('',*,*,#5423,.T.);
#7964=ORIENTED_EDGE('',*,*,#5424,.T.);
#7965=ORIENTED_EDGE('',*,*,#5425,.T.);
#7966=ORIENTED_EDGE('',*,*,#5426,.F.);
#7967=ORIENTED_EDGE('',*,*,#5427,.F.);
#7968=ORIENTED_EDGE('',*,*,#5428,.F.);
#7969=ORIENTED_EDGE('',*,*,#5412,.T.);
#7970=ORIENTED_EDGE('',*,*,#5409,.T.);
#7971=ORIENTED_EDGE('',*,*,#5406,.T.);
#7972=ORIENTED_EDGE('',*,*,#5416,.F.);
#7973=ORIENTED_EDGE('',*,*,#5418,.F.);
#7974=ORIENTED_EDGE('',*,*,#5413,.T.);
#7975=ORIENTED_EDGE('',*,*,#5428,.T.);
#7976=ORIENTED_EDGE('',*,*,#5429,.F.);
#7977=ORIENTED_EDGE('',*,*,#5430,.F.);
#7978=ORIENTED_EDGE('',*,*,#5414,.T.);
#7979=ORIENTED_EDGE('',*,*,#5404,.F.);
#7980=ORIENTED_EDGE('',*,*,#5408,.T.);
#7981=ORIENTED_EDGE('',*,*,#5411,.T.);
#7982=ORIENTED_EDGE('',*,*,#5430,.T.);
#7983=ORIENTED_EDGE('',*,*,#5431,.F.);
#7984=ORIENTED_EDGE('',*,*,#5432,.F.);
#7985=ORIENTED_EDGE('',*,*,#5419,.F.);
#7986=ORIENTED_EDGE('',*,*,#5432,.T.);
#7987=ORIENTED_EDGE('',*,*,#5433,.F.);
#7988=ORIENTED_EDGE('',*,*,#5434,.F.);
#7989=ORIENTED_EDGE('',*,*,#5420,.F.);
#7990=ORIENTED_EDGE('',*,*,#5434,.T.);
#7991=ORIENTED_EDGE('',*,*,#5435,.F.);
#7992=ORIENTED_EDGE('',*,*,#5436,.F.);
#7993=ORIENTED_EDGE('',*,*,#5421,.F.);
#7994=ORIENTED_EDGE('',*,*,#5436,.T.);
#7995=ORIENTED_EDGE('',*,*,#5437,.F.);
#7996=ORIENTED_EDGE('',*,*,#5438,.F.);
#7997=ORIENTED_EDGE('',*,*,#5422,.F.);
#7998=ORIENTED_EDGE('',*,*,#5438,.T.);
#7999=ORIENTED_EDGE('',*,*,#5439,.F.);
#8000=ORIENTED_EDGE('',*,*,#5440,.F.);
#8001=ORIENTED_EDGE('',*,*,#5423,.F.);
#8002=ORIENTED_EDGE('',*,*,#5440,.T.);
#8003=ORIENTED_EDGE('',*,*,#5441,.F.);
#8004=ORIENTED_EDGE('',*,*,#5442,.F.);
#8005=ORIENTED_EDGE('',*,*,#5424,.F.);
#8006=ORIENTED_EDGE('',*,*,#5442,.T.);
#8007=ORIENTED_EDGE('',*,*,#5443,.F.);
#8008=ORIENTED_EDGE('',*,*,#5444,.F.);
#8009=ORIENTED_EDGE('',*,*,#5425,.F.);
#8010=ORIENTED_EDGE('',*,*,#5444,.T.);
#8011=ORIENTED_EDGE('',*,*,#5445,.F.);
#8012=ORIENTED_EDGE('',*,*,#5426,.T.);
#8013=ORIENTED_EDGE('',*,*,#5417,.F.);
#8014=ORIENTED_EDGE('',*,*,#5445,.T.);
#8015=ORIENTED_EDGE('',*,*,#5443,.T.);
#8016=ORIENTED_EDGE('',*,*,#5441,.T.);
#8017=ORIENTED_EDGE('',*,*,#5439,.T.);
#8018=ORIENTED_EDGE('',*,*,#5437,.T.);
#8019=ORIENTED_EDGE('',*,*,#5435,.T.);
#8020=ORIENTED_EDGE('',*,*,#5433,.T.);
#8021=ORIENTED_EDGE('',*,*,#5431,.T.);
#8022=ORIENTED_EDGE('',*,*,#5429,.T.);
#8023=ORIENTED_EDGE('',*,*,#5427,.T.);
#8024=ORIENTED_EDGE('',*,*,#5446,.T.);
#8025=ORIENTED_EDGE('',*,*,#5447,.F.);
#8026=ORIENTED_EDGE('',*,*,#5448,.F.);
#8027=ORIENTED_EDGE('',*,*,#5449,.F.);
#8028=ORIENTED_EDGE('',*,*,#5450,.F.);
#8029=ORIENTED_EDGE('',*,*,#5449,.T.);
#8030=ORIENTED_EDGE('',*,*,#5451,.F.);
#8031=ORIENTED_EDGE('',*,*,#5452,.F.);
#8032=ORIENTED_EDGE('',*,*,#5453,.F.);
#8033=ORIENTED_EDGE('',*,*,#5452,.T.);
#8034=ORIENTED_EDGE('',*,*,#5454,.F.);
#8035=ORIENTED_EDGE('',*,*,#5455,.F.);
#8036=ORIENTED_EDGE('',*,*,#5447,.T.);
#8037=ORIENTED_EDGE('',*,*,#5456,.F.);
#8038=ORIENTED_EDGE('',*,*,#5457,.F.);
#8039=ORIENTED_EDGE('',*,*,#5458,.T.);
#8040=ORIENTED_EDGE('',*,*,#5459,.T.);
#8041=ORIENTED_EDGE('',*,*,#5460,.T.);
#8042=ORIENTED_EDGE('',*,*,#5457,.T.);
#8043=ORIENTED_EDGE('',*,*,#5461,.T.);
#8044=ORIENTED_EDGE('',*,*,#5462,.T.);
#8045=ORIENTED_EDGE('',*,*,#5463,.T.);
#8046=ORIENTED_EDGE('',*,*,#5464,.T.);
#8047=ORIENTED_EDGE('',*,*,#5465,.T.);
#8048=ORIENTED_EDGE('',*,*,#5466,.T.);
#8049=ORIENTED_EDGE('',*,*,#5467,.T.);
#8050=ORIENTED_EDGE('',*,*,#5468,.F.);
#8051=ORIENTED_EDGE('',*,*,#5469,.F.);
#8052=ORIENTED_EDGE('',*,*,#5470,.F.);
#8053=ORIENTED_EDGE('',*,*,#5454,.T.);
#8054=ORIENTED_EDGE('',*,*,#5451,.T.);
#8055=ORIENTED_EDGE('',*,*,#5448,.T.);
#8056=ORIENTED_EDGE('',*,*,#5458,.F.);
#8057=ORIENTED_EDGE('',*,*,#5460,.F.);
#8058=ORIENTED_EDGE('',*,*,#5455,.T.);
#8059=ORIENTED_EDGE('',*,*,#5470,.T.);
#8060=ORIENTED_EDGE('',*,*,#5471,.F.);
#8061=ORIENTED_EDGE('',*,*,#5472,.F.);
#8062=ORIENTED_EDGE('',*,*,#5456,.T.);
#8063=ORIENTED_EDGE('',*,*,#5446,.F.);
#8064=ORIENTED_EDGE('',*,*,#5450,.T.);
#8065=ORIENTED_EDGE('',*,*,#5453,.T.);
#8066=ORIENTED_EDGE('',*,*,#5472,.T.);
#8067=ORIENTED_EDGE('',*,*,#5473,.F.);
#8068=ORIENTED_EDGE('',*,*,#5474,.F.);
#8069=ORIENTED_EDGE('',*,*,#5461,.F.);
#8070=ORIENTED_EDGE('',*,*,#5474,.T.);
#8071=ORIENTED_EDGE('',*,*,#5475,.F.);
#8072=ORIENTED_EDGE('',*,*,#5476,.F.);
#8073=ORIENTED_EDGE('',*,*,#5462,.F.);
#8074=ORIENTED_EDGE('',*,*,#5476,.T.);
#8075=ORIENTED_EDGE('',*,*,#5477,.F.);
#8076=ORIENTED_EDGE('',*,*,#5478,.F.);
#8077=ORIENTED_EDGE('',*,*,#5463,.F.);
#8078=ORIENTED_EDGE('',*,*,#5478,.T.);
#8079=ORIENTED_EDGE('',*,*,#5479,.F.);
#8080=ORIENTED_EDGE('',*,*,#5480,.F.);
#8081=ORIENTED_EDGE('',*,*,#5464,.F.);
#8082=ORIENTED_EDGE('',*,*,#5480,.T.);
#8083=ORIENTED_EDGE('',*,*,#5481,.F.);
#8084=ORIENTED_EDGE('',*,*,#5482,.F.);
#8085=ORIENTED_EDGE('',*,*,#5465,.F.);
#8086=ORIENTED_EDGE('',*,*,#5482,.T.);
#8087=ORIENTED_EDGE('',*,*,#5483,.F.);
#8088=ORIENTED_EDGE('',*,*,#5484,.F.);
#8089=ORIENTED_EDGE('',*,*,#5466,.F.);
#8090=ORIENTED_EDGE('',*,*,#5484,.T.);
#8091=ORIENTED_EDGE('',*,*,#5485,.F.);
#8092=ORIENTED_EDGE('',*,*,#5486,.F.);
#8093=ORIENTED_EDGE('',*,*,#5467,.F.);
#8094=ORIENTED_EDGE('',*,*,#5486,.T.);
#8095=ORIENTED_EDGE('',*,*,#5487,.F.);
#8096=ORIENTED_EDGE('',*,*,#5468,.T.);
#8097=ORIENTED_EDGE('',*,*,#5459,.F.);
#8098=ORIENTED_EDGE('',*,*,#5487,.T.);
#8099=ORIENTED_EDGE('',*,*,#5485,.T.);
#8100=ORIENTED_EDGE('',*,*,#5483,.T.);
#8101=ORIENTED_EDGE('',*,*,#5481,.T.);
#8102=ORIENTED_EDGE('',*,*,#5479,.T.);
#8103=ORIENTED_EDGE('',*,*,#5477,.T.);
#8104=ORIENTED_EDGE('',*,*,#5475,.T.);
#8105=ORIENTED_EDGE('',*,*,#5473,.T.);
#8106=ORIENTED_EDGE('',*,*,#5471,.T.);
#8107=ORIENTED_EDGE('',*,*,#5469,.T.);
#8108=ORIENTED_EDGE('',*,*,#5488,.T.);
#8109=ORIENTED_EDGE('',*,*,#5489,.F.);
#8110=ORIENTED_EDGE('',*,*,#5490,.F.);
#8111=ORIENTED_EDGE('',*,*,#5491,.F.);
#8112=ORIENTED_EDGE('',*,*,#5492,.F.);
#8113=ORIENTED_EDGE('',*,*,#5491,.T.);
#8114=ORIENTED_EDGE('',*,*,#5493,.F.);
#8115=ORIENTED_EDGE('',*,*,#5494,.F.);
#8116=ORIENTED_EDGE('',*,*,#5495,.F.);
#8117=ORIENTED_EDGE('',*,*,#5494,.T.);
#8118=ORIENTED_EDGE('',*,*,#5496,.F.);
#8119=ORIENTED_EDGE('',*,*,#5497,.F.);
#8120=ORIENTED_EDGE('',*,*,#5489,.T.);
#8121=ORIENTED_EDGE('',*,*,#5498,.F.);
#8122=ORIENTED_EDGE('',*,*,#5499,.F.);
#8123=ORIENTED_EDGE('',*,*,#5500,.T.);
#8124=ORIENTED_EDGE('',*,*,#5501,.T.);
#8125=ORIENTED_EDGE('',*,*,#5502,.T.);
#8126=ORIENTED_EDGE('',*,*,#5499,.T.);
#8127=ORIENTED_EDGE('',*,*,#5503,.T.);
#8128=ORIENTED_EDGE('',*,*,#5504,.T.);
#8129=ORIENTED_EDGE('',*,*,#5505,.T.);
#8130=ORIENTED_EDGE('',*,*,#5506,.T.);
#8131=ORIENTED_EDGE('',*,*,#5507,.T.);
#8132=ORIENTED_EDGE('',*,*,#5508,.T.);
#8133=ORIENTED_EDGE('',*,*,#5509,.T.);
#8134=ORIENTED_EDGE('',*,*,#5510,.F.);
#8135=ORIENTED_EDGE('',*,*,#5511,.F.);
#8136=ORIENTED_EDGE('',*,*,#5512,.F.);
#8137=ORIENTED_EDGE('',*,*,#5496,.T.);
#8138=ORIENTED_EDGE('',*,*,#5493,.T.);
#8139=ORIENTED_EDGE('',*,*,#5490,.T.);
#8140=ORIENTED_EDGE('',*,*,#5500,.F.);
#8141=ORIENTED_EDGE('',*,*,#5502,.F.);
#8142=ORIENTED_EDGE('',*,*,#5497,.T.);
#8143=ORIENTED_EDGE('',*,*,#5512,.T.);
#8144=ORIENTED_EDGE('',*,*,#5513,.F.);
#8145=ORIENTED_EDGE('',*,*,#5514,.F.);
#8146=ORIENTED_EDGE('',*,*,#5498,.T.);
#8147=ORIENTED_EDGE('',*,*,#5488,.F.);
#8148=ORIENTED_EDGE('',*,*,#5492,.T.);
#8149=ORIENTED_EDGE('',*,*,#5495,.T.);
#8150=ORIENTED_EDGE('',*,*,#5514,.T.);
#8151=ORIENTED_EDGE('',*,*,#5515,.F.);
#8152=ORIENTED_EDGE('',*,*,#5516,.F.);
#8153=ORIENTED_EDGE('',*,*,#5503,.F.);
#8154=ORIENTED_EDGE('',*,*,#5516,.T.);
#8155=ORIENTED_EDGE('',*,*,#5517,.F.);
#8156=ORIENTED_EDGE('',*,*,#5518,.F.);
#8157=ORIENTED_EDGE('',*,*,#5504,.F.);
#8158=ORIENTED_EDGE('',*,*,#5518,.T.);
#8159=ORIENTED_EDGE('',*,*,#5519,.F.);
#8160=ORIENTED_EDGE('',*,*,#5520,.F.);
#8161=ORIENTED_EDGE('',*,*,#5505,.F.);
#8162=ORIENTED_EDGE('',*,*,#5520,.T.);
#8163=ORIENTED_EDGE('',*,*,#5521,.F.);
#8164=ORIENTED_EDGE('',*,*,#5522,.F.);
#8165=ORIENTED_EDGE('',*,*,#5506,.F.);
#8166=ORIENTED_EDGE('',*,*,#5522,.T.);
#8167=ORIENTED_EDGE('',*,*,#5523,.F.);
#8168=ORIENTED_EDGE('',*,*,#5524,.F.);
#8169=ORIENTED_EDGE('',*,*,#5507,.F.);
#8170=ORIENTED_EDGE('',*,*,#5524,.T.);
#8171=ORIENTED_EDGE('',*,*,#5525,.F.);
#8172=ORIENTED_EDGE('',*,*,#5526,.F.);
#8173=ORIENTED_EDGE('',*,*,#5508,.F.);
#8174=ORIENTED_EDGE('',*,*,#5526,.T.);
#8175=ORIENTED_EDGE('',*,*,#5527,.F.);
#8176=ORIENTED_EDGE('',*,*,#5528,.F.);
#8177=ORIENTED_EDGE('',*,*,#5509,.F.);
#8178=ORIENTED_EDGE('',*,*,#5528,.T.);
#8179=ORIENTED_EDGE('',*,*,#5529,.F.);
#8180=ORIENTED_EDGE('',*,*,#5510,.T.);
#8181=ORIENTED_EDGE('',*,*,#5501,.F.);
#8182=ORIENTED_EDGE('',*,*,#5529,.T.);
#8183=ORIENTED_EDGE('',*,*,#5527,.T.);
#8184=ORIENTED_EDGE('',*,*,#5525,.T.);
#8185=ORIENTED_EDGE('',*,*,#5523,.T.);
#8186=ORIENTED_EDGE('',*,*,#5521,.T.);
#8187=ORIENTED_EDGE('',*,*,#5519,.T.);
#8188=ORIENTED_EDGE('',*,*,#5517,.T.);
#8189=ORIENTED_EDGE('',*,*,#5515,.T.);
#8190=ORIENTED_EDGE('',*,*,#5513,.T.);
#8191=ORIENTED_EDGE('',*,*,#5511,.T.);
#8192=PLANE('',#8852);
#8193=PLANE('',#8864);
#8194=PLANE('',#8872);
#8195=PLANE('',#8873);
#8196=PLANE('',#8884);
#8197=PLANE('',#8887);
#8198=PLANE('',#8894);
#8199=PLANE('',#8904);
#8200=PLANE('',#8914);
#8201=PLANE('',#8919);
#8202=PLANE('',#8922);
#8203=PLANE('',#8935);
#8204=PLANE('',#8946);
#8205=PLANE('',#8960);
#8206=PLANE('',#8970);
#8207=PLANE('',#8978);
#8208=PLANE('',#8985);
#8209=PLANE('',#8998);
#8210=PLANE('',#9013);
#8211=PLANE('',#9031);
#8212=PLANE('',#9048);
#8213=PLANE('',#9059);
#8214=PLANE('',#9065);
#8215=PLANE('',#9068);
#8216=PLANE('',#9073);
#8217=PLANE('',#9075);
#8218=PLANE('',#9085);
#8219=PLANE('',#9093);
#8220=PLANE('',#9100);
#8221=PLANE('',#9101);
#8222=PLANE('',#9106);
#8223=PLANE('',#9112);
#8224=PLANE('',#9113);
#8225=PLANE('',#9126);
#8226=PLANE('',#9130);
#8227=PLANE('',#9138);
#8228=PLANE('',#9146);
#8229=PLANE('',#9152);
#8230=PLANE('',#9155);
#8231=PLANE('',#9164);
#8232=PLANE('',#9165);
#8233=PLANE('',#9170);
#8234=PLANE('',#9173);
#8235=PLANE('',#9174);
#8236=PLANE('',#9178);
#8237=PLANE('',#9182);
#8238=PLANE('',#9187);
#8239=PLANE('',#9190);
#8240=PLANE('',#9211);
#8241=PLANE('',#9221);
#8242=PLANE('',#9227);
#8243=PLANE('',#9242);
#8244=PLANE('',#9244);
#8245=PLANE('',#9245);
#8246=PLANE('',#9246);
#8247=PLANE('',#9248);
#8248=PLANE('',#9249);
#8249=PLANE('',#9251);
#8250=PLANE('',#9258);
#8251=PLANE('',#9267);
#8252=PLANE('',#9275);
#8253=PLANE('',#9282);
#8254=PLANE('',#9285);
#8255=PLANE('',#9298);
#8256=PLANE('',#9309);
#8257=PLANE('',#9330);
#8258=PLANE('',#9336);
#8259=PLANE('',#9340);
#8260=PLANE('',#9345);
#8261=PLANE('',#9351);
#8262=PLANE('',#9355);
#8263=PLANE('',#9361);
#8264=PLANE('',#9369);
#8265=PLANE('',#9382);
#8266=PLANE('',#9401);
#8267=PLANE('',#9409);
#8268=PLANE('',#9412);
#8269=PLANE('',#9418);
#8270=PLANE('',#9421);
#8271=PLANE('',#9422);
#8272=PLANE('',#9425);
#8273=PLANE('',#9426);
#8274=PLANE('',#9427);
#8275=PLANE('',#9428);
#8276=PLANE('',#9432);
#8277=PLANE('',#9433);
#8278=PLANE('',#9436);
#8279=PLANE('',#9437);
#8280=PLANE('',#9440);
#8281=PLANE('',#9448);
#8282=PLANE('',#9449);
#8283=PLANE('',#9452);
#8284=PLANE('',#9478);
#8285=PLANE('',#9481);
#8286=PLANE('',#9484);
#8287=PLANE('',#9487);
#8288=PLANE('',#9490);
#8289=PLANE('',#9493);
#8290=PLANE('',#9496);
#8291=PLANE('',#9499);
#8292=PLANE('',#9502);
#8293=PLANE('',#9505);
#8294=PLANE('',#9512);
#8295=PLANE('',#9533);
#8296=PLANE('',#9572);
#8297=PLANE('',#9588);
#8298=PLANE('',#9591);
#8299=PLANE('',#9595);
#8300=PLANE('',#9599);
#8301=PLANE('',#9602);
#8302=PLANE('',#9609);
#8303=PLANE('',#9613);
#8304=PLANE('',#9620);
#8305=PLANE('',#9625);
#8306=PLANE('',#9630);
#8307=PLANE('',#9635);
#8308=PLANE('',#9639);
#8309=PLANE('',#9643);
#8310=PLANE('',#9647);
#8311=PLANE('',#9651);
#8312=PLANE('',#9655);
#8313=PLANE('',#9660);
#8314=PLANE('',#9673);
#8315=PLANE('',#9675);
#8316=PLANE('',#9677);
#8317=PLANE('',#9679);
#8318=PLANE('',#9681);
#8319=PLANE('',#9690);
#8320=PLANE('',#9694);
#8321=PLANE('',#9698);
#8322=PLANE('',#9699);
#8323=PLANE('',#9704);
#8324=PLANE('',#9712);
#8325=PLANE('',#9719);
#8326=PLANE('',#9720);
#8327=PLANE('',#9724);
#8328=PLANE('',#9728);
#8329=PLANE('',#9729);
#8330=PLANE('',#9734);
#8331=PLANE('',#9742);
#8332=PLANE('',#9749);
#8333=PLANE('',#9750);
#8334=PLANE('',#9754);
#8335=PLANE('',#9758);
#8336=PLANE('',#9759);
#8337=PLANE('',#9764);
#8338=PLANE('',#9772);
#8339=PLANE('',#9779);
#8340=ADVANCED_FACE('',(#1032),#8192,.T.);
#8341=ADVANCED_FACE('',(#1033),#926,.F.);
#8342=ADVANCED_FACE('',(#1034),#927,.T.);
#8343=ADVANCED_FACE('',(#1035),#928,.F.);
#8344=ADVANCED_FACE('',(#1036),#8193,.T.);
#8345=ADVANCED_FACE('',(#1037),#307,.F.);
#8346=ADVANCED_FACE('',(#1038),#308,.T.);
#8347=ADVANCED_FACE('',(#1039),#309,.F.);
#8348=ADVANCED_FACE('',(#1040),#8194,.F.);
#8349=ADVANCED_FACE('',(#1041),#8195,.T.);
#8350=ADVANCED_FACE('',(#1042),#929,.F.);
#8351=ADVANCED_FACE('',(#1043),#930,.T.);
#8352=ADVANCED_FACE('',(#1044),#931,.F.);
#8353=ADVANCED_FACE('',(#1045),#8196,.T.);
#8354=ADVANCED_FACE('',(#1046),#8197,.F.);
#8355=ADVANCED_FACE('',(#1047),#310,.F.);
#8356=ADVANCED_FACE('',(#1048),#311,.T.);
#8357=ADVANCED_FACE('',(#1049),#312,.F.);
#8358=ADVANCED_FACE('',(#1050),#8198,.F.);
#8359=ADVANCED_FACE('',(#1051),#932,.F.);
#8360=ADVANCED_FACE('',(#1052),#933,.T.);
#8361=ADVANCED_FACE('',(#1053),#934,.F.);
#8362=ADVANCED_FACE('',(#1054),#8199,.T.);
#8363=ADVANCED_FACE('',(#1055),#935,.F.);
#8364=ADVANCED_FACE('',(#1056),#936,.F.);
#8365=ADVANCED_FACE('',(#1057),#937,.F.);
#8366=ADVANCED_FACE('',(#1058),#8200,.T.);
#8367=ADVANCED_FACE('',(#1059),#313,.F.);
#8368=ADVANCED_FACE('',(#1060),#314,.F.);
#8369=ADVANCED_FACE('',(#1061),#8201,.F.);
#8370=ADVANCED_FACE('',(#1062),#315,.F.);
#8371=ADVANCED_FACE('',(#1063,#293),#8202,.F.);
#8372=ADVANCED_FACE('',(#1064),#938,.T.);
#8373=ADVANCED_FACE('',(#1065,#294),#8203,.T.);
#8374=ADVANCED_FACE('',(#1066),#316,.T.);
#8375=ADVANCED_FACE('',(#1067),#939,.F.);
#8376=ADVANCED_FACE('',(#1068),#317,.F.);
#8377=ADVANCED_FACE('',(#1069),#940,.F.);
#8378=ADVANCED_FACE('',(#1070,#295),#8204,.F.);
#8379=ADVANCED_FACE('',(#1071),#941,.F.);
#8380=ADVANCED_FACE('',(#1072),#8205,.T.);
#8381=ADVANCED_FACE('',(#1073),#942,.F.);
#8382=ADVANCED_FACE('',(#1074),#943,.F.);
#8383=ADVANCED_FACE('',(#1075),#944,.F.);
#8384=ADVANCED_FACE('',(#1076),#8206,.F.);
#8385=ADVANCED_FACE('',(#1077),#945,.F.);
#8386=ADVANCED_FACE('',(#1078),#8207,.T.);
#8387=ADVANCED_FACE('',(#1079),#946,.F.);
#8388=ADVANCED_FACE('',(#1080),#947,.F.);
#8389=ADVANCED_FACE('',(#1081),#948,.F.);
#8390=ADVANCED_FACE('',(#1082),#8208,.T.);
#8391=ADVANCED_FACE('',(#1083),#949,.F.);
#8392=ADVANCED_FACE('',(#1084),#950,.F.);
#8393=ADVANCED_FACE('',(#1085),#951,.F.);
#8394=ADVANCED_FACE('',(#1086),#952,.F.);
#8395=ADVANCED_FACE('',(#1087),#8209,.T.);
#8396=ADVANCED_FACE('',(#1088),#953,.F.);
#8397=ADVANCED_FACE('',(#1089),#954,.F.);
#8398=ADVANCED_FACE('',(#1090),#955,.F.);
#8399=ADVANCED_FACE('',(#1091),#956,.F.);
#8400=ADVANCED_FACE('',(#1092),#31,.T.);
#8401=ADVANCED_FACE('',(#1093),#32,.T.);
#8402=ADVANCED_FACE('',(#1094),#33,.T.);
#8403=ADVANCED_FACE('',(#1095),#34,.T.);
#8404=ADVANCED_FACE('',(#1096),#35,.T.);
#8405=ADVANCED_FACE('',(#1097),#36,.T.);
#8406=ADVANCED_FACE('',(#1098),#8210,.T.);
#8407=ADVANCED_FACE('',(#1099),#37,.T.);
#8408=ADVANCED_FACE('',(#1100),#957,.T.);
#8409=ADVANCED_FACE('',(#1101),#38,.T.);
#8410=ADVANCED_FACE('',(#1102),#39,.T.);
#8411=ADVANCED_FACE('',(#1103),#40,.T.);
#8412=ADVANCED_FACE('',(#1104),#41,.T.);
#8413=ADVANCED_FACE('',(#1105),#42,.T.);
#8414=ADVANCED_FACE('',(#1106),#43,.T.);
#8415=ADVANCED_FACE('',(#1107),#958,.F.);
#8416=ADVANCED_FACE('',(#1108),#44,.T.);
#8417=ADVANCED_FACE('',(#1109),#959,.T.);
#8418=ADVANCED_FACE('',(#1110),#45,.T.);
#8419=ADVANCED_FACE('',(#1111),#46,.T.);
#8420=ADVANCED_FACE('',(#1112),#47,.T.);
#8421=ADVANCED_FACE('',(#1113),#48,.T.);
#8422=ADVANCED_FACE('',(#1114),#49,.T.);
#8423=ADVANCED_FACE('',(#1115),#50,.T.);
#8424=ADVANCED_FACE('',(#1116),#51,.T.);
#8425=ADVANCED_FACE('',(#1117),#52,.T.);
#8426=ADVANCED_FACE('',(#1118),#8211,.T.);
#8427=ADVANCED_FACE('',(#1119),#53,.T.);
#8428=ADVANCED_FACE('',(#1120),#960,.T.);
#8429=ADVANCED_FACE('',(#1121),#54,.T.);
#8430=ADVANCED_FACE('',(#1122),#55,.T.);
#8431=ADVANCED_FACE('',(#1123),#56,.T.);
#8432=ADVANCED_FACE('',(#1124),#57,.T.);
#8433=ADVANCED_FACE('',(#1125),#58,.T.);
#8434=ADVANCED_FACE('',(#1126),#59,.T.);
#8435=ADVANCED_FACE('',(#1127),#961,.F.);
#8436=ADVANCED_FACE('',(#1128),#60,.T.);
#8437=ADVANCED_FACE('',(#1129),#962,.T.);
#8438=ADVANCED_FACE('',(#1130),#61,.T.);
#8439=ADVANCED_FACE('',(#1131),#62,.T.);
#8440=ADVANCED_FACE('',(#1132),#318,.F.);
#8441=ADVANCED_FACE('',(#1133),#8212,.T.);
#8442=ADVANCED_FACE('',(#1134),#25,.F.);
#8443=ADVANCED_FACE('',(#1135),#963,.T.);
#8444=ADVANCED_FACE('',(#1136),#26,.T.);
#8445=ADVANCED_FACE('',(#1137),#8213,.T.);
#8446=ADVANCED_FACE('',(#1138),#319,.T.);
#8447=ADVANCED_FACE('',(#1139),#8214,.T.);
#8448=ADVANCED_FACE('',(#1140),#320,.F.);
#8449=ADVANCED_FACE('',(#1141),#321,.T.);
#8450=ADVANCED_FACE('',(#1142),#8215,.T.);
#8451=ADVANCED_FACE('',(#1143),#322,.F.);
#8452=ADVANCED_FACE('',(#1144),#323,.F.);
#8453=ADVANCED_FACE('',(#1145),#324,.F.);
#8454=ADVANCED_FACE('',(#1146),#8216,.T.);
#8455=ADVANCED_FACE('',(#1147),#325,.T.);
#8456=ADVANCED_FACE('',(#1148),#8217,.T.);
#8457=ADVANCED_FACE('',(#1149),#964,.F.);
#8458=ADVANCED_FACE('',(#1150),#965,.T.);
#8459=ADVANCED_FACE('',(#1151),#966,.T.);
#8460=ADVANCED_FACE('',(#1152),#8218,.T.);
#8461=ADVANCED_FACE('',(#1153),#967,.F.);
#8462=ADVANCED_FACE('',(#1154),#968,.T.);
#8463=ADVANCED_FACE('',(#1155),#969,.T.);
#8464=ADVANCED_FACE('',(#1156),#8219,.T.);
#8465=ADVANCED_FACE('',(#1157),#970,.T.);
#8466=ADVANCED_FACE('',(#1158),#971,.T.);
#8467=ADVANCED_FACE('',(#1159),#972,.F.);
#8468=ADVANCED_FACE('',(#1160),#8220,.T.);
#8469=ADVANCED_FACE('',(#1161),#8221,.T.);
#8470=ADVANCED_FACE('',(#1162),#973,.T.);
#8471=ADVANCED_FACE('',(#1163),#63,.T.);
#8472=ADVANCED_FACE('',(#1164),#64,.T.);
#8473=ADVANCED_FACE('',(#1165),#65,.T.);
#8474=ADVANCED_FACE('',(#1166),#66,.T.);
#8475=ADVANCED_FACE('',(#1167),#67,.T.);
#8476=ADVANCED_FACE('',(#1168),#68,.T.);
#8477=ADVANCED_FACE('',(#1169),#8222,.T.);
#8478=ADVANCED_FACE('',(#1170),#69,.T.);
#8479=ADVANCED_FACE('',(#1171),#974,.T.);
#8480=ADVANCED_FACE('',(#1172),#975,.T.);
#8481=ADVANCED_FACE('',(#1173),#70,.T.);
#8482=ADVANCED_FACE('',(#1174),#71,.T.);
#8483=ADVANCED_FACE('',(#1175),#72,.T.);
#8484=ADVANCED_FACE('',(#1176),#73,.T.);
#8485=ADVANCED_FACE('',(#1177),#74,.T.);
#8486=ADVANCED_FACE('',(#1178),#75,.T.);
#8487=ADVANCED_FACE('',(#1179),#8223,.T.);
#8488=ADVANCED_FACE('',(#1180),#8224,.T.);
#8489=ADVANCED_FACE('',(#1181),#976,.T.);
#8490=ADVANCED_FACE('',(#1182),#977,.T.);
#8491=ADVANCED_FACE('',(#1183),#978,.T.);
#8492=ADVANCED_FACE('',(#1184),#979,.F.);
#8493=ADVANCED_FACE('',(#1185),#8225,.T.);
#8494=ADVANCED_FACE('',(#1186),#76,.T.);
#8495=ADVANCED_FACE('',(#1187),#77,.T.);
#8496=ADVANCED_FACE('',(#1188),#78,.T.);
#8497=ADVANCED_FACE('',(#1189),#79,.T.);
#8498=ADVANCED_FACE('',(#1190),#80,.T.);
#8499=ADVANCED_FACE('',(#1191),#81,.T.);
#8500=ADVANCED_FACE('',(#1192),#82,.T.);
#8501=ADVANCED_FACE('',(#1193),#8226,.T.);
#8502=ADVANCED_FACE('',(#1194),#83,.T.);
#8503=ADVANCED_FACE('',(#1195),#980,.T.);
#8504=ADVANCED_FACE('',(#1196),#981,.T.);
#8505=ADVANCED_FACE('',(#1197),#84,.T.);
#8506=ADVANCED_FACE('',(#1198),#85,.T.);
#8507=ADVANCED_FACE('',(#1199),#86,.T.);
#8508=ADVANCED_FACE('',(#1200),#87,.T.);
#8509=ADVANCED_FACE('',(#1201),#88,.T.);
#8510=ADVANCED_FACE('',(#1202),#89,.T.);
#8511=ADVANCED_FACE('',(#1203),#90,.T.);
#8512=ADVANCED_FACE('',(#1204),#326,.T.);
#8513=ADVANCED_FACE('',(#1205),#8227,.T.);
#8514=ADVANCED_FACE('',(#1206),#27,.T.);
#8515=ADVANCED_FACE('',(#1207),#982,.T.);
#8516=ADVANCED_FACE('',(#1208),#28,.F.);
#8517=ADVANCED_FACE('',(#1209),#8228,.T.);
#8518=ADVANCED_FACE('',(#1210),#327,.F.);
#8519=ADVANCED_FACE('',(#1211),#328,.T.);
#8520=ADVANCED_FACE('',(#1212),#329,.F.);
#8521=ADVANCED_FACE('',(#1213),#8229,.T.);
#8522=ADVANCED_FACE('',(#1214),#330,.T.);
#8523=ADVANCED_FACE('',(#1215),#331,.T.);
#8524=ADVANCED_FACE('',(#1216),#8230,.T.);
#8525=ADVANCED_FACE('',(#1217),#332,.T.);
#8526=ADVANCED_FACE('',(#1218),#333,.F.);
#8527=ADVANCED_FACE('',(#1219),#334,.T.);
#8528=ADVANCED_FACE('',(#1220),#335,.T.);
#8529=ADVANCED_FACE('',(#1221),#8231,.T.);
#8530=ADVANCED_FACE('',(#1222),#8232,.T.);
#8531=ADVANCED_FACE('',(#1223),#336,.T.);
#8532=ADVANCED_FACE('',(#1224),#337,.T.);
#8533=ADVANCED_FACE('',(#1225),#8233,.F.);
#8534=ADVANCED_FACE('',(#1226),#8234,.T.);
#8535=ADVANCED_FACE('',(#1227),#8235,.T.);
#8536=ADVANCED_FACE('',(#1228),#338,.T.);
#8537=ADVANCED_FACE('',(#1229),#8236,.T.);
#8538=ADVANCED_FACE('',(#1230),#339,.F.);
#8539=ADVANCED_FACE('',(#1231),#340,.F.);
#8540=ADVANCED_FACE('',(#1232),#8237,.F.);
#8541=ADVANCED_FACE('',(#1233),#341,.F.);
#8542=ADVANCED_FACE('',(#1234),#342,.F.);
#8543=ADVANCED_FACE('',(#1235),#8238,.F.);
#8544=ADVANCED_FACE('',(#1236),#343,.F.);
#8545=ADVANCED_FACE('',(#1237),#8239,.F.);
#8546=ADVANCED_FACE('',(#1238),#344,.F.);
#8547=ADVANCED_FACE('',(#1239),#345,.F.);
#8548=ADVANCED_FACE('',(#1240),#346,.F.);
#8549=ADVANCED_FACE('',(#1241),#347,.F.);
#8550=ADVANCED_FACE('',(#1242),#348,.F.);
#8551=ADVANCED_FACE('',(#1243),#349,.F.);
#8552=ADVANCED_FACE('',(#1244),#350,.F.);
#8553=ADVANCED_FACE('',(#1245),#8240,.F.);
#8554=ADVANCED_FACE('',(#1246),#351,.F.);
#8555=ADVANCED_FACE('',(#1247),#352,.T.);
#8556=ADVANCED_FACE('',(#1248),#29,.F.);
#8557=ADVANCED_FACE('',(#1249),#353,.F.);
#8558=ADVANCED_FACE('',(#1250),#8241,.F.);
#8559=ADVANCED_FACE('',(#1251),#30,.F.);
#8560=ADVANCED_FACE('',(#1252),#354,.F.);
#8561=ADVANCED_FACE('',(#1253),#355,.F.);
#8562=ADVANCED_FACE('',(#1254),#356,.F.);
#8563=ADVANCED_FACE('',(#1255),#8242,.T.);
#8564=ADVANCED_FACE('',(#1256),#357,.F.);
#8565=ADVANCED_FACE('',(#1257),#358,.F.);
#8566=ADVANCED_FACE('',(#1258),#359,.F.);
#8567=ADVANCED_FACE('',(#1259),#360,.F.);
#8568=ADVANCED_FACE('',(#1260),#361,.F.);
#8569=ADVANCED_FACE('',(#1261),#362,.T.);
#8570=ADVANCED_FACE('',(#1262),#363,.T.);
#8571=ADVANCED_FACE('',(#1263),#364,.F.);
#8572=ADVANCED_FACE('',(#1264),#365,.T.);
#8573=ADVANCED_FACE('',(#1265),#366,.T.);
#8574=ADVANCED_FACE('',(#1266),#8243,.T.);
#8575=ADVANCED_FACE('',(#1267),#8244,.T.);
#8576=ADVANCED_FACE('',(#1268),#8245,.T.);
#8577=ADVANCED_FACE('',(#1269),#8246,.T.);
#8578=ADVANCED_FACE('',(#1270),#367,.F.);
#8579=ADVANCED_FACE('',(#1271),#8247,.T.);
#8580=ADVANCED_FACE('',(#1272,#296,#297,#298,#299,#300,#301),#8248,.T.);
#8581=ADVANCED_FACE('',(#1273),#368,.T.);
#8582=ADVANCED_FACE('',(#1274),#8249,.T.);
#8583=ADVANCED_FACE('',(#1275),#369,.F.);
#8584=ADVANCED_FACE('',(#1276),#370,.T.);
#8585=ADVANCED_FACE('',(#1277),#8250,.F.);
#8586=ADVANCED_FACE('',(#1278),#371,.T.);
#8587=ADVANCED_FACE('',(#1279),#372,.T.);
#8588=ADVANCED_FACE('',(#1280),#8251,.T.);
#8589=ADVANCED_FACE('',(#1281),#373,.F.);
#8590=ADVANCED_FACE('',(#1282),#374,.T.);
#8591=ADVANCED_FACE('',(#1283),#8252,.F.);
#8592=ADVANCED_FACE('',(#1284),#375,.T.);
#8593=ADVANCED_FACE('',(#1285),#8253,.T.);
#8594=ADVANCED_FACE('',(#1286),#376,.T.);
#8595=ADVANCED_FACE('',(#1287),#8254,.F.);
#8596=ADVANCED_FACE('',(#1288),#377,.F.);
#8597=ADVANCED_FACE('',(#1289),#378,.T.);
#8598=ADVANCED_FACE('',(#1290),#379,.T.);
#8599=ADVANCED_FACE('',(#1291),#8255,.T.);
#8600=ADVANCED_FACE('',(#1292),#91,.T.);
#8601=ADVANCED_FACE('',(#1293),#983,.T.);
#8602=ADVANCED_FACE('',(#1294),#92,.T.);
#8603=ADVANCED_FACE('',(#1295),#8256,.T.);
#8604=ADVANCED_FACE('',(#1296),#93,.T.);
#8605=ADVANCED_FACE('',(#1297),#94,.T.);
#8606=ADVANCED_FACE('',(#1298),#984,.T.);
#8607=ADVANCED_FACE('',(#1299),#95,.T.);
#8608=ADVANCED_FACE('',(#1300),#96,.T.);
#8609=ADVANCED_FACE('',(#1301),#985,.T.);
#8610=ADVANCED_FACE('',(#1302),#380,.T.);
#8611=ADVANCED_FACE('',(#1303),#8257,.T.);
#8612=ADVANCED_FACE('',(#1304),#8258,.T.);
#8613=ADVANCED_FACE('',(#1305),#381,.T.);
#8614=ADVANCED_FACE('',(#1306),#382,.T.);
#8615=ADVANCED_FACE('',(#1307),#8259,.T.);
#8616=ADVANCED_FACE('',(#1308),#383,.T.);
#8617=ADVANCED_FACE('',(#1309),#384,.T.);
#8618=ADVANCED_FACE('',(#1310),#8260,.T.);
#8619=ADVANCED_FACE('',(#1311),#8261,.T.);
#8620=ADVANCED_FACE('',(#1312),#385,.T.);
#8621=ADVANCED_FACE('',(#1313),#386,.T.);
#8622=ADVANCED_FACE('',(#1314),#8262,.T.);
#8623=ADVANCED_FACE('',(#1315),#387,.T.);
#8624=ADVANCED_FACE('',(#1316),#388,.T.);
#8625=ADVANCED_FACE('',(#1317),#8263,.T.);
#8626=ADVANCED_FACE('',(#1318),#389,.T.);
#8627=ADVANCED_FACE('',(#1319),#390,.F.);
#8628=ADVANCED_FACE('',(#1320),#391,.T.);
#8629=ADVANCED_FACE('',(#1321),#8264,.T.);
#8630=ADVANCED_FACE('',(#1322),#392,.T.);
#8631=ADVANCED_FACE('',(#1323),#393,.T.);
#8632=ADVANCED_FACE('',(#1324),#97,.F.);
#8633=ADVANCED_FACE('',(#1325),#394,.F.);
#8634=ADVANCED_FACE('',(#1326),#8265,.T.);
#8635=ADVANCED_FACE('',(#1327),#98,.F.);
#8636=ADVANCED_FACE('',(#1328),#99,.F.);
#8637=ADVANCED_FACE('',(#1329),#395,.F.);
#8638=ADVANCED_FACE('',(#1330),#100,.F.);
#8639=ADVANCED_FACE('',(#1331),#101,.F.);
#8640=ADVANCED_FACE('',(#1332),#396,.F.);
#8641=ADVANCED_FACE('',(#1333),#102,.F.);
#8642=ADVANCED_FACE('',(#1334),#397,.T.);
#8643=ADVANCED_FACE('',(#1335),#398,.T.);
#8644=ADVANCED_FACE('',(#1336),#8266,.F.);
#8645=ADVANCED_FACE('',(#1337),#399,.T.);
#8646=ADVANCED_FACE('',(#1338),#8267,.F.);
#8647=ADVANCED_FACE('',(#1339),#8268,.T.);
#8648=ADVANCED_FACE('',(#1340),#400,.T.);
#8649=ADVANCED_FACE('',(#1341),#986,.T.);
#8650=ADVANCED_FACE('',(#1342),#987,.F.);
#8651=ADVANCED_FACE('',(#1343),#8269,.T.);
#8652=ADVANCED_FACE('',(#1344),#401,.F.);
#8653=ADVANCED_FACE('',(#1345),#8270,.F.);
#8654=ADVANCED_FACE('',(#1346),#8271,.T.);
#8655=ADVANCED_FACE('',(#1347),#988,.T.);
#8656=ADVANCED_FACE('',(#1348),#8272,.T.);
#8657=ADVANCED_FACE('',(#1349),#8273,.T.);
#8658=ADVANCED_FACE('',(#1350),#8274,.F.);
#8659=ADVANCED_FACE('',(#1351),#8275,.T.);
#8660=ADVANCED_FACE('',(#1352),#989,.T.);
#8661=ADVANCED_FACE('',(#1353),#990,.F.);
#8662=ADVANCED_FACE('',(#1354),#8276,.T.);
#8663=ADVANCED_FACE('',(#1355),#8277,.F.);
#8664=ADVANCED_FACE('',(#1356),#991,.T.);
#8665=ADVANCED_FACE('',(#1357),#8278,.T.);
#8666=ADVANCED_FACE('',(#1358),#8279,.F.);
#8667=ADVANCED_FACE('',(#1359),#8280,.T.);
#8668=ADVANCED_FACE('',(#1360),#402,.T.);
#8669=ADVANCED_FACE('',(#1361),#992,.T.);
#8670=ADVANCED_FACE('',(#1362),#993,.F.);
#8671=ADVANCED_FACE('',(#1363),#403,.F.);
#8672=ADVANCED_FACE('',(#1364),#8281,.F.);
#8673=ADVANCED_FACE('',(#1365),#8282,.T.);
#8674=ADVANCED_FACE('',(#1366),#994,.T.);
#8675=ADVANCED_FACE('',(#1367),#8283,.T.);
#8676=ADVANCED_FACE('',(#1368),#995,.T.);
#8677=ADVANCED_FACE('',(#1369),#404,.T.);
#8678=ADVANCED_FACE('',(#1370),#8284,.T.);
#8679=ADVANCED_FACE('',(#1371),#405,.T.);
#8680=ADVANCED_FACE('',(#1372),#8285,.T.);
#8681=ADVANCED_FACE('',(#1373),#406,.T.);
#8682=ADVANCED_FACE('',(#1374),#8286,.T.);
#8683=ADVANCED_FACE('',(#1375),#407,.T.);
#8684=ADVANCED_FACE('',(#1376),#8287,.T.);
#8685=ADVANCED_FACE('',(#1377),#408,.T.);
#8686=ADVANCED_FACE('',(#1378),#8288,.T.);
#8687=ADVANCED_FACE('',(#1379),#409,.T.);
#8688=ADVANCED_FACE('',(#1380),#8289,.T.);
#8689=ADVANCED_FACE('',(#1381),#410,.T.);
#8690=ADVANCED_FACE('',(#1382),#8290,.T.);
#8691=ADVANCED_FACE('',(#1383),#411,.T.);
#8692=ADVANCED_FACE('',(#1384),#8291,.T.);
#8693=ADVANCED_FACE('',(#1385),#412,.T.);
#8694=ADVANCED_FACE('',(#1386),#8292,.T.);
#8695=ADVANCED_FACE('',(#1387),#413,.T.);
#8696=ADVANCED_FACE('',(#1388),#8293,.T.);
#8697=ADVANCED_FACE('',(#1389),#996,.F.);
#8698=ADVANCED_FACE('',(#1390),#414,.F.);
#8699=ADVANCED_FACE('',(#1391,#302),#8294,.F.);
#8700=ADVANCED_FACE('',(#1392,#303),#8295,.T.);
#8701=ADVANCED_FACE('',(#1393),#415,.F.);
#8702=ADVANCED_FACE('',(#1394),#416,.T.);
#8703=ADVANCED_FACE('',(#1395),#417,.F.);
#8704=ADVANCED_FACE('',(#1396),#418,.T.);
#8705=ADVANCED_FACE('',(#1397),#419,.F.);
#8706=ADVANCED_FACE('',(#1398),#420,.T.);
#8707=ADVANCED_FACE('',(#1399),#421,.F.);
#8708=ADVANCED_FACE('',(#1400),#422,.T.);
#8709=ADVANCED_FACE('',(#1401),#997,.T.);
#8710=ADVANCED_FACE('',(#1402),#423,.T.);
#8711=ADVANCED_FACE('',(#1403,#304),#8296,.T.);
#8712=ADVANCED_FACE('',(#1404),#998,.F.);
#8713=ADVANCED_FACE('',(#1405),#424,.F.);
#8714=ADVANCED_FACE('',(#1406,#305),#8297,.F.);
#8715=ADVANCED_FACE('',(#1407),#999,.F.);
#8716=ADVANCED_FACE('',(#1408,#306),#8298,.T.);
#8717=ADVANCED_FACE('',(#1409),#1000,.T.);
#8718=ADVANCED_FACE('',(#1410),#425,.T.);
#8719=ADVANCED_FACE('',(#1411),#8299,.T.);
#8720=ADVANCED_FACE('',(#1412),#1001,.T.);
#8721=ADVANCED_FACE('',(#1413),#426,.T.);
#8722=ADVANCED_FACE('',(#1414),#8300,.T.);
#8723=ADVANCED_FACE('',(#1415),#1002,.T.);
#8724=ADVANCED_FACE('',(#1416),#8301,.T.);
#8725=ADVANCED_FACE('',(#1417),#427,.T.);
#8726=ADVANCED_FACE('',(#1418),#1003,.T.);
#8727=ADVANCED_FACE('',(#1419),#1004,.T.);
#8728=ADVANCED_FACE('',(#1420),#1005,.T.);
#8729=ADVANCED_FACE('',(#1421),#1006,.T.);
#8730=ADVANCED_FACE('',(#1422),#1007,.T.);
#8731=ADVANCED_FACE('',(#1423),#8302,.T.);
#8732=ADVANCED_FACE('',(#1424),#1008,.T.);
#8733=ADVANCED_FACE('',(#1425),#428,.T.);
#8734=ADVANCED_FACE('',(#1426),#8303,.T.);
#8735=ADVANCED_FACE('',(#1427),#1009,.T.);
#8736=ADVANCED_FACE('',(#1428),#429,.T.);
#8737=ADVANCED_FACE('',(#1429),#1010,.T.);
#8738=ADVANCED_FACE('',(#1430),#8304,.T.);
#8739=ADVANCED_FACE('',(#1431),#1011,.T.);
#8740=ADVANCED_FACE('',(#1432),#8305,.T.);
#8741=ADVANCED_FACE('',(#1433),#1012,.T.);
#8742=ADVANCED_FACE('',(#1434),#8306,.T.);
#8743=ADVANCED_FACE('',(#1435),#1013,.T.);
#8744=ADVANCED_FACE('',(#1436),#8307,.T.);
#8745=ADVANCED_FACE('',(#1437),#1014,.T.);
#8746=ADVANCED_FACE('',(#1438),#8308,.T.);
#8747=ADVANCED_FACE('',(#1439),#1015,.T.);
#8748=ADVANCED_FACE('',(#1440),#8309,.T.);
#8749=ADVANCED_FACE('',(#1441),#1016,.T.);
#8750=ADVANCED_FACE('',(#1442),#8310,.T.);
#8751=ADVANCED_FACE('',(#1443),#1017,.T.);
#8752=ADVANCED_FACE('',(#1444),#8311,.T.);
#8753=ADVANCED_FACE('',(#1445),#1018,.T.);
#8754=ADVANCED_FACE('',(#1446),#8312,.T.);
#8755=ADVANCED_FACE('',(#1447),#1019,.T.);
#8756=ADVANCED_FACE('',(#1448),#8313,.T.);
#8757=ADVANCED_FACE('',(#1449),#430,.T.);
#8758=ADVANCED_FACE('',(#1450),#431,.T.);
#8759=ADVANCED_FACE('',(#1451),#432,.T.);
#8760=ADVANCED_FACE('',(#1452),#433,.T.);
#8761=ADVANCED_FACE('',(#1453),#434,.T.);
#8762=ADVANCED_FACE('',(#1454),#435,.T.);
#8763=ADVANCED_FACE('',(#1455),#436,.T.);
#8764=ADVANCED_FACE('',(#1456),#437,.T.);
#8765=ADVANCED_FACE('',(#1457),#438,.T.);
#8766=ADVANCED_FACE('',(#1458),#439,.T.);
#8767=ADVANCED_FACE('',(#1459),#440,.T.);
#8768=ADVANCED_FACE('',(#1460),#8314,.T.);
#8769=ADVANCED_FACE('',(#1461),#441,.T.);
#8770=ADVANCED_FACE('',(#1462),#8315,.T.);
#8771=ADVANCED_FACE('',(#1463),#442,.T.);
#8772=ADVANCED_FACE('',(#1464),#8316,.T.);
#8773=ADVANCED_FACE('',(#1465),#443,.T.);
#8774=ADVANCED_FACE('',(#1466),#8317,.T.);
#8775=ADVANCED_FACE('',(#1467),#444,.T.);
#8776=ADVANCED_FACE('',(#1468),#8318,.T.);
#8777=ADVANCED_FACE('',(#1469),#445,.F.);
#8778=ADVANCED_FACE('',(#1470),#446,.T.);
#8779=ADVANCED_FACE('',(#1471),#447,.F.);
#8780=ADVANCED_FACE('',(#1472),#448,.T.);
#8781=ADVANCED_FACE('',(#1473),#449,.F.);
#8782=ADVANCED_FACE('',(#1474),#450,.T.);
#8783=ADVANCED_FACE('',(#1475),#451,.F.);
#8784=ADVANCED_FACE('',(#1476),#452,.T.);
#8785=ADVANCED_FACE('',(#1477),#8319,.T.);
#8786=ADVANCED_FACE('',(#1478),#453,.T.);
#8787=ADVANCED_FACE('',(#1479),#8320,.T.);
#8788=ADVANCED_FACE('',(#1480),#454,.F.);
#8789=ADVANCED_FACE('',(#1481),#8321,.F.);
#8790=ADVANCED_FACE('',(#1482),#8322,.T.);
#8791=ADVANCED_FACE('',(#1483),#455,.F.);
#8792=ADVANCED_FACE('',(#1484),#8323,.T.);
#8793=ADVANCED_FACE('',(#1485),#1020,.T.);
#8794=ADVANCED_FACE('',(#1486),#1021,.T.);
#8795=ADVANCED_FACE('',(#1487),#456,.T.);
#8796=ADVANCED_FACE('',(#1488),#8324,.T.);
#8797=ADVANCED_FACE('',(#1489),#457,.F.);
#8798=ADVANCED_FACE('',(#1490),#1022,.F.);
#8799=ADVANCED_FACE('',(#1491),#1023,.F.);
#8800=ADVANCED_FACE('',(#1492),#8325,.T.);
#8801=ADVANCED_FACE('',(#1493),#8326,.T.);
#8802=ADVANCED_FACE('',(#1494),#458,.T.);
#8803=ADVANCED_FACE('',(#1495),#8327,.T.);
#8804=ADVANCED_FACE('',(#1496),#459,.F.);
#8805=ADVANCED_FACE('',(#1497),#8328,.F.);
#8806=ADVANCED_FACE('',(#1498),#8329,.T.);
#8807=ADVANCED_FACE('',(#1499),#460,.F.);
#8808=ADVANCED_FACE('',(#1500),#8330,.T.);
#8809=ADVANCED_FACE('',(#1501),#1024,.T.);
#8810=ADVANCED_FACE('',(#1502),#1025,.T.);
#8811=ADVANCED_FACE('',(#1503),#461,.T.);
#8812=ADVANCED_FACE('',(#1504),#8331,.T.);
#8813=ADVANCED_FACE('',(#1505),#462,.F.);
#8814=ADVANCED_FACE('',(#1506),#1026,.F.);
#8815=ADVANCED_FACE('',(#1507),#1027,.F.);
#8816=ADVANCED_FACE('',(#1508),#8332,.T.);
#8817=ADVANCED_FACE('',(#1509),#8333,.T.);
#8818=ADVANCED_FACE('',(#1510),#463,.T.);
#8819=ADVANCED_FACE('',(#1511),#8334,.T.);
#8820=ADVANCED_FACE('',(#1512),#464,.F.);
#8821=ADVANCED_FACE('',(#1513),#8335,.F.);
#8822=ADVANCED_FACE('',(#1514),#8336,.T.);
#8823=ADVANCED_FACE('',(#1515),#465,.F.);
#8824=ADVANCED_FACE('',(#1516),#8337,.T.);
#8825=ADVANCED_FACE('',(#1517),#1028,.T.);
#8826=ADVANCED_FACE('',(#1518),#1029,.T.);
#8827=ADVANCED_FACE('',(#1519),#466,.T.);
#8828=ADVANCED_FACE('',(#1520),#8338,.T.);
#8829=ADVANCED_FACE('',(#1521),#467,.F.);
#8830=ADVANCED_FACE('',(#1522),#1030,.F.);
#8831=ADVANCED_FACE('',(#1523),#1031,.F.);
#8832=ADVANCED_FACE('',(#1524),#8339,.T.);
#8833=CLOSED_SHELL('',(#8340,#8341,#8342,#8343,#8344,#8345,#8346,#8347,
#8348,#8349,#8350,#8351,#8352,#8353,#8354,#8355,#8356,#8357,#8358,#8359,
#8360,#8361,#8362,#8363,#8364,#8365,#8366,#8367,#8368,#8369,#8370,#8371,
#8372,#8373,#8374,#8375,#8376,#8377,#8378,#8379,#8380,#8381,#8382,#8383,
#8384,#8385,#8386,#8387,#8388,#8389,#8390,#8391,#8392,#8393,#8394,#8395,
#8396,#8397,#8398,#8399,#8400,#8401,#8402,#8403,#8404,#8405,#8406,#8407,
#8408,#8409,#8410,#8411,#8412,#8413,#8414,#8415,#8416,#8417,#8418,#8419,
#8420,#8421,#8422,#8423,#8424,#8425,#8426,#8427,#8428,#8429,#8430,#8431,
#8432,#8433,#8434,#8435,#8436,#8437,#8438,#8439,#8440,#8441,#8442,#8443,
#8444,#8445,#8446,#8447,#8448,#8449,#8450,#8451,#8452,#8453,#8454,#8455,
#8456,#8457,#8458,#8459,#8460,#8461,#8462,#8463,#8464,#8465,#8466,#8467,
#8468,#8469,#8470,#8471,#8472,#8473,#8474,#8475,#8476,#8477,#8478,#8479,
#8480,#8481,#8482,#8483,#8484,#8485,#8486,#8487,#8488,#8489,#8490,#8491,
#8492,#8493,#8494,#8495,#8496,#8497,#8498,#8499,#8500,#8501,#8502,#8503,
#8504,#8505,#8506,#8507,#8508,#8509,#8510,#8511,#8512,#8513,#8514,#8515,
#8516,#8517,#8518,#8519,#8520,#8521,#8522,#8523,#8524,#8525,#8526,#8527,
#8528,#8529,#8530,#8531,#8532,#8533,#8534,#8535,#8536,#8537,#8538,#8539,
#8540,#8541,#8542,#8543,#8544,#8545,#8546,#8547,#8548,#8549,#8550,#8551,
#8552,#8553,#8554,#8555,#8556,#8557,#8558,#8559,#8560,#8561,#8562,#8563,
#8564,#8565,#8566,#8567,#8568,#8569,#8570,#8571,#8572,#8573,#8574,#8575,
#8576,#8577,#8578,#8579,#8580));
#8834=CLOSED_SHELL('',(#8581,#8582,#8583,#8584,#8585,#8586,#8587,#8588,
#8589,#8590,#8591,#8592,#8593,#8594,#8595,#8596,#8597,#8598,#8599,#8600,
#8601,#8602,#8603,#8604,#8605,#8606,#8607,#8608,#8609,#8610,#8611,#8612,
#8613,#8614,#8615,#8616,#8617,#8618,#8619,#8620,#8621,#8622,#8623,#8624,
#8625,#8626,#8627,#8628,#8629,#8630,#8631,#8632,#8633,#8634,#8635,#8636,
#8637,#8638,#8639,#8640,#8641,#8642,#8643,#8644,#8645,#8646,#8647,#8648,
#8649,#8650,#8651,#8652,#8653,#8654,#8655,#8656,#8657,#8658,#8659,#8660,
#8661,#8662,#8663,#8664,#8665,#8666,#8667,#8668,#8669,#8670,#8671,#8672,
#8673,#8674,#8675));
#8835=CLOSED_SHELL('',(#8676,#8677,#8678,#8679,#8680,#8681,#8682,#8683,
#8684,#8685,#8686,#8687,#8688,#8689,#8690,#8691,#8692,#8693,#8694,#8695,
#8696,#8697,#8698,#8699,#8700,#8701,#8702,#8703,#8704,#8705,#8706,#8707,
#8708,#8709,#8710,#8711,#8712,#8713,#8714,#8715,#8716,#8717,#8718,#8719,
#8720,#8721,#8722,#8723,#8724,#8725,#8726,#8727,#8728,#8729,#8730,#8731,
#8732,#8733,#8734,#8735,#8736,#8737,#8738,#8739,#8740,#8741,#8742,#8743,
#8744,#8745,#8746,#8747,#8748,#8749,#8750,#8751,#8752,#8753,#8754,#8755,
#8756,#8757,#8758,#8759,#8760,#8761,#8762,#8763,#8764,#8765,#8766,#8767,
#8768,#8769,#8770,#8771,#8772,#8773,#8774,#8775,#8776,#8777,#8778,#8779,
#8780,#8781,#8782,#8783,#8784));
#8836=CLOSED_SHELL('',(#8785,#8786,#8787,#8788,#8789,#8790,#8791,#8792,
#8793,#8794,#8795,#8796,#8797,#8798,#8799,#8800));
#8837=CLOSED_SHELL('',(#8801,#8802,#8803,#8804,#8805,#8806,#8807,#8808,
#8809,#8810,#8811,#8812,#8813,#8814,#8815,#8816));
#8838=CLOSED_SHELL('',(#8817,#8818,#8819,#8820,#8821,#8822,#8823,#8824,
#8825,#8826,#8827,#8828,#8829,#8830,#8831,#8832));
#8839=DERIVED_UNIT_ELEMENT(#8841,1.);
#8840=DERIVED_UNIT_ELEMENT(#17070,-3.);
#8841=(
MASS_UNIT()
NAMED_UNIT(*)
SI_UNIT(.KILO.,.GRAM.)
);
#8842=DERIVED_UNIT((#8839,#8840));
#8843=MEASURE_REPRESENTATION_ITEM('density measure',
POSITIVE_RATIO_MEASURE(1060.),#8842);
#8844=PROPERTY_DEFINITION_REPRESENTATION(#8849,#8846);
#8845=PROPERTY_DEFINITION_REPRESENTATION(#8850,#8847);
#8846=REPRESENTATION('material name',(#8848),#17067);
#8847=REPRESENTATION('density',(#8843),#17067);
#8848=DESCRIPTIVE_REPRESENTATION_ITEM('ABS Plastic','ABS Plastic');
#8849=PROPERTY_DEFINITION('material property','material name',#17077);
#8850=PROPERTY_DEFINITION('material property','density of part',#17077);
#8851=AXIS2_PLACEMENT_3D('',#12272,#9780,#9781);
#8852=AXIS2_PLACEMENT_3D('',#12273,#9782,#9783);
#8853=AXIS2_PLACEMENT_3D('',#12278,#9785,#9786);
#8854=AXIS2_PLACEMENT_3D('',#12280,#9787,#9788);
#8855=AXIS2_PLACEMENT_3D('',#12286,#9792,#9793);
#8856=AXIS2_PLACEMENT_3D('',#12288,#9794,#9795);
#8857=AXIS2_PLACEMENT_3D('',#12291,#9797,#9798);
#8858=AXIS2_PLACEMENT_3D('',#12292,#9799,#9800);
#8859=AXIS2_PLACEMENT_3D('',#12296,#9802,#9803);
#8860=AXIS2_PLACEMENT_3D('',#12297,#9804,#9805);
#8861=AXIS2_PLACEMENT_3D('',#12298,#9806,#9807);
#8862=AXIS2_PLACEMENT_3D('',#12300,#9808,#9809);
#8863=AXIS2_PLACEMENT_3D('',#12303,#9811,#9812);
#8864=AXIS2_PLACEMENT_3D('',#12304,#9813,#9814);
#8865=AXIS2_PLACEMENT_3D('',#12307,#9815,#9816);
#8866=AXIS2_PLACEMENT_3D('',#12310,#9819,#9820);
#8867=AXIS2_PLACEMENT_3D('',#12314,#9822,#9823);
#8868=AXIS2_PLACEMENT_3D('',#12316,#9825,#9826);
#8869=AXIS2_PLACEMENT_3D('',#12319,#9828,#9829);
#8870=AXIS2_PLACEMENT_3D('',#12320,#9830,#9831);
#8871=AXIS2_PLACEMENT_3D('',#12323,#9833,#9834);
#8872=AXIS2_PLACEMENT_3D('',#12324,#9835,#9836);
#8873=AXIS2_PLACEMENT_3D('',#12332,#9841,#9842);
#8874=AXIS2_PLACEMENT_3D('',#12335,#9843,#9844);
#8875=AXIS2_PLACEMENT_3D('',#12341,#9848,#9849);
#8876=AXIS2_PLACEMENT_3D('',#12343,#9850,#9851);
#8877=AXIS2_PLACEMENT_3D('',#12346,#9853,#9854);
#8878=AXIS2_PLACEMENT_3D('',#12347,#9855,#9856);
#8879=AXIS2_PLACEMENT_3D('',#12351,#9858,#9859);
#8880=AXIS2_PLACEMENT_3D('',#12352,#9860,#9861);
#8881=AXIS2_PLACEMENT_3D('',#12353,#9862,#9863);
#8882=AXIS2_PLACEMENT_3D('',#12355,#9864,#9865);
#8883=AXIS2_PLACEMENT_3D('',#12358,#9867,#9868);
#8884=AXIS2_PLACEMENT_3D('',#12359,#9869,#9870);
#8885=AXIS2_PLACEMENT_3D('',#12362,#9871,#9872);
#8886=AXIS2_PLACEMENT_3D('',#12364,#9873,#9874);
#8887=AXIS2_PLACEMENT_3D('',#12369,#9878,#9879);
#8888=AXIS2_PLACEMENT_3D('',#12379,#9885,#9886);
#8889=AXIS2_PLACEMENT_3D('',#12382,#9888,#9889);
#8890=AXIS2_PLACEMENT_3D('',#12383,#9890,#9891);
#8891=AXIS2_PLACEMENT_3D('',#12386,#9893,#9894);
#8892=AXIS2_PLACEMENT_3D('',#12387,#9895,#9896);
#8893=AXIS2_PLACEMENT_3D('',#12390,#9898,#9899);
#8894=AXIS2_PLACEMENT_3D('',#12391,#9900,#9901);
#8895=AXIS2_PLACEMENT_3D('',#12399,#9906,#9907);
#8896=AXIS2_PLACEMENT_3D('',#12404,#9909,#9910);
#8897=AXIS2_PLACEMENT_3D('',#12407,#9912,#9913);
#8898=AXIS2_PLACEMENT_3D('',#12408,#9914,#9915);
#8899=AXIS2_PLACEMENT_3D('',#12410,#9916,#9917);
#8900=AXIS2_PLACEMENT_3D('',#12413,#9919,#9920);
#8901=AXIS2_PLACEMENT_3D('',#12414,#9921,#9922);
#8902=AXIS2_PLACEMENT_3D('',#12418,#9924,#9925);
#8903=AXIS2_PLACEMENT_3D('',#12419,#9926,#9927);
#8904=AXIS2_PLACEMENT_3D('',#12420,#9928,#9929);
#8905=AXIS2_PLACEMENT_3D('',#12426,#9933,#9934);
#8906=AXIS2_PLACEMENT_3D('',#12430,#9936,#9937);
#8907=AXIS2_PLACEMENT_3D('',#12431,#9938,#9939);
#8908=AXIS2_PLACEMENT_3D('',#12432,#9940,#9941);
#8909=AXIS2_PLACEMENT_3D('',#12434,#9942,#9943);
#8910=AXIS2_PLACEMENT_3D('',#12437,#9945,#9946);
#8911=AXIS2_PLACEMENT_3D('',#12438,#9947,#9948);
#8912=AXIS2_PLACEMENT_3D('',#12442,#9950,#9951);
#8913=AXIS2_PLACEMENT_3D('',#12443,#9952,#9953);
#8914=AXIS2_PLACEMENT_3D('',#12444,#9954,#9955);
#8915=AXIS2_PLACEMENT_3D('',#12447,#9958,#9959);
#8916=AXIS2_PLACEMENT_3D('',#12451,#9961,#9962);
#8917=AXIS2_PLACEMENT_3D('',#12453,#9964,#9965);
#8918=AXIS2_PLACEMENT_3D('',#12456,#9967,#9968);
#8919=AXIS2_PLACEMENT_3D('',#12457,#9969,#9970);
#8920=AXIS2_PLACEMENT_3D('',#12461,#9973,#9974);
#8921=AXIS2_PLACEMENT_3D('',#12464,#9976,#9977);
#8922=AXIS2_PLACEMENT_3D('',#12465,#9978,#9979);
#8923=AXIS2_PLACEMENT_3D('',#12468,#9980,#9981);
#8924=AXIS2_PLACEMENT_3D('',#12470,#9982,#9983);
#8925=AXIS2_PLACEMENT_3D('',#12472,#9984,#9985);
#8926=AXIS2_PLACEMENT_3D('',#12476,#9987,#9988);
#8927=AXIS2_PLACEMENT_3D('',#12478,#9989,#9990);
#8928=AXIS2_PLACEMENT_3D('',#12480,#9991,#9992);
#8929=AXIS2_PLACEMENT_3D('',#12484,#9994,#9995);
#8930=AXIS2_PLACEMENT_3D('',#12486,#9996,#9997);
#8931=AXIS2_PLACEMENT_3D('',#12488,#9998,#9999);
#8932=AXIS2_PLACEMENT_3D('',#12490,#10001,#10002);
#8933=AXIS2_PLACEMENT_3D('',#12492,#10003,#10004);
#8934=AXIS2_PLACEMENT_3D('',#12495,#10006,#10007);
#8935=AXIS2_PLACEMENT_3D('',#12496,#10008,#10009);
#8936=AXIS2_PLACEMENT_3D('',#12498,#10010,#10011);
#8937=AXIS2_PLACEMENT_3D('',#12499,#10012,#10013);
#8938=AXIS2_PLACEMENT_3D('',#12502,#10015,#10016);
#8939=AXIS2_PLACEMENT_3D('',#12503,#10017,#10018);
#8940=AXIS2_PLACEMENT_3D('',#12506,#10019,#10020);
#8941=AXIS2_PLACEMENT_3D('',#12508,#10022,#10023);
#8942=AXIS2_PLACEMENT_3D('',#12509,#10024,#10025);
#8943=AXIS2_PLACEMENT_3D('',#12511,#10026,#10027);
#8944=AXIS2_PLACEMENT_3D('',#12513,#10029,#10030);
#8945=AXIS2_PLACEMENT_3D('',#12516,#10032,#10033);
#8946=AXIS2_PLACEMENT_3D('',#12517,#10034,#10035);
#8947=AXIS2_PLACEMENT_3D('',#12519,#10036,#10037);
#8948=AXIS2_PLACEMENT_3D('',#12521,#10038,#10039);
#8949=AXIS2_PLACEMENT_3D('',#12525,#10041,#10042);
#8950=AXIS2_PLACEMENT_3D('',#12527,#10043,#10044);
#8951=AXIS2_PLACEMENT_3D('',#12529,#10045,#10046);
#8952=AXIS2_PLACEMENT_3D('',#12533,#10048,#10049);
#8953=AXIS2_PLACEMENT_3D('',#12534,#10050,#10051);
#8954=AXIS2_PLACEMENT_3D('',#12538,#10053,#10054);
#8955=AXIS2_PLACEMENT_3D('',#12540,#10055,#10056);
#8956=AXIS2_PLACEMENT_3D('',#12542,#10057,#10058);
#8957=AXIS2_PLACEMENT_3D('',#12544,#10060,#10061);
#8958=AXIS2_PLACEMENT_3D('',#12560,#10062,#10063);
#8959=AXIS2_PLACEMENT_3D('',#12563,#10065,#10066);
#8960=AXIS2_PLACEMENT_3D('',#12564,#10067,#10068);
#8961=AXIS2_PLACEMENT_3D('',#12570,#10072,#10073);
#8962=AXIS2_PLACEMENT_3D('',#12574,#10075,#10076);
#8963=AXIS2_PLACEMENT_3D('',#12575,#10077,#10078);
#8964=AXIS2_PLACEMENT_3D('',#12576,#10079,#10080);
#8965=AXIS2_PLACEMENT_3D('',#12578,#10081,#10082);
#8966=AXIS2_PLACEMENT_3D('',#12581,#10084,#10085);
#8967=AXIS2_PLACEMENT_3D('',#12582,#10086,#10087);
#8968=AXIS2_PLACEMENT_3D('',#12588,#10088,#10089);
#8969=AXIS2_PLACEMENT_3D('',#12589,#10090,#10091);
#8970=AXIS2_PLACEMENT_3D('',#12590,#10092,#10093);
#8971=AXIS2_PLACEMENT_3D('',#12592,#10094,#10095);
#8972=AXIS2_PLACEMENT_3D('',#12594,#10096,#10097);
#8973=AXIS2_PLACEMENT_3D('',#12598,#10099,#10100);
#8974=AXIS2_PLACEMENT_3D('',#12600,#10101,#10102);
#8975=AXIS2_PLACEMENT_3D('',#12602,#10103,#10104);
#8976=AXIS2_PLACEMENT_3D('',#12604,#10106,#10107);
#8977=AXIS2_PLACEMENT_3D('',#12620,#10109,#10110);
#8978=AXIS2_PLACEMENT_3D('',#12621,#10111,#10112);
#8979=AXIS2_PLACEMENT_3D('',#12625,#10115,#10116);
#8980=AXIS2_PLACEMENT_3D('',#12628,#10118,#10119);
#8981=AXIS2_PLACEMENT_3D('',#12629,#10120,#10121);
#8982=AXIS2_PLACEMENT_3D('',#12632,#10123,#10124);
#8983=AXIS2_PLACEMENT_3D('',#12633,#10125,#10126);
#8984=AXIS2_PLACEMENT_3D('',#12638,#10127,#10128);
#8985=AXIS2_PLACEMENT_3D('',#12639,#10129,#10130);
#8986=AXIS2_PLACEMENT_3D('',#12648,#10135,#10136);
#8987=AXIS2_PLACEMENT_3D('',#12650,#10137,#10138);
#8988=AXIS2_PLACEMENT_3D('',#12653,#10140,#10141);
#8989=AXIS2_PLACEMENT_3D('',#12654,#10142,#10143);
#8990=AXIS2_PLACEMENT_3D('',#12658,#10145,#10146);
#8991=AXIS2_PLACEMENT_3D('',#12659,#10147,#10148);
#8992=AXIS2_PLACEMENT_3D('',#12660,#10149,#10150);
#8993=AXIS2_PLACEMENT_3D('',#12662,#10151,#10152);
#8994=AXIS2_PLACEMENT_3D('',#12665,#10154,#10155);
#8995=AXIS2_PLACEMENT_3D('',#12666,#10156,#10157);
#8996=AXIS2_PLACEMENT_3D('',#12671,#10159,#10160);
#8997=AXIS2_PLACEMENT_3D('',#12674,#10162,#10163);
#8998=AXIS2_PLACEMENT_3D('',#12675,#10164,#10165);
#8999=AXIS2_PLACEMENT_3D('',#12684,#10170,#10171);
#9000=AXIS2_PLACEMENT_3D('',#12686,#10172,#10173);
#9001=AXIS2_PLACEMENT_3D('',#12689,#10175,#10176);
#9002=AXIS2_PLACEMENT_3D('',#12690,#10177,#10178);
#9003=AXIS2_PLACEMENT_3D('',#12694,#10180,#10181);
#9004=AXIS2_PLACEMENT_3D('',#12695,#10182,#10183);
#9005=AXIS2_PLACEMENT_3D('',#12696,#10184,#10185);
#9006=AXIS2_PLACEMENT_3D('',#12698,#10186,#10187);
#9007=AXIS2_PLACEMENT_3D('',#12701,#10189,#10190);
#9008=AXIS2_PLACEMENT_3D('',#12702,#10191,#10192);
#9009=AXIS2_PLACEMENT_3D('',#12707,#10194,#10195);
#9010=AXIS2_PLACEMENT_3D('',#12710,#10197,#10198);
#9011=AXIS2_PLACEMENT_3D('',#12849,#10207,#10208);
#9012=AXIS2_PLACEMENT_3D('',#12870,#10209,#10210);
#9013=AXIS2_PLACEMENT_3D('',#12871,#10211,#10212);
#9014=AXIS2_PLACEMENT_3D('',#12902,#10218,#10219);
#9015=AXIS2_PLACEMENT_3D('',#12903,#10220,#10221);
#9016=AXIS2_PLACEMENT_3D('',#12998,#10226,#10227);
#9017=AXIS2_PLACEMENT_3D('',#12999,#10228,#10229);
#9018=AXIS2_PLACEMENT_3D('',#13062,#10232,#10233);
#9019=AXIS2_PLACEMENT_3D('',#13063,#10234,#10235);
#9020=AXIS2_PLACEMENT_3D('',#13068,#10237,#10238);
#9021=AXIS2_PLACEMENT_3D('',#13070,#10240,#10241);
#9022=AXIS2_PLACEMENT_3D('',#13091,#10242,#10243);
#9023=AXIS2_PLACEMENT_3D('',#13092,#10244,#10245);
#9024=AXIS2_PLACEMENT_3D('',#13093,#10246,#10247);
#9025=AXIS2_PLACEMENT_3D('',#13113,#10249,#10250);
#9026=AXIS2_PLACEMENT_3D('',#13114,#10251,#10252);
#9027=AXIS2_PLACEMENT_3D('',#13190,#10256,#10257);
#9028=AXIS2_PLACEMENT_3D('',#13191,#10258,#10259);
#9029=AXIS2_PLACEMENT_3D('',#13271,#10265,#10266);
#9030=AXIS2_PLACEMENT_3D('',#13292,#10267,#10268);
#9031=AXIS2_PLACEMENT_3D('',#13293,#10269,#10270);
#9032=AXIS2_PLACEMENT_3D('',#13324,#10276,#10277);
#9033=AXIS2_PLACEMENT_3D('',#13325,#10278,#10279);
#9034=AXIS2_PLACEMENT_3D('',#13430,#10284,#10285);
#9035=AXIS2_PLACEMENT_3D('',#13431,#10286,#10287);
#9036=AXIS2_PLACEMENT_3D('',#13494,#10290,#10291);
#9037=AXIS2_PLACEMENT_3D('',#13495,#10292,#10293);
#9038=AXIS2_PLACEMENT_3D('',#13500,#10295,#10296);
#9039=AXIS2_PLACEMENT_3D('',#13502,#10298,#10299);
#9040=AXIS2_PLACEMENT_3D('',#13523,#10300,#10301);
#9041=AXIS2_PLACEMENT_3D('',#13524,#10302,#10303);
#9042=AXIS2_PLACEMENT_3D('',#13525,#10304,#10305);
#9043=AXIS2_PLACEMENT_3D('',#13545,#10307,#10308);
#9044=AXIS2_PLACEMENT_3D('',#13546,#10309,#10310);
#9045=AXIS2_PLACEMENT_3D('',#13563,#10311,#10312);
#9046=AXIS2_PLACEMENT_3D('',#13564,#10313,#10314);
#9047=AXIS2_PLACEMENT_3D('',#13565,#10315,#10316);
#9048=AXIS2_PLACEMENT_3D('',#13581,#10319,#10320);
#9049=AXIS2_PLACEMENT_3D('',#13583,#10321,#10322);
#9050=AXIS2_PLACEMENT_3D('',#13587,#10324,#10325);
#9051=AXIS2_PLACEMENT_3D('',#13591,#10327,#10328);
#9052=AXIS2_PLACEMENT_3D('',#13593,#10329,#10330);
#9053=AXIS2_PLACEMENT_3D('',#13598,#10331,#10332);
#9054=AXIS2_PLACEMENT_3D('',#13600,#10333,#10334);
#9055=AXIS2_PLACEMENT_3D('',#13612,#10335,#10336);
#9056=AXIS2_PLACEMENT_3D('',#13614,#10337,#10338);
#9057=AXIS2_PLACEMENT_3D('',#13624,#10339,#10340);
#9058=AXIS2_PLACEMENT_3D('',#13626,#10341,#10342);
#9059=AXIS2_PLACEMENT_3D('',#13640,#10343,#10344);
#9060=AXIS2_PLACEMENT_3D('',#13644,#10346,#10347);
#9061=AXIS2_PLACEMENT_3D('',#13650,#10350,#10351);
#9062=AXIS2_PLACEMENT_3D('',#13652,#10352,#10353);
#9063=AXIS2_PLACEMENT_3D('',#13654,#10354,#10355);
#9064=AXIS2_PLACEMENT_3D('',#13661,#10357,#10358);
#9065=AXIS2_PLACEMENT_3D('',#13677,#10360,#10361);
#9066=AXIS2_PLACEMENT_3D('',#13691,#10363,#10364);
#9067=AXIS2_PLACEMENT_3D('',#13694,#10367,#10368);
#9068=AXIS2_PLACEMENT_3D('',#13696,#10370,#10371);
#9069=AXIS2_PLACEMENT_3D('',#13698,#10373,#10374);
#9070=AXIS2_PLACEMENT_3D('',#13700,#10376,#10377);
#9071=AXIS2_PLACEMENT_3D('',#13702,#10379,#10380);
#9072=AXIS2_PLACEMENT_3D('',#13703,#10381,#10382);
#9073=AXIS2_PLACEMENT_3D('',#13705,#10384,#10385);
#9074=AXIS2_PLACEMENT_3D('',#13707,#10387,#10388);
#9075=AXIS2_PLACEMENT_3D('',#13709,#10390,#10391);
#9076=AXIS2_PLACEMENT_3D('',#13718,#10396,#10397);
#9077=AXIS2_PLACEMENT_3D('',#13720,#10398,#10399);
#9078=AXIS2_PLACEMENT_3D('',#13723,#10401,#10402);
#9079=AXIS2_PLACEMENT_3D('',#13724,#10403,#10404);
#9080=AXIS2_PLACEMENT_3D('',#13728,#10406,#10407);
#9081=AXIS2_PLACEMENT_3D('',#13729,#10408,#10409);
#9082=AXIS2_PLACEMENT_3D('',#13730,#10410,#10411);
#9083=AXIS2_PLACEMENT_3D('',#13734,#10413,#10414);
#9084=AXIS2_PLACEMENT_3D('',#13737,#10416,#10417);
#9085=AXIS2_PLACEMENT_3D('',#13738,#10418,#10419);
#9086=AXIS2_PLACEMENT_3D('',#13744,#10423,#10424);
#9087=AXIS2_PLACEMENT_3D('',#13746,#10425,#10426);
#9088=AXIS2_PLACEMENT_3D('',#13748,#10428,#10429);
#9089=AXIS2_PLACEMENT_3D('',#13751,#10431,#10432);
#9090=AXIS2_PLACEMENT_3D('',#13752,#10433,#10434);
#9091=AXIS2_PLACEMENT_3D('',#13758,#10437,#10438);
#9092=AXIS2_PLACEMENT_3D('',#13759,#10439,#10440);
#9093=AXIS2_PLACEMENT_3D('',#13760,#10441,#10442);
#9094=AXIS2_PLACEMENT_3D('',#13766,#10446,#10447);
#9095=AXIS2_PLACEMENT_3D('',#13768,#10448,#10449);
#9096=AXIS2_PLACEMENT_3D('',#13770,#10451,#10452);
#9097=AXIS2_PLACEMENT_3D('',#13773,#10454,#10455);
#9098=AXIS2_PLACEMENT_3D('',#13774,#10456,#10457);
#9099=AXIS2_PLACEMENT_3D('',#13776,#10458,#10459);
#9100=AXIS2_PLACEMENT_3D('',#13778,#10461,#10462);
#9101=AXIS2_PLACEMENT_3D('',#13782,#10465,#10466);
#9102=AXIS2_PLACEMENT_3D('',#13788,#10468,#10469);
#9103=AXIS2_PLACEMENT_3D('',#13791,#10471,#10472);
#9104=AXIS2_PLACEMENT_3D('',#13811,#10474,#10475);
#9105=AXIS2_PLACEMENT_3D('',#13896,#10480,#10481);
#9106=AXIS2_PLACEMENT_3D('',#13918,#10483,#10484);
#9107=AXIS2_PLACEMENT_3D('',#13941,#10489,#10490);
#9108=AXIS2_PLACEMENT_3D('',#13942,#10491,#10492);
#9109=AXIS2_PLACEMENT_3D('',#13943,#10493,#10494);
#9110=AXIS2_PLACEMENT_3D('',#13944,#10495,#10496);
#9111=AXIS2_PLACEMENT_3D('',#13985,#10499,#10500);
#9112=AXIS2_PLACEMENT_3D('',#14102,#10505,#10506);
#9113=AXIS2_PLACEMENT_3D('',#14111,#10511,#10512);
#9114=AXIS2_PLACEMENT_3D('',#14119,#10515,#10516);
#9115=AXIS2_PLACEMENT_3D('',#14121,#10517,#10518);
#9116=AXIS2_PLACEMENT_3D('',#14124,#10520,#10521);
#9117=AXIS2_PLACEMENT_3D('',#14125,#10522,#10523);
#9118=AXIS2_PLACEMENT_3D('',#14127,#10524,#10525);
#9119=AXIS2_PLACEMENT_3D('',#14130,#10527,#10528);
#9120=AXIS2_PLACEMENT_3D('',#14131,#10529,#10530);
#9121=AXIS2_PLACEMENT_3D('',#14135,#10532,#10533);
#9122=AXIS2_PLACEMENT_3D('',#14136,#10534,#10535);
#9123=AXIS2_PLACEMENT_3D('',#14137,#10536,#10537);
#9124=AXIS2_PLACEMENT_3D('',#14139,#10538,#10539);
#9125=AXIS2_PLACEMENT_3D('',#14142,#10541,#10542);
#9126=AXIS2_PLACEMENT_3D('',#14143,#10543,#10544);
#9127=AXIS2_PLACEMENT_3D('',#14171,#10548,#10549);
#9128=AXIS2_PLACEMENT_3D('',#14192,#10551,#10552);
#9129=AXIS2_PLACEMENT_3D('',#14301,#10557,#10558);
#9130=AXIS2_PLACEMENT_3D('',#14334,#10560,#10561);
#9131=AXIS2_PLACEMENT_3D('',#14363,#10567,#10568);
#9132=AXIS2_PLACEMENT_3D('',#14364,#10569,#10570);
#9133=AXIS2_PLACEMENT_3D('',#14365,#10571,#10572);
#9134=AXIS2_PLACEMENT_3D('',#14366,#10573,#10574);
#9135=AXIS2_PLACEMENT_3D('',#14419,#10577,#10578);
#9136=AXIS2_PLACEMENT_3D('',#14537,#10583,#10584);
#9137=AXIS2_PLACEMENT_3D('',#14538,#10585,#10586);
#9138=AXIS2_PLACEMENT_3D('',#14541,#10589,#10590);
#9139=AXIS2_PLACEMENT_3D('',#14542,#10591,#10592);
#9140=AXIS2_PLACEMENT_3D('',#14543,#10593,#10594);
#9141=AXIS2_PLACEMENT_3D('',#14544,#10595,#10596);
#9142=AXIS2_PLACEMENT_3D('',#14545,#10597,#10598);
#9143=AXIS2_PLACEMENT_3D('',#14546,#10599,#10600);
#9144=AXIS2_PLACEMENT_3D('',#14547,#10601,#10602);
#9145=AXIS2_PLACEMENT_3D('',#14548,#10603,#10604);
#9146=AXIS2_PLACEMENT_3D('',#14549,#10605,#10606);
#9147=AXIS2_PLACEMENT_3D('',#14551,#10608,#10609);
#9148=AXIS2_PLACEMENT_3D('',#14552,#10610,#10611);
#9149=AXIS2_PLACEMENT_3D('',#14557,#10614,#10615);
#9150=AXIS2_PLACEMENT_3D('',#14561,#10617,#10618);
#9151=AXIS2_PLACEMENT_3D('',#14563,#10620,#10621);
#9152=AXIS2_PLACEMENT_3D('',#14565,#10623,#10624);
#9153=AXIS2_PLACEMENT_3D('',#14567,#10626,#10627);
#9154=AXIS2_PLACEMENT_3D('',#14569,#10629,#10630);
#9155=AXIS2_PLACEMENT_3D('',#14572,#10633,#10634);
#9156=AXIS2_PLACEMENT_3D('',#14582,#10640,#10641);
#9157=AXIS2_PLACEMENT_3D('',#14584,#10642,#10643);
#9158=AXIS2_PLACEMENT_3D('',#14588,#10647,#10648);
#9159=AXIS2_PLACEMENT_3D('',#14591,#10650,#10651);
#9160=AXIS2_PLACEMENT_3D('',#14592,#10652,#10653);
#9161=AXIS2_PLACEMENT_3D('',#14595,#10655,#10656);
#9162=AXIS2_PLACEMENT_3D('',#14596,#10657,#10658);
#9163=AXIS2_PLACEMENT_3D('',#14599,#10660,#10661);
#9164=AXIS2_PLACEMENT_3D('',#14600,#10662,#10663);
#9165=AXIS2_PLACEMENT_3D('',#14604,#10666,#10667);
#9166=AXIS2_PLACEMENT_3D('',#14619,#10670,#10671);
#9167=AXIS2_PLACEMENT_3D('',#14623,#10673,#10674);
#9168=AXIS2_PLACEMENT_3D('',#14625,#10676,#10677);
#9169=AXIS2_PLACEMENT_3D('',#14627,#10678,#10679);
#9170=AXIS2_PLACEMENT_3D('',#14629,#10681,#10682);
#9171=AXIS2_PLACEMENT_3D('',#14635,#10685,#10686);
#9172=AXIS2_PLACEMENT_3D('',#14638,#10688,#10689);
#9173=AXIS2_PLACEMENT_3D('',#14639,#10690,#10691);
#9174=AXIS2_PLACEMENT_3D('',#14642,#10694,#10695);
#9175=AXIS2_PLACEMENT_3D('',#14657,#10701,#10702);
#9176=AXIS2_PLACEMENT_3D('',#14662,#10705,#10706);
#9177=AXIS2_PLACEMENT_3D('',#14665,#10708,#10709);
#9178=AXIS2_PLACEMENT_3D('',#14666,#10710,#10711);
#9179=AXIS2_PLACEMENT_3D('',#14667,#10712,#10713);
#9180=AXIS2_PLACEMENT_3D('',#14668,#10714,#10715);
#9181=AXIS2_PLACEMENT_3D('',#14671,#10717,#10718);
#9182=AXIS2_PLACEMENT_3D('',#14672,#10719,#10720);
#9183=AXIS2_PLACEMENT_3D('',#14676,#10723,#10724);
#9184=AXIS2_PLACEMENT_3D('',#14678,#10725,#10726);
#9185=AXIS2_PLACEMENT_3D('',#14680,#10728,#10729);
#9186=AXIS2_PLACEMENT_3D('',#14683,#10731,#10732);
#9187=AXIS2_PLACEMENT_3D('',#14684,#10733,#10734);
#9188=AXIS2_PLACEMENT_3D('',#14688,#10737,#10738);
#9189=AXIS2_PLACEMENT_3D('',#14690,#10739,#10740);
#9190=AXIS2_PLACEMENT_3D('',#14692,#10742,#10743);
#9191=AXIS2_PLACEMENT_3D('',#14700,#10748,#10749);
#9192=AXIS2_PLACEMENT_3D('',#14702,#10750,#10751);
#9193=AXIS2_PLACEMENT_3D('',#14704,#10752,#10753);
#9194=AXIS2_PLACEMENT_3D('',#14706,#10755,#10756);
#9195=AXIS2_PLACEMENT_3D('',#14708,#10757,#10758);
#9196=AXIS2_PLACEMENT_3D('',#14711,#10760,#10761);
#9197=AXIS2_PLACEMENT_3D('',#14712,#10762,#10763);
#9198=AXIS2_PLACEMENT_3D('',#14713,#10764,#10765);
#9199=AXIS2_PLACEMENT_3D('',#14714,#10766,#10767);
#9200=AXIS2_PLACEMENT_3D('',#14715,#10768,#10769);
#9201=AXIS2_PLACEMENT_3D('',#14717,#10770,#10771);
#9202=AXIS2_PLACEMENT_3D('',#14720,#10773,#10774);
#9203=AXIS2_PLACEMENT_3D('',#14721,#10775,#10776);
#9204=AXIS2_PLACEMENT_3D('',#14723,#10777,#10778);
#9205=AXIS2_PLACEMENT_3D('',#14725,#10779,#10780);
#9206=AXIS2_PLACEMENT_3D('',#14727,#10782,#10783);
#9207=AXIS2_PLACEMENT_3D('',#14728,#10784,#10785);
#9208=AXIS2_PLACEMENT_3D('',#14729,#10786,#10787);
#9209=AXIS2_PLACEMENT_3D('',#14730,#10788,#10789);
#9210=AXIS2_PLACEMENT_3D('',#14732,#10790,#10791);
#9211=AXIS2_PLACEMENT_3D('',#14734,#10793,#10794);
#9212=AXIS2_PLACEMENT_3D('',#14738,#10797,#10798);
#9213=AXIS2_PLACEMENT_3D('',#14740,#10799,#10800);
#9214=AXIS2_PLACEMENT_3D('',#14742,#10802,#10803);
#9215=AXIS2_PLACEMENT_3D('',#14743,#10804,#10805);
#9216=AXIS2_PLACEMENT_3D('',#14744,#10806,#10807);
#9217=AXIS2_PLACEMENT_3D('',#14746,#10808,#10809);
#9218=AXIS2_PLACEMENT_3D('',#14759,#10810,#10811);
#9219=AXIS2_PLACEMENT_3D('',#14760,#10812,#10813);
#9220=AXIS2_PLACEMENT_3D('',#14761,#10814,#10815);
#9221=AXIS2_PLACEMENT_3D('',#14762,#10816,#10817);
#9222=AXIS2_PLACEMENT_3D('',#14763,#10818,#10819);
#9223=AXIS2_PLACEMENT_3D('',#14793,#10820,#10821);
#9224=AXIS2_PLACEMENT_3D('',#14794,#10822,#10823);
#9225=AXIS2_PLACEMENT_3D('',#14795,#10824,#10825);
#9226=AXIS2_PLACEMENT_3D('',#14797,#10827,#10828);
#9227=AXIS2_PLACEMENT_3D('',#14800,#10831,#10832);
#9228=AXIS2_PLACEMENT_3D('',#14802,#10834,#10835);
#9229=AXIS2_PLACEMENT_3D('',#14804,#10837,#10838);
#9230=AXIS2_PLACEMENT_3D('',#14807,#10840,#10841);
#9231=AXIS2_PLACEMENT_3D('',#14808,#10842,#10843);
#9232=AXIS2_PLACEMENT_3D('',#14809,#10844,#10845);
#9233=AXIS2_PLACEMENT_3D('',#14810,#10846,#10847);
#9234=AXIS2_PLACEMENT_3D('',#14813,#10849,#10850);
#9235=AXIS2_PLACEMENT_3D('',#14814,#10851,#10852);
#9236=AXIS2_PLACEMENT_3D('',#14815,#10853,#10854);
#9237=AXIS2_PLACEMENT_3D('',#14816,#10855,#10856);
#9238=AXIS2_PLACEMENT_3D('',#14817,#10857,#10858);
#9239=AXIS2_PLACEMENT_3D('',#14819,#10860,#10861);
#9240=AXIS2_PLACEMENT_3D('',#14820,#10862,#10863);
#9241=AXIS2_PLACEMENT_3D('',#14822,#10865,#10866);
#9242=AXIS2_PLACEMENT_3D('',#14823,#10867,#10868);
#9243=AXIS2_PLACEMENT_3D('',#14824,#10869,#10870);
#9244=AXIS2_PLACEMENT_3D('',#14825,#10871,#10872);
#9245=AXIS2_PLACEMENT_3D('',#14826,#10873,#10874);
#9246=AXIS2_PLACEMENT_3D('',#14828,#10876,#10877);
#9247=AXIS2_PLACEMENT_3D('',#14829,#10878,#10879);
#9248=AXIS2_PLACEMENT_3D('',#14830,#10880,#10881);
#9249=AXIS2_PLACEMENT_3D('',#14831,#10882,#10883);
#9250=AXIS2_PLACEMENT_3D('',#14832,#10884,#10885);
#9251=AXIS2_PLACEMENT_3D('',#14886,#10888,#10889);
#9252=AXIS2_PLACEMENT_3D('',#14902,#10898,#10899);
#9253=AXIS2_PLACEMENT_3D('',#14904,#10900,#10901);
#9254=AXIS2_PLACEMENT_3D('',#14908,#10903,#10904);
#9255=AXIS2_PLACEMENT_3D('',#14911,#10906,#10907);
#9256=AXIS2_PLACEMENT_3D('',#14912,#10908,#10909);
#9257=AXIS2_PLACEMENT_3D('',#14914,#10910,#10911);
#9258=AXIS2_PLACEMENT_3D('',#14927,#10913,#10914);
#9259=AXIS2_PLACEMENT_3D('',#14929,#10915,#10916);
#9260=AXIS2_PLACEMENT_3D('',#14933,#10918,#10919);
#9261=AXIS2_PLACEMENT_3D('',#14935,#10920,#10921);
#9262=AXIS2_PLACEMENT_3D('',#14939,#10923,#10924);
#9263=AXIS2_PLACEMENT_3D('',#14941,#10925,#10926);
#9264=AXIS2_PLACEMENT_3D('',#14943,#10928,#10929);
#9265=AXIS2_PLACEMENT_3D('',#14945,#10930,#10931);
#9266=AXIS2_PLACEMENT_3D('',#14947,#10933,#10934);
#9267=AXIS2_PLACEMENT_3D('',#15001,#10937,#10938);
#9268=AXIS2_PLACEMENT_3D('',#15017,#10947,#10948);
#9269=AXIS2_PLACEMENT_3D('',#15019,#10949,#10950);
#9270=AXIS2_PLACEMENT_3D('',#15023,#10952,#10953);
#9271=AXIS2_PLACEMENT_3D('',#15026,#10955,#10956);
#9272=AXIS2_PLACEMENT_3D('',#15027,#10957,#10958);
#9273=AXIS2_PLACEMENT_3D('',#15029,#10959,#10960);
#9274=AXIS2_PLACEMENT_3D('',#15031,#10961,#10962);
#9275=AXIS2_PLACEMENT_3D('',#15033,#10964,#10965);
#9276=AXIS2_PLACEMENT_3D('',#15037,#10967,#10968);
#9277=AXIS2_PLACEMENT_3D('',#15039,#10969,#10970);
#9278=AXIS2_PLACEMENT_3D('',#15043,#10972,#10973);
#9279=AXIS2_PLACEMENT_3D('',#15045,#10974,#10975);
#9280=AXIS2_PLACEMENT_3D('',#15048,#10977,#10978);
#9281=AXIS2_PLACEMENT_3D('',#15049,#10979,#10980);
#9282=AXIS2_PLACEMENT_3D('',#15062,#10982,#10983);
#9283=AXIS2_PLACEMENT_3D('',#15074,#10990,#10991);
#9284=AXIS2_PLACEMENT_3D('',#15077,#10992,#10993);
#9285=AXIS2_PLACEMENT_3D('',#15092,#10996,#10997);
#9286=AXIS2_PLACEMENT_3D('',#15094,#10998,#10999);
#9287=AXIS2_PLACEMENT_3D('',#15096,#11000,#11001);
#9288=AXIS2_PLACEMENT_3D('',#15100,#11003,#11004);
#9289=AXIS2_PLACEMENT_3D('',#15102,#11005,#11006);
#9290=AXIS2_PLACEMENT_3D('',#15106,#11008,#11009);
#9291=AXIS2_PLACEMENT_3D('',#15108,#11010,#11011);
#9292=AXIS2_PLACEMENT_3D('',#15110,#11013,#11014);
#9293=AXIS2_PLACEMENT_3D('',#15112,#11015,#11016);
#9294=AXIS2_PLACEMENT_3D('',#15127,#11018,#11019);
#9295=AXIS2_PLACEMENT_3D('',#15129,#11021,#11022);
#9296=AXIS2_PLACEMENT_3D('',#15131,#11023,#11024);
#9297=AXIS2_PLACEMENT_3D('',#15133,#11026,#11027);
#9298=AXIS2_PLACEMENT_3D('',#15175,#11030,#11031);
#9299=AXIS2_PLACEMENT_3D('',#15177,#11032,#11033);
#9300=AXIS2_PLACEMENT_3D('',#15227,#11036,#11037);
#9301=AXIS2_PLACEMENT_3D('',#15229,#11038,#11039);
#9302=AXIS2_PLACEMENT_3D('',#15231,#11040,#11041);
#9303=AXIS2_PLACEMENT_3D('',#15233,#11042,#11043);
#9304=AXIS2_PLACEMENT_3D('',#15235,#11044,#11045);
#9305=AXIS2_PLACEMENT_3D('',#15237,#11046,#11047);
#9306=AXIS2_PLACEMENT_3D('',#15240,#11049,#11050);
#9307=AXIS2_PLACEMENT_3D('',#15276,#11051,#11052);
#9308=AXIS2_PLACEMENT_3D('',#15278,#11053,#11054);
#9309=AXIS2_PLACEMENT_3D('',#15293,#11056,#11057);
#9310=AXIS2_PLACEMENT_3D('',#15342,#11065,#11066);
#9311=AXIS2_PLACEMENT_3D('',#15344,#11067,#11068);
#9312=AXIS2_PLACEMENT_3D('',#15407,#11071,#11072);
#9313=AXIS2_PLACEMENT_3D('',#15408,#11073,#11074);
#9314=AXIS2_PLACEMENT_3D('',#15410,#11075,#11076);
#9315=AXIS2_PLACEMENT_3D('',#15412,#11077,#11078);
#9316=AXIS2_PLACEMENT_3D('',#15414,#11079,#11080);
#9317=AXIS2_PLACEMENT_3D('',#15416,#11081,#11082);
#9318=AXIS2_PLACEMENT_3D('',#15417,#11083,#11084);
#9319=AXIS2_PLACEMENT_3D('',#15453,#11085,#11086);
#9320=AXIS2_PLACEMENT_3D('',#15454,#11087,#11088);
#9321=AXIS2_PLACEMENT_3D('',#15515,#11090,#11091);
#9322=AXIS2_PLACEMENT_3D('',#15516,#11092,#11093);
#9323=AXIS2_PLACEMENT_3D('',#15518,#11094,#11095);
#9324=AXIS2_PLACEMENT_3D('',#15520,#11096,#11097);
#9325=AXIS2_PLACEMENT_3D('',#15522,#11098,#11099);
#9326=AXIS2_PLACEMENT_3D('',#15524,#11100,#11101);
#9327=AXIS2_PLACEMENT_3D('',#15525,#11102,#11103);
#9328=AXIS2_PLACEMENT_3D('',#15526,#11104,#11105);
#9329=AXIS2_PLACEMENT_3D('',#15529,#11106,#11107);
#9330=AXIS2_PLACEMENT_3D('',#15532,#11110,#11111);
#9331=AXIS2_PLACEMENT_3D('',#15536,#11113,#11114);
#9332=AXIS2_PLACEMENT_3D('',#15538,#11115,#11116);
#9333=AXIS2_PLACEMENT_3D('',#15540,#11117,#11118);
#9334=AXIS2_PLACEMENT_3D('',#15544,#11120,#11121);
#9335=AXIS2_PLACEMENT_3D('',#15545,#11122,#11123);
#9336=AXIS2_PLACEMENT_3D('',#15546,#11124,#11125);
#9337=AXIS2_PLACEMENT_3D('',#15548,#11127,#11128);
#9338=AXIS2_PLACEMENT_3D('',#15550,#11130,#11131);
#9339=AXIS2_PLACEMENT_3D('',#15554,#11133,#11134);
#9340=AXIS2_PLACEMENT_3D('',#15556,#11136,#11137);
#9341=AXIS2_PLACEMENT_3D('',#15560,#11140,#11141);
#9342=AXIS2_PLACEMENT_3D('',#15563,#11143,#11144);
#9343=AXIS2_PLACEMENT_3D('',#15564,#11145,#11146);
#9344=AXIS2_PLACEMENT_3D('',#15567,#11147,#11148);
#9345=AXIS2_PLACEMENT_3D('',#15570,#11151,#11152);
#9346=AXIS2_PLACEMENT_3D('',#15574,#11154,#11155);
#9347=AXIS2_PLACEMENT_3D('',#15576,#11156,#11157);
#9348=AXIS2_PLACEMENT_3D('',#15578,#11158,#11159);
#9349=AXIS2_PLACEMENT_3D('',#15582,#11161,#11162);
#9350=AXIS2_PLACEMENT_3D('',#15583,#11163,#11164);
#9351=AXIS2_PLACEMENT_3D('',#15584,#11165,#11166);
#9352=AXIS2_PLACEMENT_3D('',#15586,#11168,#11169);
#9353=AXIS2_PLACEMENT_3D('',#15588,#11171,#11172);
#9354=AXIS2_PLACEMENT_3D('',#15592,#11174,#11175);
#9355=AXIS2_PLACEMENT_3D('',#15594,#11177,#11178);
#9356=AXIS2_PLACEMENT_3D('',#15598,#11181,#11182);
#9357=AXIS2_PLACEMENT_3D('',#15601,#11184,#11185);
#9358=AXIS2_PLACEMENT_3D('',#15602,#11186,#11187);
#9359=AXIS2_PLACEMENT_3D('',#15605,#11188,#11189);
#9360=AXIS2_PLACEMENT_3D('',#15609,#11191,#11192);
#9361=AXIS2_PLACEMENT_3D('',#15611,#11194,#11195);
#9362=AXIS2_PLACEMENT_3D('',#15617,#11199,#11200);
#9363=AXIS2_PLACEMENT_3D('',#15620,#11201,#11202);
#9364=AXIS2_PLACEMENT_3D('',#15623,#11205,#11206);
#9365=AXIS2_PLACEMENT_3D('',#15624,#11207,#11208);
#9366=AXIS2_PLACEMENT_3D('',#15626,#11210,#11211);
#9367=AXIS2_PLACEMENT_3D('',#15627,#11212,#11213);
#9368=AXIS2_PLACEMENT_3D('',#15630,#11214,#11215);
#9369=AXIS2_PLACEMENT_3D('',#15633,#11218,#11219);
#9370=AXIS2_PLACEMENT_3D('',#15635,#11221,#11222);
#9371=AXIS2_PLACEMENT_3D('',#15637,#11223,#11224);
#9372=AXIS2_PLACEMENT_3D('',#15639,#11225,#11226);
#9373=AXIS2_PLACEMENT_3D('',#15641,#11228,#11229);
#9374=AXIS2_PLACEMENT_3D('',#15642,#11230,#11231);
#9375=AXIS2_PLACEMENT_3D('',#15644,#11232,#11233);
#9376=AXIS2_PLACEMENT_3D('',#15648,#11235,#11236);
#9377=AXIS2_PLACEMENT_3D('',#15684,#11238,#11239);
#9378=AXIS2_PLACEMENT_3D('',#15697,#11240,#11241);
#9379=AXIS2_PLACEMENT_3D('',#15699,#11242,#11243);
#9380=AXIS2_PLACEMENT_3D('',#15701,#11244,#11245);
#9381=AXIS2_PLACEMENT_3D('',#15702,#11246,#11247);
#9382=AXIS2_PLACEMENT_3D('',#15703,#11248,#11249);
#9383=AXIS2_PLACEMENT_3D('',#15718,#11250,#11251);
#9384=AXIS2_PLACEMENT_3D('',#15745,#11252,#11253);
#9385=AXIS2_PLACEMENT_3D('',#15823,#11254,#11255);
#9386=AXIS2_PLACEMENT_3D('',#15836,#11256,#11257);
#9387=AXIS2_PLACEMENT_3D('',#15838,#11258,#11259);
#9388=AXIS2_PLACEMENT_3D('',#15839,#11260,#11261);
#9389=AXIS2_PLACEMENT_3D('',#15893,#11262,#11263);
#9390=AXIS2_PLACEMENT_3D('',#15906,#11264,#11265);
#9391=AXIS2_PLACEMENT_3D('',#15908,#11266,#11267);
#9392=AXIS2_PLACEMENT_3D('',#15909,#11268,#11269);
#9393=AXIS2_PLACEMENT_3D('',#15942,#11270,#11271);
#9394=AXIS2_PLACEMENT_3D('',#15943,#11272,#11273);
#9395=AXIS2_PLACEMENT_3D('',#15944,#11274,#11275);
#9396=AXIS2_PLACEMENT_3D('',#15945,#11276,#11277);
#9397=AXIS2_PLACEMENT_3D('',#15946,#11278,#11279);
#9398=AXIS2_PLACEMENT_3D('',#15948,#11280,#11281);
#9399=AXIS2_PLACEMENT_3D('',#15951,#11283,#11284);
#9400=AXIS2_PLACEMENT_3D('',#15952,#11285,#11286);
#9401=AXIS2_PLACEMENT_3D('',#15953,#11287,#11288);
#9402=AXIS2_PLACEMENT_3D('',#15955,#11289,#11290);
#9403=AXIS2_PLACEMENT_3D('',#15956,#11291,#11292);
#9404=AXIS2_PLACEMENT_3D('',#15957,#11293,#11294);
#9405=AXIS2_PLACEMENT_3D('',#15958,#11295,#11296);
#9406=AXIS2_PLACEMENT_3D('',#15959,#11297,#11298);
#9407=AXIS2_PLACEMENT_3D('',#15962,#11300,#11301);
#9408=AXIS2_PLACEMENT_3D('',#15963,#11302,#11303);
#9409=AXIS2_PLACEMENT_3D('',#15964,#11304,#11305);
#9410=AXIS2_PLACEMENT_3D('',#15965,#11306,#11307);
#9411=AXIS2_PLACEMENT_3D('',#15968,#11309,#11310);
#9412=AXIS2_PLACEMENT_3D('',#15969,#11311,#11312);
#9413=AXIS2_PLACEMENT_3D('',#15979,#11314,#11315);
#9414=AXIS2_PLACEMENT_3D('',#15981,#11316,#11317);
#9415=AXIS2_PLACEMENT_3D('',#15983,#11319,#11320);
#9416=AXIS2_PLACEMENT_3D('',#15985,#11321,#11322);
#9417=AXIS2_PLACEMENT_3D('',#15987,#11324,#11325);
#9418=AXIS2_PLACEMENT_3D('',#15989,#11327,#11328);
#9419=AXIS2_PLACEMENT_3D('',#15993,#11331,#11332);
#9420=AXIS2_PLACEMENT_3D('',#15996,#11334,#11335);
#9421=AXIS2_PLACEMENT_3D('',#15997,#11336,#11337);
#9422=AXIS2_PLACEMENT_3D('',#15999,#11339,#11340);
#9423=AXIS2_PLACEMENT_3D('',#16000,#11341,#11342);
#9424=AXIS2_PLACEMENT_3D('',#16001,#11343,#11344);
#9425=AXIS2_PLACEMENT_3D('',#16002,#11345,#11346);
#9426=AXIS2_PLACEMENT_3D('',#16003,#11347,#11348);
#9427=AXIS2_PLACEMENT_3D('',#16004,#11349,#11350);
#9428=AXIS2_PLACEMENT_3D('',#16006,#11352,#11353);
#9429=AXIS2_PLACEMENT_3D('',#16014,#11354,#11355);
#9430=AXIS2_PLACEMENT_3D('',#16016,#11356,#11357);
#9431=AXIS2_PLACEMENT_3D('',#16018,#11359,#11360);
#9432=AXIS2_PLACEMENT_3D('',#16020,#11362,#11363);
#9433=AXIS2_PLACEMENT_3D('',#16024,#11366,#11367);
#9434=AXIS2_PLACEMENT_3D('',#16025,#11368,#11369);
#9435=AXIS2_PLACEMENT_3D('',#16026,#11370,#11371);
#9436=AXIS2_PLACEMENT_3D('',#16027,#11372,#11373);
#9437=AXIS2_PLACEMENT_3D('',#16028,#11374,#11375);
#9438=AXIS2_PLACEMENT_3D('',#16029,#11376,#11377);
#9439=AXIS2_PLACEMENT_3D('',#16032,#11379,#11380);
#9440=AXIS2_PLACEMENT_3D('',#16033,#11381,#11382);
#9441=AXIS2_PLACEMENT_3D('',#16043,#11384,#11385);
#9442=AXIS2_PLACEMENT_3D('',#16044,#11386,#11387);
#9443=AXIS2_PLACEMENT_3D('',#16045,#11388,#11389);
#9444=AXIS2_PLACEMENT_3D('',#16046,#11390,#11391);
#9445=AXIS2_PLACEMENT_3D('',#16047,#11392,#11393);
#9446=AXIS2_PLACEMENT_3D('',#16048,#11394,#11395);
#9447=AXIS2_PLACEMENT_3D('',#16051,#11397,#11398);
#9448=AXIS2_PLACEMENT_3D('',#16052,#11399,#11400);
#9449=AXIS2_PLACEMENT_3D('',#16054,#11402,#11403);
#9450=AXIS2_PLACEMENT_3D('',#16055,#11404,#11405);
#9451=AXIS2_PLACEMENT_3D('',#16056,#11406,#11407);
#9452=AXIS2_PLACEMENT_3D('',#16057,#11408,#11409);
#9453=AXIS2_PLACEMENT_3D('',#16058,#11410,#11411);
#9454=AXIS2_PLACEMENT_3D('',#16061,#11412,#11413);
#9455=AXIS2_PLACEMENT_3D('',#16067,#11414,#11415);
#9456=AXIS2_PLACEMENT_3D('',#16073,#11416,#11417);
#9457=AXIS2_PLACEMENT_3D('',#16079,#11418,#11419);
#9458=AXIS2_PLACEMENT_3D('',#16085,#11420,#11421);
#9459=AXIS2_PLACEMENT_3D('',#16091,#11422,#11423);
#9460=AXIS2_PLACEMENT_3D('',#16097,#11424,#11425);
#9461=AXIS2_PLACEMENT_3D('',#16103,#11426,#11427);
#9462=AXIS2_PLACEMENT_3D('',#16109,#11428,#11429);
#9463=AXIS2_PLACEMENT_3D('',#16115,#11430,#11431);
#9464=AXIS2_PLACEMENT_3D('',#16121,#11432,#11433);
#9465=AXIS2_PLACEMENT_3D('',#16127,#11434,#11435);
#9466=AXIS2_PLACEMENT_3D('',#16133,#11436,#11437);
#9467=AXIS2_PLACEMENT_3D('',#16139,#11438,#11439);
#9468=AXIS2_PLACEMENT_3D('',#16145,#11440,#11441);
#9469=AXIS2_PLACEMENT_3D('',#16151,#11442,#11443);
#9470=AXIS2_PLACEMENT_3D('',#16157,#11444,#11445);
#9471=AXIS2_PLACEMENT_3D('',#16163,#11446,#11447);
#9472=AXIS2_PLACEMENT_3D('',#16169,#11448,#11449);
#9473=AXIS2_PLACEMENT_3D('',#16175,#11450,#11451);
#9474=AXIS2_PLACEMENT_3D('',#16180,#11452,#11453);
#9475=AXIS2_PLACEMENT_3D('',#16183,#11455,#11456);
#9476=AXIS2_PLACEMENT_3D('',#16184,#11457,#11458);
#9477=AXIS2_PLACEMENT_3D('',#16188,#11460,#11461);
#9478=AXIS2_PLACEMENT_3D('',#16190,#11463,#11464);
#9479=AXIS2_PLACEMENT_3D('',#16206,#11469,#11470);
#9480=AXIS2_PLACEMENT_3D('',#16209,#11472,#11473);
#9481=AXIS2_PLACEMENT_3D('',#16210,#11474,#11475);
#9482=AXIS2_PLACEMENT_3D('',#16226,#11480,#11481);
#9483=AXIS2_PLACEMENT_3D('',#16229,#11483,#11484);
#9484=AXIS2_PLACEMENT_3D('',#16230,#11485,#11486);
#9485=AXIS2_PLACEMENT_3D('',#16246,#11491,#11492);
#9486=AXIS2_PLACEMENT_3D('',#16249,#11494,#11495);
#9487=AXIS2_PLACEMENT_3D('',#16250,#11496,#11497);
#9488=AXIS2_PLACEMENT_3D('',#16266,#11502,#11503);
#9489=AXIS2_PLACEMENT_3D('',#16269,#11505,#11506);
#9490=AXIS2_PLACEMENT_3D('',#16270,#11507,#11508);
#9491=AXIS2_PLACEMENT_3D('',#16286,#11513,#11514);
#9492=AXIS2_PLACEMENT_3D('',#16289,#11516,#11517);
#9493=AXIS2_PLACEMENT_3D('',#16290,#11518,#11519);
#9494=AXIS2_PLACEMENT_3D('',#16306,#11524,#11525);
#9495=AXIS2_PLACEMENT_3D('',#16309,#11527,#11528);
#9496=AXIS2_PLACEMENT_3D('',#16310,#11529,#11530);
#9497=AXIS2_PLACEMENT_3D('',#16326,#11535,#11536);
#9498=AXIS2_PLACEMENT_3D('',#16329,#11538,#11539);
#9499=AXIS2_PLACEMENT_3D('',#16330,#11540,#11541);
#9500=AXIS2_PLACEMENT_3D('',#16346,#11546,#11547);
#9501=AXIS2_PLACEMENT_3D('',#16349,#11549,#11550);
#9502=AXIS2_PLACEMENT_3D('',#16350,#11551,#11552);
#9503=AXIS2_PLACEMENT_3D('',#16366,#11557,#11558);
#9504=AXIS2_PLACEMENT_3D('',#16369,#11560,#11561);
#9505=AXIS2_PLACEMENT_3D('',#16370,#11562,#11563);
#9506=AXIS2_PLACEMENT_3D('',#16386,#11568,#11569);
#9507=AXIS2_PLACEMENT_3D('',#16389,#11570,#11571);
#9508=AXIS2_PLACEMENT_3D('',#16392,#11573,#11574);
#9509=AXIS2_PLACEMENT_3D('',#16393,#11575,#11576);
#9510=AXIS2_PLACEMENT_3D('',#16394,#11577,#11578);
#9511=AXIS2_PLACEMENT_3D('',#16396,#11579,#11580);
#9512=AXIS2_PLACEMENT_3D('',#16398,#11582,#11583);
#9513=AXIS2_PLACEMENT_3D('',#16401,#11584,#11585);
#9514=AXIS2_PLACEMENT_3D('',#16405,#11587,#11588);
#9515=AXIS2_PLACEMENT_3D('',#16409,#11590,#11591);
#9516=AXIS2_PLACEMENT_3D('',#16413,#11593,#11594);
#9517=AXIS2_PLACEMENT_3D('',#16417,#11596,#11597);
#9518=AXIS2_PLACEMENT_3D('',#16421,#11599,#11600);
#9519=AXIS2_PLACEMENT_3D('',#16425,#11602,#11603);
#9520=AXIS2_PLACEMENT_3D('',#16429,#11605,#11606);
#9521=AXIS2_PLACEMENT_3D('',#16432,#11608,#11609);
#9522=AXIS2_PLACEMENT_3D('',#16433,#11610,#11611);
#9523=AXIS2_PLACEMENT_3D('',#16434,#11612,#11613);
#9524=AXIS2_PLACEMENT_3D('',#16435,#11614,#11615);
#9525=AXIS2_PLACEMENT_3D('',#16436,#11616,#11617);
#9526=AXIS2_PLACEMENT_3D('',#16437,#11618,#11619);
#9527=AXIS2_PLACEMENT_3D('',#16438,#11620,#11621);
#9528=AXIS2_PLACEMENT_3D('',#16439,#11622,#11623);
#9529=AXIS2_PLACEMENT_3D('',#16440,#11624,#11625);
#9530=AXIS2_PLACEMENT_3D('',#16441,#11626,#11627);
#9531=AXIS2_PLACEMENT_3D('',#16443,#11628,#11629);
#9532=AXIS2_PLACEMENT_3D('',#16447,#11631,#11632);
#9533=AXIS2_PLACEMENT_3D('',#16449,#11634,#11635);
#9534=AXIS2_PLACEMENT_3D('',#16452,#11636,#11637);
#9535=AXIS2_PLACEMENT_3D('',#16454,#11638,#11639);
#9536=AXIS2_PLACEMENT_3D('',#16456,#11640,#11641);
#9537=AXIS2_PLACEMENT_3D('',#16458,#11642,#11643);
#9538=AXIS2_PLACEMENT_3D('',#16460,#11644,#11645);
#9539=AXIS2_PLACEMENT_3D('',#16462,#11646,#11647);
#9540=AXIS2_PLACEMENT_3D('',#16464,#11648,#11649);
#9541=AXIS2_PLACEMENT_3D('',#16466,#11650,#11651);
#9542=AXIS2_PLACEMENT_3D('',#16468,#11652,#11653);
#9543=AXIS2_PLACEMENT_3D('',#16470,#11654,#11655);
#9544=AXIS2_PLACEMENT_3D('',#16472,#11656,#11657);
#9545=AXIS2_PLACEMENT_3D('',#16474,#11658,#11659);
#9546=AXIS2_PLACEMENT_3D('',#16476,#11660,#11661);
#9547=AXIS2_PLACEMENT_3D('',#16478,#11662,#11663);
#9548=AXIS2_PLACEMENT_3D('',#16480,#11664,#11665);
#9549=AXIS2_PLACEMENT_3D('',#16481,#11666,#11667);
#9550=AXIS2_PLACEMENT_3D('',#16482,#11668,#11669);
#9551=AXIS2_PLACEMENT_3D('',#16486,#11671,#11672);
#9552=AXIS2_PLACEMENT_3D('',#16488,#11674,#11675);
#9553=AXIS2_PLACEMENT_3D('',#16491,#11677,#11678);
#9554=AXIS2_PLACEMENT_3D('',#16492,#11679,#11680);
#9555=AXIS2_PLACEMENT_3D('',#16495,#11682,#11683);
#9556=AXIS2_PLACEMENT_3D('',#16496,#11684,#11685);
#9557=AXIS2_PLACEMENT_3D('',#16499,#11687,#11688);
#9558=AXIS2_PLACEMENT_3D('',#16500,#11689,#11690);
#9559=AXIS2_PLACEMENT_3D('',#16503,#11692,#11693);
#9560=AXIS2_PLACEMENT_3D('',#16504,#11694,#11695);
#9561=AXIS2_PLACEMENT_3D('',#16507,#11697,#11698);
#9562=AXIS2_PLACEMENT_3D('',#16508,#11699,#11700);
#9563=AXIS2_PLACEMENT_3D('',#16511,#11702,#11703);
#9564=AXIS2_PLACEMENT_3D('',#16512,#11704,#11705);
#9565=AXIS2_PLACEMENT_3D('',#16515,#11707,#11708);
#9566=AXIS2_PLACEMENT_3D('',#16516,#11709,#11710);
#9567=AXIS2_PLACEMENT_3D('',#16519,#11711,#11712);
#9568=AXIS2_PLACEMENT_3D('',#16522,#11714,#11715);
#9569=AXIS2_PLACEMENT_3D('',#16523,#11716,#11717);
#9570=AXIS2_PLACEMENT_3D('',#16524,#11718,#11719);
#9571=AXIS2_PLACEMENT_3D('',#16526,#11720,#11721);
#9572=AXIS2_PLACEMENT_3D('',#16528,#11723,#11724);
#9573=AXIS2_PLACEMENT_3D('',#16531,#11725,#11726);
#9574=AXIS2_PLACEMENT_3D('',#16533,#11727,#11728);
#9575=AXIS2_PLACEMENT_3D('',#16535,#11729,#11730);
#9576=AXIS2_PLACEMENT_3D('',#16537,#11731,#11732);
#9577=AXIS2_PLACEMENT_3D('',#16539,#11733,#11734);
#9578=AXIS2_PLACEMENT_3D('',#16541,#11735,#11736);
#9579=AXIS2_PLACEMENT_3D('',#16542,#11737,#11738);
#9580=AXIS2_PLACEMENT_3D('',#16543,#11739,#11740);
#9581=AXIS2_PLACEMENT_3D('',#16544,#11741,#11742);
#9582=AXIS2_PLACEMENT_3D('',#16547,#11743,#11744);
#9583=AXIS2_PLACEMENT_3D('',#16550,#11746,#11747);
#9584=AXIS2_PLACEMENT_3D('',#16551,#11748,#11749);
#9585=AXIS2_PLACEMENT_3D('',#16552,#11750,#11751);
#9586=AXIS2_PLACEMENT_3D('',#16556,#11753,#11754);
#9587=AXIS2_PLACEMENT_3D('',#16557,#11755,#11756);
#9588=AXIS2_PLACEMENT_3D('',#16558,#11757,#11758);
#9589=AXIS2_PLACEMENT_3D('',#16559,#11759,#11760);
#9590=AXIS2_PLACEMENT_3D('',#16561,#11761,#11762);
#9591=AXIS2_PLACEMENT_3D('',#16563,#11764,#11765);
#9592=AXIS2_PLACEMENT_3D('',#16564,#11766,#11767);
#9593=AXIS2_PLACEMENT_3D('',#16573,#11768,#11769);
#9594=AXIS2_PLACEMENT_3D('',#16574,#11770,#11771);
#9595=AXIS2_PLACEMENT_3D('',#16577,#11774,#11775);
#9596=AXIS2_PLACEMENT_3D('',#16587,#11779,#11780);
#9597=AXIS2_PLACEMENT_3D('',#16596,#11781,#11782);
#9598=AXIS2_PLACEMENT_3D('',#16597,#11783,#11784);
#9599=AXIS2_PLACEMENT_3D('',#16600,#11787,#11788);
#9600=AXIS2_PLACEMENT_3D('',#16610,#11792,#11793);
#9601=AXIS2_PLACEMENT_3D('',#16619,#11794,#11795);
#9602=AXIS2_PLACEMENT_3D('',#16620,#11796,#11797);
#9603=AXIS2_PLACEMENT_3D('',#16631,#11802,#11803);
#9604=AXIS2_PLACEMENT_3D('',#16633,#11805,#11806);
#9605=AXIS2_PLACEMENT_3D('',#16634,#11807,#11808);
#9606=AXIS2_PLACEMENT_3D('',#16635,#11809,#11810);
#9607=AXIS2_PLACEMENT_3D('',#16636,#11811,#11812);
#9608=AXIS2_PLACEMENT_3D('',#16637,#11813,#11814);
#9609=AXIS2_PLACEMENT_3D('',#16641,#11815,#11816);
#9610=AXIS2_PLACEMENT_3D('',#16651,#11820,#11821);
#9611=AXIS2_PLACEMENT_3D('',#16660,#11822,#11823);
#9612=AXIS2_PLACEMENT_3D('',#16661,#11824,#11825);
#9613=AXIS2_PLACEMENT_3D('',#16664,#11828,#11829);
#9614=AXIS2_PLACEMENT_3D('',#16674,#11833,#11834);
#9615=AXIS2_PLACEMENT_3D('',#16679,#11835,#11836);
#9616=AXIS2_PLACEMENT_3D('',#16680,#11837,#11838);
#9617=AXIS2_PLACEMENT_3D('',#16682,#11840,#11841);
#9618=AXIS2_PLACEMENT_3D('',#16684,#11842,#11843);
#9619=AXIS2_PLACEMENT_3D('',#16689,#11844,#11845);
#9620=AXIS2_PLACEMENT_3D('',#16690,#11846,#11847);
#9621=AXIS2_PLACEMENT_3D('',#16692,#11848,#11849);
#9622=AXIS2_PLACEMENT_3D('',#16694,#11851,#11852);
#9623=AXIS2_PLACEMENT_3D('',#16701,#11853,#11854);
#9624=AXIS2_PLACEMENT_3D('',#16706,#11855,#11856);
#9625=AXIS2_PLACEMENT_3D('',#16707,#11857,#11858);
#9626=AXIS2_PLACEMENT_3D('',#16711,#11860,#11861);
#9627=AXIS2_PLACEMENT_3D('',#16713,#11863,#11864);
#9628=AXIS2_PLACEMENT_3D('',#16714,#11865,#11866);
#9629=AXIS2_PLACEMENT_3D('',#16715,#11867,#11868);
#9630=AXIS2_PLACEMENT_3D('',#16716,#11869,#11870);
#9631=AXIS2_PLACEMENT_3D('',#16717,#11871,#11872);
#9632=AXIS2_PLACEMENT_3D('',#16718,#11873,#11874);
#9633=AXIS2_PLACEMENT_3D('',#16720,#11875,#11876);
#9634=AXIS2_PLACEMENT_3D('',#16725,#11877,#11878);
#9635=AXIS2_PLACEMENT_3D('',#16726,#11879,#11880);
#9636=AXIS2_PLACEMENT_3D('',#16728,#11881,#11882);
#9637=AXIS2_PLACEMENT_3D('',#16730,#11884,#11885);
#9638=AXIS2_PLACEMENT_3D('',#16731,#11886,#11887);
#9639=AXIS2_PLACEMENT_3D('',#16732,#11888,#11889);
#9640=AXIS2_PLACEMENT_3D('',#16733,#11890,#11891);
#9641=AXIS2_PLACEMENT_3D('',#16734,#11892,#11893);
#9642=AXIS2_PLACEMENT_3D('',#16735,#11894,#11895);
#9643=AXIS2_PLACEMENT_3D('',#16736,#11896,#11897);
#9644=AXIS2_PLACEMENT_3D('',#16737,#11898,#11899);
#9645=AXIS2_PLACEMENT_3D('',#16738,#11900,#11901);
#9646=AXIS2_PLACEMENT_3D('',#16739,#11902,#11903);
#9647=AXIS2_PLACEMENT_3D('',#16740,#11904,#11905);
#9648=AXIS2_PLACEMENT_3D('',#16741,#11906,#11907);
#9649=AXIS2_PLACEMENT_3D('',#16742,#11908,#11909);
#9650=AXIS2_PLACEMENT_3D('',#16743,#11910,#11911);
#9651=AXIS2_PLACEMENT_3D('',#16744,#11912,#11913);
#9652=AXIS2_PLACEMENT_3D('',#16745,#11914,#11915);
#9653=AXIS2_PLACEMENT_3D('',#16746,#11916,#11917);
#9654=AXIS2_PLACEMENT_3D('',#16747,#11918,#11919);
#9655=AXIS2_PLACEMENT_3D('',#16748,#11920,#11921);
#9656=AXIS2_PLACEMENT_3D('',#16749,#11922,#11923);
#9657=AXIS2_PLACEMENT_3D('',#16750,#11924,#11925);
#9658=AXIS2_PLACEMENT_3D('',#16752,#11926,#11927);
#9659=AXIS2_PLACEMENT_3D('',#16757,#11928,#11929);
#9660=AXIS2_PLACEMENT_3D('',#16758,#11930,#11931);
#9661=AXIS2_PLACEMENT_3D('',#16760,#11932,#11933);
#9662=AXIS2_PLACEMENT_3D('',#16762,#11935,#11936);
#9663=AXIS2_PLACEMENT_3D('',#16763,#11937,#11938);
#9664=AXIS2_PLACEMENT_3D('',#16765,#11940,#11941);
#9665=AXIS2_PLACEMENT_3D('',#16766,#11942,#11943);
#9666=AXIS2_PLACEMENT_3D('',#16768,#11945,#11946);
#9667=AXIS2_PLACEMENT_3D('',#16771,#11949,#11950);
#9668=AXIS2_PLACEMENT_3D('',#16772,#11951,#11952);
#9669=AXIS2_PLACEMENT_3D('',#16774,#11954,#11955);
#9670=AXIS2_PLACEMENT_3D('',#16775,#11956,#11957);
#9671=AXIS2_PLACEMENT_3D('',#16776,#11958,#11959);
#9672=AXIS2_PLACEMENT_3D('',#16777,#11960,#11961);
#9673=AXIS2_PLACEMENT_3D('',#16778,#11962,#11963);
#9674=AXIS2_PLACEMENT_3D('',#16780,#11965,#11966);
#9675=AXIS2_PLACEMENT_3D('',#16781,#11967,#11968);
#9676=AXIS2_PLACEMENT_3D('',#16783,#11970,#11971);
#9677=AXIS2_PLACEMENT_3D('',#16784,#11972,#11973);
#9678=AXIS2_PLACEMENT_3D('',#16786,#11975,#11976);
#9679=AXIS2_PLACEMENT_3D('',#16787,#11977,#11978);
#9680=AXIS2_PLACEMENT_3D('',#16789,#11980,#11981);
#9681=AXIS2_PLACEMENT_3D('',#16791,#11983,#11984);
#9682=AXIS2_PLACEMENT_3D('',#16792,#11985,#11986);
#9683=AXIS2_PLACEMENT_3D('',#16794,#11988,#11989);
#9684=AXIS2_PLACEMENT_3D('',#16796,#11991,#11992);
#9685=AXIS2_PLACEMENT_3D('',#16798,#11994,#11995);
#9686=AXIS2_PLACEMENT_3D('',#16800,#11997,#11998);
#9687=AXIS2_PLACEMENT_3D('',#16802,#12000,#12001);
#9688=AXIS2_PLACEMENT_3D('',#16804,#12003,#12004);
#9689=AXIS2_PLACEMENT_3D('',#16806,#12006,#12007);
#9690=AXIS2_PLACEMENT_3D('',#16807,#12008,#12009);
#9691=AXIS2_PLACEMENT_3D('',#16816,#12014,#12015);
#9692=AXIS2_PLACEMENT_3D('',#16818,#12016,#12017);
#9693=AXIS2_PLACEMENT_3D('',#16820,#12018,#12019);
#9694=AXIS2_PLACEMENT_3D('',#16822,#12021,#12022);
#9695=AXIS2_PLACEMENT_3D('',#16828,#12026,#12027);
#9696=AXIS2_PLACEMENT_3D('',#16830,#12028,#12029);
#9697=AXIS2_PLACEMENT_3D('',#16833,#12031,#12032);
#9698=AXIS2_PLACEMENT_3D('',#16834,#12033,#12034);
#9699=AXIS2_PLACEMENT_3D('',#16852,#12044,#12045);
#9700=AXIS2_PLACEMENT_3D('',#16854,#12046,#12047);
#9701=AXIS2_PLACEMENT_3D('',#16857,#12049,#12050);
#9702=AXIS2_PLACEMENT_3D('',#16858,#12051,#12052);
#9703=AXIS2_PLACEMENT_3D('',#16861,#12054,#12055);
#9704=AXIS2_PLACEMENT_3D('',#16862,#12056,#12057);
#9705=AXIS2_PLACEMENT_3D('',#16865,#12059,#12060);
#9706=AXIS2_PLACEMENT_3D('',#16866,#12061,#12062);
#9707=AXIS2_PLACEMENT_3D('',#16869,#12064,#12065);
#9708=AXIS2_PLACEMENT_3D('',#16870,#12066,#12067);
#9709=AXIS2_PLACEMENT_3D('',#16873,#12069,#12070);
#9710=AXIS2_PLACEMENT_3D('',#16874,#12071,#12072);
#9711=AXIS2_PLACEMENT_3D('',#16877,#12074,#12075);
#9712=AXIS2_PLACEMENT_3D('',#16878,#12076,#12077);
#9713=AXIS2_PLACEMENT_3D('',#16881,#12079,#12080);
#9714=AXIS2_PLACEMENT_3D('',#16882,#12081,#12082);
#9715=AXIS2_PLACEMENT_3D('',#16885,#12084,#12085);
#9716=AXIS2_PLACEMENT_3D('',#16886,#12086,#12087);
#9717=AXIS2_PLACEMENT_3D('',#16889,#12089,#12090);
#9718=AXIS2_PLACEMENT_3D('',#16890,#12091,#12092);
#9719=AXIS2_PLACEMENT_3D('',#16892,#12094,#12095);
#9720=AXIS2_PLACEMENT_3D('',#16893,#12096,#12097);
#9721=AXIS2_PLACEMENT_3D('',#16902,#12102,#12103);
#9722=AXIS2_PLACEMENT_3D('',#16904,#12104,#12105);
#9723=AXIS2_PLACEMENT_3D('',#16906,#12106,#12107);
#9724=AXIS2_PLACEMENT_3D('',#16908,#12109,#12110);
#9725=AXIS2_PLACEMENT_3D('',#16914,#12114,#12115);
#9726=AXIS2_PLACEMENT_3D('',#16916,#12116,#12117);
#9727=AXIS2_PLACEMENT_3D('',#16919,#12119,#12120);
#9728=AXIS2_PLACEMENT_3D('',#16920,#12121,#12122);
#9729=AXIS2_PLACEMENT_3D('',#16938,#12132,#12133);
#9730=AXIS2_PLACEMENT_3D('',#16940,#12134,#12135);
#9731=AXIS2_PLACEMENT_3D('',#16943,#12137,#12138);
#9732=AXIS2_PLACEMENT_3D('',#16944,#12139,#12140);
#9733=AXIS2_PLACEMENT_3D('',#16947,#12142,#12143);
#9734=AXIS2_PLACEMENT_3D('',#16948,#12144,#12145);
#9735=AXIS2_PLACEMENT_3D('',#16951,#12147,#12148);
#9736=AXIS2_PLACEMENT_3D('',#16952,#12149,#12150);
#9737=AXIS2_PLACEMENT_3D('',#16955,#12152,#12153);
#9738=AXIS2_PLACEMENT_3D('',#16956,#12154,#12155);
#9739=AXIS2_PLACEMENT_3D('',#16959,#12157,#12158);
#9740=AXIS2_PLACEMENT_3D('',#16960,#12159,#12160);
#9741=AXIS2_PLACEMENT_3D('',#16963,#12162,#12163);
#9742=AXIS2_PLACEMENT_3D('',#16964,#12164,#12165);
#9743=AXIS2_PLACEMENT_3D('',#16967,#12167,#12168);
#9744=AXIS2_PLACEMENT_3D('',#16968,#12169,#12170);
#9745=AXIS2_PLACEMENT_3D('',#16971,#12172,#12173);
#9746=AXIS2_PLACEMENT_3D('',#16972,#12174,#12175);
#9747=AXIS2_PLACEMENT_3D('',#16975,#12177,#12178);
#9748=AXIS2_PLACEMENT_3D('',#16976,#12179,#12180);
#9749=AXIS2_PLACEMENT_3D('',#16978,#12182,#12183);
#9750=AXIS2_PLACEMENT_3D('',#16979,#12184,#12185);
#9751=AXIS2_PLACEMENT_3D('',#16988,#12190,#12191);
#9752=AXIS2_PLACEMENT_3D('',#16990,#12192,#12193);
#9753=AXIS2_PLACEMENT_3D('',#16992,#12194,#12195);
#9754=AXIS2_PLACEMENT_3D('',#16994,#12197,#12198);
#9755=AXIS2_PLACEMENT_3D('',#17000,#12202,#12203);
#9756=AXIS2_PLACEMENT_3D('',#17002,#12204,#12205);
#9757=AXIS2_PLACEMENT_3D('',#17005,#12207,#12208);
#9758=AXIS2_PLACEMENT_3D('',#17006,#12209,#12210);
#9759=AXIS2_PLACEMENT_3D('',#17024,#12220,#12221);
#9760=AXIS2_PLACEMENT_3D('',#17026,#12222,#12223);
#9761=AXIS2_PLACEMENT_3D('',#17029,#12225,#12226);
#9762=AXIS2_PLACEMENT_3D('',#17030,#12227,#12228);
#9763=AXIS2_PLACEMENT_3D('',#17033,#12230,#12231);
#9764=AXIS2_PLACEMENT_3D('',#17034,#12232,#12233);
#9765=AXIS2_PLACEMENT_3D('',#17037,#12235,#12236);
#9766=AXIS2_PLACEMENT_3D('',#17038,#12237,#12238);
#9767=AXIS2_PLACEMENT_3D('',#17041,#12240,#12241);
#9768=AXIS2_PLACEMENT_3D('',#17042,#12242,#12243);
#9769=AXIS2_PLACEMENT_3D('',#17045,#12245,#12246);
#9770=AXIS2_PLACEMENT_3D('',#17046,#12247,#12248);
#9771=AXIS2_PLACEMENT_3D('',#17049,#12250,#12251);
#9772=AXIS2_PLACEMENT_3D('',#17050,#12252,#12253);
#9773=AXIS2_PLACEMENT_3D('',#17053,#12255,#12256);
#9774=AXIS2_PLACEMENT_3D('',#17054,#12257,#12258);
#9775=AXIS2_PLACEMENT_3D('',#17057,#12260,#12261);
#9776=AXIS2_PLACEMENT_3D('',#17058,#12262,#12263);
#9777=AXIS2_PLACEMENT_3D('',#17061,#12265,#12266);
#9778=AXIS2_PLACEMENT_3D('',#17062,#12267,#12268);
#9779=AXIS2_PLACEMENT_3D('',#17064,#12270,#12271);
#9780=DIRECTION('axis',(0.,0.,1.));
#9781=DIRECTION('refdir',(1.,0.,0.));
#9782=DIRECTION('center_axis',(-0.420603226116151,0.568412637245764,-0.707106781186548));
#9783=DIRECTION('ref_axis',(-0.859449722853876,-1.94289029309402E-16,0.511220279220607));
#9784=DIRECTION('',(0.892871049242087,0.397531803404111,-0.211541378239839));
#9785=DIRECTION('center_axis',(0.420603226116151,-0.568412637245764,0.707106781186548));
#9786=DIRECTION('ref_axis',(0.420603226116152,-0.568412637245766,-0.707106781186547));
#9787=DIRECTION('center_axis',(0.420603226116151,-0.568412637245764,0.707106781186548));
#9788=DIRECTION('ref_axis',(0.420603226116152,-0.568412637245766,-0.707106781186547));
#9789=DIRECTION('',(0.803856860617219,0.594822786751339,0.));
#9790=DIRECTION('',(0.42060322611615,-0.568412637245765,-0.707106781186548));
#9791=DIRECTION('',(-0.803856860617219,-0.594822786751339,0.));
#9792=DIRECTION('center_axis',(0.,0.,-1.));
#9793=DIRECTION('ref_axis',(0.988757727108308,-0.149526442757166,0.));
#9794=DIRECTION('center_axis',(0.,0.,1.));
#9795=DIRECTION('ref_axis',(0.988757727108308,-0.149526442757166,0.));
#9796=DIRECTION('',(0.569869816751974,0.418626793164358,-0.707106781186546));
#9797=DIRECTION('center_axis',(0.,0.,-1.));
#9798=DIRECTION('ref_axis',(0.988757727108308,-0.149526442757166,0.));
#9799=DIRECTION('center_axis',(0.,0.,1.));
#9800=DIRECTION('ref_axis',(-1.,0.,0.));
#9801=DIRECTION('',(0.647476345961133,0.284208341575017,-0.707106781186546));
#9802=DIRECTION('center_axis',(0.,0.,1.));
#9803=DIRECTION('ref_axis',(-1.,0.,0.));
#9804=DIRECTION('center_axis',(0.,0.,-1.));
#9805=DIRECTION('ref_axis',(-1.,0.,0.));
#9806=DIRECTION('center_axis',(0.,0.,-1.));
#9807=DIRECTION('ref_axis',(0.364885165588923,0.931052531242542,0.));
#9808=DIRECTION('center_axis',(0.,0.,1.));
#9809=DIRECTION('ref_axis',(0.364885165588923,0.931052531242542,0.));
#9810=DIRECTION('',(-0.28195817062886,0.64845939735316,-0.70710678118655));
#9811=DIRECTION('center_axis',(0.,0.,-1.));
#9812=DIRECTION('ref_axis',(0.364885165588923,0.931052531242542,0.));
#9813=DIRECTION('center_axis',(0.281958170628865,-0.64845939735316,-0.707106781186548));
#9814=DIRECTION('ref_axis',(-0.928876826714429,-1.38777878078145E-16,-0.370388769798617));
#9815=DIRECTION('center_axis',(-0.281958170628865,0.64845939735316,0.707106781186548));
#9816=DIRECTION('ref_axis',(0.281958170628865,-0.64845939735316,0.707106781186547));
#9817=DIRECTION('',(0.917060074385123,0.398749068925248,0.));
#9818=DIRECTION('',(-0.917060074385123,-0.398749068925248,0.));
#9819=DIRECTION('center_axis',(0.,0.,-1.));
#9820=DIRECTION('ref_axis',(0.364885165588923,0.931052531242542,0.));
#9821=DIRECTION('',(0.,0.,1.));
#9822=DIRECTION('center_axis',(0.,0.,1.));
#9823=DIRECTION('ref_axis',(0.364885165588923,0.931052531242542,0.));
#9824=DIRECTION('',(0.,0.,-1.));
#9825=DIRECTION('center_axis',(0.,0.,-1.));
#9826=DIRECTION('ref_axis',(-1.,0.,0.));
#9827=DIRECTION('',(0.,0.,-1.));
#9828=DIRECTION('center_axis',(0.,0.,1.));
#9829=DIRECTION('ref_axis',(-1.,0.,0.));
#9830=DIRECTION('center_axis',(0.,0.,-1.));
#9831=DIRECTION('ref_axis',(0.988757727108308,-0.149526442757166,0.));
#9832=DIRECTION('',(0.,0.,1.));
#9833=DIRECTION('center_axis',(0.,0.,1.));
#9834=DIRECTION('ref_axis',(0.988757727108308,-0.149526442757166,0.));
#9835=DIRECTION('center_axis',(0.594822786751339,-0.803856860617219,0.));
#9836=DIRECTION('ref_axis',(-0.803856860617219,-0.594822786751339,0.));
#9837=DIRECTION('',(0.,0.,1.));
#9838=DIRECTION('',(-0.803856860617219,-0.594822786751339,0.));
#9839=DIRECTION('',(0.,0.,-1.));
#9840=DIRECTION('',(-0.803856860617219,-0.594822786751339,0.));
#9841=DIRECTION('center_axis',(-0.281958170628866,-0.648459397353158,-0.707106781186549));
#9842=DIRECTION('ref_axis',(-0.928876826714429,5.27355936696949E-16,0.370388769798618));
#9843=DIRECTION('center_axis',(0.281958170628866,0.648459397353158,0.707106781186549));
#9844=DIRECTION('ref_axis',(0.281958170628867,0.648459397353161,-0.707106781186546));
#9845=DIRECTION('',(-0.917060074385122,0.39874906892525,0.));
#9846=DIRECTION('',(0.281958170628871,0.648459397353159,-0.707106781186546));
#9847=DIRECTION('',(0.917060074385122,-0.39874906892525,0.));
#9848=DIRECTION('center_axis',(0.,0.,-1.));
#9849=DIRECTION('ref_axis',(-0.36488516558892,0.931052531242543,0.));
#9850=DIRECTION('center_axis',(0.,0.,1.));
#9851=DIRECTION('ref_axis',(-0.364885165588921,0.931052531242543,0.));
#9852=DIRECTION('',(-0.647476345961133,0.284208341575017,-0.707106781186546));
#9853=DIRECTION('center_axis',(0.,0.,-1.));
#9854=DIRECTION('ref_axis',(-0.364885165588921,0.931052531242543,0.));
#9855=DIRECTION('center_axis',(0.,0.,1.));
#9856=DIRECTION('ref_axis',(1.,0.,0.));
#9857=DIRECTION('',(-0.569869816751976,0.418626793164362,-0.707106781186542));
#9858=DIRECTION('center_axis',(0.,0.,1.));
#9859=DIRECTION('ref_axis',(1.,0.,0.));
#9860=DIRECTION('center_axis',(0.,0.,-1.));
#9861=DIRECTION('ref_axis',(1.,0.,0.));
#9862=DIRECTION('center_axis',(0.,0.,-1.));
#9863=DIRECTION('ref_axis',(-0.988757727108308,-0.149526442757171,0.));
#9864=DIRECTION('center_axis',(0.,0.,1.));
#9865=DIRECTION('ref_axis',(-0.988757727108308,-0.149526442757171,0.));
#9866=DIRECTION('',(-0.420603226116147,-0.568412637245762,-0.707106781186553));
#9867=DIRECTION('center_axis',(0.,0.,-1.));
#9868=DIRECTION('ref_axis',(-0.988757727108308,-0.149526442757171,0.));
#9869=DIRECTION('center_axis',(0.420603226116153,0.568412637245766,-0.707106781186546));
#9870=DIRECTION('ref_axis',(-0.859449722853874,-3.33066907387547E-16,-0.51122027922061));
#9871=DIRECTION('center_axis',(-0.420603226116153,-0.568412637245766,0.707106781186546));
#9872=DIRECTION('ref_axis',(0.420603226116151,0.568412637245763,0.707106781186549));
#9873=DIRECTION('center_axis',(-0.420603226116153,-0.568412637245766,0.707106781186546));
#9874=DIRECTION('ref_axis',(-0.420603226116151,-0.568412637245763,-0.707106781186549));
#9875=DIRECTION('',(0.892871049242086,-0.397531803404111,0.211541378239841));
#9876=DIRECTION('',(-0.803856860617219,0.59482278675134,0.));
#9877=DIRECTION('',(0.803856860617219,-0.59482278675134,0.));
#9878=DIRECTION('center_axis',(-0.59482278675134,-0.803856860617219,0.));
#9879=DIRECTION('ref_axis',(-0.803856860617219,0.59482278675134,0.));
#9880=DIRECTION('',(0.,0.,-1.));
#9881=DIRECTION('',(0.,0.,-1.));
#9882=DIRECTION('',(-0.803856860617219,0.59482278675134,0.));
#9883=DIRECTION('',(0.,0.,1.));
#9884=DIRECTION('',(-0.803856860617219,0.59482278675134,0.));
#9885=DIRECTION('center_axis',(0.,0.,-1.));
#9886=DIRECTION('ref_axis',(-0.988757727108308,-0.149526442757171,0.));
#9887=DIRECTION('',(0.,0.,1.));
#9888=DIRECTION('center_axis',(0.,0.,1.));
#9889=DIRECTION('ref_axis',(-0.988757727108308,-0.149526442757171,0.));
#9890=DIRECTION('center_axis',(0.,0.,-1.));
#9891=DIRECTION('ref_axis',(-1.,0.,0.));
#9892=DIRECTION('',(0.,0.,-1.));
#9893=DIRECTION('center_axis',(0.,0.,1.));
#9894=DIRECTION('ref_axis',(-1.,0.,0.));
#9895=DIRECTION('center_axis',(0.,0.,-1.));
#9896=DIRECTION('ref_axis',(-0.364885165588921,0.931052531242543,0.));
#9897=DIRECTION('',(0.,0.,1.));
#9898=DIRECTION('center_axis',(0.,0.,1.));
#9899=DIRECTION('ref_axis',(-0.364885165588921,0.931052531242543,0.));
#9900=DIRECTION('center_axis',(0.39874906892525,0.917060074385122,0.));
#9901=DIRECTION('ref_axis',(0.917060074385122,-0.39874906892525,0.));
#9902=DIRECTION('',(0.,0.,1.));
#9903=DIRECTION('',(0.917060074385122,-0.39874906892525,0.));
#9904=DIRECTION('',(0.,0.,-1.));
#9905=DIRECTION('',(0.917060074385122,-0.39874906892525,0.));
#9906=DIRECTION('center_axis',(0.,0.,-1.));
#9907=DIRECTION('ref_axis',(0.623872561519386,-0.781526088485368,0.));
#9908=DIRECTION('',(0.0776065292091594,0.702835134739375,0.707106781186542));
#9909=DIRECTION('center_axis',(0.,0.,1.));
#9910=DIRECTION('ref_axis',(0.623872561519387,-0.781526088485368,0.));
#9911=DIRECTION('',(0.702561396745015,-0.0800467601073962,-0.707106781186549));
#9912=DIRECTION('center_axis',(0.,0.,-1.));
#9913=DIRECTION('ref_axis',(0.623872561519386,-0.781526088485368,0.));
#9914=DIRECTION('center_axis',(0.,0.,1.));
#9915=DIRECTION('ref_axis',(-1.,0.,0.));
#9916=DIRECTION('center_axis',(0.,0.,1.));
#9917=DIRECTION('ref_axis',(-1.,0.,0.));
#9918=DIRECTION('',(-0.0776065292091593,0.702835134739368,0.707106781186549));
#9919=DIRECTION('center_axis',(0.,0.,-1.));
#9920=DIRECTION('ref_axis',(-1.,0.,0.));
#9921=DIRECTION('center_axis',(0.,0.,-1.));
#9922=DIRECTION('ref_axis',(-0.623872561519376,-0.781526088485377,0.));
#9923=DIRECTION('',(0.702561396745021,0.0800467601073956,0.707106781186543));
#9924=DIRECTION('center_axis',(0.,0.,1.));
#9925=DIRECTION('ref_axis',(-0.623872561519376,-0.781526088485377,0.));
#9926=DIRECTION('center_axis',(0.,0.,-1.));
#9927=DIRECTION('ref_axis',(-0.623872561519376,-0.781526088485377,0.));
#9928=DIRECTION('center_axis',(0.702561396745017,0.0800467601073951,-0.707106781186548));
#9929=DIRECTION('ref_axis',(-0.709383113843826,-6.93889390390723E-18,-0.704823096807446));
#9930=DIRECTION('',(-0.113203213767904,0.993571855676588,0.));
#9931=DIRECTION('',(0.702561396745017,0.0800467601073898,0.707106781186548));
#9932=DIRECTION('',(0.113203213767904,-0.993571855676588,0.));
#9933=DIRECTION('center_axis',(0.,0.,-1.));
#9934=DIRECTION('ref_axis',(-0.781625524528443,0.623747977476188,0.));
#9935=DIRECTION('',(0.0778305906481295,-0.70281035789135,0.707106781186544));
#9936=DIRECTION('center_axis',(0.,0.,1.));
#9937=DIRECTION('ref_axis',(-0.781625524528444,0.623747977476188,0.));
#9938=DIRECTION('center_axis',(0.,0.,-1.));
#9939=DIRECTION('ref_axis',(-0.781625524528443,0.623747977476189,0.));
#9940=DIRECTION('center_axis',(0.,0.,-1.));
#9941=DIRECTION('ref_axis',(-1.,0.,0.));
#9942=DIRECTION('center_axis',(0.,0.,-1.));
#9943=DIRECTION('ref_axis',(-1.,0.,0.));
#9944=DIRECTION('',(-0.0778305906481298,-0.702810357891347,0.707106781186547));
#9945=DIRECTION('center_axis',(0.,0.,1.));
#9946=DIRECTION('ref_axis',(-1.,0.,0.));
#9947=DIRECTION('center_axis',(0.,0.,-1.));
#9948=DIRECTION('ref_axis',(0.781625524528446,0.623747977476185,0.));
#9949=DIRECTION('',(-0.702561396745016,0.0800467601073962,0.707106781186548));
#9950=DIRECTION('center_axis',(0.,0.,1.));
#9951=DIRECTION('ref_axis',(0.781625524528446,0.623747977476185,0.));
#9952=DIRECTION('center_axis',(0.,0.,-1.));
#9953=DIRECTION('ref_axis',(0.781625524528446,0.623747977476185,0.));
#9954=DIRECTION('center_axis',(-0.702561396745016,0.080046760107395,-0.707106781186549));
#9955=DIRECTION('ref_axis',(-0.709383113843827,6.93889390390723E-18,0.704823096807445));
#9956=DIRECTION('',(-0.113203213767904,-0.993571855676588,0.));
#9957=DIRECTION('',(0.113203213767904,0.993571855676588,0.));
#9958=DIRECTION('center_axis',(0.,0.,-1.));
#9959=DIRECTION('ref_axis',(-1.,0.,0.));
#9960=DIRECTION('',(0.,0.,-1.));
#9961=DIRECTION('center_axis',(0.,0.,-1.));
#9962=DIRECTION('ref_axis',(-1.,0.,0.));
#9963=DIRECTION('',(0.,0.,1.));
#9964=DIRECTION('center_axis',(0.,0.,-1.));
#9965=DIRECTION('ref_axis',(0.781625524528446,0.623747977476185,0.));
#9966=DIRECTION('',(0.,0.,1.));
#9967=DIRECTION('center_axis',(0.,0.,1.));
#9968=DIRECTION('ref_axis',(0.781625524528446,0.623747977476185,0.));
#9969=DIRECTION('center_axis',(0.993571855676588,-0.113203213767904,0.));
#9970=DIRECTION('ref_axis',(-0.113203213767904,-0.993571855676588,0.));
#9971=DIRECTION('',(0.,0.,-1.));
#9972=DIRECTION('',(-0.113203213767904,-0.993571855676588,0.));
#9973=DIRECTION('center_axis',(0.,0.,-1.));
#9974=DIRECTION('ref_axis',(0.623872561519387,-0.781526088485368,0.));
#9975=DIRECTION('',(0.,0.,1.));
#9976=DIRECTION('center_axis',(0.,0.,1.));
#9977=DIRECTION('ref_axis',(0.623872561519387,-0.781526088485368,0.));
#9978=DIRECTION('center_axis',(0.,0.,1.));
#9979=DIRECTION('ref_axis',(1.,0.,0.));
#9980=DIRECTION('center_axis',(0.,0.,-1.));
#9981=DIRECTION('ref_axis',(0.986790492988656,-0.162001614026545,0.));
#9982=DIRECTION('center_axis',(0.,0.,-1.));
#9983=DIRECTION('ref_axis',(1.,0.,0.));
#9984=DIRECTION('center_axis',(0.,0.,-1.));
#9985=DIRECTION('ref_axis',(-0.254225325871004,0.967145016885153,0.));
#9986=DIRECTION('',(0.667832555471046,0.744311546231155,0.));
#9987=DIRECTION('center_axis',(0.,0.,-1.));
#9988=DIRECTION('ref_axis',(-0.954065660960418,-0.299597587734215,0.));
#9989=DIRECTION('center_axis',(0.,0.,1.));
#9990=DIRECTION('ref_axis',(-0.626932447355193,0.779073620688846,0.));
#9991=DIRECTION('center_axis',(0.,0.,-1.));
#9992=DIRECTION('ref_axis',(0.122425347557152,-0.992477724825858,0.));
#9993=DIRECTION('',(-0.913545457642598,0.406736643075806,0.));
#9994=DIRECTION('center_axis',(0.,0.,1.));
#9995=DIRECTION('ref_axis',(-0.217904020737518,0.975970203308699,0.));
#9996=DIRECTION('center_axis',(0.,0.,1.));
#9997=DIRECTION('ref_axis',(1.,0.,0.));
#9998=DIRECTION('center_axis',(0.,0.,1.));
#9999=DIRECTION('ref_axis',(0.217904020737523,0.975970203308698,0.));
#10000=DIRECTION('',(-0.913545457642599,-0.406736643075805,0.));
#10001=DIRECTION('center_axis',(0.,0.,-1.));
#10002=DIRECTION('ref_axis',(-1.,0.,0.));
#10003=DIRECTION('center_axis',(0.,0.,1.));
#10004=DIRECTION('ref_axis',(-1.,0.,0.));
#10005=DIRECTION('',(-0.707106781186548,8.65956056235494E-17,0.707106781186547));
#10006=DIRECTION('center_axis',(0.,0.,-1.));
#10007=DIRECTION('ref_axis',(-1.,0.,0.));
#10008=DIRECTION('center_axis',(0.,0.,1.));
#10009=DIRECTION('ref_axis',(-1.,0.,0.));
#10010=DIRECTION('center_axis',(0.,0.,1.));
#10011=DIRECTION('ref_axis',(-1.,0.,0.));
#10012=DIRECTION('center_axis',(0.,0.,1.));
#10013=DIRECTION('ref_axis',(-1.,0.,0.));
#10014=DIRECTION('',(0.,0.,-1.));
#10015=DIRECTION('center_axis',(0.,0.,-1.));
#10016=DIRECTION('ref_axis',(-1.,0.,0.));
#10017=DIRECTION('center_axis',(0.,0.,1.));
#10018=DIRECTION('ref_axis',(-1.,0.,0.));
#10019=DIRECTION('center_axis',(0.,0.,-1.));
#10020=DIRECTION('ref_axis',(-1.,0.,0.));
#10021=DIRECTION('',(0.707106781186548,8.65956056235494E-17,0.707106781186547));
#10022=DIRECTION('center_axis',(0.,0.,-1.));
#10023=DIRECTION('ref_axis',(-1.,0.,0.));
#10024=DIRECTION('center_axis',(0.,0.,1.));
#10025=DIRECTION('ref_axis',(1.,0.,0.));
#10026=DIRECTION('center_axis',(0.,0.,1.));
#10027=DIRECTION('ref_axis',(1.,0.,0.));
#10028=DIRECTION('',(0.,0.,1.));
#10029=DIRECTION('center_axis',(0.,0.,-1.));
#10030=DIRECTION('ref_axis',(1.,0.,0.));
#10031=DIRECTION('',(-0.707106781186548,8.65956056235494E-17,-0.707106781186547));
#10032=DIRECTION('center_axis',(0.,0.,-1.));
#10033=DIRECTION('ref_axis',(1.,0.,0.));
#10034=DIRECTION('center_axis',(0.,0.,1.));
#10035=DIRECTION('ref_axis',(1.,0.,0.));
#10036=DIRECTION('center_axis',(0.,0.,-1.));
#10037=DIRECTION('ref_axis',(-0.787676692794357,-0.616088814724423,0.));
#10038=DIRECTION('center_axis',(0.,0.,-1.));
#10039=DIRECTION('ref_axis',(-0.24802121931927,0.968754599869019,0.));
#10040=DIRECTION('',(0.913545457642598,-0.406736643075806,0.));
#10041=DIRECTION('center_axis',(0.,0.,1.));
#10042=DIRECTION('ref_axis',(0.157924874716059,-0.987451129902598,0.));
#10043=DIRECTION('center_axis',(0.,0.,-1.));
#10044=DIRECTION('ref_axis',(-0.695463457918738,0.718561464802916,0.));
#10045=DIRECTION('center_axis',(0.,0.,1.));
#10046=DIRECTION('ref_axis',(-0.157924874716062,-0.987451129902597,0.));
#10047=DIRECTION('',(0.913545457642599,0.406736643075805,0.));
#10048=DIRECTION('center_axis',(0.,0.,-1.));
#10049=DIRECTION('ref_axis',(0.24802121931927,0.968754599869019,0.));
#10050=DIRECTION('center_axis',(0.,0.,-1.));
#10051=DIRECTION('ref_axis',(0.787676692794357,0.616088814724423,0.));
#10052=DIRECTION('',(-0.913545457642599,0.406736643075804,0.));
#10053=DIRECTION('center_axis',(0.,0.,1.));
#10054=DIRECTION('ref_axis',(-0.157924874716061,0.987451129902597,0.));
#10055=DIRECTION('center_axis',(0.,0.,-1.));
#10056=DIRECTION('ref_axis',(0.695463457918737,-0.718561464802917,0.));
#10057=DIRECTION('center_axis',(0.,0.,1.));
#10058=DIRECTION('ref_axis',(0.157924874716061,0.987451129902597,0.));
#10059=DIRECTION('',(-0.9135454576426,-0.406736643075803,0.));
#10060=DIRECTION('center_axis',(0.,0.,-1.));
#10061=DIRECTION('ref_axis',(0.954065660960429,0.299597587734179,0.));
#10062=DIRECTION('center_axis',(0.,0.,-1.));
#10063=DIRECTION('ref_axis',(0.954065660960429,0.299597587734179,0.));
#10064=DIRECTION('',(-0.526307741655492,0.472228928670718,0.707106781186549));
#10065=DIRECTION('center_axis',(0.,0.,1.));
#10066=DIRECTION('ref_axis',(0.954065660960429,0.299597587734179,0.));
#10067=DIRECTION('center_axis',(-0.526307741655494,0.472228928670718,-0.707106781186547));
#10068=DIRECTION('ref_axis',(-0.802185001667015,-2.4980018054066E-16,0.597075558954218));
#10069=DIRECTION('',(-0.667832555471046,-0.744311546231155,0.));
#10070=DIRECTION('',(-0.526307741655492,0.472228928670719,0.707106781186548));
#10071=DIRECTION('',(0.667832555471046,0.744311546231155,0.));
#10072=DIRECTION('center_axis',(0.,0.,-1.));
#10073=DIRECTION('ref_axis',(0.254225325871004,-0.967145016885152,0.));
#10074=DIRECTION('',(0.22606020215633,0.669997600742747,0.707106781186549));
#10075=DIRECTION('center_axis',(0.,0.,1.));
#10076=DIRECTION('ref_axis',(0.254225325871004,-0.967145016885153,0.));
#10077=DIRECTION('center_axis',(0.,0.,-1.));
#10078=DIRECTION('ref_axis',(0.254225325871004,-0.967145016885153,0.));
#10079=DIRECTION('center_axis',(0.,0.,-1.));
#10080=DIRECTION('ref_axis',(-1.,1.22464679914735E-16,0.));
#10081=DIRECTION('center_axis',(0.,0.,-1.));
#10082=DIRECTION('ref_axis',(-1.,1.22464679914735E-16,0.));
#10083=DIRECTION('',(0.479043063854625,0.520113202075059,0.707106781186549));
#10084=DIRECTION('center_axis',(0.,0.,1.));
#10085=DIRECTION('ref_axis',(-1.,1.22464679914735E-16,0.));
#10086=DIRECTION('center_axis',(0.,0.,-1.));
#10087=DIRECTION('ref_axis',(-0.986790492988658,0.16200161402653,0.));
#10088=DIRECTION('center_axis',(0.,0.,1.));
#10089=DIRECTION('ref_axis',(-0.986790492988658,0.16200161402653,0.));
#10090=DIRECTION('center_axis',(0.,0.,-1.));
#10091=DIRECTION('ref_axis',(-0.986790492988658,0.16200161402653,0.));
#10092=DIRECTION('center_axis',(0.,0.,1.));
#10093=DIRECTION('ref_axis',(1.,0.,0.));
#10094=DIRECTION('center_axis',(0.,0.,1.));
#10095=DIRECTION('ref_axis',(0.626932447355192,-0.779073620688847,0.));
#10096=DIRECTION('center_axis',(0.,0.,-1.));
#10097=DIRECTION('ref_axis',(-0.122425347557142,0.992477724825859,0.));
#10098=DIRECTION('',(0.913545457642599,-0.406736643075804,0.));
#10099=DIRECTION('center_axis',(0.,0.,1.));
#10100=DIRECTION('ref_axis',(0.217904020737523,-0.975970203308698,0.));
#10101=DIRECTION('center_axis',(0.,0.,1.));
#10102=DIRECTION('ref_axis',(1.,0.,0.));
#10103=DIRECTION('center_axis',(0.,0.,1.));
#10104=DIRECTION('ref_axis',(-0.217904020737523,-0.975970203308698,0.));
#10105=DIRECTION('',(0.9135454576426,0.406736643075803,0.));
#10106=DIRECTION('center_axis',(0.,0.,-1.));
#10107=DIRECTION('ref_axis',(-0.954065660960418,-0.299597587734215,0.));
#10108=DIRECTION('',(0.526307741655497,-0.472228928670718,0.707106781186545));
#10109=DIRECTION('center_axis',(0.,0.,1.));
#10110=DIRECTION('ref_axis',(-0.954065660960418,-0.299597587734215,0.));
#10111=DIRECTION('center_axis',(0.526307741655495,-0.472228928670718,-0.707106781186547));
#10112=DIRECTION('ref_axis',(-0.802185001667014,-5.55111512312578E-17,-0.597075558954218));
#10113=DIRECTION('',(0.526307741655492,-0.47222892867072,0.707106781186548));
#10114=DIRECTION('',(-0.667832555471046,-0.744311546231155,0.));
#10115=DIRECTION('center_axis',(0.,0.,-1.));
#10116=DIRECTION('ref_axis',(-0.254225325871004,0.967145016885152,0.));
#10117=DIRECTION('',(-0.22606020215633,-0.669997600742747,0.707106781186549));
#10118=DIRECTION('center_axis',(0.,0.,1.));
#10119=DIRECTION('ref_axis',(-0.254225325871004,0.967145016885153,0.));
#10120=DIRECTION('center_axis',(0.,0.,-1.));
#10121=DIRECTION('ref_axis',(1.,0.,0.));
#10122=DIRECTION('',(-0.47904306385463,-0.520113202075059,0.707106781186546));
#10123=DIRECTION('center_axis',(0.,0.,1.));
#10124=DIRECTION('ref_axis',(1.,0.,0.));
#10125=DIRECTION('center_axis',(0.,0.,-1.));
#10126=DIRECTION('ref_axis',(0.986790492988656,-0.162001614026545,0.));
#10127=DIRECTION('center_axis',(0.,0.,1.));
#10128=DIRECTION('ref_axis',(0.986790492988656,-0.162001614026545,0.));
#10129=DIRECTION('center_axis',(0.287606238475953,0.645974188021249,-0.707106781186548));
#10130=DIRECTION('ref_axis',(-0.926309308298545,1.94289029309402E-16,-0.376763938507219));
#10131=DIRECTION('',(-0.287606238475951,-0.645974188021251,-0.707106781186547));
#10132=DIRECTION('',(-0.913545457642599,0.406736643075804,0.));
#10133=DIRECTION('',(0.287606238475954,0.645974188021251,0.707106781186547));
#10134=DIRECTION('',(0.913545457642599,-0.406736643075804,0.));
#10135=DIRECTION('center_axis',(0.,0.,-1.));
#10136=DIRECTION('ref_axis',(0.248021219319268,-0.968754599869019,0.));
#10137=DIRECTION('center_axis',(0.,0.,1.));
#10138=DIRECTION('ref_axis',(0.248021219319268,-0.968754599869019,0.));
#10139=DIRECTION('',(0.562640944900725,-0.42829331902473,-0.707106781186548));
#10140=DIRECTION('center_axis',(0.,0.,-1.));
#10141=DIRECTION('ref_axis',(0.248021219319268,-0.968754599869019,0.));
#10142=DIRECTION('center_axis',(0.,0.,-1.));
#10143=DIRECTION('ref_axis',(0.787676692794357,0.616088814724423,0.));
#10144=DIRECTION('',(0.562640944900724,0.428293319024731,-0.707106781186547));
#10145=DIRECTION('center_axis',(0.,0.,-1.));
#10146=DIRECTION('ref_axis',(0.787676692794357,0.616088814724423,0.));
#10147=DIRECTION('center_axis',(0.,0.,1.));
#10148=DIRECTION('ref_axis',(0.787676692794357,0.616088814724423,0.));
#10149=DIRECTION('center_axis',(0.,0.,-1.));
#10150=DIRECTION('ref_axis',(0.24802121931927,0.968754599869019,0.));
#10151=DIRECTION('center_axis',(0.,0.,1.));
#10152=DIRECTION('ref_axis',(0.24802121931927,0.968754599869019,0.));
#10153=DIRECTION('',(-0.168591018102426,0.686714692295999,-0.707106781186547));
#10154=DIRECTION('center_axis',(0.,0.,-1.));
#10155=DIRECTION('ref_axis',(0.24802121931927,0.968754599869019,0.));
#10156=DIRECTION('center_axis',(0.,0.,-1.));
#10157=DIRECTION('ref_axis',(0.695463457918737,-0.718561464802917,0.));
#10158=DIRECTION('',(-0.159251037936718,-0.68894056849345,-0.707106781186548));
#10159=DIRECTION('center_axis',(0.,0.,-1.));
#10160=DIRECTION('ref_axis',(0.695463457918737,-0.718561464802917,0.));
#10161=DIRECTION('',(0.474730715867093,0.524052237293494,0.707106781186548));
#10162=DIRECTION('center_axis',(0.,0.,1.));
#10163=DIRECTION('ref_axis',(0.695463457918737,-0.718561464802917,0.));
#10164=DIRECTION('center_axis',(-0.287606238475955,-0.645974188021249,-0.707106781186548));
#10165=DIRECTION('ref_axis',(-0.926309308298544,2.77555756156289E-16,0.376763938507221));
#10166=DIRECTION('',(0.287606238475954,0.64597418802125,-0.707106781186547));
#10167=DIRECTION('',(0.913545457642598,-0.406736643075806,0.));
#10168=DIRECTION('',(-0.287606238475954,-0.64597418802125,0.707106781186547));
#10169=DIRECTION('',(-0.913545457642598,0.406736643075806,0.));
#10170=DIRECTION('center_axis',(0.,0.,-1.));
#10171=DIRECTION('ref_axis',(-0.24802121931927,0.968754599869019,0.));
#10172=DIRECTION('center_axis',(0.,0.,1.));
#10173=DIRECTION('ref_axis',(-0.24802121931927,0.968754599869019,0.));
#10174=DIRECTION('',(-0.562640944900727,0.428293319024729,-0.707106781186547));
#10175=DIRECTION('center_axis',(0.,0.,-1.));
#10176=DIRECTION('ref_axis',(-0.24802121931927,0.968754599869019,0.));
#10177=DIRECTION('center_axis',(0.,0.,-1.));
#10178=DIRECTION('ref_axis',(-0.787676692794357,-0.616088814724423,0.));
#10179=DIRECTION('',(-0.562640944900724,-0.428293319024731,-0.707106781186547));
#10180=DIRECTION('center_axis',(0.,0.,-1.));
#10181=DIRECTION('ref_axis',(-0.787676692794357,-0.616088814724423,0.));
#10182=DIRECTION('center_axis',(0.,0.,1.));
#10183=DIRECTION('ref_axis',(-0.787676692794357,-0.616088814724423,0.));
#10184=DIRECTION('center_axis',(0.,0.,-1.));
#10185=DIRECTION('ref_axis',(-0.24802121931928,-0.968754599869016,0.));
#10186=DIRECTION('center_axis',(0.,0.,1.));
#10187=DIRECTION('ref_axis',(-0.24802121931928,-0.968754599869016,0.));
#10188=DIRECTION('',(0.168591018102445,-0.686714692295994,-0.707106781186547));
#10189=DIRECTION('center_axis',(0.,0.,-1.));
#10190=DIRECTION('ref_axis',(-0.24802121931928,-0.968754599869016,0.));
#10191=DIRECTION('center_axis',(0.,0.,-1.));
#10192=DIRECTION('ref_axis',(-0.695463457918738,0.718561464802916,0.));
#10193=DIRECTION('',(0.159251037936717,0.688940568493451,-0.707106781186546));
#10194=DIRECTION('center_axis',(0.,0.,-1.));
#10195=DIRECTION('ref_axis',(-0.695463457918738,0.718561464802916,0.));
#10196=DIRECTION('',(-0.474730715867093,-0.524052237293495,0.707106781186547));
#10197=DIRECTION('center_axis',(0.,0.,1.));
#10198=DIRECTION('ref_axis',(-0.695463457918738,0.718561464802916,0.));
#10199=DIRECTION('',(0.135596897192523,-0.726687953222787,0.673452374049299));
#10200=DIRECTION('',(0.023549225525475,0.830480745146462,-0.556549338260435));
#10201=DIRECTION('',(0.23562347526992,-0.670488143212988,0.703510645059849));
#10202=DIRECTION('',(-0.0150762718797785,-0.836116736326502,0.548344334575389));
#10203=DIRECTION('',(0.00960375384978576,0.838231137468339,-0.545230527474872));
#10204=DIRECTION('',(-0.767548807698431,-0.341734746561794,-0.542297142527105));
#10205=DIRECTION('',(0.130882794128209,-0.763580993722321,0.632308279423278));
#10206=DIRECTION('',(-0.293956557238626,0.660237237488233,-0.691141326134041));
#10207=DIRECTION('center_axis',(0.414543796472903,-0.906495057665916,-0.0801258462239236));
#10208=DIRECTION('ref_axis',(0.843880339034901,0.349962678080963,0.406684272305607));
#10209=DIRECTION('center_axis',(-0.406736643059899,0.913545457649681,-4.03355744647478E-11));
#10210=DIRECTION('ref_axis',(0.911679315615456,0.40590578309262,-0.0638852152763084));
#10211=DIRECTION('center_axis',(0.287606238475953,-0.645974188021247,-0.707106781186551));
#10212=DIRECTION('ref_axis',(-0.926309308298545,1.11022302462516E-16,-0.376763938507218));
#10213=DIRECTION('',(0.287606238475956,-0.645974188021251,0.707106781186545));
#10214=DIRECTION('',(-0.913545457642599,-0.406736643075805,0.));
#10215=DIRECTION('',(-0.287606238475957,0.645974188021252,-0.707106781186544));
#10216=DIRECTION('',(0.913545457642599,0.406736643075805,0.));
#10217=DIRECTION('',(-0.913545457642625,-0.406736643075746,0.));
#10218=DIRECTION('center_axis',(0.,0.,1.));
#10219=DIRECTION('ref_axis',(-0.157924874716062,-0.987451129902597,0.));
#10220=DIRECTION('center_axis',(0.,0.,-1.));
#10221=DIRECTION('ref_axis',(-0.157924874716062,-0.987451129902597,0.));
#10222=DIRECTION('',(-0.387045371710701,0.75304280512126,-0.532092486220609));
#10223=DIRECTION('',(-0.00676813379984106,-0.714579666663641,0.699521330879729));
#10224=DIRECTION('',(0.392631301710849,-0.749346722344222,0.533216795148855));
#10225=DIRECTION('',(-0.432132341617167,0.737493377482954,-0.519004005280547));
#10226=DIRECTION('center_axis',(-0.117397775627381,-0.990750797788701,0.0680486514105646));
#10227=DIRECTION('ref_axis',(0.719876367126034,-0.0376975431598745,0.693077853702694));
#10228=DIRECTION('center_axis',(0.70671353168721,-0.0248321507156948,0.707063892743098));
#10229=DIRECTION('ref_axis',(0.703639394769728,-0.079588471460569,-0.706085885242483));
#10230=DIRECTION('',(0.386769857132934,-0.731930657729848,0.560969330613112));
#10231=DIRECTION('',(0.0571163671155196,0.703632394490274,-0.708264903854065));
#10232=DIRECTION('center_axis',(-0.111919325038146,-0.992857213396019,0.0413354386755189));
#10233=DIRECTION('ref_axis',(0.731619699310659,-0.110477912790405,-0.672701454113232));
#10234=DIRECTION('center_axis',(0.,0.,-1.));
#10235=DIRECTION('ref_axis',(-0.695463457918738,0.718561464802916,0.));
#10236=DIRECTION('',(-0.0544330263863912,-0.705008542954209,0.707106781186548));
#10237=DIRECTION('center_axis',(0.,0.,1.));
#10238=DIRECTION('ref_axis',(-0.695463457918738,0.718561464802916,0.));
#10239=DIRECTION('',(-0.474730715867093,0.524052237293494,-0.707106781186548));
#10240=DIRECTION('center_axis',(0.,0.,-1.));
#10241=DIRECTION('ref_axis',(-0.695463457918738,0.718561464802916,0.));
#10242=DIRECTION('center_axis',(0.,0.,1.));
#10243=DIRECTION('ref_axis',(0.996879039334907,-0.0789441633986511,0.));
#10244=DIRECTION('center_axis',(0.,0.,1.));
#10245=DIRECTION('ref_axis',(0.15792487471606,-0.987451129902598,0.));
#10246=DIRECTION('center_axis',(0.,0.,-1.));
#10247=DIRECTION('ref_axis',(0.15792487471606,-0.987451129902598,0.));
#10248=DIRECTION('',(0.205370995130718,-0.678262853373306,-0.705536856650962));
#10249=DIRECTION('center_axis',(0.,0.,-1.));
#10250=DIRECTION('ref_axis',(-0.288599148567876,0.95745001511614,0.));
#10251=DIRECTION('center_axis',(-0.0547554594060116,0.222068168451031,0.973492459254843));
#10252=DIRECTION('ref_axis',(0.375446026419626,-0.898829612292548,0.226153950466802));
#10253=DIRECTION('',(-0.135596897192519,0.72668795322279,0.673452374049296));
#10254=DIRECTION('',(-0.023549225525475,-0.830480745146462,-0.556549338260435));
#10255=DIRECTION('',(-0.23562347526992,0.670488143212988,0.703510645059849));
#10256=DIRECTION('center_axis',(0.,0.,-1.));
#10257=DIRECTION('ref_axis',(0.930143595835333,0.367195984627441,0.));
#10258=DIRECTION('center_axis',(-0.406736643077618,0.913545457641792,-3.39940739320182E-11));
#10259=DIRECTION('ref_axis',(0.91283431607485,0.40642002245123,-0.0394496735969069));
#10260=DIRECTION('',(0.0150762718797717,0.836116736326505,0.548344334575385));
#10261=DIRECTION('',(-0.00960375384977885,-0.838231137468332,-0.545230527474884));
#10262=DIRECTION('',(0.767548807698431,0.341734746561794,-0.542297142527105));
#10263=DIRECTION('',(-0.130882794128206,0.763580993722326,0.632308279423273));
#10264=DIRECTION('',(0.293956557238628,-0.660237237488231,-0.691141326134042));
#10265=DIRECTION('center_axis',(-0.41454379647289,0.906495057665918,-0.0801258462239698));
#10266=DIRECTION('ref_axis',(0.843880339034961,0.349962678080969,-0.406684272305477));
#10267=DIRECTION('center_axis',(0.406736643059223,-0.913545457649982,-4.23054630820466E-11));
#10268=DIRECTION('ref_axis',(0.911679315633093,0.405905783099527,0.0638852149807289));
#10269=DIRECTION('center_axis',(-0.287606238475955,0.645974188021255,-0.707106781186542));
#10270=DIRECTION('ref_axis',(-0.926309308298543,-1.94289029309402E-16,0.376763938507224));
#10271=DIRECTION('',(-0.287606238475951,0.645974188021245,0.707106781186552));
#10272=DIRECTION('',(0.9135454576426,0.406736643075803,0.));
#10273=DIRECTION('',(0.287606238475953,-0.645974188021245,-0.707106781186552));
#10274=DIRECTION('',(-0.9135454576426,-0.406736643075803,0.));
#10275=DIRECTION('',(0.913545457642623,0.406736643075752,0.));
#10276=DIRECTION('center_axis',(0.,0.,1.));
#10277=DIRECTION('ref_axis',(0.157924874716062,0.987451129902597,0.));
#10278=DIRECTION('center_axis',(0.,0.,-1.));
#10279=DIRECTION('ref_axis',(0.157924874716062,0.987451129902597,0.));
#10280=DIRECTION('',(0.3870453717107,-0.753042805121261,-0.532092486220609));
#10281=DIRECTION('',(0.00676813379983833,0.714579666663643,0.699521330879727));
#10282=DIRECTION('',(-0.392631301710851,0.74934672234422,0.533216795148856));
#10283=DIRECTION('',(0.432132341617168,-0.737493377482953,-0.519004005280547));
#10284=DIRECTION('center_axis',(0.117397775627567,0.99075079778869,0.0680486514103918));
#10285=DIRECTION('ref_axis',(0.719876364458667,-0.0376975426518775,-0.693077856500828));
#10286=DIRECTION('center_axis',(-0.706713531676189,0.0248321507997584,0.707063892751162));
#10287=DIRECTION('ref_axis',(0.703640140833672,-0.0795783980240065,0.706086277147137));
#10288=DIRECTION('',(-0.386769857232538,0.731930657734212,0.560969330538743));
#10289=DIRECTION('',(-0.0571163671155189,-0.703632394490276,-0.708264903854064));
#10290=DIRECTION('center_axis',(0.111919455698231,0.992857204637567,0.0413352952752015));
#10291=DIRECTION('ref_axis',(0.73162196462999,-0.110478064633812,0.672698965441245));
#10292=DIRECTION('center_axis',(0.,0.,-1.));
#10293=DIRECTION('ref_axis',(0.695463457918737,-0.718561464802917,0.));
#10294=DIRECTION('',(0.0544330263863916,0.705008542954211,0.707106781186547));
#10295=DIRECTION('center_axis',(0.,0.,1.));
#10296=DIRECTION('ref_axis',(0.695463457918737,-0.718561464802917,0.));
#10297=DIRECTION('',(0.474730715867093,-0.524052237293496,-0.707106781186546));
#10298=DIRECTION('center_axis',(0.,0.,-1.));
#10299=DIRECTION('ref_axis',(0.695463457918737,-0.718561464802917,0.));
#10300=DIRECTION('center_axis',(0.,0.,1.));
#10301=DIRECTION('ref_axis',(0.996879086135619,-0.0789435724135445,0.));
#10302=DIRECTION('center_axis',(0.,0.,1.));
#10303=DIRECTION('ref_axis',(-0.157924874716062,0.987451129902597,0.));
#10304=DIRECTION('center_axis',(0.,0.,-1.));
#10305=DIRECTION('ref_axis',(-0.157924874716062,0.987451129902597,0.));
#10306=DIRECTION('',(-0.205370995130702,0.678262853373311,-0.705536856650961));
#10307=DIRECTION('center_axis',(0.,0.,-1.));
#10308=DIRECTION('ref_axis',(-0.288599148604966,0.95745001510496,0.));
#10309=DIRECTION('center_axis',(0.0547554594057226,-0.222068168450446,0.973492459254992));
#10310=DIRECTION('ref_axis',(0.375446022958005,-0.898829613706494,-0.226153950593953));
#10311=DIRECTION('center_axis',(0.,0.,-1.));
#10312=DIRECTION('ref_axis',(0.930143595831002,0.367195984638413,0.));
#10313=DIRECTION('center_axis',(0.406736643078551,-0.913545457641376,-5.38390897420354E-11));
#10314=DIRECTION('ref_axis',(0.912834316071188,0.406420022449861,0.0394496736957553));
#10315=DIRECTION('center_axis',(-2.76299669370729E-16,-1.,0.));
#10316=DIRECTION('ref_axis',(0.38268343236509,-1.0573530583613E-16,0.923879532511287));
#10317=DIRECTION('',(2.76299669370729E-16,1.,0.));
#10318=DIRECTION('',(-2.76299669370729E-16,-1.,0.));
#10319=DIRECTION('center_axis',(0.,0.,-1.));
#10320=DIRECTION('ref_axis',(1.,0.,0.));
#10321=DIRECTION('center_axis',(0.,0.,-1.));
#10322=DIRECTION('ref_axis',(-0.7505138613674,-0.660854707099371,0.));
#10323=DIRECTION('',(0.9135454576426,0.406736643075803,0.));
#10324=DIRECTION('center_axis',(0.,0.,1.));
#10325=DIRECTION('ref_axis',(-1.,0.,0.));
#10326=DIRECTION('',(-0.913545457642598,0.406736643075806,0.));
#10327=DIRECTION('center_axis',(0.,0.,-1.));
#10328=DIRECTION('ref_axis',(0.122425347557152,-0.992477724825857,0.));
#10329=DIRECTION('center_axis',(0.,0.,1.));
#10330=DIRECTION('ref_axis',(-0.626932447355193,0.779073620688846,0.));
#10331=DIRECTION('center_axis',(0.,0.,-1.));
#10332=DIRECTION('ref_axis',(-1.,0.,0.));
#10333=DIRECTION('center_axis',(0.,0.,1.));
#10334=DIRECTION('ref_axis',(-0.7505138613674,-0.660854707099371,0.));
#10335=DIRECTION('center_axis',(0.,0.,1.));
#10336=DIRECTION('ref_axis',(-1.,1.22464679914735E-16,0.));
#10337=DIRECTION('center_axis',(0.,0.,-1.));
#10338=DIRECTION('ref_axis',(-0.726512832224081,-0.687152897551735,0.));
#10339=DIRECTION('center_axis',(0.,0.,-1.));
#10340=DIRECTION('ref_axis',(-1.,0.,0.));
#10341=DIRECTION('center_axis',(0.,0.,1.));
#10342=DIRECTION('ref_axis',(-0.726512832224081,-0.687152897551735,0.));
#10343=DIRECTION('center_axis',(0.,0.,-1.));
#10344=DIRECTION('ref_axis',(-1.,1.22464679914735E-16,0.));
#10345=DIRECTION('',(3.98764349285464E-16,1.,0.));
#10346=DIRECTION('center_axis',(0.,0.,1.));
#10347=DIRECTION('ref_axis',(0.626932447355192,-0.779073620688847,0.));
#10348=DIRECTION('',(0.667832555471046,0.744311546231154,0.));
#10349=DIRECTION('',(1.,-1.22464679914735E-16,0.));
#10350=DIRECTION('center_axis',(0.,0.,1.));
#10351=DIRECTION('ref_axis',(-0.259982587203299,-0.965613304771159,0.));
#10352=DIRECTION('center_axis',(0.,0.,1.));
#10353=DIRECTION('ref_axis',(-1.,1.22464679914735E-16,0.));
#10354=DIRECTION('center_axis',(0.,0.,-1.));
#10355=DIRECTION('ref_axis',(0.146161008910859,0.989260814686481,0.));
#10356=DIRECTION('',(0.9135454576426,0.406736643075803,0.));
#10357=DIRECTION('center_axis',(3.98764349285464E-16,1.,0.));
#10358=DIRECTION('ref_axis',(0.38268343236509,-1.52600509889393E-16,-0.923879532511287));
#10359=DIRECTION('',(-3.98764349285464E-16,-1.,0.));
#10360=DIRECTION('center_axis',(0.707106781186547,-2.81968975475193E-16,
-0.707106781186548));
#10361=DIRECTION('ref_axis',(-0.707106781186548,0.,-0.707106781186547));
#10362=DIRECTION('',(3.98764349285464E-16,1.,0.));
#10363=DIRECTION('center_axis',(0.,0.,-1.));
#10364=DIRECTION('ref_axis',(-0.695463457918738,0.718561464802916,0.));
#10365=DIRECTION('',(0.,0.,-1.));
#10366=DIRECTION('',(0.,0.,1.));
#10367=DIRECTION('center_axis',(0.,0.,-1.));
#10368=DIRECTION('ref_axis',(-0.157924874716062,-0.987451129902597,0.));
#10369=DIRECTION('',(0.,0.,1.));
#10370=DIRECTION('center_axis',(0.406736643075805,-0.913545457642599,0.));
#10371=DIRECTION('ref_axis',(-0.913545457642599,-0.406736643075805,0.));
#10372=DIRECTION('',(0.,0.,-1.));
#10373=DIRECTION('center_axis',(0.,0.,-1.));
#10374=DIRECTION('ref_axis',(0.24802121931927,0.968754599869019,0.));
#10375=DIRECTION('',(0.,0.,1.));
#10376=DIRECTION('center_axis',(0.,0.,-1.));
#10377=DIRECTION('ref_axis',(0.787676692794357,0.616088814724423,0.));
#10378=DIRECTION('',(0.,0.,-1.));
#10379=DIRECTION('center_axis',(0.,0.,1.));
#10380=DIRECTION('ref_axis',(0.787676692794357,0.616088814724423,0.));
#10381=DIRECTION('center_axis',(0.,0.,-1.));
#10382=DIRECTION('ref_axis',(0.248021219319268,-0.968754599869019,0.));
#10383=DIRECTION('',(0.,0.,1.));
#10384=DIRECTION('center_axis',(0.406736643075804,0.913545457642599,0.));
#10385=DIRECTION('ref_axis',(0.913545457642599,-0.406736643075804,0.));
#10386=DIRECTION('',(0.,0.,-1.));
#10387=DIRECTION('center_axis',(0.,0.,-1.));
#10388=DIRECTION('ref_axis',(-0.157924874716061,0.987451129902597,0.));
#10389=DIRECTION('',(0.,0.,1.));
#10390=DIRECTION('center_axis',(-0.287606238475954,-0.645974188021252,-0.707106781186545));
#10391=DIRECTION('ref_axis',(-0.926309308298544,-2.77555756156289E-17,0.376763938507222));
#10392=DIRECTION('',(0.287606238475953,0.645974188021248,-0.707106781186549));
#10393=DIRECTION('',(0.913545457642599,-0.406736643075804,0.));
#10394=DIRECTION('',(-0.287606238475954,-0.645974188021248,0.707106781186549));
#10395=DIRECTION('',(-0.913545457642599,0.406736643075804,0.));
#10396=DIRECTION('center_axis',(0.,0.,-1.));
#10397=DIRECTION('ref_axis',(-0.122425347557142,0.992477724825859,0.));
#10398=DIRECTION('center_axis',(0.,0.,1.));
#10399=DIRECTION('ref_axis',(-0.122425347557142,0.992477724825859,0.));
#10400=DIRECTION('',(-0.435962425130205,0.556719645669696,-0.707106781186546));
#10401=DIRECTION('center_axis',(0.,0.,-1.));
#10402=DIRECTION('ref_axis',(-0.122425347557142,0.992477724825859,0.));
#10403=DIRECTION('center_axis',(0.,0.,1.));
#10404=DIRECTION('ref_axis',(0.626932447355192,-0.779073620688847,0.));
#10405=DIRECTION('',(0.0496159444052958,0.705363918882141,-0.707106781186547));
#10406=DIRECTION('center_axis',(0.,0.,1.));
#10407=DIRECTION('ref_axis',(0.626932447355192,-0.779073620688847,0.));
#10408=DIRECTION('center_axis',(0.,0.,-1.));
#10409=DIRECTION('ref_axis',(0.626932447355192,-0.779073620688847,0.));
#10410=DIRECTION('center_axis',(0.,0.,1.));
#10411=DIRECTION('ref_axis',(1.,0.,0.));
#10412=DIRECTION('',(-0.535049765755863,0.462300495527099,-0.707106781186544));
#10413=DIRECTION('center_axis',(0.,0.,1.));
#10414=DIRECTION('ref_axis',(1.,0.,0.));
#10415=DIRECTION('',(0.535049765755864,0.462300495527097,0.707106781186545));
#10416=DIRECTION('center_axis',(0.,0.,-1.));
#10417=DIRECTION('ref_axis',(1.,0.,0.));
#10418=DIRECTION('center_axis',(0.287606238475955,0.645974188021249,-0.707106781186547));
#10419=DIRECTION('ref_axis',(-0.926309308298544,5.55111512312578E-17,-0.376763938507222));
#10420=DIRECTION('',(-0.287606238475956,-0.645974188021249,-0.707106781186548));
#10421=DIRECTION('',(0.287606238475957,0.645974188021249,0.707106781186547));
#10422=DIRECTION('',(0.913545457642598,-0.406736643075806,0.));
#10423=DIRECTION('center_axis',(0.,0.,-1.));
#10424=DIRECTION('ref_axis',(0.122425347557152,-0.992477724825857,0.));
#10425=DIRECTION('center_axis',(0.,0.,1.));
#10426=DIRECTION('ref_axis',(0.122425347557152,-0.992477724825858,0.));
#10427=DIRECTION('',(0.435962425130205,-0.556719645669694,-0.707106781186548));
#10428=DIRECTION('center_axis',(0.,0.,1.));
#10429=DIRECTION('ref_axis',(-0.626932447355193,0.779073620688846,0.));
#10430=DIRECTION('',(-0.049615944405295,-0.705363918882141,-0.707106781186547));
#10431=DIRECTION('center_axis',(0.,0.,-1.));
#10432=DIRECTION('ref_axis',(-0.626932447355193,0.779073620688846,0.));
#10433=DIRECTION('center_axis',(0.,0.,1.));
#10434=DIRECTION('ref_axis',(-1.,0.,0.));
#10435=DIRECTION('',(0.535049765755858,-0.462300495527097,-0.707106781186549));
#10436=DIRECTION('',(-0.535049765755863,-0.462300495527093,0.707106781186548));
#10437=DIRECTION('center_axis',(0.,0.,-1.));
#10438=DIRECTION('ref_axis',(-1.,0.,0.));
#10439=DIRECTION('center_axis',(0.,0.,-1.));
#10440=DIRECTION('ref_axis',(-1.,0.,0.));
#10441=DIRECTION('center_axis',(-8.65956056235492E-17,-0.707106781186547,
-0.707106781186548));
#10442=DIRECTION('ref_axis',(-1.,2.46519032881566E-32,1.22464679914735E-16));
#10443=DIRECTION('',(-1.,1.22464679914735E-16,0.));
#10444=DIRECTION('',(0.,0.707106781186548,-0.707106781186547));
#10445=DIRECTION('',(0.300935749225927,-0.674328434384103,0.674328434384102));
#10446=DIRECTION('center_axis',(0.,0.,1.));
#10447=DIRECTION('ref_axis',(-0.259982587203299,-0.965613304771159,0.));
#10448=DIRECTION('center_axis',(0.,0.,-1.));
#10449=DIRECTION('ref_axis',(-0.259982587203299,-0.965613304771159,0.));
#10450=DIRECTION('',(0.355027913593298,0.611518749156222,-0.707106781186547));
#10451=DIRECTION('center_axis',(0.,0.,1.));
#10452=DIRECTION('ref_axis',(-1.,1.22464679914735E-16,0.));
#10453=DIRECTION('',(0.462122522147419,0.535203488893812,-0.707106781186547));
#10454=DIRECTION('center_axis',(0.,0.,-1.));
#10455=DIRECTION('ref_axis',(-1.,1.22464679914735E-16,0.));
#10456=DIRECTION('center_axis',(0.,0.,-1.));
#10457=DIRECTION('ref_axis',(0.146161008910859,0.989260814686481,0.));
#10458=DIRECTION('center_axis',(0.,0.,1.));
#10459=DIRECTION('ref_axis',(0.146161008910859,0.989260814686481,0.));
#10460=DIRECTION('',(-0.287606238475953,0.645974188021254,-0.707106781186544));
#10461=DIRECTION('center_axis',(0.287606238475951,-0.645974188021246,-0.707106781186552));
#10462=DIRECTION('ref_axis',(-0.926309308298546,-2.77555756156289E-17,-0.376763938507215));
#10463=DIRECTION('',(-0.287606238475955,0.645974188021254,-0.707106781186543));
#10464=DIRECTION('',(-0.9135454576426,-0.406736643075803,0.));
#10465=DIRECTION('center_axis',(0.526307741655492,-0.472228928670717,-0.707106781186549));
#10466=DIRECTION('ref_axis',(-0.802185001667017,-1.38777878078145E-16,-0.597075558954215));
#10467=DIRECTION('',(-0.667832555471046,-0.744311546231154,0.));
#10468=DIRECTION('center_axis',(0.,0.,1.));
#10469=DIRECTION('ref_axis',(0.626932447355192,-0.779073620688847,0.));
#10470=DIRECTION('',(-0.144505571461096,-0.692183602678298,0.707106781186543));
#10471=DIRECTION('center_axis',(0.,0.,-1.));
#10472=DIRECTION('ref_axis',(0.626932447355192,-0.779073620688847,0.));
#10473=DIRECTION('',(0.495130891821486,-0.527238437621797,0.690554146941561));
#10474=DIRECTION('center_axis',(-0.406736643072412,0.913545457644109,8.72334984509324E-12));
#10475=DIRECTION('ref_axis',(0.885310744564628,0.394165738890452,-0.246694661157));
#10476=DIRECTION('',(-0.628250407468466,0.431912955083647,-0.647110983330231));
#10477=DIRECTION('',(0.628563314072978,-0.41152288810541,0.659967478567677));
#10478=DIRECTION('',(-0.631933392367157,0.416740490655877,-0.653442844523708));
#10479=DIRECTION('',(0.433206628091679,-0.525492352163028,0.732249824305616));
#10480=DIRECTION('center_axis',(0.406736643076058,-0.913545457642486,9.0618217620103E-13));
#10481=DIRECTION('ref_axis',(0.90707077435404,0.403853928347634,-0.118847022978898));
#10482=DIRECTION('',(-0.279445154574918,0.627644093464605,-0.726617710714234));
#10483=DIRECTION('center_axis',(0.287606238475953,-0.64597418802125,-0.707106781186548));
#10484=DIRECTION('ref_axis',(-0.926309308298545,-1.66533453693773E-16,-0.376763938507219));
#10485=DIRECTION('',(0.287606238475951,-0.645974188021251,0.707106781186548));
#10486=DIRECTION('',(-0.9135454576426,-0.406736643075803,0.));
#10487=DIRECTION('',(-0.287606238475954,0.64597418802125,-0.707106781186547));
#10488=DIRECTION('',(-0.913545457642637,-0.40673664307572,0.));
#10489=DIRECTION('center_axis',(0.,0.,1.));
#10490=DIRECTION('ref_axis',(-0.217904020737523,-0.975970203308698,0.));
#10491=DIRECTION('center_axis',(0.,0.,-1.));
#10492=DIRECTION('ref_axis',(-0.217904020737523,-0.975970203308698,0.));
#10493=DIRECTION('center_axis',(0.,0.,1.));
#10494=DIRECTION('ref_axis',(-0.217904020737518,0.975970203308699,0.));
#10495=DIRECTION('center_axis',(0.,0.,-1.));
#10496=DIRECTION('ref_axis',(-0.217904020737518,0.975970203308699,0.));
#10497=DIRECTION('',(0.103396646770591,0.702320580242191,0.70431167532909));
#10498=DIRECTION('',(-0.555281931452667,-0.674527247478187,-0.486492516912333));
#10499=DIRECTION('center_axis',(0.0698985896902749,0.993652044466101,-0.0881464785890449));
#10500=DIRECTION('ref_axis',(0.996597169878673,-0.0734278550144352,-0.0374490466874498));
#10501=DIRECTION('',(0.55585504956026,0.67479915094414,0.485459853915263));
#10502=DIRECTION('',(-0.585318830519332,-0.65622911314648,-0.476198716607327));
#10503=DIRECTION('',(0.521046405617228,0.664380401987243,0.535825834249));
#10504=DIRECTION('',(-0.139434715878399,-0.700131766671402,-0.700266712978342));
#10505=DIRECTION('center_axis',(0.,0.707106781186547,-0.707106781186548));
#10506=DIRECTION('ref_axis',(-1.,0.,0.));
#10507=DIRECTION('',(1.,0.,0.));
#10508=DIRECTION('',(0.,-0.707106781186548,-0.707106781186547));
#10509=DIRECTION('',(-1.,0.,0.));
#10510=DIRECTION('',(-0.300935749225925,0.674328434384104,0.674328434384102));
#10511=DIRECTION('center_axis',(-0.526307741655493,0.472228928670717,-0.707106781186549));
#10512=DIRECTION('ref_axis',(-0.802185001667016,1.11022302462516E-16,0.597075558954216));
#10513=DIRECTION('',(-0.667832555471046,-0.744311546231154,0.));
#10514=DIRECTION('',(0.667832555471046,0.744311546231154,0.));
#10515=DIRECTION('center_axis',(0.,0.,1.));
#10516=DIRECTION('ref_axis',(-0.626932447355193,0.779073620688846,0.));
#10517=DIRECTION('center_axis',(0.,0.,1.));
#10518=DIRECTION('ref_axis',(-0.626932447355193,0.779073620688846,0.));
#10519=DIRECTION('',(0.144505571461097,0.692183602678294,0.707106781186547));
#10520=DIRECTION('center_axis',(0.,0.,-1.));
#10521=DIRECTION('ref_axis',(-0.626932447355193,0.779073620688846,0.));
#10522=DIRECTION('center_axis',(0.,0.,1.));
#10523=DIRECTION('ref_axis',(0.259982587203299,0.965613304771159,0.));
#10524=DIRECTION('center_axis',(0.,0.,-1.));
#10525=DIRECTION('ref_axis',(0.259982587203299,0.965613304771159,0.));
#10526=DIRECTION('',(-0.3550279135933,-0.611518749156223,-0.707106781186545));
#10527=DIRECTION('center_axis',(0.,0.,1.));
#10528=DIRECTION('ref_axis',(0.259982587203299,0.965613304771159,0.));
#10529=DIRECTION('center_axis',(0.,0.,1.));
#10530=DIRECTION('ref_axis',(1.,0.,0.));
#10531=DIRECTION('',(-0.462122522147419,-0.535203488893813,-0.707106781186547));
#10532=DIRECTION('center_axis',(0.,0.,1.));
#10533=DIRECTION('ref_axis',(1.,0.,0.));
#10534=DIRECTION('center_axis',(0.,0.,-1.));
#10535=DIRECTION('ref_axis',(1.,0.,0.));
#10536=DIRECTION('center_axis',(0.,0.,-1.));
#10537=DIRECTION('ref_axis',(-0.146161008910859,-0.989260814686481,0.));
#10538=DIRECTION('center_axis',(0.,0.,1.));
#10539=DIRECTION('ref_axis',(-0.146161008910859,-0.989260814686481,0.));
#10540=DIRECTION('',(0.287606238475956,-0.645974188021252,-0.707106781186544));
#10541=DIRECTION('center_axis',(0.,0.,-1.));
#10542=DIRECTION('ref_axis',(-0.146161008910859,-0.989260814686481,0.));
#10543=DIRECTION('center_axis',(-0.287606238475955,0.645974188021251,-0.707106781186545));
#10544=DIRECTION('ref_axis',(-0.926309308298543,1.11022302462516E-16,0.376763938507223));
#10545=DIRECTION('',(0.287606238475953,-0.645974188021248,-0.70710678118655));
#10546=DIRECTION('',(-0.913545457642599,-0.406736643075805,0.));
#10547=DIRECTION('',(0.913545457642599,0.406736643075805,0.));
#10548=DIRECTION('center_axis',(0.,0.,-1.));
#10549=DIRECTION('ref_axis',(0.979828031202713,-0.199842511166709,0.));
#10550=DIRECTION('',(-0.495130891821489,0.527238437621797,0.690554146941558));
#10551=DIRECTION('center_axis',(0.406736643076214,-0.913545457642417,-1.27830835284267E-12));
#10552=DIRECTION('ref_axis',(0.885310744431247,0.394165738832781,0.246694661727809));
#10553=DIRECTION('',(0.628250407468465,-0.431912955083648,-0.647110983330231));
#10554=DIRECTION('',(-0.628563314072978,0.411522888105404,0.659967478567681));
#10555=DIRECTION('',(0.631933392367157,-0.41674049065588,-0.653442844523707));
#10556=DIRECTION('',(-0.433206628091686,0.525492352163023,0.732249824305616));
#10557=DIRECTION('center_axis',(-0.406736643076058,0.913545457642486,9.0618217620103E-13));
#10558=DIRECTION('ref_axis',(0.90707077435404,0.403853928347634,0.118847022978898));
#10559=DIRECTION('',(0.279445154574916,-0.627644093464609,-0.726617710714231));
#10560=DIRECTION('center_axis',(-0.287606238475954,0.645974188021249,-0.707106781186548));
#10561=DIRECTION('ref_axis',(-0.926309308298544,3.05311331771918E-16,0.376763938507221));
#10562=DIRECTION('',(-0.287606238475954,0.64597418802125,0.707106781186547));
#10563=DIRECTION('',(0.913545457642599,0.406736643075805,0.));
#10564=DIRECTION('',(0.287606238475957,-0.645974188021249,-0.707106781186547));
#10565=DIRECTION('',(-0.913545457642599,-0.406736643075805,0.));
#10566=DIRECTION('',(0.913545457642637,0.40673664307572,0.));
#10567=DIRECTION('center_axis',(0.,0.,1.));
#10568=DIRECTION('ref_axis',(0.217904020737523,0.975970203308698,0.));
#10569=DIRECTION('center_axis',(0.,0.,-1.));
#10570=DIRECTION('ref_axis',(0.217904020737523,0.975970203308698,0.));
#10571=DIRECTION('center_axis',(0.,0.,1.));
#10572=DIRECTION('ref_axis',(0.217904020737523,-0.975970203308698,0.));
#10573=DIRECTION('center_axis',(0.,0.,-1.));
#10574=DIRECTION('ref_axis',(0.217904020737523,-0.975970203308698,0.));
#10575=DIRECTION('',(-0.10339664677059,-0.702320580242191,0.70431167532909));
#10576=DIRECTION('',(0.555281931452669,0.674527247478185,-0.486492516912332));
#10577=DIRECTION('center_axis',(-0.0698985896902773,-0.993652044466099,
-0.0881464785890579));
#10578=DIRECTION('ref_axis',(0.996597169879742,-0.0734278550123511,0.037449046663074));
#10579=DIRECTION('',(-0.555855049560261,-0.67479915094414,0.485459853915263));
#10580=DIRECTION('',(0.585318830519332,0.65622911314648,-0.476198716607327));
#10581=DIRECTION('',(-0.521046405617228,-0.664380401987241,0.535825834249003));
#10582=DIRECTION('',(0.139434715878398,0.700131766671402,-0.700266712978342));
#10583=DIRECTION('center_axis',(0.,0.,-1.));
#10584=DIRECTION('ref_axis',(0.979828028631331,-0.199842523774193,0.));
#10585=DIRECTION('center_axis',(-2.76299669370729E-16,-1.,0.));
#10586=DIRECTION('ref_axis',(-0.382683432365089,1.0573530583613E-16,-0.923879532511287));
#10587=DIRECTION('',(2.76299669370729E-16,1.,0.));
#10588=DIRECTION('',(-2.76299669370729E-16,-1.,0.));
#10589=DIRECTION('center_axis',(0.,0.,-1.));
#10590=DIRECTION('ref_axis',(1.,0.,0.));
#10591=DIRECTION('center_axis',(0.,0.,1.));
#10592=DIRECTION('ref_axis',(0.726512832224081,0.687152897551735,0.));
#10593=DIRECTION('center_axis',(0.,0.,-1.));
#10594=DIRECTION('ref_axis',(-1.,0.,0.));
#10595=DIRECTION('center_axis',(0.,0.,-1.));
#10596=DIRECTION('ref_axis',(0.726512832224081,0.687152897551735,0.));
#10597=DIRECTION('center_axis',(0.,0.,1.));
#10598=DIRECTION('ref_axis',(1.,0.,0.));
#10599=DIRECTION('center_axis',(0.,0.,1.));
#10600=DIRECTION('ref_axis',(0.7505138613674,0.660854707099371,0.));
#10601=DIRECTION('center_axis',(0.,0.,-1.));
#10602=DIRECTION('ref_axis',(-1.,0.,0.));
#10603=DIRECTION('center_axis',(0.,0.,-1.));
#10604=DIRECTION('ref_axis',(0.7505138613674,0.660854707099371,0.));
#10605=DIRECTION('center_axis',(0.,0.,-1.));
#10606=DIRECTION('ref_axis',(1.,0.,0.));
#10607=DIRECTION('',(-3.98764349285464E-16,-1.,0.));
#10608=DIRECTION('center_axis',(3.98764349285464E-16,1.,0.));
#10609=DIRECTION('ref_axis',(-0.38268343236509,1.52600509889393E-16,0.923879532511287));
#10610=DIRECTION('center_axis',(0.,0.,-1.));
#10611=DIRECTION('ref_axis',(-0.626932447355193,0.779073620688846,0.));
#10612=DIRECTION('',(0.,0.,-1.));
#10613=DIRECTION('',(0.,0.,-1.));
#10614=DIRECTION('center_axis',(0.,0.,1.));
#10615=DIRECTION('ref_axis',(-0.626932447355192,0.779073620688847,0.));
#10616=DIRECTION('',(0.,0.,1.));
#10617=DIRECTION('center_axis',(0.,0.,-1.));
#10618=DIRECTION('ref_axis',(0.464526858366794,0.885559031265492,0.));
#10619=DIRECTION('',(0.,0.,-1.));
#10620=DIRECTION('center_axis',(0.,0.,-1.));
#10621=DIRECTION('ref_axis',(0.122425347557152,-0.992477724825858,0.));
#10622=DIRECTION('',(0.,0.,1.));
#10623=DIRECTION('center_axis',(0.406736643075806,0.913545457642598,0.));
#10624=DIRECTION('ref_axis',(0.913545457642598,-0.406736643075806,0.));
#10625=DIRECTION('',(0.,0.,-1.));
#10626=DIRECTION('center_axis',(0.,0.,-1.));
#10627=DIRECTION('ref_axis',(-0.217904020737518,0.975970203308699,0.));
#10628=DIRECTION('',(0.,0.,1.));
#10629=DIRECTION('center_axis',(0.,0.,-1.));
#10630=DIRECTION('ref_axis',(-0.217904020737523,-0.975970203308698,0.));
#10631=DIRECTION('',(0.,0.,1.));
#10632=DIRECTION('',(0.,0.,-1.));
#10633=DIRECTION('center_axis',(0.406736643075803,-0.9135454576426,0.));
#10634=DIRECTION('ref_axis',(-0.9135454576426,-0.406736643075803,0.));
#10635=DIRECTION('',(0.,0.,-1.));
#10636=DIRECTION('',(0.9135454576426,0.406736643075803,0.));
#10637=DIRECTION('',(0.,0.,-1.));
#10638=DIRECTION('',(0.913545457642599,0.406736643075805,0.));
#10639=DIRECTION('',(0.,0.,1.));
#10640=DIRECTION('center_axis',(0.,0.,1.));
#10641=DIRECTION('ref_axis',(1.,0.,0.));
#10642=DIRECTION('center_axis',(0.,0.,1.));
#10643=DIRECTION('ref_axis',(1.,0.,0.));
#10644=DIRECTION('',(0.,0.,-1.));
#10645=DIRECTION('',(0.,0.,1.));
#10646=DIRECTION('',(0.,0.,-1.));
#10647=DIRECTION('center_axis',(0.,0.,1.));
#10648=DIRECTION('ref_axis',(0.146161008910859,0.989260814686481,0.));
#10649=DIRECTION('',(0.,0.,1.));
#10650=DIRECTION('center_axis',(0.,0.,1.));
#10651=DIRECTION('ref_axis',(0.146161008910859,0.989260814686481,0.));
#10652=DIRECTION('center_axis',(0.,0.,-1.));
#10653=DIRECTION('ref_axis',(-1.,1.22464679914735E-16,0.));
#10654=DIRECTION('',(0.,0.,-1.));
#10655=DIRECTION('center_axis',(0.,0.,1.));
#10656=DIRECTION('ref_axis',(-1.,1.22464679914735E-16,0.));
#10657=DIRECTION('center_axis',(0.,0.,-1.));
#10658=DIRECTION('ref_axis',(-0.259982587203299,-0.965613304771159,0.));
#10659=DIRECTION('',(0.,0.,1.));
#10660=DIRECTION('center_axis',(0.,0.,-1.));
#10661=DIRECTION('ref_axis',(-0.259982587203299,-0.965613304771159,0.));
#10662=DIRECTION('center_axis',(-1.22464679914735E-16,-1.,0.));
#10663=DIRECTION('ref_axis',(-1.,1.22464679914735E-16,0.));
#10664=DIRECTION('',(0.,0.,-1.));
#10665=DIRECTION('',(1.,-1.22464679914735E-16,0.));
#10666=DIRECTION('center_axis',(0.744311546231154,-0.667832555471046,0.));
#10667=DIRECTION('ref_axis',(-0.667832555471046,-0.744311546231154,0.));
#10668=DIRECTION('',(0.,0.,-1.));
#10669=DIRECTION('',(0.667832555471046,0.744311546231154,0.));
#10670=DIRECTION('center_axis',(0.,0.,-1.));
#10671=DIRECTION('ref_axis',(0.259982587203299,0.965613304771159,0.));
#10672=DIRECTION('',(0.,0.,1.));
#10673=DIRECTION('center_axis',(0.,0.,-1.));
#10674=DIRECTION('ref_axis',(0.259982587203299,0.965613304771159,0.));
#10675=DIRECTION('',(0.,0.,-1.));
#10676=DIRECTION('center_axis',(0.,0.,-1.));
#10677=DIRECTION('ref_axis',(1.,0.,0.));
#10678=DIRECTION('center_axis',(0.,0.,1.));
#10679=DIRECTION('ref_axis',(1.,0.,0.));
#10680=DIRECTION('',(0.,0.,1.));
#10681=DIRECTION('center_axis',(0.,0.,-1.));
#10682=DIRECTION('ref_axis',(1.,0.,0.));
#10683=DIRECTION('',(-1.,0.,0.));
#10684=DIRECTION('',(-0.667832555471046,-0.744311546231154,0.));
#10685=DIRECTION('center_axis',(0.,0.,1.));
#10686=DIRECTION('ref_axis',(0.464526858366794,0.885559031265492,0.));
#10687=DIRECTION('',(-0.913545457642599,-0.406736643075805,0.));
#10688=DIRECTION('center_axis',(0.,0.,1.));
#10689=DIRECTION('ref_axis',(-0.146161008910859,-0.989260814686481,0.));
#10690=DIRECTION('center_axis',(-0.406736643075803,0.9135454576426,0.));
#10691=DIRECTION('ref_axis',(0.9135454576426,0.406736643075803,0.));
#10692=DIRECTION('',(0.,0.,-1.));
#10693=DIRECTION('',(0.,0.,1.));
#10694=DIRECTION('center_axis',(-0.406736643075805,0.913545457642599,0.));
#10695=DIRECTION('ref_axis',(0.913545457642599,0.406736643075805,0.));
#10696=DIRECTION('',(0.,0.,-1.));
#10697=DIRECTION('',(0.,0.,-1.));
#10698=DIRECTION('',(-0.913545457642599,-0.406736643075805,0.));
#10699=DIRECTION('',(0.,0.,1.));
#10700=DIRECTION('',(0.,0.,1.));
#10701=DIRECTION('center_axis',(0.,0.,-1.));
#10702=DIRECTION('ref_axis',(0.626932447355192,-0.779073620688847,0.));
#10703=DIRECTION('',(0.,0.,-1.));
#10704=DIRECTION('',(0.,0.,-1.));
#10705=DIRECTION('center_axis',(0.,0.,1.));
#10706=DIRECTION('ref_axis',(0.626932447355192,-0.779073620688847,0.));
#10707=DIRECTION('',(0.,0.,1.));
#10708=DIRECTION('center_axis',(0.,0.,-1.));
#10709=DIRECTION('ref_axis',(-0.464526858366794,-0.885559031265492,0.));
#10710=DIRECTION('center_axis',(-0.707106781186547,1.95373369851643E-16,
-0.707106781186548));
#10711=DIRECTION('ref_axis',(-0.707106781186548,1.23259516440783E-32,0.707106781186547));
#10712=DIRECTION('center_axis',(0.,0.,1.));
#10713=DIRECTION('ref_axis',(-0.146161008910859,-0.989260814686481,0.));
#10714=DIRECTION('center_axis',(0.,0.,1.));
#10715=DIRECTION('ref_axis',(0.954065660960429,0.299597587734179,0.));
#10716=DIRECTION('',(0.,0.,1.));
#10717=DIRECTION('center_axis',(0.,0.,1.));
#10718=DIRECTION('ref_axis',(0.954065660960429,0.299597587734179,0.));
#10719=DIRECTION('center_axis',(0.744311546231155,-0.667832555471046,0.));
#10720=DIRECTION('ref_axis',(0.667832555471046,0.744311546231155,0.));
#10721=DIRECTION('',(0.,0.,-1.));
#10722=DIRECTION('',(-0.667832555471046,-0.744311546231155,0.));
#10723=DIRECTION('center_axis',(0.,0.,1.));
#10724=DIRECTION('ref_axis',(-0.986790492988658,0.16200161402653,0.));
#10725=DIRECTION('center_axis',(0.,0.,1.));
#10726=DIRECTION('ref_axis',(-0.986790492988658,0.16200161402653,0.));
#10727=DIRECTION('',(0.,0.,-1.));
#10728=DIRECTION('center_axis',(0.,0.,1.));
#10729=DIRECTION('ref_axis',(-0.954065660960418,-0.299597587734215,0.));
#10730=DIRECTION('',(0.,0.,1.));
#10731=DIRECTION('center_axis',(0.,0.,1.));
#10732=DIRECTION('ref_axis',(-0.954065660960418,-0.299597587734215,0.));
#10733=DIRECTION('center_axis',(-0.744311546231155,0.667832555471046,0.));
#10734=DIRECTION('ref_axis',(-0.667832555471046,-0.744311546231155,0.));
#10735=DIRECTION('',(0.,0.,-1.));
#10736=DIRECTION('',(0.667832555471046,0.744311546231155,0.));
#10737=DIRECTION('center_axis',(0.,0.,1.));
#10738=DIRECTION('ref_axis',(0.986790492988656,-0.162001614026545,0.));
#10739=DIRECTION('center_axis',(0.,0.,1.));
#10740=DIRECTION('ref_axis',(0.986790492988656,-0.162001614026545,0.));
#10741=DIRECTION('',(0.,0.,-1.));
#10742=DIRECTION('center_axis',(-0.398749068925248,0.917060074385123,0.));
#10743=DIRECTION('ref_axis',(0.917060074385123,0.398749068925248,0.));
#10744=DIRECTION('',(0.917060074385123,0.398749068925248,0.));
#10745=DIRECTION('',(0.,0.,1.));
#10746=DIRECTION('',(0.917060074385123,0.398749068925248,0.));
#10747=DIRECTION('',(0.,0.,-1.));
#10748=DIRECTION('center_axis',(0.,0.,-1.));
#10749=DIRECTION('ref_axis',(-0.930994356317765,0.365033571749875,0.));
#10750=DIRECTION('center_axis',(0.,0.,1.));
#10751=DIRECTION('ref_axis',(-0.930994356317765,0.365033571749875,0.));
#10752=DIRECTION('center_axis',(0.,0.,1.));
#10753=DIRECTION('ref_axis',(-0.930994356317765,0.365033571749875,0.));
#10754=DIRECTION('',(0.,0.,-1.));
#10755=DIRECTION('center_axis',(0.,0.,-1.));
#10756=DIRECTION('ref_axis',(-1.,0.,0.));
#10757=DIRECTION('center_axis',(0.,0.,-1.));
#10758=DIRECTION('ref_axis',(-1.,0.,0.));
#10759=DIRECTION('',(0.,0.,1.));
#10760=DIRECTION('center_axis',(0.,0.,-1.));
#10761=DIRECTION('ref_axis',(-1.,0.,0.));
#10762=DIRECTION('center_axis',(0.,0.,-1.));
#10763=DIRECTION('ref_axis',(-0.149368831789325,-0.988781549226063,0.));
#10764=DIRECTION('center_axis',(0.,0.,1.));
#10765=DIRECTION('ref_axis',(-0.149368831789325,-0.988781549226063,0.));
#10766=DIRECTION('center_axis',(0.,0.,1.));
#10767=DIRECTION('ref_axis',(-0.149368831789325,-0.988781549226063,0.));
#10768=DIRECTION('center_axis',(0.,0.,-1.));
#10769=DIRECTION('ref_axis',(0.930994356317763,0.365033571749879,0.));
#10770=DIRECTION('center_axis',(0.,0.,1.));
#10771=DIRECTION('ref_axis',(0.930994356317763,0.365033571749879,0.));
#10772=DIRECTION('',(0.,0.,1.));
#10773=DIRECTION('center_axis',(0.,0.,1.));
#10774=DIRECTION('ref_axis',(0.930994356317763,0.365033571749879,0.));
#10775=DIRECTION('center_axis',(0.,0.,-1.));
#10776=DIRECTION('ref_axis',(0.149368831789323,-0.988781549226063,0.));
#10777=DIRECTION('center_axis',(0.,0.,1.));
#10778=DIRECTION('ref_axis',(0.149368831789323,-0.988781549226063,0.));
#10779=DIRECTION('center_axis',(0.,0.,1.));
#10780=DIRECTION('ref_axis',(0.149368831789323,-0.988781549226063,0.));
#10781=DIRECTION('',(0.,0.,-1.));
#10782=DIRECTION('center_axis',(0.,0.,-1.));
#10783=DIRECTION('ref_axis',(-1.,0.,0.));
#10784=DIRECTION('center_axis',(0.,0.,-1.));
#10785=DIRECTION('ref_axis',(-1.,0.,0.));
#10786=DIRECTION('center_axis',(0.,0.,-1.));
#10787=DIRECTION('ref_axis',(-1.,0.,0.));
#10788=DIRECTION('center_axis',(0.,0.,-1.));
#10789=DIRECTION('ref_axis',(-0.781625524528444,0.623747977476188,0.));
#10790=DIRECTION('center_axis',(0.,0.,1.));
#10791=DIRECTION('ref_axis',(-0.781625524528444,0.623747977476188,0.));
#10792=DIRECTION('',(0.,0.,-1.));
#10793=DIRECTION('center_axis',(-0.993571855676588,-0.113203213767904,0.));
#10794=DIRECTION('ref_axis',(-0.113203213767904,0.993571855676588,0.));
#10795=DIRECTION('',(-0.113203213767904,0.993571855676588,0.));
#10796=DIRECTION('',(0.,0.,1.));
#10797=DIRECTION('center_axis',(0.,0.,-1.));
#10798=DIRECTION('ref_axis',(-0.623872561519376,-0.781526088485377,0.));
#10799=DIRECTION('center_axis',(0.,0.,1.));
#10800=DIRECTION('ref_axis',(-0.623872561519376,-0.781526088485377,0.));
#10801=DIRECTION('',(0.,0.,-1.));
#10802=DIRECTION('center_axis',(0.,0.,-1.));
#10803=DIRECTION('ref_axis',(-1.,0.,0.));
#10804=DIRECTION('center_axis',(0.,0.,1.));
#10805=DIRECTION('ref_axis',(-1.,0.,0.));
#10806=DIRECTION('center_axis',(0.,0.,1.));
#10807=DIRECTION('ref_axis',(1.,0.,0.));
#10808=DIRECTION('center_axis',(0.,0.,1.));
#10809=DIRECTION('ref_axis',(-0.464526858366794,-0.885559031265492,0.));
#10810=DIRECTION('center_axis',(0.,0.,1.));
#10811=DIRECTION('ref_axis',(0.116076003855673,0.993240334123065,0.));
#10812=DIRECTION('center_axis',(0.,0.,1.));
#10813=DIRECTION('ref_axis',(0.116076003855673,0.993240334123065,0.));
#10814=DIRECTION('center_axis',(0.,0.,1.));
#10815=DIRECTION('ref_axis',(0.116076003855673,0.993240334123065,0.));
#10816=DIRECTION('center_axis',(0.,0.,-1.));
#10817=DIRECTION('ref_axis',(-1.,1.22464679914735E-16,0.));
#10818=DIRECTION('center_axis',(0.,0.,1.));
#10819=DIRECTION('ref_axis',(1.,0.,0.));
#10820=DIRECTION('center_axis',(0.,0.,1.));
#10821=DIRECTION('ref_axis',(-0.122425347557142,-0.992477724825859,0.));
#10822=DIRECTION('center_axis',(0.,0.,1.));
#10823=DIRECTION('ref_axis',(-0.122425347557142,-0.992477724825859,0.));
#10824=DIRECTION('center_axis',(0.,0.,-1.));
#10825=DIRECTION('ref_axis',(-0.122425347557142,0.992477724825859,0.));
#10826=DIRECTION('',(0.,0.,1.));
#10827=DIRECTION('center_axis',(0.,0.,-1.));
#10828=DIRECTION('ref_axis',(-0.24802121931927,0.968754599869019,0.));
#10829=DIRECTION('',(0.,0.,1.));
#10830=DIRECTION('',(0.,0.,-1.));
#10831=DIRECTION('center_axis',(-0.406736643075806,-0.913545457642598,0.));
#10832=DIRECTION('ref_axis',(-0.913545457642598,0.406736643075806,0.));
#10833=DIRECTION('',(0.,0.,-1.));
#10834=DIRECTION('center_axis',(0.,0.,-1.));
#10835=DIRECTION('ref_axis',(-0.24802121931928,-0.968754599869016,0.));
#10836=DIRECTION('',(0.,0.,1.));
#10837=DIRECTION('center_axis',(0.,0.,1.));
#10838=DIRECTION('ref_axis',(0.254225325871004,-0.967145016885153,0.));
#10839=DIRECTION('',(0.,0.,1.));
#10840=DIRECTION('center_axis',(0.,0.,1.));
#10841=DIRECTION('ref_axis',(0.254225325871004,-0.967145016885153,0.));
#10842=DIRECTION('center_axis',(0.,0.,1.));
#10843=DIRECTION('ref_axis',(-1.,1.22464679914735E-16,0.));
#10844=DIRECTION('center_axis',(0.,0.,-1.));
#10845=DIRECTION('ref_axis',(-1.,1.22464679914735E-16,0.));
#10846=DIRECTION('center_axis',(0.,0.,1.));
#10847=DIRECTION('ref_axis',(-0.254225325871004,0.967145016885153,0.));
#10848=DIRECTION('',(0.,0.,1.));
#10849=DIRECTION('center_axis',(0.,0.,1.));
#10850=DIRECTION('ref_axis',(-0.254225325871004,0.967145016885153,0.));
#10851=DIRECTION('center_axis',(0.,0.,1.));
#10852=DIRECTION('ref_axis',(1.,0.,0.));
#10853=DIRECTION('center_axis',(0.,0.,-1.));
#10854=DIRECTION('ref_axis',(1.,0.,0.));
#10855=DIRECTION('center_axis',(0.,0.,-1.));
#10856=DIRECTION('ref_axis',(0.157924874716059,-0.987451129902598,0.));
#10857=DIRECTION('center_axis',(0.,0.,-1.));
#10858=DIRECTION('ref_axis',(0.157924874716061,0.987451129902597,0.));
#10859=DIRECTION('',(0.,0.,-1.));
#10860=DIRECTION('center_axis',(0.,0.,-1.));
#10861=DIRECTION('ref_axis',(0.695463457918737,-0.718561464802917,0.));
#10862=DIRECTION('center_axis',(0.,0.,-1.));
#10863=DIRECTION('ref_axis',(0.217904020737523,-0.975970203308698,0.));
#10864=DIRECTION('',(0.,0.,-1.));
#10865=DIRECTION('center_axis',(0.,0.,-1.));
#10866=DIRECTION('ref_axis',(0.217904020737523,0.975970203308698,0.));
#10867=DIRECTION('center_axis',(0.,0.,1.));
#10868=DIRECTION('ref_axis',(-1.,0.,0.));
#10869=DIRECTION('center_axis',(0.,0.,1.));
#10870=DIRECTION('ref_axis',(-0.787676692794357,-0.616088814724423,0.));
#10871=DIRECTION('center_axis',(0.,0.,1.));
#10872=DIRECTION('ref_axis',(-1.,0.,0.));
#10873=DIRECTION('center_axis',(0.,1.,0.));
#10874=DIRECTION('ref_axis',(1.,0.,0.));
#10875=DIRECTION('',(0.,0.,-1.));
#10876=DIRECTION('center_axis',(-0.744311546231154,0.667832555471046,0.));
#10877=DIRECTION('ref_axis',(0.667832555471046,0.744311546231154,0.));
#10878=DIRECTION('center_axis',(0.,0.,-1.));
#10879=DIRECTION('ref_axis',(-0.787676692794357,-0.616088814724423,0.));
#10880=DIRECTION('center_axis',(-0.406736643075804,-0.913545457642599,0.));
#10881=DIRECTION('ref_axis',(-0.913545457642599,0.406736643075804,0.));
#10882=DIRECTION('center_axis',(0.,0.,1.));
#10883=DIRECTION('ref_axis',(1.,0.,0.));
#10884=DIRECTION('center_axis',(-0.958819734868193,0.284015344703923,0.));
#10885=DIRECTION('ref_axis',(0.200829176201178,0.677987936460786,-0.707106781186549));
#10886=DIRECTION('',(0.958819734868193,-0.284015344703923,0.));
#10887=DIRECTION('',(-0.958819734868193,0.284015344703923,0.));
#10888=DIRECTION('center_axis',(0.284015344703923,0.958819734868193,0.));
#10889=DIRECTION('ref_axis',(-0.958819734868193,0.284015344703923,0.));
#10890=DIRECTION('',(0.,0.,1.));
#10891=DIRECTION('',(0.,0.,1.));
#10892=DIRECTION('',(0.837912103806527,-0.248200872739561,-0.486106606688121));
#10893=DIRECTION('',(0.,0.,1.));
#10894=DIRECTION('',(-0.958819734868193,0.284015344703923,0.));
#10895=DIRECTION('',(-0.918379110558376,0.272036286038663,0.287360519849712));
#10896=DIRECTION('',(0.,0.,1.));
#10897=DIRECTION('',(0.958819734868193,-0.284015344703923,0.));
#10898=DIRECTION('center_axis',(0.,0.,1.));
#10899=DIRECTION('ref_axis',(-0.5,-0.866025403784438,0.));
#10900=DIRECTION('center_axis',(0.,0.,1.));
#10901=DIRECTION('ref_axis',(0.958819734868193,-0.284015344703922,0.));
#10902=DIRECTION('',(0.,0.,1.));
#10903=DIRECTION('center_axis',(0.,0.,1.));
#10904=DIRECTION('ref_axis',(-0.5,-0.866025403784438,0.));
#10905=DIRECTION('',(0.,0.,-1.));
#10906=DIRECTION('center_axis',(0.,0.,-1.));
#10907=DIRECTION('ref_axis',(-0.5,-0.866025403784438,0.));
#10908=DIRECTION('center_axis',(0.,0.,-1.));
#10909=DIRECTION('ref_axis',(-0.99930838123201,-0.0371854702734747,0.));
#10910=DIRECTION('center_axis',(0.,0.,1.));
#10911=DIRECTION('ref_axis',(-0.99930838123201,-0.0371854702734747,0.));
#10912=DIRECTION('',(0.,0.,1.));
#10913=DIRECTION('center_axis',(0.,0.,1.));
#10914=DIRECTION('ref_axis',(-0.5,-0.866025403784438,0.));
#10915=DIRECTION('center_axis',(0.,0.,1.));
#10916=DIRECTION('ref_axis',(-0.140364488666221,0.990099899162438,0.));
#10917=DIRECTION('',(0.805928282248515,-0.592013178799221,0.));
#10918=DIRECTION('center_axis',(0.,0.,1.));
#10919=DIRECTION('ref_axis',(-0.5,-0.866025403784438,0.));
#10920=DIRECTION('center_axis',(0.,0.,1.));
#10921=DIRECTION('ref_axis',(-0.98710897170737,-0.160049610979903,0.));
#10922=DIRECTION('',(0.805928282248514,-0.592013178799222,0.));
#10923=DIRECTION('center_axis',(0.,0.,1.));
#10924=DIRECTION('ref_axis',(0.159465967857046,-0.987203426399755,0.));
#10925=DIRECTION('center_axis',(0.,0.,1.));
#10926=DIRECTION('ref_axis',(-0.5,-0.866025403784438,0.));
#10927=DIRECTION('',(0.725374371012287,-0.688354575693754,0.));
#10928=DIRECTION('center_axis',(0.,0.,1.));
#10929=DIRECTION('ref_axis',(-0.140364488666221,0.990099899162438,0.));
#10930=DIRECTION('center_axis',(0.,0.,1.));
#10931=DIRECTION('ref_axis',(-0.140364488666221,0.990099899162438,0.));
#10932=DIRECTION('',(0.,0.,-1.));
#10933=DIRECTION('center_axis',(0.725374371012287,0.688354575693754,0.));
#10934=DIRECTION('ref_axis',(0.486740188333841,-0.512917136641714,-0.707106781186549));
#10935=DIRECTION('',(-0.725374371012287,-0.688354575693754,0.));
#10936=DIRECTION('',(0.725374371012287,0.688354575693754,0.));
#10937=DIRECTION('center_axis',(0.688354575693754,-0.725374371012287,0.));
#10938=DIRECTION('ref_axis',(0.725374371012287,0.688354575693754,0.));
#10939=DIRECTION('',(0.,0.,1.));
#10940=DIRECTION('',(0.,0.,1.));
#10941=DIRECTION('',(-0.633904312937192,-0.601552731665136,-0.486106606688121));
#10942=DIRECTION('',(0.,0.,1.));
#10943=DIRECTION('',(0.725374371012287,0.688354575693754,0.));
#10944=DIRECTION('',(0.69477988973984,0.65932149702918,0.287360519849712));
#10945=DIRECTION('',(0.,0.,1.));
#10946=DIRECTION('',(-0.725374371012287,-0.688354575693754,0.));
#10947=DIRECTION('center_axis',(0.,0.,1.));
#10948=DIRECTION('ref_axis',(-0.5,0.866025403784439,0.));
#10949=DIRECTION('center_axis',(0.,0.,1.));
#10950=DIRECTION('ref_axis',(-0.725374371012287,-0.688354575693754,0.));
#10951=DIRECTION('',(0.,0.,1.));
#10952=DIRECTION('center_axis',(0.,0.,1.));
#10953=DIRECTION('ref_axis',(-0.5,0.866025403784439,0.));
#10954=DIRECTION('',(0.,0.,-1.));
#10955=DIRECTION('center_axis',(0.,0.,-1.));
#10956=DIRECTION('ref_axis',(-0.5,0.866025403784439,0.));
#10957=DIRECTION('center_axis',(0.,0.,1.));
#10958=DIRECTION('ref_axis',(0.927633909292198,-0.373490736607048,0.));
#10959=DIRECTION('center_axis',(0.,0.,1.));
#10960=DIRECTION('ref_axis',(0.927633909292198,-0.373490736607048,0.));
#10961=DIRECTION('center_axis',(0.,0.,1.));
#10962=DIRECTION('ref_axis',(0.927633909292198,-0.373490736607048,0.));
#10963=DIRECTION('',(0.,0.,-1.));
#10964=DIRECTION('center_axis',(0.,0.,1.));
#10965=DIRECTION('ref_axis',(-0.5,0.866025403784439,0.));
#10966=DIRECTION('',(-0.915662593339562,-0.401947776655959,0.));
#10967=DIRECTION('center_axis',(0.,0.,1.));
#10968=DIRECTION('ref_axis',(-0.5,0.866025403784439,0.));
#10969=DIRECTION('center_axis',(0.,0.,1.));
#10970=DIRECTION('ref_axis',(0.354947456879271,0.934886251292069,0.));
#10971=DIRECTION('',(-0.915662593339562,-0.401947776655958,0.));
#10972=DIRECTION('center_axis',(0.,0.,1.));
#10973=DIRECTION('ref_axis',(-0.934676229893749,0.35550013399661,0.));
#10974=DIRECTION('center_axis',(0.,0.,1.));
#10975=DIRECTION('ref_axis',(-0.5,0.866025403784439,0.));
#10976=DIRECTION('',(-0.958819734868193,-0.284015344703922,0.));
#10977=DIRECTION('center_axis',(0.,0.,1.));
#10978=DIRECTION('ref_axis',(0.467450628707517,0.884019179498356,0.));
#10979=DIRECTION('center_axis',(0.,0.,-1.));
#10980=DIRECTION('ref_axis',(0.467450628707517,0.884019179498356,0.));
#10981=DIRECTION('',(0.,0.,1.));
#10982=DIRECTION('center_axis',(-0.284015344703922,0.958819734868193,0.));
#10983=DIRECTION('ref_axis',(-0.958819734868193,-0.284015344703922,0.));
#10984=DIRECTION('',(0.837912103806527,0.248200872739561,0.486106606688121));
#10985=DIRECTION('',(0.,0.,1.));
#10986=DIRECTION('',(-0.253109670770893,-0.0749745001877476,-0.964528029081502));
#10987=DIRECTION('',(-0.918379110558376,-0.272036286038663,-0.287360519849712));
#10988=DIRECTION('',(-0.958819734868193,-0.284015344703922,0.));
#10989=DIRECTION('',(0.,0.,1.));
#10990=DIRECTION('center_axis',(0.,0.,-1.));
#10991=DIRECTION('ref_axis',(0.5318577525245,-0.846833709224891,0.));
#10992=DIRECTION('center_axis',(0.,0.,1.));
#10993=DIRECTION('ref_axis',(0.5318577525245,-0.846833709224891,0.));
#10994=DIRECTION('',(0.,0.,1.));
#10995=DIRECTION('',(0.,0.,-1.));
#10996=DIRECTION('center_axis',(0.,0.,1.));
#10997=DIRECTION('ref_axis',(1.,0.,0.));
#10998=DIRECTION('center_axis',(0.,0.,1.));
#10999=DIRECTION('ref_axis',(1.,0.,0.));
#11000=DIRECTION('center_axis',(0.,0.,1.));
#11001=DIRECTION('ref_axis',(-0.787269420625968,-0.616609162555385,0.));
#11002=DIRECTION('',(0.109734311091046,0.99396095545518,0.));
#11003=DIRECTION('center_axis',(0.,0.,1.));
#11004=DIRECTION('ref_axis',(1.,0.,0.));
#11005=DIRECTION('center_axis',(0.,0.,1.));
#11006=DIRECTION('ref_axis',(0.632161514828102,-0.774836640312163,0.));
#11007=DIRECTION('',(0.109734311091048,0.993960955455179,0.));
#11008=DIRECTION('center_axis',(0.,0.,1.));
#11009=DIRECTION('ref_axis',(0.7752102620367,0.631703292403159,0.));
#11010=DIRECTION('center_axis',(0.,0.,1.));
#11011=DIRECTION('ref_axis',(1.,0.,0.));
#11012=DIRECTION('',(0.233445363855905,0.972369920397677,0.));
#11013=DIRECTION('center_axis',(0.,0.,1.));
#11014=DIRECTION('ref_axis',(1.,0.,0.));
#11015=DIRECTION('center_axis',(0.,0.,-1.));
#11016=DIRECTION('ref_axis',(1.,0.,0.));
#11017=DIRECTION('',(0.,0.,1.));
#11018=DIRECTION('center_axis',(0.,0.,1.));
#11019=DIRECTION('ref_axis',(-0.233445363855906,0.972369920397677,0.));
#11020=DIRECTION('',(0.,0.,1.));
#11021=DIRECTION('center_axis',(0.,0.,1.));
#11022=DIRECTION('ref_axis',(-0.787269420625968,-0.616609162555385,0.));
#11023=DIRECTION('center_axis',(0.,0.,1.));
#11024=DIRECTION('ref_axis',(-0.787269420625968,-0.616609162555385,0.));
#11025=DIRECTION('',(0.,0.,-1.));
#11026=DIRECTION('center_axis',(0.233445363855906,-0.972369920397676,0.));
#11027=DIRECTION('ref_axis',(-0.68756936453502,-0.165070799819072,-0.707106781186548));
#11028=DIRECTION('',(-0.233445363855906,0.972369920397676,0.));
#11029=DIRECTION('',(0.233445363855906,-0.972369920397676,0.));
#11030=DIRECTION('center_axis',(0.,0.,-1.));
#11031=DIRECTION('ref_axis',(1.,0.,0.));
#11032=DIRECTION('center_axis',(0.,0.,1.));
#11033=DIRECTION('ref_axis',(1.,0.,0.));
#11034=DIRECTION('',(0.109734311091046,0.99396095545518,0.));
#11035=DIRECTION('',(0.165432998366239,0.687602974418242,-0.706989443077294));
#11036=DIRECTION('center_axis',(0.,0.,-1.));
#11037=DIRECTION('ref_axis',(0.866025403784438,0.5,0.));
#11038=DIRECTION('center_axis',(0.,0.,1.));
#11039=DIRECTION('ref_axis',(-1.,0.,0.));
#11040=DIRECTION('center_axis',(0.155289694161404,0.68986834054332,0.70708329325707));
#11041=DIRECTION('ref_axis',(-0.0560136984350507,-0.708465729355498,0.703518852566447));
#11042=DIRECTION('center_axis',(0.,0.,-1.));
#11043=DIRECTION('ref_axis',(-1.,0.,0.));
#11044=DIRECTION('center_axis',(0.675086419146412,-0.210455746671827,0.707083237940823));
#11045=DIRECTION('ref_axis',(0.64160908019403,-0.305587212219161,-0.703529845806624));
#11046=DIRECTION('center_axis',(0.,0.,-1.));
#11047=DIRECTION('ref_axis',(-1.,0.,0.));
#11048=DIRECTION('',(-0.678198142746839,0.200532308000051,0.706989443077413));
#11049=DIRECTION('center_axis',(0.,0.,1.));
#11050=DIRECTION('ref_axis',(-1.,0.,0.));
#11051=DIRECTION('center_axis',(-0.165098350830886,0.687684122758452,-0.706988742384813));
#11052=DIRECTION('ref_axis',(0.644701341088456,0.617725680322619,0.450305634729018));
#11053=DIRECTION('center_axis',(0.,0.,1.));
#11054=DIRECTION('ref_axis',(-1.,0.,0.));
#11055=DIRECTION('',(0.165432998366064,-0.687602974418221,0.706989443077355));
#11056=DIRECTION('center_axis',(-0.972369920397676,-0.233445363855906,0.));
#11057=DIRECTION('ref_axis',(0.233445363855906,-0.972369920397677,0.));
#11058=DIRECTION('',(-0.204007790869336,0.849753604404697,-0.486106606688121));
#11059=DIRECTION('',(0.,0.,1.));
#11060=DIRECTION('',(0.233445363855906,-0.972369920397676,0.));
#11061=DIRECTION('',(0.223599220818536,-0.931357783067843,0.287360519849712));
#11062=DIRECTION('',(0.,0.,1.));
#11063=DIRECTION('',(-0.233445363855906,0.972369920397676,0.));
#11064=DIRECTION('',(0.,0.,1.));
#11065=DIRECTION('center_axis',(-0.513002744665108,-0.486821427313546,-0.706988742395852));
#11066=DIRECTION('ref_axis',(0.857278983596876,-0.248732377545886,-0.450782595763722));
#11067=DIRECTION('center_axis',(0.,0.,1.));
#11068=DIRECTION('ref_axis',(-1.,0.,0.));
#11069=DIRECTION('',(0.512765144380979,0.487070666418192,0.7069894430774));
#11070=DIRECTION('',(-0.678198142746968,-0.200532307999851,-0.706989443077346));
#11071=DIRECTION('center_axis',(0.,0.,-1.));
#11072=DIRECTION('ref_axis',(-1.,0.,0.));
#11073=DIRECTION('center_axis',(0.,0.,1.));
#11074=DIRECTION('ref_axis',(-1.,0.,0.));
#11075=DIRECTION('center_axis',(0.,0.,1.));
#11076=DIRECTION('ref_axis',(-1.,0.,0.));
#11077=DIRECTION('center_axis',(-0.67508835542488,-0.210449349678387,0.707083293247461));
#11078=DIRECTION('ref_axis',(0.641536466937067,0.305773803966054,0.703514990883659));
#11079=DIRECTION('center_axis',(0.,0.,-1.));
#11080=DIRECTION('ref_axis',(-1.,0.,0.));
#11081=DIRECTION('center_axis',(-0.155283186117611,0.689869862165668,0.707083237946344));
#11082=DIRECTION('ref_axis',(0.056206935367467,-0.708436015280738,0.703533362868988));
#11083=DIRECTION('center_axis',(0.,0.,-1.));
#11084=DIRECTION('ref_axis',(-1.,0.,0.));
#11085=DIRECTION('center_axis',(0.678101095495787,-0.200862695435156,-0.706988742392648));
#11086=DIRECTION('ref_axis',(0.0332144495508573,0.969322683401104,-0.243537134304231));
#11087=DIRECTION('center_axis',(0.,0.,1.));
#11088=DIRECTION('ref_axis',(-1.,0.,0.));
#11089=DIRECTION('',(0.512765144380878,-0.487070666418392,-0.706989443077335));
#11090=DIRECTION('center_axis',(0.,0.,-1.));
#11091=DIRECTION('ref_axis',(-1.,0.,0.));
#11092=DIRECTION('center_axis',(0.,0.,1.));
#11093=DIRECTION('ref_axis',(-1.,0.,0.));
#11094=DIRECTION('center_axis',(0.,0.,1.));
#11095=DIRECTION('ref_axis',(-1.,0.,0.));
#11096=DIRECTION('center_axis',(0.519798661180088,-0.47941899030516,0.707083293233668));
#11097=DIRECTION('ref_axis',(0.585581344732913,-0.40269342059348,-0.703514390550411));
#11098=DIRECTION('center_axis',(0.,0.,-1.));
#11099=DIRECTION('ref_axis',(-1.,0.,0.));
#11100=DIRECTION('center_axis',(-0.519803232398145,-0.479414115566838,0.707083237945651));
#11101=DIRECTION('ref_axis',(-0.585453436903683,-0.402852888375116,-0.703529547030892));
#11102=DIRECTION('center_axis',(0.,0.,-1.));
#11103=DIRECTION('ref_axis',(-1.,0.,0.));
#11104=DIRECTION('center_axis',(0.,0.,-1.));
#11105=DIRECTION('ref_axis',(-0.934676229893749,0.35550013399661,0.));
#11106=DIRECTION('center_axis',(0.,0.,1.));
#11107=DIRECTION('ref_axis',(-0.934676229893749,0.35550013399661,0.));
#11108=DIRECTION('',(0.,0.,1.));
#11109=DIRECTION('',(0.,0.,-1.));
#11110=DIRECTION('center_axis',(0.,0.,-1.));
#11111=DIRECTION('ref_axis',(-0.5,0.866025403784439,0.));
#11112=DIRECTION('',(0.915662593339562,0.401947776655958,0.));
#11113=DIRECTION('center_axis',(0.,0.,1.));
#11114=DIRECTION('ref_axis',(0.354947456879271,0.934886251292069,0.));
#11115=DIRECTION('center_axis',(0.,0.,1.));
#11116=DIRECTION('ref_axis',(-0.725374371012328,-0.688354575693711,0.));
#11117=DIRECTION('center_axis',(0.,0.,1.));
#11118=DIRECTION('ref_axis',(0.987108971707371,-0.160049610979901,0.));
#11119=DIRECTION('',(-0.805928282248514,-0.592013178799222,0.));
#11120=DIRECTION('center_axis',(0.,0.,1.));
#11121=DIRECTION('ref_axis',(-0.159465967857048,-0.987203426399754,0.));
#11122=DIRECTION('center_axis',(0.,0.,-1.));
#11123=DIRECTION('ref_axis',(-0.78525838273428,-0.619168210057285,0.));
#11124=DIRECTION('center_axis',(-0.401947776655958,0.915662593339562,0.));
#11125=DIRECTION('ref_axis',(0.915662593339562,0.401947776655958,0.));
#11126=DIRECTION('',(0.,0.,1.));
#11127=DIRECTION('center_axis',(0.,0.,-1.));
#11128=DIRECTION('ref_axis',(0.354947456879271,0.934886251292069,0.));
#11129=DIRECTION('',(0.,0.,-1.));
#11130=DIRECTION('center_axis',(0.,0.,-1.));
#11131=DIRECTION('ref_axis',(-0.159465967857048,-0.987203426399754,0.));
#11132=DIRECTION('',(0.,0.,1.));
#11133=DIRECTION('center_axis',(0.,0.,1.));
#11134=DIRECTION('ref_axis',(-0.159465967857048,-0.987203426399754,0.));
#11135=DIRECTION('',(0.,0.,-1.));
#11136=DIRECTION('center_axis',(0.592013178799222,-0.805928282248514,0.));
#11137=DIRECTION('ref_axis',(-0.805928282248514,-0.592013178799222,0.));
#11138=DIRECTION('',(0.,0.,-1.));
#11139=DIRECTION('',(0.805928282248514,0.592013178799222,0.));
#11140=DIRECTION('center_axis',(0.,0.,-1.));
#11141=DIRECTION('ref_axis',(0.987108971707371,-0.160049610979901,0.));
#11142=DIRECTION('',(0.,0.,1.));
#11143=DIRECTION('center_axis',(0.,0.,1.));
#11144=DIRECTION('ref_axis',(0.987108971707371,-0.160049610979901,0.));
#11145=DIRECTION('center_axis',(0.,0.,-1.));
#11146=DIRECTION('ref_axis',(0.159465967857046,-0.987203426399755,0.));
#11147=DIRECTION('center_axis',(0.,0.,1.));
#11148=DIRECTION('ref_axis',(0.159465967857046,-0.987203426399755,0.));
#11149=DIRECTION('',(0.,0.,1.));
#11150=DIRECTION('',(0.,0.,-1.));
#11151=DIRECTION('center_axis',(0.,0.,-1.));
#11152=DIRECTION('ref_axis',(-0.5,-0.866025403784438,0.));
#11153=DIRECTION('',(-0.805928282248514,0.592013178799222,0.));
#11154=DIRECTION('center_axis',(0.,0.,1.));
#11155=DIRECTION('ref_axis',(-0.98710897170737,-0.160049610979903,0.));
#11156=DIRECTION('center_axis',(0.,0.,1.));
#11157=DIRECTION('ref_axis',(0.958819734868176,-0.284015344703979,0.));
#11158=DIRECTION('center_axis',(0.,0.,1.));
#11159=DIRECTION('ref_axis',(-0.354947456879278,0.934886251292067,0.));
#11160=DIRECTION('',(0.915662593339562,-0.401947776655958,0.));
#11161=DIRECTION('center_axis',(0.,0.,1.));
#11162=DIRECTION('ref_axis',(0.934676229893753,0.3555001339966,0.));
#11163=DIRECTION('center_axis',(0.,0.,-1.));
#11164=DIRECTION('ref_axis',(0.928844590492489,-0.370469602953928,0.));
#11165=DIRECTION('center_axis',(-0.592013178799222,-0.805928282248514,0.));
#11166=DIRECTION('ref_axis',(-0.805928282248514,0.592013178799222,0.));
#11167=DIRECTION('',(0.,0.,1.));
#11168=DIRECTION('center_axis',(0.,0.,-1.));
#11169=DIRECTION('ref_axis',(-0.98710897170737,-0.160049610979903,0.));
#11170=DIRECTION('',(0.,0.,-1.));
#11171=DIRECTION('center_axis',(0.,0.,-1.));
#11172=DIRECTION('ref_axis',(0.934676229893753,0.3555001339966,0.));
#11173=DIRECTION('',(0.,0.,1.));
#11174=DIRECTION('center_axis',(0.,0.,1.));
#11175=DIRECTION('ref_axis',(0.934676229893753,0.3555001339966,0.));
#11176=DIRECTION('',(0.,0.,-1.));
#11177=DIRECTION('center_axis',(0.401947776655958,0.915662593339562,0.));
#11178=DIRECTION('ref_axis',(0.915662593339562,-0.401947776655958,0.));
#11179=DIRECTION('',(0.,0.,-1.));
#11180=DIRECTION('',(-0.915662593339562,0.401947776655958,0.));
#11181=DIRECTION('center_axis',(0.,0.,-1.));
#11182=DIRECTION('ref_axis',(-0.354947456879278,0.934886251292067,0.));
#11183=DIRECTION('',(0.,0.,1.));
#11184=DIRECTION('center_axis',(0.,0.,1.));
#11185=DIRECTION('ref_axis',(-0.354947456879278,0.934886251292067,0.));
#11186=DIRECTION('center_axis',(0.,0.,-1.));
#11187=DIRECTION('ref_axis',(-0.632161514828099,-0.774836640312165,0.));
#11188=DIRECTION('center_axis',(0.,0.,1.));
#11189=DIRECTION('ref_axis',(-0.632161514828099,-0.774836640312165,0.));
#11190=DIRECTION('',(0.,0.,1.));
#11191=DIRECTION('center_axis',(0.,0.,1.));
#11192=DIRECTION('ref_axis',(-0.632161514828099,-0.774836640312165,0.));
#11193=DIRECTION('',(0.,0.,-1.));
#11194=DIRECTION('center_axis',(-0.993960955455179,-0.109734311091048,0.));
#11195=DIRECTION('ref_axis',(-0.109734311091048,0.993960955455179,0.));
#11196=DIRECTION('',(0.109734311091048,-0.993960955455179,0.));
#11197=DIRECTION('',(0.,0.,1.));
#11198=DIRECTION('',(-0.109734311091048,0.993960955455179,0.));
#11199=DIRECTION('center_axis',(0.,0.,-1.));
#11200=DIRECTION('ref_axis',(0.632161514828102,-0.774836640312163,0.));
#11201=DIRECTION('center_axis',(0.,0.,1.));
#11202=DIRECTION('ref_axis',(0.632161514828102,-0.774836640312163,0.));
#11203=DIRECTION('',(0.,0.,1.));
#11204=DIRECTION('',(0.,0.,-1.));
#11205=DIRECTION('center_axis',(0.,0.,1.));
#11206=DIRECTION('ref_axis',(1.,0.,0.));
#11207=DIRECTION('center_axis',(0.,0.,1.));
#11208=DIRECTION('ref_axis',(-0.233445363855848,0.97236992039769,0.));
#11209=DIRECTION('',(0.,0.,1.));
#11210=DIRECTION('center_axis',(0.,0.,1.));
#11211=DIRECTION('ref_axis',(1.,0.,0.));
#11212=DIRECTION('center_axis',(0.,0.,-1.));
#11213=DIRECTION('ref_axis',(0.7752102620367,0.631703292403159,0.));
#11214=DIRECTION('center_axis',(0.,0.,1.));
#11215=DIRECTION('ref_axis',(0.7752102620367,0.631703292403159,0.));
#11216=DIRECTION('',(0.,0.,1.));
#11217=DIRECTION('',(0.,0.,-1.));
#11218=DIRECTION('center_axis',(0.993960955455179,-0.109734311091048,0.));
#11219=DIRECTION('ref_axis',(-0.109734311091048,-0.993960955455179,0.));
#11220=DIRECTION('',(-0.109734311091048,-0.993960955455179,0.));
#11221=DIRECTION('center_axis',(0.,0.,-1.));
#11222=DIRECTION('ref_axis',(-0.775210262036699,0.63170329240316,0.));
#11223=DIRECTION('center_axis',(0.,0.,1.));
#11224=DIRECTION('ref_axis',(-0.775210262036699,0.63170329240316,0.));
#11225=DIRECTION('center_axis',(0.,0.,1.));
#11226=DIRECTION('ref_axis',(-0.775210262036699,0.63170329240316,0.));
#11227=DIRECTION('',(0.,0.,-1.));
#11228=DIRECTION('center_axis',(0.,0.,1.));
#11229=DIRECTION('ref_axis',(1.,0.,0.));
#11230=DIRECTION('center_axis',(0.,0.,-1.));
#11231=DIRECTION('ref_axis',(-0.143586207758209,0.989637813011213,0.));
#11232=DIRECTION('center_axis',(0.,0.,1.));
#11233=DIRECTION('ref_axis',(1.,0.,0.));
#11234=DIRECTION('',(0.,0.,-1.));
#11235=DIRECTION('center_axis',(0.,0.,1.));
#11236=DIRECTION('ref_axis',(1.,0.,0.));
#11237=DIRECTION('',(0.,0.,1.));
#11238=DIRECTION('center_axis',(0.554802220934032,0.508597831656665,-0.6584244385507));
#11239=DIRECTION('ref_axis',(0.516993221614384,0.409300323070657,0.75179202864824));
#11240=DIRECTION('center_axis',(0.,0.,-1.));
#11241=DIRECTION('ref_axis',(0.866025403784439,0.499999999999999,0.));
#11242=DIRECTION('center_axis',(0.,0.,-1.));
#11243=DIRECTION('ref_axis',(-1.,0.,0.));
#11244=DIRECTION('center_axis',(0.717860084534006,0.226173110776693,-0.658424348725367));
#11245=DIRECTION('ref_axis',(0.612919369536037,0.243198125606927,0.751787548546013));
#11246=DIRECTION('center_axis',(0.,0.,-1.));
#11247=DIRECTION('ref_axis',(-1.,0.,0.));
#11248=DIRECTION('center_axis',(0.,0.,1.));
#11249=DIRECTION('ref_axis',(-1.,0.,0.));
#11250=DIRECTION('center_axis',(0.,0.,-1.));
#11251=DIRECTION('ref_axis',(-1.,0.,0.));
#11252=DIRECTION('center_axis',(0.,0.,-1.));
#11253=DIRECTION('ref_axis',(-1.,0.,0.));
#11254=DIRECTION('center_axis',(0.163057531325857,-0.734771733398715,-0.658424438547176));
#11255=DIRECTION('ref_axis',(-0.0959883281308407,0.652375553770888,-0.751792775773201));
#11256=DIRECTION('center_axis',(0.,0.,-1.));
#11257=DIRECTION('ref_axis',(-1.,0.,0.));
#11258=DIRECTION('center_axis',(-0.163058382431613,-0.734771624998845,-0.658424348741253));
#11259=DIRECTION('ref_axis',(0.0958648800862594,0.652398845360201,-0.751788315510905));
#11260=DIRECTION('center_axis',(0.,0.,-1.));
#11261=DIRECTION('ref_axis',(-1.,0.,0.));
#11262=DIRECTION('center_axis',(-0.717859752907038,0.226173901867522,-0.658424438542698));
#11263=DIRECTION('ref_axis',(0.612961585231031,-0.243077682030649,-0.751792082646305));
#11264=DIRECTION('center_axis',(0.,0.,-1.));
#11265=DIRECTION('ref_axis',(-1.,0.,0.));
#11266=DIRECTION('center_axis',(-0.554801702178803,0.508598513840935,-0.65842434871312));
#11267=DIRECTION('ref_axis',(-0.517077754291493,0.409201991471986,0.751787420879219));
#11268=DIRECTION('center_axis',(0.,0.,-1.));
#11269=DIRECTION('ref_axis',(-1.,0.,0.));
#11270=DIRECTION('center_axis',(0.,0.,1.));
#11271=DIRECTION('ref_axis',(-1.,0.,0.));
#11272=DIRECTION('center_axis',(0.,0.,-1.));
#11273=DIRECTION('ref_axis',(-1.,0.,0.));
#11274=DIRECTION('center_axis',(0.,0.,1.));
#11275=DIRECTION('ref_axis',(-1.,0.,0.));
#11276=DIRECTION('center_axis',(0.,0.,1.));
#11277=DIRECTION('ref_axis',(-1.,0.,0.));
#11278=DIRECTION('center_axis',(0.,0.,1.));
#11279=DIRECTION('ref_axis',(0.866025403784439,0.5,0.));
#11280=DIRECTION('center_axis',(0.,0.,-1.));
#11281=DIRECTION('ref_axis',(-1.,0.,0.));
#11282=DIRECTION('',(0.,0.,1.));
#11283=DIRECTION('center_axis',(0.,0.,1.));
#11284=DIRECTION('ref_axis',(-1.,0.,0.));
#11285=DIRECTION('center_axis',(0.,0.,1.));
#11286=DIRECTION('ref_axis',(-1.,0.,0.));
#11287=DIRECTION('center_axis',(0.,0.,1.));
#11288=DIRECTION('ref_axis',(-1.,0.,0.));
#11289=DIRECTION('center_axis',(0.,0.,-1.));
#11290=DIRECTION('ref_axis',(-0.5,-0.866025403784438,0.));
#11291=DIRECTION('center_axis',(0.,0.,-1.));
#11292=DIRECTION('ref_axis',(-1.,0.,0.));
#11293=DIRECTION('center_axis',(0.,0.,-1.));
#11294=DIRECTION('ref_axis',(-0.5,0.866025403784439,0.));
#11295=DIRECTION('center_axis',(0.,0.,-1.));
#11296=DIRECTION('ref_axis',(1.,0.,0.));
#11297=DIRECTION('center_axis',(0.,0.,1.));
#11298=DIRECTION('ref_axis',(-1.,0.,0.));
#11299=DIRECTION('',(0.,0.,1.));
#11300=DIRECTION('center_axis',(0.,0.,1.));
#11301=DIRECTION('ref_axis',(-1.,0.,0.));
#11302=DIRECTION('center_axis',(0.,0.,1.));
#11303=DIRECTION('ref_axis',(-1.,0.,0.));
#11304=DIRECTION('center_axis',(0.,0.,1.));
#11305=DIRECTION('ref_axis',(-0.5,-0.866025403784438,0.));
#11306=DIRECTION('center_axis',(0.,0.,1.));
#11307=DIRECTION('ref_axis',(-0.5,-0.866025403784438,0.));
#11308=DIRECTION('',(-0.456924904780365,0.889505273391594,0.));
#11309=DIRECTION('center_axis',(0.,0.,1.));
#11310=DIRECTION('ref_axis',(-0.5,-0.866025403784438,0.));
#11311=DIRECTION('center_axis',(0.889505273391594,0.456924904780365,0.));
#11312=DIRECTION('ref_axis',(0.,0.,1.));
#11313=DIRECTION('',(0.,0.,-1.));
#11314=DIRECTION('center_axis',(0.,0.,1.));
#11315=DIRECTION('ref_axis',(-0.5,-0.866025403784438,0.));
#11316=DIRECTION('center_axis',(0.,0.,1.));
#11317=DIRECTION('ref_axis',(-0.5,-0.866025403784438,0.));
#11318=DIRECTION('',(0.,0.,1.));
#11319=DIRECTION('center_axis',(1.73357582557336E-16,-1.00088046955541E-16,
-1.));
#11320=DIRECTION('ref_axis',(-0.5,-0.866025403784438,1.84889274661175E-31));
#11321=DIRECTION('center_axis',(0.,0.,-1.));
#11322=DIRECTION('ref_axis',(-0.5,-0.866025403784439,0.));
#11323=DIRECTION('',(0.191484657184077,-0.181712154737235,-0.964528029081502));
#11324=DIRECTION('center_axis',(0.,0.,-1.));
#11325=DIRECTION('ref_axis',(-0.5,-0.866025403784438,0.));
#11326=DIRECTION('',(-0.633904312937192,0.601552731665136,0.486106606688121));
#11327=DIRECTION('center_axis',(-0.688354575693754,-0.725374371012287,0.));
#11328=DIRECTION('ref_axis',(0.725374371012287,-0.688354575693754,0.));
#11329=DIRECTION('',(0.69477988973984,-0.65932149702918,-0.287360519849712));
#11330=DIRECTION('',(0.725374371012287,-0.688354575693754,0.));
#11331=DIRECTION('center_axis',(0.,0.,1.));
#11332=DIRECTION('ref_axis',(-0.5,-0.866025403784438,0.));
#11333=DIRECTION('',(0.,0.,1.));
#11334=DIRECTION('center_axis',(0.,0.,1.));
#11335=DIRECTION('ref_axis',(-0.5,-0.866025403784438,0.));
#11336=DIRECTION('center_axis',(-0.592013178799221,-0.805928282248515,0.));
#11337=DIRECTION('ref_axis',(0.805928282248515,-0.592013178799221,0.));
#11338=DIRECTION('',(0.805928282248515,-0.592013178799221,0.));
#11339=DIRECTION('center_axis',(0.,0.,-1.));
#11340=DIRECTION('ref_axis',(-0.5,-0.866025403784438,0.));
#11341=DIRECTION('center_axis',(0.,0.,-1.));
#11342=DIRECTION('ref_axis',(-0.5,-0.866025403784438,0.));
#11343=DIRECTION('center_axis',(0.,0.,-1.));
#11344=DIRECTION('ref_axis',(-0.5,-0.866025403784438,0.));
#11345=DIRECTION('center_axis',(0.,0.,1.));
#11346=DIRECTION('ref_axis',(-0.5,-0.866025403784438,0.));
#11347=DIRECTION('center_axis',(0.,0.,-1.));
#11348=DIRECTION('ref_axis',(1.,0.,0.));
#11349=DIRECTION('center_axis',(0.,0.,1.));
#11350=DIRECTION('ref_axis',(1.,0.,0.));
#11351=DIRECTION('',(-0.54187171116716,-0.840461211857379,0.));
#11352=DIRECTION('center_axis',(-0.840461211857379,0.54187171116716,0.));
#11353=DIRECTION('ref_axis',(0.,0.,1.));
#11354=DIRECTION('center_axis',(0.,2.00176093911081E-16,-1.));
#11355=DIRECTION('ref_axis',(1.,2.93860790539659E-17,5.88239052038513E-33));
#11356=DIRECTION('center_axis',(0.,0.,-1.));
#11357=DIRECTION('ref_axis',(1.,6.12323399573677E-17,0.));
#11358=DIRECTION('',(0.0616250135868158,0.256686654924983,-0.964528029081502));
#11359=DIRECTION('center_axis',(0.,0.,-1.));
#11360=DIRECTION('ref_axis',(1.,0.,0.));
#11361=DIRECTION('',(-0.204007790869335,-0.849753604404697,0.486106606688121));
#11362=DIRECTION('center_axis',(0.972369920397677,-0.233445363855905,0.));
#11363=DIRECTION('ref_axis',(0.233445363855905,0.972369920397677,0.));
#11364=DIRECTION('',(0.223599220818536,0.931357783067843,-0.287360519849712));
#11365=DIRECTION('',(-0.233445363855905,-0.972369920397677,0.));
#11366=DIRECTION('center_axis',(0.99396095545518,-0.109734311091046,0.));
#11367=DIRECTION('ref_axis',(0.109734311091046,0.99396095545518,0.));
#11368=DIRECTION('center_axis',(0.,0.,-1.));
#11369=DIRECTION('ref_axis',(1.,0.,0.));
#11370=DIRECTION('center_axis',(0.,0.,-1.));
#11371=DIRECTION('ref_axis',(1.,0.,0.));
#11372=DIRECTION('center_axis',(0.,0.,1.));
#11373=DIRECTION('ref_axis',(1.,0.,0.));
#11374=DIRECTION('center_axis',(0.,0.,1.));
#11375=DIRECTION('ref_axis',(-0.5,0.866025403784439,0.));
#11376=DIRECTION('center_axis',(0.,0.,1.));
#11377=DIRECTION('ref_axis',(-0.5,0.866025403784439,0.));
#11378=DIRECTION('',(0.998796615947525,-0.0490440615342153,0.));
#11379=DIRECTION('center_axis',(0.,0.,1.));
#11380=DIRECTION('ref_axis',(-0.5,0.866025403784439,0.));
#11381=DIRECTION('center_axis',(-0.0490440615342152,-0.998796615947525,
0.));
#11382=DIRECTION('ref_axis',(0.,0.,1.));
#11383=DIRECTION('',(0.,0.,-1.));
#11384=DIRECTION('center_axis',(0.,0.,1.));
#11385=DIRECTION('ref_axis',(-0.5,0.866025403784439,0.));
#11386=DIRECTION('center_axis',(0.,0.,1.));
#11387=DIRECTION('ref_axis',(-0.5,0.866025403784439,0.));
#11388=DIRECTION('center_axis',(-1.73357582557336E-16,-1.00088046955541E-16,
-1.));
#11389=DIRECTION('ref_axis',(-0.5,0.866025403784439,-2.83496887813801E-31));
#11390=DIRECTION('center_axis',(0.,0.,-1.));
#11391=DIRECTION('ref_axis',(-0.5,0.866025403784439,0.));
#11392=DIRECTION('center_axis',(0.,0.,-1.));
#11393=DIRECTION('ref_axis',(-0.5,0.866025403784439,0.));
#11394=DIRECTION('center_axis',(0.,0.,1.));
#11395=DIRECTION('ref_axis',(-0.5,0.866025403784439,0.));
#11396=DIRECTION('',(0.,0.,1.));
#11397=DIRECTION('center_axis',(0.,0.,1.));
#11398=DIRECTION('ref_axis',(-0.5,0.866025403784439,0.));
#11399=DIRECTION('center_axis',(-0.401947776655959,0.915662593339562,0.));
#11400=DIRECTION('ref_axis',(-0.915662593339562,-0.401947776655959,0.));
#11401=DIRECTION('',(-0.915662593339562,-0.401947776655959,0.));
#11402=DIRECTION('center_axis',(0.,0.,-1.));
#11403=DIRECTION('ref_axis',(-0.5,0.866025403784439,0.));
#11404=DIRECTION('center_axis',(0.,0.,-1.));
#11405=DIRECTION('ref_axis',(-0.5,0.866025403784439,0.));
#11406=DIRECTION('center_axis',(0.,0.,-1.));
#11407=DIRECTION('ref_axis',(-0.5,0.866025403784439,0.));
#11408=DIRECTION('center_axis',(0.,0.,1.));
#11409=DIRECTION('ref_axis',(-0.5,0.866025403784439,0.));
#11410=DIRECTION('center_axis',(0.,0.,1.));
#11411=DIRECTION('ref_axis',(-1.,1.22464679914735E-16,0.));
#11412=DIRECTION('center_axis',(0.,0.,1.));
#11413=DIRECTION('ref_axis',(0.979774001663836,-0.200107235410501,0.));
#11414=DIRECTION('center_axis',(0.,0.,1.));
#11415=DIRECTION('ref_axis',(0.934828272994074,-0.355100126740215,0.));
#11416=DIRECTION('center_axis',(0.,0.,1.));
#11417=DIRECTION('ref_axis',(0.67503373614148,-0.737786862902068,0.));
#11418=DIRECTION('center_axis',(0.,0.,1.));
#11419=DIRECTION('ref_axis',(0.547569342089302,-0.836760309529491,0.));
#11420=DIRECTION('center_axis',(0.,0.,1.));
#11421=DIRECTION('ref_axis',(0.112453526965908,-0.993656985218203,0.));
#11422=DIRECTION('center_axis',(0.,0.,1.));
#11423=DIRECTION('ref_axis',(-0.0488424662961652,-0.998806494515383,0.));
#11424=DIRECTION('center_axis',(0.,0.,1.));
#11425=DIRECTION('ref_axis',(-0.493080107355839,-0.869983912339737,0.));
#11426=DIRECTION('center_axis',(0.,0.,1.));
#11427=DIRECTION('ref_axis',(-0.626598112650868,-0.779342546780535,0.));
#11428=DIRECTION('center_axis',(0.,0.,1.));
#11429=DIRECTION('ref_axis',(-0.910273899844102,-0.4140065546131,0.));
#11430=DIRECTION('center_axis',(0.,0.,1.));
#11431=DIRECTION('ref_axis',(-0.965014577259475,-0.262196235054427,0.));
#11432=DIRECTION('center_axis',(0.,0.,1.));
#11433=DIRECTION('ref_axis',(-0.979774001663836,0.200107235410501,0.));
#11434=DIRECTION('center_axis',(0.,0.,1.));
#11435=DIRECTION('ref_axis',(-0.934828272994074,0.355100126740216,0.));
#11436=DIRECTION('center_axis',(0.,0.,1.));
#11437=DIRECTION('ref_axis',(-0.67503373614148,0.737786862902068,0.));
#11438=DIRECTION('center_axis',(0.,0.,1.));
#11439=DIRECTION('ref_axis',(-0.547569342089302,0.836760309529491,0.));
#11440=DIRECTION('center_axis',(0.,0.,1.));
#11441=DIRECTION('ref_axis',(-0.112453526965908,0.993656985218203,0.));
#11442=DIRECTION('center_axis',(0.,0.,1.));
#11443=DIRECTION('ref_axis',(0.0488424662961653,0.998806494515383,0.));
#11444=DIRECTION('center_axis',(0.,0.,1.));
#11445=DIRECTION('ref_axis',(0.493080107355839,0.869983912339736,0.));
#11446=DIRECTION('center_axis',(0.,0.,1.));
#11447=DIRECTION('ref_axis',(0.626598112650869,0.779342546780534,0.));
#11448=DIRECTION('center_axis',(0.,0.,1.));
#11449=DIRECTION('ref_axis',(0.910273899844102,0.4140065546131,0.));
#11450=DIRECTION('center_axis',(0.,0.,1.));
#11451=DIRECTION('ref_axis',(0.965014577259475,0.262196235054427,0.));
#11452=DIRECTION('center_axis',(0.,0.,1.));
#11453=DIRECTION('ref_axis',(0.979774001663836,-0.200107235410501,0.));
#11454=DIRECTION('',(-0.75982994436543,-2.51486511872633E-31,-0.650121877531919));
#11455=DIRECTION('center_axis',(0.,0.,-1.));
#11456=DIRECTION('ref_axis',(-1.,1.22464679914735E-16,0.));
#11457=DIRECTION('center_axis',(0.,0.,-1.));
#11458=DIRECTION('ref_axis',(-0.493080107355839,-0.869983912339737,0.));
#11459=DIRECTION('',(0.,0.,-1.));
#11460=DIRECTION('center_axis',(0.,0.,1.));
#11461=DIRECTION('ref_axis',(-0.493080107355839,-0.869983912339737,0.));
#11462=DIRECTION('',(0.,0.,-1.));
#11463=DIRECTION('center_axis',(0.78801075360672,0.61566147532566,0.));
#11464=DIRECTION('ref_axis',(0.61566147532566,-0.78801075360672,0.));
#11465=DIRECTION('',(0.,0.,-1.));
#11466=DIRECTION('',(-0.615661475325658,0.788010753606722,0.));
#11467=DIRECTION('',(0.,0.,-1.));
#11468=DIRECTION('',(-0.61566147532566,0.78801075360672,0.));
#11469=DIRECTION('center_axis',(0.,0.,-1.));
#11470=DIRECTION('ref_axis',(-0.0488424662961652,-0.998806494515383,0.));
#11471=DIRECTION('',(0.,0.,-1.));
#11472=DIRECTION('center_axis',(0.,0.,1.));
#11473=DIRECTION('ref_axis',(-0.0488424662961652,-0.998806494515383,0.));
#11474=DIRECTION('center_axis',(-0.788010753606723,-0.615661475325658,0.));
#11475=DIRECTION('ref_axis',(-0.615661475325658,0.788010753606723,0.));
#11476=DIRECTION('',(0.,0.,-1.));
#11477=DIRECTION('',(0.615661475325656,-0.788010753606724,0.));
#11478=DIRECTION('',(0.,0.,-1.));
#11479=DIRECTION('',(0.615661475325656,-0.788010753606724,0.));
#11480=DIRECTION('center_axis',(0.,0.,-1.));
#11481=DIRECTION('ref_axis',(0.112453526965908,-0.993656985218203,0.));
#11482=DIRECTION('',(0.,0.,-1.));
#11483=DIRECTION('center_axis',(0.,0.,1.));
#11484=DIRECTION('ref_axis',(0.112453526965908,-0.993656985218203,0.));
#11485=DIRECTION('center_axis',(0.275637355816996,0.96126169593832,0.));
#11486=DIRECTION('ref_axis',(0.96126169593832,-0.275637355816996,0.));
#11487=DIRECTION('',(0.,0.,-1.));
#11488=DIRECTION('',(-0.961261695938319,0.275637355817,0.));
#11489=DIRECTION('',(0.,0.,-1.));
#11490=DIRECTION('',(-0.96126169593832,0.275637355816996,0.));
#11491=DIRECTION('center_axis',(0.,0.,-1.));
#11492=DIRECTION('ref_axis',(0.547569342089302,-0.836760309529491,0.));
#11493=DIRECTION('',(0.,0.,-1.));
#11494=DIRECTION('center_axis',(0.,0.,1.));
#11495=DIRECTION('ref_axis',(0.547569342089302,-0.836760309529491,0.));
#11496=DIRECTION('center_axis',(-0.275637355817002,-0.961261695938318,0.));
#11497=DIRECTION('ref_axis',(-0.961261695938318,0.275637355817002,0.));
#11498=DIRECTION('',(0.,0.,-1.));
#11499=DIRECTION('',(0.961261695938319,-0.275637355817,0.));
#11500=DIRECTION('',(0.,0.,-1.));
#11501=DIRECTION('',(0.961261695938319,-0.275637355817,0.));
#11502=DIRECTION('center_axis',(0.,0.,-1.));
#11503=DIRECTION('ref_axis',(0.67503373614148,-0.737786862902068,0.));
#11504=DIRECTION('',(0.,0.,-1.));
#11505=DIRECTION('center_axis',(0.,0.,1.));
#11506=DIRECTION('ref_axis',(0.67503373614148,-0.737786862902068,0.));
#11507=DIRECTION('center_axis',(-0.342020143325671,0.939692620785908,0.));
#11508=DIRECTION('ref_axis',(0.939692620785908,0.342020143325671,0.));
#11509=DIRECTION('',(0.,0.,-1.));
#11510=DIRECTION('',(-0.939692620785908,-0.342020143325669,0.));
#11511=DIRECTION('',(0.,0.,-1.));
#11512=DIRECTION('',(-0.939692620785908,-0.342020143325671,0.));
#11513=DIRECTION('center_axis',(0.,0.,-1.));
#11514=DIRECTION('ref_axis',(0.934828272994074,-0.355100126740215,0.));
#11515=DIRECTION('',(0.,0.,-1.));
#11516=DIRECTION('center_axis',(0.,0.,1.));
#11517=DIRECTION('ref_axis',(0.934828272994074,-0.355100126740215,0.));
#11518=DIRECTION('center_axis',(0.342020143325667,-0.939692620785909,0.));
#11519=DIRECTION('ref_axis',(-0.939692620785909,-0.342020143325667,0.));
#11520=DIRECTION('',(0.,0.,-1.));
#11521=DIRECTION('',(0.939692620785909,0.342020143325667,0.));
#11522=DIRECTION('',(0.,0.,-1.));
#11523=DIRECTION('',(0.939692620785909,0.342020143325667,0.));
#11524=DIRECTION('center_axis',(0.,0.,-1.));
#11525=DIRECTION('ref_axis',(0.979774001663836,-0.200107235410501,0.));
#11526=DIRECTION('',(0.,0.,-1.));
#11527=DIRECTION('center_axis',(0.,0.,1.));
#11528=DIRECTION('ref_axis',(0.979774001663836,-0.200107235410501,0.));
#11529=DIRECTION('center_axis',(-0.829037572555043,0.559192903470745,0.));
#11530=DIRECTION('ref_axis',(0.559192903470745,0.829037572555043,0.));
#11531=DIRECTION('',(0.,0.,-1.));
#11532=DIRECTION('',(-0.559192903470747,-0.829037572555042,0.));
#11533=DIRECTION('',(0.,0.,-1.));
#11534=DIRECTION('',(-0.559192903470745,-0.829037572555043,0.));
#11535=DIRECTION('center_axis',(0.,0.,-1.));
#11536=DIRECTION('ref_axis',(0.965014577259475,0.262196235054427,0.));
#11537=DIRECTION('',(0.,0.,-1.));
#11538=DIRECTION('center_axis',(0.,0.,1.));
#11539=DIRECTION('ref_axis',(0.965014577259475,0.262196235054427,0.));
#11540=DIRECTION('center_axis',(0.829037572555041,-0.559192903470747,0.));
#11541=DIRECTION('ref_axis',(-0.559192903470747,-0.829037572555041,0.));
#11542=DIRECTION('',(0.,0.,-1.));
#11543=DIRECTION('',(0.559192903470749,0.82903757255504,0.));
#11544=DIRECTION('',(0.,0.,-1.));
#11545=DIRECTION('',(0.559192903470749,0.82903757255504,0.));
#11546=DIRECTION('center_axis',(0.,0.,-1.));
#11547=DIRECTION('ref_axis',(0.910273899844102,0.4140065546131,0.));
#11548=DIRECTION('',(0.,0.,-1.));
#11549=DIRECTION('center_axis',(0.,0.,1.));
#11550=DIRECTION('ref_axis',(0.910273899844102,0.4140065546131,0.));
#11551=DIRECTION('center_axis',(-0.999390827019096,-0.034899496702502,0.));
#11552=DIRECTION('ref_axis',(-0.034899496702502,0.999390827019096,0.));
#11553=DIRECTION('',(0.,0.,-1.));
#11554=DIRECTION('',(0.034899496702501,-0.999390827019096,0.));
#11555=DIRECTION('',(0.,0.,-1.));
#11556=DIRECTION('',(0.034899496702502,-0.999390827019096,0.));
#11557=DIRECTION('center_axis',(0.,0.,-1.));
#11558=DIRECTION('ref_axis',(0.626598112650869,0.779342546780534,0.));
#11559=DIRECTION('',(0.,0.,-1.));
#11560=DIRECTION('center_axis',(0.,0.,1.));
#11561=DIRECTION('ref_axis',(0.626598112650869,0.779342546780534,0.));
#11562=DIRECTION('center_axis',(0.999390827019096,0.0348994967024988,0.));
#11563=DIRECTION('ref_axis',(0.0348994967024988,-0.999390827019096,0.));
#11564=DIRECTION('',(0.,0.,-1.));
#11565=DIRECTION('',(-0.0348994967024986,0.999390827019096,0.));
#11566=DIRECTION('',(0.,0.,-1.));
#11567=DIRECTION('',(-0.0348994967024986,0.999390827019096,0.));
#11568=DIRECTION('center_axis',(0.,0.,1.));
#11569=DIRECTION('ref_axis',(1.,7.55533524642999E-11,0.));
#11570=DIRECTION('center_axis',(0.,0.,-1.));
#11571=DIRECTION('ref_axis',(1.,7.55533524642999E-11,0.));
#11572=DIRECTION('',(-0.707106781186547,-5.34243744644894E-11,0.707106781186548));
#11573=DIRECTION('center_axis',(0.,0.,1.));
#11574=DIRECTION('ref_axis',(1.,7.55533524642999E-11,0.));
#11575=DIRECTION('center_axis',(0.,0.,-1.));
#11576=DIRECTION('ref_axis',(1.,7.55533524642999E-11,0.));
#11577=DIRECTION('center_axis',(0.,0.,1.));
#11578=DIRECTION('ref_axis',(-1.,-7.55533524642999E-11,0.));
#11579=DIRECTION('center_axis',(0.,0.,1.));
#11580=DIRECTION('ref_axis',(-1.,-7.55533524642999E-11,0.));
#11581=DIRECTION('',(0.,0.,1.));
#11582=DIRECTION('center_axis',(0.,0.,-1.));
#11583=DIRECTION('ref_axis',(1.,-1.22464679914735E-16,0.));
#11584=DIRECTION('center_axis',(0.,0.,-1.));
#11585=DIRECTION('ref_axis',(-0.112453526965908,0.993656985218203,0.));
#11586=DIRECTION('',(0.961261695938319,-0.275637355816997,0.));
#11587=DIRECTION('center_axis',(0.,0.,1.));
#11588=DIRECTION('ref_axis',(1.,7.55533524642999E-11,0.));
#11589=DIRECTION('',(-0.961261695938318,0.275637355817001,0.));
#11590=DIRECTION('center_axis',(0.,0.,-1.));
#11591=DIRECTION('ref_axis',(-0.67503373614148,0.737786862902068,0.));
#11592=DIRECTION('',(0.939692620785908,0.342020143325671,0.));
#11593=DIRECTION('center_axis',(0.,0.,1.));
#11594=DIRECTION('ref_axis',(1.,7.55533524642999E-11,0.));
#11595=DIRECTION('',(-0.939692620785909,-0.342020143325667,0.));
#11596=DIRECTION('center_axis',(0.,0.,-1.));
#11597=DIRECTION('ref_axis',(-0.979774001663836,0.200107235410501,0.));
#11598=DIRECTION('',(0.559192903470745,0.829037572555043,0.));
#11599=DIRECTION('center_axis',(0.,0.,1.));
#11600=DIRECTION('ref_axis',(1.,7.55533524642999E-11,0.));
#11601=DIRECTION('',(-0.559192903470749,-0.82903757255504,0.));
#11602=DIRECTION('center_axis',(0.,0.,-1.));
#11603=DIRECTION('ref_axis',(-0.910273899844102,-0.4140065546131,0.));
#11604=DIRECTION('',(-0.034899496702502,0.999390827019096,0.));
#11605=DIRECTION('center_axis',(0.,0.,1.));
#11606=DIRECTION('ref_axis',(1.,7.55533524642999E-11,0.));
#11607=DIRECTION('',(0.0348994967024987,-0.999390827019096,0.));
#11608=DIRECTION('center_axis',(0.,0.,-1.));
#11609=DIRECTION('ref_axis',(-0.493080107355839,-0.869983912339736,0.));
#11610=DIRECTION('center_axis',(0.,0.,1.));
#11611=DIRECTION('ref_axis',(1.,7.55533524642999E-11,0.));
#11612=DIRECTION('center_axis',(0.,0.,-1.));
#11613=DIRECTION('ref_axis',(0.112453526965908,-0.993656985218203,0.));
#11614=DIRECTION('center_axis',(0.,0.,1.));
#11615=DIRECTION('ref_axis',(1.,7.55533524642999E-11,0.));
#11616=DIRECTION('center_axis',(0.,0.,-1.));
#11617=DIRECTION('ref_axis',(0.67503373614148,-0.737786862902068,0.));
#11618=DIRECTION('center_axis',(0.,0.,1.));
#11619=DIRECTION('ref_axis',(1.,7.55533524642999E-11,0.));
#11620=DIRECTION('center_axis',(0.,0.,-1.));
#11621=DIRECTION('ref_axis',(0.979774001663836,-0.200107235410501,0.));
#11622=DIRECTION('center_axis',(0.,0.,1.));
#11623=DIRECTION('ref_axis',(1.,7.55533524642999E-11,0.));
#11624=DIRECTION('center_axis',(0.,0.,-1.));
#11625=DIRECTION('ref_axis',(0.910273899844102,0.4140065546131,0.));
#11626=DIRECTION('center_axis',(0.,0.,1.));
#11627=DIRECTION('ref_axis',(1.,7.55533524642999E-11,0.));
#11628=DIRECTION('center_axis',(0.,0.,-1.));
#11629=DIRECTION('ref_axis',(0.493080107355839,0.869983912339736,0.));
#11630=DIRECTION('',(0.615661475325659,-0.788010753606722,0.));
#11631=DIRECTION('center_axis',(0.,0.,1.));
#11632=DIRECTION('ref_axis',(1.,7.55533524642999E-11,0.));
#11633=DIRECTION('',(-0.615661475325656,0.788010753606724,0.));
#11634=DIRECTION('center_axis',(0.,0.,1.));
#11635=DIRECTION('ref_axis',(-1.,-7.55533524642999E-11,0.));
#11636=DIRECTION('center_axis',(0.,0.,1.));
#11637=DIRECTION('ref_axis',(-0.82416816561119,-0.566345155177552,0.));
#11638=DIRECTION('center_axis',(0.,0.,-1.));
#11639=DIRECTION('ref_axis',(-0.570497499937948,-0.821299337978883,0.));
#11640=DIRECTION('center_axis',(0.,0.,1.));
#11641=DIRECTION('ref_axis',(-0.983241398459945,0.182308399023555,0.));
#11642=DIRECTION('center_axis',(0.,0.,-1.));
#11643=DIRECTION('ref_axis',(-0.984148982124985,-0.177343680412796,0.));
#11644=DIRECTION('center_axis',(0.,0.,1.));
#11645=DIRECTION('ref_axis',(-0.566345155177552,0.82416816561119,0.));
#11646=DIRECTION('center_axis',(0.,0.,-1.));
#11647=DIRECTION('ref_axis',(-0.821299337978883,0.570497499937948,0.));
#11648=DIRECTION('center_axis',(0.,0.,1.));
#11649=DIRECTION('ref_axis',(0.182308399023555,0.983241398459945,0.));
#11650=DIRECTION('center_axis',(0.,0.,-1.));
#11651=DIRECTION('ref_axis',(-0.177343680412796,0.984148982124985,0.));
#11652=DIRECTION('center_axis',(0.,0.,1.));
#11653=DIRECTION('ref_axis',(0.82416816561119,0.566345155177553,0.));
#11654=DIRECTION('center_axis',(0.,0.,-1.));
#11655=DIRECTION('ref_axis',(0.570497499937948,0.821299337978883,0.));
#11656=DIRECTION('center_axis',(0.,0.,1.));
#11657=DIRECTION('ref_axis',(0.983241398459945,-0.182308399023555,0.));
#11658=DIRECTION('center_axis',(0.,0.,-1.));
#11659=DIRECTION('ref_axis',(0.984148982124985,0.177343680412796,0.));
#11660=DIRECTION('center_axis',(0.,0.,1.));
#11661=DIRECTION('ref_axis',(0.566345155177553,-0.82416816561119,0.));
#11662=DIRECTION('center_axis',(0.,0.,-1.));
#11663=DIRECTION('ref_axis',(0.821299337978883,-0.570497499937948,0.));
#11664=DIRECTION('center_axis',(0.,0.,1.));
#11665=DIRECTION('ref_axis',(-0.182308399023555,-0.983241398459945,0.));
#11666=DIRECTION('center_axis',(0.,0.,-1.));
#11667=DIRECTION('ref_axis',(0.177343680412795,-0.984148982124985,0.));
#11668=DIRECTION('center_axis',(0.,0.,1.));
#11669=DIRECTION('ref_axis',(0.82416816561119,0.566345155177553,0.));
#11670=DIRECTION('',(0.,0.,1.));
#11671=DIRECTION('center_axis',(0.,0.,1.));
#11672=DIRECTION('ref_axis',(0.82416816561119,0.566345155177553,0.));
#11673=DIRECTION('',(0.,0.,1.));
#11674=DIRECTION('center_axis',(0.,0.,1.));
#11675=DIRECTION('ref_axis',(-0.177343680412796,0.984148982124985,0.));
#11676=DIRECTION('',(0.,0.,1.));
#11677=DIRECTION('center_axis',(0.,0.,-1.));
#11678=DIRECTION('ref_axis',(-0.177343680412796,0.984148982124985,0.));
#11679=DIRECTION('center_axis',(0.,0.,1.));
#11680=DIRECTION('ref_axis',(0.182308399023555,0.983241398459945,0.));
#11681=DIRECTION('',(0.,0.,1.));
#11682=DIRECTION('center_axis',(0.,0.,1.));
#11683=DIRECTION('ref_axis',(0.182308399023555,0.983241398459945,0.));
#11684=DIRECTION('center_axis',(0.,0.,1.));
#11685=DIRECTION('ref_axis',(-0.821299337978883,0.570497499937948,0.));
#11686=DIRECTION('',(0.,0.,1.));
#11687=DIRECTION('center_axis',(0.,0.,-1.));
#11688=DIRECTION('ref_axis',(-0.821299337978883,0.570497499937948,0.));
#11689=DIRECTION('center_axis',(0.,0.,1.));
#11690=DIRECTION('ref_axis',(-0.566345155177552,0.82416816561119,0.));
#11691=DIRECTION('',(0.,0.,1.));
#11692=DIRECTION('center_axis',(0.,0.,1.));
#11693=DIRECTION('ref_axis',(-0.566345155177552,0.82416816561119,0.));
#11694=DIRECTION('center_axis',(0.,0.,1.));
#11695=DIRECTION('ref_axis',(-0.984148982124985,-0.177343680412796,0.));
#11696=DIRECTION('',(0.,0.,1.));
#11697=DIRECTION('center_axis',(0.,0.,-1.));
#11698=DIRECTION('ref_axis',(-0.984148982124985,-0.177343680412796,0.));
#11699=DIRECTION('center_axis',(0.,0.,1.));
#11700=DIRECTION('ref_axis',(-0.983241398459945,0.182308399023555,0.));
#11701=DIRECTION('',(0.,0.,1.));
#11702=DIRECTION('center_axis',(0.,0.,1.));
#11703=DIRECTION('ref_axis',(-0.983241398459945,0.182308399023555,0.));
#11704=DIRECTION('center_axis',(0.,0.,1.));
#11705=DIRECTION('ref_axis',(-0.570497499937948,-0.821299337978883,0.));
#11706=DIRECTION('',(0.,0.,1.));
#11707=DIRECTION('center_axis',(0.,0.,-1.));
#11708=DIRECTION('ref_axis',(-0.570497499937948,-0.821299337978883,0.));
#11709=DIRECTION('center_axis',(0.,0.,1.));
#11710=DIRECTION('ref_axis',(-1.,-7.55533524642999E-11,0.));
#11711=DIRECTION('center_axis',(0.,0.,-1.));
#11712=DIRECTION('ref_axis',(-1.,-7.55533524642999E-11,0.));
#11713=DIRECTION('',(-0.707106781186548,-5.34243744644895E-11,-0.707106781186547));
#11714=DIRECTION('center_axis',(0.,0.,1.));
#11715=DIRECTION('ref_axis',(-1.,-7.55533524642999E-11,0.));
#11716=DIRECTION('center_axis',(0.,0.,-1.));
#11717=DIRECTION('ref_axis',(-1.,-7.55533524642999E-11,0.));
#11718=DIRECTION('center_axis',(0.,0.,1.));
#11719=DIRECTION('ref_axis',(1.,7.55533524642999E-11,0.));
#11720=DIRECTION('center_axis',(0.,0.,-1.));
#11721=DIRECTION('ref_axis',(-1.,1.22464679914735E-16,0.));
#11722=DIRECTION('',(0.,0.,-1.));
#11723=DIRECTION('center_axis',(0.,0.,-1.));
#11724=DIRECTION('ref_axis',(1.,-1.22464679914735E-16,0.));
#11725=DIRECTION('center_axis',(0.,0.,-1.));
#11726=DIRECTION('ref_axis',(0.177343680412795,-0.984148982124985,0.));
#11727=DIRECTION('center_axis',(0.,0.,1.));
#11728=DIRECTION('ref_axis',(-0.182308399023555,-0.983241398459945,0.));
#11729=DIRECTION('center_axis',(0.,0.,-1.));
#11730=DIRECTION('ref_axis',(0.821299337978883,-0.570497499937948,0.));
#11731=DIRECTION('center_axis',(0.,0.,1.));
#11732=DIRECTION('ref_axis',(0.566345155177553,-0.82416816561119,0.));
#11733=DIRECTION('center_axis',(0.,0.,-1.));
#11734=DIRECTION('ref_axis',(0.984148982124985,0.177343680412796,0.));
#11735=DIRECTION('center_axis',(0.,0.,1.));
#11736=DIRECTION('ref_axis',(0.983241398459945,-0.182308399023555,0.));
#11737=DIRECTION('center_axis',(0.,0.,-1.));
#11738=DIRECTION('ref_axis',(0.570497499937948,0.821299337978883,0.));
#11739=DIRECTION('center_axis',(0.,0.,1.));
#11740=DIRECTION('ref_axis',(-0.82416816561119,-0.566345155177552,0.));
#11741=DIRECTION('center_axis',(0.,0.,-1.));
#11742=DIRECTION('ref_axis',(-1.,1.22464679914735E-16,0.));
#11743=DIRECTION('center_axis',(0.,0.,1.));
#11744=DIRECTION('ref_axis',(-1.,1.22464679914735E-16,0.));
#11745=DIRECTION('',(0.707106781186548,-1.73191211247099E-16,-0.707106781186547));
#11746=DIRECTION('center_axis',(0.,0.,-1.));
#11747=DIRECTION('ref_axis',(-1.,1.22464679914735E-16,0.));
#11748=DIRECTION('center_axis',(0.,0.,1.));
#11749=DIRECTION('ref_axis',(-1.,1.22464679914735E-16,0.));
#11750=DIRECTION('center_axis',(0.,0.,1.));
#11751=DIRECTION('ref_axis',(1.,-1.22464679914735E-16,0.));
#11752=DIRECTION('',(0.,0.,1.));
#11753=DIRECTION('center_axis',(0.,0.,-1.));
#11754=DIRECTION('ref_axis',(-1.,1.22464679914735E-16,0.));
#11755=DIRECTION('center_axis',(0.,0.,-1.));
#11756=DIRECTION('ref_axis',(-1.,1.22464679914735E-16,0.));
#11757=DIRECTION('center_axis',(0.,0.,1.));
#11758=DIRECTION('ref_axis',(-1.,1.22464679914735E-16,0.));
#11759=DIRECTION('center_axis',(0.,0.,-1.));
#11760=DIRECTION('ref_axis',(-1.,1.22464679914735E-16,0.));
#11761=DIRECTION('center_axis',(0.,0.,1.));
#11762=DIRECTION('ref_axis',(-1.,1.22464679914735E-16,0.));
#11763=DIRECTION('',(0.707106781186547,-1.73191211247098E-16,-0.707106781186548));
#11764=DIRECTION('center_axis',(0.,0.,-1.));
#11765=DIRECTION('ref_axis',(1.,-1.22464679914735E-16,0.));
#11766=DIRECTION('center_axis',(0.,0.,-1.));
#11767=DIRECTION('ref_axis',(-0.112453526965908,0.993656985218203,0.));
#11768=DIRECTION('center_axis',(0.,0.,1.));
#11769=DIRECTION('ref_axis',(-0.112453526965908,0.993656985218203,0.));
#11770=DIRECTION('center_axis',(0.,0.,-1.));
#11771=DIRECTION('ref_axis',(-0.112453526965908,0.993656985218203,0.));
#11772=DIRECTION('',(0.,0.,-1.));
#11773=DIRECTION('',(0.,0.,-1.));
#11774=DIRECTION('center_axis',(0.788010753606723,0.615661475325658,0.));
#11775=DIRECTION('ref_axis',(0.615661475325658,-0.788010753606723,0.));
#11776=DIRECTION('',(0.,0.,-1.));
#11777=DIRECTION('',(-0.615661475325656,0.788010753606724,0.));
#11778=DIRECTION('',(0.,0.,-1.));
#11779=DIRECTION('center_axis',(0.,0.,-1.));
#11780=DIRECTION('ref_axis',(-0.67503373614148,0.737786862902068,0.));
#11781=DIRECTION('center_axis',(0.,0.,1.));
#11782=DIRECTION('ref_axis',(-0.67503373614148,0.737786862902068,0.));
#11783=DIRECTION('center_axis',(0.,0.,-1.));
#11784=DIRECTION('ref_axis',(-0.67503373614148,0.737786862902068,0.));
#11785=DIRECTION('',(0.,0.,-1.));
#11786=DIRECTION('',(0.,0.,-1.));
#11787=DIRECTION('center_axis',(0.275637355817002,0.961261695938318,0.));
#11788=DIRECTION('ref_axis',(0.961261695938318,-0.275637355817002,0.));
#11789=DIRECTION('',(0.,0.,-1.));
#11790=DIRECTION('',(-0.961261695938318,0.275637355817001,0.));
#11791=DIRECTION('',(0.,0.,-1.));
#11792=DIRECTION('center_axis',(0.,0.,-1.));
#11793=DIRECTION('ref_axis',(-0.979774001663836,0.200107235410501,0.));
#11794=DIRECTION('center_axis',(0.,0.,1.));
#11795=DIRECTION('ref_axis',(-0.979774001663836,0.200107235410501,0.));
#11796=DIRECTION('center_axis',(0.829037572555043,-0.559192903470745,0.));
#11797=DIRECTION('ref_axis',(-0.559192903470745,-0.829037572555043,0.));
#11798=DIRECTION('',(0.,0.,-1.));
#11799=DIRECTION('',(0.559192903470746,0.829037572555042,0.));
#11800=DIRECTION('',(0.,0.,-1.));
#11801=DIRECTION('',(0.,0.,-1.));
#11802=DIRECTION('center_axis',(0.,0.,-1.));
#11803=DIRECTION('ref_axis',(-0.979774001663836,0.200107235410501,0.));
#11804=DIRECTION('',(0.,0.,-1.));
#11805=DIRECTION('center_axis',(0.,0.,-1.));
#11806=DIRECTION('ref_axis',(0.910273899844102,0.4140065546131,0.));
#11807=DIRECTION('center_axis',(0.,0.,-1.));
#11808=DIRECTION('ref_axis',(0.979774001663836,-0.200107235410501,0.));
#11809=DIRECTION('center_axis',(0.,0.,-1.));
#11810=DIRECTION('ref_axis',(0.67503373614148,-0.737786862902068,0.));
#11811=DIRECTION('center_axis',(0.,0.,-1.));
#11812=DIRECTION('ref_axis',(0.112453526965908,-0.993656985218203,0.));
#11813=DIRECTION('center_axis',(0.,0.,-1.));
#11814=DIRECTION('ref_axis',(-0.493080107355839,-0.869983912339737,0.));
#11815=DIRECTION('center_axis',(-0.999390827019096,-0.0348994967025004,
0.));
#11816=DIRECTION('ref_axis',(-0.0348994967025004,0.999390827019096,0.));
#11817=DIRECTION('',(0.,0.,-1.));
#11818=DIRECTION('',(0.0348994967024987,-0.999390827019096,0.));
#11819=DIRECTION('',(0.,0.,-1.));
#11820=DIRECTION('center_axis',(0.,0.,-1.));
#11821=DIRECTION('ref_axis',(-0.910273899844102,-0.4140065546131,0.));
#11822=DIRECTION('center_axis',(0.,0.,1.));
#11823=DIRECTION('ref_axis',(-0.910273899844102,-0.4140065546131,0.));
#11824=DIRECTION('center_axis',(0.,0.,-1.));
#11825=DIRECTION('ref_axis',(-0.910273899844102,-0.4140065546131,0.));
#11826=DIRECTION('',(0.,0.,-1.));
#11827=DIRECTION('',(0.,0.,-1.));
#11828=DIRECTION('center_axis',(-0.829037572555041,0.559192903470747,0.));
#11829=DIRECTION('ref_axis',(0.559192903470747,0.829037572555041,0.));
#11830=DIRECTION('',(0.,0.,-1.));
#11831=DIRECTION('',(-0.559192903470749,-0.82903757255504,0.));
#11832=DIRECTION('',(0.,0.,-1.));
#11833=DIRECTION('center_axis',(0.,0.,-1.));
#11834=DIRECTION('ref_axis',(0.493080107355839,0.869983912339737,0.));
#11835=DIRECTION('center_axis',(0.,0.,1.));
#11836=DIRECTION('ref_axis',(0.493080107355839,0.869983912339737,0.));
#11837=DIRECTION('center_axis',(0.,0.,-1.));
#11838=DIRECTION('ref_axis',(0.493080107355839,0.869983912339736,0.));
#11839=DIRECTION('',(0.,0.,-1.));
#11840=DIRECTION('center_axis',(0.,0.,-1.));
#11841=DIRECTION('ref_axis',(-0.547569342089302,0.836760309529491,0.));
#11842=DIRECTION('center_axis',(0.,0.,-1.));
#11843=DIRECTION('ref_axis',(-0.547569342089302,0.836760309529491,0.));
#11844=DIRECTION('center_axis',(0.,0.,1.));
#11845=DIRECTION('ref_axis',(-0.547569342089302,0.836760309529491,0.));
#11846=DIRECTION('center_axis',(0.,0.,1.));
#11847=DIRECTION('ref_axis',(-1.,1.22464679914735E-16,0.));
#11848=DIRECTION('center_axis',(0.,0.,1.));
#11849=DIRECTION('ref_axis',(1.,7.55533524642999E-11,0.));
#11850=DIRECTION('',(0.961261695938319,-0.275637355817,0.));
#11851=DIRECTION('center_axis',(0.,0.,-1.));
#11852=DIRECTION('ref_axis',(-0.934828272994074,0.355100126740216,0.));
#11853=DIRECTION('center_axis',(0.,0.,-1.));
#11854=DIRECTION('ref_axis',(-0.934828272994074,0.355100126740216,0.));
#11855=DIRECTION('center_axis',(0.,0.,1.));
#11856=DIRECTION('ref_axis',(-0.934828272994074,0.355100126740216,0.));
#11857=DIRECTION('center_axis',(0.,0.,1.));
#11858=DIRECTION('ref_axis',(-1.,1.22464679914735E-16,0.));
#11859=DIRECTION('',(-0.939692620785909,-0.342020143325667,0.));
#11860=DIRECTION('center_axis',(0.,0.,1.));
#11861=DIRECTION('ref_axis',(1.,7.55533524642999E-11,0.));
#11862=DIRECTION('',(0.939692620785908,0.342020143325669,0.));
#11863=DIRECTION('center_axis',(0.,0.,-1.));
#11864=DIRECTION('ref_axis',(-0.965014577259475,-0.262196235054427,0.));
#11865=DIRECTION('center_axis',(0.,0.,-1.));
#11866=DIRECTION('ref_axis',(-0.965014577259475,-0.262196235054427,0.));
#11867=DIRECTION('center_axis',(0.,0.,1.));
#11868=DIRECTION('ref_axis',(-0.965014577259475,-0.262196235054427,0.));
#11869=DIRECTION('center_axis',(0.,0.,1.));
#11870=DIRECTION('ref_axis',(-1.,1.22464679914735E-16,0.));
#11871=DIRECTION('center_axis',(0.,0.,1.));
#11872=DIRECTION('ref_axis',(1.,7.55533524642999E-11,0.));
#11873=DIRECTION('center_axis',(0.,0.,-1.));
#11874=DIRECTION('ref_axis',(-0.626598112650868,-0.779342546780534,0.));
#11875=DIRECTION('center_axis',(0.,0.,-1.));
#11876=DIRECTION('ref_axis',(-0.626598112650869,-0.779342546780534,0.));
#11877=DIRECTION('center_axis',(0.,0.,1.));
#11878=DIRECTION('ref_axis',(-0.626598112650868,-0.779342546780535,0.));
#11879=DIRECTION('center_axis',(0.,0.,1.));
#11880=DIRECTION('ref_axis',(-1.,1.22464679914735E-16,0.));
#11881=DIRECTION('center_axis',(0.,0.,1.));
#11882=DIRECTION('ref_axis',(1.,7.55533524642999E-11,0.));
#11883=DIRECTION('',(-0.034899496702501,0.999390827019096,0.));
#11884=DIRECTION('center_axis',(0.,0.,-1.));
#11885=DIRECTION('ref_axis',(-0.0488424662961652,-0.998806494515383,0.));
#11886=DIRECTION('center_axis',(0.,0.,-1.));
#11887=DIRECTION('ref_axis',(-0.0488424662961652,-0.998806494515383,0.));
#11888=DIRECTION('center_axis',(0.,0.,1.));
#11889=DIRECTION('ref_axis',(-1.,1.22464679914735E-16,0.));
#11890=DIRECTION('center_axis',(0.,0.,1.));
#11891=DIRECTION('ref_axis',(1.,7.55533524642999E-11,0.));
#11892=DIRECTION('center_axis',(0.,0.,-1.));
#11893=DIRECTION('ref_axis',(0.547569342089302,-0.836760309529491,0.));
#11894=DIRECTION('center_axis',(0.,0.,-1.));
#11895=DIRECTION('ref_axis',(0.547569342089302,-0.836760309529491,0.));
#11896=DIRECTION('center_axis',(0.,0.,1.));
#11897=DIRECTION('ref_axis',(-1.,1.22464679914735E-16,0.));
#11898=DIRECTION('center_axis',(0.,0.,1.));
#11899=DIRECTION('ref_axis',(1.,7.55533524642999E-11,0.));
#11900=DIRECTION('center_axis',(0.,0.,-1.));
#11901=DIRECTION('ref_axis',(0.934828272994074,-0.355100126740215,0.));
#11902=DIRECTION('center_axis',(0.,0.,-1.));
#11903=DIRECTION('ref_axis',(0.934828272994074,-0.355100126740215,0.));
#11904=DIRECTION('center_axis',(0.,0.,1.));
#11905=DIRECTION('ref_axis',(-1.,1.22464679914735E-16,0.));
#11906=DIRECTION('center_axis',(0.,0.,1.));
#11907=DIRECTION('ref_axis',(1.,7.55533524642999E-11,0.));
#11908=DIRECTION('center_axis',(0.,0.,-1.));
#11909=DIRECTION('ref_axis',(0.965014577259475,0.262196235054427,0.));
#11910=DIRECTION('center_axis',(0.,0.,-1.));
#11911=DIRECTION('ref_axis',(0.965014577259475,0.262196235054427,0.));
#11912=DIRECTION('center_axis',(0.,0.,1.));
#11913=DIRECTION('ref_axis',(-1.,1.22464679914735E-16,0.));
#11914=DIRECTION('center_axis',(0.,0.,1.));
#11915=DIRECTION('ref_axis',(1.,7.55533524642999E-11,0.));
#11916=DIRECTION('center_axis',(0.,0.,-1.));
#11917=DIRECTION('ref_axis',(0.626598112650869,0.779342546780534,0.));
#11918=DIRECTION('center_axis',(0.,0.,-1.));
#11919=DIRECTION('ref_axis',(0.626598112650869,0.779342546780534,0.));
#11920=DIRECTION('center_axis',(0.,0.,1.));
#11921=DIRECTION('ref_axis',(-1.,1.22464679914735E-16,0.));
#11922=DIRECTION('center_axis',(0.,0.,1.));
#11923=DIRECTION('ref_axis',(1.,7.55533524642999E-11,0.));
#11924=DIRECTION('center_axis',(0.,0.,-1.));
#11925=DIRECTION('ref_axis',(0.0488424662961653,0.998806494515383,0.));
#11926=DIRECTION('center_axis',(0.,0.,-1.));
#11927=DIRECTION('ref_axis',(0.0488424662961653,0.998806494515383,0.));
#11928=DIRECTION('center_axis',(0.,0.,1.));
#11929=DIRECTION('ref_axis',(0.0488424662961653,0.998806494515383,0.));
#11930=DIRECTION('center_axis',(0.,0.,1.));
#11931=DIRECTION('ref_axis',(-1.,1.22464679914735E-16,0.));
#11932=DIRECTION('center_axis',(0.,0.,1.));
#11933=DIRECTION('ref_axis',(1.,7.55533524642999E-11,0.));
#11934=DIRECTION('',(0.615661475325658,-0.788010753606722,0.));
#11935=DIRECTION('center_axis',(0.,0.,-1.));
#11936=DIRECTION('ref_axis',(1.,7.55533524642999E-11,0.));
#11937=DIRECTION('center_axis',(0.,0.,-1.));
#11938=DIRECTION('ref_axis',(1.,7.55533524642999E-11,0.));
#11939=DIRECTION('',(0.,0.,-1.));
#11940=DIRECTION('center_axis',(0.,0.,-1.));
#11941=DIRECTION('ref_axis',(1.,7.55533524642999E-11,0.));
#11942=DIRECTION('center_axis',(0.,0.,-1.));
#11943=DIRECTION('ref_axis',(1.,7.55533524642999E-11,0.));
#11944=DIRECTION('',(0.,0.,-1.));
#11945=DIRECTION('center_axis',(0.,0.,-1.));
#11946=DIRECTION('ref_axis',(1.,7.55533524642999E-11,0.));
#11947=DIRECTION('',(0.,0.,-1.));
#11948=DIRECTION('',(0.,0.,-1.));
#11949=DIRECTION('center_axis',(0.,0.,-1.));
#11950=DIRECTION('ref_axis',(1.,7.55533524642999E-11,0.));
#11951=DIRECTION('center_axis',(0.,0.,-1.));
#11952=DIRECTION('ref_axis',(1.,7.55533524642999E-11,0.));
#11953=DIRECTION('',(0.,0.,-1.));
#11954=DIRECTION('center_axis',(0.,0.,-1.));
#11955=DIRECTION('ref_axis',(1.,7.55533524642999E-11,0.));
#11956=DIRECTION('center_axis',(0.,0.,-1.));
#11957=DIRECTION('ref_axis',(1.,7.55533524642999E-11,0.));
#11958=DIRECTION('center_axis',(0.,0.,-1.));
#11959=DIRECTION('ref_axis',(1.,7.55533524642999E-11,0.));
#11960=DIRECTION('center_axis',(0.,0.,-1.));
#11961=DIRECTION('ref_axis',(-0.965014577259475,-0.262196235054427,0.));
#11962=DIRECTION('center_axis',(0.999390827019096,0.034899496702502,0.));
#11963=DIRECTION('ref_axis',(0.034899496702502,-0.999390827019096,0.));
#11964=DIRECTION('',(0.,0.,-1.));
#11965=DIRECTION('center_axis',(0.,0.,-1.));
#11966=DIRECTION('ref_axis',(-0.626598112650868,-0.779342546780535,0.));
#11967=DIRECTION('center_axis',(-0.788010753606722,-0.615661475325659,0.));
#11968=DIRECTION('ref_axis',(-0.615661475325659,0.788010753606722,0.));
#11969=DIRECTION('',(0.,0.,-1.));
#11970=DIRECTION('center_axis',(0.,0.,-1.));
#11971=DIRECTION('ref_axis',(0.0488424662961653,0.998806494515383,0.));
#11972=DIRECTION('center_axis',(-0.275637355816997,-0.961261695938319,0.));
#11973=DIRECTION('ref_axis',(-0.96126169593832,0.275637355816997,0.));
#11974=DIRECTION('',(0.,0.,-1.));
#11975=DIRECTION('center_axis',(0.,0.,-1.));
#11976=DIRECTION('ref_axis',(-0.547569342089302,0.836760309529491,0.));
#11977=DIRECTION('center_axis',(0.342020143325671,-0.939692620785908,0.));
#11978=DIRECTION('ref_axis',(-0.939692620785908,-0.342020143325671,0.));
#11979=DIRECTION('',(0.,0.,-1.));
#11980=DIRECTION('center_axis',(0.,0.,-1.));
#11981=DIRECTION('ref_axis',(-0.934828272994074,0.355100126740216,0.));
#11982=DIRECTION('',(0.,0.,-1.));
#11983=DIRECTION('center_axis',(-0.342020143325667,0.939692620785909,0.));
#11984=DIRECTION('ref_axis',(0.939692620785909,0.342020143325667,0.));
#11985=DIRECTION('center_axis',(0.,0.,1.));
#11986=DIRECTION('ref_axis',(-0.82416816561119,-0.566345155177552,0.));
#11987=DIRECTION('',(0.,0.,1.));
#11988=DIRECTION('center_axis',(0.,0.,1.));
#11989=DIRECTION('ref_axis',(0.177343680412795,-0.984148982124985,0.));
#11990=DIRECTION('',(0.,0.,1.));
#11991=DIRECTION('center_axis',(0.,0.,1.));
#11992=DIRECTION('ref_axis',(-0.182308399023555,-0.983241398459945,0.));
#11993=DIRECTION('',(0.,0.,1.));
#11994=DIRECTION('center_axis',(0.,0.,1.));
#11995=DIRECTION('ref_axis',(0.821299337978883,-0.570497499937948,0.));
#11996=DIRECTION('',(0.,0.,1.));
#11997=DIRECTION('center_axis',(0.,0.,1.));
#11998=DIRECTION('ref_axis',(0.566345155177553,-0.82416816561119,0.));
#11999=DIRECTION('',(0.,0.,1.));
#12000=DIRECTION('center_axis',(0.,0.,1.));
#12001=DIRECTION('ref_axis',(0.984148982124985,0.177343680412796,0.));
#12002=DIRECTION('',(0.,0.,1.));
#12003=DIRECTION('center_axis',(0.,0.,1.));
#12004=DIRECTION('ref_axis',(0.983241398459945,-0.182308399023555,0.));
#12005=DIRECTION('',(0.,0.,1.));
#12006=DIRECTION('center_axis',(0.,0.,1.));
#12007=DIRECTION('ref_axis',(0.570497499937948,0.821299337978883,0.));
#12008=DIRECTION('center_axis',(-0.97369298245892,-0.22786394166312,0.));
#12009=DIRECTION('ref_axis',(-0.22786394166312,0.97369298245892,0.));
#12010=DIRECTION('',(-0.22786394166312,0.97369298245892,0.));
#12011=DIRECTION('',(0.,0.,1.));
#12012=DIRECTION('',(-0.22786394166312,0.97369298245892,0.));
#12013=DIRECTION('',(0.,0.,-1.));
#12014=DIRECTION('center_axis',(0.,0.,-1.));
#12015=DIRECTION('ref_axis',(-0.97369298245892,-0.22786394166312,0.));
#12016=DIRECTION('center_axis',(0.,0.,1.));
#12017=DIRECTION('ref_axis',(-0.97369298245892,-0.22786394166312,0.));
#12018=DIRECTION('center_axis',(0.,0.,-1.));
#12019=DIRECTION('ref_axis',(-0.97369298245892,-0.22786394166312,0.));
#12020=DIRECTION('',(0.,0.,-1.));
#12021=DIRECTION('center_axis',(0.973692982458919,-0.227863941663123,0.));
#12022=DIRECTION('ref_axis',(-0.227863941663123,-0.973692982458919,0.));
#12023=DIRECTION('',(0.227863941663123,0.973692982458919,0.));
#12024=DIRECTION('',(-0.227863941663123,-0.973692982458919,0.));
#12025=DIRECTION('',(0.,0.,-1.));
#12026=DIRECTION('center_axis',(0.,0.,-1.));
#12027=DIRECTION('ref_axis',(0.,1.,0.));
#12028=DIRECTION('center_axis',(0.,0.,-1.));
#12029=DIRECTION('ref_axis',(-7.81211207866262E-16,1.,0.));
#12030=DIRECTION('',(0.,0.,1.));
#12031=DIRECTION('center_axis',(0.,0.,-1.));
#12032=DIRECTION('ref_axis',(-7.81211207866262E-16,1.,0.));
#12033=DIRECTION('center_axis',(0.972369920397677,0.233445363855905,0.));
#12034=DIRECTION('ref_axis',(-0.233445363855905,0.972369920397677,0.));
#12035=DIRECTION('',(0.223599220818536,-0.931357783067842,0.287360519849713));
#12036=DIRECTION('',(0.233445363855905,-0.972369920397677,0.));
#12037=DIRECTION('',(-0.233445363855905,0.972369920397677,6.26335898878696E-16));
#12038=DIRECTION('',(-0.223599220818536,0.931357783067842,-0.287360519849714));
#12039=DIRECTION('',(-0.0616250135868158,0.256686654924983,-0.964528029081502));
#12040=DIRECTION('',(0.,0.,-1.));
#12041=DIRECTION('',(0.233445363855905,-0.972369920397677,0.));
#12042=DIRECTION('',(0.,0.,1.));
#12043=DIRECTION('',(0.0616250135868159,-0.256686654924983,0.964528029081502));
#12044=DIRECTION('center_axis',(0.,0.,-1.));
#12045=DIRECTION('ref_axis',(-1.,0.,0.));
#12046=DIRECTION('center_axis',(0.,0.,1.));
#12047=DIRECTION('ref_axis',(2.7154882854034E-15,1.,0.));
#12048=DIRECTION('',(0.233445363855905,0.972369920397677,0.));
#12049=DIRECTION('center_axis',(0.,0.,-1.));
#12050=DIRECTION('ref_axis',(-7.81211207866262E-16,1.,0.));
#12051=DIRECTION('center_axis',(0.,0.,-1.));
#12052=DIRECTION('ref_axis',(0.,1.,0.));
#12053=DIRECTION('',(0.,0.,-1.));
#12054=DIRECTION('center_axis',(0.,0.,-1.));
#12055=DIRECTION('ref_axis',(-7.81211207866262E-16,1.,0.));
#12056=DIRECTION('center_axis',(0.,0.,1.));
#12057=DIRECTION('ref_axis',(1.,0.,0.));
#12058=DIRECTION('',(-0.233445363855905,-0.972369920397677,-6.26335898878696E-16));
#12059=DIRECTION('center_axis',(0.,0.,-1.));
#12060=DIRECTION('ref_axis',(-9.57950941629491E-16,1.,0.));
#12061=DIRECTION('center_axis',(0.,0.,-1.));
#12062=DIRECTION('ref_axis',(0.,1.,0.));
#12063=DIRECTION('',(-0.223599220818536,-0.931357783067842,0.287360519849714));
#12064=DIRECTION('center_axis',(0.,0.,-1.));
#12065=DIRECTION('ref_axis',(-1.88406987938186E-15,1.,0.));
#12066=DIRECTION('center_axis',(0.,0.,-1.));
#12067=DIRECTION('ref_axis',(0.,1.,0.));
#12068=DIRECTION('',(-0.0616250135868158,-0.256686654924983,0.964528029081502));
#12069=DIRECTION('center_axis',(0.,0.,-1.));
#12070=DIRECTION('ref_axis',(-8.99246063559319E-16,1.,0.));
#12071=DIRECTION('center_axis',(0.,0.,-1.));
#12072=DIRECTION('ref_axis',(0.,1.,0.));
#12073=DIRECTION('',(0.,0.,1.));
#12074=DIRECTION('center_axis',(-2.19674098100584E-16,-1.23013421314804E-15,
-1.));
#12075=DIRECTION('ref_axis',(-8.99246063559319E-16,1.,-1.23013421314804E-15));
#12076=DIRECTION('center_axis',(0.,0.,-1.));
#12077=DIRECTION('ref_axis',(-1.,0.,0.));
#12078=DIRECTION('',(0.233445363855905,0.972369920397677,0.));
#12079=DIRECTION('center_axis',(-2.26737573923754E-16,-1.26968836791164E-15,
-1.));
#12080=DIRECTION('ref_axis',(7.13969790755732E-16,1.,-1.26968836791164E-15));
#12081=DIRECTION('center_axis',(0.,0.,-1.));
#12082=DIRECTION('ref_axis',(0.,1.,0.));
#12083=DIRECTION('',(0.,0.,-1.));
#12084=DIRECTION('center_axis',(0.,0.,-1.));
#12085=DIRECTION('ref_axis',(7.13969790755732E-16,1.,0.));
#12086=DIRECTION('center_axis',(0.,0.,-1.));
#12087=DIRECTION('ref_axis',(0.,1.,0.));
#12088=DIRECTION('',(0.0616250135868159,0.256686654924983,-0.964528029081502));
#12089=DIRECTION('center_axis',(0.,0.,-1.));
#12090=DIRECTION('ref_axis',(8.139122783699E-16,1.,0.));
#12091=DIRECTION('center_axis',(0.,0.,-1.));
#12092=DIRECTION('ref_axis',(0.,1.,0.));
#12093=DIRECTION('',(0.223599220818536,0.931357783067842,-0.287360519849713));
#12094=DIRECTION('center_axis',(0.972369920397677,-0.233445363855905,0.));
#12095=DIRECTION('ref_axis',(0.233445363855905,0.972369920397677,0.));
#12096=DIRECTION('center_axis',(0.684182453316177,-0.7293108874645,0.));
#12097=DIRECTION('ref_axis',(-0.7293108874645,-0.684182453316177,0.));
#12098=DIRECTION('',(-0.7293108874645,-0.684182453316177,0.));
#12099=DIRECTION('',(0.,0.,1.));
#12100=DIRECTION('',(-0.7293108874645,-0.684182453316177,0.));
#12101=DIRECTION('',(0.,0.,-1.));
#12102=DIRECTION('center_axis',(0.,0.,-1.));
#12103=DIRECTION('ref_axis',(0.684182453316177,-0.7293108874645,0.));
#12104=DIRECTION('center_axis',(0.,0.,1.));
#12105=DIRECTION('ref_axis',(0.684182453316177,-0.7293108874645,0.));
#12106=DIRECTION('center_axis',(0.,0.,-1.));
#12107=DIRECTION('ref_axis',(0.684182453316177,-0.7293108874645,0.));
#12108=DIRECTION('',(0.,0.,-1.));
#12109=DIRECTION('center_axis',(-0.28951052914274,0.957174829127621,0.));
#12110=DIRECTION('ref_axis',(0.957174829127621,0.28951052914274,0.));
#12111=DIRECTION('',(-0.957174829127621,-0.28951052914274,0.));
#12112=DIRECTION('',(0.957174829127621,0.28951052914274,0.));
#12113=DIRECTION('',(0.,0.,-1.));
#12114=DIRECTION('center_axis',(0.,0.,-1.));
#12115=DIRECTION('ref_axis',(-0.866025403784439,-0.5,0.));
#12116=DIRECTION('center_axis',(0.,0.,-1.));
#12117=DIRECTION('ref_axis',(-0.866025403784438,-0.5,0.));
#12118=DIRECTION('',(0.,0.,1.));
#12119=DIRECTION('center_axis',(0.,0.,-1.));
#12120=DIRECTION('ref_axis',(-0.866025403784438,-0.5,0.));
#12121=DIRECTION('center_axis',(-0.688354575693754,0.725374371012288,0.));
#12122=DIRECTION('ref_axis',(-0.725374371012288,-0.688354575693754,0.));
#12123=DIRECTION('',(0.69477988973984,0.659321497029179,0.287360519849713));
#12124=DIRECTION('',(0.725374371012288,0.688354575693754,0.));
#12125=DIRECTION('',(-0.725374371012288,-0.688354575693754,6.26335898878696E-16));
#12126=DIRECTION('',(-0.69477988973984,-0.659321497029179,-0.287360519849714));
#12127=DIRECTION('',(-0.191484657184077,-0.181712154737235,-0.964528029081502));
#12128=DIRECTION('',(0.,0.,-1.));
#12129=DIRECTION('',(0.725374371012288,0.688354575693754,0.));
#12130=DIRECTION('',(0.,0.,1.));
#12131=DIRECTION('',(0.191484657184077,0.181712154737235,0.964528029081502));
#12132=DIRECTION('center_axis',(0.,0.,-1.));
#12133=DIRECTION('ref_axis',(0.5,-0.866025403784439,0.));
#12134=DIRECTION('center_axis',(0.,0.,1.));
#12135=DIRECTION('ref_axis',(-0.86602540378444,-0.499999999999997,0.));
#12136=DIRECTION('',(-0.958819734868193,-0.284015344703922,0.));
#12137=DIRECTION('center_axis',(0.,0.,-1.));
#12138=DIRECTION('ref_axis',(-0.866025403784438,-0.5,0.));
#12139=DIRECTION('center_axis',(0.,0.,-1.));
#12140=DIRECTION('ref_axis',(-0.866025403784439,-0.5,0.));
#12141=DIRECTION('',(0.,0.,-1.));
#12142=DIRECTION('center_axis',(0.,0.,-1.));
#12143=DIRECTION('ref_axis',(-0.866025403784438,-0.5,0.));
#12144=DIRECTION('center_axis',(0.,0.,1.));
#12145=DIRECTION('ref_axis',(-0.5,0.866025403784439,0.));
#12146=DIRECTION('',(0.958819734868193,0.284015344703922,-6.26335898878696E-16));
#12147=DIRECTION('center_axis',(0.,0.,-1.));
#12148=DIRECTION('ref_axis',(-0.866025403784438,-0.500000000000001,0.));
#12149=DIRECTION('center_axis',(0.,0.,-1.));
#12150=DIRECTION('ref_axis',(-0.866025403784439,-0.5,0.));
#12151=DIRECTION('',(0.918379110558376,0.272036286038663,0.287360519849714));
#12152=DIRECTION('center_axis',(0.,0.,-1.));
#12153=DIRECTION('ref_axis',(-0.866025403784438,-0.500000000000001,0.));
#12154=DIRECTION('center_axis',(0.,0.,-1.));
#12155=DIRECTION('ref_axis',(-0.866025403784439,-0.5,0.));
#12156=DIRECTION('',(0.253109670770893,0.0749745001877476,0.964528029081502));
#12157=DIRECTION('center_axis',(0.,0.,-1.));
#12158=DIRECTION('ref_axis',(-0.866025403784438,-0.500000000000001,0.));
#12159=DIRECTION('center_axis',(0.,0.,-1.));
#12160=DIRECTION('ref_axis',(-0.866025403784439,-0.5,0.));
#12161=DIRECTION('',(0.,0.,1.));
#12162=DIRECTION('center_axis',(1.17516452770088E-15,4.24823757065479E-16,
-1.));
#12163=DIRECTION('ref_axis',(-0.866025403784438,-0.500000000000001,-1.23013421314804E-15));
#12164=DIRECTION('center_axis',(0.,0.,-1.));
#12165=DIRECTION('ref_axis',(0.5,-0.866025403784439,0.));
#12166=DIRECTION('',(-0.958819734868193,-0.284015344703922,0.));
#12167=DIRECTION('center_axis',(1.21295116846296E-15,4.38483684945396E-16,
-1.));
#12168=DIRECTION('ref_axis',(-0.866025403784439,-0.499999999999999,-1.26968836791164E-15));
#12169=DIRECTION('center_axis',(0.,0.,-1.));
#12170=DIRECTION('ref_axis',(-0.866025403784439,-0.5,0.));
#12171=DIRECTION('',(0.,0.,-1.));
#12172=DIRECTION('center_axis',(0.,0.,-1.));
#12173=DIRECTION('ref_axis',(-0.866025403784439,-0.499999999999999,0.));
#12174=DIRECTION('center_axis',(0.,0.,-1.));
#12175=DIRECTION('ref_axis',(-0.866025403784439,-0.5,0.));
#12176=DIRECTION('',(-0.253109670770893,-0.0749745001877477,-0.964528029081502));
#12177=DIRECTION('center_axis',(0.,0.,-1.));
#12178=DIRECTION('ref_axis',(-0.866025403784439,-0.499999999999999,0.));
#12179=DIRECTION('center_axis',(0.,0.,-1.));
#12180=DIRECTION('ref_axis',(-0.866025403784439,-0.5,0.));
#12181=DIRECTION('',(-0.918379110558376,-0.272036286038663,-0.287360519849713));
#12182=DIRECTION('center_axis',(-0.284015344703922,0.958819734868193,0.));
#12183=DIRECTION('ref_axis',(-0.958819734868193,-0.284015344703922,0.));
#12184=DIRECTION('center_axis',(0.289510529142743,0.95717482912762,0.));
#12185=DIRECTION('ref_axis',(0.95717482912762,-0.289510529142743,0.));
#12186=DIRECTION('',(0.95717482912762,-0.289510529142743,0.));
#12187=DIRECTION('',(0.,0.,1.));
#12188=DIRECTION('',(0.95717482912762,-0.289510529142743,0.));
#12189=DIRECTION('',(0.,0.,-1.));
#12190=DIRECTION('center_axis',(0.,0.,-1.));
#12191=DIRECTION('ref_axis',(0.289510529142743,0.95717482912762,0.));
#12192=DIRECTION('center_axis',(0.,0.,1.));
#12193=DIRECTION('ref_axis',(0.289510529142743,0.95717482912762,0.));
#12194=DIRECTION('center_axis',(0.,0.,-1.));
#12195=DIRECTION('ref_axis',(0.289510529142743,0.95717482912762,0.));
#12196=DIRECTION('',(0.,0.,-1.));
#12197=DIRECTION('center_axis',(-0.68418245331618,-0.729310887464498,0.));
#12198=DIRECTION('ref_axis',(-0.729310887464498,0.68418245331618,0.));
#12199=DIRECTION('',(0.729310887464498,-0.684182453316179,0.));
#12200=DIRECTION('',(-0.729310887464498,0.684182453316179,0.));
#12201=DIRECTION('',(0.,0.,-1.));
#12202=DIRECTION('center_axis',(0.,0.,-1.));
#12203=DIRECTION('ref_axis',(0.866025403784438,-0.5,0.));
#12204=DIRECTION('center_axis',(0.,0.,-1.));
#12205=DIRECTION('ref_axis',(0.866025403784439,-0.5,0.));
#12206=DIRECTION('',(0.,0.,1.));
#12207=DIRECTION('center_axis',(0.,0.,-1.));
#12208=DIRECTION('ref_axis',(0.866025403784439,-0.5,0.));
#12209=DIRECTION('center_axis',(-0.284015344703923,-0.958819734868193,0.));
#12210=DIRECTION('ref_axis',(0.958819734868193,-0.284015344703923,0.));
#12211=DIRECTION('',(-0.918379110558375,0.272036286038664,0.287360519849713));
#12212=DIRECTION('',(-0.958819734868193,0.284015344703923,0.));
#12213=DIRECTION('',(0.958819734868193,-0.284015344703923,6.26335898878696E-16));
#12214=DIRECTION('',(0.918379110558375,-0.272036286038664,-0.287360519849714));
#12215=DIRECTION('',(0.253109670770893,-0.0749745001877478,-0.964528029081502));
#12216=DIRECTION('',(0.,0.,-1.));
#12217=DIRECTION('',(-0.958819734868193,0.284015344703923,0.));
#12218=DIRECTION('',(0.,0.,1.));
#12219=DIRECTION('',(-0.253109670770893,0.0749745001877479,0.964528029081502));
#12220=DIRECTION('center_axis',(0.,0.,-1.));
#12221=DIRECTION('ref_axis',(0.5,0.866025403784438,0.));
#12222=DIRECTION('center_axis',(0.,0.,1.));
#12223=DIRECTION('ref_axis',(0.866025403784437,-0.500000000000003,0.));
#12224=DIRECTION('',(0.725374371012287,-0.688354575693754,0.));
#12225=DIRECTION('center_axis',(0.,0.,-1.));
#12226=DIRECTION('ref_axis',(0.866025403784439,-0.5,0.));
#12227=DIRECTION('center_axis',(0.,0.,-1.));
#12228=DIRECTION('ref_axis',(0.866025403784438,-0.5,0.));
#12229=DIRECTION('',(0.,0.,-1.));
#12230=DIRECTION('center_axis',(0.,0.,-1.));
#12231=DIRECTION('ref_axis',(0.866025403784439,-0.5,0.));
#12232=DIRECTION('center_axis',(0.,0.,1.));
#12233=DIRECTION('ref_axis',(-0.5,-0.866025403784438,0.));
#12234=DIRECTION('',(-0.725374371012287,0.688354575693754,-6.26335898878696E-16));
#12235=DIRECTION('center_axis',(0.,0.,-1.));
#12236=DIRECTION('ref_axis',(0.866025403784439,-0.5,0.));
#12237=DIRECTION('center_axis',(0.,0.,-1.));
#12238=DIRECTION('ref_axis',(0.866025403784438,-0.5,0.));
#12239=DIRECTION('',(-0.69477988973984,0.65932149702918,0.287360519849714));
#12240=DIRECTION('center_axis',(0.,0.,-1.));
#12241=DIRECTION('ref_axis',(0.866025403784439,-0.499999999999999,0.));
#12242=DIRECTION('center_axis',(0.,0.,-1.));
#12243=DIRECTION('ref_axis',(0.866025403784438,-0.5,0.));
#12244=DIRECTION('',(-0.191484657184077,0.181712154737235,0.964528029081502));
#12245=DIRECTION('center_axis',(0.,0.,-1.));
#12246=DIRECTION('ref_axis',(0.866025403784439,-0.5,0.));
#12247=DIRECTION('center_axis',(0.,0.,-1.));
#12248=DIRECTION('ref_axis',(0.866025403784439,-0.5,0.));
#12249=DIRECTION('',(0.,0.,1.));
#12250=DIRECTION('center_axis',(-9.55490429600292E-16,8.05310456082562E-16,
-1.));
#12251=DIRECTION('ref_axis',(0.866025403784439,-0.5,-1.23013421314804E-15));
#12252=DIRECTION('center_axis',(0.,0.,-1.));
#12253=DIRECTION('ref_axis',(0.5,0.866025403784438,0.));
#12254=DIRECTION('',(0.725374371012287,-0.688354575693754,0.));
#12255=DIRECTION('center_axis',(-9.86213594539204E-16,8.31204682966243E-16,
-1.));
#12256=DIRECTION('ref_axis',(0.866025403784438,-0.500000000000001,-1.26968836791164E-15));
#12257=DIRECTION('center_axis',(0.,0.,-1.));
#12258=DIRECTION('ref_axis',(0.866025403784438,-0.5,0.));
#12259=DIRECTION('',(0.,0.,-1.));
#12260=DIRECTION('center_axis',(0.,0.,-1.));
#12261=DIRECTION('ref_axis',(0.866025403784438,-0.500000000000001,0.));
#12262=DIRECTION('center_axis',(0.,0.,-1.));
#12263=DIRECTION('ref_axis',(0.866025403784438,-0.5,0.));
#12264=DIRECTION('',(0.191484657184077,-0.181712154737235,-0.964528029081502));
#12265=DIRECTION('center_axis',(0.,0.,-1.));
#12266=DIRECTION('ref_axis',(0.866025403784438,-0.500000000000001,0.));
#12267=DIRECTION('center_axis',(0.,0.,-1.));
#12268=DIRECTION('ref_axis',(0.866025403784438,-0.5,0.));
#12269=DIRECTION('',(0.69477988973984,-0.65932149702918,-0.287360519849713));
#12270=DIRECTION('center_axis',(-0.688354575693754,-0.725374371012287,0.));
#12271=DIRECTION('ref_axis',(0.725374371012287,-0.688354575693754,0.));
#12272=CARTESIAN_POINT('',(0.,0.,0.));
#12273=CARTESIAN_POINT('Origin',(-5.27117439475436,-4.30713307484029,0.125));
#12274=CARTESIAN_POINT('',(-11.6894450584643,-9.21190385615199,0.));
#12275=CARTESIAN_POINT('',(-11.7143784963526,-9.22300493792324,0.00590729626594697));
#12276=CARTESIAN_POINT('',(-8.37006767268745,-7.73402182663968,-0.786435698280762));
#12277=CARTESIAN_POINT('',(-12.0149862708778,-9.14604312862223,0.246581928840279));
#12278=CARTESIAN_POINT('Origin',(-11.8160626571216,-8.99461857351259,0.24998129804593));
#12279=CARTESIAN_POINT('',(-12.0170564708488,-9.1433229067134,0.25));
#12280=CARTESIAN_POINT('Origin',(0.,0.,0.451903828861619));
#12281=CARTESIAN_POINT('',(-11.0132533906945,-8.40054770040546,0.25));
#12282=CARTESIAN_POINT('',(-5.34552724309827,-4.20665096726314,0.25));
#12283=CARTESIAN_POINT('',(-10.8645476940066,-8.60151191555977,0.));
#12284=CARTESIAN_POINT('',(-11.0132533906945,-8.40054770040546,0.25));
#12285=CARTESIAN_POINT('',(-5.19682154641044,-4.40761518241744,0.));
#12286=CARTESIAN_POINT('Origin',(-11.1619590873823,-8.19958348525116,0.125));
#12287=CARTESIAN_POINT('',(-10.9604796814729,-8.05157656313471,0.25));
#12288=CARTESIAN_POINT('Origin',(-11.1619590873823,-8.19958348525116,0.25));
#12289=CARTESIAN_POINT('',(-10.7590002755635,-7.90356964101826,0.));
#12290=CARTESIAN_POINT('',(-10.9604796814729,-8.05157656313471,0.25));
#12291=CARTESIAN_POINT('Origin',(-11.1619590873823,-8.19958348525116,0.));
#12292=CARTESIAN_POINT('Origin',(0.,0.,0.125));
#12293=CARTESIAN_POINT('',(-12.4531096849265,-5.46626556025133,0.25));
#12294=CARTESIAN_POINT('',(-12.224192227483,-5.36578273745259,0.));
#12295=CARTESIAN_POINT('',(-12.4531096849265,-5.46626556025133,0.25));
#12296=CARTESIAN_POINT('Origin',(0.,0.,0.));
#12297=CARTESIAN_POINT('Origin',(0.,0.,0.25));
#12298=CARTESIAN_POINT('Origin',(-12.68202714237,-5.56674838305006,0.125));
#12299=CARTESIAN_POINT('',(-12.7817144096013,-5.33748336445378,0.25));
#12300=CARTESIAN_POINT('Origin',(-12.68202714237,-5.56674838305006,0.25));
#12301=CARTESIAN_POINT('',(-12.8814016768326,-5.1082183458575,0.));
#12302=CARTESIAN_POINT('',(-12.7817144096013,-5.33748336445378,0.25));
#12303=CARTESIAN_POINT('Origin',(-12.68202714237,-5.56674838305006,0.));
#12304=CARTESIAN_POINT('Origin',(-7.23696517898357,-2.79025264491881,0.125));
#12305=CARTESIAN_POINT('',(-13.9268781476424,-5.83541472911057,0.25));
#12306=CARTESIAN_POINT('',(-14.0216006629974,-5.60399097495985,0.));
#12307=CARTESIAN_POINT('Origin',(0.,0.,0.451903828861608));
#12308=CARTESIAN_POINT('',(-7.28680881259923,-2.67562013562067,0.));
#12309=CARTESIAN_POINT('',(-7.18712154536792,-2.90488515421695,0.25));
#12310=CARTESIAN_POINT('Origin',(-12.68202714237,-5.56674838305006,1.5));
#12311=CARTESIAN_POINT('',(-12.4531096849265,-5.46626556025133,1.5));
#12312=CARTESIAN_POINT('',(-12.4531096849265,-5.46626556025133,1.5));
#12313=CARTESIAN_POINT('',(-12.7817144096013,-5.33748336445378,1.5));
#12314=CARTESIAN_POINT('Origin',(-12.68202714237,-5.56674838305006,1.5));
#12315=CARTESIAN_POINT('',(-12.7817144096013,-5.33748336445378,1.5));
#12316=CARTESIAN_POINT('Origin',(0.,0.,1.5));
#12317=CARTESIAN_POINT('',(-10.9604796814729,-8.05157656313471,1.5));
#12318=CARTESIAN_POINT('',(-10.9604796814729,-8.05157656313471,1.5));
#12319=CARTESIAN_POINT('Origin',(0.,0.,1.5));
#12320=CARTESIAN_POINT('Origin',(-11.1619590873823,-8.19958348525116,1.5));
#12321=CARTESIAN_POINT('',(-11.0132533906945,-8.40054770040546,1.5));
#12322=CARTESIAN_POINT('',(-11.0132533906945,-8.40054770040546,1.5));
#12323=CARTESIAN_POINT('Origin',(-11.1619590873823,-8.19958348525116,1.5));
#12324=CARTESIAN_POINT('Origin',(-10.8111514843358,-8.25100015651098,1.5));
#12325=CARTESIAN_POINT('',(-12.0170564708488,-9.1433229067134,-0.25));
#12326=CARTESIAN_POINT('',(-12.0170564708488,-9.1433229067134,0.));
#12327=CARTESIAN_POINT('',(-12.1386591584105,-9.23330416212787,-0.25));
#12328=CARTESIAN_POINT('',(-12.3386272207635,-9.38127274451793,-0.25));
#12329=CARTESIAN_POINT('',(-12.1386591584105,-9.23330416212787,1.5));
#12330=CARTESIAN_POINT('',(-12.1386591584105,-9.23330416212787,1.5));
#12331=CARTESIAN_POINT('',(-5.34552724309827,-4.20665096726314,1.5));
#12332=CARTESIAN_POINT('Origin',(6.36567385766905,-2.41140439621519,0.125));
#12333=CARTESIAN_POINT('',(14.0216006629974,-5.60399097495986,0.));
#12334=CARTESIAN_POINT('',(13.9268781476424,-5.83541472911058,0.25));
#12335=CARTESIAN_POINT('Origin',(0.,0.,0.451903828861624));
#12336=CARTESIAN_POINT('',(12.7817144096013,-5.33748336445379,0.25));
#12337=CARTESIAN_POINT('',(6.3158302240534,-2.52603690551333,0.25));
#12338=CARTESIAN_POINT('',(12.8814016768326,-5.10821834585751,0.));
#12339=CARTESIAN_POINT('',(12.7817144096013,-5.33748336445379,0.25));
#12340=CARTESIAN_POINT('',(6.41551749128471,-2.29677188691705,0.));
#12341=CARTESIAN_POINT('Origin',(12.68202714237,-5.56674838305007,0.125));
#12342=CARTESIAN_POINT('',(12.4531096849265,-5.46626556025134,0.25));
#12343=CARTESIAN_POINT('Origin',(12.68202714237,-5.56674838305007,0.25));
#12344=CARTESIAN_POINT('',(12.224192227483,-5.3657827374526,0.));
#12345=CARTESIAN_POINT('',(12.4531096849265,-5.46626556025134,0.25));
#12346=CARTESIAN_POINT('Origin',(12.68202714237,-5.56674838305007,0.));
#12347=CARTESIAN_POINT('Origin',(0.,0.,0.125));
#12348=CARTESIAN_POINT('',(10.9604796814729,-8.05157656313472,0.25));
#12349=CARTESIAN_POINT('',(10.7590002755634,-7.90356964101827,0.));
#12350=CARTESIAN_POINT('',(10.9604796814729,-8.05157656313472,0.25));
#12351=CARTESIAN_POINT('Origin',(0.,0.,0.));
#12352=CARTESIAN_POINT('Origin',(0.,0.,0.25));
#12353=CARTESIAN_POINT('Origin',(11.1619590873823,-8.19958348525116,0.125));
#12354=CARTESIAN_POINT('',(11.0132533906945,-8.40054770040547,0.25));
#12355=CARTESIAN_POINT('Origin',(11.1619590873823,-8.19958348525116,0.25));
#12356=CARTESIAN_POINT('',(10.8645476940066,-8.60151191555977,0.));
#12357=CARTESIAN_POINT('',(11.0132533906945,-8.40054770040547,0.25));
#12358=CARTESIAN_POINT('Origin',(11.1619590873823,-8.19958348525116,0.));
#12359=CARTESIAN_POINT('Origin',(6.0349122629682,-4.87226936884377,0.125));
#12360=CARTESIAN_POINT('',(12.0170564708488,-9.1433229067134,0.25));
#12361=CARTESIAN_POINT('',(12.0149862708778,-9.14604312862222,0.246581928840283));
#12362=CARTESIAN_POINT('Origin',(0.,0.,0.451903828861613));
#12363=CARTESIAN_POINT('',(11.7143784963526,-9.22300493792324,0.00590729626594809));
#12364=CARTESIAN_POINT('Origin',(11.8160626571215,-8.99461857351259,0.249981298045935));
#12365=CARTESIAN_POINT('',(11.6894450584642,-9.21190385615199,0.));
#12366=CARTESIAN_POINT('',(6.34923673795413,-6.83428992633754,-1.26521632565811));
#12367=CARTESIAN_POINT('',(5.96055941462428,-4.97275147642092,0.));
#12368=CARTESIAN_POINT('',(6.10926511131211,-4.77178726126662,0.25));
#12369=CARTESIAN_POINT('Origin',(12.3386272207635,-9.38127274451794,1.5));
#12370=CARTESIAN_POINT('',(12.0170564708488,-9.1433229067134,-0.25));
#12371=CARTESIAN_POINT('',(12.0170564708488,-9.1433229067134,0.));
#12372=CARTESIAN_POINT('',(11.0132533906945,-8.40054770040547,1.5));
#12373=CARTESIAN_POINT('',(11.0132533906945,-8.40054770040547,1.5));
#12374=CARTESIAN_POINT('',(12.1386591584105,-9.23330416212788,1.5));
#12375=CARTESIAN_POINT('',(6.10926511131211,-4.77178726126662,1.5));
#12376=CARTESIAN_POINT('',(12.1386591584105,-9.23330416212788,-0.25));
#12377=CARTESIAN_POINT('',(12.1386591584105,-9.23330416212788,1.5));
#12378=CARTESIAN_POINT('',(10.8111514843358,-8.25100015651099,-0.25));
#12379=CARTESIAN_POINT('Origin',(11.1619590873823,-8.19958348525116,1.5));
#12380=CARTESIAN_POINT('',(10.9604796814729,-8.05157656313472,1.5));
#12381=CARTESIAN_POINT('',(10.9604796814729,-8.05157656313472,1.5));
#12382=CARTESIAN_POINT('Origin',(11.1619590873823,-8.19958348525116,1.5));
#12383=CARTESIAN_POINT('Origin',(0.,0.,1.5));
#12384=CARTESIAN_POINT('',(12.4531096849265,-5.46626556025134,1.5));
#12385=CARTESIAN_POINT('',(12.4531096849265,-5.46626556025134,1.5));
#12386=CARTESIAN_POINT('Origin',(0.,0.,1.5));
#12387=CARTESIAN_POINT('Origin',(12.68202714237,-5.56674838305007,1.5));
#12388=CARTESIAN_POINT('',(12.7817144096013,-5.33748336445379,1.5));
#12389=CARTESIAN_POINT('',(12.7817144096013,-5.33748336445379,1.5));
#12390=CARTESIAN_POINT('Origin',(12.68202714237,-5.56674838305007,1.5));
#12391=CARTESIAN_POINT('Origin',(12.5511514843358,-5.23723175134114,1.5));
#12392=CARTESIAN_POINT('',(13.9268781476424,-5.83541472911058,-0.25));
#12393=CARTESIAN_POINT('',(13.9268781476424,-5.83541472911058,0.));
#12394=CARTESIAN_POINT('',(14.0656055444766,-5.8957351180002,-0.25));
#12395=CARTESIAN_POINT('',(14.2937341269648,-5.99492824874838,-0.25));
#12396=CARTESIAN_POINT('',(14.0656055444766,-5.8957351180002,1.5));
#12397=CARTESIAN_POINT('',(14.0656055444766,-5.8957351180002,1.5));
#12398=CARTESIAN_POINT('',(6.3158302240534,-2.52603690551333,1.5));
#12399=CARTESIAN_POINT('Origin',(1.5200680549877,13.7663318683012,0.125));
#12400=CARTESIAN_POINT('',(1.46519195191955,13.2693523784709,0.));
#12401=CARTESIAN_POINT('',(1.49263000345362,13.517842123386,0.25));
#12402=CARTESIAN_POINT('',(1.46519195191955,13.2693523784709,0.));
#12403=CARTESIAN_POINT('',(1.76846101890685,13.7380310648592,0.25));
#12404=CARTESIAN_POINT('Origin',(1.5200680549877,13.7663318683012,0.25));
#12405=CARTESIAN_POINT('',(2.01685398282599,13.7097302614173,0.));
#12406=CARTESIAN_POINT('',(1.76846101890685,13.7380310648592,0.25));
#12407=CARTESIAN_POINT('Origin',(1.5200680549877,13.7663318683012,0.));
#12408=CARTESIAN_POINT('Origin',(0.,0.,0.125));
#12409=CARTESIAN_POINT('',(-1.46519195191955,13.2693523784709,0.));
#12410=CARTESIAN_POINT('Origin',(0.,0.,0.));
#12411=CARTESIAN_POINT('',(-1.49263000345363,13.517842123386,0.25));
#12412=CARTESIAN_POINT('',(-1.46519195191955,13.2693523784709,0.));
#12413=CARTESIAN_POINT('Origin',(0.,0.,0.25));
#12414=CARTESIAN_POINT('Origin',(-1.5200680549877,13.7663318683012,0.125));
#12415=CARTESIAN_POINT('',(-2.016853982826,13.7097302614173,0.));
#12416=CARTESIAN_POINT('',(-1.76846101890685,13.7380310648592,0.25));
#12417=CARTESIAN_POINT('',(-2.016853982826,13.7097302614173,0.));
#12418=CARTESIAN_POINT('Origin',(-1.5200680549877,13.7663318683012,0.25));
#12419=CARTESIAN_POINT('Origin',(-1.5200680549877,13.7663318683012,0.));
#12420=CARTESIAN_POINT('Origin',(-1.0944994629147,6.71853747105548,0.125));
#12421=CARTESIAN_POINT('',(-2.17533934998523,15.1007384766861,0.));
#12422=CARTESIAN_POINT('',(-1.21869594487427,6.70438706933449,0.));
#12423=CARTESIAN_POINT('',(-1.92694638606608,15.1290392801281,0.25));
#12424=CARTESIAN_POINT('',(-2.17533934998523,15.1007384766861,0.));
#12425=CARTESIAN_POINT('',(-0.970302980955123,6.73268787277647,0.25));
#12426=CARTESIAN_POINT('Origin',(-1.67855342214693,15.15734008357,0.125));
#12427=CARTESIAN_POINT('',(-1.73358796057798,15.6543020535232,0.));
#12428=CARTESIAN_POINT('',(-1.70607069136246,15.4058210685466,0.25));
#12429=CARTESIAN_POINT('',(-1.73358796057798,15.6543020535232,0.));
#12430=CARTESIAN_POINT('Origin',(-1.67855342214693,15.15734008357,0.25));
#12431=CARTESIAN_POINT('Origin',(-1.67855342214693,15.15734008357,0.));
#12432=CARTESIAN_POINT('Origin',(0.,0.,0.125));
#12433=CARTESIAN_POINT('',(1.73358796057798,15.6543020535231,0.));
#12434=CARTESIAN_POINT('Origin',(0.,0.,0.));
#12435=CARTESIAN_POINT('',(1.70607069136245,15.4058210685466,0.25));
#12436=CARTESIAN_POINT('',(1.73358796057798,15.6543020535231,0.));
#12437=CARTESIAN_POINT('Origin',(0.,0.,0.25));
#12438=CARTESIAN_POINT('Origin',(1.67855342214693,15.15734008357,0.125));
#12439=CARTESIAN_POINT('',(2.17533934998523,15.1007384766861,0.));
#12440=CARTESIAN_POINT('',(1.92694638606608,15.1290392801281,0.25));
#12441=CARTESIAN_POINT('',(2.17533934998523,15.1007384766861,0.));
#12442=CARTESIAN_POINT('Origin',(1.67855342214693,15.15734008357,0.25));
#12443=CARTESIAN_POINT('Origin',(1.67855342214693,15.15734008357,0.));
#12444=CARTESIAN_POINT('Origin',(1.20205291601538,7.66252201376258,0.125));
#12445=CARTESIAN_POINT('',(1.32624939797495,7.64837161204159,0.));
#12446=CARTESIAN_POINT('',(1.0778564340558,7.67667241548356,0.25));
#12447=CARTESIAN_POINT('Origin',(0.,0.,1.5));
#12448=CARTESIAN_POINT('',(1.70607069136245,15.4058210685466,1.5));
#12449=CARTESIAN_POINT('',(1.70607069136245,15.4058210685466,1.5));
#12450=CARTESIAN_POINT('',(-1.70607069136246,15.4058210685466,1.5));
#12451=CARTESIAN_POINT('Origin',(0.,0.,1.5));
#12452=CARTESIAN_POINT('',(-1.70607069136246,15.4058210685466,1.5));
#12453=CARTESIAN_POINT('Origin',(1.67855342214693,15.15734008357,1.5));
#12454=CARTESIAN_POINT('',(1.92694638606608,15.1290392801281,1.5));
#12455=CARTESIAN_POINT('',(1.92694638606608,15.1290392801281,1.5));
#12456=CARTESIAN_POINT('Origin',(1.67855342214693,15.15734008357,1.5));
#12457=CARTESIAN_POINT('Origin',(1.95510690620136,15.3762009932663,1.5));
#12458=CARTESIAN_POINT('',(1.76846101890685,13.7380310648592,1.5));
#12459=CARTESIAN_POINT('',(1.76846101890685,13.7380310648592,1.5));
#12460=CARTESIAN_POINT('',(1.0778564340558,7.67667241548356,1.5));
#12461=CARTESIAN_POINT('Origin',(1.5200680549877,13.7663318683012,1.5));
#12462=CARTESIAN_POINT('',(1.49263000345362,13.517842123386,1.5));
#12463=CARTESIAN_POINT('',(1.49263000345362,13.517842123386,1.5));
#12464=CARTESIAN_POINT('Origin',(1.5200680549877,13.7663318683012,1.5));
#12465=CARTESIAN_POINT('Origin',(0.,0.,0.));
#12466=CARTESIAN_POINT('',(9.75555644924123,10.5919364785514,0.));
#12467=CARTESIAN_POINT('',(9.99511289963344,10.0994929943588,0.));
#12468=CARTESIAN_POINT('Origin',(9.24745455084324,10.0402731202935,0.));
#12469=CARTESIAN_POINT('',(4.60364261475292,13.6442835896807,0.));
#12470=CARTESIAN_POINT('Origin',(0.,0.,0.));
#12471=CARTESIAN_POINT('',(3.53963366471948,13.364596451424,0.));
#12472=CARTESIAN_POINT('Origin',(4.28394521095063,12.6967638959529,0.));
#12473=CARTESIAN_POINT('',(2.0857205543286,11.7441838099386,0.));
#12474=CARTESIAN_POINT('',(-0.462771808833966,8.90384265579118,0.));
#12475=CARTESIAN_POINT('',(1.90125649482738,11.138905859234,0.));
#12476=CARTESIAN_POINT('Origin',(2.64395421400196,11.2433093933353,0.));
#12477=CARTESIAN_POINT('',(-6.96694690963746,8.89672134880558,0.));
#12478=CARTESIAN_POINT('Origin',(0.,0.,0.));
#12479=CARTESIAN_POINT('',(-7.22276706398246,8.86516510273133,0.));
#12480=CARTESIAN_POINT('Origin',(-7.12108290321351,9.09355146714198,0.));
#12481=CARTESIAN_POINT('',(-11.9790933064135,10.9828179825474,0.));
#12482=CARTESIAN_POINT('',(-5.10750354825197,7.92338910854152,0.));
#12483=CARTESIAN_POINT('',(-12.5607989455897,10.8529410690593,0.));
#12484=CARTESIAN_POINT('Origin',(-12.1824616279514,10.5260452537261,0.));
#12485=CARTESIAN_POINT('',(12.5607989455897,10.8529410690593,0.));
#12486=CARTESIAN_POINT('Origin',(0.,0.,0.));
#12487=CARTESIAN_POINT('',(11.9790933064135,10.9828179825474,0.));
#12488=CARTESIAN_POINT('Origin',(12.1824616279514,10.5260452537261,0.));
#12489=CARTESIAN_POINT('',(2.49259107400022,6.7591550654335,0.));
#12490=CARTESIAN_POINT('Origin',(0.,0.,4.15));
#12491=CARTESIAN_POINT('',(7.6,9.30731567351988E-16,3.9));
#12492=CARTESIAN_POINT('Origin',(0.,0.,3.9));
#12493=CARTESIAN_POINT('',(7.1,-8.69499227394621E-16,4.4));
#12494=CARTESIAN_POINT('',(7.35,-9.00115397373305E-16,4.15));
#12495=CARTESIAN_POINT('Origin',(0.,0.,4.4));
#12496=CARTESIAN_POINT('Origin',(0.,0.,4.4));
#12497=CARTESIAN_POINT('',(6.6,8.08266887437253E-16,4.4));
#12498=CARTESIAN_POINT('Origin',(0.,0.,4.4));
#12499=CARTESIAN_POINT('Origin',(0.,0.,1.5));
#12500=CARTESIAN_POINT('',(7.6,9.30731567351988E-16,1.5));
#12501=CARTESIAN_POINT('',(7.6,9.30731567351989E-16,1.5));
#12502=CARTESIAN_POINT('Origin',(0.,0.,1.5));
#12503=CARTESIAN_POINT('Origin',(0.,0.,4.15));
#12504=CARTESIAN_POINT('',(-6.1,-7.47034547479885E-16,3.9));
#12505=CARTESIAN_POINT('',(6.1,7.47034547479885E-16,3.9));
#12506=CARTESIAN_POINT('Origin',(0.,0.,3.9));
#12507=CARTESIAN_POINT('',(6.35,7.77650717458569E-16,4.15));
#12508=CARTESIAN_POINT('Origin',(0.,0.,3.9));
#12509=CARTESIAN_POINT('Origin',(0.,0.,0.));
#12510=CARTESIAN_POINT('',(-6.1,-7.47034547479885E-16,0.5));
#12511=CARTESIAN_POINT('Origin',(0.,0.,0.5));
#12512=CARTESIAN_POINT('',(-6.1,-7.47034547479885E-16,0.));
#12513=CARTESIAN_POINT('Origin',(0.,0.,0.25));
#12514=CARTESIAN_POINT('',(-6.6,8.08266887437253E-16,0.));
#12515=CARTESIAN_POINT('',(-6.35,7.77650717458569E-16,0.25));
#12516=CARTESIAN_POINT('Origin',(0.,0.,0.));
#12517=CARTESIAN_POINT('Origin',(0.,0.,0.));
#12518=CARTESIAN_POINT('',(-12.0149862708778,9.14604312862223,0.));
#12519=CARTESIAN_POINT('Origin',(0.,0.,0.));
#12520=CARTESIAN_POINT('',(-11.7143784963526,9.22300493792324,0.));
#12521=CARTESIAN_POINT('Origin',(-11.8160626571216,8.99461857351259,0.));
#12522=CARTESIAN_POINT('',(-7.11848567513751,7.17678161931467,0.));
#12523=CARTESIAN_POINT('',(-2.66324617255205,5.19318119284386,0.));
#12524=CARTESIAN_POINT('',(-6.57943204517244,7.26299345744976,0.));
#12525=CARTESIAN_POINT('Origin',(-6.9151173535996,7.63355434813597,0.));
#12526=CARTESIAN_POINT('',(6.57943204517244,7.26299345744975,0.));
#12527=CARTESIAN_POINT('Origin',(0.,0.,0.));
#12528=CARTESIAN_POINT('',(7.1184856751375,7.17678161931467,0.));
#12529=CARTESIAN_POINT('Origin',(6.9151173535996,7.63355434813597,0.));
#12530=CARTESIAN_POINT('',(11.7143784963526,9.22300493792323,0.));
#12531=CARTESIAN_POINT('',(5.20243425934763,6.32370056647897,0.));
#12532=CARTESIAN_POINT('',(12.0149862708778,9.14604312862222,0.));
#12533=CARTESIAN_POINT('Origin',(11.8160626571215,8.99461857351258,0.));
#12534=CARTESIAN_POINT('Origin',(0.,0.,0.));
#12535=CARTESIAN_POINT('',(7.1184856751375,-7.17678161931468,0.));
#12536=CARTESIAN_POINT('',(2.66324617255204,-5.19318119284388,0.));
#12537=CARTESIAN_POINT('',(6.57943204517243,-7.26299345744977,0.));
#12538=CARTESIAN_POINT('Origin',(6.91511735359959,-7.63355434813598,0.));
#12539=CARTESIAN_POINT('',(-6.57943204517243,-7.26299345744977,0.));
#12540=CARTESIAN_POINT('Origin',(0.,0.,0.));
#12541=CARTESIAN_POINT('',(-7.1184856751375,-7.17678161931468,0.));
#12542=CARTESIAN_POINT('Origin',(-6.9151173535996,-7.63355434813598,0.));
#12543=CARTESIAN_POINT('',(-5.20243425934763,-6.32370056647899,0.));
#12544=CARTESIAN_POINT('Origin',(-2.64395421400197,-11.2433093933353,0.25));
#12545=CARTESIAN_POINT('',(-2.58672576781145,-10.9999477181549,0.5));
#12546=CARTESIAN_POINT('',(-1.90125649482739,-11.138905859234,0.));
#12547=CARTESIAN_POINT('Ctrl Pts',(-2.58672576781144,-10.9999477181549,
0.499999999999979));
#12548=CARTESIAN_POINT('Ctrl Pts',(-2.55166622443276,-11.0081922504553,
0.499999999999978));
#12549=CARTESIAN_POINT('Ctrl Pts',(-2.52185401562196,-11.0150369530142,
0.492448497122031));
#12550=CARTESIAN_POINT('Ctrl Pts',(-2.46713985370839,-11.0274207178487,
0.472174056413765));
#12551=CARTESIAN_POINT('Ctrl Pts',(-2.44229909523955,-11.0329404263907,
0.459274587717776));
#12552=CARTESIAN_POINT('Ctrl Pts',(-2.3705739009985,-11.0486548969965,0.416782609228219));
#12553=CARTESIAN_POINT('Ctrl Pts',(-2.32698036070338,-11.0579005699047,
0.383804493875142));
#12554=CARTESIAN_POINT('Ctrl Pts',(-2.19573396782874,-11.0849772053218,
0.277780289682714));
#12555=CARTESIAN_POINT('Ctrl Pts',(-2.11091640897684,-11.1014508181727,
0.199433896973744));
#12556=CARTESIAN_POINT('Ctrl Pts',(-1.98221141152897,-11.1248581394088,
0.0779020869111101));
#12557=CARTESIAN_POINT('Ctrl Pts',(-1.94193188264309,-11.1319631355732,
0.039312897161069));
#12558=CARTESIAN_POINT('Ctrl Pts',(-1.90125649482738,-11.138905859234,6.80228443017405E-15));
#12559=CARTESIAN_POINT('',(-2.08572055432861,-11.7441838099386,0.));
#12560=CARTESIAN_POINT('Origin',(-2.64395421400197,-11.2433093933353,0.));
#12561=CARTESIAN_POINT('',(-2.45787632744418,-11.410267532203,0.5));
#12562=CARTESIAN_POINT('',(-2.08572055432861,-11.7441838099386,0.));
#12563=CARTESIAN_POINT('Origin',(-2.64395421400197,-11.2433093933353,0.5));
#12564=CARTESIAN_POINT('Origin',(0.276693922276177,-8.73688451692342,0.25));
#12565=CARTESIAN_POINT('',(-3.53963366471948,-13.364596451424,0.));
#12566=CARTESIAN_POINT('',(0.462771808833965,-8.90384265579118,0.));
#12567=CARTESIAN_POINT('',(-3.91178943783506,-13.0306801736884,0.5));
#12568=CARTESIAN_POINT('',(-3.53963366471948,-13.364596451424,0.));
#12569=CARTESIAN_POINT('',(0.0906160357183884,-8.56992637805566,0.5));
#12570=CARTESIAN_POINT('Origin',(-4.28394521095063,-12.6967638959529,0.25));
#12571=CARTESIAN_POINT('',(-4.60364261475292,-13.6442835896807,0.));
#12572=CARTESIAN_POINT('',(-4.44379391285178,-13.1705237428168,0.5));
#12573=CARTESIAN_POINT('',(-4.60364261475292,-13.6442835896807,0.));
#12574=CARTESIAN_POINT('Origin',(-4.28394521095063,-12.6967638959529,0.5));
#12575=CARTESIAN_POINT('Origin',(-4.28394521095063,-12.6967638959529,0.));
#12576=CARTESIAN_POINT('Origin',(0.,0.,0.25));
#12577=CARTESIAN_POINT('',(-9.75555644924122,-10.5919364785514,0.));
#12578=CARTESIAN_POINT('Origin',(0.,0.,0.));
#12579=CARTESIAN_POINT('',(-9.41682185030923,-10.2241609063795,0.5));
#12580=CARTESIAN_POINT('',(-9.75555644924122,-10.5919364785514,0.));
#12581=CARTESIAN_POINT('Origin',(0.,0.,0.5));
#12582=CARTESIAN_POINT('Origin',(-9.24745455084324,-10.0402731202935,0.25));
#12583=CARTESIAN_POINT('',(-9.99511289963344,-10.0994929943588,0.));
#12584=CARTESIAN_POINT('',(-9.34913871161219,-9.81188675588288,0.5));
#12585=CARTESIAN_POINT('Ctrl Pts',(-9.34913871161219,-9.81188675588288,
0.500000000000004));
#12586=CARTESIAN_POINT('Ctrl Pts',(-9.5106322586175,-9.88378831550187,0.500000000000004));
#12587=CARTESIAN_POINT('Ctrl Pts',(-9.99511289963344,-10.0994929943588,
-3.12250225675825E-16));
#12588=CARTESIAN_POINT('Origin',(-9.24745455084324,-10.0402731202935,0.5));
#12589=CARTESIAN_POINT('Origin',(-9.24745455084324,-10.0402731202935,0.));
#12590=CARTESIAN_POINT('Origin',(0.,0.,0.));
#12591=CARTESIAN_POINT('',(6.96694690963745,-8.89672134880559,0.));
#12592=CARTESIAN_POINT('Origin',(0.,0.,0.));
#12593=CARTESIAN_POINT('',(7.22276706398245,-8.86516510273134,0.));
#12594=CARTESIAN_POINT('Origin',(7.1210829032135,-9.09355146714199,0.));
#12595=CARTESIAN_POINT('',(11.9790933064135,-10.9828179825474,0.));
#12596=CARTESIAN_POINT('',(5.10750354825197,-7.92338910854154,0.));
#12597=CARTESIAN_POINT('',(12.5607989455897,-10.8529410690593,0.));
#12598=CARTESIAN_POINT('Origin',(12.1824616279514,-10.5260452537261,0.));
#12599=CARTESIAN_POINT('',(-12.5607989455897,-10.8529410690593,0.));
#12600=CARTESIAN_POINT('Origin',(0.,0.,0.));
#12601=CARTESIAN_POINT('',(-11.9790933064135,-10.9828179825474,0.));
#12602=CARTESIAN_POINT('Origin',(-12.1824616279514,-10.5260452537261,0.));
#12603=CARTESIAN_POINT('',(-2.49259107400021,-6.75915506543353,0.));
#12604=CARTESIAN_POINT('Origin',(2.64395421400196,11.2433093933353,0.25));
#12605=CARTESIAN_POINT('',(2.58672576781145,10.9999477181549,0.5));
#12606=CARTESIAN_POINT('Ctrl Pts',(2.58672576781144,10.9999477181549,0.499999999999979));
#12607=CARTESIAN_POINT('Ctrl Pts',(2.55166622443275,11.0081922504553,0.499999999999978));
#12608=CARTESIAN_POINT('Ctrl Pts',(2.52185401562195,11.0150369530142,0.492448497122036));
#12609=CARTESIAN_POINT('Ctrl Pts',(2.46713985370838,11.0274207178487,0.472174056413771));
#12610=CARTESIAN_POINT('Ctrl Pts',(2.44229909523955,11.0329404263907,0.459274587717779));
#12611=CARTESIAN_POINT('Ctrl Pts',(2.3705739009985,11.0486548969965,0.416782609228223));
#12612=CARTESIAN_POINT('Ctrl Pts',(2.32698036070338,11.0579005699047,0.383804493875147));
#12613=CARTESIAN_POINT('Ctrl Pts',(2.19573396782874,11.0849772053218,0.277780289682719));
#12614=CARTESIAN_POINT('Ctrl Pts',(2.11091640897683,11.1014508181727,0.199433896973748));
#12615=CARTESIAN_POINT('Ctrl Pts',(1.98221141152896,11.1248581394088,0.0779020869111126));
#12616=CARTESIAN_POINT('Ctrl Pts',(1.94193188264308,11.1319631355732,0.0393128971610697));
#12617=CARTESIAN_POINT('Ctrl Pts',(1.90125649482737,11.138905859234,5.76361874893294E-15));
#12618=CARTESIAN_POINT('',(2.45787632744418,11.410267532203,0.5));
#12619=CARTESIAN_POINT('',(2.0857205543286,11.7441838099386,0.));
#12620=CARTESIAN_POINT('Origin',(2.64395421400196,11.2433093933353,0.5));
#12621=CARTESIAN_POINT('Origin',(-0.276693922276178,8.73688451692342,0.25));
#12622=CARTESIAN_POINT('',(3.91178943783506,13.0306801736884,0.5));
#12623=CARTESIAN_POINT('',(3.53963366471948,13.364596451424,0.));
#12624=CARTESIAN_POINT('',(-0.0906160357183893,8.56992637805566,0.5));
#12625=CARTESIAN_POINT('Origin',(4.28394521095063,12.6967638959529,0.25));
#12626=CARTESIAN_POINT('',(4.44379391285177,13.1705237428168,0.5));
#12627=CARTESIAN_POINT('',(4.60364261475292,13.6442835896807,0.));
#12628=CARTESIAN_POINT('Origin',(4.28394521095063,12.6967638959529,0.5));
#12629=CARTESIAN_POINT('Origin',(0.,0.,0.25));
#12630=CARTESIAN_POINT('',(9.41682185030924,10.2241609063795,0.5));
#12631=CARTESIAN_POINT('',(9.75555644924123,10.5919364785514,0.));
#12632=CARTESIAN_POINT('Origin',(0.,0.,0.5));
#12633=CARTESIAN_POINT('Origin',(9.24745455084324,10.0402731202935,0.25));
#12634=CARTESIAN_POINT('',(9.34913871161219,9.81188675588288,0.5));
#12635=CARTESIAN_POINT('Ctrl Pts',(9.34913871161219,9.81188675588288,0.500000000000001));
#12636=CARTESIAN_POINT('Ctrl Pts',(9.5106322586175,9.88378831550186,0.500000000000001));
#12637=CARTESIAN_POINT('Ctrl Pts',(9.99511289963344,10.0994929943588,2.42861286636753E-16));
#12638=CARTESIAN_POINT('Origin',(9.24745455084324,10.0402731202935,0.5));
#12639=CARTESIAN_POINT('Origin',(2.56156201178309,-5.42156755725453,-2.85));
#12640=CARTESIAN_POINT('',(11.7143784963526,-9.22300493792324,-2.6));
#12641=CARTESIAN_POINT('',(11.5110101748147,-9.67977766674454,-3.1));
#12642=CARTESIAN_POINT('',(11.7143784963526,-9.22300493792324,-2.6));
#12643=CARTESIAN_POINT('',(6.91511735359959,-7.63355434813598,-3.1));
#12644=CARTESIAN_POINT('',(2.45987785101414,-5.64995392166518,-3.1));
#12645=CARTESIAN_POINT('',(7.1184856751375,-7.17678161931468,-2.6));
#12646=CARTESIAN_POINT('',(6.91511735359959,-7.63355434813598,-3.1));
#12647=CARTESIAN_POINT('',(2.66324617255204,-5.19318119284388,-2.6));
#12648=CARTESIAN_POINT('Origin',(11.8160626571215,-8.99461857351259,-2.85));
#12649=CARTESIAN_POINT('',(12.0149862708778,-9.14604312862223,-2.6));
#12650=CARTESIAN_POINT('Origin',(11.8160626571215,-8.99461857351259,-2.6));
#12651=CARTESIAN_POINT('',(12.4128334983903,-9.44889223884151,-3.1));
#12652=CARTESIAN_POINT('',(12.0149862708778,-9.14604312862223,-2.6));
#12653=CARTESIAN_POINT('Origin',(11.8160626571215,-8.99461857351259,-3.1));
#12654=CARTESIAN_POINT('Origin',(0.,0.,-2.85));
#12655=CARTESIAN_POINT('',(12.0149862708778,9.14604312862222,-2.6));
#12656=CARTESIAN_POINT('',(12.4128334983903,9.4488922388415,-3.1));
#12657=CARTESIAN_POINT('',(12.0149862708778,9.14604312862222,-2.6));
#12658=CARTESIAN_POINT('Origin',(0.,0.,-3.1));
#12659=CARTESIAN_POINT('Origin',(0.,0.,-2.6));
#12660=CARTESIAN_POINT('Origin',(11.8160626571215,8.99461857351258,-2.85));
#12661=CARTESIAN_POINT('',(11.7564567310479,9.23740888134405,-2.6));
#12662=CARTESIAN_POINT('Origin',(11.8160626571215,8.99461857351258,-2.6));
#12663=CARTESIAN_POINT('',(11.6372448789005,9.72298949700698,-3.1));
#12664=CARTESIAN_POINT('',(11.7564567310479,9.23740888134405,-2.6));
#12665=CARTESIAN_POINT('Origin',(11.8160626571215,8.99461857351258,-3.1));
#12666=CARTESIAN_POINT('Origin',(0.,0.,-3.85));
#12667=CARTESIAN_POINT('',(-2.20520893406752,-9.54866670414738,-3.59944009949568));
#12668=CARTESIAN_POINT('',(-2.3197142700226,-10.0353836850144,-4.1));
#12669=CARTESIAN_POINT('',(-2.20710678118655,-9.54822913719818,-3.6));
#12670=CARTESIAN_POINT('',(-6.9151173535996,-7.63355434813598,-4.1));
#12671=CARTESIAN_POINT('Origin',(0.,0.,-4.1));
#12672=CARTESIAN_POINT('',(-6.57943204517243,-7.26299345744977,-3.6));
#12673=CARTESIAN_POINT('',(-6.9151173535996,-7.63355434813598,-4.1));
#12674=CARTESIAN_POINT('Origin',(0.,0.,-3.6));
#12675=CARTESIAN_POINT('Origin',(-2.5615620117831,5.42156755725451,-2.85));
#12676=CARTESIAN_POINT('',(-11.7143784963526,9.22300493792324,-2.6));
#12677=CARTESIAN_POINT('',(-11.5110101748147,9.67977766674454,-3.1));
#12678=CARTESIAN_POINT('',(-11.7143784963526,9.22300493792324,-2.6));
#12679=CARTESIAN_POINT('',(-6.9151173535996,7.63355434813597,-3.1));
#12680=CARTESIAN_POINT('',(-2.45987785101414,5.64995392166516,-3.1));
#12681=CARTESIAN_POINT('',(-7.1184856751375,7.17678161931467,-2.6));
#12682=CARTESIAN_POINT('',(-6.9151173535996,7.63355434813597,-3.1));
#12683=CARTESIAN_POINT('',(-2.66324617255205,5.19318119284386,-2.6));
#12684=CARTESIAN_POINT('Origin',(-11.8160626571216,8.99461857351259,-2.85));
#12685=CARTESIAN_POINT('',(-12.0149862708778,9.14604312862223,-2.6));
#12686=CARTESIAN_POINT('Origin',(-11.8160626571216,8.99461857351259,-2.6));
#12687=CARTESIAN_POINT('',(-12.4128334983903,9.44889223884151,-3.1));
#12688=CARTESIAN_POINT('',(-12.0149862708778,9.14604312862223,-2.6));
#12689=CARTESIAN_POINT('Origin',(-11.8160626571216,8.99461857351259,-3.1));
#12690=CARTESIAN_POINT('Origin',(0.,0.,-2.85));
#12691=CARTESIAN_POINT('',(-12.0149862708778,-9.14604312862223,-2.6));
#12692=CARTESIAN_POINT('',(-12.4128334983903,-9.44889223884151,-3.1));
#12693=CARTESIAN_POINT('',(-12.0149862708778,-9.14604312862223,-2.6));
#12694=CARTESIAN_POINT('Origin',(0.,0.,-3.1));
#12695=CARTESIAN_POINT('Origin',(0.,0.,-2.6));
#12696=CARTESIAN_POINT('Origin',(-11.8160626571216,-8.99461857351259,-2.85));
#12697=CARTESIAN_POINT('',(-11.7564567310479,-9.23740888134405,-2.6));
#12698=CARTESIAN_POINT('Origin',(-11.8160626571216,-8.99461857351259,-2.6));
#12699=CARTESIAN_POINT('',(-11.6372448789005,-9.72298949700699,-3.1));
#12700=CARTESIAN_POINT('',(-11.7564567310479,-9.23740888134405,-2.6));
#12701=CARTESIAN_POINT('Origin',(-11.8160626571216,-8.99461857351259,-3.1));
#12702=CARTESIAN_POINT('Origin',(0.,0.,-3.85));
#12703=CARTESIAN_POINT('',(2.19732260097318,9.5574316446354,-3.60387672849384));
#12704=CARTESIAN_POINT('',(2.3197142700226,10.0353836850144,-4.1));
#12705=CARTESIAN_POINT('',(2.20710678118655,9.54822913719818,-3.6));
#12706=CARTESIAN_POINT('',(6.91511735359961,7.63355434813597,-4.1));
#12707=CARTESIAN_POINT('Origin',(0.,0.,-4.1));
#12708=CARTESIAN_POINT('',(6.57943204517244,7.26299345744976,-3.6));
#12709=CARTESIAN_POINT('',(6.91511735359961,7.63355434813597,-4.1));
#12710=CARTESIAN_POINT('Origin',(0.,0.,-3.6));
#12711=CARTESIAN_POINT('Ctrl Pts',(11.4269485791121,9.64203525613044,-3.1));
#12712=CARTESIAN_POINT('Ctrl Pts',(11.3705993596287,9.61637797338746,-3.1));
#12713=CARTESIAN_POINT('Ctrl Pts',(11.3170107407585,9.59127470178013,-3.10947980793259));
#12714=CARTESIAN_POINT('Ctrl Pts',(11.2603072690426,9.56404808954015,-3.13259545944371));
#12715=CARTESIAN_POINT('Ctrl Pts',(11.4583616278993,9.47368712575065,-2.94398468755644));
#12716=CARTESIAN_POINT('Ctrl Pts',(11.3874485007194,9.44173523814242,-2.95329108059368));
#12717=CARTESIAN_POINT('Ctrl Pts',(11.322292875615,9.41189669731656,-2.97352443383778));
#12718=CARTESIAN_POINT('Ctrl Pts',(11.2551071848987,9.38066330051707,-3.00969955418124));
#12719=CARTESIAN_POINT('Ctrl Pts',(11.4897746766865,9.30533899537087,-2.78796937511288));
#12720=CARTESIAN_POINT('Ctrl Pts',(11.4042976418101,9.26709250289738,-2.80658216118735));
#12721=CARTESIAN_POINT('Ctrl Pts',(11.3275750104715,9.23251869285299,-2.83756905974297));
#12722=CARTESIAN_POINT('Ctrl Pts',(11.2499071007548,9.197278511494,-2.88680364891878));
#12723=CARTESIAN_POINT('Ctrl Pts',(11.5211877254737,9.13699086499109,-2.63195406266931));
#12724=CARTESIAN_POINT('Ctrl Pts',(11.4211467829009,9.09244976765234,-2.65987324178103));
#12725=CARTESIAN_POINT('Ctrl Pts',(11.332857145328,9.05314068838942,-2.70161368564816));
#12726=CARTESIAN_POINT('Ctrl Pts',(11.2447070166109,9.01389372247092,-2.76390774365631));
#12727=CARTESIAN_POINT('',(11.4269485791121,9.64203525613044,-3.1));
#12728=CARTESIAN_POINT('',(11.5211877254737,9.13699086499109,-2.63195406266931));
#12729=CARTESIAN_POINT('',(11.4269485791121,9.64203525613044,-3.1));
#12730=CARTESIAN_POINT('',(11.2447070166109,9.01389372247092,-2.76390774365631));
#12731=CARTESIAN_POINT('Ctrl Pts',(11.5211877254737,9.13699086499109,-2.63195406266931));
#12732=CARTESIAN_POINT('Ctrl Pts',(11.4211467829009,9.09244976765234,-2.65987324178103));
#12733=CARTESIAN_POINT('Ctrl Pts',(11.332857145328,9.05314068838942,-2.70161368564816));
#12734=CARTESIAN_POINT('Ctrl Pts',(11.2447070166109,9.01389372247092,-2.76390774365631));
#12735=CARTESIAN_POINT('',(11.2603072690426,9.56404808954015,-3.13259545944371));
#12736=CARTESIAN_POINT('',(11.2447070166109,9.01389372247092,-2.76390774365631));
#12737=CARTESIAN_POINT('Ctrl Pts',(11.2603072690426,9.56404808954015,-3.13259545944371));
#12738=CARTESIAN_POINT('Ctrl Pts',(11.3170107407585,9.59127470178013,-3.10947980793259));
#12739=CARTESIAN_POINT('Ctrl Pts',(11.3705993596287,9.61637797338746,-3.1));
#12740=CARTESIAN_POINT('Ctrl Pts',(11.4269485791121,9.64203525613044,-3.1));
#12741=CARTESIAN_POINT('Ctrl Pts',(11.5108797333065,9.67971615640887,-3.1));
#12742=CARTESIAN_POINT('Ctrl Pts',(11.4840825549773,9.66777602352227,-3.1));
#12743=CARTESIAN_POINT('Ctrl Pts',(11.4558068692532,9.65517519518226,-3.1));
#12744=CARTESIAN_POINT('Ctrl Pts',(11.4269485791121,9.64203525613044,-3.1));
#12745=CARTESIAN_POINT('Ctrl Pts',(11.5663182648517,9.52196074585132,-2.93447490941273));
#12746=CARTESIAN_POINT('Ctrl Pts',(11.5312931909921,9.5063604046579,-2.93600911791565));
#12747=CARTESIAN_POINT('Ctrl Pts',(11.494678574571,9.49005073915308,-2.93921857734412));
#12748=CARTESIAN_POINT('Ctrl Pts',(11.4583616278993,9.47368712575065,-2.94398468755644));
#12749=CARTESIAN_POINT('Ctrl Pts',(11.6217567963969,9.36420533529378,-2.76894981882546));
#12750=CARTESIAN_POINT('Ctrl Pts',(11.5785038270069,9.34494478579352,-2.77201823583131));
#12751=CARTESIAN_POINT('Ctrl Pts',(11.5335502798888,9.3249262831239,-2.77843715468824));
#12752=CARTESIAN_POINT('Ctrl Pts',(11.4897746766865,9.30533899537087,-2.78796937511288));
#12753=CARTESIAN_POINT('Ctrl Pts',(11.6771953279421,9.20644992473623,-2.60342472823819));
#12754=CARTESIAN_POINT('Ctrl Pts',(11.6257144630217,9.18352916692915,-2.60802735374696));
#12755=CARTESIAN_POINT('Ctrl Pts',(11.5724219852066,9.15980182709472,-2.61765573203236));
#12756=CARTESIAN_POINT('Ctrl Pts',(11.5211877254737,9.13699086499109,-2.63195406266931));
#12757=CARTESIAN_POINT('',(11.5108797333065,9.67971615640887,-3.1));
#12758=CARTESIAN_POINT('',(11.6771953279421,9.20644992473623,-2.60342472823819));
#12759=CARTESIAN_POINT('',(11.5108797333065,9.67971615640887,-3.1));
#12760=CARTESIAN_POINT('Ctrl Pts',(11.6771953279421,9.20644992473622,-2.60342472823818));
#12761=CARTESIAN_POINT('Ctrl Pts',(11.6509647072694,9.19477129997929,-2.60576986606767));
#12762=CARTESIAN_POINT('Ctrl Pts',(11.6246170779506,9.18304057964493,-2.60938755189795));
#12763=CARTESIAN_POINT('Ctrl Pts',(11.5726800722426,9.15991673487467,-2.61888395388098));
#12764=CARTESIAN_POINT('Ctrl Pts',(11.5466994316633,9.14834940839786,-2.62483431873011));
#12765=CARTESIAN_POINT('Ctrl Pts',(11.5211877254737,9.13699086499108,-2.6319540626693));
#12766=CARTESIAN_POINT('Ctrl Pts',(11.4269485791121,9.64203525613044,-3.1));
#12767=CARTESIAN_POINT('Ctrl Pts',(11.4558068692532,9.65517519518226,-3.1));
#12768=CARTESIAN_POINT('Ctrl Pts',(11.4840825549773,9.66777602352227,-3.1));
#12769=CARTESIAN_POINT('Ctrl Pts',(11.5108797333065,9.67971615640887,-3.1));
#12770=CARTESIAN_POINT('Ctrl Pts',(11.1664888395306,9.52034190652632,-3.18397485304846));
#12771=CARTESIAN_POINT('Ctrl Pts',(10.7860022899284,9.35060556220527,-3.45041580376517));
#12772=CARTESIAN_POINT('Ctrl Pts',(10.4215041290467,9.18796156629339,-3.70473573070969));
#12773=CARTESIAN_POINT('Ctrl Pts',(10.0710032135739,9.03151862069295,-3.94832894539036));
#12774=CARTESIAN_POINT('Ctrl Pts',(11.1632092243381,9.33845734103113,-3.06469082644084));
#12775=CARTESIAN_POINT('Ctrl Pts',(10.7831085824512,9.16900375324953,-3.3316348822737));
#12776=CARTESIAN_POINT('Ctrl Pts',(10.4190118419077,9.00665813416879,-3.58647441814495));
#12777=CARTESIAN_POINT('Ctrl Pts',(10.0689296146757,8.8505315618517,-3.83060524706035));
#12778=CARTESIAN_POINT('Ctrl Pts',(11.1599296091455,9.15657277553594,-2.94540679983321));
#12779=CARTESIAN_POINT('Ctrl Pts',(10.780214874974,8.98740194429378,-3.21285396078224));
#12780=CARTESIAN_POINT('Ctrl Pts',(10.4165195547687,8.82535470204419,-3.46821310558021));
#12781=CARTESIAN_POINT('Ctrl Pts',(10.0668560157775,8.66954450301044,-3.71288154873033));
#12782=CARTESIAN_POINT('Ctrl Pts',(11.156649993953,8.97468821004075,-2.82612277322559));
#12783=CARTESIAN_POINT('Ctrl Pts',(10.7773211674968,8.80580013533804,-3.09407303929077));
#12784=CARTESIAN_POINT('Ctrl Pts',(10.4140272676297,8.64405126991958,-3.34995179301547));
#12785=CARTESIAN_POINT('Ctrl Pts',(10.0647824168792,8.48855744416918,-3.59515785040032));
#12786=CARTESIAN_POINT('',(11.1664888395643,9.52034190661624,-3.18397485315387));
#12787=CARTESIAN_POINT('',(11.156649993953,8.97468821004075,-2.82612277322559));
#12788=CARTESIAN_POINT('',(11.1664888395643,9.52034190661624,-3.18397485315387));
#12789=CARTESIAN_POINT('',(10.0647824168792,8.48855744416918,-3.59515785040032));
#12790=CARTESIAN_POINT('Ctrl Pts',(11.156649993953,8.97468821004076,-2.82612277322559));
#12791=CARTESIAN_POINT('Ctrl Pts',(10.9748946199701,8.89376550383459,-2.95451111974929));
#12792=CARTESIAN_POINT('Ctrl Pts',(10.7928741144535,8.81272475346425,-3.08291576390859));
#12793=CARTESIAN_POINT('Ctrl Pts',(10.4290482013152,8.6507390204765,-3.33918565740049));
#12794=CARTESIAN_POINT('Ctrl Pts',(10.2468738665733,8.56962978092238,-3.46731079305065));
#12795=CARTESIAN_POINT('Ctrl Pts',(10.0647824168792,8.48855744416916,-3.59515785040031));
#12796=CARTESIAN_POINT('',(10.0710032135739,9.03151862069296,-3.94832894539036));
#12797=CARTESIAN_POINT('',(10.0647824168792,8.48855744416918,-3.59515785040032));
#12798=CARTESIAN_POINT('Ctrl Pts',(10.0710032135739,9.03151862069295,-3.94832894539036));
#12799=CARTESIAN_POINT('Ctrl Pts',(10.4215041290467,9.18796156629339,-3.70473573070969));
#12800=CARTESIAN_POINT('Ctrl Pts',(10.7860022899284,9.35060556220527,-3.45041580376517));
#12801=CARTESIAN_POINT('Ctrl Pts',(11.1664888395306,9.52034190652632,-3.18397485304846));
#12802=CARTESIAN_POINT('Ctrl Pts',(11.2603072690426,9.56404808954015,-3.13259545944371));
#12803=CARTESIAN_POINT('Ctrl Pts',(11.2269956867248,9.54805327462984,-3.14617520870493));
#12804=CARTESIAN_POINT('Ctrl Pts',(11.1958345892561,9.53343314531831,-3.16342508728923));
#12805=CARTESIAN_POINT('Ctrl Pts',(11.1664888395306,9.52034190652632,-3.18397485304846));
#12806=CARTESIAN_POINT('Ctrl Pts',(11.2551071848987,9.38066330051707,-3.00969955418124));
#12807=CARTESIAN_POINT('Ctrl Pts',(11.2230832780727,9.36562964330958,-3.02568963609444));
#12808=CARTESIAN_POINT('Ctrl Pts',(11.1925252102003,9.35152677168995,-3.04410225774945));
#12809=CARTESIAN_POINT('Ctrl Pts',(11.1632092243381,9.33845734103113,-3.06469082644084));
#12810=CARTESIAN_POINT('Ctrl Pts',(11.2499071007548,9.197278511494,-2.88680364891878));
#12811=CARTESIAN_POINT('Ctrl Pts',(11.2191708694207,9.18320601198932,-2.90520406348395));
#12812=CARTESIAN_POINT('Ctrl Pts',(11.1892158311444,9.16962039806159,-2.92477942820967));
#12813=CARTESIAN_POINT('Ctrl Pts',(11.1599296091455,9.15657277553594,-2.94540679983322));
#12814=CARTESIAN_POINT('Ctrl Pts',(11.2447070166109,9.01389372247092,-2.76390774365631));
#12815=CARTESIAN_POINT('Ctrl Pts',(11.2152584607687,9.00078238066906,-2.78471849087346));
#12816=CARTESIAN_POINT('Ctrl Pts',(11.1859064520886,8.98771402443324,-2.80545659866989));
#12817=CARTESIAN_POINT('Ctrl Pts',(11.156649993953,8.97468821004075,-2.82612277322559));
#12818=CARTESIAN_POINT('Ctrl Pts',(11.1664888395306,9.52034190652632,-3.18397485304846));
#12819=CARTESIAN_POINT('Ctrl Pts',(11.1958345892561,9.53343314531831,-3.16342508728923));
#12820=CARTESIAN_POINT('Ctrl Pts',(11.2269956867248,9.54805327462984,-3.14617520870493));
#12821=CARTESIAN_POINT('Ctrl Pts',(11.2603072690426,9.56404808954015,-3.13259545944371));
#12822=CARTESIAN_POINT('',(11.2447070166109,9.01389372247092,-2.76390774365631));
#12823=CARTESIAN_POINT('Ctrl Pts',(9.97177358663191,8.99000526477562,-4.01602514716917));
#12824=CARTESIAN_POINT('Ctrl Pts',(9.93388862019642,8.97491270408067,-4.04152114748348));
#12825=CARTESIAN_POINT('Ctrl Pts',(9.88813565760085,8.95600443159988,-4.06383437624167));
#12826=CARTESIAN_POINT('Ctrl Pts',(9.84464958563848,8.93732035250812,-4.07767633269032));
#12827=CARTESIAN_POINT('Ctrl Pts',(10.0005908682491,8.82188287191103,-3.87680588707929));
#12828=CARTESIAN_POINT('Ctrl Pts',(9.97432931366194,8.81137374989075,-3.89413551429266));
#12829=CARTESIAN_POINT('Ctrl Pts',(9.94252735747937,8.79818944601907,-3.90922291749445));
#12830=CARTESIAN_POINT('Ctrl Pts',(9.91237142723705,8.78521460588122,-3.91845088846021));
#12831=CARTESIAN_POINT('Ctrl Pts',(10.0294081498663,8.65376047904645,-3.73758662698941));
#12832=CARTESIAN_POINT('Ctrl Pts',(10.0147700071275,8.64783479570082,-3.74674988110185));
#12833=CARTESIAN_POINT('Ctrl Pts',(9.99691905735788,8.64037446043827,-3.75461145874722));
#12834=CARTESIAN_POINT('Ctrl Pts',(9.98009326883562,8.63310885925432,-3.75922544423011));
#12835=CARTESIAN_POINT('Ctrl Pts',(10.0582254314835,8.48563808618186,-3.59836736689954));
#12836=CARTESIAN_POINT('Ctrl Pts',(10.055210700593,8.4842958415109,-3.59936424791104));
#12837=CARTESIAN_POINT('Ctrl Pts',(10.0513107572364,8.48255947485747,-3.6));
#12838=CARTESIAN_POINT('Ctrl Pts',(10.0478151104342,8.48100311262742,-3.6));
#12839=CARTESIAN_POINT('',(9.97177358663191,8.99000526477573,-4.01602514716932));
#12840=CARTESIAN_POINT('',(10.0582254314835,8.48563808618186,-3.59836736689954));
#12841=CARTESIAN_POINT('',(9.97177358663191,8.99000526477573,-4.01602514716932));
#12842=CARTESIAN_POINT('',(10.0478151104342,8.48100311262742,-3.6));
#12843=CARTESIAN_POINT('Ctrl Pts',(10.0582254314835,8.48563808618186,-3.59836736689954));
#12844=CARTESIAN_POINT('Ctrl Pts',(10.055210700593,8.4842958415109,-3.59936424791104));
#12845=CARTESIAN_POINT('Ctrl Pts',(10.0513107572364,8.48255947485747,-3.6));
#12846=CARTESIAN_POINT('Ctrl Pts',(10.0478151104342,8.48100311262742,-3.6));
#12847=CARTESIAN_POINT('',(9.84464958563848,8.93732035250812,-4.07767633269032));
#12848=CARTESIAN_POINT('',(10.0478151104342,8.48100311262742,-3.6));
#12849=CARTESIAN_POINT('Origin',(9.8868881406042,8.94918188507269,-3.99334261759909));
#12850=CARTESIAN_POINT('Ctrl Pts',(10.0710032135738,9.03151862069291,-3.94832894539043));
#12851=CARTESIAN_POINT('Ctrl Pts',(10.0380278330128,9.01680035480679,-3.97124637185517));
#12852=CARTESIAN_POINT('Ctrl Pts',(10.0073706760534,9.00418638418012,-3.99206885293235));
#12853=CARTESIAN_POINT('Ctrl Pts',(9.97177358663188,8.99000526477561,-4.01602514716919));
#12854=CARTESIAN_POINT('Ctrl Pts',(10.0689296146756,8.85053156185166,-3.8306052470604));
#12855=CARTESIAN_POINT('Ctrl Pts',(10.0464203256236,8.84048532697889,-3.84625262863042));
#12856=CARTESIAN_POINT('Ctrl Pts',(10.0252664848576,8.83175734697318,-3.86052279783314));
#12857=CARTESIAN_POINT('Ctrl Pts',(10.0005908682491,8.82188287191102,-3.87680588707931));
#12858=CARTESIAN_POINT('Ctrl Pts',(10.0668560157774,8.66954450301042,-3.71288154873036));
#12859=CARTESIAN_POINT('Ctrl Pts',(10.0548128182345,8.664170299151,-3.72125888540568));
#12860=CARTESIAN_POINT('Ctrl Pts',(10.0431622936618,8.65932830976623,-3.72897674273392));
#12861=CARTESIAN_POINT('Ctrl Pts',(10.0294081498663,8.65376047904644,-3.73758662698942));
#12862=CARTESIAN_POINT('Ctrl Pts',(10.0647824168792,8.48855744416918,-3.59515785040032));
#12863=CARTESIAN_POINT('Ctrl Pts',(10.0632053108453,8.4878552713231,-3.59626514218093));
#12864=CARTESIAN_POINT('Ctrl Pts',(10.061058102466,8.48689927255929,-3.59743068763471));
#12865=CARTESIAN_POINT('Ctrl Pts',(10.0582254314835,8.48563808618186,-3.59836736689954));
#12866=CARTESIAN_POINT('Ctrl Pts',(9.97177358663188,8.99000526477561,-4.01602514716919));
#12867=CARTESIAN_POINT('Ctrl Pts',(10.0073706760534,9.00418638418012,-3.99206885293235));
#12868=CARTESIAN_POINT('Ctrl Pts',(10.0380278330128,9.01680035480679,-3.97124637185517));
#12869=CARTESIAN_POINT('Ctrl Pts',(10.0710032135738,9.03151862069291,-3.94832894539043));
#12870=CARTESIAN_POINT('Origin',(10.044662158988,8.47959932820116,-3.58374477083918));
#12871=CARTESIAN_POINT('Origin',(9.13552739806163,8.34848552345117,-3.85));
#12872=CARTESIAN_POINT('',(9.70211101718785,8.8744038729386,-4.1));
#12873=CARTESIAN_POINT('',(9.90547933872575,8.4176311441173,-3.6));
#12874=CARTESIAN_POINT('',(9.70211101718785,8.8744038729386,-4.1));
#12875=CARTESIAN_POINT('',(7.11848567513751,7.17678161931467,-3.6));
#12876=CARTESIAN_POINT('',(9.23721155883058,8.12009915904052,-3.6));
#12877=CARTESIAN_POINT('',(7.11848567513751,7.17678161931467,-3.6));
#12878=CARTESIAN_POINT('',(9.03384323729268,8.57687188786182,-4.1));
#12879=CARTESIAN_POINT('Ctrl Pts',(9.84464958563848,8.93732035250812,-4.07767633269032));
#12880=CARTESIAN_POINT('Ctrl Pts',(9.7969282055057,8.9168165451847,-4.09286642081874));
#12881=CARTESIAN_POINT('Ctrl Pts',(9.74955627442399,8.89552786244198,-4.1));
#12882=CARTESIAN_POINT('Ctrl Pts',(9.70211101718785,8.87440387293861,-4.1));
#12883=CARTESIAN_POINT('Ctrl Pts',(9.91237142723705,8.78521460588122,-3.91845088846021));
#12884=CARTESIAN_POINT('Ctrl Pts',(9.86474208806981,8.76450407116448,-3.92857761387916));
#12885=CARTESIAN_POINT('Ctrl Pts',(9.81734571493663,8.74327028616821,-3.93333333333333));
#12886=CARTESIAN_POINT('Ctrl Pts',(9.76990045770048,8.72214629666484,-3.93333333333333));
#12887=CARTESIAN_POINT('Ctrl Pts',(9.98009326883562,8.63310885925432,-3.75922544423011));
#12888=CARTESIAN_POINT('Ctrl Pts',(9.93255597063393,8.61219159714427,-3.76428880693958));
#12889=CARTESIAN_POINT('Ctrl Pts',(9.88513515544926,8.59101270989444,-3.76666666666667));
#12890=CARTESIAN_POINT('Ctrl Pts',(9.83768989821312,8.56988872039107,-3.76666666666667));
#12891=CARTESIAN_POINT('Ctrl Pts',(10.0478151104342,8.48100311262742,-3.6));
#12892=CARTESIAN_POINT('Ctrl Pts',(10.000369853198,8.45987912312405,-3.6));
#12893=CARTESIAN_POINT('Ctrl Pts',(9.9529245959619,8.43875513362068,-3.6));
#12894=CARTESIAN_POINT('Ctrl Pts',(9.90547933872575,8.4176311441173,-3.6));
#12895=CARTESIAN_POINT('Ctrl Pts',(9.70211101718785,8.87440387293861,-4.1));
#12896=CARTESIAN_POINT('Ctrl Pts',(9.72591874536332,8.88500375645436,-4.1));
#12897=CARTESIAN_POINT('Ctrl Pts',(9.74968834865134,8.89560512298836,-4.09816658720866));
#12898=CARTESIAN_POINT('Ctrl Pts',(9.79736564026688,8.91674408056829,-4.09077215826112));
#12899=CARTESIAN_POINT('Ctrl Pts',(9.82118343296851,8.92723796445421,-4.08514579241885));
#12900=CARTESIAN_POINT('Ctrl Pts',(9.84464958563848,8.93732035250812,-4.07767633269032));
#12901=CARTESIAN_POINT('',(10.0478151104342,8.48100311262742,-3.6));
#12902=CARTESIAN_POINT('Origin',(6.9151173535996,7.63355434813597,-3.6));
#12903=CARTESIAN_POINT('Origin',(6.9151173535996,7.63355434813597,-3.6));
#12904=CARTESIAN_POINT('Ctrl Pts',(2.48769990271739,9.96317000410137,-3.77364557303688));
#12905=CARTESIAN_POINT('Ctrl Pts',(2.56920523219102,10.0249605451903,-4.39666518921129));
#12906=CARTESIAN_POINT('Ctrl Pts',(1.3917169519821,10.206081984795,-4.0341306187264));
#12907=CARTESIAN_POINT('Ctrl Pts',(1.89597458121649,10.114136128004,-3.48455675693602));
#12908=CARTESIAN_POINT('Ctrl Pts',(2.40465731669506,9.82242934008553,-3.71269138476198));
#12909=CARTESIAN_POINT('Ctrl Pts',(2.44198770677877,9.86756437083637,-4.13662728416802));
#12910=CARTESIAN_POINT('Ctrl Pts',(1.65860723730864,9.98791816680347,-3.88149748006847));
#12911=CARTESIAN_POINT('Ctrl Pts',(1.99850410791312,9.9257815858363,-3.52757629471529));
#12912=CARTESIAN_POINT('Ctrl Pts',(2.32168613694833,9.68167216393879,-3.65172426712484));
#12913=CARTESIAN_POINT('Ctrl Pts',(2.3147508082483,9.71017272291371,-3.87662229980438));
#12914=CARTESIAN_POINT('Ctrl Pts',(1.9254867527425,9.76975677300175,-3.72882551990158));
#12915=CARTESIAN_POINT('Ctrl Pts',(2.10104274911489,9.73742498751202,-3.57062352894087));
#12916=CARTESIAN_POINT('Ctrl Pts',(2.19844066195592,9.55022809572741,-3.5980495191935));
#12917=CARTESIAN_POINT('Ctrl Pts',(2.19844066195592,9.55022809572741,-3.5980495191935));
#12918=CARTESIAN_POINT('Ctrl Pts',(2.19844066195592,9.55022809572741,-3.5980495191935));
#12919=CARTESIAN_POINT('Ctrl Pts',(2.19844066195592,9.55022809572741,-3.5980495191935));
#12920=CARTESIAN_POINT('',(1.90449860264577,10.1185201305995,-3.99803051425768));
#12921=CARTESIAN_POINT('',(2.19633793519444,9.5507119982976,-3.59682298826031));
#12922=CARTESIAN_POINT('',(2.2071067973898,10.0606171310834,-4.10000000006303));
#12923=CARTESIAN_POINT('Ctrl Pts',(1.90449860264577,10.1185201305995,-3.99803051425768));
#12924=CARTESIAN_POINT('Ctrl Pts',(1.98948272434283,10.1039800819605,-4.0626408628376));
#12925=CARTESIAN_POINT('Ctrl Pts',(2.10275616892359,10.0830239842694,-4.10000000458604));
#12926=CARTESIAN_POINT('Ctrl Pts',(2.20710680316074,10.0606171327605,-4.1));
#12927=CARTESIAN_POINT('',(2.20710680214293,10.0606171284792,-4.1));
#12928=CARTESIAN_POINT('Ctrl Pts',(2.47414960219263,10.0089169357767,-4.10888626767464));
#12929=CARTESIAN_POINT('Ctrl Pts',(1.78457134869644,10.1620813730959,-4.10864257607302));
#12930=CARTESIAN_POINT('Ctrl Pts',(1.07740732714996,10.4658105111593,-4.11043353569966));
#12931=CARTESIAN_POINT('Ctrl Pts',(-6.88999589994462,9.73284388028119,-4.10458613714521));
#12932=CARTESIAN_POINT('Ctrl Pts',(2.38759095592234,9.85480499286101,-3.93878524468644));
#12933=CARTESIAN_POINT('Ctrl Pts',(1.91753555502918,9.95910397108995,-3.94330914606989));
#12934=CARTESIAN_POINT('Ctrl Pts',(1.41090482194463,10.1716761099265,-3.90981907221623));
#12935=CARTESIAN_POINT('Ctrl Pts',(-3.50288295217841,9.57226589469933,-4.02540274158175));
#12936=CARTESIAN_POINT('Ctrl Pts',(2.30108414779356,9.70009678642317,-3.76923101763802));
#12937=CARTESIAN_POINT('Ctrl Pts',(2.05138998137233,9.76169617065981,-3.77257999857168));
#12938=CARTESIAN_POINT('Ctrl Pts',(1.72978173794059,9.8254076542816,-3.76165680828815));
#12939=CARTESIAN_POINT('Ctrl Pts',(0.0187167437090885,9.89941412012378,
-3.44523299187775));
#12940=CARTESIAN_POINT('Ctrl Pts',(2.20461159140284,9.54880545432437,-3.59982934376082));
#12941=CARTESIAN_POINT('Ctrl Pts',(2.20461159140284,9.54880545432438,-3.59982934376082));
#12942=CARTESIAN_POINT('Ctrl Pts',(2.20461159140283,9.54880545432438,-3.59982934376082));
#12943=CARTESIAN_POINT('Ctrl Pts',(2.20461159140283,9.54880545432438,-3.59982934376082));
#12944=CARTESIAN_POINT('Ctrl Pts',(2.20710680306653,10.0606171327807,-4.1));
#12945=CARTESIAN_POINT('Ctrl Pts',(2.24656352078826,10.0521447279361,-4.1));
#12946=CARTESIAN_POINT('Ctrl Pts',(2.28380330863035,10.0436846301707,-4.1));
#12947=CARTESIAN_POINT('Ctrl Pts',(2.31971427002259,10.0353836850144,-4.1));
#12948=CARTESIAN_POINT('Ctrl Pts',(1.85355339066744,10.1276116830506,-3.95355339066743));
#12949=CARTESIAN_POINT('Ctrl Pts',(1.62884865517554,10.1697687048604,-3.72884865517554));
#12950=CARTESIAN_POINT('Ctrl Pts',(1.40275994548023,10.2042502852785,-3.50275994548023));
#12951=CARTESIAN_POINT('Ctrl Pts',(1.1757932734824,10.2309854031719,-3.27579327348239));
#12952=CARTESIAN_POINT('Ctrl Pts',(1.952484935458,9.93879833957976,-3.81919843470015));
#12953=CARTESIAN_POINT('Ctrl Pts',(1.73047445620426,9.98314275357789,-3.59665339583037));
#12954=CARTESIAN_POINT('Ctrl Pts',(1.50694189674825,10.0199259215632,-3.37267253524069));
#12955=CARTESIAN_POINT('Ctrl Pts',(1.2823927133774,10.0490587723815,-3.14776412375681));
#12956=CARTESIAN_POINT('Ctrl Pts',(2.05141648024855,9.74998499610893,-3.68484347873287));
#12957=CARTESIAN_POINT('Ctrl Pts',(1.83210025723299,9.79651680229537,-3.46445813648521));
#12958=CARTESIAN_POINT('Ctrl Pts',(1.61112384801627,9.83560155784788,-3.24258512500115));
#12959=CARTESIAN_POINT('Ctrl Pts',(1.38899215327241,9.86713214159119,-3.01973497403123));
#12960=CARTESIAN_POINT('Ctrl Pts',(2.15034802503911,9.5611716526381,-3.55048852276559));
#12961=CARTESIAN_POINT('Ctrl Pts',(1.93372605826171,9.60989085101284,-3.33226287714005));
#12962=CARTESIAN_POINT('Ctrl Pts',(1.71530579928428,9.65127719413255,-3.11249771476161));
#12963=CARTESIAN_POINT('Ctrl Pts',(1.49559159316741,9.68520551080084,-2.89170582430565));
#12964=CARTESIAN_POINT('',(1.85355339066614,10.1276116830372,-3.95355339066614));
#12965=CARTESIAN_POINT('',(2.15034802503908,9.5611716526381,-3.55048852276556));
#12966=CARTESIAN_POINT('',(1.85355339066614,10.1276116830372,-3.95355339066614));
#12967=CARTESIAN_POINT('',(1.49559159316741,9.68520551080084,-2.89170582430565));
#12968=CARTESIAN_POINT('Ctrl Pts',(2.15034802503908,9.56117165263811,-3.55048852276557));
#12969=CARTESIAN_POINT('Ctrl Pts',(2.04166937503789,9.58561394160481,-3.44100531145952));
#12970=CARTESIAN_POINT('Ctrl Pts',(1.93273807577368,9.6081663790992,-3.33133687645587));
#12971=CARTESIAN_POINT('Ctrl Pts',(1.71446847330263,9.64950441433723,-3.1117250652966));
#12972=CARTESIAN_POINT('Ctrl Pts',(1.60511520227336,9.66829285067716,-3.00176663981433));
#12973=CARTESIAN_POINT('Ctrl Pts',(1.49559159316741,9.68520551080084,-2.89170582430565));
#12974=CARTESIAN_POINT('',(1.1757932734824,10.2309854031719,-3.27579327348239));
#12975=CARTESIAN_POINT('',(1.49559159316741,9.68520551080084,-2.89170582430565));
#12976=CARTESIAN_POINT('Ctrl Pts',(1.1757932734824,10.2309854031719,-3.2757932734824));
#12977=CARTESIAN_POINT('Ctrl Pts',(1.28902244896595,10.2176477825914,-3.38902244896595));
#12978=CARTESIAN_POINT('Ctrl Pts',(1.40215259658746,10.2023681372624,-3.50215259658746));
#12979=CARTESIAN_POINT('Ctrl Pts',(1.628085540201,10.1679181359798,-3.72808554020099));
#12980=CARTESIAN_POINT('Ctrl Pts',(1.74091910630133,10.1487430845414,-3.84091910630133));
#12981=CARTESIAN_POINT('Ctrl Pts',(1.8535533906674,10.1276116830506,-3.9535533906674));
#12982=CARTESIAN_POINT('Ctrl Pts',(1.90449860264578,10.1185201305995,-3.99803051425768));
#12983=CARTESIAN_POINT('Ctrl Pts',(1.88643921565151,10.121609935613,-3.984300616654));
#12984=CARTESIAN_POINT('Ctrl Pts',(1.86946477543021,10.1246265363742,-3.96946477542353));
#12985=CARTESIAN_POINT('Ctrl Pts',(1.8535533906674,10.1276116830506,-3.9535533906674));
#12986=CARTESIAN_POINT('Ctrl Pts',(2.001778380162,9.92925075316557,-3.86429467225856));
#12987=CARTESIAN_POINT('Ctrl Pts',(1.98463184263245,9.9324850465761,-3.84999574580484));
#12988=CARTESIAN_POINT('Ctrl Pts',(1.96820553942657,9.93565830324937,-3.83495689093166));
#12989=CARTESIAN_POINT('Ctrl Pts',(1.95248493545796,9.93879833957977,-3.81919843470012));
#12990=CARTESIAN_POINT('Ctrl Pts',(2.09905815767822,9.73998137573158,-3.73055883025943));
#12991=CARTESIAN_POINT('Ctrl Pts',(2.08282446961338,9.74336015753916,-3.71569087495568));
#12992=CARTESIAN_POINT('Ctrl Pts',(2.06694630342294,9.74669007012455,-3.70044900643978));
#12993=CARTESIAN_POINT('Ctrl Pts',(2.05141648024852,9.74998499610894,-3.68484347873284));
#12994=CARTESIAN_POINT('Ctrl Pts',(2.19633793519444,9.5507119982976,-3.59682298826031));
#12995=CARTESIAN_POINT('Ctrl Pts',(2.18101709659432,9.55423526850221,-3.58138600410652));
#12996=CARTESIAN_POINT('Ctrl Pts',(2.16568706741931,9.55772183699974,-3.5659411219479));
#12997=CARTESIAN_POINT('Ctrl Pts',(2.15034802503908,9.56117165263811,-3.55048852276556));
#12998=CARTESIAN_POINT('Origin',(2.21869722916707,10.1096320507901,-3.58537946071452));
#12999=CARTESIAN_POINT('Origin',(0.568420006672803,2.50991322505491,-2.21698523628378));
#13000=CARTESIAN_POINT('Ctrl Pts',(1.14637315693095,10.2346778651468,-3.24655310969665));
#13001=CARTESIAN_POINT('Ctrl Pts',(1.11325795078118,10.2387835441241,-3.21343488600952));
#13002=CARTESIAN_POINT('Ctrl Pts',(1.02003419217469,10.2496884083316,-3.1423157844475));
#13003=CARTESIAN_POINT('Ctrl Pts',(0.899951590345238,10.26093481217,-3.10717668530578));
#13004=CARTESIAN_POINT('Ctrl Pts',(0.833357154652236,10.2663583103526,-3.10176835596786));
#13005=CARTESIAN_POINT('Ctrl Pts',(1.24146564188274,10.0547230327782,-3.10863138024458));
#13006=CARTESIAN_POINT('Ctrl Pts',(1.19458531396241,10.0611228656921,-3.06565878515296));
#13007=CARTESIAN_POINT('Ctrl Pts',(1.06520132825042,10.0776375352058,-2.97656699409227));
#13008=CARTESIAN_POINT('Ctrl Pts',(0.906510614212654,10.0931344821799,-2.93810079173802));
#13009=CARTESIAN_POINT('Ctrl Pts',(0.819867819855457,10.1001794474018,-2.93449542011091));
#13010=CARTESIAN_POINT('Ctrl Pts',(1.33655812683455,9.87476820040967,-2.9707096507925));
#13011=CARTESIAN_POINT('Ctrl Pts',(1.27591267714362,9.88346218725999,-2.91788268429641));
#13012=CARTESIAN_POINT('Ctrl Pts',(1.11036846432614,9.90558666207987,-2.81081820373703));
#13013=CARTESIAN_POINT('Ctrl Pts',(0.91306963808007,9.92533415218991,-2.76902489817026));
#13014=CARTESIAN_POINT('Ctrl Pts',(0.806378485058678,9.93400058445095,-2.76722248425397));
#13015=CARTESIAN_POINT('Ctrl Pts',(1.43165061178635,9.69481336804111,-2.83278792134042));
#13016=CARTESIAN_POINT('Ctrl Pts',(1.35724004032484,9.70580150882792,-2.77010658343985));
#13017=CARTESIAN_POINT('Ctrl Pts',(1.15553560040187,9.733535788954,-2.6450694133818));
#13018=CARTESIAN_POINT('Ctrl Pts',(0.919628661947486,9.75753382219983,-2.59994900460249));
#13019=CARTESIAN_POINT('Ctrl Pts',(0.792889150261899,9.76782172150014,-2.59994954839702));
#13020=CARTESIAN_POINT('',(1.14644659879674,10.2345388897092,-3.24644659871362));
#13021=CARTESIAN_POINT('',(1.43162193070729,9.69486764466219,-2.8328295202536));
#13022=CARTESIAN_POINT('',(1.14644659528667,10.2345388909429,-3.24644659528666));
#13023=CARTESIAN_POINT('',(0.792893218813456,9.76787184311709,-2.6));
#13024=CARTESIAN_POINT('Ctrl Pts',(1.43162193070729,9.6948676446622,-2.83282952025361));
#13025=CARTESIAN_POINT('Ctrl Pts',(1.36296539675962,9.70500601924227,-2.77499473451763));
#13026=CARTESIAN_POINT('Ctrl Pts',(1.2641714835563,9.7190426439864,-2.70719357936031));
#13027=CARTESIAN_POINT('Ctrl Pts',(1.07647081223324,9.74085451182164,-2.6397889467156));
#13028=CARTESIAN_POINT('Ctrl Pts',(1.01959250339074,9.74698680196615,-2.62486890434114));
#13029=CARTESIAN_POINT('Ctrl Pts',(0.906525957664428,9.75814253220039,-2.6051896214105));
#13030=CARTESIAN_POINT('Ctrl Pts',(0.849477809016634,9.76327866882263,-2.6));
#13031=CARTESIAN_POINT('Ctrl Pts',(0.792893218813456,9.76787184311709,-2.6));
#13032=CARTESIAN_POINT('',(0.833346737077023,10.2662299733493,-3.10163917403141));
#13033=CARTESIAN_POINT('',(0.792893218813456,9.76787184311709,-2.6));
#13034=CARTESIAN_POINT('Ctrl Pts',(0.833346737077023,10.2662299733493,-3.10163917403141));
#13035=CARTESIAN_POINT('Ctrl Pts',(0.862958760210154,10.2638183530098,-3.10404287523787));
#13036=CARTESIAN_POINT('Ctrl Pts',(0.892309183836865,10.2610915573498,-3.10908182620003));
#13037=CARTESIAN_POINT('Ctrl Pts',(0.950118844951424,10.2556996975366,-3.12441147061321));
#13038=CARTESIAN_POINT('Ctrl Pts',(0.978427748279073,10.2530456014351,-3.13472487775191));
#13039=CARTESIAN_POINT('Ctrl Pts',(1.05793764465222,10.2452117178862,-3.17210808128973));
#13040=CARTESIAN_POINT('Ctrl Pts',(1.1055686357522,10.2396075673197,-3.20556863904224));
#13041=CARTESIAN_POINT('Ctrl Pts',(1.14644659517895,10.2345388892055,-3.24644659517894));
#13042=CARTESIAN_POINT('Ctrl Pts',(1.1757932734824,10.2309854031719,-3.27579327348239));
#13043=CARTESIAN_POINT('Ctrl Pts',(1.16620367678598,10.2321149919171,-3.26620367678597));
#13044=CARTESIAN_POINT('Ctrl Pts',(1.15643605813463,10.2333002419022,-3.25643605813462));
#13045=CARTESIAN_POINT('Ctrl Pts',(1.14644659517895,10.2345388892055,-3.24644659517894));
#13046=CARTESIAN_POINT('Ctrl Pts',(1.2823927133774,10.0490587723815,-3.14776412375681));
#13047=CARTESIAN_POINT('Ctrl Pts',(1.26927376757714,10.0508504436397,-3.13461218793232));
#13048=CARTESIAN_POINT('Ctrl Pts',(1.25564404259392,10.0527182471506,-3.12153433086923));
#13049=CARTESIAN_POINT('Ctrl Pts',(1.24150504035506,10.0546484743577,-3.1085742368705));
#13050=CARTESIAN_POINT('Ctrl Pts',(1.38899215327241,9.86713214159119,-3.01973497403123));
#13051=CARTESIAN_POINT('Ctrl Pts',(1.3723438583683,9.86958589536224,-3.00302069907867));
#13052=CARTESIAN_POINT('Ctrl Pts',(1.35485202705321,9.87213625239903,-2.98663260360384));
#13053=CARTESIAN_POINT('Ctrl Pts',(1.33656348553118,9.87475805950995,-2.97070187856205));
#13054=CARTESIAN_POINT('Ctrl Pts',(1.49559159316741,9.68520551080084,-2.89170582430565));
#13055=CARTESIAN_POINT('Ctrl Pts',(1.47541394915946,9.6883213470848,-2.87142921022502));
#13056=CARTESIAN_POINT('Ctrl Pts',(1.45406001151251,9.69155425764742,-2.85173087633845));
#13057=CARTESIAN_POINT('Ctrl Pts',(1.43162193070729,9.69486764466219,-2.8328295202536));
#13058=CARTESIAN_POINT('Ctrl Pts',(1.14644659517895,10.2345388892055,-3.24644659517894));
#13059=CARTESIAN_POINT('Ctrl Pts',(1.15643605813463,10.2333002419022,-3.25643605813462));
#13060=CARTESIAN_POINT('Ctrl Pts',(1.16620367678598,10.2321149919171,-3.26620367678597));
#13061=CARTESIAN_POINT('Ctrl Pts',(1.1757932734824,10.2309854031719,-3.27579327348239));
#13062=CARTESIAN_POINT('Origin',(1.19823261552528,9.70784342850199,-3.15307951555162));
#13063=CARTESIAN_POINT('Origin',(0.,0.,-2.85));
#13064=CARTESIAN_POINT('',(0.792893218813457,10.2694362232578,-3.1));
#13065=CARTESIAN_POINT('',(0.754403256735134,9.77091990174044,-2.6));
#13066=CARTESIAN_POINT('',(0.792893218813457,10.2694362232578,-3.1));
#13067=CARTESIAN_POINT('',(-6.57943204517244,7.26299345744976,-2.6));
#13068=CARTESIAN_POINT('Origin',(0.,0.,-2.6));
#13069=CARTESIAN_POINT('',(-6.57943204517244,7.26299345744976,-2.6));
#13070=CARTESIAN_POINT('Origin',(0.,0.,-3.1));
#13071=CARTESIAN_POINT('Ctrl Pts',(0.833346737077021,10.2662299733493,-3.10163917403141));
#13072=CARTESIAN_POINT('Ctrl Pts',(0.819864573362644,10.2673279685822,-3.10054478432894));
#13073=CARTESIAN_POINT('Ctrl Pts',(0.806379883518408,10.2683949309457,-3.1));
#13074=CARTESIAN_POINT('Ctrl Pts',(0.792893218813457,10.2694362232578,-3.1));
#13075=CARTESIAN_POINT('Ctrl Pts',(0.819862230989166,10.1001105966053,-2.93442611602094));
#13076=CARTESIAN_POINT('Ctrl Pts',(0.806598132085139,10.1011896908645,-2.93369652288596));
#13077=CARTESIAN_POINT('Ctrl Pts',(0.793331665338498,10.1022396731634,-2.93333333333333));
#13078=CARTESIAN_POINT('Ctrl Pts',(0.780063231454016,10.1032641160854,-2.93333333333333));
#13079=CARTESIAN_POINT('Ctrl Pts',(0.806377724901311,9.93399121986117,-2.76721305801047));
#13080=CARTESIAN_POINT('Ctrl Pts',(0.793331690807633,9.93505141314685,-2.76684826144298));
#13081=CARTESIAN_POINT('Ctrl Pts',(0.780283447158589,9.93608441538111,-2.76666666666667));
#13082=CARTESIAN_POINT('Ctrl Pts',(0.767233244094575,9.9370920089129,-2.76666666666667));
#13083=CARTESIAN_POINT('Ctrl Pts',(0.792893218813455,9.76787184311709,-2.6));
#13084=CARTESIAN_POINT('Ctrl Pts',(0.780065249530127,9.76891313542919,-2.6));
#13085=CARTESIAN_POINT('Ctrl Pts',(0.767235228978679,9.76992915759882,-2.6));
#13086=CARTESIAN_POINT('Ctrl Pts',(0.754403256735134,9.77091990174044,-2.6));
#13087=CARTESIAN_POINT('Ctrl Pts',(0.792893218813457,10.2694362232578,-3.1));
#13088=CARTESIAN_POINT('Ctrl Pts',(0.806379883518408,10.2683949309457,-3.1));
#13089=CARTESIAN_POINT('Ctrl Pts',(0.819864573362644,10.2673279685822,-3.10054478432894));
#13090=CARTESIAN_POINT('Ctrl Pts',(0.833346737077021,10.2662299733493,-3.10163917403141));
#13091=CARTESIAN_POINT('Origin',(0.193622229944828,2.44499319862353,-2.6));
#13092=CARTESIAN_POINT('Origin',(-6.9151173535996,7.63355434813597,-2.6));
#13093=CARTESIAN_POINT('Origin',(-6.9151173535996,7.63355434813597,-2.6));
#13094=CARTESIAN_POINT('Ctrl Pts',(-11.6372448789005,-9.72298949700699,
-3.1));
#13095=CARTESIAN_POINT('Ctrl Pts',(-11.6142690346826,-9.71734884156171,
-3.1));
#13096=CARTESIAN_POINT('Ctrl Pts',(-11.5915368443687,-9.7106162972995,-3.1));
#13097=CARTESIAN_POINT('Ctrl Pts',(-11.5691036449104,-9.70279291199675,
-3.1));
#13098=CARTESIAN_POINT('Ctrl Pts',(-11.6769821629496,-9.56112929178601,
-2.93333333333333));
#13099=CARTESIAN_POINT('Ctrl Pts',(-11.6569936545557,-9.55622203842695,
-2.93333333333333));
#13100=CARTESIAN_POINT('Ctrl Pts',(-11.6371252951746,-9.55014558783687,
-2.9334279599194));
#13101=CARTESIAN_POINT('Ctrl Pts',(-11.6175285947084,-9.5428635870016,-2.93363966830424));
#13102=CARTESIAN_POINT('Ctrl Pts',(-11.7167194469987,-9.39926908656503,
-2.76666666666667));
#13103=CARTESIAN_POINT('Ctrl Pts',(-11.6997182744287,-9.39509523529219,
-2.76666666666667));
#13104=CARTESIAN_POINT('Ctrl Pts',(-11.6827137459804,-9.38967487837423,
-2.7668559198388));
#13105=CARTESIAN_POINT('Ctrl Pts',(-11.6659535445064,-9.38293426200645,
-2.76727933660849));
#13106=CARTESIAN_POINT('Ctrl Pts',(-11.7564567310479,-9.23740888134405,
-2.6));
#13107=CARTESIAN_POINT('Ctrl Pts',(-11.7424428943017,-9.23396843215743,
-2.6));
#13108=CARTESIAN_POINT('Ctrl Pts',(-11.7283021967863,-9.2292041689116,-2.6002838797582));
#13109=CARTESIAN_POINT('Ctrl Pts',(-11.7143784943044,-9.2230049370113,-2.60091900491273));
#13110=CARTESIAN_POINT('',(-11.71437849482,-9.22300493724087,-2.60091900495904));
#13111=CARTESIAN_POINT('',(-11.5691036449161,-9.70279291199875,-3.1));
#13112=CARTESIAN_POINT('',(-11.7143784943115,-9.22300493701446,-2.60091900500552));
#13113=CARTESIAN_POINT('Origin',(-11.9248164855904,-8.63382971577283,-3.1));
#13114=CARTESIAN_POINT('Origin',(-11.8164908820644,-8.9987454412379,-2.65781940065837));
#13115=CARTESIAN_POINT('Ctrl Pts',(-11.4269485791121,-9.64203525613044,
-3.1));
#13116=CARTESIAN_POINT('Ctrl Pts',(-11.3705993596287,-9.61637797338746,
-3.1));
#13117=CARTESIAN_POINT('Ctrl Pts',(-11.3170107407585,-9.59127470178014,
-3.10947980793259));
#13118=CARTESIAN_POINT('Ctrl Pts',(-11.2603072690426,-9.56404808954015,
-3.13259545944371));
#13119=CARTESIAN_POINT('Ctrl Pts',(-11.4583616278993,-9.47368712575065,
-2.94398468755644));
#13120=CARTESIAN_POINT('Ctrl Pts',(-11.3874485007194,-9.44173523814242,
-2.95329108059368));
#13121=CARTESIAN_POINT('Ctrl Pts',(-11.322292875615,-9.41189669731657,-2.97352443383778));
#13122=CARTESIAN_POINT('Ctrl Pts',(-11.2551071848987,-9.38066330051708,
-3.00969955418124));
#13123=CARTESIAN_POINT('Ctrl Pts',(-11.4897746766865,-9.30533899537087,
-2.78796937511288));
#13124=CARTESIAN_POINT('Ctrl Pts',(-11.4042976418101,-9.26709250289738,
-2.80658216118735));
#13125=CARTESIAN_POINT('Ctrl Pts',(-11.3275750104715,-9.232518692853,-2.83756905974296));
#13126=CARTESIAN_POINT('Ctrl Pts',(-11.2499071007548,-9.197278511494,-2.88680364891877));
#13127=CARTESIAN_POINT('Ctrl Pts',(-11.5211877254737,-9.13699086499109,
-2.63195406266931));
#13128=CARTESIAN_POINT('Ctrl Pts',(-11.4211467829009,-9.09244976765234,
-2.65987324178103));
#13129=CARTESIAN_POINT('Ctrl Pts',(-11.332857145328,-9.05314068838943,-2.70161368564815));
#13130=CARTESIAN_POINT('Ctrl Pts',(-11.2447070166109,-9.01389372247092,
-2.76390774365631));
#13131=CARTESIAN_POINT('',(-11.4269485791121,-9.64203525613044,-3.1));
#13132=CARTESIAN_POINT('',(-11.5211877254737,-9.13699086499109,-2.63195406266931));
#13133=CARTESIAN_POINT('',(-11.4269485791121,-9.64203525613044,-3.1));
#13134=CARTESIAN_POINT('',(-11.2447070166109,-9.01389372247092,-2.76390774365631));
#13135=CARTESIAN_POINT('Ctrl Pts',(-11.5211877254737,-9.13699086499109,
-2.63195406266931));
#13136=CARTESIAN_POINT('Ctrl Pts',(-11.4211467829009,-9.09244976765234,
-2.65987324178103));
#13137=CARTESIAN_POINT('Ctrl Pts',(-11.332857145328,-9.05314068838943,-2.70161368564815));
#13138=CARTESIAN_POINT('Ctrl Pts',(-11.2447070166109,-9.01389372247092,
-2.76390774365631));
#13139=CARTESIAN_POINT('',(-11.2603072690426,-9.56404808954015,-3.13259545944371));
#13140=CARTESIAN_POINT('',(-11.2447070166109,-9.01389372247092,-2.76390774365631));
#13141=CARTESIAN_POINT('Ctrl Pts',(-11.2603072690426,-9.56404808954015,
-3.13259545944371));
#13142=CARTESIAN_POINT('Ctrl Pts',(-11.3170107407585,-9.59127470178014,
-3.10947980793259));
#13143=CARTESIAN_POINT('Ctrl Pts',(-11.3705993596287,-9.61637797338746,
-3.1));
#13144=CARTESIAN_POINT('Ctrl Pts',(-11.4269485791121,-9.64203525613044,
-3.1));
#13145=CARTESIAN_POINT('Ctrl Pts',(-11.5108797333065,-9.67971615640887,
-3.1));
#13146=CARTESIAN_POINT('Ctrl Pts',(-11.4840825549773,-9.66777602352228,
-3.1));
#13147=CARTESIAN_POINT('Ctrl Pts',(-11.4558068692532,-9.65517519518226,
-3.1));
#13148=CARTESIAN_POINT('Ctrl Pts',(-11.4269485791121,-9.64203525613044,
-3.1));
#13149=CARTESIAN_POINT('Ctrl Pts',(-11.5663182648517,-9.52196074585133,
-2.93447490941273));
#13150=CARTESIAN_POINT('Ctrl Pts',(-11.5312931909921,-9.5063604046579,-2.93600911791565));
#13151=CARTESIAN_POINT('Ctrl Pts',(-11.494678574571,-9.49005073915308,-2.93921857734412));
#13152=CARTESIAN_POINT('Ctrl Pts',(-11.4583616278993,-9.47368712575065,
-2.94398468755644));
#13153=CARTESIAN_POINT('Ctrl Pts',(-11.6217567963969,-9.36420533529378,
-2.76894981882546));
#13154=CARTESIAN_POINT('Ctrl Pts',(-11.5785038270069,-9.34494478579353,
-2.77201823583131));
#13155=CARTESIAN_POINT('Ctrl Pts',(-11.5335502798888,-9.3249262831239,-2.77843715468824));
#13156=CARTESIAN_POINT('Ctrl Pts',(-11.4897746766865,-9.30533899537087,
-2.78796937511288));
#13157=CARTESIAN_POINT('Ctrl Pts',(-11.6771953279421,-9.20644992473623,
-2.60342472823819));
#13158=CARTESIAN_POINT('Ctrl Pts',(-11.6257144630217,-9.18352916692915,
-2.60802735374696));
#13159=CARTESIAN_POINT('Ctrl Pts',(-11.5724219852066,-9.15980182709472,
-2.61765573203236));
#13160=CARTESIAN_POINT('Ctrl Pts',(-11.5211877254737,-9.13699086499109,
-2.63195406266931));
#13161=CARTESIAN_POINT('',(-11.5108797333065,-9.67971615640887,-3.1));
#13162=CARTESIAN_POINT('',(-11.6771953279421,-9.20644992473623,-2.60342472823819));
#13163=CARTESIAN_POINT('',(-11.5108797333065,-9.67971615640887,-3.1));
#13164=CARTESIAN_POINT('Ctrl Pts',(-11.6771953279421,-9.20644992473622,
-2.60342472823818));
#13165=CARTESIAN_POINT('Ctrl Pts',(-11.6509647072694,-9.1947712999793,-2.60576986606767));
#13166=CARTESIAN_POINT('Ctrl Pts',(-11.6246170779507,-9.18304057964493,
-2.60938755189794));
#13167=CARTESIAN_POINT('Ctrl Pts',(-11.5726800722426,-9.15991673487466,
-2.61888395388098));
#13168=CARTESIAN_POINT('Ctrl Pts',(-11.5466994316633,-9.14834940839786,
-2.62483431873011));
#13169=CARTESIAN_POINT('Ctrl Pts',(-11.5211877254737,-9.13699086499108,
-2.6319540626693));
#13170=CARTESIAN_POINT('Ctrl Pts',(-11.4269485791121,-9.64203525613044,
-3.1));
#13171=CARTESIAN_POINT('Ctrl Pts',(-11.4558068692532,-9.65517519518226,
-3.1));
#13172=CARTESIAN_POINT('Ctrl Pts',(-11.4840825549773,-9.66777602352228,
-3.1));
#13173=CARTESIAN_POINT('Ctrl Pts',(-11.5108797333065,-9.67971615640887,
-3.1));
#13174=CARTESIAN_POINT('Ctrl Pts',(-11.5691036449161,-9.70279291199874,
-3.1));
#13175=CARTESIAN_POINT('Ctrl Pts',(-11.5493851841246,-9.69591626844945,
-3.1));
#13176=CARTESIAN_POINT('Ctrl Pts',(-11.5298998403745,-9.68819102653933,
-3.1));
#13177=CARTESIAN_POINT('Ctrl Pts',(-11.5108797330895,-9.6797161563122,-3.1));
#13178=CARTESIAN_POINT('Ctrl Pts',(-11.6175285947133,-9.54286358700345,
-2.93363966830419));
#13179=CARTESIAN_POINT('Ctrl Pts',(-11.6003033758675,-9.53646281267938,
-2.93382575693999));
#13180=CARTESIAN_POINT('Ctrl Pts',(-11.5831715008557,-9.52946867187135,
-2.93410180934948));
#13181=CARTESIAN_POINT('Ctrl Pts',(-11.5663182647071,-9.52196074578688,
-2.93447490941273));
#13182=CARTESIAN_POINT('Ctrl Pts',(-11.6659535445106,-9.38293426200817,
-2.76727933660838));
#13183=CARTESIAN_POINT('Ctrl Pts',(-11.6512215676104,-9.37700935690931,
-2.76765151387998));
#13184=CARTESIAN_POINT('Ctrl Pts',(-11.6364431613369,-9.37074631720337,
-2.76820361869895));
#13185=CARTESIAN_POINT('Ctrl Pts',(-11.6217567963246,-9.36420533526155,
-2.76894981882546));
#13186=CARTESIAN_POINT('Ctrl Pts',(-11.7143784943079,-9.22300493701288,
-2.60091900491257));
#13187=CARTESIAN_POINT('Ctrl Pts',(-11.7021397593534,-9.21755590113924,
-2.60147727081997));
#13188=CARTESIAN_POINT('Ctrl Pts',(-11.6897148218182,-9.2120239625354,-2.60230542804843));
#13189=CARTESIAN_POINT('Ctrl Pts',(-11.6771953279421,-9.20644992473623,
-2.60342472823819));
#13190=CARTESIAN_POINT('Origin',(-11.6003917918918,-9.54102558002443,-3.1));
#13191=CARTESIAN_POINT('Origin',(-11.7198584809166,-9.22544478424973,-2.69558826115145));
#13192=CARTESIAN_POINT('Ctrl Pts',(-11.1664888395306,-9.52034190652633,
-3.18397485304847));
#13193=CARTESIAN_POINT('Ctrl Pts',(-10.7860022899257,-9.35060556220409,
-3.45041580376705));
#13194=CARTESIAN_POINT('Ctrl Pts',(-10.421504129047,-9.18796156629353,-3.70473573070948));
#13195=CARTESIAN_POINT('Ctrl Pts',(-10.0710032135739,-9.03151862069296,
-3.94832894539036));
#13196=CARTESIAN_POINT('Ctrl Pts',(-11.1632092243381,-9.33845734103114,
-3.06469082644084));
#13197=CARTESIAN_POINT('Ctrl Pts',(-10.7831085824485,-9.16900375324834,
-3.33163488227558));
#13198=CARTESIAN_POINT('Ctrl Pts',(-10.419011841908,-9.00665813416893,-3.58647441814474));
#13199=CARTESIAN_POINT('Ctrl Pts',(-10.0689296146757,-8.8505315618517,-3.83060524706034));
#13200=CARTESIAN_POINT('Ctrl Pts',(-11.1599296091455,-9.15657277553595,
-2.94540679983322));
#13201=CARTESIAN_POINT('Ctrl Pts',(-10.7802148749713,-8.9874019442926,-3.21285396078412));
#13202=CARTESIAN_POINT('Ctrl Pts',(-10.416519554769,-8.82535470204433,-3.46821310558));
#13203=CARTESIAN_POINT('Ctrl Pts',(-10.0668560157774,-8.66954450301044,
-3.71288154873033));
#13204=CARTESIAN_POINT('Ctrl Pts',(-11.156649993953,-8.97468821004076,-2.82612277322559));
#13205=CARTESIAN_POINT('Ctrl Pts',(-10.7773211674941,-8.80580013533686,
-3.09407303929266));
#13206=CARTESIAN_POINT('Ctrl Pts',(-10.41402726763,-8.64405126991972,-3.34995179301526));
#13207=CARTESIAN_POINT('Ctrl Pts',(-10.0647824168792,-8.48855744416919,
-3.59515785040031));
#13208=CARTESIAN_POINT('',(-11.1664888395643,-9.52034190661625,-3.18397485315388));
#13209=CARTESIAN_POINT('',(-11.156649993953,-8.97468821004076,-2.82612277322559));
#13210=CARTESIAN_POINT('',(-11.1664888395643,-9.52034190661625,-3.18397485315388));
#13211=CARTESIAN_POINT('',(-10.0647824168792,-8.48855744416919,-3.59515785040031));
#13212=CARTESIAN_POINT('Ctrl Pts',(-11.156649993953,-8.97468821004076,-2.82612277322559));
#13213=CARTESIAN_POINT('Ctrl Pts',(-10.9748946199688,-8.89376550383402,
-2.95451111975019));
#13214=CARTESIAN_POINT('Ctrl Pts',(-10.7928741144531,-8.81272475346406,
-3.0829157639089));
#13215=CARTESIAN_POINT('Ctrl Pts',(-10.4290482013173,-8.65073902047746,
-3.33918565739899));
#13216=CARTESIAN_POINT('Ctrl Pts',(-10.2468738665745,-8.56962978092293,
-3.46731079304979));
#13217=CARTESIAN_POINT('Ctrl Pts',(-10.0647824168792,-8.48855744416917,
-3.5951578504003));
#13218=CARTESIAN_POINT('',(-10.0710032135739,-9.03151862069296,-3.94832894539036));
#13219=CARTESIAN_POINT('',(-10.0647824168792,-8.48855744416919,-3.59515785040031));
#13220=CARTESIAN_POINT('Ctrl Pts',(-10.0710032135739,-9.03151862069296,
-3.94832894539036));
#13221=CARTESIAN_POINT('Ctrl Pts',(-10.421504129047,-9.18796156629353,-3.70473573070948));
#13222=CARTESIAN_POINT('Ctrl Pts',(-10.7860022899257,-9.35060556220409,
-3.45041580376705));
#13223=CARTESIAN_POINT('Ctrl Pts',(-11.1664888395306,-9.52034190652633,
-3.18397485304847));
#13224=CARTESIAN_POINT('Ctrl Pts',(-11.2603072690426,-9.56404808954015,
-3.13259545944371));
#13225=CARTESIAN_POINT('Ctrl Pts',(-11.2269956867247,-9.54805327462983,
-3.14617520870495));
#13226=CARTESIAN_POINT('Ctrl Pts',(-11.1958345892561,-9.53343314531829,
-3.16342508728926));
#13227=CARTESIAN_POINT('Ctrl Pts',(-11.1664888395306,-9.52034190652633,
-3.18397485304847));
#13228=CARTESIAN_POINT('Ctrl Pts',(-11.2551071848987,-9.38066330051708,
-3.00969955418124));
#13229=CARTESIAN_POINT('Ctrl Pts',(-11.2230832780727,-9.36562964330957,
-3.02568963609446));
#13230=CARTESIAN_POINT('Ctrl Pts',(-11.1925252102002,-9.35152677168994,
-3.04410225774948));
#13231=CARTESIAN_POINT('Ctrl Pts',(-11.1632092243381,-9.33845734103114,
-3.06469082644084));
#13232=CARTESIAN_POINT('Ctrl Pts',(-11.2499071007548,-9.197278511494,-2.88680364891878));
#13233=CARTESIAN_POINT('Ctrl Pts',(-11.2191708694207,-9.1832060119893,-2.90520406348397));
#13234=CARTESIAN_POINT('Ctrl Pts',(-11.1892158311444,-9.16962039806158,
-2.9247794282097));
#13235=CARTESIAN_POINT('Ctrl Pts',(-11.1599296091455,-9.15657277553595,
-2.94540679983322));
#13236=CARTESIAN_POINT('Ctrl Pts',(-11.2447070166109,-9.01389372247092,
-2.76390774365631));
#13237=CARTESIAN_POINT('Ctrl Pts',(-11.2152584607686,-9.00078238066904,
-2.78471849087349));
#13238=CARTESIAN_POINT('Ctrl Pts',(-11.1859064520885,-8.98771402443322,
-2.80545659866992));
#13239=CARTESIAN_POINT('Ctrl Pts',(-11.156649993953,-8.97468821004075,-2.82612277322559));
#13240=CARTESIAN_POINT('Ctrl Pts',(-11.1664888395306,-9.52034190652633,
-3.18397485304847));
#13241=CARTESIAN_POINT('Ctrl Pts',(-11.1958345892561,-9.53343314531829,
-3.16342508728926));
#13242=CARTESIAN_POINT('Ctrl Pts',(-11.2269956867247,-9.54805327462983,
-3.14617520870495));
#13243=CARTESIAN_POINT('Ctrl Pts',(-11.2603072690426,-9.56404808954015,
-3.13259545944371));
#13244=CARTESIAN_POINT('',(-11.2447070166109,-9.01389372247092,-2.76390774365631));
#13245=CARTESIAN_POINT('Ctrl Pts',(-9.97177358663191,-8.99000526477562,
-4.01602514716917));
#13246=CARTESIAN_POINT('Ctrl Pts',(-9.93388862019642,-8.97491270408068,
-4.04152114748348));
#13247=CARTESIAN_POINT('Ctrl Pts',(-9.88813565760085,-8.95600443159988,
-4.06383437624167));
#13248=CARTESIAN_POINT('Ctrl Pts',(-9.84464958563847,-8.93732035250812,
-4.07767633269032));
#13249=CARTESIAN_POINT('Ctrl Pts',(-10.0005908682491,-8.82188287191104,
-3.87680588707929));
#13250=CARTESIAN_POINT('Ctrl Pts',(-9.97432931366194,-8.81137374989075,
-3.89413551429266));
#13251=CARTESIAN_POINT('Ctrl Pts',(-9.94252735747936,-8.79818944601908,
-3.90922291749445));
#13252=CARTESIAN_POINT('Ctrl Pts',(-9.91237142723704,-8.78521460588122,
-3.91845088846022));
#13253=CARTESIAN_POINT('Ctrl Pts',(-10.0294081498663,-8.65376047904645,
-3.73758662698941));
#13254=CARTESIAN_POINT('Ctrl Pts',(-10.0147700071274,-8.64783479570083,
-3.74674988110185));
#13255=CARTESIAN_POINT('Ctrl Pts',(-9.99691905735788,-8.64037446043828,
-3.75461145874722));
#13256=CARTESIAN_POINT('Ctrl Pts',(-9.98009326883561,-8.63310885925433,
-3.75922544423011));
#13257=CARTESIAN_POINT('Ctrl Pts',(-10.0582254314835,-8.48563808618187,
-3.59836736689954));
#13258=CARTESIAN_POINT('Ctrl Pts',(-10.055210700593,-8.48429584151091,-3.59936424791104));
#13259=CARTESIAN_POINT('Ctrl Pts',(-10.0513107572364,-8.48255947485748,
-3.6));
#13260=CARTESIAN_POINT('Ctrl Pts',(-10.0478151104342,-8.48100311262743,
-3.6));
#13261=CARTESIAN_POINT('',(-9.9717735866319,-8.99000526477573,-4.01602514716932));
#13262=CARTESIAN_POINT('',(-10.0582254314835,-8.48563808618186,-3.59836736689954));
#13263=CARTESIAN_POINT('',(-9.9717735866319,-8.99000526477573,-4.01602514716932));
#13264=CARTESIAN_POINT('',(-10.0478151104342,-8.48100311262743,-3.6));
#13265=CARTESIAN_POINT('Ctrl Pts',(-10.0582254314835,-8.48563808618187,
-3.59836736689954));
#13266=CARTESIAN_POINT('Ctrl Pts',(-10.055210700593,-8.48429584151091,-3.59936424791104));
#13267=CARTESIAN_POINT('Ctrl Pts',(-10.0513107572364,-8.48255947485748,
-3.6));
#13268=CARTESIAN_POINT('Ctrl Pts',(-10.0478151104342,-8.48100311262743,
-3.6));
#13269=CARTESIAN_POINT('',(-9.84464958563848,-8.93732035250812,-4.07767633269032));
#13270=CARTESIAN_POINT('',(-10.0478151104342,-8.48100311262743,-3.6));
#13271=CARTESIAN_POINT('Origin',(-9.88688814060431,-8.94918188507278,-3.99334261759955));
#13272=CARTESIAN_POINT('Ctrl Pts',(-10.0710032135739,-9.03151862069297,
-3.94832894539034));
#13273=CARTESIAN_POINT('Ctrl Pts',(-10.0380278330129,-9.01680035480683,
-3.97124637185511));
#13274=CARTESIAN_POINT('Ctrl Pts',(-10.0073706760534,-9.00418638418014,
-3.99206885293232));
#13275=CARTESIAN_POINT('Ctrl Pts',(-9.97177358663188,-8.99000526477561,
-4.01602514716918));
#13276=CARTESIAN_POINT('Ctrl Pts',(-10.0689296146757,-8.85053156185171,
-3.83060524706033));
#13277=CARTESIAN_POINT('Ctrl Pts',(-10.0464203256237,-8.84048532697892,
-3.84625262863038));
#13278=CARTESIAN_POINT('Ctrl Pts',(-10.0252664848576,-8.83175734697319,
-3.86052279783311));
#13279=CARTESIAN_POINT('Ctrl Pts',(-10.0005908682491,-8.82188287191103,
-3.8768058870793));
#13280=CARTESIAN_POINT('Ctrl Pts',(-10.0668560157775,-8.66954450301045,
-3.71288154873032));
#13281=CARTESIAN_POINT('Ctrl Pts',(-10.0548128182345,-8.66417029915102,
-3.72125888540565));
#13282=CARTESIAN_POINT('Ctrl Pts',(-10.0431622936618,-8.65932830976625,
-3.72897674273391));
#13283=CARTESIAN_POINT('Ctrl Pts',(-10.0294081498663,-8.65376047904645,
-3.73758662698942));
#13284=CARTESIAN_POINT('Ctrl Pts',(-10.0647824168792,-8.48855744416919,
-3.59515785040031));
#13285=CARTESIAN_POINT('Ctrl Pts',(-10.0632053108453,-8.48785527132311,
-3.59626514218093));
#13286=CARTESIAN_POINT('Ctrl Pts',(-10.061058102466,-8.4868992725593,-3.59743068763471));
#13287=CARTESIAN_POINT('Ctrl Pts',(-10.0582254314835,-8.48563808618187,
-3.59836736689954));
#13288=CARTESIAN_POINT('Ctrl Pts',(-9.97177358663188,-8.99000526477561,
-4.01602514716918));
#13289=CARTESIAN_POINT('Ctrl Pts',(-10.0073706760534,-9.00418638418014,
-3.99206885293232));
#13290=CARTESIAN_POINT('Ctrl Pts',(-10.0380278330129,-9.01680035480683,
-3.97124637185511));
#13291=CARTESIAN_POINT('Ctrl Pts',(-10.0710032135739,-9.03151862069297,
-3.94832894539034));
#13292=CARTESIAN_POINT('Origin',(-10.0446621590001,-8.47959932820656,-3.58374477084862));
#13293=CARTESIAN_POINT('Origin',(-9.13552739806163,-8.34848552345117,-3.85));
#13294=CARTESIAN_POINT('',(-9.70211101718785,-8.8744038729386,-4.1));
#13295=CARTESIAN_POINT('',(-9.90547933872575,-8.41763114411731,-3.6));
#13296=CARTESIAN_POINT('',(-9.70211101718785,-8.8744038729386,-4.1));
#13297=CARTESIAN_POINT('',(-7.1184856751375,-7.17678161931468,-3.6));
#13298=CARTESIAN_POINT('',(-9.23721155883058,-8.12009915904053,-3.6));
#13299=CARTESIAN_POINT('',(-7.1184856751375,-7.17678161931468,-3.6));
#13300=CARTESIAN_POINT('',(-9.03384323729268,-8.57687188786182,-4.1));
#13301=CARTESIAN_POINT('Ctrl Pts',(-9.84464958563848,-8.93732035250812,
-4.07767633269032));
#13302=CARTESIAN_POINT('Ctrl Pts',(-9.7969282055057,-8.9168165451847,-4.09286642081874));
#13303=CARTESIAN_POINT('Ctrl Pts',(-9.74955627442399,-8.89552786244198,
-4.1));
#13304=CARTESIAN_POINT('Ctrl Pts',(-9.70211101718785,-8.8744038729386,-4.1));
#13305=CARTESIAN_POINT('Ctrl Pts',(-9.91237142723705,-8.78521460588122,
-3.91845088846021));
#13306=CARTESIAN_POINT('Ctrl Pts',(-9.86474208806981,-8.76450407116449,
-3.92857761387916));
#13307=CARTESIAN_POINT('Ctrl Pts',(-9.81734571493663,-8.74327028616821,
-3.93333333333333));
#13308=CARTESIAN_POINT('Ctrl Pts',(-9.76990045770048,-8.72214629666484,
-3.93333333333333));
#13309=CARTESIAN_POINT('Ctrl Pts',(-9.98009326883561,-8.63310885925432,
-3.75922544423011));
#13310=CARTESIAN_POINT('Ctrl Pts',(-9.93255597063392,-8.61219159714427,
-3.76428880693958));
#13311=CARTESIAN_POINT('Ctrl Pts',(-9.88513515544926,-8.59101270989445,
-3.76666666666667));
#13312=CARTESIAN_POINT('Ctrl Pts',(-9.83768989821312,-8.56988872039107,
-3.76666666666667));
#13313=CARTESIAN_POINT('Ctrl Pts',(-10.0478151104342,-8.48100311262743,
-3.6));
#13314=CARTESIAN_POINT('Ctrl Pts',(-10.000369853198,-8.45987912312406,-3.6));
#13315=CARTESIAN_POINT('Ctrl Pts',(-9.95292459596189,-8.43875513362068,
-3.6));
#13316=CARTESIAN_POINT('Ctrl Pts',(-9.90547933872575,-8.41763114411731,
-3.6));
#13317=CARTESIAN_POINT('Ctrl Pts',(-9.70211101718785,-8.8744038729386,-4.1));
#13318=CARTESIAN_POINT('Ctrl Pts',(-9.72591874536329,-8.88500375645434,
-4.1));
#13319=CARTESIAN_POINT('Ctrl Pts',(-9.74968834865133,-8.89560512298835,
-4.09816658720866));
#13320=CARTESIAN_POINT('Ctrl Pts',(-9.79736564026693,-8.91674408056832,
-4.09077215826112));
#13321=CARTESIAN_POINT('Ctrl Pts',(-9.82118343296854,-8.92723796445422,
-4.08514579241884));
#13322=CARTESIAN_POINT('Ctrl Pts',(-9.84464958563848,-8.93732035250812,
-4.07767633269032));
#13323=CARTESIAN_POINT('',(-10.0478151104342,-8.48100311262743,-3.6));
#13324=CARTESIAN_POINT('Origin',(-6.9151173535996,-7.63355434813598,-3.6));
#13325=CARTESIAN_POINT('Origin',(-6.9151173535996,-7.63355434813598,-3.6));
#13326=CARTESIAN_POINT('Ctrl Pts',(-2.20710680316074,-10.0606171327605,
-4.1));
#13327=CARTESIAN_POINT('Ctrl Pts',(-2.17428813300524,-10.0676641725247,
-4.10000000144233));
#13328=CARTESIAN_POINT('Ctrl Pts',(-2.14057542153787,-10.0746052987706,
-4.09669250122219));
#13329=CARTESIAN_POINT('Ctrl Pts',(-2.03418523488876,-10.0956912917231,
-4.07511293287839));
#13330=CARTESIAN_POINT('Ctrl Pts',(-1.96275489581721,-10.108552982392,-4.04232066321277));
#13331=CARTESIAN_POINT('Ctrl Pts',(-1.90449860264577,-10.1185201305995,
-3.99803051425768));
#13332=CARTESIAN_POINT('Ctrl Pts',(-2.20549264022922,-9.89019382085461,
-3.93316801957813));
#13333=CARTESIAN_POINT('Ctrl Pts',(-2.18321697527359,-9.894981944814,-3.93306180363776));
#13334=CARTESIAN_POINT('Ctrl Pts',(-2.1603968595413,-9.89969088417795,-3.93077647039923));
#13335=CARTESIAN_POINT('Ctrl Pts',(-2.08858831006779,-9.9139484037693,-3.91597220010733));
#13336=CARTESIAN_POINT('Ctrl Pts',(-2.04073456425214,-9.92257664942501,
-3.89381424205662));
#13337=CARTESIAN_POINT('Ctrl Pts',(-2.00177838016199,-9.92925075316557,
-3.86429467225855));
#13338=CARTESIAN_POINT('Ctrl Pts',(-2.2038784772977,-9.71977050894871,-3.76633603915627));
#13339=CARTESIAN_POINT('Ctrl Pts',(-2.1921400429878,-9.72230511384675,-3.76618502727954));
#13340=CARTESIAN_POINT('Ctrl Pts',(-2.18021690217463,-9.72477473475099,
-3.76482757175976));
#13341=CARTESIAN_POINT('Ctrl Pts',(-2.14298505848209,-9.73221348255366,
-3.75694376095382));
#13342=CARTESIAN_POINT('Ctrl Pts',(-2.11860446226254,-9.73663171469793,
-3.74557747129989));
#13343=CARTESIAN_POINT('Ctrl Pts',(-2.09905815767822,-9.73998137573159,
-3.73055883025943));
#13344=CARTESIAN_POINT('Ctrl Pts',(-2.20226431436618,-9.54934719704281,
-3.5995040587344));
#13345=CARTESIAN_POINT('Ctrl Pts',(-2.20106888525615,-9.549622886136,-3.59924682947497));
#13346=CARTESIAN_POINT('Ctrl Pts',(-2.20003834017806,-9.5498603201583,-3.5989115409368));
#13347=CARTESIAN_POINT('Ctrl Pts',(-2.19738813366112,-9.5504705945999,-3.59780302818276));
#13348=CARTESIAN_POINT('Ctrl Pts',(-2.19658413069747,-9.55065538173092,
-3.59707105014374));
#13349=CARTESIAN_POINT('Ctrl Pts',(-2.19633793519444,-9.5507119982976,-3.59682298826031));
#13350=CARTESIAN_POINT('',(-1.90449860264577,-10.1185201305995,-3.99803051425768));
#13351=CARTESIAN_POINT('',(-2.19633793519444,-9.5507119982976,-3.59682298826031));
#13352=CARTESIAN_POINT('',(-2.20710679738982,-10.0606171310834,-4.10000000006303));
#13353=CARTESIAN_POINT('Ctrl Pts',(-1.90449860264577,-10.1185201305995,
-3.99803051425768));
#13354=CARTESIAN_POINT('Ctrl Pts',(-1.96275489581721,-10.108552982392,-4.04232066321277));
#13355=CARTESIAN_POINT('Ctrl Pts',(-2.03418523488876,-10.0956912917231,
-4.07511293287839));
#13356=CARTESIAN_POINT('Ctrl Pts',(-2.14057542153787,-10.0746052987706,
-4.09669250122219));
#13357=CARTESIAN_POINT('Ctrl Pts',(-2.17428813300524,-10.0676641725247,
-4.10000000144233));
#13358=CARTESIAN_POINT('Ctrl Pts',(-2.20710680316074,-10.0606171327605,
-4.1));
#13359=CARTESIAN_POINT('',(-2.20710680214294,-10.0606171284792,-4.1));
#13360=CARTESIAN_POINT('Ctrl Pts',(-2.47414960217114,-10.0089169357814,
-4.10888626767439));
#13361=CARTESIAN_POINT('Ctrl Pts',(-1.78457134873438,-10.1620813730893,
-4.10864257607316));
#13362=CARTESIAN_POINT('Ctrl Pts',(-1.07740732719584,-10.4658105111092,
-4.11043353569636));
#13363=CARTESIAN_POINT('Ctrl Pts',(6.88999589825065,-9.73284388041368,-4.10458613717172));
#13364=CARTESIAN_POINT('Ctrl Pts',(-2.38759095590745,-9.85480499286378,
-3.93878524468659));
#13365=CARTESIAN_POINT('Ctrl Pts',(-1.9175355550567,-9.95910397108919,-3.94330914606705));
#13366=CARTESIAN_POINT('Ctrl Pts',(-1.41090482196515,-10.171676109859,-3.90981907223973));
#13367=CARTESIAN_POINT('Ctrl Pts',(3.502882950968,-9.57226589507886,-4.02540274138165));
#13368=CARTESIAN_POINT('Ctrl Pts',(-2.30108414778573,-9.70009678642505,
-3.76923101763806));
#13369=CARTESIAN_POINT('Ctrl Pts',(-2.0513899813853,-9.76169617065615,-3.77257999857084));
#13370=CARTESIAN_POINT('Ctrl Pts',(-1.72978173797364,-9.82540765427375,
-3.76165680828981));
#13371=CARTESIAN_POINT('Ctrl Pts',(-0.0187167441122682,-9.89941412008172,
-3.44523299191481));
#13372=CARTESIAN_POINT('Ctrl Pts',(-2.20461159140284,-9.54880545432438,
-3.59982934376082));
#13373=CARTESIAN_POINT('Ctrl Pts',(-2.20461159140284,-9.54880545432438,
-3.59982934376082));
#13374=CARTESIAN_POINT('Ctrl Pts',(-2.20461159140284,-9.54880545432438,
-3.59982934376082));
#13375=CARTESIAN_POINT('Ctrl Pts',(-2.20461159140284,-9.54880545432438,
-3.59982934376082));
#13376=CARTESIAN_POINT('Ctrl Pts',(-2.20710680306661,-10.0606171327807,
-4.1));
#13377=CARTESIAN_POINT('Ctrl Pts',(-2.24656352078833,-10.0521447279361,
-4.1));
#13378=CARTESIAN_POINT('Ctrl Pts',(-2.28380330863039,-10.0436846301707,
-4.1));
#13379=CARTESIAN_POINT('Ctrl Pts',(-2.31971427002261,-10.0353836850144,
-4.1));
#13380=CARTESIAN_POINT('Ctrl Pts',(-1.85355339066743,-10.1276116830506,
-3.95355339066743));
#13381=CARTESIAN_POINT('Ctrl Pts',(-1.62884865517553,-10.1697687048604,
-3.72884865517553));
#13382=CARTESIAN_POINT('Ctrl Pts',(-1.40275994548023,-10.2042502852785,
-3.50275994548023));
#13383=CARTESIAN_POINT('Ctrl Pts',(-1.1757932734824,-10.2309854031719,-3.2757932734824));
#13384=CARTESIAN_POINT('Ctrl Pts',(-1.95248493545799,-9.93879833957976,
-3.81919843470015));
#13385=CARTESIAN_POINT('Ctrl Pts',(-1.73047445620426,-9.98314275357789,
-3.59665339583037));
#13386=CARTESIAN_POINT('Ctrl Pts',(-1.50694189674825,-10.0199259215632,
-3.37267253524069));
#13387=CARTESIAN_POINT('Ctrl Pts',(-1.2823927133774,-10.0490587723816,-3.14776412375681));
#13388=CARTESIAN_POINT('Ctrl Pts',(-2.05141648024855,-9.74998499610893,
-3.68484347873286));
#13389=CARTESIAN_POINT('Ctrl Pts',(-1.83210025723298,-9.79651680229537,
-3.46445813648521));
#13390=CARTESIAN_POINT('Ctrl Pts',(-1.61112384801627,-9.83560155784788,
-3.24258512500115));
#13391=CARTESIAN_POINT('Ctrl Pts',(-1.38899215327241,-9.8671321415912,-3.01973497403123));
#13392=CARTESIAN_POINT('Ctrl Pts',(-2.15034802503911,-9.5611716526381,-3.55048852276558));
#13393=CARTESIAN_POINT('Ctrl Pts',(-1.93372605826171,-9.60989085101285,
-3.33226287714005));
#13394=CARTESIAN_POINT('Ctrl Pts',(-1.71530579928428,-9.65127719413256,
-3.11249771476161));
#13395=CARTESIAN_POINT('Ctrl Pts',(-1.49559159316742,-9.68520551080084,
-2.89170582430565));
#13396=CARTESIAN_POINT('',(-1.85355339066614,-10.1276116830372,-3.95355339066614));
#13397=CARTESIAN_POINT('',(-2.15034802503908,-9.56117165263811,-3.55048852276556));
#13398=CARTESIAN_POINT('',(-1.85355339066614,-10.1276116830372,-3.95355339066614));
#13399=CARTESIAN_POINT('',(-1.49559159316742,-9.68520551080084,-2.89170582430565));
#13400=CARTESIAN_POINT('Ctrl Pts',(-2.15034802503908,-9.56117165263811,
-3.55048852276556));
#13401=CARTESIAN_POINT('Ctrl Pts',(-2.04166937503746,-9.5856139416049,-3.44100531145908));
#13402=CARTESIAN_POINT('Ctrl Pts',(-1.93273807577282,-9.60816637909937,
-3.33133687645499));
#13403=CARTESIAN_POINT('Ctrl Pts',(-1.71446847330269,-9.64950441433722,
-3.11172506529665));
#13404=CARTESIAN_POINT('Ctrl Pts',(-1.60511520227347,-9.66829285067714,
-3.00176663981443));
#13405=CARTESIAN_POINT('Ctrl Pts',(-1.49559159316742,-9.68520551080084,
-2.89170582430565));
#13406=CARTESIAN_POINT('',(-1.1757932734824,-10.2309854031719,-3.2757932734824));
#13407=CARTESIAN_POINT('',(-1.49559159316742,-9.68520551080084,-2.89170582430565));
#13408=CARTESIAN_POINT('Ctrl Pts',(-1.1757932734824,-10.2309854031719,-3.2757932734824));
#13409=CARTESIAN_POINT('Ctrl Pts',(-1.28902244896636,-10.2176477825914,
-3.38902244896636));
#13410=CARTESIAN_POINT('Ctrl Pts',(-1.40215259658767,-10.2023681372624,
-3.50215259658767));
#13411=CARTESIAN_POINT('Ctrl Pts',(-1.62808554020059,-10.1679181359799,
-3.72808554020059));
#13412=CARTESIAN_POINT('Ctrl Pts',(-1.74091910630117,-10.1487430845414,
-3.84091910630117));
#13413=CARTESIAN_POINT('Ctrl Pts',(-1.85355339066743,-10.1276116830506,
-3.95355339066743));
#13414=CARTESIAN_POINT('Ctrl Pts',(-1.90449860264577,-10.1185201305995,
-3.99803051425767));
#13415=CARTESIAN_POINT('Ctrl Pts',(-1.8864392156515,-10.121609935613,-3.984300616654));
#13416=CARTESIAN_POINT('Ctrl Pts',(-1.86946477543021,-10.1246265363742,
-3.96946477542353));
#13417=CARTESIAN_POINT('Ctrl Pts',(-1.8535533906674,-10.1276116830506,-3.9535533906674));
#13418=CARTESIAN_POINT('Ctrl Pts',(-2.00177838016199,-9.92925075316557,
-3.86429467225855));
#13419=CARTESIAN_POINT('Ctrl Pts',(-1.98463184263244,-9.9324850465761,-3.84999574580483));
#13420=CARTESIAN_POINT('Ctrl Pts',(-1.96820553942657,-9.93565830324937,
-3.83495689093165));
#13421=CARTESIAN_POINT('Ctrl Pts',(-1.95248493545796,-9.93879833957976,
-3.81919843470012));
#13422=CARTESIAN_POINT('Ctrl Pts',(-2.09905815767821,-9.73998137573159,
-3.73055883025943));
#13423=CARTESIAN_POINT('Ctrl Pts',(-2.08282446961338,-9.74336015753916,
-3.71569087495567));
#13424=CARTESIAN_POINT('Ctrl Pts',(-2.06694630342294,-9.74669007012456,
-3.70044900643978));
#13425=CARTESIAN_POINT('Ctrl Pts',(-2.05141648024852,-9.74998499610894,
-3.68484347873284));
#13426=CARTESIAN_POINT('Ctrl Pts',(-2.19633793519443,-9.55071199829761,
-3.5968229882603));
#13427=CARTESIAN_POINT('Ctrl Pts',(-2.18101709659432,-9.55423526850222,
-3.58138600410651));
#13428=CARTESIAN_POINT('Ctrl Pts',(-2.16568706741931,-9.55772183699975,
-3.5659411219479));
#13429=CARTESIAN_POINT('Ctrl Pts',(-2.15034802503908,-9.56117165263811,
-3.55048852276556));
#13430=CARTESIAN_POINT('Origin',(-2.21869722957875,-10.1096320507721,-3.58537946026379));
#13431=CARTESIAN_POINT('Origin',(-0.568289781649563,-2.50933997390958,-2.2168752093017));
#13432=CARTESIAN_POINT('Ctrl Pts',(-1.14637329859492,-10.2346775971641,
-3.24655290437326));
#13433=CARTESIAN_POINT('Ctrl Pts',(-1.11325012647954,-10.2387842646507,
-3.21342671981037));
#13434=CARTESIAN_POINT('Ctrl Pts',(-1.02002238421767,-10.2496892755305,
-3.14231212020493));
#13435=CARTESIAN_POINT('Ctrl Pts',(-0.899954441106588,-10.2609343309217,
-3.10717666425583));
#13436=CARTESIAN_POINT('Ctrl Pts',(-0.833357134564927,-10.2663580628914,
-3.10176810687749));
#13437=CARTESIAN_POINT('Ctrl Pts',(-1.24146571761218,-10.0547228896139,
-3.10863127060578));
#13438=CARTESIAN_POINT('Ctrl Pts',(-1.19457413055493,-10.0611242598912,
-3.06564835707213));
#13439=CARTESIAN_POINT('Ctrl Pts',(-1.06518565246975,-10.0776389498242,
-2.97656318979066));
#13440=CARTESIAN_POINT('Ctrl Pts',(-0.906514315709192,-10.0931340481498,
-2.93810081104841));
#13441=CARTESIAN_POINT('Ctrl Pts',(-0.819867809124785,-10.1001793152077,
-2.93449528704643));
#13442=CARTESIAN_POINT('Ctrl Pts',(-1.33655813662945,-9.8747681820637,-2.97070963683832));
#13443=CARTESIAN_POINT('Ctrl Pts',(-1.27589813463032,-9.88346425513169,
-2.9178699943339));
#13444=CARTESIAN_POINT('Ctrl Pts',(-1.11034892072183,-9.90558862411782,
-2.81081425937638));
#13445=CARTESIAN_POINT('Ctrl Pts',(-0.913074190311796,-9.92533376537793,
-2.76902495784099));
#13446=CARTESIAN_POINT('Ctrl Pts',(-0.806378483684643,-9.93400056752381,
-2.76722246721537));
#13447=CARTESIAN_POINT('Ctrl Pts',(-1.43165055564671,-9.69481347451349,
-2.83278800307085));
#13448=CARTESIAN_POINT('Ctrl Pts',(-1.35722213870572,-9.70580425037216,
-2.77009163159566));
#13449=CARTESIAN_POINT('Ctrl Pts',(-1.15551218897391,-9.7335382984115,-2.64506532896209));
#13450=CARTESIAN_POINT('Ctrl Pts',(-0.919634064914399,-9.75753348260602,
-2.59994910463357));
#13451=CARTESIAN_POINT('Ctrl Pts',(-0.792889158244499,-9.76782181983999,
-2.59994964738431));
#13452=CARTESIAN_POINT('',(-1.14644659884101,-10.2345388896997,-3.24644659875824));
#13453=CARTESIAN_POINT('',(-1.43162193084063,-9.69486764464251,-2.83282952036593));
#13454=CARTESIAN_POINT('',(-1.14644659534558,-10.2345388909283,-3.24644659534558));
#13455=CARTESIAN_POINT('',(-0.792893218813458,-9.76787184311709,-2.6));
#13456=CARTESIAN_POINT('Ctrl Pts',(-1.43162193084063,-9.69486764464251,
-2.83282952036593));
#13457=CARTESIAN_POINT('Ctrl Pts',(-1.36294928904145,-9.70500839783812,
-2.77498116570202));
#13458=CARTESIAN_POINT('Ctrl Pts',(-1.2641492177865,-9.71904542319337,-2.70718392949392));
#13459=CARTESIAN_POINT('Ctrl Pts',(-1.07646007613166,-9.74085568045444,
-2.63978521222856));
#13460=CARTESIAN_POINT('Ctrl Pts',(-1.01958647497509,-9.7469874126618,-2.62486650885619));
#13461=CARTESIAN_POINT('Ctrl Pts',(-0.906523676073065,-9.75814274186226,
-2.60518858250519));
#13462=CARTESIAN_POINT('Ctrl Pts',(-0.849477554821558,-9.76327868945655,
-2.6));
#13463=CARTESIAN_POINT('Ctrl Pts',(-0.792893218813459,-9.76787184311709,
-2.6));
#13464=CARTESIAN_POINT('',(-0.833346737077024,-10.2662299733493,-3.10163917403141));
#13465=CARTESIAN_POINT('',(-0.792893218813458,-9.76787184311709,-2.6));
#13466=CARTESIAN_POINT('Ctrl Pts',(-0.833346737077024,-10.2662299733493,
-3.10163917403141));
#13467=CARTESIAN_POINT('Ctrl Pts',(-0.862958408853066,-10.2638183816245,
-3.10404284671711));
#13468=CARTESIAN_POINT('Ctrl Pts',(-0.892308402493014,-10.2610920630026,
-3.10908170338958));
#13469=CARTESIAN_POINT('Ctrl Pts',(-0.950115531092427,-10.2557006474999,
-3.12441050653216));
#13470=CARTESIAN_POINT('Ctrl Pts',(-0.978422602342772,-10.2530465100258,
-3.13472295843929));
#13471=CARTESIAN_POINT('Ctrl Pts',(-1.05793342601131,-10.2452119268639,
-3.17210513650457));
#13472=CARTESIAN_POINT('Ctrl Pts',(-1.10556683165459,-10.2396077910199,
-3.20556683493105));
#13473=CARTESIAN_POINT('Ctrl Pts',(-1.14644659523831,-10.2345388891981,
-3.24644659523831));
#13474=CARTESIAN_POINT('Ctrl Pts',(-1.1757932734824,-10.2309854031719,-3.27579327348239));
#13475=CARTESIAN_POINT('Ctrl Pts',(-1.16620280561142,-10.2321150945355,
-3.26620280561142));
#13476=CARTESIAN_POINT('Ctrl Pts',(-1.15643522138666,-10.2333003456552,
-3.25643522138665));
#13477=CARTESIAN_POINT('Ctrl Pts',(-1.14644659523831,-10.2345388891981,
-3.24644659523831));
#13478=CARTESIAN_POINT('Ctrl Pts',(-1.2823927133774,-10.0490587723816,-3.14776412375681));
#13479=CARTESIAN_POINT('Ctrl Pts',(-1.26927257577605,-10.0508506064055,
-3.13461099313423));
#13480=CARTESIAN_POINT('Ctrl Pts',(-1.25564285826708,-10.0527184088324,
-3.12153324529373));
#13481=CARTESIAN_POINT('Ctrl Pts',(-1.24150504043908,-10.0546484743462,
-3.10857423694751));
#13482=CARTESIAN_POINT('Ctrl Pts',(-1.38899215327241,-9.8671321415912,-3.01973497403123));
#13483=CARTESIAN_POINT('Ctrl Pts',(-1.37234234594068,-9.86958611827546,
-3.00301918065704));
#13484=CARTESIAN_POINT('Ctrl Pts',(-1.3548504951475,-9.87213647200966,-2.9866312692008));
#13485=CARTESIAN_POINT('Ctrl Pts',(-1.33656348563986,-9.87475805949437,
-2.97070187865672));
#13486=CARTESIAN_POINT('Ctrl Pts',(-1.49559159316742,-9.68520551080084,
-2.89170582430565));
#13487=CARTESIAN_POINT('Ctrl Pts',(-1.47541211610531,-9.68832163014543,
-2.87142736817985));
#13488=CARTESIAN_POINT('Ctrl Pts',(-1.45405813202793,-9.69155453518688,
-2.85172929310787));
#13489=CARTESIAN_POINT('Ctrl Pts',(-1.43162193084063,-9.69486764464251,
-2.83282952036593));
#13490=CARTESIAN_POINT('Ctrl Pts',(-1.14644659523831,-10.2345388891981,
-3.24644659523831));
#13491=CARTESIAN_POINT('Ctrl Pts',(-1.15643522138666,-10.2333003456552,
-3.25643522138665));
#13492=CARTESIAN_POINT('Ctrl Pts',(-1.16620280561142,-10.2321150945355,
-3.26620280561142));
#13493=CARTESIAN_POINT('Ctrl Pts',(-1.1757932734824,-10.2309854031719,-3.27579327348239));
#13494=CARTESIAN_POINT('Origin',(-1.19782136176986,-9.70787117945897,-3.15352831097093));
#13495=CARTESIAN_POINT('Origin',(0.,0.,-2.85));
#13496=CARTESIAN_POINT('',(-0.792893218813458,-10.2694362232578,-3.1));
#13497=CARTESIAN_POINT('',(-0.754403256735134,-9.77091990174044,-2.6));
#13498=CARTESIAN_POINT('',(-0.792893218813458,-10.2694362232578,-3.1));
#13499=CARTESIAN_POINT('',(6.57943204517243,-7.26299345744977,-2.6));
#13500=CARTESIAN_POINT('Origin',(0.,0.,-2.6));
#13501=CARTESIAN_POINT('',(6.57943204517243,-7.26299345744977,-2.6));
#13502=CARTESIAN_POINT('Origin',(0.,0.,-3.1));
#13503=CARTESIAN_POINT('Ctrl Pts',(-0.833346737077023,-10.2662299733494,
-3.10163917403141));
#13504=CARTESIAN_POINT('Ctrl Pts',(-0.819864573362646,-10.2673279685822,
-3.10054478432894));
#13505=CARTESIAN_POINT('Ctrl Pts',(-0.806379883518409,-10.2683949309457,
-3.1));
#13506=CARTESIAN_POINT('Ctrl Pts',(-0.792893218813458,-10.2694362232578,
-3.1));
#13507=CARTESIAN_POINT('Ctrl Pts',(-0.819862230989168,-10.1001105966053,
-2.93442611602094));
#13508=CARTESIAN_POINT('Ctrl Pts',(-0.80659813208514,-10.1011896908645,
-2.93369652288596));
#13509=CARTESIAN_POINT('Ctrl Pts',(-0.793331665338499,-10.1022396731634,
-2.93333333333333));
#13510=CARTESIAN_POINT('Ctrl Pts',(-0.780063231454017,-10.1032641160854,
-2.93333333333333));
#13511=CARTESIAN_POINT('Ctrl Pts',(-0.806377724901312,-9.93399121986118,
-2.76721305801047));
#13512=CARTESIAN_POINT('Ctrl Pts',(-0.793331690807634,-9.93505141314686,
-2.76684826144298));
#13513=CARTESIAN_POINT('Ctrl Pts',(-0.78028344715859,-9.93608441538112,
-2.76666666666667));
#13514=CARTESIAN_POINT('Ctrl Pts',(-0.767233244094575,-9.9370920089129,
-2.76666666666667));
#13515=CARTESIAN_POINT('Ctrl Pts',(-0.792893218813457,-9.76787184311709,
-2.6));
#13516=CARTESIAN_POINT('Ctrl Pts',(-0.780065249530128,-9.7689131354292,
-2.6));
#13517=CARTESIAN_POINT('Ctrl Pts',(-0.76723522897868,-9.76992915759882,
-2.6));
#13518=CARTESIAN_POINT('Ctrl Pts',(-0.754403256735134,-9.77091990174044,
-2.6));
#13519=CARTESIAN_POINT('Ctrl Pts',(-0.792893218813458,-10.2694362232578,
-3.1));
#13520=CARTESIAN_POINT('Ctrl Pts',(-0.806379883518409,-10.2683949309457,
-3.1));
#13521=CARTESIAN_POINT('Ctrl Pts',(-0.819864573362646,-10.2673279685822,
-3.10054478432894));
#13522=CARTESIAN_POINT('Ctrl Pts',(-0.833346737077023,-10.2662299733494,
-3.10163917403141));
#13523=CARTESIAN_POINT('Origin',(-0.193411313756797,-2.4423482217849,-2.6));
#13524=CARTESIAN_POINT('Origin',(6.91511735359959,-7.63355434813598,-2.6));
#13525=CARTESIAN_POINT('Origin',(6.91511735359959,-7.63355434813598,-2.6));
#13526=CARTESIAN_POINT('Ctrl Pts',(11.6372448789005,9.72298949700698,-3.1));
#13527=CARTESIAN_POINT('Ctrl Pts',(11.6142690346826,9.7173488415617,-3.1));
#13528=CARTESIAN_POINT('Ctrl Pts',(11.5915368443687,9.7106162972995,-3.1));
#13529=CARTESIAN_POINT('Ctrl Pts',(11.5691036449104,9.70279291199675,-3.1));
#13530=CARTESIAN_POINT('Ctrl Pts',(11.6769821629496,9.561129291786,-2.93333333333333));
#13531=CARTESIAN_POINT('Ctrl Pts',(11.6569936545557,9.55622203842694,-2.93333333333333));
#13532=CARTESIAN_POINT('Ctrl Pts',(11.6371252951746,9.55014558783687,-2.9334279599194));
#13533=CARTESIAN_POINT('Ctrl Pts',(11.6175285947084,9.5428635870016,-2.93363966830424));
#13534=CARTESIAN_POINT('Ctrl Pts',(11.7167194469987,9.39926908656503,-2.76666666666667));
#13535=CARTESIAN_POINT('Ctrl Pts',(11.6997182744287,9.39509523529218,-2.76666666666667));
#13536=CARTESIAN_POINT('Ctrl Pts',(11.6827137459804,9.38967487837423,-2.7668559198388));
#13537=CARTESIAN_POINT('Ctrl Pts',(11.6659535445064,9.38293426200645,-2.76727933660849));
#13538=CARTESIAN_POINT('Ctrl Pts',(11.7564567310479,9.23740888134405,-2.6));
#13539=CARTESIAN_POINT('Ctrl Pts',(11.7424428943017,9.23396843215742,-2.6));
#13540=CARTESIAN_POINT('Ctrl Pts',(11.7283021967863,9.22920416891159,-2.6002838797582));
#13541=CARTESIAN_POINT('Ctrl Pts',(11.7143784943044,9.2230049370113,-2.60091900491273));
#13542=CARTESIAN_POINT('',(11.7143784948199,9.22300493724086,-2.60091900495905));
#13543=CARTESIAN_POINT('',(11.5691036449161,9.70279291199875,-3.1));
#13544=CARTESIAN_POINT('',(11.7143784943114,9.22300493701445,-2.60091900500552));
#13545=CARTESIAN_POINT('Origin',(11.9248164866638,8.63382971226193,-3.1));
#13546=CARTESIAN_POINT('Origin',(11.8164908822394,8.99874544072744,-2.65781940078449));
#13547=CARTESIAN_POINT('Ctrl Pts',(11.5691036449161,9.70279291199874,-3.1));
#13548=CARTESIAN_POINT('Ctrl Pts',(11.5493851841246,9.69591626844945,-3.1));
#13549=CARTESIAN_POINT('Ctrl Pts',(11.5298998403745,9.68819102653933,-3.1));
#13550=CARTESIAN_POINT('Ctrl Pts',(11.5108797330895,9.6797161563122,-3.1));
#13551=CARTESIAN_POINT('Ctrl Pts',(11.6175285947134,9.54286358700345,-2.93363966830419));
#13552=CARTESIAN_POINT('Ctrl Pts',(11.6003033758675,9.53646281267938,-2.93382575693999));
#13553=CARTESIAN_POINT('Ctrl Pts',(11.5831715008557,9.52946867187135,-2.93410180934948));
#13554=CARTESIAN_POINT('Ctrl Pts',(11.5663182647071,9.52196074578687,-2.93447490941273));
#13555=CARTESIAN_POINT('Ctrl Pts',(11.6659535445106,9.38293426200816,-2.76727933660838));
#13556=CARTESIAN_POINT('Ctrl Pts',(11.6512215676105,9.37700935690931,-2.76765151387998));
#13557=CARTESIAN_POINT('Ctrl Pts',(11.6364431613369,9.37074631720337,-2.76820361869895));
#13558=CARTESIAN_POINT('Ctrl Pts',(11.6217567963246,9.36420533526155,-2.76894981882546));
#13559=CARTESIAN_POINT('Ctrl Pts',(11.7143784943079,9.22300493701287,-2.60091900491257));
#13560=CARTESIAN_POINT('Ctrl Pts',(11.7021397593534,9.21755590113923,-2.60147727081997));
#13561=CARTESIAN_POINT('Ctrl Pts',(11.6897148218182,9.21202396253539,-2.60230542804843));
#13562=CARTESIAN_POINT('Ctrl Pts',(11.6771953279421,9.20644992473623,-2.60342472823819));
#13563=CARTESIAN_POINT('Origin',(11.6003917920287,9.54102557965896,-3.1));
#13564=CARTESIAN_POINT('Origin',(11.7198584808165,9.22544478420718,-2.69558826075082));
#13565=CARTESIAN_POINT('Origin',(0.792893218813456,4.72440747080243,-3.6));
#13566=CARTESIAN_POINT('',(0.792893231468775,10.7708569489017,-3.09999999996163));
#13567=CARTESIAN_POINT('',(0.792893218813456,4.72440747080243,-3.1));
#13568=CARTESIAN_POINT('',(1.12010162377645,10.742989597489,-3.22193299572486));
#13569=CARTESIAN_POINT('Ctrl Pts',(1.12010162377645,10.742989597489,-3.22193299572487));
#13570=CARTESIAN_POINT('Ctrl Pts',(1.07665181911112,10.7471333725698,-3.18432817668557));
#13571=CARTESIAN_POINT('Ctrl Pts',(1.02460518932994,10.7531493952158,-3.15239611882876));
#13572=CARTESIAN_POINT('Ctrl Pts',(0.906129168799577,10.763365353041,-3.10898158769828));
#13573=CARTESIAN_POINT('Ctrl Pts',(0.847621663086226,10.7668394438526,-3.10000000184941));
#13574=CARTESIAN_POINT('Ctrl Pts',(0.79289323570973,10.7708569492662,-3.1));
#13575=CARTESIAN_POINT('',(1.14644660941961,10.7403648633823,-3.24644660941961));
#13576=CARTESIAN_POINT('Ctrl Pts',(1.14644660941968,10.7403648633836,-3.24644660941968));
#13577=CARTESIAN_POINT('Ctrl Pts',(1.13797119770022,10.7412490201958,-3.2379711976996));
#13578=CARTESIAN_POINT('Ctrl Pts',(1.12919033324117,10.7421228141263,-3.22979906732989));
#13579=CARTESIAN_POINT('Ctrl Pts',(1.12010162377662,10.742989597489,-3.22193299572501));
#13580=CARTESIAN_POINT('',(1.14644660940673,4.72440747080243,-3.24644660940673));
#13581=CARTESIAN_POINT('Origin',(0.,-2.22044604925031E-15,-3.1));
#13582=CARTESIAN_POINT('',(-11.0823282184832,-10.0362343021646,-3.1));
#13583=CARTESIAN_POINT('Origin',(0.,0.,-3.1));
#13584=CARTESIAN_POINT('',(-12.1824616279514,-10.5260452537261,-3.1));
#13585=CARTESIAN_POINT('',(-2.69595939553812,-6.30238233661223,-3.1));
#13586=CARTESIAN_POINT('',(-12.1824616279514,10.5260452537261,-3.1));
#13587=CARTESIAN_POINT('Origin',(0.,0.,-3.1));
#13588=CARTESIAN_POINT('',(-7.42613538552036,8.40839237391003,-3.1));
#13589=CARTESIAN_POINT('',(-5.31087186978988,7.46661637972022,-3.1));
#13590=CARTESIAN_POINT('',(-6.65867492248536,8.50306111213276,-3.1));
#13591=CARTESIAN_POINT('Origin',(-7.12108290321351,9.09355146714198,-3.1));
#13592=CARTESIAN_POINT('',(0.7578094480695,10.773380381311,-3.1));
#13593=CARTESIAN_POINT('Origin',(0.,0.,-3.1));
#13594=CARTESIAN_POINT('Ctrl Pts',(0.79289323570973,10.7708569492662,-3.1));
#13595=CARTESIAN_POINT('Ctrl Pts',(0.78102696924599,10.7717280283741,-3.1));
#13596=CARTESIAN_POINT('Ctrl Pts',(0.76934534242386,10.7725689359313,-3.1));
#13597=CARTESIAN_POINT('Ctrl Pts',(0.757809448069499,10.773380381311,-3.1));
#13598=CARTESIAN_POINT('Origin',(0.,0.,-3.6));
#13599=CARTESIAN_POINT('',(-10.8119535251036,-9.92114126533634,-3.18397485257364));
#13600=CARTESIAN_POINT('Origin',(0.,0.,-3.18397485283108));
#13601=CARTESIAN_POINT('',(-10.9231359313894,-9.96621455955432,-3.12797329752359));
#13602=CARTESIAN_POINT('Ctrl Pts',(-10.9231359313894,-9.96621455955432,
-3.1279732975236));
#13603=CARTESIAN_POINT('Ctrl Pts',(-10.9038441749092,-9.95804861776729,
-3.13487451412782));
#13604=CARTESIAN_POINT('Ctrl Pts',(-10.8847704362424,-9.95028078791042,
-3.14301107973754));
#13605=CARTESIAN_POINT('Ctrl Pts',(-10.8474844063619,-9.9351666251706,-3.16178443568804));
#13606=CARTESIAN_POINT('Ctrl Pts',(-10.8294808563082,-9.92790480722734,
-3.17231676879102));
#13607=CARTESIAN_POINT('Ctrl Pts',(-10.8119535251248,-9.92114126542017,
-3.18397485265415));
#13608=CARTESIAN_POINT('Ctrl Pts',(-11.0823282184832,-10.0362343021646,
-3.1));
#13609=CARTESIAN_POINT('Ctrl Pts',(-11.0293702971354,-10.0126559164663,
-3.1));
#13610=CARTESIAN_POINT('Ctrl Pts',(-10.9765291719841,-9.98881520221563,
-3.1088729984438));
#13611=CARTESIAN_POINT('Ctrl Pts',(-10.9231359313894,-9.96621455955432,
-3.12797329752359));
#13612=CARTESIAN_POINT('Origin',(0.,0.,-3.6));
#13613=CARTESIAN_POINT('',(-9.598918597206,-9.38707754697359,-4.0160251476432));
#13614=CARTESIAN_POINT('Origin',(1.11022302462516E-15,-1.11022302462516E-15,
-4.01602514716892));
#13615=CARTESIAN_POINT('',(-10.6946909113434,-9.87325711545391,-3.26311360017415));
#13616=CARTESIAN_POINT('Ctrl Pts',(-10.6946909113434,-9.87325711545391,
-3.26311360017415));
#13617=CARTESIAN_POINT('Ctrl Pts',(-10.3145208751732,-9.70451581348658,
-3.52564411641964));
#13618=CARTESIAN_POINT('Ctrl Pts',(-9.94993392674672,-9.54275222774602,
-3.77615666115421));
#13619=CARTESIAN_POINT('Ctrl Pts',(-9.59891859706894,-9.38707754674066,
-4.01602514771698));
#13620=CARTESIAN_POINT('Ctrl Pts',(-10.8119535251248,-9.92114126542017,
-3.18397485265416));
#13621=CARTESIAN_POINT('Ctrl Pts',(-10.7684670725246,-9.90436047677487,
-3.21289931962934));
#13622=CARTESIAN_POINT('Ctrl Pts',(-10.732961698101,-9.89024388918771,-3.2366852958664));
#13623=CARTESIAN_POINT('Ctrl Pts',(-10.6946909113436,-9.873257115454,-3.26311360017402));
#13624=CARTESIAN_POINT('Origin',(0.,0.,-3.6));
#13625=CARTESIAN_POINT('',(-9.33520209308301,-9.25958984896949,-4.1));
#13626=CARTESIAN_POINT('Origin',(0.,0.,-4.1));
#13627=CARTESIAN_POINT('',(-9.4616459501669,-9.32125136614143,-4.08191112878372));
#13628=CARTESIAN_POINT('Ctrl Pts',(-9.4616459501669,-9.32125136614143,-4.08191112878372));
#13629=CARTESIAN_POINT('Ctrl Pts',(-9.44059042137454,-9.31066717595572,
-4.088113437371));
#13630=CARTESIAN_POINT('Ctrl Pts',(-9.41904993751359,-9.30005730348079,
-4.09272706903005));
#13631=CARTESIAN_POINT('Ctrl Pts',(-9.37675657896335,-9.27943024821264,
-4.09858433692113));
#13632=CARTESIAN_POINT('Ctrl Pts',(-9.35602490150673,-9.2694109817883,-4.10000000000005));
#13633=CARTESIAN_POINT('Ctrl Pts',(-9.33520209308314,-9.2595898489692,-4.1));
#13634=CARTESIAN_POINT('Ctrl Pts',(-9.59891859706894,-9.38707754674066,
-4.01602514771697));
#13635=CARTESIAN_POINT('Ctrl Pts',(-9.57758037910884,-9.37761408461422,
-4.03060675027178));
#13636=CARTESIAN_POINT('Ctrl Pts',(-9.55546548175782,-9.36733130628228,
-4.043444111234));
#13637=CARTESIAN_POINT('Ctrl Pts',(-9.50956975529678,-9.34522440420482,
-4.06558673565089));
#13638=CARTESIAN_POINT('Ctrl Pts',(-9.48585329728416,-9.3334199119095,-4.07478039184611));
#13639=CARTESIAN_POINT('Ctrl Pts',(-9.4616459501669,-9.32125136614143,-4.08191112878372));
#13640=CARTESIAN_POINT('Origin',(-5.59586998388022,-9.14878379764658,-4.1));
#13641=CARTESIAN_POINT('',(-2.20710678118655,-10.5720707364471,-4.1));
#13642=CARTESIAN_POINT('',(-2.20710678118655,-9.29879936962572,-4.1));
#13643=CARTESIAN_POINT('',(-3.37354245912661,-10.2595911846657,-4.1));
#13644=CARTESIAN_POINT('Origin',(0.,0.,-4.1));
#13645=CARTESIAN_POINT('',(-3.77305364958667,-10.7048536826855,-4.1));
#13646=CARTESIAN_POINT('',(-3.70035095345106,-10.6238252037164,-4.1));
#13647=CARTESIAN_POINT('',(-5.92460642701107,-10.7048536826855,-4.1));
#13648=CARTESIAN_POINT('',(-4.57289313080787,-10.7048536826855,-4.1));
#13649=CARTESIAN_POINT('',(-6.1756490722234,-10.6372627370365,-4.1));
#13650=CARTESIAN_POINT('Origin',(-5.92460642701107,-10.2048536826855,-4.1));
#13651=CARTESIAN_POINT('',(-8.03854124107696,-9.30977200126324,-4.1));
#13652=CARTESIAN_POINT('Origin',(0.,0.,-4.1));
#13653=CARTESIAN_POINT('',(-9.0988178224517,-9.15311857624367,-4.1));
#13654=CARTESIAN_POINT('Origin',(-8.6920811793759,-10.0666640338863,-4.1));
#13655=CARTESIAN_POINT('',(-9.15208805702172,-9.17683601274735,-4.1));
#13656=CARTESIAN_POINT('',(-6.73073669502107,-8.09878092917376,-4.1));
#13657=CARTESIAN_POINT('Ctrl Pts',(-9.33520209308316,-9.25958984896921,
-4.1));
#13658=CARTESIAN_POINT('Ctrl Pts',(-9.27159408901282,-9.22958896514871,
-4.1));
#13659=CARTESIAN_POINT('Ctrl Pts',(-9.20733620697217,-9.20143407391552,
-4.1));
#13660=CARTESIAN_POINT('Ctrl Pts',(-9.15208805702173,-9.17683601274736,
-4.1));
#13661=CARTESIAN_POINT('Origin',(-2.20710678118655,-9.29879936962572,-3.6));
#13662=CARTESIAN_POINT('',(-1.8535534096388,-10.6429467240045,-3.95355340891843));
#13663=CARTESIAN_POINT('',(-1.85355339059328,-9.29879936962572,-3.95355339059328));
#13664=CARTESIAN_POINT('',(-2.10946529102332,-10.592079968264,-4.09037346930549));
#13665=CARTESIAN_POINT('Ctrl Pts',(-2.10946529102332,-10.592079968264,-4.09037346930549));
#13666=CARTESIAN_POINT('Ctrl Pts',(-2.05080320490653,-10.6039921599954,
-4.07869287509912));
#13667=CARTESIAN_POINT('Ctrl Pts',(-1.99266271140777,-10.6156826304992,
-4.05566334542693));
#13668=CARTESIAN_POINT('Ctrl Pts',(-1.9093588441178,-10.6321344117499,-4.00349033986203));
#13669=CARTESIAN_POINT('Ctrl Pts',(-1.87955833784144,-10.6379413521922,
-3.97955833414239));
#13670=CARTESIAN_POINT('Ctrl Pts',(-1.85355341566306,-10.6429467248511,
-3.95355341566305));
#13671=CARTESIAN_POINT('Ctrl Pts',(-2.20710678118656,-10.5720707364471,
-4.1));
#13672=CARTESIAN_POINT('Ctrl Pts',(-2.19074088730468,-10.5754874062999,
-4.1));
#13673=CARTESIAN_POINT('Ctrl Pts',(-2.17437765379831,-10.5788612580023,
-4.09919656721856));
#13674=CARTESIAN_POINT('Ctrl Pts',(-2.14176818208965,-10.5855272264999,
-4.095983175854));
#13675=CARTESIAN_POINT('Ctrl Pts',(-2.12554671894846,-10.5888143998971,
-4.09357554830211));
#13676=CARTESIAN_POINT('Ctrl Pts',(-2.10946529102332,-10.592079968264,-4.09037346930549));
#13677=CARTESIAN_POINT('Origin',(-1.5,-9.44881494160487,-3.6));
#13678=CARTESIAN_POINT('',(-1.14644660941961,-10.7403648633823,-3.24644660941961));
#13679=CARTESIAN_POINT('',(-1.14644660940673,-4.72440747080243,-3.24644660940673));
#13680=CARTESIAN_POINT('',(-1.81226691569988,-10.6503639192255,-3.91226691569988));
#13681=CARTESIAN_POINT('Ctrl Pts',(-1.81226691569988,-10.6503639192255,
-3.91226691569988));
#13682=CARTESIAN_POINT('Ctrl Pts',(-1.70154981858777,-10.6687743524215,
-3.80154981858777));
#13683=CARTESIAN_POINT('Ctrl Pts',(-1.59067641249917,-10.6854758729314,
-3.69067641249916));
#13684=CARTESIAN_POINT('Ctrl Pts',(-1.36872767424714,-10.7154701953529,
-3.46872767424713));
#13685=CARTESIAN_POINT('Ctrl Pts',(-1.25762451170651,-10.728766760197,-3.35762451170651));
#13686=CARTESIAN_POINT('Ctrl Pts',(-1.14644660941968,-10.7403648633836,
-3.24644660941968));
#13687=CARTESIAN_POINT('Ctrl Pts',(-1.85355341566303,-10.6429467248511,
-3.95355341566302));
#13688=CARTESIAN_POINT('Ctrl Pts',(-1.83947446539854,-10.6456566117291,
-3.93947446539854));
#13689=CARTESIAN_POINT('Ctrl Pts',(-1.82575901071393,-10.6481204056182,
-3.92575901071392));
#13690=CARTESIAN_POINT('Ctrl Pts',(-1.81226691569956,-10.6503639192256,
-3.91226691569956));
#13691=CARTESIAN_POINT('Origin',(0.,0.,0.));
#13692=CARTESIAN_POINT('',(6.57943204517244,7.26299345744976,0.));
#13693=CARTESIAN_POINT('',(-6.57943204517244,7.26299345744976,0.));
#13694=CARTESIAN_POINT('Origin',(6.9151173535996,7.63355434813597,0.));
#13695=CARTESIAN_POINT('',(7.11848567513751,7.17678161931467,0.));
#13696=CARTESIAN_POINT('Origin',(11.8939180611948,9.30294110233879,0.));
#13697=CARTESIAN_POINT('',(11.7143784963526,9.22300493792323,0.));
#13698=CARTESIAN_POINT('Origin',(11.8160626571215,8.99461857351258,0.));
#13699=CARTESIAN_POINT('',(12.0149862708778,9.14604312862222,0.));
#13700=CARTESIAN_POINT('Origin',(0.,0.,0.));
#13701=CARTESIAN_POINT('',(12.0149862708778,-9.14604312862223,0.));
#13702=CARTESIAN_POINT('Origin',(0.,0.,-0.25));
#13703=CARTESIAN_POINT('Origin',(11.8160626571215,-8.99461857351259,0.));
#13704=CARTESIAN_POINT('',(11.7143784963526,-9.22300493792324,0.));
#13705=CARTESIAN_POINT('Origin',(6.81554188760362,-7.04190235506858,0.));
#13706=CARTESIAN_POINT('',(7.1184856751375,-7.17678161931468,0.));
#13707=CARTESIAN_POINT('Origin',(6.91511735359959,-7.63355434813598,0.));
#13708=CARTESIAN_POINT('',(6.57943204517243,-7.26299345744977,0.));
#13709=CARTESIAN_POINT('Origin',(5.20918770902092,-7.69500274413089,-2.85));
#13710=CARTESIAN_POINT('',(7.22276706398245,-8.86516510273134,-2.6));
#13711=CARTESIAN_POINT('',(7.42613538552035,-8.40839237391005,-3.1));
#13712=CARTESIAN_POINT('',(7.22276706398245,-8.86516510273134,-2.6));
#13713=CARTESIAN_POINT('',(12.1824616279514,-10.5260452537262,-3.1));
#13714=CARTESIAN_POINT('',(5.31087186978987,-7.46661637972024,-3.1));
#13715=CARTESIAN_POINT('',(11.9790933064135,-10.9828179825474,-2.6));
#13716=CARTESIAN_POINT('',(12.1824616279514,-10.5260452537262,-3.1));
#13717=CARTESIAN_POINT('',(5.10750354825197,-7.92338910854154,-2.6));
#13718=CARTESIAN_POINT('Origin',(7.1210829032135,-9.09355146714199,-2.85));
#13719=CARTESIAN_POINT('',(6.96694690963745,-8.89672134880559,-2.6));
#13720=CARTESIAN_POINT('Origin',(7.1210829032135,-9.09355146714199,-2.6));
#13721=CARTESIAN_POINT('',(6.65867492248535,-8.50306111213277,-3.1));
#13722=CARTESIAN_POINT('',(6.96694690963745,-8.89672134880559,-2.6));
#13723=CARTESIAN_POINT('Origin',(7.1210829032135,-9.09355146714199,-3.1));
#13724=CARTESIAN_POINT('Origin',(0.,0.,-2.85));
#13725=CARTESIAN_POINT('',(-0.79289321881346,-11.2721479915569,-2.6));
#13726=CARTESIAN_POINT('',(-0.7578094480695,-10.773380381311,-3.1));
#13727=CARTESIAN_POINT('',(-0.79289321881346,-11.2721479915569,-2.6));
#13728=CARTESIAN_POINT('Origin',(0.,0.,-3.1));
#13729=CARTESIAN_POINT('Origin',(0.,0.,-2.6));
#13730=CARTESIAN_POINT('Origin',(0.,0.,-2.85));
#13731=CARTESIAN_POINT('',(12.5607989455897,-10.8529410690593,-2.6));
#13732=CARTESIAN_POINT('',(12.5607989455897,-10.8529410690593,-2.6));
#13733=CARTESIAN_POINT('',(12.1824616279514,10.5260452537261,-3.1));
#13734=CARTESIAN_POINT('Origin',(0.,0.,-3.1));
#13735=CARTESIAN_POINT('',(12.5607989455897,10.8529410690593,-2.6));
#13736=CARTESIAN_POINT('',(12.1824616279514,10.5260452537261,-3.1));
#13737=CARTESIAN_POINT('Origin',(0.,0.,-2.6));
#13738=CARTESIAN_POINT('Origin',(-5.20918770902093,7.69500274413087,-2.85));
#13739=CARTESIAN_POINT('',(-7.22276706398246,8.86516510273133,-2.6));
#13740=CARTESIAN_POINT('',(-7.22276706398246,8.86516510273133,-2.6));
#13741=CARTESIAN_POINT('',(-11.9790933064135,10.9828179825474,-2.6));
#13742=CARTESIAN_POINT('',(-12.1824616279514,10.5260452537261,-3.1));
#13743=CARTESIAN_POINT('',(-5.10750354825197,7.92338910854152,-2.6));
#13744=CARTESIAN_POINT('Origin',(-7.12108290321351,9.09355146714198,-2.85));
#13745=CARTESIAN_POINT('',(-6.96694690963746,8.89672134880558,-2.6));
#13746=CARTESIAN_POINT('Origin',(-7.12108290321351,9.09355146714198,-2.6));
#13747=CARTESIAN_POINT('',(-6.96694690963746,8.89672134880558,-2.6));
#13748=CARTESIAN_POINT('Origin',(0.,0.,-2.85));
#13749=CARTESIAN_POINT('',(0.792893218813459,11.2721479915569,-2.6));
#13750=CARTESIAN_POINT('',(0.792893218813459,11.2721479915569,-2.6));
#13751=CARTESIAN_POINT('Origin',(0.,0.,-2.6));
#13752=CARTESIAN_POINT('Origin',(0.,0.,-2.85));
#13753=CARTESIAN_POINT('',(-12.5607989455897,10.8529410690593,-2.6));
#13754=CARTESIAN_POINT('',(-12.5607989455897,10.8529410690593,-2.6));
#13755=CARTESIAN_POINT('',(-12.5607989455897,-10.8529410690593,-2.6));
#13756=CARTESIAN_POINT('',(-12.1824616279514,-10.5260452537261,-3.1));
#13757=CARTESIAN_POINT('',(-16.6,-2.03291368658461E-15,-2.6));
#13758=CARTESIAN_POINT('Origin',(0.,0.,-2.6));
#13759=CARTESIAN_POINT('Origin',(0.,0.,-2.6));
#13760=CARTESIAN_POINT('Origin',(-4.57289313080787,-10.9548536826855,-3.85));
#13761=CARTESIAN_POINT('',(-3.54991627773552,-11.2048536826855,-3.6));
#13762=CARTESIAN_POINT('',(-5.92460642701107,-11.2048536826855,-3.6));
#13763=CARTESIAN_POINT('',(-4.57289313080787,-11.2048536826855,-3.6));
#13764=CARTESIAN_POINT('',(-5.92460642701107,-11.2048536826855,-3.6));
#13765=CARTESIAN_POINT('',(-3.77305364958667,-10.7048536826855,-4.1));
#13766=CARTESIAN_POINT('Origin',(-5.92460642701107,-10.2048536826855,-3.85));
#13767=CARTESIAN_POINT('',(-6.42669171743574,-11.0696717913876,-3.6));
#13768=CARTESIAN_POINT('Origin',(-5.92460642701107,-10.2048536826855,-3.6));
#13769=CARTESIAN_POINT('',(-6.42669171743574,-11.0696717913876,-3.6));
#13770=CARTESIAN_POINT('Origin',(0.,0.,-3.85));
#13771=CARTESIAN_POINT('',(-8.36531121022643,-9.68821801757475,-3.6));
#13772=CARTESIAN_POINT('',(-8.36531121022643,-9.68821801757475,-3.6));
#13773=CARTESIAN_POINT('Origin',(0.,0.,-3.6));
#13774=CARTESIAN_POINT('Origin',(-8.6920811793759,-10.0666640338863,-3.85));
#13775=CARTESIAN_POINT('',(-8.8954495009138,-9.60989130506497,-3.6));
#13776=CARTESIAN_POINT('Origin',(-8.6920811793759,-10.0666640338863,-3.6));
#13777=CARTESIAN_POINT('',(-8.8954495009138,-9.60989130506497,-3.6));
#13778=CARTESIAN_POINT('Origin',(-6.62905253425212,-8.32716729358441,-3.85));
#13779=CARTESIAN_POINT('',(-8.94871973548382,-9.63360874156866,-3.6));
#13780=CARTESIAN_POINT('',(-8.94871973548382,-9.63360874156866,-3.6));
#13781=CARTESIAN_POINT('',(-6.52736837348317,-8.55555365799506,-3.6));
#13782=CARTESIAN_POINT('Origin',(-3.51427306689327,-10.7907833425841,-3.85));
#13783=CARTESIAN_POINT('',(-3.216,-10.8326979095699,-3.6));
#13784=CARTESIAN_POINT('',(-3.32819518033548,-10.9577414814519,-3.6));
#13785=CARTESIAN_POINT('Ctrl Pts',(-3.37354245912663,-10.2595911846657,
-4.09999999999999));
#13786=CARTESIAN_POINT('Ctrl Pts',(-3.29774624322292,-10.5434752200263,
-3.8539970005499));
#13787=CARTESIAN_POINT('Ctrl Pts',(-3.21600000000003,-10.8326979095699,
-3.6));
#13788=CARTESIAN_POINT('Origin',(0.,0.,-3.85));
#13789=CARTESIAN_POINT('',(-2.30928765068593,-11.061518455727,-3.6));
#13790=CARTESIAN_POINT('',(-2.20710678118655,-10.5720707364471,-4.1));
#13791=CARTESIAN_POINT('Origin',(0.,0.,-3.6));
#13792=CARTESIAN_POINT('Ctrl Pts',(-9.33520209308314,-9.2595898489692,-4.1));
#13793=CARTESIAN_POINT('Ctrl Pts',(-9.37622019065874,-9.27893614347866,
-4.10000000000009));
#13794=CARTESIAN_POINT('Ctrl Pts',(-9.41776877571353,-9.29919519439643,
-4.09483598945007));
#13795=CARTESIAN_POINT('Ctrl Pts',(-9.4616459501669,-9.32125136614143,-4.08191112878372));
#13796=CARTESIAN_POINT('Ctrl Pts',(-9.21465800795933,-9.38795080595058,
-3.93187835934602));
#13797=CARTESIAN_POINT('Ctrl Pts',(-9.24345242797118,-9.40149348161803,
-3.93133197264128));
#13798=CARTESIAN_POINT('Ctrl Pts',(-9.2723451214403,-9.41553095689124,-3.92724965247981));
#13799=CARTESIAN_POINT('Ctrl Pts',(-9.30252169347168,-9.43064696241594,
-3.91800983560884));
#13800=CARTESIAN_POINT('Ctrl Pts',(-9.09411392283551,-9.51631176293197,
-3.76375671869205));
#13801=CARTESIAN_POINT('Ctrl Pts',(-9.11068466528362,-9.5240508197574,-3.76266394528247));
#13802=CARTESIAN_POINT('Ctrl Pts',(-9.12692146716707,-9.53186671938605,
-3.75966331550956));
#13803=CARTESIAN_POINT('Ctrl Pts',(-9.14339743677647,-9.54004255869046,
-3.75410854243395));
#13804=CARTESIAN_POINT('Ctrl Pts',(-8.9735698377117,-9.64467271991336,-3.59563507803807));
#13805=CARTESIAN_POINT('Ctrl Pts',(-8.97791690259606,-9.64660815789677,
-3.59399591792366));
#13806=CARTESIAN_POINT('Ctrl Pts',(-8.98149781289384,-9.64820248188086,
-3.59207697853931));
#13807=CARTESIAN_POINT('Ctrl Pts',(-8.98427318008126,-9.64943815496497,
-3.59020724925907));
#13808=CARTESIAN_POINT('',(-8.9735698377117,-9.64467271991336,-3.59563507803807));
#13809=CARTESIAN_POINT('',(-9.33520209308301,-9.25958984896949,-4.1));
#13810=CARTESIAN_POINT('',(-8.98427318008126,-9.64943815496497,-3.59020724925907));
#13811=CARTESIAN_POINT('Origin',(-8.96514470443118,-9.64092160889948,-3.58340430672885));
#13812=CARTESIAN_POINT('',(-8.98427318008126,-9.64943815496497,-3.59020724925907));
#13813=CARTESIAN_POINT('Ctrl Pts',(-9.15208805702173,-9.17683601274736,
-4.1));
#13814=CARTESIAN_POINT('Ctrl Pts',(-9.20733620697217,-9.20143407391552,
-4.1));
#13815=CARTESIAN_POINT('Ctrl Pts',(-9.27159408901282,-9.22958896514871,
-4.1));
#13816=CARTESIAN_POINT('Ctrl Pts',(-9.33520209308316,-9.25958984896921,
-4.1));
#13817=CARTESIAN_POINT('Ctrl Pts',(-9.08429861650909,-9.32909358902113,
-3.93333333333333));
#13818=CARTESIAN_POINT('Ctrl Pts',(-9.12396797470717,-9.34675552521869,
-3.93333333333333));
#13819=CARTESIAN_POINT('Ctrl Pts',(-9.17000563026334,-9.36694976933766,
-3.93272565772887));
#13820=CARTESIAN_POINT('Ctrl Pts',(-9.21465800795934,-9.38795080595059,
-3.93187835934602));
#13821=CARTESIAN_POINT('Ctrl Pts',(-9.01650917599646,-9.48135116529489,
-3.76666666666667));
#13822=CARTESIAN_POINT('Ctrl Pts',(-9.04059974244218,-9.49207697652186,
-3.76666666666667));
#13823=CARTESIAN_POINT('Ctrl Pts',(-9.06841717151386,-9.50431057352661,
-3.76545131545774));
#13824=CARTESIAN_POINT('Ctrl Pts',(-9.09411392283552,-9.51631176293198,
-3.76375671869205));
#13825=CARTESIAN_POINT('Ctrl Pts',(-8.94871973548382,-9.63360874156866,
-3.6));
#13826=CARTESIAN_POINT('Ctrl Pts',(-8.95723151017718,-9.63739842782502,
-3.6));
#13827=CARTESIAN_POINT('Ctrl Pts',(-8.96682871276438,-9.64167137771556,
-3.5981769731866));
#13828=CARTESIAN_POINT('Ctrl Pts',(-8.9735698377117,-9.64467271991336,-3.59563507803807));
#13829=CARTESIAN_POINT('Ctrl Pts',(-8.94871973548382,-9.63360874156866,
-3.6));
#13830=CARTESIAN_POINT('Ctrl Pts',(-8.95723151017718,-9.63739842782502,
-3.6));
#13831=CARTESIAN_POINT('Ctrl Pts',(-8.96682871276438,-9.64167137771556,
-3.5981769731866));
#13832=CARTESIAN_POINT('Ctrl Pts',(-8.9735698377117,-9.64467271991336,-3.59563507803807));
#13833=CARTESIAN_POINT('Ctrl Pts',(-9.59891859706894,-9.38707754674066,
-4.01602514771698));
#13834=CARTESIAN_POINT('Ctrl Pts',(-9.94993392674672,-9.54275222774602,
-3.77615666115421));
#13835=CARTESIAN_POINT('Ctrl Pts',(-10.3145208751732,-9.70451581348658,
-3.52564411641964));
#13836=CARTESIAN_POINT('Ctrl Pts',(-10.6946909113434,-9.87325711545391,
-3.26311360017415));
#13837=CARTESIAN_POINT('Ctrl Pts',(-9.43647883821406,-9.49342749951742,
-3.84546960362072));
#13838=CARTESIAN_POINT('Ctrl Pts',(-9.78753841886247,-9.64932435324099,
-3.6065731748303));
#13839=CARTESIAN_POINT('Ctrl Pts',(-10.1521907853473,-9.81130405897367,
-3.35698683279453));
#13840=CARTESIAN_POINT('Ctrl Pts',(-10.532441975709,-9.98025526092517,-3.09534211143433));
#13841=CARTESIAN_POINT('Ctrl Pts',(-9.27403907935917,-9.59977745229417,
-3.67491405952446));
#13842=CARTESIAN_POINT('Ctrl Pts',(-9.62514291097821,-9.75589647873596,
-3.43698968850639));
#13843=CARTESIAN_POINT('Ctrl Pts',(-9.98986069552138,-9.91809230446076,
-3.18832954916942));
#13844=CARTESIAN_POINT('Ctrl Pts',(-10.3701930400747,-10.0872534063964,
-2.92757062269452));
#13845=CARTESIAN_POINT('Ctrl Pts',(-9.11159932050429,-9.70612740507092,
-3.50435851542821));
#13846=CARTESIAN_POINT('Ctrl Pts',(-9.46274740309396,-9.86246860423093,
-3.26740620218248));
#13847=CARTESIAN_POINT('Ctrl Pts',(-9.82753060569547,-10.0248805499478,
-3.01967226554431));
#13848=CARTESIAN_POINT('Ctrl Pts',(-10.2079441044404,-10.1942515518677,
-2.75979913395471));
#13849=CARTESIAN_POINT('',(-9.1115993205043,-9.70612740507092,-3.50435851542821));
#13850=CARTESIAN_POINT('',(-9.59891859712831,-9.38707754699653,-4.01602514796991));
#13851=CARTESIAN_POINT('',(-10.2079441044404,-10.1942515518677,-2.75979913395471));
#13852=CARTESIAN_POINT('Ctrl Pts',(-9.11159932050429,-9.70612740507092,
-3.50435851542821));
#13853=CARTESIAN_POINT('Ctrl Pts',(-9.46274740309396,-9.86246860423093,
-3.26740620218248));
#13854=CARTESIAN_POINT('Ctrl Pts',(-9.82753060569547,-10.0248805499478,
-3.01967226554431));
#13855=CARTESIAN_POINT('Ctrl Pts',(-10.2079441044404,-10.1942515518677,
-2.75979913395471));
#13856=CARTESIAN_POINT('',(-10.2079441044404,-10.1942515518677,-2.75979913395471));
#13857=CARTESIAN_POINT('Ctrl Pts',(-9.4616459501669,-9.32125136614143,-4.08191112878372));
#13858=CARTESIAN_POINT('Ctrl Pts',(-9.51084358733911,-9.3459820273209,-4.06741902409635));
#13859=CARTESIAN_POINT('Ctrl Pts',(-9.55629230151933,-9.36817285965392,
-4.04515408909581));
#13860=CARTESIAN_POINT('Ctrl Pts',(-9.59891859706894,-9.38707754674066,
-4.01602514771697));
#13861=CARTESIAN_POINT('Ctrl Pts',(-9.30252169347169,-9.43064696241594,
-3.91800983560884));
#13862=CARTESIAN_POINT('Ctrl Pts',(-9.34940104016842,-9.45340330022118,
-3.89886229597662));
#13863=CARTESIAN_POINT('Ctrl Pts',(-9.39384716896681,-9.47449583242621,
-3.87448050111875));
#13864=CARTESIAN_POINT('Ctrl Pts',(-9.43647883821406,-9.49342749951742,
-3.84546960362072));
#13865=CARTESIAN_POINT('Ctrl Pts',(-9.14339743677648,-9.54004255869046,
-3.75410854243395));
#13866=CARTESIAN_POINT('Ctrl Pts',(-9.18795849299772,-9.56082457312147,
-3.73030556785689));
#13867=CARTESIAN_POINT('Ctrl Pts',(-9.23140203641429,-9.5808188051985,-3.7038069131417));
#13868=CARTESIAN_POINT('Ctrl Pts',(-9.27403907935918,-9.59977745229417,
-3.67491405952446));
#13869=CARTESIAN_POINT('Ctrl Pts',(-8.98427318008127,-9.64943815496497,
-3.59020724925907));
#13870=CARTESIAN_POINT('Ctrl Pts',(-9.02651594582703,-9.66824584602175,
-3.56174883973716));
#13871=CARTESIAN_POINT('Ctrl Pts',(-9.06895690386176,-9.68714177797079,
-3.53313332516465));
#13872=CARTESIAN_POINT('Ctrl Pts',(-9.1115993205043,-9.70612740507092,-3.50435851542821));
#13873=CARTESIAN_POINT('Ctrl Pts',(-8.98427318008127,-9.64943815496497,
-3.59020724925907));
#13874=CARTESIAN_POINT('Ctrl Pts',(-9.02651594582703,-9.66824584602175,
-3.56174883973716));
#13875=CARTESIAN_POINT('Ctrl Pts',(-9.06895690386176,-9.68714177797079,
-3.53313332516465));
#13876=CARTESIAN_POINT('Ctrl Pts',(-9.1115993205043,-9.70612740507092,-3.50435851542821));
#13877=CARTESIAN_POINT('Ctrl Pts',(-10.8119535251169,-9.92114126541713,
-3.1839748526594));
#13878=CARTESIAN_POINT('Ctrl Pts',(-10.8461182791657,-9.93432494637337,
-3.16125059625605));
#13879=CARTESIAN_POINT('Ctrl Pts',(-10.8854025824041,-9.95024253898892,
-3.1414716026063));
#13880=CARTESIAN_POINT('Ctrl Pts',(-10.9231359313894,-9.96621455955432,
-3.12797329752359));
#13881=CARTESIAN_POINT('Ctrl Pts',(-10.702997299754,-10.0533083640201,-2.99980597871012));
#13882=CARTESIAN_POINT('Ctrl Pts',(-10.751852396999,-10.0737084230219,-2.97756058923117));
#13883=CARTESIAN_POINT('Ctrl Pts',(-10.8056168141852,-10.0965972797564,
-2.9609810684042));
#13884=CARTESIAN_POINT('Ctrl Pts',(-10.8554526652269,-10.1182336643332,
-2.95198219834906));
#13885=CARTESIAN_POINT('Ctrl Pts',(-10.5940410743911,-10.185475462623,-2.81563710476084));
#13886=CARTESIAN_POINT('Ctrl Pts',(-10.6575865148322,-10.2130918996703,
-2.7938705822063));
#13887=CARTESIAN_POINT('Ctrl Pts',(-10.7258310459663,-10.2429520205238,
-2.7804905342021));
#13888=CARTESIAN_POINT('Ctrl Pts',(-10.7877693990645,-10.270252769112,-2.77599109917453));
#13889=CARTESIAN_POINT('Ctrl Pts',(-10.4850848490282,-10.3176425612259,
-2.63146823081156));
#13890=CARTESIAN_POINT('Ctrl Pts',(-10.5633206326655,-10.3524753763188,
-2.61018057518142));
#13891=CARTESIAN_POINT('Ctrl Pts',(-10.6460452777474,-10.3893067612913,
-2.6));
#13892=CARTESIAN_POINT('Ctrl Pts',(-10.720086132902,-10.4222718738909,-2.6));
#13893=CARTESIAN_POINT('',(-10.4850848490463,-10.317642561234,-2.63146823080665));
#13894=CARTESIAN_POINT('',(-10.8119535251036,-9.92114126533634,-3.18397485257364));
#13895=CARTESIAN_POINT('',(-10.720086132902,-10.4222718738909,-2.6));
#13896=CARTESIAN_POINT('Origin',(-10.6201538190162,-10.3777791411598,-2.75327789163917));
#13897=CARTESIAN_POINT('',(-10.720086132902,-10.4222718738909,-2.6));
#13898=CARTESIAN_POINT('Ctrl Pts',(-10.6946909113436,-9.873257115454,-3.26311360017402));
#13899=CARTESIAN_POINT('Ctrl Pts',(-10.732961698101,-9.89024388918771,-3.2366852958664));
#13900=CARTESIAN_POINT('Ctrl Pts',(-10.7684670725246,-9.90436047677487,
-3.21289931962934));
#13901=CARTESIAN_POINT('Ctrl Pts',(-10.8119535251248,-9.92114126542017,
-3.18397485265416));
#13902=CARTESIAN_POINT('Ctrl Pts',(-10.5324419757092,-9.98025526092522,
-3.09534211143425));
#13903=CARTESIAN_POINT('Ctrl Pts',(-10.5877611483795,-10.0048499578856,
-3.05736223859552));
#13904=CARTESIAN_POINT('Ctrl Pts',(-10.6408123102957,-10.0273422412337,
-3.02812092207048));
#13905=CARTESIAN_POINT('Ctrl Pts',(-10.7029972997653,-10.0533083640248,
-2.99980597870499));
#13906=CARTESIAN_POINT('Ctrl Pts',(-10.3701930400748,-10.0872534063964,
-2.92757062269449));
#13907=CARTESIAN_POINT('Ctrl Pts',(-10.442560598658,-10.1194560265835,-2.87803918132465));
#13908=CARTESIAN_POINT('Ctrl Pts',(-10.5131575480669,-10.1503240056926,
-2.84334252451161));
#13909=CARTESIAN_POINT('Ctrl Pts',(-10.5940410744058,-10.1854754626294,
-2.81563710475582));
#13910=CARTESIAN_POINT('Ctrl Pts',(-10.2079441044404,-10.1942515518677,
-2.75979913395472));
#13911=CARTESIAN_POINT('Ctrl Pts',(-10.2973600489366,-10.2340620952813,
-2.69871612405377));
#13912=CARTESIAN_POINT('Ctrl Pts',(-10.385502785838,-10.2733057701514,-2.65856412695274));
#13913=CARTESIAN_POINT('Ctrl Pts',(-10.4850848490463,-10.317642561234,-2.63146823080665));
#13914=CARTESIAN_POINT('Ctrl Pts',(-10.2079441044404,-10.1942515518677,
-2.75979913395472));
#13915=CARTESIAN_POINT('Ctrl Pts',(-10.2973600489366,-10.2340620952813,
-2.69871612405377));
#13916=CARTESIAN_POINT('Ctrl Pts',(-10.385502785838,-10.2733057701514,-2.65856412695274));
#13917=CARTESIAN_POINT('Ctrl Pts',(-10.4850848490463,-10.317642561234,-2.63146823080665));
#13918=CARTESIAN_POINT('Origin',(-2.59427523476917,-6.53076870102288,-2.85));
#13919=CARTESIAN_POINT('',(-10.8789598969453,-10.4930070309859,-2.6));
#13920=CARTESIAN_POINT('',(-11.0823282184832,-10.0362343021646,-3.1));
#13921=CARTESIAN_POINT('',(-11.9790933064135,-10.9828179825474,-2.6));
#13922=CARTESIAN_POINT('',(-2.49259107400021,-6.75915506543353,-2.6));
#13923=CARTESIAN_POINT('',(-11.9790933064135,-10.9828179825474,-2.6));
#13924=CARTESIAN_POINT('Ctrl Pts',(-10.9231359313894,-9.96621455955432,
-3.12797329752359));
#13925=CARTESIAN_POINT('Ctrl Pts',(-10.9765291719841,-9.98881520221563,
-3.1088729984438));
#13926=CARTESIAN_POINT('Ctrl Pts',(-11.0293702971354,-10.0126559164663,
-3.1));
#13927=CARTESIAN_POINT('Ctrl Pts',(-11.0823282184832,-10.0362343021646,
-3.1));
#13928=CARTESIAN_POINT('Ctrl Pts',(-10.8554526652269,-10.1182336643332,
-2.95198219834906));
#13929=CARTESIAN_POINT('Ctrl Pts',(-10.908700799406,-10.1411602213402,-2.9392486656292));
#13930=CARTESIAN_POINT('Ctrl Pts',(-10.9615808566228,-10.16491349274,-2.93333333333333));
#13931=CARTESIAN_POINT('Ctrl Pts',(-11.0145387779706,-10.1884918784384,
-2.93333333333333));
#13932=CARTESIAN_POINT('Ctrl Pts',(-10.7877693990645,-10.270252769112,-2.77599109917453));
#13933=CARTESIAN_POINT('Ctrl Pts',(-10.8408724268279,-10.2935052404647,
-2.7696243328146));
#13934=CARTESIAN_POINT('Ctrl Pts',(-10.8937914161102,-10.3171710690138,
-2.76666666666667));
#13935=CARTESIAN_POINT('Ctrl Pts',(-10.9467493374579,-10.3407494547121,
-2.76666666666667));
#13936=CARTESIAN_POINT('Ctrl Pts',(-10.720086132902,-10.4222718738909,-2.6));
#13937=CARTESIAN_POINT('Ctrl Pts',(-10.7730440542498,-10.4458502595892,
-2.6));
#13938=CARTESIAN_POINT('Ctrl Pts',(-10.8260019755975,-10.4694286452876,
-2.6));
#13939=CARTESIAN_POINT('Ctrl Pts',(-10.8789598969453,-10.4930070309859,
-2.6));
#13940=CARTESIAN_POINT('',(-10.720086132902,-10.4222718738909,-2.6));
#13941=CARTESIAN_POINT('Origin',(-12.1824616279514,-10.5260452537261,-2.6));
#13942=CARTESIAN_POINT('Origin',(-12.1824616279514,-10.5260452537261,-2.6));
#13943=CARTESIAN_POINT('Origin',(-12.1824616279514,10.5260452537261,-2.6));
#13944=CARTESIAN_POINT('Origin',(-12.1824616279514,10.5260452537261,-2.6));
#13945=CARTESIAN_POINT('Ctrl Pts',(0.79289323570973,10.7708569492662,-3.1));
#13946=CARTESIAN_POINT('Ctrl Pts',(0.904523956341902,10.7626623592521,-3.10000000377229));
#13947=CARTESIAN_POINT('Ctrl Pts',(1.02999103505896,10.7515833763314,-3.14394432791966));
#13948=CARTESIAN_POINT('Ctrl Pts',(1.12010162377645,10.742989597489,-3.22193299572487));
#13949=CARTESIAN_POINT('Ctrl Pts',(0.817229810606769,10.9361628650326,-2.9342254377293));
#13950=CARTESIAN_POINT('Ctrl Pts',(0.968630679195069,10.9247835115141,-2.93987777378576));
#13951=CARTESIAN_POINT('Ctrl Pts',(1.13232457158185,10.9083165401749,-3.0065361234954));
#13952=CARTESIAN_POINT('Ctrl Pts',(1.24562947096791,10.8954742155755,-3.11195578439548));
#13953=CARTESIAN_POINT('Ctrl Pts',(0.841566385503808,11.1014687807991,-2.76845087545859));
#13954=CARTESIAN_POINT('Ctrl Pts',(1.03273740204824,11.0869046637761,-2.77975554379924));
#13955=CARTESIAN_POINT('Ctrl Pts',(1.23465810810474,11.0650497040183,-2.86912791907114));
#13956=CARTESIAN_POINT('Ctrl Pts',(1.37115731815937,11.0479588336621,-3.00197857306609));
#13957=CARTESIAN_POINT('Ctrl Pts',(0.865902960400847,11.2667746965655,-2.60267631318789));
#13958=CARTESIAN_POINT('Ctrl Pts',(1.0968441249014,11.249025816038,-2.61963331381271));
#13959=CARTESIAN_POINT('Ctrl Pts',(1.33699164462763,11.2217828678618,-2.73171971464688));
#13960=CARTESIAN_POINT('Ctrl Pts',(1.49668516535083,11.2004434517486,-2.89200136173671));
#13961=CARTESIAN_POINT('',(0.865902960400847,11.2667746965655,-2.60267631318789));
#13962=CARTESIAN_POINT('',(0.792893235619651,10.7708569480391,-3.1));
#13963=CARTESIAN_POINT('',(1.49668516535083,11.2004434517486,-2.8920013617367));
#13964=CARTESIAN_POINT('Ctrl Pts',(0.865902960400847,11.2667746965655,-2.60267631318789));
#13965=CARTESIAN_POINT('Ctrl Pts',(1.0968441249014,11.249025816038,-2.61963331381271));
#13966=CARTESIAN_POINT('Ctrl Pts',(1.33699164462763,11.2217828678618,-2.73171971464688));
#13967=CARTESIAN_POINT('Ctrl Pts',(1.49668516535083,11.2004434517486,-2.89200136173671));
#13968=CARTESIAN_POINT('',(1.49668516535083,11.2004434517486,-2.8920013617367));
#13969=CARTESIAN_POINT('Ctrl Pts',(0.757809448069499,10.773380381311,-3.1));
#13970=CARTESIAN_POINT('Ctrl Pts',(0.76934534242386,10.7725689359313,-3.1));
#13971=CARTESIAN_POINT('Ctrl Pts',(0.78102696924599,10.7717280283741,-3.1));
#13972=CARTESIAN_POINT('Ctrl Pts',(0.79289323570973,10.7708569492662,-3.1));
#13973=CARTESIAN_POINT('Ctrl Pts',(0.769504038317485,10.9396362513929,-2.93333333333333));
#13974=CARTESIAN_POINT('Ctrl Pts',(0.785221468155052,10.9385306729757,-2.93333333333333));
#13975=CARTESIAN_POINT('Ctrl Pts',(0.801136005630177,10.9373724822421,-2.93362459868247));
#13976=CARTESIAN_POINT('Ctrl Pts',(0.817229810606769,10.9361628650326,-2.9342254377293));
#13977=CARTESIAN_POINT('Ctrl Pts',(0.781198628565471,11.1058921214749,-2.76666666666667));
#13978=CARTESIAN_POINT('Ctrl Pts',(0.801097593886243,11.1044924100201,-2.76666666666667));
#13979=CARTESIAN_POINT('Ctrl Pts',(0.821245042014365,11.1030169361101,-2.76724919736495));
#13980=CARTESIAN_POINT('Ctrl Pts',(0.841566385503808,11.1014687807991,-2.76845087545859));
#13981=CARTESIAN_POINT('Ctrl Pts',(0.792893218813457,11.2721479915569,-2.6));
#13982=CARTESIAN_POINT('Ctrl Pts',(0.816973719617434,11.2704541470645,-2.6));
#13983=CARTESIAN_POINT('Ctrl Pts',(0.841354078398552,11.268661389978,-2.60087379604742));
#13984=CARTESIAN_POINT('Ctrl Pts',(0.865902960400847,11.2667746965655,-2.60267631318789));
#13985=CARTESIAN_POINT('Origin',(0.813111821124511,11.2358340948851,-2.99332400384373));
#13986=CARTESIAN_POINT('Ctrl Pts',(1.14644660941968,10.7403648633836,-3.24644660941968));
#13987=CARTESIAN_POINT('Ctrl Pts',(1.36925956044128,10.7171209673926,-3.46925956044128));
#13988=CARTESIAN_POINT('Ctrl Pts',(1.59134117515302,10.6871002381294,-3.69134117515302));
#13989=CARTESIAN_POINT('Ctrl Pts',(1.81226691569988,10.6503639192255,-3.91226691569988));
#13990=CARTESIAN_POINT('Ctrl Pts',(1.27181648687169,10.892561891953,-3.13695395941786));
#13991=CARTESIAN_POINT('Ctrl Pts',(1.49591563613091,10.8667917350239,-3.36133689023227));
#13992=CARTESIAN_POINT('Ctrl Pts',(1.71917839533374,10.8342135901995,-3.58495469494487));
#13993=CARTESIAN_POINT('Ctrl Pts',(1.9411833421732,10.7948983298809,-3.80738418574956));
#13994=CARTESIAN_POINT('Ctrl Pts',(1.39718636432369,11.0447589205224,-3.02746130941603));
#13995=CARTESIAN_POINT('Ctrl Pts',(1.62257171182054,11.0164625026552,-3.25341422002325));
#13996=CARTESIAN_POINT('Ctrl Pts',(1.84701561551445,10.9813269422695,-3.47856821473671));
#13997=CARTESIAN_POINT('Ctrl Pts',(2.07009976864652,10.9394327405362,-3.70250145579924));
#13998=CARTESIAN_POINT('Ctrl Pts',(1.52255624177569,11.1969559490918,-2.91796865941421));
#13999=CARTESIAN_POINT('Ctrl Pts',(1.74922778751016,11.1661332702865,-3.14549154981423));
#14000=CARTESIAN_POINT('Ctrl Pts',(1.97485283569518,11.1284402943396,-3.37218173452856));
#14001=CARTESIAN_POINT('Ctrl Pts',(2.19901619511984,11.0839671511916,-3.59761872584892));
#14002=CARTESIAN_POINT('',(1.52255624060897,11.1969559476754,-2.91796866043317));
#14003=CARTESIAN_POINT('',(1.14644660941961,10.7403648633823,-3.24644660941961));
#14004=CARTESIAN_POINT('',(2.19937230641061,11.0838964925605,-3.59792540612399));
#14005=CARTESIAN_POINT('Ctrl Pts',(1.52255624060894,11.1969559476754,-2.9179686604332));
#14006=CARTESIAN_POINT('Ctrl Pts',(1.63564560884899,11.1815781142566,-3.03148277554548));
#14007=CARTESIAN_POINT('Ctrl Pts',(1.74856115557989,11.1644788923664,-3.14487659283984));
#14008=CARTESIAN_POINT('Ctrl Pts',(1.97402486916138,11.126826949128,-3.37140357740255));
#14009=CARTESIAN_POINT('Ctrl Pts',(2.08662382161615,11.1062653616175,-3.48458777330895));
#14010=CARTESIAN_POINT('Ctrl Pts',(2.19901619392014,11.0839671498465,-3.59761872682496));
#14011=CARTESIAN_POINT('',(1.81226691569988,10.6503639192255,-3.91226691569988));
#14012=CARTESIAN_POINT('',(2.19901619392011,11.0839671498465,-3.59761872682498));
#14013=CARTESIAN_POINT('Ctrl Pts',(1.81226691569988,10.6503639192255,-3.91226691569988));
#14014=CARTESIAN_POINT('Ctrl Pts',(1.70154981858777,10.6687743524215,-3.80154981858777));
#14015=CARTESIAN_POINT('Ctrl Pts',(1.59067641249917,10.6854758729314,-3.69067641249916));
#14016=CARTESIAN_POINT('Ctrl Pts',(1.36872767424714,10.7154701953529,-3.46872767424713));
#14017=CARTESIAN_POINT('Ctrl Pts',(1.25762451170651,10.728766760197,-3.35762451170651));
#14018=CARTESIAN_POINT('Ctrl Pts',(1.14644660941968,10.7403648633836,-3.24644660941968));
#14019=CARTESIAN_POINT('Ctrl Pts',(1.12010162377662,10.742989597489,-3.22193299572501));
#14020=CARTESIAN_POINT('Ctrl Pts',(1.12919033324117,10.7421228141263,-3.22979906732989));
#14021=CARTESIAN_POINT('Ctrl Pts',(1.13797119770022,10.7412490201958,-3.2379711976996));
#14022=CARTESIAN_POINT('Ctrl Pts',(1.14644660941968,10.7403648633836,-3.24644660941968));
#14023=CARTESIAN_POINT('Ctrl Pts',(1.24562947096802,10.8954742155755,-3.11195578439557));
#14024=CARTESIAN_POINT('Ctrl Pts',(1.25456367393879,10.8945121730126,-3.12008548387038));
#14025=CARTESIAN_POINT('Ctrl Pts',(1.26329215005066,10.8935421428037,-3.1284188287751));
#14026=CARTESIAN_POINT('Ctrl Pts',(1.27181648648278,10.8925618914809,-3.13695395975751));
#14027=CARTESIAN_POINT('Ctrl Pts',(1.37115731815942,11.0479588336621,-3.00197857306614));
#14028=CARTESIAN_POINT('Ctrl Pts',(1.37993701463642,11.0469015318989,-3.01037190041087));
#14029=CARTESIAN_POINT('Ctrl Pts',(1.38861310240109,11.0458352654116,-3.01886645985061));
#14030=CARTESIAN_POINT('Ctrl Pts',(1.39718636354588,11.0447589195781,-3.02746131009534));
#14031=CARTESIAN_POINT('Ctrl Pts',(1.49668516535083,11.2004434517486,-2.8920013617367));
#14032=CARTESIAN_POINT('Ctrl Pts',(1.50531035533404,11.1992908907851,-2.90065831695136));
#14033=CARTESIAN_POINT('Ctrl Pts',(1.51393405475152,11.1981283880195,-2.90931409092611));
#14034=CARTESIAN_POINT('Ctrl Pts',(1.52255624060897,11.1969559476754,-2.91796866043317));
#14035=CARTESIAN_POINT('Ctrl Pts',(1.49668516535083,11.2004434517486,-2.8920013617367));
#14036=CARTESIAN_POINT('Ctrl Pts',(1.50099742693895,11.1998672158187,-2.89632950471266));
#14037=CARTESIAN_POINT('Ctrl Pts',(1.50530948062459,11.1992884728176,-2.90065751771211));
#14038=CARTESIAN_POINT('Ctrl Pts',(1.5139331709526,11.1981259719529,-2.90931328251438));
#14039=CARTESIAN_POINT('Ctrl Pts',(1.51824481058819,11.1975422136851,-2.91364103732147));
#14040=CARTESIAN_POINT('Ctrl Pts',(1.52255624060897,11.1969559476754,-2.91796866043317));
#14041=CARTESIAN_POINT('Ctrl Pts',(1.8535534123318,10.6429467254923,-3.95355341233179));
#14042=CARTESIAN_POINT('Ctrl Pts',(1.87955833529645,10.6379413526881,-3.97955833209858));
#14043=CARTESIAN_POINT('Ctrl Pts',(1.90935884272471,10.632134412025,-4.00349033898954));
#14044=CARTESIAN_POINT('Ctrl Pts',(1.99266271140777,10.6156826304992,-4.05566334542693));
#14045=CARTESIAN_POINT('Ctrl Pts',(2.05080320490653,10.6039921599954,-4.07869287509912));
#14046=CARTESIAN_POINT('Ctrl Pts',(2.10946529102332,10.592079968264,-4.09037346930549));
#14047=CARTESIAN_POINT('Ctrl Pts',(1.96882637701051,10.7899299811845,-3.835010743585));
#14048=CARTESIAN_POINT('Ctrl Pts',(1.98628223456194,10.7865688180646,-3.8524209392879));
#14049=CARTESIAN_POINT('Ctrl Pts',(2.00633075103846,10.7826622170028,-3.86851070860128));
#14050=CARTESIAN_POINT('Ctrl Pts',(2.06263044694013,10.771542017407,-3.90359990917163));
#14051=CARTESIAN_POINT('Ctrl Pts',(2.10213447399239,10.7635995640659,-3.91909486455166));
#14052=CARTESIAN_POINT('Ctrl Pts',(2.14201245441106,10.7555062918969,-3.92691564620366));
#14053=CARTESIAN_POINT('Ctrl Pts',(2.08409934168922,10.9369132368767,-3.71646807483821));
#14054=CARTESIAN_POINT('Ctrl Pts',(2.09298138907215,10.9352029537386,-3.7253172470364));
#14055=CARTESIAN_POINT('Ctrl Pts',(2.10331333642321,10.9331875249081,-3.73352994527381));
#14056=CARTESIAN_POINT('Ctrl Pts',(2.13256569364676,10.9274094732213,-3.75156022254771));
#14057=CARTESIAN_POINT('Ctrl Pts',(2.15338593657098,10.9232274309177,-3.75959801054747));
#14058=CARTESIAN_POINT('Ctrl Pts',(2.17455961779881,10.9189326155298,-3.76345782310183));
#14059=CARTESIAN_POINT('Ctrl Pts',(2.19937230636793,11.0838964925689,-3.59792540609142));
#14060=CARTESIAN_POINT('Ctrl Pts',(2.19970528833764,11.0838304191151,-3.59817985422572));
#14061=CARTESIAN_POINT('Ctrl Pts',(2.20028524473696,11.0837153298859,-3.59855031488555));
#14062=CARTESIAN_POINT('Ctrl Pts',(2.20253342917912,11.0832688601291,-3.59949678629241));
#14063=CARTESIAN_POINT('Ctrl Pts',(2.20471720565684,11.0828348349882,-3.6));
#14064=CARTESIAN_POINT('Ctrl Pts',(2.20710678118655,11.0823589391627,-3.6));
#14065=CARTESIAN_POINT('',(1.8535534096388,10.6429467240045,-3.95355340891843));
#14066=CARTESIAN_POINT('',(1.85355341521526,10.6429467201981,-3.95355341521525));
#14067=CARTESIAN_POINT('',(2.20710678118655,11.0823589391627,-3.6));
#14068=CARTESIAN_POINT('Ctrl Pts',(2.19937230641059,11.0838964925605,-3.59792540612402));
#14069=CARTESIAN_POINT('Ctrl Pts',(2.19970528838717,11.0838304191053,-3.59817985425735));
#14070=CARTESIAN_POINT('Ctrl Pts',(2.20028524477456,11.0837153298784,-3.59855031490138));
#14071=CARTESIAN_POINT('Ctrl Pts',(2.20253342917912,11.0832688601291,-3.59949678629241));
#14072=CARTESIAN_POINT('Ctrl Pts',(2.20471720565684,11.0828348349882,-3.6));
#14073=CARTESIAN_POINT('Ctrl Pts',(2.20710678118655,11.0823589391627,-3.6));
#14074=CARTESIAN_POINT('',(2.10946529102332,10.592079968264,-4.09037346930549));
#14075=CARTESIAN_POINT('',(2.20710678118655,11.0823589391627,-3.6));
#14076=CARTESIAN_POINT('Ctrl Pts',(2.10946529102332,10.592079968264,-4.09037346930549));
#14077=CARTESIAN_POINT('Ctrl Pts',(2.05080320490653,10.6039921599954,-4.07869287509912));
#14078=CARTESIAN_POINT('Ctrl Pts',(1.99266271140777,10.6156826304992,-4.05566334542693));
#14079=CARTESIAN_POINT('Ctrl Pts',(1.9093588441178,10.6321344117499,-4.00349033986203));
#14080=CARTESIAN_POINT('Ctrl Pts',(1.87955833784144,10.6379413521922,-3.97955833414239));
#14081=CARTESIAN_POINT('Ctrl Pts',(1.85355341566306,10.6429467248511,-3.95355341566306));
#14082=CARTESIAN_POINT('Ctrl Pts',(1.70457503832163,10.6617903120108,-3.80831491832366));
#14083=CARTESIAN_POINT('Ctrl Pts',(2.43953569863818,10.5922256951513,-4.54331931113106));
#14084=CARTESIAN_POINT('Ctrl Pts',(2.72558001673525,10.0605572199767,-4.8283570055642));
#14085=CARTESIAN_POINT('Ctrl Pts',(25.9838604158682,4.75303557820688,-28.1092039697695));
#14086=CARTESIAN_POINT('Ctrl Pts',(1.86942283512323,10.8025004385262,-3.7382207410992));
#14087=CARTESIAN_POINT('Ctrl Pts',(2.35868165735854,10.7563569689895,-4.22484109846874));
#14088=CARTESIAN_POINT('Ctrl Pts',(2.53943721554682,10.4035363112946,-4.46756537201686));
#14089=CARTESIAN_POINT('Ctrl Pts',(19.2209011354214,6.61869526667545,-19.7449715762624));
#14090=CARTESIAN_POINT('Ctrl Pts',(2.03376905861397,10.9441446378597,-3.66879908799667));
#14091=CARTESIAN_POINT('Ctrl Pts',(2.28257138643782,10.9116303325507,-3.89994427884883));
#14092=CARTESIAN_POINT('Ctrl Pts',(2.3371160779553,10.7763705001277,-4.12899677397092));
#14093=CARTESIAN_POINT('Ctrl Pts',(11.7239542630341,9.88323854643241,-12.3852837168521));
#14094=CARTESIAN_POINT('Ctrl Pts',(2.19916524977266,11.0839375762742,-3.5977537868473));
#14095=CARTESIAN_POINT('Ctrl Pts',(2.19916524977267,11.0839375762743,-3.59775378684731));
#14096=CARTESIAN_POINT('Ctrl Pts',(2.19916524977267,11.0839375762743,-3.59775378684731));
#14097=CARTESIAN_POINT('Ctrl Pts',(2.19916524977267,11.0839375762743,-3.59775378684731));
#14098=CARTESIAN_POINT('Ctrl Pts',(1.85355341566303,10.6429467248511,-3.95355341566302));
#14099=CARTESIAN_POINT('Ctrl Pts',(1.83947446539859,10.6456566117291,-3.93947446539859));
#14100=CARTESIAN_POINT('Ctrl Pts',(1.82575901071403,10.6481204056182,-3.92575901071402));
#14101=CARTESIAN_POINT('Ctrl Pts',(1.81226691569971,10.6503639192255,-3.9122669156997));
#14102=CARTESIAN_POINT('Origin',(4.57289313080787,10.9548536826855,-3.85));
#14103=CARTESIAN_POINT('',(3.54991627773552,11.2048536826855,-3.6));
#14104=CARTESIAN_POINT('',(5.92460642701107,11.2048536826855,-3.6));
#14105=CARTESIAN_POINT('',(4.57289313080787,11.2048536826855,-3.6));
#14106=CARTESIAN_POINT('',(5.92460642701107,10.7048536826855,-4.1));
#14107=CARTESIAN_POINT('',(5.92460642701107,11.2048536826855,-3.6));
#14108=CARTESIAN_POINT('',(3.77305364958666,10.7048536826855,-4.1));
#14109=CARTESIAN_POINT('',(4.57289313080787,10.7048536826855,-4.1));
#14110=CARTESIAN_POINT('',(3.77305364958666,10.7048536826855,-4.1));
#14111=CARTESIAN_POINT('Origin',(3.51427306689327,10.7907833425841,-3.85));
#14112=CARTESIAN_POINT('',(3.37354245912661,10.2595911846657,-4.1));
#14113=CARTESIAN_POINT('',(3.70035095345105,10.6238252037164,-4.1));
#14114=CARTESIAN_POINT('',(3.216,10.8326979095699,-3.6));
#14115=CARTESIAN_POINT('Ctrl Pts',(3.37354245912663,10.2595911846657,-4.09999999999999));
#14116=CARTESIAN_POINT('Ctrl Pts',(3.29774624322292,10.5434752200263,-3.8539970005499));
#14117=CARTESIAN_POINT('Ctrl Pts',(3.21600000000003,10.8326979095699,-3.6));
#14118=CARTESIAN_POINT('',(3.32819518033548,10.9577414814519,-3.6));
#14119=CARTESIAN_POINT('Origin',(0.,0.,-3.85));
#14120=CARTESIAN_POINT('',(2.20710678118655,10.5720707364471,-4.1));
#14121=CARTESIAN_POINT('Origin',(0.,0.,-4.1));
#14122=CARTESIAN_POINT('',(2.30928765068593,11.061518455727,-3.6));
#14123=CARTESIAN_POINT('',(2.20710678118655,10.5720707364471,-4.1));
#14124=CARTESIAN_POINT('Origin',(0.,0.,-3.6));
#14125=CARTESIAN_POINT('Origin',(5.92460642701107,10.2048536826855,-3.85));
#14126=CARTESIAN_POINT('',(6.42669171743574,11.0696717913876,-3.6));
#14127=CARTESIAN_POINT('Origin',(5.92460642701107,10.2048536826855,-3.6));
#14128=CARTESIAN_POINT('',(6.1756490722234,10.6372627370365,-4.1));
#14129=CARTESIAN_POINT('',(6.42669171743574,11.0696717913876,-3.6));
#14130=CARTESIAN_POINT('Origin',(5.92460642701107,10.2048536826855,-4.1));
#14131=CARTESIAN_POINT('Origin',(0.,0.,-3.85));
#14132=CARTESIAN_POINT('',(8.36531121022644,9.68821801757475,-3.6));
#14133=CARTESIAN_POINT('',(8.03854124107697,9.30977200126323,-4.1));
#14134=CARTESIAN_POINT('',(8.36531121022644,9.68821801757475,-3.6));
#14135=CARTESIAN_POINT('Origin',(0.,0.,-4.1));
#14136=CARTESIAN_POINT('Origin',(0.,0.,-3.6));
#14137=CARTESIAN_POINT('Origin',(8.69208117937591,10.0666640338863,-3.85));
#14138=CARTESIAN_POINT('',(8.89544950091381,9.60989130506496,-3.6));
#14139=CARTESIAN_POINT('Origin',(8.69208117937591,10.0666640338863,-3.6));
#14140=CARTESIAN_POINT('',(9.09881782245171,9.15311857624366,-4.1));
#14141=CARTESIAN_POINT('',(8.89544950091381,9.60989130506496,-3.6));
#14142=CARTESIAN_POINT('Origin',(8.69208117937591,10.0666640338863,-4.1));
#14143=CARTESIAN_POINT('Origin',(6.62905253425213,8.3271672935844,-3.85));
#14144=CARTESIAN_POINT('',(8.94871973548382,9.63360874156865,-3.6));
#14145=CARTESIAN_POINT('',(9.15208805702172,9.17683601274735,-4.1));
#14146=CARTESIAN_POINT('',(8.94871973548382,9.63360874156865,-3.6));
#14147=CARTESIAN_POINT('',(6.73073669502108,8.09878092917375,-4.1));
#14148=CARTESIAN_POINT('',(6.52736837348318,8.55555365799505,-3.6));
#14149=CARTESIAN_POINT('Ctrl Pts',(2.10946529102332,10.592079968264,-4.09037346930549));
#14150=CARTESIAN_POINT('Ctrl Pts',(2.14202478953938,10.5854682874549,-4.09685660543147));
#14151=CARTESIAN_POINT('Ctrl Pts',(2.17458445176093,10.5788603480194,-4.1));
#14152=CARTESIAN_POINT('Ctrl Pts',(2.20710678118655,10.5720707364471,-4.1));
#14153=CARTESIAN_POINT('Ctrl Pts',(2.14201245441106,10.7555062918969,-3.92691564620366));
#14154=CARTESIAN_POINT('Ctrl Pts',(2.17508282120706,10.7488353008334,-3.93123773695431));
#14155=CARTESIAN_POINT('Ctrl Pts',(2.20814285379427,10.7421143657357,-3.93333333333333));
#14156=CARTESIAN_POINT('Ctrl Pts',(2.24116707101968,10.735219976207,-3.93333333333333));
#14157=CARTESIAN_POINT('Ctrl Pts',(2.17455961779881,10.9189326155298,-3.76345782310183));
#14158=CARTESIAN_POINT('Ctrl Pts',(2.20814085287474,10.9122023142119,-3.76561886847716));
#14159=CARTESIAN_POINT('Ctrl Pts',(2.24170125582762,10.905368383452,-3.76666666666667));
#14160=CARTESIAN_POINT('Ctrl Pts',(2.27522736085281,10.898369215967,-3.76666666666667));
#14161=CARTESIAN_POINT('Ctrl Pts',(2.20710678118655,11.0823589391627,-3.6));
#14162=CARTESIAN_POINT('Ctrl Pts',(2.24119888454242,11.0755693275904,-3.6));
#14163=CARTESIAN_POINT('Ctrl Pts',(2.27525965786097,11.0686224011684,-3.6));
#14164=CARTESIAN_POINT('Ctrl Pts',(2.30928765068593,11.061518455727,-3.6));
#14165=CARTESIAN_POINT('Ctrl Pts',(2.20710678118655,10.5720707364471,-4.1));
#14166=CARTESIAN_POINT('Ctrl Pts',(2.19074088730469,10.5754874062999,-4.1));
#14167=CARTESIAN_POINT('Ctrl Pts',(2.17437765379831,10.5788612580023,-4.09919656721856));
#14168=CARTESIAN_POINT('Ctrl Pts',(2.14176818208962,10.5855272264999,-4.095983175854));
#14169=CARTESIAN_POINT('Ctrl Pts',(2.12554671894845,10.5888143998971,-4.09357554830211));
#14170=CARTESIAN_POINT('Ctrl Pts',(2.10946529102332,10.592079968264,-4.09037346930549));
#14171=CARTESIAN_POINT('Origin',(0.564565635960015,2.76806587515047,-3.6));
#14172=CARTESIAN_POINT('Ctrl Pts',(9.33520209308314,9.25958984896919,-4.1));
#14173=CARTESIAN_POINT('Ctrl Pts',(9.37622019065874,9.27893614347866,-4.10000000000009));
#14174=CARTESIAN_POINT('Ctrl Pts',(9.41776877571354,9.29919519439643,-4.09483598945007));
#14175=CARTESIAN_POINT('Ctrl Pts',(9.4616459501669,9.32125136614143,-4.08191112878372));
#14176=CARTESIAN_POINT('Ctrl Pts',(9.21465800795933,9.38795080595058,-3.93187835934602));
#14177=CARTESIAN_POINT('Ctrl Pts',(9.24345242797118,9.40149348161803,-3.93133197264128));
#14178=CARTESIAN_POINT('Ctrl Pts',(9.27234512144031,9.41553095689124,-3.92724965247981));
#14179=CARTESIAN_POINT('Ctrl Pts',(9.30252169347169,9.43064696241594,-3.91800983560884));
#14180=CARTESIAN_POINT('Ctrl Pts',(9.09411392283552,9.51631176293197,-3.76375671869205));
#14181=CARTESIAN_POINT('Ctrl Pts',(9.11068466528362,9.5240508197574,-3.76266394528247));
#14182=CARTESIAN_POINT('Ctrl Pts',(9.12692146716708,9.53186671938605,-3.75966331550956));
#14183=CARTESIAN_POINT('Ctrl Pts',(9.14339743677648,9.54004255869045,-3.75410854243395));
#14184=CARTESIAN_POINT('Ctrl Pts',(8.9735698377117,9.64467271991335,-3.59563507803807));
#14185=CARTESIAN_POINT('Ctrl Pts',(8.97791690259606,9.64660815789676,-3.59399591792366));
#14186=CARTESIAN_POINT('Ctrl Pts',(8.98149781289385,9.64820248188086,-3.59207697853931));
#14187=CARTESIAN_POINT('Ctrl Pts',(8.98427318008127,9.64943815496496,-3.59020724925907));
#14188=CARTESIAN_POINT('',(9.33520209308301,9.25958984896949,-4.1));
#14189=CARTESIAN_POINT('',(8.9735698377117,9.64467271991335,-3.59563507803807));
#14190=CARTESIAN_POINT('',(9.33520209308301,9.25958984896949,-4.1));
#14191=CARTESIAN_POINT('',(8.98427318008127,9.64943815496496,-3.59020724925907));
#14192=CARTESIAN_POINT('Origin',(8.96514470447296,9.64092160891789,-3.58340430675908));
#14193=CARTESIAN_POINT('',(9.4616459501669,9.32125136614142,-4.08191112878372));
#14194=CARTESIAN_POINT('',(8.98427318008127,9.64943815496496,-3.59020724925907));
#14195=CARTESIAN_POINT('Ctrl Pts',(9.4616459501669,9.32125136614143,-4.08191112878372));
#14196=CARTESIAN_POINT('Ctrl Pts',(9.44059042137455,9.31066717595573,-4.08811343737099));
#14197=CARTESIAN_POINT('Ctrl Pts',(9.41904993751362,9.30005730348079,-4.09272706903005));
#14198=CARTESIAN_POINT('Ctrl Pts',(9.37675657896333,9.27943024821263,-4.09858433692114));
#14199=CARTESIAN_POINT('Ctrl Pts',(9.35602490150669,9.26941098178828,-4.10000000000005));
#14200=CARTESIAN_POINT('Ctrl Pts',(9.33520209308315,9.2595898489692,-4.1));
#14201=CARTESIAN_POINT('Ctrl Pts',(9.15208805702172,9.17683601274735,-4.1));
#14202=CARTESIAN_POINT('Ctrl Pts',(9.20733620697215,9.20143407391551,-4.1));
#14203=CARTESIAN_POINT('Ctrl Pts',(9.27159408901279,9.22958896514869,-4.1));
#14204=CARTESIAN_POINT('Ctrl Pts',(9.33520209308313,9.25958984896919,-4.1));
#14205=CARTESIAN_POINT('Ctrl Pts',(9.08429861650909,9.32909358902111,-3.93333333333333));
#14206=CARTESIAN_POINT('Ctrl Pts',(9.12396797470716,9.34675552521868,-3.93333333333333));
#14207=CARTESIAN_POINT('Ctrl Pts',(9.17000563026332,9.36694976933764,-3.93272565772887));
#14208=CARTESIAN_POINT('Ctrl Pts',(9.21465800795932,9.38795080595058,-3.93187835934602));
#14209=CARTESIAN_POINT('Ctrl Pts',(9.01650917599645,9.48135116529488,-3.76666666666667));
#14210=CARTESIAN_POINT('Ctrl Pts',(9.04059974244217,9.49207697652185,-3.76666666666667));
#14211=CARTESIAN_POINT('Ctrl Pts',(9.06841717151385,9.5043105735266,-3.76545131545774));
#14212=CARTESIAN_POINT('Ctrl Pts',(9.09411392283551,9.51631176293196,-3.76375671869205));
#14213=CARTESIAN_POINT('Ctrl Pts',(8.94871973548382,9.63360874156865,-3.6));
#14214=CARTESIAN_POINT('Ctrl Pts',(8.95723151017718,9.63739842782502,-3.6));
#14215=CARTESIAN_POINT('Ctrl Pts',(8.96682871276438,9.64167137771556,-3.59817697318661));
#14216=CARTESIAN_POINT('Ctrl Pts',(8.9735698377117,9.64467271991335,-3.59563507803807));
#14217=CARTESIAN_POINT('Ctrl Pts',(9.33520209308313,9.25958984896919,-4.1));
#14218=CARTESIAN_POINT('Ctrl Pts',(9.27159408901279,9.22958896514869,-4.1));
#14219=CARTESIAN_POINT('Ctrl Pts',(9.20733620697215,9.20143407391551,-4.1));
#14220=CARTESIAN_POINT('Ctrl Pts',(9.15208805702172,9.17683601274735,-4.1));
#14221=CARTESIAN_POINT('Ctrl Pts',(8.94871973548382,9.63360874156865,-3.6));
#14222=CARTESIAN_POINT('Ctrl Pts',(8.95723151017718,9.63739842782502,-3.6));
#14223=CARTESIAN_POINT('Ctrl Pts',(8.96682871276438,9.64167137771556,-3.59817697318661));
#14224=CARTESIAN_POINT('Ctrl Pts',(8.9735698377117,9.64467271991335,-3.59563507803807));
#14225=CARTESIAN_POINT('Ctrl Pts',(9.59891859706894,9.38707754674066,-4.01602514771698));
#14226=CARTESIAN_POINT('Ctrl Pts',(9.94993392674731,9.54275222774628,-3.77615666115381));
#14227=CARTESIAN_POINT('Ctrl Pts',(10.3145208751739,9.7045158134869,-3.52564411641914));
#14228=CARTESIAN_POINT('Ctrl Pts',(10.6946909113434,9.87325711545391,-3.26311360017415));
#14229=CARTESIAN_POINT('Ctrl Pts',(9.43647883821406,9.49342749951741,-3.84546960362072));
#14230=CARTESIAN_POINT('Ctrl Pts',(9.78753841886306,9.64932435324125,-3.6065731748299));
#14231=CARTESIAN_POINT('Ctrl Pts',(10.152190785348,9.81130405897399,-3.35698683279403));
#14232=CARTESIAN_POINT('Ctrl Pts',(10.5324419757091,9.98025526092516,-3.09534211143434));
#14233=CARTESIAN_POINT('Ctrl Pts',(9.27403907935918,9.59977745229417,-3.67491405952446));
#14234=CARTESIAN_POINT('Ctrl Pts',(9.62514291097881,9.75589647873622,-3.43698968850599));
#14235=CARTESIAN_POINT('Ctrl Pts',(9.98986069552211,9.91809230446108,-3.18832954916893));
#14236=CARTESIAN_POINT('Ctrl Pts',(10.3701930400747,10.0872534063964,-2.92757062269453));
#14237=CARTESIAN_POINT('Ctrl Pts',(9.1115993205043,9.70612740507092,-3.5043585154282));
#14238=CARTESIAN_POINT('Ctrl Pts',(9.46274740309456,9.8624686042312,-3.26740620218207));
#14239=CARTESIAN_POINT('Ctrl Pts',(9.82753060569621,10.0248805499482,-3.01967226554382));
#14240=CARTESIAN_POINT('Ctrl Pts',(10.2079441044404,10.1942515518677,-2.75979913395472));
#14241=CARTESIAN_POINT('',(9.598918597206,9.3870775469736,-4.0160251476432));
#14242=CARTESIAN_POINT('',(9.1115993205043,9.70612740507092,-3.5043585154282));
#14243=CARTESIAN_POINT('',(9.59891859712831,9.38707754699653,-4.01602514796991));
#14244=CARTESIAN_POINT('',(10.2079441044404,10.1942515518677,-2.75979913395472));
#14245=CARTESIAN_POINT('Ctrl Pts',(9.1115993205043,9.70612740507092,-3.5043585154282));
#14246=CARTESIAN_POINT('Ctrl Pts',(9.46274740309456,9.8624686042312,-3.26740620218207));
#14247=CARTESIAN_POINT('Ctrl Pts',(9.82753060569621,10.0248805499482,-3.01967226554382));
#14248=CARTESIAN_POINT('Ctrl Pts',(10.2079441044404,10.1942515518677,-2.75979913395472));
#14249=CARTESIAN_POINT('',(10.6946909113434,9.87325711545391,-3.26311360017415));
#14250=CARTESIAN_POINT('',(10.2079441044404,10.1942515518677,-2.75979913395472));
#14251=CARTESIAN_POINT('Ctrl Pts',(10.6946909113434,9.87325711545391,-3.26311360017415));
#14252=CARTESIAN_POINT('Ctrl Pts',(10.3145208751739,9.7045158134869,-3.52564411641914));
#14253=CARTESIAN_POINT('Ctrl Pts',(9.94993392674731,9.54275222774628,-3.77615666115381));
#14254=CARTESIAN_POINT('Ctrl Pts',(9.59891859706894,9.38707754674066,-4.01602514771698));
#14255=CARTESIAN_POINT('Ctrl Pts',(9.4616459501669,9.32125136614143,-4.08191112878372));
#14256=CARTESIAN_POINT('Ctrl Pts',(9.51084358733912,9.3459820273209,-4.06741902409635));
#14257=CARTESIAN_POINT('Ctrl Pts',(9.55629230151933,9.36817285965392,-4.0451540890958));
#14258=CARTESIAN_POINT('Ctrl Pts',(9.59891859706894,9.38707754674066,-4.01602514771698));
#14259=CARTESIAN_POINT('Ctrl Pts',(9.30252169347169,9.43064696241594,-3.91800983560884));
#14260=CARTESIAN_POINT('Ctrl Pts',(9.34940104016842,9.45340330022119,-3.89886229597662));
#14261=CARTESIAN_POINT('Ctrl Pts',(9.39384716896681,9.47449583242621,-3.87448050111875));
#14262=CARTESIAN_POINT('Ctrl Pts',(9.43647883821406,9.49342749951741,-3.84546960362072));
#14263=CARTESIAN_POINT('Ctrl Pts',(9.14339743677648,9.54004255869045,-3.75410854243395));
#14264=CARTESIAN_POINT('Ctrl Pts',(9.18795849299773,9.56082457312147,-3.73030556785688));
#14265=CARTESIAN_POINT('Ctrl Pts',(9.23140203641429,9.5808188051985,-3.7038069131417));
#14266=CARTESIAN_POINT('Ctrl Pts',(9.27403907935918,9.59977745229416,-3.67491405952446));
#14267=CARTESIAN_POINT('Ctrl Pts',(8.98427318008127,9.64943815496496,-3.59020724925907));
#14268=CARTESIAN_POINT('Ctrl Pts',(9.02651594582704,9.66824584602175,-3.56174883973715));
#14269=CARTESIAN_POINT('Ctrl Pts',(9.06895690386177,9.68714177797079,-3.53313332516465));
#14270=CARTESIAN_POINT('Ctrl Pts',(9.1115993205043,9.70612740507092,-3.5043585154282));
#14271=CARTESIAN_POINT('Ctrl Pts',(9.59891859706893,9.38707754674066,-4.01602514771698));
#14272=CARTESIAN_POINT('Ctrl Pts',(9.57758037910878,9.37761408461419,-4.03060675027183));
#14273=CARTESIAN_POINT('Ctrl Pts',(9.55546548175779,9.36733130628226,-4.04344411123401));
#14274=CARTESIAN_POINT('Ctrl Pts',(9.50956975529679,9.34522440420482,-4.06558673565089));
#14275=CARTESIAN_POINT('Ctrl Pts',(9.48585329728418,9.33341991190951,-4.07478039184611));
#14276=CARTESIAN_POINT('Ctrl Pts',(9.4616459501669,9.32125136614143,-4.08191112878372));
#14277=CARTESIAN_POINT('Ctrl Pts',(8.98427318008127,9.64943815496496,-3.59020724925907));
#14278=CARTESIAN_POINT('Ctrl Pts',(9.02651594582704,9.66824584602175,-3.56174883973715));
#14279=CARTESIAN_POINT('Ctrl Pts',(9.06895690386177,9.68714177797079,-3.53313332516465));
#14280=CARTESIAN_POINT('Ctrl Pts',(9.1115993205043,9.70612740507092,-3.5043585154282));
#14281=CARTESIAN_POINT('Ctrl Pts',(10.8119535251169,9.92114126541713,-3.1839748526594));
#14282=CARTESIAN_POINT('Ctrl Pts',(10.8461182791657,9.93432494637337,-3.16125059625605));
#14283=CARTESIAN_POINT('Ctrl Pts',(10.8854025824041,9.95024253898892,-3.1414716026063));
#14284=CARTESIAN_POINT('Ctrl Pts',(10.9231359313894,9.96621455955431,-3.12797329752359));
#14285=CARTESIAN_POINT('Ctrl Pts',(10.702997299754,10.0533083640201,-2.99980597871012));
#14286=CARTESIAN_POINT('Ctrl Pts',(10.751852396999,10.0737084230219,-2.97756058923117));
#14287=CARTESIAN_POINT('Ctrl Pts',(10.8056168141852,10.0965972797564,-2.9609810684042));
#14288=CARTESIAN_POINT('Ctrl Pts',(10.8554526652269,10.1182336643332,-2.95198219834906));
#14289=CARTESIAN_POINT('Ctrl Pts',(10.5940410743911,10.185475462623,-2.81563710476084));
#14290=CARTESIAN_POINT('Ctrl Pts',(10.6575865148322,10.2130918996703,-2.7938705822063));
#14291=CARTESIAN_POINT('Ctrl Pts',(10.7258310459663,10.2429520205238,-2.7804905342021));
#14292=CARTESIAN_POINT('Ctrl Pts',(10.7877693990645,10.270252769112,-2.77599109917453));
#14293=CARTESIAN_POINT('Ctrl Pts',(10.4850848490282,10.3176425612259,-2.63146823081156));
#14294=CARTESIAN_POINT('Ctrl Pts',(10.5633206326655,10.3524753763188,-2.61018057518142));
#14295=CARTESIAN_POINT('Ctrl Pts',(10.6460452777474,10.3893067612913,-2.6));
#14296=CARTESIAN_POINT('Ctrl Pts',(10.720086132902,10.4222718738909,-2.6));
#14297=CARTESIAN_POINT('',(10.8119535251036,9.92114126533634,-3.18397485257364));
#14298=CARTESIAN_POINT('',(10.4850848490462,10.317642561234,-2.63146823080665));
#14299=CARTESIAN_POINT('',(10.8119535251036,9.92114126533634,-3.18397485257364));
#14300=CARTESIAN_POINT('',(10.720086132902,10.4222718738909,-2.6));
#14301=CARTESIAN_POINT('Origin',(10.6201538190162,10.3777791411598,-2.75327789163917));
#14302=CARTESIAN_POINT('',(10.9231359313894,9.96621455955431,-3.12797329752359));
#14303=CARTESIAN_POINT('',(10.720086132902,10.4222718738909,-2.6));
#14304=CARTESIAN_POINT('Ctrl Pts',(10.9231359313894,9.9662145595543,-3.1279732975236));
#14305=CARTESIAN_POINT('Ctrl Pts',(10.9038441749092,9.95804861776727,-3.13487451412783));
#14306=CARTESIAN_POINT('Ctrl Pts',(10.8847704362424,9.9502807879104,-3.14301107973756));
#14307=CARTESIAN_POINT('Ctrl Pts',(10.8474844063619,9.9351666251706,-3.16178443568804));
#14308=CARTESIAN_POINT('Ctrl Pts',(10.8294808563082,9.92790480722734,-3.17231676879102));
#14309=CARTESIAN_POINT('Ctrl Pts',(10.8119535251248,9.92114126542017,-3.18397485265416));
#14310=CARTESIAN_POINT('Ctrl Pts',(10.6946909113436,9.87325711545399,-3.26311360017402));
#14311=CARTESIAN_POINT('Ctrl Pts',(10.732961698101,9.89024388918771,-3.2366852958664));
#14312=CARTESIAN_POINT('Ctrl Pts',(10.7684670725246,9.90436047677487,-3.21289931962934));
#14313=CARTESIAN_POINT('Ctrl Pts',(10.8119535251248,9.92114126542017,-3.18397485265416));
#14314=CARTESIAN_POINT('Ctrl Pts',(10.5324419757092,9.98025526092522,-3.09534211143425));
#14315=CARTESIAN_POINT('Ctrl Pts',(10.5877611483795,10.0048499578856,-3.05736223859552));
#14316=CARTESIAN_POINT('Ctrl Pts',(10.6408123102957,10.0273422412337,-3.02812092207048));
#14317=CARTESIAN_POINT('Ctrl Pts',(10.7029972997653,10.0533083640248,-2.99980597870499));
#14318=CARTESIAN_POINT('Ctrl Pts',(10.3701930400748,10.0872534063964,-2.92757062269448));
#14319=CARTESIAN_POINT('Ctrl Pts',(10.4425605986581,10.1194560265835,-2.87803918132464));
#14320=CARTESIAN_POINT('Ctrl Pts',(10.5131575480669,10.1503240056926,-2.84334252451161));
#14321=CARTESIAN_POINT('Ctrl Pts',(10.5940410744058,10.1854754626294,-2.81563710475582));
#14322=CARTESIAN_POINT('Ctrl Pts',(10.2079441044404,10.1942515518677,-2.75979913395471));
#14323=CARTESIAN_POINT('Ctrl Pts',(10.2973600489366,10.2340620952813,-2.69871612405376));
#14324=CARTESIAN_POINT('Ctrl Pts',(10.385502785838,10.2733057701514,-2.65856412695274));
#14325=CARTESIAN_POINT('Ctrl Pts',(10.4850848490463,10.317642561234,-2.63146823080665));
#14326=CARTESIAN_POINT('Ctrl Pts',(10.8119535251248,9.92114126542017,-3.18397485265416));
#14327=CARTESIAN_POINT('Ctrl Pts',(10.7684670725246,9.90436047677487,-3.21289931962934));
#14328=CARTESIAN_POINT('Ctrl Pts',(10.732961698101,9.89024388918771,-3.2366852958664));
#14329=CARTESIAN_POINT('Ctrl Pts',(10.6946909113436,9.87325711545399,-3.26311360017402));
#14330=CARTESIAN_POINT('Ctrl Pts',(10.2079441044404,10.1942515518677,-2.75979913395471));
#14331=CARTESIAN_POINT('Ctrl Pts',(10.2973600489366,10.2340620952813,-2.69871612405376));
#14332=CARTESIAN_POINT('Ctrl Pts',(10.385502785838,10.2733057701514,-2.65856412695274));
#14333=CARTESIAN_POINT('Ctrl Pts',(10.4850848490463,10.317642561234,-2.63146823080665));
#14334=CARTESIAN_POINT('Origin',(2.59427523476917,6.53076870102285,-2.85));
#14335=CARTESIAN_POINT('',(11.0823282184832,10.0362343021646,-3.1));
#14336=CARTESIAN_POINT('',(10.8789598969453,10.4930070309859,-2.6));
#14337=CARTESIAN_POINT('',(11.0823282184832,10.0362343021646,-3.1));
#14338=CARTESIAN_POINT('',(11.9790933064135,10.9828179825474,-2.6));
#14339=CARTESIAN_POINT('',(2.49259107400022,6.7591550654335,-2.6));
#14340=CARTESIAN_POINT('',(11.9790933064135,10.9828179825474,-2.6));
#14341=CARTESIAN_POINT('',(2.69595939553812,6.3023823366122,-3.1));
#14342=CARTESIAN_POINT('Ctrl Pts',(10.9231359313894,9.96621455955431,-3.12797329752359));
#14343=CARTESIAN_POINT('Ctrl Pts',(10.9765291719841,9.98881520221562,-3.1088729984438));
#14344=CARTESIAN_POINT('Ctrl Pts',(11.0293702971354,10.0126559164663,-3.1));
#14345=CARTESIAN_POINT('Ctrl Pts',(11.0823282184832,10.0362343021646,-3.1));
#14346=CARTESIAN_POINT('Ctrl Pts',(10.8554526652269,10.1182336643332,-2.95198219834906));
#14347=CARTESIAN_POINT('Ctrl Pts',(10.908700799406,10.1411602213402,-2.9392486656292));
#14348=CARTESIAN_POINT('Ctrl Pts',(10.9615808566228,10.16491349274,-2.93333333333333));
#14349=CARTESIAN_POINT('Ctrl Pts',(11.0145387779706,10.1884918784384,-2.93333333333333));
#14350=CARTESIAN_POINT('Ctrl Pts',(10.7877693990645,10.270252769112,-2.77599109917453));
#14351=CARTESIAN_POINT('Ctrl Pts',(10.8408724268279,10.2935052404647,-2.7696243328146));
#14352=CARTESIAN_POINT('Ctrl Pts',(10.8937914161102,10.3171710690138,-2.76666666666667));
#14353=CARTESIAN_POINT('Ctrl Pts',(10.9467493374579,10.3407494547121,-2.76666666666667));
#14354=CARTESIAN_POINT('Ctrl Pts',(10.720086132902,10.4222718738909,-2.6));
#14355=CARTESIAN_POINT('Ctrl Pts',(10.7730440542498,10.4458502595892,-2.6));
#14356=CARTESIAN_POINT('Ctrl Pts',(10.8260019755975,10.4694286452876,-2.6));
#14357=CARTESIAN_POINT('Ctrl Pts',(10.8789598969453,10.4930070309859,-2.6));
#14358=CARTESIAN_POINT('Ctrl Pts',(11.0823282184832,10.0362343021646,-3.1));
#14359=CARTESIAN_POINT('Ctrl Pts',(11.0293702971354,10.0126559164663,-3.1));
#14360=CARTESIAN_POINT('Ctrl Pts',(10.9765291719841,9.98881520221562,-3.1088729984438));
#14361=CARTESIAN_POINT('Ctrl Pts',(10.9231359313894,9.96621455955431,-3.12797329752359));
#14362=CARTESIAN_POINT('',(10.720086132902,10.4222718738909,-2.6));
#14363=CARTESIAN_POINT('Origin',(12.1824616279514,10.5260452537261,-2.6));
#14364=CARTESIAN_POINT('Origin',(12.1824616279514,10.5260452537261,-2.6));
#14365=CARTESIAN_POINT('Origin',(12.1824616279514,-10.5260452537261,-2.6));
#14366=CARTESIAN_POINT('Origin',(12.1824616279514,-10.5260452537261,-2.6));
#14367=CARTESIAN_POINT('Ctrl Pts',(-0.79289323570973,-10.7708569492662,
-3.1));
#14368=CARTESIAN_POINT('Ctrl Pts',(-0.904523956341903,-10.7626623592521,
-3.10000000377229));
#14369=CARTESIAN_POINT('Ctrl Pts',(-1.02999103505896,-10.7515833763314,
-3.14394432791966));
#14370=CARTESIAN_POINT('Ctrl Pts',(-1.12010162377645,-10.742989597489,-3.22193299572486));
#14371=CARTESIAN_POINT('Ctrl Pts',(-0.817229810606769,-10.9361628650326,
-2.9342254377293));
#14372=CARTESIAN_POINT('Ctrl Pts',(-0.96863067919507,-10.9247835115141,
-2.93987777378576));
#14373=CARTESIAN_POINT('Ctrl Pts',(-1.13232457158186,-10.9083165401749,
-3.0065361234954));
#14374=CARTESIAN_POINT('Ctrl Pts',(-1.24562947096791,-10.8954742155755,
-3.11195578439548));
#14375=CARTESIAN_POINT('Ctrl Pts',(-0.841566385503808,-11.1014687807991,
-2.76845087545859));
#14376=CARTESIAN_POINT('Ctrl Pts',(-1.03273740204824,-11.0869046637761,
-2.77975554379924));
#14377=CARTESIAN_POINT('Ctrl Pts',(-1.23465810810475,-11.0650497040183,
-2.86912791907114));
#14378=CARTESIAN_POINT('Ctrl Pts',(-1.37115731815937,-11.0479588336621,
-3.00197857306609));
#14379=CARTESIAN_POINT('Ctrl Pts',(-0.865902960400847,-11.2667746965655,
-2.60267631318789));
#14380=CARTESIAN_POINT('Ctrl Pts',(-1.0968441249014,-11.249025816038,-2.61963331381271));
#14381=CARTESIAN_POINT('Ctrl Pts',(-1.33699164462764,-11.2217828678618,
-2.73171971464688));
#14382=CARTESIAN_POINT('Ctrl Pts',(-1.49668516535083,-11.2004434517486,
-2.8920013617367));
#14383=CARTESIAN_POINT('',(-0.792893231468775,-10.7708569489017,-3.09999999996163));
#14384=CARTESIAN_POINT('',(-0.865902960400847,-11.2667746965655,-2.60267631318789));
#14385=CARTESIAN_POINT('',(-0.792893235619652,-10.7708569480391,-3.1));
#14386=CARTESIAN_POINT('',(-1.49668516535083,-11.2004434517486,-2.8920013617367));
#14387=CARTESIAN_POINT('Ctrl Pts',(-0.865902960400847,-11.2667746965655,
-2.60267631318789));
#14388=CARTESIAN_POINT('Ctrl Pts',(-1.0968441249014,-11.249025816038,-2.61963331381271));
#14389=CARTESIAN_POINT('Ctrl Pts',(-1.33699164462764,-11.2217828678618,
-2.73171971464688));
#14390=CARTESIAN_POINT('Ctrl Pts',(-1.49668516535083,-11.2004434517486,
-2.8920013617367));
#14391=CARTESIAN_POINT('',(-1.12010162377645,-10.742989597489,-3.22193299572486));
#14392=CARTESIAN_POINT('',(-1.49668516535083,-11.2004434517486,-2.8920013617367));
#14393=CARTESIAN_POINT('Ctrl Pts',(-1.12010162377645,-10.742989597489,-3.22193299572486));
#14394=CARTESIAN_POINT('Ctrl Pts',(-1.07665181911098,-10.7471333725698,
-3.18432817668545));
#14395=CARTESIAN_POINT('Ctrl Pts',(-1.02460518932977,-10.7531493952158,
-3.15239611882869));
#14396=CARTESIAN_POINT('Ctrl Pts',(-0.906129168799439,-10.7633653530411,
-3.10898158769823));
#14397=CARTESIAN_POINT('Ctrl Pts',(-0.84762166308608,-10.7668394438526,
-3.10000000184941));
#14398=CARTESIAN_POINT('Ctrl Pts',(-0.79289323570973,-10.7708569492662,
-3.1));
#14399=CARTESIAN_POINT('Ctrl Pts',(-0.7578094480695,-10.773380381311,-3.1));
#14400=CARTESIAN_POINT('Ctrl Pts',(-0.769345342423861,-10.7725689359313,
-3.1));
#14401=CARTESIAN_POINT('Ctrl Pts',(-0.781026969245991,-10.7717280283741,
-3.1));
#14402=CARTESIAN_POINT('Ctrl Pts',(-0.79289323570973,-10.7708569492662,
-3.1));
#14403=CARTESIAN_POINT('Ctrl Pts',(-0.769504038317487,-10.939636251393,
-2.93333333333333));
#14404=CARTESIAN_POINT('Ctrl Pts',(-0.785221468155053,-10.9385306729757,
-2.93333333333333));
#14405=CARTESIAN_POINT('Ctrl Pts',(-0.801136005630178,-10.9373724822421,
-2.93362459868247));
#14406=CARTESIAN_POINT('Ctrl Pts',(-0.817229810606769,-10.9361628650326,
-2.9342254377293));
#14407=CARTESIAN_POINT('Ctrl Pts',(-0.781198628565473,-11.1058921214749,
-2.76666666666667));
#14408=CARTESIAN_POINT('Ctrl Pts',(-0.801097593886244,-11.1044924100201,
-2.76666666666667));
#14409=CARTESIAN_POINT('Ctrl Pts',(-0.821245042014366,-11.1030169361101,
-2.76724919736495));
#14410=CARTESIAN_POINT('Ctrl Pts',(-0.841566385503808,-11.1014687807991,
-2.76845087545859));
#14411=CARTESIAN_POINT('Ctrl Pts',(-0.79289321881346,-11.2721479915569,
-2.6));
#14412=CARTESIAN_POINT('Ctrl Pts',(-0.816973719617436,-11.2704541470645,
-2.6));
#14413=CARTESIAN_POINT('Ctrl Pts',(-0.841354078398553,-11.268661389978,
-2.60087379604742));
#14414=CARTESIAN_POINT('Ctrl Pts',(-0.865902960400847,-11.2667746965655,
-2.60267631318789));
#14415=CARTESIAN_POINT('Ctrl Pts',(-0.79289323570973,-10.7708569492662,
-3.1));
#14416=CARTESIAN_POINT('Ctrl Pts',(-0.781026969245991,-10.7717280283741,
-3.1));
#14417=CARTESIAN_POINT('Ctrl Pts',(-0.769345342423861,-10.7725689359313,
-3.1));
#14418=CARTESIAN_POINT('Ctrl Pts',(-0.7578094480695,-10.773380381311,-3.1));
#14419=CARTESIAN_POINT('Origin',(-0.813111821263681,-11.2358340951865,-2.99332400033576));
#14420=CARTESIAN_POINT('Ctrl Pts',(-1.14644660941968,-10.7403648633836,
-3.24644660941968));
#14421=CARTESIAN_POINT('Ctrl Pts',(-1.36925956044128,-10.7171209673926,
-3.46925956044128));
#14422=CARTESIAN_POINT('Ctrl Pts',(-1.59134117515302,-10.6871002381294,
-3.69134117515302));
#14423=CARTESIAN_POINT('Ctrl Pts',(-1.81226691569988,-10.6503639192255,
-3.91226691569988));
#14424=CARTESIAN_POINT('Ctrl Pts',(-1.27181648687169,-10.892561891953,-3.13695395941786));
#14425=CARTESIAN_POINT('Ctrl Pts',(-1.49591563613091,-10.8667917350239,
-3.36133689023227));
#14426=CARTESIAN_POINT('Ctrl Pts',(-1.71917839533374,-10.8342135901995,
-3.58495469494487));
#14427=CARTESIAN_POINT('Ctrl Pts',(-1.9411833421732,-10.7948983298809,-3.80738418574956));
#14428=CARTESIAN_POINT('Ctrl Pts',(-1.3971863643237,-11.0447589205224,-3.02746130941603));
#14429=CARTESIAN_POINT('Ctrl Pts',(-1.62257171182054,-11.0164625026552,
-3.25341422002325));
#14430=CARTESIAN_POINT('Ctrl Pts',(-1.84701561551445,-10.9813269422695,
-3.47856821473671));
#14431=CARTESIAN_POINT('Ctrl Pts',(-2.07009976864652,-10.9394327405362,
-3.70250145579924));
#14432=CARTESIAN_POINT('Ctrl Pts',(-1.52255624177569,-11.1969559490918,
-2.91796865941421));
#14433=CARTESIAN_POINT('Ctrl Pts',(-1.74922778751016,-11.1661332702865,
-3.14549154981424));
#14434=CARTESIAN_POINT('Ctrl Pts',(-1.97485283569518,-11.1284402943396,
-3.37218173452856));
#14435=CARTESIAN_POINT('Ctrl Pts',(-2.19901619511984,-11.0839671511916,
-3.59761872584892));
#14436=CARTESIAN_POINT('',(-1.52255624060897,-11.1969559476754,-2.91796866043317));
#14437=CARTESIAN_POINT('',(-1.14644660941961,-10.7403648633823,-3.24644660941961));
#14438=CARTESIAN_POINT('',(-2.19937230641061,-11.0838964925605,-3.59792540612399));
#14439=CARTESIAN_POINT('Ctrl Pts',(-1.52255624060894,-11.1969559476754,
-2.9179686604332));
#14440=CARTESIAN_POINT('Ctrl Pts',(-1.63564560884901,-11.1815781142566,
-3.0314827755455));
#14441=CARTESIAN_POINT('Ctrl Pts',(-1.7485611555799,-11.1644788923664,-3.14487659283985));
#14442=CARTESIAN_POINT('Ctrl Pts',(-1.97402486916121,-11.126826949128,-3.37140357740238));
#14443=CARTESIAN_POINT('Ctrl Pts',(-2.08662382161607,-11.1062653616175,
-3.48458777330886));
#14444=CARTESIAN_POINT('Ctrl Pts',(-2.19901619392014,-11.0839671498465,
-3.59761872682496));
#14445=CARTESIAN_POINT('',(-2.19901619392011,-11.0839671498465,-3.59761872682498));
#14446=CARTESIAN_POINT('Ctrl Pts',(-1.12010162377662,-10.742989597489,-3.22193299572501));
#14447=CARTESIAN_POINT('Ctrl Pts',(-1.12919033324117,-10.7421228141263,
-3.22979906732989));
#14448=CARTESIAN_POINT('Ctrl Pts',(-1.13797119770022,-10.7412490201959,
-3.2379711976996));
#14449=CARTESIAN_POINT('Ctrl Pts',(-1.14644660941968,-10.7403648633836,
-3.24644660941968));
#14450=CARTESIAN_POINT('Ctrl Pts',(-1.24562947096802,-10.8954742155755,
-3.11195578439557));
#14451=CARTESIAN_POINT('Ctrl Pts',(-1.25456367393879,-10.8945121730126,
-3.12008548387038));
#14452=CARTESIAN_POINT('Ctrl Pts',(-1.26329215005066,-10.8935421428037,
-3.1284188287751));
#14453=CARTESIAN_POINT('Ctrl Pts',(-1.27181648648278,-10.8925618914809,
-3.13695395975751));
#14454=CARTESIAN_POINT('Ctrl Pts',(-1.37115731815942,-11.0479588336621,
-3.00197857306614));
#14455=CARTESIAN_POINT('Ctrl Pts',(-1.37993701463642,-11.0469015318989,
-3.01037190041087));
#14456=CARTESIAN_POINT('Ctrl Pts',(-1.38861310240109,-11.0458352654116,
-3.01886645985061));
#14457=CARTESIAN_POINT('Ctrl Pts',(-1.39718636354588,-11.0447589195781,
-3.02746131009534));
#14458=CARTESIAN_POINT('Ctrl Pts',(-1.49668516535083,-11.2004434517486,
-2.8920013617367));
#14459=CARTESIAN_POINT('Ctrl Pts',(-1.50531035533404,-11.1992908907851,
-2.90065831695136));
#14460=CARTESIAN_POINT('Ctrl Pts',(-1.51393405475153,-11.1981283880195,
-2.90931409092611));
#14461=CARTESIAN_POINT('Ctrl Pts',(-1.52255624060898,-11.1969559476754,
-2.91796866043317));
#14462=CARTESIAN_POINT('Ctrl Pts',(-1.14644660941968,-10.7403648633836,
-3.24644660941968));
#14463=CARTESIAN_POINT('Ctrl Pts',(-1.13797119770022,-10.7412490201959,
-3.2379711976996));
#14464=CARTESIAN_POINT('Ctrl Pts',(-1.12919033324117,-10.7421228141263,
-3.22979906732989));
#14465=CARTESIAN_POINT('Ctrl Pts',(-1.12010162377662,-10.742989597489,-3.22193299572501));
#14466=CARTESIAN_POINT('Ctrl Pts',(-1.49668516535083,-11.2004434517486,
-2.8920013617367));
#14467=CARTESIAN_POINT('Ctrl Pts',(-1.50099742693789,-11.1998672158188,
-2.89632950471159));
#14468=CARTESIAN_POINT('Ctrl Pts',(-1.50530948062406,-11.1992884728177,
-2.90065751771158));
#14469=CARTESIAN_POINT('Ctrl Pts',(-1.51393317095153,-11.1981259719531,
-2.90931328251329));
#14470=CARTESIAN_POINT('Ctrl Pts',(-1.51824481058766,-11.1975422136852,
-2.91364103732092));
#14471=CARTESIAN_POINT('Ctrl Pts',(-1.52255624060898,-11.1969559476754,
-2.91796866043317));
#14472=CARTESIAN_POINT('Ctrl Pts',(-1.8535534123318,-10.6429467254923,-3.95355341233179));
#14473=CARTESIAN_POINT('Ctrl Pts',(-1.87955833529645,-10.6379413526881,
-3.97955833209858));
#14474=CARTESIAN_POINT('Ctrl Pts',(-1.90935884272471,-10.632134412025,-4.00349033898954));
#14475=CARTESIAN_POINT('Ctrl Pts',(-1.99266271140777,-10.6156826304992,
-4.05566334542693));
#14476=CARTESIAN_POINT('Ctrl Pts',(-2.05080320490653,-10.6039921599954,
-4.07869287509912));
#14477=CARTESIAN_POINT('Ctrl Pts',(-2.10946529102332,-10.592079968264,-4.09037346930549));
#14478=CARTESIAN_POINT('Ctrl Pts',(-1.96882637701051,-10.7899299811845,
-3.835010743585));
#14479=CARTESIAN_POINT('Ctrl Pts',(-1.98628223456194,-10.7865688180646,
-3.85242093928789));
#14480=CARTESIAN_POINT('Ctrl Pts',(-2.00633075103846,-10.7826622170028,
-3.86851070860128));
#14481=CARTESIAN_POINT('Ctrl Pts',(-2.06263044694013,-10.771542017407,-3.90359990917163));
#14482=CARTESIAN_POINT('Ctrl Pts',(-2.10213447399239,-10.7635995640659,
-3.91909486455166));
#14483=CARTESIAN_POINT('Ctrl Pts',(-2.14201245441107,-10.7555062918969,
-3.92691564620366));
#14484=CARTESIAN_POINT('Ctrl Pts',(-2.08409934168922,-10.9369132368767,
-3.71646807483821));
#14485=CARTESIAN_POINT('Ctrl Pts',(-2.09298138907216,-10.9352029537386,
-3.72531724703639));
#14486=CARTESIAN_POINT('Ctrl Pts',(-2.10331333642322,-10.9331875249081,
-3.73352994527381));
#14487=CARTESIAN_POINT('Ctrl Pts',(-2.13256569364676,-10.9274094732213,
-3.75156022254771));
#14488=CARTESIAN_POINT('Ctrl Pts',(-2.15338593657098,-10.9232274309177,
-3.75959801054746));
#14489=CARTESIAN_POINT('Ctrl Pts',(-2.17455961779881,-10.9189326155298,
-3.76345782310183));
#14490=CARTESIAN_POINT('Ctrl Pts',(-2.19937230636794,-11.0838964925689,
-3.59792540609142));
#14491=CARTESIAN_POINT('Ctrl Pts',(-2.19970528833765,-11.0838304191151,
-3.59817985422571));
#14492=CARTESIAN_POINT('Ctrl Pts',(-2.20028524473696,-11.0837153298859,
-3.59855031488555));
#14493=CARTESIAN_POINT('Ctrl Pts',(-2.20253342917912,-11.0832688601291,
-3.59949678629241));
#14494=CARTESIAN_POINT('Ctrl Pts',(-2.20471720565684,-11.0828348349882,
-3.6));
#14495=CARTESIAN_POINT('Ctrl Pts',(-2.20710678118655,-11.0823589391627,
-3.6));
#14496=CARTESIAN_POINT('',(-1.85355341521527,-10.6429467201981,-3.95355341521525));
#14497=CARTESIAN_POINT('',(-2.20710678118655,-11.0823589391627,-3.6));
#14498=CARTESIAN_POINT('Ctrl Pts',(-2.19937230641059,-11.0838964925605,
-3.59792540612402));
#14499=CARTESIAN_POINT('Ctrl Pts',(-2.19970528838718,-11.0838304191053,
-3.59817985425735));
#14500=CARTESIAN_POINT('Ctrl Pts',(-2.20028524477456,-11.0837153298784,
-3.59855031490138));
#14501=CARTESIAN_POINT('Ctrl Pts',(-2.20253342917912,-11.0832688601291,
-3.59949678629241));
#14502=CARTESIAN_POINT('Ctrl Pts',(-2.20471720565684,-11.0828348349882,
-3.6));
#14503=CARTESIAN_POINT('Ctrl Pts',(-2.20710678118655,-11.0823589391627,
-3.6));
#14504=CARTESIAN_POINT('',(-2.20710678118655,-11.0823589391627,-3.6));
#14505=CARTESIAN_POINT('Ctrl Pts',(-1.7045750594295,-10.6617903098667,-3.80831493966005));
#14506=CARTESIAN_POINT('Ctrl Pts',(-2.43953568311501,-10.5922256866733,
-4.54331929580899));
#14507=CARTESIAN_POINT('Ctrl Pts',(-2.72558022481647,-10.0605571998665,
-4.82835721419677));
#14508=CARTESIAN_POINT('Ctrl Pts',(-25.9838584171906,-4.75303602228898,
-28.1092019691641));
#14509=CARTESIAN_POINT('Ctrl Pts',(-1.86942284917403,-10.8025004371051,
-3.73822075522406));
#14510=CARTESIAN_POINT('Ctrl Pts',(-2.35868164684887,-10.7563569633349,
-4.22484108939118));
#14511=CARTESIAN_POINT('Ctrl Pts',(-2.53943736595161,-10.4035362958942,
-4.46756550539303));
#14512=CARTESIAN_POINT('Ctrl Pts',(-19.2208997062614,-6.61869557550261,
-19.7449702682219));
#14513=CARTESIAN_POINT('Ctrl Pts',(-2.03376906575678,-10.9441446368687,
-3.66879909471239));
#14514=CARTESIAN_POINT('Ctrl Pts',(-2.28257138042507,-10.9116303309059,
-3.89994427664894));
#14515=CARTESIAN_POINT('Ctrl Pts',(-2.33711616443914,-10.7763704977945,
-4.12899684183334));
#14516=CARTESIAN_POINT('Ctrl Pts',(-11.723953472919,-9.88323864608823,-12.3852829879154));
#14517=CARTESIAN_POINT('Ctrl Pts',(-2.19916524977266,-11.0839375762742,
-3.5977537868473));
#14518=CARTESIAN_POINT('Ctrl Pts',(-2.19916524977267,-11.0839375762742,
-3.59775378684731));
#14519=CARTESIAN_POINT('Ctrl Pts',(-2.19916524977267,-11.0839375762742,
-3.59775378684731));
#14520=CARTESIAN_POINT('Ctrl Pts',(-2.19916524977267,-11.0839375762742,
-3.59775378684731));
#14521=CARTESIAN_POINT('Ctrl Pts',(-2.10946529102332,-10.592079968264,-4.09037346930549));
#14522=CARTESIAN_POINT('Ctrl Pts',(-2.14202478953939,-10.5854682874549,
-4.09685660543147));
#14523=CARTESIAN_POINT('Ctrl Pts',(-2.17458445176093,-10.5788603480194,
-4.1));
#14524=CARTESIAN_POINT('Ctrl Pts',(-2.20710678118656,-10.5720707364471,
-4.1));
#14525=CARTESIAN_POINT('Ctrl Pts',(-2.14201245441106,-10.7555062918969,
-3.92691564620366));
#14526=CARTESIAN_POINT('Ctrl Pts',(-2.17508282120706,-10.7488353008334,
-3.93123773695431));
#14527=CARTESIAN_POINT('Ctrl Pts',(-2.20814285379428,-10.7421143657357,
-3.93333333333333));
#14528=CARTESIAN_POINT('Ctrl Pts',(-2.24116707101968,-10.735219976207,-3.93333333333333));
#14529=CARTESIAN_POINT('Ctrl Pts',(-2.17455961779881,-10.9189326155298,
-3.76345782310183));
#14530=CARTESIAN_POINT('Ctrl Pts',(-2.20814085287474,-10.9122023142119,
-3.76561886847716));
#14531=CARTESIAN_POINT('Ctrl Pts',(-2.24170125582762,-10.905368383452,-3.76666666666667));
#14532=CARTESIAN_POINT('Ctrl Pts',(-2.27522736085281,-10.898369215967,-3.76666666666667));
#14533=CARTESIAN_POINT('Ctrl Pts',(-2.20710678118655,-11.0823589391627,
-3.6));
#14534=CARTESIAN_POINT('Ctrl Pts',(-2.24119888454242,-11.0755693275904,
-3.6));
#14535=CARTESIAN_POINT('Ctrl Pts',(-2.27525965786097,-11.0686224011684,
-3.6));
#14536=CARTESIAN_POINT('Ctrl Pts',(-2.30928765068593,-11.061518455727,-3.6));
#14537=CARTESIAN_POINT('Origin',(-0.564532198181289,-2.76790174780534,-3.6));
#14538=CARTESIAN_POINT('Origin',(2.20710678118655,9.29879936962572,-3.6));
#14539=CARTESIAN_POINT('',(1.85355339059328,9.29879936962572,-3.95355339059327));
#14540=CARTESIAN_POINT('',(2.20710678118655,9.29879936962572,-4.1));
#14541=CARTESIAN_POINT('Origin',(5.59586998388022,9.14878379764658,-4.1));
#14542=CARTESIAN_POINT('Origin',(0.,0.,-4.1));
#14543=CARTESIAN_POINT('Origin',(0.,0.,-3.6));
#14544=CARTESIAN_POINT('Origin',(-1.11022302462516E-15,1.11022302462516E-15,
-4.01602514716892));
#14545=CARTESIAN_POINT('Origin',(0.,0.,-3.6));
#14546=CARTESIAN_POINT('Origin',(0.,0.,-3.18397485283108));
#14547=CARTESIAN_POINT('Origin',(0.,0.,-3.6));
#14548=CARTESIAN_POINT('Origin',(0.,0.,-3.1));
#14549=CARTESIAN_POINT('Origin',(0.,-2.22044604925031E-15,-3.1));
#14550=CARTESIAN_POINT('',(-0.792893218813456,-4.72440747080243,-3.1));
#14551=CARTESIAN_POINT('Origin',(-0.792893218813456,-4.72440747080243,-3.6));
#14552=CARTESIAN_POINT('Origin',(0.,0.,0.));
#14553=CARTESIAN_POINT('',(-6.96694690963746,8.89672134880558,0.));
#14554=CARTESIAN_POINT('',(2.58672576781145,10.9999477181549,1.5));
#14555=CARTESIAN_POINT('',(2.58672576781145,10.9999477181549,0.));
#14556=CARTESIAN_POINT('',(6.96694690963746,8.89672134880557,1.5));
#14557=CARTESIAN_POINT('Origin',(-1.11022302462516E-15,-2.22044604925031E-15,
1.5));
#14558=CARTESIAN_POINT('',(6.96694690963746,8.89672134880558,-2.25));
#14559=CARTESIAN_POINT('',(6.96694690963746,8.89672134880558,0.));
#14560=CARTESIAN_POINT('',(3.216,10.8326979095699,-2.25));
#14561=CARTESIAN_POINT('Origin',(0.,0.,-2.25));
#14562=CARTESIAN_POINT('',(3.216,10.8326979095699,0.));
#14563=CARTESIAN_POINT('Origin',(-7.12108290321351,9.09355146714198,0.));
#14564=CARTESIAN_POINT('',(-7.22276706398246,8.86516510273133,0.));
#14565=CARTESIAN_POINT('Origin',(-12.3141616036172,11.132,0.));
#14566=CARTESIAN_POINT('',(-11.9790933064135,10.9828179825474,0.));
#14567=CARTESIAN_POINT('Origin',(-12.1824616279514,10.5260452537261,0.));
#14568=CARTESIAN_POINT('',(-12.5607989455897,10.8529410690593,0.));
#14569=CARTESIAN_POINT('Origin',(-12.1824616279514,-10.5260452537261,0.));
#14570=CARTESIAN_POINT('',(-11.9790933064135,-10.9828179825474,0.));
#14571=CARTESIAN_POINT('',(-12.5607989455897,-10.8529410690593,0.));
#14572=CARTESIAN_POINT('Origin',(-7.08433665511367,-8.80353191378397,0.));
#14573=CARTESIAN_POINT('',(-8.8954495009138,-9.60989130506497,-2.5));
#14574=CARTESIAN_POINT('',(-8.8954495009138,-9.60989130506497,-3.1));
#14575=CARTESIAN_POINT('',(-7.35917164652614,-8.92589633568733,-2.5));
#14576=CARTESIAN_POINT('',(-6.52736837348317,-8.55555365799506,-2.5));
#14577=CARTESIAN_POINT('',(-7.35917164652615,-8.92589633568732,1.5));
#14578=CARTESIAN_POINT('',(-7.35917164652614,-8.92589633568733,0.));
#14579=CARTESIAN_POINT('',(-9.34913871161219,-9.81188675588287,1.5));
#14580=CARTESIAN_POINT('',(-2.49259107400022,-6.7591550654335,1.5));
#14581=CARTESIAN_POINT('',(-9.34913871161219,-9.81188675588288,0.));
#14582=CARTESIAN_POINT('Origin',(0.,0.,0.));
#14583=CARTESIAN_POINT('',(-16.6,-2.03291368658461E-15,1.5));
#14584=CARTESIAN_POINT('Origin',(0.,0.,1.5));
#14585=CARTESIAN_POINT('',(-16.6,-2.03291368658461E-15,0.));
#14586=CARTESIAN_POINT('',(12.5607989455897,-10.8529410690593,0.));
#14587=CARTESIAN_POINT('',(12.5607989455897,10.8529410690593,0.));
#14588=CARTESIAN_POINT('Origin',(-8.6920811793759,-10.0666640338863,-3.1));
#14589=CARTESIAN_POINT('',(-8.36531121022643,-9.68821801757475,-2.5));
#14590=CARTESIAN_POINT('',(-8.36531121022643,-9.68821801757475,-3.1));
#14591=CARTESIAN_POINT('Origin',(-8.6920811793759,-10.0666640338863,-2.5));
#14592=CARTESIAN_POINT('Origin',(0.,0.,-3.1));
#14593=CARTESIAN_POINT('',(-6.42669171743574,-11.0696717913876,-2.5));
#14594=CARTESIAN_POINT('',(-6.42669171743574,-11.0696717913876,-3.1));
#14595=CARTESIAN_POINT('Origin',(0.,0.,-2.5));
#14596=CARTESIAN_POINT('Origin',(-5.92460642701107,-10.2048536826855,-3.1));
#14597=CARTESIAN_POINT('',(-5.92460642701107,-11.2048536826855,-2.5));
#14598=CARTESIAN_POINT('',(-5.92460642701107,-11.2048536826855,-3.1));
#14599=CARTESIAN_POINT('Origin',(-5.92460642701107,-10.2048536826855,-2.5));
#14600=CARTESIAN_POINT('Origin',(-3.54991627773552,-11.2048536826855,-3.1));
#14601=CARTESIAN_POINT('',(-3.54991627773552,-11.2048536826855,-2.5));
#14602=CARTESIAN_POINT('',(-3.54991627773552,-11.2048536826855,-3.1));
#14603=CARTESIAN_POINT('',(-6.1879927237845,-11.2048536826855,-2.5));
#14604=CARTESIAN_POINT('Origin',(-3.216,-10.8326979095699,-3.1));
#14605=CARTESIAN_POINT('',(-3.216,-10.8326979095699,-2.25));
#14606=CARTESIAN_POINT('',(-3.216,-10.8326979095699,0.));
#14607=CARTESIAN_POINT('',(-3.40032319593137,-11.0381294684929,-2.5));
#14608=CARTESIAN_POINT('Ctrl Pts',(-3.40032319593136,-11.0381294684929,
-2.5));
#14609=CARTESIAN_POINT('Ctrl Pts',(-3.37690098685869,-11.0120249898954,
-2.5));
#14610=CARTESIAN_POINT('Ctrl Pts',(-3.34926450698893,-10.9812236297404,
-2.49233422585691));
#14611=CARTESIAN_POINT('Ctrl Pts',(-3.30663624555365,-10.9337136559871,
-2.46739240069483));
#14612=CARTESIAN_POINT('Ctrl Pts',(-3.28384656501625,-10.9083141419623,
-2.44623683609816));
#14613=CARTESIAN_POINT('Ctrl Pts',(-3.25225690527787,-10.873106890845,-2.40174146086267));
#14614=CARTESIAN_POINT('Ctrl Pts',(-3.23750151684919,-10.856661741703,-2.37109771485691));
#14615=CARTESIAN_POINT('Ctrl Pts',(-3.22101940241868,-10.8382921249833,
-2.31492489072414));
#14616=CARTESIAN_POINT('Ctrl Pts',(-3.216,-10.8326979095699,-2.27987347563181));
#14617=CARTESIAN_POINT('Ctrl Pts',(-3.216,-10.8326979095699,-2.25));
#14618=CARTESIAN_POINT('',(-3.216,-10.8326979095699,-2.5));
#14619=CARTESIAN_POINT('Origin',(5.92460642701107,10.2048536826855,-3.1));
#14620=CARTESIAN_POINT('',(5.92460642701107,11.2048536826855,-2.5));
#14621=CARTESIAN_POINT('',(5.92460642701107,11.2048536826855,-3.1));
#14622=CARTESIAN_POINT('',(6.42669171743574,11.0696717913876,-2.5));
#14623=CARTESIAN_POINT('Origin',(5.92460642701107,10.2048536826855,-2.5));
#14624=CARTESIAN_POINT('',(6.42669171743574,11.0696717913876,-3.1));
#14625=CARTESIAN_POINT('Origin',(0.,0.,-3.1));
#14626=CARTESIAN_POINT('',(8.36531121022644,9.68821801757475,-2.5));
#14627=CARTESIAN_POINT('Origin',(0.,0.,-2.5));
#14628=CARTESIAN_POINT('',(8.36531121022644,9.68821801757475,-3.1));
#14629=CARTESIAN_POINT('Origin',(5.59586998388022,9.14878379764658,-2.5));
#14630=CARTESIAN_POINT('',(3.54991627773552,11.2048536826855,-2.5));
#14631=CARTESIAN_POINT('',(6.1879927237845,11.2048536826855,-2.5));
#14632=CARTESIAN_POINT('',(3.40032319593137,11.0381294684929,-2.5));
#14633=CARTESIAN_POINT('',(3.216,10.8326979095699,-2.5));
#14634=CARTESIAN_POINT('',(7.34033510944508,8.91750976904695,-2.5));
#14635=CARTESIAN_POINT('Origin',(0.,0.,-2.5));
#14636=CARTESIAN_POINT('',(8.89544950091381,9.60989130506496,-2.5));
#14637=CARTESIAN_POINT('',(6.52736837348318,8.55555365799505,-2.5));
#14638=CARTESIAN_POINT('Origin',(8.69208117937591,10.0666640338863,-2.5));
#14639=CARTESIAN_POINT('Origin',(-11.8939180611948,-9.30294110233879,0.));
#14640=CARTESIAN_POINT('',(-11.7143784963526,-9.22300493792324,0.));
#14641=CARTESIAN_POINT('',(-7.1184856751375,-7.17678161931468,0.));
#14642=CARTESIAN_POINT('Origin',(7.08433665511368,8.80353191378396,0.));
#14643=CARTESIAN_POINT('',(8.89544950091381,9.60989130506496,-3.1));
#14644=CARTESIAN_POINT('',(7.22276706398246,8.86516510273133,-2.47198632838569));
#14645=CARTESIAN_POINT('Ctrl Pts',(7.34033510944508,8.91750976904695,-2.5));
#14646=CARTESIAN_POINT('Ctrl Pts',(7.30766239731818,8.90296294038123,-2.5));
#14647=CARTESIAN_POINT('Ctrl Pts',(7.26909713380883,8.88579257881038,-2.49226523003584));
#14648=CARTESIAN_POINT('Ctrl Pts',(7.23342318310426,8.86990951263842,-2.4771438267939));
#14649=CARTESIAN_POINT('Ctrl Pts',(7.22810688178067,8.86754254278942,-2.4746881607741));
#14650=CARTESIAN_POINT('Ctrl Pts',(7.22276706398246,8.86516510273133,-2.47198632838569));
#14651=CARTESIAN_POINT('',(7.22276706398246,8.86516510273133,1.5));
#14652=CARTESIAN_POINT('',(7.22276706398246,8.86516510273133,0.));
#14653=CARTESIAN_POINT('',(9.34913871161219,9.81188675588288,1.5));
#14654=CARTESIAN_POINT('',(2.49259107400022,6.7591550654335,1.5));
#14655=CARTESIAN_POINT('',(9.34913871161219,9.81188675588288,0.));
#14656=CARTESIAN_POINT('',(11.9790933064135,10.9828179825474,0.));
#14657=CARTESIAN_POINT('Origin',(0.,0.,0.));
#14658=CARTESIAN_POINT('',(6.96694690963745,-8.89672134880559,0.));
#14659=CARTESIAN_POINT('',(-2.58672576781145,-10.9999477181548,1.5));
#14660=CARTESIAN_POINT('',(-2.58672576781145,-10.9999477181549,0.));
#14661=CARTESIAN_POINT('',(-6.85259131969213,-8.98509834143622,1.5));
#14662=CARTESIAN_POINT('Origin',(1.11022302462516E-15,2.22044604925031E-15,
1.5));
#14663=CARTESIAN_POINT('',(-6.85259131969213,-8.98509834143623,-2.25));
#14664=CARTESIAN_POINT('',(-6.85259131969213,-8.98509834143623,0.));
#14665=CARTESIAN_POINT('Origin',(0.,0.,-2.25));
#14666=CARTESIAN_POINT('Origin',(1.5,9.44881494160487,-3.6));
#14667=CARTESIAN_POINT('Origin',(8.69208117937591,10.0666640338863,-3.1));
#14668=CARTESIAN_POINT('Origin',(-2.64395421400197,-11.2433093933353,0.));
#14669=CARTESIAN_POINT('',(-2.45787632744418,-11.410267532203,1.5));
#14670=CARTESIAN_POINT('',(-2.45787632744418,-11.410267532203,0.));
#14671=CARTESIAN_POINT('Origin',(-2.64395421400197,-11.2433093933353,1.5));
#14672=CARTESIAN_POINT('Origin',(-4.12886946811743,-13.2726198210921,0.));
#14673=CARTESIAN_POINT('',(-3.91178943783506,-13.0306801736884,1.5));
#14674=CARTESIAN_POINT('',(-3.91178943783506,-13.0306801736884,0.));
#14675=CARTESIAN_POINT('',(0.0906160357183891,-8.56992637805566,1.5));
#14676=CARTESIAN_POINT('Origin',(-9.24745455084324,-10.0402731202935,0.));
#14677=CARTESIAN_POINT('',(-9.41682185030923,-10.2241609063795,1.5));
#14678=CARTESIAN_POINT('Origin',(-9.24745455084324,-10.0402731202935,1.5));
#14679=CARTESIAN_POINT('',(-9.41682185030923,-10.2241609063795,0.));
#14680=CARTESIAN_POINT('Origin',(2.64395421400196,11.2433093933353,0.));
#14681=CARTESIAN_POINT('',(2.45787632744418,11.410267532203,1.5));
#14682=CARTESIAN_POINT('',(2.45787632744418,11.410267532203,0.));
#14683=CARTESIAN_POINT('Origin',(2.64395421400196,11.2433093933353,1.5));
#14684=CARTESIAN_POINT('Origin',(4.12886946811743,13.2726198210921,0.));
#14685=CARTESIAN_POINT('',(3.91178943783506,13.0306801736884,1.5));
#14686=CARTESIAN_POINT('',(3.91178943783506,13.0306801736884,0.));
#14687=CARTESIAN_POINT('',(-0.0906160357183894,8.56992637805566,1.5));
#14688=CARTESIAN_POINT('Origin',(9.24745455084324,10.0402731202935,0.));
#14689=CARTESIAN_POINT('',(9.41682185030924,10.2241609063795,1.5));
#14690=CARTESIAN_POINT('Origin',(9.24745455084324,10.0402731202935,1.5));
#14691=CARTESIAN_POINT('',(9.41682185030924,10.2241609063795,0.));
#14692=CARTESIAN_POINT('Origin',(-14.2937341269648,-5.99492824874837,1.5));
#14693=CARTESIAN_POINT('',(-14.0656055444766,-5.89573511800018,1.5));
#14694=CARTESIAN_POINT('',(-7.18712154536792,-2.90488515421695,1.5));
#14695=CARTESIAN_POINT('',(-14.0656055444766,-5.89573511800018,-0.25));
#14696=CARTESIAN_POINT('',(-14.0656055444766,-5.89573511800018,1.5));
#14697=CARTESIAN_POINT('',(-13.9268781476424,-5.83541472911057,-0.25));
#14698=CARTESIAN_POINT('',(-12.5511514843358,-5.23723175134113,-0.25));
#14699=CARTESIAN_POINT('',(-13.9268781476424,-5.83541472911057,0.));
#14700=CARTESIAN_POINT('Origin',(-13.9659182772453,-6.12500013659647,1.5));
#14701=CARTESIAN_POINT('',(-14.1948677572001,-6.22540997490133,-0.25));
#14702=CARTESIAN_POINT('Origin',(-13.9659182772453,-6.12500013659647,-0.25));
#14703=CARTESIAN_POINT('',(-14.1948677572001,-6.22540997490133,1.5));
#14704=CARTESIAN_POINT('Origin',(-13.9659182772453,-6.12500013659647,1.5));
#14705=CARTESIAN_POINT('',(-14.1948677572001,-6.22540997490133,1.5));
#14706=CARTESIAN_POINT('Origin',(0.,0.,1.5));
#14707=CARTESIAN_POINT('',(-12.4887970658376,-9.18041109364526,1.5));
#14708=CARTESIAN_POINT('Origin',(0.,0.,1.5));
#14709=CARTESIAN_POINT('',(-12.4887970658376,-9.18041109364526,-0.25));
#14710=CARTESIAN_POINT('',(-12.4887970658376,-9.18041109364526,1.5));
#14711=CARTESIAN_POINT('Origin',(0.,0.,-0.25));
#14712=CARTESIAN_POINT('Origin',(-12.2873648550983,-9.03233994697356,1.5));
#14713=CARTESIAN_POINT('Origin',(-12.2873648550983,-9.03233994697356,-0.25));
#14714=CARTESIAN_POINT('Origin',(-12.2873648550983,-9.03233994697356,1.5));
#14715=CARTESIAN_POINT('Origin',(13.9659182772453,-6.12500013659648,1.5));
#14716=CARTESIAN_POINT('',(14.1948677572001,-6.22540997490134,-0.25));
#14717=CARTESIAN_POINT('Origin',(13.9659182772453,-6.12500013659648,-0.25));
#14718=CARTESIAN_POINT('',(14.1948677572001,-6.22540997490134,1.5));
#14719=CARTESIAN_POINT('',(14.1948677572001,-6.22540997490134,1.5));
#14720=CARTESIAN_POINT('Origin',(13.9659182772453,-6.12500013659648,1.5));
#14721=CARTESIAN_POINT('Origin',(12.2873648550983,-9.03233994697357,1.5));
#14722=CARTESIAN_POINT('',(12.4887970658376,-9.18041109364527,-0.25));
#14723=CARTESIAN_POINT('Origin',(12.2873648550983,-9.03233994697357,-0.25));
#14724=CARTESIAN_POINT('',(12.4887970658376,-9.18041109364527,1.5));
#14725=CARTESIAN_POINT('Origin',(12.2873648550983,-9.03233994697357,1.5));
#14726=CARTESIAN_POINT('',(12.4887970658376,-9.18041109364527,1.5));
#14727=CARTESIAN_POINT('Origin',(0.,0.,1.5));
#14728=CARTESIAN_POINT('Origin',(0.,0.,-0.25));
#14729=CARTESIAN_POINT('Origin',(0.,0.,1.5));
#14730=CARTESIAN_POINT('Origin',(-1.67855342214693,15.15734008357,1.5));
#14731=CARTESIAN_POINT('',(-1.92694638606608,15.1290392801281,1.5));
#14732=CARTESIAN_POINT('Origin',(-1.67855342214693,15.15734008357,1.5));
#14733=CARTESIAN_POINT('',(-1.92694638606608,15.1290392801281,1.5));
#14734=CARTESIAN_POINT('Origin',(-1.74,13.4882319078521,1.5));
#14735=CARTESIAN_POINT('',(-1.76846101890685,13.7380310648592,1.5));
#14736=CARTESIAN_POINT('',(-0.970302980955123,6.73268787277647,1.5));
#14737=CARTESIAN_POINT('',(-1.76846101890685,13.7380310648592,1.5));
#14738=CARTESIAN_POINT('Origin',(-1.5200680549877,13.7663318683012,1.5));
#14739=CARTESIAN_POINT('',(-1.49263000345363,13.517842123386,1.5));
#14740=CARTESIAN_POINT('Origin',(-1.5200680549877,13.7663318683012,1.5));
#14741=CARTESIAN_POINT('',(-1.49263000345363,13.517842123386,1.5));
#14742=CARTESIAN_POINT('Origin',(0.,0.,1.5));
#14743=CARTESIAN_POINT('Origin',(0.,0.,1.5));
#14744=CARTESIAN_POINT('Origin',(0.,0.,-2.25));
#14745=CARTESIAN_POINT('',(-7.33996025808701,-8.91781830997376,-2.5));
#14746=CARTESIAN_POINT('Origin',(0.,0.,-2.5));
#14747=CARTESIAN_POINT('Ctrl Pts',(-6.85259131969213,-8.98509834143623,
-2.25));
#14748=CARTESIAN_POINT('Ctrl Pts',(-6.85341113295211,-8.98447310117557,
-2.25074500181577));
#14749=CARTESIAN_POINT('Ctrl Pts',(-6.85423288315278,-8.98385039436371,
-2.25149000637577));
#14750=CARTESIAN_POINT('Ctrl Pts',(-6.89369086595043,-8.95414156359557,
-2.28717831774983));
#14751=CARTESIAN_POINT('Ctrl Pts',(-6.93687050993547,-8.93041343309532,
-2.32238006467244));
#14752=CARTESIAN_POINT('Ctrl Pts',(-7.02688725961349,-8.89736776335313,
-2.38591912527624));
#14753=CARTESIAN_POINT('Ctrl Pts',(-7.07398219233475,-8.8869269669162,-2.41510363477623));
#14754=CARTESIAN_POINT('Ctrl Pts',(-7.17025548218538,-8.88067959613836,
-2.46270437227237));
#14755=CARTESIAN_POINT('Ctrl Pts',(-7.21568393113224,-8.88432514411488,
-2.47983542350932));
#14756=CARTESIAN_POINT('Ctrl Pts',(-7.28612481827217,-8.89913870750668,
-2.49627962168064));
#14757=CARTESIAN_POINT('Ctrl Pts',(-7.31343693068287,-8.90731073397721,
-2.5));
#14758=CARTESIAN_POINT('Ctrl Pts',(-7.33996025808702,-8.91781830997374,
-2.5));
#14759=CARTESIAN_POINT('Origin',(-7.15580332498824,-9.38266906450863,0.));
#14760=CARTESIAN_POINT('Origin',(-7.15580332498824,-9.38266906450863,1.5));
#14761=CARTESIAN_POINT('Origin',(-7.15580332498824,-9.38266906450863,-2.5));
#14762=CARTESIAN_POINT('Origin',(-5.59586998388022,-9.14878379764658,-2.5));
#14763=CARTESIAN_POINT('Origin',(0.,0.,-2.25));
#14764=CARTESIAN_POINT('Ctrl Pts',(3.40032319593136,11.0381294684929,-2.5));
#14765=CARTESIAN_POINT('Ctrl Pts',(3.37690098685869,11.0120249898954,-2.5));
#14766=CARTESIAN_POINT('Ctrl Pts',(3.34926450698893,10.9812236297404,-2.49233422585691));
#14767=CARTESIAN_POINT('Ctrl Pts',(3.30663624555365,10.9337136559871,-2.46739240069483));
#14768=CARTESIAN_POINT('Ctrl Pts',(3.28384656501625,10.9083141419623,-2.44623683609816));
#14769=CARTESIAN_POINT('Ctrl Pts',(3.25225690527787,10.873106890845,-2.40174146086267));
#14770=CARTESIAN_POINT('Ctrl Pts',(3.23750151684919,10.856661741703,-2.37109771485691));
#14771=CARTESIAN_POINT('Ctrl Pts',(3.22101940241868,10.8382921249833,-2.31492489072414));
#14772=CARTESIAN_POINT('Ctrl Pts',(3.216,10.8326979095699,-2.27987347563181));
#14773=CARTESIAN_POINT('Ctrl Pts',(3.216,10.8326979095699,-2.25));
#14774=CARTESIAN_POINT('Ctrl Pts',(6.96694690963746,8.89672134880558,-2.25));
#14775=CARTESIAN_POINT('Ctrl Pts',(6.96752721408511,8.89626691732238,-2.25074517130818));
#14776=CARTESIAN_POINT('Ctrl Pts',(6.96810953129149,8.89581504974187,-2.25149034658666));
#14777=CARTESIAN_POINT('Ctrl Pts',(6.96869384429599,8.89536575947811,-2.25223550299647));
#14778=CARTESIAN_POINT('Ctrl Pts',(6.98766978020106,8.88077477282857,-2.27643493063682));
#14779=CARTESIAN_POINT('Ctrl Pts',(7.00856042247086,8.86904623309523,-2.30037545500909));
#14780=CARTESIAN_POINT('Ctrl Pts',(7.03070810863551,8.86045878636599,-2.32332227610247));
#14781=CARTESIAN_POINT('Ctrl Pts',(7.04977186807245,8.85306708786499,-2.34307389592925));
#14782=CARTESIAN_POINT('Ctrl Pts',(7.06976814606746,8.84800385005584,-2.36209380028269));
#14783=CARTESIAN_POINT('Ctrl Pts',(7.0902706526265,8.84545752281088,-2.37991061863432));
#14784=CARTESIAN_POINT('Ctrl Pts',(7.10990907996959,8.84301851066142,-2.39697654624059));
#14785=CARTESIAN_POINT('Ctrl Pts',(7.12966217111969,8.84292849100253,-2.41263550131853));
#14786=CARTESIAN_POINT('Ctrl Pts',(7.14916112785131,8.84513219826105,-2.42662974047523));
#14787=CARTESIAN_POINT('Ctrl Pts',(7.16393513951336,8.84680190793758,-2.43723292583269));
#14788=CARTESIAN_POINT('Ctrl Pts',(7.17856417569911,8.8497901091643,-2.4468813707497));
#14789=CARTESIAN_POINT('Ctrl Pts',(7.19289041513418,8.85408605997058,-2.4554554375068));
#14790=CARTESIAN_POINT('Ctrl Pts',(7.20286969435402,8.85707850560188,-2.46142790548113));
#14791=CARTESIAN_POINT('Ctrl Pts',(7.21286304864186,8.86075555100195,-2.46697511069366));
#14792=CARTESIAN_POINT('Ctrl Pts',(7.22276706398246,8.86516510273133,-2.47198632838569));
#14793=CARTESIAN_POINT('Origin',(7.12108290321351,9.09355146714198,0.));
#14794=CARTESIAN_POINT('Origin',(7.12108290321351,9.09355146714198,1.5));
#14795=CARTESIAN_POINT('Origin',(7.1210829032135,-9.09355146714199,0.));
#14796=CARTESIAN_POINT('',(7.22276706398245,-8.86516510273134,0.));
#14797=CARTESIAN_POINT('Origin',(-11.8160626571216,8.99461857351259,0.));
#14798=CARTESIAN_POINT('',(-11.7143784963526,9.22300493792324,0.));
#14799=CARTESIAN_POINT('',(-12.0149862708778,9.14604312862223,0.));
#14800=CARTESIAN_POINT('Origin',(-6.81554188760363,7.04190235506857,0.));
#14801=CARTESIAN_POINT('',(-7.1184856751375,7.17678161931467,0.));
#14802=CARTESIAN_POINT('Origin',(-11.8160626571216,-8.99461857351259,0.));
#14803=CARTESIAN_POINT('',(-12.0149862708778,-9.14604312862223,0.));
#14804=CARTESIAN_POINT('Origin',(-4.28394521095063,-12.6967638959529,0.));
#14805=CARTESIAN_POINT('',(-4.44379391285178,-13.1705237428168,1.5));
#14806=CARTESIAN_POINT('',(-4.44379391285178,-13.1705237428168,0.));
#14807=CARTESIAN_POINT('Origin',(-4.28394521095063,-12.6967638959529,1.5));
#14808=CARTESIAN_POINT('Origin',(0.,0.,0.));
#14809=CARTESIAN_POINT('Origin',(0.,0.,1.5));
#14810=CARTESIAN_POINT('Origin',(4.28394521095063,12.6967638959529,0.));
#14811=CARTESIAN_POINT('',(4.44379391285177,13.1705237428168,1.5));
#14812=CARTESIAN_POINT('',(4.44379391285177,13.1705237428168,0.));
#14813=CARTESIAN_POINT('Origin',(4.28394521095063,12.6967638959529,1.5));
#14814=CARTESIAN_POINT('Origin',(0.,0.,0.));
#14815=CARTESIAN_POINT('Origin',(0.,0.,1.5));
#14816=CARTESIAN_POINT('Origin',(-6.9151173535996,7.63355434813597,0.));
#14817=CARTESIAN_POINT('Origin',(-6.9151173535996,-7.63355434813598,0.));
#14818=CARTESIAN_POINT('',(-6.57943204517243,-7.26299345744977,0.));
#14819=CARTESIAN_POINT('Origin',(0.,0.,0.));
#14820=CARTESIAN_POINT('Origin',(12.1824616279514,-10.5260452537261,0.));
#14821=CARTESIAN_POINT('',(11.9790933064135,-10.9828179825474,0.));
#14822=CARTESIAN_POINT('Origin',(12.1824616279514,10.5260452537261,0.));
#14823=CARTESIAN_POINT('Origin',(-12.5524428056503,-7.30925224792953,-0.25));
#14824=CARTESIAN_POINT('Origin',(0.,0.,-0.25));
#14825=CARTESIAN_POINT('Origin',(12.5524428056503,-7.30925224792954,-0.25));
#14826=CARTESIAN_POINT('Origin',(3.54991627773552,11.2048536826855,-3.1));
#14827=CARTESIAN_POINT('',(3.54991627773552,11.2048536826855,-3.1));
#14828=CARTESIAN_POINT('Origin',(3.216,10.8326979095699,-3.1));
#14829=CARTESIAN_POINT('Origin',(0.,0.,0.));
#14830=CARTESIAN_POINT('Origin',(12.3141616036172,-11.132,0.));
#14831=CARTESIAN_POINT('Origin',(0.,0.,1.5));
#14832=CARTESIAN_POINT('Origin',(12.6688644436144,-4.0134258422303,5.1));
#14833=CARTESIAN_POINT('',(10.5691954985653,-3.39147556575398,4.85));
#14834=CARTESIAN_POINT('',(10.6428990570369,-3.15257032621354,5.1));
#14835=CARTESIAN_POINT('Ctrl Pts',(10.5691954985653,-3.39147556575397,4.85));
#14836=CARTESIAN_POINT('Ctrl Pts',(10.5787875369056,-3.36158293451364,4.85));
#14837=CARTESIAN_POINT('Ctrl Pts',(10.5888791532549,-3.32965268202149,4.85627176275098));
#14838=CARTESIAN_POINT('Ctrl Pts',(10.6071946523604,-3.2708363322038,4.88178406616988));
#14839=CARTESIAN_POINT('Ctrl Pts',(10.6154257908001,-3.2439525395789,4.90102471063567));
#14840=CARTESIAN_POINT('Ctrl Pts',(10.6283154305348,-3.20146900760957,4.94541961496715));
#14841=CARTESIAN_POINT('Ctrl Pts',(10.6338344630768,-3.18303744039752,4.9735314939146));
#14842=CARTESIAN_POINT('Ctrl Pts',(10.6411226272572,-3.15858702060982,5.03512635771096));
#14843=CARTESIAN_POINT('Ctrl Pts',(10.6428990570369,-3.15257032621354,5.06860933547906));
#14844=CARTESIAN_POINT('Ctrl Pts',(10.6428990570369,-3.15257032621354,5.1));
#14845=CARTESIAN_POINT('',(13.2317123411811,-3.91941175691413,5.1));
#14846=CARTESIAN_POINT('',(12.7398682797904,-3.77372090851325,5.1));
#14847=CARTESIAN_POINT('',(13.1585370864908,-4.15847348716404,4.85));
#14848=CARTESIAN_POINT('Ctrl Pts',(13.1585370864908,-4.15847348716404,4.85));
#14849=CARTESIAN_POINT('Ctrl Pts',(13.161669515595,-4.14856163256987,4.85));
#14850=CARTESIAN_POINT('Ctrl Pts',(13.1648580718902,-4.1384293314139,4.85065219877387));
#14851=CARTESIAN_POINT('Ctrl Pts',(13.1680526755329,-4.12823748863034,4.85201708623634));
#14852=CARTESIAN_POINT('Ctrl Pts',(13.1712791758232,-4.11794388498571,4.85339560147216));
#14853=CARTESIAN_POINT('Ctrl Pts',(13.1745115698468,-4.1075904730929,4.85550148121458));
#14854=CARTESIAN_POINT('Ctrl Pts',(13.1776959173602,-4.09735094345418,4.85834323058873));
#14855=CARTESIAN_POINT('Ctrl Pts',(13.1808802648737,-4.08711141381546,4.86118497996288));
#14856=CARTESIAN_POINT('Ctrl Pts',(13.1840162622544,-4.07698679144305,4.86476251791538));
#14857=CARTESIAN_POINT('Ctrl Pts',(13.1870520413072,-4.06714377172185,4.86902869208043));
#14858=CARTESIAN_POINT('Ctrl Pts',(13.1900288113929,-4.0574920789766,4.87321194106346));
#14859=CARTESIAN_POINT('Ctrl Pts',(13.1929161215859,-4.04809017104906,4.8780662710236));
#14860=CARTESIAN_POINT('Ctrl Pts',(13.1956735626741,-4.03908057575425,4.88350728128691));
#14861=CARTESIAN_POINT('Ctrl Pts',(13.198499095536,-4.02984849907048,4.88908265091721));
#14862=CARTESIAN_POINT('Ctrl Pts',(13.2011879979408,-4.02102925517428,4.89527352764936));
#14863=CARTESIAN_POINT('Ctrl Pts',(13.2037065252275,-4.0127433365347,4.90194412292735));
#14864=CARTESIAN_POINT('Ctrl Pts',(13.2062250525141,-4.00445741789512,4.90861471820535));
#14865=CARTESIAN_POINT('Ctrl Pts',(13.2085730576957,-3.99670532073194,4.9157641034646));
#14866=CARTESIAN_POINT('Ctrl Pts',(13.2107295347702,-3.98956453252109,4.92322330470337));
#14867=CARTESIAN_POINT('Ctrl Pts',(13.2128544802619,-3.9825281555086,4.9305734389712));
#14868=CARTESIAN_POINT('Ctrl Pts',(13.2148864541369,-3.97577784659175,4.93854546199553));
#14869=CARTESIAN_POINT('Ctrl Pts',(13.2167810046017,-3.9694692746247,4.94706294673013));
#14870=CARTESIAN_POINT('Ctrl Pts',(13.2186943669843,-3.96309806176239,4.95566500573479));
#14871=CARTESIAN_POINT('Ctrl Pts',(13.2204672941652,-3.95717831049506,4.96482299094503));
#14872=CARTESIAN_POINT('Ctrl Pts',(13.2220631479923,-3.95183947980596,4.97441430252936));
#14873=CARTESIAN_POINT('Ctrl Pts',(13.2236590018194,-3.94650064911687,4.98400561411368));
#14874=CARTESIAN_POINT('Ctrl Pts',(13.2250775840408,-3.94174340829307,4.99402943880426));
#14875=CARTESIAN_POINT('Ctrl Pts',(13.2262948985745,-3.93765453740446,5.00432900210142));
#14876=CARTESIAN_POINT('Ctrl Pts',(13.2274886687567,-3.93364475027827,5.0144293592512));
#14877=CARTESIAN_POINT('Ctrl Pts',(13.2284921471777,-3.93026902243789,5.02481683499546));
#14878=CARTESIAN_POINT('Ctrl Pts',(13.2292934449718,-3.92757078532154,5.03532697820501));
#14879=CARTESIAN_POINT('Ctrl Pts',(13.2301144315646,-3.92480624944828,5.04609536759523));
#14880=CARTESIAN_POINT('Ctrl Pts',(13.2307230921934,-3.9227532026871,5.05699150145587));
#14881=CARTESIAN_POINT('Ctrl Pts',(13.2311225489505,-3.92140464925661,5.06783094964041));
#14882=CARTESIAN_POINT('Ctrl Pts',(13.2315220057077,-3.92005609582611,5.07867039782496));
#14883=CARTESIAN_POINT('Ctrl Pts',(13.2317123411811,-3.91941175691414,5.08945213851041));
#14884=CARTESIAN_POINT('Ctrl Pts',(13.2317123411811,-3.91941175691414,5.1));
#14885=CARTESIAN_POINT('',(12.6688644436144,-4.0134258422303,4.85));
#14886=CARTESIAN_POINT('Origin',(14.6699419434834,-4.34543477397002,1.65));
#14887=CARTESIAN_POINT('',(13.2317123411811,-3.91941175691413,1.65));
#14888=CARTESIAN_POINT('',(13.2317123411811,-3.91941175691413,1.65));
#14889=CARTESIAN_POINT('',(10.6428990570369,-3.15257032621354,6.06));
#14890=CARTESIAN_POINT('',(10.6428990570369,-3.15257032621354,4.85));
#14891=CARTESIAN_POINT('',(9.10878748124784,-2.69814577468726,6.95));
#14892=CARTESIAN_POINT('',(9.87584326914239,-2.9253580504504,6.505));
#14893=CARTESIAN_POINT('',(9.10878748124783,-2.69814577468726,8.45));
#14894=CARTESIAN_POINT('',(9.10878748124783,-2.69814577468727,8.45));
#14895=CARTESIAN_POINT('',(10.4511351100633,-3.09576725727276,8.45));
#14896=CARTESIAN_POINT('',(0.,0.,8.45));
#14897=CARTESIAN_POINT('',(13.3275943146679,-3.94781329138452,7.54995686655035));
#14898=CARTESIAN_POINT('',(12.5605385267733,-3.72060101562139,7.78996836880359));
#14899=CARTESIAN_POINT('',(13.3275943146679,-3.94781329138452,1.65));
#14900=CARTESIAN_POINT('',(13.3275943146679,-3.94781329138452,1.65));
#14901=CARTESIAN_POINT('',(0.,0.,1.65));
#14902=CARTESIAN_POINT('Origin',(0.,0.,1.65));
#14903=CARTESIAN_POINT('',(8.79889026980543,-6.76679614144858,4.85));
#14904=CARTESIAN_POINT('Origin',(0.,0.,4.85));
#14905=CARTESIAN_POINT('',(8.79889026980543,-6.76679614144858,1.65));
#14906=CARTESIAN_POINT('',(8.79889026980543,-6.76679614144858,1.65));
#14907=CARTESIAN_POINT('',(8.21800024096589,-7.46153282104184,1.65));
#14908=CARTESIAN_POINT('Origin',(0.,0.,1.65));
#14909=CARTESIAN_POINT('',(8.21800024096589,-7.46153282104184,6.06));
#14910=CARTESIAN_POINT('',(8.21800024096589,-7.46153282104184,1.65));
#14911=CARTESIAN_POINT('Origin',(0.,0.,6.06));
#14912=CARTESIAN_POINT('Origin',(8.40309033648314,-7.62958536205629,1.65));
#14913=CARTESIAN_POINT('',(8.2310016925597,-7.81092895480937,1.65));
#14914=CARTESIAN_POINT('Origin',(8.40309033648314,-7.62958536205629,1.65));
#14915=CARTESIAN_POINT('',(8.2310016925597,-7.81092895480937,5.9224692111356));
#14916=CARTESIAN_POINT('',(8.2310016925597,-7.81092895480937,1.65));
#14917=CARTESIAN_POINT('Ctrl Pts',(8.21800024096589,-7.46153282104183,6.06000000000001));
#14918=CARTESIAN_POINT('Ctrl Pts',(8.1973452733616,-7.48428183693714,6.06000000000001));
#14919=CARTESIAN_POINT('Ctrl Pts',(8.17999068258762,-7.51236873545824,6.05656664423423));
#14920=CARTESIAN_POINT('Ctrl Pts',(8.15773613939801,-7.57201357513274,6.04315555675929));
#14921=CARTESIAN_POINT('Ctrl Pts',(8.15279967730358,-7.60356303230331,6.03320071377077));
#14922=CARTESIAN_POINT('Ctrl Pts',(8.15345858241771,-7.66556521989115,6.00936345826061));
#14923=CARTESIAN_POINT('Ctrl Pts',(8.16082262426432,-7.69993365915104,5.99326350547001));
#14924=CARTESIAN_POINT('Ctrl Pts',(8.18826479144036,-7.76188399386944,5.95849614286235));
#14925=CARTESIAN_POINT('Ctrl Pts',(8.20836949269522,-7.78945179907116,5.93982460950327));
#14926=CARTESIAN_POINT('Ctrl Pts',(8.2310016925597,-7.81092895480936,5.9224692111356));
#14927=CARTESIAN_POINT('Origin',(10.6250553404171,-6.13437856094448,1.65));
#14928=CARTESIAN_POINT('',(9.14506676878013,-6.71771938938754,1.65));
#14929=CARTESIAN_POINT('Origin',(8.99706347408032,-6.91920145994967,1.65));
#14930=CARTESIAN_POINT('',(11.1218102950295,-8.16978186742925,1.65));
#14931=CARTESIAN_POINT('',(9.38691489658402,-6.89537450099172,1.65));
#14932=CARTESIAN_POINT('',(11.2654192904735,-7.97059145922237,1.65));
#14933=CARTESIAN_POINT('Origin',(0.,0.,1.65));
#14934=CARTESIAN_POINT('',(11.3214996785721,-8.3164683025965,1.65));
#14935=CARTESIAN_POINT('Origin',(11.4695029732719,-8.11498623203437,1.65));
#14936=CARTESIAN_POINT('',(12.1275470932598,-8.90856899287233,1.65));
#14937=CARTESIAN_POINT('',(11.0793642893058,-8.13860217647003,1.65));
#14938=CARTESIAN_POINT('',(12.4794631851018,-8.85172291769741,1.65));
#14939=CARTESIAN_POINT('Origin',(12.2755503879596,-8.7070869223102,1.65));
#14940=CARTESIAN_POINT('',(11.098227876488,-10.5318250081144,1.65));
#14941=CARTESIAN_POINT('Origin',(0.,0.,1.65));
#14942=CARTESIAN_POINT('',(0.,0.,1.65));
#14943=CARTESIAN_POINT('Origin',(8.99706347408032,-6.91920145994967,1.65));
#14944=CARTESIAN_POINT('',(9.14506676878013,-6.71771938938754,4.85));
#14945=CARTESIAN_POINT('Origin',(8.99706347408032,-6.91920145994967,4.85));
#14946=CARTESIAN_POINT('',(9.14506676878013,-6.71771938938754,1.65));
#14947=CARTESIAN_POINT('Origin',(-9.81016095738359,-8.96484552415633,5.1));
#14948=CARTESIAN_POINT('',(-8.22170174553981,-7.45745401644473,4.85));
#14949=CARTESIAN_POINT('',(-8.05165551823639,-7.64073579020067,5.1));
#14950=CARTESIAN_POINT('Ctrl Pts',(-8.22170174553981,-7.45745401644473,
4.85));
#14951=CARTESIAN_POINT('Ctrl Pts',(-8.20060998666984,-7.48070728094162,
4.85));
#14952=CARTESIAN_POINT('Ctrl Pts',(-8.17800338503705,-7.50541200331146,
4.85627176275098));
#14953=CARTESIAN_POINT('Ctrl Pts',(-8.13622468148981,-7.55068186572865,
4.88178406616988));
#14954=CARTESIAN_POINT('Ctrl Pts',(-8.1170582033464,-7.57125213703191,4.90102471063567));
#14955=CARTESIAN_POINT('Ctrl Pts',(-8.08671120528587,-7.60365665847254,
4.94541961496715));
#14956=CARTESIAN_POINT('Ctrl Pts',(-8.07350851611966,-7.61765206446422,
4.9735314939146));
#14957=CARTESIAN_POINT('Ctrl Pts',(-8.0559779135405,-7.63618900968522,5.03512635771096));
#14958=CARTESIAN_POINT('Ctrl Pts',(-8.05165551823639,-7.64073579020067,
5.06860933547906));
#14959=CARTESIAN_POINT('Ctrl Pts',(-8.05165551823639,-7.64073579020067,
5.1));
#14960=CARTESIAN_POINT('',(-10.0101663199696,-9.49929314457381,5.1));
#14961=CARTESIAN_POINT('',(-9.63807231346015,-9.1461891169094,5.1));
#14962=CARTESIAN_POINT('',(-10.1806122240935,-9.31639064995869,4.85));
#14963=CARTESIAN_POINT('Ctrl Pts',(-10.1806122240935,-9.31639064995869,
4.85));
#14964=CARTESIAN_POINT('Ctrl Pts',(-10.1735945207684,-9.32405934043562,
4.85));
#14965=CARTESIAN_POINT('Ctrl Pts',(-10.1664139687161,-9.33188686176671,
4.85065219877388));
#14966=CARTESIAN_POINT('Ctrl Pts',(-10.1591848757755,-9.33974939106815,
4.85201708623637));
#14967=CARTESIAN_POINT('Ctrl Pts',(-10.1518836036679,-9.34769042410714,
4.8533956014722));
#14968=CARTESIAN_POINT('Ctrl Pts',(-10.1445334829647,-9.35566646539303,
4.85550148121462));
#14969=CARTESIAN_POINT('Ctrl Pts',(-10.1372579639315,-9.36354395605347,
4.85834323058876));
#14970=CARTESIAN_POINT('Ctrl Pts',(-10.1299824448983,-9.37142144671391,
4.8611849799629));
#14971=CARTESIAN_POINT('Ctrl Pts',(-10.1227822634105,-9.37919961129804,
4.86476251791539));
#14972=CARTESIAN_POINT('Ctrl Pts',(-10.1157758478084,-9.38675018293855,
4.86902869208042));
#14973=CARTESIAN_POINT('Ctrl Pts',(-10.1089056217443,-9.39415398782667,
4.87321194106348));
#14974=CARTESIAN_POINT('Ctrl Pts',(-10.1022069857315,-9.40135542576622,
4.87806627102364));
#14975=CARTESIAN_POINT('Ctrl Pts',(-10.0957831678725,-9.40824823744549,
4.88350728128698));
#14976=CARTESIAN_POINT('Ctrl Pts',(-10.0892007213656,-9.41531125902493,
4.88908265091727));
#14977=CARTESIAN_POINT('Ctrl Pts',(-10.0829074833117,-9.42204953876388,
4.89527352764941));
#14978=CARTESIAN_POINT('Ctrl Pts',(-10.0769909309195,-9.42837360669402,
4.90194412292739));
#14979=CARTESIAN_POINT('Ctrl Pts',(-10.0710743785273,-9.43469767462417,
4.90861471820537));
#14980=CARTESIAN_POINT('Ctrl Pts',(-10.0655348680421,-9.44060715534116,
4.91576410346461));
#14981=CARTESIAN_POINT('Ctrl Pts',(-10.0604290025858,-9.44604511337584,
4.92322330470336));
#14982=CARTESIAN_POINT('Ctrl Pts',(-10.0553977940881,-9.45140355865954,
4.93057343897122));
#14983=CARTESIAN_POINT('Ctrl Pts',(-10.0505678420203,-9.45653845411361,
4.93854546199559));
#14984=CARTESIAN_POINT('Ctrl Pts',(-10.0460517336676,-9.46133346892842,
4.94706294673022));
#14985=CARTESIAN_POINT('Ctrl Pts',(-10.0414907826672,-9.46617609578955,
4.95566500573487));
#14986=CARTESIAN_POINT('Ctrl Pts',(-10.0372505912761,-9.47067137140092,
4.9648229909451));
#14987=CARTESIAN_POINT('Ctrl Pts',(-10.0334249551864,-9.47472283670044,
4.97441430252941));
#14988=CARTESIAN_POINT('Ctrl Pts',(-10.0295993190967,-9.47877430199996,
4.98400561411371));
#14989=CARTESIAN_POINT('Ctrl Pts',(-10.0261887188021,-9.48238145065294,
4.99402943880428));
#14990=CARTESIAN_POINT('Ctrl Pts',(-10.0232563100066,-9.48548011140784,
5.00432900210142));
#14991=CARTESIAN_POINT('Ctrl Pts',(-10.0203806175827,-9.48851884027503,
5.0144293592512));
#14992=CARTESIAN_POINT('Ctrl Pts',(-10.0179588907271,-9.49107574199988,
5.02481683499545));
#14993=CARTESIAN_POINT('Ctrl Pts',(-10.0160227977359,-9.49311880480373,
5.035326978205));
#14994=CARTESIAN_POINT('Ctrl Pts',(-10.0140391327365,-9.49521206798596,
5.04609536759522));
#14995=CARTESIAN_POINT('Ctrl Pts',(-10.0125654724005,-9.49676570693335,
5.05699150145586));
#14996=CARTESIAN_POINT('Ctrl Pts',(-10.0115973192499,-9.49778592334799,
5.0678309496404));
#14997=CARTESIAN_POINT('Ctrl Pts',(-10.0106291660993,-9.49880613976262,
5.07867039782495));
#14998=CARTESIAN_POINT('Ctrl Pts',(-10.0101663199696,-9.49929314457383,
5.08945213851041));
#14999=CARTESIAN_POINT('Ctrl Pts',(-10.0101663199696,-9.49929314457383,
5.1));
#15000=CARTESIAN_POINT('',(-9.81016095738359,-8.96484552415633,4.85));
#15001=CARTESIAN_POINT('Origin',(-11.098227876488,-10.5318250081144,1.65));
#15002=CARTESIAN_POINT('',(-10.0101663199696,-9.49929314457381,1.65));
#15003=CARTESIAN_POINT('',(-10.0101663199696,-9.49929314457381,1.65));
#15004=CARTESIAN_POINT('',(-8.05165551823639,-7.64073579020067,6.06));
#15005=CARTESIAN_POINT('',(-8.05165551823639,-7.64073579020067,4.85));
#15006=CARTESIAN_POINT('',(-6.89105652461673,-6.53936846909067,6.95));
#15007=CARTESIAN_POINT('',(-7.47135602142656,-7.09005212964567,6.505));
#15008=CARTESIAN_POINT('',(-6.89105652461673,-6.53936846909067,8.45));
#15009=CARTESIAN_POINT('',(-6.89105652461673,-6.53936846909067,8.45));
#15010=CARTESIAN_POINT('',(-7.90658064403394,-7.50306487506192,8.45));
#15011=CARTESIAN_POINT('',(0.,0.,8.45));
#15012=CARTESIAN_POINT('',(-10.0827037570708,-9.56812860214318,7.54995686655036));
#15013=CARTESIAN_POINT('',(-9.50240426026097,-9.01744494158818,7.78996836880359));
#15014=CARTESIAN_POINT('',(-10.0827037570708,-9.56812860214318,1.65));
#15015=CARTESIAN_POINT('',(-10.0827037570708,-9.56812860214318,1.65));
#15016=CARTESIAN_POINT('',(0.,0.,1.65));
#15017=CARTESIAN_POINT('Origin',(0.,0.,1.65));
#15018=CARTESIAN_POINT('',(-10.2596624956277,-4.23666442803893,4.85));
#15019=CARTESIAN_POINT('Origin',(0.,0.,4.85));
#15020=CARTESIAN_POINT('',(-10.2596624956277,-4.23666442803893,1.65));
#15021=CARTESIAN_POINT('',(-10.2596624956277,-4.23666442803893,1.65));
#15022=CARTESIAN_POINT('',(-10.5708770946765,-3.38623056646218,1.65));
#15023=CARTESIAN_POINT('Origin',(0.,0.,1.65));
#15024=CARTESIAN_POINT('',(-10.5708770946765,-3.38623056646218,6.06));
#15025=CARTESIAN_POINT('',(-10.5708770946765,-3.38623056646218,1.65));
#15026=CARTESIAN_POINT('Origin',(0.,0.,6.06));
#15027=CARTESIAN_POINT('Origin',(-10.490735975259,-4.33208479803981,1.65));
#15028=CARTESIAN_POINT('',(-10.390249031095,-4.5610004463747,1.65));
#15029=CARTESIAN_POINT('Origin',(-10.490735975259,-4.33208479803981,1.65));
#15030=CARTESIAN_POINT('',(-10.390249031095,-4.5610004463747,4.85));
#15031=CARTESIAN_POINT('Origin',(-10.490735975259,-4.33208479803981,4.85));
#15032=CARTESIAN_POINT('',(-10.390249031095,-4.5610004463747,1.65));
#15033=CARTESIAN_POINT('Origin',(-10.6250553404171,-6.13437856094448,1.65));
#15034=CARTESIAN_POINT('',(-12.636143788086,-5.54687931785223,1.65));
#15035=CARTESIAN_POINT('',(-10.6650269347583,-4.68161951310848,1.65));
#15036=CARTESIAN_POINT('',(-12.5354443321106,-5.7708435602221,1.65));
#15037=CARTESIAN_POINT('Origin',(0.,0.,1.65));
#15038=CARTESIAN_POINT('',(-12.8630226591027,-5.64647217928254,1.65));
#15039=CARTESIAN_POINT('Origin',(-12.7625357149387,-5.87538782761743,1.65));
#15040=CARTESIAN_POINT('',(-13.7788206058237,-6.04847937191894,1.65));
#15041=CARTESIAN_POINT('',(-12.5879183807713,-5.52570984408596,1.65));
#15042=CARTESIAN_POINT('',(-13.9055485065378,-6.3816706850421,1.65));
#15043=CARTESIAN_POINT('Origin',(-13.6783336616597,-6.27739502025383,1.65));
#15044=CARTESIAN_POINT('',(-14.6699419434834,-4.34543477397001,1.65));
#15045=CARTESIAN_POINT('Origin',(0.,0.,1.65));
#15046=CARTESIAN_POINT('',(-10.8799637483002,-3.22279208694473,1.65));
#15047=CARTESIAN_POINT('',(0.,0.,1.65));
#15048=CARTESIAN_POINT('Origin',(-10.8089599121242,-3.46249702066178,1.65));
#15049=CARTESIAN_POINT('Origin',(-10.8089599121242,-3.46249702066178,1.65));
#15050=CARTESIAN_POINT('',(-10.8799637483002,-3.22279208694473,5.92246921113559));
#15051=CARTESIAN_POINT('',(-10.8799637483002,-3.22279208694473,1.65));
#15052=CARTESIAN_POINT('Ctrl Pts',(-10.5708770946765,-3.38623056646218,
6.06000000000001));
#15053=CARTESIAN_POINT('Ctrl Pts',(-10.5802508365508,-3.35696833185486,
6.06000000000001));
#15054=CARTESIAN_POINT('Ctrl Pts',(-10.5958975087966,-3.32789536611177,
6.05656664423424));
#15055=CARTESIAN_POINT('Ctrl Pts',(-10.6364241835646,-3.2787999465227,6.04315555675929));
#15056=CARTESIAN_POINT('Ctrl Pts',(-10.6612785839027,-3.25875011635882,
6.03320071377077));
#15057=CARTESIAN_POINT('Ctrl Pts',(-10.715303506001,-3.22831965113242,6.00936345826062));
#15058=CARTESIAN_POINT('Ctrl Pts',(-10.7487494684118,-3.21751287881617,
5.99326350547002));
#15059=CARTESIAN_POINT('Ctrl Pts',(-10.8161211156389,-3.21030332536632,
5.95849614286236));
#15060=CARTESIAN_POINT('Ctrl Pts',(-10.8500478858976,-3.21393060478767,
5.93982460950328));
#15061=CARTESIAN_POINT('Ctrl Pts',(-10.8799637483002,-3.22279208694473,
5.92246921113561));
#15062=CARTESIAN_POINT('Origin',(-9.10878748124784,-2.69814577468726,1.65));
#15063=CARTESIAN_POINT('',(-9.10878748124784,-2.69814577468726,6.95));
#15064=CARTESIAN_POINT('',(-9.87584326914239,-2.9253580504504,6.505));
#15065=CARTESIAN_POINT('',(-14.6699419434834,-4.34543477397001,3.16593673760719));
#15066=CARTESIAN_POINT('',(-14.6699419434834,-4.34543477397001,1.65));
#15067=CARTESIAN_POINT('',(-13.5366621210543,-4.0097419969983,7.48453961910173));
#15068=CARTESIAN_POINT('',(-14.1033020322688,-4.17758838548416,5.32523817835446));
#15069=CARTESIAN_POINT('',(-10.4511351100633,-3.09576725727275,8.45));
#15070=CARTESIAN_POINT('',(-12.5605385267733,-3.72060101562138,7.78996836880359));
#15071=CARTESIAN_POINT('',(-9.10878748124784,-2.69814577468726,8.45));
#15072=CARTESIAN_POINT('',(0.,0.,8.45));
#15073=CARTESIAN_POINT('',(-9.10878748124784,-2.69814577468726,1.65));
#15074=CARTESIAN_POINT('Origin',(2.40586957564107,11.0920823827181,1.65));
#15075=CARTESIAN_POINT('',(2.35287685371065,10.847763387504,1.65));
#15076=CARTESIAN_POINT('',(2.64896205574049,11.0337210417541,1.65));
#15077=CARTESIAN_POINT('Origin',(2.40586957564107,11.0920823827181,1.65));
#15078=CARTESIAN_POINT('',(2.64896205574049,11.0337210417541,5.9224692111356));
#15079=CARTESIAN_POINT('',(2.64896205574049,11.0337210417541,1.65));
#15080=CARTESIAN_POINT('',(2.35287685371065,10.847763387504,6.06));
#15081=CARTESIAN_POINT('Ctrl Pts',(2.35287685371065,10.847763387504,6.05999999999999));
#15082=CARTESIAN_POINT('Ctrl Pts',(2.38290556318923,10.841250168792,6.05999999999999));
#15083=CARTESIAN_POINT('Ctrl Pts',(2.415906826209,10.84026410157,6.05656664423422));
#15084=CARTESIAN_POINT('Ctrl Pts',(2.47868804416657,10.8508135216555,6.04315555675927));
#15085=CARTESIAN_POINT('Ctrl Pts',(2.50847890659911,10.8623131486622,6.03320071377075));
#15086=CARTESIAN_POINT('Ctrl Pts',(2.56184492358333,10.8938848710236,6.0093634582606));
#15087=CARTESIAN_POINT('Ctrl Pts',(2.58792684414751,10.9174465379672,5.99326350546999));
#15088=CARTESIAN_POINT('Ctrl Pts',(2.62785632419857,10.9721873192358,5.95849614286233));
#15089=CARTESIAN_POINT('Ctrl Pts',(2.64167839320241,11.0033824038589,5.93982460950326));
#15090=CARTESIAN_POINT('Ctrl Pts',(2.64896205574049,11.0337210417541,5.92246921113558));
#15091=CARTESIAN_POINT('',(2.35287685371065,10.847763387504,1.65));
#15092=CARTESIAN_POINT('Origin',(-3.88578058618805E-15,12.268757121889,
1.65));
#15093=CARTESIAN_POINT('',(1.46077222582227,11.0034605694875,1.65));
#15094=CARTESIAN_POINT('Origin',(0.,0.,1.65));
#15095=CARTESIAN_POINT('',(1.24518226231483,11.2787198357622,1.65));
#15096=CARTESIAN_POINT('Origin',(1.49367250117862,11.2512862579895,1.65));
#15097=CARTESIAN_POINT('',(1.51433349305644,13.7166611852815,1.65));
#15098=CARTESIAN_POINT('',(1.27811203817426,11.5769940141002,1.65));
#15099=CARTESIAN_POINT('',(1.27002504163712,13.7414350194445,1.65));
#15100=CARTESIAN_POINT('Origin',(0.,0.,1.65));
#15101=CARTESIAN_POINT('',(1.54152298053057,13.962940481879,1.65));
#15102=CARTESIAN_POINT('Origin',(1.29303274166677,13.9903740596518,1.65));
#15103=CARTESIAN_POINT('',(1.65127351256389,14.9570483647913,1.65));
#15104=CARTESIAN_POINT('',(1.50855409146545,13.664312020556,1.65));
#15105=CARTESIAN_POINT('',(1.42608532143598,15.2333936027395,1.65));
#15106=CARTESIAN_POINT('Origin',(1.4027832737001,14.984481942564,1.65));
#15107=CARTESIAN_POINT('',(3.57171406699535,14.8772597820845,1.65));
#15108=CARTESIAN_POINT('Origin',(0.,0.,1.65));
#15109=CARTESIAN_POINT('',(0.,0.,1.65));
#15110=CARTESIAN_POINT('Origin',(0.,0.,1.65));
#15111=CARTESIAN_POINT('',(-2.59124353880056,10.7933061164142,6.06));
#15112=CARTESIAN_POINT('Origin',(0.,0.,6.06));
#15113=CARTESIAN_POINT('',(-2.59124353880056,10.7933061164142,5.1));
#15114=CARTESIAN_POINT('',(-2.59124353880056,10.7933061164142,4.85));
#15115=CARTESIAN_POINT('',(-2.34749375302553,10.8489295821987,4.85));
#15116=CARTESIAN_POINT('Ctrl Pts',(-2.34749375302554,10.8489295821987,4.85));
#15117=CARTESIAN_POINT('Ctrl Pts',(-2.37817755023574,10.8422902154553,4.85));
#15118=CARTESIAN_POINT('Ctrl Pts',(-2.41087576821786,10.8350646853329,4.85627176275098));
#15119=CARTESIAN_POINT('Ctrl Pts',(-2.4709699708706,10.8215181979325,4.88178406616988));
#15120=CARTESIAN_POINT('Ctrl Pts',(-2.49836758745366,10.8152046766108,4.90102471063567));
#15121=CARTESIAN_POINT('Ctrl Pts',(-2.54160422524899,10.8051256660821,4.94541961496715));
#15122=CARTESIAN_POINT('Ctrl Pts',(-2.56032594695717,10.8006895048617,4.9735314939146));
#15123=CARTESIAN_POINT('Ctrl Pts',(-2.5851447137167,10.794776030295,5.03512635771096));
#15124=CARTESIAN_POINT('Ctrl Pts',(-2.59124353880056,10.7933061164142,5.06860933547905));
#15125=CARTESIAN_POINT('Ctrl Pts',(-2.59124353880056,10.7933061164142,5.1));
#15126=CARTESIAN_POINT('',(1.46077222582227,11.0034605694875,4.85));
#15127=CARTESIAN_POINT('Origin',(0.,0.,4.85));
#15128=CARTESIAN_POINT('',(1.46077222582227,11.0034605694875,1.65));
#15129=CARTESIAN_POINT('Origin',(1.49367250117862,11.2512862579895,1.65));
#15130=CARTESIAN_POINT('',(1.24518226231483,11.2787198357622,4.85));
#15131=CARTESIAN_POINT('Origin',(1.49367250117862,11.2512862579895,4.85));
#15132=CARTESIAN_POINT('',(1.24518226231483,11.2787198357622,1.65));
#15133=CARTESIAN_POINT('Origin',(-2.85870348623081,12.9782713663866,5.1));
#15134=CARTESIAN_POINT('',(-3.2215460212115,13.4187049014879,5.1));
#15135=CARTESIAN_POINT('',(-3.10179596633023,12.9199100254226,5.1));
#15136=CARTESIAN_POINT('',(-2.97792486239729,13.4748641371227,4.85));
#15137=CARTESIAN_POINT('Ctrl Pts',(-2.97792486239729,13.4748641371227,4.85));
#15138=CARTESIAN_POINT('Ctrl Pts',(-2.98807499482661,13.4726209730054,4.85));
#15139=CARTESIAN_POINT('Ctrl Pts',(-2.99844410317413,13.4703161931805,4.85065219877387));
#15140=CARTESIAN_POINT('Ctrl Pts',(-3.00886779975747,13.4679868796983,4.85201708623636));
#15141=CARTESIAN_POINT('Ctrl Pts',(-3.01939557215533,13.4656343090927,4.85339560147218));
#15142=CARTESIAN_POINT('Ctrl Pts',(-3.02997808688214,13.4632569384858,4.85550148121461));
#15143=CARTESIAN_POINT('Ctrl Pts',(-3.04043795342876,13.4608948995076,4.85834323058875));
#15144=CARTESIAN_POINT('Ctrl Pts',(-3.05089781997538,13.4585328605293,4.86118497996289));
#15145=CARTESIAN_POINT('Ctrl Pts',(-3.06123399884398,13.4561864027411,4.86476251791539));
#15146=CARTESIAN_POINT('Ctrl Pts',(-3.07127619349882,13.4538939546604,4.86902869208043));
#15147=CARTESIAN_POINT('Ctrl Pts',(-3.08112318964863,13.4516460668032,4.87321194106348));
#15148=CARTESIAN_POINT('Ctrl Pts',(-3.09070913585446,13.4494455968152,4.87806627102364));
#15149=CARTESIAN_POINT('Ctrl Pts',(-3.09989039480172,13.4473288131996,4.88350728128697));
#15150=CARTESIAN_POINT('Ctrl Pts',(-3.10929837417045,13.4451597580953,4.88908265091727));
#15151=CARTESIAN_POINT('Ctrl Pts',(-3.11828051462911,13.4430787939381,4.8952735276494));
#15152=CARTESIAN_POINT('Ctrl Pts',(-3.12671559430799,13.4411169432286,4.90194412292739));
#15153=CARTESIAN_POINT('Ctrl Pts',(-3.13515067398688,13.4391550925192,4.90861471820537));
#15154=CARTESIAN_POINT('Ctrl Pts',(-3.14303818965354,13.4373124760731,4.91576410346461));
#15155=CARTESIAN_POINT('Ctrl Pts',(-3.15030053218447,13.4356096458969,4.92322330470336));
#15156=CARTESIAN_POINT('Ctrl Pts',(-3.1574566861737,13.4339317141681,4.93057343897118));
#15157=CARTESIAN_POINT('Ctrl Pts',(-3.16431861211661,13.4323163007053,4.9385454619955));
#15158=CARTESIAN_POINT('Ctrl Pts',(-3.17072927093407,13.4308027435531,4.94706294673009));
#15159=CARTESIAN_POINT('Ctrl Pts',(-3.17720358431706,13.4292741575519,4.95566500573475));
#15160=CARTESIAN_POINT('Ctrl Pts',(-3.18321670288911,13.4278496818959,4.96482299094501));
#15161=CARTESIAN_POINT('Ctrl Pts',(-3.18863819280591,13.4265623165064,4.97441430252934));
#15162=CARTESIAN_POINT('Ctrl Pts',(-3.19405968272271,13.4252749511168,4.98400561411367));
#15163=CARTESIAN_POINT('Ctrl Pts',(-3.19888886523874,13.424124858946,4.99402943880426));
#15164=CARTESIAN_POINT('Ctrl Pts',(-3.20303858856794,13.4231346488123,5.00432900210143));
#15165=CARTESIAN_POINT('Ctrl Pts',(-3.2071080511741,13.4221635905532,5.01442935925121));
#15166=CARTESIAN_POINT('Ctrl Pts',(-3.21053325645059,13.4213447644377,5.02481683499547));
#15167=CARTESIAN_POINT('Ctrl Pts',(-3.21327064723583,13.4206895901252,5.03532697820503));
#15168=CARTESIAN_POINT('Ctrl Pts',(-3.21607529882819,13.4200183174342,5.04609536759524));
#15169=CARTESIAN_POINT('Ctrl Pts',(-3.21815761979291,13.4195189096204,5.05699150145588));
#15170=CARTESIAN_POINT('Ctrl Pts',(-3.21952522970064,13.4191905726045,5.06783094964042));
#15171=CARTESIAN_POINT('Ctrl Pts',(-3.22089283960838,13.4188622355887,5.07867039782496));
#15172=CARTESIAN_POINT('Ctrl Pts',(-3.2215460212115,13.4187049014879,5.08945213851041));
#15173=CARTESIAN_POINT('Ctrl Pts',(-3.2215460212115,13.4187049014879,5.1));
#15174=CARTESIAN_POINT('',(-2.85870348623081,12.9782713663866,4.85));
#15175=CARTESIAN_POINT('Origin',(-0.315151241205477,11.518757121889,4.85));
#15176=CARTESIAN_POINT('',(1.51433349305644,13.7166611852815,4.85));
#15177=CARTESIAN_POINT('Origin',(0.,0.,4.85));
#15178=CARTESIAN_POINT('',(0.,0.,4.85));
#15179=CARTESIAN_POINT('Ctrl Pts',(2.184790205825,9.08942843146794,8.60164030353463));
#15180=CARTESIAN_POINT('Ctrl Pts',(2.20816582834115,9.18679208963281,8.50153900118418));
#15181=CARTESIAN_POINT('Ctrl Pts',(2.23154132280554,9.28415530400717,8.40143722817007));
#15182=CARTESIAN_POINT('Ctrl Pts',(2.25491670074298,9.38151811455356,8.30133502713796));
#15183=CARTESIAN_POINT('Ctrl Pts',(2.18352559159593,9.05350896860421,8.56640555457031));
#15184=CARTESIAN_POINT('Ctrl Pts',(2.20690186202441,9.15086775185936,8.46629992889636));
#15185=CARTESIAN_POINT('Ctrl Pts',(2.23027820264422,9.24822613832409,8.36619391268288));
#15186=CARTESIAN_POINT('Ctrl Pts',(2.25365419033638,9.34558437551066,8.26608764879365));
#15187=CARTESIAN_POINT('Ctrl Pts',(2.2165269235431,8.96472209613776,8.4877479168692));
#15188=CARTESIAN_POINT('Ctrl Pts',(2.23991465126126,9.06206857327683,8.3876335931364));
#15189=CARTESIAN_POINT('Ctrl Pts',(2.26330174835313,9.15941498295126,8.28751900887467));
#15190=CARTESIAN_POINT('Ctrl Pts',(2.28668850081173,9.25676167426655,8.18740457120819));
#15191=CARTESIAN_POINT('Ctrl Pts',(2.32040893742335,8.90189537599698,8.45089477783368));
#15192=CARTESIAN_POINT('Ctrl Pts',(2.34382232557914,8.9992420962613,8.35078696658701));
#15193=CARTESIAN_POINT('Ctrl Pts',(2.36723459407475,9.09658952236327,8.25067950845076));
#15194=CARTESIAN_POINT('Ctrl Pts',(2.39064544437388,9.1939364563472,8.15057119206201));
#15195=CARTESIAN_POINT('Ctrl Pts',(2.38544342826873,8.88536210013579,8.45));
#15196=CARTESIAN_POINT('Ctrl Pts',(2.40886779929,8.98271610184008,8.34990184033111));
#15197=CARTESIAN_POINT('Ctrl Pts',(2.4322904873824,9.08006998805202,8.24980311092488));
#15198=CARTESIAN_POINT('Ctrl Pts',(2.45571164403353,9.17742376744967,8.14970386324763));
#15199=CARTESIAN_POINT('',(2.22020101929183,9.23692088490183,8.45));
#15200=CARTESIAN_POINT('',(2.45564235411309,9.17713575272716,8.15000000024758));
#15201=CARTESIAN_POINT('Ctrl Pts',(2.45564235414463,9.17713575297495,8.15));
#15202=CARTESIAN_POINT('Ctrl Pts',(2.43828870880922,9.18177928747542,8.15000000031747));
#15203=CARTESIAN_POINT('Ctrl Pts',(2.42116004014664,9.18630921369846,8.15293960441284));
#15204=CARTESIAN_POINT('Ctrl Pts',(2.38803936233406,9.19497477592607,8.16389419279474));
#15205=CARTESIAN_POINT('Ctrl Pts',(2.37231528523639,9.19904063241825,8.171819821494));
#15206=CARTESIAN_POINT('Ctrl Pts',(2.33169719855704,9.20944663798183,8.19890301236423));
#15207=CARTESIAN_POINT('Ctrl Pts',(2.30786562699827,9.21543209770912,8.22282392584913));
#15208=CARTESIAN_POINT('Ctrl Pts',(2.26853481758059,9.22519045464165,8.28026974344021));
#15209=CARTESIAN_POINT('Ctrl Pts',(2.25352201253852,9.2288555617275,8.31191993065057));
#15210=CARTESIAN_POINT('Ctrl Pts',(2.23101749650252,9.23432145180284,8.37945968941187));
#15211=CARTESIAN_POINT('Ctrl Pts',(2.22368470825446,9.23608353987287,8.41473494664149));
#15212=CARTESIAN_POINT('Ctrl Pts',(2.22020101931158,9.23692088489708,8.45000000000207));
#15213=CARTESIAN_POINT('',(2.38544342831667,8.88536210033503,8.44999999979515));
#15214=CARTESIAN_POINT('Ctrl Pts',(2.22020101931207,9.23692088489909,8.45));
#15215=CARTESIAN_POINT('Ctrl Pts',(2.21514249217948,9.19951128822151,8.45));
#15216=CARTESIAN_POINT('Ctrl Pts',(2.21444092766462,9.16102427522216,8.45));
#15217=CARTESIAN_POINT('Ctrl Pts',(2.22289200282017,9.08465714697319,8.45));
#15218=CARTESIAN_POINT('Ctrl Pts',(2.23200240439594,9.04878892705396,8.45000000001616));
#15219=CARTESIAN_POINT('Ctrl Pts',(2.26136823804122,8.98286118631619,8.45000000001616));
#15220=CARTESIAN_POINT('Ctrl Pts',(2.28095400802682,8.95461514225417,8.45));
#15221=CARTESIAN_POINT('Ctrl Pts',(2.31557226960116,8.92149992460203,8.45));
#15222=CARTESIAN_POINT('Ctrl Pts',(2.32820687754522,8.91176512004283,8.45000000000003));
#15223=CARTESIAN_POINT('Ctrl Pts',(2.35557265279209,8.89570755494589,8.45000000000003));
#15224=CARTESIAN_POINT('Ctrl Pts',(2.37014317794483,8.8894697415779,8.45));
#15225=CARTESIAN_POINT('Ctrl Pts',(2.38544342826355,8.88536210013718,8.45));
#15226=CARTESIAN_POINT('',(2.38544342831667,8.88536210033503,8.44999999979515));
#15227=CARTESIAN_POINT('Origin',(0.,0.,8.55));
#15228=CARTESIAN_POINT('',(2.02906645327082,8.9734547048789,8.45000000024965));
#15229=CARTESIAN_POINT('Origin',(0.,0.,8.45));
#15230=CARTESIAN_POINT('',(1.91755106801124,8.48606982838069,8.95000981482486));
#15231=CARTESIAN_POINT('Origin',(-0.940980135806936,9.45855332113564,8.6289936925017));
#15232=CARTESIAN_POINT('',(8.30792961497658,-2.58238629709642,8.95001058966191));
#15233=CARTESIAN_POINT('Origin',(0.,0.,8.95));
#15234=CARTESIAN_POINT('',(8.78577296265437,-2.72950425539255,8.45000000063575));
#15235=CARTESIAN_POINT('Origin',(7.72064218807904,-5.54442271034353,8.62910134162033));
#15236=CARTESIAN_POINT('',(8.88767101487193,-2.37682644195464,8.44999999979515));
#15237=CARTESIAN_POINT('Origin',(0.,0.,8.45));
#15238=CARTESIAN_POINT('',(9.17545387280725,-2.46191921492923,8.15000000037628));
#15239=CARTESIAN_POINT('',(9.1754538634131,-2.46191921231678,8.15000001012649));
#15240=CARTESIAN_POINT('Origin',(0.,0.,8.15));
#15241=CARTESIAN_POINT('Ctrl Pts',(-2.25484754280163,9.38123006455547,8.30163119516784));
#15242=CARTESIAN_POINT('Ctrl Pts',(-2.23149521735988,9.28396327211427,8.40163467487385));
#15243=CARTESIAN_POINT('Ctrl Pts',(-2.20814277561026,9.18669607660441,8.50163772736444));
#15244=CARTESIAN_POINT('Ctrl Pts',(-2.18479020606127,9.08942843817883,8.60164031011759));
#15245=CARTESIAN_POINT('Ctrl Pts',(-2.25358502848058,9.34529633844328,8.26638382776661));
#15246=CARTESIAN_POINT('Ctrl Pts',(-2.23023209384997,9.24803411513494,8.36639136656805));
#15247=CARTESIAN_POINT('Ctrl Pts',(-2.20687880675372,9.15077174293223,8.46639865820931));
#15248=CARTESIAN_POINT('Ctrl Pts',(-2.18352558993184,9.05350897460884,8.5664055600225));
#15249=CARTESIAN_POINT('Ctrl Pts',(-2.28661930480201,9.25647366846699,8.18770077101119));
#15250=CARTESIAN_POINT('Ctrl Pts',(-2.26325561537054,9.15922298035802,8.28771647602258));
#15251=CARTESIAN_POINT('Ctrl Pts',(-2.23989158206468,9.0619725735286,8.38773232753729));
#15252=CARTESIAN_POINT('Ctrl Pts',(-2.21652691925279,8.96472209918569,8.48774791883207));
#15253=CARTESIAN_POINT('Ctrl Pts',(-2.39057617930913,9.19364844648277,8.15086737103231));
#15254=CARTESIAN_POINT('Ctrl Pts',(-2.36718841433304,9.09639751594374,8.25087696043501));
#15255=CARTESIAN_POINT('Ctrl Pts',(-2.34379923363168,8.99914609366626,8.35088569262616));
#15256=CARTESIAN_POINT('Ctrl Pts',(-2.32040893568757,8.90189537643825,8.45089477785757));
#15257=CARTESIAN_POINT('Ctrl Pts',(-2.45564235041169,9.17713573745836,8.15000001595416));
#15258=CARTESIAN_POINT('Ctrl Pts',(-2.43224428861196,9.07987796784623,8.25000054504063));
#15259=CARTESIAN_POINT('Ctrl Pts',(-2.40884469824735,8.98262009162304,8.3500005568283));
#15260=CARTESIAN_POINT('Ctrl Pts',(-2.38544342826874,8.88536210013579,8.45));
#15261=CARTESIAN_POINT('',(-2.22020101914691,9.23692088574087,8.45000000005347));
#15262=CARTESIAN_POINT('',(-2.44713789898126,9.17941009329515,8.15023192017421));
#15263=CARTESIAN_POINT('Ctrl Pts',(-2.22020101930293,9.23692088489916,8.45000000008887));
#15264=CARTESIAN_POINT('Ctrl Pts',(-2.22382360680642,9.23605015399565,8.41332889026269));
#15265=CARTESIAN_POINT('Ctrl Pts',(-2.23161043904896,9.23417920249754,8.37662610459671));
#15266=CARTESIAN_POINT('Ctrl Pts',(-2.25394655057992,9.22875070970732,8.31168713107022));
#15267=CARTESIAN_POINT('Ctrl Pts',(-2.26930922771052,9.22500972109093,8.27745071154344));
#15268=CARTESIAN_POINT('Ctrl Pts',(-2.31322398523755,9.21408991324313,8.2168869648661));
#15269=CARTESIAN_POINT('Ctrl Pts',(-2.33751963186823,9.20797155929742,8.19390250753186));
#15270=CARTESIAN_POINT('Ctrl Pts',(-2.37652137995022,9.19795181913002,8.16977545481241));
#15271=CARTESIAN_POINT('Ctrl Pts',(-2.38996544992511,9.19446985660888,8.16331336429368));
#15272=CARTESIAN_POINT('Ctrl Pts',(-2.41801535216179,9.18713291922941,8.15392596471857));
#15273=CARTESIAN_POINT('Ctrl Pts',(-2.43246034636458,9.18332006337179,8.15104379351169));
#15274=CARTESIAN_POINT('Ctrl Pts',(-2.4471373177258,9.17940733098786,8.15023473467836));
#15275=CARTESIAN_POINT('',(-2.45385984622982,9.17760495884843,8.15001138348585));
#15276=CARTESIAN_POINT('Origin',(-2.47397423411401,9.33896656613739,8.31169290916302));
#15277=CARTESIAN_POINT('',(-2.45564235424743,9.17713575233381,8.15000000059282));
#15278=CARTESIAN_POINT('Origin',(0.,0.,8.15));
#15279=CARTESIAN_POINT('',(-2.3854434283168,8.88536210033553,8.44999999979463));
#15280=CARTESIAN_POINT('',(-2.45564235041169,9.17713573745836,8.15000001595416));
#15281=CARTESIAN_POINT('Ctrl Pts',(-2.38544342826355,8.88536210013718,8.45));
#15282=CARTESIAN_POINT('Ctrl Pts',(-2.368476648342,8.8899171529546,8.45));
#15283=CARTESIAN_POINT('Ctrl Pts',(-2.35242204642479,8.8970872982196,8.4500000000001));
#15284=CARTESIAN_POINT('Ctrl Pts',(-2.32256604742595,8.91570629283146,8.4500000000001));
#15285=CARTESIAN_POINT('Ctrl Pts',(-2.30895992229056,8.92704302051061,8.45));
#15286=CARTESIAN_POINT('Ctrl Pts',(-2.27413869550136,8.96352623867244,8.45));
#15287=CARTESIAN_POINT('Ctrl Pts',(-2.25528480837859,8.99335767464447,8.45000000004488));
#15288=CARTESIAN_POINT('Ctrl Pts',(-2.22598306485035,9.06737215981236,8.45000000004488));
#15289=CARTESIAN_POINT('Ctrl Pts',(-2.22030802350157,9.10492074700287,8.45));
#15290=CARTESIAN_POINT('Ctrl Pts',(-2.21454164680055,9.16554613750676,8.45));
#15291=CARTESIAN_POINT('Ctrl Pts',(-2.21543801302788,9.20169676941034,8.45));
#15292=CARTESIAN_POINT('Ctrl Pts',(-2.2202010194208,9.23692088570384,8.45));
#15293=CARTESIAN_POINT('Origin',(-3.57171406699536,14.8772597820845,1.65));
#15294=CARTESIAN_POINT('',(-2.21773095663111,9.23751424377793,6.95));
#15295=CARTESIAN_POINT('',(-2.40448724771583,10.0154101800961,6.505));
#15296=CARTESIAN_POINT('',(-2.21773095663111,9.23751424377793,8.45));
#15297=CARTESIAN_POINT('',(-2.21773095663111,9.23751424377793,8.45));
#15298=CARTESIAN_POINT('',(-2.54455446602938,10.5988321323347,8.45));
#15299=CARTESIAN_POINT('',(0.,0.,8.45));
#15300=CARTESIAN_POINT('',(-3.24489055759709,13.5159418935277,7.54995686655035));
#15301=CARTESIAN_POINT('',(-3.05813426651237,12.7380459572096,7.78996836880359));
#15302=CARTESIAN_POINT('',(-3.24489055759709,13.5159418935277,1.65));
#15303=CARTESIAN_POINT('',(-3.24489055759709,13.5159418935277,1.65));
#15304=CARTESIAN_POINT('',(-3.2215460212115,13.4187049014879,1.65));
#15305=CARTESIAN_POINT('',(0.,0.,1.65));
#15306=CARTESIAN_POINT('',(-3.2215460212115,13.4187049014879,1.65));
#15307=CARTESIAN_POINT('Ctrl Pts',(-6.99695978736201,-6.64337028990645,
8.30163118950198));
#15308=CARTESIAN_POINT('Ctrl Pts',(-6.92440043551293,-6.57451318531458,
8.40163467109791));
#15309=CARTESIAN_POINT('Ctrl Pts',(-6.85184079275098,-6.50565577846364,
8.50163772547717));
#15310=CARTESIAN_POINT('Ctrl Pts',(-6.77928083031321,-6.43679803947808,
8.6016403101179));
#15311=CARTESIAN_POINT('Ctrl Pts',(-6.96647152485652,-6.62431005737549,
8.26638382210047));
#15312=CARTESIAN_POINT('Ctrl Pts',(-6.89391643458707,-6.55545470977705,
8.36639136279191));
#15313=CARTESIAN_POINT('Ctrl Pts',(-6.82136139160504,-6.48659898248807,
8.46639865632191));
#15314=CARTESIAN_POINT('Ctrl Pts',(-6.74880597043602,-6.41774311799887,
8.56640556002276));
#15315=CARTESIAN_POINT('Ctrl Pts',(-6.87303100594837,-6.6085115112927,8.18770320092136));
#15316=CARTESIAN_POINT('Ctrl Pts',(-6.80049128285533,-6.53965261736313,
8.28771890782289));
#15317=CARTESIAN_POINT('Ctrl Pts',(-6.72795197507604,-6.47079356030818,
8.38773475701458));
#15318=CARTESIAN_POINT('Ctrl Pts',(-6.65541292380175,-6.40193393029102,
8.48775035019719));
#15319=CARTESIAN_POINT('Ctrl Pts',(-6.76664502257232,-6.66712392810769,
8.15086736536581));
#15320=CARTESIAN_POINT('Ctrl Pts',(-6.69411712730121,-6.59824406292946,
8.25087695665854));
#15321=CARTESIAN_POINT('Ctrl Pts',(-6.62158951403565,-6.52936272582876,
8.35088569073846));
#15322=CARTESIAN_POINT('Ctrl Pts',(-6.54906306998304,-6.46048077369291,
8.45089477785757));
#15323=CARTESIAN_POINT('Ctrl Pts',(-6.71981151152059,-6.71521653069805,
8.15000001028817));
#15324=CARTESIAN_POINT('Ctrl Pts',(-6.64728284185023,-6.6463243286722,8.2500005412645));
#15325=CARTESIAN_POINT('Ctrl Pts',(-6.57475484413535,-6.5774307495656,8.35000055494078));
#15326=CARTESIAN_POINT('Ctrl Pts',(-6.50222758640668,-6.50853565823926,
8.45));
#15327=CARTESIAN_POINT('',(-6.88930763022524,-6.54121092695977,8.45000000005347));
#15328=CARTESIAN_POINT('',(-6.72603342486533,-6.70898860213643,8.1502319319986));
#15329=CARTESIAN_POINT('Ctrl Pts',(-6.88930762941824,-6.54121092667402,
8.45000000008888));
#15330=CARTESIAN_POINT('Ctrl Pts',(-6.88674226823748,-6.54391280596716,
8.41332899966497));
#15331=CARTESIAN_POINT('Ctrl Pts',(-6.88122828987786,-6.54972121026514,
8.37662673330718));
#15332=CARTESIAN_POINT('Ctrl Pts',(-6.86535898432015,-6.56635063943482,
8.31169126021362));
#15333=CARTESIAN_POINT('Ctrl Pts',(-6.85443779424048,-6.57778468196585,
8.27745476138164));
#15334=CARTESIAN_POINT('Ctrl Pts',(-6.82302176256045,-6.6103579487017,8.21688763778578));
#15335=CARTESIAN_POINT('Ctrl Pts',(-6.80557456889401,-6.62834014755126,
8.19390186450464));
#15336=CARTESIAN_POINT('Ctrl Pts',(-6.77739620588045,-6.65710689274857,
8.1697747280864));
#15337=CARTESIAN_POINT('Ctrl Pts',(-6.76765939163982,-6.66700810895182,
8.16331300446898));
#15338=CARTESIAN_POINT('Ctrl Pts',(-6.74728173198746,-6.68763027727221,
8.15392595427351));
#15339=CARTESIAN_POINT('Ctrl Pts',(-6.73675777865855,-6.69823300064795,
8.15104383242952));
#15340=CARTESIAN_POINT('Ctrl Pts',(-6.72603131782268,-6.70898671273602,
8.15023475377923));
#15341=CARTESIAN_POINT('',(-6.72110911918952,-6.71390744544344,8.15001138079348));
#15342=CARTESIAN_POINT('Origin',(-6.8508317030103,-6.8120424131289,8.31174322523547));
#15343=CARTESIAN_POINT('',(-6.71981151859123,-6.71521653763644,8.15000000038229));
#15344=CARTESIAN_POINT('Origin',(0.,0.,8.15));
#15345=CARTESIAN_POINT('',(-6.50222758655465,-6.50853565837982,8.44999999979598));
#15346=CARTESIAN_POINT('',(-6.71981151152059,-6.71521653069805,8.15000001028817));
#15347=CARTESIAN_POINT('Ctrl Pts',(-6.50222758641046,-6.50853565823549,
8.45));
#15348=CARTESIAN_POINT('Ctrl Pts',(-6.51465508262316,-6.49612020675114,
8.45));
#15349=CARTESIAN_POINT('Ctrl Pts',(-6.52889111283082,-6.4858022289464,8.4500000000001));
#15350=CARTESIAN_POINT('Ctrl Pts',(-6.55994191995397,-6.46925672968249,
8.4500000000001));
#15351=CARTESIAN_POINT('Ctrl Pts',(-6.57656191659314,-6.4631422613067,8.45));
#15352=CARTESIAN_POINT('Ctrl Pts',(-6.62556815263601,-6.45122761901856,
8.45));
#15353=CARTESIAN_POINT('Ctrl Pts',(-6.66083159664503,-6.4498155091013,8.45000000000005));
#15354=CARTESIAN_POINT('Ctrl Pts',(-6.73957655382243,-6.46144564353535,
8.45000000000005));
#15355=CARTESIAN_POINT('Ctrl Pts',(-6.77492927090519,-6.47530099370496,
8.45));
#15356=CARTESIAN_POINT('Ctrl Pts',(-6.83032500924777,-6.50062296555536,
8.45));
#15357=CARTESIAN_POINT('Ctrl Pts',(-6.86118417535549,-6.51947400122208,
8.45));
#15358=CARTESIAN_POINT('Ctrl Pts',(-6.88930763005621,-6.54121092717846,
8.45));
#15359=CARTESIAN_POINT('Ctrl Pts',(-8.96407103044427,-2.65263039555009,
8.60164030353463));
#15360=CARTESIAN_POINT('Ctrl Pts',(-9.060078244006,-2.68106834197899,8.50153900021715));
#15361=CARTESIAN_POINT('Ctrl Pts',(-9.15608500920873,-2.70950617740893,
8.4014372262352));
#15362=CARTESIAN_POINT('Ctrl Pts',(-9.25209136642368,-2.73794391184048,
8.30133502423423));
#15363=CARTESIAN_POINT('Ctrl Pts',(-8.93233155599946,-2.63576585216658,
8.56640555457032));
#15364=CARTESIAN_POINT('Ctrl Pts',(-9.02833487172164,-2.66420080003205,
8.46629992792929));
#15365=CARTESIAN_POINT('Ctrl Pts',(-9.12433787890967,-2.69263548871507,
8.36619391074793));
#15366=CARTESIAN_POINT('Ctrl Pts',(-9.22034058035616,-2.7210704084036,8.2660876458898));
#15367=CARTESIAN_POINT('Ctrl Pts',(-8.87194115784699,-2.56279191549686,
8.48774836987588));
#15368=CARTESIAN_POINT('Ctrl Pts',(-8.96793954480482,-2.59121078800021,
8.38763404517591));
#15369=CARTESIAN_POINT('Ctrl Pts',(-9.06393755900758,-2.6196301723894,8.28751946073173));
#15370=CARTESIAN_POINT('Ctrl Pts',(-9.15993564381941,-2.64804999658094,
8.18740502209628));
#15371=CARTESIAN_POINT('Ctrl Pts',(-8.86947200615628,-2.44141460102141,
8.45089477783369));
#15372=CARTESIAN_POINT('Ctrl Pts',(-8.9654834338857,-2.46981137249631,8.35078696561992));
#15373=CARTESIAN_POINT('Ctrl Pts',(-9.06149491305912,-2.49820946654446,
8.25067950651577));
#15374=CARTESIAN_POINT('Ctrl Pts',(-9.15750525694854,-2.52660854272807,
8.15057118915811));
#15375=CARTESIAN_POINT('Ctrl Pts',(-8.88767101467541,-2.37682644189653,
8.45));
#15376=CARTESIAN_POINT('Ctrl Pts',(-8.98369423974966,-2.40521734265085,
8.34990183936411));
#15377=CARTESIAN_POINT('Ctrl Pts',(-9.07971652334093,-2.43360964311842,
8.24980310899007));
#15378=CARTESIAN_POINT('Ctrl Pts',(-9.17573794870863,-2.46200321644617,
8.14970386034399));
#15379=CARTESIAN_POINT('',(-9.10950864871793,-2.69570995823608,8.45));
#15380=CARTESIAN_POINT('',(-9.17545387258003,-2.46191921497594,8.15000000058366));
#15381=CARTESIAN_POINT('Ctrl Pts',(-9.17545387312705,-2.46191921518919,
8.15000000000001));
#15382=CARTESIAN_POINT('Ctrl Pts',(-9.17079851502449,-2.47926950973558,
8.15000000031748));
#15383=CARTESIAN_POINT('Ctrl Pts',(-9.16615726119423,-2.49636815530504,
8.15293958462055));
#15384=CARTESIAN_POINT('Ctrl Pts',(-9.15710161565744,-2.52938394084178,
8.16389408732154));
#15385=CARTESIAN_POINT('Ctrl Pts',(-9.15276076072929,-2.54503414939929,
8.1718196445656));
#15386=CARTESIAN_POINT('Ctrl Pts',(-9.14146357440012,-2.58541349349645,
8.19890283990083));
#15387=CARTESIAN_POINT('Ctrl Pts',(-9.13473129638563,-2.60904516090561,
8.22282398722011));
#15388=CARTESIAN_POINT('Ctrl Pts',(-9.1235171077612,-2.64798502378287,8.28026850550076));
#15389=CARTESIAN_POINT('Ctrl Pts',(-9.11918464351604,-2.6628195387742,8.31191812772157));
#15390=CARTESIAN_POINT('Ctrl Pts',(-9.11266573284509,-2.68504282813096,
8.37945976609119));
#15391=CARTESIAN_POINT('Ctrl Pts',(-9.11052533100564,-2.69227432300959,
8.4147349510399));
#15392=CARTESIAN_POINT('Ctrl Pts',(-9.1095086487237,-2.6957099582166,8.45000000000207));
#15393=CARTESIAN_POINT('',(-8.88767101487242,-2.37682644195478,8.44999999979463));
#15394=CARTESIAN_POINT('Ctrl Pts',(-9.10950864872568,-2.69570995821719,
8.45));
#15395=CARTESIAN_POINT('Ctrl Pts',(-9.07458172475847,-2.68138597315457,
8.45));
#15396=CARTESIAN_POINT('Ctrl Pts',(-9.04090031418273,-2.66274998256168,
8.45));
#15397=CARTESIAN_POINT('Ctrl Pts',(-8.97899239405151,-2.61724902007575,
8.45));
#15398=CARTESIAN_POINT('Ctrl Pts',(-8.95248408400457,-2.59142525713535,
8.45000000001649));
#15399=CARTESIAN_POINT('Ctrl Pts',(-8.91007035674332,-2.53302767268168,
8.45000000001649));
#15400=CARTESIAN_POINT('Ctrl Pts',(-8.89540128859689,-2.50194266627501,
8.45));
#15401=CARTESIAN_POINT('Ctrl Pts',(-8.88403179073627,-2.45540474316995,
8.45));
#15402=CARTESIAN_POINT('Ctrl Pts',(-8.8819185156311,-2.43959562019353,8.45000000000003));
#15403=CARTESIAN_POINT('Ctrl Pts',(-8.88169512193988,-2.40786770670659,
8.45000000000003));
#15404=CARTESIAN_POINT('Ctrl Pts',(-8.88357825173656,-2.3921305170722,8.45));
#15405=CARTESIAN_POINT('Ctrl Pts',(-8.88767101467402,-2.37682644190172,
8.45));
#15406=CARTESIAN_POINT('',(-8.88767101487242,-2.37682644195478,8.44999999979463));
#15407=CARTESIAN_POINT('Origin',(0.,0.,8.55));
#15408=CARTESIAN_POINT('Origin',(0.,0.,8.15));
#15409=CARTESIAN_POINT('',(-8.78577296077042,-2.72950425794044,8.45000000024865));
#15410=CARTESIAN_POINT('Origin',(0.,0.,8.45));
#15411=CARTESIAN_POINT('',(-8.30792758581411,-2.58238696839322,8.9500098151295));
#15412=CARTESIAN_POINT('Origin',(-7.72078778262455,-5.5444625487803,8.62897884520171));
#15413=CARTESIAN_POINT('',(-1.9175526649043,8.48607125033104,8.95001058958425));
#15414=CARTESIAN_POINT('Origin',(0.,0.,8.95));
#15415=CARTESIAN_POINT('',(-2.02906645641904,8.97345470523493,8.45000000063831));
#15416=CARTESIAN_POINT('Origin',(0.941041353522971,9.45841383590924,8.62911486185806));
#15417=CARTESIAN_POINT('Origin',(0.,0.,8.45));
#15418=CARTESIAN_POINT('Ctrl Pts',(9.25180733164156,-2.73785978020622,8.30163118933998));
#15419=CARTESIAN_POINT('Ctrl Pts',(9.1558956538577,-2.7094500905034,8.40163467098984));
#15420=CARTESIAN_POINT('Ctrl Pts',(9.05998356885341,-2.68104029999219,8.50163772542299));
#15421=CARTESIAN_POINT('Ctrl Pts',(8.96407103637421,-2.65263039870091,8.60164031011758));
#15422=CARTESIAN_POINT('Ctrl Pts',(9.20947296253953,-2.7153617887641,8.25463469947137));
#15423=CARTESIAN_POINT('Ctrl Pts',(9.11356632040403,-2.68695576973435,8.35464372823779));
#15424=CARTESIAN_POINT('Ctrl Pts',(9.01765889912872,-2.65855033368446,8.45465215633883));
#15425=CARTESIAN_POINT('Ctrl Pts',(8.92175173503204,-2.63014434257975,8.55466064332413));
#15426=CARTESIAN_POINT('Ctrl Pts',(9.15475548639732,-2.63027131887704,8.17797791782273));
#15427=CARTESIAN_POINT('Ctrl Pts',(9.05885143441918,-2.60188355512289,8.27799409017612));
#15428=CARTESIAN_POINT('Ctrl Pts',(8.96294741737856,-2.57349621999086,8.37801036869686));
#15429=CARTESIAN_POINT('Ctrl Pts',(8.86704302495454,-2.54510966707368,8.47802645752912));
#15430=CARTESIAN_POINT('Ctrl Pts',(9.16177936837448,-2.51037319602752,8.15065052643471));
#15431=CARTESIAN_POINT('Ctrl Pts',(9.06586081320583,-2.48200354454995,8.25065774430991));
#15432=CARTESIAN_POINT('Ctrl Pts',(8.96994158155857,-2.45363481924862,8.35066452200006));
#15433=CARTESIAN_POINT('Ctrl Pts',(8.87402175792177,-2.4252675625331,8.45067108339317));
#15434=CARTESIAN_POINT('Ctrl Pts',(9.1754538634131,-2.46191921231678,8.15000001012649));
#15435=CARTESIAN_POINT('Ctrl Pts',(9.07952713144916,-2.43355364287719,8.25000054115674));
#15436=CARTESIAN_POINT('Ctrl Pts',(8.98359954287607,-2.40518934390849,8.35000055488691));
#15437=CARTESIAN_POINT('Ctrl Pts',(8.88767101467542,-2.37682644189653,8.45));
#15438=CARTESIAN_POINT('',(9.10950864937211,-2.69570995878111,8.45000000005347));
#15439=CARTESIAN_POINT('',(9.17316979126181,-2.4704213721167,8.15022752926367));
#15440=CARTESIAN_POINT('Ctrl Pts',(9.10950864872117,-2.69570995822514,8.45000000008887));
#15441=CARTESIAN_POINT('Ctrl Pts',(9.11056593840053,-2.69213710000687,8.41332641841123));
#15442=CARTESIAN_POINT('Ctrl Pts',(9.11286774132044,-2.68436112426059,8.37675712033056));
#15443=CARTESIAN_POINT('Ctrl Pts',(9.1197798983713,-2.66078247326859,8.30795015204203));
#15444=CARTESIAN_POINT('Ctrl Pts',(9.12445728758945,-2.64475638721503,8.27469750093253));
#15445=CARTESIAN_POINT('Ctrl Pts',(9.13750072038836,-2.5993745782507,8.21039748412365));
#15446=CARTESIAN_POINT('Ctrl Pts',(9.14449372260157,-2.57461067398639,8.19059730398388));
#15447=CARTESIAN_POINT('Ctrl Pts',(9.15337927312741,-2.54279910049244,8.17039798655495));
#15448=CARTESIAN_POINT('Ctrl Pts',(9.15718435589826,-2.5290704365844,8.16369419203328));
#15449=CARTESIAN_POINT('Ctrl Pts',(9.16507138200507,-2.50033754813912,8.15399205655682));
#15450=CARTESIAN_POINT('Ctrl Pts',(9.16910680891413,-2.48550282376229,8.15104026952858));
#15451=CARTESIAN_POINT('Ctrl Pts',(9.17316849964688,-2.47042095139396,8.15022888391707));
#15452=CARTESIAN_POINT('',(9.17496872553806,-2.46369745339766,8.15001163167763));
#15453=CARTESIAN_POINT('Origin',(9.30484954904128,-2.51616598482783,8.28952063217813));
#15454=CARTESIAN_POINT('Origin',(0.,0.,8.15));
#15455=CARTESIAN_POINT('Ctrl Pts',(8.88767101467403,-2.37682644190172,8.45));
#15456=CARTESIAN_POINT('Ctrl Pts',(8.88303357983455,-2.39416720960942,8.45));
#15457=CARTESIAN_POINT('Ctrl Pts',(8.88115790666045,-2.41205266497049,8.45000000000007));
#15458=CARTESIAN_POINT('Ctrl Pts',(8.88241379967645,-2.447992959454,8.45000000000007));
#15459=CARTESIAN_POINT('Ctrl Pts',(8.88554733620597,-2.46581554473467,8.45));
#15460=CARTESIAN_POINT('Ctrl Pts',(8.89889763444231,-2.5100500367782,8.45));
#15461=CARTESIAN_POINT('Ctrl Pts',(8.91340686754726,-2.54032653050845,8.45000000002033));
#15462=CARTESIAN_POINT('Ctrl Pts',(8.96118919901104,-2.59972006535375,8.45000000002033));
#15463=CARTESIAN_POINT('Ctrl Pts',(8.98767031861662,-2.62382261463022,8.45));
#15464=CARTESIAN_POINT('Ctrl Pts',(9.04500781585002,-2.66486742939504,8.45));
#15465=CARTESIAN_POINT('Ctrl Pts',(9.07662101520631,-2.68222231357803,8.45));
#15466=CARTESIAN_POINT('Ctrl Pts',(9.10950864947698,-2.6957099585254,8.45));
#15467=CARTESIAN_POINT('Ctrl Pts',(6.77928082461928,-6.43679803591785,8.60164030353463));
#15468=CARTESIAN_POINT('Ctrl Pts',(6.85191241532724,-6.50572374848832,8.50153900037122));
#15469=CARTESIAN_POINT('Ctrl Pts',(6.92454368572776,-6.57464912826798,8.40143722654338));
#15470=CARTESIAN_POINT('Ctrl Pts',(6.99717466466719,-6.64357420521902,8.30133502469655));
#15471=CARTESIAN_POINT('Ctrl Pts',(6.74880596440353,-6.41774311643763,8.56640555457031));
#15472=CARTESIAN_POINT('Ctrl Pts',(6.82143300935962,-6.48666695266176,8.46629992808337));
#15473=CARTESIAN_POINT('Ctrl Pts',(6.89405967559002,-6.55559065127868,8.36619391105612));
#15474=CARTESIAN_POINT('Ctrl Pts',(6.96668638900626,-6.62451396961287,8.26608764635214));
#15475=CARTESIAN_POINT('Ctrl Pts',(6.65541291899986,-6.4019339325873,8.487750348294));
#15476=CARTESIAN_POINT('Ctrl Pts',(6.72802357790184,-6.47086153805734,8.38763602374813));
#15477=CARTESIAN_POINT('Ctrl Pts',(6.80063449391123,-6.53978856962508,8.28752144288861));
#15478=CARTESIAN_POINT('Ctrl Pts',(6.8732458259263,-6.60871543758487,8.18740700440733));
#15479=CARTESIAN_POINT('Ctrl Pts',(6.54906306873293,-6.46048077497557,8.45089477783368));
#15480=CARTESIAN_POINT('Ctrl Pts',(6.62166110796863,-6.52943072459928,8.350786965774));
#15481=CARTESIAN_POINT('Ctrl Pts',(6.69426031830833,-6.59838005748817,8.25067950682397));
#15482=CARTESIAN_POINT('Ctrl Pts',(6.76685981156025,-6.66732791612451,8.15057118962046));
#15483=CARTESIAN_POINT('Ctrl Pts',(6.50222758640668,-6.50853565823927,8.45));
#15484=CARTESIAN_POINT('Ctrl Pts',(6.57482644012163,-6.57749876002357,8.34990183951818));
#15485=CARTESIAN_POINT('Ctrl Pts',(6.64742603528229,-6.64646034660306,8.24980310929823));
#15486=CARTESIAN_POINT('Ctrl Pts',(6.72002630366039,-6.71542055350901,8.1497038608063));
#15487=CARTESIAN_POINT('',(6.8893076294261,-6.54121092666575,8.45));
#15488=CARTESIAN_POINT('',(6.71981151851898,-6.71521653741444,8.15000000059033));
#15489=CARTESIAN_POINT('Ctrl Pts',(6.71981151898241,-6.71521653778575,8.15000000000001));
#15490=CARTESIAN_POINT('Ctrl Pts',(6.73250909200969,-6.70251027626586,8.15000000031746));
#15491=CARTESIAN_POINT('Ctrl Pts',(6.74499575530339,-6.68994208785788,8.15293949859902));
#15492=CARTESIAN_POINT('Ctrl Pts',(6.76905935256682,-6.66559288987679,8.1638936285794));
#15493=CARTESIAN_POINT('Ctrl Pts',(6.78044186745779,-6.65400904916001,8.17181887477775));
#15494=CARTESIAN_POINT('Ctrl Pts',(6.80976297010744,-6.62403559416338,8.1989020919958));
#15495=CARTESIAN_POINT('Ctrl Pts',(6.82686306375102,-6.60638882121664,8.22282426178007));
#15496=CARTESIAN_POINT('Ctrl Pts',(6.85498707703,-6.57719862131963,8.28028497492321));
#15497=CARTESIAN_POINT('Ctrl Pts',(6.86566562792644,-6.56603166243836,8.31193926018662));
#15498=CARTESIAN_POINT('Ctrl Pts',(6.8816479484458,-6.54927883603924,8.37946010432021));
#15499=CARTESIAN_POINT('Ctrl Pts',(6.88684062464548,-6.54380921543023,8.41473497190735));
#15500=CARTESIAN_POINT('Ctrl Pts',(6.88930762941211,-6.54121092668047,8.45000000000206));
#15501=CARTESIAN_POINT('',(6.50222758655465,-6.50853565837983,8.44999999979598));
#15502=CARTESIAN_POINT('Ctrl Pts',(6.88930762941362,-6.5412109266819,8.45));
#15503=CARTESIAN_POINT('Ctrl Pts',(6.85943925319821,-6.51812533179307,8.45));
#15504=CARTESIAN_POINT('Ctrl Pts',(6.82645933832098,-6.49827489250976,8.45));
#15505=CARTESIAN_POINT('Ctrl Pts',(6.75610235064366,-6.46741364888421,8.45));
#15506=CARTESIAN_POINT('Ctrl Pts',(6.72048408484876,-6.45736855141788,8.45000000001799));
#15507=CARTESIAN_POINT('Ctrl Pts',(6.64869997723743,-6.44983565554425,8.45000000001799));
#15508=CARTESIAN_POINT('Ctrl Pts',(6.61444388023425,-6.45267420643762,8.45));
#15509=CARTESIAN_POINT('Ctrl Pts',(6.56845597967427,-6.46609688991123,8.45));
#15510=CARTESIAN_POINT('Ctrl Pts',(6.55370888610095,-6.47217096357916,8.45000000000003));
#15511=CARTESIAN_POINT('Ctrl Pts',(6.52612115799275,-6.48784067134416,8.45000000000003));
#15512=CARTESIAN_POINT('Ctrl Pts',(6.51343445255491,-6.49733965378483,8.45));
#15513=CARTESIAN_POINT('Ctrl Pts',(6.50222758641046,-6.5085356582355,8.45));
#15514=CARTESIAN_POINT('',(6.50222758655465,-6.50853565837982,8.44999999979598));
#15515=CARTESIAN_POINT('Origin',(0.,0.,8.55));
#15516=CARTESIAN_POINT('Origin',(0.,0.,8.15));
#15517=CARTESIAN_POINT('',(6.75670650749939,-6.24395044693942,8.45000000024869));
#15518=CARTESIAN_POINT('Origin',(0.,0.,8.45));
#15519=CARTESIAN_POINT('',(6.39037650902203,-5.90368285886054,8.9500098151827));
#15520=CARTESIAN_POINT('Origin',(8.66207036142225,-3.91413686584111,8.62897650252796));
#15521=CARTESIAN_POINT('',(-6.3903769427053,-5.90368495126252,8.95001058966629));
#15522=CARTESIAN_POINT('Origin',(0.,0.,8.95));
#15523=CARTESIAN_POINT('',(-6.75670650623525,-6.24395044984517,8.45000000063528));
#15524=CARTESIAN_POINT('Origin',(-8.66194788059253,-3.91404536723886,8.62910021638918));
#15525=CARTESIAN_POINT('Origin',(0.,0.,8.45));
#15526=CARTESIAN_POINT('Origin',(-13.6783336616597,-6.27739502025383,1.65));
#15527=CARTESIAN_POINT('',(-13.7788206058237,-6.04847937191894,0.250000000000001));
#15528=CARTESIAN_POINT('',(-13.9055485065377,-6.38167068504206,0.25));
#15529=CARTESIAN_POINT('Origin',(-13.6783336616597,-6.27739502025383,0.25));
#15530=CARTESIAN_POINT('',(-13.9055485065378,-6.3816706850421,1.65));
#15531=CARTESIAN_POINT('',(-13.7788206058237,-6.04847937191894,1.65));
#15532=CARTESIAN_POINT('Origin',(-12.5645828597297,-7.25416529632031,0.250000000000001));
#15533=CARTESIAN_POINT('',(-12.8630226591027,-5.64647217928254,0.250000000000001));
#15534=CARTESIAN_POINT('',(-12.636143788086,-5.54687931785223,0.250000000000001));
#15535=CARTESIAN_POINT('',(-12.5354443321104,-5.77084356022204,0.25));
#15536=CARTESIAN_POINT('Origin',(-12.7625357149387,-5.87538782761743,0.25));
#15537=CARTESIAN_POINT('',(-11.2654192904734,-7.97059145922231,0.25));
#15538=CARTESIAN_POINT('Origin',(1.91091895376201E-12,6.91435063686906E-13,
0.250000000000001));
#15539=CARTESIAN_POINT('',(-11.3214996785721,-8.31646830259649,0.250000000000001));
#15540=CARTESIAN_POINT('Origin',(-11.4695029732719,-8.11498623203436,0.25));
#15541=CARTESIAN_POINT('',(-12.1275470932598,-8.90856899287232,0.250000000000001));
#15542=CARTESIAN_POINT('',(-11.1218102950294,-8.16978186742919,0.250000000000001));
#15543=CARTESIAN_POINT('',(-12.4794631851018,-8.85172291769739,0.25));
#15544=CARTESIAN_POINT('Origin',(-12.2755503879596,-8.7070869223102,0.25));
#15545=CARTESIAN_POINT('Origin',(1.91091895376201E-12,6.91435063686906E-13,
0.250000000000001));
#15546=CARTESIAN_POINT('Origin',(-14.0096376780951,-6.1498009828361,1.65));
#15547=CARTESIAN_POINT('',(-12.8630226591027,-5.64647217928254,1.65));
#15548=CARTESIAN_POINT('Origin',(-12.7625357149387,-5.87538782761743,1.65));
#15549=CARTESIAN_POINT('',(-12.5354443321106,-5.7708435602221,1.65));
#15550=CARTESIAN_POINT('Origin',(-12.2755503879596,-8.7070869223102,1.65));
#15551=CARTESIAN_POINT('',(-12.1275470932598,-8.90856899287232,1.65));
#15552=CARTESIAN_POINT('',(-12.1275470932598,-8.90856899287232,1.65));
#15553=CARTESIAN_POINT('',(-12.4794631851018,-8.8517229176974,1.65));
#15554=CARTESIAN_POINT('Origin',(-12.2755503879596,-8.7070869223102,1.65));
#15555=CARTESIAN_POINT('',(-12.4794631851018,-8.8517229176974,1.65));
#15556=CARTESIAN_POINT('Origin',(-11.1218102950294,-8.16978186742919,1.65));
#15557=CARTESIAN_POINT('',(-11.3214996785721,-8.31646830259649,1.65));
#15558=CARTESIAN_POINT('',(-11.3214996785721,-8.31646830259649,1.65));
#15559=CARTESIAN_POINT('',(-10.4749180776195,-7.69459229237063,1.65));
#15560=CARTESIAN_POINT('Origin',(-11.4695029732719,-8.11498623203436,1.65));
#15561=CARTESIAN_POINT('',(-11.2654192904735,-7.97059145922236,1.65));
#15562=CARTESIAN_POINT('',(-11.2654192904735,-7.97059145922236,1.65));
#15563=CARTESIAN_POINT('Origin',(-11.4695029732719,-8.11498623203436,1.65));
#15564=CARTESIAN_POINT('Origin',(12.2755503879596,-8.7070869223102,1.65));
#15565=CARTESIAN_POINT('',(12.1275470932598,-8.90856899287233,0.25));
#15566=CARTESIAN_POINT('',(12.4794631851017,-8.85172291769736,0.25));
#15567=CARTESIAN_POINT('Origin',(12.2755503879596,-8.7070869223102,0.25));
#15568=CARTESIAN_POINT('',(12.4794631851018,-8.85172291769741,1.65));
#15569=CARTESIAN_POINT('',(12.1275470932598,-8.90856899287233,1.65));
#15570=CARTESIAN_POINT('Origin',(12.5645828597297,-7.25416529632032,0.25));
#15571=CARTESIAN_POINT('',(11.3214996785721,-8.3164683025965,0.25));
#15572=CARTESIAN_POINT('',(11.1218102950295,-8.16978186742925,0.25));
#15573=CARTESIAN_POINT('',(11.2654192904733,-7.97059145922228,0.25));
#15574=CARTESIAN_POINT('Origin',(11.4695029732719,-8.11498623203437,0.25));
#15575=CARTESIAN_POINT('',(12.5354443321105,-5.77084356022207,0.25));
#15576=CARTESIAN_POINT('Origin',(-1.55425980710117E-12,1.30918682668763E-12,
0.25));
#15577=CARTESIAN_POINT('',(12.8630226591027,-5.64647217928254,0.25));
#15578=CARTESIAN_POINT('Origin',(12.7625357149387,-5.87538782761743,0.25));
#15579=CARTESIAN_POINT('',(13.7788206058237,-6.04847937191895,0.25));
#15580=CARTESIAN_POINT('',(12.6361437880859,-5.54687931785221,0.25));
#15581=CARTESIAN_POINT('',(13.9055485065377,-6.38167068504209,0.25));
#15582=CARTESIAN_POINT('Origin',(13.6783336616597,-6.27739502025384,0.25));
#15583=CARTESIAN_POINT('Origin',(-1.55425980710117E-12,1.30918682668763E-12,
0.25));
#15584=CARTESIAN_POINT('Origin',(12.3307027184021,-9.05780163562798,1.65));
#15585=CARTESIAN_POINT('',(11.3214996785721,-8.3164683025965,1.65));
#15586=CARTESIAN_POINT('Origin',(11.4695029732719,-8.11498623203437,1.65));
#15587=CARTESIAN_POINT('',(11.2654192904735,-7.97059145922237,1.65));
#15588=CARTESIAN_POINT('Origin',(13.6783336616597,-6.27739502025384,1.65));
#15589=CARTESIAN_POINT('',(13.7788206058237,-6.04847937191895,1.65));
#15590=CARTESIAN_POINT('',(13.7788206058237,-6.04847937191895,1.65));
#15591=CARTESIAN_POINT('',(13.9055485065377,-6.38167068504211,1.65));
#15592=CARTESIAN_POINT('Origin',(13.6783336616597,-6.27739502025384,1.65));
#15593=CARTESIAN_POINT('',(13.9055485065377,-6.38167068504211,1.65));
#15594=CARTESIAN_POINT('Origin',(12.6361437880859,-5.54687931785221,1.65));
#15595=CARTESIAN_POINT('',(12.8630226591027,-5.64647217928254,1.65));
#15596=CARTESIAN_POINT('',(12.8630226591027,-5.64647217928254,1.65));
#15597=CARTESIAN_POINT('',(11.9011714357666,-5.22424901159402,1.65));
#15598=CARTESIAN_POINT('Origin',(12.7625357149387,-5.87538782761743,1.65));
#15599=CARTESIAN_POINT('',(12.5354443321106,-5.77084356022211,1.65));
#15600=CARTESIAN_POINT('',(12.5354443321106,-5.77084356022211,1.65));
#15601=CARTESIAN_POINT('Origin',(12.7625357149387,-5.87538782761743,1.65));
#15602=CARTESIAN_POINT('Origin',(-1.29303274166677,13.9903740596518,1.65));
#15603=CARTESIAN_POINT('',(-1.54152298053057,13.962940481879,0.25));
#15604=CARTESIAN_POINT('',(-1.27002504163711,13.7414350194444,0.25));
#15605=CARTESIAN_POINT('Origin',(-1.29303274166677,13.9903740596518,0.25));
#15606=CARTESIAN_POINT('',(-1.27002504163712,13.7414350194445,1.65));
#15607=CARTESIAN_POINT('',(-1.27002504163712,13.7414350194445,1.65));
#15608=CARTESIAN_POINT('',(-1.54152298053057,13.962940481879,1.65));
#15609=CARTESIAN_POINT('Origin',(-1.29303274166677,13.9903740596518,1.65));
#15610=CARTESIAN_POINT('',(-1.54152298053057,13.962940481879,1.65));
#15611=CARTESIAN_POINT('Origin',(-1.51433349305643,13.7166611852814,1.65));
#15612=CARTESIAN_POINT('',(-1.65127351256389,14.9570483647913,1.65));
#15613=CARTESIAN_POINT('',(-1.42625335814717,12.9188413039646,1.65));
#15614=CARTESIAN_POINT('',(-1.65127351256389,14.9570483647913,0.25));
#15615=CARTESIAN_POINT('',(-1.65127351256389,14.9570483647913,1.65));
#15616=CARTESIAN_POINT('',(-1.51433349305643,13.7166611852814,0.25));
#15617=CARTESIAN_POINT('Origin',(1.29303274166677,13.9903740596518,1.65));
#15618=CARTESIAN_POINT('',(1.2700250416371,13.7414350194443,0.25));
#15619=CARTESIAN_POINT('',(1.54152298053057,13.962940481879,0.25));
#15620=CARTESIAN_POINT('Origin',(1.29303274166677,13.9903740596518,0.25));
#15621=CARTESIAN_POINT('',(1.54152298053057,13.962940481879,1.65));
#15622=CARTESIAN_POINT('',(1.27002504163712,13.7414350194445,1.65));
#15623=CARTESIAN_POINT('Origin',(0.,0.,1.65));
#15624=CARTESIAN_POINT('Origin',(-3.56659146660832E-13,-2.00062189037453E-12,
0.25));
#15625=CARTESIAN_POINT('',(1.51433349305644,13.7166611852815,1.65));
#15626=CARTESIAN_POINT('Origin',(0.,0.,1.65));
#15627=CARTESIAN_POINT('Origin',(1.4027832737001,14.984481942564,1.65));
#15628=CARTESIAN_POINT('',(1.65127351256389,14.9570483647913,0.25));
#15629=CARTESIAN_POINT('',(1.42608532143597,15.2333936027394,0.25));
#15630=CARTESIAN_POINT('Origin',(1.4027832737001,14.984481942564,0.25));
#15631=CARTESIAN_POINT('',(1.42608532143598,15.2333936027395,1.65));
#15632=CARTESIAN_POINT('',(1.65127351256389,14.9570483647913,1.65));
#15633=CARTESIAN_POINT('Origin',(1.67893495969299,15.2076026184641,1.65));
#15634=CARTESIAN_POINT('',(1.51433349305644,13.7166611852815,0.25));
#15635=CARTESIAN_POINT('Origin',(-1.4027832737001,14.984481942564,1.65));
#15636=CARTESIAN_POINT('',(-1.42608532143598,15.2333936027395,0.25));
#15637=CARTESIAN_POINT('Origin',(-1.4027832737001,14.984481942564,0.25));
#15638=CARTESIAN_POINT('',(-1.42608532143598,15.2333936027395,1.65));
#15639=CARTESIAN_POINT('Origin',(-1.4027832737001,14.984481942564,1.65));
#15640=CARTESIAN_POINT('',(-1.42608532143598,15.2333936027395,1.65));
#15641=CARTESIAN_POINT('Origin',(0.,0.,1.65));
#15642=CARTESIAN_POINT('Origin',(-3.56659146660832E-13,-2.00062189037453E-12,
0.25));
#15643=CARTESIAN_POINT('',(-2.19686897870122,15.1414585390715,1.65));
#15644=CARTESIAN_POINT('Origin',(0.,0.,1.65));
#15645=CARTESIAN_POINT('',(-2.19686897870122,15.1414585390715,3.16593673760719));
#15646=CARTESIAN_POINT('',(-2.19686897870122,15.1414585390715,1.65));
#15647=CARTESIAN_POINT('',(3.57171406699535,14.8772597820845,3.16593673760719));
#15648=CARTESIAN_POINT('Origin',(0.,0.,3.16593673760719));
#15649=CARTESIAN_POINT('',(3.57171406699535,14.8772597820845,1.65));
#15650=CARTESIAN_POINT('Ctrl Pts',(-6.35694851707335,-5.49836159046459,
8.95));
#15651=CARTESIAN_POINT('Ctrl Pts',(-6.47153306785116,-5.66332195965322,
8.72606623005307));
#15652=CARTESIAN_POINT('Ctrl Pts',(-6.61201176967321,-5.80557700599463,
8.49768671513485));
#15653=CARTESIAN_POINT('Ctrl Pts',(-6.7738173365654,-5.92171051341175,8.2717973980963));
#15654=CARTESIAN_POINT('Ctrl Pts',(-6.38043234566042,-5.53216982209258,
8.99219565108594));
#15655=CARTESIAN_POINT('Ctrl Pts',(-6.50068447234625,-5.69685242758857,
8.77023309791463));
#15656=CARTESIAN_POINT('Ctrl Pts',(-6.64668701249665,-5.83745132225933,
8.54405109390902));
#15657=CARTESIAN_POINT('Ctrl Pts',(-6.81335007864799,-5.95008454332956,
8.32083174558472));
#15658=CARTESIAN_POINT('Ctrl Pts',(-6.39156066293854,-5.62443596211488,
9.07638069389352));
#15659=CARTESIAN_POINT('Ctrl Pts',(-6.5212674119424,-5.79593766824524,8.85821968913845));
#15660=CARTESIAN_POINT('Ctrl Pts',(-6.67848216077324,-5.94084936396857,
8.63657106828675));
#15661=CARTESIAN_POINT('Ctrl Pts',(-6.85663865009155,-6.05586373856918,
8.41842108611508));
#15662=CARTESIAN_POINT('Ctrl Pts',(-6.3260908657714,-5.72198513708784,9.12021978140183));
#15663=CARTESIAN_POINT('Ctrl Pts',(-6.45713863221192,-5.90626083893233,
8.89955931350798));
#15664=CARTESIAN_POINT('Ctrl Pts',(-6.61732741405277,-6.06390801575092,
8.67459323720326));
#15665=CARTESIAN_POINT('Ctrl Pts',(-6.80144545662762,-6.19134685170324,
8.45284281470435));
#15666=CARTESIAN_POINT('Ctrl Pts',(-6.2819133873005,-5.76046002471099,9.12677669529664));
#15667=CARTESIAN_POINT('Ctrl Pts',(-6.41214506904506,-5.94977361720912,
8.90284292534971));
#15668=CARTESIAN_POINT('Ctrl Pts',(-6.57258260106214,-6.11246524859845,
8.67446341043148));
#15669=CARTESIAN_POINT('Ctrl Pts',(-6.75787579656007,-6.24478609986341,
8.44857409339294));
#15670=CARTESIAN_POINT('',(-6.35694851707339,-5.49836159046465,8.94999999999996));
#15671=CARTESIAN_POINT('Ctrl Pts',(-6.39039384596596,-5.90367866380673,
8.95));
#15672=CARTESIAN_POINT('Ctrl Pts',(-6.40201683142461,-5.89110380958026,
8.95));
#15673=CARTESIAN_POINT('Ctrl Pts',(-6.41163538892873,-5.87688865218142,
8.94999999999992));
#15674=CARTESIAN_POINT('Ctrl Pts',(-6.42732457034445,-5.84578321176407,
8.94999999999992));
#15675=CARTESIAN_POINT('Ctrl Pts',(-6.43319804420684,-5.82896011003313,
8.95));
#15676=CARTESIAN_POINT('Ctrl Pts',(-6.44377796728399,-5.78356248867137,
8.95));
#15677=CARTESIAN_POINT('Ctrl Pts',(-6.44740791955531,-5.74635311169552,
8.94999999999694));
#15678=CARTESIAN_POINT('Ctrl Pts',(-6.43503602279012,-5.66409758188073,
8.94999999999694));
#15679=CARTESIAN_POINT('Ctrl Pts',(-6.42423844527885,-5.62846873593016,
8.95));
#15680=CARTESIAN_POINT('Ctrl Pts',(-6.3959797571747,-5.56129641894853,8.95));
#15681=CARTESIAN_POINT('Ctrl Pts',(-6.3778968815437,-5.52851966948546,8.95));
#15682=CARTESIAN_POINT('Ctrl Pts',(-6.35694851707339,-5.49836159046465,
8.95));
#15683=CARTESIAN_POINT('',(-6.65092797922364,-5.82495292993475,8.45001232286126));
#15684=CARTESIAN_POINT('Origin',(-8.41165435414096,-3.89142655297004,8.45993361242996));
#15685=CARTESIAN_POINT('Ctrl Pts',(-6.75670650756424,-6.24395045107326,
8.45));
#15686=CARTESIAN_POINT('Ctrl Pts',(-6.77157986657677,-6.22785515987579,
8.45));
#15687=CARTESIAN_POINT('Ctrl Pts',(-6.78301030278181,-6.20917527406876,
8.4499999999995));
#15688=CARTESIAN_POINT('Ctrl Pts',(-6.79915224896557,-6.16794770255936,
8.4499999999995));
#15689=CARTESIAN_POINT('Ctrl Pts',(-6.80352909307959,-6.14586390795384,
8.45));
#15690=CARTESIAN_POINT('Ctrl Pts',(-6.80613347895356,-6.09544369872375,
8.45));
#15691=CARTESIAN_POINT('Ctrl Pts',(-6.80302939132976,-6.06076628960101,
8.44999999998483));
#15692=CARTESIAN_POINT('Ctrl Pts',(-6.77434325717872,-5.97839850971299,
8.44999999998483));
#15693=CARTESIAN_POINT('Ctrl Pts',(-6.75138421817576,-5.93865985414685,
8.45));
#15694=CARTESIAN_POINT('Ctrl Pts',(-6.70311363581097,-5.87507791821431,
8.45));
#15695=CARTESIAN_POINT('Ctrl Pts',(-6.67807998640366,-5.84839708601105,
8.45));
#15696=CARTESIAN_POINT('Ctrl Pts',(-6.65093614842959,-5.82495997446975,
8.45));
#15697=CARTESIAN_POINT('Origin',(-7.79422863405995,-4.5,8.95));
#15698=CARTESIAN_POINT('',(-7.9401950750717,-2.75609811110304,8.94999999999996));
#15699=CARTESIAN_POINT('Origin',(-7.79422863405995,-4.5,8.95));
#15700=CARTESIAN_POINT('',(-8.37002104953899,-2.84739631171103,8.45001225039266));
#15701=CARTESIAN_POINT('Origin',(-7.57601347179888,-5.33904105082798,8.45979819663411));
#15702=CARTESIAN_POINT('Origin',(-7.79422863405995,-4.5,8.45));
#15703=CARTESIAN_POINT('Origin',(0.,0.,8.95));
#15704=CARTESIAN_POINT('',(6.35694851707339,-5.49836159046466,8.94999999999996));
#15705=CARTESIAN_POINT('Ctrl Pts',(6.35694851707339,-5.49836159046466,8.95));
#15706=CARTESIAN_POINT('Ctrl Pts',(6.37947447713527,-5.53079083736499,8.95));
#15707=CARTESIAN_POINT('Ctrl Pts',(6.39871663121249,-5.56629052490748,8.95));
#15708=CARTESIAN_POINT('Ctrl Pts',(6.42780363746205,-5.63878347172137,8.95));
#15709=CARTESIAN_POINT('Ctrl Pts',(6.43847333749321,-5.67740131852146,8.94999999999117));
#15710=CARTESIAN_POINT('Ctrl Pts',(6.44625227810301,-5.75269337813498,8.94999999999117));
#15711=CARTESIAN_POINT('Ctrl Pts',(6.44374084314061,-5.78763183850232,8.94999999997694));
#15712=CARTESIAN_POINT('Ctrl Pts',(6.431177788142,-5.83488369344692,8.94999999997694));
#15713=CARTESIAN_POINT('Ctrl Pts',(6.42533950517857,-5.8503064504241,8.94999999999996));
#15714=CARTESIAN_POINT('Ctrl Pts',(6.41026429616032,-5.87889298256922,8.94999999999996));
#15715=CARTESIAN_POINT('Ctrl Pts',(6.40119176861273,-5.8919963401766,8.95));
#15716=CARTESIAN_POINT('Ctrl Pts',(6.39039384450931,-5.90367857141038,8.95));
#15717=CARTESIAN_POINT('',(7.9401950750717,-2.75609811110305,8.94999999999996));
#15718=CARTESIAN_POINT('Origin',(7.79422863405995,-4.5,8.95));
#15719=CARTESIAN_POINT('Ctrl Pts',(8.30793262149919,-2.58240407929809,8.95));
#15720=CARTESIAN_POINT('Ctrl Pts',(8.30285393703626,-2.5987574170284,8.95));
#15721=CARTESIAN_POINT('Ctrl Pts',(8.29535263943838,-2.61419514233716,8.94999999999992));
#15722=CARTESIAN_POINT('Ctrl Pts',(8.27625949558788,-2.64333564866524,8.94999999999992));
#15723=CARTESIAN_POINT('Ctrl Pts',(8.26462722736914,-2.65683413895972,8.95));
#15724=CARTESIAN_POINT('Ctrl Pts',(8.23060177450172,-2.6886966329914,8.95));
#15725=CARTESIAN_POINT('Ctrl Pts',(8.20019309196247,-2.71044529858764,8.94999999999749));
#15726=CARTESIAN_POINT('Ctrl Pts',(8.12277124824897,-2.74085808347195,8.94999999999749));
#15727=CARTESIAN_POINT('Ctrl Pts',(8.08651649661826,-2.74932084965983,8.95));
#15728=CARTESIAN_POINT('Ctrl Pts',(8.01421408035351,-2.75843313983086,8.95));
#15729=CARTESIAN_POINT('Ctrl Pts',(7.9767869236786,-2.7591608877106,8.95));
#15730=CARTESIAN_POINT('Ctrl Pts',(7.9401950750717,-2.75609811110305,8.95));
#15731=CARTESIAN_POINT('',(1.5832465579983,8.2544597015677,8.94999999999996));
#15732=CARTESIAN_POINT('Ctrl Pts',(1.5832465579983,8.2544597015677,8.95));
#15733=CARTESIAN_POINT('Ctrl Pts',(1.60006815340931,8.29018242921972,8.95));
#15734=CARTESIAN_POINT('Ctrl Pts',(1.6211903767357,8.32459716763719,8.95));
#15735=CARTESIAN_POINT('Ctrl Pts',(1.66942625905081,8.38603480859449,8.95));
#15736=CARTESIAN_POINT('Ctrl Pts',(1.69753500662262,8.41458517155121,8.94999999998965));
#15737=CARTESIAN_POINT('Ctrl Pts',(1.75885037255127,8.45896845793361,8.94999999998965));
#15738=CARTESIAN_POINT('Ctrl Pts',(1.79036411821937,8.47426197616752,8.94999999997695));
#15739=CARTESIAN_POINT('Ctrl Pts',(1.83756771824803,8.48700671483314,8.94999999997695));
#15740=CARTESIAN_POINT('Ctrl Pts',(1.85384360090986,8.48966150502561,8.94999999999996));
#15741=CARTESIAN_POINT('Ctrl Pts',(1.88613821460323,8.49089850596685,8.94999999999996));
#15742=CARTESIAN_POINT('Ctrl Pts',(1.90202248662436,8.4895928879548,8.95));
#15743=CARTESIAN_POINT('Ctrl Pts',(1.9175386898974,8.48608269665688,8.95));
#15744=CARTESIAN_POINT('',(-1.5832465579983,8.2544597015677,8.94999999999996));
#15745=CARTESIAN_POINT('Origin',(0.,9.,8.95));
#15746=CARTESIAN_POINT('Ctrl Pts',(-1.91753877015433,8.48608274392995,8.95));
#15747=CARTESIAN_POINT('Ctrl Pts',(-1.90083698297127,8.48986115213851,8.95));
#15748=CARTESIAN_POINT('Ctrl Pts',(-1.88371682014764,8.49108378470902,8.94999999999992));
#15749=CARTESIAN_POINT('Ctrl Pts',(-1.84893372343768,8.48911912903078,8.94999999999992));
#15750=CARTESIAN_POINT('Ctrl Pts',(-1.83142748139639,8.48579468712397,8.95));
#15751=CARTESIAN_POINT('Ctrl Pts',(-1.78681968475421,8.47225901121366,8.95));
#15752=CARTESIAN_POINT('Ctrl Pts',(-1.7527806730446,8.45679863661683,8.94999999999769));
#15753=CARTESIAN_POINT('Ctrl Pts',(-1.687732352158,8.40495606160248,8.94999999999769));
#15754=CARTESIAN_POINT('Ctrl Pts',(-1.66227613232652,8.3777896041329,8.95));
#15755=CARTESIAN_POINT('Ctrl Pts',(-1.61823378825612,8.31972973300287,8.95));
#15756=CARTESIAN_POINT('Ctrl Pts',(-1.59889004605702,8.28768057329806,8.95));
#15757=CARTESIAN_POINT('Ctrl Pts',(-1.5832465579983,8.2544597015677,8.95));
#15758=CARTESIAN_POINT('Ctrl Pts',(-7.9401950750717,-2.75609811110305,8.95));
#15759=CARTESIAN_POINT('Ctrl Pts',(-7.9795426310237,-2.75939154334334,8.95));
#15760=CARTESIAN_POINT('Ctrl Pts',(-8.01990763881264,-2.75830635220881,
8.95));
#15761=CARTESIAN_POINT('Ctrl Pts',(-8.09723203809111,-2.74725120026381,
8.95));
#15762=CARTESIAN_POINT('Ctrl Pts',(-8.13601150239509,-2.73718322230307,
8.94999999999009));
#15763=CARTESIAN_POINT('Ctrl Pts',(-8.20510612690176,-2.70627414837135,
8.94999999999009));
#15764=CARTESIAN_POINT('Ctrl Pts',(-8.23410771515652,-2.68662941153302,
8.94999999997695));
#15765=CARTESIAN_POINT('Ctrl Pts',(-8.2687470063725,-2.65212262034642,8.94999999997695));
#15766=CARTESIAN_POINT('Ctrl Pts',(-8.27918415542467,-2.63935481116735,
8.94999999999996));
#15767=CARTESIAN_POINT('Ctrl Pts',(-8.29640288210189,-2.61200553641901,
8.94999999999996));
#15768=CARTESIAN_POINT('Ctrl Pts',(-8.30321436293496,-2.59759661619178,
8.95));
#15769=CARTESIAN_POINT('Ctrl Pts',(-8.3079325405826,-2.58240412470016,8.95));
#15770=CARTESIAN_POINT('Ctrl Pts',(-8.51508960576023,-2.90536541480686,
8.27200999477852));
#15771=CARTESIAN_POINT('Ctrl Pts',(-8.33366141192729,-2.8233504295273,8.49782973681343));
#15772=CARTESIAN_POINT('Ctrl Pts',(-8.14028446318397,-2.77284580548476,
8.72613644438178));
#15773=CARTESIAN_POINT('Ctrl Pts',(-7.94019507507163,-2.75609811110304,
8.95));
#15774=CARTESIAN_POINT('Ctrl Pts',(-8.55942893891527,-2.92540940425206,
8.32104189942139));
#15775=CARTESIAN_POINT('Ctrl Pts',(-8.37860224050785,-2.83743914770649,
8.54419271499284));
#15776=CARTESIAN_POINT('Ctrl Pts',(-8.1838975893559,-2.78132484583539,8.77030269416923));
#15777=CARTESIAN_POINT('Ctrl Pts',(-7.98121577681203,-2.75953158742356,
8.99219565108594));
#15778=CARTESIAN_POINT('Ctrl Pts',(-8.67267525973731,-2.91000711219998,
8.41863066492038));
#15779=CARTESIAN_POINT('Ctrl Pts',(-8.48404087599514,-2.81327809932048,
8.6367143720593));
#15780=CARTESIAN_POINT('Ctrl Pts',(-8.27999785209639,-2.74960973969987,
8.85829023647933));
#15781=CARTESIAN_POINT('Ctrl Pts',(-8.06668654793064,-2.72303958675744,
9.07638283695351));
#15782=CARTESIAN_POINT('Ctrl Pts',(-8.7623960137901,-2.79446118022942,8.4530517524095));
#15783=CARTESIAN_POINT('Ctrl Pts',(-8.56002574932479,-2.69878247907952,
8.6747339907558));
#15784=CARTESIAN_POINT('Ctrl Pts',(-8.34347066044886,-2.63890897661304,
8.89962850149435));
#15785=CARTESIAN_POINT('Ctrl Pts',(-8.11842992168076,-2.6175628278628,9.12021978140183));
#15786=CARTESIAN_POINT('Ctrl Pts',(-8.78688625405313,-2.73001031799944,
8.44878669007516));
#15787=CARTESIAN_POINT('Ctrl Pts',(-8.57970242242447,-2.63575529693193,
8.67460643211006));
#15788=CARTESIAN_POINT('Ctrl Pts',(-8.35865581018566,-2.57818803018065,
8.90291313967841));
#15789=CARTESIAN_POINT('Ctrl Pts',(-8.1296614125347,-2.56006656542028,9.12677669529664));
#15790=CARTESIAN_POINT('Ctrl Pts',(-8.37003117499431,-2.84739984328829,
8.45));
#15791=CARTESIAN_POINT('Ctrl Pts',(-8.41249512486954,-2.86218013774721,
8.45));
#15792=CARTESIAN_POINT('Ctrl Pts',(-8.45787007965373,-2.8716015296054,8.45));
#15793=CARTESIAN_POINT('Ctrl Pts',(-8.54298293639633,-2.87755602155525,
8.45));
#15794=CARTESIAN_POINT('Ctrl Pts',(-8.58502745398748,-2.87539585151907,
8.4499999999905));
#15795=CARTESIAN_POINT('Ctrl Pts',(-8.66065395367742,-2.85675659661815,
8.4499999999905));
#15796=CARTESIAN_POINT('Ctrl Pts',(-8.69135630592646,-2.84203634833432,
8.45));
#15797=CARTESIAN_POINT('Ctrl Pts',(-8.73226496828275,-2.81212383233265,
8.45));
#15798=CARTESIAN_POINT('Ctrl Pts',(-8.74685179792624,-2.79806702995325,
8.44999999999982));
#15799=CARTESIAN_POINT('Ctrl Pts',(-8.77075746318791,-2.7660176685146,8.44999999999982));
#15800=CARTESIAN_POINT('Ctrl Pts',(-8.77989025580898,-2.74843892634736,
8.45));
#15801=CARTESIAN_POINT('Ctrl Pts',(-8.78577296144631,-2.72950425815043,
8.45));
#15802=CARTESIAN_POINT('Ctrl Pts',(-1.58324655799827,8.25445970156764,8.95));
#15803=CARTESIAN_POINT('Ctrl Pts',(-1.66881414799068,8.43617300749697,8.72606624301709));
#15804=CARTESIAN_POINT('Ctrl Pts',(-1.72177130286871,8.62895883481963,8.49768652230902));
#15805=CARTESIAN_POINT('Ctrl Pts',(-1.74144307027289,8.82715315160953,8.27179739713599));
#15806=CARTESIAN_POINT('Ctrl Pts',(-1.60078343115161,8.29170140951615,8.99219565108594));
#15807=CARTESIAN_POINT('Ctrl Pts',(-1.68327668295391,8.47818409803728,8.77023311076453));
#15808=CARTESIAN_POINT('Ctrl Pts',(-1.73203764441289,8.67492563622075,8.54405090336097));
#15809=CARTESIAN_POINT('Ctrl Pts',(-1.74624932992555,8.8755765255038,8.32083174463563));
#15810=CARTESIAN_POINT('Ctrl Pts',(-1.67512091812588,8.34747660262109,9.07638368218268));
#15811=CARTESIAN_POINT('Ctrl Pts',(-1.75879237308128,8.54555678389861,8.85822269005743));
#15812=CARTESIAN_POINT('Ctrl Pts',(-1.8056781127278,8.75416691776234,8.63657702078375));
#15813=CARTESIAN_POINT('Ctrl Pts',(-1.81620522922749,8.96596197078243,8.41842722390749));
#15814=CARTESIAN_POINT('Ctrl Pts',(-1.79233905590936,8.33954796495065,9.12021978140183));
#15815=CARTESIAN_POINT('Ctrl Pts',(-1.88640260634109,8.5451764988153,8.8995593262825));
#15816=CARTESIAN_POINT('Ctrl Pts',(-1.94283469656132,8.76272784408703,8.67459304790856));
#15817=CARTESIAN_POINT('Ctrl Pts',(-1.96114092897993,8.98589797469379,8.45284281376121));
#15818=CARTESIAN_POINT('Ctrl Pts',(-1.84774802523421,8.32052659013128,9.12677669529664));
#15819=CARTESIAN_POINT('Ctrl Pts',(-1.94658255902526,8.52796731913951,8.90284293831373));
#15820=CARTESIAN_POINT('Ctrl Pts',(-2.00725890334933,8.74825631872337,8.67446321760565));
#15821=CARTESIAN_POINT('Ctrl Pts',(-2.02920550549492,8.97488516633618,8.44857409243262));
#15822=CARTESIAN_POINT('',(-1.71909321679961,8.6723490551438,8.45001232298511));
#15823=CARTESIAN_POINT('Origin',(0.835524296694687,9.23035670684609,8.45994721506715));
#15824=CARTESIAN_POINT('Ctrl Pts',(-2.02906645681877,8.97345470700286,8.45));
#15825=CARTESIAN_POINT('Ctrl Pts',(-2.0076887200747,8.97828824888123,8.45));
#15826=CARTESIAN_POINT('Ctrl Pts',(-1.98579387154818,8.97884759413872,8.4499999999995));
#15827=CARTESIAN_POINT('Ctrl Pts',(-1.94201417548282,8.97221292925688,8.4499999999995));
#15828=CARTESIAN_POINT('Ctrl Pts',(-1.92069828019028,8.96496094505367,8.45));
#15829=CARTESIAN_POINT('Ctrl Pts',(-1.87572783291716,8.94200425501293,8.45));
#15830=CARTESIAN_POINT('Ctrl Pts',(-1.84725263316813,8.92197889252061,8.44999999998098));
#15831=CARTESIAN_POINT('Ctrl Pts',(-1.79027371501013,8.85596164736085,8.44999999998098));
#15832=CARTESIAN_POINT('Ctrl Pts',(-1.76734277257968,8.81621464173443,8.45));
#15833=CARTESIAN_POINT('Ctrl Pts',(-1.73641361989238,8.74262037518012,8.45));
#15834=CARTESIAN_POINT('Ctrl Pts',(-1.72582178757286,8.70759247333352,8.45));
#15835=CARTESIAN_POINT('Ctrl Pts',(-1.71909523296377,8.67235965225756,8.45));
#15836=CARTESIAN_POINT('Origin',(0.,9.,8.95));
#15837=CARTESIAN_POINT('',(1.7190929774169,8.67234901639359,8.45001225051412));
#15838=CARTESIAN_POINT('Origin',(-0.835505821016843,9.23047651393602,8.45981216074055));
#15839=CARTESIAN_POINT('Origin',(0.,9.,8.45));
#15840=CARTESIAN_POINT('Ctrl Pts',(1.74142455029264,8.82696666086342,8.27200994990515));
#15841=CARTESIAN_POINT('Ctrl Pts',(1.72173752838429,8.62883784101817,8.49782957953412));
#15842=CARTESIAN_POINT('Ctrl Pts',(1.66878729871401,8.43611598975431,8.72613650863282));
#15843=CARTESIAN_POINT('Ctrl Pts',(1.58324655799827,8.25445970156764,8.95));
#15844=CARTESIAN_POINT('Ctrl Pts',(1.74623561175058,8.87538764497744,8.32104185507469));
#15845=CARTESIAN_POINT('Ctrl Pts',(1.7320067511873,8.67480210123718,8.5441925595065));
#15846=CARTESIAN_POINT('Ctrl Pts',(1.6832507983387,8.47812558376454,8.7703027578547));
#15847=CARTESIAN_POINT('Ctrl Pts',(1.60078343115161,8.29170140951615,8.99219565108594));
#15848=CARTESIAN_POINT('Ctrl Pts',(1.81619548793138,8.96576262782732,8.41863235718356));
#15849=CARTESIAN_POINT('Ctrl Pts',(1.80564808754566,8.75403605826913,8.63671595645574));
#15850=CARTESIAN_POINT('Ctrl Pts',(1.75876611868109,8.5454946307149,8.85829114438798));
#15851=CARTESIAN_POINT('Ctrl Pts',(1.6751209180358,8.34747660275491,9.07638368226744));
#15852=CARTESIAN_POINT('Ctrl Pts',(1.96112363857109,8.98568818039831,8.45305170834582));
#15853=CARTESIAN_POINT('Ctrl Pts',(1.94279870637263,8.76259114982599,8.67473383626191));
#15854=CARTESIAN_POINT('Ctrl Pts',(1.88637309121404,8.54511197698645,8.89962856480622));
#15855=CARTESIAN_POINT('Ctrl Pts',(1.79233905590936,8.33954796495065,9.12021978140183));
#15856=CARTESIAN_POINT('Ctrl Pts',(2.02918484340998,8.97467192019326,8.44878664520179));
#15857=CARTESIAN_POINT('Ctrl Pts',(2.00722018640542,8.7481180598164,8.67460627483075));
#15858=CARTESIAN_POINT('Ctrl Pts',(1.94655154686583,8.52790222868263,8.90291320392946));
#15859=CARTESIAN_POINT('Ctrl Pts',(1.84774802523421,8.32052659013128,9.12677669529664));
#15860=CARTESIAN_POINT('Ctrl Pts',(1.71909498172941,8.67235955118807,8.45));
#15861=CARTESIAN_POINT('Ctrl Pts',(1.72752709419843,8.71652585089665,8.45));
#15862=CARTESIAN_POINT('Ctrl Pts',(1.7420558006165,8.76053409269691,8.45));
#15863=CARTESIAN_POINT('Ctrl Pts',(1.77945511836048,8.83722079651414,8.45));
#15864=CARTESIAN_POINT('Ctrl Pts',(1.80234681829972,8.87255097011172,8.44999999998953));
#15865=CARTESIAN_POINT('Ctrl Pts',(1.85630161408702,8.92872623407844,8.44999999998953));
#15866=CARTESIAN_POINT('Ctrl Pts',(1.88440057910727,8.94795385965909,8.45));
#15867=CARTESIAN_POINT('Ctrl Pts',(1.93075802114304,8.96842500921904,8.45));
#15868=CARTESIAN_POINT('Ctrl Pts',(1.95022575611276,8.97402940899063,8.44999999999982));
#15869=CARTESIAN_POINT('Ctrl Pts',(1.98993567220236,8.97870781240598,8.44999999999982));
#15870=CARTESIAN_POINT('Ctrl Pts',(2.00972648156904,8.97782762888789,8.45));
#15871=CARTESIAN_POINT('Ctrl Pts',(2.02906645342713,8.97345470557022,8.45));
#15872=CARTESIAN_POINT('Ctrl Pts',(7.94019507507162,-2.75609811110304,8.95));
#15873=CARTESIAN_POINT('Ctrl Pts',(8.14034724550711,-2.77285106043192,8.72606620240532));
#15874=CARTESIAN_POINT('Ctrl Pts',(8.33378308960035,-2.82338167553894,8.49768667270107));
#15875=CARTESIAN_POINT('Ctrl Pts',(8.51526040290347,-2.90544263561377,8.27179740288998));
#15876=CARTESIAN_POINT('Ctrl Pts',(7.98121577681203,-2.75953158742357,8.99219565108594));
#15877=CARTESIAN_POINT('Ctrl Pts',(8.18396118510762,-2.78133168393613,8.77023307051026));
#15878=CARTESIAN_POINT('Ctrl Pts',(8.37872467848561,-2.83747415969664,8.54405105198367));
#15879=CARTESIAN_POINT('Ctrl Pts',(8.55959940467201,-2.92549197945549,8.32083175032235));
#15880=CARTESIAN_POINT('Ctrl Pts',(8.066686547707,-2.72303958630003,9.07638283668595));
#15881=CARTESIAN_POINT('Ctrl Pts',(8.28006478285471,-2.74961807619597,8.85822180499587));
#15882=CARTESIAN_POINT('Ctrl Pts',(8.48416922364709,-2.8133175248913,8.63657542917353));
#15883=CARTESIAN_POINT('Ctrl Pts',(8.6728527992554,-2.91009836246675,8.4184254925937));
#15884=CARTESIAN_POINT('Ctrl Pts',(8.11842992168075,-2.6175628278628,9.12021978140183));
#15885=CARTESIAN_POINT('Ctrl Pts',(8.34354127179168,-2.63891567442357,8.89955928626437));
#15886=CARTESIAN_POINT('Ctrl Pts',(8.56016213272928,-2.69881965636136,8.67459319555671));
#15887=CARTESIAN_POINT('Ctrl Pts',(8.7625863812352,-2.7945511200119,8.45284281941231));
#15888=CARTESIAN_POINT('Ctrl Pts',(8.1296614125347,-2.56006656542029,9.12677669529664));
#15889=CARTESIAN_POINT('Ctrl Pts',(8.35872766207348,-2.57819371617763,8.90284289770196));
#15890=CARTESIAN_POINT('Ctrl Pts',(8.57984152432818,-2.63579089494623,8.6744633679977));
#15891=CARTESIAN_POINT('Ctrl Pts',(8.78708129756379,-2.73009906350797,8.44857409818661));
#15892=CARTESIAN_POINT('',(8.37002120261892,-2.84739612429499,8.45001232287322));
#15893=CARTESIAN_POINT('Origin',(7.57590587541725,-5.33897614965136,8.45993457975225));
#15894=CARTESIAN_POINT('Ctrl Pts',(8.78577296438286,-2.72950425592958,8.45));
#15895=CARTESIAN_POINT('Ctrl Pts',(8.77927024447741,-2.75043411573394,8.45));
#15896=CARTESIAN_POINT('Ctrl Pts',(8.7688074944553,-2.76967467967881,8.4499999999995));
#15897=CARTESIAN_POINT('Ctrl Pts',(8.7411725328651,-2.80427059798921,8.4499999999995));
#15898=CARTESIAN_POINT('Ctrl Pts',(8.72423463016474,-2.81910422023514,8.45));
#15899=CARTESIAN_POINT('Ctrl Pts',(8.68186822991989,-2.84657160955991,8.45));
#15900=CARTESIAN_POINT('Ctrl Pts',(8.65028703230623,-2.86121955563119,8.44999999998213));
#15901=CARTESIAN_POINT('Ctrl Pts',(8.56462220144197,-2.87755712730287,8.44999999998213));
#15902=CARTESIAN_POINT('Ctrl Pts',(8.51873285840547,-2.87754265183868,8.45));
#15903=CARTESIAN_POINT('Ctrl Pts',(8.43953388484859,-2.86753067331022,8.45));
#15904=CARTESIAN_POINT('Ctrl Pts',(8.403905212394,-2.85919003495379,8.45));
#15905=CARTESIAN_POINT('Ctrl Pts',(8.37003138797806,-2.84739967677077,8.45));
#15906=CARTESIAN_POINT('Origin',(7.79422863405995,-4.5,8.95));
#15907=CARTESIAN_POINT('',(6.65092806463249,-5.82495270407361,8.45001225038201));
#15908=CARTESIAN_POINT('Origin',(8.41178010774548,-3.89147188855727,8.45979584741946));
#15909=CARTESIAN_POINT('Origin',(7.79422863405995,-4.5,8.45));
#15910=CARTESIAN_POINT('Ctrl Pts',(6.7736650070074,-5.92160116908775,8.27201006789949));
#15911=CARTESIAN_POINT('Ctrl Pts',(6.61192389879472,-5.80548726347398,8.49782974786383));
#15912=CARTESIAN_POINT('Ctrl Pts',(6.47149716318623,-5.66327026990322,8.72613639891023));
#15913=CARTESIAN_POINT('Ctrl Pts',(6.35694851707335,-5.4983615904646,8.95));
#15914=CARTESIAN_POINT('Ctrl Pts',(6.81319327606209,-5.94997816440682,8.32104197167609));
#15915=CARTESIAN_POINT('Ctrl Pts',(6.64659550057045,-5.83736280336129,8.5441927260217));
#15916=CARTESIAN_POINT('Ctrl Pts',(6.50064679176638,-5.69680082487486,8.77030264909797));
#15917=CARTESIAN_POINT('Ctrl Pts',(6.38043234566042,-5.53216982209259,8.99219565108594));
#15918=CARTESIAN_POINT('Ctrl Pts',(6.85647079619214,-6.05575556817554,8.41862633605745));
#15919=CARTESIAN_POINT('Ctrl Pts',(6.67838387311846,-5.94075793341508,8.63670998133478));
#15920=CARTESIAN_POINT('Ctrl Pts',(6.52122676937365,-5.79588392875013,8.85828804942744));
#15921=CARTESIAN_POINT('Ctrl Pts',(6.39156066352222,-5.62443596207463,9.07638069420096));
#15922=CARTESIAN_POINT('Ctrl Pts',(6.80127231926302,-6.19122691458707,8.45305182418377));
#15923=CARTESIAN_POINT('Ctrl Pts',(6.6172270574365,-6.06380850398955,8.67473400177401));
#15924=CARTESIAN_POINT('Ctrl Pts',(6.4570975688564,-5.90620309679097,8.89962845668749));
#15925=CARTESIAN_POINT('Ctrl Pts',(6.32609086577139,-5.72198513708785,9.12021978140183));
#15926=CARTESIAN_POINT('Ctrl Pts',(6.75770135503332,-6.24466151433583,8.44878676319612));
#15927=CARTESIAN_POINT('Ctrl Pts',(6.57248225325816,-6.11236259356686,8.67460644316047));
#15928=CARTESIAN_POINT('Ctrl Pts',(6.41210426140681,-5.94971429646248,8.90291309420687));
#15929=CARTESIAN_POINT('Ctrl Pts',(6.28191338730049,-5.760460024711,9.12677669529664));
#15930=CARTESIAN_POINT('Ctrl Pts',(6.65093618578878,-5.82495970718035,8.45));
#15931=CARTESIAN_POINT('Ctrl Pts',(6.68496360983446,-5.85434039423427,8.45));
#15932=CARTESIAN_POINT('Ctrl Pts',(6.71580526512623,-5.88892002379058,8.45));
#15933=CARTESIAN_POINT('Ctrl Pts',(6.76351924528241,-5.95965179305807,8.45));
#15934=CARTESIAN_POINT('Ctrl Pts',(6.78267322472435,-5.99714885746806,8.44999999999272));
#15935=CARTESIAN_POINT('Ctrl Pts',(6.80434575971646,-6.07196888556715,8.44999999999272));
#15936=CARTESIAN_POINT('Ctrl Pts',(6.80695020987349,-6.10592027057765,8.45));
#15937=CARTESIAN_POINT('Ctrl Pts',(6.80149953311644,-6.15630664802129,8.45));
#15938=CARTESIAN_POINT('Ctrl Pts',(6.79661999076173,-6.17596638624289,8.44999999999982));
#15939=CARTESIAN_POINT('Ctrl Pts',(6.78081866877721,-6.21269184145219,8.44999999999982));
#15940=CARTESIAN_POINT('Ctrl Pts',(6.77016224790656,-6.22938941837065,8.45));
#15941=CARTESIAN_POINT('Ctrl Pts',(6.75670650801922,-6.24395044741979,8.45));
#15942=CARTESIAN_POINT('Origin',(0.,0.,8.45));
#15943=CARTESIAN_POINT('Origin',(0.,0.,6.95));
#15944=CARTESIAN_POINT('Origin',(0.,0.,8.45));
#15945=CARTESIAN_POINT('Origin',(0.,0.,8.45));
#15946=CARTESIAN_POINT('Origin',(0.,0.,8.45));
#15947=CARTESIAN_POINT('',(2.2177309566311,9.23751424377793,6.95));
#15948=CARTESIAN_POINT('Origin',(0.,0.,6.95));
#15949=CARTESIAN_POINT('',(2.2177309566311,9.23751424377793,8.45));
#15950=CARTESIAN_POINT('',(2.2177309566311,9.23751424377793,1.65));
#15951=CARTESIAN_POINT('Origin',(0.,0.,8.45));
#15952=CARTESIAN_POINT('Origin',(0.,0.,8.45));
#15953=CARTESIAN_POINT('Origin',(0.,0.,6.95));
#15954=CARTESIAN_POINT('',(6.89105652461673,-6.53936846909067,6.95));
#15955=CARTESIAN_POINT('Origin',(0.,0.,6.95));
#15956=CARTESIAN_POINT('Origin',(0.,0.,6.95));
#15957=CARTESIAN_POINT('Origin',(0.,0.,6.95));
#15958=CARTESIAN_POINT('Origin',(0.,0.,6.95));
#15959=CARTESIAN_POINT('Origin',(0.,0.,8.45));
#15960=CARTESIAN_POINT('',(6.89105652461673,-6.53936846909067,8.45));
#15961=CARTESIAN_POINT('',(6.89105652461673,-6.53936846909067,1.65));
#15962=CARTESIAN_POINT('Origin',(0.,0.,8.45));
#15963=CARTESIAN_POINT('Origin',(0.,0.,8.45));
#15964=CARTESIAN_POINT('Origin',(10.6250553404171,-6.13437856094448,1.65));
#15965=CARTESIAN_POINT('Origin',(0.,0.,1.65));
#15966=CARTESIAN_POINT('',(14.2113222345353,-5.66818492519451,1.65));
#15967=CARTESIAN_POINT('',(13.7107583900813,-4.69372681478569,1.65));
#15968=CARTESIAN_POINT('Origin',(0.,0.,1.65));
#15969=CARTESIAN_POINT('Origin',(13.7694582746016,-4.80799910828952,1.65));
#15970=CARTESIAN_POINT('',(13.4706316939213,-4.2262671506663,7.48453961910173));
#15971=CARTESIAN_POINT('',(14.2113222345353,-5.66818492519451,3.16593673760719));
#15972=CARTESIAN_POINT('Ctrl Pts',(13.4706316939213,-4.2262671506663,7.48453961910173));
#15973=CARTESIAN_POINT('Ctrl Pts',(13.8260972991253,-4.91825948251401,5.48842428497361));
#15974=CARTESIAN_POINT('Ctrl Pts',(14.2113222345353,-5.66818492519451,3.16593673760719));
#15975=CARTESIAN_POINT('',(14.2113222345353,-5.66818492519451,1.65));
#15976=CARTESIAN_POINT('Ctrl Pts',(13.3275943146679,-3.94781329138452,7.54995686655035));
#15977=CARTESIAN_POINT('Ctrl Pts',(13.3985564187963,-4.08595670438911,7.51777290969544));
#15978=CARTESIAN_POINT('Ctrl Pts',(13.4706316939213,-4.22626715066631,7.48453961910173));
#15979=CARTESIAN_POINT('Origin',(0.,0.,1.65));
#15980=CARTESIAN_POINT('',(11.098227876488,-10.5318250081144,3.16593673760719));
#15981=CARTESIAN_POINT('Origin',(0.,0.,3.16593673760719));
#15982=CARTESIAN_POINT('',(11.098227876488,-10.5318250081144,1.65));
#15983=CARTESIAN_POINT('Origin',(-3.7433127778052E-16,2.1612026399268E-16,
5.32523817835446));
#15984=CARTESIAN_POINT('',(10.240869492549,-9.71822228078043,7.48453961910173));
#15985=CARTESIAN_POINT('Origin',(-7.48662555561039E-16,4.3224052798536E-16,
7.48453961910173));
#15986=CARTESIAN_POINT('',(10.6695486845185,-10.1250236444474,5.32523817835446));
#15987=CARTESIAN_POINT('Origin',(0.,0.,6.505));
#15988=CARTESIAN_POINT('',(7.47135602142656,-7.09005212964567,6.505));
#15989=CARTESIAN_POINT('Origin',(6.89105652461673,-6.53936846909067,1.65));
#15990=CARTESIAN_POINT('',(7.90658064403393,-7.50306487506193,8.45));
#15991=CARTESIAN_POINT('',(9.50240426026097,-9.01744494158818,7.78996836880359));
#15992=CARTESIAN_POINT('',(0.,0.,8.45));
#15993=CARTESIAN_POINT('Origin',(0.,0.,1.65));
#15994=CARTESIAN_POINT('',(11.1218102950295,-8.16978186742925,4.85));
#15995=CARTESIAN_POINT('',(11.1218102950295,-8.16978186742925,1.65));
#15996=CARTESIAN_POINT('Origin',(0.,0.,4.85));
#15997=CARTESIAN_POINT('Origin',(8.94580393295852,-6.57134628467135,1.65));
#15998=CARTESIAN_POINT('',(0.,0.,4.85));
#15999=CARTESIAN_POINT('Origin',(10.1331119081815,-5.48644958002635,4.85));
#16000=CARTESIAN_POINT('Origin',(0.,0.,7.78996836880359));
#16001=CARTESIAN_POINT('Origin',(0.,0.,8.45));
#16002=CARTESIAN_POINT('Origin',(10.6250553404171,-6.13437856094448,8.45));
#16003=CARTESIAN_POINT('Origin',(-4.44089209850063E-15,14.5083305926406,
0.25));
#16004=CARTESIAN_POINT('Origin',(-3.88578058618805E-15,12.268757121889,
1.65));
#16005=CARTESIAN_POINT('',(-2.79049253501204,14.2207284783539,1.65));
#16006=CARTESIAN_POINT('Origin',(-2.72087976814916,14.3287002162996,1.65));
#16007=CARTESIAN_POINT('',(-3.07526113130398,13.7790428272928,7.48453961910173));
#16008=CARTESIAN_POINT('Ctrl Pts',(-3.07526113130398,13.7790428272928,7.48453961910173));
#16009=CARTESIAN_POINT('Ctrl Pts',(-2.65371099530181,14.4328812374949,5.48842428497361));
#16010=CARTESIAN_POINT('Ctrl Pts',(-2.19686897870122,15.1414585390715,3.16593673760719));
#16011=CARTESIAN_POINT('Ctrl Pts',(-3.24489055759709,13.5159418935277,7.54995686655035));
#16012=CARTESIAN_POINT('Ctrl Pts',(-3.16073590463382,13.6464685849112,7.51777290969544));
#16013=CARTESIAN_POINT('Ctrl Pts',(-3.07526113130397,13.7790428272928,7.48453961910173));
#16014=CARTESIAN_POINT('Origin',(0.,-4.32240527985359E-16,5.32523817835446));
#16015=CARTESIAN_POINT('',(3.29579262850528,13.7279642777787,7.48453961910173));
#16016=CARTESIAN_POINT('Origin',(0.,-8.64481055970718E-16,7.48453961910173));
#16017=CARTESIAN_POINT('',(3.43375334775032,14.3026120299316,5.32523817835446));
#16018=CARTESIAN_POINT('Origin',(0.,0.,6.505));
#16019=CARTESIAN_POINT('',(2.40448724771583,10.0154101800961,6.505));
#16020=CARTESIAN_POINT('Origin',(2.2177309566311,9.23751424377793,1.65));
#16021=CARTESIAN_POINT('',(2.54455446602937,10.5988321323347,8.45));
#16022=CARTESIAN_POINT('',(3.05813426651236,12.7380459572096,7.78996836880359));
#16023=CARTESIAN_POINT('',(2.50134027255292,10.4188320621826,8.45));
#16024=CARTESIAN_POINT('Origin',(1.21805085311062,11.0329666055525,1.65));
#16025=CARTESIAN_POINT('Origin',(0.,0.,7.78996836880359));
#16026=CARTESIAN_POINT('Origin',(0.,0.,8.45));
#16027=CARTESIAN_POINT('Origin',(-3.88578058618805E-15,12.268757121889,
8.45));
#16028=CARTESIAN_POINT('Origin',(-10.6250553404171,-6.13437856094448,1.65));
#16029=CARTESIAN_POINT('Origin',(0.,0.,1.65));
#16030=CARTESIAN_POINT('',(-12.0144532558341,-9.47327361387697,1.65));
#16031=CARTESIAN_POINT('',(-10.9202658550693,-9.52700166356821,1.65));
#16032=CARTESIAN_POINT('Origin',(0.,0.,1.65));
#16033=CARTESIAN_POINT('Origin',(-11.0485785064524,-9.52070110801008,1.65));
#16034=CARTESIAN_POINT('',(-10.3953705626174,-9.55277567662653,7.48453961910173));
#16035=CARTESIAN_POINT('',(-12.0144532558341,-9.47327361387697,3.16593673760719));
#16036=CARTESIAN_POINT('Ctrl Pts',(-10.3953705626174,-9.55277567662652,
7.48453961910173));
#16037=CARTESIAN_POINT('Ctrl Pts',(-11.1723863038235,-9.51462175498091,
5.48842428497361));
#16038=CARTESIAN_POINT('Ctrl Pts',(-12.0144532558341,-9.47327361387697,
3.16593673760719));
#16039=CARTESIAN_POINT('',(-12.0144532558341,-9.47327361387697,1.65));
#16040=CARTESIAN_POINT('Ctrl Pts',(-10.0827037570708,-9.56812860214318,
7.54995686655036));
#16041=CARTESIAN_POINT('Ctrl Pts',(-10.2378205141624,-9.56051188052206,
7.51777290969544));
#16042=CARTESIAN_POINT('Ctrl Pts',(-10.3953705626174,-9.55277567662652,
7.48453961910173));
#16043=CARTESIAN_POINT('Origin',(0.,0.,1.65));
#16044=CARTESIAN_POINT('Origin',(0.,0.,3.16593673760719));
#16045=CARTESIAN_POINT('Origin',(3.7433127778052E-16,2.1612026399268E-16,
5.32523817835446));
#16046=CARTESIAN_POINT('Origin',(7.48662555561039E-16,4.32240527985359E-16,
7.48453961910173));
#16047=CARTESIAN_POINT('Origin',(0.,0.,6.505));
#16048=CARTESIAN_POINT('Origin',(0.,0.,1.65));
#16049=CARTESIAN_POINT('',(-12.636143788086,-5.54687931785223,4.85));
#16050=CARTESIAN_POINT('',(-12.636143788086,-5.54687931785223,1.65));
#16051=CARTESIAN_POINT('Origin',(0.,0.,4.85));
#16052=CARTESIAN_POINT('Origin',(-10.1638547860691,-4.46162032088115,1.65));
#16053=CARTESIAN_POINT('',(0.,0.,4.85));
#16054=CARTESIAN_POINT('Origin',(-9.81796066697603,-6.03230754186262,4.85));
#16055=CARTESIAN_POINT('Origin',(0.,0.,7.78996836880359));
#16056=CARTESIAN_POINT('Origin',(0.,0.,8.45));
#16057=CARTESIAN_POINT('Origin',(-10.6250553404171,-6.13437856094448,8.45));
#16058=CARTESIAN_POINT('Origin',(0.,0.,2.9));
#16059=CARTESIAN_POINT('',(10.6746377481275,-2.18016832979741,3.30000000000001));
#16060=CARTESIAN_POINT('',(10.895,3.60599837788783E-30,3.30000000000001));
#16061=CARTESIAN_POINT('Origin',(1.14634236225863E-15,-5.44028833032641E-16,
3.30000000000001));
#16062=CARTESIAN_POINT('',(10.,-2.4257163890282,2.78235294117648));
#16063=CARTESIAN_POINT('Ctrl Pts',(10.,-2.4257163890282,2.78235294117648));
#16064=CARTESIAN_POINT('Ctrl Pts',(10.3276857412428,-2.30644853302237,3.03076793684166));
#16065=CARTESIAN_POINT('Ctrl Pts',(10.6746377481275,-2.18016832979742,3.3));
#16066=CARTESIAN_POINT('',(9.61938292910902,-3.65398030415682,2.78235294117648));
#16067=CARTESIAN_POINT('Origin',(1.14634236225863E-15,-5.44028833032641E-16,
2.78235294117647));
#16068=CARTESIAN_POINT('',(10.3554601128146,-3.38607011916548,3.30000000000001));
#16069=CARTESIAN_POINT('Ctrl Pts',(10.3554601128146,-3.38607011916549,3.3));
#16070=CARTESIAN_POINT('Ctrl Pts',(9.976911096224,-3.52385069341521,3.02878579486104));
#16071=CARTESIAN_POINT('Ctrl Pts',(9.61938292910902,-3.65398030415682,2.78235294117648));
#16072=CARTESIAN_POINT('',(7.35449255526143,-8.03818787131803,3.30000000000001));
#16073=CARTESIAN_POINT('Origin',(1.14634236225863E-15,-5.44028833032641E-16,
3.3));
#16074=CARTESIAN_POINT('',(6.66436962403455,-7.84029830518237,2.78235294117648));
#16075=CARTESIAN_POINT('Ctrl Pts',(6.66436962403455,-7.84029830518237,2.78235294117647));
#16076=CARTESIAN_POINT('Ctrl Pts',(6.99957684434716,-7.93641742888005,3.03076793684173));
#16077=CARTESIAN_POINT('Ctrl Pts',(7.35449255526142,-8.03818787131802,3.3));
#16078=CARTESIAN_POINT('',(5.63448853009892,-8.61026358505846,2.78235294117648));
#16079=CARTESIAN_POINT('Origin',(1.14634236225863E-15,-5.44028833032641E-16,
2.78235294117647));
#16080=CARTESIAN_POINT('',(6.38746113656525,-8.82617500556546,3.30000000000001));
#16081=CARTESIAN_POINT('Ctrl Pts',(6.38746113656525,-8.82617500556546,3.3));
#16082=CARTESIAN_POINT('Ctrl Pts',(6.00022315934302,-8.71513630240642,3.02878579486096));
#16083=CARTESIAN_POINT('Ctrl Pts',(5.63448853009892,-8.61026358505846,2.78235294117648));
#16084=CARTESIAN_POINT('',(1.22518117629357,-10.8258928539523,3.3));
#16085=CARTESIAN_POINT('Origin',(1.14634236225863E-15,-5.44028833032641E-16,
3.3));
#16086=CARTESIAN_POINT('',(0.783176565280259,-10.2601527506951,2.78235294117648));
#16087=CARTESIAN_POINT('Ctrl Pts',(0.783176565280259,-10.2601527506951,
2.78235294117648));
#16088=CARTESIAN_POINT('Ctrl Pts',(0.997867499777566,-10.5349446158126,
3.03076793684172));
#16089=CARTESIAN_POINT('Ctrl Pts',(1.22518117629356,-10.8258928539523,3.3));
#16090=CARTESIAN_POINT('',(-0.502588978187539,-10.2777188285633,2.78235294117648));
#16091=CARTESIAN_POINT('Origin',(1.14634236225863E-15,-5.44028833032641E-16,
2.78235294117647));
#16092=CARTESIAN_POINT('',(-0.0203308920330083,-10.8949810304942,3.3));
#16093=CARTESIAN_POINT('Ctrl Pts',(-0.0203308920330077,-10.8949810304942,
3.3));
#16094=CARTESIAN_POINT('Ctrl Pts',(-0.268346084322506,-10.5775360604665,
3.02878579486106));
#16095=CARTESIAN_POINT('Ctrl Pts',(-0.502588978187539,-10.2777188285633,
2.78235294117648));
#16096=CARTESIAN_POINT('',(-5.37210776964186,-9.47847472494143,3.3));
#16097=CARTESIAN_POINT('Origin',(1.14634236225863E-15,-5.44028833032641E-16,
3.3));
#16098=CARTESIAN_POINT('',(-5.39716332221869,-8.76097757520799,2.78235294117647));
#16099=CARTESIAN_POINT('Ctrl Pts',(-5.39716332221869,-8.76097757520799,
2.78235294117647));
#16100=CARTESIAN_POINT('Ctrl Pts',(-5.38499331343816,-9.10948102910259,
3.0307679368418));
#16101=CARTESIAN_POINT('Ctrl Pts',(-5.37210776964186,-9.47847472494142,
3.3));
#16102=CARTESIAN_POINT('',(-6.44769457917744,-8.0194348063717,2.78235294117648));
#16103=CARTESIAN_POINT('Origin',(1.14634236225863E-15,-5.44028833032641E-16,
2.78235294117647));
#16104=CARTESIAN_POINT('',(-6.42035721089627,-8.80227460855956,3.3));
#16105=CARTESIAN_POINT('Ctrl Pts',(-6.42035721089626,-8.80227460855955,
3.3));
#16106=CARTESIAN_POINT('Ctrl Pts',(-6.43441624452494,-8.39967656065591,
3.02878579486097));
#16107=CARTESIAN_POINT('Ctrl Pts',(-6.44769457917744,-8.0194348063717,2.78235294117648));
#16108=CARTESIAN_POINT('',(-9.91743413880149,-4.51060141250973,3.30000000000001));
#16109=CARTESIAN_POINT('Origin',(1.14634236225863E-15,-5.44028833032641E-16,
3.3));
#16110=CARTESIAN_POINT('',(-9.5159702634644,-3.91540674066709,2.78235294117648));
#16111=CARTESIAN_POINT('Ctrl Pts',(-9.5159702634644,-3.91540674066709,2.78235294117648));
#16112=CARTESIAN_POINT('Ctrl Pts',(-9.71096971011157,-4.20450530914777,
3.03076793684189));
#16113=CARTESIAN_POINT('Ctrl Pts',(-9.91743413880149,-4.51060141250972,
3.3));
#16114=CARTESIAN_POINT('',(-9.93,-2.69799925871005,2.78235294117647));
#16115=CARTESIAN_POINT('Origin',(1.14634236225863E-15,-5.44028833032641E-16,
2.78235294117648));
#16116=CARTESIAN_POINT('',(-10.3680252951126,-3.3473984644653,3.3));
#16117=CARTESIAN_POINT('Ctrl Pts',(-10.3680252951126,-3.3473984644653,3.3));
#16118=CARTESIAN_POINT('Ctrl Pts',(-10.1427580970833,-3.01342610918081,
3.02878579486108));
#16119=CARTESIAN_POINT('Ctrl Pts',(-9.93,-2.69799925871005,2.78235294117647));
#16120=CARTESIAN_POINT('',(-10.6746377481275,2.18016832979741,3.3));
#16121=CARTESIAN_POINT('Origin',(1.14634236225863E-15,-5.44028833032641E-16,
3.3));
#16122=CARTESIAN_POINT('',(-10.,2.42571638902819,2.78235294117647));
#16123=CARTESIAN_POINT('Ctrl Pts',(-10.,2.42571638902819,2.78235294117647));
#16124=CARTESIAN_POINT('Ctrl Pts',(-10.3276857412433,2.30644853302219,3.03076793684203));
#16125=CARTESIAN_POINT('Ctrl Pts',(-10.6746377481275,2.18016832979741,3.3));
#16126=CARTESIAN_POINT('',(-9.61938292910902,3.65398030415682,2.78235294117647));
#16127=CARTESIAN_POINT('Origin',(1.14634236225863E-15,-5.44028833032641E-16,
2.78235294117647));
#16128=CARTESIAN_POINT('',(-10.3554601128146,3.38607011916548,3.3));
#16129=CARTESIAN_POINT('Ctrl Pts',(-10.3554601128146,3.38607011916548,3.3));
#16130=CARTESIAN_POINT('Ctrl Pts',(-9.97691109622404,3.52385069341519,3.02878579486107));
#16131=CARTESIAN_POINT('Ctrl Pts',(-9.61938292910902,3.65398030415682,2.78235294117647));
#16132=CARTESIAN_POINT('',(-7.35449255526143,8.03818787131803,3.30000000000001));
#16133=CARTESIAN_POINT('Origin',(1.14634236225863E-15,-5.44028833032641E-16,
3.3));
#16134=CARTESIAN_POINT('',(-6.66436962403455,7.84029830518238,2.78235294117648));
#16135=CARTESIAN_POINT('Ctrl Pts',(-6.66436962403455,7.84029830518238,2.78235294117648));
#16136=CARTESIAN_POINT('Ctrl Pts',(-6.99957684434727,7.93641742888008,3.03076793684181));
#16137=CARTESIAN_POINT('Ctrl Pts',(-7.35449255526142,8.03818787131803,3.3));
#16138=CARTESIAN_POINT('',(-5.63448853009891,8.61026358505846,2.78235294117648));
#16139=CARTESIAN_POINT('Origin',(1.14634236225863E-15,-5.44028833032641E-16,
2.78235294117648));
#16140=CARTESIAN_POINT('',(-6.38746113656525,8.82617500556546,3.30000000000001));
#16141=CARTESIAN_POINT('Ctrl Pts',(-6.38746113656525,8.82617500556546,3.3));
#16142=CARTESIAN_POINT('Ctrl Pts',(-6.00022315934318,8.71513630240646,3.02878579486107));
#16143=CARTESIAN_POINT('Ctrl Pts',(-5.63448853009891,8.61026358505846,2.78235294117648));
#16144=CARTESIAN_POINT('',(-1.22518117629356,10.8258928539523,3.3));
#16145=CARTESIAN_POINT('Origin',(1.14634236225863E-15,-5.44028833032641E-16,
3.3));
#16146=CARTESIAN_POINT('',(-0.783176565280255,10.2601527506951,2.78235294117648));
#16147=CARTESIAN_POINT('Ctrl Pts',(-0.783176565280255,10.2601527506951,
2.78235294117648));
#16148=CARTESIAN_POINT('Ctrl Pts',(-0.997867499777559,10.5349446158126,
3.03076793684172));
#16149=CARTESIAN_POINT('Ctrl Pts',(-1.22518117629356,10.8258928539523,3.3));
#16150=CARTESIAN_POINT('',(0.502588978187542,10.2777188285633,2.78235294117648));
#16151=CARTESIAN_POINT('Origin',(1.14634236225863E-15,-5.44028833032641E-16,
2.78235294117647));
#16152=CARTESIAN_POINT('',(0.0203308920330117,10.8949810304942,3.30000000000001));
#16153=CARTESIAN_POINT('Ctrl Pts',(0.0203308920330147,10.8949810304942,
3.3));
#16154=CARTESIAN_POINT('Ctrl Pts',(0.268346084322514,10.5775360604665,3.02878579486106));
#16155=CARTESIAN_POINT('Ctrl Pts',(0.502588978187542,10.2777188285633,2.78235294117648));
#16156=CARTESIAN_POINT('',(5.37210776964186,9.47847472494143,3.30000000000001));
#16157=CARTESIAN_POINT('Origin',(1.14634236225863E-15,-5.44028833032641E-16,
3.30000000000001));
#16158=CARTESIAN_POINT('',(5.39716332221869,8.76097757520799,2.78235294117648));
#16159=CARTESIAN_POINT('Ctrl Pts',(5.39716332221869,8.76097757520799,2.78235294117648));
#16160=CARTESIAN_POINT('Ctrl Pts',(5.38499331343816,9.10948102910256,3.03076793684177));
#16161=CARTESIAN_POINT('Ctrl Pts',(5.37210776964186,9.47847472494142,3.3));
#16162=CARTESIAN_POINT('',(6.44769457917744,8.0194348063717,2.78235294117647));
#16163=CARTESIAN_POINT('Origin',(1.14634236225863E-15,-5.44028833032641E-16,
2.78235294117648));
#16164=CARTESIAN_POINT('',(6.42035721089627,8.80227460855955,3.3));
#16165=CARTESIAN_POINT('Ctrl Pts',(6.42035721089627,8.80227460855955,3.3));
#16166=CARTESIAN_POINT('Ctrl Pts',(6.43441624452493,8.39967656065604,3.02878579486106));
#16167=CARTESIAN_POINT('Ctrl Pts',(6.44769457917744,8.0194348063717,2.78235294117647));
#16168=CARTESIAN_POINT('',(9.91743413880149,4.51060141250972,3.30000000000001));
#16169=CARTESIAN_POINT('Origin',(1.14634236225863E-15,-5.44028833032641E-16,
3.3));
#16170=CARTESIAN_POINT('',(9.5159702634644,3.91540674066709,2.78235294117648));
#16171=CARTESIAN_POINT('Ctrl Pts',(9.5159702634644,3.91540674066709,2.78235294117648));
#16172=CARTESIAN_POINT('Ctrl Pts',(9.71096971011143,4.20450530914757,3.03076793684173));
#16173=CARTESIAN_POINT('Ctrl Pts',(9.91743413880149,4.51060141250972,3.3));
#16174=CARTESIAN_POINT('',(9.93,2.69799925871005,2.78235294117648));
#16175=CARTESIAN_POINT('Origin',(1.14634236225863E-15,-5.44028833032641E-16,
2.78235294117648));
#16176=CARTESIAN_POINT('',(10.3680252951126,3.34739846446531,3.30000000000001));
#16177=CARTESIAN_POINT('Ctrl Pts',(10.3680252951126,3.3473984644653,3.3));
#16178=CARTESIAN_POINT('Ctrl Pts',(10.1427580970833,3.01342610918075,3.02878579486104));
#16179=CARTESIAN_POINT('Ctrl Pts',(9.93,2.69799925871005,2.78235294117648));
#16180=CARTESIAN_POINT('Origin',(1.14634236225863E-15,-5.44028833032641E-16,
3.30000000000001));
#16181=CARTESIAN_POINT('',(9.95999999999999,-2.43949642390153E-15,2.5));
#16182=CARTESIAN_POINT('',(10.4275,3.45126646034193E-30,2.9));
#16183=CARTESIAN_POINT('Origin',(0.,0.,2.5));
#16184=CARTESIAN_POINT('Origin',(1.14634236225863E-15,-5.44028833032641E-16,
6.6));
#16185=CARTESIAN_POINT('',(-0.0203308920330083,-10.8949810304942,5.1));
#16186=CARTESIAN_POINT('',(-0.0203308920330083,-10.8949810304942,6.6));
#16187=CARTESIAN_POINT('',(-5.37210776964186,-9.47847472494143,5.1));
#16188=CARTESIAN_POINT('Origin',(1.14634236225863E-15,-5.44028833032641E-16,
5.1));
#16189=CARTESIAN_POINT('',(-5.37210776964186,-9.47847472494143,6.6));
#16190=CARTESIAN_POINT('Origin',(-0.502588978187539,-10.2777188285633,6.6));
#16191=CARTESIAN_POINT('',(-0.502588978187539,-10.2777188285633,4.84));
#16192=CARTESIAN_POINT('',(-0.502588978187539,-10.2777188285633,6.6));
#16193=CARTESIAN_POINT('',(-1.26279424165092,-9.30470046284421,5.74));
#16194=CARTESIAN_POINT('Ctrl Pts',(-0.502588978187541,-10.2777188285633,
4.84));
#16195=CARTESIAN_POINT('Ctrl Pts',(-0.900074352224046,-9.76896075014613,
5.32873670687563));
#16196=CARTESIAN_POINT('Ctrl Pts',(-1.26279424165092,-9.30470046284421,
5.74));
#16197=CARTESIAN_POINT('',(-1.26720530407842,-9.29905456040105,5.74));
#16198=CARTESIAN_POINT('',(-1.26720530407842,-9.29905456040105,5.74));
#16199=CARTESIAN_POINT('',(-1.26720530407842,-9.29905456040105,6.6));
#16200=CARTESIAN_POINT('',(-1.26720530407842,-9.29905456040105,6.6));
#16201=CARTESIAN_POINT('',(-1.25838564994134,-9.31034320291264,6.6));
#16202=CARTESIAN_POINT('',(-0.0203308920330082,-10.8949810304942,6.6));
#16203=CARTESIAN_POINT('Ctrl Pts',(-0.0203308920330083,-10.8949810304942,
5.1));
#16204=CARTESIAN_POINT('Ctrl Pts',(-0.685121753906116,-10.0440875296813,
5.94965146939787));
#16205=CARTESIAN_POINT('Ctrl Pts',(-1.25838564994134,-9.31034320291264,
6.6));
#16206=CARTESIAN_POINT('Origin',(1.14634236225863E-15,-5.44028833032641E-16,
6.6));
#16207=CARTESIAN_POINT('',(0.783176565280259,-10.2601527506951,4.84));
#16208=CARTESIAN_POINT('',(0.783176565280259,-10.2601527506951,6.6));
#16209=CARTESIAN_POINT('Origin',(1.14634236225863E-15,-5.44028833032641E-16,
4.84));
#16210=CARTESIAN_POINT('Origin',(1.22518117629357,-10.8258928539523,6.6));
#16211=CARTESIAN_POINT('',(1.22518117629357,-10.8258928539523,5.1));
#16212=CARTESIAN_POINT('',(1.22518117629357,-10.8258928539523,6.6));
#16213=CARTESIAN_POINT('',(0.106771127620247,-9.39439327079225,6.6));
#16214=CARTESIAN_POINT('Ctrl Pts',(0.106771127620247,-9.39439327079225,
6.6));
#16215=CARTESIAN_POINT('Ctrl Pts',(0.624635218664428,-10.0572290807375,
5.93132163857958));
#16216=CARTESIAN_POINT('Ctrl Pts',(1.22518117629357,-10.8258928539523,5.1));
#16217=CARTESIAN_POINT('',(0.0990241314311935,-9.38447756784544,6.6));
#16218=CARTESIAN_POINT('',(-2.19617249438346,-6.44675985239617,6.6));
#16219=CARTESIAN_POINT('',(0.0990241314311935,-9.38447756784544,5.74));
#16220=CARTESIAN_POINT('',(0.0990241314311935,-9.38447756784544,6.6));
#16221=CARTESIAN_POINT('',(0.102898231146296,-9.38943618935807,5.74));
#16222=CARTESIAN_POINT('',(0.783176565280256,-10.2601527506951,5.74));
#16223=CARTESIAN_POINT('Ctrl Pts',(0.102898231146296,-9.38943618935807,
5.74));
#16224=CARTESIAN_POINT('Ctrl Pts',(0.427482253377985,-9.80488479255709,
5.32101945991042));
#16225=CARTESIAN_POINT('Ctrl Pts',(0.783176565280257,-10.2601527506951,
4.84));
#16226=CARTESIAN_POINT('Origin',(1.14634236225863E-15,-5.44028833032641E-16,
6.6));
#16227=CARTESIAN_POINT('',(6.38746113656525,-8.82617500556546,5.1));
#16228=CARTESIAN_POINT('',(6.38746113656525,-8.82617500556546,6.6));
#16229=CARTESIAN_POINT('Origin',(1.14634236225863E-15,-5.44028833032641E-16,
5.1));
#16230=CARTESIAN_POINT('Origin',(5.63448853009892,-8.61026358505846,6.6));
#16231=CARTESIAN_POINT('',(5.63448853009892,-8.61026358505846,4.84));
#16232=CARTESIAN_POINT('',(5.63448853009892,-8.61026358505846,6.6));
#16233=CARTESIAN_POINT('',(4.44754370716436,-8.26991263393167,5.74));
#16234=CARTESIAN_POINT('Ctrl Pts',(5.63448853009891,-8.61026358505846,4.84));
#16235=CARTESIAN_POINT('Ctrl Pts',(5.01387561200967,-8.43230569445406,5.3287367068756));
#16236=CARTESIAN_POINT('Ctrl Pts',(4.44754370716436,-8.26991263393167,5.74));
#16237=CARTESIAN_POINT('',(4.44065650450529,-8.2679377603484,5.74));
#16238=CARTESIAN_POINT('',(4.44065650450529,-8.2679377603484,5.74));
#16239=CARTESIAN_POINT('',(4.44065650450529,-8.2679377603484,6.6));
#16240=CARTESIAN_POINT('',(4.44065650450529,-8.2679377603484,6.6));
#16241=CARTESIAN_POINT('',(4.45442705217341,-8.27188640135161,6.6));
#16242=CARTESIAN_POINT('',(6.38746113656525,-8.82617500556546,6.6));
#16243=CARTESIAN_POINT('Ctrl Pts',(6.38746113656525,-8.82617500556546,5.1));
#16244=CARTESIAN_POINT('Ctrl Pts',(5.34949138055538,-8.52854196747244,5.94965146939789));
#16245=CARTESIAN_POINT('Ctrl Pts',(4.45442705217341,-8.27188640135161,6.6));
#16246=CARTESIAN_POINT('Origin',(1.14634236225863E-15,-5.44028833032641E-16,
6.6));
#16247=CARTESIAN_POINT('',(6.66436962403455,-7.84029830518237,4.84));
#16248=CARTESIAN_POINT('',(6.66436962403455,-7.84029830518237,6.6));
#16249=CARTESIAN_POINT('Origin',(1.14634236225863E-15,-5.44028833032641E-16,
4.84));
#16250=CARTESIAN_POINT('Origin',(7.35449255526143,-8.03818787131803,6.6));
#16251=CARTESIAN_POINT('',(7.35449255526143,-8.03818787131803,5.1));
#16252=CARTESIAN_POINT('',(7.35449255526143,-8.03818787131803,6.6));
#16253=CARTESIAN_POINT('',(5.60826547556069,-7.53746531372676,6.6));
#16254=CARTESIAN_POINT('Ctrl Pts',(5.60826547556069,-7.53746531372676,6.6));
#16255=CARTESIAN_POINT('Ctrl Pts',(6.41683143976916,-7.76931787304516,5.93132163857956));
#16256=CARTESIAN_POINT('Ctrl Pts',(7.35449255526143,-8.03818787131803,5.1));
#16257=CARTESIAN_POINT('',(5.59616972003014,-7.53399691164111,6.6));
#16258=CARTESIAN_POINT('',(2.01256949577463,-6.50641608293161,6.6));
#16259=CARTESIAN_POINT('',(5.59616972003014,-7.53399691164111,5.74));
#16260=CARTESIAN_POINT('',(5.59616972003014,-7.53399691164111,6.6));
#16261=CARTESIAN_POINT('',(5.60221853713438,-7.53573138203505,5.74));
#16262=CARTESIAN_POINT('',(6.66436962403455,-7.84029830518238,5.74));
#16263=CARTESIAN_POINT('Ctrl Pts',(5.60221853713438,-7.53573138203505,5.74));
#16264=CARTESIAN_POINT('Ctrl Pts',(6.1090070892683,-7.68105066091483,5.32101945991041));
#16265=CARTESIAN_POINT('Ctrl Pts',(6.66436962403455,-7.84029830518237,4.84));
#16266=CARTESIAN_POINT('Origin',(1.14634236225863E-15,-5.44028833032641E-16,
6.6));
#16267=CARTESIAN_POINT('',(10.3554601128146,-3.38607011916548,5.1));
#16268=CARTESIAN_POINT('',(10.3554601128146,-3.38607011916548,6.6));
#16269=CARTESIAN_POINT('Origin',(1.14634236225863E-15,-5.44028833032641E-16,
5.1));
#16270=CARTESIAN_POINT('Origin',(9.61938292910902,-3.65398030415682,6.6));
#16271=CARTESIAN_POINT('',(9.61938292910902,-3.65398030415682,4.84));
#16272=CARTESIAN_POINT('',(9.61938292910902,-3.65398030415682,6.6));
#16273=CARTESIAN_POINT('',(8.45907112629356,-4.0762992628494,5.74));
#16274=CARTESIAN_POINT('Ctrl Pts',(9.61938292910902,-3.65398030415682,4.84));
#16275=CARTESIAN_POINT('Ctrl Pts',(9.01269550781996,-3.87479646700976,5.32873670687552));
#16276=CARTESIAN_POINT('Ctrl Pts',(8.45907112629356,-4.07629926284941,5.74));
#16277=CARTESIAN_POINT('',(8.45233846073128,-4.07874975271134,5.74));
#16278=CARTESIAN_POINT('',(8.45233846073128,-4.07874975271134,5.74));
#16279=CARTESIAN_POINT('',(8.45233846073128,-4.07874975271134,6.6));
#16280=CARTESIAN_POINT('',(8.45233846073128,-4.07874975271134,6.6));
#16281=CARTESIAN_POINT('',(8.46580002076493,-4.07385014555231,6.6));
#16282=CARTESIAN_POINT('',(10.3554601128146,-3.38607011916548,6.6));
#16283=CARTESIAN_POINT('Ctrl Pts',(10.3554601128146,-3.38607011916548,5.1));
#16284=CARTESIAN_POINT('Ctrl Pts',(9.34078063016936,-3.75538324816899,5.94965146939787));
#16285=CARTESIAN_POINT('Ctrl Pts',(8.46580002076493,-4.07385014555231,6.6));
#16286=CARTESIAN_POINT('Origin',(1.14634236225863E-15,-5.44028833032641E-16,
6.6));
#16287=CARTESIAN_POINT('',(10.,-2.4257163890282,4.84));
#16288=CARTESIAN_POINT('',(10.,-2.4257163890282,6.6));
#16289=CARTESIAN_POINT('Origin',(1.14634236225863E-15,-5.44028833032641E-16,
4.84));
#16290=CARTESIAN_POINT('Origin',(10.6746377481275,-2.18016832979741,6.6));
#16291=CARTESIAN_POINT('',(10.6746377481275,-2.18016832979741,5.1));
#16292=CARTESIAN_POINT('',(10.6746377481275,-2.18016832979741,6.6));
#16293=CARTESIAN_POINT('',(8.96759302976954,-2.80148179584103,6.6));
#16294=CARTESIAN_POINT('Ctrl Pts',(8.96759302976955,-2.80148179584103,6.6));
#16295=CARTESIAN_POINT('Ctrl Pts',(9.75801615096094,-2.51379130725158,5.93132163857959));
#16296=CARTESIAN_POINT('Ctrl Pts',(10.6746377481275,-2.18016832979741,5.1));
#16297=CARTESIAN_POINT('',(8.95576868239056,-2.80578550632661,6.6));
#16298=CARTESIAN_POINT('',(5.45257834326805,-4.08084251473612,6.6));
#16299=CARTESIAN_POINT('',(8.95576868239056,-2.80578550632661,5.74));
#16300=CARTESIAN_POINT('',(8.95576868239056,-2.80578550632661,6.6));
#16301=CARTESIAN_POINT('',(8.96168177434185,-2.80363331686386,5.74));
#16302=CARTESIAN_POINT('',(10.,-2.4257163890282,5.74));
#16303=CARTESIAN_POINT('Ctrl Pts',(8.96168177434185,-2.80363331686386,5.74));
#16304=CARTESIAN_POINT('Ctrl Pts',(9.45709885457213,-2.62331624611297,5.32101945991045));
#16305=CARTESIAN_POINT('Ctrl Pts',(10.,-2.4257163890282,4.84));
#16306=CARTESIAN_POINT('Origin',(1.14634236225863E-15,-5.44028833032641E-16,
6.6));
#16307=CARTESIAN_POINT('',(10.3680252951126,3.34739846446531,5.1));
#16308=CARTESIAN_POINT('',(10.3680252951126,3.34739846446531,6.6));
#16309=CARTESIAN_POINT('Origin',(1.14634236225863E-15,-5.44028833032641E-16,
5.1));
#16310=CARTESIAN_POINT('Origin',(9.93,2.69799925871005,6.6));
#16311=CARTESIAN_POINT('',(9.93,2.69799925871005,4.84));
#16312=CARTESIAN_POINT('',(9.93,2.69799925871005,6.6));
#16313=CARTESIAN_POINT('',(9.23952088843148,1.6743218783252,5.74));
#16314=CARTESIAN_POINT('Ctrl Pts',(9.93,2.69799925871005,4.84));
#16315=CARTESIAN_POINT('Ctrl Pts',(9.56897204989633,2.16275331134418,5.32873670687562));
#16316=CARTESIAN_POINT('Ctrl Pts',(9.23952088843148,1.6743218783252,5.74));
#16317=CARTESIAN_POINT('',(9.23551440937589,1.66838202885622,5.74));
#16318=CARTESIAN_POINT('',(9.23551440937589,1.66838202885622,5.74));
#16319=CARTESIAN_POINT('',(9.23551440937589,1.66838202885622,6.6));
#16320=CARTESIAN_POINT('',(9.23551440937589,1.66838202885622,6.6));
#16321=CARTESIAN_POINT('',(9.2435251233838,1.68025840077427,6.6));
#16322=CARTESIAN_POINT('',(10.3680252951126,3.34739846446531,6.6));
#16323=CARTESIAN_POINT('Ctrl Pts',(10.3680252951126,3.34739846446531,5.1));
#16324=CARTESIAN_POINT('Ctrl Pts',(9.76420916051528,2.45220423115304,5.94965146939787));
#16325=CARTESIAN_POINT('Ctrl Pts',(9.2435251233838,1.68025840077427,6.6));
#16326=CARTESIAN_POINT('Origin',(1.14634236225863E-15,-5.44028833032641E-16,
6.6));
#16327=CARTESIAN_POINT('',(9.5159702634644,3.91540674066709,4.84));
#16328=CARTESIAN_POINT('',(9.5159702634644,3.91540674066709,6.6));
#16329=CARTESIAN_POINT('Origin',(1.14634236225863E-15,-5.44028833032641E-16,
4.84));
#16330=CARTESIAN_POINT('Origin',(9.91743413880149,4.51060141250972,6.6));
#16331=CARTESIAN_POINT('',(9.91743413880149,4.51060141250972,5.1));
#16332=CARTESIAN_POINT('',(9.91743413880149,4.51060141250972,6.6));
#16333=CARTESIAN_POINT('',(8.90160484388308,3.00457254919187,6.6));
#16334=CARTESIAN_POINT('Ctrl Pts',(8.90160484388308,3.00457254919187,6.6));
#16335=CARTESIAN_POINT('Ctrl Pts',(9.37197035525616,3.70191809728813,5.93132163857952));
#16336=CARTESIAN_POINT('Ctrl Pts',(9.91743413880149,4.51060141250972,5.1));
#16337=CARTESIAN_POINT('',(8.89456840345964,2.99414059726282,6.6));
#16338=CARTESIAN_POINT('',(6.80988758995466,-0.0965258086470303,6.6));
#16339=CARTESIAN_POINT('',(8.89456840345964,2.99414059726282,5.74));
#16340=CARTESIAN_POINT('',(8.89456840345964,2.99414059726282,6.6));
#16341=CARTESIAN_POINT('',(8.8980871701112,2.99935738335772,5.74));
#16342=CARTESIAN_POINT('',(9.5159702634644,3.91540674066709,5.74));
#16343=CARTESIAN_POINT('Ctrl Pts',(8.8980871701112,2.99935738335772,5.74));
#16344=CARTESIAN_POINT('Ctrl Pts',(9.19290029239716,3.43643581146426,5.32101945991045));
#16345=CARTESIAN_POINT('Ctrl Pts',(9.5159702634644,3.91540674066709,4.84));
#16346=CARTESIAN_POINT('Origin',(1.14634236225863E-15,-5.44028833032641E-16,
6.6));
#16347=CARTESIAN_POINT('',(6.42035721089627,8.80227460855955,5.1));
#16348=CARTESIAN_POINT('',(6.42035721089627,8.80227460855955,6.6));
#16349=CARTESIAN_POINT('Origin',(1.14634236225863E-15,-5.44028833032641E-16,
5.1));
#16350=CARTESIAN_POINT('Origin',(6.44769457917744,8.0194348063717,6.6));
#16351=CARTESIAN_POINT('',(6.44769457917744,8.0194348063717,4.84));
#16352=CARTESIAN_POINT('',(6.44769457917744,8.0194348063717,6.6));
#16353=CARTESIAN_POINT('',(6.49078771095319,6.78540897008714,5.74));
#16354=CARTESIAN_POINT('Ctrl Pts',(6.44769457917744,8.0194348063717,4.84));
#16355=CARTESIAN_POINT('Ctrl Pts',(6.47022650631019,7.37420483404602,5.32873670687566));
#16356=CARTESIAN_POINT('Ctrl Pts',(6.49078771095319,6.78540897008714,5.74));
#16357=CARTESIAN_POINT('',(6.49103775722832,6.77824858162021,5.74));
#16358=CARTESIAN_POINT('',(6.49103775722832,6.77824858162021,5.74));
#16359=CARTESIAN_POINT('',(6.49103775722832,6.77824858162021,6.6));
#16360=CARTESIAN_POINT('',(6.49103775722832,6.77824858162021,6.6));
#16361=CARTESIAN_POINT('',(6.49053780473363,6.79256534788761,6.6));
#16362=CARTESIAN_POINT('',(6.42035721089627,8.80227460855955,6.6));
#16363=CARTESIAN_POINT('Ctrl Pts',(6.42035721089627,8.80227460855955,5.1));
#16364=CARTESIAN_POINT('Ctrl Pts',(6.45804166480744,7.72313304153088,5.9496514693979));
#16365=CARTESIAN_POINT('Ctrl Pts',(6.49053780473363,6.79256534788762,6.6));
#16366=CARTESIAN_POINT('Origin',(1.14634236225863E-15,-5.44028833032641E-16,
6.6));
#16367=CARTESIAN_POINT('',(5.39716332221869,8.76097757520799,4.84));
#16368=CARTESIAN_POINT('',(5.39716332221869,8.76097757520799,6.6));
#16369=CARTESIAN_POINT('Origin',(1.14634236225863E-15,-5.44028833032641E-16,
4.84));
#16370=CARTESIAN_POINT('Origin',(5.37210776964187,9.47847472494143,6.6));
#16371=CARTESIAN_POINT('',(5.37210776964187,9.47847472494143,5.1));
#16372=CARTESIAN_POINT('',(5.37210776964187,9.47847472494143,6.6));
#16373=CARTESIAN_POINT('',(5.43550616205398,7.6629823020984,6.6));
#16374=CARTESIAN_POINT('Ctrl Pts',(5.43550616205398,7.6629823020984,6.6));
#16375=CARTESIAN_POINT('Ctrl Pts',(5.40615042539987,8.50362061223204,5.93132163857956));
#16376=CARTESIAN_POINT('Ctrl Pts',(5.37210776964187,9.47847472494143,5.1));
#16377=CARTESIAN_POINT('',(5.43594530966803,7.65040675979376,6.6));
#16378=CARTESIAN_POINT('',(5.56605123684471,3.92466047555365,6.6));
#16379=CARTESIAN_POINT('',(5.43594530966803,7.65040675979376,5.74));
#16380=CARTESIAN_POINT('',(5.43594530966803,7.65040675979376,6.6));
#16381=CARTESIAN_POINT('',(5.43572570175743,7.6566955075446,5.74));
#16382=CARTESIAN_POINT('',(5.39716332221869,8.76097757520799,5.74));
#16383=CARTESIAN_POINT('Ctrl Pts',(5.43572570175743,7.6566955075446,5.74));
#16384=CARTESIAN_POINT('Ctrl Pts',(5.41732627371532,8.18358618921951,5.32101945991041));
#16385=CARTESIAN_POINT('Ctrl Pts',(5.39716332221869,8.76097757520799,4.84));
#16386=CARTESIAN_POINT('Origin',(2.48215878424996E-15,1.64460150000276E-15,
6.47));
#16387=CARTESIAN_POINT('',(8.25,6.23317812765584E-10,6.34));
#16388=CARTESIAN_POINT('',(-8.25,-6.23314523562583E-10,6.34));
#16389=CARTESIAN_POINT('Origin',(2.48215878424996E-15,1.64460150000276E-15,
6.34));
#16390=CARTESIAN_POINT('',(-8.51,-6.42958427044118E-10,6.6));
#16391=CARTESIAN_POINT('',(-8.38,-6.33136475303351E-10,6.47));
#16392=CARTESIAN_POINT('Origin',(2.48215878424996E-15,1.64460150000276E-15,
6.6));
#16393=CARTESIAN_POINT('Origin',(2.48215878424996E-15,1.64460150000276E-15,
6.34));
#16394=CARTESIAN_POINT('Origin',(2.48215878424996E-15,1.64460150000276E-15,
6.45));
#16395=CARTESIAN_POINT('',(8.25,6.23317812765584E-10,6.3));
#16396=CARTESIAN_POINT('Origin',(2.48215878424996E-15,1.64460150000276E-15,
6.3));
#16397=CARTESIAN_POINT('',(8.25,6.23317812765584E-10,6.45));
#16398=CARTESIAN_POINT('Origin',(1.11022302462516E-15,-1.11022302462516E-15,
6.6));
#16399=CARTESIAN_POINT('',(-4.45442705217341,8.2718864013516,6.6));
#16400=CARTESIAN_POINT('',(-0.106771127620242,9.39439327079224,6.6));
#16401=CARTESIAN_POINT('Origin',(1.14634236225863E-15,-5.44028833032641E-16,
6.6));
#16402=CARTESIAN_POINT('',(-4.44065650450529,8.2679377603484,6.6));
#16403=CARTESIAN_POINT('',(-6.38746113656525,8.82617500556546,6.6));
#16404=CARTESIAN_POINT('',(-5.59616972003014,7.53399691164111,6.6));
#16405=CARTESIAN_POINT('Origin',(0.,0.,6.6));
#16406=CARTESIAN_POINT('',(-5.60826547556068,7.53746531372676,6.6));
#16407=CARTESIAN_POINT('',(-2.01256949577463,6.5064160829316,6.6));
#16408=CARTESIAN_POINT('',(-8.46580002076492,4.07385014555231,6.6));
#16409=CARTESIAN_POINT('Origin',(1.14634236225863E-15,-5.44028833032641E-16,
6.6));
#16410=CARTESIAN_POINT('',(-8.45233846073128,4.07874975271134,6.6));
#16411=CARTESIAN_POINT('',(-10.3554601128146,3.38607011916548,6.6));
#16412=CARTESIAN_POINT('',(-8.95576868239056,2.80578550632661,6.6));
#16413=CARTESIAN_POINT('Origin',(0.,0.,6.6));
#16414=CARTESIAN_POINT('',(-8.96759302976954,2.80148179584104,6.6));
#16415=CARTESIAN_POINT('',(-10.,2.42571638902819,6.6));
#16416=CARTESIAN_POINT('',(-9.24352512338379,-1.68025840077426,6.6));
#16417=CARTESIAN_POINT('Origin',(1.14634236225863E-15,-5.44028833032641E-16,
6.6));
#16418=CARTESIAN_POINT('',(-9.23551440937588,-1.66838202885622,6.6));
#16419=CARTESIAN_POINT('',(-10.3680252951126,-3.34739846446531,6.6));
#16420=CARTESIAN_POINT('',(-8.89456840345964,-2.99414059726282,6.6));
#16421=CARTESIAN_POINT('Origin',(0.,0.,6.6));
#16422=CARTESIAN_POINT('',(-8.90160484388307,-3.00457254919187,6.6));
#16423=CARTESIAN_POINT('',(-6.80988758995466,0.0965258086470303,6.6));
#16424=CARTESIAN_POINT('',(-6.49053780473362,-6.79256534788762,6.6));
#16425=CARTESIAN_POINT('Origin',(1.14634236225863E-15,-5.44028833032641E-16,
6.6));
#16426=CARTESIAN_POINT('',(-6.49103775722832,-6.77824858162021,6.6));
#16427=CARTESIAN_POINT('',(-6.42035721089627,-8.80227460855956,6.6));
#16428=CARTESIAN_POINT('',(-5.43594530966803,-7.65040675979376,6.6));
#16429=CARTESIAN_POINT('Origin',(0.,0.,6.6));
#16430=CARTESIAN_POINT('',(-5.43550616205398,-7.66298230209839,6.6));
#16431=CARTESIAN_POINT('',(-5.56605123684471,-3.92466047555366,6.6));
#16432=CARTESIAN_POINT('Origin',(1.14634236225863E-15,-5.44028833032641E-16,
6.6));
#16433=CARTESIAN_POINT('Origin',(0.,0.,6.6));
#16434=CARTESIAN_POINT('Origin',(1.14634236225863E-15,-5.44028833032641E-16,
6.6));
#16435=CARTESIAN_POINT('Origin',(0.,0.,6.6));
#16436=CARTESIAN_POINT('Origin',(1.14634236225863E-15,-5.44028833032641E-16,
6.6));
#16437=CARTESIAN_POINT('Origin',(0.,0.,6.6));
#16438=CARTESIAN_POINT('Origin',(1.14634236225863E-15,-5.44028833032641E-16,
6.6));
#16439=CARTESIAN_POINT('Origin',(0.,0.,6.6));
#16440=CARTESIAN_POINT('Origin',(1.14634236225863E-15,-5.44028833032641E-16,
6.6));
#16441=CARTESIAN_POINT('Origin',(0.,0.,6.6));
#16442=CARTESIAN_POINT('',(1.25838564994133,9.31034320291265,6.6));
#16443=CARTESIAN_POINT('Origin',(1.14634236225863E-15,-5.44028833032641E-16,
6.6));
#16444=CARTESIAN_POINT('',(1.26720530407842,9.29905456040105,6.6));
#16445=CARTESIAN_POINT('',(0.0203308920330117,10.8949810304942,6.6));
#16446=CARTESIAN_POINT('',(-0.0990241314311946,9.38447756784544,6.6));
#16447=CARTESIAN_POINT('Origin',(0.,0.,6.6));
#16448=CARTESIAN_POINT('',(2.19617249438346,6.44675985239617,6.6));
#16449=CARTESIAN_POINT('Origin',(2.48215878424996E-15,1.64460150000276E-15,
6.3));
#16450=CARTESIAN_POINT('',(4.42950249993795,0.821299338270443,6.3));
#16451=CARTESIAN_POINT('',(3.71287758607841,2.55138492407487,6.3));
#16452=CARTESIAN_POINT('Origin',(6.78096749609221E-16,-7.12526829186148E-16,
6.3));
#16453=CARTESIAN_POINT('',(4.42950250006205,-0.821299337601116,6.3));
#16454=CARTESIAN_POINT('Origin',(5.,3.7776635595637E-10,6.3));
#16455=CARTESIAN_POINT('',(3.71287758646394,-2.55138492351383,6.3));
#16456=CARTESIAN_POINT('Origin',(6.78096749609221E-16,-7.12526829186148E-16,
6.3));
#16457=CARTESIAN_POINT('',(2.55138492407487,-3.71287758607841,6.3));
#16458=CARTESIAN_POINT('Origin',(3.53553390619986,-3.53553390566562,6.3));
#16459=CARTESIAN_POINT('',(0.821299338270445,-4.42950249993795,6.3));
#16460=CARTESIAN_POINT('Origin',(6.78096749609221E-16,-7.12526829186148E-16,
6.3));
#16461=CARTESIAN_POINT('',(-0.821299337601115,-4.42950250006205,6.3));
#16462=CARTESIAN_POINT('Origin',(3.77768052741649E-10,-5.,6.3));
#16463=CARTESIAN_POINT('',(-2.55138492351383,-3.71287758646394,6.3));
#16464=CARTESIAN_POINT('Origin',(6.78096749609221E-16,-7.12526829186148E-16,
6.3));
#16465=CARTESIAN_POINT('',(-3.71287758607841,-2.55138492407487,6.3));
#16466=CARTESIAN_POINT('Origin',(-3.53553390566562,-3.53553390619986,6.3));
#16467=CARTESIAN_POINT('',(-4.42950249993795,-0.821299338270445,6.3));
#16468=CARTESIAN_POINT('Origin',(6.78096749609221E-16,-7.12526829186148E-16,
6.3));
#16469=CARTESIAN_POINT('',(-4.42950250006205,0.821299337601115,6.3));
#16470=CARTESIAN_POINT('Origin',(-5.,-3.77768393333428E-10,6.3));
#16471=CARTESIAN_POINT('',(-3.71287758646394,2.55138492351383,6.3));
#16472=CARTESIAN_POINT('Origin',(6.78096749609221E-16,-7.12526829186148E-16,
6.3));
#16473=CARTESIAN_POINT('',(-2.55138492407487,3.71287758607841,6.3));
#16474=CARTESIAN_POINT('Origin',(-3.53553390619986,3.53553390566561,6.3));
#16475=CARTESIAN_POINT('',(-0.821299338270443,4.42950249993795,6.3));
#16476=CARTESIAN_POINT('Origin',(6.78096749609221E-16,-7.12526829186148E-16,
6.3));
#16477=CARTESIAN_POINT('',(0.821299337601117,4.42950250006205,6.3));
#16478=CARTESIAN_POINT('Origin',(-3.7776608422475E-10,5.,6.3));
#16479=CARTESIAN_POINT('',(2.55138492351383,3.71287758646394,6.3));
#16480=CARTESIAN_POINT('Origin',(6.78096749609221E-16,-7.12526829186148E-16,
6.3));
#16481=CARTESIAN_POINT('Origin',(3.53553390566562,3.53553390619986,6.3));
#16482=CARTESIAN_POINT('Origin',(6.78096749609221E-16,-7.12526829186148E-16,
0.));
#16483=CARTESIAN_POINT('',(-3.71287758607841,-2.55138492407487,0.));
#16484=CARTESIAN_POINT('',(-3.71287758607841,-2.55138492407487,0.));
#16485=CARTESIAN_POINT('',(-4.42950249993795,-0.821299338270445,0.));
#16486=CARTESIAN_POINT('Origin',(6.78096749609221E-16,-7.12526829186148E-16,
0.));
#16487=CARTESIAN_POINT('',(-4.42950249993795,-0.821299338270445,0.));
#16488=CARTESIAN_POINT('Origin',(-3.53553390566562,-3.53553390619986,0.));
#16489=CARTESIAN_POINT('',(-2.55138492351383,-3.71287758646394,0.));
#16490=CARTESIAN_POINT('',(-2.55138492351383,-3.71287758646394,0.));
#16491=CARTESIAN_POINT('Origin',(-3.53553390566562,-3.53553390619986,0.));
#16492=CARTESIAN_POINT('Origin',(6.78096749609221E-16,-7.12526829186148E-16,
0.));
#16493=CARTESIAN_POINT('',(-0.821299337601115,-4.42950250006205,0.));
#16494=CARTESIAN_POINT('',(-0.821299337601115,-4.42950250006205,0.));
#16495=CARTESIAN_POINT('Origin',(6.78096749609221E-16,-7.12526829186148E-16,
0.));
#16496=CARTESIAN_POINT('Origin',(3.77768052741649E-10,-5.,0.));
#16497=CARTESIAN_POINT('',(0.821299338270445,-4.42950249993795,0.));
#16498=CARTESIAN_POINT('',(0.821299338270445,-4.42950249993795,0.));
#16499=CARTESIAN_POINT('Origin',(3.77768052741649E-10,-5.,0.));
#16500=CARTESIAN_POINT('Origin',(6.78096749609221E-16,-7.12526829186148E-16,
0.));
#16501=CARTESIAN_POINT('',(2.55138492407487,-3.71287758607841,0.));
#16502=CARTESIAN_POINT('',(2.55138492407487,-3.71287758607841,0.));
#16503=CARTESIAN_POINT('Origin',(6.78096749609221E-16,-7.12526829186148E-16,
0.));
#16504=CARTESIAN_POINT('Origin',(3.53553390619986,-3.53553390566562,0.));
#16505=CARTESIAN_POINT('',(3.71287758646394,-2.55138492351383,0.));
#16506=CARTESIAN_POINT('',(3.71287758646394,-2.55138492351383,0.));
#16507=CARTESIAN_POINT('Origin',(3.53553390619986,-3.53553390566562,0.));
#16508=CARTESIAN_POINT('Origin',(6.78096749609221E-16,-7.12526829186148E-16,
0.));
#16509=CARTESIAN_POINT('',(4.42950250006205,-0.821299337601116,0.));
#16510=CARTESIAN_POINT('',(4.42950250006205,-0.821299337601116,0.));
#16511=CARTESIAN_POINT('Origin',(6.78096749609221E-16,-7.12526829186148E-16,
0.));
#16512=CARTESIAN_POINT('Origin',(5.,3.7776635595637E-10,0.));
#16513=CARTESIAN_POINT('',(4.42950249993795,0.821299338270443,0.));
#16514=CARTESIAN_POINT('',(4.42950249993795,0.821299338270443,0.));
#16515=CARTESIAN_POINT('Origin',(5.,3.7776635595637E-10,0.));
#16516=CARTESIAN_POINT('Origin',(6.78096749609221E-16,-7.12526829186148E-16,
0.125));
#16517=CARTESIAN_POINT('',(-5.85,-4.41988540861361E-10,0.25));
#16518=CARTESIAN_POINT('',(5.85,4.41987115807703E-10,0.250000000000001));
#16519=CARTESIAN_POINT('Origin',(6.78096749609221E-16,-7.12526829186148E-16,
0.25));
#16520=CARTESIAN_POINT('',(5.6,4.23098747075458E-10,0.));
#16521=CARTESIAN_POINT('',(5.725,4.3254293144158E-10,0.125));
#16522=CARTESIAN_POINT('Origin',(6.78096749609221E-16,-7.12526829186148E-16,
0.));
#16523=CARTESIAN_POINT('Origin',(6.78096749609221E-16,-7.12526829186148E-16,
0.25));
#16524=CARTESIAN_POINT('Origin',(6.78096749609221E-16,-7.12526829186148E-16,
0.));
#16525=CARTESIAN_POINT('',(-5.85,-4.41988540861361E-10,4.7));
#16526=CARTESIAN_POINT('Origin',(2.05336027084109E-15,-2.0235147841705E-15,
4.7));
#16527=CARTESIAN_POINT('',(-5.85,-4.41988540861361E-10,0.));
#16528=CARTESIAN_POINT('Origin',(1.11022302462516E-15,-1.11022302462516E-15,
0.));
#16529=CARTESIAN_POINT('',(3.71287758607841,2.55138492407487,0.));
#16530=CARTESIAN_POINT('',(2.55138492351383,3.71287758646394,0.));
#16531=CARTESIAN_POINT('Origin',(3.53553390566562,3.53553390619986,0.));
#16532=CARTESIAN_POINT('',(0.821299337601117,4.42950250006205,0.));
#16533=CARTESIAN_POINT('Origin',(6.78096749609221E-16,-7.12526829186148E-16,
0.));
#16534=CARTESIAN_POINT('',(-0.821299338270443,4.42950249993795,0.));
#16535=CARTESIAN_POINT('Origin',(-3.7776608422475E-10,5.,0.));
#16536=CARTESIAN_POINT('',(-2.55138492407487,3.71287758607841,0.));
#16537=CARTESIAN_POINT('Origin',(6.78096749609221E-16,-7.12526829186148E-16,
0.));
#16538=CARTESIAN_POINT('',(-3.71287758646394,2.55138492351383,0.));
#16539=CARTESIAN_POINT('Origin',(-3.53553390619986,3.53553390566561,0.));
#16540=CARTESIAN_POINT('',(-4.42950250006205,0.821299337601115,0.));
#16541=CARTESIAN_POINT('Origin',(6.78096749609221E-16,-7.12526829186148E-16,
0.));
#16542=CARTESIAN_POINT('Origin',(-5.,-3.77768393333428E-10,0.));
#16543=CARTESIAN_POINT('Origin',(6.78096749609221E-16,-7.12526829186148E-16,
0.));
#16544=CARTESIAN_POINT('Origin',(2.05336027084109E-15,-2.0235147841705E-15,
2.71));
#16545=CARTESIAN_POINT('',(-9.1,-2.0235147841705E-15,2.92));
#16546=CARTESIAN_POINT('',(9.1,-4.25237195861868E-15,2.92));
#16547=CARTESIAN_POINT('Origin',(2.05336027084109E-15,-2.0235147841705E-15,
2.92));
#16548=CARTESIAN_POINT('',(9.52,-4.35524228974706E-15,2.5));
#16549=CARTESIAN_POINT('',(9.31,-4.30380712418287E-15,2.71));
#16550=CARTESIAN_POINT('Origin',(2.05336027084109E-15,-2.0235147841705E-15,
2.5));
#16551=CARTESIAN_POINT('Origin',(2.05336027084109E-15,-2.0235147841705E-15,
2.92));
#16552=CARTESIAN_POINT('Origin',(2.05336027084109E-15,-2.0235147841705E-15,
2.5));
#16553=CARTESIAN_POINT('',(-9.1,-2.0235147841705E-15,3.44));
#16554=CARTESIAN_POINT('',(-9.1,-2.0235147841705E-15,2.5));
#16555=CARTESIAN_POINT('',(9.1,-4.25237195861868E-15,3.44));
#16556=CARTESIAN_POINT('Origin',(2.05336027084109E-15,-2.0235147841705E-15,
3.44));
#16557=CARTESIAN_POINT('Origin',(2.05336027084109E-15,-2.0235147841705E-15,
3.44));
#16558=CARTESIAN_POINT('Origin',(4.44089209850063E-15,1.11022302462516E-15,
2.5));
#16559=CARTESIAN_POINT('Origin',(2.05336027084109E-15,-2.0235147841705E-15,
4.07));
#16560=CARTESIAN_POINT('',(7.84,-2.0235147841705E-15,4.7));
#16561=CARTESIAN_POINT('Origin',(2.05336027084109E-15,-2.0235147841705E-15,
4.7));
#16562=CARTESIAN_POINT('',(8.47,-4.09806646192611E-15,4.07));
#16563=CARTESIAN_POINT('Origin',(2.22044604925031E-15,-2.22044604925031E-15,
4.7));
#16564=CARTESIAN_POINT('Origin',(1.14634236225863E-15,-5.44028833032641E-16,
5.85));
#16565=CARTESIAN_POINT('',(-6.38746113656525,8.82617500556546,5.1));
#16566=CARTESIAN_POINT('Ctrl Pts',(-6.38746113656525,8.82617500556546,5.1));
#16567=CARTESIAN_POINT('Ctrl Pts',(-5.34949138055539,8.52854196747244,5.94965146939788));
#16568=CARTESIAN_POINT('Ctrl Pts',(-4.45442705217341,8.27188640135161,6.6));
#16569=CARTESIAN_POINT('',(-1.22518117629356,10.8258928539523,5.1));
#16570=CARTESIAN_POINT('Ctrl Pts',(-0.106771127620243,9.39439327079225,
6.6));
#16571=CARTESIAN_POINT('Ctrl Pts',(-0.624635218664434,10.0572290807375,
5.93132163857956));
#16572=CARTESIAN_POINT('Ctrl Pts',(-1.22518117629356,10.8258928539523,5.1));
#16573=CARTESIAN_POINT('Origin',(1.14634236225863E-15,-5.44028833032641E-16,
5.1));
#16574=CARTESIAN_POINT('Origin',(1.14634236225863E-15,-5.44028833032641E-16,
6.6));
#16575=CARTESIAN_POINT('',(-6.38746113656525,8.82617500556546,6.6));
#16576=CARTESIAN_POINT('',(-1.22518117629356,10.8258928539523,6.6));
#16577=CARTESIAN_POINT('Origin',(-1.22518117629356,10.8258928539523,6.6));
#16578=CARTESIAN_POINT('',(-0.0990241314311946,9.38447756784544,5.74));
#16579=CARTESIAN_POINT('',(-0.0990241314311946,9.38447756784544,6.6));
#16580=CARTESIAN_POINT('',(-0.102898231146295,9.38943618935807,5.74));
#16581=CARTESIAN_POINT('',(-0.783176565280257,10.2601527506951,5.74));
#16582=CARTESIAN_POINT('',(-0.783176565280255,10.2601527506951,4.84));
#16583=CARTESIAN_POINT('Ctrl Pts',(-0.102898231146294,9.38943618935807,
5.74));
#16584=CARTESIAN_POINT('Ctrl Pts',(-0.427482253377901,9.80488479255698,
5.32101945991053));
#16585=CARTESIAN_POINT('Ctrl Pts',(-0.783176565280257,10.2601527506951,
4.84));
#16586=CARTESIAN_POINT('',(-0.783176565280255,10.2601527506951,6.6));
#16587=CARTESIAN_POINT('Origin',(1.14634236225863E-15,-5.44028833032641E-16,
5.85));
#16588=CARTESIAN_POINT('',(-10.3554601128146,3.38607011916548,5.1));
#16589=CARTESIAN_POINT('Ctrl Pts',(-10.3554601128146,3.38607011916548,5.1));
#16590=CARTESIAN_POINT('Ctrl Pts',(-9.34078063016934,3.755383248169,5.94965146939789));
#16591=CARTESIAN_POINT('Ctrl Pts',(-8.46580002076492,4.07385014555231,6.6));
#16592=CARTESIAN_POINT('',(-7.35449255526143,8.03818787131803,5.1));
#16593=CARTESIAN_POINT('Ctrl Pts',(-5.60826547556069,7.53746531372676,6.6));
#16594=CARTESIAN_POINT('Ctrl Pts',(-6.41683143976917,7.76931787304516,5.93132163857954));
#16595=CARTESIAN_POINT('Ctrl Pts',(-7.35449255526143,8.03818787131803,5.1));
#16596=CARTESIAN_POINT('Origin',(1.14634236225863E-15,-5.44028833032641E-16,
5.1));
#16597=CARTESIAN_POINT('Origin',(1.14634236225863E-15,-5.44028833032641E-16,
6.6));
#16598=CARTESIAN_POINT('',(-10.3554601128146,3.38607011916548,6.6));
#16599=CARTESIAN_POINT('',(-7.35449255526143,8.03818787131803,6.6));
#16600=CARTESIAN_POINT('Origin',(-7.35449255526143,8.03818787131803,6.6));
#16601=CARTESIAN_POINT('',(-5.59616972003014,7.53399691164111,5.74));
#16602=CARTESIAN_POINT('',(-5.59616972003014,7.53399691164111,6.6));
#16603=CARTESIAN_POINT('',(-5.60221853713438,7.53573138203505,5.74));
#16604=CARTESIAN_POINT('',(-6.66436962403455,7.84029830518238,5.74));
#16605=CARTESIAN_POINT('',(-6.66436962403455,7.84029830518238,4.84));
#16606=CARTESIAN_POINT('Ctrl Pts',(-5.60221853713438,7.53573138203505,5.74));
#16607=CARTESIAN_POINT('Ctrl Pts',(-6.10900708926814,7.68105066091479,5.32101945991054));
#16608=CARTESIAN_POINT('Ctrl Pts',(-6.66436962403455,7.84029830518238,4.84));
#16609=CARTESIAN_POINT('',(-6.66436962403455,7.84029830518238,6.6));
#16610=CARTESIAN_POINT('Origin',(1.14634236225863E-15,-5.44028833032641E-16,
5.85));
#16611=CARTESIAN_POINT('',(-10.3680252951126,-3.34739846446531,5.1));
#16612=CARTESIAN_POINT('Ctrl Pts',(-10.3680252951126,-3.34739846446531,
5.1));
#16613=CARTESIAN_POINT('Ctrl Pts',(-9.76420916051527,-2.45220423115302,
5.94965146939789));
#16614=CARTESIAN_POINT('Ctrl Pts',(-9.24352512338379,-1.68025840077426,
6.6));
#16615=CARTESIAN_POINT('',(-10.6746377481275,2.18016832979741,5.1));
#16616=CARTESIAN_POINT('Ctrl Pts',(-8.96759302976954,2.80148179584104,6.6));
#16617=CARTESIAN_POINT('Ctrl Pts',(-9.75801615096099,2.51379130725156,5.93132163857954));
#16618=CARTESIAN_POINT('Ctrl Pts',(-10.6746377481275,2.18016832979741,5.1));
#16619=CARTESIAN_POINT('Origin',(1.14634236225863E-15,-5.44028833032641E-16,
5.1));
#16620=CARTESIAN_POINT('Origin',(-9.93,-2.69799925871005,6.6));
#16621=CARTESIAN_POINT('',(-9.93,-2.69799925871005,4.84));
#16622=CARTESIAN_POINT('',(-9.93,-2.69799925871005,6.6));
#16623=CARTESIAN_POINT('',(-9.23952088843148,-1.6743218783252,5.74));
#16624=CARTESIAN_POINT('Ctrl Pts',(-9.93,-2.69799925871005,4.84));
#16625=CARTESIAN_POINT('Ctrl Pts',(-9.56897204989631,-2.16275331134416,
5.32873670687564));
#16626=CARTESIAN_POINT('Ctrl Pts',(-9.23952088843147,-1.6743218783252,5.74));
#16627=CARTESIAN_POINT('',(-9.23551440937588,-1.66838202885622,5.74));
#16628=CARTESIAN_POINT('',(-9.23551440937588,-1.66838202885622,5.74));
#16629=CARTESIAN_POINT('',(-9.23551440937588,-1.66838202885622,6.6));
#16630=CARTESIAN_POINT('',(-10.3680252951126,-3.34739846446531,6.6));
#16631=CARTESIAN_POINT('Origin',(1.14634236225863E-15,-5.44028833032641E-16,
6.6));
#16632=CARTESIAN_POINT('',(-10.6746377481275,2.18016832979741,6.6));
#16633=CARTESIAN_POINT('Origin',(1.14634236225863E-15,-5.44028833032641E-16,
5.85));
#16634=CARTESIAN_POINT('Origin',(1.14634236225863E-15,-5.44028833032641E-16,
5.85));
#16635=CARTESIAN_POINT('Origin',(1.14634236225863E-15,-5.44028833032641E-16,
5.85));
#16636=CARTESIAN_POINT('Origin',(1.14634236225863E-15,-5.44028833032641E-16,
5.85));
#16637=CARTESIAN_POINT('Origin',(1.14634236225863E-15,-5.44028833032641E-16,
5.85));
#16638=CARTESIAN_POINT('Ctrl Pts',(-5.43550616205398,-7.66298230209839,
6.6));
#16639=CARTESIAN_POINT('Ctrl Pts',(-5.40615042539987,-8.50362061223202,
5.93132163857958));
#16640=CARTESIAN_POINT('Ctrl Pts',(-5.37210776964186,-9.47847472494143,
5.1));
#16641=CARTESIAN_POINT('Origin',(-5.37210776964186,-9.47847472494143,6.6));
#16642=CARTESIAN_POINT('',(-5.43594530966803,-7.65040675979376,5.74));
#16643=CARTESIAN_POINT('',(-5.43594530966803,-7.65040675979376,6.6));
#16644=CARTESIAN_POINT('',(-5.43572570175743,-7.65669550754459,5.74));
#16645=CARTESIAN_POINT('',(-5.39716332221869,-8.76097757520799,5.74));
#16646=CARTESIAN_POINT('',(-5.39716332221869,-8.76097757520799,4.84));
#16647=CARTESIAN_POINT('Ctrl Pts',(-5.43572570175743,-7.65669550754459,
5.74));
#16648=CARTESIAN_POINT('Ctrl Pts',(-5.41732627371532,-8.18358618921936,
5.32101945991053));
#16649=CARTESIAN_POINT('Ctrl Pts',(-5.39716332221869,-8.76097757520799,
4.84));
#16650=CARTESIAN_POINT('',(-5.39716332221869,-8.76097757520799,6.6));
#16651=CARTESIAN_POINT('Origin',(1.14634236225863E-15,-5.44028833032641E-16,
5.85));
#16652=CARTESIAN_POINT('',(-6.42035721089627,-8.80227460855956,5.1));
#16653=CARTESIAN_POINT('Ctrl Pts',(-6.42035721089627,-8.80227460855956,
5.1));
#16654=CARTESIAN_POINT('Ctrl Pts',(-6.45804166480744,-7.72313304153087,
5.94965146939791));
#16655=CARTESIAN_POINT('Ctrl Pts',(-6.49053780473362,-6.79256534788762,
6.6));
#16656=CARTESIAN_POINT('',(-9.91743413880149,-4.51060141250973,5.1));
#16657=CARTESIAN_POINT('Ctrl Pts',(-8.90160484388307,-3.00457254919187,
6.6));
#16658=CARTESIAN_POINT('Ctrl Pts',(-9.37197035525613,-3.7019180972881,5.93132163857956));
#16659=CARTESIAN_POINT('Ctrl Pts',(-9.91743413880149,-4.51060141250973,
5.1));
#16660=CARTESIAN_POINT('Origin',(1.14634236225863E-15,-5.44028833032641E-16,
5.1));
#16661=CARTESIAN_POINT('Origin',(1.14634236225863E-15,-5.44028833032641E-16,
6.6));
#16662=CARTESIAN_POINT('',(-6.42035721089627,-8.80227460855956,6.6));
#16663=CARTESIAN_POINT('',(-9.91743413880149,-4.51060141250973,6.6));
#16664=CARTESIAN_POINT('Origin',(-9.91743413880149,-4.51060141250973,6.6));
#16665=CARTESIAN_POINT('',(-8.89456840345964,-2.99414059726282,5.74));
#16666=CARTESIAN_POINT('',(-8.89456840345964,-2.99414059726282,6.6));
#16667=CARTESIAN_POINT('',(-8.8980871701112,-2.99935738335772,5.74));
#16668=CARTESIAN_POINT('',(-9.5159702634644,-3.91540674066709,5.74));
#16669=CARTESIAN_POINT('',(-9.5159702634644,-3.91540674066709,4.84));
#16670=CARTESIAN_POINT('Ctrl Pts',(-8.8980871701112,-2.99935738335772,5.74));
#16671=CARTESIAN_POINT('Ctrl Pts',(-9.19290029239733,-3.43643581146452,
5.3210194599102));
#16672=CARTESIAN_POINT('Ctrl Pts',(-9.5159702634644,-3.91540674066709,4.84));
#16673=CARTESIAN_POINT('',(-9.5159702634644,-3.91540674066709,6.6));
#16674=CARTESIAN_POINT('Origin',(1.14634236225863E-15,-5.44028833032641E-16,
5.85));
#16675=CARTESIAN_POINT('',(0.0203308920330117,10.8949810304942,5.1));
#16676=CARTESIAN_POINT('Ctrl Pts',(0.0203308920330117,10.8949810304942,
5.1));
#16677=CARTESIAN_POINT('Ctrl Pts',(0.685121753906118,10.0440875296813,5.94965146939788));
#16678=CARTESIAN_POINT('Ctrl Pts',(1.25838564994133,9.31034320291265,6.6));
#16679=CARTESIAN_POINT('Origin',(1.14634236225863E-15,-5.44028833032641E-16,
5.1));
#16680=CARTESIAN_POINT('Origin',(1.14634236225863E-15,-5.44028833032641E-16,
6.6));
#16681=CARTESIAN_POINT('',(0.0203308920330117,10.8949810304942,6.6));
#16682=CARTESIAN_POINT('Origin',(1.14634236225863E-15,-5.44028833032641E-16,
5.29));
#16683=CARTESIAN_POINT('',(-4.44754370716436,8.26991263393167,5.74));
#16684=CARTESIAN_POINT('Origin',(1.14634236225863E-15,-5.44028833032641E-16,
5.74));
#16685=CARTESIAN_POINT('',(-5.63448853009891,8.61026358505846,4.84));
#16686=CARTESIAN_POINT('Ctrl Pts',(-5.63448853009891,8.61026358505846,4.84));
#16687=CARTESIAN_POINT('Ctrl Pts',(-5.01387561200964,8.43230569445405,5.32873670687562));
#16688=CARTESIAN_POINT('Ctrl Pts',(-4.44754370716436,8.26991263393167,5.74));
#16689=CARTESIAN_POINT('Origin',(1.14634236225863E-15,-5.44028833032641E-16,
4.84));
#16690=CARTESIAN_POINT('Origin',(-5.55251306426992,8.07213024834979,5.74));
#16691=CARTESIAN_POINT('',(-4.44065650450529,8.2679377603484,5.74));
#16692=CARTESIAN_POINT('Origin',(0.,0.,5.74));
#16693=CARTESIAN_POINT('',(-4.44065650450529,8.2679377603484,5.74));
#16694=CARTESIAN_POINT('Origin',(1.14634236225863E-15,-5.44028833032641E-16,
5.29));
#16695=CARTESIAN_POINT('',(-10.,2.42571638902819,4.84));
#16696=CARTESIAN_POINT('',(-8.96168177434185,2.80363331686386,5.74));
#16697=CARTESIAN_POINT('Ctrl Pts',(-8.96168177434185,2.80363331686386,5.74));
#16698=CARTESIAN_POINT('Ctrl Pts',(-9.45709885457188,2.62331624611306,5.32101945991067));
#16699=CARTESIAN_POINT('Ctrl Pts',(-10.,2.4257163890282,4.84));
#16700=CARTESIAN_POINT('',(-8.45907112629355,4.07629926284941,5.74));
#16701=CARTESIAN_POINT('Origin',(1.14634236225863E-15,-5.44028833032641E-16,
5.74));
#16702=CARTESIAN_POINT('',(-9.61938292910902,3.65398030415682,4.84));
#16703=CARTESIAN_POINT('Ctrl Pts',(-9.61938292910902,3.65398030415682,4.84));
#16704=CARTESIAN_POINT('Ctrl Pts',(-9.01269550781989,3.87479646700978,5.32873670687557));
#16705=CARTESIAN_POINT('Ctrl Pts',(-8.45907112629355,4.07629926284941,5.74));
#16706=CARTESIAN_POINT('Origin',(1.14634236225863E-15,-5.44028833032641E-16,
4.84));
#16707=CARTESIAN_POINT('Origin',(-9.22616923036564,3.25223307086977,5.74));
#16708=CARTESIAN_POINT('',(-8.95576868239056,2.80578550632661,5.74));
#16709=CARTESIAN_POINT('',(-10.,2.4257163890282,5.74));
#16710=CARTESIAN_POINT('',(-8.45233846073128,4.07874975271134,5.74));
#16711=CARTESIAN_POINT('Origin',(0.,0.,5.74));
#16712=CARTESIAN_POINT('',(-8.45233846073128,4.07874975271134,5.74));
#16713=CARTESIAN_POINT('Origin',(1.14634236225863E-15,-5.44028833032641E-16,
5.29));
#16714=CARTESIAN_POINT('Origin',(1.14634236225863E-15,-5.44028833032641E-16,
5.74));
#16715=CARTESIAN_POINT('Origin',(1.14634236225863E-15,-5.44028833032641E-16,
4.84));
#16716=CARTESIAN_POINT('Origin',(-9.41228420172982,-2.79189438476165,5.74));
#16717=CARTESIAN_POINT('Origin',(0.,0.,5.74));
#16718=CARTESIAN_POINT('Origin',(1.14634236225863E-15,-5.44028833032641E-16,
5.29));
#16719=CARTESIAN_POINT('',(-6.49078771095319,-6.78540897008713,5.74));
#16720=CARTESIAN_POINT('Origin',(1.14634236225863E-15,-5.44028833032641E-16,
5.74));
#16721=CARTESIAN_POINT('',(-6.44769457917743,-8.0194348063717,4.84));
#16722=CARTESIAN_POINT('Ctrl Pts',(-6.44769457917744,-8.0194348063717,4.84));
#16723=CARTESIAN_POINT('Ctrl Pts',(-6.47022650631018,-7.37420483404617,
5.32873670687554));
#16724=CARTESIAN_POINT('Ctrl Pts',(-6.49078771095319,-6.78540897008713,
5.74));
#16725=CARTESIAN_POINT('Origin',(1.14634236225863E-15,-5.44028833032641E-16,
4.84));
#16726=CARTESIAN_POINT('Origin',(-5.9441005397235,-7.7696130784141,5.74));
#16727=CARTESIAN_POINT('',(-6.49103775722832,-6.77824858162021,5.74));
#16728=CARTESIAN_POINT('Origin',(0.,0.,5.74));
#16729=CARTESIAN_POINT('',(-6.49103775722832,-6.77824858162021,5.74));
#16730=CARTESIAN_POINT('Origin',(1.14634236225863E-15,-5.44028833032641E-16,
5.29));
#16731=CARTESIAN_POINT('Origin',(1.14634236225863E-15,-5.44028833032641E-16,
5.74));
#16732=CARTESIAN_POINT('Origin',(-0.242014369399083,-9.79452728020052,5.74));
#16733=CARTESIAN_POINT('Origin',(0.,0.,5.74));
#16734=CARTESIAN_POINT('Origin',(1.14634236225863E-15,-5.44028833032641E-16,
5.29));
#16735=CARTESIAN_POINT('Origin',(1.14634236225863E-15,-5.44028833032641E-16,
5.74));
#16736=CARTESIAN_POINT('Origin',(5.55251306426992,-8.07213024834979,5.74));
#16737=CARTESIAN_POINT('Origin',(0.,0.,5.74));
#16738=CARTESIAN_POINT('Origin',(1.14634236225863E-15,-5.44028833032641E-16,
5.29));
#16739=CARTESIAN_POINT('Origin',(1.14634236225863E-15,-5.44028833032641E-16,
5.74));
#16740=CARTESIAN_POINT('Origin',(9.22616923036564,-3.25223307086977,5.74));
#16741=CARTESIAN_POINT('Origin',(0.,0.,5.74));
#16742=CARTESIAN_POINT('Origin',(1.14634236225863E-15,-5.44028833032641E-16,
5.29));
#16743=CARTESIAN_POINT('Origin',(1.14634236225863E-15,-5.44028833032641E-16,
5.74));
#16744=CARTESIAN_POINT('Origin',(9.41228420172982,2.79189438476165,5.74));
#16745=CARTESIAN_POINT('Origin',(0.,0.,5.74));
#16746=CARTESIAN_POINT('Origin',(1.14634236225863E-15,-5.44028833032641E-16,
5.29));
#16747=CARTESIAN_POINT('Origin',(1.14634236225863E-15,-5.44028833032641E-16,
5.74));
#16748=CARTESIAN_POINT('Origin',(5.9441005397235,7.7696130784141,5.74));
#16749=CARTESIAN_POINT('Origin',(0.,0.,5.74));
#16750=CARTESIAN_POINT('Origin',(1.14634236225863E-15,-5.44028833032641E-16,
5.29));
#16751=CARTESIAN_POINT('',(1.26279424165092,9.30470046284421,5.74));
#16752=CARTESIAN_POINT('Origin',(1.14634236225863E-15,-5.44028833032641E-16,
5.74));
#16753=CARTESIAN_POINT('',(0.502588978187542,10.2777188285633,4.84));
#16754=CARTESIAN_POINT('Ctrl Pts',(0.502588978187543,10.2777188285633,4.84));
#16755=CARTESIAN_POINT('Ctrl Pts',(0.900074352224076,9.76896075014609,5.32873670687566));
#16756=CARTESIAN_POINT('Ctrl Pts',(1.26279424165092,9.30470046284421,5.74));
#16757=CARTESIAN_POINT('Origin',(1.14634236225863E-15,-5.44028833032641E-16,
4.84));
#16758=CARTESIAN_POINT('Origin',(0.242014369399082,9.79452728020052,5.74));
#16759=CARTESIAN_POINT('',(1.26720530407842,9.29905456040105,5.74));
#16760=CARTESIAN_POINT('Origin',(0.,0.,5.74));
#16761=CARTESIAN_POINT('',(1.26720530407842,9.29905456040105,5.74));
#16762=CARTESIAN_POINT('Origin',(0.,0.,6.6));
#16763=CARTESIAN_POINT('Origin',(0.,0.,6.6));
#16764=CARTESIAN_POINT('',(-4.44065650450529,8.2679377603484,6.6));
#16765=CARTESIAN_POINT('Origin',(0.,0.,6.6));
#16766=CARTESIAN_POINT('Origin',(0.,0.,6.6));
#16767=CARTESIAN_POINT('',(-6.49103775722832,-6.77824858162021,6.6));
#16768=CARTESIAN_POINT('Origin',(0.,0.,6.6));
#16769=CARTESIAN_POINT('',(-8.45233846073128,4.07874975271134,6.6));
#16770=CARTESIAN_POINT('',(-8.95576868239056,2.80578550632661,6.6));
#16771=CARTESIAN_POINT('Origin',(0.,0.,6.6));
#16772=CARTESIAN_POINT('Origin',(0.,0.,6.6));
#16773=CARTESIAN_POINT('',(1.26720530407842,9.29905456040105,6.6));
#16774=CARTESIAN_POINT('Origin',(0.,0.,6.6));
#16775=CARTESIAN_POINT('Origin',(0.,0.,6.6));
#16776=CARTESIAN_POINT('Origin',(0.,0.,6.6));
#16777=CARTESIAN_POINT('Origin',(1.14634236225863E-15,-5.44028833032641E-16,
6.6));
#16778=CARTESIAN_POINT('Origin',(-6.44769457917743,-8.0194348063717,6.6));
#16779=CARTESIAN_POINT('',(-6.44769457917743,-8.0194348063717,6.6));
#16780=CARTESIAN_POINT('Origin',(1.14634236225863E-15,-5.44028833032641E-16,
6.6));
#16781=CARTESIAN_POINT('Origin',(0.502588978187542,10.2777188285633,6.6));
#16782=CARTESIAN_POINT('',(0.502588978187542,10.2777188285633,6.6));
#16783=CARTESIAN_POINT('Origin',(1.14634236225863E-15,-5.44028833032641E-16,
6.6));
#16784=CARTESIAN_POINT('Origin',(-5.63448853009891,8.61026358505846,6.6));
#16785=CARTESIAN_POINT('',(-5.63448853009891,8.61026358505846,6.6));
#16786=CARTESIAN_POINT('Origin',(1.14634236225863E-15,-5.44028833032641E-16,
6.6));
#16787=CARTESIAN_POINT('Origin',(-9.61938292910902,3.65398030415682,6.6));
#16788=CARTESIAN_POINT('',(-9.61938292910902,3.65398030415682,6.6));
#16789=CARTESIAN_POINT('Origin',(1.14634236225863E-15,-5.44028833032641E-16,
6.6));
#16790=CARTESIAN_POINT('',(-10.,2.42571638902819,6.6));
#16791=CARTESIAN_POINT('Origin',(-10.6746377481275,2.18016832979741,6.6));
#16792=CARTESIAN_POINT('Origin',(6.78096749609221E-16,-7.12526829186148E-16,
0.));
#16793=CARTESIAN_POINT('',(3.71287758607841,2.55138492407487,0.));
#16794=CARTESIAN_POINT('Origin',(3.53553390566562,3.53553390619986,0.));
#16795=CARTESIAN_POINT('',(2.55138492351383,3.71287758646394,0.));
#16796=CARTESIAN_POINT('Origin',(6.78096749609221E-16,-7.12526829186148E-16,
0.));
#16797=CARTESIAN_POINT('',(0.821299337601117,4.42950250006205,0.));
#16798=CARTESIAN_POINT('Origin',(-3.7776608422475E-10,5.,0.));
#16799=CARTESIAN_POINT('',(-0.821299338270443,4.42950249993795,0.));
#16800=CARTESIAN_POINT('Origin',(6.78096749609221E-16,-7.12526829186148E-16,
0.));
#16801=CARTESIAN_POINT('',(-2.55138492407487,3.71287758607841,0.));
#16802=CARTESIAN_POINT('Origin',(-3.53553390619986,3.53553390566561,0.));
#16803=CARTESIAN_POINT('',(-3.71287758646394,2.55138492351383,0.));
#16804=CARTESIAN_POINT('Origin',(6.78096749609221E-16,-7.12526829186148E-16,
0.));
#16805=CARTESIAN_POINT('',(-4.42950250006205,0.821299337601115,0.));
#16806=CARTESIAN_POINT('Origin',(-5.,-3.77768393333428E-10,0.));
#16807=CARTESIAN_POINT('Origin',(-1.46053947368838,8.65820408750532,9.19999980553985));
#16808=CARTESIAN_POINT('',(-1.46053947368838,8.65820408750532,9.19999980553985));
#16809=CARTESIAN_POINT('',(-1.56486541306089,9.10400272643884,9.19999980553985));
#16810=CARTESIAN_POINT('',(-1.46053947368838,8.65820408750532,9.19999980553985));
#16811=CARTESIAN_POINT('',(-1.56486541306089,9.10400272643884,8.69999980553985));
#16812=CARTESIAN_POINT('',(-1.56486541306089,9.10400272643884,8.94999980553985));
#16813=CARTESIAN_POINT('',(-1.46053947368838,8.65820408750532,8.69999980553985));
#16814=CARTESIAN_POINT('',(-1.46053947368838,8.65820408750532,8.69999980553985));
#16815=CARTESIAN_POINT('',(-1.46053947368838,8.65820408750532,9.19999980553985));
#16816=CARTESIAN_POINT('Origin',(1.38777878078145E-16,9.,9.19999980553985));
#16817=CARTESIAN_POINT('',(1.46053947368838,8.65820408750532,9.19999980553985));
#16818=CARTESIAN_POINT('Origin',(1.38777878078145E-16,9.,9.19999980553985));
#16819=CARTESIAN_POINT('',(1.46053947368838,8.65820408750532,8.69999980553985));
#16820=CARTESIAN_POINT('Origin',(1.38777878078145E-16,9.,8.69999980553985));
#16821=CARTESIAN_POINT('',(1.46053947368838,8.65820408750532,9.19999980553985));
#16822=CARTESIAN_POINT('Origin',(1.56486541306089,9.10400272643884,9.19999980553985));
#16823=CARTESIAN_POINT('',(1.56486541306089,9.10400272643884,9.19999980553985));
#16824=CARTESIAN_POINT('',(1.46053947368838,8.65820408750532,9.19999980553985));
#16825=CARTESIAN_POINT('',(1.56486541306089,9.10400272643884,8.69999980553985));
#16826=CARTESIAN_POINT('',(1.46053947368838,8.65820408750532,8.69999980553985));
#16827=CARTESIAN_POINT('',(1.56486541306089,9.10400272643884,8.94999980553985));
#16828=CARTESIAN_POINT('Origin',(0.,0.,8.94999980553985));
#16829=CARTESIAN_POINT('',(-2.15645487376285,8.98228098989475,9.19999980553985));
#16830=CARTESIAN_POINT('Origin',(7.21644966006352E-15,4.66293670342566E-14,
9.19999980553985));
#16831=CARTESIAN_POINT('',(-2.15645487376285,8.98228098989475,8.69999980553985));
#16832=CARTESIAN_POINT('',(-2.15645487376285,8.98228098989475,9.19999980553985));
#16833=CARTESIAN_POINT('Origin',(7.21644966006352E-15,4.66293670342566E-14,
8.69999980553985));
#16834=CARTESIAN_POINT('Origin',(-2.95162648182506,12.2944091061387,5.42499990276992));
#16835=CARTESIAN_POINT('',(-3.3435450732737,13.9268675249939,7.68417883719836));
#16836=CARTESIAN_POINT('',(-2.5531206366424,10.6345128008197,8.69999980553985));
#16837=CARTESIAN_POINT('',(-2.5531206366424,10.6345128008197,8.69999980553985));
#16838=CARTESIAN_POINT('',(-2.5531206366424,10.6345128008197,8.69999980553985));
#16839=CARTESIAN_POINT('',(-2.57025267524416,10.7058728772688,9.19999980553985));
#16840=CARTESIAN_POINT('',(-2.57025267524416,10.7058728772688,9.19999980553985));
#16841=CARTESIAN_POINT('',(-3.43904996281055,14.3246740194242,8.08345727339161));
#16842=CARTESIAN_POINT('',(-2.57025267524416,10.7058728772688,9.19999980553985));
#16843=CARTESIAN_POINT('',(-3.74679808988728,15.6065372223827,3.2667168430682));
#16844=CARTESIAN_POINT('',(-3.43904996281055,14.3246740194242,8.08345727339161));
#16845=CARTESIAN_POINT('',(-3.74679808988728,15.6065372223827,1.65));
#16846=CARTESIAN_POINT('',(-3.74679808988728,15.6065372223827,3.2667168430682));
#16847=CARTESIAN_POINT('',(-3.63007540795933,15.1203522621839,1.65));
#16848=CARTESIAN_POINT('',(-3.63007540795933,15.1203522621839,1.65));
#16849=CARTESIAN_POINT('',(-3.63007540795933,15.1203522621839,3.19953010609419));
#16850=CARTESIAN_POINT('',(-3.63007540795933,15.1203522621839,3.19953010609419));
#16851=CARTESIAN_POINT('',(-3.3435450732737,13.9268675249939,7.68417883719836));
#16852=CARTESIAN_POINT('Origin',(0.,9.23751424377793,8.69999980553985));
#16853=CARTESIAN_POINT('',(2.5531206366424,10.6345128008197,8.69999980553985));
#16854=CARTESIAN_POINT('Origin',(-2.96984659087229E-14,1.24344978758018E-13,
8.69999980553985));
#16855=CARTESIAN_POINT('',(2.15645487376285,8.98228098989475,8.69999980553985));
#16856=CARTESIAN_POINT('',(2.5531206366424,10.6345128008197,8.69999980553985));
#16857=CARTESIAN_POINT('Origin',(7.21644966006352E-15,4.66293670342566E-14,
8.69999980553985));
#16858=CARTESIAN_POINT('Origin',(0.,0.,8.94999980553985));
#16859=CARTESIAN_POINT('',(2.15645487376285,8.98228098989475,9.19999980553985));
#16860=CARTESIAN_POINT('',(2.15645487376285,8.98228098989475,9.19999980553985));
#16861=CARTESIAN_POINT('Origin',(7.21644966006352E-15,4.66293670342566E-14,
9.19999980553985));
#16862=CARTESIAN_POINT('Origin',(0.,11.0100823284315,9.19999980553985));
#16863=CARTESIAN_POINT('',(2.57025267524416,10.7058728772688,9.19999980553985));
#16864=CARTESIAN_POINT('',(2.57025267524416,10.7058728772688,9.19999980553985));
#16865=CARTESIAN_POINT('Origin',(1.0547118733939E-14,1.48769885299771E-13,
9.19999980553985));
#16866=CARTESIAN_POINT('Origin',(0.,0.,8.64172853946573));
#16867=CARTESIAN_POINT('',(3.43904996281055,14.3246740194242,8.08345727339161));
#16868=CARTESIAN_POINT('',(2.57025267524416,10.7058728772688,9.19999980553985));
#16869=CARTESIAN_POINT('Origin',(2.77555756156289E-14,2.04281036531029E-13,
8.08345727339161));
#16870=CARTESIAN_POINT('Origin',(0.,0.,5.67508705822991));
#16871=CARTESIAN_POINT('',(3.74679808988728,15.6065372223827,3.2667168430682));
#16872=CARTESIAN_POINT('',(3.43904996281055,14.3246740194242,8.08345727339161));
#16873=CARTESIAN_POINT('Origin',(1.4432899320127E-14,3.77475828372553E-14,
3.2667168430682));
#16874=CARTESIAN_POINT('Origin',(0.,0.,2.4583584215341));
#16875=CARTESIAN_POINT('',(3.74679808988728,15.6065372223827,1.65));
#16876=CARTESIAN_POINT('',(3.74679808988728,15.6065372223827,3.2667168430682));
#16877=CARTESIAN_POINT('Origin',(1.4432899320127E-14,3.77475828372553E-14,
1.65000000000002));
#16878=CARTESIAN_POINT('Origin',(0.,15.55,1.65));
#16879=CARTESIAN_POINT('',(3.63007540795933,15.1203522621839,1.65));
#16880=CARTESIAN_POINT('',(3.63007540795933,15.1203522621839,1.65));
#16881=CARTESIAN_POINT('Origin',(-1.11022302462516E-14,9.54791801177635E-14,
1.65000000000002));
#16882=CARTESIAN_POINT('Origin',(0.,0.,2.4247650530471));
#16883=CARTESIAN_POINT('',(3.63007540795933,15.1203522621839,3.19953010609419));
#16884=CARTESIAN_POINT('',(3.63007540795933,15.1203522621839,3.19953010609419));
#16885=CARTESIAN_POINT('Origin',(-1.11022302462516E-14,9.54791801177635E-14,
3.19953010609419));
#16886=CARTESIAN_POINT('Origin',(0.,0.,5.44185447164628));
#16887=CARTESIAN_POINT('',(3.3435450732737,13.9268675249939,7.68417883719836));
#16888=CARTESIAN_POINT('',(3.3435450732737,13.9268675249939,7.68417883719836));
#16889=CARTESIAN_POINT('Origin',(-1.16573417585641E-14,2.88657986402541E-14,
7.68417883719836));
#16890=CARTESIAN_POINT('Origin',(0.,0.,8.1920893213691));
#16891=CARTESIAN_POINT('',(2.5531206366424,10.6345128008197,8.69999980553985));
#16892=CARTESIAN_POINT('Origin',(2.95162648182506,12.2944091061387,5.42499990276992));
#16893=CARTESIAN_POINT('Origin',(-6.76795495408568,-5.59396633119675,9.19999980553985));
#16894=CARTESIAN_POINT('',(-6.76795495408568,-5.59396633119675,9.19999980553985));
#16895=CARTESIAN_POINT('',(-7.10186493068838,-5.90721456443378,9.19999980553985));
#16896=CARTESIAN_POINT('',(-6.76795495408568,-5.59396633119675,9.19999980553985));
#16897=CARTESIAN_POINT('',(-7.10186493068838,-5.90721456443378,8.69999980553985));
#16898=CARTESIAN_POINT('',(-7.10186493068839,-5.90721456443378,8.94999980553985));
#16899=CARTESIAN_POINT('',(-6.76795495408568,-5.59396633119675,8.69999980553985));
#16900=CARTESIAN_POINT('',(-6.76795495408568,-5.59396633119675,8.69999980553985));
#16901=CARTESIAN_POINT('',(-6.76795495408568,-5.59396633119675,9.19999980553985));
#16902=CARTESIAN_POINT('Origin',(-7.79422863405995,-4.5,9.19999980553985));
#16903=CARTESIAN_POINT('',(-8.22849442777406,-3.06423775630857,9.19999980553985));
#16904=CARTESIAN_POINT('Origin',(-7.79422863405995,-4.5,9.19999980553985));
#16905=CARTESIAN_POINT('',(-8.22849442777406,-3.06423775630857,8.69999980553985));
#16906=CARTESIAN_POINT('Origin',(-7.79422863405995,-4.5,8.69999980553985));
#16907=CARTESIAN_POINT('',(-8.22849442777406,-3.06423775630857,9.19999980553985));
#16908=CARTESIAN_POINT('Origin',(-8.66673034374928,-3.19678816200506,9.19999980553985));
#16909=CARTESIAN_POINT('',(-8.66673034374928,-3.19678816200506,9.19999980553985));
#16910=CARTESIAN_POINT('',(-8.22849442777406,-3.06423775630857,9.19999980553985));
#16911=CARTESIAN_POINT('',(-8.66673034374928,-3.19678816200506,8.69999980553985));
#16912=CARTESIAN_POINT('',(-8.22849442777406,-3.06423775630857,8.69999980553985));
#16913=CARTESIAN_POINT('',(-8.66673034374927,-3.19678816200506,8.94999980553985));
#16914=CARTESIAN_POINT('Origin',(0.,0.,8.94999980553985));
#16915=CARTESIAN_POINT('',(-6.70065608429747,-6.35868519774076,9.19999980553985));
#16916=CARTESIAN_POINT('Origin',(-4.39904412440866E-14,-1.70650547863817E-14,
9.19999980553985));
#16917=CARTESIAN_POINT('',(-6.70065608429747,-6.35868519774076,8.69999980553985));
#16918=CARTESIAN_POINT('',(-6.70065608429747,-6.35868519774076,9.19999980553985));
#16919=CARTESIAN_POINT('Origin',(-4.39904412440866E-14,-1.70650547863817E-14,
8.69999980553985));
#16920=CARTESIAN_POINT('Origin',(-9.17145736952234,-8.70338806881276,5.42499990276993));
#16921=CARTESIAN_POINT('',(-10.3892485351484,-9.85902873465028,7.68417883719836));
#16922=CARTESIAN_POINT('',(-7.93319792405946,-7.52832373066847,8.69999980553985));
#16923=CARTESIAN_POINT('',(-7.93319792405946,-7.52832373066847,8.69999980553985));
#16924=CARTESIAN_POINT('',(-7.93319792405946,-7.52832373066847,8.69999980553985));
#16925=CARTESIAN_POINT('',(-7.98643154377947,-7.57884054954073,9.19999980553985));
#16926=CARTESIAN_POINT('',(-7.98643154377947,-7.57884054954073,9.19999980553985));
#16927=CARTESIAN_POINT('',(-10.6860066203471,-10.14064164239,8.08345727339162));
#16928=CARTESIAN_POINT('',(-7.98643154377947,-7.57884054954073,9.19999980553985));
#16929=CARTESIAN_POINT('',(-11.6422586547472,-11.0480909398848,3.26671684306821));
#16930=CARTESIAN_POINT('',(-10.6860066203471,-10.14064164239,8.08345727339162));
#16931=CARTESIAN_POINT('',(-11.6422586547472,-11.0480909398848,1.65));
#16932=CARTESIAN_POINT('',(-11.6422586547472,-11.0480909398848,3.26671684306821));
#16933=CARTESIAN_POINT('',(-11.2795714692411,-10.7039136520379,1.65));
#16934=CARTESIAN_POINT('',(-11.2795714692411,-10.7039136520379,1.65));
#16935=CARTESIAN_POINT('',(-11.2795714692411,-10.7039136520379,3.19953010609419));
#16936=CARTESIAN_POINT('',(-11.2795714692411,-10.7039136520379,3.19953010609419));
#16937=CARTESIAN_POINT('',(-10.3892485351484,-9.85902873465028,7.68417883719836));
#16938=CARTESIAN_POINT('Origin',(-7.99992200293229,-4.61875712188896,8.69999980553985));
#16939=CARTESIAN_POINT('',(-10.4863185607019,-3.10618907015123,8.69999980553985));
#16940=CARTESIAN_POINT('Origin',(-9.28366774831181E-14,-8.78921153093889E-14,
8.69999980553985));
#16941=CARTESIAN_POINT('',(-8.85711095806031,-2.62359579215398,8.69999980553985));
#16942=CARTESIAN_POINT('',(-10.4863185607019,-3.10618907015123,8.69999980553985));
#16943=CARTESIAN_POINT('Origin',(-4.39904412440866E-14,-1.70650547863817E-14,
8.69999980553985));
#16944=CARTESIAN_POINT('Origin',(0.,0.,8.94999980553985));
#16945=CARTESIAN_POINT('',(-8.85711095806031,-2.62359579215398,9.19999980553985));
#16946=CARTESIAN_POINT('',(-8.85711095806031,-2.62359579215398,9.19999980553985));
#16947=CARTESIAN_POINT('Origin',(-4.39904412440866E-14,-1.70650547863817E-14,
9.19999980553985));
#16948=CARTESIAN_POINT('Origin',(-9.53501099417977,-5.50504116421573,9.19999980553985));
#16949=CARTESIAN_POINT('',(-10.5566842190236,-3.12703232772802,9.19999980553985));
#16950=CARTESIAN_POINT('',(-10.5566842190236,-3.12703232772802,9.19999980553985));
#16951=CARTESIAN_POINT('Origin',(-1.34112059354668E-13,-6.52508698895635E-14,
9.19999980553985));
#16952=CARTESIAN_POINT('Origin',(0.,0.,8.64172853946573));
#16953=CARTESIAN_POINT('',(-14.1250565831576,-4.18403237703425,8.08345727339162));
#16954=CARTESIAN_POINT('',(-10.5566842190236,-3.12703232772802,9.19999980553985));
#16955=CARTESIAN_POINT('Origin',(-1.90790354955102E-13,-7.81034846857198E-14,
8.08345727339162));
#16956=CARTESIAN_POINT('Origin',(0.,0.,5.67508705822991));
#16957=CARTESIAN_POINT('',(-15.3890567446345,-4.55844628249796,3.26671684306821));
#16958=CARTESIAN_POINT('',(-14.1250565831576,-4.18403237703425,8.08345727339162));
#16959=CARTESIAN_POINT('Origin',(-3.99068153285841E-14,-6.37453395713448E-15,
3.26671684306821));
#16960=CARTESIAN_POINT('Origin',(0.,0.,2.4583584215341));
#16961=CARTESIAN_POINT('',(-15.3890567446345,-4.55844628249796,1.65));
#16962=CARTESIAN_POINT('',(-15.3890567446345,-4.55844628249796,3.26671684306821));
#16963=CARTESIAN_POINT('Origin',(-3.99068153285841E-14,-6.37453395713448E-15,
1.65000000000002));
#16964=CARTESIAN_POINT('Origin',(-13.466695028848,-7.775,1.65));
#16965=CARTESIAN_POINT('',(-14.9096468772004,-4.41643861014599,1.65));
#16966=CARTESIAN_POINT('',(-14.9096468772004,-4.41643861014599,1.65));
#16967=CARTESIAN_POINT('Origin',(-7.71362803913675E-14,-5.73544034907995E-14,
1.65000000000002));
#16968=CARTESIAN_POINT('Origin',(0.,0.,2.4247650530471));
#16969=CARTESIAN_POINT('',(-14.9096468772004,-4.41643861014599,3.19953010609419));
#16970=CARTESIAN_POINT('',(-14.9096468772004,-4.41643861014599,3.19953010609419));
#16971=CARTESIAN_POINT('Origin',(-7.71362803913675E-14,-5.73544034907995E-14,
3.19953010609419));
#16972=CARTESIAN_POINT('Origin',(0.,0.,5.44185447164628));
#16973=CARTESIAN_POINT('',(-13.7327936084221,-4.06783879034362,7.68417883719836));
#16974=CARTESIAN_POINT('',(-13.7327936084221,-4.06783879034362,7.68417883719836));
#16975=CARTESIAN_POINT('Origin',(-1.91698440437043E-14,-2.45284534236407E-14,
7.68417883719836));
#16976=CARTESIAN_POINT('Origin',(0.,0.,8.1920893213691));
#16977=CARTESIAN_POINT('',(-10.4863185607019,-3.10618907015123,8.69999980553985));
#16978=CARTESIAN_POINT('Origin',(-12.1230838513474,-3.59102103732597,5.42499990276993));
#16979=CARTESIAN_POINT('Origin',(8.22849442777406,-3.06423775630857,9.19999980553985));
#16980=CARTESIAN_POINT('',(8.22849442777406,-3.06423775630857,9.19999980553985));
#16981=CARTESIAN_POINT('',(8.66673034374927,-3.19678816200507,9.19999980553985));
#16982=CARTESIAN_POINT('',(8.22849442777406,-3.06423775630857,9.19999980553985));
#16983=CARTESIAN_POINT('',(8.66673034374927,-3.19678816200507,8.69999980553985));
#16984=CARTESIAN_POINT('',(8.66673034374927,-3.19678816200507,8.94999980553985));
#16985=CARTESIAN_POINT('',(8.22849442777406,-3.06423775630857,8.69999980553985));
#16986=CARTESIAN_POINT('',(8.22849442777406,-3.06423775630857,8.69999980553985));
#16987=CARTESIAN_POINT('',(8.22849442777406,-3.06423775630857,9.19999980553985));
#16988=CARTESIAN_POINT('Origin',(7.79422863405995,-4.5,9.19999980553985));
#16989=CARTESIAN_POINT('',(6.76795495408568,-5.59396633119675,9.19999980553985));
#16990=CARTESIAN_POINT('Origin',(7.79422863405995,-4.5,9.19999980553985));
#16991=CARTESIAN_POINT('',(6.76795495408568,-5.59396633119675,8.69999980553985));
#16992=CARTESIAN_POINT('Origin',(7.79422863405995,-4.5,8.69999980553985));
#16993=CARTESIAN_POINT('',(6.76795495408568,-5.59396633119675,9.19999980553985));
#16994=CARTESIAN_POINT('Origin',(7.10186493068838,-5.90721456443378,9.19999980553985));
#16995=CARTESIAN_POINT('',(7.10186493068838,-5.90721456443378,9.19999980553985));
#16996=CARTESIAN_POINT('',(6.76795495408568,-5.59396633119675,9.19999980553985));
#16997=CARTESIAN_POINT('',(7.10186493068838,-5.90721456443378,8.69999980553985));
#16998=CARTESIAN_POINT('',(6.76795495408568,-5.59396633119675,8.69999980553985));
#16999=CARTESIAN_POINT('',(7.10186493068838,-5.90721456443378,8.94999980553985));
#17000=CARTESIAN_POINT('Origin',(0.,0.,8.94999980553985));
#17001=CARTESIAN_POINT('',(8.85711095806031,-2.62359579215399,9.19999980553985));
#17002=CARTESIAN_POINT('Origin',(3.67739915840231E-14,-2.95643122478749E-14,
9.19999980553985));
#17003=CARTESIAN_POINT('',(8.85711095806031,-2.62359579215399,8.69999980553985));
#17004=CARTESIAN_POINT('',(8.85711095806031,-2.62359579215399,9.19999980553985));
#17005=CARTESIAN_POINT('Origin',(3.67739915840231E-14,-2.95643122478749E-14,
8.69999980553985));
#17006=CARTESIAN_POINT('Origin',(12.1230838513474,-3.59102103732598,5.42499990276992));
#17007=CARTESIAN_POINT('',(13.7327936084221,-4.06783879034363,7.68417883719836));
#17008=CARTESIAN_POINT('',(10.4863185607019,-3.10618907015124,8.69999980553985));
#17009=CARTESIAN_POINT('',(10.4863185607019,-3.10618907015124,8.69999980553985));
#17010=CARTESIAN_POINT('',(10.4863185607019,-3.10618907015124,8.69999980553985));
#17011=CARTESIAN_POINT('',(10.5566842190236,-3.12703232772803,9.19999980553985));
#17012=CARTESIAN_POINT('',(10.5566842190236,-3.12703232772803,9.19999980553985));
#17013=CARTESIAN_POINT('',(14.1250565831576,-4.18403237703426,8.08345727339161));
#17014=CARTESIAN_POINT('',(10.5566842190236,-3.12703232772803,9.19999980553985));
#17015=CARTESIAN_POINT('',(15.3890567446345,-4.55844628249797,3.2667168430682));
#17016=CARTESIAN_POINT('',(14.1250565831576,-4.18403237703426,8.08345727339161));
#17017=CARTESIAN_POINT('',(15.3890567446345,-4.55844628249797,1.65));
#17018=CARTESIAN_POINT('',(15.3890567446345,-4.55844628249797,3.2667168430682));
#17019=CARTESIAN_POINT('',(14.9096468772004,-4.416438610146,1.65));
#17020=CARTESIAN_POINT('',(14.9096468772004,-4.416438610146,1.65));
#17021=CARTESIAN_POINT('',(14.9096468772004,-4.416438610146,3.19953010609419));
#17022=CARTESIAN_POINT('',(14.9096468772004,-4.416438610146,3.19953010609419));
#17023=CARTESIAN_POINT('',(13.7327936084221,-4.06783879034363,7.68417883719836));
#17024=CARTESIAN_POINT('Origin',(7.99992200293228,-4.61875712188897,8.69999980553985));
#17025=CARTESIAN_POINT('',(7.93319792405945,-7.52832373066847,8.69999980553985));
#17026=CARTESIAN_POINT('Origin',(1.22535143391841E-13,-3.64528634486287E-14,
8.69999980553985));
#17027=CARTESIAN_POINT('',(6.70065608429746,-6.35868519774077,8.69999980553985));
#17028=CARTESIAN_POINT('',(7.93319792405945,-7.52832373066847,8.69999980553985));
#17029=CARTESIAN_POINT('Origin',(3.67739915840231E-14,-2.95643122478749E-14,
8.69999980553985));
#17030=CARTESIAN_POINT('Origin',(0.,0.,8.94999980553985));
#17031=CARTESIAN_POINT('',(6.70065608429746,-6.35868519774077,9.19999980553985));
#17032=CARTESIAN_POINT('',(6.70065608429746,-6.35868519774077,9.19999980553985));
#17033=CARTESIAN_POINT('Origin',(3.67739915840231E-14,-2.95643122478749E-14,
9.19999980553985));
#17034=CARTESIAN_POINT('Origin',(9.53501099417976,-5.50504116421573,9.19999980553985));
#17035=CARTESIAN_POINT('',(7.98643154377947,-7.57884054954074,9.19999980553985));
#17036=CARTESIAN_POINT('',(7.98643154377947,-7.57884054954074,9.19999980553985));
#17037=CARTESIAN_POINT('Origin',(1.23564940620729E-13,-8.35190154102075E-14,
9.19999980553985));
#17038=CARTESIAN_POINT('Origin',(0.,0.,8.64172853946573));
#17039=CARTESIAN_POINT('',(10.6860066203471,-10.14064164239,8.08345727339161));
#17040=CARTESIAN_POINT('',(7.98643154377947,-7.57884054954074,9.19999980553985));
#17041=CARTESIAN_POINT('Origin',(1.63034779339473E-13,-1.26177551845309E-13,
8.08345727339161));
#17042=CARTESIAN_POINT('Origin',(0.,0.,5.67508705822991));
#17043=CARTESIAN_POINT('',(11.6422586547472,-11.0480909398848,3.2667168430682));
#17044=CARTESIAN_POINT('',(10.6860066203471,-10.14064164239,8.08345727339161));
#17045=CARTESIAN_POINT('Origin',(2.5473916008457E-14,-3.13730488801208E-14,
3.2667168430682));
#17046=CARTESIAN_POINT('Origin',(0.,0.,2.4583584215341));
#17047=CARTESIAN_POINT('',(11.6422586547472,-11.0480909398848,1.65));
#17048=CARTESIAN_POINT('',(11.6422586547472,-11.0480909398848,3.2667168430682));
#17049=CARTESIAN_POINT('Origin',(2.5473916008457E-14,-3.13730488801208E-14,
1.65000000000002));
#17050=CARTESIAN_POINT('Origin',(13.466695028848,-7.77500000000001,1.65));
#17051=CARTESIAN_POINT('',(11.2795714692411,-10.7039136520379,1.65));
#17052=CARTESIAN_POINT('',(11.2795714692411,-10.7039136520379,1.65));
#17053=CARTESIAN_POINT('Origin',(8.8238510637619E-14,-3.8124776626964E-14,
1.65000000000002));
#17054=CARTESIAN_POINT('Origin',(0.,0.,2.4247650530471));
#17055=CARTESIAN_POINT('',(11.2795714692411,-10.7039136520379,3.19953010609419));
#17056=CARTESIAN_POINT('',(11.2795714692411,-10.7039136520379,3.19953010609419));
#17057=CARTESIAN_POINT('Origin',(8.8238510637619E-14,-3.8124776626964E-14,
3.19953010609419));
#17058=CARTESIAN_POINT('Origin',(0.,0.,5.44185447164628));
#17059=CARTESIAN_POINT('',(10.3892485351484,-9.85902873465029,7.68417883719836));
#17060=CARTESIAN_POINT('',(10.3892485351484,-9.85902873465028,7.68417883719836));
#17061=CARTESIAN_POINT('Origin',(3.08271858022684E-14,-4.33734521661334E-15,
7.68417883719836));
#17062=CARTESIAN_POINT('Origin',(0.,0.,8.1920893213691));
#17063=CARTESIAN_POINT('',(7.93319792405945,-7.52832373066847,8.69999980553985));
#17064=CARTESIAN_POINT('Origin',(9.17145736952234,-8.70338806881276,5.42499990276992));
#17065=UNCERTAINTY_MEASURE_WITH_UNIT(LENGTH_MEASURE(0.01),#17069,
'DISTANCE_ACCURACY_VALUE',
'Maximum model space distance between geometric entities at asserted c
onnectivities');
#17066=UNCERTAINTY_MEASURE_WITH_UNIT(LENGTH_MEASURE(0.01),#17069,
'DISTANCE_ACCURACY_VALUE',
'Maximum model space distance between geometric entities at asserted c
onnectivities');
#17067=(
GEOMETRIC_REPRESENTATION_CONTEXT(3)
GLOBAL_UNCERTAINTY_ASSIGNED_CONTEXT((#17065))
GLOBAL_UNIT_ASSIGNED_CONTEXT((#17069,#17071,#17072))
REPRESENTATION_CONTEXT('','3D')
);
#17068=(
GEOMETRIC_REPRESENTATION_CONTEXT(3)
GLOBAL_UNCERTAINTY_ASSIGNED_CONTEXT((#17066))
GLOBAL_UNIT_ASSIGNED_CONTEXT((#17069,#17071,#17072))
REPRESENTATION_CONTEXT('','3D')
);
#17069=(
LENGTH_UNIT()
NAMED_UNIT(*)
SI_UNIT(.MILLI.,.METRE.)
);
#17070=(
LENGTH_UNIT()
NAMED_UNIT(*)
SI_UNIT($,.METRE.)
);
#17071=(
NAMED_UNIT(*)
PLANE_ANGLE_UNIT()
SI_UNIT($,.RADIAN.)
);
#17072=(
NAMED_UNIT(*)
SI_UNIT($,.STERADIAN.)
SOLID_ANGLE_UNIT()
);
#17073=SHAPE_DEFINITION_REPRESENTATION(#17074,#17075);
#17074=PRODUCT_DEFINITION_SHAPE('',$,#17077);
#17075=SHAPE_REPRESENTATION('',(#8851),#17067);
#17076=PRODUCT_DEFINITION_CONTEXT('part definition',#17081,'design');
#17077=PRODUCT_DEFINITION('BX Blade','(Unsaved)',#17078,#17076);
#17078=PRODUCT_DEFINITION_FORMATION('',$,#17083);
#17079=PRODUCT_RELATED_PRODUCT_CATEGORY('(Unsaved)','(Unsaved)',(#17083));
#17080=APPLICATION_PROTOCOL_DEFINITION('international standard',
'automotive_design',2009,#17081);
#17081=APPLICATION_CONTEXT(
'Core Data for Automotive Mechanical Design Process');
#17082=PRODUCT_CONTEXT('part definition',#17081,'mechanical');
#17083=PRODUCT('BX Blade','(Unsaved)',$,(#17082));
#17084=PRESENTATION_STYLE_ASSIGNMENT((#17085));
#17085=SURFACE_STYLE_USAGE(.BOTH.,#17086);
#17086=SURFACE_SIDE_STYLE('',(#17087));
#17087=SURFACE_STYLE_FILL_AREA(#17088);
#17088=FILL_AREA_STYLE('ABS (White)',(#17089));
#17089=FILL_AREA_STYLE_COLOUR('ABS (White)',#17090);
#17090=COLOUR_RGB('ABS (White)',0.964705882352941,0.964705882352941,0.952941176470588);
ENDSEC;
END-ISO-10303-21;
