ISO-10303-21;
HEADER;
/* Generated by software containing ST-Developer
 * from STEP Tools, Inc. (www.steptools.com) 
 */

FILE_DESCRIPTION(
/* description */ (''),
/* implementation_level */ '2;1');

FILE_NAME(
/* name */ 'UX Blade (alternative).step',
/* time_stamp */ '2026-09-26T02:13:29-04:00',
/* author */ (''),
/* organization */ (''),
/* preprocessor_version */ 'ST-DEVELOPER v20.2',
/* originating_system */ 'Autodesk Translation Framework v15.15.0.0',
/* authorisation */ '');

FILE_SCHEMA (('AUTOMOTIVE_DESIGN { 1 0 10303 214 3 1 1 }'));
ENDSEC;

DATA;
#10=MECHANICAL_DESIGN_GEOMETRIC_PRESENTATION_REPRESENTATION('',(#13,#14),
#9024);
#11=SHAPE_REPRESENTATION_RELATIONSHIP('SRR','None',#9031,#12);
#12=ADVANCED_BREP_SHAPE_REPRESENTATION('',(#15,#16),#9023);
#13=STYLED_ITEM('',(#9040),#15);
#14=STYLED_ITEM('',(#9040),#16);
#15=MANIFOLD_SOLID_BREP('Body1',#4927);
#16=MANIFOLD_SOLID_BREP('Body2',#4928);
#17=TOROIDAL_SURFACE('',#5401,11.55,0.25);
#18=TOROIDAL_SURFACE('',#5408,11.55,0.25);
#19=B_SPLINE_SURFACE_WITH_KNOTS('',3,3,((#7920,#7921,#7922,#7923,#7924,
#7925,#7926,#7927),(#7928,#7929,#7930,#7931,#7932,#7933,#7934,#7935),(#7936,
#7937,#7938,#7939,#7940,#7941,#7942,#7943),(#7944,#7945,#7946,#7947,#7948,
#7949,#7950,#7951)),.UNSPECIFIED.,.F.,.F.,.F.,(4,4),(4,2,2,4),(0.,1.),(-0.0151044597120921,
0.,0.190289123728464,0.201942867559404),.UNSPECIFIED.);
#20=B_SPLINE_SURFACE_WITH_KNOTS('',3,3,((#8007,#8008,#8009,#8010),(#8011,
#8012,#8013,#8014),(#8015,#8016,#8017,#8018),(#8019,#8020,#8021,#8022)),
 .UNSPECIFIED.,.F.,.F.,.F.,(4,4),(4,4),(0.,1.),(4.50248307073621,4.62511514877811),
 .UNSPECIFIED.);
#21=B_SPLINE_SURFACE_WITH_KNOTS('',3,3,((#8070,#8071,#8072,#8073,#8074,
#8075,#8076,#8077),(#8078,#8079,#8080,#8081,#8082,#8083,#8084,#8085),(#8086,
#8087,#8088,#8089,#8090,#8091,#8092,#8093),(#8094,#8095,#8096,#8097,#8098,
#8099,#8100,#8101)),.UNSPECIFIED.,.F.,.F.,.F.,(4,4),(4,2,2,4),(0.,1.),(-0.0151044597118238,
0.,0.190289123728476,0.201942867559515),.UNSPECIFIED.);
#22=B_SPLINE_SURFACE_WITH_KNOTS('',3,3,((#8157,#8158,#8159,#8160),(#8161,
#8162,#8163,#8164),(#8165,#8166,#8167,#8168),(#8169,#8170,#8171,#8172)),
 .UNSPECIFIED.,.F.,.F.,.F.,(4,4),(4,4),(0.,1.),(4.50248307073621,4.62511514877811),
 .UNSPECIFIED.);
#23=B_SPLINE_SURFACE_WITH_KNOTS('',3,3,((#8269,#8270,#8271,#8272),(#8273,
#8274,#8275,#8276),(#8277,#8278,#8279,#8280),(#8281,#8282,#8283,#8284)),
 .UNSPECIFIED.,.F.,.F.,.F.,(4,4),(4,4),(0.,1.),(0.195251200740722,0.210302546039627),
 .UNSPECIFIED.);
#24=B_SPLINE_SURFACE_WITH_KNOTS('',3,3,((#8303,#8304,#8305,#8306),(#8307,
#8308,#8309,#8310),(#8311,#8312,#8313,#8314),(#8315,#8316,#8317,#8318)),
 .UNSPECIFIED.,.F.,.F.,.F.,(4,4),(4,4),(0.,1.),(0.195251200740722,0.210302546039655),
 .UNSPECIFIED.);
#25=B_SPLINE_SURFACE_WITH_KNOTS('',3,3,((#8385,#8386,#8387,#8388),(#8389,
#8390,#8391,#8392),(#8393,#8394,#8395,#8396),(#8397,#8398,#8399,#8400)),
 .UNSPECIFIED.,.F.,.F.,.F.,(4,4),(4,4),(0.,1.00000429300778),(1.64644703237802,
1.76161863449612),.UNSPECIFIED.);
#26=B_SPLINE_SURFACE_WITH_KNOTS('',3,3,((#8429,#8430,#8431,#8432),(#8433,
#8434,#8435,#8436),(#8437,#8438,#8439,#8440),(#8441,#8442,#8443,#8444)),
 .UNSPECIFIED.,.F.,.F.,.F.,(4,4),(4,4),(0.,1.),(0.0161504793962559,0.195251200740722),
 .UNSPECIFIED.);
#27=B_SPLINE_SURFACE_WITH_KNOTS('',3,3,((#8528,#8529,#8530,#8531),(#8532,
#8533,#8534,#8535),(#8536,#8537,#8538,#8539),(#8540,#8541,#8542,#8543)),
 .UNSPECIFIED.,.F.,.F.,.F.,(4,4),(4,4),(0.,1.),(0.0161504793962975,0.195251200740722),
 .UNSPECIFIED.);
#28=B_SPLINE_SURFACE_WITH_KNOTS('',3,3,((#8573,#8574,#8575,#8576),(#8577,
#8578,#8579,#8580),(#8581,#8582,#8583,#8584),(#8585,#8586,#8587,#8588)),
 .UNSPECIFIED.,.F.,.F.,.F.,(4,4),(4,4),(0.,1.00000429300778),(1.64644703237802,
1.76161863449612),.UNSPECIFIED.);
#29=(
BOUNDED_CURVE()
B_SPLINE_CURVE(2,(#7456,#7457,#7458),.UNSPECIFIED.,.F.,.F.)
B_SPLINE_CURVE_WITH_KNOTS((3,3),(0.874286146963913,1.17290256965667),
 .UNSPECIFIED.)
CURVE()
GEOMETRIC_REPRESENTATION_ITEM()
RATIONAL_B_SPLINE_CURVE((1.02173287728795,1.01457792034426,1.))
REPRESENTATION_ITEM('')
);
#30=(
BOUNDED_CURVE()
B_SPLINE_CURVE(2,(#7464,#7465,#7466),.UNSPECIFIED.,.F.,.F.)
B_SPLINE_CURVE_WITH_KNOTS((3,3),(0.,0.284372055752219),.UNSPECIFIED.)
CURVE()
GEOMETRIC_REPRESENTATION_ITEM()
RATIONAL_B_SPLINE_CURVE((1.,1.01295538546582,1.01948369100409))
REPRESENTATION_ITEM('')
);
#31=(
BOUNDED_CURVE()
B_SPLINE_CURVE(2,(#7481,#7482,#7483),.UNSPECIFIED.,.F.,.F.)
B_SPLINE_CURVE_WITH_KNOTS((3,3),(0.,0.284372055752153),.UNSPECIFIED.)
CURVE()
GEOMETRIC_REPRESENTATION_ITEM()
RATIONAL_B_SPLINE_CURVE((1.,1.0129553854658,1.01948369100406))
REPRESENTATION_ITEM('')
);
#32=(
BOUNDED_CURVE()
B_SPLINE_CURVE(2,(#7486,#7487,#7488),.UNSPECIFIED.,.F.,.F.)
B_SPLINE_CURVE_WITH_KNOTS((3,3),(0.874286146963902,1.17290256965667),
 .UNSPECIFIED.)
CURVE()
GEOMETRIC_REPRESENTATION_ITEM()
RATIONAL_B_SPLINE_CURVE((1.02173287728794,1.01457792034426,1.))
REPRESENTATION_ITEM('')
);
#33=(
BOUNDED_CURVE()
B_SPLINE_CURVE(2,(#7498,#7499,#7500),.UNSPECIFIED.,.F.,.F.)
B_SPLINE_CURVE_WITH_KNOTS((3,3),(0.874286146963894,1.17290256965667),
 .UNSPECIFIED.)
CURVE()
GEOMETRIC_REPRESENTATION_ITEM()
RATIONAL_B_SPLINE_CURVE((1.02173287728797,1.01457792034428,1.))
REPRESENTATION_ITEM('')
);
#34=(
BOUNDED_CURVE()
B_SPLINE_CURVE(2,(#7506,#7507,#7508),.UNSPECIFIED.,.F.,.F.)
B_SPLINE_CURVE_WITH_KNOTS((3,3),(0.,0.284372055752221),.UNSPECIFIED.)
CURVE()
GEOMETRIC_REPRESENTATION_ITEM()
RATIONAL_B_SPLINE_CURVE((1.,1.01295538546582,1.01948369100409))
REPRESENTATION_ITEM('')
);
#35=(
BOUNDED_CURVE()
B_SPLINE_CURVE(2,(#7584,#7585,#7586),.UNSPECIFIED.,.F.,.F.)
B_SPLINE_CURVE_WITH_KNOTS((3,3),(0.,0.147906558717495),.UNSPECIFIED.)
CURVE()
GEOMETRIC_REPRESENTATION_ITEM()
RATIONAL_B_SPLINE_CURVE((1.,1.00152119903128,1.))
REPRESENTATION_ITEM('')
);
#36=(
BOUNDED_CURVE()
B_SPLINE_CURVE(2,(#7592,#7593,#7594),.UNSPECIFIED.,.F.,.F.)
B_SPLINE_CURVE_WITH_KNOTS((3,3),(0.874286146963887,1.17290256965667),
 .UNSPECIFIED.)
CURVE()
GEOMETRIC_REPRESENTATION_ITEM()
RATIONAL_B_SPLINE_CURVE((1.02173287728799,1.01457792034429,1.))
REPRESENTATION_ITEM('')
);
#37=(
BOUNDED_CURVE()
B_SPLINE_CURVE(2,(#7596,#7597,#7598),.UNSPECIFIED.,.F.,.F.)
B_SPLINE_CURVE_WITH_KNOTS((3,3),(0.,0.284372055752204),.UNSPECIFIED.)
CURVE()
GEOMETRIC_REPRESENTATION_ITEM()
RATIONAL_B_SPLINE_CURVE((1.,1.01295538546583,1.01948369100411))
REPRESENTATION_ITEM('')
);
#38=(
BOUNDED_CURVE()
B_SPLINE_CURVE(2,(#7604,#7605,#7606),.UNSPECIFIED.,.F.,.F.)
B_SPLINE_CURVE_WITH_KNOTS((3,3),(0.,0.147906558717495),.UNSPECIFIED.)
CURVE()
GEOMETRIC_REPRESENTATION_ITEM()
RATIONAL_B_SPLINE_CURVE((1.,1.0015211990315,1.))
REPRESENTATION_ITEM('')
);
#39=(
BOUNDED_CURVE()
B_SPLINE_CURVE(2,(#7616,#7617,#7618),.UNSPECIFIED.,.F.,.F.)
B_SPLINE_CURVE_WITH_KNOTS((3,3),(0.,0.147906558717494),.UNSPECIFIED.)
CURVE()
GEOMETRIC_REPRESENTATION_ITEM()
RATIONAL_B_SPLINE_CURVE((1.,1.00152119903282,1.))
REPRESENTATION_ITEM('')
);
#40=(
BOUNDED_CURVE()
B_SPLINE_CURVE(2,(#7626,#7627,#7628),.UNSPECIFIED.,.F.,.F.)
B_SPLINE_CURVE_WITH_KNOTS((3,3),(0.874286146963902,1.17290256965667),
 .UNSPECIFIED.)
CURVE()
GEOMETRIC_REPRESENTATION_ITEM()
RATIONAL_B_SPLINE_CURVE((1.02173287728795,1.01457792034427,1.))
REPRESENTATION_ITEM('')
);
#41=(
BOUNDED_CURVE()
B_SPLINE_CURVE(2,(#7630,#7631,#7632),.UNSPECIFIED.,.F.,.F.)
B_SPLINE_CURVE_WITH_KNOTS((3,3),(0.,0.284372055752218),.UNSPECIFIED.)
CURVE()
GEOMETRIC_REPRESENTATION_ITEM()
RATIONAL_B_SPLINE_CURVE((1.,1.01295538546584,1.01948369100412))
REPRESENTATION_ITEM('')
);
#42=(
BOUNDED_CURVE()
B_SPLINE_CURVE(2,(#7638,#7639,#7640),.UNSPECIFIED.,.F.,.F.)
B_SPLINE_CURVE_WITH_KNOTS((3,3),(0.,0.147906558717495),.UNSPECIFIED.)
CURVE()
GEOMETRIC_REPRESENTATION_ITEM()
RATIONAL_B_SPLINE_CURVE((1.,1.00152119903142,1.))
REPRESENTATION_ITEM('')
);
#43=(
BOUNDED_CURVE()
B_SPLINE_CURVE(2,(#7650,#7651,#7652),.UNSPECIFIED.,.F.,.F.)
B_SPLINE_CURVE_WITH_KNOTS((3,3),(0.,0.147906558717495),.UNSPECIFIED.)
CURVE()
GEOMETRIC_REPRESENTATION_ITEM()
RATIONAL_B_SPLINE_CURVE((1.,1.00152119902994,1.))
REPRESENTATION_ITEM('')
);
#44=(
BOUNDED_CURVE()
B_SPLINE_CURVE(2,(#7660,#7661,#7662),.UNSPECIFIED.,.F.,.F.)
B_SPLINE_CURVE_WITH_KNOTS((3,3),(0.874286146963898,1.17290256965667),
 .UNSPECIFIED.)
CURVE()
GEOMETRIC_REPRESENTATION_ITEM()
RATIONAL_B_SPLINE_CURVE((1.02173287728795,1.01457792034426,1.))
REPRESENTATION_ITEM('')
);
#45=(
BOUNDED_CURVE()
B_SPLINE_CURVE(2,(#7664,#7665,#7666),.UNSPECIFIED.,.F.,.F.)
B_SPLINE_CURVE_WITH_KNOTS((3,3),(0.,0.284372055752197),.UNSPECIFIED.)
CURVE()
GEOMETRIC_REPRESENTATION_ITEM()
RATIONAL_B_SPLINE_CURVE((1.,1.01295538546586,1.01948369100415))
REPRESENTATION_ITEM('')
);
#46=(
BOUNDED_CURVE()
B_SPLINE_CURVE(2,(#7672,#7673,#7674),.UNSPECIFIED.,.F.,.F.)
B_SPLINE_CURVE_WITH_KNOTS((3,3),(0.,0.147906558717495),.UNSPECIFIED.)
CURVE()
GEOMETRIC_REPRESENTATION_ITEM()
RATIONAL_B_SPLINE_CURVE((1.,1.00152119903198,1.))
REPRESENTATION_ITEM('')
);
#47=(
BOUNDED_CURVE()
B_SPLINE_CURVE(2,(#7685,#7686,#7687),.UNSPECIFIED.,.F.,.F.)
B_SPLINE_CURVE_WITH_KNOTS((3,3),(0.,0.154369071197077),.UNSPECIFIED.)
CURVE()
GEOMETRIC_REPRESENTATION_ITEM()
RATIONAL_B_SPLINE_CURVE((1.,1.00177202443313,1.))
REPRESENTATION_ITEM('')
);
#48=(
BOUNDED_CURVE()
B_SPLINE_CURVE(2,(#7693,#7694,#7695),.UNSPECIFIED.,.F.,.F.)
B_SPLINE_CURVE_WITH_KNOTS((3,3),(0.,0.154369071197078),.UNSPECIFIED.)
CURVE()
GEOMETRIC_REPRESENTATION_ITEM()
RATIONAL_B_SPLINE_CURVE((1.,1.00177202443386,1.))
REPRESENTATION_ITEM('')
);
#49=(
BOUNDED_CURVE()
B_SPLINE_CURVE(2,(#7701,#7702,#7703),.UNSPECIFIED.,.F.,.F.)
B_SPLINE_CURVE_WITH_KNOTS((3,3),(0.,0.154369071197077),.UNSPECIFIED.)
CURVE()
GEOMETRIC_REPRESENTATION_ITEM()
RATIONAL_B_SPLINE_CURVE((1.,1.00177202443362,1.))
REPRESENTATION_ITEM('')
);
#50=(
BOUNDED_CURVE()
B_SPLINE_CURVE(2,(#7709,#7710,#7711),.UNSPECIFIED.,.F.,.F.)
B_SPLINE_CURVE_WITH_KNOTS((3,3),(0.,0.154369071197077),.UNSPECIFIED.)
CURVE()
GEOMETRIC_REPRESENTATION_ITEM()
RATIONAL_B_SPLINE_CURVE((1.,1.00177202443407,1.))
REPRESENTATION_ITEM('')
);
#51=(
BOUNDED_CURVE()
B_SPLINE_CURVE(2,(#7717,#7718,#7719),.UNSPECIFIED.,.F.,.F.)
B_SPLINE_CURVE_WITH_KNOTS((3,3),(0.,0.154369071197078),.UNSPECIFIED.)
CURVE()
GEOMETRIC_REPRESENTATION_ITEM()
RATIONAL_B_SPLINE_CURVE((1.,1.0017720244335,1.))
REPRESENTATION_ITEM('')
);
#52=(
BOUNDED_CURVE()
B_SPLINE_CURVE(2,(#7725,#7726,#7727),.UNSPECIFIED.,.F.,.F.)
B_SPLINE_CURVE_WITH_KNOTS((3,3),(0.,0.154369071197077),.UNSPECIFIED.)
CURVE()
GEOMETRIC_REPRESENTATION_ITEM()
RATIONAL_B_SPLINE_CURVE((1.,1.00177202443381,1.))
REPRESENTATION_ITEM('')
);
#53=(
BOUNDED_CURVE()
B_SPLINE_CURVE(2,(#7806,#7807,#7808),.UNSPECIFIED.,.F.,.F.)
B_SPLINE_CURVE_WITH_KNOTS((3,3),(0.0875673684615439,0.175134736923088),
 .UNSPECIFIED.)
CURVE()
GEOMETRIC_REPRESENTATION_ITEM()
RATIONAL_B_SPLINE_CURVE((1.,1.41421356237308,1.))
REPRESENTATION_ITEM('')
);
#54=(
BOUNDED_CURVE()
B_SPLINE_CURVE(2,(#7866,#7867,#7868),.UNSPECIFIED.,.F.,.F.)
B_SPLINE_CURVE_WITH_KNOTS((3,3),(0.0875673684615443,0.175134736923089),
 .UNSPECIFIED.)
CURVE()
GEOMETRIC_REPRESENTATION_ITEM()
RATIONAL_B_SPLINE_CURVE((1.,1.41421356237308,1.))
REPRESENTATION_ITEM('')
);
#55=(
BOUNDED_CURVE()
B_SPLINE_CURVE(2,(#8347,#8348,#8349),.UNSPECIFIED.,.F.,.F.)
B_SPLINE_CURVE_WITH_KNOTS((3,3),(-0.225549932619148,-0.148069473653289),
 .UNSPECIFIED.)
CURVE()
GEOMETRIC_REPRESENTATION_ITEM()
RATIONAL_B_SPLINE_CURVE((1.,1.,1.))
REPRESENTATION_ITEM('')
);
#56=(
BOUNDED_CURVE()
B_SPLINE_CURVE(2,(#8557,#8558,#8559),.UNSPECIFIED.,.F.,.F.)
B_SPLINE_CURVE_WITH_KNOTS((3,3),(-0.225549932619145,-0.148069473653287),
 .UNSPECIFIED.)
CURVE()
GEOMETRIC_REPRESENTATION_ITEM()
RATIONAL_B_SPLINE_CURVE((1.,1.,1.))
REPRESENTATION_ITEM('')
);
#57=FACE_BOUND('',#596,.T.);
#58=FACE_BOUND('',#597,.T.);
#59=FACE_BOUND('',#598,.T.);
#60=FACE_BOUND('',#605,.T.);
#61=FACE_BOUND('',#634,.T.);
#62=FACE_BOUND('',#637,.T.);
#63=FACE_BOUND('',#639,.T.);
#64=FACE_BOUND('',#840,.T.);
#65=FACE_BOUND('',#841,.T.);
#66=FACE_BOUND('',#842,.T.);
#67=FACE_BOUND('',#850,.T.);
#68=FACE_BOUND('',#852,.T.);
#69=FACE_BOUND('',#854,.T.);
#70=PLANE('',#4968);
#71=PLANE('',#5006);
#72=PLANE('',#5054);
#73=PLANE('',#5055);
#74=PLANE('',#5063);
#75=PLANE('',#5064);
#76=PLANE('',#5065);
#77=PLANE('',#5066);
#78=PLANE('',#5067);
#79=PLANE('',#5072);
#80=PLANE('',#5073);
#81=PLANE('',#5074);
#82=PLANE('',#5076);
#83=PLANE('',#5078);
#84=PLANE('',#5111);
#85=PLANE('',#5115);
#86=PLANE('',#5119);
#87=PLANE('',#5127);
#88=PLANE('',#5132);
#89=PLANE('',#5137);
#90=PLANE('',#5138);
#91=PLANE('',#5141);
#92=PLANE('',#5142);
#93=PLANE('',#5145);
#94=PLANE('',#5146);
#95=PLANE('',#5149);
#96=PLANE('',#5190);
#97=PLANE('',#5200);
#98=PLANE('',#5209);
#99=PLANE('',#5219);
#100=PLANE('',#5225);
#101=PLANE('',#5235);
#102=PLANE('',#5238);
#103=PLANE('',#5245);
#104=PLANE('',#5255);
#105=PLANE('',#5258);
#106=PLANE('',#5273);
#107=PLANE('',#5280);
#108=PLANE('',#5285);
#109=PLANE('',#5288);
#110=PLANE('',#5292);
#111=PLANE('',#5296);
#112=PLANE('',#5297);
#113=PLANE('',#5298);
#114=PLANE('',#5301);
#115=PLANE('',#5314);
#116=PLANE('',#5319);
#117=PLANE('',#5324);
#118=PLANE('',#5325);
#119=PLANE('',#5335);
#120=PLANE('',#5336);
#121=PLANE('',#5348);
#122=PLANE('',#5353);
#123=PLANE('',#5358);
#124=PLANE('',#5365);
#125=PLANE('',#5366);
#126=PLANE('',#5367);
#127=PLANE('',#5370);
#128=PLANE('',#5373);
#129=PLANE('',#5376);
#130=PLANE('',#5379);
#131=PLANE('',#5382);
#132=PLANE('',#5385);
#133=PLANE('',#5386);
#134=PLANE('',#5390);
#135=PLANE('',#5393);
#136=PLANE('',#5398);
#137=PLANE('',#5407);
#138=PLANE('',#5412);
#139=PLANE('',#5418);
#140=PLANE('',#5420);
#141=PLANE('',#5434);
#142=PLANE('',#5437);
#143=PLANE('',#5440);
#144=PLANE('',#5441);
#145=PLANE('',#5445);
#146=PLANE('',#5449);
#147=PLANE('',#5453);
#148=PLANE('',#5454);
#149=PLANE('',#5456);
#150=PLANE('',#5458);
#151=PLANE('',#5464);
#152=PLANE('',#5466);
#153=PLANE('',#5476);
#154=PLANE('',#5480);
#155=PLANE('',#5482);
#156=PLANE('',#5485);
#157=PLANE('',#5488);
#158=PLANE('',#5491);
#159=PLANE('',#5494);
#160=PLANE('',#5497);
#161=PLANE('',#5500);
#162=B_SPLINE_CURVE_WITH_KNOTS('',3,(#7027,#7028,#7029,#7030,#7031,#7032),
 .UNSPECIFIED.,.F.,.F.,(4,2,4),(2.58387670455703,2.69783751299593,2.78752187340229),
 .UNSPECIFIED.);
#163=B_SPLINE_CURVE_WITH_KNOTS('',3,(#7155,#7156,#7157,#7158,#7159,#7160),
 .UNSPECIFIED.,.F.,.F.,(4,2,4),(-1.69717456584167,-1.67150786402874,-1.5779034005364),
 .UNSPECIFIED.);
#164=B_SPLINE_CURVE_WITH_KNOTS('',3,(#7163,#7164,#7165,#7166,#7167,#7168),
 .UNSPECIFIED.,.F.,.F.,(4,2,4),(0.72192580234457,0.836261851061997,0.872310048057778),
 .UNSPECIFIED.);
#165=B_SPLINE_CURVE_WITH_KNOTS('',3,(#7171,#7172,#7173,#7174,#7175,#7176,
#7177,#7178),.UNSPECIFIED.,.F.,.F.,(4,2,2,4),(-1.88857535621456,-1.87491300508935,
-1.74991880475006,-1.73615203679614),.UNSPECIFIED.);
#166=B_SPLINE_CURVE_WITH_KNOTS('',3,(#7182,#7183,#7184,#7185),
 .UNSPECIFIED.,.F.,.F.,(4,4),(-2.30809317815833,-2.28858680561519),
 .UNSPECIFIED.);
#167=B_SPLINE_CURVE_WITH_KNOTS('',3,(#7187,#7188,#7189,#7190,#7191,#7192),
 .UNSPECIFIED.,.F.,.F.,(4,2,4),(-0.11260255987228,-0.112092840477236,0.),
 .UNSPECIFIED.);
#168=B_SPLINE_CURVE_WITH_KNOTS('',3,(#7198,#7199,#7200,#7201,#7202,#7203),
 .UNSPECIFIED.,.F.,.F.,(4,2,4),(-0.277883693406297,-0.259895579504148,-0.245687165208836),
 .UNSPECIFIED.);
#169=B_SPLINE_CURVE_WITH_KNOTS('',3,(#7216,#7217,#7218,#7219,#7220,#7221),
 .UNSPECIFIED.,.F.,.F.,(4,2,4),(-1.90747808171557,-1.89999645473253,-1.88762173763749),
 .UNSPECIFIED.);
#170=B_SPLINE_CURVE_WITH_KNOTS('',3,(#7223,#7224,#7225,#7226,#7227,#7228),
 .UNSPECIFIED.,.F.,.F.,(4,2,4),(-1.69717456584167,-1.67150786402874,-1.5779034005364),
 .UNSPECIFIED.);
#171=B_SPLINE_CURVE_WITH_KNOTS('',3,(#7231,#7232,#7233,#7234),
 .UNSPECIFIED.,.F.,.F.,(4,4),(0.720423891727484,0.834013398609033),
 .UNSPECIFIED.);
#172=B_SPLINE_CURVE_WITH_KNOTS('',3,(#7237,#7238,#7239,#7240,#7241,#7242,
#7243,#7244),.UNSPECIFIED.,.F.,.F.,(4,2,2,4),(-1.88857535621456,-1.87491300508935,
-1.74991880475006,-1.73615203679613),.UNSPECIFIED.);
#173=B_SPLINE_CURVE_WITH_KNOTS('',3,(#7248,#7249,#7250,#7251,#7252,#7253),
 .UNSPECIFIED.,.F.,.F.,(4,2,4),(-0.14834985161176,-0.112092840477236,0.),
 .UNSPECIFIED.);
#174=B_SPLINE_CURVE_WITH_KNOTS('',3,(#7259,#7260,#7261,#7262,#7263,#7264),
 .UNSPECIFIED.,.F.,.F.,(4,2,4),(-0.310080221603759,-0.295871807308447,-0.277883693406297),
 .UNSPECIFIED.);
#175=B_SPLINE_CURVE_WITH_KNOTS('',3,(#7277,#7278,#7279,#7280,#7281,#7282,
#7283,#7284),.UNSPECIFIED.,.F.,.F.,(4,2,2,4),(-1.88817730951687,-1.87453916237199,
-1.74956988488052,-1.73575720619076),.UNSPECIFIED.);
#176=B_SPLINE_CURVE_WITH_KNOTS('',3,(#7287,#7288,#7289,#7290,#7291,#7292,
#7293,#7294),.UNSPECIFIED.,.F.,.F.,(4,2,2,4),(2.1112017722679,2.12486186451437,
2.24985373889756,2.26362479158213),.UNSPECIFIED.);
#177=B_SPLINE_CURVE_WITH_KNOTS('',3,(#7297,#7298,#7299,#7300,#7301,#7302),
 .UNSPECIFIED.,.F.,.F.,(4,2,4),(-0.148349851611759,-0.112092840477236,0.),
 .UNSPECIFIED.);
#178=B_SPLINE_CURVE_WITH_KNOTS('',3,(#7307,#7308,#7309,#7310,#7311,#7312),
 .UNSPECIFIED.,.F.,.F.,(4,2,4),(0.721925802344569,0.836261851061996,0.872310048057778),
 .UNSPECIFIED.);
#179=B_SPLINE_CURVE_WITH_KNOTS('',3,(#7315,#7316,#7317,#7318,#7319,#7320),
 .UNSPECIFIED.,.F.,.F.,(4,2,4),(-0.310080221603759,-0.295871807308446,-0.277883693406297),
 .UNSPECIFIED.);
#180=B_SPLINE_CURVE_WITH_KNOTS('',3,(#7323,#7324,#7325,#7326,#7327,#7328),
 .UNSPECIFIED.,.F.,.F.,(4,2,4),(-0.277883693406298,-0.259895579504148,-0.245687165208837),
 .UNSPECIFIED.);
#181=B_SPLINE_CURVE_WITH_KNOTS('',3,(#7768,#7769,#7770,#7771,#7772,#7773,
#7774,#7775,#7776,#7777,#7778,#7779),.UNSPECIFIED.,.F.,.F.,(4,2,2,2,2,4),
(-2.15093671620936,-2.14013195103237,-2.12932718585539,-2.10771765550143,
-2.06449859479351,-2.04501895531623),.UNSPECIFIED.);
#182=B_SPLINE_CURVE_WITH_KNOTS('',3,(#7828,#7829,#7830,#7831,#7832,#7833,
#7834,#7835,#7836,#7837,#7838,#7839),.UNSPECIFIED.,.F.,.F.,(4,2,2,2,2,4),
(-2.15093671620935,-2.14013195103237,-2.12932718585539,-2.10771765550143,
-2.0644985947935,-2.04501895531623),.UNSPECIFIED.);
#183=B_SPLINE_CURVE_WITH_KNOTS('',3,(#7953,#7954,#7955,#7956,#7957,#7958),
 .UNSPECIFIED.,.F.,.F.,(4,2,4),(0.,0.092989128369147,0.190907083363435),
 .UNSPECIFIED.);
#184=B_SPLINE_CURVE_WITH_KNOTS('',3,(#7960,#7961,#7962,#7963,#7964,#7965),
 .UNSPECIFIED.,.F.,.F.,(4,2,4),(-0.0151044597120921,0.,0.173614396088881),
 .UNSPECIFIED.);
#185=B_SPLINE_CURVE_WITH_KNOTS('',3,(#7984,#7985,#7986,#7987,#7988,#7989),
 .UNSPECIFIED.,.F.,.F.,(4,2,4),(-0.0752640591227812,-0.0371800071774347,
0.),.UNSPECIFIED.);
#186=B_SPLINE_CURVE_WITH_KNOTS('',3,(#7999,#8000,#8001,#8002,#8003,#8004,
#8005),.UNSPECIFIED.,.F.,.F.,(4,3,4),(-0.0769205156683342,-0.0385425817664906,
0.),.UNSPECIFIED.);
#187=B_SPLINE_CURVE_WITH_KNOTS('',3,(#8023,#8024,#8025,#8026,#8027,#8028),
 .UNSPECIFIED.,.F.,.F.,(4,2,4),(-0.155943004523036,-0.0781152477890246,
0.),.UNSPECIFIED.);
#188=B_SPLINE_CURVE_WITH_KNOTS('',3,(#8029,#8030,#8031,#8032,#8033,#8034),
 .UNSPECIFIED.,.F.,.F.,(4,2,4),(-0.156412739761404,-0.0783661005865132,
-7.40155520206898E-10),.UNSPECIFIED.);
#189=B_SPLINE_CURVE_WITH_KNOTS('',3,(#8103,#8104,#8105,#8106,#8107,#8108),
 .UNSPECIFIED.,.F.,.F.,(4,2,4),(-0.0151044597118238,0.,0.173614396088752),
 .UNSPECIFIED.);
#190=B_SPLINE_CURVE_WITH_KNOTS('',3,(#8111,#8112,#8113,#8114,#8115,#8116),
 .UNSPECIFIED.,.F.,.F.,(4,2,4),(0.,0.0929891283637215,0.190907083347185),
 .UNSPECIFIED.);
#191=B_SPLINE_CURVE_WITH_KNOTS('',3,(#8134,#8135,#8136,#8137,#8138,#8139,
#8140),.UNSPECIFIED.,.F.,.F.,(4,3,4),(-0.0769205156674178,-0.03854258176594,
0.),.UNSPECIFIED.);
#192=B_SPLINE_CURVE_WITH_KNOTS('',3,(#8151,#8152,#8153,#8154,#8155,#8156),
 .UNSPECIFIED.,.F.,.F.,(4,2,4),(-0.0752640591216201,-0.0371800071771714,
0.),.UNSPECIFIED.);
#193=B_SPLINE_CURVE_WITH_KNOTS('',3,(#8173,#8174,#8175,#8176,#8177,#8178),
 .UNSPECIFIED.,.F.,.F.,(4,2,4),(-0.156412739761413,-0.0783661005865244,
-7.40154021405814E-10),.UNSPECIFIED.);
#194=B_SPLINE_CURVE_WITH_KNOTS('',3,(#8179,#8180,#8181,#8182,#8183,#8184),
 .UNSPECIFIED.,.F.,.F.,(4,2,4),(1.00000000104363E-6,0.0781162474466149,
0.155944004190494),.UNSPECIFIED.);
#195=B_SPLINE_CURVE_WITH_KNOTS('',3,(#8211,#8212,#8213,#8214),
 .UNSPECIFIED.,.F.,.F.,(4,4),(-0.195251200740722,-0.0191406468726431),
 .UNSPECIFIED.);
#196=B_SPLINE_CURVE_WITH_KNOTS('',3,(#8216,#8217,#8218,#8219,#8220,#8221),
 .UNSPECIFIED.,.F.,.F.,(4,2,4),(-0.0159215360931134,-0.0079608165298634,
0.),.UNSPECIFIED.);
#197=B_SPLINE_CURVE_WITH_KNOTS('',3,(#8245,#8246,#8247,#8248,#8249,#8250),
 .UNSPECIFIED.,.F.,.F.,(4,2,4),(-0.155848382939958,-0.0778029888876914,
0.),.UNSPECIFIED.);
#198=B_SPLINE_CURVE_WITH_KNOTS('',3,(#8291,#8292,#8293,#8294,#8295,#8296),
 .UNSPECIFIED.,.F.,.F.,(4,2,4),(0.,0.0389835365282792,0.0781322907742583),
 .UNSPECIFIED.);
#199=B_SPLINE_CURVE_WITH_KNOTS('',3,(#8297,#8298,#8299,#8300,#8301,#8302),
 .UNSPECIFIED.,.F.,.F.,(4,2,4),(0.,0.00796081649861513,0.015921536040503),
 .UNSPECIFIED.);
#200=B_SPLINE_CURVE_WITH_KNOTS('',3,(#8323,#8324,#8325,#8326,#8327,#8328),
 .UNSPECIFIED.,.F.,.F.,(4,2,4),(0.,0.0389835367410168,0.0781322907193898),
 .UNSPECIFIED.);
#201=B_SPLINE_CURVE_WITH_KNOTS('',3,(#8353,#8354,#8355,#8356,#8357,#8358),
 .UNSPECIFIED.,.F.,.F.,(4,2,4),(-0.0708468837474308,-0.0354284365446748,
0.),.UNSPECIFIED.);
#202=B_SPLINE_CURVE_WITH_KNOTS('',3,(#8379,#8380,#8381,#8382,#8383,#8384),
 .UNSPECIFIED.,.F.,.F.,(4,2,4),(0.,0.0364423963861934,0.0722987089694863),
 .UNSPECIFIED.);
#203=B_SPLINE_CURVE_WITH_KNOTS('',3,(#8401,#8402,#8403,#8404,#8405,#8406),
 .UNSPECIFIED.,.F.,.F.,(4,2,4),(0.,0.0782936094490592,0.156338925801509),
 .UNSPECIFIED.);
#204=B_SPLINE_CURVE_WITH_KNOTS('',3,(#8422,#8423,#8424,#8425,#8426,#8427,
#8428),.UNSPECIFIED.,.F.,.F.,(4,3,4),(-0.0780692141104532,-0.0390309193228406,
0.),.UNSPECIFIED.);
#205=B_SPLINE_CURVE_WITH_KNOTS('',3,(#8445,#8446,#8447,#8448),
 .UNSPECIFIED.,.F.,.F.,(4,4),(0.0161504793962559,0.195251200740722),
 .UNSPECIFIED.);
#206=B_SPLINE_CURVE_WITH_KNOTS('',3,(#8473,#8474,#8475,#8476,#8477,#8478),
 .UNSPECIFIED.,.F.,.F.,(4,2,4),(0.,0.0364423964169114,0.0722987089703275),
 .UNSPECIFIED.);
#207=B_SPLINE_CURVE_WITH_KNOTS('',3,(#8520,#8521,#8522,#8523,#8524,#8525,
#8526),.UNSPECIFIED.,.F.,.F.,(4,3,4),(-0.0780692141082082,-0.0390309018774088,
0.),.UNSPECIFIED.);
#208=B_SPLINE_CURVE_WITH_KNOTS('',3,(#8544,#8545,#8546,#8547),
 .UNSPECIFIED.,.F.,.F.,(4,4),(-0.195251200740722,-0.0191406468726922),
 .UNSPECIFIED.);
#209=B_SPLINE_CURVE_WITH_KNOTS('',3,(#8548,#8549,#8550,#8551),
 .UNSPECIFIED.,.F.,.F.,(4,4),(0.0161504793962975,0.195251200740722),
 .UNSPECIFIED.);
#210=B_SPLINE_CURVE_WITH_KNOTS('',3,(#8567,#8568,#8569,#8570,#8571,#8572),
 .UNSPECIFIED.,.F.,.F.,(4,2,4),(-0.0708468837463931,-0.0354284365442801,
0.),.UNSPECIFIED.);
#211=B_SPLINE_CURVE_WITH_KNOTS('',3,(#8589,#8590,#8591,#8592,#8593,#8594),
 .UNSPECIFIED.,.F.,.F.,(4,2,4),(0.,0.0782936094491038,0.156338925801618),
 .UNSPECIFIED.);
#212=B_SPLINE_CURVE_WITH_KNOTS('',3,(#8595,#8596,#8597,#8598,#8599,#8600),
 .UNSPECIFIED.,.F.,.F.,(4,2,4),(0.,0.0778029888877131,0.155848382940097),
 .UNSPECIFIED.);
#213=B_SPLINE_CURVE_WITH_KNOTS('',3,(#8613,#8614,#8615,#8616,#8617,#8618,
#8619,#8620,#8621,#8622),.UNSPECIFIED.,.F.,.F.,(4,2,2,2,4),(0.0388829485728762,
0.0494045421433567,0.0594421675009065,0.0688867545328018,0.0778487972223453),
 .UNSPECIFIED.);
#214=B_SPLINE_CURVE_WITH_KNOTS('',3,(#8730,#8731,#8732,#8733,#8734,#8735),
 .UNSPECIFIED.,.F.,.F.,(4,2,4),(0.0391862241569655,0.0499156449603525,0.0517488809114513),
 .UNSPECIFIED.);
#215=B_SPLINE_CURVE_WITH_KNOTS('',3,(#8773,#8774,#8775,#8776,#8777,#8778,
#8779,#8780,#8781,#8782),.UNSPECIFIED.,.F.,.F.,(4,2,2,2,4),(-0.11681516905275,
-0.106293575482269,-0.0962559501247189,-0.0868113630928233,-0.0778493204032796),
 .UNSPECIFIED.);
#216=B_SPLINE_CURVE_WITH_KNOTS('',3,(#8785,#8786,#8787,#8788,#8789,#8790,
#8791,#8792,#8793,#8794,#8795,#8796),.UNSPECIFIED.,.F.,.F.,(4,2,2,2,2,4),
(-0.216126450241423,-0.215744842827546,-0.197845634229228,-0.181186786275763,
-0.165408376999287,-0.155349778069038),.UNSPECIFIED.);
#217=B_SPLINE_CURVE_WITH_KNOTS('',3,(#8806,#8807,#8808,#8809,#8810,#8811,
#8812,#8813,#8814,#8815,#8816,#8817,#8818,#8819,#8820,#8821,#8822,#8823,
#8824),.UNSPECIFIED.,.F.,.F.,(4,3,3,3,3,3,4),(-0.0918246761226185,-0.0915682614272241,
-0.0832410313512643,-0.076073315962591,-0.0692076843155505,-0.0640057176966648,
-0.0603821654296998),.UNSPECIFIED.);
#218=CYLINDRICAL_SURFACE('',#4946,1.);
#219=CYLINDRICAL_SURFACE('',#4952,1.);
#220=CYLINDRICAL_SURFACE('',#4958,1.);
#221=CYLINDRICAL_SURFACE('',#4964,2.);
#222=CYLINDRICAL_SURFACE('',#4996,2.);
#223=CYLINDRICAL_SURFACE('',#4999,2.);
#224=CYLINDRICAL_SURFACE('',#5004,4.48);
#225=CYLINDRICAL_SURFACE('',#5024,9.4);
#226=CYLINDRICAL_SURFACE('',#5026,3.04949101701592);
#227=CYLINDRICAL_SURFACE('',#5037,9.4);
#228=CYLINDRICAL_SURFACE('',#5039,3.04949101701592);
#229=CYLINDRICAL_SURFACE('',#5050,3.04949101701592);
#230=CYLINDRICAL_SURFACE('',#5052,6.);
#231=CYLINDRICAL_SURFACE('',#5056,2.);
#232=CYLINDRICAL_SURFACE('',#5060,2.);
#233=CYLINDRICAL_SURFACE('',#5069,2.);
#234=CYLINDRICAL_SURFACE('',#5086,10.9);
#235=CYLINDRICAL_SURFACE('',#5094,8.65);
#236=CYLINDRICAL_SURFACE('',#5096,8.65);
#237=CYLINDRICAL_SURFACE('',#5123,6.);
#238=CYLINDRICAL_SURFACE('',#5125,3.0494910170162);
#239=CYLINDRICAL_SURFACE('',#5128,3.0494910170162);
#240=CYLINDRICAL_SURFACE('',#5130,9.4);
#241=CYLINDRICAL_SURFACE('',#5133,6.);
#242=CYLINDRICAL_SURFACE('',#5135,3.0494910170162);
#243=CYLINDRICAL_SURFACE('',#5150,8.65);
#244=CYLINDRICAL_SURFACE('',#5169,9.39);
#245=CYLINDRICAL_SURFACE('',#5170,10.39);
#246=CYLINDRICAL_SURFACE('',#5172,9.39);
#247=CYLINDRICAL_SURFACE('',#5173,10.39);
#248=CYLINDRICAL_SURFACE('',#5175,9.39);
#249=CYLINDRICAL_SURFACE('',#5176,10.39);
#250=CYLINDRICAL_SURFACE('',#5178,9.39);
#251=CYLINDRICAL_SURFACE('',#5179,10.39);
#252=CYLINDRICAL_SURFACE('',#5181,9.39);
#253=CYLINDRICAL_SURFACE('',#5182,10.39);
#254=CYLINDRICAL_SURFACE('',#5184,9.39);
#255=CYLINDRICAL_SURFACE('',#5185,10.39);
#256=CYLINDRICAL_SURFACE('',#5286,9.8);
#257=CYLINDRICAL_SURFACE('',#5287,0.5);
#258=CYLINDRICAL_SURFACE('',#5289,0.25);
#259=CYLINDRICAL_SURFACE('',#5290,15.1);
#260=CYLINDRICAL_SURFACE('',#5291,0.25);
#261=CYLINDRICAL_SURFACE('',#5293,0.5);
#262=CYLINDRICAL_SURFACE('',#5349,11.3);
#263=CYLINDRICAL_SURFACE('',#5352,0.25);
#264=CYLINDRICAL_SURFACE('',#5354,0.5);
#265=CYLINDRICAL_SURFACE('',#5355,16.6);
#266=CYLINDRICAL_SURFACE('',#5357,0.5);
#267=CYLINDRICAL_SURFACE('',#5359,0.5);
#268=CYLINDRICAL_SURFACE('',#5361,12.8);
#269=CYLINDRICAL_SURFACE('',#5363,1.);
#270=CYLINDRICAL_SURFACE('',#5368,10.9);
#271=CYLINDRICAL_SURFACE('',#5371,10.9);
#272=CYLINDRICAL_SURFACE('',#5374,10.9);
#273=CYLINDRICAL_SURFACE('',#5377,10.9);
#274=CYLINDRICAL_SURFACE('',#5380,10.9);
#275=CYLINDRICAL_SURFACE('',#5383,1.);
#276=CYLINDRICAL_SURFACE('',#5388,0.5);
#277=CYLINDRICAL_SURFACE('',#5391,0.25);
#278=CYLINDRICAL_SURFACE('',#5394,0.25);
#279=CYLINDRICAL_SURFACE('',#5396,0.25);
#280=CYLINDRICAL_SURFACE('',#5399,0.25);
#281=CYLINDRICAL_SURFACE('',#5404,0.5);
#282=CYLINDRICAL_SURFACE('',#5410,0.25);
#283=CYLINDRICAL_SURFACE('',#5414,0.25);
#284=CYLINDRICAL_SURFACE('',#5415,11.3);
#285=CYLINDRICAL_SURFACE('',#5417,0.25);
#286=CYLINDRICAL_SURFACE('',#5419,0.25);
#287=CYLINDRICAL_SURFACE('',#5421,0.5);
#288=CYLINDRICAL_SURFACE('',#5423,13.9);
#289=CYLINDRICAL_SURFACE('',#5425,0.5);
#290=CYLINDRICAL_SURFACE('',#5427,13.9);
#291=CYLINDRICAL_SURFACE('',#5429,0.5);
#292=CYLINDRICAL_SURFACE('',#5430,9.8);
#293=CYLINDRICAL_SURFACE('',#5431,0.5);
#294=CYLINDRICAL_SURFACE('',#5432,0.5);
#295=CYLINDRICAL_SURFACE('',#5433,0.5);
#296=CYLINDRICAL_SURFACE('',#5438,12.8);
#297=CYLINDRICAL_SURFACE('',#5439,15.1);
#298=CYLINDRICAL_SURFACE('',#5442,1.);
#299=CYLINDRICAL_SURFACE('',#5446,1.);
#300=CYLINDRICAL_SURFACE('',#5450,1.);
#301=CYLINDRICAL_SURFACE('',#5460,1.75);
#302=CYLINDRICAL_SURFACE('',#5474,1.75);
#303=CYLINDRICAL_SURFACE('',#5478,1.75);
#304=CYLINDRICAL_SURFACE('',#5483,11.15);
#305=CYLINDRICAL_SURFACE('',#5486,8.375);
#306=CYLINDRICAL_SURFACE('',#5489,11.15);
#307=CYLINDRICAL_SURFACE('',#5492,8.375);
#308=CYLINDRICAL_SURFACE('',#5495,11.15);
#309=CYLINDRICAL_SURFACE('',#5498,8.375);
#310=FACE_OUTER_BOUND('',#586,.T.);
#311=FACE_OUTER_BOUND('',#587,.T.);
#312=FACE_OUTER_BOUND('',#588,.T.);
#313=FACE_OUTER_BOUND('',#589,.T.);
#314=FACE_OUTER_BOUND('',#590,.T.);
#315=FACE_OUTER_BOUND('',#591,.T.);
#316=FACE_OUTER_BOUND('',#592,.T.);
#317=FACE_OUTER_BOUND('',#593,.T.);
#318=FACE_OUTER_BOUND('',#594,.T.);
#319=FACE_OUTER_BOUND('',#595,.T.);
#320=FACE_OUTER_BOUND('',#599,.T.);
#321=FACE_OUTER_BOUND('',#600,.T.);
#322=FACE_OUTER_BOUND('',#601,.T.);
#323=FACE_OUTER_BOUND('',#602,.T.);
#324=FACE_OUTER_BOUND('',#603,.T.);
#325=FACE_OUTER_BOUND('',#604,.T.);
#326=FACE_OUTER_BOUND('',#606,.T.);
#327=FACE_OUTER_BOUND('',#607,.T.);
#328=FACE_OUTER_BOUND('',#608,.T.);
#329=FACE_OUTER_BOUND('',#609,.T.);
#330=FACE_OUTER_BOUND('',#610,.T.);
#331=FACE_OUTER_BOUND('',#611,.T.);
#332=FACE_OUTER_BOUND('',#612,.T.);
#333=FACE_OUTER_BOUND('',#613,.T.);
#334=FACE_OUTER_BOUND('',#614,.T.);
#335=FACE_OUTER_BOUND('',#615,.T.);
#336=FACE_OUTER_BOUND('',#616,.T.);
#337=FACE_OUTER_BOUND('',#617,.T.);
#338=FACE_OUTER_BOUND('',#618,.T.);
#339=FACE_OUTER_BOUND('',#619,.T.);
#340=FACE_OUTER_BOUND('',#620,.T.);
#341=FACE_OUTER_BOUND('',#621,.T.);
#342=FACE_OUTER_BOUND('',#622,.T.);
#343=FACE_OUTER_BOUND('',#623,.T.);
#344=FACE_OUTER_BOUND('',#624,.T.);
#345=FACE_OUTER_BOUND('',#625,.T.);
#346=FACE_OUTER_BOUND('',#626,.T.);
#347=FACE_OUTER_BOUND('',#627,.T.);
#348=FACE_OUTER_BOUND('',#628,.T.);
#349=FACE_OUTER_BOUND('',#629,.T.);
#350=FACE_OUTER_BOUND('',#630,.T.);
#351=FACE_OUTER_BOUND('',#631,.T.);
#352=FACE_OUTER_BOUND('',#632,.T.);
#353=FACE_OUTER_BOUND('',#633,.T.);
#354=FACE_OUTER_BOUND('',#635,.T.);
#355=FACE_OUTER_BOUND('',#636,.T.);
#356=FACE_OUTER_BOUND('',#638,.T.);
#357=FACE_OUTER_BOUND('',#640,.T.);
#358=FACE_OUTER_BOUND('',#641,.T.);
#359=FACE_OUTER_BOUND('',#642,.T.);
#360=FACE_OUTER_BOUND('',#643,.T.);
#361=FACE_OUTER_BOUND('',#644,.T.);
#362=FACE_OUTER_BOUND('',#645,.T.);
#363=FACE_OUTER_BOUND('',#646,.T.);
#364=FACE_OUTER_BOUND('',#647,.T.);
#365=FACE_OUTER_BOUND('',#648,.T.);
#366=FACE_OUTER_BOUND('',#649,.T.);
#367=FACE_OUTER_BOUND('',#650,.T.);
#368=FACE_OUTER_BOUND('',#651,.T.);
#369=FACE_OUTER_BOUND('',#652,.T.);
#370=FACE_OUTER_BOUND('',#653,.T.);
#371=FACE_OUTER_BOUND('',#654,.T.);
#372=FACE_OUTER_BOUND('',#655,.T.);
#373=FACE_OUTER_BOUND('',#656,.T.);
#374=FACE_OUTER_BOUND('',#657,.T.);
#375=FACE_OUTER_BOUND('',#658,.T.);
#376=FACE_OUTER_BOUND('',#659,.T.);
#377=FACE_OUTER_BOUND('',#660,.T.);
#378=FACE_OUTER_BOUND('',#661,.T.);
#379=FACE_OUTER_BOUND('',#662,.T.);
#380=FACE_OUTER_BOUND('',#663,.T.);
#381=FACE_OUTER_BOUND('',#664,.T.);
#382=FACE_OUTER_BOUND('',#665,.T.);
#383=FACE_OUTER_BOUND('',#666,.T.);
#384=FACE_OUTER_BOUND('',#667,.T.);
#385=FACE_OUTER_BOUND('',#668,.T.);
#386=FACE_OUTER_BOUND('',#669,.T.);
#387=FACE_OUTER_BOUND('',#670,.T.);
#388=FACE_OUTER_BOUND('',#671,.T.);
#389=FACE_OUTER_BOUND('',#672,.T.);
#390=FACE_OUTER_BOUND('',#673,.T.);
#391=FACE_OUTER_BOUND('',#674,.T.);
#392=FACE_OUTER_BOUND('',#675,.T.);
#393=FACE_OUTER_BOUND('',#676,.T.);
#394=FACE_OUTER_BOUND('',#677,.T.);
#395=FACE_OUTER_BOUND('',#678,.T.);
#396=FACE_OUTER_BOUND('',#679,.T.);
#397=FACE_OUTER_BOUND('',#680,.T.);
#398=FACE_OUTER_BOUND('',#681,.T.);
#399=FACE_OUTER_BOUND('',#682,.T.);
#400=FACE_OUTER_BOUND('',#683,.T.);
#401=FACE_OUTER_BOUND('',#684,.T.);
#402=FACE_OUTER_BOUND('',#685,.T.);
#403=FACE_OUTER_BOUND('',#686,.T.);
#404=FACE_OUTER_BOUND('',#687,.T.);
#405=FACE_OUTER_BOUND('',#688,.T.);
#406=FACE_OUTER_BOUND('',#689,.T.);
#407=FACE_OUTER_BOUND('',#690,.T.);
#408=FACE_OUTER_BOUND('',#691,.T.);
#409=FACE_OUTER_BOUND('',#692,.T.);
#410=FACE_OUTER_BOUND('',#693,.T.);
#411=FACE_OUTER_BOUND('',#694,.T.);
#412=FACE_OUTER_BOUND('',#695,.T.);
#413=FACE_OUTER_BOUND('',#696,.T.);
#414=FACE_OUTER_BOUND('',#697,.T.);
#415=FACE_OUTER_BOUND('',#698,.T.);
#416=FACE_OUTER_BOUND('',#699,.T.);
#417=FACE_OUTER_BOUND('',#700,.T.);
#418=FACE_OUTER_BOUND('',#701,.T.);
#419=FACE_OUTER_BOUND('',#702,.T.);
#420=FACE_OUTER_BOUND('',#703,.T.);
#421=FACE_OUTER_BOUND('',#704,.T.);
#422=FACE_OUTER_BOUND('',#705,.T.);
#423=FACE_OUTER_BOUND('',#706,.T.);
#424=FACE_OUTER_BOUND('',#707,.T.);
#425=FACE_OUTER_BOUND('',#708,.T.);
#426=FACE_OUTER_BOUND('',#709,.T.);
#427=FACE_OUTER_BOUND('',#710,.T.);
#428=FACE_OUTER_BOUND('',#711,.T.);
#429=FACE_OUTER_BOUND('',#712,.T.);
#430=FACE_OUTER_BOUND('',#713,.T.);
#431=FACE_OUTER_BOUND('',#714,.T.);
#432=FACE_OUTER_BOUND('',#715,.T.);
#433=FACE_OUTER_BOUND('',#716,.T.);
#434=FACE_OUTER_BOUND('',#717,.T.);
#435=FACE_OUTER_BOUND('',#718,.T.);
#436=FACE_OUTER_BOUND('',#719,.T.);
#437=FACE_OUTER_BOUND('',#720,.T.);
#438=FACE_OUTER_BOUND('',#721,.T.);
#439=FACE_OUTER_BOUND('',#722,.T.);
#440=FACE_OUTER_BOUND('',#723,.T.);
#441=FACE_OUTER_BOUND('',#724,.T.);
#442=FACE_OUTER_BOUND('',#725,.T.);
#443=FACE_OUTER_BOUND('',#726,.T.);
#444=FACE_OUTER_BOUND('',#727,.T.);
#445=FACE_OUTER_BOUND('',#728,.T.);
#446=FACE_OUTER_BOUND('',#729,.T.);
#447=FACE_OUTER_BOUND('',#730,.T.);
#448=FACE_OUTER_BOUND('',#731,.T.);
#449=FACE_OUTER_BOUND('',#732,.T.);
#450=FACE_OUTER_BOUND('',#733,.T.);
#451=FACE_OUTER_BOUND('',#734,.T.);
#452=FACE_OUTER_BOUND('',#735,.T.);
#453=FACE_OUTER_BOUND('',#736,.T.);
#454=FACE_OUTER_BOUND('',#737,.T.);
#455=FACE_OUTER_BOUND('',#738,.T.);
#456=FACE_OUTER_BOUND('',#739,.T.);
#457=FACE_OUTER_BOUND('',#740,.T.);
#458=FACE_OUTER_BOUND('',#741,.T.);
#459=FACE_OUTER_BOUND('',#742,.T.);
#460=FACE_OUTER_BOUND('',#743,.T.);
#461=FACE_OUTER_BOUND('',#744,.T.);
#462=FACE_OUTER_BOUND('',#745,.T.);
#463=FACE_OUTER_BOUND('',#746,.T.);
#464=FACE_OUTER_BOUND('',#747,.T.);
#465=FACE_OUTER_BOUND('',#748,.T.);
#466=FACE_OUTER_BOUND('',#749,.T.);
#467=FACE_OUTER_BOUND('',#750,.T.);
#468=FACE_OUTER_BOUND('',#751,.T.);
#469=FACE_OUTER_BOUND('',#752,.T.);
#470=FACE_OUTER_BOUND('',#753,.T.);
#471=FACE_OUTER_BOUND('',#754,.T.);
#472=FACE_OUTER_BOUND('',#755,.T.);
#473=FACE_OUTER_BOUND('',#756,.T.);
#474=FACE_OUTER_BOUND('',#757,.T.);
#475=FACE_OUTER_BOUND('',#758,.T.);
#476=FACE_OUTER_BOUND('',#759,.T.);
#477=FACE_OUTER_BOUND('',#760,.T.);
#478=FACE_OUTER_BOUND('',#761,.T.);
#479=FACE_OUTER_BOUND('',#762,.T.);
#480=FACE_OUTER_BOUND('',#763,.T.);
#481=FACE_OUTER_BOUND('',#764,.T.);
#482=FACE_OUTER_BOUND('',#765,.T.);
#483=FACE_OUTER_BOUND('',#766,.T.);
#484=FACE_OUTER_BOUND('',#767,.T.);
#485=FACE_OUTER_BOUND('',#768,.T.);
#486=FACE_OUTER_BOUND('',#769,.T.);
#487=FACE_OUTER_BOUND('',#770,.T.);
#488=FACE_OUTER_BOUND('',#771,.T.);
#489=FACE_OUTER_BOUND('',#772,.T.);
#490=FACE_OUTER_BOUND('',#773,.T.);
#491=FACE_OUTER_BOUND('',#774,.T.);
#492=FACE_OUTER_BOUND('',#775,.T.);
#493=FACE_OUTER_BOUND('',#776,.T.);
#494=FACE_OUTER_BOUND('',#777,.T.);
#495=FACE_OUTER_BOUND('',#778,.T.);
#496=FACE_OUTER_BOUND('',#779,.T.);
#497=FACE_OUTER_BOUND('',#780,.T.);
#498=FACE_OUTER_BOUND('',#781,.T.);
#499=FACE_OUTER_BOUND('',#782,.T.);
#500=FACE_OUTER_BOUND('',#783,.T.);
#501=FACE_OUTER_BOUND('',#784,.T.);
#502=FACE_OUTER_BOUND('',#785,.T.);
#503=FACE_OUTER_BOUND('',#786,.T.);
#504=FACE_OUTER_BOUND('',#787,.T.);
#505=FACE_OUTER_BOUND('',#788,.T.);
#506=FACE_OUTER_BOUND('',#789,.T.);
#507=FACE_OUTER_BOUND('',#790,.T.);
#508=FACE_OUTER_BOUND('',#791,.T.);
#509=FACE_OUTER_BOUND('',#792,.T.);
#510=FACE_OUTER_BOUND('',#793,.T.);
#511=FACE_OUTER_BOUND('',#794,.T.);
#512=FACE_OUTER_BOUND('',#795,.T.);
#513=FACE_OUTER_BOUND('',#796,.T.);
#514=FACE_OUTER_BOUND('',#797,.T.);
#515=FACE_OUTER_BOUND('',#798,.T.);
#516=FACE_OUTER_BOUND('',#799,.T.);
#517=FACE_OUTER_BOUND('',#800,.T.);
#518=FACE_OUTER_BOUND('',#801,.T.);
#519=FACE_OUTER_BOUND('',#802,.T.);
#520=FACE_OUTER_BOUND('',#803,.T.);
#521=FACE_OUTER_BOUND('',#804,.T.);
#522=FACE_OUTER_BOUND('',#805,.T.);
#523=FACE_OUTER_BOUND('',#806,.T.);
#524=FACE_OUTER_BOUND('',#807,.T.);
#525=FACE_OUTER_BOUND('',#808,.T.);
#526=FACE_OUTER_BOUND('',#809,.T.);
#527=FACE_OUTER_BOUND('',#810,.T.);
#528=FACE_OUTER_BOUND('',#811,.T.);
#529=FACE_OUTER_BOUND('',#812,.T.);
#530=FACE_OUTER_BOUND('',#813,.T.);
#531=FACE_OUTER_BOUND('',#814,.T.);
#532=FACE_OUTER_BOUND('',#815,.T.);
#533=FACE_OUTER_BOUND('',#816,.T.);
#534=FACE_OUTER_BOUND('',#817,.T.);
#535=FACE_OUTER_BOUND('',#818,.T.);
#536=FACE_OUTER_BOUND('',#819,.T.);
#537=FACE_OUTER_BOUND('',#820,.T.);
#538=FACE_OUTER_BOUND('',#821,.T.);
#539=FACE_OUTER_BOUND('',#822,.T.);
#540=FACE_OUTER_BOUND('',#823,.T.);
#541=FACE_OUTER_BOUND('',#824,.T.);
#542=FACE_OUTER_BOUND('',#825,.T.);
#543=FACE_OUTER_BOUND('',#826,.T.);
#544=FACE_OUTER_BOUND('',#827,.T.);
#545=FACE_OUTER_BOUND('',#828,.T.);
#546=FACE_OUTER_BOUND('',#829,.T.);
#547=FACE_OUTER_BOUND('',#830,.T.);
#548=FACE_OUTER_BOUND('',#831,.T.);
#549=FACE_OUTER_BOUND('',#832,.T.);
#550=FACE_OUTER_BOUND('',#833,.T.);
#551=FACE_OUTER_BOUND('',#834,.T.);
#552=FACE_OUTER_BOUND('',#835,.T.);
#553=FACE_OUTER_BOUND('',#836,.T.);
#554=FACE_OUTER_BOUND('',#837,.T.);
#555=FACE_OUTER_BOUND('',#838,.T.);
#556=FACE_OUTER_BOUND('',#839,.T.);
#557=FACE_OUTER_BOUND('',#843,.T.);
#558=FACE_OUTER_BOUND('',#844,.T.);
#559=FACE_OUTER_BOUND('',#845,.T.);
#560=FACE_OUTER_BOUND('',#846,.T.);
#561=FACE_OUTER_BOUND('',#847,.T.);
#562=FACE_OUTER_BOUND('',#848,.T.);
#563=FACE_OUTER_BOUND('',#849,.T.);
#564=FACE_OUTER_BOUND('',#851,.T.);
#565=FACE_OUTER_BOUND('',#853,.T.);
#566=FACE_OUTER_BOUND('',#855,.T.);
#567=FACE_OUTER_BOUND('',#856,.T.);
#568=FACE_OUTER_BOUND('',#857,.T.);
#569=FACE_OUTER_BOUND('',#858,.T.);
#570=FACE_OUTER_BOUND('',#859,.T.);
#571=FACE_OUTER_BOUND('',#860,.T.);
#572=FACE_OUTER_BOUND('',#861,.T.);
#573=FACE_OUTER_BOUND('',#862,.T.);
#574=FACE_OUTER_BOUND('',#863,.T.);
#575=FACE_OUTER_BOUND('',#864,.T.);
#576=FACE_OUTER_BOUND('',#865,.T.);
#577=FACE_OUTER_BOUND('',#866,.T.);
#578=FACE_OUTER_BOUND('',#867,.T.);
#579=FACE_OUTER_BOUND('',#868,.T.);
#580=FACE_OUTER_BOUND('',#869,.T.);
#581=FACE_OUTER_BOUND('',#870,.T.);
#582=FACE_OUTER_BOUND('',#871,.T.);
#583=FACE_OUTER_BOUND('',#872,.T.);
#584=FACE_OUTER_BOUND('',#873,.T.);
#585=FACE_OUTER_BOUND('',#874,.T.);
#586=EDGE_LOOP('',(#3095,#3096,#3097,#3098,#3099));
#587=EDGE_LOOP('',(#3100,#3101,#3102,#3103));
#588=EDGE_LOOP('',(#3104,#3105,#3106,#3107,#3108));
#589=EDGE_LOOP('',(#3109,#3110,#3111,#3112));
#590=EDGE_LOOP('',(#3113,#3114,#3115,#3116,#3117));
#591=EDGE_LOOP('',(#3118,#3119,#3120,#3121));
#592=EDGE_LOOP('',(#3122,#3123,#3124,#3125,#3126,#3127));
#593=EDGE_LOOP('',(#3128,#3129,#3130,#3131,#3132));
#594=EDGE_LOOP('',(#3133,#3134,#3135,#3136));
#595=EDGE_LOOP('',(#3137,#3138,#3139,#3140,#3141,#3142,#3143,#3144,#3145,
#3146,#3147,#3148,#3149,#3150,#3151,#3152,#3153,#3154,#3155,#3156,#3157,
#3158,#3159,#3160,#3161,#3162,#3163,#3164,#3165,#3166,#3167));
#596=EDGE_LOOP('',(#3168));
#597=EDGE_LOOP('',(#3169));
#598=EDGE_LOOP('',(#3170));
#599=EDGE_LOOP('',(#3171,#3172,#3173,#3174,#3175));
#600=EDGE_LOOP('',(#3176,#3177,#3178,#3179));
#601=EDGE_LOOP('',(#3180,#3181,#3182,#3183,#3184));
#602=EDGE_LOOP('',(#3185,#3186,#3187,#3188,#3189));
#603=EDGE_LOOP('',(#3190,#3191,#3192,#3193,#3194));
#604=EDGE_LOOP('',(#3195,#3196,#3197,#3198,#3199,#3200,#3201,#3202,#3203,
#3204,#3205,#3206,#3207));
#605=EDGE_LOOP('',(#3208));
#606=EDGE_LOOP('',(#3209,#3210,#3211,#3212));
#607=EDGE_LOOP('',(#3213,#3214,#3215,#3216));
#608=EDGE_LOOP('',(#3217,#3218,#3219,#3220));
#609=EDGE_LOOP('',(#3221,#3222,#3223,#3224,#3225));
#610=EDGE_LOOP('',(#3226,#3227,#3228,#3229,#3230,#3231));
#611=EDGE_LOOP('',(#3232,#3233,#3234,#3235));
#612=EDGE_LOOP('',(#3236,#3237,#3238,#3239));
#613=EDGE_LOOP('',(#3240,#3241,#3242,#3243,#3244));
#614=EDGE_LOOP('',(#3245,#3246,#3247,#3248));
#615=EDGE_LOOP('',(#3249,#3250,#3251,#3252));
#616=EDGE_LOOP('',(#3253,#3254,#3255,#3256,#3257,#3258));
#617=EDGE_LOOP('',(#3259,#3260,#3261,#3262));
#618=EDGE_LOOP('',(#3263,#3264,#3265,#3266));
#619=EDGE_LOOP('',(#3267,#3268,#3269,#3270));
#620=EDGE_LOOP('',(#3271,#3272,#3273,#3274));
#621=EDGE_LOOP('',(#3275,#3276,#3277,#3278));
#622=EDGE_LOOP('',(#3279,#3280,#3281,#3282,#3283,#3284,#3285,#3286));
#623=EDGE_LOOP('',(#3287,#3288,#3289,#3290));
#624=EDGE_LOOP('',(#3291,#3292,#3293,#3294));
#625=EDGE_LOOP('',(#3295,#3296,#3297,#3298,#3299,#3300,#3301,#3302));
#626=EDGE_LOOP('',(#3303,#3304,#3305,#3306,#3307,#3308,#3309,#3310));
#627=EDGE_LOOP('',(#3311,#3312,#3313,#3314,#3315,#3316,#3317,#3318));
#628=EDGE_LOOP('',(#3319,#3320,#3321,#3322,#3323,#3324,#3325,#3326));
#629=EDGE_LOOP('',(#3327,#3328,#3329,#3330,#3331,#3332,#3333,#3334));
#630=EDGE_LOOP('',(#3335,#3336,#3337,#3338,#3339,#3340,#3341,#3342));
#631=EDGE_LOOP('',(#3343,#3344,#3345,#3346,#3347,#3348,#3349,#3350));
#632=EDGE_LOOP('',(#3351,#3352,#3353,#3354,#3355,#3356,#3357,#3358));
#633=EDGE_LOOP('',(#3359));
#634=EDGE_LOOP('',(#3360));
#635=EDGE_LOOP('',(#3361,#3362,#3363,#3364,#3365,#3366,#3367,#3368));
#636=EDGE_LOOP('',(#3369));
#637=EDGE_LOOP('',(#3370));
#638=EDGE_LOOP('',(#3371));
#639=EDGE_LOOP('',(#3372));
#640=EDGE_LOOP('',(#3373,#3374,#3375,#3376));
#641=EDGE_LOOP('',(#3377,#3378,#3379,#3380,#3381));
#642=EDGE_LOOP('',(#3382,#3383,#3384,#3385,#3386));
#643=EDGE_LOOP('',(#3387,#3388,#3389,#3390));
#644=EDGE_LOOP('',(#3391,#3392,#3393,#3394));
#645=EDGE_LOOP('',(#3395,#3396,#3397,#3398,#3399,#3400,#3401,#3402));
#646=EDGE_LOOP('',(#3403,#3404,#3405,#3406));
#647=EDGE_LOOP('',(#3407,#3408,#3409,#3410));
#648=EDGE_LOOP('',(#3411,#3412,#3413,#3414));
#649=EDGE_LOOP('',(#3415,#3416,#3417,#3418));
#650=EDGE_LOOP('',(#3419,#3420,#3421,#3422));
#651=EDGE_LOOP('',(#3423,#3424,#3425,#3426));
#652=EDGE_LOOP('',(#3427,#3428,#3429,#3430));
#653=EDGE_LOOP('',(#3431,#3432,#3433,#3434));
#654=EDGE_LOOP('',(#3435,#3436,#3437,#3438));
#655=EDGE_LOOP('',(#3439,#3440,#3441,#3442,#3443,#3444,#3445,#3446,#3447,
#3448,#3449,#3450));
#656=EDGE_LOOP('',(#3451,#3452,#3453,#3454,#3455,#3456,#3457,#3458,#3459,
#3460,#3461,#3462));
#657=EDGE_LOOP('',(#3463,#3464,#3465,#3466,#3467,#3468,#3469,#3470,#3471,
#3472,#3473,#3474));
#658=EDGE_LOOP('',(#3475,#3476,#3477,#3478));
#659=EDGE_LOOP('',(#3479,#3480,#3481,#3482));
#660=EDGE_LOOP('',(#3483,#3484,#3485,#3486));
#661=EDGE_LOOP('',(#3487,#3488,#3489,#3490));
#662=EDGE_LOOP('',(#3491,#3492,#3493,#3494));
#663=EDGE_LOOP('',(#3495,#3496,#3497,#3498));
#664=EDGE_LOOP('',(#3499,#3500,#3501,#3502));
#665=EDGE_LOOP('',(#3503,#3504,#3505,#3506));
#666=EDGE_LOOP('',(#3507,#3508,#3509,#3510));
#667=EDGE_LOOP('',(#3511,#3512,#3513,#3514,#3515,#3516,#3517));
#668=EDGE_LOOP('',(#3518,#3519,#3520,#3521));
#669=EDGE_LOOP('',(#3522,#3523,#3524,#3525,#3526,#3527,#3528));
#670=EDGE_LOOP('',(#3529,#3530,#3531,#3532,#3533,#3534,#3535));
#671=EDGE_LOOP('',(#3536,#3537,#3538,#3539));
#672=EDGE_LOOP('',(#3540,#3541,#3542,#3543,#3544,#3545,#3546));
#673=EDGE_LOOP('',(#3547,#3548,#3549,#3550,#3551,#3552,#3553));
#674=EDGE_LOOP('',(#3554,#3555,#3556,#3557));
#675=EDGE_LOOP('',(#3558,#3559,#3560,#3561,#3562,#3563,#3564));
#676=EDGE_LOOP('',(#3565,#3566,#3567,#3568));
#677=EDGE_LOOP('',(#3569,#3570,#3571,#3572));
#678=EDGE_LOOP('',(#3573,#3574,#3575,#3576));
#679=EDGE_LOOP('',(#3577,#3578,#3579,#3580));
#680=EDGE_LOOP('',(#3581,#3582,#3583,#3584));
#681=EDGE_LOOP('',(#3585,#3586,#3587,#3588));
#682=EDGE_LOOP('',(#3589,#3590,#3591,#3592));
#683=EDGE_LOOP('',(#3593,#3594,#3595,#3596));
#684=EDGE_LOOP('',(#3597,#3598,#3599,#3600));
#685=EDGE_LOOP('',(#3601,#3602,#3603,#3604));
#686=EDGE_LOOP('',(#3605,#3606,#3607,#3608));
#687=EDGE_LOOP('',(#3609,#3610,#3611,#3612));
#688=EDGE_LOOP('',(#3613,#3614,#3615,#3616));
#689=EDGE_LOOP('',(#3617,#3618,#3619,#3620));
#690=EDGE_LOOP('',(#3621,#3622,#3623,#3624));
#691=EDGE_LOOP('',(#3625,#3626,#3627,#3628));
#692=EDGE_LOOP('',(#3629,#3630,#3631,#3632));
#693=EDGE_LOOP('',(#3633,#3634,#3635,#3636));
#694=EDGE_LOOP('',(#3637,#3638,#3639,#3640));
#695=EDGE_LOOP('',(#3641,#3642,#3643,#3644));
#696=EDGE_LOOP('',(#3645,#3646,#3647,#3648));
#697=EDGE_LOOP('',(#3649,#3650,#3651,#3652));
#698=EDGE_LOOP('',(#3653,#3654,#3655,#3656));
#699=EDGE_LOOP('',(#3657,#3658,#3659,#3660));
#700=EDGE_LOOP('',(#3661,#3662,#3663,#3664,#3665,#3666,#3667,#3668,#3669,
#3670,#3671,#3672));
#701=EDGE_LOOP('',(#3673,#3674,#3675,#3676));
#702=EDGE_LOOP('',(#3677,#3678,#3679,#3680));
#703=EDGE_LOOP('',(#3681,#3682,#3683,#3684));
#704=EDGE_LOOP('',(#3685,#3686,#3687,#3688));
#705=EDGE_LOOP('',(#3689,#3690,#3691,#3692));
#706=EDGE_LOOP('',(#3693,#3694,#3695,#3696,#3697,#3698,#3699,#3700,#3701,
#3702,#3703,#3704));
#707=EDGE_LOOP('',(#3705,#3706,#3707,#3708));
#708=EDGE_LOOP('',(#3709,#3710,#3711,#3712));
#709=EDGE_LOOP('',(#3713,#3714,#3715,#3716));
#710=EDGE_LOOP('',(#3717,#3718,#3719,#3720));
#711=EDGE_LOOP('',(#3721,#3722,#3723,#3724,#3725));
#712=EDGE_LOOP('',(#3726,#3727,#3728,#3729));
#713=EDGE_LOOP('',(#3730,#3731,#3732,#3733,#3734));
#714=EDGE_LOOP('',(#3735,#3736,#3737,#3738,#3739));
#715=EDGE_LOOP('',(#3740,#3741,#3742,#3743,#3744));
#716=EDGE_LOOP('',(#3745,#3746,#3747,#3748));
#717=EDGE_LOOP('',(#3749,#3750,#3751,#3752));
#718=EDGE_LOOP('',(#3753,#3754,#3755,#3756));
#719=EDGE_LOOP('',(#3757,#3758,#3759,#3760));
#720=EDGE_LOOP('',(#3761,#3762,#3763,#3764));
#721=EDGE_LOOP('',(#3765,#3766,#3767,#3768,#3769));
#722=EDGE_LOOP('',(#3770,#3771,#3772,#3773));
#723=EDGE_LOOP('',(#3774,#3775,#3776,#3777,#3778));
#724=EDGE_LOOP('',(#3779,#3780,#3781));
#725=EDGE_LOOP('',(#3782,#3783,#3784,#3785,#3786));
#726=EDGE_LOOP('',(#3787,#3788,#3789,#3790,#3791));
#727=EDGE_LOOP('',(#3792,#3793,#3794,#3795));
#728=EDGE_LOOP('',(#3796,#3797,#3798));
#729=EDGE_LOOP('',(#3799,#3800,#3801));
#730=EDGE_LOOP('',(#3802,#3803,#3804));
#731=EDGE_LOOP('',(#3805,#3806,#3807,#3808,#3809,#3810,#3811,#3812,#3813,
#3814,#3815,#3816,#3817));
#732=EDGE_LOOP('',(#3818,#3819,#3820,#3821,#3822,#3823,#3824,#3825,#3826));
#733=EDGE_LOOP('',(#3827,#3828,#3829,#3830,#3831,#3832,#3833,#3834,#3835,
#3836,#3837));
#734=EDGE_LOOP('',(#3838,#3839,#3840,#3841,#3842,#3843,#3844,#3845));
#735=EDGE_LOOP('',(#3846,#3847,#3848,#3849,#3850,#3851));
#736=EDGE_LOOP('',(#3852,#3853,#3854,#3855,#3856));
#737=EDGE_LOOP('',(#3857,#3858,#3859,#3860,#3861,#3862));
#738=EDGE_LOOP('',(#3863,#3864,#3865,#3866));
#739=EDGE_LOOP('',(#3867,#3868,#3869,#3870));
#740=EDGE_LOOP('',(#3871,#3872,#3873,#3874));
#741=EDGE_LOOP('',(#3875,#3876,#3877,#3878));
#742=EDGE_LOOP('',(#3879,#3880,#3881,#3882,#3883));
#743=EDGE_LOOP('',(#3884,#3885,#3886,#3887));
#744=EDGE_LOOP('',(#3888,#3889,#3890,#3891));
#745=EDGE_LOOP('',(#3892,#3893,#3894,#3895));
#746=EDGE_LOOP('',(#3896,#3897,#3898,#3899,#3900));
#747=EDGE_LOOP('',(#3901,#3902,#3903,#3904));
#748=EDGE_LOOP('',(#3905,#3906,#3907,#3908));
#749=EDGE_LOOP('',(#3909,#3910,#3911,#3912,#3913));
#750=EDGE_LOOP('',(#3914,#3915,#3916,#3917));
#751=EDGE_LOOP('',(#3918,#3919,#3920,#3921));
#752=EDGE_LOOP('',(#3922,#3923,#3924,#3925,#3926));
#753=EDGE_LOOP('',(#3927,#3928,#3929,#3930));
#754=EDGE_LOOP('',(#3931,#3932,#3933,#3934));
#755=EDGE_LOOP('',(#3935,#3936,#3937,#3938));
#756=EDGE_LOOP('',(#3939,#3940,#3941,#3942));
#757=EDGE_LOOP('',(#3943,#3944,#3945,#3946,#3947));
#758=EDGE_LOOP('',(#3948,#3949,#3950,#3951));
#759=EDGE_LOOP('',(#3952,#3953,#3954,#3955,#3956));
#760=EDGE_LOOP('',(#3957,#3958,#3959,#3960));
#761=EDGE_LOOP('',(#3961,#3962,#3963,#3964));
#762=EDGE_LOOP('',(#3965,#3966,#3967,#3968,#3969));
#763=EDGE_LOOP('',(#3970,#3971,#3972,#3973,#3974));
#764=EDGE_LOOP('',(#3975,#3976,#3977,#3978));
#765=EDGE_LOOP('',(#3979,#3980,#3981,#3982));
#766=EDGE_LOOP('',(#3983,#3984,#3985,#3986));
#767=EDGE_LOOP('',(#3987,#3988,#3989,#3990));
#768=EDGE_LOOP('',(#3991,#3992,#3993,#3994,#3995));
#769=EDGE_LOOP('',(#3996,#3997,#3998,#3999));
#770=EDGE_LOOP('',(#4000,#4001,#4002,#4003));
#771=EDGE_LOOP('',(#4004,#4005,#4006,#4007,#4008));
#772=EDGE_LOOP('',(#4009,#4010,#4011,#4012));
#773=EDGE_LOOP('',(#4013,#4014,#4015));
#774=EDGE_LOOP('',(#4016,#4017,#4018));
#775=EDGE_LOOP('',(#4019,#4020,#4021));
#776=EDGE_LOOP('',(#4022,#4023,#4024));
#777=EDGE_LOOP('',(#4025,#4026,#4027,#4028,#4029));
#778=EDGE_LOOP('',(#4030,#4031,#4032,#4033,#4034,#4035,#4036,#4037,#4038,
#4039,#4040));
#779=EDGE_LOOP('',(#4041,#4042,#4043,#4044));
#780=EDGE_LOOP('',(#4045,#4046,#4047,#4048));
#781=EDGE_LOOP('',(#4049,#4050,#4051,#4052));
#782=EDGE_LOOP('',(#4053,#4054,#4055,#4056,#4057,#4058,#4059,#4060,#4061,
#4062,#4063,#4064));
#783=EDGE_LOOP('',(#4065,#4066,#4067,#4068));
#784=EDGE_LOOP('',(#4069,#4070,#4071,#4072,#4073,#4074,#4075,#4076,#4077,
#4078,#4079,#4080));
#785=EDGE_LOOP('',(#4081,#4082,#4083,#4084));
#786=EDGE_LOOP('',(#4085,#4086,#4087,#4088));
#787=EDGE_LOOP('',(#4089,#4090,#4091,#4092));
#788=EDGE_LOOP('',(#4093,#4094,#4095,#4096));
#789=EDGE_LOOP('',(#4097,#4098,#4099,#4100,#4101,#4102,#4103,#4104));
#790=EDGE_LOOP('',(#4105,#4106,#4107,#4108,#4109,#4110,#4111));
#791=EDGE_LOOP('',(#4112,#4113,#4114,#4115));
#792=EDGE_LOOP('',(#4116,#4117,#4118,#4119,#4120,#4121,#4122));
#793=EDGE_LOOP('',(#4123,#4124,#4125,#4126,#4127,#4128,#4129,#4130));
#794=EDGE_LOOP('',(#4131,#4132,#4133,#4134,#4135,#4136,#4137));
#795=EDGE_LOOP('',(#4138,#4139,#4140,#4141));
#796=EDGE_LOOP('',(#4142,#4143,#4144,#4145,#4146,#4147,#4148));
#797=EDGE_LOOP('',(#4149,#4150,#4151,#4152,#4153,#4154,#4155,#4156));
#798=EDGE_LOOP('',(#4157,#4158,#4159,#4160,#4161,#4162,#4163));
#799=EDGE_LOOP('',(#4164,#4165,#4166,#4167));
#800=EDGE_LOOP('',(#4168,#4169,#4170,#4171,#4172,#4173,#4174));
#801=EDGE_LOOP('',(#4175,#4176,#4177,#4178));
#802=EDGE_LOOP('',(#4179,#4180,#4181,#4182));
#803=EDGE_LOOP('',(#4183,#4184,#4185,#4186,#4187,#4188,#4189,#4190,#4191,
#4192,#4193));
#804=EDGE_LOOP('',(#4194,#4195,#4196,#4197));
#805=EDGE_LOOP('',(#4198,#4199,#4200,#4201,#4202,#4203,#4204,#4205,#4206,
#4207,#4208,#4209,#4210));
#806=EDGE_LOOP('',(#4211,#4212,#4213,#4214));
#807=EDGE_LOOP('',(#4215,#4216,#4217,#4218));
#808=EDGE_LOOP('',(#4219,#4220,#4221,#4222));
#809=EDGE_LOOP('',(#4223,#4224,#4225,#4226));
#810=EDGE_LOOP('',(#4227,#4228,#4229,#4230));
#811=EDGE_LOOP('',(#4231,#4232,#4233,#4234));
#812=EDGE_LOOP('',(#4235,#4236,#4237,#4238));
#813=EDGE_LOOP('',(#4239,#4240,#4241,#4242,#4243));
#814=EDGE_LOOP('',(#4244,#4245,#4246,#4247,#4248,#4249,#4250,#4251));
#815=EDGE_LOOP('',(#4252,#4253,#4254,#4255,#4256));
#816=EDGE_LOOP('',(#4257,#4258,#4259,#4260));
#817=EDGE_LOOP('',(#4261,#4262,#4263,#4264,#4265,#4266,#4267));
#818=EDGE_LOOP('',(#4268,#4269,#4270,#4271));
#819=EDGE_LOOP('',(#4272,#4273,#4274,#4275,#4276,#4277,#4278,#4279,#4280,
#4281,#4282));
#820=EDGE_LOOP('',(#4283,#4284,#4285,#4286));
#821=EDGE_LOOP('',(#4287,#4288,#4289,#4290,#4291,#4292));
#822=EDGE_LOOP('',(#4293,#4294,#4295,#4296));
#823=EDGE_LOOP('',(#4297,#4298,#4299,#4300));
#824=EDGE_LOOP('',(#4301,#4302,#4303,#4304));
#825=EDGE_LOOP('',(#4305,#4306,#4307,#4308));
#826=EDGE_LOOP('',(#4309,#4310,#4311,#4312));
#827=EDGE_LOOP('',(#4313,#4314,#4315,#4316));
#828=EDGE_LOOP('',(#4317,#4318,#4319,#4320,#4321));
#829=EDGE_LOOP('',(#4322,#4323,#4324,#4325,#4326,#4327,#4328,#4329,#4330,
#4331,#4332,#4333));
#830=EDGE_LOOP('',(#4334,#4335,#4336,#4337,#4338));
#831=EDGE_LOOP('',(#4339,#4340,#4341,#4342));
#832=EDGE_LOOP('',(#4343,#4344,#4345,#4346));
#833=EDGE_LOOP('',(#4347,#4348,#4349,#4350,#4351,#4352,#4353,#4354,#4355,
#4356,#4357,#4358,#4359));
#834=EDGE_LOOP('',(#4360,#4361,#4362,#4363,#4364,#4365,#4366,#4367,#4368));
#835=EDGE_LOOP('',(#4369,#4370,#4371,#4372,#4373));
#836=EDGE_LOOP('',(#4374,#4375,#4376,#4377));
#837=EDGE_LOOP('',(#4378,#4379,#4380,#4381));
#838=EDGE_LOOP('',(#4382,#4383,#4384,#4385));
#839=EDGE_LOOP('',(#4386));
#840=EDGE_LOOP('',(#4387,#4388,#4389,#4390,#4391,#4392,#4393,#4394));
#841=EDGE_LOOP('',(#4395,#4396,#4397,#4398,#4399,#4400,#4401,#4402));
#842=EDGE_LOOP('',(#4403,#4404,#4405,#4406,#4407,#4408,#4409,#4410,#4411,
#4412,#4413,#4414,#4415,#4416,#4417,#4418,#4419,#4420,#4421,#4422,#4423,
#4424,#4425,#4426));
#843=EDGE_LOOP('',(#4427,#4428,#4429,#4430));
#844=EDGE_LOOP('',(#4431));
#845=EDGE_LOOP('',(#4432,#4433,#4434,#4435));
#846=EDGE_LOOP('',(#4436));
#847=EDGE_LOOP('',(#4437,#4438,#4439,#4440));
#848=EDGE_LOOP('',(#4441));
#849=EDGE_LOOP('',(#4442));
#850=EDGE_LOOP('',(#4443));
#851=EDGE_LOOP('',(#4444));
#852=EDGE_LOOP('',(#4445));
#853=EDGE_LOOP('',(#4446));
#854=EDGE_LOOP('',(#4447));
#855=EDGE_LOOP('',(#4448,#4449,#4450,#4451,#4452,#4453,#4454,#4455));
#856=EDGE_LOOP('',(#4456,#4457,#4458,#4459));
#857=EDGE_LOOP('',(#4460,#4461,#4462,#4463,#4464,#4465,#4466,#4467,#4468,
#4469,#4470,#4471,#4472,#4473,#4474));
#858=EDGE_LOOP('',(#4475,#4476,#4477,#4478,#4479,#4480,#4481,#4482));
#859=EDGE_LOOP('',(#4483,#4484,#4485,#4486));
#860=EDGE_LOOP('',(#4487,#4488,#4489,#4490,#4491,#4492,#4493,#4494));
#861=EDGE_LOOP('',(#4495,#4496,#4497,#4498));
#862=EDGE_LOOP('',(#4499,#4500,#4501,#4502,#4503,#4504));
#863=EDGE_LOOP('',(#4505,#4506,#4507,#4508));
#864=EDGE_LOOP('',(#4509,#4510,#4511,#4512,#4513,#4514));
#865=EDGE_LOOP('',(#4515,#4516,#4517,#4518));
#866=EDGE_LOOP('',(#4519,#4520,#4521,#4522,#4523,#4524));
#867=EDGE_LOOP('',(#4525,#4526,#4527,#4528));
#868=EDGE_LOOP('',(#4529,#4530,#4531,#4532,#4533,#4534));
#869=EDGE_LOOP('',(#4535,#4536,#4537,#4538));
#870=EDGE_LOOP('',(#4539,#4540,#4541,#4542,#4543,#4544));
#871=EDGE_LOOP('',(#4545,#4546,#4547,#4548));
#872=EDGE_LOOP('',(#4549,#4550,#4551,#4552,#4553,#4554));
#873=EDGE_LOOP('',(#4555,#4556,#4557,#4558));
#874=EDGE_LOOP('',(#4559,#4560,#4561,#4562,#4563,#4564,#4565,#4566,#4567,
#4568,#4569,#4570));
#875=LINE('',#6987,#1236);
#876=LINE('',#6993,#1237);
#877=LINE('',#6999,#1238);
#878=LINE('',#7005,#1239);
#879=LINE('',#7011,#1240);
#880=LINE('',#7017,#1241);
#881=LINE('',#7023,#1242);
#882=LINE('',#7035,#1243);
#883=LINE('',#7040,#1244);
#884=LINE('',#7056,#1245);
#885=LINE('',#7064,#1246);
#886=LINE('',#7080,#1247);
#887=LINE('',#7088,#1248);
#888=LINE('',#7105,#1249);
#889=LINE('',#7109,#1250);
#890=LINE('',#7111,#1251);
#891=LINE('',#7117,#1252);
#892=LINE('',#7123,#1253);
#893=LINE('',#7127,#1254);
#894=LINE('',#7131,#1255);
#895=LINE('',#7135,#1256);
#896=LINE('',#7139,#1257);
#897=LINE('',#7143,#1258);
#898=LINE('',#7149,#1259);
#899=LINE('',#7152,#1260);
#900=LINE('',#7206,#1261);
#901=LINE('',#7209,#1262);
#902=LINE('',#7212,#1263);
#903=LINE('',#7267,#1264);
#904=LINE('',#7270,#1265);
#905=LINE('',#7273,#1266);
#906=LINE('',#7332,#1267);
#907=LINE('',#7335,#1268);
#908=LINE('',#7338,#1269);
#909=LINE('',#7342,#1270);
#910=LINE('',#7344,#1271);
#911=LINE('',#7346,#1272);
#912=LINE('',#7348,#1273);
#913=LINE('',#7350,#1274);
#914=LINE('',#7352,#1275);
#915=LINE('',#7353,#1276);
#916=LINE('',#7356,#1277);
#917=LINE('',#7358,#1278);
#918=LINE('',#7360,#1279);
#919=LINE('',#7362,#1280);
#920=LINE('',#7364,#1281);
#921=LINE('',#7366,#1282);
#922=LINE('',#7367,#1283);
#923=LINE('',#7372,#1284);
#924=LINE('',#7375,#1285);
#925=LINE('',#7380,#1286);
#926=LINE('',#7383,#1287);
#927=LINE('',#7387,#1288);
#928=LINE('',#7388,#1289);
#929=LINE('',#7390,#1290);
#930=LINE('',#7392,#1291);
#931=LINE('',#7394,#1292);
#932=LINE('',#7396,#1293);
#933=LINE('',#7397,#1294);
#934=LINE('',#7401,#1295);
#935=LINE('',#7403,#1296);
#936=LINE('',#7405,#1297);
#937=LINE('',#7407,#1298);
#938=LINE('',#7408,#1299);
#939=LINE('',#7409,#1300);
#940=LINE('',#7413,#1301);
#941=LINE('',#7415,#1302);
#942=LINE('',#7417,#1303);
#943=LINE('',#7419,#1304);
#944=LINE('',#7420,#1305);
#945=LINE('',#7421,#1306);
#946=LINE('',#7425,#1307);
#947=LINE('',#7427,#1308);
#948=LINE('',#7429,#1309);
#949=LINE('',#7431,#1310);
#950=LINE('',#7432,#1311);
#951=LINE('',#7434,#1312);
#952=LINE('',#7435,#1313);
#953=LINE('',#7441,#1314);
#954=LINE('',#7472,#1315);
#955=LINE('',#7476,#1316);
#956=LINE('',#7519,#1317);
#957=LINE('',#7523,#1318);
#958=LINE('',#7527,#1319);
#959=LINE('',#7530,#1320);
#960=LINE('',#7533,#1321);
#961=LINE('',#7537,#1322);
#962=LINE('',#7541,#1323);
#963=LINE('',#7544,#1324);
#964=LINE('',#7547,#1325);
#965=LINE('',#7551,#1326);
#966=LINE('',#7555,#1327);
#967=LINE('',#7558,#1328);
#968=LINE('',#7561,#1329);
#969=LINE('',#7568,#1330);
#970=LINE('',#7575,#1331);
#971=LINE('',#7582,#1332);
#972=LINE('',#7588,#1333);
#973=LINE('',#7589,#1334);
#974=LINE('',#7602,#1335);
#975=LINE('',#7608,#1336);
#976=LINE('',#7610,#1337);
#977=LINE('',#7611,#1338);
#978=LINE('',#7614,#1339);
#979=LINE('',#7620,#1340);
#980=LINE('',#7622,#1341);
#981=LINE('',#7623,#1342);
#982=LINE('',#7636,#1343);
#983=LINE('',#7642,#1344);
#984=LINE('',#7644,#1345);
#985=LINE('',#7645,#1346);
#986=LINE('',#7648,#1347);
#987=LINE('',#7654,#1348);
#988=LINE('',#7656,#1349);
#989=LINE('',#7657,#1350);
#990=LINE('',#7670,#1351);
#991=LINE('',#7676,#1352);
#992=LINE('',#7678,#1353);
#993=LINE('',#7679,#1354);
#994=LINE('',#7730,#1355);
#995=LINE('',#7733,#1356);
#996=LINE('',#7736,#1357);
#997=LINE('',#7739,#1358);
#998=LINE('',#7742,#1359);
#999=LINE('',#7745,#1360);
#1000=LINE('',#7748,#1361);
#1001=LINE('',#7751,#1362);
#1002=LINE('',#7754,#1363);
#1003=LINE('',#7757,#1364);
#1004=LINE('',#7760,#1365);
#1005=LINE('',#7763,#1366);
#1006=LINE('',#7783,#1367);
#1007=LINE('',#7787,#1368);
#1008=LINE('',#7789,#1369);
#1009=LINE('',#7790,#1370);
#1010=LINE('',#7794,#1371);
#1011=LINE('',#7801,#1372);
#1012=LINE('',#7817,#1373);
#1013=LINE('',#7824,#1374);
#1014=LINE('',#7843,#1375);
#1015=LINE('',#7847,#1376);
#1016=LINE('',#7849,#1377);
#1017=LINE('',#7850,#1378);
#1018=LINE('',#7854,#1379);
#1019=LINE('',#7861,#1380);
#1020=LINE('',#7877,#1381);
#1021=LINE('',#7884,#1382);
#1022=LINE('',#7888,#1383);
#1023=LINE('',#7890,#1384);
#1024=LINE('',#7892,#1385);
#1025=LINE('',#7893,#1386);
#1026=LINE('',#7898,#1387);
#1027=LINE('',#7903,#1388);
#1028=LINE('',#7910,#1389);
#1029=LINE('',#7914,#1390);
#1030=LINE('',#7916,#1391);
#1031=LINE('',#7919,#1392);
#1032=LINE('',#7969,#1393);
#1033=LINE('',#7971,#1394);
#1034=LINE('',#7973,#1395);
#1035=LINE('',#7974,#1396);
#1036=LINE('',#7979,#1397);
#1037=LINE('',#7983,#1398);
#1038=LINE('',#7995,#1399);
#1039=LINE('',#8006,#1400);
#1040=LINE('',#8038,#1401);
#1041=LINE('',#8040,#1402);
#1042=LINE('',#8042,#1403);
#1043=LINE('',#8043,#1404);
#1044=LINE('',#8048,#1405);
#1045=LINE('',#8053,#1406);
#1046=LINE('',#8060,#1407);
#1047=LINE('',#8064,#1408);
#1048=LINE('',#8066,#1409);
#1049=LINE('',#8069,#1410);
#1050=LINE('',#8119,#1411);
#1051=LINE('',#8120,#1412);
#1052=LINE('',#8122,#1413);
#1053=LINE('',#8123,#1414);
#1054=LINE('',#8130,#1415);
#1055=LINE('',#8141,#1416);
#1056=LINE('',#8146,#1417);
#1057=LINE('',#8150,#1418);
#1058=LINE('',#8195,#1419);
#1059=LINE('',#8199,#1420);
#1060=LINE('',#8204,#1421);
#1061=LINE('',#8209,#1422);
#1062=LINE('',#8222,#1423);
#1063=LINE('',#8225,#1424);
#1064=LINE('',#8229,#1425);
#1065=LINE('',#8231,#1426);
#1066=LINE('',#8238,#1427);
#1067=LINE('',#8241,#1428);
#1068=LINE('',#8243,#1429);
#1069=LINE('',#8251,#1430);
#1070=LINE('',#8253,#1431);
#1071=LINE('',#8254,#1432);
#1072=LINE('',#8256,#1433);
#1073=LINE('',#8258,#1434);
#1074=LINE('',#8260,#1435);
#1075=LINE('',#8262,#1436);
#1076=LINE('',#8264,#1437);
#1077=LINE('',#8266,#1438);
#1078=LINE('',#8268,#1439);
#1079=LINE('',#8287,#1440);
#1080=LINE('',#8289,#1441);
#1081=LINE('',#8320,#1442);
#1082=LINE('',#8322,#1443);
#1083=LINE('',#8331,#1444);
#1084=LINE('',#8333,#1445);
#1085=LINE('',#8337,#1446);
#1086=LINE('',#8338,#1447);
#1087=LINE('',#8342,#1448);
#1088=LINE('',#8343,#1449);
#1089=LINE('',#8344,#1450);
#1090=LINE('',#8350,#1451);
#1091=LINE('',#8363,#1452);
#1092=LINE('',#8365,#1453);
#1093=LINE('',#8367,#1454);
#1094=LINE('',#8368,#1455);
#1095=LINE('',#8373,#1456);
#1096=LINE('',#8410,#1457);
#1097=LINE('',#8413,#1458);
#1098=LINE('',#8418,#1459);
#1099=LINE('',#8421,#1460);
#1100=LINE('',#8451,#1461);
#1101=LINE('',#8455,#1462);
#1102=LINE('',#8461,#1463);
#1103=LINE('',#8463,#1464);
#1104=LINE('',#8464,#1465);
#1105=LINE('',#8468,#1466);
#1106=LINE('',#8479,#1467);
#1107=LINE('',#8482,#1468);
#1108=LINE('',#8483,#1469);
#1109=LINE('',#8485,#1470);
#1110=LINE('',#8486,#1471);
#1111=LINE('',#8490,#1472);
#1112=LINE('',#8492,#1473);
#1113=LINE('',#8494,#1474);
#1114=LINE('',#8495,#1475);
#1115=LINE('',#8500,#1476);
#1116=LINE('',#8505,#1477);
#1117=LINE('',#8512,#1478);
#1118=LINE('',#8516,#1479);
#1119=LINE('',#8518,#1480);
#1120=LINE('',#8527,#1481);
#1121=LINE('',#8554,#1482);
#1122=LINE('',#8556,#1483);
#1123=LINE('',#8566,#1484);
#1124=LINE('',#8611,#1485);
#1125=LINE('',#8624,#1486);
#1126=LINE('',#8625,#1487);
#1127=LINE('',#8627,#1488);
#1128=LINE('',#8629,#1489);
#1129=LINE('',#8633,#1490);
#1130=LINE('',#8636,#1491);
#1131=LINE('',#8638,#1492);
#1132=LINE('',#8640,#1493);
#1133=LINE('',#8644,#1494);
#1134=LINE('',#8645,#1495);
#1135=LINE('',#8646,#1496);
#1136=LINE('',#8647,#1497);
#1137=LINE('',#8649,#1498);
#1138=LINE('',#8652,#1499);
#1139=LINE('',#8654,#1500);
#1140=LINE('',#8656,#1501);
#1141=LINE('',#8658,#1502);
#1142=LINE('',#8659,#1503);
#1143=LINE('',#8662,#1504);
#1144=LINE('',#8666,#1505);
#1145=LINE('',#8670,#1506);
#1146=LINE('',#8674,#1507);
#1147=LINE('',#8675,#1508);
#1148=LINE('',#8677,#1509);
#1149=LINE('',#8680,#1510);
#1150=LINE('',#8681,#1511);
#1151=LINE('',#8686,#1512);
#1152=LINE('',#8687,#1513);
#1153=LINE('',#8692,#1514);
#1154=LINE('',#8693,#1515);
#1155=LINE('',#8698,#1516);
#1156=LINE('',#8699,#1517);
#1157=LINE('',#8704,#1518);
#1158=LINE('',#8705,#1519);
#1159=LINE('',#8709,#1520);
#1160=LINE('',#8712,#1521);
#1161=LINE('',#8715,#1522);
#1162=LINE('',#8717,#1523);
#1163=LINE('',#8722,#1524);
#1164=LINE('',#8725,#1525);
#1165=LINE('',#8728,#1526);
#1166=LINE('',#8737,#1527);
#1167=LINE('',#8739,#1528);
#1168=LINE('',#8740,#1529);
#1169=LINE('',#8741,#1530);
#1170=LINE('',#8744,#1531);
#1171=LINE('',#8747,#1532);
#1172=LINE('',#8750,#1533);
#1173=LINE('',#8751,#1534);
#1174=LINE('',#8755,#1535);
#1175=LINE('',#8758,#1536);
#1176=LINE('',#8762,#1537);
#1177=LINE('',#8763,#1538);
#1178=LINE('',#8767,#1539);
#1179=LINE('',#8799,#1540);
#1180=LINE('',#8803,#1541);
#1181=LINE('',#8830,#1542);
#1182=LINE('',#8831,#1543);
#1183=LINE('',#8834,#1544);
#1184=LINE('',#8836,#1545);
#1185=LINE('',#8837,#1546);
#1186=LINE('',#8839,#1547);
#1187=LINE('',#8841,#1548);
#1188=LINE('',#8842,#1549);
#1189=LINE('',#8844,#1550);
#1190=LINE('',#8847,#1551);
#1191=LINE('',#8853,#1552);
#1192=LINE('',#8858,#1553);
#1193=LINE('',#8862,#1554);
#1194=LINE('',#8876,#1555);
#1195=LINE('',#8883,#1556);
#1196=LINE('',#8890,#1557);
#1197=LINE('',#8904,#1558);
#1198=LINE('',#8908,#1559);
#1199=LINE('',#8912,#1560);
#1200=LINE('',#8916,#1561);
#1201=LINE('',#8919,#1562);
#1202=LINE('',#8922,#1563);
#1203=LINE('',#8924,#1564);
#1204=LINE('',#8928,#1565);
#1205=LINE('',#8934,#1566);
#1206=LINE('',#8938,#1567);
#1207=LINE('',#8944,#1568);
#1208=LINE('',#8947,#1569);
#1209=LINE('',#8949,#1570);
#1210=LINE('',#8952,#1571);
#1211=LINE('',#8955,#1572);
#1212=LINE('',#8958,#1573);
#1213=LINE('',#8960,#1574);
#1214=LINE('',#8962,#1575);
#1215=LINE('',#8965,#1576);
#1216=LINE('',#8968,#1577);
#1217=LINE('',#8971,#1578);
#1218=LINE('',#8974,#1579);
#1219=LINE('',#8976,#1580);
#1220=LINE('',#8977,#1581);
#1221=LINE('',#8981,#1582);
#1222=LINE('',#8984,#1583);
#1223=LINE('',#8985,#1584);
#1224=LINE('',#8989,#1585);
#1225=LINE('',#8992,#1586);
#1226=LINE('',#8993,#1587);
#1227=LINE('',#8997,#1588);
#1228=LINE('',#9000,#1589);
#1229=LINE('',#9001,#1590);
#1230=LINE('',#9005,#1591);
#1231=LINE('',#9008,#1592);
#1232=LINE('',#9009,#1593);
#1233=LINE('',#9013,#1594);
#1234=LINE('',#9016,#1595);
#1235=LINE('',#9017,#1596);
#1236=VECTOR('',#5507,1.5);
#1237=VECTOR('',#5514,1.);
#1238=VECTOR('',#5521,1.5);
#1239=VECTOR('',#5528,1.);
#1240=VECTOR('',#5535,1.5);
#1241=VECTOR('',#5542,1.);
#1242=VECTOR('',#5549,2.125);
#1243=VECTOR('',#5556,2.);
#1244=VECTOR('',#5561,2.125);
#1245=VECTOR('',#5578,10.);
#1246=VECTOR('',#5585,10.);
#1247=VECTOR('',#5600,10.);
#1248=VECTOR('',#5607,10.);
#1249=VECTOR('',#5626,2.);
#1250=VECTOR('',#5631,2.125);
#1251=VECTOR('',#5634,2.);
#1252=VECTOR('',#5639,4.73);
#1253=VECTOR('',#5648,4.48);
#1254=VECTOR('',#5651,10.);
#1255=VECTOR('',#5654,10.);
#1256=VECTOR('',#5657,10.);
#1257=VECTOR('',#5660,10.);
#1258=VECTOR('',#5663,10.);
#1259=VECTOR('',#5668,10.);
#1260=VECTOR('',#5673,4.73);
#1261=VECTOR('',#5694,10.);
#1262=VECTOR('',#5697,10.);
#1263=VECTOR('',#5700,10.);
#1264=VECTOR('',#5723,10.);
#1265=VECTOR('',#5726,10.);
#1266=VECTOR('',#5729,10.);
#1267=VECTOR('',#5752,10.);
#1268=VECTOR('',#5755,10.);
#1269=VECTOR('',#5758,10.);
#1270=VECTOR('',#5763,10.);
#1271=VECTOR('',#5764,10.);
#1272=VECTOR('',#5765,10.);
#1273=VECTOR('',#5766,10.);
#1274=VECTOR('',#5767,10.);
#1275=VECTOR('',#5768,10.);
#1276=VECTOR('',#5769,10.);
#1277=VECTOR('',#5772,10.);
#1278=VECTOR('',#5773,10.);
#1279=VECTOR('',#5774,9.99999999999999);
#1280=VECTOR('',#5775,10.);
#1281=VECTOR('',#5776,10.);
#1282=VECTOR('',#5777,10.);
#1283=VECTOR('',#5778,10.);
#1284=VECTOR('',#5783,2.);
#1285=VECTOR('',#5786,10.);
#1286=VECTOR('',#5793,2.);
#1287=VECTOR('',#5796,10.);
#1288=VECTOR('',#5799,10.);
#1289=VECTOR('',#5800,10.);
#1290=VECTOR('',#5801,10.);
#1291=VECTOR('',#5802,10.);
#1292=VECTOR('',#5803,10.);
#1293=VECTOR('',#5804,10.);
#1294=VECTOR('',#5805,10.);
#1295=VECTOR('',#5808,10.);
#1296=VECTOR('',#5809,10.);
#1297=VECTOR('',#5810,10.);
#1298=VECTOR('',#5811,10.);
#1299=VECTOR('',#5812,10.);
#1300=VECTOR('',#5813,10.);
#1301=VECTOR('',#5816,10.);
#1302=VECTOR('',#5817,10.);
#1303=VECTOR('',#5818,10.);
#1304=VECTOR('',#5819,9.99999999999999);
#1305=VECTOR('',#5820,10.);
#1306=VECTOR('',#5821,10.);
#1307=VECTOR('',#5824,10.);
#1308=VECTOR('',#5825,10.);
#1309=VECTOR('',#5826,10.);
#1310=VECTOR('',#5827,10.);
#1311=VECTOR('',#5828,10.);
#1312=VECTOR('',#5829,10.);
#1313=VECTOR('',#5830,10.);
#1314=VECTOR('',#5837,2.);
#1315=VECTOR('',#5874,10.);
#1316=VECTOR('',#5877,10.);
#1317=VECTOR('',#5924,10.);
#1318=VECTOR('',#5927,10.);
#1319=VECTOR('',#5930,10.);
#1320=VECTOR('',#5933,10.);
#1321=VECTOR('',#5936,10.);
#1322=VECTOR('',#5939,10.);
#1323=VECTOR('',#5942,10.);
#1324=VECTOR('',#5945,10.);
#1325=VECTOR('',#5948,10.);
#1326=VECTOR('',#5951,10.);
#1327=VECTOR('',#5954,10.);
#1328=VECTOR('',#5957,10.);
#1329=VECTOR('',#5960,10.);
#1330=VECTOR('',#5971,10.);
#1331=VECTOR('',#5982,10.);
#1332=VECTOR('',#5993,10.);
#1333=VECTOR('',#5994,10.);
#1334=VECTOR('',#5995,10.);
#1335=VECTOR('',#6002,10.);
#1336=VECTOR('',#6003,10.);
#1337=VECTOR('',#6004,10.);
#1338=VECTOR('',#6005,10.);
#1339=VECTOR('',#6008,10.);
#1340=VECTOR('',#6009,10.);
#1341=VECTOR('',#6010,10.);
#1342=VECTOR('',#6011,10.);
#1343=VECTOR('',#6018,10.);
#1344=VECTOR('',#6019,10.);
#1345=VECTOR('',#6020,10.);
#1346=VECTOR('',#6021,10.);
#1347=VECTOR('',#6024,10.);
#1348=VECTOR('',#6025,10.);
#1349=VECTOR('',#6026,10.);
#1350=VECTOR('',#6027,10.);
#1351=VECTOR('',#6034,10.);
#1352=VECTOR('',#6035,10.);
#1353=VECTOR('',#6036,10.);
#1354=VECTOR('',#6037,10.);
#1355=VECTOR('',#6078,10.);
#1356=VECTOR('',#6081,10.);
#1357=VECTOR('',#6086,10.);
#1358=VECTOR('',#6089,10.);
#1359=VECTOR('',#6094,10.);
#1360=VECTOR('',#6097,10.);
#1361=VECTOR('',#6102,10.);
#1362=VECTOR('',#6105,10.);
#1363=VECTOR('',#6110,10.);
#1364=VECTOR('',#6113,10.);
#1365=VECTOR('',#6118,10.);
#1366=VECTOR('',#6121,10.);
#1367=VECTOR('',#6128,10.);
#1368=VECTOR('',#6133,10.);
#1369=VECTOR('',#6134,10.);
#1370=VECTOR('',#6135,10.);
#1371=VECTOR('',#6138,10.);
#1372=VECTOR('',#6147,10.);
#1373=VECTOR('',#6162,10.);
#1374=VECTOR('',#6169,10.);
#1375=VECTOR('',#6174,10.);
#1376=VECTOR('',#6179,10.);
#1377=VECTOR('',#6180,10.);
#1378=VECTOR('',#6181,10.);
#1379=VECTOR('',#6184,10.);
#1380=VECTOR('',#6193,10.);
#1381=VECTOR('',#6208,10.);
#1382=VECTOR('',#6215,10.);
#1383=VECTOR('',#6218,10.);
#1384=VECTOR('',#6219,10.);
#1385=VECTOR('',#6220,10.);
#1386=VECTOR('',#6221,10.);
#1387=VECTOR('',#6226,10.);
#1388=VECTOR('',#6231,9.99999999999999);
#1389=VECTOR('',#6240,10.);
#1390=VECTOR('',#6245,10.);
#1391=VECTOR('',#6246,10.);
#1392=VECTOR('',#6249,10.);
#1393=VECTOR('',#6254,10.);
#1394=VECTOR('',#6255,10.);
#1395=VECTOR('',#6256,10.);
#1396=VECTOR('',#6257,10.);
#1397=VECTOR('',#6262,10.);
#1398=VECTOR('',#6265,10.);
#1399=VECTOR('',#6270,10.);
#1400=VECTOR('',#6273,10.);
#1401=VECTOR('',#6276,10.);
#1402=VECTOR('',#6277,10.);
#1403=VECTOR('',#6278,10.);
#1404=VECTOR('',#6279,10.);
#1405=VECTOR('',#6284,10.);
#1406=VECTOR('',#6289,9.99999999999999);
#1407=VECTOR('',#6298,10.);
#1408=VECTOR('',#6303,10.);
#1409=VECTOR('',#6304,10.);
#1410=VECTOR('',#6307,10.);
#1411=VECTOR('',#6312,10.);
#1412=VECTOR('',#6313,10.);
#1413=VECTOR('',#6314,10.);
#1414=VECTOR('',#6315,10.);
#1415=VECTOR('',#6324,10.);
#1416=VECTOR('',#6327,10.);
#1417=VECTOR('',#6332,10.);
#1418=VECTOR('',#6335,10.);
#1419=VECTOR('',#6352,10.);
#1420=VECTOR('',#6355,10.);
#1421=VECTOR('',#6360,10.);
#1422=VECTOR('',#6365,10.);
#1423=VECTOR('',#6366,10.);
#1424=VECTOR('',#6369,10.);
#1425=VECTOR('',#6372,10.);
#1426=VECTOR('',#6373,10.);
#1427=VECTOR('',#6380,10.);
#1428=VECTOR('',#6383,10.);
#1429=VECTOR('',#6384,10.);
#1430=VECTOR('',#6385,10.);
#1431=VECTOR('',#6388,10.);
#1432=VECTOR('',#6389,10.);
#1433=VECTOR('',#6392,10.);
#1434=VECTOR('',#6395,10.);
#1435=VECTOR('',#6398,10.);
#1436=VECTOR('',#6401,10.);
#1437=VECTOR('',#6404,10.);
#1438=VECTOR('',#6407,10.);
#1439=VECTOR('',#6410,10.);
#1440=VECTOR('',#6411,10.);
#1441=VECTOR('',#6412,10.);
#1442=VECTOR('',#6413,10.);
#1443=VECTOR('',#6414,10.);
#1444=VECTOR('',#6417,10.);
#1445=VECTOR('',#6418,10.);
#1446=VECTOR('',#6423,10.);
#1447=VECTOR('',#6424,10.);
#1448=VECTOR('',#6427,10.);
#1449=VECTOR('',#6428,10.);
#1450=VECTOR('',#6429,10.);
#1451=VECTOR('',#6432,10.);
#1452=VECTOR('',#6439,10.);
#1453=VECTOR('',#6440,10.);
#1454=VECTOR('',#6441,10.);
#1455=VECTOR('',#6442,10.);
#1456=VECTOR('',#6447,10.);
#1457=VECTOR('',#6460,10.);
#1458=VECTOR('',#6463,10.);
#1459=VECTOR('',#6470,10.);
#1460=VECTOR('',#6473,10.);
#1461=VECTOR('',#6476,10.);
#1462=VECTOR('',#6479,10.);
#1463=VECTOR('',#6486,10.);
#1464=VECTOR('',#6487,10.);
#1465=VECTOR('',#6488,10.);
#1466=VECTOR('',#6493,10.);
#1467=VECTOR('',#6498,10.);
#1468=VECTOR('',#6501,10.);
#1469=VECTOR('',#6502,10.);
#1470=VECTOR('',#6503,10.);
#1471=VECTOR('',#6504,10.);
#1472=VECTOR('',#6507,10.);
#1473=VECTOR('',#6508,10.);
#1474=VECTOR('',#6509,10.);
#1475=VECTOR('',#6510,10.);
#1476=VECTOR('',#6515,10.);
#1477=VECTOR('',#6520,10.);
#1478=VECTOR('',#6529,10.);
#1479=VECTOR('',#6534,10.);
#1480=VECTOR('',#6535,10.);
#1481=VECTOR('',#6536,10.);
#1482=VECTOR('',#6539,10.);
#1483=VECTOR('',#6540,10.);
#1484=VECTOR('',#6547,10.);
#1485=VECTOR('',#6566,10.);
#1486=VECTOR('',#6567,10.);
#1487=VECTOR('',#6568,10.);
#1488=VECTOR('',#6571,10.);
#1489=VECTOR('',#6572,10.);
#1490=VECTOR('',#6575,10.);
#1491=VECTOR('',#6580,10.);
#1492=VECTOR('',#6583,10.);
#1493=VECTOR('',#6586,10.);
#1494=VECTOR('',#6591,16.6);
#1495=VECTOR('',#6592,10.);
#1496=VECTOR('',#6593,10.);
#1497=VECTOR('',#6594,10.);
#1498=VECTOR('',#6597,10.);
#1499=VECTOR('',#6600,10.);
#1500=VECTOR('',#6601,10.);
#1501=VECTOR('',#6602,10.);
#1502=VECTOR('',#6603,10.);
#1503=VECTOR('',#6604,10.);
#1504=VECTOR('',#6607,10.);
#1505=VECTOR('',#6612,10.);
#1506=VECTOR('',#6617,10.);
#1507=VECTOR('',#6622,10.);
#1508=VECTOR('',#6623,10.);
#1509=VECTOR('',#6626,10.);
#1510=VECTOR('',#6629,10.);
#1511=VECTOR('',#6630,10.);
#1512=VECTOR('',#6637,10.);
#1513=VECTOR('',#6638,10.);
#1514=VECTOR('',#6645,10.);
#1515=VECTOR('',#6646,10.);
#1516=VECTOR('',#6653,10.);
#1517=VECTOR('',#6654,10.);
#1518=VECTOR('',#6661,10.);
#1519=VECTOR('',#6662,10.);
#1520=VECTOR('',#6669,10.);
#1521=VECTOR('',#6672,10.);
#1522=VECTOR('',#6675,10.);
#1523=VECTOR('',#6678,10.);
#1524=VECTOR('',#6685,10.);
#1525=VECTOR('',#6688,10.);
#1526=VECTOR('',#6691,10.);
#1527=VECTOR('',#6692,10.);
#1528=VECTOR('',#6693,10.);
#1529=VECTOR('',#6694,10.);
#1530=VECTOR('',#6695,10.);
#1531=VECTOR('',#6698,10.);
#1532=VECTOR('',#6701,10.);
#1533=VECTOR('',#6704,10.);
#1534=VECTOR('',#6705,10.);
#1535=VECTOR('',#6710,10.);
#1536=VECTOR('',#6713,10.);
#1537=VECTOR('',#6718,10.);
#1538=VECTOR('',#6719,10.);
#1539=VECTOR('',#6724,10.);
#1540=VECTOR('',#6733,10.);
#1541=VECTOR('',#6740,10.);
#1542=VECTOR('',#6755,10.);
#1543=VECTOR('',#6756,10.);
#1544=VECTOR('',#6761,10.);
#1545=VECTOR('',#6764,10.);
#1546=VECTOR('',#6765,10.);
#1547=VECTOR('',#6768,10.);
#1548=VECTOR('',#6771,10.);
#1549=VECTOR('',#6772,10.);
#1550=VECTOR('',#6775,10.);
#1551=VECTOR('',#6778,10.);
#1552=VECTOR('',#6787,10.);
#1553=VECTOR('',#6796,10.);
#1554=VECTOR('',#6803,10.);
#1555=VECTOR('',#6826,1.);
#1556=VECTOR('',#6835,1.);
#1557=VECTOR('',#6844,1.);
#1558=VECTOR('',#6863,1.75);
#1559=VECTOR('',#6866,10.);
#1560=VECTOR('',#6869,10.);
#1561=VECTOR('',#6874,10.);
#1562=VECTOR('',#6877,10.);
#1563=VECTOR('',#6880,10.);
#1564=VECTOR('',#6881,10.);
#1565=VECTOR('',#6884,10.);
#1566=VECTOR('',#6889,10.);
#1567=VECTOR('',#6892,10.);
#1568=VECTOR('',#6897,10.);
#1569=VECTOR('',#6902,1.75);
#1570=VECTOR('',#6903,10.);
#1571=VECTOR('',#6906,10.);
#1572=VECTOR('',#6909,10.);
#1573=VECTOR('',#6912,10.);
#1574=VECTOR('',#6915,1.75);
#1575=VECTOR('',#6916,10.);
#1576=VECTOR('',#6919,10.);
#1577=VECTOR('',#6922,10.);
#1578=VECTOR('',#6925,10.);
#1579=VECTOR('',#6928,10.);
#1580=VECTOR('',#6929,10.);
#1581=VECTOR('',#6930,10.);
#1582=VECTOR('',#6935,10.);
#1583=VECTOR('',#6938,10.);
#1584=VECTOR('',#6939,10.);
#1585=VECTOR('',#6944,10.);
#1586=VECTOR('',#6947,10.);
#1587=VECTOR('',#6948,10.);
#1588=VECTOR('',#6953,10.);
#1589=VECTOR('',#6956,10.);
#1590=VECTOR('',#6957,10.);
#1591=VECTOR('',#6962,10.);
#1592=VECTOR('',#6965,10.);
#1593=VECTOR('',#6966,10.);
#1594=VECTOR('',#6971,10.);
#1595=VECTOR('',#6974,10.);
#1596=VECTOR('',#6975,10.);
#1597=CIRCLE('',#4943,1.);
#1598=CIRCLE('',#4944,2.);
#1599=CIRCLE('',#4945,2.);
#1600=CIRCLE('',#4947,1.);
#1601=CIRCLE('',#4949,1.);
#1602=CIRCLE('',#4950,2.);
#1603=CIRCLE('',#4951,2.);
#1604=CIRCLE('',#4953,1.);
#1605=CIRCLE('',#4955,1.);
#1606=CIRCLE('',#4956,2.);
#1607=CIRCLE('',#4957,2.);
#1608=CIRCLE('',#4959,1.);
#1609=CIRCLE('',#4961,2.);
#1610=CIRCLE('',#4962,2.25);
#1611=CIRCLE('',#4963,2.25);
#1612=CIRCLE('',#4966,2.);
#1613=CIRCLE('',#4967,2.25);
#1614=CIRCLE('',#4969,9.8);
#1615=CIRCLE('',#4970,2.54949101701621);
#1616=CIRCLE('',#4971,5.5);
#1617=CIRCLE('',#4972,2.54949101701592);
#1618=CIRCLE('',#4973,9.9);
#1619=CIRCLE('',#4974,0.5);
#1620=CIRCLE('',#4975,0.25);
#1621=CIRCLE('',#4976,15.1);
#1622=CIRCLE('',#4977,0.25);
#1623=CIRCLE('',#4978,0.5);
#1624=CIRCLE('',#4979,9.9);
#1625=CIRCLE('',#4980,2.5494910170162);
#1626=CIRCLE('',#4981,5.5);
#1627=CIRCLE('',#4982,2.54949101701592);
#1628=CIRCLE('',#4983,9.9);
#1629=CIRCLE('',#4984,0.5);
#1630=CIRCLE('',#4985,0.25);
#1631=CIRCLE('',#4986,15.1);
#1632=CIRCLE('',#4987,0.25);
#1633=CIRCLE('',#4988,0.5);
#1634=CIRCLE('',#4989,9.9);
#1635=CIRCLE('',#4990,2.5494910170162);
#1636=CIRCLE('',#4991,5.5);
#1637=CIRCLE('',#4992,2.54949101701592);
#1638=CIRCLE('',#4993,9.8);
#1639=CIRCLE('',#4994,2.25);
#1640=CIRCLE('',#4995,4.98);
#1641=CIRCLE('',#4998,2.);
#1642=CIRCLE('',#5001,4.48);
#1643=CIRCLE('',#5002,4.98);
#1644=CIRCLE('',#5003,4.48);
#1645=CIRCLE('',#5005,4.48);
#1646=CIRCLE('',#5007,2.);
#1647=CIRCLE('',#5008,8.65);
#1648=CIRCLE('',#5009,2.);
#1649=CIRCLE('',#5010,8.65);
#1650=CIRCLE('',#5011,2.);
#1651=CIRCLE('',#5012,2.);
#1652=CIRCLE('',#5013,8.65);
#1653=CIRCLE('',#5016,3.04949101701592);
#1654=CIRCLE('',#5018,6.);
#1655=CIRCLE('',#5020,3.0494910170162);
#1656=CIRCLE('',#5022,9.4);
#1657=CIRCLE('',#5023,9.8);
#1658=CIRCLE('',#5025,9.4);
#1659=CIRCLE('',#5027,3.04949101701592);
#1660=CIRCLE('',#5029,3.04949101701592);
#1661=CIRCLE('',#5031,6.);
#1662=CIRCLE('',#5033,3.0494910170162);
#1663=CIRCLE('',#5035,9.8);
#1664=CIRCLE('',#5036,9.4);
#1665=CIRCLE('',#5038,9.4);
#1666=CIRCLE('',#5040,3.04949101701592);
#1667=CIRCLE('',#5042,6.);
#1668=CIRCLE('',#5044,3.0494910170162);
#1669=CIRCLE('',#5046,3.04949101701592);
#1670=CIRCLE('',#5048,9.8);
#1671=CIRCLE('',#5049,9.4);
#1672=CIRCLE('',#5051,3.04949101701592);
#1673=CIRCLE('',#5053,6.);
#1674=CIRCLE('',#5057,2.);
#1675=CIRCLE('',#5058,2.);
#1676=CIRCLE('',#5059,2.);
#1677=CIRCLE('',#5061,2.);
#1678=CIRCLE('',#5062,2.);
#1679=CIRCLE('',#5068,2.);
#1680=CIRCLE('',#5070,2.);
#1681=CIRCLE('',#5071,2.);
#1682=CIRCLE('',#5075,10.9);
#1683=CIRCLE('',#5077,10.9);
#1684=CIRCLE('',#5079,10.9);
#1685=CIRCLE('',#5081,10.9);
#1686=CIRCLE('',#5082,9.4);
#1687=CIRCLE('',#5084,9.4);
#1688=CIRCLE('',#5085,10.9);
#1689=CIRCLE('',#5087,10.9);
#1690=CIRCLE('',#5088,10.9);
#1691=CIRCLE('',#5089,10.9);
#1692=CIRCLE('',#5091,9.4);
#1693=CIRCLE('',#5093,9.4);
#1694=CIRCLE('',#5095,8.65);
#1695=CIRCLE('',#5097,8.65);
#1696=CIRCLE('',#5099,10.9);
#1697=CIRCLE('',#5100,9.4);
#1698=CIRCLE('',#5102,9.4);
#1699=CIRCLE('',#5103,10.9);
#1700=CIRCLE('',#5105,8.9);
#1701=CIRCLE('',#5107,8.9);
#1702=CIRCLE('',#5109,8.65);
#1703=CIRCLE('',#5110,8.9);
#1704=CIRCLE('',#5112,9.39);
#1705=CIRCLE('',#5113,9.4);
#1706=CIRCLE('',#5114,9.39);
#1707=CIRCLE('',#5116,9.39);
#1708=CIRCLE('',#5117,9.4);
#1709=CIRCLE('',#5118,9.39);
#1710=CIRCLE('',#5120,9.39);
#1711=CIRCLE('',#5121,9.4);
#1712=CIRCLE('',#5122,9.39);
#1713=CIRCLE('',#5124,6.);
#1714=CIRCLE('',#5126,3.0494910170162);
#1715=CIRCLE('',#5129,3.0494910170162);
#1716=CIRCLE('',#5131,9.4);
#1717=CIRCLE('',#5134,6.);
#1718=CIRCLE('',#5136,3.0494910170162);
#1719=CIRCLE('',#5140,10.9);
#1720=CIRCLE('',#5144,10.9);
#1721=CIRCLE('',#5148,10.9);
#1722=CIRCLE('',#5152,9.39);
#1723=CIRCLE('',#5153,10.39);
#1724=CIRCLE('',#5155,9.39);
#1725=CIRCLE('',#5156,10.39);
#1726=CIRCLE('',#5158,9.39);
#1727=CIRCLE('',#5159,10.39);
#1728=CIRCLE('',#5161,9.39);
#1729=CIRCLE('',#5162,10.39);
#1730=CIRCLE('',#5164,9.39);
#1731=CIRCLE('',#5165,10.39);
#1732=CIRCLE('',#5167,9.39);
#1733=CIRCLE('',#5168,10.39);
#1734=CIRCLE('',#5171,10.39);
#1735=CIRCLE('',#5174,10.39);
#1736=CIRCLE('',#5177,10.39);
#1737=CIRCLE('',#5180,10.39);
#1738=CIRCLE('',#5183,10.39);
#1739=CIRCLE('',#5186,10.39);
#1740=CIRCLE('',#5188,0.75);
#1741=CIRCLE('',#5189,0.25);
#1742=CIRCLE('',#5192,0.5);
#1743=CIRCLE('',#5193,0.999999999999999);
#1744=CIRCLE('',#5195,14.4);
#1745=CIRCLE('',#5196,13.9);
#1746=CIRCLE('',#5198,0.25);
#1747=CIRCLE('',#5199,0.750000000000001);
#1748=CIRCLE('',#5201,11.3);
#1749=CIRCLE('',#5202,0.25);
#1750=CIRCLE('',#5203,0.5);
#1751=CIRCLE('',#5204,16.6);
#1752=CIRCLE('',#5205,0.5);
#1753=CIRCLE('',#5207,0.75);
#1754=CIRCLE('',#5208,0.25);
#1755=CIRCLE('',#5211,0.5);
#1756=CIRCLE('',#5212,1.);
#1757=CIRCLE('',#5214,14.4);
#1758=CIRCLE('',#5215,13.9);
#1759=CIRCLE('',#5217,0.25);
#1760=CIRCLE('',#5218,0.750000000000001);
#1761=CIRCLE('',#5220,11.3);
#1762=CIRCLE('',#5221,0.25);
#1763=CIRCLE('',#5222,0.5);
#1764=CIRCLE('',#5223,16.6);
#1765=CIRCLE('',#5224,0.5);
#1766=CIRCLE('',#5227,0.25);
#1767=CIRCLE('',#5228,0.75);
#1768=CIRCLE('',#5230,15.6);
#1769=CIRCLE('',#5231,15.1);
#1770=CIRCLE('',#5233,0.25);
#1771=CIRCLE('',#5234,0.75);
#1772=CIRCLE('',#5236,149.949857809417);
#1773=CIRCLE('',#5237,112.093451606792);
#1774=CIRCLE('',#5240,9.8);
#1775=CIRCLE('',#5241,10.3);
#1776=CIRCLE('',#5243,10.3);
#1777=CIRCLE('',#5244,9.8);
#1778=CIRCLE('',#5247,0.25);
#1779=CIRCLE('',#5248,0.75);
#1780=CIRCLE('',#5250,15.6);
#1781=CIRCLE('',#5251,15.1);
#1782=CIRCLE('',#5253,0.25);
#1783=CIRCLE('',#5254,0.75);
#1784=CIRCLE('',#5256,149.949857816058);
#1785=CIRCLE('',#5257,112.093451605926);
#1786=CIRCLE('',#5260,0.5);
#1787=CIRCLE('',#5262,10.3);
#1788=CIRCLE('',#5263,9.8);
#1789=CIRCLE('',#5265,9.8);
#1790=CIRCLE('',#5266,10.3);
#1791=CIRCLE('',#5268,0.500000000000001);
#1792=CIRCLE('',#5270,0.5);
#1793=CIRCLE('',#5272,0.5);
#1794=CIRCLE('',#5274,14.8);
#1795=CIRCLE('',#5275,16.1);
#1796=CIRCLE('',#5276,0.75);
#1797=CIRCLE('',#5277,10.8);
#1798=CIRCLE('',#5279,13.3);
#1799=CIRCLE('',#5281,10.8);
#1800=CIRCLE('',#5282,0.5);
#1801=CIRCLE('',#5283,12.3);
#1802=CIRCLE('',#5284,1.);
#1803=CIRCLE('',#5295,16.6);
#1804=CIRCLE('',#5300,11.3);
#1805=CIRCLE('',#5303,0.25);
#1806=CIRCLE('',#5304,0.749999999999999);
#1807=CIRCLE('',#5306,10.8);
#1808=CIRCLE('',#5307,11.3);
#1809=CIRCLE('',#5309,1.);
#1810=CIRCLE('',#5311,12.8);
#1811=CIRCLE('',#5313,0.5);
#1812=CIRCLE('',#5316,16.1);
#1813=CIRCLE('',#5317,16.6);
#1814=CIRCLE('',#5318,16.6);
#1815=CIRCLE('',#5321,0.25);
#1816=CIRCLE('',#5323,11.3);
#1817=CIRCLE('',#5327,1.);
#1818=CIRCLE('',#5328,0.500000000000001);
#1819=CIRCLE('',#5330,12.3);
#1820=CIRCLE('',#5331,12.8);
#1821=CIRCLE('',#5333,0.5);
#1822=CIRCLE('',#5334,1.);
#1823=CIRCLE('',#5338,11.3);
#1824=CIRCLE('',#5339,10.8);
#1825=CIRCLE('',#5341,0.5);
#1826=CIRCLE('',#5343,0.5);
#1827=CIRCLE('',#5345,0.5);
#1828=CIRCLE('',#5347,0.5);
#1829=CIRCLE('',#5350,11.3);
#1830=CIRCLE('',#5351,11.3);
#1831=CIRCLE('',#5356,16.6);
#1832=CIRCLE('',#5360,0.5);
#1833=CIRCLE('',#5362,12.8);
#1834=CIRCLE('',#5364,1.);
#1835=CIRCLE('',#5369,10.9);
#1836=CIRCLE('',#5372,10.9);
#1837=CIRCLE('',#5375,10.9);
#1838=CIRCLE('',#5378,10.9);
#1839=CIRCLE('',#5381,10.9);
#1840=CIRCLE('',#5384,1.);
#1841=CIRCLE('',#5387,13.3);
#1842=CIRCLE('',#5389,0.5);
#1843=CIRCLE('',#5392,0.25);
#1844=CIRCLE('',#5395,0.25);
#1845=CIRCLE('',#5397,0.25);
#1846=CIRCLE('',#5400,0.25);
#1847=CIRCLE('',#5402,11.55);
#1848=CIRCLE('',#5403,11.3);
#1849=CIRCLE('',#5405,0.5);
#1850=CIRCLE('',#5406,0.5);
#1851=CIRCLE('',#5409,11.55);
#1852=CIRCLE('',#5411,0.25);
#1853=CIRCLE('',#5413,12.8);
#1854=CIRCLE('',#5416,11.3);
#1855=CIRCLE('',#5422,0.5);
#1856=CIRCLE('',#5424,13.9);
#1857=CIRCLE('',#5426,0.5);
#1858=CIRCLE('',#5428,13.9);
#1859=CIRCLE('',#5435,14.8);
#1860=CIRCLE('',#5443,1.);
#1861=CIRCLE('',#5444,1.);
#1862=CIRCLE('',#5447,1.);
#1863=CIRCLE('',#5448,1.);
#1864=CIRCLE('',#5451,1.);
#1865=CIRCLE('',#5452,1.);
#1866=CIRCLE('',#5455,1.75);
#1867=CIRCLE('',#5457,1.75);
#1868=CIRCLE('',#5459,1.75);
#1869=CIRCLE('',#5461,1.75);
#1870=CIRCLE('',#5462,1.75);
#1871=CIRCLE('',#5463,1.75);
#1872=CIRCLE('',#5465,11.15);
#1873=CIRCLE('',#5467,8.375);
#1874=CIRCLE('',#5468,1.75);
#1875=CIRCLE('',#5469,1.75);
#1876=CIRCLE('',#5470,8.375);
#1877=CIRCLE('',#5471,1.75);
#1878=CIRCLE('',#5472,1.75);
#1879=CIRCLE('',#5473,8.375);
#1880=CIRCLE('',#5475,1.75);
#1881=CIRCLE('',#5477,11.15);
#1882=CIRCLE('',#5479,1.75);
#1883=CIRCLE('',#5481,11.15);
#1884=CIRCLE('',#5484,11.15);
#1885=CIRCLE('',#5487,8.375);
#1886=CIRCLE('',#5490,11.15);
#1887=CIRCLE('',#5493,8.375);
#1888=CIRCLE('',#5496,11.15);
#1889=CIRCLE('',#5499,8.375);
#1890=VERTEX_POINT('',#6984);
#1891=VERTEX_POINT('',#6986);
#1892=VERTEX_POINT('',#6988);
#1893=VERTEX_POINT('',#6992);
#1894=VERTEX_POINT('',#6996);
#1895=VERTEX_POINT('',#6998);
#1896=VERTEX_POINT('',#7000);
#1897=VERTEX_POINT('',#7004);
#1898=VERTEX_POINT('',#7008);
#1899=VERTEX_POINT('',#7010);
#1900=VERTEX_POINT('',#7012);
#1901=VERTEX_POINT('',#7016);
#1902=VERTEX_POINT('',#7020);
#1903=VERTEX_POINT('',#7022);
#1904=VERTEX_POINT('',#7024);
#1905=VERTEX_POINT('',#7026);
#1906=VERTEX_POINT('',#7037);
#1907=VERTEX_POINT('',#7039);
#1908=VERTEX_POINT('',#7043);
#1909=VERTEX_POINT('',#7045);
#1910=VERTEX_POINT('',#7047);
#1911=VERTEX_POINT('',#7049);
#1912=VERTEX_POINT('',#7051);
#1913=VERTEX_POINT('',#7053);
#1914=VERTEX_POINT('',#7055);
#1915=VERTEX_POINT('',#7057);
#1916=VERTEX_POINT('',#7059);
#1917=VERTEX_POINT('',#7061);
#1918=VERTEX_POINT('',#7063);
#1919=VERTEX_POINT('',#7065);
#1920=VERTEX_POINT('',#7067);
#1921=VERTEX_POINT('',#7069);
#1922=VERTEX_POINT('',#7071);
#1923=VERTEX_POINT('',#7073);
#1924=VERTEX_POINT('',#7075);
#1925=VERTEX_POINT('',#7077);
#1926=VERTEX_POINT('',#7079);
#1927=VERTEX_POINT('',#7081);
#1928=VERTEX_POINT('',#7083);
#1929=VERTEX_POINT('',#7085);
#1930=VERTEX_POINT('',#7087);
#1931=VERTEX_POINT('',#7089);
#1932=VERTEX_POINT('',#7091);
#1933=VERTEX_POINT('',#7093);
#1934=VERTEX_POINT('',#7095);
#1935=VERTEX_POINT('',#7097);
#1936=VERTEX_POINT('',#7100);
#1937=VERTEX_POINT('',#7102);
#1938=VERTEX_POINT('',#7107);
#1939=VERTEX_POINT('',#7113);
#1940=VERTEX_POINT('',#7114);
#1941=VERTEX_POINT('',#7116);
#1942=VERTEX_POINT('',#7121);
#1943=VERTEX_POINT('',#7125);
#1944=VERTEX_POINT('',#7126);
#1945=VERTEX_POINT('',#7128);
#1946=VERTEX_POINT('',#7130);
#1947=VERTEX_POINT('',#7132);
#1948=VERTEX_POINT('',#7134);
#1949=VERTEX_POINT('',#7136);
#1950=VERTEX_POINT('',#7138);
#1951=VERTEX_POINT('',#7140);
#1952=VERTEX_POINT('',#7142);
#1953=VERTEX_POINT('',#7144);
#1954=VERTEX_POINT('',#7146);
#1955=VERTEX_POINT('',#7148);
#1956=VERTEX_POINT('',#7154);
#1957=VERTEX_POINT('',#7161);
#1958=VERTEX_POINT('',#7170);
#1959=VERTEX_POINT('',#7181);
#1960=VERTEX_POINT('',#7186);
#1961=VERTEX_POINT('',#7196);
#1962=VERTEX_POINT('',#7205);
#1963=VERTEX_POINT('',#7207);
#1964=VERTEX_POINT('',#7211);
#1965=VERTEX_POINT('',#7215);
#1966=VERTEX_POINT('',#7222);
#1967=VERTEX_POINT('',#7229);
#1968=VERTEX_POINT('',#7236);
#1969=VERTEX_POINT('',#7247);
#1970=VERTEX_POINT('',#7256);
#1971=VERTEX_POINT('',#7266);
#1972=VERTEX_POINT('',#7268);
#1973=VERTEX_POINT('',#7272);
#1974=VERTEX_POINT('',#7276);
#1975=VERTEX_POINT('',#7285);
#1976=VERTEX_POINT('',#7296);
#1977=VERTEX_POINT('',#7305);
#1978=VERTEX_POINT('',#7314);
#1979=VERTEX_POINT('',#7321);
#1980=VERTEX_POINT('',#7331);
#1981=VERTEX_POINT('',#7333);
#1982=VERTEX_POINT('',#7337);
#1983=VERTEX_POINT('',#7341);
#1984=VERTEX_POINT('',#7343);
#1985=VERTEX_POINT('',#7345);
#1986=VERTEX_POINT('',#7347);
#1987=VERTEX_POINT('',#7349);
#1988=VERTEX_POINT('',#7351);
#1989=VERTEX_POINT('',#7355);
#1990=VERTEX_POINT('',#7357);
#1991=VERTEX_POINT('',#7359);
#1992=VERTEX_POINT('',#7361);
#1993=VERTEX_POINT('',#7363);
#1994=VERTEX_POINT('',#7365);
#1995=VERTEX_POINT('',#7369);
#1996=VERTEX_POINT('',#7371);
#1997=VERTEX_POINT('',#7373);
#1998=VERTEX_POINT('',#7378);
#1999=VERTEX_POINT('',#7381);
#2000=VERTEX_POINT('',#7385);
#2001=VERTEX_POINT('',#7386);
#2002=VERTEX_POINT('',#7389);
#2003=VERTEX_POINT('',#7391);
#2004=VERTEX_POINT('',#7393);
#2005=VERTEX_POINT('',#7395);
#2006=VERTEX_POINT('',#7399);
#2007=VERTEX_POINT('',#7400);
#2008=VERTEX_POINT('',#7402);
#2009=VERTEX_POINT('',#7404);
#2010=VERTEX_POINT('',#7406);
#2011=VERTEX_POINT('',#7411);
#2012=VERTEX_POINT('',#7412);
#2013=VERTEX_POINT('',#7414);
#2014=VERTEX_POINT('',#7416);
#2015=VERTEX_POINT('',#7418);
#2016=VERTEX_POINT('',#7423);
#2017=VERTEX_POINT('',#7424);
#2018=VERTEX_POINT('',#7426);
#2019=VERTEX_POINT('',#7428);
#2020=VERTEX_POINT('',#7430);
#2021=VERTEX_POINT('',#7433);
#2022=VERTEX_POINT('',#7437);
#2023=VERTEX_POINT('',#7440);
#2024=VERTEX_POINT('',#7453);
#2025=VERTEX_POINT('',#7455);
#2026=VERTEX_POINT('',#7461);
#2027=VERTEX_POINT('',#7463);
#2028=VERTEX_POINT('',#7469);
#2029=VERTEX_POINT('',#7471);
#2030=VERTEX_POINT('',#7473);
#2031=VERTEX_POINT('',#7475);
#2032=VERTEX_POINT('',#7479);
#2033=VERTEX_POINT('',#7485);
#2034=VERTEX_POINT('',#7495);
#2035=VERTEX_POINT('',#7497);
#2036=VERTEX_POINT('',#7503);
#2037=VERTEX_POINT('',#7505);
#2038=VERTEX_POINT('',#7518);
#2039=VERTEX_POINT('',#7520);
#2040=VERTEX_POINT('',#7522);
#2041=VERTEX_POINT('',#7524);
#2042=VERTEX_POINT('',#7526);
#2043=VERTEX_POINT('',#7528);
#2044=VERTEX_POINT('',#7532);
#2045=VERTEX_POINT('',#7534);
#2046=VERTEX_POINT('',#7536);
#2047=VERTEX_POINT('',#7538);
#2048=VERTEX_POINT('',#7540);
#2049=VERTEX_POINT('',#7542);
#2050=VERTEX_POINT('',#7546);
#2051=VERTEX_POINT('',#7548);
#2052=VERTEX_POINT('',#7550);
#2053=VERTEX_POINT('',#7552);
#2054=VERTEX_POINT('',#7554);
#2055=VERTEX_POINT('',#7556);
#2056=VERTEX_POINT('',#7560);
#2057=VERTEX_POINT('',#7567);
#2058=VERTEX_POINT('',#7574);
#2059=VERTEX_POINT('',#7581);
#2060=VERTEX_POINT('',#7583);
#2061=VERTEX_POINT('',#7587);
#2062=VERTEX_POINT('',#7591);
#2063=VERTEX_POINT('',#7595);
#2064=VERTEX_POINT('',#7601);
#2065=VERTEX_POINT('',#7603);
#2066=VERTEX_POINT('',#7607);
#2067=VERTEX_POINT('',#7609);
#2068=VERTEX_POINT('',#7613);
#2069=VERTEX_POINT('',#7615);
#2070=VERTEX_POINT('',#7619);
#2071=VERTEX_POINT('',#7621);
#2072=VERTEX_POINT('',#7625);
#2073=VERTEX_POINT('',#7629);
#2074=VERTEX_POINT('',#7635);
#2075=VERTEX_POINT('',#7637);
#2076=VERTEX_POINT('',#7641);
#2077=VERTEX_POINT('',#7643);
#2078=VERTEX_POINT('',#7647);
#2079=VERTEX_POINT('',#7649);
#2080=VERTEX_POINT('',#7653);
#2081=VERTEX_POINT('',#7655);
#2082=VERTEX_POINT('',#7659);
#2083=VERTEX_POINT('',#7663);
#2084=VERTEX_POINT('',#7669);
#2085=VERTEX_POINT('',#7671);
#2086=VERTEX_POINT('',#7675);
#2087=VERTEX_POINT('',#7677);
#2088=VERTEX_POINT('',#7682);
#2089=VERTEX_POINT('',#7684);
#2090=VERTEX_POINT('',#7690);
#2091=VERTEX_POINT('',#7692);
#2092=VERTEX_POINT('',#7698);
#2093=VERTEX_POINT('',#7700);
#2094=VERTEX_POINT('',#7706);
#2095=VERTEX_POINT('',#7708);
#2096=VERTEX_POINT('',#7714);
#2097=VERTEX_POINT('',#7716);
#2098=VERTEX_POINT('',#7722);
#2099=VERTEX_POINT('',#7724);
#2100=VERTEX_POINT('',#7732);
#2101=VERTEX_POINT('',#7738);
#2102=VERTEX_POINT('',#7744);
#2103=VERTEX_POINT('',#7750);
#2104=VERTEX_POINT('',#7756);
#2105=VERTEX_POINT('',#7762);
#2106=VERTEX_POINT('',#7766);
#2107=VERTEX_POINT('',#7767);
#2108=VERTEX_POINT('',#7780);
#2109=VERTEX_POINT('',#7782);
#2110=VERTEX_POINT('',#7786);
#2111=VERTEX_POINT('',#7788);
#2112=VERTEX_POINT('',#7792);
#2113=VERTEX_POINT('',#7793);
#2114=VERTEX_POINT('',#7798);
#2115=VERTEX_POINT('',#7800);
#2116=VERTEX_POINT('',#7804);
#2117=VERTEX_POINT('',#7805);
#2118=VERTEX_POINT('',#7812);
#2119=VERTEX_POINT('',#7814);
#2120=VERTEX_POINT('',#7816);
#2121=VERTEX_POINT('',#7818);
#2122=VERTEX_POINT('',#7820);
#2123=VERTEX_POINT('',#7822);
#2124=VERTEX_POINT('',#7826);
#2125=VERTEX_POINT('',#7827);
#2126=VERTEX_POINT('',#7840);
#2127=VERTEX_POINT('',#7842);
#2128=VERTEX_POINT('',#7846);
#2129=VERTEX_POINT('',#7848);
#2130=VERTEX_POINT('',#7852);
#2131=VERTEX_POINT('',#7853);
#2132=VERTEX_POINT('',#7858);
#2133=VERTEX_POINT('',#7860);
#2134=VERTEX_POINT('',#7864);
#2135=VERTEX_POINT('',#7865);
#2136=VERTEX_POINT('',#7872);
#2137=VERTEX_POINT('',#7874);
#2138=VERTEX_POINT('',#7876);
#2139=VERTEX_POINT('',#7878);
#2140=VERTEX_POINT('',#7880);
#2141=VERTEX_POINT('',#7882);
#2142=VERTEX_POINT('',#7886);
#2143=VERTEX_POINT('',#7887);
#2144=VERTEX_POINT('',#7889);
#2145=VERTEX_POINT('',#7891);
#2146=VERTEX_POINT('',#7895);
#2147=VERTEX_POINT('',#7897);
#2148=VERTEX_POINT('',#7901);
#2149=VERTEX_POINT('',#7902);
#2150=VERTEX_POINT('',#7907);
#2151=VERTEX_POINT('',#7909);
#2152=VERTEX_POINT('',#7913);
#2153=VERTEX_POINT('',#7915);
#2154=VERTEX_POINT('',#7917);
#2155=VERTEX_POINT('',#7952);
#2156=VERTEX_POINT('',#7959);
#2157=VERTEX_POINT('',#7968);
#2158=VERTEX_POINT('',#7970);
#2159=VERTEX_POINT('',#7972);
#2160=VERTEX_POINT('',#7976);
#2161=VERTEX_POINT('',#7977);
#2162=VERTEX_POINT('',#7980);
#2163=VERTEX_POINT('',#7982);
#2164=VERTEX_POINT('',#7991);
#2165=VERTEX_POINT('',#7992);
#2166=VERTEX_POINT('',#7994);
#2167=VERTEX_POINT('',#7996);
#2168=VERTEX_POINT('',#7998);
#2169=VERTEX_POINT('',#8036);
#2170=VERTEX_POINT('',#8037);
#2171=VERTEX_POINT('',#8039);
#2172=VERTEX_POINT('',#8041);
#2173=VERTEX_POINT('',#8045);
#2174=VERTEX_POINT('',#8047);
#2175=VERTEX_POINT('',#8051);
#2176=VERTEX_POINT('',#8052);
#2177=VERTEX_POINT('',#8057);
#2178=VERTEX_POINT('',#8059);
#2179=VERTEX_POINT('',#8063);
#2180=VERTEX_POINT('',#8065);
#2181=VERTEX_POINT('',#8067);
#2182=VERTEX_POINT('',#8102);
#2183=VERTEX_POINT('',#8109);
#2184=VERTEX_POINT('',#8118);
#2185=VERTEX_POINT('',#8121);
#2186=VERTEX_POINT('',#8127);
#2187=VERTEX_POINT('',#8129);
#2188=VERTEX_POINT('',#8131);
#2189=VERTEX_POINT('',#8133);
#2190=VERTEX_POINT('',#8143);
#2191=VERTEX_POINT('',#8144);
#2192=VERTEX_POINT('',#8147);
#2193=VERTEX_POINT('',#8149);
#2194=VERTEX_POINT('',#8192);
#2195=VERTEX_POINT('',#8194);
#2196=VERTEX_POINT('',#8196);
#2197=VERTEX_POINT('',#8198);
#2198=VERTEX_POINT('',#8200);
#2199=VERTEX_POINT('',#8202);
#2200=VERTEX_POINT('',#8206);
#2201=VERTEX_POINT('',#8208);
#2202=VERTEX_POINT('',#8210);
#2203=VERTEX_POINT('',#8215);
#2204=VERTEX_POINT('',#8224);
#2205=VERTEX_POINT('',#8226);
#2206=VERTEX_POINT('',#8228);
#2207=VERTEX_POINT('',#8230);
#2208=VERTEX_POINT('',#8232);
#2209=VERTEX_POINT('',#8234);
#2210=VERTEX_POINT('',#8236);
#2211=VERTEX_POINT('',#8240);
#2212=VERTEX_POINT('',#8242);
#2213=VERTEX_POINT('',#8244);
#2214=VERTEX_POINT('',#8285);
#2215=VERTEX_POINT('',#8286);
#2216=VERTEX_POINT('',#8288);
#2217=VERTEX_POINT('',#8290);
#2218=VERTEX_POINT('',#8319);
#2219=VERTEX_POINT('',#8321);
#2220=VERTEX_POINT('',#8330);
#2221=VERTEX_POINT('',#8332);
#2222=VERTEX_POINT('',#8336);
#2223=VERTEX_POINT('',#8340);
#2224=VERTEX_POINT('',#8341);
#2225=VERTEX_POINT('',#8346);
#2226=VERTEX_POINT('',#8352);
#2227=VERTEX_POINT('',#8361);
#2228=VERTEX_POINT('',#8362);
#2229=VERTEX_POINT('',#8364);
#2230=VERTEX_POINT('',#8366);
#2231=VERTEX_POINT('',#8370);
#2232=VERTEX_POINT('',#8372);
#2233=VERTEX_POINT('',#8377);
#2234=VERTEX_POINT('',#8408);
#2235=VERTEX_POINT('',#8412);
#2236=VERTEX_POINT('',#8416);
#2237=VERTEX_POINT('',#8420);
#2238=VERTEX_POINT('',#8450);
#2239=VERTEX_POINT('',#8452);
#2240=VERTEX_POINT('',#8454);
#2241=VERTEX_POINT('',#8456);
#2242=VERTEX_POINT('',#8460);
#2243=VERTEX_POINT('',#8462);
#2244=VERTEX_POINT('',#8466);
#2245=VERTEX_POINT('',#8470);
#2246=VERTEX_POINT('',#8472);
#2247=VERTEX_POINT('',#8481);
#2248=VERTEX_POINT('',#8484);
#2249=VERTEX_POINT('',#8488);
#2250=VERTEX_POINT('',#8489);
#2251=VERTEX_POINT('',#8491);
#2252=VERTEX_POINT('',#8493);
#2253=VERTEX_POINT('',#8497);
#2254=VERTEX_POINT('',#8499);
#2255=VERTEX_POINT('',#8503);
#2256=VERTEX_POINT('',#8504);
#2257=VERTEX_POINT('',#8509);
#2258=VERTEX_POINT('',#8511);
#2259=VERTEX_POINT('',#8515);
#2260=VERTEX_POINT('',#8517);
#2261=VERTEX_POINT('',#8519);
#2262=VERTEX_POINT('',#8553);
#2263=VERTEX_POINT('',#8555);
#2264=VERTEX_POINT('',#8561);
#2265=VERTEX_POINT('',#8563);
#2266=VERTEX_POINT('',#8565);
#2267=VERTEX_POINT('',#8610);
#2268=VERTEX_POINT('',#8612);
#2269=VERTEX_POINT('',#8623);
#2270=VERTEX_POINT('',#8628);
#2271=VERTEX_POINT('',#8630);
#2272=VERTEX_POINT('',#8632);
#2273=VERTEX_POINT('',#8642);
#2274=VERTEX_POINT('',#8651);
#2275=VERTEX_POINT('',#8653);
#2276=VERTEX_POINT('',#8655);
#2277=VERTEX_POINT('',#8657);
#2278=VERTEX_POINT('',#8661);
#2279=VERTEX_POINT('',#8665);
#2280=VERTEX_POINT('',#8669);
#2281=VERTEX_POINT('',#8673);
#2282=VERTEX_POINT('',#8679);
#2283=VERTEX_POINT('',#8685);
#2284=VERTEX_POINT('',#8691);
#2285=VERTEX_POINT('',#8697);
#2286=VERTEX_POINT('',#8703);
#2287=VERTEX_POINT('',#8711);
#2288=VERTEX_POINT('',#8713);
#2289=VERTEX_POINT('',#8721);
#2290=VERTEX_POINT('',#8723);
#2291=VERTEX_POINT('',#8727);
#2292=VERTEX_POINT('',#8729);
#2293=VERTEX_POINT('',#8736);
#2294=VERTEX_POINT('',#8738);
#2295=VERTEX_POINT('',#8743);
#2296=VERTEX_POINT('',#8745);
#2297=VERTEX_POINT('',#8749);
#2298=VERTEX_POINT('',#8753);
#2299=VERTEX_POINT('',#8757);
#2300=VERTEX_POINT('',#8761);
#2301=VERTEX_POINT('',#8765);
#2302=VERTEX_POINT('',#8769);
#2303=VERTEX_POINT('',#8770);
#2304=VERTEX_POINT('',#8772);
#2305=VERTEX_POINT('',#8783);
#2306=VERTEX_POINT('',#8798);
#2307=VERTEX_POINT('',#8846);
#2308=VERTEX_POINT('',#8852);
#2309=VERTEX_POINT('',#8873);
#2310=VERTEX_POINT('',#8875);
#2311=VERTEX_POINT('',#8880);
#2312=VERTEX_POINT('',#8882);
#2313=VERTEX_POINT('',#8887);
#2314=VERTEX_POINT('',#8889);
#2315=VERTEX_POINT('',#8894);
#2316=VERTEX_POINT('',#8897);
#2317=VERTEX_POINT('',#8900);
#2318=VERTEX_POINT('',#8903);
#2319=VERTEX_POINT('',#8905);
#2320=VERTEX_POINT('',#8907);
#2321=VERTEX_POINT('',#8909);
#2322=VERTEX_POINT('',#8911);
#2323=VERTEX_POINT('',#8915);
#2324=VERTEX_POINT('',#8917);
#2325=VERTEX_POINT('',#8921);
#2326=VERTEX_POINT('',#8923);
#2327=VERTEX_POINT('',#8925);
#2328=VERTEX_POINT('',#8927);
#2329=VERTEX_POINT('',#8929);
#2330=VERTEX_POINT('',#8931);
#2331=VERTEX_POINT('',#8933);
#2332=VERTEX_POINT('',#8935);
#2333=VERTEX_POINT('',#8937);
#2334=VERTEX_POINT('',#8939);
#2335=VERTEX_POINT('',#8941);
#2336=VERTEX_POINT('',#8943);
#2337=VERTEX_POINT('',#8948);
#2338=VERTEX_POINT('',#8950);
#2339=VERTEX_POINT('',#8954);
#2340=VERTEX_POINT('',#8956);
#2341=VERTEX_POINT('',#8961);
#2342=VERTEX_POINT('',#8963);
#2343=VERTEX_POINT('',#8967);
#2344=VERTEX_POINT('',#8969);
#2345=VERTEX_POINT('',#8973);
#2346=VERTEX_POINT('',#8975);
#2347=VERTEX_POINT('',#8979);
#2348=VERTEX_POINT('',#8983);
#2349=VERTEX_POINT('',#8987);
#2350=VERTEX_POINT('',#8991);
#2351=VERTEX_POINT('',#8995);
#2352=VERTEX_POINT('',#8999);
#2353=VERTEX_POINT('',#9003);
#2354=VERTEX_POINT('',#9007);
#2355=VERTEX_POINT('',#9011);
#2356=VERTEX_POINT('',#9015);
#2357=EDGE_CURVE('',#1890,#1890,#1597,.T.);
#2358=EDGE_CURVE('',#1890,#1891,#875,.T.);
#2359=EDGE_CURVE('',#1892,#1891,#1598,.T.);
#2360=EDGE_CURVE('',#1891,#1892,#1599,.T.);
#2361=EDGE_CURVE('',#1890,#1893,#876,.T.);
#2362=EDGE_CURVE('',#1893,#1893,#1600,.T.);
#2363=EDGE_CURVE('',#1894,#1894,#1601,.T.);
#2364=EDGE_CURVE('',#1894,#1895,#877,.T.);
#2365=EDGE_CURVE('',#1896,#1895,#1602,.T.);
#2366=EDGE_CURVE('',#1895,#1896,#1603,.T.);
#2367=EDGE_CURVE('',#1894,#1897,#878,.T.);
#2368=EDGE_CURVE('',#1897,#1897,#1604,.T.);
#2369=EDGE_CURVE('',#1898,#1898,#1605,.T.);
#2370=EDGE_CURVE('',#1898,#1899,#879,.T.);
#2371=EDGE_CURVE('',#1900,#1899,#1606,.T.);
#2372=EDGE_CURVE('',#1899,#1900,#1607,.T.);
#2373=EDGE_CURVE('',#1898,#1901,#880,.T.);
#2374=EDGE_CURVE('',#1901,#1901,#1608,.T.);
#2375=EDGE_CURVE('',#1902,#1902,#1609,.T.);
#2376=EDGE_CURVE('',#1902,#1903,#881,.T.);
#2377=EDGE_CURVE('',#1903,#1904,#1610,.T.);
#2378=EDGE_CURVE('',#1905,#1904,#162,.T.);
#2379=EDGE_CURVE('',#1905,#1903,#1611,.T.);
#2380=EDGE_CURVE('',#1902,#1900,#882,.T.);
#2381=EDGE_CURVE('',#1906,#1906,#1612,.T.);
#2382=EDGE_CURVE('',#1906,#1907,#883,.T.);
#2383=EDGE_CURVE('',#1907,#1907,#1613,.T.);
#2384=EDGE_CURVE('',#1905,#1908,#1614,.T.);
#2385=EDGE_CURVE('',#1909,#1908,#1615,.T.);
#2386=EDGE_CURVE('',#1910,#1909,#1616,.T.);
#2387=EDGE_CURVE('',#1911,#1910,#1617,.T.);
#2388=EDGE_CURVE('',#1912,#1911,#1618,.T.);
#2389=EDGE_CURVE('',#1913,#1912,#1619,.F.);
#2390=EDGE_CURVE('',#1913,#1914,#884,.T.);
#2391=EDGE_CURVE('',#1914,#1915,#1620,.T.);
#2392=EDGE_CURVE('',#1915,#1916,#1621,.T.);
#2393=EDGE_CURVE('',#1916,#1917,#1622,.T.);
#2394=EDGE_CURVE('',#1917,#1918,#885,.T.);
#2395=EDGE_CURVE('',#1919,#1918,#1623,.F.);
#2396=EDGE_CURVE('',#1920,#1919,#1624,.T.);
#2397=EDGE_CURVE('',#1921,#1920,#1625,.T.);
#2398=EDGE_CURVE('',#1922,#1921,#1626,.T.);
#2399=EDGE_CURVE('',#1923,#1922,#1627,.T.);
#2400=EDGE_CURVE('',#1924,#1923,#1628,.T.);
#2401=EDGE_CURVE('',#1925,#1924,#1629,.F.);
#2402=EDGE_CURVE('',#1925,#1926,#886,.T.);
#2403=EDGE_CURVE('',#1926,#1927,#1630,.T.);
#2404=EDGE_CURVE('',#1927,#1928,#1631,.T.);
#2405=EDGE_CURVE('',#1928,#1929,#1632,.T.);
#2406=EDGE_CURVE('',#1929,#1930,#887,.T.);
#2407=EDGE_CURVE('',#1931,#1930,#1633,.F.);
#2408=EDGE_CURVE('',#1932,#1931,#1634,.T.);
#2409=EDGE_CURVE('',#1933,#1932,#1635,.T.);
#2410=EDGE_CURVE('',#1934,#1933,#1636,.T.);
#2411=EDGE_CURVE('',#1935,#1934,#1637,.T.);
#2412=EDGE_CURVE('',#1935,#1904,#1638,.T.);
#2413=EDGE_CURVE('',#1936,#1936,#1639,.T.);
#2414=EDGE_CURVE('',#1937,#1937,#1640,.T.);
#2415=EDGE_CURVE('',#1906,#1896,#888,.T.);
#2416=EDGE_CURVE('',#1938,#1938,#1641,.T.);
#2417=EDGE_CURVE('',#1938,#1936,#889,.T.);
#2418=EDGE_CURVE('',#1938,#1892,#890,.T.);
#2419=EDGE_CURVE('',#1939,#1940,#1642,.T.);
#2420=EDGE_CURVE('',#1940,#1941,#891,.T.);
#2421=EDGE_CURVE('',#1941,#1941,#1643,.T.);
#2422=EDGE_CURVE('',#1940,#1939,#1644,.T.);
#2423=EDGE_CURVE('',#1942,#1942,#1645,.T.);
#2424=EDGE_CURVE('',#1942,#1939,#892,.T.);
#2425=EDGE_CURVE('',#1943,#1944,#893,.T.);
#2426=EDGE_CURVE('',#1944,#1945,#1646,.T.);
#2427=EDGE_CURVE('',#1945,#1946,#894,.T.);
#2428=EDGE_CURVE('',#1947,#1946,#1647,.T.);
#2429=EDGE_CURVE('',#1947,#1948,#895,.T.);
#2430=EDGE_CURVE('',#1948,#1949,#1648,.T.);
#2431=EDGE_CURVE('',#1949,#1950,#896,.T.);
#2432=EDGE_CURVE('',#1951,#1950,#1649,.T.);
#2433=EDGE_CURVE('',#1951,#1952,#897,.T.);
#2434=EDGE_CURVE('',#1952,#1953,#1650,.T.);
#2435=EDGE_CURVE('',#1953,#1954,#1651,.T.);
#2436=EDGE_CURVE('',#1954,#1955,#898,.T.);
#2437=EDGE_CURVE('',#1943,#1955,#1652,.T.);
#2438=EDGE_CURVE('',#1942,#1937,#899,.T.);
#2439=EDGE_CURVE('',#1910,#1956,#163,.T.);
#2440=EDGE_CURVE('',#1956,#1957,#1653,.T.);
#2441=EDGE_CURVE('',#1957,#1911,#164,.T.);
#2442=EDGE_CURVE('',#1909,#1958,#165,.T.);
#2443=EDGE_CURVE('',#1958,#1956,#1654,.T.);
#2444=EDGE_CURVE('',#1908,#1959,#166,.F.);
#2445=EDGE_CURVE('',#1959,#1960,#167,.T.);
#2446=EDGE_CURVE('',#1960,#1958,#1655,.T.);
#2447=EDGE_CURVE('',#1957,#1960,#1656,.T.);
#2448=EDGE_CURVE('',#1959,#1961,#1657,.F.);
#2449=EDGE_CURVE('',#1912,#1961,#168,.F.);
#2450=EDGE_CURVE('',#1957,#1962,#900,.T.);
#2451=EDGE_CURVE('',#1962,#1963,#1658,.T.);
#2452=EDGE_CURVE('',#1960,#1963,#901,.T.);
#2453=EDGE_CURVE('',#1956,#1964,#902,.T.);
#2454=EDGE_CURVE('',#1964,#1962,#1659,.T.);
#2455=EDGE_CURVE('',#1935,#1965,#169,.T.);
#2456=EDGE_CURVE('',#1934,#1966,#170,.T.);
#2457=EDGE_CURVE('',#1966,#1967,#1660,.T.);
#2458=EDGE_CURVE('',#1967,#1965,#171,.T.);
#2459=EDGE_CURVE('',#1933,#1968,#172,.T.);
#2460=EDGE_CURVE('',#1968,#1966,#1661,.T.);
#2461=EDGE_CURVE('',#1932,#1969,#173,.T.);
#2462=EDGE_CURVE('',#1969,#1968,#1662,.T.);
#2463=EDGE_CURVE('',#1965,#1970,#1663,.T.);
#2464=EDGE_CURVE('',#1967,#1969,#1664,.T.);
#2465=EDGE_CURVE('',#1931,#1970,#174,.T.);
#2466=EDGE_CURVE('',#1967,#1971,#903,.T.);
#2467=EDGE_CURVE('',#1971,#1972,#1665,.T.);
#2468=EDGE_CURVE('',#1969,#1972,#904,.T.);
#2469=EDGE_CURVE('',#1966,#1973,#905,.T.);
#2470=EDGE_CURVE('',#1973,#1971,#1666,.T.);
#2471=EDGE_CURVE('',#1921,#1974,#175,.T.);
#2472=EDGE_CURVE('',#1974,#1975,#1667,.T.);
#2473=EDGE_CURVE('',#1922,#1975,#176,.T.);
#2474=EDGE_CURVE('',#1920,#1976,#177,.T.);
#2475=EDGE_CURVE('',#1976,#1974,#1668,.T.);
#2476=EDGE_CURVE('',#1975,#1977,#1669,.T.);
#2477=EDGE_CURVE('',#1977,#1923,#178,.T.);
#2478=EDGE_CURVE('',#1919,#1978,#179,.T.);
#2479=EDGE_CURVE('',#1979,#1978,#1670,.T.);
#2480=EDGE_CURVE('',#1924,#1979,#180,.F.);
#2481=EDGE_CURVE('',#1977,#1976,#1671,.T.);
#2482=EDGE_CURVE('',#1975,#1980,#906,.T.);
#2483=EDGE_CURVE('',#1980,#1981,#1672,.T.);
#2484=EDGE_CURVE('',#1977,#1981,#907,.T.);
#2485=EDGE_CURVE('',#1974,#1982,#908,.T.);
#2486=EDGE_CURVE('',#1982,#1980,#1673,.T.);
#2487=EDGE_CURVE('',#1944,#1983,#909,.T.);
#2488=EDGE_CURVE('',#1984,#1943,#910,.T.);
#2489=EDGE_CURVE('',#1985,#1984,#911,.T.);
#2490=EDGE_CURVE('',#1986,#1985,#912,.T.);
#2491=EDGE_CURVE('',#1987,#1986,#913,.T.);
#2492=EDGE_CURVE('',#1988,#1987,#914,.T.);
#2493=EDGE_CURVE('',#1988,#1983,#915,.T.);
#2494=EDGE_CURVE('',#1952,#1989,#916,.T.);
#2495=EDGE_CURVE('',#1990,#1951,#917,.T.);
#2496=EDGE_CURVE('',#1991,#1990,#918,.T.);
#2497=EDGE_CURVE('',#1992,#1991,#919,.T.);
#2498=EDGE_CURVE('',#1993,#1992,#920,.T.);
#2499=EDGE_CURVE('',#1994,#1993,#921,.T.);
#2500=EDGE_CURVE('',#1994,#1989,#922,.T.);
#2501=EDGE_CURVE('',#1995,#1995,#1674,.T.);
#2502=EDGE_CURVE('',#1995,#1996,#923,.T.);
#2503=EDGE_CURVE('',#1997,#1996,#1675,.T.);
#2504=EDGE_CURVE('',#1997,#1945,#924,.T.);
#2505=EDGE_CURVE('',#1996,#1983,#1676,.T.);
#2506=EDGE_CURVE('',#1998,#1998,#1677,.T.);
#2507=EDGE_CURVE('',#1998,#1953,#925,.T.);
#2508=EDGE_CURVE('',#1999,#1989,#1678,.T.);
#2509=EDGE_CURVE('',#1999,#1954,#926,.T.);
#2510=EDGE_CURVE('',#2000,#2001,#927,.T.);
#2511=EDGE_CURVE('',#1948,#2001,#928,.T.);
#2512=EDGE_CURVE('',#2002,#1947,#929,.T.);
#2513=EDGE_CURVE('',#2003,#2002,#930,.T.);
#2514=EDGE_CURVE('',#2004,#2003,#931,.T.);
#2515=EDGE_CURVE('',#2005,#2004,#932,.T.);
#2516=EDGE_CURVE('',#2000,#2005,#933,.T.);
#2517=EDGE_CURVE('',#2006,#2007,#934,.T.);
#2518=EDGE_CURVE('',#2008,#2006,#935,.T.);
#2519=EDGE_CURVE('',#2009,#2008,#936,.T.);
#2520=EDGE_CURVE('',#2010,#2009,#937,.T.);
#2521=EDGE_CURVE('',#1946,#2010,#938,.T.);
#2522=EDGE_CURVE('',#1997,#2007,#939,.T.);
#2523=EDGE_CURVE('',#2011,#2012,#940,.T.);
#2524=EDGE_CURVE('',#2013,#2011,#941,.T.);
#2525=EDGE_CURVE('',#2014,#2013,#942,.T.);
#2526=EDGE_CURVE('',#2015,#2014,#943,.T.);
#2527=EDGE_CURVE('',#1955,#2015,#944,.T.);
#2528=EDGE_CURVE('',#1999,#2012,#945,.T.);
#2529=EDGE_CURVE('',#2016,#2017,#946,.T.);
#2530=EDGE_CURVE('',#2018,#2016,#947,.T.);
#2531=EDGE_CURVE('',#2019,#2018,#948,.T.);
#2532=EDGE_CURVE('',#2020,#2019,#949,.T.);
#2533=EDGE_CURVE('',#1950,#2020,#950,.T.);
#2534=EDGE_CURVE('',#2021,#1949,#951,.T.);
#2535=EDGE_CURVE('',#2021,#2017,#952,.T.);
#2536=EDGE_CURVE('',#2022,#2022,#1679,.T.);
#2537=EDGE_CURVE('',#2022,#2023,#953,.T.);
#2538=EDGE_CURVE('',#2021,#2023,#1680,.T.);
#2539=EDGE_CURVE('',#2023,#2001,#1681,.T.);
#2540=EDGE_CURVE('',#2012,#1994,#1682,.T.);
#2541=EDGE_CURVE('',#2007,#1988,#1683,.T.);
#2542=EDGE_CURVE('',#2017,#2000,#1684,.T.);
#2543=EDGE_CURVE('',#2011,#2024,#1685,.T.);
#2544=EDGE_CURVE('',#2024,#2025,#29,.T.);
#2545=EDGE_CURVE('',#2025,#2013,#1686,.T.);
#2546=EDGE_CURVE('',#1992,#2026,#1687,.T.);
#2547=EDGE_CURVE('',#2026,#2027,#30,.T.);
#2548=EDGE_CURVE('',#2027,#1993,#1688,.T.);
#2549=EDGE_CURVE('',#2028,#1987,#1689,.T.);
#2550=EDGE_CURVE('',#2029,#2028,#954,.T.);
#2551=EDGE_CURVE('',#2030,#2029,#1690,.T.);
#2552=EDGE_CURVE('',#2030,#2031,#955,.T.);
#2553=EDGE_CURVE('',#2006,#2031,#1691,.T.);
#2554=EDGE_CURVE('',#1986,#2032,#1692,.T.);
#2555=EDGE_CURVE('',#2032,#2028,#31,.T.);
#2556=EDGE_CURVE('',#2031,#2033,#32,.T.);
#2557=EDGE_CURVE('',#2033,#2008,#1693,.T.);
#2558=EDGE_CURVE('',#1984,#2015,#1694,.T.);
#2559=EDGE_CURVE('',#2002,#2010,#1695,.T.);
#2560=EDGE_CURVE('',#2016,#2034,#1696,.T.);
#2561=EDGE_CURVE('',#2034,#2035,#33,.T.);
#2562=EDGE_CURVE('',#2035,#2018,#1697,.T.);
#2563=EDGE_CURVE('',#2004,#2036,#1698,.T.);
#2564=EDGE_CURVE('',#2036,#2037,#34,.T.);
#2565=EDGE_CURVE('',#2037,#2005,#1699,.T.);
#2566=EDGE_CURVE('',#2009,#2003,#1700,.T.);
#2567=EDGE_CURVE('',#2014,#1985,#1701,.T.);
#2568=EDGE_CURVE('',#1990,#2020,#1702,.T.);
#2569=EDGE_CURVE('',#2019,#1991,#1703,.T.);
#2570=EDGE_CURVE('',#2033,#2038,#956,.T.);
#2571=EDGE_CURVE('',#2038,#2039,#1704,.T.);
#2572=EDGE_CURVE('',#2039,#2040,#957,.T.);
#2573=EDGE_CURVE('',#2041,#2040,#1705,.T.);
#2574=EDGE_CURVE('',#2041,#2042,#958,.T.);
#2575=EDGE_CURVE('',#2042,#2043,#1706,.T.);
#2576=EDGE_CURVE('',#2043,#2036,#959,.T.);
#2577=EDGE_CURVE('',#2025,#2044,#960,.T.);
#2578=EDGE_CURVE('',#2044,#2045,#1707,.T.);
#2579=EDGE_CURVE('',#2045,#2046,#961,.T.);
#2580=EDGE_CURVE('',#2047,#2046,#1708,.T.);
#2581=EDGE_CURVE('',#2047,#2048,#962,.T.);
#2582=EDGE_CURVE('',#2048,#2049,#1709,.T.);
#2583=EDGE_CURVE('',#2049,#2032,#963,.T.);
#2584=EDGE_CURVE('',#2035,#2050,#964,.T.);
#2585=EDGE_CURVE('',#2050,#2051,#1710,.T.);
#2586=EDGE_CURVE('',#2051,#2052,#965,.T.);
#2587=EDGE_CURVE('',#2053,#2052,#1711,.T.);
#2588=EDGE_CURVE('',#2053,#2054,#966,.T.);
#2589=EDGE_CURVE('',#2054,#2055,#1712,.T.);
#2590=EDGE_CURVE('',#2055,#2026,#967,.T.);
#2591=EDGE_CURVE('',#1958,#2056,#968,.T.);
#2592=EDGE_CURVE('',#2056,#1964,#1713,.T.);
#2593=EDGE_CURVE('',#1963,#2056,#1714,.T.);
#2594=EDGE_CURVE('',#1976,#2057,#969,.T.);
#2595=EDGE_CURVE('',#2057,#1982,#1715,.T.);
#2596=EDGE_CURVE('',#1981,#2057,#1716,.T.);
#2597=EDGE_CURVE('',#1968,#2058,#970,.T.);
#2598=EDGE_CURVE('',#2058,#1973,#1717,.T.);
#2599=EDGE_CURVE('',#1972,#2058,#1718,.T.);
#2600=EDGE_CURVE('',#2049,#2059,#971,.T.);
#2601=EDGE_CURVE('',#2060,#2059,#35,.F.);
#2602=EDGE_CURVE('',#2061,#2060,#972,.T.);
#2603=EDGE_CURVE('',#2029,#2061,#973,.T.);
#2604=EDGE_CURVE('',#2062,#2047,#36,.T.);
#2605=EDGE_CURVE('',#2046,#2063,#37,.T.);
#2606=EDGE_CURVE('',#2063,#2062,#1719,.T.);
#2607=EDGE_CURVE('',#2045,#2064,#974,.T.);
#2608=EDGE_CURVE('',#2065,#2064,#38,.F.);
#2609=EDGE_CURVE('',#2066,#2065,#975,.T.);
#2610=EDGE_CURVE('',#2067,#2066,#976,.T.);
#2611=EDGE_CURVE('',#2067,#2063,#977,.T.);
#2612=EDGE_CURVE('',#2055,#2068,#978,.T.);
#2613=EDGE_CURVE('',#2069,#2068,#39,.F.);
#2614=EDGE_CURVE('',#2070,#2069,#979,.T.);
#2615=EDGE_CURVE('',#2071,#2070,#980,.T.);
#2616=EDGE_CURVE('',#2071,#2027,#981,.T.);
#2617=EDGE_CURVE('',#2072,#2053,#40,.T.);
#2618=EDGE_CURVE('',#2052,#2073,#41,.T.);
#2619=EDGE_CURVE('',#2073,#2072,#1720,.T.);
#2620=EDGE_CURVE('',#2051,#2074,#982,.T.);
#2621=EDGE_CURVE('',#2075,#2074,#42,.F.);
#2622=EDGE_CURVE('',#2076,#2075,#983,.T.);
#2623=EDGE_CURVE('',#2077,#2076,#984,.T.);
#2624=EDGE_CURVE('',#2077,#2073,#985,.T.);
#2625=EDGE_CURVE('',#2043,#2078,#986,.T.);
#2626=EDGE_CURVE('',#2079,#2078,#43,.F.);
#2627=EDGE_CURVE('',#2080,#2079,#987,.T.);
#2628=EDGE_CURVE('',#2081,#2080,#988,.T.);
#2629=EDGE_CURVE('',#2081,#2037,#989,.T.);
#2630=EDGE_CURVE('',#2082,#2041,#44,.T.);
#2631=EDGE_CURVE('',#2040,#2083,#45,.T.);
#2632=EDGE_CURVE('',#2083,#2082,#1721,.T.);
#2633=EDGE_CURVE('',#2039,#2084,#990,.T.);
#2634=EDGE_CURVE('',#2085,#2084,#46,.F.);
#2635=EDGE_CURVE('',#2086,#2085,#991,.T.);
#2636=EDGE_CURVE('',#2087,#2086,#992,.T.);
#2637=EDGE_CURVE('',#2087,#2083,#993,.T.);
#2638=EDGE_CURVE('',#2088,#2059,#1722,.T.);
#2639=EDGE_CURVE('',#2088,#2089,#47,.F.);
#2640=EDGE_CURVE('',#2089,#2060,#1723,.T.);
#2641=EDGE_CURVE('',#2090,#2064,#1724,.T.);
#2642=EDGE_CURVE('',#2090,#2091,#48,.F.);
#2643=EDGE_CURVE('',#2091,#2065,#1725,.T.);
#2644=EDGE_CURVE('',#2092,#2068,#1726,.T.);
#2645=EDGE_CURVE('',#2092,#2093,#49,.F.);
#2646=EDGE_CURVE('',#2093,#2069,#1727,.T.);
#2647=EDGE_CURVE('',#2094,#2074,#1728,.T.);
#2648=EDGE_CURVE('',#2094,#2095,#50,.F.);
#2649=EDGE_CURVE('',#2095,#2075,#1729,.T.);
#2650=EDGE_CURVE('',#2096,#2078,#1730,.T.);
#2651=EDGE_CURVE('',#2096,#2097,#51,.F.);
#2652=EDGE_CURVE('',#2097,#2079,#1731,.T.);
#2653=EDGE_CURVE('',#2098,#2084,#1732,.T.);
#2654=EDGE_CURVE('',#2098,#2099,#52,.F.);
#2655=EDGE_CURVE('',#2099,#2085,#1733,.T.);
#2656=EDGE_CURVE('',#2048,#2088,#994,.T.);
#2657=EDGE_CURVE('',#2100,#2089,#995,.T.);
#2658=EDGE_CURVE('',#2061,#2100,#1734,.T.);
#2659=EDGE_CURVE('',#2044,#2090,#996,.T.);
#2660=EDGE_CURVE('',#2101,#2091,#997,.T.);
#2661=EDGE_CURVE('',#2066,#2101,#1735,.T.);
#2662=EDGE_CURVE('',#2054,#2092,#998,.T.);
#2663=EDGE_CURVE('',#2102,#2093,#999,.T.);
#2664=EDGE_CURVE('',#2070,#2102,#1736,.T.);
#2665=EDGE_CURVE('',#2050,#2094,#1000,.T.);
#2666=EDGE_CURVE('',#2103,#2095,#1001,.T.);
#2667=EDGE_CURVE('',#2076,#2103,#1737,.T.);
#2668=EDGE_CURVE('',#2042,#2096,#1002,.T.);
#2669=EDGE_CURVE('',#2104,#2097,#1003,.T.);
#2670=EDGE_CURVE('',#2080,#2104,#1738,.T.);
#2671=EDGE_CURVE('',#2038,#2098,#1004,.T.);
#2672=EDGE_CURVE('',#2105,#2099,#1005,.T.);
#2673=EDGE_CURVE('',#2086,#2105,#1739,.T.);
#2674=EDGE_CURVE('',#2106,#2107,#181,.T.);
#2675=EDGE_CURVE('',#2107,#2108,#1740,.T.);
#2676=EDGE_CURVE('',#2108,#2109,#1006,.T.);
#2677=EDGE_CURVE('',#2109,#2106,#1741,.T.);
#2678=EDGE_CURVE('',#2108,#2110,#1007,.T.);
#2679=EDGE_CURVE('',#2110,#2111,#1008,.T.);
#2680=EDGE_CURVE('',#2111,#2109,#1009,.T.);
#2681=EDGE_CURVE('',#2112,#2113,#1010,.T.);
#2682=EDGE_CURVE('',#2113,#2111,#1742,.T.);
#2683=EDGE_CURVE('',#2110,#2112,#1743,.T.);
#2684=EDGE_CURVE('',#2112,#2114,#1744,.T.);
#2685=EDGE_CURVE('',#2114,#2115,#1011,.T.);
#2686=EDGE_CURVE('',#2115,#2113,#1745,.T.);
#2687=EDGE_CURVE('',#2116,#2117,#53,.F.);
#2688=EDGE_CURVE('',#2117,#2115,#1746,.T.);
#2689=EDGE_CURVE('',#2114,#2116,#1747,.T.);
#2690=EDGE_CURVE('',#2107,#2118,#1748,.T.);
#2691=EDGE_CURVE('',#2118,#2119,#1749,.T.);
#2692=EDGE_CURVE('',#2119,#2120,#1012,.T.);
#2693=EDGE_CURVE('',#2121,#2120,#1750,.F.);
#2694=EDGE_CURVE('',#2122,#2121,#1751,.T.);
#2695=EDGE_CURVE('',#2123,#2122,#1752,.F.);
#2696=EDGE_CURVE('',#2123,#2116,#1013,.T.);
#2697=EDGE_CURVE('',#2124,#2125,#182,.T.);
#2698=EDGE_CURVE('',#2125,#2126,#1753,.T.);
#2699=EDGE_CURVE('',#2126,#2127,#1014,.T.);
#2700=EDGE_CURVE('',#2127,#2124,#1754,.T.);
#2701=EDGE_CURVE('',#2126,#2128,#1015,.T.);
#2702=EDGE_CURVE('',#2128,#2129,#1016,.T.);
#2703=EDGE_CURVE('',#2129,#2127,#1017,.T.);
#2704=EDGE_CURVE('',#2130,#2131,#1018,.T.);
#2705=EDGE_CURVE('',#2131,#2129,#1755,.T.);
#2706=EDGE_CURVE('',#2128,#2130,#1756,.T.);
#2707=EDGE_CURVE('',#2130,#2132,#1757,.T.);
#2708=EDGE_CURVE('',#2132,#2133,#1019,.T.);
#2709=EDGE_CURVE('',#2133,#2131,#1758,.T.);
#2710=EDGE_CURVE('',#2134,#2135,#54,.F.);
#2711=EDGE_CURVE('',#2135,#2133,#1759,.T.);
#2712=EDGE_CURVE('',#2132,#2134,#1760,.T.);
#2713=EDGE_CURVE('',#2125,#2136,#1761,.T.);
#2714=EDGE_CURVE('',#2136,#2137,#1762,.T.);
#2715=EDGE_CURVE('',#2137,#2138,#1020,.T.);
#2716=EDGE_CURVE('',#2139,#2138,#1763,.F.);
#2717=EDGE_CURVE('',#2140,#2139,#1764,.T.);
#2718=EDGE_CURVE('',#2141,#2140,#1765,.F.);
#2719=EDGE_CURVE('',#2141,#2134,#1021,.T.);
#2720=EDGE_CURVE('',#2142,#2143,#1022,.T.);
#2721=EDGE_CURVE('',#2143,#2144,#1023,.T.);
#2722=EDGE_CURVE('',#2144,#2145,#1024,.T.);
#2723=EDGE_CURVE('',#2145,#2142,#1025,.T.);
#2724=EDGE_CURVE('',#2142,#2146,#1766,.T.);
#2725=EDGE_CURVE('',#2146,#2147,#1026,.T.);
#2726=EDGE_CURVE('',#2147,#2143,#1767,.T.);
#2727=EDGE_CURVE('',#2148,#2149,#1027,.T.);
#2728=EDGE_CURVE('',#2149,#2147,#1768,.T.);
#2729=EDGE_CURVE('',#2146,#2148,#1769,.T.);
#2730=EDGE_CURVE('',#2148,#2150,#1770,.T.);
#2731=EDGE_CURVE('',#2150,#2151,#1028,.T.);
#2732=EDGE_CURVE('',#2151,#2149,#1771,.T.);
#2733=EDGE_CURVE('',#2152,#2151,#1029,.T.);
#2734=EDGE_CURVE('',#2150,#2153,#1030,.T.);
#2735=EDGE_CURVE('',#2153,#2154,#1772,.T.);
#2736=EDGE_CURVE('',#2154,#2152,#1031,.T.);
#2737=EDGE_CURVE('',#2155,#2154,#183,.T.);
#2738=EDGE_CURVE('',#2153,#2156,#184,.T.);
#2739=EDGE_CURVE('',#2156,#2155,#1773,.T.);
#2740=EDGE_CURVE('',#2156,#2157,#1032,.T.);
#2741=EDGE_CURVE('',#2157,#2158,#1033,.T.);
#2742=EDGE_CURVE('',#2158,#2159,#1034,.T.);
#2743=EDGE_CURVE('',#2159,#2155,#1035,.T.);
#2744=EDGE_CURVE('',#2160,#2161,#1774,.T.);
#2745=EDGE_CURVE('',#2161,#2144,#1036,.T.);
#2746=EDGE_CURVE('',#2144,#2162,#1775,.T.);
#2747=EDGE_CURVE('',#2162,#2163,#1037,.T.);
#2748=EDGE_CURVE('',#2163,#2160,#185,.T.);
#2749=EDGE_CURVE('',#2164,#2165,#1776,.T.);
#2750=EDGE_CURVE('',#2165,#2166,#1038,.T.);
#2751=EDGE_CURVE('',#2166,#2167,#1777,.T.);
#2752=EDGE_CURVE('',#2167,#2168,#186,.T.);
#2753=EDGE_CURVE('',#2168,#2164,#1039,.T.);
#2754=EDGE_CURVE('',#2163,#2168,#187,.F.);
#2755=EDGE_CURVE('',#2167,#2160,#188,.T.);
#2756=EDGE_CURVE('',#2169,#2170,#1040,.T.);
#2757=EDGE_CURVE('',#2170,#2171,#1041,.T.);
#2758=EDGE_CURVE('',#2171,#2172,#1042,.T.);
#2759=EDGE_CURVE('',#2172,#2169,#1043,.T.);
#2760=EDGE_CURVE('',#2169,#2173,#1778,.T.);
#2761=EDGE_CURVE('',#2173,#2174,#1044,.T.);
#2762=EDGE_CURVE('',#2174,#2170,#1779,.T.);
#2763=EDGE_CURVE('',#2175,#2176,#1045,.T.);
#2764=EDGE_CURVE('',#2176,#2174,#1780,.T.);
#2765=EDGE_CURVE('',#2173,#2175,#1781,.T.);
#2766=EDGE_CURVE('',#2175,#2177,#1782,.T.);
#2767=EDGE_CURVE('',#2177,#2178,#1046,.T.);
#2768=EDGE_CURVE('',#2178,#2176,#1783,.T.);
#2769=EDGE_CURVE('',#2179,#2178,#1047,.T.);
#2770=EDGE_CURVE('',#2177,#2180,#1048,.T.);
#2771=EDGE_CURVE('',#2180,#2181,#1784,.T.);
#2772=EDGE_CURVE('',#2181,#2179,#1049,.T.);
#2773=EDGE_CURVE('',#2180,#2182,#189,.T.);
#2774=EDGE_CURVE('',#2182,#2183,#1785,.T.);
#2775=EDGE_CURVE('',#2183,#2181,#190,.T.);
#2776=EDGE_CURVE('',#2182,#2184,#1050,.T.);
#2777=EDGE_CURVE('',#2184,#2165,#1051,.T.);
#2778=EDGE_CURVE('',#2165,#2185,#1052,.T.);
#2779=EDGE_CURVE('',#2185,#2183,#1053,.T.);
#2780=EDGE_CURVE('',#2184,#2166,#1786,.T.);
#2781=EDGE_CURVE('',#2186,#2158,#1787,.T.);
#2782=EDGE_CURVE('',#2158,#2187,#1054,.T.);
#2783=EDGE_CURVE('',#2187,#2188,#1788,.T.);
#2784=EDGE_CURVE('',#2188,#2189,#191,.T.);
#2785=EDGE_CURVE('',#2189,#2186,#1055,.T.);
#2786=EDGE_CURVE('',#2190,#2191,#1789,.T.);
#2787=EDGE_CURVE('',#2191,#2171,#1056,.T.);
#2788=EDGE_CURVE('',#2171,#2192,#1790,.T.);
#2789=EDGE_CURVE('',#2192,#2193,#1057,.T.);
#2790=EDGE_CURVE('',#2193,#2190,#192,.T.);
#2791=EDGE_CURVE('',#2188,#2190,#193,.T.);
#2792=EDGE_CURVE('',#2189,#2193,#194,.F.);
#2793=EDGE_CURVE('',#2191,#2172,#1791,.T.);
#2794=EDGE_CURVE('',#2161,#2145,#1792,.T.);
#2795=EDGE_CURVE('',#2157,#2187,#1793,.T.);
#2796=EDGE_CURVE('',#2194,#2152,#1794,.T.);
#2797=EDGE_CURVE('',#2195,#2194,#1058,.T.);
#2798=EDGE_CURVE('',#2196,#2195,#1795,.T.);
#2799=EDGE_CURVE('',#2197,#2196,#1059,.T.);
#2800=EDGE_CURVE('',#2198,#2197,#1796,.T.);
#2801=EDGE_CURVE('',#2199,#2198,#1797,.T.);
#2802=EDGE_CURVE('',#2199,#2162,#1060,.T.);
#2803=EDGE_CURVE('',#2200,#2159,#1798,.T.);
#2804=EDGE_CURVE('',#2201,#2200,#1061,.T.);
#2805=EDGE_CURVE('',#2202,#2201,#195,.T.);
#2806=EDGE_CURVE('',#2203,#2202,#196,.F.);
#2807=EDGE_CURVE('',#2194,#2203,#1062,.T.);
#2808=EDGE_CURVE('',#2204,#2186,#1063,.T.);
#2809=EDGE_CURVE('',#2205,#2204,#1799,.T.);
#2810=EDGE_CURVE('',#2206,#2205,#1064,.T.);
#2811=EDGE_CURVE('',#2207,#2206,#1065,.T.);
#2812=EDGE_CURVE('',#2208,#2207,#1800,.T.);
#2813=EDGE_CURVE('',#2209,#2208,#1801,.T.);
#2814=EDGE_CURVE('',#2210,#2209,#1802,.T.);
#2815=EDGE_CURVE('',#2200,#2210,#1066,.T.);
#2816=EDGE_CURVE('',#2211,#2192,#1067,.T.);
#2817=EDGE_CURVE('',#2212,#2211,#1068,.T.);
#2818=EDGE_CURVE('',#2212,#2213,#197,.T.);
#2819=EDGE_CURVE('',#2204,#2213,#1069,.T.);
#2820=EDGE_CURVE('',#1979,#2166,#1070,.T.);
#2821=EDGE_CURVE('',#2161,#1978,#1071,.T.);
#2822=EDGE_CURVE('',#2184,#1925,#1072,.T.);
#2823=EDGE_CURVE('',#1926,#2177,#1073,.T.);
#2824=EDGE_CURVE('',#2175,#1927,#1074,.T.);
#2825=EDGE_CURVE('',#1928,#2173,#1075,.T.);
#2826=EDGE_CURVE('',#2169,#1929,#1076,.T.);
#2827=EDGE_CURVE('',#1930,#2172,#1077,.T.);
#2828=EDGE_CURVE('',#2191,#1970,#1078,.T.);
#2829=EDGE_CURVE('',#2214,#2215,#1079,.T.);
#2830=EDGE_CURVE('',#2214,#2216,#1080,.T.);
#2831=EDGE_CURVE('',#2217,#2216,#198,.T.);
#2832=EDGE_CURVE('',#2215,#2217,#199,.F.);
#2833=EDGE_CURVE('',#2218,#2202,#1081,.T.);
#2834=EDGE_CURVE('',#2218,#2219,#1082,.T.);
#2835=EDGE_CURVE('',#2203,#2219,#200,.T.);
#2836=EDGE_CURVE('',#2220,#2196,#1083,.T.);
#2837=EDGE_CURVE('',#2195,#2221,#1084,.T.);
#2838=EDGE_CURVE('',#2221,#2220,#1803,.T.);
#2839=EDGE_CURVE('',#2219,#2222,#1085,.T.);
#2840=EDGE_CURVE('',#2222,#2195,#1086,.T.);
#2841=EDGE_CURVE('',#2223,#2224,#1087,.T.);
#2842=EDGE_CURVE('',#2224,#2207,#1088,.T.);
#2843=EDGE_CURVE('',#2206,#2223,#1089,.T.);
#2844=EDGE_CURVE('',#2205,#2225,#55,.T.);
#2845=EDGE_CURVE('',#2225,#2223,#1090,.T.);
#2846=EDGE_CURVE('',#2213,#2226,#201,.T.);
#2847=EDGE_CURVE('',#2226,#2225,#1804,.T.);
#2848=EDGE_CURVE('',#2227,#2228,#1091,.T.);
#2849=EDGE_CURVE('',#2228,#2229,#1092,.T.);
#2850=EDGE_CURVE('',#2229,#2230,#1093,.T.);
#2851=EDGE_CURVE('',#2230,#2227,#1094,.T.);
#2852=EDGE_CURVE('',#2227,#2231,#1805,.T.);
#2853=EDGE_CURVE('',#2231,#2232,#1095,.T.);
#2854=EDGE_CURVE('',#2232,#2228,#1806,.T.);
#2855=EDGE_CURVE('',#2211,#2232,#1807,.T.);
#2856=EDGE_CURVE('',#2231,#2233,#1808,.T.);
#2857=EDGE_CURVE('',#2233,#2212,#202,.T.);
#2858=EDGE_CURVE('',#2233,#2226,#203,.T.);
#2859=EDGE_CURVE('',#2224,#2234,#1809,.T.);
#2860=EDGE_CURVE('',#2234,#2208,#1096,.T.);
#2861=EDGE_CURVE('',#2235,#2209,#1097,.T.);
#2862=EDGE_CURVE('',#2234,#2235,#1810,.T.);
#2863=EDGE_CURVE('',#2235,#2236,#1811,.T.);
#2864=EDGE_CURVE('',#2236,#2210,#1098,.T.);
#2865=EDGE_CURVE('',#2236,#2237,#1099,.T.);
#2866=EDGE_CURVE('',#2237,#2201,#204,.T.);
#2867=EDGE_CURVE('',#2237,#2218,#205,.T.);
#2868=EDGE_CURVE('',#2238,#2229,#1100,.T.);
#2869=EDGE_CURVE('',#2229,#2239,#1812,.T.);
#2870=EDGE_CURVE('',#2239,#2240,#1101,.T.);
#2871=EDGE_CURVE('',#2240,#2241,#1813,.T.);
#2872=EDGE_CURVE('',#2241,#2238,#1814,.T.);
#2873=EDGE_CURVE('',#2242,#2197,#1102,.T.);
#2874=EDGE_CURVE('',#2196,#2243,#1103,.T.);
#2875=EDGE_CURVE('',#2243,#2242,#1104,.T.);
#2876=EDGE_CURVE('',#2242,#2244,#1815,.T.);
#2877=EDGE_CURVE('',#2244,#2198,#1105,.T.);
#2878=EDGE_CURVE('',#2244,#2245,#1816,.T.);
#2879=EDGE_CURVE('',#2245,#2246,#206,.T.);
#2880=EDGE_CURVE('',#2246,#2199,#1106,.T.);
#2881=EDGE_CURVE('',#2216,#2247,#1107,.T.);
#2882=EDGE_CURVE('',#2247,#2239,#1108,.T.);
#2883=EDGE_CURVE('',#2239,#2248,#1109,.T.);
#2884=EDGE_CURVE('',#2248,#2217,#1110,.T.);
#2885=EDGE_CURVE('',#2249,#2250,#1111,.T.);
#2886=EDGE_CURVE('',#2250,#2251,#1112,.T.);
#2887=EDGE_CURVE('',#2251,#2252,#1113,.T.);
#2888=EDGE_CURVE('',#2252,#2249,#1114,.T.);
#2889=EDGE_CURVE('',#2250,#2253,#1817,.T.);
#2890=EDGE_CURVE('',#2253,#2254,#1115,.T.);
#2891=EDGE_CURVE('',#2254,#2251,#1818,.T.);
#2892=EDGE_CURVE('',#2255,#2256,#1116,.T.);
#2893=EDGE_CURVE('',#2256,#2254,#1819,.T.);
#2894=EDGE_CURVE('',#2253,#2255,#1820,.T.);
#2895=EDGE_CURVE('',#2255,#2257,#1821,.T.);
#2896=EDGE_CURVE('',#2257,#2258,#1117,.T.);
#2897=EDGE_CURVE('',#2258,#2256,#1822,.T.);
#2898=EDGE_CURVE('',#2259,#2258,#1118,.T.);
#2899=EDGE_CURVE('',#2257,#2260,#1119,.T.);
#2900=EDGE_CURVE('',#2260,#2261,#207,.T.);
#2901=EDGE_CURVE('',#2261,#2259,#1120,.T.);
#2902=EDGE_CURVE('',#2215,#2261,#208,.T.);
#2903=EDGE_CURVE('',#2260,#2214,#209,.T.);
#2904=EDGE_CURVE('',#2262,#2249,#1121,.T.);
#2905=EDGE_CURVE('',#2252,#2263,#1122,.T.);
#2906=EDGE_CURVE('',#2263,#2262,#56,.T.);
#2907=EDGE_CURVE('',#2264,#2262,#1823,.T.);
#2908=EDGE_CURVE('',#2263,#2265,#1824,.T.);
#2909=EDGE_CURVE('',#2265,#2266,#1123,.T.);
#2910=EDGE_CURVE('',#2266,#2264,#210,.T.);
#2911=EDGE_CURVE('',#2245,#2264,#211,.T.);
#2912=EDGE_CURVE('',#2266,#2246,#212,.T.);
#2913=EDGE_CURVE('',#2247,#2240,#1825,.T.);
#2914=EDGE_CURVE('',#2238,#2230,#1826,.T.);
#2915=EDGE_CURVE('',#2222,#2221,#1827,.T.);
#2916=EDGE_CURVE('',#2220,#2243,#1828,.T.);
#2917=EDGE_CURVE('',#2267,#2225,#1124,.T.);
#2918=EDGE_CURVE('',#2268,#2267,#213,.T.);
#2919=EDGE_CURVE('',#2269,#2268,#1125,.T.);
#2920=EDGE_CURVE('',#2269,#2223,#1126,.T.);
#2921=EDGE_CURVE('',#2118,#2231,#1127,.T.);
#2922=EDGE_CURVE('',#2270,#2106,#1128,.T.);
#2923=EDGE_CURVE('',#2271,#2270,#1829,.T.);
#2924=EDGE_CURVE('',#2272,#2271,#1129,.T.);
#2925=EDGE_CURVE('',#2267,#2272,#1830,.T.);
#2926=EDGE_CURVE('',#2227,#2119,#1130,.T.);
#2927=EDGE_CURVE('',#2120,#2230,#1131,.T.);
#2928=EDGE_CURVE('',#2238,#2121,#1132,.T.);
#2929=EDGE_CURVE('',#2273,#2273,#1831,.T.);
#2930=EDGE_CURVE('',#2273,#2241,#1133,.T.);
#2931=EDGE_CURVE('',#2140,#2240,#1134,.T.);
#2932=EDGE_CURVE('',#2220,#2139,#1135,.T.);
#2933=EDGE_CURVE('',#2122,#2221,#1136,.T.);
#2934=EDGE_CURVE('',#2247,#2141,#1137,.T.);
#2935=EDGE_CURVE('',#2274,#2257,#1138,.T.);
#2936=EDGE_CURVE('',#2274,#2275,#1139,.T.);
#2937=EDGE_CURVE('',#2276,#2275,#1140,.T.);
#2938=EDGE_CURVE('',#2277,#2276,#1141,.T.);
#2939=EDGE_CURVE('',#2135,#2277,#1142,.T.);
#2940=EDGE_CURVE('',#2255,#2278,#1143,.T.);
#2941=EDGE_CURVE('',#2278,#2274,#1832,.T.);
#2942=EDGE_CURVE('',#2279,#2253,#1144,.T.);
#2943=EDGE_CURVE('',#2278,#2279,#1833,.T.);
#2944=EDGE_CURVE('',#2250,#2280,#1145,.T.);
#2945=EDGE_CURVE('',#2280,#2279,#1834,.T.);
#2946=EDGE_CURVE('',#2281,#2249,#1146,.T.);
#2947=EDGE_CURVE('',#2280,#2281,#1147,.T.);
#2948=EDGE_CURVE('',#2265,#2164,#1148,.T.);
#2949=EDGE_CURVE('',#2282,#2062,#1149,.T.);
#2950=EDGE_CURVE('',#2100,#2282,#1150,.T.);
#2951=EDGE_CURVE('',#2067,#2282,#1835,.T.);
#2952=EDGE_CURVE('',#2283,#2024,#1151,.T.);
#2953=EDGE_CURVE('',#2101,#2283,#1152,.T.);
#2954=EDGE_CURVE('',#2283,#2071,#1836,.T.);
#2955=EDGE_CURVE('',#2284,#2072,#1153,.T.);
#2956=EDGE_CURVE('',#2102,#2284,#1154,.T.);
#2957=EDGE_CURVE('',#2077,#2284,#1837,.T.);
#2958=EDGE_CURVE('',#2285,#2034,#1155,.T.);
#2959=EDGE_CURVE('',#2103,#2285,#1156,.T.);
#2960=EDGE_CURVE('',#2285,#2081,#1838,.T.);
#2961=EDGE_CURVE('',#2286,#2082,#1157,.T.);
#2962=EDGE_CURVE('',#2104,#2286,#1158,.T.);
#2963=EDGE_CURVE('',#2087,#2286,#1839,.T.);
#2964=EDGE_CURVE('',#2105,#2030,#1159,.T.);
#2965=EDGE_CURVE('',#2224,#2287,#1160,.T.);
#2966=EDGE_CURVE('',#2287,#2288,#1840,.T.);
#2967=EDGE_CURVE('',#2288,#2234,#1161,.T.);
#2968=EDGE_CURVE('',#2287,#2269,#1162,.T.);
#2969=EDGE_CURVE('',#2259,#2185,#1841,.T.);
#2970=EDGE_CURVE('',#2235,#2289,#1163,.T.);
#2971=EDGE_CURVE('',#2289,#2290,#1842,.T.);
#2972=EDGE_CURVE('',#2290,#2236,#1164,.T.);
#2973=EDGE_CURVE('',#2290,#2291,#1165,.T.);
#2974=EDGE_CURVE('',#2291,#2292,#214,.T.);
#2975=EDGE_CURVE('',#2293,#2292,#1166,.T.);
#2976=EDGE_CURVE('',#2294,#2293,#1167,.T.);
#2977=EDGE_CURVE('',#2117,#2294,#1168,.T.);
#2978=EDGE_CURVE('',#2222,#2123,#1169,.T.);
#2979=EDGE_CURVE('',#2127,#2295,#1170,.T.);
#2980=EDGE_CURVE('',#2295,#2296,#1843,.T.);
#2981=EDGE_CURVE('',#2296,#2124,#1171,.T.);
#2982=EDGE_CURVE('',#2297,#2129,#1172,.T.);
#2983=EDGE_CURVE('',#2295,#2297,#1173,.T.);
#2984=EDGE_CURVE('',#2277,#2298,#1844,.T.);
#2985=EDGE_CURVE('',#2298,#2133,#1174,.T.);
#2986=EDGE_CURVE('',#2109,#2299,#1175,.T.);
#2987=EDGE_CURVE('',#2299,#2270,#1845,.T.);
#2988=EDGE_CURVE('',#2300,#2111,#1176,.T.);
#2989=EDGE_CURVE('',#2299,#2300,#1177,.T.);
#2990=EDGE_CURVE('',#2294,#2301,#1846,.T.);
#2991=EDGE_CURVE('',#2301,#2115,#1178,.T.);
#2992=EDGE_CURVE('',#2302,#2303,#1847,.T.);
#2993=EDGE_CURVE('',#2303,#2304,#215,.T.);
#2994=EDGE_CURVE('',#2304,#2305,#1848,.T.);
#2995=EDGE_CURVE('',#2305,#2302,#216,.T.);
#2996=EDGE_CURVE('',#2305,#2306,#1179,.T.);
#2997=EDGE_CURVE('',#2306,#2276,#1849,.T.);
#2998=EDGE_CURVE('',#2302,#2275,#1850,.T.);
#2999=EDGE_CURVE('',#2281,#2303,#1180,.T.);
#3000=EDGE_CURVE('',#2291,#2268,#1851,.T.);
#3001=EDGE_CURVE('',#2272,#2292,#217,.T.);
#3002=EDGE_CURVE('',#2271,#2293,#1852,.T.);
#3003=EDGE_CURVE('',#2289,#2288,#1853,.T.);
#3004=EDGE_CURVE('',#2242,#2137,#1181,.T.);
#3005=EDGE_CURVE('',#2136,#2244,#1182,.T.);
#3006=EDGE_CURVE('',#2306,#2296,#1854,.T.);
#3007=EDGE_CURVE('',#2304,#2262,#1183,.T.);
#3008=EDGE_CURVE('',#2148,#1915,#1184,.T.);
#3009=EDGE_CURVE('',#1914,#2150,#1185,.T.);
#3010=EDGE_CURVE('',#2157,#1913,#1186,.T.);
#3011=EDGE_CURVE('',#2142,#1917,#1187,.T.);
#3012=EDGE_CURVE('',#1916,#2146,#1188,.T.);
#3013=EDGE_CURVE('',#1918,#2145,#1189,.T.);
#3014=EDGE_CURVE('',#2131,#2307,#1190,.T.);
#3015=EDGE_CURVE('',#2307,#2297,#1855,.T.);
#3016=EDGE_CURVE('',#2307,#2298,#1856,.T.);
#3017=EDGE_CURVE('',#2113,#2308,#1191,.T.);
#3018=EDGE_CURVE('',#2308,#2300,#1857,.T.);
#3019=EDGE_CURVE('',#2308,#2301,#1858,.T.);
#3020=EDGE_CURVE('',#1961,#2187,#1192,.T.);
#3021=EDGE_CURVE('',#2138,#2243,#1193,.T.);
#3022=EDGE_CURVE('',#2248,#2179,#1859,.T.);
#3023=EDGE_CURVE('',#2309,#2309,#1860,.T.);
#3024=EDGE_CURVE('',#2309,#2310,#1194,.T.);
#3025=EDGE_CURVE('',#2310,#2310,#1861,.T.);
#3026=EDGE_CURVE('',#2311,#2311,#1862,.T.);
#3027=EDGE_CURVE('',#2311,#2312,#1195,.T.);
#3028=EDGE_CURVE('',#2312,#2312,#1863,.T.);
#3029=EDGE_CURVE('',#2313,#2313,#1864,.T.);
#3030=EDGE_CURVE('',#2313,#2314,#1196,.T.);
#3031=EDGE_CURVE('',#2314,#2314,#1865,.T.);
#3032=EDGE_CURVE('',#2315,#2315,#1866,.T.);
#3033=EDGE_CURVE('',#2316,#2316,#1867,.T.);
#3034=EDGE_CURVE('',#2317,#2317,#1868,.T.);
#3035=EDGE_CURVE('',#2316,#2318,#1197,.T.);
#3036=EDGE_CURVE('',#2319,#2318,#1869,.T.);
#3037=EDGE_CURVE('',#2319,#2320,#1198,.T.);
#3038=EDGE_CURVE('',#2321,#2320,#1870,.T.);
#3039=EDGE_CURVE('',#2322,#2321,#1199,.T.);
#3040=EDGE_CURVE('',#2318,#2322,#1871,.T.);
#3041=EDGE_CURVE('',#2320,#2323,#1200,.T.);
#3042=EDGE_CURVE('',#2323,#2324,#1872,.T.);
#3043=EDGE_CURVE('',#2324,#2321,#1201,.T.);
#3044=EDGE_CURVE('',#2325,#2319,#1202,.T.);
#3045=EDGE_CURVE('',#2322,#2326,#1203,.T.);
#3046=EDGE_CURVE('',#2327,#2326,#1873,.T.);
#3047=EDGE_CURVE('',#2327,#2328,#1204,.T.);
#3048=EDGE_CURVE('',#2328,#2329,#1874,.T.);
#3049=EDGE_CURVE('',#2329,#2330,#1875,.T.);
#3050=EDGE_CURVE('',#2330,#2331,#1205,.T.);
#3051=EDGE_CURVE('',#2332,#2331,#1876,.T.);
#3052=EDGE_CURVE('',#2332,#2333,#1206,.T.);
#3053=EDGE_CURVE('',#2333,#2334,#1877,.T.);
#3054=EDGE_CURVE('',#2334,#2335,#1878,.T.);
#3055=EDGE_CURVE('',#2335,#2336,#1207,.T.);
#3056=EDGE_CURVE('',#2325,#2336,#1879,.T.);
#3057=EDGE_CURVE('',#2315,#2329,#1208,.T.);
#3058=EDGE_CURVE('',#2328,#2337,#1209,.T.);
#3059=EDGE_CURVE('',#2338,#2337,#1880,.T.);
#3060=EDGE_CURVE('',#2330,#2338,#1210,.T.);
#3061=EDGE_CURVE('',#2337,#2339,#1211,.T.);
#3062=EDGE_CURVE('',#2339,#2340,#1881,.T.);
#3063=EDGE_CURVE('',#2340,#2338,#1212,.T.);
#3064=EDGE_CURVE('',#2317,#2334,#1213,.T.);
#3065=EDGE_CURVE('',#2333,#2341,#1214,.T.);
#3066=EDGE_CURVE('',#2342,#2341,#1882,.T.);
#3067=EDGE_CURVE('',#2335,#2342,#1215,.T.);
#3068=EDGE_CURVE('',#2341,#2343,#1216,.T.);
#3069=EDGE_CURVE('',#2343,#2344,#1883,.T.);
#3070=EDGE_CURVE('',#2344,#2342,#1217,.T.);
#3071=EDGE_CURVE('',#2327,#2345,#1218,.T.);
#3072=EDGE_CURVE('',#2346,#2345,#1219,.T.);
#3073=EDGE_CURVE('',#2339,#2346,#1220,.T.);
#3074=EDGE_CURVE('',#2347,#2346,#1884,.T.);
#3075=EDGE_CURVE('',#2340,#2347,#1221,.T.);
#3076=EDGE_CURVE('',#2348,#2347,#1222,.T.);
#3077=EDGE_CURVE('',#2331,#2348,#1223,.T.);
#3078=EDGE_CURVE('',#2349,#2348,#1885,.T.);
#3079=EDGE_CURVE('',#2332,#2349,#1224,.T.);
#3080=EDGE_CURVE('',#2350,#2349,#1225,.T.);
#3081=EDGE_CURVE('',#2343,#2350,#1226,.T.);
#3082=EDGE_CURVE('',#2351,#2350,#1886,.T.);
#3083=EDGE_CURVE('',#2344,#2351,#1227,.T.);
#3084=EDGE_CURVE('',#2352,#2351,#1228,.T.);
#3085=EDGE_CURVE('',#2336,#2352,#1229,.T.);
#3086=EDGE_CURVE('',#2353,#2352,#1887,.T.);
#3087=EDGE_CURVE('',#2325,#2353,#1230,.T.);
#3088=EDGE_CURVE('',#2354,#2353,#1231,.T.);
#3089=EDGE_CURVE('',#2323,#2354,#1232,.T.);
#3090=EDGE_CURVE('',#2355,#2354,#1888,.T.);
#3091=EDGE_CURVE('',#2324,#2355,#1233,.T.);
#3092=EDGE_CURVE('',#2356,#2355,#1234,.T.);
#3093=EDGE_CURVE('',#2326,#2356,#1235,.T.);
#3094=EDGE_CURVE('',#2345,#2356,#1889,.T.);
#3095=ORIENTED_EDGE('',*,*,#2357,.T.);
#3096=ORIENTED_EDGE('',*,*,#2358,.T.);
#3097=ORIENTED_EDGE('',*,*,#2359,.F.);
#3098=ORIENTED_EDGE('',*,*,#2360,.F.);
#3099=ORIENTED_EDGE('',*,*,#2358,.F.);
#3100=ORIENTED_EDGE('',*,*,#2357,.F.);
#3101=ORIENTED_EDGE('',*,*,#2361,.T.);
#3102=ORIENTED_EDGE('',*,*,#2362,.F.);
#3103=ORIENTED_EDGE('',*,*,#2361,.F.);
#3104=ORIENTED_EDGE('',*,*,#2363,.T.);
#3105=ORIENTED_EDGE('',*,*,#2364,.T.);
#3106=ORIENTED_EDGE('',*,*,#2365,.F.);
#3107=ORIENTED_EDGE('',*,*,#2366,.F.);
#3108=ORIENTED_EDGE('',*,*,#2364,.F.);
#3109=ORIENTED_EDGE('',*,*,#2363,.F.);
#3110=ORIENTED_EDGE('',*,*,#2367,.T.);
#3111=ORIENTED_EDGE('',*,*,#2368,.F.);
#3112=ORIENTED_EDGE('',*,*,#2367,.F.);
#3113=ORIENTED_EDGE('',*,*,#2369,.T.);
#3114=ORIENTED_EDGE('',*,*,#2370,.T.);
#3115=ORIENTED_EDGE('',*,*,#2371,.F.);
#3116=ORIENTED_EDGE('',*,*,#2372,.F.);
#3117=ORIENTED_EDGE('',*,*,#2370,.F.);
#3118=ORIENTED_EDGE('',*,*,#2369,.F.);
#3119=ORIENTED_EDGE('',*,*,#2373,.T.);
#3120=ORIENTED_EDGE('',*,*,#2374,.F.);
#3121=ORIENTED_EDGE('',*,*,#2373,.F.);
#3122=ORIENTED_EDGE('',*,*,#2375,.T.);
#3123=ORIENTED_EDGE('',*,*,#2376,.T.);
#3124=ORIENTED_EDGE('',*,*,#2377,.T.);
#3125=ORIENTED_EDGE('',*,*,#2378,.F.);
#3126=ORIENTED_EDGE('',*,*,#2379,.T.);
#3127=ORIENTED_EDGE('',*,*,#2376,.F.);
#3128=ORIENTED_EDGE('',*,*,#2375,.F.);
#3129=ORIENTED_EDGE('',*,*,#2380,.T.);
#3130=ORIENTED_EDGE('',*,*,#2371,.T.);
#3131=ORIENTED_EDGE('',*,*,#2372,.T.);
#3132=ORIENTED_EDGE('',*,*,#2380,.F.);
#3133=ORIENTED_EDGE('',*,*,#2381,.T.);
#3134=ORIENTED_EDGE('',*,*,#2382,.T.);
#3135=ORIENTED_EDGE('',*,*,#2383,.T.);
#3136=ORIENTED_EDGE('',*,*,#2382,.F.);
#3137=ORIENTED_EDGE('',*,*,#2379,.F.);
#3138=ORIENTED_EDGE('',*,*,#2384,.T.);
#3139=ORIENTED_EDGE('',*,*,#2385,.F.);
#3140=ORIENTED_EDGE('',*,*,#2386,.F.);
#3141=ORIENTED_EDGE('',*,*,#2387,.F.);
#3142=ORIENTED_EDGE('',*,*,#2388,.F.);
#3143=ORIENTED_EDGE('',*,*,#2389,.F.);
#3144=ORIENTED_EDGE('',*,*,#2390,.T.);
#3145=ORIENTED_EDGE('',*,*,#2391,.T.);
#3146=ORIENTED_EDGE('',*,*,#2392,.T.);
#3147=ORIENTED_EDGE('',*,*,#2393,.T.);
#3148=ORIENTED_EDGE('',*,*,#2394,.T.);
#3149=ORIENTED_EDGE('',*,*,#2395,.F.);
#3150=ORIENTED_EDGE('',*,*,#2396,.F.);
#3151=ORIENTED_EDGE('',*,*,#2397,.F.);
#3152=ORIENTED_EDGE('',*,*,#2398,.F.);
#3153=ORIENTED_EDGE('',*,*,#2399,.F.);
#3154=ORIENTED_EDGE('',*,*,#2400,.F.);
#3155=ORIENTED_EDGE('',*,*,#2401,.F.);
#3156=ORIENTED_EDGE('',*,*,#2402,.T.);
#3157=ORIENTED_EDGE('',*,*,#2403,.T.);
#3158=ORIENTED_EDGE('',*,*,#2404,.T.);
#3159=ORIENTED_EDGE('',*,*,#2405,.T.);
#3160=ORIENTED_EDGE('',*,*,#2406,.T.);
#3161=ORIENTED_EDGE('',*,*,#2407,.F.);
#3162=ORIENTED_EDGE('',*,*,#2408,.F.);
#3163=ORIENTED_EDGE('',*,*,#2409,.F.);
#3164=ORIENTED_EDGE('',*,*,#2410,.F.);
#3165=ORIENTED_EDGE('',*,*,#2411,.F.);
#3166=ORIENTED_EDGE('',*,*,#2412,.T.);
#3167=ORIENTED_EDGE('',*,*,#2377,.F.);
#3168=ORIENTED_EDGE('',*,*,#2413,.F.);
#3169=ORIENTED_EDGE('',*,*,#2414,.F.);
#3170=ORIENTED_EDGE('',*,*,#2383,.F.);
#3171=ORIENTED_EDGE('',*,*,#2381,.F.);
#3172=ORIENTED_EDGE('',*,*,#2415,.T.);
#3173=ORIENTED_EDGE('',*,*,#2365,.T.);
#3174=ORIENTED_EDGE('',*,*,#2366,.T.);
#3175=ORIENTED_EDGE('',*,*,#2415,.F.);
#3176=ORIENTED_EDGE('',*,*,#2416,.T.);
#3177=ORIENTED_EDGE('',*,*,#2417,.T.);
#3178=ORIENTED_EDGE('',*,*,#2413,.T.);
#3179=ORIENTED_EDGE('',*,*,#2417,.F.);
#3180=ORIENTED_EDGE('',*,*,#2416,.F.);
#3181=ORIENTED_EDGE('',*,*,#2418,.T.);
#3182=ORIENTED_EDGE('',*,*,#2359,.T.);
#3183=ORIENTED_EDGE('',*,*,#2360,.T.);
#3184=ORIENTED_EDGE('',*,*,#2418,.F.);
#3185=ORIENTED_EDGE('',*,*,#2419,.T.);
#3186=ORIENTED_EDGE('',*,*,#2420,.T.);
#3187=ORIENTED_EDGE('',*,*,#2421,.T.);
#3188=ORIENTED_EDGE('',*,*,#2420,.F.);
#3189=ORIENTED_EDGE('',*,*,#2422,.T.);
#3190=ORIENTED_EDGE('',*,*,#2423,.F.);
#3191=ORIENTED_EDGE('',*,*,#2424,.T.);
#3192=ORIENTED_EDGE('',*,*,#2422,.F.);
#3193=ORIENTED_EDGE('',*,*,#2419,.F.);
#3194=ORIENTED_EDGE('',*,*,#2424,.F.);
#3195=ORIENTED_EDGE('',*,*,#2425,.T.);
#3196=ORIENTED_EDGE('',*,*,#2426,.T.);
#3197=ORIENTED_EDGE('',*,*,#2427,.T.);
#3198=ORIENTED_EDGE('',*,*,#2428,.F.);
#3199=ORIENTED_EDGE('',*,*,#2429,.T.);
#3200=ORIENTED_EDGE('',*,*,#2430,.T.);
#3201=ORIENTED_EDGE('',*,*,#2431,.T.);
#3202=ORIENTED_EDGE('',*,*,#2432,.F.);
#3203=ORIENTED_EDGE('',*,*,#2433,.T.);
#3204=ORIENTED_EDGE('',*,*,#2434,.T.);
#3205=ORIENTED_EDGE('',*,*,#2435,.T.);
#3206=ORIENTED_EDGE('',*,*,#2436,.T.);
#3207=ORIENTED_EDGE('',*,*,#2437,.F.);
#3208=ORIENTED_EDGE('',*,*,#2421,.F.);
#3209=ORIENTED_EDGE('',*,*,#2423,.T.);
#3210=ORIENTED_EDGE('',*,*,#2438,.T.);
#3211=ORIENTED_EDGE('',*,*,#2414,.T.);
#3212=ORIENTED_EDGE('',*,*,#2438,.F.);
#3213=ORIENTED_EDGE('',*,*,#2387,.T.);
#3214=ORIENTED_EDGE('',*,*,#2439,.T.);
#3215=ORIENTED_EDGE('',*,*,#2440,.T.);
#3216=ORIENTED_EDGE('',*,*,#2441,.T.);
#3217=ORIENTED_EDGE('',*,*,#2386,.T.);
#3218=ORIENTED_EDGE('',*,*,#2442,.T.);
#3219=ORIENTED_EDGE('',*,*,#2443,.T.);
#3220=ORIENTED_EDGE('',*,*,#2439,.F.);
#3221=ORIENTED_EDGE('',*,*,#2385,.T.);
#3222=ORIENTED_EDGE('',*,*,#2444,.T.);
#3223=ORIENTED_EDGE('',*,*,#2445,.T.);
#3224=ORIENTED_EDGE('',*,*,#2446,.T.);
#3225=ORIENTED_EDGE('',*,*,#2442,.F.);
#3226=ORIENTED_EDGE('',*,*,#2447,.T.);
#3227=ORIENTED_EDGE('',*,*,#2445,.F.);
#3228=ORIENTED_EDGE('',*,*,#2448,.T.);
#3229=ORIENTED_EDGE('',*,*,#2449,.F.);
#3230=ORIENTED_EDGE('',*,*,#2388,.T.);
#3231=ORIENTED_EDGE('',*,*,#2441,.F.);
#3232=ORIENTED_EDGE('',*,*,#2447,.F.);
#3233=ORIENTED_EDGE('',*,*,#2450,.T.);
#3234=ORIENTED_EDGE('',*,*,#2451,.T.);
#3235=ORIENTED_EDGE('',*,*,#2452,.F.);
#3236=ORIENTED_EDGE('',*,*,#2440,.F.);
#3237=ORIENTED_EDGE('',*,*,#2453,.T.);
#3238=ORIENTED_EDGE('',*,*,#2454,.T.);
#3239=ORIENTED_EDGE('',*,*,#2450,.F.);
#3240=ORIENTED_EDGE('',*,*,#2455,.F.);
#3241=ORIENTED_EDGE('',*,*,#2411,.T.);
#3242=ORIENTED_EDGE('',*,*,#2456,.T.);
#3243=ORIENTED_EDGE('',*,*,#2457,.T.);
#3244=ORIENTED_EDGE('',*,*,#2458,.T.);
#3245=ORIENTED_EDGE('',*,*,#2410,.T.);
#3246=ORIENTED_EDGE('',*,*,#2459,.T.);
#3247=ORIENTED_EDGE('',*,*,#2460,.T.);
#3248=ORIENTED_EDGE('',*,*,#2456,.F.);
#3249=ORIENTED_EDGE('',*,*,#2409,.T.);
#3250=ORIENTED_EDGE('',*,*,#2461,.T.);
#3251=ORIENTED_EDGE('',*,*,#2462,.T.);
#3252=ORIENTED_EDGE('',*,*,#2459,.F.);
#3253=ORIENTED_EDGE('',*,*,#2463,.F.);
#3254=ORIENTED_EDGE('',*,*,#2458,.F.);
#3255=ORIENTED_EDGE('',*,*,#2464,.T.);
#3256=ORIENTED_EDGE('',*,*,#2461,.F.);
#3257=ORIENTED_EDGE('',*,*,#2408,.T.);
#3258=ORIENTED_EDGE('',*,*,#2465,.T.);
#3259=ORIENTED_EDGE('',*,*,#2464,.F.);
#3260=ORIENTED_EDGE('',*,*,#2466,.T.);
#3261=ORIENTED_EDGE('',*,*,#2467,.T.);
#3262=ORIENTED_EDGE('',*,*,#2468,.F.);
#3263=ORIENTED_EDGE('',*,*,#2457,.F.);
#3264=ORIENTED_EDGE('',*,*,#2469,.T.);
#3265=ORIENTED_EDGE('',*,*,#2470,.T.);
#3266=ORIENTED_EDGE('',*,*,#2466,.F.);
#3267=ORIENTED_EDGE('',*,*,#2398,.T.);
#3268=ORIENTED_EDGE('',*,*,#2471,.T.);
#3269=ORIENTED_EDGE('',*,*,#2472,.T.);
#3270=ORIENTED_EDGE('',*,*,#2473,.F.);
#3271=ORIENTED_EDGE('',*,*,#2397,.T.);
#3272=ORIENTED_EDGE('',*,*,#2474,.T.);
#3273=ORIENTED_EDGE('',*,*,#2475,.T.);
#3274=ORIENTED_EDGE('',*,*,#2471,.F.);
#3275=ORIENTED_EDGE('',*,*,#2476,.T.);
#3276=ORIENTED_EDGE('',*,*,#2477,.T.);
#3277=ORIENTED_EDGE('',*,*,#2399,.T.);
#3278=ORIENTED_EDGE('',*,*,#2473,.T.);
#3279=ORIENTED_EDGE('',*,*,#2478,.T.);
#3280=ORIENTED_EDGE('',*,*,#2479,.F.);
#3281=ORIENTED_EDGE('',*,*,#2480,.F.);
#3282=ORIENTED_EDGE('',*,*,#2400,.T.);
#3283=ORIENTED_EDGE('',*,*,#2477,.F.);
#3284=ORIENTED_EDGE('',*,*,#2481,.T.);
#3285=ORIENTED_EDGE('',*,*,#2474,.F.);
#3286=ORIENTED_EDGE('',*,*,#2396,.T.);
#3287=ORIENTED_EDGE('',*,*,#2476,.F.);
#3288=ORIENTED_EDGE('',*,*,#2482,.T.);
#3289=ORIENTED_EDGE('',*,*,#2483,.T.);
#3290=ORIENTED_EDGE('',*,*,#2484,.F.);
#3291=ORIENTED_EDGE('',*,*,#2472,.F.);
#3292=ORIENTED_EDGE('',*,*,#2485,.T.);
#3293=ORIENTED_EDGE('',*,*,#2486,.T.);
#3294=ORIENTED_EDGE('',*,*,#2482,.F.);
#3295=ORIENTED_EDGE('',*,*,#2487,.F.);
#3296=ORIENTED_EDGE('',*,*,#2425,.F.);
#3297=ORIENTED_EDGE('',*,*,#2488,.F.);
#3298=ORIENTED_EDGE('',*,*,#2489,.F.);
#3299=ORIENTED_EDGE('',*,*,#2490,.F.);
#3300=ORIENTED_EDGE('',*,*,#2491,.F.);
#3301=ORIENTED_EDGE('',*,*,#2492,.F.);
#3302=ORIENTED_EDGE('',*,*,#2493,.T.);
#3303=ORIENTED_EDGE('',*,*,#2494,.F.);
#3304=ORIENTED_EDGE('',*,*,#2433,.F.);
#3305=ORIENTED_EDGE('',*,*,#2495,.F.);
#3306=ORIENTED_EDGE('',*,*,#2496,.F.);
#3307=ORIENTED_EDGE('',*,*,#2497,.F.);
#3308=ORIENTED_EDGE('',*,*,#2498,.F.);
#3309=ORIENTED_EDGE('',*,*,#2499,.F.);
#3310=ORIENTED_EDGE('',*,*,#2500,.T.);
#3311=ORIENTED_EDGE('',*,*,#2501,.F.);
#3312=ORIENTED_EDGE('',*,*,#2502,.T.);
#3313=ORIENTED_EDGE('',*,*,#2503,.F.);
#3314=ORIENTED_EDGE('',*,*,#2504,.T.);
#3315=ORIENTED_EDGE('',*,*,#2426,.F.);
#3316=ORIENTED_EDGE('',*,*,#2487,.T.);
#3317=ORIENTED_EDGE('',*,*,#2505,.F.);
#3318=ORIENTED_EDGE('',*,*,#2502,.F.);
#3319=ORIENTED_EDGE('',*,*,#2506,.F.);
#3320=ORIENTED_EDGE('',*,*,#2507,.T.);
#3321=ORIENTED_EDGE('',*,*,#2434,.F.);
#3322=ORIENTED_EDGE('',*,*,#2494,.T.);
#3323=ORIENTED_EDGE('',*,*,#2508,.F.);
#3324=ORIENTED_EDGE('',*,*,#2509,.T.);
#3325=ORIENTED_EDGE('',*,*,#2435,.F.);
#3326=ORIENTED_EDGE('',*,*,#2507,.F.);
#3327=ORIENTED_EDGE('',*,*,#2510,.T.);
#3328=ORIENTED_EDGE('',*,*,#2511,.F.);
#3329=ORIENTED_EDGE('',*,*,#2429,.F.);
#3330=ORIENTED_EDGE('',*,*,#2512,.F.);
#3331=ORIENTED_EDGE('',*,*,#2513,.F.);
#3332=ORIENTED_EDGE('',*,*,#2514,.F.);
#3333=ORIENTED_EDGE('',*,*,#2515,.F.);
#3334=ORIENTED_EDGE('',*,*,#2516,.F.);
#3335=ORIENTED_EDGE('',*,*,#2517,.F.);
#3336=ORIENTED_EDGE('',*,*,#2518,.F.);
#3337=ORIENTED_EDGE('',*,*,#2519,.F.);
#3338=ORIENTED_EDGE('',*,*,#2520,.F.);
#3339=ORIENTED_EDGE('',*,*,#2521,.F.);
#3340=ORIENTED_EDGE('',*,*,#2427,.F.);
#3341=ORIENTED_EDGE('',*,*,#2504,.F.);
#3342=ORIENTED_EDGE('',*,*,#2522,.T.);
#3343=ORIENTED_EDGE('',*,*,#2523,.F.);
#3344=ORIENTED_EDGE('',*,*,#2524,.F.);
#3345=ORIENTED_EDGE('',*,*,#2525,.F.);
#3346=ORIENTED_EDGE('',*,*,#2526,.F.);
#3347=ORIENTED_EDGE('',*,*,#2527,.F.);
#3348=ORIENTED_EDGE('',*,*,#2436,.F.);
#3349=ORIENTED_EDGE('',*,*,#2509,.F.);
#3350=ORIENTED_EDGE('',*,*,#2528,.T.);
#3351=ORIENTED_EDGE('',*,*,#2529,.F.);
#3352=ORIENTED_EDGE('',*,*,#2530,.F.);
#3353=ORIENTED_EDGE('',*,*,#2531,.F.);
#3354=ORIENTED_EDGE('',*,*,#2532,.F.);
#3355=ORIENTED_EDGE('',*,*,#2533,.F.);
#3356=ORIENTED_EDGE('',*,*,#2431,.F.);
#3357=ORIENTED_EDGE('',*,*,#2534,.F.);
#3358=ORIENTED_EDGE('',*,*,#2535,.T.);
#3359=ORIENTED_EDGE('',*,*,#2536,.T.);
#3360=ORIENTED_EDGE('',*,*,#2368,.T.);
#3361=ORIENTED_EDGE('',*,*,#2536,.F.);
#3362=ORIENTED_EDGE('',*,*,#2537,.T.);
#3363=ORIENTED_EDGE('',*,*,#2538,.F.);
#3364=ORIENTED_EDGE('',*,*,#2534,.T.);
#3365=ORIENTED_EDGE('',*,*,#2430,.F.);
#3366=ORIENTED_EDGE('',*,*,#2511,.T.);
#3367=ORIENTED_EDGE('',*,*,#2539,.F.);
#3368=ORIENTED_EDGE('',*,*,#2537,.F.);
#3369=ORIENTED_EDGE('',*,*,#2506,.T.);
#3370=ORIENTED_EDGE('',*,*,#2362,.T.);
#3371=ORIENTED_EDGE('',*,*,#2501,.T.);
#3372=ORIENTED_EDGE('',*,*,#2374,.T.);
#3373=ORIENTED_EDGE('',*,*,#2508,.T.);
#3374=ORIENTED_EDGE('',*,*,#2500,.F.);
#3375=ORIENTED_EDGE('',*,*,#2540,.F.);
#3376=ORIENTED_EDGE('',*,*,#2528,.F.);
#3377=ORIENTED_EDGE('',*,*,#2503,.T.);
#3378=ORIENTED_EDGE('',*,*,#2505,.T.);
#3379=ORIENTED_EDGE('',*,*,#2493,.F.);
#3380=ORIENTED_EDGE('',*,*,#2541,.F.);
#3381=ORIENTED_EDGE('',*,*,#2522,.F.);
#3382=ORIENTED_EDGE('',*,*,#2538,.T.);
#3383=ORIENTED_EDGE('',*,*,#2539,.T.);
#3384=ORIENTED_EDGE('',*,*,#2510,.F.);
#3385=ORIENTED_EDGE('',*,*,#2542,.F.);
#3386=ORIENTED_EDGE('',*,*,#2535,.F.);
#3387=ORIENTED_EDGE('',*,*,#2524,.T.);
#3388=ORIENTED_EDGE('',*,*,#2543,.T.);
#3389=ORIENTED_EDGE('',*,*,#2544,.T.);
#3390=ORIENTED_EDGE('',*,*,#2545,.T.);
#3391=ORIENTED_EDGE('',*,*,#2498,.T.);
#3392=ORIENTED_EDGE('',*,*,#2546,.T.);
#3393=ORIENTED_EDGE('',*,*,#2547,.T.);
#3394=ORIENTED_EDGE('',*,*,#2548,.T.);
#3395=ORIENTED_EDGE('',*,*,#2517,.T.);
#3396=ORIENTED_EDGE('',*,*,#2541,.T.);
#3397=ORIENTED_EDGE('',*,*,#2492,.T.);
#3398=ORIENTED_EDGE('',*,*,#2549,.F.);
#3399=ORIENTED_EDGE('',*,*,#2550,.F.);
#3400=ORIENTED_EDGE('',*,*,#2551,.F.);
#3401=ORIENTED_EDGE('',*,*,#2552,.T.);
#3402=ORIENTED_EDGE('',*,*,#2553,.F.);
#3403=ORIENTED_EDGE('',*,*,#2491,.T.);
#3404=ORIENTED_EDGE('',*,*,#2554,.T.);
#3405=ORIENTED_EDGE('',*,*,#2555,.T.);
#3406=ORIENTED_EDGE('',*,*,#2549,.T.);
#3407=ORIENTED_EDGE('',*,*,#2518,.T.);
#3408=ORIENTED_EDGE('',*,*,#2553,.T.);
#3409=ORIENTED_EDGE('',*,*,#2556,.T.);
#3410=ORIENTED_EDGE('',*,*,#2557,.T.);
#3411=ORIENTED_EDGE('',*,*,#2527,.T.);
#3412=ORIENTED_EDGE('',*,*,#2558,.F.);
#3413=ORIENTED_EDGE('',*,*,#2488,.T.);
#3414=ORIENTED_EDGE('',*,*,#2437,.T.);
#3415=ORIENTED_EDGE('',*,*,#2521,.T.);
#3416=ORIENTED_EDGE('',*,*,#2559,.F.);
#3417=ORIENTED_EDGE('',*,*,#2512,.T.);
#3418=ORIENTED_EDGE('',*,*,#2428,.T.);
#3419=ORIENTED_EDGE('',*,*,#2530,.T.);
#3420=ORIENTED_EDGE('',*,*,#2560,.T.);
#3421=ORIENTED_EDGE('',*,*,#2561,.T.);
#3422=ORIENTED_EDGE('',*,*,#2562,.T.);
#3423=ORIENTED_EDGE('',*,*,#2515,.T.);
#3424=ORIENTED_EDGE('',*,*,#2563,.T.);
#3425=ORIENTED_EDGE('',*,*,#2564,.T.);
#3426=ORIENTED_EDGE('',*,*,#2565,.T.);
#3427=ORIENTED_EDGE('',*,*,#2520,.T.);
#3428=ORIENTED_EDGE('',*,*,#2566,.T.);
#3429=ORIENTED_EDGE('',*,*,#2513,.T.);
#3430=ORIENTED_EDGE('',*,*,#2559,.T.);
#3431=ORIENTED_EDGE('',*,*,#2526,.T.);
#3432=ORIENTED_EDGE('',*,*,#2567,.T.);
#3433=ORIENTED_EDGE('',*,*,#2489,.T.);
#3434=ORIENTED_EDGE('',*,*,#2558,.T.);
#3435=ORIENTED_EDGE('',*,*,#2496,.T.);
#3436=ORIENTED_EDGE('',*,*,#2568,.T.);
#3437=ORIENTED_EDGE('',*,*,#2532,.T.);
#3438=ORIENTED_EDGE('',*,*,#2569,.T.);
#3439=ORIENTED_EDGE('',*,*,#2519,.T.);
#3440=ORIENTED_EDGE('',*,*,#2557,.F.);
#3441=ORIENTED_EDGE('',*,*,#2570,.T.);
#3442=ORIENTED_EDGE('',*,*,#2571,.T.);
#3443=ORIENTED_EDGE('',*,*,#2572,.T.);
#3444=ORIENTED_EDGE('',*,*,#2573,.F.);
#3445=ORIENTED_EDGE('',*,*,#2574,.T.);
#3446=ORIENTED_EDGE('',*,*,#2575,.T.);
#3447=ORIENTED_EDGE('',*,*,#2576,.T.);
#3448=ORIENTED_EDGE('',*,*,#2563,.F.);
#3449=ORIENTED_EDGE('',*,*,#2514,.T.);
#3450=ORIENTED_EDGE('',*,*,#2566,.F.);
#3451=ORIENTED_EDGE('',*,*,#2525,.T.);
#3452=ORIENTED_EDGE('',*,*,#2545,.F.);
#3453=ORIENTED_EDGE('',*,*,#2577,.T.);
#3454=ORIENTED_EDGE('',*,*,#2578,.T.);
#3455=ORIENTED_EDGE('',*,*,#2579,.T.);
#3456=ORIENTED_EDGE('',*,*,#2580,.F.);
#3457=ORIENTED_EDGE('',*,*,#2581,.T.);
#3458=ORIENTED_EDGE('',*,*,#2582,.T.);
#3459=ORIENTED_EDGE('',*,*,#2583,.T.);
#3460=ORIENTED_EDGE('',*,*,#2554,.F.);
#3461=ORIENTED_EDGE('',*,*,#2490,.T.);
#3462=ORIENTED_EDGE('',*,*,#2567,.F.);
#3463=ORIENTED_EDGE('',*,*,#2497,.T.);
#3464=ORIENTED_EDGE('',*,*,#2569,.F.);
#3465=ORIENTED_EDGE('',*,*,#2531,.T.);
#3466=ORIENTED_EDGE('',*,*,#2562,.F.);
#3467=ORIENTED_EDGE('',*,*,#2584,.T.);
#3468=ORIENTED_EDGE('',*,*,#2585,.T.);
#3469=ORIENTED_EDGE('',*,*,#2586,.T.);
#3470=ORIENTED_EDGE('',*,*,#2587,.F.);
#3471=ORIENTED_EDGE('',*,*,#2588,.T.);
#3472=ORIENTED_EDGE('',*,*,#2589,.T.);
#3473=ORIENTED_EDGE('',*,*,#2590,.T.);
#3474=ORIENTED_EDGE('',*,*,#2546,.F.);
#3475=ORIENTED_EDGE('',*,*,#2443,.F.);
#3476=ORIENTED_EDGE('',*,*,#2591,.T.);
#3477=ORIENTED_EDGE('',*,*,#2592,.T.);
#3478=ORIENTED_EDGE('',*,*,#2453,.F.);
#3479=ORIENTED_EDGE('',*,*,#2446,.F.);
#3480=ORIENTED_EDGE('',*,*,#2452,.T.);
#3481=ORIENTED_EDGE('',*,*,#2593,.T.);
#3482=ORIENTED_EDGE('',*,*,#2591,.F.);
#3483=ORIENTED_EDGE('',*,*,#2451,.F.);
#3484=ORIENTED_EDGE('',*,*,#2454,.F.);
#3485=ORIENTED_EDGE('',*,*,#2592,.F.);
#3486=ORIENTED_EDGE('',*,*,#2593,.F.);
#3487=ORIENTED_EDGE('',*,*,#2475,.F.);
#3488=ORIENTED_EDGE('',*,*,#2594,.T.);
#3489=ORIENTED_EDGE('',*,*,#2595,.T.);
#3490=ORIENTED_EDGE('',*,*,#2485,.F.);
#3491=ORIENTED_EDGE('',*,*,#2481,.F.);
#3492=ORIENTED_EDGE('',*,*,#2484,.T.);
#3493=ORIENTED_EDGE('',*,*,#2596,.T.);
#3494=ORIENTED_EDGE('',*,*,#2594,.F.);
#3495=ORIENTED_EDGE('',*,*,#2596,.F.);
#3496=ORIENTED_EDGE('',*,*,#2483,.F.);
#3497=ORIENTED_EDGE('',*,*,#2486,.F.);
#3498=ORIENTED_EDGE('',*,*,#2595,.F.);
#3499=ORIENTED_EDGE('',*,*,#2460,.F.);
#3500=ORIENTED_EDGE('',*,*,#2597,.T.);
#3501=ORIENTED_EDGE('',*,*,#2598,.T.);
#3502=ORIENTED_EDGE('',*,*,#2469,.F.);
#3503=ORIENTED_EDGE('',*,*,#2462,.F.);
#3504=ORIENTED_EDGE('',*,*,#2468,.T.);
#3505=ORIENTED_EDGE('',*,*,#2599,.T.);
#3506=ORIENTED_EDGE('',*,*,#2597,.F.);
#3507=ORIENTED_EDGE('',*,*,#2467,.F.);
#3508=ORIENTED_EDGE('',*,*,#2470,.F.);
#3509=ORIENTED_EDGE('',*,*,#2598,.F.);
#3510=ORIENTED_EDGE('',*,*,#2599,.F.);
#3511=ORIENTED_EDGE('',*,*,#2555,.F.);
#3512=ORIENTED_EDGE('',*,*,#2583,.F.);
#3513=ORIENTED_EDGE('',*,*,#2600,.T.);
#3514=ORIENTED_EDGE('',*,*,#2601,.F.);
#3515=ORIENTED_EDGE('',*,*,#2602,.F.);
#3516=ORIENTED_EDGE('',*,*,#2603,.F.);
#3517=ORIENTED_EDGE('',*,*,#2550,.T.);
#3518=ORIENTED_EDGE('',*,*,#2604,.T.);
#3519=ORIENTED_EDGE('',*,*,#2580,.T.);
#3520=ORIENTED_EDGE('',*,*,#2605,.T.);
#3521=ORIENTED_EDGE('',*,*,#2606,.T.);
#3522=ORIENTED_EDGE('',*,*,#2605,.F.);
#3523=ORIENTED_EDGE('',*,*,#2579,.F.);
#3524=ORIENTED_EDGE('',*,*,#2607,.T.);
#3525=ORIENTED_EDGE('',*,*,#2608,.F.);
#3526=ORIENTED_EDGE('',*,*,#2609,.F.);
#3527=ORIENTED_EDGE('',*,*,#2610,.F.);
#3528=ORIENTED_EDGE('',*,*,#2611,.T.);
#3529=ORIENTED_EDGE('',*,*,#2547,.F.);
#3530=ORIENTED_EDGE('',*,*,#2590,.F.);
#3531=ORIENTED_EDGE('',*,*,#2612,.T.);
#3532=ORIENTED_EDGE('',*,*,#2613,.F.);
#3533=ORIENTED_EDGE('',*,*,#2614,.F.);
#3534=ORIENTED_EDGE('',*,*,#2615,.F.);
#3535=ORIENTED_EDGE('',*,*,#2616,.T.);
#3536=ORIENTED_EDGE('',*,*,#2617,.T.);
#3537=ORIENTED_EDGE('',*,*,#2587,.T.);
#3538=ORIENTED_EDGE('',*,*,#2618,.T.);
#3539=ORIENTED_EDGE('',*,*,#2619,.T.);
#3540=ORIENTED_EDGE('',*,*,#2618,.F.);
#3541=ORIENTED_EDGE('',*,*,#2586,.F.);
#3542=ORIENTED_EDGE('',*,*,#2620,.T.);
#3543=ORIENTED_EDGE('',*,*,#2621,.F.);
#3544=ORIENTED_EDGE('',*,*,#2622,.F.);
#3545=ORIENTED_EDGE('',*,*,#2623,.F.);
#3546=ORIENTED_EDGE('',*,*,#2624,.T.);
#3547=ORIENTED_EDGE('',*,*,#2564,.F.);
#3548=ORIENTED_EDGE('',*,*,#2576,.F.);
#3549=ORIENTED_EDGE('',*,*,#2625,.T.);
#3550=ORIENTED_EDGE('',*,*,#2626,.F.);
#3551=ORIENTED_EDGE('',*,*,#2627,.F.);
#3552=ORIENTED_EDGE('',*,*,#2628,.F.);
#3553=ORIENTED_EDGE('',*,*,#2629,.T.);
#3554=ORIENTED_EDGE('',*,*,#2630,.T.);
#3555=ORIENTED_EDGE('',*,*,#2573,.T.);
#3556=ORIENTED_EDGE('',*,*,#2631,.T.);
#3557=ORIENTED_EDGE('',*,*,#2632,.T.);
#3558=ORIENTED_EDGE('',*,*,#2631,.F.);
#3559=ORIENTED_EDGE('',*,*,#2572,.F.);
#3560=ORIENTED_EDGE('',*,*,#2633,.T.);
#3561=ORIENTED_EDGE('',*,*,#2634,.F.);
#3562=ORIENTED_EDGE('',*,*,#2635,.F.);
#3563=ORIENTED_EDGE('',*,*,#2636,.F.);
#3564=ORIENTED_EDGE('',*,*,#2637,.T.);
#3565=ORIENTED_EDGE('',*,*,#2495,.T.);
#3566=ORIENTED_EDGE('',*,*,#2432,.T.);
#3567=ORIENTED_EDGE('',*,*,#2533,.T.);
#3568=ORIENTED_EDGE('',*,*,#2568,.F.);
#3569=ORIENTED_EDGE('',*,*,#2601,.T.);
#3570=ORIENTED_EDGE('',*,*,#2638,.F.);
#3571=ORIENTED_EDGE('',*,*,#2639,.T.);
#3572=ORIENTED_EDGE('',*,*,#2640,.T.);
#3573=ORIENTED_EDGE('',*,*,#2608,.T.);
#3574=ORIENTED_EDGE('',*,*,#2641,.F.);
#3575=ORIENTED_EDGE('',*,*,#2642,.T.);
#3576=ORIENTED_EDGE('',*,*,#2643,.T.);
#3577=ORIENTED_EDGE('',*,*,#2613,.T.);
#3578=ORIENTED_EDGE('',*,*,#2644,.F.);
#3579=ORIENTED_EDGE('',*,*,#2645,.T.);
#3580=ORIENTED_EDGE('',*,*,#2646,.T.);
#3581=ORIENTED_EDGE('',*,*,#2621,.T.);
#3582=ORIENTED_EDGE('',*,*,#2647,.F.);
#3583=ORIENTED_EDGE('',*,*,#2648,.T.);
#3584=ORIENTED_EDGE('',*,*,#2649,.T.);
#3585=ORIENTED_EDGE('',*,*,#2626,.T.);
#3586=ORIENTED_EDGE('',*,*,#2650,.F.);
#3587=ORIENTED_EDGE('',*,*,#2651,.T.);
#3588=ORIENTED_EDGE('',*,*,#2652,.T.);
#3589=ORIENTED_EDGE('',*,*,#2634,.T.);
#3590=ORIENTED_EDGE('',*,*,#2653,.F.);
#3591=ORIENTED_EDGE('',*,*,#2654,.T.);
#3592=ORIENTED_EDGE('',*,*,#2655,.T.);
#3593=ORIENTED_EDGE('',*,*,#2582,.F.);
#3594=ORIENTED_EDGE('',*,*,#2656,.T.);
#3595=ORIENTED_EDGE('',*,*,#2638,.T.);
#3596=ORIENTED_EDGE('',*,*,#2600,.F.);
#3597=ORIENTED_EDGE('',*,*,#2640,.F.);
#3598=ORIENTED_EDGE('',*,*,#2657,.F.);
#3599=ORIENTED_EDGE('',*,*,#2658,.F.);
#3600=ORIENTED_EDGE('',*,*,#2602,.T.);
#3601=ORIENTED_EDGE('',*,*,#2578,.F.);
#3602=ORIENTED_EDGE('',*,*,#2659,.T.);
#3603=ORIENTED_EDGE('',*,*,#2641,.T.);
#3604=ORIENTED_EDGE('',*,*,#2607,.F.);
#3605=ORIENTED_EDGE('',*,*,#2643,.F.);
#3606=ORIENTED_EDGE('',*,*,#2660,.F.);
#3607=ORIENTED_EDGE('',*,*,#2661,.F.);
#3608=ORIENTED_EDGE('',*,*,#2609,.T.);
#3609=ORIENTED_EDGE('',*,*,#2589,.F.);
#3610=ORIENTED_EDGE('',*,*,#2662,.T.);
#3611=ORIENTED_EDGE('',*,*,#2644,.T.);
#3612=ORIENTED_EDGE('',*,*,#2612,.F.);
#3613=ORIENTED_EDGE('',*,*,#2646,.F.);
#3614=ORIENTED_EDGE('',*,*,#2663,.F.);
#3615=ORIENTED_EDGE('',*,*,#2664,.F.);
#3616=ORIENTED_EDGE('',*,*,#2614,.T.);
#3617=ORIENTED_EDGE('',*,*,#2585,.F.);
#3618=ORIENTED_EDGE('',*,*,#2665,.T.);
#3619=ORIENTED_EDGE('',*,*,#2647,.T.);
#3620=ORIENTED_EDGE('',*,*,#2620,.F.);
#3621=ORIENTED_EDGE('',*,*,#2649,.F.);
#3622=ORIENTED_EDGE('',*,*,#2666,.F.);
#3623=ORIENTED_EDGE('',*,*,#2667,.F.);
#3624=ORIENTED_EDGE('',*,*,#2622,.T.);
#3625=ORIENTED_EDGE('',*,*,#2575,.F.);
#3626=ORIENTED_EDGE('',*,*,#2668,.T.);
#3627=ORIENTED_EDGE('',*,*,#2650,.T.);
#3628=ORIENTED_EDGE('',*,*,#2625,.F.);
#3629=ORIENTED_EDGE('',*,*,#2652,.F.);
#3630=ORIENTED_EDGE('',*,*,#2669,.F.);
#3631=ORIENTED_EDGE('',*,*,#2670,.F.);
#3632=ORIENTED_EDGE('',*,*,#2627,.T.);
#3633=ORIENTED_EDGE('',*,*,#2571,.F.);
#3634=ORIENTED_EDGE('',*,*,#2671,.T.);
#3635=ORIENTED_EDGE('',*,*,#2653,.T.);
#3636=ORIENTED_EDGE('',*,*,#2633,.F.);
#3637=ORIENTED_EDGE('',*,*,#2655,.F.);
#3638=ORIENTED_EDGE('',*,*,#2672,.F.);
#3639=ORIENTED_EDGE('',*,*,#2673,.F.);
#3640=ORIENTED_EDGE('',*,*,#2635,.T.);
#3641=ORIENTED_EDGE('',*,*,#2674,.T.);
#3642=ORIENTED_EDGE('',*,*,#2675,.T.);
#3643=ORIENTED_EDGE('',*,*,#2676,.T.);
#3644=ORIENTED_EDGE('',*,*,#2677,.T.);
#3645=ORIENTED_EDGE('',*,*,#2676,.F.);
#3646=ORIENTED_EDGE('',*,*,#2678,.T.);
#3647=ORIENTED_EDGE('',*,*,#2679,.T.);
#3648=ORIENTED_EDGE('',*,*,#2680,.T.);
#3649=ORIENTED_EDGE('',*,*,#2681,.T.);
#3650=ORIENTED_EDGE('',*,*,#2682,.T.);
#3651=ORIENTED_EDGE('',*,*,#2679,.F.);
#3652=ORIENTED_EDGE('',*,*,#2683,.T.);
#3653=ORIENTED_EDGE('',*,*,#2681,.F.);
#3654=ORIENTED_EDGE('',*,*,#2684,.T.);
#3655=ORIENTED_EDGE('',*,*,#2685,.T.);
#3656=ORIENTED_EDGE('',*,*,#2686,.T.);
#3657=ORIENTED_EDGE('',*,*,#2687,.T.);
#3658=ORIENTED_EDGE('',*,*,#2688,.T.);
#3659=ORIENTED_EDGE('',*,*,#2685,.F.);
#3660=ORIENTED_EDGE('',*,*,#2689,.T.);
#3661=ORIENTED_EDGE('',*,*,#2689,.F.);
#3662=ORIENTED_EDGE('',*,*,#2684,.F.);
#3663=ORIENTED_EDGE('',*,*,#2683,.F.);
#3664=ORIENTED_EDGE('',*,*,#2678,.F.);
#3665=ORIENTED_EDGE('',*,*,#2675,.F.);
#3666=ORIENTED_EDGE('',*,*,#2690,.T.);
#3667=ORIENTED_EDGE('',*,*,#2691,.T.);
#3668=ORIENTED_EDGE('',*,*,#2692,.T.);
#3669=ORIENTED_EDGE('',*,*,#2693,.F.);
#3670=ORIENTED_EDGE('',*,*,#2694,.F.);
#3671=ORIENTED_EDGE('',*,*,#2695,.F.);
#3672=ORIENTED_EDGE('',*,*,#2696,.T.);
#3673=ORIENTED_EDGE('',*,*,#2697,.T.);
#3674=ORIENTED_EDGE('',*,*,#2698,.T.);
#3675=ORIENTED_EDGE('',*,*,#2699,.T.);
#3676=ORIENTED_EDGE('',*,*,#2700,.T.);
#3677=ORIENTED_EDGE('',*,*,#2699,.F.);
#3678=ORIENTED_EDGE('',*,*,#2701,.T.);
#3679=ORIENTED_EDGE('',*,*,#2702,.T.);
#3680=ORIENTED_EDGE('',*,*,#2703,.T.);
#3681=ORIENTED_EDGE('',*,*,#2704,.T.);
#3682=ORIENTED_EDGE('',*,*,#2705,.T.);
#3683=ORIENTED_EDGE('',*,*,#2702,.F.);
#3684=ORIENTED_EDGE('',*,*,#2706,.T.);
#3685=ORIENTED_EDGE('',*,*,#2704,.F.);
#3686=ORIENTED_EDGE('',*,*,#2707,.T.);
#3687=ORIENTED_EDGE('',*,*,#2708,.T.);
#3688=ORIENTED_EDGE('',*,*,#2709,.T.);
#3689=ORIENTED_EDGE('',*,*,#2710,.T.);
#3690=ORIENTED_EDGE('',*,*,#2711,.T.);
#3691=ORIENTED_EDGE('',*,*,#2708,.F.);
#3692=ORIENTED_EDGE('',*,*,#2712,.T.);
#3693=ORIENTED_EDGE('',*,*,#2712,.F.);
#3694=ORIENTED_EDGE('',*,*,#2707,.F.);
#3695=ORIENTED_EDGE('',*,*,#2706,.F.);
#3696=ORIENTED_EDGE('',*,*,#2701,.F.);
#3697=ORIENTED_EDGE('',*,*,#2698,.F.);
#3698=ORIENTED_EDGE('',*,*,#2713,.T.);
#3699=ORIENTED_EDGE('',*,*,#2714,.T.);
#3700=ORIENTED_EDGE('',*,*,#2715,.T.);
#3701=ORIENTED_EDGE('',*,*,#2716,.F.);
#3702=ORIENTED_EDGE('',*,*,#2717,.F.);
#3703=ORIENTED_EDGE('',*,*,#2718,.F.);
#3704=ORIENTED_EDGE('',*,*,#2719,.T.);
#3705=ORIENTED_EDGE('',*,*,#2720,.T.);
#3706=ORIENTED_EDGE('',*,*,#2721,.T.);
#3707=ORIENTED_EDGE('',*,*,#2722,.T.);
#3708=ORIENTED_EDGE('',*,*,#2723,.T.);
#3709=ORIENTED_EDGE('',*,*,#2720,.F.);
#3710=ORIENTED_EDGE('',*,*,#2724,.T.);
#3711=ORIENTED_EDGE('',*,*,#2725,.T.);
#3712=ORIENTED_EDGE('',*,*,#2726,.T.);
#3713=ORIENTED_EDGE('',*,*,#2727,.T.);
#3714=ORIENTED_EDGE('',*,*,#2728,.T.);
#3715=ORIENTED_EDGE('',*,*,#2725,.F.);
#3716=ORIENTED_EDGE('',*,*,#2729,.T.);
#3717=ORIENTED_EDGE('',*,*,#2727,.F.);
#3718=ORIENTED_EDGE('',*,*,#2730,.T.);
#3719=ORIENTED_EDGE('',*,*,#2731,.T.);
#3720=ORIENTED_EDGE('',*,*,#2732,.T.);
#3721=ORIENTED_EDGE('',*,*,#2733,.T.);
#3722=ORIENTED_EDGE('',*,*,#2731,.F.);
#3723=ORIENTED_EDGE('',*,*,#2734,.T.);
#3724=ORIENTED_EDGE('',*,*,#2735,.T.);
#3725=ORIENTED_EDGE('',*,*,#2736,.T.);
#3726=ORIENTED_EDGE('',*,*,#2737,.T.);
#3727=ORIENTED_EDGE('',*,*,#2735,.F.);
#3728=ORIENTED_EDGE('',*,*,#2738,.T.);
#3729=ORIENTED_EDGE('',*,*,#2739,.T.);
#3730=ORIENTED_EDGE('',*,*,#2740,.T.);
#3731=ORIENTED_EDGE('',*,*,#2741,.T.);
#3732=ORIENTED_EDGE('',*,*,#2742,.T.);
#3733=ORIENTED_EDGE('',*,*,#2743,.T.);
#3734=ORIENTED_EDGE('',*,*,#2739,.F.);
#3735=ORIENTED_EDGE('',*,*,#2744,.T.);
#3736=ORIENTED_EDGE('',*,*,#2745,.T.);
#3737=ORIENTED_EDGE('',*,*,#2746,.T.);
#3738=ORIENTED_EDGE('',*,*,#2747,.T.);
#3739=ORIENTED_EDGE('',*,*,#2748,.T.);
#3740=ORIENTED_EDGE('',*,*,#2749,.T.);
#3741=ORIENTED_EDGE('',*,*,#2750,.T.);
#3742=ORIENTED_EDGE('',*,*,#2751,.T.);
#3743=ORIENTED_EDGE('',*,*,#2752,.T.);
#3744=ORIENTED_EDGE('',*,*,#2753,.T.);
#3745=ORIENTED_EDGE('',*,*,#2754,.T.);
#3746=ORIENTED_EDGE('',*,*,#2752,.F.);
#3747=ORIENTED_EDGE('',*,*,#2755,.T.);
#3748=ORIENTED_EDGE('',*,*,#2748,.F.);
#3749=ORIENTED_EDGE('',*,*,#2756,.T.);
#3750=ORIENTED_EDGE('',*,*,#2757,.T.);
#3751=ORIENTED_EDGE('',*,*,#2758,.T.);
#3752=ORIENTED_EDGE('',*,*,#2759,.T.);
#3753=ORIENTED_EDGE('',*,*,#2756,.F.);
#3754=ORIENTED_EDGE('',*,*,#2760,.T.);
#3755=ORIENTED_EDGE('',*,*,#2761,.T.);
#3756=ORIENTED_EDGE('',*,*,#2762,.T.);
#3757=ORIENTED_EDGE('',*,*,#2763,.T.);
#3758=ORIENTED_EDGE('',*,*,#2764,.T.);
#3759=ORIENTED_EDGE('',*,*,#2761,.F.);
#3760=ORIENTED_EDGE('',*,*,#2765,.T.);
#3761=ORIENTED_EDGE('',*,*,#2763,.F.);
#3762=ORIENTED_EDGE('',*,*,#2766,.T.);
#3763=ORIENTED_EDGE('',*,*,#2767,.T.);
#3764=ORIENTED_EDGE('',*,*,#2768,.T.);
#3765=ORIENTED_EDGE('',*,*,#2769,.T.);
#3766=ORIENTED_EDGE('',*,*,#2767,.F.);
#3767=ORIENTED_EDGE('',*,*,#2770,.T.);
#3768=ORIENTED_EDGE('',*,*,#2771,.T.);
#3769=ORIENTED_EDGE('',*,*,#2772,.T.);
#3770=ORIENTED_EDGE('',*,*,#2773,.T.);
#3771=ORIENTED_EDGE('',*,*,#2774,.T.);
#3772=ORIENTED_EDGE('',*,*,#2775,.T.);
#3773=ORIENTED_EDGE('',*,*,#2771,.F.);
#3774=ORIENTED_EDGE('',*,*,#2776,.T.);
#3775=ORIENTED_EDGE('',*,*,#2777,.T.);
#3776=ORIENTED_EDGE('',*,*,#2778,.T.);
#3777=ORIENTED_EDGE('',*,*,#2779,.T.);
#3778=ORIENTED_EDGE('',*,*,#2774,.F.);
#3779=ORIENTED_EDGE('',*,*,#2777,.F.);
#3780=ORIENTED_EDGE('',*,*,#2780,.T.);
#3781=ORIENTED_EDGE('',*,*,#2750,.F.);
#3782=ORIENTED_EDGE('',*,*,#2781,.T.);
#3783=ORIENTED_EDGE('',*,*,#2782,.T.);
#3784=ORIENTED_EDGE('',*,*,#2783,.T.);
#3785=ORIENTED_EDGE('',*,*,#2784,.T.);
#3786=ORIENTED_EDGE('',*,*,#2785,.T.);
#3787=ORIENTED_EDGE('',*,*,#2786,.T.);
#3788=ORIENTED_EDGE('',*,*,#2787,.T.);
#3789=ORIENTED_EDGE('',*,*,#2788,.T.);
#3790=ORIENTED_EDGE('',*,*,#2789,.T.);
#3791=ORIENTED_EDGE('',*,*,#2790,.T.);
#3792=ORIENTED_EDGE('',*,*,#2791,.T.);
#3793=ORIENTED_EDGE('',*,*,#2790,.F.);
#3794=ORIENTED_EDGE('',*,*,#2792,.F.);
#3795=ORIENTED_EDGE('',*,*,#2784,.F.);
#3796=ORIENTED_EDGE('',*,*,#2787,.F.);
#3797=ORIENTED_EDGE('',*,*,#2793,.T.);
#3798=ORIENTED_EDGE('',*,*,#2758,.F.);
#3799=ORIENTED_EDGE('',*,*,#2745,.F.);
#3800=ORIENTED_EDGE('',*,*,#2794,.T.);
#3801=ORIENTED_EDGE('',*,*,#2722,.F.);
#3802=ORIENTED_EDGE('',*,*,#2741,.F.);
#3803=ORIENTED_EDGE('',*,*,#2795,.T.);
#3804=ORIENTED_EDGE('',*,*,#2782,.F.);
#3805=ORIENTED_EDGE('',*,*,#2746,.F.);
#3806=ORIENTED_EDGE('',*,*,#2721,.F.);
#3807=ORIENTED_EDGE('',*,*,#2726,.F.);
#3808=ORIENTED_EDGE('',*,*,#2728,.F.);
#3809=ORIENTED_EDGE('',*,*,#2732,.F.);
#3810=ORIENTED_EDGE('',*,*,#2733,.F.);
#3811=ORIENTED_EDGE('',*,*,#2796,.F.);
#3812=ORIENTED_EDGE('',*,*,#2797,.F.);
#3813=ORIENTED_EDGE('',*,*,#2798,.F.);
#3814=ORIENTED_EDGE('',*,*,#2799,.F.);
#3815=ORIENTED_EDGE('',*,*,#2800,.F.);
#3816=ORIENTED_EDGE('',*,*,#2801,.F.);
#3817=ORIENTED_EDGE('',*,*,#2802,.T.);
#3818=ORIENTED_EDGE('',*,*,#2737,.F.);
#3819=ORIENTED_EDGE('',*,*,#2743,.F.);
#3820=ORIENTED_EDGE('',*,*,#2803,.F.);
#3821=ORIENTED_EDGE('',*,*,#2804,.F.);
#3822=ORIENTED_EDGE('',*,*,#2805,.F.);
#3823=ORIENTED_EDGE('',*,*,#2806,.F.);
#3824=ORIENTED_EDGE('',*,*,#2807,.F.);
#3825=ORIENTED_EDGE('',*,*,#2796,.T.);
#3826=ORIENTED_EDGE('',*,*,#2736,.F.);
#3827=ORIENTED_EDGE('',*,*,#2742,.F.);
#3828=ORIENTED_EDGE('',*,*,#2781,.F.);
#3829=ORIENTED_EDGE('',*,*,#2808,.F.);
#3830=ORIENTED_EDGE('',*,*,#2809,.F.);
#3831=ORIENTED_EDGE('',*,*,#2810,.F.);
#3832=ORIENTED_EDGE('',*,*,#2811,.F.);
#3833=ORIENTED_EDGE('',*,*,#2812,.F.);
#3834=ORIENTED_EDGE('',*,*,#2813,.F.);
#3835=ORIENTED_EDGE('',*,*,#2814,.F.);
#3836=ORIENTED_EDGE('',*,*,#2815,.F.);
#3837=ORIENTED_EDGE('',*,*,#2803,.T.);
#3838=ORIENTED_EDGE('',*,*,#2785,.F.);
#3839=ORIENTED_EDGE('',*,*,#2792,.T.);
#3840=ORIENTED_EDGE('',*,*,#2789,.F.);
#3841=ORIENTED_EDGE('',*,*,#2816,.F.);
#3842=ORIENTED_EDGE('',*,*,#2817,.F.);
#3843=ORIENTED_EDGE('',*,*,#2818,.T.);
#3844=ORIENTED_EDGE('',*,*,#2819,.F.);
#3845=ORIENTED_EDGE('',*,*,#2808,.T.);
#3846=ORIENTED_EDGE('',*,*,#2744,.F.);
#3847=ORIENTED_EDGE('',*,*,#2755,.F.);
#3848=ORIENTED_EDGE('',*,*,#2751,.F.);
#3849=ORIENTED_EDGE('',*,*,#2820,.F.);
#3850=ORIENTED_EDGE('',*,*,#2479,.T.);
#3851=ORIENTED_EDGE('',*,*,#2821,.F.);
#3852=ORIENTED_EDGE('',*,*,#2780,.F.);
#3853=ORIENTED_EDGE('',*,*,#2822,.T.);
#3854=ORIENTED_EDGE('',*,*,#2401,.T.);
#3855=ORIENTED_EDGE('',*,*,#2480,.T.);
#3856=ORIENTED_EDGE('',*,*,#2820,.T.);
#3857=ORIENTED_EDGE('',*,*,#2776,.F.);
#3858=ORIENTED_EDGE('',*,*,#2773,.F.);
#3859=ORIENTED_EDGE('',*,*,#2770,.F.);
#3860=ORIENTED_EDGE('',*,*,#2823,.F.);
#3861=ORIENTED_EDGE('',*,*,#2402,.F.);
#3862=ORIENTED_EDGE('',*,*,#2822,.F.);
#3863=ORIENTED_EDGE('',*,*,#2766,.F.);
#3864=ORIENTED_EDGE('',*,*,#2824,.T.);
#3865=ORIENTED_EDGE('',*,*,#2403,.F.);
#3866=ORIENTED_EDGE('',*,*,#2823,.T.);
#3867=ORIENTED_EDGE('',*,*,#2765,.F.);
#3868=ORIENTED_EDGE('',*,*,#2825,.F.);
#3869=ORIENTED_EDGE('',*,*,#2404,.F.);
#3870=ORIENTED_EDGE('',*,*,#2824,.F.);
#3871=ORIENTED_EDGE('',*,*,#2760,.F.);
#3872=ORIENTED_EDGE('',*,*,#2826,.T.);
#3873=ORIENTED_EDGE('',*,*,#2405,.F.);
#3874=ORIENTED_EDGE('',*,*,#2825,.T.);
#3875=ORIENTED_EDGE('',*,*,#2759,.F.);
#3876=ORIENTED_EDGE('',*,*,#2827,.F.);
#3877=ORIENTED_EDGE('',*,*,#2406,.F.);
#3878=ORIENTED_EDGE('',*,*,#2826,.F.);
#3879=ORIENTED_EDGE('',*,*,#2793,.F.);
#3880=ORIENTED_EDGE('',*,*,#2828,.T.);
#3881=ORIENTED_EDGE('',*,*,#2465,.F.);
#3882=ORIENTED_EDGE('',*,*,#2407,.T.);
#3883=ORIENTED_EDGE('',*,*,#2827,.T.);
#3884=ORIENTED_EDGE('',*,*,#2829,.F.);
#3885=ORIENTED_EDGE('',*,*,#2830,.T.);
#3886=ORIENTED_EDGE('',*,*,#2831,.F.);
#3887=ORIENTED_EDGE('',*,*,#2832,.F.);
#3888=ORIENTED_EDGE('',*,*,#2833,.F.);
#3889=ORIENTED_EDGE('',*,*,#2834,.T.);
#3890=ORIENTED_EDGE('',*,*,#2835,.F.);
#3891=ORIENTED_EDGE('',*,*,#2806,.T.);
#3892=ORIENTED_EDGE('',*,*,#2836,.T.);
#3893=ORIENTED_EDGE('',*,*,#2798,.T.);
#3894=ORIENTED_EDGE('',*,*,#2837,.T.);
#3895=ORIENTED_EDGE('',*,*,#2838,.T.);
#3896=ORIENTED_EDGE('',*,*,#2839,.T.);
#3897=ORIENTED_EDGE('',*,*,#2840,.T.);
#3898=ORIENTED_EDGE('',*,*,#2797,.T.);
#3899=ORIENTED_EDGE('',*,*,#2807,.T.);
#3900=ORIENTED_EDGE('',*,*,#2835,.T.);
#3901=ORIENTED_EDGE('',*,*,#2841,.T.);
#3902=ORIENTED_EDGE('',*,*,#2842,.T.);
#3903=ORIENTED_EDGE('',*,*,#2811,.T.);
#3904=ORIENTED_EDGE('',*,*,#2843,.T.);
#3905=ORIENTED_EDGE('',*,*,#2810,.T.);
#3906=ORIENTED_EDGE('',*,*,#2844,.T.);
#3907=ORIENTED_EDGE('',*,*,#2845,.T.);
#3908=ORIENTED_EDGE('',*,*,#2843,.F.);
#3909=ORIENTED_EDGE('',*,*,#2809,.T.);
#3910=ORIENTED_EDGE('',*,*,#2819,.T.);
#3911=ORIENTED_EDGE('',*,*,#2846,.T.);
#3912=ORIENTED_EDGE('',*,*,#2847,.T.);
#3913=ORIENTED_EDGE('',*,*,#2844,.F.);
#3914=ORIENTED_EDGE('',*,*,#2848,.T.);
#3915=ORIENTED_EDGE('',*,*,#2849,.T.);
#3916=ORIENTED_EDGE('',*,*,#2850,.T.);
#3917=ORIENTED_EDGE('',*,*,#2851,.T.);
#3918=ORIENTED_EDGE('',*,*,#2848,.F.);
#3919=ORIENTED_EDGE('',*,*,#2852,.T.);
#3920=ORIENTED_EDGE('',*,*,#2853,.T.);
#3921=ORIENTED_EDGE('',*,*,#2854,.T.);
#3922=ORIENTED_EDGE('',*,*,#2855,.T.);
#3923=ORIENTED_EDGE('',*,*,#2853,.F.);
#3924=ORIENTED_EDGE('',*,*,#2856,.T.);
#3925=ORIENTED_EDGE('',*,*,#2857,.T.);
#3926=ORIENTED_EDGE('',*,*,#2817,.T.);
#3927=ORIENTED_EDGE('',*,*,#2818,.F.);
#3928=ORIENTED_EDGE('',*,*,#2857,.F.);
#3929=ORIENTED_EDGE('',*,*,#2858,.T.);
#3930=ORIENTED_EDGE('',*,*,#2846,.F.);
#3931=ORIENTED_EDGE('',*,*,#2842,.F.);
#3932=ORIENTED_EDGE('',*,*,#2859,.T.);
#3933=ORIENTED_EDGE('',*,*,#2860,.T.);
#3934=ORIENTED_EDGE('',*,*,#2812,.T.);
#3935=ORIENTED_EDGE('',*,*,#2861,.T.);
#3936=ORIENTED_EDGE('',*,*,#2813,.T.);
#3937=ORIENTED_EDGE('',*,*,#2860,.F.);
#3938=ORIENTED_EDGE('',*,*,#2862,.T.);
#3939=ORIENTED_EDGE('',*,*,#2861,.F.);
#3940=ORIENTED_EDGE('',*,*,#2863,.T.);
#3941=ORIENTED_EDGE('',*,*,#2864,.T.);
#3942=ORIENTED_EDGE('',*,*,#2814,.T.);
#3943=ORIENTED_EDGE('',*,*,#2815,.T.);
#3944=ORIENTED_EDGE('',*,*,#2864,.F.);
#3945=ORIENTED_EDGE('',*,*,#2865,.T.);
#3946=ORIENTED_EDGE('',*,*,#2866,.T.);
#3947=ORIENTED_EDGE('',*,*,#2804,.T.);
#3948=ORIENTED_EDGE('',*,*,#2833,.T.);
#3949=ORIENTED_EDGE('',*,*,#2805,.T.);
#3950=ORIENTED_EDGE('',*,*,#2866,.F.);
#3951=ORIENTED_EDGE('',*,*,#2867,.T.);
#3952=ORIENTED_EDGE('',*,*,#2868,.T.);
#3953=ORIENTED_EDGE('',*,*,#2869,.T.);
#3954=ORIENTED_EDGE('',*,*,#2870,.T.);
#3955=ORIENTED_EDGE('',*,*,#2871,.T.);
#3956=ORIENTED_EDGE('',*,*,#2872,.T.);
#3957=ORIENTED_EDGE('',*,*,#2873,.T.);
#3958=ORIENTED_EDGE('',*,*,#2799,.T.);
#3959=ORIENTED_EDGE('',*,*,#2874,.T.);
#3960=ORIENTED_EDGE('',*,*,#2875,.T.);
#3961=ORIENTED_EDGE('',*,*,#2873,.F.);
#3962=ORIENTED_EDGE('',*,*,#2876,.T.);
#3963=ORIENTED_EDGE('',*,*,#2877,.T.);
#3964=ORIENTED_EDGE('',*,*,#2800,.T.);
#3965=ORIENTED_EDGE('',*,*,#2801,.T.);
#3966=ORIENTED_EDGE('',*,*,#2877,.F.);
#3967=ORIENTED_EDGE('',*,*,#2878,.T.);
#3968=ORIENTED_EDGE('',*,*,#2879,.T.);
#3969=ORIENTED_EDGE('',*,*,#2880,.T.);
#3970=ORIENTED_EDGE('',*,*,#2881,.T.);
#3971=ORIENTED_EDGE('',*,*,#2882,.T.);
#3972=ORIENTED_EDGE('',*,*,#2883,.T.);
#3973=ORIENTED_EDGE('',*,*,#2884,.T.);
#3974=ORIENTED_EDGE('',*,*,#2831,.T.);
#3975=ORIENTED_EDGE('',*,*,#2885,.T.);
#3976=ORIENTED_EDGE('',*,*,#2886,.T.);
#3977=ORIENTED_EDGE('',*,*,#2887,.T.);
#3978=ORIENTED_EDGE('',*,*,#2888,.T.);
#3979=ORIENTED_EDGE('',*,*,#2886,.F.);
#3980=ORIENTED_EDGE('',*,*,#2889,.T.);
#3981=ORIENTED_EDGE('',*,*,#2890,.T.);
#3982=ORIENTED_EDGE('',*,*,#2891,.T.);
#3983=ORIENTED_EDGE('',*,*,#2892,.T.);
#3984=ORIENTED_EDGE('',*,*,#2893,.T.);
#3985=ORIENTED_EDGE('',*,*,#2890,.F.);
#3986=ORIENTED_EDGE('',*,*,#2894,.T.);
#3987=ORIENTED_EDGE('',*,*,#2892,.F.);
#3988=ORIENTED_EDGE('',*,*,#2895,.T.);
#3989=ORIENTED_EDGE('',*,*,#2896,.T.);
#3990=ORIENTED_EDGE('',*,*,#2897,.T.);
#3991=ORIENTED_EDGE('',*,*,#2898,.T.);
#3992=ORIENTED_EDGE('',*,*,#2896,.F.);
#3993=ORIENTED_EDGE('',*,*,#2899,.T.);
#3994=ORIENTED_EDGE('',*,*,#2900,.T.);
#3995=ORIENTED_EDGE('',*,*,#2901,.T.);
#3996=ORIENTED_EDGE('',*,*,#2829,.T.);
#3997=ORIENTED_EDGE('',*,*,#2902,.T.);
#3998=ORIENTED_EDGE('',*,*,#2900,.F.);
#3999=ORIENTED_EDGE('',*,*,#2903,.T.);
#4000=ORIENTED_EDGE('',*,*,#2904,.T.);
#4001=ORIENTED_EDGE('',*,*,#2888,.F.);
#4002=ORIENTED_EDGE('',*,*,#2905,.T.);
#4003=ORIENTED_EDGE('',*,*,#2906,.T.);
#4004=ORIENTED_EDGE('',*,*,#2907,.T.);
#4005=ORIENTED_EDGE('',*,*,#2906,.F.);
#4006=ORIENTED_EDGE('',*,*,#2908,.T.);
#4007=ORIENTED_EDGE('',*,*,#2909,.T.);
#4008=ORIENTED_EDGE('',*,*,#2910,.T.);
#4009=ORIENTED_EDGE('',*,*,#2911,.T.);
#4010=ORIENTED_EDGE('',*,*,#2910,.F.);
#4011=ORIENTED_EDGE('',*,*,#2912,.T.);
#4012=ORIENTED_EDGE('',*,*,#2879,.F.);
#4013=ORIENTED_EDGE('',*,*,#2882,.F.);
#4014=ORIENTED_EDGE('',*,*,#2913,.T.);
#4015=ORIENTED_EDGE('',*,*,#2870,.F.);
#4016=ORIENTED_EDGE('',*,*,#2868,.F.);
#4017=ORIENTED_EDGE('',*,*,#2914,.T.);
#4018=ORIENTED_EDGE('',*,*,#2850,.F.);
#4019=ORIENTED_EDGE('',*,*,#2840,.F.);
#4020=ORIENTED_EDGE('',*,*,#2915,.T.);
#4021=ORIENTED_EDGE('',*,*,#2837,.F.);
#4022=ORIENTED_EDGE('',*,*,#2836,.F.);
#4023=ORIENTED_EDGE('',*,*,#2916,.T.);
#4024=ORIENTED_EDGE('',*,*,#2874,.F.);
#4025=ORIENTED_EDGE('',*,*,#2845,.F.);
#4026=ORIENTED_EDGE('',*,*,#2917,.F.);
#4027=ORIENTED_EDGE('',*,*,#2918,.F.);
#4028=ORIENTED_EDGE('',*,*,#2919,.F.);
#4029=ORIENTED_EDGE('',*,*,#2920,.T.);
#4030=ORIENTED_EDGE('',*,*,#2847,.F.);
#4031=ORIENTED_EDGE('',*,*,#2858,.F.);
#4032=ORIENTED_EDGE('',*,*,#2856,.F.);
#4033=ORIENTED_EDGE('',*,*,#2921,.F.);
#4034=ORIENTED_EDGE('',*,*,#2690,.F.);
#4035=ORIENTED_EDGE('',*,*,#2674,.F.);
#4036=ORIENTED_EDGE('',*,*,#2922,.F.);
#4037=ORIENTED_EDGE('',*,*,#2923,.F.);
#4038=ORIENTED_EDGE('',*,*,#2924,.F.);
#4039=ORIENTED_EDGE('',*,*,#2925,.F.);
#4040=ORIENTED_EDGE('',*,*,#2917,.T.);
#4041=ORIENTED_EDGE('',*,*,#2852,.F.);
#4042=ORIENTED_EDGE('',*,*,#2926,.T.);
#4043=ORIENTED_EDGE('',*,*,#2691,.F.);
#4044=ORIENTED_EDGE('',*,*,#2921,.T.);
#4045=ORIENTED_EDGE('',*,*,#2851,.F.);
#4046=ORIENTED_EDGE('',*,*,#2927,.F.);
#4047=ORIENTED_EDGE('',*,*,#2692,.F.);
#4048=ORIENTED_EDGE('',*,*,#2926,.F.);
#4049=ORIENTED_EDGE('',*,*,#2914,.F.);
#4050=ORIENTED_EDGE('',*,*,#2928,.T.);
#4051=ORIENTED_EDGE('',*,*,#2693,.T.);
#4052=ORIENTED_EDGE('',*,*,#2927,.T.);
#4053=ORIENTED_EDGE('',*,*,#2929,.F.);
#4054=ORIENTED_EDGE('',*,*,#2930,.T.);
#4055=ORIENTED_EDGE('',*,*,#2871,.F.);
#4056=ORIENTED_EDGE('',*,*,#2931,.F.);
#4057=ORIENTED_EDGE('',*,*,#2717,.T.);
#4058=ORIENTED_EDGE('',*,*,#2932,.F.);
#4059=ORIENTED_EDGE('',*,*,#2838,.F.);
#4060=ORIENTED_EDGE('',*,*,#2933,.F.);
#4061=ORIENTED_EDGE('',*,*,#2694,.T.);
#4062=ORIENTED_EDGE('',*,*,#2928,.F.);
#4063=ORIENTED_EDGE('',*,*,#2872,.F.);
#4064=ORIENTED_EDGE('',*,*,#2930,.F.);
#4065=ORIENTED_EDGE('',*,*,#2913,.F.);
#4066=ORIENTED_EDGE('',*,*,#2934,.T.);
#4067=ORIENTED_EDGE('',*,*,#2718,.T.);
#4068=ORIENTED_EDGE('',*,*,#2931,.T.);
#4069=ORIENTED_EDGE('',*,*,#2881,.F.);
#4070=ORIENTED_EDGE('',*,*,#2830,.F.);
#4071=ORIENTED_EDGE('',*,*,#2903,.F.);
#4072=ORIENTED_EDGE('',*,*,#2899,.F.);
#4073=ORIENTED_EDGE('',*,*,#2935,.F.);
#4074=ORIENTED_EDGE('',*,*,#2936,.T.);
#4075=ORIENTED_EDGE('',*,*,#2937,.F.);
#4076=ORIENTED_EDGE('',*,*,#2938,.F.);
#4077=ORIENTED_EDGE('',*,*,#2939,.F.);
#4078=ORIENTED_EDGE('',*,*,#2710,.F.);
#4079=ORIENTED_EDGE('',*,*,#2719,.F.);
#4080=ORIENTED_EDGE('',*,*,#2934,.F.);
#4081=ORIENTED_EDGE('',*,*,#2895,.F.);
#4082=ORIENTED_EDGE('',*,*,#2940,.T.);
#4083=ORIENTED_EDGE('',*,*,#2941,.T.);
#4084=ORIENTED_EDGE('',*,*,#2935,.T.);
#4085=ORIENTED_EDGE('',*,*,#2894,.F.);
#4086=ORIENTED_EDGE('',*,*,#2942,.F.);
#4087=ORIENTED_EDGE('',*,*,#2943,.F.);
#4088=ORIENTED_EDGE('',*,*,#2940,.F.);
#4089=ORIENTED_EDGE('',*,*,#2889,.F.);
#4090=ORIENTED_EDGE('',*,*,#2944,.T.);
#4091=ORIENTED_EDGE('',*,*,#2945,.T.);
#4092=ORIENTED_EDGE('',*,*,#2942,.T.);
#4093=ORIENTED_EDGE('',*,*,#2885,.F.);
#4094=ORIENTED_EDGE('',*,*,#2946,.F.);
#4095=ORIENTED_EDGE('',*,*,#2947,.F.);
#4096=ORIENTED_EDGE('',*,*,#2944,.F.);
#4097=ORIENTED_EDGE('',*,*,#2754,.F.);
#4098=ORIENTED_EDGE('',*,*,#2747,.F.);
#4099=ORIENTED_EDGE('',*,*,#2802,.F.);
#4100=ORIENTED_EDGE('',*,*,#2880,.F.);
#4101=ORIENTED_EDGE('',*,*,#2912,.F.);
#4102=ORIENTED_EDGE('',*,*,#2909,.F.);
#4103=ORIENTED_EDGE('',*,*,#2948,.T.);
#4104=ORIENTED_EDGE('',*,*,#2753,.F.);
#4105=ORIENTED_EDGE('',*,*,#2604,.F.);
#4106=ORIENTED_EDGE('',*,*,#2949,.F.);
#4107=ORIENTED_EDGE('',*,*,#2950,.F.);
#4108=ORIENTED_EDGE('',*,*,#2657,.T.);
#4109=ORIENTED_EDGE('',*,*,#2639,.F.);
#4110=ORIENTED_EDGE('',*,*,#2656,.F.);
#4111=ORIENTED_EDGE('',*,*,#2581,.F.);
#4112=ORIENTED_EDGE('',*,*,#2606,.F.);
#4113=ORIENTED_EDGE('',*,*,#2611,.F.);
#4114=ORIENTED_EDGE('',*,*,#2951,.T.);
#4115=ORIENTED_EDGE('',*,*,#2949,.T.);
#4116=ORIENTED_EDGE('',*,*,#2544,.F.);
#4117=ORIENTED_EDGE('',*,*,#2952,.F.);
#4118=ORIENTED_EDGE('',*,*,#2953,.F.);
#4119=ORIENTED_EDGE('',*,*,#2660,.T.);
#4120=ORIENTED_EDGE('',*,*,#2642,.F.);
#4121=ORIENTED_EDGE('',*,*,#2659,.F.);
#4122=ORIENTED_EDGE('',*,*,#2577,.F.);
#4123=ORIENTED_EDGE('',*,*,#2499,.T.);
#4124=ORIENTED_EDGE('',*,*,#2548,.F.);
#4125=ORIENTED_EDGE('',*,*,#2616,.F.);
#4126=ORIENTED_EDGE('',*,*,#2954,.F.);
#4127=ORIENTED_EDGE('',*,*,#2952,.T.);
#4128=ORIENTED_EDGE('',*,*,#2543,.F.);
#4129=ORIENTED_EDGE('',*,*,#2523,.T.);
#4130=ORIENTED_EDGE('',*,*,#2540,.T.);
#4131=ORIENTED_EDGE('',*,*,#2617,.F.);
#4132=ORIENTED_EDGE('',*,*,#2955,.F.);
#4133=ORIENTED_EDGE('',*,*,#2956,.F.);
#4134=ORIENTED_EDGE('',*,*,#2663,.T.);
#4135=ORIENTED_EDGE('',*,*,#2645,.F.);
#4136=ORIENTED_EDGE('',*,*,#2662,.F.);
#4137=ORIENTED_EDGE('',*,*,#2588,.F.);
#4138=ORIENTED_EDGE('',*,*,#2619,.F.);
#4139=ORIENTED_EDGE('',*,*,#2624,.F.);
#4140=ORIENTED_EDGE('',*,*,#2957,.T.);
#4141=ORIENTED_EDGE('',*,*,#2955,.T.);
#4142=ORIENTED_EDGE('',*,*,#2561,.F.);
#4143=ORIENTED_EDGE('',*,*,#2958,.F.);
#4144=ORIENTED_EDGE('',*,*,#2959,.F.);
#4145=ORIENTED_EDGE('',*,*,#2666,.T.);
#4146=ORIENTED_EDGE('',*,*,#2648,.F.);
#4147=ORIENTED_EDGE('',*,*,#2665,.F.);
#4148=ORIENTED_EDGE('',*,*,#2584,.F.);
#4149=ORIENTED_EDGE('',*,*,#2516,.T.);
#4150=ORIENTED_EDGE('',*,*,#2565,.F.);
#4151=ORIENTED_EDGE('',*,*,#2629,.F.);
#4152=ORIENTED_EDGE('',*,*,#2960,.F.);
#4153=ORIENTED_EDGE('',*,*,#2958,.T.);
#4154=ORIENTED_EDGE('',*,*,#2560,.F.);
#4155=ORIENTED_EDGE('',*,*,#2529,.T.);
#4156=ORIENTED_EDGE('',*,*,#2542,.T.);
#4157=ORIENTED_EDGE('',*,*,#2630,.F.);
#4158=ORIENTED_EDGE('',*,*,#2961,.F.);
#4159=ORIENTED_EDGE('',*,*,#2962,.F.);
#4160=ORIENTED_EDGE('',*,*,#2669,.T.);
#4161=ORIENTED_EDGE('',*,*,#2651,.F.);
#4162=ORIENTED_EDGE('',*,*,#2668,.F.);
#4163=ORIENTED_EDGE('',*,*,#2574,.F.);
#4164=ORIENTED_EDGE('',*,*,#2632,.F.);
#4165=ORIENTED_EDGE('',*,*,#2637,.F.);
#4166=ORIENTED_EDGE('',*,*,#2963,.T.);
#4167=ORIENTED_EDGE('',*,*,#2961,.T.);
#4168=ORIENTED_EDGE('',*,*,#2556,.F.);
#4169=ORIENTED_EDGE('',*,*,#2552,.F.);
#4170=ORIENTED_EDGE('',*,*,#2964,.F.);
#4171=ORIENTED_EDGE('',*,*,#2672,.T.);
#4172=ORIENTED_EDGE('',*,*,#2654,.F.);
#4173=ORIENTED_EDGE('',*,*,#2671,.F.);
#4174=ORIENTED_EDGE('',*,*,#2570,.F.);
#4175=ORIENTED_EDGE('',*,*,#2859,.F.);
#4176=ORIENTED_EDGE('',*,*,#2965,.T.);
#4177=ORIENTED_EDGE('',*,*,#2966,.T.);
#4178=ORIENTED_EDGE('',*,*,#2967,.T.);
#4179=ORIENTED_EDGE('',*,*,#2841,.F.);
#4180=ORIENTED_EDGE('',*,*,#2920,.F.);
#4181=ORIENTED_EDGE('',*,*,#2968,.F.);
#4182=ORIENTED_EDGE('',*,*,#2965,.F.);
#4183=ORIENTED_EDGE('',*,*,#2749,.F.);
#4184=ORIENTED_EDGE('',*,*,#2948,.F.);
#4185=ORIENTED_EDGE('',*,*,#2908,.F.);
#4186=ORIENTED_EDGE('',*,*,#2905,.F.);
#4187=ORIENTED_EDGE('',*,*,#2887,.F.);
#4188=ORIENTED_EDGE('',*,*,#2891,.F.);
#4189=ORIENTED_EDGE('',*,*,#2893,.F.);
#4190=ORIENTED_EDGE('',*,*,#2897,.F.);
#4191=ORIENTED_EDGE('',*,*,#2898,.F.);
#4192=ORIENTED_EDGE('',*,*,#2969,.T.);
#4193=ORIENTED_EDGE('',*,*,#2778,.F.);
#4194=ORIENTED_EDGE('',*,*,#2863,.F.);
#4195=ORIENTED_EDGE('',*,*,#2970,.T.);
#4196=ORIENTED_EDGE('',*,*,#2971,.T.);
#4197=ORIENTED_EDGE('',*,*,#2972,.T.);
#4198=ORIENTED_EDGE('',*,*,#2865,.F.);
#4199=ORIENTED_EDGE('',*,*,#2972,.F.);
#4200=ORIENTED_EDGE('',*,*,#2973,.T.);
#4201=ORIENTED_EDGE('',*,*,#2974,.T.);
#4202=ORIENTED_EDGE('',*,*,#2975,.F.);
#4203=ORIENTED_EDGE('',*,*,#2976,.F.);
#4204=ORIENTED_EDGE('',*,*,#2977,.F.);
#4205=ORIENTED_EDGE('',*,*,#2687,.F.);
#4206=ORIENTED_EDGE('',*,*,#2696,.F.);
#4207=ORIENTED_EDGE('',*,*,#2978,.F.);
#4208=ORIENTED_EDGE('',*,*,#2839,.F.);
#4209=ORIENTED_EDGE('',*,*,#2834,.F.);
#4210=ORIENTED_EDGE('',*,*,#2867,.F.);
#4211=ORIENTED_EDGE('',*,*,#2700,.F.);
#4212=ORIENTED_EDGE('',*,*,#2979,.T.);
#4213=ORIENTED_EDGE('',*,*,#2980,.T.);
#4214=ORIENTED_EDGE('',*,*,#2981,.T.);
#4215=ORIENTED_EDGE('',*,*,#2703,.F.);
#4216=ORIENTED_EDGE('',*,*,#2982,.F.);
#4217=ORIENTED_EDGE('',*,*,#2983,.F.);
#4218=ORIENTED_EDGE('',*,*,#2979,.F.);
#4219=ORIENTED_EDGE('',*,*,#2711,.F.);
#4220=ORIENTED_EDGE('',*,*,#2939,.T.);
#4221=ORIENTED_EDGE('',*,*,#2984,.T.);
#4222=ORIENTED_EDGE('',*,*,#2985,.T.);
#4223=ORIENTED_EDGE('',*,*,#2677,.F.);
#4224=ORIENTED_EDGE('',*,*,#2986,.T.);
#4225=ORIENTED_EDGE('',*,*,#2987,.T.);
#4226=ORIENTED_EDGE('',*,*,#2922,.T.);
#4227=ORIENTED_EDGE('',*,*,#2680,.F.);
#4228=ORIENTED_EDGE('',*,*,#2988,.F.);
#4229=ORIENTED_EDGE('',*,*,#2989,.F.);
#4230=ORIENTED_EDGE('',*,*,#2986,.F.);
#4231=ORIENTED_EDGE('',*,*,#2688,.F.);
#4232=ORIENTED_EDGE('',*,*,#2977,.T.);
#4233=ORIENTED_EDGE('',*,*,#2990,.T.);
#4234=ORIENTED_EDGE('',*,*,#2991,.T.);
#4235=ORIENTED_EDGE('',*,*,#2992,.T.);
#4236=ORIENTED_EDGE('',*,*,#2993,.T.);
#4237=ORIENTED_EDGE('',*,*,#2994,.T.);
#4238=ORIENTED_EDGE('',*,*,#2995,.T.);
#4239=ORIENTED_EDGE('',*,*,#2996,.T.);
#4240=ORIENTED_EDGE('',*,*,#2997,.T.);
#4241=ORIENTED_EDGE('',*,*,#2937,.T.);
#4242=ORIENTED_EDGE('',*,*,#2998,.F.);
#4243=ORIENTED_EDGE('',*,*,#2995,.F.);
#4244=ORIENTED_EDGE('',*,*,#2945,.F.);
#4245=ORIENTED_EDGE('',*,*,#2947,.T.);
#4246=ORIENTED_EDGE('',*,*,#2999,.T.);
#4247=ORIENTED_EDGE('',*,*,#2992,.F.);
#4248=ORIENTED_EDGE('',*,*,#2998,.T.);
#4249=ORIENTED_EDGE('',*,*,#2936,.F.);
#4250=ORIENTED_EDGE('',*,*,#2941,.F.);
#4251=ORIENTED_EDGE('',*,*,#2943,.T.);
#4252=ORIENTED_EDGE('',*,*,#3000,.T.);
#4253=ORIENTED_EDGE('',*,*,#2918,.T.);
#4254=ORIENTED_EDGE('',*,*,#2925,.T.);
#4255=ORIENTED_EDGE('',*,*,#3001,.T.);
#4256=ORIENTED_EDGE('',*,*,#2974,.F.);
#4257=ORIENTED_EDGE('',*,*,#2924,.T.);
#4258=ORIENTED_EDGE('',*,*,#3002,.T.);
#4259=ORIENTED_EDGE('',*,*,#2975,.T.);
#4260=ORIENTED_EDGE('',*,*,#3001,.F.);
#4261=ORIENTED_EDGE('',*,*,#2966,.F.);
#4262=ORIENTED_EDGE('',*,*,#2968,.T.);
#4263=ORIENTED_EDGE('',*,*,#2919,.T.);
#4264=ORIENTED_EDGE('',*,*,#3000,.F.);
#4265=ORIENTED_EDGE('',*,*,#2973,.F.);
#4266=ORIENTED_EDGE('',*,*,#2971,.F.);
#4267=ORIENTED_EDGE('',*,*,#3003,.T.);
#4268=ORIENTED_EDGE('',*,*,#2876,.F.);
#4269=ORIENTED_EDGE('',*,*,#3004,.T.);
#4270=ORIENTED_EDGE('',*,*,#2714,.F.);
#4271=ORIENTED_EDGE('',*,*,#3005,.T.);
#4272=ORIENTED_EDGE('',*,*,#2878,.F.);
#4273=ORIENTED_EDGE('',*,*,#3005,.F.);
#4274=ORIENTED_EDGE('',*,*,#2713,.F.);
#4275=ORIENTED_EDGE('',*,*,#2697,.F.);
#4276=ORIENTED_EDGE('',*,*,#2981,.F.);
#4277=ORIENTED_EDGE('',*,*,#3006,.F.);
#4278=ORIENTED_EDGE('',*,*,#2996,.F.);
#4279=ORIENTED_EDGE('',*,*,#2994,.F.);
#4280=ORIENTED_EDGE('',*,*,#3007,.T.);
#4281=ORIENTED_EDGE('',*,*,#2907,.F.);
#4282=ORIENTED_EDGE('',*,*,#2911,.F.);
#4283=ORIENTED_EDGE('',*,*,#2730,.F.);
#4284=ORIENTED_EDGE('',*,*,#3008,.T.);
#4285=ORIENTED_EDGE('',*,*,#2391,.F.);
#4286=ORIENTED_EDGE('',*,*,#3009,.T.);
#4287=ORIENTED_EDGE('',*,*,#2734,.F.);
#4288=ORIENTED_EDGE('',*,*,#3009,.F.);
#4289=ORIENTED_EDGE('',*,*,#2390,.F.);
#4290=ORIENTED_EDGE('',*,*,#3010,.F.);
#4291=ORIENTED_EDGE('',*,*,#2740,.F.);
#4292=ORIENTED_EDGE('',*,*,#2738,.F.);
#4293=ORIENTED_EDGE('',*,*,#2724,.F.);
#4294=ORIENTED_EDGE('',*,*,#3011,.T.);
#4295=ORIENTED_EDGE('',*,*,#2393,.F.);
#4296=ORIENTED_EDGE('',*,*,#3012,.T.);
#4297=ORIENTED_EDGE('',*,*,#2723,.F.);
#4298=ORIENTED_EDGE('',*,*,#3013,.F.);
#4299=ORIENTED_EDGE('',*,*,#2394,.F.);
#4300=ORIENTED_EDGE('',*,*,#3011,.F.);
#4301=ORIENTED_EDGE('',*,*,#2705,.F.);
#4302=ORIENTED_EDGE('',*,*,#3014,.T.);
#4303=ORIENTED_EDGE('',*,*,#3015,.T.);
#4304=ORIENTED_EDGE('',*,*,#2982,.T.);
#4305=ORIENTED_EDGE('',*,*,#2709,.F.);
#4306=ORIENTED_EDGE('',*,*,#2985,.F.);
#4307=ORIENTED_EDGE('',*,*,#3016,.F.);
#4308=ORIENTED_EDGE('',*,*,#3014,.F.);
#4309=ORIENTED_EDGE('',*,*,#2682,.F.);
#4310=ORIENTED_EDGE('',*,*,#3017,.T.);
#4311=ORIENTED_EDGE('',*,*,#3018,.T.);
#4312=ORIENTED_EDGE('',*,*,#2988,.T.);
#4313=ORIENTED_EDGE('',*,*,#2686,.F.);
#4314=ORIENTED_EDGE('',*,*,#2991,.F.);
#4315=ORIENTED_EDGE('',*,*,#3019,.F.);
#4316=ORIENTED_EDGE('',*,*,#3017,.F.);
#4317=ORIENTED_EDGE('',*,*,#2795,.F.);
#4318=ORIENTED_EDGE('',*,*,#3010,.T.);
#4319=ORIENTED_EDGE('',*,*,#2389,.T.);
#4320=ORIENTED_EDGE('',*,*,#2449,.T.);
#4321=ORIENTED_EDGE('',*,*,#3020,.T.);
#4322=ORIENTED_EDGE('',*,*,#2783,.F.);
#4323=ORIENTED_EDGE('',*,*,#3020,.F.);
#4324=ORIENTED_EDGE('',*,*,#2448,.F.);
#4325=ORIENTED_EDGE('',*,*,#2444,.F.);
#4326=ORIENTED_EDGE('',*,*,#2384,.F.);
#4327=ORIENTED_EDGE('',*,*,#2378,.T.);
#4328=ORIENTED_EDGE('',*,*,#2412,.F.);
#4329=ORIENTED_EDGE('',*,*,#2455,.T.);
#4330=ORIENTED_EDGE('',*,*,#2463,.T.);
#4331=ORIENTED_EDGE('',*,*,#2828,.F.);
#4332=ORIENTED_EDGE('',*,*,#2786,.F.);
#4333=ORIENTED_EDGE('',*,*,#2791,.F.);
#4334=ORIENTED_EDGE('',*,*,#2794,.F.);
#4335=ORIENTED_EDGE('',*,*,#2821,.T.);
#4336=ORIENTED_EDGE('',*,*,#2478,.F.);
#4337=ORIENTED_EDGE('',*,*,#2395,.T.);
#4338=ORIENTED_EDGE('',*,*,#3013,.T.);
#4339=ORIENTED_EDGE('',*,*,#2916,.F.);
#4340=ORIENTED_EDGE('',*,*,#2932,.T.);
#4341=ORIENTED_EDGE('',*,*,#2716,.T.);
#4342=ORIENTED_EDGE('',*,*,#3021,.T.);
#4343=ORIENTED_EDGE('',*,*,#2915,.F.);
#4344=ORIENTED_EDGE('',*,*,#2978,.T.);
#4345=ORIENTED_EDGE('',*,*,#2695,.T.);
#4346=ORIENTED_EDGE('',*,*,#2933,.T.);
#4347=ORIENTED_EDGE('',*,*,#2769,.F.);
#4348=ORIENTED_EDGE('',*,*,#3022,.F.);
#4349=ORIENTED_EDGE('',*,*,#2883,.F.);
#4350=ORIENTED_EDGE('',*,*,#2869,.F.);
#4351=ORIENTED_EDGE('',*,*,#2849,.F.);
#4352=ORIENTED_EDGE('',*,*,#2854,.F.);
#4353=ORIENTED_EDGE('',*,*,#2855,.F.);
#4354=ORIENTED_EDGE('',*,*,#2816,.T.);
#4355=ORIENTED_EDGE('',*,*,#2788,.F.);
#4356=ORIENTED_EDGE('',*,*,#2757,.F.);
#4357=ORIENTED_EDGE('',*,*,#2762,.F.);
#4358=ORIENTED_EDGE('',*,*,#2764,.F.);
#4359=ORIENTED_EDGE('',*,*,#2768,.F.);
#4360=ORIENTED_EDGE('',*,*,#2779,.F.);
#4361=ORIENTED_EDGE('',*,*,#2969,.F.);
#4362=ORIENTED_EDGE('',*,*,#2901,.F.);
#4363=ORIENTED_EDGE('',*,*,#2902,.F.);
#4364=ORIENTED_EDGE('',*,*,#2832,.T.);
#4365=ORIENTED_EDGE('',*,*,#2884,.F.);
#4366=ORIENTED_EDGE('',*,*,#3022,.T.);
#4367=ORIENTED_EDGE('',*,*,#2772,.F.);
#4368=ORIENTED_EDGE('',*,*,#2775,.F.);
#4369=ORIENTED_EDGE('',*,*,#2904,.F.);
#4370=ORIENTED_EDGE('',*,*,#3007,.F.);
#4371=ORIENTED_EDGE('',*,*,#2993,.F.);
#4372=ORIENTED_EDGE('',*,*,#2999,.F.);
#4373=ORIENTED_EDGE('',*,*,#2946,.T.);
#4374=ORIENTED_EDGE('',*,*,#2862,.F.);
#4375=ORIENTED_EDGE('',*,*,#2967,.F.);
#4376=ORIENTED_EDGE('',*,*,#3003,.F.);
#4377=ORIENTED_EDGE('',*,*,#2970,.F.);
#4378=ORIENTED_EDGE('',*,*,#2729,.F.);
#4379=ORIENTED_EDGE('',*,*,#3012,.F.);
#4380=ORIENTED_EDGE('',*,*,#2392,.F.);
#4381=ORIENTED_EDGE('',*,*,#3008,.F.);
#4382=ORIENTED_EDGE('',*,*,#2875,.F.);
#4383=ORIENTED_EDGE('',*,*,#3021,.F.);
#4384=ORIENTED_EDGE('',*,*,#2715,.F.);
#4385=ORIENTED_EDGE('',*,*,#3004,.F.);
#4386=ORIENTED_EDGE('',*,*,#2929,.T.);
#4387=ORIENTED_EDGE('',*,*,#3006,.T.);
#4388=ORIENTED_EDGE('',*,*,#2980,.F.);
#4389=ORIENTED_EDGE('',*,*,#2983,.T.);
#4390=ORIENTED_EDGE('',*,*,#3015,.F.);
#4391=ORIENTED_EDGE('',*,*,#3016,.T.);
#4392=ORIENTED_EDGE('',*,*,#2984,.F.);
#4393=ORIENTED_EDGE('',*,*,#2938,.T.);
#4394=ORIENTED_EDGE('',*,*,#2997,.F.);
#4395=ORIENTED_EDGE('',*,*,#2923,.T.);
#4396=ORIENTED_EDGE('',*,*,#2987,.F.);
#4397=ORIENTED_EDGE('',*,*,#2989,.T.);
#4398=ORIENTED_EDGE('',*,*,#3018,.F.);
#4399=ORIENTED_EDGE('',*,*,#3019,.T.);
#4400=ORIENTED_EDGE('',*,*,#2990,.F.);
#4401=ORIENTED_EDGE('',*,*,#2976,.T.);
#4402=ORIENTED_EDGE('',*,*,#3002,.F.);
#4403=ORIENTED_EDGE('',*,*,#2603,.T.);
#4404=ORIENTED_EDGE('',*,*,#2658,.T.);
#4405=ORIENTED_EDGE('',*,*,#2950,.T.);
#4406=ORIENTED_EDGE('',*,*,#2951,.F.);
#4407=ORIENTED_EDGE('',*,*,#2610,.T.);
#4408=ORIENTED_EDGE('',*,*,#2661,.T.);
#4409=ORIENTED_EDGE('',*,*,#2953,.T.);
#4410=ORIENTED_EDGE('',*,*,#2954,.T.);
#4411=ORIENTED_EDGE('',*,*,#2615,.T.);
#4412=ORIENTED_EDGE('',*,*,#2664,.T.);
#4413=ORIENTED_EDGE('',*,*,#2956,.T.);
#4414=ORIENTED_EDGE('',*,*,#2957,.F.);
#4415=ORIENTED_EDGE('',*,*,#2623,.T.);
#4416=ORIENTED_EDGE('',*,*,#2667,.T.);
#4417=ORIENTED_EDGE('',*,*,#2959,.T.);
#4418=ORIENTED_EDGE('',*,*,#2960,.T.);
#4419=ORIENTED_EDGE('',*,*,#2628,.T.);
#4420=ORIENTED_EDGE('',*,*,#2670,.T.);
#4421=ORIENTED_EDGE('',*,*,#2962,.T.);
#4422=ORIENTED_EDGE('',*,*,#2963,.F.);
#4423=ORIENTED_EDGE('',*,*,#2636,.T.);
#4424=ORIENTED_EDGE('',*,*,#2673,.T.);
#4425=ORIENTED_EDGE('',*,*,#2964,.T.);
#4426=ORIENTED_EDGE('',*,*,#2551,.T.);
#4427=ORIENTED_EDGE('',*,*,#3023,.F.);
#4428=ORIENTED_EDGE('',*,*,#3024,.T.);
#4429=ORIENTED_EDGE('',*,*,#3025,.T.);
#4430=ORIENTED_EDGE('',*,*,#3024,.F.);
#4431=ORIENTED_EDGE('',*,*,#3025,.F.);
#4432=ORIENTED_EDGE('',*,*,#3026,.F.);
#4433=ORIENTED_EDGE('',*,*,#3027,.T.);
#4434=ORIENTED_EDGE('',*,*,#3028,.T.);
#4435=ORIENTED_EDGE('',*,*,#3027,.F.);
#4436=ORIENTED_EDGE('',*,*,#3028,.F.);
#4437=ORIENTED_EDGE('',*,*,#3029,.F.);
#4438=ORIENTED_EDGE('',*,*,#3030,.T.);
#4439=ORIENTED_EDGE('',*,*,#3031,.T.);
#4440=ORIENTED_EDGE('',*,*,#3030,.F.);
#4441=ORIENTED_EDGE('',*,*,#3031,.F.);
#4442=ORIENTED_EDGE('',*,*,#3032,.T.);
#4443=ORIENTED_EDGE('',*,*,#3023,.T.);
#4444=ORIENTED_EDGE('',*,*,#3033,.T.);
#4445=ORIENTED_EDGE('',*,*,#3029,.T.);
#4446=ORIENTED_EDGE('',*,*,#3034,.T.);
#4447=ORIENTED_EDGE('',*,*,#3026,.T.);
#4448=ORIENTED_EDGE('',*,*,#3033,.F.);
#4449=ORIENTED_EDGE('',*,*,#3035,.T.);
#4450=ORIENTED_EDGE('',*,*,#3036,.F.);
#4451=ORIENTED_EDGE('',*,*,#3037,.T.);
#4452=ORIENTED_EDGE('',*,*,#3038,.F.);
#4453=ORIENTED_EDGE('',*,*,#3039,.F.);
#4454=ORIENTED_EDGE('',*,*,#3040,.F.);
#4455=ORIENTED_EDGE('',*,*,#3035,.F.);
#4456=ORIENTED_EDGE('',*,*,#3038,.T.);
#4457=ORIENTED_EDGE('',*,*,#3041,.T.);
#4458=ORIENTED_EDGE('',*,*,#3042,.T.);
#4459=ORIENTED_EDGE('',*,*,#3043,.T.);
#4460=ORIENTED_EDGE('',*,*,#3044,.T.);
#4461=ORIENTED_EDGE('',*,*,#3036,.T.);
#4462=ORIENTED_EDGE('',*,*,#3040,.T.);
#4463=ORIENTED_EDGE('',*,*,#3045,.T.);
#4464=ORIENTED_EDGE('',*,*,#3046,.F.);
#4465=ORIENTED_EDGE('',*,*,#3047,.T.);
#4466=ORIENTED_EDGE('',*,*,#3048,.T.);
#4467=ORIENTED_EDGE('',*,*,#3049,.T.);
#4468=ORIENTED_EDGE('',*,*,#3050,.T.);
#4469=ORIENTED_EDGE('',*,*,#3051,.F.);
#4470=ORIENTED_EDGE('',*,*,#3052,.T.);
#4471=ORIENTED_EDGE('',*,*,#3053,.T.);
#4472=ORIENTED_EDGE('',*,*,#3054,.T.);
#4473=ORIENTED_EDGE('',*,*,#3055,.T.);
#4474=ORIENTED_EDGE('',*,*,#3056,.F.);
#4475=ORIENTED_EDGE('',*,*,#3032,.F.);
#4476=ORIENTED_EDGE('',*,*,#3057,.T.);
#4477=ORIENTED_EDGE('',*,*,#3048,.F.);
#4478=ORIENTED_EDGE('',*,*,#3058,.T.);
#4479=ORIENTED_EDGE('',*,*,#3059,.F.);
#4480=ORIENTED_EDGE('',*,*,#3060,.F.);
#4481=ORIENTED_EDGE('',*,*,#3049,.F.);
#4482=ORIENTED_EDGE('',*,*,#3057,.F.);
#4483=ORIENTED_EDGE('',*,*,#3059,.T.);
#4484=ORIENTED_EDGE('',*,*,#3061,.T.);
#4485=ORIENTED_EDGE('',*,*,#3062,.T.);
#4486=ORIENTED_EDGE('',*,*,#3063,.T.);
#4487=ORIENTED_EDGE('',*,*,#3034,.F.);
#4488=ORIENTED_EDGE('',*,*,#3064,.T.);
#4489=ORIENTED_EDGE('',*,*,#3053,.F.);
#4490=ORIENTED_EDGE('',*,*,#3065,.T.);
#4491=ORIENTED_EDGE('',*,*,#3066,.F.);
#4492=ORIENTED_EDGE('',*,*,#3067,.F.);
#4493=ORIENTED_EDGE('',*,*,#3054,.F.);
#4494=ORIENTED_EDGE('',*,*,#3064,.F.);
#4495=ORIENTED_EDGE('',*,*,#3066,.T.);
#4496=ORIENTED_EDGE('',*,*,#3068,.T.);
#4497=ORIENTED_EDGE('',*,*,#3069,.T.);
#4498=ORIENTED_EDGE('',*,*,#3070,.T.);
#4499=ORIENTED_EDGE('',*,*,#3071,.T.);
#4500=ORIENTED_EDGE('',*,*,#3072,.F.);
#4501=ORIENTED_EDGE('',*,*,#3073,.F.);
#4502=ORIENTED_EDGE('',*,*,#3061,.F.);
#4503=ORIENTED_EDGE('',*,*,#3058,.F.);
#4504=ORIENTED_EDGE('',*,*,#3047,.F.);
#4505=ORIENTED_EDGE('',*,*,#3073,.T.);
#4506=ORIENTED_EDGE('',*,*,#3074,.F.);
#4507=ORIENTED_EDGE('',*,*,#3075,.F.);
#4508=ORIENTED_EDGE('',*,*,#3062,.F.);
#4509=ORIENTED_EDGE('',*,*,#3075,.T.);
#4510=ORIENTED_EDGE('',*,*,#3076,.F.);
#4511=ORIENTED_EDGE('',*,*,#3077,.F.);
#4512=ORIENTED_EDGE('',*,*,#3050,.F.);
#4513=ORIENTED_EDGE('',*,*,#3060,.T.);
#4514=ORIENTED_EDGE('',*,*,#3063,.F.);
#4515=ORIENTED_EDGE('',*,*,#3051,.T.);
#4516=ORIENTED_EDGE('',*,*,#3077,.T.);
#4517=ORIENTED_EDGE('',*,*,#3078,.F.);
#4518=ORIENTED_EDGE('',*,*,#3079,.F.);
#4519=ORIENTED_EDGE('',*,*,#3079,.T.);
#4520=ORIENTED_EDGE('',*,*,#3080,.F.);
#4521=ORIENTED_EDGE('',*,*,#3081,.F.);
#4522=ORIENTED_EDGE('',*,*,#3068,.F.);
#4523=ORIENTED_EDGE('',*,*,#3065,.F.);
#4524=ORIENTED_EDGE('',*,*,#3052,.F.);
#4525=ORIENTED_EDGE('',*,*,#3081,.T.);
#4526=ORIENTED_EDGE('',*,*,#3082,.F.);
#4527=ORIENTED_EDGE('',*,*,#3083,.F.);
#4528=ORIENTED_EDGE('',*,*,#3069,.F.);
#4529=ORIENTED_EDGE('',*,*,#3083,.T.);
#4530=ORIENTED_EDGE('',*,*,#3084,.F.);
#4531=ORIENTED_EDGE('',*,*,#3085,.F.);
#4532=ORIENTED_EDGE('',*,*,#3055,.F.);
#4533=ORIENTED_EDGE('',*,*,#3067,.T.);
#4534=ORIENTED_EDGE('',*,*,#3070,.F.);
#4535=ORIENTED_EDGE('',*,*,#3056,.T.);
#4536=ORIENTED_EDGE('',*,*,#3085,.T.);
#4537=ORIENTED_EDGE('',*,*,#3086,.F.);
#4538=ORIENTED_EDGE('',*,*,#3087,.F.);
#4539=ORIENTED_EDGE('',*,*,#3087,.T.);
#4540=ORIENTED_EDGE('',*,*,#3088,.F.);
#4541=ORIENTED_EDGE('',*,*,#3089,.F.);
#4542=ORIENTED_EDGE('',*,*,#3041,.F.);
#4543=ORIENTED_EDGE('',*,*,#3037,.F.);
#4544=ORIENTED_EDGE('',*,*,#3044,.F.);
#4545=ORIENTED_EDGE('',*,*,#3089,.T.);
#4546=ORIENTED_EDGE('',*,*,#3090,.F.);
#4547=ORIENTED_EDGE('',*,*,#3091,.F.);
#4548=ORIENTED_EDGE('',*,*,#3042,.F.);
#4549=ORIENTED_EDGE('',*,*,#3091,.T.);
#4550=ORIENTED_EDGE('',*,*,#3092,.F.);
#4551=ORIENTED_EDGE('',*,*,#3093,.F.);
#4552=ORIENTED_EDGE('',*,*,#3045,.F.);
#4553=ORIENTED_EDGE('',*,*,#3039,.T.);
#4554=ORIENTED_EDGE('',*,*,#3043,.F.);
#4555=ORIENTED_EDGE('',*,*,#3046,.T.);
#4556=ORIENTED_EDGE('',*,*,#3093,.T.);
#4557=ORIENTED_EDGE('',*,*,#3094,.F.);
#4558=ORIENTED_EDGE('',*,*,#3071,.F.);
#4559=ORIENTED_EDGE('',*,*,#3094,.T.);
#4560=ORIENTED_EDGE('',*,*,#3092,.T.);
#4561=ORIENTED_EDGE('',*,*,#3090,.T.);
#4562=ORIENTED_EDGE('',*,*,#3088,.T.);
#4563=ORIENTED_EDGE('',*,*,#3086,.T.);
#4564=ORIENTED_EDGE('',*,*,#3084,.T.);
#4565=ORIENTED_EDGE('',*,*,#3082,.T.);
#4566=ORIENTED_EDGE('',*,*,#3080,.T.);
#4567=ORIENTED_EDGE('',*,*,#3078,.T.);
#4568=ORIENTED_EDGE('',*,*,#3076,.T.);
#4569=ORIENTED_EDGE('',*,*,#3074,.T.);
#4570=ORIENTED_EDGE('',*,*,#3072,.T.);
#4571=CONICAL_SURFACE('',#4942,1.5,0.785398163397448);
#4572=CONICAL_SURFACE('',#4948,1.5,0.785398163397448);
#4573=CONICAL_SURFACE('',#4954,1.5,0.785398163397448);
#4574=CONICAL_SURFACE('',#4960,2.125,0.785398163397448);
#4575=CONICAL_SURFACE('',#4965,2.125,0.785398163397449);
#4576=CONICAL_SURFACE('',#4997,2.125,0.785398163397449);
#4577=CONICAL_SURFACE('',#5000,4.73,0.785398163397448);
#4578=CONICAL_SURFACE('',#5014,4.73,0.785398163397448);
#4579=CONICAL_SURFACE('',#5015,2.79949101701592,0.785398163397448);
#4580=CONICAL_SURFACE('',#5017,5.75,0.785398163397449);
#4581=CONICAL_SURFACE('',#5019,2.7994910170162,0.785398163397447);
#4582=CONICAL_SURFACE('',#5021,9.65,0.785398163397449);
#4583=CONICAL_SURFACE('',#5028,2.79949101701592,0.785398163397449);
#4584=CONICAL_SURFACE('',#5030,5.75,0.785398163397449);
#4585=CONICAL_SURFACE('',#5032,2.7994910170162,0.785398163397448);
#4586=CONICAL_SURFACE('',#5034,9.65,0.785398163397449);
#4587=CONICAL_SURFACE('',#5041,5.75,0.785398163397449);
#4588=CONICAL_SURFACE('',#5043,2.7994910170162,0.785398163397449);
#4589=CONICAL_SURFACE('',#5045,2.79949101701592,0.785398163397447);
#4590=CONICAL_SURFACE('',#5047,9.65,0.785398163397449);
#4591=CONICAL_SURFACE('',#5080,10.15,0.785398163397448);
#4592=CONICAL_SURFACE('',#5083,10.15,0.785398163397448);
#4593=CONICAL_SURFACE('',#5090,10.15,0.785398163397448);
#4594=CONICAL_SURFACE('',#5092,10.15,0.785398163397448);
#4595=CONICAL_SURFACE('',#5098,10.15,0.785398163397448);
#4596=CONICAL_SURFACE('',#5101,10.15,0.785398163397448);
#4597=CONICAL_SURFACE('',#5104,8.775,0.785398163397448);
#4598=CONICAL_SURFACE('',#5106,8.775,0.785398163397448);
#4599=CONICAL_SURFACE('',#5108,8.775,0.785398163397448);
#4600=CONICAL_SURFACE('',#5139,10.15,0.785398163397448);
#4601=CONICAL_SURFACE('',#5143,10.15,0.785398163397448);
#4602=CONICAL_SURFACE('',#5147,10.15,0.785398163397448);
#4603=CONICAL_SURFACE('',#5151,9.89,0.785398163397446);
#4604=CONICAL_SURFACE('',#5154,9.89,0.785398163397447);
#4605=CONICAL_SURFACE('',#5157,9.89,0.785398163397446);
#4606=CONICAL_SURFACE('',#5160,9.89,0.785398163397447);
#4607=CONICAL_SURFACE('',#5163,9.89,0.785398163397447);
#4608=CONICAL_SURFACE('',#5166,9.89,0.785398163397447);
#4609=CONICAL_SURFACE('',#5187,0.5,0.785398163397448);
#4610=CONICAL_SURFACE('',#5191,0.75,0.785398163397448);
#4611=CONICAL_SURFACE('',#5194,14.15,0.785398163397451);
#4612=CONICAL_SURFACE('',#5197,0.5,0.785398163397449);
#4613=CONICAL_SURFACE('',#5206,0.5,0.785398163397448);
#4614=CONICAL_SURFACE('',#5210,0.75,0.785398163397448);
#4615=CONICAL_SURFACE('',#5213,14.15,0.785398163397449);
#4616=CONICAL_SURFACE('',#5216,0.500000000000001,0.78539816339745);
#4617=CONICAL_SURFACE('',#5226,0.5,0.785398163397448);
#4618=CONICAL_SURFACE('',#5229,15.35,0.785398163397451);
#4619=CONICAL_SURFACE('',#5232,0.5,0.785398163397448);
#4620=CONICAL_SURFACE('',#5239,10.05,0.785398163397449);
#4621=CONICAL_SURFACE('',#5242,10.05,0.785398163397448);
#4622=CONICAL_SURFACE('',#5246,0.5,0.785398163397449);
#4623=CONICAL_SURFACE('',#5249,15.35,0.785398163397451);
#4624=CONICAL_SURFACE('',#5252,0.5,0.785398163397448);
#4625=CONICAL_SURFACE('',#5259,0.5,0.785398163397448);
#4626=CONICAL_SURFACE('',#5261,10.05,0.78539816339745);
#4627=CONICAL_SURFACE('',#5264,10.05,0.78539816339745);
#4628=CONICAL_SURFACE('',#5267,0.500000000000001,0.785398163397449);
#4629=CONICAL_SURFACE('',#5269,0.5,0.785398163397448);
#4630=CONICAL_SURFACE('',#5271,0.5,0.785398163397448);
#4631=CONICAL_SURFACE('',#5278,14.05,0.938047491792714);
#4632=CONICAL_SURFACE('',#5294,16.35,0.785398163397453);
#4633=CONICAL_SURFACE('',#5299,11.05,0.78539816339745);
#4634=CONICAL_SURFACE('',#5302,0.499999999999999,0.785398163397447);
#4635=CONICAL_SURFACE('',#5305,11.05,0.785398163397447);
#4636=CONICAL_SURFACE('',#5308,0.75,0.785398163397448);
#4637=CONICAL_SURFACE('',#5310,12.55,0.785398163397449);
#4638=CONICAL_SURFACE('',#5312,0.75,0.785398163397449);
#4639=CONICAL_SURFACE('',#5315,16.35,0.785398163397449);
#4640=CONICAL_SURFACE('',#5320,0.5,0.785398163397448);
#4641=CONICAL_SURFACE('',#5322,11.05,0.785398163397449);
#4642=CONICAL_SURFACE('',#5326,0.75,0.785398163397448);
#4643=CONICAL_SURFACE('',#5329,12.55,0.785398163397447);
#4644=CONICAL_SURFACE('',#5332,0.75,0.785398163397449);
#4645=CONICAL_SURFACE('',#5337,11.05,0.785398163397453);
#4646=CONICAL_SURFACE('',#5340,0.5,0.785398163397449);
#4647=CONICAL_SURFACE('',#5342,0.5,0.785398163397448);
#4648=CONICAL_SURFACE('',#5344,0.5,0.785398163397449);
#4649=CONICAL_SURFACE('',#5346,0.5,0.785398163397449);
#4650=CONICAL_SURFACE('',#5436,14.05,0.938047491792713);
#4651=ADVANCED_FACE('',(#310),#4571,.F.);
#4652=ADVANCED_FACE('',(#311),#218,.F.);
#4653=ADVANCED_FACE('',(#312),#4572,.F.);
#4654=ADVANCED_FACE('',(#313),#219,.F.);
#4655=ADVANCED_FACE('',(#314),#4573,.F.);
#4656=ADVANCED_FACE('',(#315),#220,.F.);
#4657=ADVANCED_FACE('',(#316),#4574,.F.);
#4658=ADVANCED_FACE('',(#317),#221,.F.);
#4659=ADVANCED_FACE('',(#318),#4575,.F.);
#4660=ADVANCED_FACE('',(#319,#57,#58,#59),#70,.F.);
#4661=ADVANCED_FACE('',(#320),#222,.F.);
#4662=ADVANCED_FACE('',(#321),#4576,.F.);
#4663=ADVANCED_FACE('',(#322),#223,.F.);
#4664=ADVANCED_FACE('',(#323),#4577,.F.);
#4665=ADVANCED_FACE('',(#324),#224,.F.);
#4666=ADVANCED_FACE('',(#325,#60),#71,.T.);
#4667=ADVANCED_FACE('',(#326),#4578,.F.);
#4668=ADVANCED_FACE('',(#327),#4579,.T.);
#4669=ADVANCED_FACE('',(#328),#4580,.T.);
#4670=ADVANCED_FACE('',(#329),#4581,.T.);
#4671=ADVANCED_FACE('',(#330),#4582,.F.);
#4672=ADVANCED_FACE('',(#331),#225,.F.);
#4673=ADVANCED_FACE('',(#332),#226,.T.);
#4674=ADVANCED_FACE('',(#333),#4583,.T.);
#4675=ADVANCED_FACE('',(#334),#4584,.T.);
#4676=ADVANCED_FACE('',(#335),#4585,.T.);
#4677=ADVANCED_FACE('',(#336),#4586,.F.);
#4678=ADVANCED_FACE('',(#337),#227,.F.);
#4679=ADVANCED_FACE('',(#338),#228,.T.);
#4680=ADVANCED_FACE('',(#339),#4587,.T.);
#4681=ADVANCED_FACE('',(#340),#4588,.T.);
#4682=ADVANCED_FACE('',(#341),#4589,.T.);
#4683=ADVANCED_FACE('',(#342),#4590,.F.);
#4684=ADVANCED_FACE('',(#343),#229,.T.);
#4685=ADVANCED_FACE('',(#344),#230,.T.);
#4686=ADVANCED_FACE('',(#345),#72,.F.);
#4687=ADVANCED_FACE('',(#346),#73,.F.);
#4688=ADVANCED_FACE('',(#347),#231,.F.);
#4689=ADVANCED_FACE('',(#348),#232,.F.);
#4690=ADVANCED_FACE('',(#349),#74,.F.);
#4691=ADVANCED_FACE('',(#350),#75,.F.);
#4692=ADVANCED_FACE('',(#351),#76,.F.);
#4693=ADVANCED_FACE('',(#352),#77,.F.);
#4694=ADVANCED_FACE('',(#353,#61),#78,.F.);
#4695=ADVANCED_FACE('',(#354),#233,.F.);
#4696=ADVANCED_FACE('',(#355,#62),#79,.F.);
#4697=ADVANCED_FACE('',(#356,#63),#80,.F.);
#4698=ADVANCED_FACE('',(#357),#81,.T.);
#4699=ADVANCED_FACE('',(#358),#82,.T.);
#4700=ADVANCED_FACE('',(#359),#83,.T.);
#4701=ADVANCED_FACE('',(#360),#4591,.T.);
#4702=ADVANCED_FACE('',(#361),#4592,.T.);
#4703=ADVANCED_FACE('',(#362),#234,.T.);
#4704=ADVANCED_FACE('',(#363),#4593,.T.);
#4705=ADVANCED_FACE('',(#364),#4594,.T.);
#4706=ADVANCED_FACE('',(#365),#235,.F.);
#4707=ADVANCED_FACE('',(#366),#236,.F.);
#4708=ADVANCED_FACE('',(#367),#4595,.T.);
#4709=ADVANCED_FACE('',(#368),#4596,.T.);
#4710=ADVANCED_FACE('',(#369),#4597,.F.);
#4711=ADVANCED_FACE('',(#370),#4598,.F.);
#4712=ADVANCED_FACE('',(#371),#4599,.F.);
#4713=ADVANCED_FACE('',(#372),#84,.T.);
#4714=ADVANCED_FACE('',(#373),#85,.T.);
#4715=ADVANCED_FACE('',(#374),#86,.T.);
#4716=ADVANCED_FACE('',(#375),#237,.T.);
#4717=ADVANCED_FACE('',(#376),#238,.T.);
#4718=ADVANCED_FACE('',(#377),#87,.T.);
#4719=ADVANCED_FACE('',(#378),#239,.T.);
#4720=ADVANCED_FACE('',(#379),#240,.F.);
#4721=ADVANCED_FACE('',(#380),#88,.T.);
#4722=ADVANCED_FACE('',(#381),#241,.T.);
#4723=ADVANCED_FACE('',(#382),#242,.T.);
#4724=ADVANCED_FACE('',(#383),#89,.T.);
#4725=ADVANCED_FACE('',(#384),#90,.T.);
#4726=ADVANCED_FACE('',(#385),#4600,.T.);
#4727=ADVANCED_FACE('',(#386),#91,.T.);
#4728=ADVANCED_FACE('',(#387),#92,.T.);
#4729=ADVANCED_FACE('',(#388),#4601,.T.);
#4730=ADVANCED_FACE('',(#389),#93,.T.);
#4731=ADVANCED_FACE('',(#390),#94,.T.);
#4732=ADVANCED_FACE('',(#391),#4602,.T.);
#4733=ADVANCED_FACE('',(#392),#95,.T.);
#4734=ADVANCED_FACE('',(#393),#243,.F.);
#4735=ADVANCED_FACE('',(#394),#4603,.T.);
#4736=ADVANCED_FACE('',(#395),#4604,.T.);
#4737=ADVANCED_FACE('',(#396),#4605,.T.);
#4738=ADVANCED_FACE('',(#397),#4606,.T.);
#4739=ADVANCED_FACE('',(#398),#4607,.T.);
#4740=ADVANCED_FACE('',(#399),#4608,.T.);
#4741=ADVANCED_FACE('',(#400),#244,.T.);
#4742=ADVANCED_FACE('',(#401),#245,.T.);
#4743=ADVANCED_FACE('',(#402),#246,.T.);
#4744=ADVANCED_FACE('',(#403),#247,.T.);
#4745=ADVANCED_FACE('',(#404),#248,.T.);
#4746=ADVANCED_FACE('',(#405),#249,.T.);
#4747=ADVANCED_FACE('',(#406),#250,.T.);
#4748=ADVANCED_FACE('',(#407),#251,.T.);
#4749=ADVANCED_FACE('',(#408),#252,.T.);
#4750=ADVANCED_FACE('',(#409),#253,.T.);
#4751=ADVANCED_FACE('',(#410),#254,.T.);
#4752=ADVANCED_FACE('',(#411),#255,.T.);
#4753=ADVANCED_FACE('',(#412),#4609,.F.);
#4754=ADVANCED_FACE('',(#413),#96,.T.);
#4755=ADVANCED_FACE('',(#414),#4610,.F.);
#4756=ADVANCED_FACE('',(#415),#4611,.F.);
#4757=ADVANCED_FACE('',(#416),#4612,.F.);
#4758=ADVANCED_FACE('',(#417),#97,.F.);
#4759=ADVANCED_FACE('',(#418),#4613,.F.);
#4760=ADVANCED_FACE('',(#419),#98,.T.);
#4761=ADVANCED_FACE('',(#420),#4614,.F.);
#4762=ADVANCED_FACE('',(#421),#4615,.F.);
#4763=ADVANCED_FACE('',(#422),#4616,.F.);
#4764=ADVANCED_FACE('',(#423),#99,.F.);
#4765=ADVANCED_FACE('',(#424),#100,.T.);
#4766=ADVANCED_FACE('',(#425),#4617,.F.);
#4767=ADVANCED_FACE('',(#426),#4618,.F.);
#4768=ADVANCED_FACE('',(#427),#4619,.F.);
#4769=ADVANCED_FACE('',(#428),#101,.T.);
#4770=ADVANCED_FACE('',(#429),#19,.T.);
#4771=ADVANCED_FACE('',(#430),#102,.T.);
#4772=ADVANCED_FACE('',(#431),#4620,.F.);
#4773=ADVANCED_FACE('',(#432),#4621,.F.);
#4774=ADVANCED_FACE('',(#433),#20,.T.);
#4775=ADVANCED_FACE('',(#434),#103,.T.);
#4776=ADVANCED_FACE('',(#435),#4622,.F.);
#4777=ADVANCED_FACE('',(#436),#4623,.F.);
#4778=ADVANCED_FACE('',(#437),#4624,.F.);
#4779=ADVANCED_FACE('',(#438),#104,.T.);
#4780=ADVANCED_FACE('',(#439),#21,.T.);
#4781=ADVANCED_FACE('',(#440),#105,.T.);
#4782=ADVANCED_FACE('',(#441),#4625,.T.);
#4783=ADVANCED_FACE('',(#442),#4626,.F.);
#4784=ADVANCED_FACE('',(#443),#4627,.F.);
#4785=ADVANCED_FACE('',(#444),#22,.T.);
#4786=ADVANCED_FACE('',(#445),#4628,.T.);
#4787=ADVANCED_FACE('',(#446),#4629,.T.);
#4788=ADVANCED_FACE('',(#447),#4630,.T.);
#4789=ADVANCED_FACE('',(#448),#106,.T.);
#4790=ADVANCED_FACE('',(#449),#4631,.T.);
#4791=ADVANCED_FACE('',(#450),#107,.T.);
#4792=ADVANCED_FACE('',(#451),#108,.T.);
#4793=ADVANCED_FACE('',(#452),#256,.F.);
#4794=ADVANCED_FACE('',(#453),#257,.T.);
#4795=ADVANCED_FACE('',(#454),#109,.T.);
#4796=ADVANCED_FACE('',(#455),#258,.F.);
#4797=ADVANCED_FACE('',(#456),#259,.F.);
#4798=ADVANCED_FACE('',(#457),#260,.F.);
#4799=ADVANCED_FACE('',(#458),#110,.T.);
#4800=ADVANCED_FACE('',(#459),#261,.T.);
#4801=ADVANCED_FACE('',(#460),#23,.T.);
#4802=ADVANCED_FACE('',(#461),#24,.T.);
#4803=ADVANCED_FACE('',(#462),#4632,.T.);
#4804=ADVANCED_FACE('',(#463),#111,.T.);
#4805=ADVANCED_FACE('',(#464),#112,.T.);
#4806=ADVANCED_FACE('',(#465),#113,.T.);
#4807=ADVANCED_FACE('',(#466),#4633,.T.);
#4808=ADVANCED_FACE('',(#467),#114,.T.);
#4809=ADVANCED_FACE('',(#468),#4634,.F.);
#4810=ADVANCED_FACE('',(#469),#4635,.T.);
#4811=ADVANCED_FACE('',(#470),#25,.T.);
#4812=ADVANCED_FACE('',(#471),#4636,.T.);
#4813=ADVANCED_FACE('',(#472),#4637,.T.);
#4814=ADVANCED_FACE('',(#473),#4638,.F.);
#4815=ADVANCED_FACE('',(#474),#115,.T.);
#4816=ADVANCED_FACE('',(#475),#26,.T.);
#4817=ADVANCED_FACE('',(#476),#4639,.T.);
#4818=ADVANCED_FACE('',(#477),#116,.T.);
#4819=ADVANCED_FACE('',(#478),#4640,.F.);
#4820=ADVANCED_FACE('',(#479),#4641,.T.);
#4821=ADVANCED_FACE('',(#480),#117,.T.);
#4822=ADVANCED_FACE('',(#481),#118,.T.);
#4823=ADVANCED_FACE('',(#482),#4642,.T.);
#4824=ADVANCED_FACE('',(#483),#4643,.T.);
#4825=ADVANCED_FACE('',(#484),#4644,.F.);
#4826=ADVANCED_FACE('',(#485),#119,.T.);
#4827=ADVANCED_FACE('',(#486),#27,.T.);
#4828=ADVANCED_FACE('',(#487),#120,.T.);
#4829=ADVANCED_FACE('',(#488),#4645,.T.);
#4830=ADVANCED_FACE('',(#489),#28,.T.);
#4831=ADVANCED_FACE('',(#490),#4646,.T.);
#4832=ADVANCED_FACE('',(#491),#4647,.T.);
#4833=ADVANCED_FACE('',(#492),#4648,.T.);
#4834=ADVANCED_FACE('',(#493),#4649,.T.);
#4835=ADVANCED_FACE('',(#494),#121,.T.);
#4836=ADVANCED_FACE('',(#495),#262,.T.);
#4837=ADVANCED_FACE('',(#496),#263,.F.);
#4838=ADVANCED_FACE('',(#497),#122,.T.);
#4839=ADVANCED_FACE('',(#498),#264,.T.);
#4840=ADVANCED_FACE('',(#499),#265,.T.);
#4841=ADVANCED_FACE('',(#500),#266,.T.);
#4842=ADVANCED_FACE('',(#501),#123,.T.);
#4843=ADVANCED_FACE('',(#502),#267,.F.);
#4844=ADVANCED_FACE('',(#503),#268,.T.);
#4845=ADVANCED_FACE('',(#504),#269,.T.);
#4846=ADVANCED_FACE('',(#505),#124,.T.);
#4847=ADVANCED_FACE('',(#506),#125,.T.);
#4848=ADVANCED_FACE('',(#507),#126,.T.);
#4849=ADVANCED_FACE('',(#508),#270,.T.);
#4850=ADVANCED_FACE('',(#509),#127,.T.);
#4851=ADVANCED_FACE('',(#510),#271,.T.);
#4852=ADVANCED_FACE('',(#511),#128,.T.);
#4853=ADVANCED_FACE('',(#512),#272,.T.);
#4854=ADVANCED_FACE('',(#513),#129,.T.);
#4855=ADVANCED_FACE('',(#514),#273,.T.);
#4856=ADVANCED_FACE('',(#515),#130,.T.);
#4857=ADVANCED_FACE('',(#516),#274,.T.);
#4858=ADVANCED_FACE('',(#517),#131,.T.);
#4859=ADVANCED_FACE('',(#518),#275,.T.);
#4860=ADVANCED_FACE('',(#519),#132,.T.);
#4861=ADVANCED_FACE('',(#520),#133,.T.);
#4862=ADVANCED_FACE('',(#521),#276,.F.);
#4863=ADVANCED_FACE('',(#522),#134,.T.);
#4864=ADVANCED_FACE('',(#523),#277,.F.);
#4865=ADVANCED_FACE('',(#524),#135,.F.);
#4866=ADVANCED_FACE('',(#525),#278,.F.);
#4867=ADVANCED_FACE('',(#526),#279,.F.);
#4868=ADVANCED_FACE('',(#527),#136,.F.);
#4869=ADVANCED_FACE('',(#528),#280,.F.);
#4870=ADVANCED_FACE('',(#529),#17,.F.);
#4871=ADVANCED_FACE('',(#530),#281,.F.);
#4872=ADVANCED_FACE('',(#531),#137,.F.);
#4873=ADVANCED_FACE('',(#532),#18,.F.);
#4874=ADVANCED_FACE('',(#533),#282,.F.);
#4875=ADVANCED_FACE('',(#534),#138,.F.);
#4876=ADVANCED_FACE('',(#535),#283,.F.);
#4877=ADVANCED_FACE('',(#536),#284,.T.);
#4878=ADVANCED_FACE('',(#537),#285,.F.);
#4879=ADVANCED_FACE('',(#538),#139,.T.);
#4880=ADVANCED_FACE('',(#539),#286,.F.);
#4881=ADVANCED_FACE('',(#540),#140,.T.);
#4882=ADVANCED_FACE('',(#541),#287,.F.);
#4883=ADVANCED_FACE('',(#542),#288,.F.);
#4884=ADVANCED_FACE('',(#543),#289,.F.);
#4885=ADVANCED_FACE('',(#544),#290,.F.);
#4886=ADVANCED_FACE('',(#545),#291,.T.);
#4887=ADVANCED_FACE('',(#546),#292,.F.);
#4888=ADVANCED_FACE('',(#547),#293,.T.);
#4889=ADVANCED_FACE('',(#548),#294,.T.);
#4890=ADVANCED_FACE('',(#549),#295,.T.);
#4891=ADVANCED_FACE('',(#550),#141,.T.);
#4892=ADVANCED_FACE('',(#551),#4650,.T.);
#4893=ADVANCED_FACE('',(#552),#142,.T.);
#4894=ADVANCED_FACE('',(#553),#296,.T.);
#4895=ADVANCED_FACE('',(#554),#297,.F.);
#4896=ADVANCED_FACE('',(#555),#143,.T.);
#4897=ADVANCED_FACE('',(#556,#64,#65,#66),#144,.T.);
#4898=ADVANCED_FACE('',(#557),#298,.F.);
#4899=ADVANCED_FACE('',(#558),#145,.F.);
#4900=ADVANCED_FACE('',(#559),#299,.F.);
#4901=ADVANCED_FACE('',(#560),#146,.F.);
#4902=ADVANCED_FACE('',(#561),#300,.F.);
#4903=ADVANCED_FACE('',(#562),#147,.F.);
#4904=ADVANCED_FACE('',(#563,#67),#148,.T.);
#4905=ADVANCED_FACE('',(#564,#68),#149,.T.);
#4906=ADVANCED_FACE('',(#565,#69),#150,.T.);
#4907=ADVANCED_FACE('',(#566),#301,.T.);
#4908=ADVANCED_FACE('',(#567),#151,.F.);
#4909=ADVANCED_FACE('',(#568),#152,.F.);
#4910=ADVANCED_FACE('',(#569),#302,.T.);
#4911=ADVANCED_FACE('',(#570),#153,.F.);
#4912=ADVANCED_FACE('',(#571),#303,.T.);
#4913=ADVANCED_FACE('',(#572),#154,.F.);
#4914=ADVANCED_FACE('',(#573),#155,.T.);
#4915=ADVANCED_FACE('',(#574),#304,.T.);
#4916=ADVANCED_FACE('',(#575),#156,.T.);
#4917=ADVANCED_FACE('',(#576),#305,.T.);
#4918=ADVANCED_FACE('',(#577),#157,.T.);
#4919=ADVANCED_FACE('',(#578),#306,.T.);
#4920=ADVANCED_FACE('',(#579),#158,.T.);
#4921=ADVANCED_FACE('',(#580),#307,.T.);
#4922=ADVANCED_FACE('',(#581),#159,.T.);
#4923=ADVANCED_FACE('',(#582),#308,.T.);
#4924=ADVANCED_FACE('',(#583),#160,.T.);
#4925=ADVANCED_FACE('',(#584),#309,.T.);
#4926=ADVANCED_FACE('',(#585),#161,.T.);
#4927=CLOSED_SHELL('',(#4651,#4652,#4653,#4654,#4655,#4656,#4657,#4658,
#4659,#4660,#4661,#4662,#4663,#4664,#4665,#4666,#4667,#4668,#4669,#4670,
#4671,#4672,#4673,#4674,#4675,#4676,#4677,#4678,#4679,#4680,#4681,#4682,
#4683,#4684,#4685,#4686,#4687,#4688,#4689,#4690,#4691,#4692,#4693,#4694,
#4695,#4696,#4697,#4698,#4699,#4700,#4701,#4702,#4703,#4704,#4705,#4706,
#4707,#4708,#4709,#4710,#4711,#4712,#4713,#4714,#4715,#4716,#4717,#4718,
#4719,#4720,#4721,#4722,#4723,#4724,#4725,#4726,#4727,#4728,#4729,#4730,
#4731,#4732,#4733,#4734,#4735,#4736,#4737,#4738,#4739,#4740,#4741,#4742,
#4743,#4744,#4745,#4746,#4747,#4748,#4749,#4750,#4751,#4752,#4753,#4754,
#4755,#4756,#4757,#4758,#4759,#4760,#4761,#4762,#4763,#4764,#4765,#4766,
#4767,#4768,#4769,#4770,#4771,#4772,#4773,#4774,#4775,#4776,#4777,#4778,
#4779,#4780,#4781,#4782,#4783,#4784,#4785,#4786,#4787,#4788,#4789,#4790,
#4791,#4792,#4793,#4794,#4795,#4796,#4797,#4798,#4799,#4800,#4801,#4802,
#4803,#4804,#4805,#4806,#4807,#4808,#4809,#4810,#4811,#4812,#4813,#4814,
#4815,#4816,#4817,#4818,#4819,#4820,#4821,#4822,#4823,#4824,#4825,#4826,
#4827,#4828,#4829,#4830,#4831,#4832,#4833,#4834,#4835,#4836,#4837,#4838,
#4839,#4840,#4841,#4842,#4843,#4844,#4845,#4846,#4847,#4848,#4849,#4850,
#4851,#4852,#4853,#4854,#4855,#4856,#4857,#4858,#4859,#4860,#4861,#4862,
#4863,#4864,#4865,#4866,#4867,#4868,#4869,#4870,#4871,#4872,#4873,#4874,
#4875,#4876,#4877,#4878,#4879,#4880,#4881,#4882,#4883,#4884,#4885,#4886,
#4887,#4888,#4889,#4890,#4891,#4892,#4893,#4894,#4895,#4896,#4897));
#4928=CLOSED_SHELL('',(#4898,#4899,#4900,#4901,#4902,#4903,#4904,#4905,
#4906,#4907,#4908,#4909,#4910,#4911,#4912,#4913,#4914,#4915,#4916,#4917,
#4918,#4919,#4920,#4921,#4922,#4923,#4924,#4925,#4926));
#4929=DERIVED_UNIT_ELEMENT(#4931,1.);
#4930=DERIVED_UNIT_ELEMENT(#9026,-3.);
#4931=(
MASS_UNIT()
NAMED_UNIT(*)
SI_UNIT(.KILO.,.GRAM.)
);
#4932=DERIVED_UNIT((#4929,#4930));
#4933=MEASURE_REPRESENTATION_ITEM('density measure',
POSITIVE_RATIO_MEASURE(1060.),#4932);
#4934=PROPERTY_DEFINITION_REPRESENTATION(#4939,#4936);
#4935=PROPERTY_DEFINITION_REPRESENTATION(#4940,#4937);
#4936=REPRESENTATION('material name',(#4938),#9023);
#4937=REPRESENTATION('density',(#4933),#9023);
#4938=DESCRIPTIVE_REPRESENTATION_ITEM('ABS Plastic','ABS Plastic');
#4939=PROPERTY_DEFINITION('material property','material name',#9033);
#4940=PROPERTY_DEFINITION('material property','density of part',#9033);
#4941=AXIS2_PLACEMENT_3D('',#6982,#5501,#5502);
#4942=AXIS2_PLACEMENT_3D('',#6983,#5503,#5504);
#4943=AXIS2_PLACEMENT_3D('',#6985,#5505,#5506);
#4944=AXIS2_PLACEMENT_3D('',#6989,#5508,#5509);
#4945=AXIS2_PLACEMENT_3D('',#6990,#5510,#5511);
#4946=AXIS2_PLACEMENT_3D('',#6991,#5512,#5513);
#4947=AXIS2_PLACEMENT_3D('',#6994,#5515,#5516);
#4948=AXIS2_PLACEMENT_3D('',#6995,#5517,#5518);
#4949=AXIS2_PLACEMENT_3D('',#6997,#5519,#5520);
#4950=AXIS2_PLACEMENT_3D('',#7001,#5522,#5523);
#4951=AXIS2_PLACEMENT_3D('',#7002,#5524,#5525);
#4952=AXIS2_PLACEMENT_3D('',#7003,#5526,#5527);
#4953=AXIS2_PLACEMENT_3D('',#7006,#5529,#5530);
#4954=AXIS2_PLACEMENT_3D('',#7007,#5531,#5532);
#4955=AXIS2_PLACEMENT_3D('',#7009,#5533,#5534);
#4956=AXIS2_PLACEMENT_3D('',#7013,#5536,#5537);
#4957=AXIS2_PLACEMENT_3D('',#7014,#5538,#5539);
#4958=AXIS2_PLACEMENT_3D('',#7015,#5540,#5541);
#4959=AXIS2_PLACEMENT_3D('',#7018,#5543,#5544);
#4960=AXIS2_PLACEMENT_3D('',#7019,#5545,#5546);
#4961=AXIS2_PLACEMENT_3D('',#7021,#5547,#5548);
#4962=AXIS2_PLACEMENT_3D('',#7025,#5550,#5551);
#4963=AXIS2_PLACEMENT_3D('',#7033,#5552,#5553);
#4964=AXIS2_PLACEMENT_3D('',#7034,#5554,#5555);
#4965=AXIS2_PLACEMENT_3D('',#7036,#5557,#5558);
#4966=AXIS2_PLACEMENT_3D('',#7038,#5559,#5560);
#4967=AXIS2_PLACEMENT_3D('',#7041,#5562,#5563);
#4968=AXIS2_PLACEMENT_3D('',#7042,#5564,#5565);
#4969=AXIS2_PLACEMENT_3D('',#7044,#5566,#5567);
#4970=AXIS2_PLACEMENT_3D('',#7046,#5568,#5569);
#4971=AXIS2_PLACEMENT_3D('',#7048,#5570,#5571);
#4972=AXIS2_PLACEMENT_3D('',#7050,#5572,#5573);
#4973=AXIS2_PLACEMENT_3D('',#7052,#5574,#5575);
#4974=AXIS2_PLACEMENT_3D('',#7054,#5576,#5577);
#4975=AXIS2_PLACEMENT_3D('',#7058,#5579,#5580);
#4976=AXIS2_PLACEMENT_3D('',#7060,#5581,#5582);
#4977=AXIS2_PLACEMENT_3D('',#7062,#5583,#5584);
#4978=AXIS2_PLACEMENT_3D('',#7066,#5586,#5587);
#4979=AXIS2_PLACEMENT_3D('',#7068,#5588,#5589);
#4980=AXIS2_PLACEMENT_3D('',#7070,#5590,#5591);
#4981=AXIS2_PLACEMENT_3D('',#7072,#5592,#5593);
#4982=AXIS2_PLACEMENT_3D('',#7074,#5594,#5595);
#4983=AXIS2_PLACEMENT_3D('',#7076,#5596,#5597);
#4984=AXIS2_PLACEMENT_3D('',#7078,#5598,#5599);
#4985=AXIS2_PLACEMENT_3D('',#7082,#5601,#5602);
#4986=AXIS2_PLACEMENT_3D('',#7084,#5603,#5604);
#4987=AXIS2_PLACEMENT_3D('',#7086,#5605,#5606);
#4988=AXIS2_PLACEMENT_3D('',#7090,#5608,#5609);
#4989=AXIS2_PLACEMENT_3D('',#7092,#5610,#5611);
#4990=AXIS2_PLACEMENT_3D('',#7094,#5612,#5613);
#4991=AXIS2_PLACEMENT_3D('',#7096,#5614,#5615);
#4992=AXIS2_PLACEMENT_3D('',#7098,#5616,#5617);
#4993=AXIS2_PLACEMENT_3D('',#7099,#5618,#5619);
#4994=AXIS2_PLACEMENT_3D('',#7101,#5620,#5621);
#4995=AXIS2_PLACEMENT_3D('',#7103,#5622,#5623);
#4996=AXIS2_PLACEMENT_3D('',#7104,#5624,#5625);
#4997=AXIS2_PLACEMENT_3D('',#7106,#5627,#5628);
#4998=AXIS2_PLACEMENT_3D('',#7108,#5629,#5630);
#4999=AXIS2_PLACEMENT_3D('',#7110,#5632,#5633);
#5000=AXIS2_PLACEMENT_3D('',#7112,#5635,#5636);
#5001=AXIS2_PLACEMENT_3D('',#7115,#5637,#5638);
#5002=AXIS2_PLACEMENT_3D('',#7118,#5640,#5641);
#5003=AXIS2_PLACEMENT_3D('',#7119,#5642,#5643);
#5004=AXIS2_PLACEMENT_3D('',#7120,#5644,#5645);
#5005=AXIS2_PLACEMENT_3D('',#7122,#5646,#5647);
#5006=AXIS2_PLACEMENT_3D('',#7124,#5649,#5650);
#5007=AXIS2_PLACEMENT_3D('',#7129,#5652,#5653);
#5008=AXIS2_PLACEMENT_3D('',#7133,#5655,#5656);
#5009=AXIS2_PLACEMENT_3D('',#7137,#5658,#5659);
#5010=AXIS2_PLACEMENT_3D('',#7141,#5661,#5662);
#5011=AXIS2_PLACEMENT_3D('',#7145,#5664,#5665);
#5012=AXIS2_PLACEMENT_3D('',#7147,#5666,#5667);
#5013=AXIS2_PLACEMENT_3D('',#7150,#5669,#5670);
#5014=AXIS2_PLACEMENT_3D('',#7151,#5671,#5672);
#5015=AXIS2_PLACEMENT_3D('',#7153,#5674,#5675);
#5016=AXIS2_PLACEMENT_3D('',#7162,#5676,#5677);
#5017=AXIS2_PLACEMENT_3D('',#7169,#5678,#5679);
#5018=AXIS2_PLACEMENT_3D('',#7179,#5680,#5681);
#5019=AXIS2_PLACEMENT_3D('',#7180,#5682,#5683);
#5020=AXIS2_PLACEMENT_3D('',#7193,#5684,#5685);
#5021=AXIS2_PLACEMENT_3D('',#7194,#5686,#5687);
#5022=AXIS2_PLACEMENT_3D('',#7195,#5688,#5689);
#5023=AXIS2_PLACEMENT_3D('',#7197,#5690,#5691);
#5024=AXIS2_PLACEMENT_3D('',#7204,#5692,#5693);
#5025=AXIS2_PLACEMENT_3D('',#7208,#5695,#5696);
#5026=AXIS2_PLACEMENT_3D('',#7210,#5698,#5699);
#5027=AXIS2_PLACEMENT_3D('',#7213,#5701,#5702);
#5028=AXIS2_PLACEMENT_3D('',#7214,#5703,#5704);
#5029=AXIS2_PLACEMENT_3D('',#7230,#5705,#5706);
#5030=AXIS2_PLACEMENT_3D('',#7235,#5707,#5708);
#5031=AXIS2_PLACEMENT_3D('',#7245,#5709,#5710);
#5032=AXIS2_PLACEMENT_3D('',#7246,#5711,#5712);
#5033=AXIS2_PLACEMENT_3D('',#7254,#5713,#5714);
#5034=AXIS2_PLACEMENT_3D('',#7255,#5715,#5716);
#5035=AXIS2_PLACEMENT_3D('',#7257,#5717,#5718);
#5036=AXIS2_PLACEMENT_3D('',#7258,#5719,#5720);
#5037=AXIS2_PLACEMENT_3D('',#7265,#5721,#5722);
#5038=AXIS2_PLACEMENT_3D('',#7269,#5724,#5725);
#5039=AXIS2_PLACEMENT_3D('',#7271,#5727,#5728);
#5040=AXIS2_PLACEMENT_3D('',#7274,#5730,#5731);
#5041=AXIS2_PLACEMENT_3D('',#7275,#5732,#5733);
#5042=AXIS2_PLACEMENT_3D('',#7286,#5734,#5735);
#5043=AXIS2_PLACEMENT_3D('',#7295,#5736,#5737);
#5044=AXIS2_PLACEMENT_3D('',#7303,#5738,#5739);
#5045=AXIS2_PLACEMENT_3D('',#7304,#5740,#5741);
#5046=AXIS2_PLACEMENT_3D('',#7306,#5742,#5743);
#5047=AXIS2_PLACEMENT_3D('',#7313,#5744,#5745);
#5048=AXIS2_PLACEMENT_3D('',#7322,#5746,#5747);
#5049=AXIS2_PLACEMENT_3D('',#7329,#5748,#5749);
#5050=AXIS2_PLACEMENT_3D('',#7330,#5750,#5751);
#5051=AXIS2_PLACEMENT_3D('',#7334,#5753,#5754);
#5052=AXIS2_PLACEMENT_3D('',#7336,#5756,#5757);
#5053=AXIS2_PLACEMENT_3D('',#7339,#5759,#5760);
#5054=AXIS2_PLACEMENT_3D('',#7340,#5761,#5762);
#5055=AXIS2_PLACEMENT_3D('',#7354,#5770,#5771);
#5056=AXIS2_PLACEMENT_3D('',#7368,#5779,#5780);
#5057=AXIS2_PLACEMENT_3D('',#7370,#5781,#5782);
#5058=AXIS2_PLACEMENT_3D('',#7374,#5784,#5785);
#5059=AXIS2_PLACEMENT_3D('',#7376,#5787,#5788);
#5060=AXIS2_PLACEMENT_3D('',#7377,#5789,#5790);
#5061=AXIS2_PLACEMENT_3D('',#7379,#5791,#5792);
#5062=AXIS2_PLACEMENT_3D('',#7382,#5794,#5795);
#5063=AXIS2_PLACEMENT_3D('',#7384,#5797,#5798);
#5064=AXIS2_PLACEMENT_3D('',#7398,#5806,#5807);
#5065=AXIS2_PLACEMENT_3D('',#7410,#5814,#5815);
#5066=AXIS2_PLACEMENT_3D('',#7422,#5822,#5823);
#5067=AXIS2_PLACEMENT_3D('',#7436,#5831,#5832);
#5068=AXIS2_PLACEMENT_3D('',#7438,#5833,#5834);
#5069=AXIS2_PLACEMENT_3D('',#7439,#5835,#5836);
#5070=AXIS2_PLACEMENT_3D('',#7442,#5838,#5839);
#5071=AXIS2_PLACEMENT_3D('',#7443,#5840,#5841);
#5072=AXIS2_PLACEMENT_3D('',#7444,#5842,#5843);
#5073=AXIS2_PLACEMENT_3D('',#7445,#5844,#5845);
#5074=AXIS2_PLACEMENT_3D('',#7446,#5846,#5847);
#5075=AXIS2_PLACEMENT_3D('',#7447,#5848,#5849);
#5076=AXIS2_PLACEMENT_3D('',#7448,#5850,#5851);
#5077=AXIS2_PLACEMENT_3D('',#7449,#5852,#5853);
#5078=AXIS2_PLACEMENT_3D('',#7450,#5854,#5855);
#5079=AXIS2_PLACEMENT_3D('',#7451,#5856,#5857);
#5080=AXIS2_PLACEMENT_3D('',#7452,#5858,#5859);
#5081=AXIS2_PLACEMENT_3D('',#7454,#5860,#5861);
#5082=AXIS2_PLACEMENT_3D('',#7459,#5862,#5863);
#5083=AXIS2_PLACEMENT_3D('',#7460,#5864,#5865);
#5084=AXIS2_PLACEMENT_3D('',#7462,#5866,#5867);
#5085=AXIS2_PLACEMENT_3D('',#7467,#5868,#5869);
#5086=AXIS2_PLACEMENT_3D('',#7468,#5870,#5871);
#5087=AXIS2_PLACEMENT_3D('',#7470,#5872,#5873);
#5088=AXIS2_PLACEMENT_3D('',#7474,#5875,#5876);
#5089=AXIS2_PLACEMENT_3D('',#7477,#5878,#5879);
#5090=AXIS2_PLACEMENT_3D('',#7478,#5880,#5881);
#5091=AXIS2_PLACEMENT_3D('',#7480,#5882,#5883);
#5092=AXIS2_PLACEMENT_3D('',#7484,#5884,#5885);
#5093=AXIS2_PLACEMENT_3D('',#7489,#5886,#5887);
#5094=AXIS2_PLACEMENT_3D('',#7490,#5888,#5889);
#5095=AXIS2_PLACEMENT_3D('',#7491,#5890,#5891);
#5096=AXIS2_PLACEMENT_3D('',#7492,#5892,#5893);
#5097=AXIS2_PLACEMENT_3D('',#7493,#5894,#5895);
#5098=AXIS2_PLACEMENT_3D('',#7494,#5896,#5897);
#5099=AXIS2_PLACEMENT_3D('',#7496,#5898,#5899);
#5100=AXIS2_PLACEMENT_3D('',#7501,#5900,#5901);
#5101=AXIS2_PLACEMENT_3D('',#7502,#5902,#5903);
#5102=AXIS2_PLACEMENT_3D('',#7504,#5904,#5905);
#5103=AXIS2_PLACEMENT_3D('',#7509,#5906,#5907);
#5104=AXIS2_PLACEMENT_3D('',#7510,#5908,#5909);
#5105=AXIS2_PLACEMENT_3D('',#7511,#5910,#5911);
#5106=AXIS2_PLACEMENT_3D('',#7512,#5912,#5913);
#5107=AXIS2_PLACEMENT_3D('',#7513,#5914,#5915);
#5108=AXIS2_PLACEMENT_3D('',#7514,#5916,#5917);
#5109=AXIS2_PLACEMENT_3D('',#7515,#5918,#5919);
#5110=AXIS2_PLACEMENT_3D('',#7516,#5920,#5921);
#5111=AXIS2_PLACEMENT_3D('',#7517,#5922,#5923);
#5112=AXIS2_PLACEMENT_3D('',#7521,#5925,#5926);
#5113=AXIS2_PLACEMENT_3D('',#7525,#5928,#5929);
#5114=AXIS2_PLACEMENT_3D('',#7529,#5931,#5932);
#5115=AXIS2_PLACEMENT_3D('',#7531,#5934,#5935);
#5116=AXIS2_PLACEMENT_3D('',#7535,#5937,#5938);
#5117=AXIS2_PLACEMENT_3D('',#7539,#5940,#5941);
#5118=AXIS2_PLACEMENT_3D('',#7543,#5943,#5944);
#5119=AXIS2_PLACEMENT_3D('',#7545,#5946,#5947);
#5120=AXIS2_PLACEMENT_3D('',#7549,#5949,#5950);
#5121=AXIS2_PLACEMENT_3D('',#7553,#5952,#5953);
#5122=AXIS2_PLACEMENT_3D('',#7557,#5955,#5956);
#5123=AXIS2_PLACEMENT_3D('',#7559,#5958,#5959);
#5124=AXIS2_PLACEMENT_3D('',#7562,#5961,#5962);
#5125=AXIS2_PLACEMENT_3D('',#7563,#5963,#5964);
#5126=AXIS2_PLACEMENT_3D('',#7564,#5965,#5966);
#5127=AXIS2_PLACEMENT_3D('',#7565,#5967,#5968);
#5128=AXIS2_PLACEMENT_3D('',#7566,#5969,#5970);
#5129=AXIS2_PLACEMENT_3D('',#7569,#5972,#5973);
#5130=AXIS2_PLACEMENT_3D('',#7570,#5974,#5975);
#5131=AXIS2_PLACEMENT_3D('',#7571,#5976,#5977);
#5132=AXIS2_PLACEMENT_3D('',#7572,#5978,#5979);
#5133=AXIS2_PLACEMENT_3D('',#7573,#5980,#5981);
#5134=AXIS2_PLACEMENT_3D('',#7576,#5983,#5984);
#5135=AXIS2_PLACEMENT_3D('',#7577,#5985,#5986);
#5136=AXIS2_PLACEMENT_3D('',#7578,#5987,#5988);
#5137=AXIS2_PLACEMENT_3D('',#7579,#5989,#5990);
#5138=AXIS2_PLACEMENT_3D('',#7580,#5991,#5992);
#5139=AXIS2_PLACEMENT_3D('',#7590,#5996,#5997);
#5140=AXIS2_PLACEMENT_3D('',#7599,#5998,#5999);
#5141=AXIS2_PLACEMENT_3D('',#7600,#6000,#6001);
#5142=AXIS2_PLACEMENT_3D('',#7612,#6006,#6007);
#5143=AXIS2_PLACEMENT_3D('',#7624,#6012,#6013);
#5144=AXIS2_PLACEMENT_3D('',#7633,#6014,#6015);
#5145=AXIS2_PLACEMENT_3D('',#7634,#6016,#6017);
#5146=AXIS2_PLACEMENT_3D('',#7646,#6022,#6023);
#5147=AXIS2_PLACEMENT_3D('',#7658,#6028,#6029);
#5148=AXIS2_PLACEMENT_3D('',#7667,#6030,#6031);
#5149=AXIS2_PLACEMENT_3D('',#7668,#6032,#6033);
#5150=AXIS2_PLACEMENT_3D('',#7680,#6038,#6039);
#5151=AXIS2_PLACEMENT_3D('',#7681,#6040,#6041);
#5152=AXIS2_PLACEMENT_3D('',#7683,#6042,#6043);
#5153=AXIS2_PLACEMENT_3D('',#7688,#6044,#6045);
#5154=AXIS2_PLACEMENT_3D('',#7689,#6046,#6047);
#5155=AXIS2_PLACEMENT_3D('',#7691,#6048,#6049);
#5156=AXIS2_PLACEMENT_3D('',#7696,#6050,#6051);
#5157=AXIS2_PLACEMENT_3D('',#7697,#6052,#6053);
#5158=AXIS2_PLACEMENT_3D('',#7699,#6054,#6055);
#5159=AXIS2_PLACEMENT_3D('',#7704,#6056,#6057);
#5160=AXIS2_PLACEMENT_3D('',#7705,#6058,#6059);
#5161=AXIS2_PLACEMENT_3D('',#7707,#6060,#6061);
#5162=AXIS2_PLACEMENT_3D('',#7712,#6062,#6063);
#5163=AXIS2_PLACEMENT_3D('',#7713,#6064,#6065);
#5164=AXIS2_PLACEMENT_3D('',#7715,#6066,#6067);
#5165=AXIS2_PLACEMENT_3D('',#7720,#6068,#6069);
#5166=AXIS2_PLACEMENT_3D('',#7721,#6070,#6071);
#5167=AXIS2_PLACEMENT_3D('',#7723,#6072,#6073);
#5168=AXIS2_PLACEMENT_3D('',#7728,#6074,#6075);
#5169=AXIS2_PLACEMENT_3D('',#7729,#6076,#6077);
#5170=AXIS2_PLACEMENT_3D('',#7731,#6079,#6080);
#5171=AXIS2_PLACEMENT_3D('',#7734,#6082,#6083);
#5172=AXIS2_PLACEMENT_3D('',#7735,#6084,#6085);
#5173=AXIS2_PLACEMENT_3D('',#7737,#6087,#6088);
#5174=AXIS2_PLACEMENT_3D('',#7740,#6090,#6091);
#5175=AXIS2_PLACEMENT_3D('',#7741,#6092,#6093);
#5176=AXIS2_PLACEMENT_3D('',#7743,#6095,#6096);
#5177=AXIS2_PLACEMENT_3D('',#7746,#6098,#6099);
#5178=AXIS2_PLACEMENT_3D('',#7747,#6100,#6101);
#5179=AXIS2_PLACEMENT_3D('',#7749,#6103,#6104);
#5180=AXIS2_PLACEMENT_3D('',#7752,#6106,#6107);
#5181=AXIS2_PLACEMENT_3D('',#7753,#6108,#6109);
#5182=AXIS2_PLACEMENT_3D('',#7755,#6111,#6112);
#5183=AXIS2_PLACEMENT_3D('',#7758,#6114,#6115);
#5184=AXIS2_PLACEMENT_3D('',#7759,#6116,#6117);
#5185=AXIS2_PLACEMENT_3D('',#7761,#6119,#6120);
#5186=AXIS2_PLACEMENT_3D('',#7764,#6122,#6123);
#5187=AXIS2_PLACEMENT_3D('',#7765,#6124,#6125);
#5188=AXIS2_PLACEMENT_3D('',#7781,#6126,#6127);
#5189=AXIS2_PLACEMENT_3D('',#7784,#6129,#6130);
#5190=AXIS2_PLACEMENT_3D('',#7785,#6131,#6132);
#5191=AXIS2_PLACEMENT_3D('',#7791,#6136,#6137);
#5192=AXIS2_PLACEMENT_3D('',#7795,#6139,#6140);
#5193=AXIS2_PLACEMENT_3D('',#7796,#6141,#6142);
#5194=AXIS2_PLACEMENT_3D('',#7797,#6143,#6144);
#5195=AXIS2_PLACEMENT_3D('',#7799,#6145,#6146);
#5196=AXIS2_PLACEMENT_3D('',#7802,#6148,#6149);
#5197=AXIS2_PLACEMENT_3D('',#7803,#6150,#6151);
#5198=AXIS2_PLACEMENT_3D('',#7809,#6152,#6153);
#5199=AXIS2_PLACEMENT_3D('',#7810,#6154,#6155);
#5200=AXIS2_PLACEMENT_3D('',#7811,#6156,#6157);
#5201=AXIS2_PLACEMENT_3D('',#7813,#6158,#6159);
#5202=AXIS2_PLACEMENT_3D('',#7815,#6160,#6161);
#5203=AXIS2_PLACEMENT_3D('',#7819,#6163,#6164);
#5204=AXIS2_PLACEMENT_3D('',#7821,#6165,#6166);
#5205=AXIS2_PLACEMENT_3D('',#7823,#6167,#6168);
#5206=AXIS2_PLACEMENT_3D('',#7825,#6170,#6171);
#5207=AXIS2_PLACEMENT_3D('',#7841,#6172,#6173);
#5208=AXIS2_PLACEMENT_3D('',#7844,#6175,#6176);
#5209=AXIS2_PLACEMENT_3D('',#7845,#6177,#6178);
#5210=AXIS2_PLACEMENT_3D('',#7851,#6182,#6183);
#5211=AXIS2_PLACEMENT_3D('',#7855,#6185,#6186);
#5212=AXIS2_PLACEMENT_3D('',#7856,#6187,#6188);
#5213=AXIS2_PLACEMENT_3D('',#7857,#6189,#6190);
#5214=AXIS2_PLACEMENT_3D('',#7859,#6191,#6192);
#5215=AXIS2_PLACEMENT_3D('',#7862,#6194,#6195);
#5216=AXIS2_PLACEMENT_3D('',#7863,#6196,#6197);
#5217=AXIS2_PLACEMENT_3D('',#7869,#6198,#6199);
#5218=AXIS2_PLACEMENT_3D('',#7870,#6200,#6201);
#5219=AXIS2_PLACEMENT_3D('',#7871,#6202,#6203);
#5220=AXIS2_PLACEMENT_3D('',#7873,#6204,#6205);
#5221=AXIS2_PLACEMENT_3D('',#7875,#6206,#6207);
#5222=AXIS2_PLACEMENT_3D('',#7879,#6209,#6210);
#5223=AXIS2_PLACEMENT_3D('',#7881,#6211,#6212);
#5224=AXIS2_PLACEMENT_3D('',#7883,#6213,#6214);
#5225=AXIS2_PLACEMENT_3D('',#7885,#6216,#6217);
#5226=AXIS2_PLACEMENT_3D('',#7894,#6222,#6223);
#5227=AXIS2_PLACEMENT_3D('',#7896,#6224,#6225);
#5228=AXIS2_PLACEMENT_3D('',#7899,#6227,#6228);
#5229=AXIS2_PLACEMENT_3D('',#7900,#6229,#6230);
#5230=AXIS2_PLACEMENT_3D('',#7904,#6232,#6233);
#5231=AXIS2_PLACEMENT_3D('',#7905,#6234,#6235);
#5232=AXIS2_PLACEMENT_3D('',#7906,#6236,#6237);
#5233=AXIS2_PLACEMENT_3D('',#7908,#6238,#6239);
#5234=AXIS2_PLACEMENT_3D('',#7911,#6241,#6242);
#5235=AXIS2_PLACEMENT_3D('',#7912,#6243,#6244);
#5236=AXIS2_PLACEMENT_3D('',#7918,#6247,#6248);
#5237=AXIS2_PLACEMENT_3D('',#7966,#6250,#6251);
#5238=AXIS2_PLACEMENT_3D('',#7967,#6252,#6253);
#5239=AXIS2_PLACEMENT_3D('',#7975,#6258,#6259);
#5240=AXIS2_PLACEMENT_3D('',#7978,#6260,#6261);
#5241=AXIS2_PLACEMENT_3D('',#7981,#6263,#6264);
#5242=AXIS2_PLACEMENT_3D('',#7990,#6266,#6267);
#5243=AXIS2_PLACEMENT_3D('',#7993,#6268,#6269);
#5244=AXIS2_PLACEMENT_3D('',#7997,#6271,#6272);
#5245=AXIS2_PLACEMENT_3D('',#8035,#6274,#6275);
#5246=AXIS2_PLACEMENT_3D('',#8044,#6280,#6281);
#5247=AXIS2_PLACEMENT_3D('',#8046,#6282,#6283);
#5248=AXIS2_PLACEMENT_3D('',#8049,#6285,#6286);
#5249=AXIS2_PLACEMENT_3D('',#8050,#6287,#6288);
#5250=AXIS2_PLACEMENT_3D('',#8054,#6290,#6291);
#5251=AXIS2_PLACEMENT_3D('',#8055,#6292,#6293);
#5252=AXIS2_PLACEMENT_3D('',#8056,#6294,#6295);
#5253=AXIS2_PLACEMENT_3D('',#8058,#6296,#6297);
#5254=AXIS2_PLACEMENT_3D('',#8061,#6299,#6300);
#5255=AXIS2_PLACEMENT_3D('',#8062,#6301,#6302);
#5256=AXIS2_PLACEMENT_3D('',#8068,#6305,#6306);
#5257=AXIS2_PLACEMENT_3D('',#8110,#6308,#6309);
#5258=AXIS2_PLACEMENT_3D('',#8117,#6310,#6311);
#5259=AXIS2_PLACEMENT_3D('',#8124,#6316,#6317);
#5260=AXIS2_PLACEMENT_3D('',#8125,#6318,#6319);
#5261=AXIS2_PLACEMENT_3D('',#8126,#6320,#6321);
#5262=AXIS2_PLACEMENT_3D('',#8128,#6322,#6323);
#5263=AXIS2_PLACEMENT_3D('',#8132,#6325,#6326);
#5264=AXIS2_PLACEMENT_3D('',#8142,#6328,#6329);
#5265=AXIS2_PLACEMENT_3D('',#8145,#6330,#6331);
#5266=AXIS2_PLACEMENT_3D('',#8148,#6333,#6334);
#5267=AXIS2_PLACEMENT_3D('',#8185,#6336,#6337);
#5268=AXIS2_PLACEMENT_3D('',#8186,#6338,#6339);
#5269=AXIS2_PLACEMENT_3D('',#8187,#6340,#6341);
#5270=AXIS2_PLACEMENT_3D('',#8188,#6342,#6343);
#5271=AXIS2_PLACEMENT_3D('',#8189,#6344,#6345);
#5272=AXIS2_PLACEMENT_3D('',#8190,#6346,#6347);
#5273=AXIS2_PLACEMENT_3D('',#8191,#6348,#6349);
#5274=AXIS2_PLACEMENT_3D('',#8193,#6350,#6351);
#5275=AXIS2_PLACEMENT_3D('',#8197,#6353,#6354);
#5276=AXIS2_PLACEMENT_3D('',#8201,#6356,#6357);
#5277=AXIS2_PLACEMENT_3D('',#8203,#6358,#6359);
#5278=AXIS2_PLACEMENT_3D('',#8205,#6361,#6362);
#5279=AXIS2_PLACEMENT_3D('',#8207,#6363,#6364);
#5280=AXIS2_PLACEMENT_3D('',#8223,#6367,#6368);
#5281=AXIS2_PLACEMENT_3D('',#8227,#6370,#6371);
#5282=AXIS2_PLACEMENT_3D('',#8233,#6374,#6375);
#5283=AXIS2_PLACEMENT_3D('',#8235,#6376,#6377);
#5284=AXIS2_PLACEMENT_3D('',#8237,#6378,#6379);
#5285=AXIS2_PLACEMENT_3D('',#8239,#6381,#6382);
#5286=AXIS2_PLACEMENT_3D('',#8252,#6386,#6387);
#5287=AXIS2_PLACEMENT_3D('',#8255,#6390,#6391);
#5288=AXIS2_PLACEMENT_3D('',#8257,#6393,#6394);
#5289=AXIS2_PLACEMENT_3D('',#8259,#6396,#6397);
#5290=AXIS2_PLACEMENT_3D('',#8261,#6399,#6400);
#5291=AXIS2_PLACEMENT_3D('',#8263,#6402,#6403);
#5292=AXIS2_PLACEMENT_3D('',#8265,#6405,#6406);
#5293=AXIS2_PLACEMENT_3D('',#8267,#6408,#6409);
#5294=AXIS2_PLACEMENT_3D('',#8329,#6415,#6416);
#5295=AXIS2_PLACEMENT_3D('',#8334,#6419,#6420);
#5296=AXIS2_PLACEMENT_3D('',#8335,#6421,#6422);
#5297=AXIS2_PLACEMENT_3D('',#8339,#6425,#6426);
#5298=AXIS2_PLACEMENT_3D('',#8345,#6430,#6431);
#5299=AXIS2_PLACEMENT_3D('',#8351,#6433,#6434);
#5300=AXIS2_PLACEMENT_3D('',#8359,#6435,#6436);
#5301=AXIS2_PLACEMENT_3D('',#8360,#6437,#6438);
#5302=AXIS2_PLACEMENT_3D('',#8369,#6443,#6444);
#5303=AXIS2_PLACEMENT_3D('',#8371,#6445,#6446);
#5304=AXIS2_PLACEMENT_3D('',#8374,#6448,#6449);
#5305=AXIS2_PLACEMENT_3D('',#8375,#6450,#6451);
#5306=AXIS2_PLACEMENT_3D('',#8376,#6452,#6453);
#5307=AXIS2_PLACEMENT_3D('',#8378,#6454,#6455);
#5308=AXIS2_PLACEMENT_3D('',#8407,#6456,#6457);
#5309=AXIS2_PLACEMENT_3D('',#8409,#6458,#6459);
#5310=AXIS2_PLACEMENT_3D('',#8411,#6461,#6462);
#5311=AXIS2_PLACEMENT_3D('',#8414,#6464,#6465);
#5312=AXIS2_PLACEMENT_3D('',#8415,#6466,#6467);
#5313=AXIS2_PLACEMENT_3D('',#8417,#6468,#6469);
#5314=AXIS2_PLACEMENT_3D('',#8419,#6471,#6472);
#5315=AXIS2_PLACEMENT_3D('',#8449,#6474,#6475);
#5316=AXIS2_PLACEMENT_3D('',#8453,#6477,#6478);
#5317=AXIS2_PLACEMENT_3D('',#8457,#6480,#6481);
#5318=AXIS2_PLACEMENT_3D('',#8458,#6482,#6483);
#5319=AXIS2_PLACEMENT_3D('',#8459,#6484,#6485);
#5320=AXIS2_PLACEMENT_3D('',#8465,#6489,#6490);
#5321=AXIS2_PLACEMENT_3D('',#8467,#6491,#6492);
#5322=AXIS2_PLACEMENT_3D('',#8469,#6494,#6495);
#5323=AXIS2_PLACEMENT_3D('',#8471,#6496,#6497);
#5324=AXIS2_PLACEMENT_3D('',#8480,#6499,#6500);
#5325=AXIS2_PLACEMENT_3D('',#8487,#6505,#6506);
#5326=AXIS2_PLACEMENT_3D('',#8496,#6511,#6512);
#5327=AXIS2_PLACEMENT_3D('',#8498,#6513,#6514);
#5328=AXIS2_PLACEMENT_3D('',#8501,#6516,#6517);
#5329=AXIS2_PLACEMENT_3D('',#8502,#6518,#6519);
#5330=AXIS2_PLACEMENT_3D('',#8506,#6521,#6522);
#5331=AXIS2_PLACEMENT_3D('',#8507,#6523,#6524);
#5332=AXIS2_PLACEMENT_3D('',#8508,#6525,#6526);
#5333=AXIS2_PLACEMENT_3D('',#8510,#6527,#6528);
#5334=AXIS2_PLACEMENT_3D('',#8513,#6530,#6531);
#5335=AXIS2_PLACEMENT_3D('',#8514,#6532,#6533);
#5336=AXIS2_PLACEMENT_3D('',#8552,#6537,#6538);
#5337=AXIS2_PLACEMENT_3D('',#8560,#6541,#6542);
#5338=AXIS2_PLACEMENT_3D('',#8562,#6543,#6544);
#5339=AXIS2_PLACEMENT_3D('',#8564,#6545,#6546);
#5340=AXIS2_PLACEMENT_3D('',#8601,#6548,#6549);
#5341=AXIS2_PLACEMENT_3D('',#8602,#6550,#6551);
#5342=AXIS2_PLACEMENT_3D('',#8603,#6552,#6553);
#5343=AXIS2_PLACEMENT_3D('',#8604,#6554,#6555);
#5344=AXIS2_PLACEMENT_3D('',#8605,#6556,#6557);
#5345=AXIS2_PLACEMENT_3D('',#8606,#6558,#6559);
#5346=AXIS2_PLACEMENT_3D('',#8607,#6560,#6561);
#5347=AXIS2_PLACEMENT_3D('',#8608,#6562,#6563);
#5348=AXIS2_PLACEMENT_3D('',#8609,#6564,#6565);
#5349=AXIS2_PLACEMENT_3D('',#8626,#6569,#6570);
#5350=AXIS2_PLACEMENT_3D('',#8631,#6573,#6574);
#5351=AXIS2_PLACEMENT_3D('',#8634,#6576,#6577);
#5352=AXIS2_PLACEMENT_3D('',#8635,#6578,#6579);
#5353=AXIS2_PLACEMENT_3D('',#8637,#6581,#6582);
#5354=AXIS2_PLACEMENT_3D('',#8639,#6584,#6585);
#5355=AXIS2_PLACEMENT_3D('',#8641,#6587,#6588);
#5356=AXIS2_PLACEMENT_3D('',#8643,#6589,#6590);
#5357=AXIS2_PLACEMENT_3D('',#8648,#6595,#6596);
#5358=AXIS2_PLACEMENT_3D('',#8650,#6598,#6599);
#5359=AXIS2_PLACEMENT_3D('',#8660,#6605,#6606);
#5360=AXIS2_PLACEMENT_3D('',#8663,#6608,#6609);
#5361=AXIS2_PLACEMENT_3D('',#8664,#6610,#6611);
#5362=AXIS2_PLACEMENT_3D('',#8667,#6613,#6614);
#5363=AXIS2_PLACEMENT_3D('',#8668,#6615,#6616);
#5364=AXIS2_PLACEMENT_3D('',#8671,#6618,#6619);
#5365=AXIS2_PLACEMENT_3D('',#8672,#6620,#6621);
#5366=AXIS2_PLACEMENT_3D('',#8676,#6624,#6625);
#5367=AXIS2_PLACEMENT_3D('',#8678,#6627,#6628);
#5368=AXIS2_PLACEMENT_3D('',#8682,#6631,#6632);
#5369=AXIS2_PLACEMENT_3D('',#8683,#6633,#6634);
#5370=AXIS2_PLACEMENT_3D('',#8684,#6635,#6636);
#5371=AXIS2_PLACEMENT_3D('',#8688,#6639,#6640);
#5372=AXIS2_PLACEMENT_3D('',#8689,#6641,#6642);
#5373=AXIS2_PLACEMENT_3D('',#8690,#6643,#6644);
#5374=AXIS2_PLACEMENT_3D('',#8694,#6647,#6648);
#5375=AXIS2_PLACEMENT_3D('',#8695,#6649,#6650);
#5376=AXIS2_PLACEMENT_3D('',#8696,#6651,#6652);
#5377=AXIS2_PLACEMENT_3D('',#8700,#6655,#6656);
#5378=AXIS2_PLACEMENT_3D('',#8701,#6657,#6658);
#5379=AXIS2_PLACEMENT_3D('',#8702,#6659,#6660);
#5380=AXIS2_PLACEMENT_3D('',#8706,#6663,#6664);
#5381=AXIS2_PLACEMENT_3D('',#8707,#6665,#6666);
#5382=AXIS2_PLACEMENT_3D('',#8708,#6667,#6668);
#5383=AXIS2_PLACEMENT_3D('',#8710,#6670,#6671);
#5384=AXIS2_PLACEMENT_3D('',#8714,#6673,#6674);
#5385=AXIS2_PLACEMENT_3D('',#8716,#6676,#6677);
#5386=AXIS2_PLACEMENT_3D('',#8718,#6679,#6680);
#5387=AXIS2_PLACEMENT_3D('',#8719,#6681,#6682);
#5388=AXIS2_PLACEMENT_3D('',#8720,#6683,#6684);
#5389=AXIS2_PLACEMENT_3D('',#8724,#6686,#6687);
#5390=AXIS2_PLACEMENT_3D('',#8726,#6689,#6690);
#5391=AXIS2_PLACEMENT_3D('',#8742,#6696,#6697);
#5392=AXIS2_PLACEMENT_3D('',#8746,#6699,#6700);
#5393=AXIS2_PLACEMENT_3D('',#8748,#6702,#6703);
#5394=AXIS2_PLACEMENT_3D('',#8752,#6706,#6707);
#5395=AXIS2_PLACEMENT_3D('',#8754,#6708,#6709);
#5396=AXIS2_PLACEMENT_3D('',#8756,#6711,#6712);
#5397=AXIS2_PLACEMENT_3D('',#8759,#6714,#6715);
#5398=AXIS2_PLACEMENT_3D('',#8760,#6716,#6717);
#5399=AXIS2_PLACEMENT_3D('',#8764,#6720,#6721);
#5400=AXIS2_PLACEMENT_3D('',#8766,#6722,#6723);
#5401=AXIS2_PLACEMENT_3D('',#8768,#6725,#6726);
#5402=AXIS2_PLACEMENT_3D('',#8771,#6727,#6728);
#5403=AXIS2_PLACEMENT_3D('',#8784,#6729,#6730);
#5404=AXIS2_PLACEMENT_3D('',#8797,#6731,#6732);
#5405=AXIS2_PLACEMENT_3D('',#8800,#6734,#6735);
#5406=AXIS2_PLACEMENT_3D('',#8801,#6736,#6737);
#5407=AXIS2_PLACEMENT_3D('',#8802,#6738,#6739);
#5408=AXIS2_PLACEMENT_3D('',#8804,#6741,#6742);
#5409=AXIS2_PLACEMENT_3D('',#8805,#6743,#6744);
#5410=AXIS2_PLACEMENT_3D('',#8825,#6745,#6746);
#5411=AXIS2_PLACEMENT_3D('',#8826,#6747,#6748);
#5412=AXIS2_PLACEMENT_3D('',#8827,#6749,#6750);
#5413=AXIS2_PLACEMENT_3D('',#8828,#6751,#6752);
#5414=AXIS2_PLACEMENT_3D('',#8829,#6753,#6754);
#5415=AXIS2_PLACEMENT_3D('',#8832,#6757,#6758);
#5416=AXIS2_PLACEMENT_3D('',#8833,#6759,#6760);
#5417=AXIS2_PLACEMENT_3D('',#8835,#6762,#6763);
#5418=AXIS2_PLACEMENT_3D('',#8838,#6766,#6767);
#5419=AXIS2_PLACEMENT_3D('',#8840,#6769,#6770);
#5420=AXIS2_PLACEMENT_3D('',#8843,#6773,#6774);
#5421=AXIS2_PLACEMENT_3D('',#8845,#6776,#6777);
#5422=AXIS2_PLACEMENT_3D('',#8848,#6779,#6780);
#5423=AXIS2_PLACEMENT_3D('',#8849,#6781,#6782);
#5424=AXIS2_PLACEMENT_3D('',#8850,#6783,#6784);
#5425=AXIS2_PLACEMENT_3D('',#8851,#6785,#6786);
#5426=AXIS2_PLACEMENT_3D('',#8854,#6788,#6789);
#5427=AXIS2_PLACEMENT_3D('',#8855,#6790,#6791);
#5428=AXIS2_PLACEMENT_3D('',#8856,#6792,#6793);
#5429=AXIS2_PLACEMENT_3D('',#8857,#6794,#6795);
#5430=AXIS2_PLACEMENT_3D('',#8859,#6797,#6798);
#5431=AXIS2_PLACEMENT_3D('',#8860,#6799,#6800);
#5432=AXIS2_PLACEMENT_3D('',#8861,#6801,#6802);
#5433=AXIS2_PLACEMENT_3D('',#8863,#6804,#6805);
#5434=AXIS2_PLACEMENT_3D('',#8864,#6806,#6807);
#5435=AXIS2_PLACEMENT_3D('',#8865,#6808,#6809);
#5436=AXIS2_PLACEMENT_3D('',#8866,#6810,#6811);
#5437=AXIS2_PLACEMENT_3D('',#8867,#6812,#6813);
#5438=AXIS2_PLACEMENT_3D('',#8868,#6814,#6815);
#5439=AXIS2_PLACEMENT_3D('',#8869,#6816,#6817);
#5440=AXIS2_PLACEMENT_3D('',#8870,#6818,#6819);
#5441=AXIS2_PLACEMENT_3D('',#8871,#6820,#6821);
#5442=AXIS2_PLACEMENT_3D('',#8872,#6822,#6823);
#5443=AXIS2_PLACEMENT_3D('',#8874,#6824,#6825);
#5444=AXIS2_PLACEMENT_3D('',#8877,#6827,#6828);
#5445=AXIS2_PLACEMENT_3D('',#8878,#6829,#6830);
#5446=AXIS2_PLACEMENT_3D('',#8879,#6831,#6832);
#5447=AXIS2_PLACEMENT_3D('',#8881,#6833,#6834);
#5448=AXIS2_PLACEMENT_3D('',#8884,#6836,#6837);
#5449=AXIS2_PLACEMENT_3D('',#8885,#6838,#6839);
#5450=AXIS2_PLACEMENT_3D('',#8886,#6840,#6841);
#5451=AXIS2_PLACEMENT_3D('',#8888,#6842,#6843);
#5452=AXIS2_PLACEMENT_3D('',#8891,#6845,#6846);
#5453=AXIS2_PLACEMENT_3D('',#8892,#6847,#6848);
#5454=AXIS2_PLACEMENT_3D('',#8893,#6849,#6850);
#5455=AXIS2_PLACEMENT_3D('',#8895,#6851,#6852);
#5456=AXIS2_PLACEMENT_3D('',#8896,#6853,#6854);
#5457=AXIS2_PLACEMENT_3D('',#8898,#6855,#6856);
#5458=AXIS2_PLACEMENT_3D('',#8899,#6857,#6858);
#5459=AXIS2_PLACEMENT_3D('',#8901,#6859,#6860);
#5460=AXIS2_PLACEMENT_3D('',#8902,#6861,#6862);
#5461=AXIS2_PLACEMENT_3D('',#8906,#6864,#6865);
#5462=AXIS2_PLACEMENT_3D('',#8910,#6867,#6868);
#5463=AXIS2_PLACEMENT_3D('',#8913,#6870,#6871);
#5464=AXIS2_PLACEMENT_3D('',#8914,#6872,#6873);
#5465=AXIS2_PLACEMENT_3D('',#8918,#6875,#6876);
#5466=AXIS2_PLACEMENT_3D('',#8920,#6878,#6879);
#5467=AXIS2_PLACEMENT_3D('',#8926,#6882,#6883);
#5468=AXIS2_PLACEMENT_3D('',#8930,#6885,#6886);
#5469=AXIS2_PLACEMENT_3D('',#8932,#6887,#6888);
#5470=AXIS2_PLACEMENT_3D('',#8936,#6890,#6891);
#5471=AXIS2_PLACEMENT_3D('',#8940,#6893,#6894);
#5472=AXIS2_PLACEMENT_3D('',#8942,#6895,#6896);
#5473=AXIS2_PLACEMENT_3D('',#8945,#6898,#6899);
#5474=AXIS2_PLACEMENT_3D('',#8946,#6900,#6901);
#5475=AXIS2_PLACEMENT_3D('',#8951,#6904,#6905);
#5476=AXIS2_PLACEMENT_3D('',#8953,#6907,#6908);
#5477=AXIS2_PLACEMENT_3D('',#8957,#6910,#6911);
#5478=AXIS2_PLACEMENT_3D('',#8959,#6913,#6914);
#5479=AXIS2_PLACEMENT_3D('',#8964,#6917,#6918);
#5480=AXIS2_PLACEMENT_3D('',#8966,#6920,#6921);
#5481=AXIS2_PLACEMENT_3D('',#8970,#6923,#6924);
#5482=AXIS2_PLACEMENT_3D('',#8972,#6926,#6927);
#5483=AXIS2_PLACEMENT_3D('',#8978,#6931,#6932);
#5484=AXIS2_PLACEMENT_3D('',#8980,#6933,#6934);
#5485=AXIS2_PLACEMENT_3D('',#8982,#6936,#6937);
#5486=AXIS2_PLACEMENT_3D('',#8986,#6940,#6941);
#5487=AXIS2_PLACEMENT_3D('',#8988,#6942,#6943);
#5488=AXIS2_PLACEMENT_3D('',#8990,#6945,#6946);
#5489=AXIS2_PLACEMENT_3D('',#8994,#6949,#6950);
#5490=AXIS2_PLACEMENT_3D('',#8996,#6951,#6952);
#5491=AXIS2_PLACEMENT_3D('',#8998,#6954,#6955);
#5492=AXIS2_PLACEMENT_3D('',#9002,#6958,#6959);
#5493=AXIS2_PLACEMENT_3D('',#9004,#6960,#6961);
#5494=AXIS2_PLACEMENT_3D('',#9006,#6963,#6964);
#5495=AXIS2_PLACEMENT_3D('',#9010,#6967,#6968);
#5496=AXIS2_PLACEMENT_3D('',#9012,#6969,#6970);
#5497=AXIS2_PLACEMENT_3D('',#9014,#6972,#6973);
#5498=AXIS2_PLACEMENT_3D('',#9018,#6976,#6977);
#5499=AXIS2_PLACEMENT_3D('',#9019,#6978,#6979);
#5500=AXIS2_PLACEMENT_3D('',#9020,#6980,#6981);
#5501=DIRECTION('axis',(0.,0.,1.));
#5502=DIRECTION('refdir',(1.,0.,0.));
#5503=DIRECTION('center_axis',(0.,0.,-1.));
#5504=DIRECTION('ref_axis',(0.5,0.866025403784438,0.));
#5505=DIRECTION('center_axis',(0.,0.,1.));
#5506=DIRECTION('ref_axis',(0.5,0.866025403784438,0.));
#5507=DIRECTION('',(-0.353553390593274,-0.612372435695794,-0.707106781186548));
#5508=DIRECTION('center_axis',(0.,0.,1.));
#5509=DIRECTION('ref_axis',(1.,0.,0.));
#5510=DIRECTION('center_axis',(0.,0.,1.));
#5511=DIRECTION('ref_axis',(1.,0.,0.));
#5512=DIRECTION('center_axis',(0.,0.,1.));
#5513=DIRECTION('ref_axis',(0.5,0.866025403784438,0.));
#5514=DIRECTION('',(0.,0.,1.));
#5515=DIRECTION('center_axis',(0.,0.,-1.));
#5516=DIRECTION('ref_axis',(0.5,0.866025403784438,0.));
#5517=DIRECTION('center_axis',(0.,0.,-1.));
#5518=DIRECTION('ref_axis',(0.5,-0.866025403784439,0.));
#5519=DIRECTION('center_axis',(0.,0.,1.));
#5520=DIRECTION('ref_axis',(0.5,-0.866025403784439,0.));
#5521=DIRECTION('',(-0.353553390593273,0.612372435695794,-0.707106781186548));
#5522=DIRECTION('center_axis',(0.,0.,1.));
#5523=DIRECTION('ref_axis',(1.,0.,0.));
#5524=DIRECTION('center_axis',(0.,0.,1.));
#5525=DIRECTION('ref_axis',(1.,0.,0.));
#5526=DIRECTION('center_axis',(0.,0.,1.));
#5527=DIRECTION('ref_axis',(0.5,-0.866025403784439,0.));
#5528=DIRECTION('',(0.,0.,1.));
#5529=DIRECTION('center_axis',(0.,0.,-1.));
#5530=DIRECTION('ref_axis',(0.5,-0.866025403784439,0.));
#5531=DIRECTION('center_axis',(0.,0.,-1.));
#5532=DIRECTION('ref_axis',(-1.,0.,0.));
#5533=DIRECTION('center_axis',(0.,0.,1.));
#5534=DIRECTION('ref_axis',(-1.,0.,0.));
#5535=DIRECTION('',(0.707106781186547,-8.65956056235493E-17,-0.707106781186548));
#5536=DIRECTION('center_axis',(0.,0.,1.));
#5537=DIRECTION('ref_axis',(1.,0.,0.));
#5538=DIRECTION('center_axis',(0.,0.,1.));
#5539=DIRECTION('ref_axis',(1.,0.,0.));
#5540=DIRECTION('center_axis',(0.,0.,1.));
#5541=DIRECTION('ref_axis',(-1.,0.,0.));
#5542=DIRECTION('',(0.,0.,1.));
#5543=DIRECTION('center_axis',(0.,0.,-1.));
#5544=DIRECTION('ref_axis',(-1.,0.,0.));
#5545=DIRECTION('center_axis',(0.,0.,-1.));
#5546=DIRECTION('ref_axis',(1.,0.,0.));
#5547=DIRECTION('center_axis',(0.,0.,1.));
#5548=DIRECTION('ref_axis',(1.,0.,0.));
#5549=DIRECTION('',(-0.707106781186547,8.65956056235493E-17,-0.707106781186548));
#5550=DIRECTION('center_axis',(0.,0.,-1.));
#5551=DIRECTION('ref_axis',(1.,0.,0.));
#5552=DIRECTION('center_axis',(0.,0.,-1.));
#5553=DIRECTION('ref_axis',(1.,0.,0.));
#5554=DIRECTION('center_axis',(0.,0.,1.));
#5555=DIRECTION('ref_axis',(1.,0.,0.));
#5556=DIRECTION('',(0.,0.,1.));
#5557=DIRECTION('center_axis',(0.,0.,-1.));
#5558=DIRECTION('ref_axis',(1.,0.,0.));
#5559=DIRECTION('center_axis',(0.,0.,1.));
#5560=DIRECTION('ref_axis',(1.,0.,0.));
#5561=DIRECTION('',(-0.707106781186548,8.65956056235494E-17,-0.707106781186547));
#5562=DIRECTION('center_axis',(0.,0.,-1.));
#5563=DIRECTION('ref_axis',(1.,0.,0.));
#5564=DIRECTION('center_axis',(0.,0.,1.));
#5565=DIRECTION('ref_axis',(1.,0.,0.));
#5566=DIRECTION('center_axis',(0.,0.,-1.));
#5567=DIRECTION('ref_axis',(-0.695463457918738,0.718561464802916,0.));
#5568=DIRECTION('center_axis',(0.,0.,1.));
#5569=DIRECTION('ref_axis',(0.915726586639477,0.401801964307806,0.));
#5570=DIRECTION('center_axis',(0.,0.,1.));
#5571=DIRECTION('ref_axis',(1.,0.,0.));
#5572=DIRECTION('center_axis',(0.,0.,1.));
#5573=DIRECTION('ref_axis',(-0.257166899699599,0.966367003626933,0.));
#5574=DIRECTION('center_axis',(0.,0.,-1.));
#5575=DIRECTION('ref_axis',(1.,0.,0.));
#5576=DIRECTION('center_axis',(0.,0.,1.));
#5577=DIRECTION('ref_axis',(-0.157924874716062,-0.987451129902597,0.));
#5578=DIRECTION('',(0.913545457642599,0.406736643075805,0.));
#5579=DIRECTION('center_axis',(0.,0.,-1.));
#5580=DIRECTION('ref_axis',(0.24802121931927,0.968754599869019,0.));
#5581=DIRECTION('center_axis',(0.,0.,-1.));
#5582=DIRECTION('ref_axis',(0.787676692794357,0.616088814724423,0.));
#5583=DIRECTION('center_axis',(0.,0.,-1.));
#5584=DIRECTION('ref_axis',(0.248021219319268,-0.968754599869019,0.));
#5585=DIRECTION('',(-0.913545457642599,0.406736643075804,0.));
#5586=DIRECTION('center_axis',(0.,0.,1.));
#5587=DIRECTION('ref_axis',(-0.157924874716061,0.987451129902597,0.));
#5588=DIRECTION('center_axis',(0.,0.,-1.));
#5589=DIRECTION('ref_axis',(1.,0.,0.));
#5590=DIRECTION('center_axis',(0.,0.,1.));
#5591=DIRECTION('ref_axis',(-0.10989258493869,-0.993943469104502,0.));
#5592=DIRECTION('center_axis',(0.,0.,1.));
#5593=DIRECTION('ref_axis',(1.,0.,0.));
#5594=DIRECTION('center_axis',(0.,0.,1.));
#5595=DIRECTION('ref_axis',(0.965481824369772,-0.260470433661129,0.));
#5596=DIRECTION('center_axis',(0.,0.,-1.));
#5597=DIRECTION('ref_axis',(1.,0.,0.));
#5598=DIRECTION('center_axis',(0.,0.,1.));
#5599=DIRECTION('ref_axis',(0.157924874716061,0.987451129902597,0.));
#5600=DIRECTION('',(-0.9135454576426,-0.406736643075803,0.));
#5601=DIRECTION('center_axis',(0.,0.,-1.));
#5602=DIRECTION('ref_axis',(-0.24802121931928,-0.968754599869016,0.));
#5603=DIRECTION('center_axis',(0.,0.,-1.));
#5604=DIRECTION('ref_axis',(-0.787676692794357,-0.616088814724423,0.));
#5605=DIRECTION('center_axis',(0.,0.,-1.));
#5606=DIRECTION('ref_axis',(-0.24802121931927,0.968754599869019,0.));
#5607=DIRECTION('',(0.913545457642598,-0.406736643075806,0.));
#5608=DIRECTION('center_axis',(0.,0.,1.));
#5609=DIRECTION('ref_axis',(0.157924874716059,-0.987451129902598,0.));
#5610=DIRECTION('center_axis',(0.,0.,-1.));
#5611=DIRECTION('ref_axis',(-1.,0.,0.));
#5612=DIRECTION('center_axis',(0.,0.,1.));
#5613=DIRECTION('ref_axis',(-0.805834001700787,0.592141504796696,0.));
#5614=DIRECTION('center_axis',(0.,0.,1.));
#5615=DIRECTION('ref_axis',(-1.,0.,0.));
#5616=DIRECTION('center_axis',(0.,0.,1.));
#5617=DIRECTION('ref_axis',(-0.708314924670173,-0.705896569965804,0.));
#5618=DIRECTION('center_axis',(0.,0.,-1.));
#5619=DIRECTION('ref_axis',(-0.695463457918738,0.718561464802916,0.));
#5620=DIRECTION('center_axis',(0.,0.,-1.));
#5621=DIRECTION('ref_axis',(1.,0.,0.));
#5622=DIRECTION('center_axis',(0.,0.,-1.));
#5623=DIRECTION('ref_axis',(1.,0.,0.));
#5624=DIRECTION('center_axis',(0.,0.,1.));
#5625=DIRECTION('ref_axis',(1.,0.,0.));
#5626=DIRECTION('',(0.,0.,1.));
#5627=DIRECTION('center_axis',(0.,0.,-1.));
#5628=DIRECTION('ref_axis',(1.,0.,0.));
#5629=DIRECTION('center_axis',(0.,0.,1.));
#5630=DIRECTION('ref_axis',(1.,0.,0.));
#5631=DIRECTION('',(-0.707106781186548,8.65956056235494E-17,-0.707106781186547));
#5632=DIRECTION('center_axis',(0.,0.,1.));
#5633=DIRECTION('ref_axis',(1.,0.,0.));
#5634=DIRECTION('',(0.,0.,1.));
#5635=DIRECTION('center_axis',(0.,0.,1.));
#5636=DIRECTION('ref_axis',(-1.,0.,0.));
#5637=DIRECTION('center_axis',(0.,0.,-1.));
#5638=DIRECTION('ref_axis',(-1.,0.,0.));
#5639=DIRECTION('',(0.707106781186547,8.65956056235493E-17,0.707106781186548));
#5640=DIRECTION('center_axis',(0.,0.,1.));
#5641=DIRECTION('ref_axis',(-1.,0.,0.));
#5642=DIRECTION('center_axis',(0.,0.,-1.));
#5643=DIRECTION('ref_axis',(-1.,0.,0.));
#5644=DIRECTION('center_axis',(0.,0.,1.));
#5645=DIRECTION('ref_axis',(1.,0.,0.));
#5646=DIRECTION('center_axis',(0.,0.,1.));
#5647=DIRECTION('ref_axis',(1.,0.,0.));
#5648=DIRECTION('',(0.,0.,1.));
#5649=DIRECTION('center_axis',(0.,0.,1.));
#5650=DIRECTION('ref_axis',(-1.,0.,0.));
#5651=DIRECTION('',(-0.250380004054442,-0.968147640378108,0.));
#5652=DIRECTION('center_axis',(0.,0.,-1.));
#5653=DIRECTION('ref_axis',(1.,0.,0.));
#5654=DIRECTION('',(-0.250380004054441,0.968147640378108,0.));
#5655=DIRECTION('center_axis',(0.,0.,-1.));
#5656=DIRECTION('ref_axis',(-1.,0.,0.));
#5657=DIRECTION('',(0.963630453208623,0.267238376078256,0.));
#5658=DIRECTION('center_axis',(0.,0.,-1.));
#5659=DIRECTION('ref_axis',(1.,0.,0.));
#5660=DIRECTION('',(-0.713250449154182,-0.700909264299851,0.));
#5661=DIRECTION('center_axis',(0.,0.,-1.));
#5662=DIRECTION('ref_axis',(-1.,0.,0.));
#5663=DIRECTION('',(-0.713250449154181,0.700909264299851,0.));
#5664=DIRECTION('center_axis',(0.,0.,-1.));
#5665=DIRECTION('ref_axis',(1.,0.,0.));
#5666=DIRECTION('center_axis',(0.,0.,-1.));
#5667=DIRECTION('ref_axis',(1.,0.,0.));
#5668=DIRECTION('',(0.963630453208623,-0.267238376078257,0.));
#5669=DIRECTION('center_axis',(0.,0.,-1.));
#5670=DIRECTION('ref_axis',(-1.,0.,0.));
#5671=DIRECTION('center_axis',(0.,0.,-1.));
#5672=DIRECTION('ref_axis',(1.,0.,0.));
#5673=DIRECTION('',(-0.707106781186547,8.65956056235493E-17,-0.707106781186548));
#5674=DIRECTION('center_axis',(0.,0.,1.));
#5675=DIRECTION('ref_axis',(-0.257166899699599,0.966367003626933,0.));
#5676=DIRECTION('center_axis',(0.,0.,-1.));
#5677=DIRECTION('ref_axis',(-0.257166899699599,0.966367003626933,0.));
#5678=DIRECTION('center_axis',(0.,0.,1.));
#5679=DIRECTION('ref_axis',(1.,0.,0.));
#5680=DIRECTION('center_axis',(0.,0.,-1.));
#5681=DIRECTION('ref_axis',(1.,0.,0.));
#5682=DIRECTION('center_axis',(0.,0.,1.));
#5683=DIRECTION('ref_axis',(0.915726586639477,0.401801964307806,0.));
#5684=DIRECTION('center_axis',(0.,0.,-1.));
#5685=DIRECTION('ref_axis',(0.915726586639477,0.401801964307806,0.));
#5686=DIRECTION('center_axis',(0.,0.,-1.));
#5687=DIRECTION('ref_axis',(1.,0.,0.));
#5688=DIRECTION('center_axis',(0.,0.,1.));
#5689=DIRECTION('ref_axis',(1.,0.,0.));
#5690=DIRECTION('center_axis',(0.,0.,1.));
#5691=DIRECTION('ref_axis',(-0.695463457918738,0.718561464802916,0.));
#5692=DIRECTION('center_axis',(0.,0.,1.));
#5693=DIRECTION('ref_axis',(1.,0.,0.));
#5694=DIRECTION('',(0.,0.,1.));
#5695=DIRECTION('center_axis',(0.,0.,1.));
#5696=DIRECTION('ref_axis',(1.,0.,0.));
#5697=DIRECTION('',(0.,0.,1.));
#5698=DIRECTION('center_axis',(0.,0.,1.));
#5699=DIRECTION('ref_axis',(-0.257166899699599,0.966367003626933,0.));
#5700=DIRECTION('',(0.,0.,1.));
#5701=DIRECTION('center_axis',(0.,0.,-1.));
#5702=DIRECTION('ref_axis',(-0.257166899699599,0.966367003626933,0.));
#5703=DIRECTION('center_axis',(0.,0.,1.));
#5704=DIRECTION('ref_axis',(-0.708314924670173,-0.705896569965804,0.));
#5705=DIRECTION('center_axis',(0.,0.,-1.));
#5706=DIRECTION('ref_axis',(-0.708314924670173,-0.705896569965804,0.));
#5707=DIRECTION('center_axis',(0.,0.,1.));
#5708=DIRECTION('ref_axis',(-1.,0.,0.));
#5709=DIRECTION('center_axis',(0.,0.,-1.));
#5710=DIRECTION('ref_axis',(-1.,0.,0.));
#5711=DIRECTION('center_axis',(0.,0.,1.));
#5712=DIRECTION('ref_axis',(-0.805834001700787,0.592141504796696,0.));
#5713=DIRECTION('center_axis',(0.,0.,-1.));
#5714=DIRECTION('ref_axis',(-0.805834001700787,0.592141504796696,0.));
#5715=DIRECTION('center_axis',(0.,0.,-1.));
#5716=DIRECTION('ref_axis',(-1.,0.,0.));
#5717=DIRECTION('center_axis',(0.,0.,1.));
#5718=DIRECTION('ref_axis',(-0.695463457918738,0.718561464802916,0.));
#5719=DIRECTION('center_axis',(0.,0.,1.));
#5720=DIRECTION('ref_axis',(-1.,0.,0.));
#5721=DIRECTION('center_axis',(0.,0.,1.));
#5722=DIRECTION('ref_axis',(-0.866025403784433,0.50000000000001,0.));
#5723=DIRECTION('',(0.,0.,1.));
#5724=DIRECTION('center_axis',(0.,0.,1.));
#5725=DIRECTION('ref_axis',(1.,0.,0.));
#5726=DIRECTION('',(0.,0.,1.));
#5727=DIRECTION('center_axis',(0.,0.,1.));
#5728=DIRECTION('ref_axis',(-0.708314924670173,-0.705896569965804,0.));
#5729=DIRECTION('',(0.,0.,1.));
#5730=DIRECTION('center_axis',(0.,0.,-1.));
#5731=DIRECTION('ref_axis',(-0.708314924670173,-0.705896569965804,0.));
#5732=DIRECTION('center_axis',(0.,0.,1.));
#5733=DIRECTION('ref_axis',(1.,0.,0.));
#5734=DIRECTION('center_axis',(0.,0.,-1.));
#5735=DIRECTION('ref_axis',(1.,0.,0.));
#5736=DIRECTION('center_axis',(0.,0.,1.));
#5737=DIRECTION('ref_axis',(-0.10989258493869,-0.993943469104502,0.));
#5738=DIRECTION('center_axis',(0.,0.,-1.));
#5739=DIRECTION('ref_axis',(-0.10989258493869,-0.993943469104502,0.));
#5740=DIRECTION('center_axis',(0.,0.,1.));
#5741=DIRECTION('ref_axis',(0.965481824369772,-0.260470433661129,0.));
#5742=DIRECTION('center_axis',(0.,0.,-1.));
#5743=DIRECTION('ref_axis',(0.965481824369772,-0.260470433661129,0.));
#5744=DIRECTION('center_axis',(0.,0.,-1.));
#5745=DIRECTION('ref_axis',(1.,0.,0.));
#5746=DIRECTION('center_axis',(0.,0.,1.));
#5747=DIRECTION('ref_axis',(0.695463457918737,-0.718561464802917,0.));
#5748=DIRECTION('center_axis',(0.,0.,1.));
#5749=DIRECTION('ref_axis',(1.,0.,0.));
#5750=DIRECTION('center_axis',(0.,0.,1.));
#5751=DIRECTION('ref_axis',(0.965481824369772,-0.260470433661129,0.));
#5752=DIRECTION('',(0.,0.,1.));
#5753=DIRECTION('center_axis',(0.,0.,-1.));
#5754=DIRECTION('ref_axis',(0.965481824369772,-0.260470433661129,0.));
#5755=DIRECTION('',(0.,0.,1.));
#5756=DIRECTION('center_axis',(0.,0.,1.));
#5757=DIRECTION('ref_axis',(1.,0.,0.));
#5758=DIRECTION('',(0.,0.,1.));
#5759=DIRECTION('center_axis',(0.,0.,-1.));
#5760=DIRECTION('ref_axis',(1.,0.,0.));
#5761=DIRECTION('center_axis',(0.968147640378108,-0.250380004054442,0.));
#5762=DIRECTION('ref_axis',(0.250380004054442,0.968147640378108,0.));
#5763=DIRECTION('',(0.,0.,-1.));
#5764=DIRECTION('',(0.,0.,-1.));
#5765=DIRECTION('',(-0.177045398740411,-0.684583761701115,-0.707106781186547));
#5766=DIRECTION('',(-0.250380004054442,-0.968147640378108,0.));
#5767=DIRECTION('',(-0.177045398740411,-0.684583761701115,0.707106781186548));
#5768=DIRECTION('',(0.,0.,1.));
#5769=DIRECTION('',(-0.250380004054442,-0.968147640378108,0.));
#5770=DIRECTION('center_axis',(-0.700909264299851,-0.713250449154181,0.));
#5771=DIRECTION('ref_axis',(0.713250449154181,-0.700909264299851,0.));
#5772=DIRECTION('',(0.,0.,-1.));
#5773=DIRECTION('',(0.,0.,-1.));
#5774=DIRECTION('',(-0.504344229281272,0.495617693782899,-0.707106781186547));
#5775=DIRECTION('',(-0.713250449154181,0.700909264299851,0.));
#5776=DIRECTION('',(-0.504344229281272,0.495617693782899,0.707106781186548));
#5777=DIRECTION('',(0.,0.,1.));
#5778=DIRECTION('',(-0.713250449154181,0.700909264299851,0.));
#5779=DIRECTION('center_axis',(0.,0.,1.));
#5780=DIRECTION('ref_axis',(1.,0.,0.));
#5781=DIRECTION('center_axis',(0.,0.,1.));
#5782=DIRECTION('ref_axis',(1.,0.,0.));
#5783=DIRECTION('',(0.,0.,1.));
#5784=DIRECTION('center_axis',(0.,0.,-1.));
#5785=DIRECTION('ref_axis',(1.,0.,0.));
#5786=DIRECTION('',(0.,0.,1.));
#5787=DIRECTION('center_axis',(0.,0.,-1.));
#5788=DIRECTION('ref_axis',(1.,0.,0.));
#5789=DIRECTION('center_axis',(0.,0.,1.));
#5790=DIRECTION('ref_axis',(1.,0.,0.));
#5791=DIRECTION('center_axis',(0.,0.,1.));
#5792=DIRECTION('ref_axis',(1.,0.,0.));
#5793=DIRECTION('',(0.,0.,1.));
#5794=DIRECTION('center_axis',(0.,0.,-1.));
#5795=DIRECTION('ref_axis',(1.,0.,0.));
#5796=DIRECTION('',(0.,0.,1.));
#5797=DIRECTION('center_axis',(-0.267238376078256,0.963630453208623,0.));
#5798=DIRECTION('ref_axis',(-0.963630453208623,-0.267238376078256,0.));
#5799=DIRECTION('',(0.963630453208623,0.267238376078256,0.));
#5800=DIRECTION('',(0.,0.,-1.));
#5801=DIRECTION('',(0.,0.,-1.));
#5802=DIRECTION('',(0.681389628021683,0.188966067918216,-0.707106781186548));
#5803=DIRECTION('',(0.963630453208623,0.267238376078256,0.));
#5804=DIRECTION('',(0.681389628021683,0.188966067918216,0.707106781186548));
#5805=DIRECTION('',(0.,0.,1.));
#5806=DIRECTION('center_axis',(-0.968147640378108,-0.250380004054441,0.));
#5807=DIRECTION('ref_axis',(0.250380004054441,-0.968147640378108,0.));
#5808=DIRECTION('',(0.,0.,-1.));
#5809=DIRECTION('',(-0.177045398740411,0.684583761701115,-0.707106781186548));
#5810=DIRECTION('',(-0.250380004054441,0.968147640378108,0.));
#5811=DIRECTION('',(-0.177045398740411,0.684583761701115,0.707106781186547));
#5812=DIRECTION('',(0.,0.,1.));
#5813=DIRECTION('',(-0.250380004054441,0.968147640378108,0.));
#5814=DIRECTION('center_axis',(0.267238376078257,0.963630453208623,0.));
#5815=DIRECTION('ref_axis',(-0.963630453208623,0.267238376078257,0.));
#5816=DIRECTION('',(0.,0.,-1.));
#5817=DIRECTION('',(0.681389628021683,-0.188966067918217,-0.707106781186548));
#5818=DIRECTION('',(0.963630453208623,-0.267238376078257,0.));
#5819=DIRECTION('',(0.681389628021683,-0.188966067918217,0.707106781186547));
#5820=DIRECTION('',(0.,0.,1.));
#5821=DIRECTION('',(0.963630453208623,-0.267238376078257,0.));
#5822=DIRECTION('center_axis',(0.700909264299851,-0.713250449154182,0.));
#5823=DIRECTION('ref_axis',(0.713250449154182,0.700909264299851,0.));
#5824=DIRECTION('',(0.,0.,-1.));
#5825=DIRECTION('',(-0.504344229281273,-0.495617693782898,-0.707106781186548));
#5826=DIRECTION('',(-0.713250449154182,-0.700909264299851,0.));
#5827=DIRECTION('',(-0.504344229281273,-0.495617693782898,0.707106781186548));
#5828=DIRECTION('',(0.,0.,1.));
#5829=DIRECTION('',(0.,0.,1.));
#5830=DIRECTION('',(-0.713250449154182,-0.70090926429985,0.));
#5831=DIRECTION('center_axis',(0.,0.,-1.));
#5832=DIRECTION('ref_axis',(1.,0.,0.));
#5833=DIRECTION('center_axis',(0.,0.,1.));
#5834=DIRECTION('ref_axis',(1.,0.,0.));
#5835=DIRECTION('center_axis',(0.,0.,1.));
#5836=DIRECTION('ref_axis',(1.,0.,0.));
#5837=DIRECTION('',(0.,0.,1.));
#5838=DIRECTION('center_axis',(0.,0.,-1.));
#5839=DIRECTION('ref_axis',(1.,0.,0.));
#5840=DIRECTION('center_axis',(0.,0.,-1.));
#5841=DIRECTION('ref_axis',(1.,0.,0.));
#5842=DIRECTION('center_axis',(0.,0.,-1.));
#5843=DIRECTION('ref_axis',(1.,0.,0.));
#5844=DIRECTION('center_axis',(0.,0.,-1.));
#5845=DIRECTION('ref_axis',(1.,0.,0.));
#5846=DIRECTION('center_axis',(0.,0.,1.));
#5847=DIRECTION('ref_axis',(-1.,0.,0.));
#5848=DIRECTION('center_axis',(0.,0.,-1.));
#5849=DIRECTION('ref_axis',(-1.,0.,0.));
#5850=DIRECTION('center_axis',(0.,0.,1.));
#5851=DIRECTION('ref_axis',(-1.,0.,0.));
#5852=DIRECTION('center_axis',(0.,0.,-1.));
#5853=DIRECTION('ref_axis',(-1.,0.,0.));
#5854=DIRECTION('center_axis',(0.,0.,1.));
#5855=DIRECTION('ref_axis',(-1.,0.,0.));
#5856=DIRECTION('center_axis',(0.,0.,-1.));
#5857=DIRECTION('ref_axis',(-1.,0.,0.));
#5858=DIRECTION('center_axis',(0.,0.,-1.));
#5859=DIRECTION('ref_axis',(0.999379793984712,0.0352140224211154,0.));
#5860=DIRECTION('center_axis',(0.,0.,1.));
#5861=DIRECTION('ref_axis',(1.,0.,0.));
#5862=DIRECTION('center_axis',(0.,0.,-1.));
#5863=DIRECTION('ref_axis',(1.,0.,0.));
#5864=DIRECTION('center_axis',(0.,0.,-1.));
#5865=DIRECTION('ref_axis',(-1.,0.,0.));
#5866=DIRECTION('center_axis',(0.,0.,-1.));
#5867=DIRECTION('ref_axis',(1.,0.,0.));
#5868=DIRECTION('center_axis',(0.,0.,1.));
#5869=DIRECTION('ref_axis',(1.,0.,0.));
#5870=DIRECTION('center_axis',(0.,0.,1.));
#5871=DIRECTION('ref_axis',(-1.,0.,0.));
#5872=DIRECTION('center_axis',(0.,0.,1.));
#5873=DIRECTION('ref_axis',(-1.,0.,0.));
#5874=DIRECTION('',(0.,0.,1.));
#5875=DIRECTION('center_axis',(0.,0.,-1.));
#5876=DIRECTION('ref_axis',(-1.,0.,0.));
#5877=DIRECTION('',(0.,0.,1.));
#5878=DIRECTION('center_axis',(0.,0.,1.));
#5879=DIRECTION('ref_axis',(-1.,0.,0.));
#5880=DIRECTION('center_axis',(0.,0.,-1.));
#5881=DIRECTION('ref_axis',(-1.,0.,0.));
#5882=DIRECTION('center_axis',(0.,0.,-1.));
#5883=DIRECTION('ref_axis',(1.,0.,0.));
#5884=DIRECTION('center_axis',(0.,0.,-1.));
#5885=DIRECTION('ref_axis',(-1.,0.,0.));
#5886=DIRECTION('center_axis',(0.,0.,-1.));
#5887=DIRECTION('ref_axis',(1.,0.,0.));
#5888=DIRECTION('center_axis',(0.,0.,-1.));
#5889=DIRECTION('ref_axis',(0.866025403784439,0.499999999999999,0.));
#5890=DIRECTION('center_axis',(0.,0.,-1.));
#5891=DIRECTION('ref_axis',(-1.,0.,0.));
#5892=DIRECTION('center_axis',(0.,0.,-1.));
#5893=DIRECTION('ref_axis',(-1.,0.,0.));
#5894=DIRECTION('center_axis',(0.,0.,-1.));
#5895=DIRECTION('ref_axis',(-1.,0.,0.));
#5896=DIRECTION('center_axis',(0.,0.,-1.));
#5897=DIRECTION('ref_axis',(-1.,0.,0.));
#5898=DIRECTION('center_axis',(0.,0.,1.));
#5899=DIRECTION('ref_axis',(-1.,0.,0.));
#5900=DIRECTION('center_axis',(0.,0.,-1.));
#5901=DIRECTION('ref_axis',(-1.,0.,0.));
#5902=DIRECTION('center_axis',(0.,0.,-1.));
#5903=DIRECTION('ref_axis',(-1.,0.,0.));
#5904=DIRECTION('center_axis',(0.,0.,-1.));
#5905=DIRECTION('ref_axis',(-1.,0.,0.));
#5906=DIRECTION('center_axis',(0.,0.,1.));
#5907=DIRECTION('ref_axis',(-1.,0.,0.));
#5908=DIRECTION('center_axis',(0.,0.,1.));
#5909=DIRECTION('ref_axis',(-1.,0.,0.));
#5910=DIRECTION('center_axis',(0.,0.,1.));
#5911=DIRECTION('ref_axis',(-1.,0.,0.));
#5912=DIRECTION('center_axis',(0.,0.,1.));
#5913=DIRECTION('ref_axis',(0.866025403784439,0.499999999999999,0.));
#5914=DIRECTION('center_axis',(0.,0.,1.));
#5915=DIRECTION('ref_axis',(-1.,0.,0.));
#5916=DIRECTION('center_axis',(0.,0.,1.));
#5917=DIRECTION('ref_axis',(-1.,0.,0.));
#5918=DIRECTION('center_axis',(0.,0.,-1.));
#5919=DIRECTION('ref_axis',(-1.,0.,0.));
#5920=DIRECTION('center_axis',(0.,0.,1.));
#5921=DIRECTION('ref_axis',(-1.,0.,0.));
#5922=DIRECTION('center_axis',(0.,0.,1.));
#5923=DIRECTION('ref_axis',(-1.,0.,0.));
#5924=DIRECTION('',(0.9135454576426,-0.406736643075802,0.));
#5925=DIRECTION('center_axis',(0.,0.,1.));
#5926=DIRECTION('ref_axis',(-1.,0.,0.));
#5927=DIRECTION('',(-0.913545457642602,0.406736643075797,0.));
#5928=DIRECTION('center_axis',(0.,0.,-1.));
#5929=DIRECTION('ref_axis',(-1.,0.,0.));
#5930=DIRECTION('',(0.978147600733806,0.207911690817759,0.));
#5931=DIRECTION('center_axis',(0.,0.,1.));
#5932=DIRECTION('ref_axis',(-1.,0.,0.));
#5933=DIRECTION('',(-0.978147600733805,-0.207911690817762,0.));
#5934=DIRECTION('center_axis',(0.,0.,1.));
#5935=DIRECTION('ref_axis',(-1.,0.,0.));
#5936=DIRECTION('',(-0.669130606358857,-0.743144825477396,0.));
#5937=DIRECTION('center_axis',(0.,0.,1.));
#5938=DIRECTION('ref_axis',(-1.,0.,0.));
#5939=DIRECTION('',(0.669130606358856,0.743144825477396,0.));
#5940=DIRECTION('center_axis',(0.,0.,-1.));
#5941=DIRECTION('ref_axis',(1.,0.,0.));
#5942=DIRECTION('',(-0.104528463267654,-0.994521895368273,0.));
#5943=DIRECTION('center_axis',(0.,0.,1.));
#5944=DIRECTION('ref_axis',(-1.,0.,0.));
#5945=DIRECTION('',(0.104528463267651,0.994521895368274,0.));
#5946=DIRECTION('center_axis',(0.,0.,1.));
#5947=DIRECTION('ref_axis',(-1.,0.,0.));
#5948=DIRECTION('',(0.104528463267654,0.994521895368273,0.));
#5949=DIRECTION('center_axis',(0.,0.,1.));
#5950=DIRECTION('ref_axis',(-1.,0.,0.));
#5951=DIRECTION('',(-0.10452846326765,-0.994521895368274,0.));
#5952=DIRECTION('center_axis',(0.,0.,-1.));
#5953=DIRECTION('ref_axis',(-1.,0.,0.));
#5954=DIRECTION('',(-0.5,0.866025403784439,0.));
#5955=DIRECTION('center_axis',(0.,0.,1.));
#5956=DIRECTION('ref_axis',(-1.,0.,0.));
#5957=DIRECTION('',(0.500000000000003,-0.866025403784437,0.));
#5958=DIRECTION('center_axis',(0.,0.,1.));
#5959=DIRECTION('ref_axis',(1.,0.,0.));
#5960=DIRECTION('',(0.,0.,1.));
#5961=DIRECTION('center_axis',(0.,0.,-1.));
#5962=DIRECTION('ref_axis',(1.,0.,0.));
#5963=DIRECTION('center_axis',(0.,0.,1.));
#5964=DIRECTION('ref_axis',(0.915726586639477,0.401801964307806,0.));
#5965=DIRECTION('center_axis',(0.,0.,-1.));
#5966=DIRECTION('ref_axis',(0.915726586639477,0.401801964307806,0.));
#5967=DIRECTION('center_axis',(0.,0.,-1.));
#5968=DIRECTION('ref_axis',(1.,0.,0.));
#5969=DIRECTION('center_axis',(0.,0.,1.));
#5970=DIRECTION('ref_axis',(-0.10989258493869,-0.993943469104502,0.));
#5971=DIRECTION('',(0.,0.,1.));
#5972=DIRECTION('center_axis',(0.,0.,-1.));
#5973=DIRECTION('ref_axis',(-0.10989258493869,-0.993943469104502,0.));
#5974=DIRECTION('center_axis',(0.,0.,1.));
#5975=DIRECTION('ref_axis',(1.,0.,0.));
#5976=DIRECTION('center_axis',(0.,0.,1.));
#5977=DIRECTION('ref_axis',(1.,0.,0.));
#5978=DIRECTION('center_axis',(0.,0.,-1.));
#5979=DIRECTION('ref_axis',(1.,0.,0.));
#5980=DIRECTION('center_axis',(0.,0.,1.));
#5981=DIRECTION('ref_axis',(-0.866025403784428,0.500000000000019,0.));
#5982=DIRECTION('',(0.,0.,1.));
#5983=DIRECTION('center_axis',(0.,0.,-1.));
#5984=DIRECTION('ref_axis',(1.,0.,0.));
#5985=DIRECTION('center_axis',(0.,0.,1.));
#5986=DIRECTION('ref_axis',(-0.805834001700787,0.592141504796696,0.));
#5987=DIRECTION('center_axis',(0.,0.,-1.));
#5988=DIRECTION('ref_axis',(-0.805834001700787,0.592141504796696,0.));
#5989=DIRECTION('center_axis',(0.,0.,-1.));
#5990=DIRECTION('ref_axis',(1.,0.,0.));
#5991=DIRECTION('center_axis',(0.994521895368273,-0.104528463267658,0.));
#5992=DIRECTION('ref_axis',(0.104528463267658,0.994521895368273,0.));
#5993=DIRECTION('',(0.,0.,-1.));
#5994=DIRECTION('',(0.,0.,1.));
#5995=DIRECTION('',(-0.104528463267658,-0.994521895368273,0.));
#5996=DIRECTION('center_axis',(0.,0.,-1.));
#5997=DIRECTION('ref_axis',(1.,0.,0.));
#5998=DIRECTION('center_axis',(0.,0.,1.));
#5999=DIRECTION('ref_axis',(1.,0.,0.));
#6000=DIRECTION('center_axis',(0.743144825477394,-0.669130606358859,0.));
#6001=DIRECTION('ref_axis',(0.669130606358859,0.743144825477394,0.));
#6002=DIRECTION('',(0.,0.,-1.));
#6003=DIRECTION('',(0.,0.,1.));
#6004=DIRECTION('',(-0.669130606358859,-0.743144825477394,0.));
#6005=DIRECTION('',(0.,0.,1.));
#6006=DIRECTION('center_axis',(-0.86602540378444,-0.499999999999997,0.));
#6007=DIRECTION('ref_axis',(0.499999999999997,-0.86602540378444,0.));
#6008=DIRECTION('',(0.,0.,-1.));
#6009=DIRECTION('',(0.,0.,1.));
#6010=DIRECTION('',(-0.499999999999997,0.86602540378444,0.));
#6011=DIRECTION('',(0.,0.,1.));
#6012=DIRECTION('center_axis',(0.,0.,-1.));
#6013=DIRECTION('ref_axis',(-1.,0.,0.));
#6014=DIRECTION('center_axis',(0.,0.,1.));
#6015=DIRECTION('ref_axis',(-1.,0.,0.));
#6016=DIRECTION('center_axis',(-0.994521895368273,0.104528463267656,0.));
#6017=DIRECTION('ref_axis',(-0.104528463267656,-0.994521895368273,0.));
#6018=DIRECTION('',(0.,0.,-1.));
#6019=DIRECTION('',(0.,0.,1.));
#6020=DIRECTION('',(0.104528463267656,0.994521895368273,0.));
#6021=DIRECTION('',(0.,0.,1.));
#6022=DIRECTION('center_axis',(-0.207911690817756,0.978147600733806,0.));
#6023=DIRECTION('ref_axis',(-0.978147600733806,-0.207911690817756,0.));
#6024=DIRECTION('',(0.,0.,-1.));
#6025=DIRECTION('',(0.,0.,1.));
#6026=DIRECTION('',(0.978147600733806,0.207911690817756,0.));
#6027=DIRECTION('',(0.,0.,1.));
#6028=DIRECTION('center_axis',(0.,0.,-1.));
#6029=DIRECTION('ref_axis',(-1.,0.,0.));
#6030=DIRECTION('center_axis',(0.,0.,1.));
#6031=DIRECTION('ref_axis',(-1.,0.,0.));
#6032=DIRECTION('center_axis',(0.406736643075805,0.913545457642599,0.));
#6033=DIRECTION('ref_axis',(-0.913545457642599,0.406736643075805,0.));
#6034=DIRECTION('',(0.,0.,-1.));
#6035=DIRECTION('',(0.,0.,1.));
#6036=DIRECTION('',(0.913545457642599,-0.406736643075805,0.));
#6037=DIRECTION('',(0.,0.,1.));
#6038=DIRECTION('center_axis',(0.,0.,-1.));
#6039=DIRECTION('ref_axis',(-1.,0.,0.));
#6040=DIRECTION('center_axis',(0.,0.,-1.));
#6041=DIRECTION('ref_axis',(1.,0.,0.));
#6042=DIRECTION('center_axis',(0.,0.,1.));
#6043=DIRECTION('ref_axis',(-0.809016994374947,0.587785252292473,0.));
#6044=DIRECTION('center_axis',(0.,0.,1.));
#6045=DIRECTION('ref_axis',(1.,0.,0.));
#6046=DIRECTION('center_axis',(0.,0.,-1.));
#6047=DIRECTION('ref_axis',(1.,0.,0.));
#6048=DIRECTION('center_axis',(0.,0.,1.));
#6049=DIRECTION('ref_axis',(-0.309016994374947,0.951056516295154,0.));
#6050=DIRECTION('center_axis',(0.,0.,1.));
#6051=DIRECTION('ref_axis',(1.,0.,0.));
#6052=DIRECTION('center_axis',(0.,0.,-1.));
#6053=DIRECTION('ref_axis',(1.,0.,0.));
#6054=DIRECTION('center_axis',(0.,0.,1.));
#6055=DIRECTION('ref_axis',(1.,-1.22464679914735E-16,0.));
#6056=DIRECTION('center_axis',(0.,0.,1.));
#6057=DIRECTION('ref_axis',(1.,0.,0.));
#6058=DIRECTION('center_axis',(0.,0.,-1.));
#6059=DIRECTION('ref_axis',(-1.,0.,0.));
#6060=DIRECTION('center_axis',(0.,0.,1.));
#6061=DIRECTION('ref_axis',(0.809016994374947,-0.587785252292473,0.));
#6062=DIRECTION('center_axis',(0.,0.,1.));
#6063=DIRECTION('ref_axis',(-1.,0.,0.));
#6064=DIRECTION('center_axis',(0.,0.,-1.));
#6065=DIRECTION('ref_axis',(-1.,0.,0.));
#6066=DIRECTION('center_axis',(0.,0.,1.));
#6067=DIRECTION('ref_axis',(-0.309016994374948,-0.951056516295153,0.));
#6068=DIRECTION('center_axis',(0.,0.,1.));
#6069=DIRECTION('ref_axis',(-1.,0.,0.));
#6070=DIRECTION('center_axis',(0.,0.,-1.));
#6071=DIRECTION('ref_axis',(-1.,0.,0.));
#6072=DIRECTION('center_axis',(0.,0.,1.));
#6073=DIRECTION('ref_axis',(-0.809016994374947,-0.587785252292473,0.));
#6074=DIRECTION('center_axis',(0.,0.,1.));
#6075=DIRECTION('ref_axis',(-1.,0.,0.));
#6076=DIRECTION('center_axis',(0.,0.,-1.));
#6077=DIRECTION('ref_axis',(-0.809016994374947,0.587785252292473,0.));
#6078=DIRECTION('',(0.,0.,-1.));
#6079=DIRECTION('center_axis',(0.,0.,1.));
#6080=DIRECTION('ref_axis',(-1.,0.,0.));
#6081=DIRECTION('',(0.,0.,1.));
#6082=DIRECTION('center_axis',(0.,0.,-1.));
#6083=DIRECTION('ref_axis',(-1.,0.,0.));
#6084=DIRECTION('center_axis',(0.,0.,-1.));
#6085=DIRECTION('ref_axis',(-0.309016994374947,0.951056516295154,0.));
#6086=DIRECTION('',(0.,0.,-1.));
#6087=DIRECTION('center_axis',(0.,0.,1.));
#6088=DIRECTION('ref_axis',(-1.,0.,0.));
#6089=DIRECTION('',(0.,0.,1.));
#6090=DIRECTION('center_axis',(0.,0.,-1.));
#6091=DIRECTION('ref_axis',(-1.,0.,0.));
#6092=DIRECTION('center_axis',(0.,0.,-1.));
#6093=DIRECTION('ref_axis',(1.,-1.22464679914735E-16,0.));
#6094=DIRECTION('',(0.,0.,-1.));
#6095=DIRECTION('center_axis',(0.,0.,1.));
#6096=DIRECTION('ref_axis',(-1.,0.,0.));
#6097=DIRECTION('',(0.,0.,1.));
#6098=DIRECTION('center_axis',(0.,0.,-1.));
#6099=DIRECTION('ref_axis',(-1.,0.,0.));
#6100=DIRECTION('center_axis',(0.,0.,-1.));
#6101=DIRECTION('ref_axis',(0.809016994374947,-0.587785252292473,0.));
#6102=DIRECTION('',(0.,0.,-1.));
#6103=DIRECTION('center_axis',(0.,0.,1.));
#6104=DIRECTION('ref_axis',(-1.,0.,0.));
#6105=DIRECTION('',(0.,0.,1.));
#6106=DIRECTION('center_axis',(0.,0.,-1.));
#6107=DIRECTION('ref_axis',(-1.,0.,0.));
#6108=DIRECTION('center_axis',(0.,0.,-1.));
#6109=DIRECTION('ref_axis',(-0.309016994374948,-0.951056516295153,0.));
#6110=DIRECTION('',(0.,0.,-1.));
#6111=DIRECTION('center_axis',(0.,0.,1.));
#6112=DIRECTION('ref_axis',(-1.,0.,0.));
#6113=DIRECTION('',(0.,0.,1.));
#6114=DIRECTION('center_axis',(0.,0.,-1.));
#6115=DIRECTION('ref_axis',(-1.,0.,0.));
#6116=DIRECTION('center_axis',(0.,0.,-1.));
#6117=DIRECTION('ref_axis',(-0.809016994374947,-0.587785252292473,0.));
#6118=DIRECTION('',(0.,0.,-1.));
#6119=DIRECTION('center_axis',(0.,0.,1.));
#6120=DIRECTION('ref_axis',(-1.,0.,0.));
#6121=DIRECTION('',(0.,0.,1.));
#6122=DIRECTION('center_axis',(0.,0.,-1.));
#6123=DIRECTION('ref_axis',(-1.,0.,0.));
#6124=DIRECTION('center_axis',(0.,0.,-1.));
#6125=DIRECTION('ref_axis',(-0.954065660960418,-0.299597587734215,0.));
#6126=DIRECTION('center_axis',(0.,0.,-1.));
#6127=DIRECTION('ref_axis',(-0.954065660960418,-0.299597587734215,0.));
#6128=DIRECTION('',(0.526307741655497,-0.472228928670718,0.707106781186545));
#6129=DIRECTION('center_axis',(0.,0.,1.));
#6130=DIRECTION('ref_axis',(-0.954065660960418,-0.299597587734215,0.));
#6131=DIRECTION('center_axis',(0.526307741655495,-0.472228928670718,-0.707106781186547));
#6132=DIRECTION('ref_axis',(-0.802185001667014,-5.55111512312578E-17,-0.597075558954218));
#6133=DIRECTION('',(0.667832555471046,0.744311546231155,0.));
#6134=DIRECTION('',(0.526307741655492,-0.47222892867072,0.707106781186548));
#6135=DIRECTION('',(-0.667832555471046,-0.744311546231155,0.));
#6136=DIRECTION('center_axis',(0.,0.,-1.));
#6137=DIRECTION('ref_axis',(-0.254225325871004,0.967145016885152,0.));
#6138=DIRECTION('',(-0.22606020215633,-0.669997600742747,0.707106781186549));
#6139=DIRECTION('center_axis',(0.,0.,1.));
#6140=DIRECTION('ref_axis',(-0.254225325871004,0.967145016885153,0.));
#6141=DIRECTION('center_axis',(0.,0.,-1.));
#6142=DIRECTION('ref_axis',(-0.254225325871004,0.967145016885153,0.));
#6143=DIRECTION('center_axis',(0.,0.,-1.));
#6144=DIRECTION('ref_axis',(1.,0.,0.));
#6145=DIRECTION('center_axis',(0.,0.,-1.));
#6146=DIRECTION('ref_axis',(1.,0.,0.));
#6147=DIRECTION('',(-0.47904306385463,-0.520113202075059,0.707106781186546));
#6148=DIRECTION('center_axis',(0.,0.,1.));
#6149=DIRECTION('ref_axis',(1.,0.,0.));
#6150=DIRECTION('center_axis',(0.,0.,-1.));
#6151=DIRECTION('ref_axis',(0.986790492988656,-0.162001614026545,0.));
#6152=DIRECTION('center_axis',(0.,0.,1.));
#6153=DIRECTION('ref_axis',(0.986790492988656,-0.162001614026545,0.));
#6154=DIRECTION('center_axis',(0.,0.,-1.));
#6155=DIRECTION('ref_axis',(0.986790492988656,-0.162001614026545,0.));
#6156=DIRECTION('center_axis',(0.,0.,1.));
#6157=DIRECTION('ref_axis',(1.,0.,0.));
#6158=DIRECTION('center_axis',(0.,0.,1.));
#6159=DIRECTION('ref_axis',(-0.626932447355193,0.779073620688846,0.));
#6160=DIRECTION('center_axis',(0.,0.,-1.));
#6161=DIRECTION('ref_axis',(0.122425347557152,-0.992477724825858,0.));
#6162=DIRECTION('',(-0.913545457642598,0.406736643075806,0.));
#6163=DIRECTION('center_axis',(0.,0.,1.));
#6164=DIRECTION('ref_axis',(-0.217904020737518,0.975970203308699,0.));
#6165=DIRECTION('center_axis',(0.,0.,1.));
#6166=DIRECTION('ref_axis',(1.,0.,0.));
#6167=DIRECTION('center_axis',(0.,0.,1.));
#6168=DIRECTION('ref_axis',(0.217904020737523,0.975970203308698,0.));
#6169=DIRECTION('',(-0.913545457642599,-0.406736643075805,0.));
#6170=DIRECTION('center_axis',(0.,0.,-1.));
#6171=DIRECTION('ref_axis',(0.954065660960429,0.299597587734179,0.));
#6172=DIRECTION('center_axis',(0.,0.,-1.));
#6173=DIRECTION('ref_axis',(0.954065660960429,0.299597587734179,0.));
#6174=DIRECTION('',(-0.526307741655492,0.472228928670718,0.707106781186549));
#6175=DIRECTION('center_axis',(0.,0.,1.));
#6176=DIRECTION('ref_axis',(0.954065660960429,0.299597587734179,0.));
#6177=DIRECTION('center_axis',(-0.526307741655494,0.472228928670718,-0.707106781186547));
#6178=DIRECTION('ref_axis',(-0.802185001667015,-2.4980018054066E-16,0.597075558954218));
#6179=DIRECTION('',(-0.667832555471046,-0.744311546231155,0.));
#6180=DIRECTION('',(-0.526307741655492,0.472228928670719,0.707106781186548));
#6181=DIRECTION('',(0.667832555471046,0.744311546231155,0.));
#6182=DIRECTION('center_axis',(0.,0.,-1.));
#6183=DIRECTION('ref_axis',(0.254225325871004,-0.967145016885152,0.));
#6184=DIRECTION('',(0.22606020215633,0.669997600742747,0.707106781186549));
#6185=DIRECTION('center_axis',(0.,0.,1.));
#6186=DIRECTION('ref_axis',(0.254225325871004,-0.967145016885153,0.));
#6187=DIRECTION('center_axis',(0.,0.,-1.));
#6188=DIRECTION('ref_axis',(0.254225325871004,-0.967145016885153,0.));
#6189=DIRECTION('center_axis',(0.,0.,-1.));
#6190=DIRECTION('ref_axis',(-1.,1.22464679914735E-16,0.));
#6191=DIRECTION('center_axis',(0.,0.,-1.));
#6192=DIRECTION('ref_axis',(-1.,1.22464679914735E-16,0.));
#6193=DIRECTION('',(0.479043063854625,0.520113202075059,0.707106781186549));
#6194=DIRECTION('center_axis',(0.,0.,1.));
#6195=DIRECTION('ref_axis',(-1.,1.22464679914735E-16,0.));
#6196=DIRECTION('center_axis',(0.,0.,-1.));
#6197=DIRECTION('ref_axis',(-0.986790492988658,0.16200161402653,0.));
#6198=DIRECTION('center_axis',(0.,0.,1.));
#6199=DIRECTION('ref_axis',(-0.986790492988658,0.16200161402653,0.));
#6200=DIRECTION('center_axis',(0.,0.,-1.));
#6201=DIRECTION('ref_axis',(-0.986790492988658,0.16200161402653,0.));
#6202=DIRECTION('center_axis',(0.,0.,1.));
#6203=DIRECTION('ref_axis',(1.,0.,0.));
#6204=DIRECTION('center_axis',(0.,0.,1.));
#6205=DIRECTION('ref_axis',(0.626932447355192,-0.779073620688847,0.));
#6206=DIRECTION('center_axis',(0.,0.,-1.));
#6207=DIRECTION('ref_axis',(-0.122425347557142,0.992477724825859,0.));
#6208=DIRECTION('',(0.913545457642599,-0.406736643075804,0.));
#6209=DIRECTION('center_axis',(0.,0.,1.));
#6210=DIRECTION('ref_axis',(0.217904020737523,-0.975970203308698,0.));
#6211=DIRECTION('center_axis',(0.,0.,1.));
#6212=DIRECTION('ref_axis',(1.,0.,0.));
#6213=DIRECTION('center_axis',(0.,0.,1.));
#6214=DIRECTION('ref_axis',(-0.217904020737523,-0.975970203308698,0.));
#6215=DIRECTION('',(0.9135454576426,0.406736643075803,0.));
#6216=DIRECTION('center_axis',(0.287606238475953,0.645974188021249,-0.707106781186548));
#6217=DIRECTION('ref_axis',(-0.926309308298545,1.94289029309402E-16,-0.376763938507219));
#6218=DIRECTION('',(-0.287606238475951,-0.645974188021251,-0.707106781186547));
#6219=DIRECTION('',(-0.913545457642599,0.406736643075804,0.));
#6220=DIRECTION('',(0.287606238475954,0.645974188021251,0.707106781186547));
#6221=DIRECTION('',(0.913545457642599,-0.406736643075804,0.));
#6222=DIRECTION('center_axis',(0.,0.,-1.));
#6223=DIRECTION('ref_axis',(0.248021219319268,-0.968754599869019,0.));
#6224=DIRECTION('center_axis',(0.,0.,1.));
#6225=DIRECTION('ref_axis',(0.248021219319268,-0.968754599869019,0.));
#6226=DIRECTION('',(0.562640944900725,-0.42829331902473,-0.707106781186548));
#6227=DIRECTION('center_axis',(0.,0.,-1.));
#6228=DIRECTION('ref_axis',(0.248021219319268,-0.968754599869019,0.));
#6229=DIRECTION('center_axis',(0.,0.,-1.));
#6230=DIRECTION('ref_axis',(0.787676692794357,0.616088814724423,0.));
#6231=DIRECTION('',(0.562640944900724,0.428293319024731,-0.707106781186547));
#6232=DIRECTION('center_axis',(0.,0.,-1.));
#6233=DIRECTION('ref_axis',(0.787676692794357,0.616088814724423,0.));
#6234=DIRECTION('center_axis',(0.,0.,1.));
#6235=DIRECTION('ref_axis',(0.787676692794357,0.616088814724423,0.));
#6236=DIRECTION('center_axis',(0.,0.,-1.));
#6237=DIRECTION('ref_axis',(0.24802121931927,0.968754599869019,0.));
#6238=DIRECTION('center_axis',(0.,0.,1.));
#6239=DIRECTION('ref_axis',(0.24802121931927,0.968754599869019,0.));
#6240=DIRECTION('',(-0.287606238475954,0.64597418802125,-0.707106781186547));
#6241=DIRECTION('center_axis',(0.,0.,-1.));
#6242=DIRECTION('ref_axis',(0.24802121931927,0.968754599869019,0.));
#6243=DIRECTION('center_axis',(0.287606238475954,-0.645974188021249,-0.707106781186549));
#6244=DIRECTION('ref_axis',(-0.926309308298545,1.38777878078145E-16,-0.37676393850722));
#6245=DIRECTION('',(0.913545457642599,0.406736643075805,0.));
#6246=DIRECTION('',(-0.913545457642599,-0.406736643075805,0.));
#6247=DIRECTION('center_axis',(-0.287606238458745,0.64597418802824,0.707106781187161));
#6248=DIRECTION('ref_axis',(0.925561569148351,0.377257758098084,0.0318176942981356));
#6249=DIRECTION('',(-0.887636547845191,0.0975005948900173,-0.450105535319846));
#6250=DIRECTION('center_axis',(-0.287606238470682,0.645974188023467,0.707106781186666));
#6251=DIRECTION('ref_axis',(0.919931807788482,0.391739505266114,0.016298129735505));
#6252=DIRECTION('center_axis',(0.287606238475953,-0.645974188021247,-0.707106781186551));
#6253=DIRECTION('ref_axis',(-0.926309308298545,1.11022302462516E-16,-0.376763938507218));
#6254=DIRECTION('',(-0.913545457642599,-0.406736643075805,0.));
#6255=DIRECTION('',(-0.287606238475957,0.645974188021252,-0.707106781186544));
#6256=DIRECTION('',(0.913545457642599,0.406736643075805,0.));
#6257=DIRECTION('',(0.892704366170235,-0.0866314880761964,0.442237379576063));
#6258=DIRECTION('center_axis',(0.,0.,-1.));
#6259=DIRECTION('ref_axis',(0.695463457918737,-0.718561464802917,0.));
#6260=DIRECTION('center_axis',(0.,0.,1.));
#6261=DIRECTION('ref_axis',(0.695463457918737,-0.718561464802917,0.));
#6262=DIRECTION('',(0.474730715867093,-0.524052237293496,-0.707106781186546));
#6263=DIRECTION('center_axis',(0.,0.,-1.));
#6264=DIRECTION('ref_axis',(0.695463457918737,-0.718561464802917,0.));
#6265=DIRECTION('',(0.595164641404802,0.539961201610013,0.595164641403843));
#6266=DIRECTION('center_axis',(0.,0.,-1.));
#6267=DIRECTION('ref_axis',(0.695463457918737,-0.718561464802917,0.));
#6268=DIRECTION('center_axis',(0.,0.,-1.));
#6269=DIRECTION('ref_axis',(0.695463457918737,-0.718561464802917,0.));
#6270=DIRECTION('',(0.474730715867093,0.524052237293494,0.707106781186548));
#6271=DIRECTION('center_axis',(0.,0.,1.));
#6272=DIRECTION('ref_axis',(0.695463457918737,-0.718561464802917,0.));
#6273=DIRECTION('',(-0.612957944360881,-0.49856305413116,-0.612957942684727));
#6274=DIRECTION('center_axis',(-0.287606238475955,-0.645974188021249,-0.707106781186548));
#6275=DIRECTION('ref_axis',(-0.926309308298544,2.77555756156289E-16,0.376763938507221));
#6276=DIRECTION('',(0.287606238475954,0.64597418802125,-0.707106781186547));
#6277=DIRECTION('',(0.913545457642598,-0.406736643075806,0.));
#6278=DIRECTION('',(-0.287606238475954,-0.64597418802125,0.707106781186547));
#6279=DIRECTION('',(-0.913545457642598,0.406736643075806,0.));
#6280=DIRECTION('center_axis',(0.,0.,-1.));
#6281=DIRECTION('ref_axis',(-0.24802121931927,0.968754599869019,0.));
#6282=DIRECTION('center_axis',(0.,0.,1.));
#6283=DIRECTION('ref_axis',(-0.24802121931927,0.968754599869019,0.));
#6284=DIRECTION('',(-0.562640944900727,0.428293319024729,-0.707106781186547));
#6285=DIRECTION('center_axis',(0.,0.,-1.));
#6286=DIRECTION('ref_axis',(-0.24802121931927,0.968754599869019,0.));
#6287=DIRECTION('center_axis',(0.,0.,-1.));
#6288=DIRECTION('ref_axis',(-0.787676692794357,-0.616088814724423,0.));
#6289=DIRECTION('',(-0.562640944900724,-0.428293319024731,-0.707106781186547));
#6290=DIRECTION('center_axis',(0.,0.,-1.));
#6291=DIRECTION('ref_axis',(-0.787676692794357,-0.616088814724423,0.));
#6292=DIRECTION('center_axis',(0.,0.,1.));
#6293=DIRECTION('ref_axis',(-0.787676692794357,-0.616088814724423,0.));
#6294=DIRECTION('center_axis',(0.,0.,-1.));
#6295=DIRECTION('ref_axis',(-0.24802121931928,-0.968754599869016,0.));
#6296=DIRECTION('center_axis',(0.,0.,1.));
#6297=DIRECTION('ref_axis',(-0.24802121931928,-0.968754599869016,0.));
#6298=DIRECTION('',(0.287606238475954,-0.64597418802125,-0.707106781186547));
#6299=DIRECTION('center_axis',(0.,0.,-1.));
#6300=DIRECTION('ref_axis',(-0.24802121931928,-0.968754599869016,0.));
#6301=DIRECTION('center_axis',(-0.287606238475953,0.64597418802125,-0.707106781186548));
#6302=DIRECTION('ref_axis',(-0.926309308298545,-1.66533453693773E-16,0.376763938507219));
#6303=DIRECTION('',(-0.9135454576426,-0.406736643075803,0.));
#6304=DIRECTION('',(0.9135454576426,0.406736643075803,0.));
#6305=DIRECTION('center_axis',(0.287606238483384,-0.645974188018252,0.707106781186263));
#6306=DIRECTION('ref_axis',(-0.925561569140781,-0.377257758115047,0.0318176943172214));
#6307=DIRECTION('',(0.887636547845191,-0.0975005948900173,-0.450105535319846));
#6308=DIRECTION('center_axis',(0.287606238477149,-0.645974188020761,0.707106781186508));
#6309=DIRECTION('ref_axis',(-0.919931807786408,-0.391739505270785,0.0162981297403084));
#6310=DIRECTION('center_axis',(-0.287606238475955,0.645974188021255,-0.707106781186542));
#6311=DIRECTION('ref_axis',(-0.926309308298543,-1.94289029309402E-16,0.376763938507224));
#6312=DIRECTION('',(0.9135454576426,0.406736643075803,0.));
#6313=DIRECTION('',(0.287606238475953,-0.645974188021245,-0.707106781186552));
#6314=DIRECTION('',(-0.9135454576426,-0.406736643075803,0.));
#6315=DIRECTION('',(-0.892704366170249,0.0866314880761896,0.442237379576036));
#6316=DIRECTION('center_axis',(0.,0.,1.));
#6317=DIRECTION('ref_axis',(0.157924874716062,0.987451129902597,0.));
#6318=DIRECTION('center_axis',(0.,0.,-1.));
#6319=DIRECTION('ref_axis',(0.157924874716062,0.987451129902597,0.));
#6320=DIRECTION('center_axis',(0.,0.,-1.));
#6321=DIRECTION('ref_axis',(-0.695463457918738,0.718561464802916,0.));
#6322=DIRECTION('center_axis',(0.,0.,-1.));
#6323=DIRECTION('ref_axis',(-0.695463457918738,0.718561464802916,0.));
#6324=DIRECTION('',(-0.474730715867093,-0.524052237293495,0.707106781186547));
#6325=DIRECTION('center_axis',(0.,0.,1.));
#6326=DIRECTION('ref_axis',(-0.695463457918738,0.718561464802916,0.));
#6327=DIRECTION('',(0.612957944360449,0.498563054130809,-0.612957942685445));
#6328=DIRECTION('center_axis',(0.,0.,-1.));
#6329=DIRECTION('ref_axis',(-0.695463457918738,0.718561464802916,0.));
#6330=DIRECTION('center_axis',(0.,0.,1.));
#6331=DIRECTION('ref_axis',(-0.695463457918738,0.718561464802916,0.));
#6332=DIRECTION('',(-0.474730715867093,0.524052237293496,-0.707106781186546));
#6333=DIRECTION('center_axis',(0.,0.,-1.));
#6334=DIRECTION('ref_axis',(-0.695463457918738,0.718561464802916,0.));
#6335=DIRECTION('',(-0.595164641389731,-0.539961201642102,0.5951646413898));
#6336=DIRECTION('center_axis',(0.,0.,1.));
#6337=DIRECTION('ref_axis',(0.15792487471606,-0.987451129902598,0.));
#6338=DIRECTION('center_axis',(0.,0.,-1.));
#6339=DIRECTION('ref_axis',(0.15792487471606,-0.987451129902598,0.));
#6340=DIRECTION('center_axis',(0.,0.,1.));
#6341=DIRECTION('ref_axis',(-0.157924874716062,0.987451129902597,0.));
#6342=DIRECTION('center_axis',(0.,0.,-1.));
#6343=DIRECTION('ref_axis',(-0.157924874716062,0.987451129902597,0.));
#6344=DIRECTION('center_axis',(0.,0.,1.));
#6345=DIRECTION('ref_axis',(-0.157924874716062,-0.987451129902597,0.));
#6346=DIRECTION('center_axis',(0.,0.,-1.));
#6347=DIRECTION('ref_axis',(-0.157924874716062,-0.987451129902597,0.));
#6348=DIRECTION('center_axis',(0.,0.,-1.));
#6349=DIRECTION('ref_axis',(1.,0.,0.));
#6350=DIRECTION('center_axis',(0.,0.,-1.));
#6351=DIRECTION('ref_axis',(1.,0.,0.));
#6352=DIRECTION('',(-0.913545457642599,-0.406736643075805,0.));
#6353=DIRECTION('center_axis',(0.,0.,1.));
#6354=DIRECTION('ref_axis',(1.,0.,0.));
#6355=DIRECTION('',(0.913545457642599,-0.406736643075804,0.));
#6356=DIRECTION('center_axis',(0.,0.,-1.));
#6357=DIRECTION('ref_axis',(-0.122425347557142,0.992477724825859,0.));
#6358=DIRECTION('center_axis',(0.,0.,1.));
#6359=DIRECTION('ref_axis',(0.626932447355192,-0.779073620688847,0.));
#6360=DIRECTION('',(3.98764349285464E-16,1.,0.));
#6361=DIRECTION('center_axis',(0.,0.,1.));
#6362=DIRECTION('ref_axis',(1.,0.,0.));
#6363=DIRECTION('center_axis',(0.,0.,-1.));
#6364=DIRECTION('ref_axis',(1.,0.,0.));
#6365=DIRECTION('',(-0.326545937319204,-0.760201103958573,-0.561660068333587));
#6366=DIRECTION('',(0.335759361249299,0.75945000729721,0.557226468995982));
#6367=DIRECTION('center_axis',(0.,0.,-1.));
#6368=DIRECTION('ref_axis',(1.,0.,0.));
#6369=DIRECTION('',(-2.76299669370729E-16,-1.,0.));
#6370=DIRECTION('center_axis',(0.,0.,1.));
#6371=DIRECTION('ref_axis',(-0.626932447355193,0.779073620688846,0.));
#6372=DIRECTION('',(-0.667832555471046,-0.744311546231154,0.));
#6373=DIRECTION('',(-1.,0.,0.));
#6374=DIRECTION('center_axis',(0.,0.,1.));
#6375=DIRECTION('ref_axis',(0.259982587203299,0.965613304771159,0.));
#6376=DIRECTION('center_axis',(0.,0.,1.));
#6377=DIRECTION('ref_axis',(1.,0.,0.));
#6378=DIRECTION('center_axis',(0.,0.,-1.));
#6379=DIRECTION('ref_axis',(-0.146161008910859,-0.989260814686481,0.));
#6380=DIRECTION('',(-0.913545457642599,-0.406736643075805,0.));
#6381=DIRECTION('center_axis',(-0.707106781186547,1.95373369851643E-16,
-0.707106781186548));
#6382=DIRECTION('ref_axis',(-0.707106781186548,1.23259516440783E-32,0.707106781186547));
#6383=DIRECTION('',(-2.76299669370729E-16,-1.,0.));
#6384=DIRECTION('',(0.558672024828994,-0.613001743347664,-0.558672024828698));
#6385=DIRECTION('',(-0.535904455530335,0.652390089660073,0.535904455529208));
#6386=DIRECTION('center_axis',(0.,0.,-1.));
#6387=DIRECTION('ref_axis',(0.695463457918737,-0.718561464802917,0.));
#6388=DIRECTION('',(0.,0.,-1.));
#6389=DIRECTION('',(0.,0.,1.));
#6390=DIRECTION('center_axis',(0.,0.,-1.));
#6391=DIRECTION('ref_axis',(0.157924874716061,0.987451129902597,0.));
#6392=DIRECTION('',(0.,0.,1.));
#6393=DIRECTION('center_axis',(-0.406736643075803,0.9135454576426,0.));
#6394=DIRECTION('ref_axis',(0.9135454576426,0.406736643075803,0.));
#6395=DIRECTION('',(0.,0.,-1.));
#6396=DIRECTION('center_axis',(0.,0.,-1.));
#6397=DIRECTION('ref_axis',(-0.24802121931928,-0.968754599869016,0.));
#6398=DIRECTION('',(0.,0.,1.));
#6399=DIRECTION('center_axis',(0.,0.,-1.));
#6400=DIRECTION('ref_axis',(-0.787676692794357,-0.616088814724423,0.));
#6401=DIRECTION('',(0.,0.,-1.));
#6402=DIRECTION('center_axis',(0.,0.,-1.));
#6403=DIRECTION('ref_axis',(-0.24802121931927,0.968754599869019,0.));
#6404=DIRECTION('',(0.,0.,1.));
#6405=DIRECTION('center_axis',(-0.406736643075806,-0.913545457642598,0.));
#6406=DIRECTION('ref_axis',(-0.913545457642598,0.406736643075806,0.));
#6407=DIRECTION('',(0.,0.,-1.));
#6408=DIRECTION('center_axis',(0.,0.,-1.));
#6409=DIRECTION('ref_axis',(0.157924874716059,-0.987451129902598,0.));
#6410=DIRECTION('',(0.,0.,1.));
#6411=DIRECTION('',(-0.658038269231279,0.400554070486674,-0.63760651882149));
#6412=DIRECTION('',(-0.752869551875382,-0.335199120790237,0.566417679173605));
#6413=DIRECTION('',(0.658038269231281,-0.400554070486689,-0.637606518821479));
#6414=DIRECTION('',(0.752869551875382,0.335199120790237,0.566417679173605));
#6415=DIRECTION('center_axis',(0.,0.,1.));
#6416=DIRECTION('ref_axis',(1.,0.,0.));
#6417=DIRECTION('',(-0.535049765755863,0.462300495527099,-0.707106781186544));
#6418=DIRECTION('',(0.535049765755864,0.462300495527097,0.707106781186545));
#6419=DIRECTION('center_axis',(0.,0.,-1.));
#6420=DIRECTION('ref_axis',(1.,0.,0.));
#6421=DIRECTION('center_axis',(-0.287606238475954,0.645974188021249,-0.707106781186548));
#6422=DIRECTION('ref_axis',(-0.926309308298544,3.05311331771918E-16,0.376763938507221));
#6423=DIRECTION('',(0.913545457642599,0.406736643075805,0.));
#6424=DIRECTION('',(0.287606238475957,-0.645974188021249,-0.707106781186547));
#6425=DIRECTION('center_axis',(0.,0.707106781186547,-0.707106781186548));
#6426=DIRECTION('ref_axis',(-1.,0.,0.));
#6427=DIRECTION('',(1.,0.,0.));
#6428=DIRECTION('',(0.,-0.707106781186548,-0.707106781186547));
#6429=DIRECTION('',(-0.300935749225925,0.674328434384104,0.674328434384102));
#6430=DIRECTION('center_axis',(-0.526307741655493,0.472228928670717,-0.707106781186549));
#6431=DIRECTION('ref_axis',(-0.802185001667016,1.11022302462516E-16,0.597075558954216));
#6432=DIRECTION('',(0.667832555471046,0.744311546231154,0.));
#6433=DIRECTION('center_axis',(0.,0.,1.));
#6434=DIRECTION('ref_axis',(-0.626932447355193,0.779073620688846,0.));
#6435=DIRECTION('center_axis',(0.,0.,-1.));
#6436=DIRECTION('ref_axis',(-0.626932447355193,0.779073620688846,0.));
#6437=DIRECTION('center_axis',(0.287606238475955,0.645974188021249,-0.707106781186547));
#6438=DIRECTION('ref_axis',(-0.926309308298544,5.55111512312578E-17,-0.376763938507222));
#6439=DIRECTION('',(-0.287606238475956,-0.645974188021249,-0.707106781186548));
#6440=DIRECTION('',(-0.913545457642598,0.406736643075806,0.));
#6441=DIRECTION('',(0.287606238475957,0.645974188021249,0.707106781186547));
#6442=DIRECTION('',(0.913545457642598,-0.406736643075806,0.));
#6443=DIRECTION('center_axis',(0.,0.,-1.));
#6444=DIRECTION('ref_axis',(0.122425347557152,-0.992477724825857,0.));
#6445=DIRECTION('center_axis',(0.,0.,1.));
#6446=DIRECTION('ref_axis',(0.122425347557152,-0.992477724825858,0.));
#6447=DIRECTION('',(0.435962425130205,-0.556719645669694,-0.707106781186548));
#6448=DIRECTION('center_axis',(0.,0.,-1.));
#6449=DIRECTION('ref_axis',(0.122425347557152,-0.992477724825857,0.));
#6450=DIRECTION('center_axis',(0.,0.,1.));
#6451=DIRECTION('ref_axis',(-0.626932447355193,0.779073620688846,0.));
#6452=DIRECTION('center_axis',(0.,0.,1.));
#6453=DIRECTION('ref_axis',(-0.626932447355193,0.779073620688846,0.));
#6454=DIRECTION('center_axis',(0.,0.,-1.));
#6455=DIRECTION('ref_axis',(-0.626932447355193,0.779073620688846,0.));
#6456=DIRECTION('center_axis',(0.,0.,1.));
#6457=DIRECTION('ref_axis',(0.259982587203299,0.965613304771159,0.));
#6458=DIRECTION('center_axis',(0.,0.,-1.));
#6459=DIRECTION('ref_axis',(0.259982587203299,0.965613304771159,0.));
#6460=DIRECTION('',(-0.3550279135933,-0.611518749156223,-0.707106781186545));
#6461=DIRECTION('center_axis',(0.,0.,1.));
#6462=DIRECTION('ref_axis',(1.,0.,0.));
#6463=DIRECTION('',(-0.462122522147419,-0.535203488893813,-0.707106781186547));
#6464=DIRECTION('center_axis',(0.,0.,-1.));
#6465=DIRECTION('ref_axis',(1.,0.,0.));
#6466=DIRECTION('center_axis',(0.,0.,-1.));
#6467=DIRECTION('ref_axis',(-0.146161008910859,-0.989260814686481,0.));
#6468=DIRECTION('center_axis',(0.,0.,1.));
#6469=DIRECTION('ref_axis',(-0.146161008910859,-0.989260814686481,0.));
#6470=DIRECTION('',(0.287606238475956,-0.645974188021252,-0.707106781186544));
#6471=DIRECTION('center_axis',(-0.287606238475955,0.645974188021251,-0.707106781186546));
#6472=DIRECTION('ref_axis',(-0.926309308298544,-3.05311331771918E-16,0.376763938507222));
#6473=DIRECTION('',(0.913545457642599,0.406736643075805,0.));
#6474=DIRECTION('center_axis',(0.,0.,1.));
#6475=DIRECTION('ref_axis',(-1.,0.,0.));
#6476=DIRECTION('',(0.535049765755858,-0.462300495527097,-0.707106781186549));
#6477=DIRECTION('center_axis',(0.,0.,1.));
#6478=DIRECTION('ref_axis',(-1.,0.,0.));
#6479=DIRECTION('',(-0.535049765755863,-0.462300495527093,0.707106781186548));
#6480=DIRECTION('center_axis',(0.,0.,-1.));
#6481=DIRECTION('ref_axis',(-1.,0.,0.));
#6482=DIRECTION('center_axis',(0.,0.,-1.));
#6483=DIRECTION('ref_axis',(-1.,0.,0.));
#6484=DIRECTION('center_axis',(-0.287606238475954,-0.645974188021252,-0.707106781186545));
#6485=DIRECTION('ref_axis',(-0.926309308298544,-2.77555756156289E-17,0.376763938507222));
#6486=DIRECTION('',(0.287606238475953,0.645974188021248,-0.707106781186549));
#6487=DIRECTION('',(-0.287606238475954,-0.645974188021248,0.707106781186549));
#6488=DIRECTION('',(-0.913545457642599,0.406736643075804,0.));
#6489=DIRECTION('center_axis',(0.,0.,-1.));
#6490=DIRECTION('ref_axis',(-0.122425347557142,0.992477724825859,0.));
#6491=DIRECTION('center_axis',(0.,0.,1.));
#6492=DIRECTION('ref_axis',(-0.122425347557142,0.992477724825859,0.));
#6493=DIRECTION('',(-0.435962425130205,0.556719645669696,-0.707106781186546));
#6494=DIRECTION('center_axis',(0.,0.,1.));
#6495=DIRECTION('ref_axis',(0.626932447355192,-0.779073620688847,0.));
#6496=DIRECTION('center_axis',(0.,0.,-1.));
#6497=DIRECTION('ref_axis',(0.626932447355192,-0.779073620688847,0.));
#6498=DIRECTION('',(-0.558672024851342,0.613001743311791,-0.558672024845711));
#6499=DIRECTION('center_axis',(0.287606238475953,-0.645974188021251,-0.707106781186547));
#6500=DIRECTION('ref_axis',(-0.926309308298544,2.22044604925031E-16,-0.37676393850722));
#6501=DIRECTION('',(-0.9135454576426,-0.406736643075803,0.));
#6502=DIRECTION('',(-0.287606238475954,0.645974188021248,-0.707106781186549));
#6503=DIRECTION('',(0.9135454576426,0.406736643075803,0.));
#6504=DIRECTION('',(-0.335759361249805,-0.759450007297265,0.557226468995603));
#6505=DIRECTION('center_axis',(-8.65956056235492E-17,-0.707106781186547,
-0.707106781186548));
#6506=DIRECTION('ref_axis',(-1.,2.46519032881566E-32,1.22464679914735E-16));
#6507=DIRECTION('',(-1.,1.22464679914735E-16,0.));
#6508=DIRECTION('',(0.,0.707106781186548,-0.707106781186547));
#6509=DIRECTION('',(1.,-1.22464679914735E-16,0.));
#6510=DIRECTION('',(0.300935749225927,-0.674328434384103,0.674328434384102));
#6511=DIRECTION('center_axis',(0.,0.,1.));
#6512=DIRECTION('ref_axis',(-0.259982587203299,-0.965613304771159,0.));
#6513=DIRECTION('center_axis',(0.,0.,-1.));
#6514=DIRECTION('ref_axis',(-0.259982587203299,-0.965613304771159,0.));
#6515=DIRECTION('',(0.355027913593298,0.611518749156222,-0.707106781186547));
#6516=DIRECTION('center_axis',(0.,0.,1.));
#6517=DIRECTION('ref_axis',(-0.259982587203299,-0.965613304771159,0.));
#6518=DIRECTION('center_axis',(0.,0.,1.));
#6519=DIRECTION('ref_axis',(-1.,1.22464679914735E-16,0.));
#6520=DIRECTION('',(0.462122522147419,0.535203488893812,-0.707106781186547));
#6521=DIRECTION('center_axis',(0.,0.,1.));
#6522=DIRECTION('ref_axis',(-1.,1.22464679914735E-16,0.));
#6523=DIRECTION('center_axis',(0.,0.,-1.));
#6524=DIRECTION('ref_axis',(-1.,1.22464679914735E-16,0.));
#6525=DIRECTION('center_axis',(0.,0.,-1.));
#6526=DIRECTION('ref_axis',(0.146161008910859,0.989260814686481,0.));
#6527=DIRECTION('center_axis',(0.,0.,1.));
#6528=DIRECTION('ref_axis',(0.146161008910859,0.989260814686481,0.));
#6529=DIRECTION('',(-0.287606238475953,0.645974188021254,-0.707106781186544));
#6530=DIRECTION('center_axis',(0.,0.,-1.));
#6531=DIRECTION('ref_axis',(0.146161008910859,0.989260814686481,0.));
#6532=DIRECTION('center_axis',(0.287606238475951,-0.645974188021246,-0.707106781186552));
#6533=DIRECTION('ref_axis',(-0.926309308298546,4.16333634234434E-16,-0.376763938507216));
#6534=DIRECTION('',(0.9135454576426,0.406736643075803,0.));
#6535=DIRECTION('',(-0.9135454576426,-0.406736643075803,0.));
#6536=DIRECTION('',(0.326545937319074,0.760201103958793,-0.561660068333364));
#6537=DIRECTION('center_axis',(0.526307741655492,-0.472228928670717,-0.707106781186549));
#6538=DIRECTION('ref_axis',(-0.802185001667017,-1.38777878078145E-16,-0.597075558954215));
#6539=DIRECTION('',(-0.667832555471046,-0.744311546231154,0.));
#6540=DIRECTION('',(0.667832555471046,0.744311546231154,0.));
#6541=DIRECTION('center_axis',(0.,0.,1.));
#6542=DIRECTION('ref_axis',(0.626932447355192,-0.779073620688847,0.));
#6543=DIRECTION('center_axis',(0.,0.,-1.));
#6544=DIRECTION('ref_axis',(0.626932447355192,-0.779073620688847,0.));
#6545=DIRECTION('center_axis',(0.,0.,1.));
#6546=DIRECTION('ref_axis',(0.626932447355192,-0.779073620688847,0.));
#6547=DIRECTION('',(0.535904455529984,-0.652390089659645,0.535904455530081));
#6548=DIRECTION('center_axis',(0.,0.,1.));
#6549=DIRECTION('ref_axis',(-0.217904020737523,-0.975970203308698,0.));
#6550=DIRECTION('center_axis',(0.,0.,-1.));
#6551=DIRECTION('ref_axis',(-0.217904020737523,-0.975970203308698,0.));
#6552=DIRECTION('center_axis',(0.,0.,1.));
#6553=DIRECTION('ref_axis',(-0.217904020737518,0.975970203308699,0.));
#6554=DIRECTION('center_axis',(0.,0.,-1.));
#6555=DIRECTION('ref_axis',(-0.217904020737518,0.975970203308699,0.));
#6556=DIRECTION('center_axis',(0.,0.,1.));
#6557=DIRECTION('ref_axis',(0.217904020737523,0.975970203308698,0.));
#6558=DIRECTION('center_axis',(0.,0.,-1.));
#6559=DIRECTION('ref_axis',(0.217904020737523,0.975970203308698,0.));
#6560=DIRECTION('center_axis',(0.,0.,1.));
#6561=DIRECTION('ref_axis',(0.217904020737523,-0.975970203308698,0.));
#6562=DIRECTION('center_axis',(0.,0.,-1.));
#6563=DIRECTION('ref_axis',(0.217904020737523,-0.975970203308698,0.));
#6564=DIRECTION('center_axis',(-0.744311546231154,0.667832555471046,0.));
#6565=DIRECTION('ref_axis',(0.667832555471046,0.744311546231154,0.));
#6566=DIRECTION('',(0.,0.,-1.));
#6567=DIRECTION('',(-0.667832555471046,-0.744311546231154,0.));
#6568=DIRECTION('',(0.,0.,-1.));
#6569=DIRECTION('center_axis',(0.,0.,-1.));
#6570=DIRECTION('ref_axis',(-0.626932447355193,0.779073620688846,0.));
#6571=DIRECTION('',(0.,0.,-1.));
#6572=DIRECTION('',(0.,0.,-1.));
#6573=DIRECTION('center_axis',(0.,0.,1.));
#6574=DIRECTION('ref_axis',(-0.626932447355192,0.779073620688847,0.));
#6575=DIRECTION('',(0.,0.,1.));
#6576=DIRECTION('center_axis',(0.,0.,-1.));
#6577=DIRECTION('ref_axis',(0.464526858366794,0.885559031265492,0.));
#6578=DIRECTION('center_axis',(0.,0.,-1.));
#6579=DIRECTION('ref_axis',(0.122425347557152,-0.992477724825858,0.));
#6580=DIRECTION('',(0.,0.,1.));
#6581=DIRECTION('center_axis',(0.406736643075806,0.913545457642598,0.));
#6582=DIRECTION('ref_axis',(0.913545457642598,-0.406736643075806,0.));
#6583=DIRECTION('',(0.,0.,-1.));
#6584=DIRECTION('center_axis',(0.,0.,-1.));
#6585=DIRECTION('ref_axis',(-0.217904020737518,0.975970203308699,0.));
#6586=DIRECTION('',(0.,0.,1.));
#6587=DIRECTION('center_axis',(0.,0.,1.));
#6588=DIRECTION('ref_axis',(1.,0.,0.));
#6589=DIRECTION('center_axis',(0.,0.,1.));
#6590=DIRECTION('ref_axis',(1.,0.,0.));
#6591=DIRECTION('',(0.,0.,-1.));
#6592=DIRECTION('',(0.,0.,-1.));
#6593=DIRECTION('',(0.,0.,1.));
#6594=DIRECTION('',(0.,0.,-1.));
#6595=DIRECTION('center_axis',(0.,0.,-1.));
#6596=DIRECTION('ref_axis',(-0.217904020737523,-0.975970203308698,0.));
#6597=DIRECTION('',(0.,0.,1.));
#6598=DIRECTION('center_axis',(0.406736643075803,-0.9135454576426,0.));
#6599=DIRECTION('ref_axis',(-0.9135454576426,-0.406736643075803,0.));
#6600=DIRECTION('',(0.,0.,-1.));
#6601=DIRECTION('',(0.9135454576426,0.406736643075803,0.));
#6602=DIRECTION('',(0.,0.,-1.));
#6603=DIRECTION('',(0.913545457642599,0.406736643075805,0.));
#6604=DIRECTION('',(0.,0.,1.));
#6605=DIRECTION('center_axis',(0.,0.,1.));
#6606=DIRECTION('ref_axis',(0.146161008910859,0.989260814686481,0.));
#6607=DIRECTION('',(0.,0.,1.));
#6608=DIRECTION('center_axis',(0.,0.,1.));
#6609=DIRECTION('ref_axis',(0.146161008910859,0.989260814686481,0.));
#6610=DIRECTION('center_axis',(0.,0.,-1.));
#6611=DIRECTION('ref_axis',(-1.,1.22464679914735E-16,0.));
#6612=DIRECTION('',(0.,0.,-1.));
#6613=DIRECTION('center_axis',(0.,0.,1.));
#6614=DIRECTION('ref_axis',(-1.,1.22464679914735E-16,0.));
#6615=DIRECTION('center_axis',(0.,0.,-1.));
#6616=DIRECTION('ref_axis',(-0.259982587203299,-0.965613304771159,0.));
#6617=DIRECTION('',(0.,0.,1.));
#6618=DIRECTION('center_axis',(0.,0.,-1.));
#6619=DIRECTION('ref_axis',(-0.259982587203299,-0.965613304771159,0.));
#6620=DIRECTION('center_axis',(-1.22464679914735E-16,-1.,0.));
#6621=DIRECTION('ref_axis',(-1.,1.22464679914735E-16,0.));
#6622=DIRECTION('',(0.,0.,-1.));
#6623=DIRECTION('',(1.,-1.22464679914735E-16,0.));
#6624=DIRECTION('center_axis',(0.707106781186547,-2.81968975475193E-16,
-0.707106781186548));
#6625=DIRECTION('ref_axis',(-0.707106781186548,0.,-0.707106781186547));
#6626=DIRECTION('',(3.98764349285464E-16,1.,0.));
#6627=DIRECTION('center_axis',(-0.994521895368273,0.104528463267654,0.));
#6628=DIRECTION('ref_axis',(-0.104528463267654,-0.994521895368273,0.));
#6629=DIRECTION('',(0.,0.,1.));
#6630=DIRECTION('',(0.104528463267654,0.994521895368273,0.));
#6631=DIRECTION('center_axis',(0.,0.,1.));
#6632=DIRECTION('ref_axis',(-1.,0.,0.));
#6633=DIRECTION('center_axis',(0.,0.,1.));
#6634=DIRECTION('ref_axis',(-1.,0.,0.));
#6635=DIRECTION('center_axis',(-0.743144825477396,0.669130606358857,0.));
#6636=DIRECTION('ref_axis',(-0.669130606358857,-0.743144825477396,0.));
#6637=DIRECTION('',(0.,0.,1.));
#6638=DIRECTION('',(0.669130606358857,0.743144825477396,0.));
#6639=DIRECTION('center_axis',(0.,0.,1.));
#6640=DIRECTION('ref_axis',(0.859094964131274,-0.511816219559604,0.));
#6641=DIRECTION('center_axis',(0.,0.,-1.));
#6642=DIRECTION('ref_axis',(-1.,0.,0.));
#6643=DIRECTION('center_axis',(0.866025403784439,0.5,0.));
#6644=DIRECTION('ref_axis',(-0.5,0.866025403784439,0.));
#6645=DIRECTION('',(0.,0.,1.));
#6646=DIRECTION('',(0.5,-0.866025403784439,0.));
#6647=DIRECTION('center_axis',(0.,0.,1.));
#6648=DIRECTION('ref_axis',(-1.,0.,0.));
#6649=DIRECTION('center_axis',(0.,0.,1.));
#6650=DIRECTION('ref_axis',(-1.,0.,0.));
#6651=DIRECTION('center_axis',(0.994521895368273,-0.104528463267654,0.));
#6652=DIRECTION('ref_axis',(0.104528463267654,0.994521895368273,0.));
#6653=DIRECTION('',(0.,0.,1.));
#6654=DIRECTION('',(-0.104528463267654,-0.994521895368273,0.));
#6655=DIRECTION('center_axis',(0.,0.,1.));
#6656=DIRECTION('ref_axis',(-1.,0.,0.));
#6657=DIRECTION('center_axis',(0.,0.,-1.));
#6658=DIRECTION('ref_axis',(-1.,0.,0.));
#6659=DIRECTION('center_axis',(0.207911690817759,-0.978147600733806,0.));
#6660=DIRECTION('ref_axis',(0.978147600733806,0.207911690817759,0.));
#6661=DIRECTION('',(0.,0.,1.));
#6662=DIRECTION('',(-0.978147600733806,-0.207911690817759,0.));
#6663=DIRECTION('center_axis',(0.,0.,1.));
#6664=DIRECTION('ref_axis',(-1.,0.,0.));
#6665=DIRECTION('center_axis',(0.,0.,1.));
#6666=DIRECTION('ref_axis',(-1.,0.,0.));
#6667=DIRECTION('center_axis',(-0.406736643075802,-0.9135454576426,0.));
#6668=DIRECTION('ref_axis',(0.9135454576426,-0.406736643075802,0.));
#6669=DIRECTION('',(-0.9135454576426,0.406736643075802,0.));
#6670=DIRECTION('center_axis',(0.,0.,-1.));
#6671=DIRECTION('ref_axis',(0.259982587203299,0.965613304771159,0.));
#6672=DIRECTION('',(0.,0.,1.));
#6673=DIRECTION('center_axis',(0.,0.,-1.));
#6674=DIRECTION('ref_axis',(0.259982587203299,0.965613304771159,0.));
#6675=DIRECTION('',(0.,0.,-1.));
#6676=DIRECTION('center_axis',(0.,1.,0.));
#6677=DIRECTION('ref_axis',(1.,0.,0.));
#6678=DIRECTION('',(-1.,0.,0.));
#6679=DIRECTION('center_axis',(0.,0.,-1.));
#6680=DIRECTION('ref_axis',(-1.,1.22464679914735E-16,0.));
#6681=DIRECTION('center_axis',(0.,0.,-1.));
#6682=DIRECTION('ref_axis',(-1.,1.22464679914735E-16,0.));
#6683=DIRECTION('center_axis',(0.,0.,1.));
#6684=DIRECTION('ref_axis',(-0.146161008910859,-0.989260814686481,0.));
#6685=DIRECTION('',(0.,0.,1.));
#6686=DIRECTION('center_axis',(0.,0.,1.));
#6687=DIRECTION('ref_axis',(-0.146161008910859,-0.989260814686481,0.));
#6688=DIRECTION('',(0.,0.,-1.));
#6689=DIRECTION('center_axis',(-0.406736643075805,0.913545457642599,0.));
#6690=DIRECTION('ref_axis',(0.913545457642599,0.406736643075805,0.));
#6691=DIRECTION('',(-0.913545457642599,-0.406736643075805,0.));
#6692=DIRECTION('',(0.,0.,-1.));
#6693=DIRECTION('',(-0.913545457642599,-0.406736643075805,0.));
#6694=DIRECTION('',(0.,0.,1.));
#6695=DIRECTION('',(0.,0.,1.));
#6696=DIRECTION('center_axis',(0.,0.,1.));
#6697=DIRECTION('ref_axis',(0.954065660960429,0.299597587734179,0.));
#6698=DIRECTION('',(0.,0.,1.));
#6699=DIRECTION('center_axis',(0.,0.,1.));
#6700=DIRECTION('ref_axis',(0.954065660960429,0.299597587734179,0.));
#6701=DIRECTION('',(0.,0.,-1.));
#6702=DIRECTION('center_axis',(0.744311546231155,-0.667832555471046,0.));
#6703=DIRECTION('ref_axis',(0.667832555471046,0.744311546231155,0.));
#6704=DIRECTION('',(0.,0.,-1.));
#6705=DIRECTION('',(-0.667832555471046,-0.744311546231155,0.));
#6706=DIRECTION('center_axis',(0.,0.,1.));
#6707=DIRECTION('ref_axis',(-0.986790492988658,0.16200161402653,0.));
#6708=DIRECTION('center_axis',(0.,0.,1.));
#6709=DIRECTION('ref_axis',(-0.986790492988658,0.16200161402653,0.));
#6710=DIRECTION('',(0.,0.,-1.));
#6711=DIRECTION('center_axis',(0.,0.,1.));
#6712=DIRECTION('ref_axis',(-0.954065660960418,-0.299597587734215,0.));
#6713=DIRECTION('',(0.,0.,1.));
#6714=DIRECTION('center_axis',(0.,0.,1.));
#6715=DIRECTION('ref_axis',(-0.954065660960418,-0.299597587734215,0.));
#6716=DIRECTION('center_axis',(-0.744311546231155,0.667832555471046,0.));
#6717=DIRECTION('ref_axis',(-0.667832555471046,-0.744311546231155,0.));
#6718=DIRECTION('',(0.,0.,-1.));
#6719=DIRECTION('',(0.667832555471046,0.744311546231155,0.));
#6720=DIRECTION('center_axis',(0.,0.,1.));
#6721=DIRECTION('ref_axis',(0.986790492988656,-0.162001614026545,0.));
#6722=DIRECTION('center_axis',(0.,0.,1.));
#6723=DIRECTION('ref_axis',(0.986790492988656,-0.162001614026545,0.));
#6724=DIRECTION('',(0.,0.,-1.));
#6725=DIRECTION('center_axis',(0.,0.,1.));
#6726=DIRECTION('ref_axis',(1.,0.,0.));
#6727=DIRECTION('center_axis',(0.,0.,1.));
#6728=DIRECTION('ref_axis',(-0.464526858366794,-0.885559031265492,0.));
#6729=DIRECTION('center_axis',(0.,0.,-1.));
#6730=DIRECTION('ref_axis',(-0.464526858366794,-0.885559031265492,0.));
#6731=DIRECTION('center_axis',(0.,0.,1.));
#6732=DIRECTION('ref_axis',(0.116076003855673,0.993240334123065,0.));
#6733=DIRECTION('',(0.,0.,1.));
#6734=DIRECTION('center_axis',(0.,0.,1.));
#6735=DIRECTION('ref_axis',(0.116076003855673,0.993240334123065,0.));
#6736=DIRECTION('center_axis',(0.,0.,1.));
#6737=DIRECTION('ref_axis',(0.116076003855673,0.993240334123065,0.));
#6738=DIRECTION('center_axis',(0.,0.,-1.));
#6739=DIRECTION('ref_axis',(-1.,1.22464679914735E-16,0.));
#6740=DIRECTION('',(0.667832555471046,0.744311546231154,0.));
#6741=DIRECTION('center_axis',(0.,0.,1.));
#6742=DIRECTION('ref_axis',(1.,0.,0.));
#6743=DIRECTION('center_axis',(0.,0.,1.));
#6744=DIRECTION('ref_axis',(0.464526858366794,0.885559031265492,0.));
#6745=DIRECTION('center_axis',(0.,0.,1.));
#6746=DIRECTION('ref_axis',(-0.122425347557142,-0.992477724825859,0.));
#6747=DIRECTION('center_axis',(0.,0.,1.));
#6748=DIRECTION('ref_axis',(-0.122425347557142,-0.992477724825859,0.));
#6749=DIRECTION('center_axis',(0.,0.,-1.));
#6750=DIRECTION('ref_axis',(1.,0.,0.));
#6751=DIRECTION('center_axis',(0.,0.,1.));
#6752=DIRECTION('ref_axis',(1.,0.,0.));
#6753=DIRECTION('center_axis',(0.,0.,-1.));
#6754=DIRECTION('ref_axis',(-0.122425347557142,0.992477724825859,0.));
#6755=DIRECTION('',(0.,0.,1.));
#6756=DIRECTION('',(0.,0.,-1.));
#6757=DIRECTION('center_axis',(0.,0.,-1.));
#6758=DIRECTION('ref_axis',(0.626932447355192,-0.779073620688847,0.));
#6759=DIRECTION('center_axis',(0.,0.,1.));
#6760=DIRECTION('ref_axis',(0.626932447355192,-0.779073620688847,0.));
#6761=DIRECTION('',(0.,0.,-1.));
#6762=DIRECTION('center_axis',(0.,0.,-1.));
#6763=DIRECTION('ref_axis',(0.24802121931927,0.968754599869019,0.));
#6764=DIRECTION('',(0.,0.,1.));
#6765=DIRECTION('',(0.,0.,-1.));
#6766=DIRECTION('center_axis',(0.406736643075805,-0.913545457642599,0.));
#6767=DIRECTION('ref_axis',(-0.913545457642599,-0.406736643075805,0.));
#6768=DIRECTION('',(0.,0.,1.));
#6769=DIRECTION('center_axis',(0.,0.,-1.));
#6770=DIRECTION('ref_axis',(0.248021219319268,-0.968754599869019,0.));
#6771=DIRECTION('',(0.,0.,1.));
#6772=DIRECTION('',(0.,0.,-1.));
#6773=DIRECTION('center_axis',(0.406736643075804,0.913545457642599,0.));
#6774=DIRECTION('ref_axis',(0.913545457642599,-0.406736643075804,0.));
#6775=DIRECTION('',(0.,0.,-1.));
#6776=DIRECTION('center_axis',(0.,0.,1.));
#6777=DIRECTION('ref_axis',(0.254225325871004,-0.967145016885153,0.));
#6778=DIRECTION('',(0.,0.,1.));
#6779=DIRECTION('center_axis',(0.,0.,1.));
#6780=DIRECTION('ref_axis',(0.254225325871004,-0.967145016885153,0.));
#6781=DIRECTION('center_axis',(0.,0.,1.));
#6782=DIRECTION('ref_axis',(-1.,1.22464679914735E-16,0.));
#6783=DIRECTION('center_axis',(0.,0.,-1.));
#6784=DIRECTION('ref_axis',(-1.,1.22464679914735E-16,0.));
#6785=DIRECTION('center_axis',(0.,0.,1.));
#6786=DIRECTION('ref_axis',(-0.254225325871004,0.967145016885153,0.));
#6787=DIRECTION('',(0.,0.,1.));
#6788=DIRECTION('center_axis',(0.,0.,1.));
#6789=DIRECTION('ref_axis',(-0.254225325871004,0.967145016885153,0.));
#6790=DIRECTION('center_axis',(0.,0.,1.));
#6791=DIRECTION('ref_axis',(1.,0.,0.));
#6792=DIRECTION('center_axis',(0.,0.,-1.));
#6793=DIRECTION('ref_axis',(1.,0.,0.));
#6794=DIRECTION('center_axis',(0.,0.,-1.));
#6795=DIRECTION('ref_axis',(-0.157924874716062,-0.987451129902597,0.));
#6796=DIRECTION('',(0.,0.,-1.));
#6797=DIRECTION('center_axis',(0.,0.,-1.));
#6798=DIRECTION('ref_axis',(-0.695463457918738,0.718561464802916,0.));
#6799=DIRECTION('center_axis',(0.,0.,-1.));
#6800=DIRECTION('ref_axis',(-0.157924874716061,0.987451129902597,0.));
#6801=DIRECTION('center_axis',(0.,0.,-1.));
#6802=DIRECTION('ref_axis',(0.217904020737523,-0.975970203308698,0.));
#6803=DIRECTION('',(0.,0.,-1.));
#6804=DIRECTION('center_axis',(0.,0.,-1.));
#6805=DIRECTION('ref_axis',(0.217904020737523,0.975970203308698,0.));
#6806=DIRECTION('center_axis',(0.,0.,-1.));
#6807=DIRECTION('ref_axis',(1.,0.,0.));
#6808=DIRECTION('center_axis',(0.,0.,-1.));
#6809=DIRECTION('ref_axis',(-1.,1.22464679914735E-16,0.));
#6810=DIRECTION('center_axis',(0.,0.,1.));
#6811=DIRECTION('ref_axis',(-1.,1.22464679914735E-16,0.));
#6812=DIRECTION('center_axis',(0.744311546231154,-0.667832555471046,0.));
#6813=DIRECTION('ref_axis',(-0.667832555471046,-0.744311546231154,0.));
#6814=DIRECTION('center_axis',(0.,0.,-1.));
#6815=DIRECTION('ref_axis',(1.,0.,0.));
#6816=DIRECTION('center_axis',(0.,0.,-1.));
#6817=DIRECTION('ref_axis',(0.787676692794357,0.616088814724423,0.));
#6818=DIRECTION('center_axis',(-0.406736643075804,-0.913545457642599,0.));
#6819=DIRECTION('ref_axis',(-0.913545457642599,0.406736643075804,0.));
#6820=DIRECTION('center_axis',(0.,0.,1.));
#6821=DIRECTION('ref_axis',(1.,0.,0.));
#6822=DIRECTION('center_axis',(0.,0.,1.));
#6823=DIRECTION('ref_axis',(0.5,0.866025403784438,0.));
#6824=DIRECTION('center_axis',(0.,0.,1.));
#6825=DIRECTION('ref_axis',(0.5,0.866025403784438,0.));
#6826=DIRECTION('',(0.,0.,1.));
#6827=DIRECTION('center_axis',(0.,0.,1.));
#6828=DIRECTION('ref_axis',(0.5,0.866025403784438,0.));
#6829=DIRECTION('center_axis',(0.,0.,1.));
#6830=DIRECTION('ref_axis',(0.5,0.866025403784438,0.));
#6831=DIRECTION('center_axis',(0.,0.,1.));
#6832=DIRECTION('ref_axis',(0.5,-0.866025403784439,0.));
#6833=DIRECTION('center_axis',(0.,0.,1.));
#6834=DIRECTION('ref_axis',(0.5,-0.866025403784439,0.));
#6835=DIRECTION('',(0.,0.,1.));
#6836=DIRECTION('center_axis',(0.,0.,1.));
#6837=DIRECTION('ref_axis',(0.5,-0.866025403784439,0.));
#6838=DIRECTION('center_axis',(0.,0.,1.));
#6839=DIRECTION('ref_axis',(0.5,-0.866025403784439,0.));
#6840=DIRECTION('center_axis',(0.,0.,1.));
#6841=DIRECTION('ref_axis',(-1.,0.,0.));
#6842=DIRECTION('center_axis',(0.,0.,1.));
#6843=DIRECTION('ref_axis',(-1.,0.,0.));
#6844=DIRECTION('',(0.,0.,1.));
#6845=DIRECTION('center_axis',(0.,0.,1.));
#6846=DIRECTION('ref_axis',(-1.,0.,0.));
#6847=DIRECTION('center_axis',(0.,0.,1.));
#6848=DIRECTION('ref_axis',(-1.,0.,0.));
#6849=DIRECTION('center_axis',(0.,0.,-1.));
#6850=DIRECTION('ref_axis',(1.,0.,0.));
#6851=DIRECTION('center_axis',(0.,0.,-1.));
#6852=DIRECTION('ref_axis',(-0.492730670993462,-0.870181869417154,0.));
#6853=DIRECTION('center_axis',(0.,0.,-1.));
#6854=DIRECTION('ref_axis',(1.,0.,0.));
#6855=DIRECTION('center_axis',(0.,0.,-1.));
#6856=DIRECTION('ref_axis',(-0.999964940324619,0.00837365640449482,0.));
#6857=DIRECTION('center_axis',(0.,0.,-1.));
#6858=DIRECTION('ref_axis',(1.,0.,0.));
#6859=DIRECTION('center_axis',(0.,0.,-1.));
#6860=DIRECTION('ref_axis',(-0.507234269331157,0.861808213012667,0.));
#6861=DIRECTION('center_axis',(0.,0.,-1.));
#6862=DIRECTION('ref_axis',(-0.999964940324619,0.00837365640449482,0.));
#6863=DIRECTION('',(0.,0.,1.));
#6864=DIRECTION('center_axis',(0.,0.,1.));
#6865=DIRECTION('ref_axis',(-0.999964940324619,0.00837365640449482,0.));
#6866=DIRECTION('',(0.,0.,-1.));
#6867=DIRECTION('center_axis',(0.,0.,1.));
#6868=DIRECTION('ref_axis',(-0.999964940324619,0.00837365640449482,0.));
#6869=DIRECTION('',(0.,0.,-1.));
#6870=DIRECTION('center_axis',(0.,0.,1.));
#6871=DIRECTION('ref_axis',(-0.999964940324619,0.00837365640449482,0.));
#6872=DIRECTION('center_axis',(0.,0.,1.));
#6873=DIRECTION('ref_axis',(1.,0.,0.));
#6874=DIRECTION('',(-0.250380004054439,0.968147640378108,0.));
#6875=DIRECTION('center_axis',(0.,0.,-1.));
#6876=DIRECTION('ref_axis',(0.228609713830993,0.973518155322289,0.));
#6877=DIRECTION('',(-0.250380004054442,-0.968147640378108,0.));
#6878=DIRECTION('center_axis',(0.,0.,1.));
#6879=DIRECTION('ref_axis',(1.,0.,0.));
#6880=DIRECTION('',(0.250380004054439,-0.968147640378108,0.));
#6881=DIRECTION('',(0.250380004054442,0.968147640378108,0.));
#6882=DIRECTION('center_axis',(0.,0.,1.));
#6883=DIRECTION('ref_axis',(1.,0.,0.));
#6884=DIRECTION('',(-0.963630453208622,0.26723837607826,0.));
#6885=DIRECTION('center_axis',(0.,0.,1.));
#6886=DIRECTION('ref_axis',(0.507234269331165,0.861808213012663,0.));
#6887=DIRECTION('center_axis',(0.,0.,1.));
#6888=DIRECTION('ref_axis',(0.507234269331165,0.861808213012663,0.));
#6889=DIRECTION('',(0.713250449154181,-0.700909264299852,0.));
#6890=DIRECTION('center_axis',(0.,0.,1.));
#6891=DIRECTION('ref_axis',(1.,0.,0.));
#6892=DIRECTION('',(0.713250449154184,0.700909264299849,0.));
#6893=DIRECTION('center_axis',(0.,0.,1.));
#6894=DIRECTION('ref_axis',(0.492730670993454,-0.870181869417158,0.));
#6895=DIRECTION('center_axis',(0.,0.,1.));
#6896=DIRECTION('ref_axis',(0.492730670993454,-0.870181869417158,0.));
#6897=DIRECTION('',(-0.963630453208623,-0.267238376078256,0.));
#6898=DIRECTION('center_axis',(0.,0.,1.));
#6899=DIRECTION('ref_axis',(1.,0.,0.));
#6900=DIRECTION('center_axis',(0.,0.,-1.));
#6901=DIRECTION('ref_axis',(0.507234269331165,0.861808213012663,0.));
#6902=DIRECTION('',(0.,0.,1.));
#6903=DIRECTION('',(0.,0.,-1.));
#6904=DIRECTION('center_axis',(0.,0.,1.));
#6905=DIRECTION('ref_axis',(-0.492730670993462,-0.870181869417154,0.));
#6906=DIRECTION('',(0.,0.,-1.));
#6907=DIRECTION('center_axis',(0.,0.,1.));
#6908=DIRECTION('ref_axis',(1.,0.,0.));
#6909=DIRECTION('',(0.963630453208622,-0.26723837607826,0.));
#6910=DIRECTION('center_axis',(0.,0.,-1.));
#6911=DIRECTION('ref_axis',(0.72878659663897,-0.684740897390675,0.));
#6912=DIRECTION('',(-0.713250449154181,0.700909264299852,0.));
#6913=DIRECTION('center_axis',(0.,0.,-1.));
#6914=DIRECTION('ref_axis',(0.492730670993454,-0.870181869417158,0.));
#6915=DIRECTION('',(0.,0.,1.));
#6916=DIRECTION('',(0.,0.,-1.));
#6917=DIRECTION('center_axis',(0.,0.,1.));
#6918=DIRECTION('ref_axis',(-0.507234269331157,0.861808213012667,0.));
#6919=DIRECTION('',(0.,0.,-1.));
#6920=DIRECTION('center_axis',(0.,0.,1.));
#6921=DIRECTION('ref_axis',(1.,0.,0.));
#6922=DIRECTION('',(-0.713250449154184,-0.700909264299849,0.));
#6923=DIRECTION('center_axis',(0.,0.,-1.));
#6924=DIRECTION('ref_axis',(-0.957396310469963,-0.288777257931613,0.));
#6925=DIRECTION('',(0.963630453208623,0.267238376078256,0.));
#6926=DIRECTION('center_axis',(0.26723837607826,0.963630453208622,0.));
#6927=DIRECTION('ref_axis',(-0.963630453208622,0.26723837607826,0.));
#6928=DIRECTION('',(0.,0.,1.));
#6929=DIRECTION('',(-0.963630453208622,0.26723837607826,0.));
#6930=DIRECTION('',(0.,0.,1.));
#6931=DIRECTION('center_axis',(0.,0.,1.));
#6932=DIRECTION('ref_axis',(0.72878659663897,-0.684740897390675,0.));
#6933=DIRECTION('center_axis',(0.,0.,1.));
#6934=DIRECTION('ref_axis',(0.72878659663897,-0.684740897390675,0.));
#6935=DIRECTION('',(0.,0.,1.));
#6936=DIRECTION('center_axis',(-0.700909264299852,-0.713250449154181,0.));
#6937=DIRECTION('ref_axis',(0.713250449154181,-0.700909264299852,0.));
#6938=DIRECTION('',(0.713250449154181,-0.700909264299852,0.));
#6939=DIRECTION('',(0.,0.,1.));
#6940=DIRECTION('center_axis',(0.,0.,1.));
#6941=DIRECTION('ref_axis',(1.,0.,0.));
#6942=DIRECTION('center_axis',(0.,0.,1.));
#6943=DIRECTION('ref_axis',(1.,0.,0.));
#6944=DIRECTION('',(0.,0.,1.));
#6945=DIRECTION('center_axis',(0.700909264299849,-0.713250449154184,0.));
#6946=DIRECTION('ref_axis',(0.713250449154184,0.700909264299849,0.));
#6947=DIRECTION('',(0.713250449154184,0.700909264299849,0.));
#6948=DIRECTION('',(0.,0.,1.));
#6949=DIRECTION('center_axis',(0.,0.,1.));
#6950=DIRECTION('ref_axis',(-0.957396310469963,-0.288777257931613,0.));
#6951=DIRECTION('center_axis',(0.,0.,1.));
#6952=DIRECTION('ref_axis',(-0.957396310469963,-0.288777257931613,0.));
#6953=DIRECTION('',(0.,0.,1.));
#6954=DIRECTION('center_axis',(-0.267238376078256,0.963630453208623,0.));
#6955=DIRECTION('ref_axis',(-0.963630453208623,-0.267238376078256,0.));
#6956=DIRECTION('',(-0.963630453208623,-0.267238376078256,0.));
#6957=DIRECTION('',(0.,0.,1.));
#6958=DIRECTION('center_axis',(0.,0.,1.));
#6959=DIRECTION('ref_axis',(-0.866025403784439,0.5,0.));
#6960=DIRECTION('center_axis',(0.,0.,1.));
#6961=DIRECTION('ref_axis',(1.,0.,0.));
#6962=DIRECTION('',(0.,0.,1.));
#6963=DIRECTION('center_axis',(-0.968147640378109,-0.250380004054439,0.));
#6964=DIRECTION('ref_axis',(0.250380004054439,-0.968147640378108,0.));
#6965=DIRECTION('',(0.250380004054439,-0.968147640378108,0.));
#6966=DIRECTION('',(0.,0.,1.));
#6967=DIRECTION('center_axis',(0.,0.,1.));
#6968=DIRECTION('ref_axis',(0.228609713830993,0.973518155322289,0.));
#6969=DIRECTION('center_axis',(0.,0.,1.));
#6970=DIRECTION('ref_axis',(0.228609713830993,0.973518155322289,0.));
#6971=DIRECTION('',(0.,0.,1.));
#6972=DIRECTION('center_axis',(0.968147640378108,-0.250380004054442,0.));
#6973=DIRECTION('ref_axis',(0.250380004054442,0.968147640378108,0.));
#6974=DIRECTION('',(0.250380004054442,0.968147640378108,0.));
#6975=DIRECTION('',(0.,0.,1.));
#6976=DIRECTION('center_axis',(0.,0.,1.));
#6977=DIRECTION('ref_axis',(1.,0.,0.));
#6978=DIRECTION('center_axis',(0.,0.,1.));
#6979=DIRECTION('ref_axis',(1.,0.,0.));
#6980=DIRECTION('center_axis',(0.,0.,1.));
#6981=DIRECTION('ref_axis',(1.,0.,0.));
#6982=CARTESIAN_POINT('',(0.,0.,0.));
#6983=CARTESIAN_POINT('Origin',(6.71199052092156,-3.87516953405228,1.8));
#6984=CARTESIAN_POINT('',(6.21199052092156,-4.74119493783672,2.3));
#6985=CARTESIAN_POINT('Origin',(6.71199052092156,-3.87516953405228,2.3));
#6986=CARTESIAN_POINT('',(5.71199052092156,-5.60722034162116,1.3));
#6987=CARTESIAN_POINT('',(5.96199052092156,-5.17420763972894,1.8));
#6988=CARTESIAN_POINT('',(4.71199052092156,-3.87516953405228,1.3));
#6989=CARTESIAN_POINT('Origin',(6.71199052092156,-3.87516953405228,1.3));
#6990=CARTESIAN_POINT('Origin',(6.71199052092156,-3.87516953405228,1.3));
#6991=CARTESIAN_POINT('Origin',(6.71199052092156,-3.87516953405228,4.8));
#6992=CARTESIAN_POINT('',(6.21199052092156,-4.74119493783672,3.));
#6993=CARTESIAN_POINT('',(6.21199052092156,-4.74119493783672,4.8));
#6994=CARTESIAN_POINT('Origin',(6.71199052092156,-3.87516953405228,3.));
#6995=CARTESIAN_POINT('Origin',(-6.71199052092156,-3.87516953405228,1.8));
#6996=CARTESIAN_POINT('',(-7.21199052092156,-3.00914413026784,2.3));
#6997=CARTESIAN_POINT('Origin',(-6.71199052092156,-3.87516953405228,2.3));
#6998=CARTESIAN_POINT('',(-7.71199052092156,-2.1431187264834,1.3));
#6999=CARTESIAN_POINT('',(-7.46199052092156,-2.57613142837562,1.8));
#7000=CARTESIAN_POINT('',(-8.71199052092156,-3.87516953405228,1.3));
#7001=CARTESIAN_POINT('Origin',(-6.71199052092156,-3.87516953405228,1.3));
#7002=CARTESIAN_POINT('Origin',(-6.71199052092156,-3.87516953405228,1.3));
#7003=CARTESIAN_POINT('Origin',(-6.71199052092156,-3.87516953405228,4.8));
#7004=CARTESIAN_POINT('',(-7.21199052092156,-3.00914413026784,3.));
#7005=CARTESIAN_POINT('',(-7.21199052092156,-3.00914413026784,4.8));
#7006=CARTESIAN_POINT('Origin',(-6.71199052092156,-3.87516953405228,3.));
#7007=CARTESIAN_POINT('Origin',(-8.71797666446914E-16,7.75033906810456,
1.8));
#7008=CARTESIAN_POINT('',(1.,7.75033906810456,2.3));
#7009=CARTESIAN_POINT('Origin',(-8.71797666446914E-16,7.75033906810456,
2.3));
#7010=CARTESIAN_POINT('',(2.,7.75033906810456,1.3));
#7011=CARTESIAN_POINT('',(1.5,7.75033906810456,1.8));
#7012=CARTESIAN_POINT('',(-2.,7.75033906810456,1.3));
#7013=CARTESIAN_POINT('Origin',(-9.49761103097302E-16,7.75033906810456,
1.3));
#7014=CARTESIAN_POINT('Origin',(-9.49761103097302E-16,7.75033906810456,
1.3));
#7015=CARTESIAN_POINT('Origin',(-8.71797666446914E-16,7.75033906810456,
4.8));
#7016=CARTESIAN_POINT('',(0.999999999999999,7.75033906810456,3.));
#7017=CARTESIAN_POINT('',(0.999999999999999,7.75033906810456,4.8));
#7018=CARTESIAN_POINT('Origin',(-8.71797666446914E-16,7.75033906810456,
3.));
#7019=CARTESIAN_POINT('Origin',(-9.49761103097302E-16,7.75033906810456,
0.125));
#7020=CARTESIAN_POINT('',(-2.,7.75033906810456,0.25));
#7021=CARTESIAN_POINT('Origin',(-9.49761103097302E-16,7.75033906810456,
0.25));
#7022=CARTESIAN_POINT('',(-2.25000000000001,7.75033906810456,-6.53990750443256E-15));
#7023=CARTESIAN_POINT('',(-2.125,7.75033906810456,0.125));
#7024=CARTESIAN_POINT('',(-1.04216401161478,9.74442887874374,0.));
#7025=CARTESIAN_POINT('Origin',(-9.49761103097302E-16,7.75033906810456,
0.));
#7026=CARTESIAN_POINT('',(1.04216401161478,9.74442887874374,0.));
#7027=CARTESIAN_POINT('Ctrl Pts',(1.04216401161479,9.74442887874374,-6.5746019739521E-15));
#7028=CARTESIAN_POINT('Ctrl Pts',(0.686016519893943,9.78251875587425,0.131204205699499));
#7029=CARTESIAN_POINT('Ctrl Pts',(0.279948052803458,9.80425302929715,0.216396379392779));
#7030=CARTESIAN_POINT('Ctrl Pts',(-0.438681001285814,9.79529145285733,0.182557694446064));
#7031=CARTESIAN_POINT('Ctrl Pts',(-0.753424634473478,9.77530947639982,0.106371156649019));
#7032=CARTESIAN_POINT('Ctrl Pts',(-1.04216401161478,9.74442887874374,-3.52772281872471E-15));
#7033=CARTESIAN_POINT('Origin',(-9.49761103097302E-16,7.75033906810456,
0.));
#7034=CARTESIAN_POINT('Origin',(-9.49761103097302E-16,7.75033906810456,
0.));
#7035=CARTESIAN_POINT('',(-2.,7.75033906810456,0.));
#7036=CARTESIAN_POINT('Origin',(-6.71199052092156,-3.87516953405228,0.125));
#7037=CARTESIAN_POINT('',(-8.71199052092156,-3.87516953405228,0.25));
#7038=CARTESIAN_POINT('Origin',(-6.71199052092156,-3.87516953405228,0.25));
#7039=CARTESIAN_POINT('',(-8.96199052092156,-3.87516953405228,0.));
#7040=CARTESIAN_POINT('',(-8.83699052092156,-3.87516953405228,0.125));
#7041=CARTESIAN_POINT('Origin',(-6.71199052092156,-3.87516953405228,0.));
#7042=CARTESIAN_POINT('Origin',(0.,0.,0.));
#7043=CARTESIAN_POINT('',(1.69845277613091,9.65169716512351,0.));
#7044=CARTESIAN_POINT('Origin',(0.,0.,0.));
#7045=CARTESIAN_POINT('',(1.00517911948246,5.40736672861722,0.));
#7046=CARTESIAN_POINT('Origin',(-9.49761103097302E-16,7.75033906810456,
0.));
#7047=CARTESIAN_POINT('',(5.18550651430233,-1.8331727114836,0.));
#7048=CARTESIAN_POINT('Origin',(0.,0.,0.));
#7049=CARTESIAN_POINT('',(9.2408996279756,-3.5518690946712,0.));
#7050=CARTESIAN_POINT('Origin',(6.71199052092156,-3.87516953405228,0.));
#7051=CARTESIAN_POINT('',(6.8615884555911,7.13642794863782,0.));
#7052=CARTESIAN_POINT('Origin',(0.,0.,0.));
#7053=CARTESIAN_POINT('',(7.1184856751375,7.17678161931467,0.));
#7054=CARTESIAN_POINT('Origin',(6.9151173535996,7.63355434813597,0.));
#7055=CARTESIAN_POINT('',(11.7143784963526,9.22300493792323,0.));
#7056=CARTESIAN_POINT('',(5.20243425934763,6.32370056647897,0.));
#7057=CARTESIAN_POINT('',(12.0149862708778,9.14604312862222,0.));
#7058=CARTESIAN_POINT('Origin',(11.8160626571215,8.99461857351258,0.));
#7059=CARTESIAN_POINT('',(12.0149862708778,-9.14604312862223,0.));
#7060=CARTESIAN_POINT('Origin',(0.,0.,0.));
#7061=CARTESIAN_POINT('',(11.7143784963526,-9.22300493792324,0.));
#7062=CARTESIAN_POINT('Origin',(11.8160626571215,-8.99461857351259,0.));
#7063=CARTESIAN_POINT('',(7.1184856751375,-7.17678161931468,0.));
#7064=CARTESIAN_POINT('',(2.66324617255204,-5.19318119284388,0.));
#7065=CARTESIAN_POINT('',(6.86158845559109,-7.13642794863783,0.));
#7066=CARTESIAN_POINT('Origin',(6.91511735359959,-7.63355434813598,0.));
#7067=CARTESIAN_POINT('',(7.69645868088952,-6.2269192843139,0.));
#7068=CARTESIAN_POINT('Origin',(0.,0.,0.));
#7069=CARTESIAN_POINT('',(4.18032739482004,-3.57419401713409,0.));
#7070=CARTESIAN_POINT('Origin',(6.71199052092156,-3.87516953405228,0.));
#7071=CARTESIAN_POINT('',(-4.18032739482036,-3.57419401713371,0.));
#7072=CARTESIAN_POINT('Origin',(0.,0.,0.));
#7073=CARTESIAN_POINT('',(-7.6964586808899,-6.22691928431343,0.));
#7074=CARTESIAN_POINT('Origin',(-6.71199052092156,-3.87516953405228,0.));
#7075=CARTESIAN_POINT('',(-6.86158845559109,-7.13642794863783,0.));
#7076=CARTESIAN_POINT('Origin',(0.,0.,0.));
#7077=CARTESIAN_POINT('',(-7.1184856751375,-7.17678161931468,0.));
#7078=CARTESIAN_POINT('Origin',(-6.9151173535996,-7.63355434813598,0.));
#7079=CARTESIAN_POINT('',(-11.7143784963526,-9.22300493792324,0.));
#7080=CARTESIAN_POINT('',(-5.20243425934763,-6.32370056647899,0.));
#7081=CARTESIAN_POINT('',(-12.0149862708778,-9.14604312862223,0.));
#7082=CARTESIAN_POINT('Origin',(-11.8160626571216,-8.99461857351259,0.));
#7083=CARTESIAN_POINT('',(-12.0149862708778,9.14604312862223,0.));
#7084=CARTESIAN_POINT('Origin',(0.,0.,0.));
#7085=CARTESIAN_POINT('',(-11.7143784963526,9.22300493792324,0.));
#7086=CARTESIAN_POINT('Origin',(-11.8160626571216,8.99461857351259,0.));
#7087=CARTESIAN_POINT('',(-7.11848567513751,7.17678161931467,0.));
#7088=CARTESIAN_POINT('',(-2.66324617255205,5.19318119284386,0.));
#7089=CARTESIAN_POINT('',(-6.8615884555911,7.13642794863782,0.));
#7090=CARTESIAN_POINT('Origin',(-6.9151173535996,7.63355434813597,0.));
#7091=CARTESIAN_POINT('',(-9.24089962797581,-3.55186909467065,0.));
#7092=CARTESIAN_POINT('Origin',(0.,0.,0.));
#7093=CARTESIAN_POINT('',(-5.1855065143025,-1.83317271148312,0.));
#7094=CARTESIAN_POINT('Origin',(-6.71199052092156,-3.87516953405228,0.));
#7095=CARTESIAN_POINT('',(-1.00517911948196,5.40736672861731,0.));
#7096=CARTESIAN_POINT('Origin',(0.,0.,0.));
#7097=CARTESIAN_POINT('',(-1.69845277613038,9.6516971651236,0.));
#7098=CARTESIAN_POINT('Origin',(-9.49761103097302E-16,7.75033906810456,
0.));
#7099=CARTESIAN_POINT('Origin',(0.,0.,0.));
#7100=CARTESIAN_POINT('',(4.46199052092156,-3.87516953405228,0.));
#7101=CARTESIAN_POINT('Origin',(6.71199052092156,-3.87516953405228,0.));
#7102=CARTESIAN_POINT('',(-4.98,6.09874105975382E-16,0.));
#7103=CARTESIAN_POINT('Origin',(0.,0.,0.));
#7104=CARTESIAN_POINT('Origin',(-6.71199052092156,-3.87516953405228,0.));
#7105=CARTESIAN_POINT('',(-8.71199052092156,-3.87516953405228,0.));
#7106=CARTESIAN_POINT('Origin',(6.71199052092156,-3.87516953405228,0.125));
#7107=CARTESIAN_POINT('',(4.71199052092156,-3.87516953405228,0.25));
#7108=CARTESIAN_POINT('Origin',(6.71199052092156,-3.87516953405228,0.25));
#7109=CARTESIAN_POINT('',(4.58699052092156,-3.87516953405228,0.125));
#7110=CARTESIAN_POINT('Origin',(6.71199052092156,-3.87516953405228,0.));
#7111=CARTESIAN_POINT('',(4.71199052092156,-3.87516953405228,0.));
#7112=CARTESIAN_POINT('Origin',(0.,0.,7.05));
#7113=CARTESIAN_POINT('',(-4.48,-5.48641766018014E-16,6.8));
#7114=CARTESIAN_POINT('',(4.48,5.48641766018014E-16,6.8));
#7115=CARTESIAN_POINT('Origin',(0.,0.,6.8));
#7116=CARTESIAN_POINT('',(4.98,6.09874105975382E-16,7.3));
#7117=CARTESIAN_POINT('',(4.73,5.79257935996698E-16,7.05));
#7118=CARTESIAN_POINT('Origin',(0.,0.,7.3));
#7119=CARTESIAN_POINT('Origin',(0.,0.,6.8));
#7120=CARTESIAN_POINT('Origin',(0.,0.,0.));
#7121=CARTESIAN_POINT('',(-4.48,-5.48641766018014E-16,0.5));
#7122=CARTESIAN_POINT('Origin',(0.,0.,0.5));
#7123=CARTESIAN_POINT('',(-4.48,-5.48641766018014E-16,0.));
#7124=CARTESIAN_POINT('Origin',(0.,0.,7.3));
#7125=CARTESIAN_POINT('',(2.16578703507092,8.37447708927063,7.3));
#7126=CARTESIAN_POINT('',(1.99992604872302,7.7331402414264,7.3));
#7127=CARTESIAN_POINT('',(1.08289351753546,4.18723854463532,7.3));
#7128=CARTESIAN_POINT('',(-1.99992604872303,7.73314024142643,7.3));
#7129=CARTESIAN_POINT('Origin',(-9.49761103097302E-16,7.75033906810456,
7.3));
#7130=CARTESIAN_POINT('',(-2.16578703507092,8.37447708927064,7.3));
#7131=CARTESIAN_POINT('',(-1.47392624369235,5.69924990740011,7.3));
#7132=CARTESIAN_POINT('',(-8.33540342025459,-2.31161195307692,7.3));
#7133=CARTESIAN_POINT('Origin',(0.,0.,7.3));
#7134=CARTESIAN_POINT('',(-7.69705892446449,-2.13458335682882,7.3));
#7135=CARTESIAN_POINT('',(-4.16770171012729,-1.15580597653846,7.3));
#7136=CARTESIAN_POINT('',(-5.69713287574151,-5.5985568845976,7.3));
#7137=CARTESIAN_POINT('Origin',(-6.71199052092156,-3.87516953405228,7.3));
#7138=CARTESIAN_POINT('',(-6.16961638518367,-6.06286513619371,7.3));
#7139=CARTESIAN_POINT('',(-4.19873208047843,-4.1260825240422,7.3));
#7140=CARTESIAN_POINT('',(6.16961638518367,-6.06286513619372,7.3));
#7141=CARTESIAN_POINT('Origin',(0.,0.,7.3));
#7142=CARTESIAN_POINT('',(5.69713287574146,-5.59855688459756,7.3));
#7143=CARTESIAN_POINT('',(3.08480819259183,-3.03143256809686,7.3));
#7144=CARTESIAN_POINT('',(4.71199052092156,-3.87516953405228,7.3));
#7145=CARTESIAN_POINT('Origin',(6.71199052092156,-3.87516953405228,7.3));
#7146=CARTESIAN_POINT('',(7.69705892446454,-2.13458335682884,7.3));
#7147=CARTESIAN_POINT('Origin',(6.71199052092156,-3.87516953405228,7.3));
#7148=CARTESIAN_POINT('',(8.33540342025459,-2.31161195307693,7.3));
#7149=CARTESIAN_POINT('',(5.67265832417078,-1.57316738335791,7.3));
#7150=CARTESIAN_POINT('Origin',(0.,0.,7.3));
#7151=CARTESIAN_POINT('Origin',(0.,0.,0.25));
#7152=CARTESIAN_POINT('',(-4.73,5.79257935996698E-16,0.25));
#7153=CARTESIAN_POINT('Origin',(6.71199052092156,-3.87516953405228,0.25));
#7154=CARTESIAN_POINT('',(5.9277623704138,-0.928242037351356,0.5));
#7155=CARTESIAN_POINT('Ctrl Pts',(5.18550651430233,-1.8331727114836,2.30609802087667E-15));
#7156=CARTESIAN_POINT('Ctrl Pts',(5.23758484852513,-1.76239282397588,0.0255092332846031));
#7157=CARTESIAN_POINT('Ctrl Pts',(5.29037222475325,-1.69262195060032,0.0539566801333263));
#7158=CARTESIAN_POINT('Ctrl Pts',(5.5375647504049,-1.37400403031685,0.197814991042782));
#7159=CARTESIAN_POINT('Ctrl Pts',(5.73717120482755,-1.13992321123255,0.344452037436151));
#7160=CARTESIAN_POINT('Ctrl Pts',(5.9277623704138,-0.928242037351356,0.500000000000001));
#7161=CARTESIAN_POINT('',(9.1693740703141,-2.06943933437246,0.5));
#7162=CARTESIAN_POINT('Origin',(6.71199052092156,-3.87516953405228,0.5));
#7163=CARTESIAN_POINT('Ctrl Pts',(9.16937407031421,-2.06943933437247,0.500000000000079));
#7164=CARTESIAN_POINT('Ctrl Pts',(9.24734670614949,-2.44281820793743,0.341739873106345));
#7165=CARTESIAN_POINT('Ctrl Pts',(9.28181378594139,-2.82915682935167,0.202901235766323));
#7166=CARTESIAN_POINT('Ctrl Pts',(9.26453083455575,-3.31007066258081,0.0625244423077606));
#7167=CARTESIAN_POINT('Ctrl Pts',(9.25560247467405,-3.42983274601676,0.0300595560228616));
#7168=CARTESIAN_POINT('Ctrl Pts',(9.2408996279756,-3.5518690946712,-7.06899816460549E-16));
#7169=CARTESIAN_POINT('Origin',(0.,0.,0.25));
#7170=CARTESIAN_POINT('',(2.1600000000002,5.59771381905129,0.5));
#7171=CARTESIAN_POINT('Ctrl Pts',(1.00517911948246,5.40736672861722,1.99493199737333E-15));
#7172=CARTESIAN_POINT('Ctrl Pts',(1.0426630263627,5.41153468789925,0.0109483136110085));
#7173=CARTESIAN_POINT('Ctrl Pts',(1.07978856980851,5.41587878527685,0.0223593055759884));
#7174=CARTESIAN_POINT('Ctrl Pts',(1.45321651675155,5.46161487007848,0.142497932216228));
#7175=CARTESIAN_POINT('Ctrl Pts',(1.76274029511253,5.5157923313456,0.284815024275987));
#7176=CARTESIAN_POINT('Ctrl Pts',(2.09459878716502,5.5839291867395,0.463790272449927));
#7177=CARTESIAN_POINT('Ctrl Pts',(2.12736980163959,5.59077871644964,0.481783008645101));
#7178=CARTESIAN_POINT('Ctrl Pts',(2.16000000000021,5.59771381905136,0.499999999999956));
#7179=CARTESIAN_POINT('Origin',(0.,0.,0.5));
#7180=CARTESIAN_POINT('Origin',(-9.49761103097302E-16,7.75033906810456,
0.25));
#7181=CARTESIAN_POINT('',(1.87911136553648,9.61815681269111,0.100000000244409));
#7182=CARTESIAN_POINT('Ctrl Pts',(1.87911136547502,9.61815681282764,0.100000000398234));
#7183=CARTESIAN_POINT('Ctrl Pts',(1.81924191202762,9.6298535830724,0.0657843964189012));
#7184=CARTESIAN_POINT('Ctrl Pts',(1.75901212336566,9.6410402630604,0.0323965073237936));
#7185=CARTESIAN_POINT('Ctrl Pts',(1.69845277613091,9.65169716512351,4.263082942213E-15));
#7186=CARTESIAN_POINT('',(2.7925,8.97563054888068,0.5));
#7187=CARTESIAN_POINT('Ctrl Pts',(1.87911136548393,9.61815681258673,0.100000000234726));
#7188=CARTESIAN_POINT('Ctrl Pts',(1.880664096705,9.61732725423832,0.100516435683227));
#7189=CARTESIAN_POINT('Ctrl Pts',(1.88221621900205,9.61649681319443,0.101033420688468));
#7190=CARTESIAN_POINT('Ctrl Pts',(2.22496179144007,9.43284900717849,0.215362002521805));
#7191=CARTESIAN_POINT('Ctrl Pts',(2.53520640249379,9.20564160730821,0.356808307280157));
#7192=CARTESIAN_POINT('Ctrl Pts',(2.79249999999999,8.97563054888068,0.499999999999999));
#7193=CARTESIAN_POINT('Origin',(-9.49761103097302E-16,7.75033906810456,
0.5));
#7194=CARTESIAN_POINT('Origin',(0.,0.,0.25));
#7195=CARTESIAN_POINT('Origin',(0.,0.,0.5));
#7196=CARTESIAN_POINT('',(6.57943204517244,7.26299345744975,0.100000000000004));
#7197=CARTESIAN_POINT('Origin',(0.,0.,0.100000000000004));
#7198=CARTESIAN_POINT('Ctrl Pts',(6.57943204517244,7.26299345744976,0.100000000000005));
#7199=CARTESIAN_POINT('Ctrl Pts',(6.62386998856807,7.22273782036132,0.100000000000005));
#7200=CARTESIAN_POINT('Ctrl Pts',(6.6773953862374,7.18972851600267,0.087926176523067));
#7201=CARTESIAN_POINT('Ctrl Pts',(6.77586581766431,7.1510728837242,0.048689354119271));
#7202=CARTESIAN_POINT('Ctrl Pts',(6.82027697242734,7.14087623014346,0.025426015707026));
#7203=CARTESIAN_POINT('Ctrl Pts',(6.8615884555911,7.13642794863782,-1.46425248606256E-15));
#7204=CARTESIAN_POINT('Origin',(0.,0.,0.));
#7205=CARTESIAN_POINT('',(9.1693740703141,-2.06943933437246,5.3));
#7206=CARTESIAN_POINT('',(9.1693740703141,-2.06943933437246,0.));
#7207=CARTESIAN_POINT('',(2.7925,8.97563054888068,5.3));
#7208=CARTESIAN_POINT('Origin',(0.,0.,5.3));
#7209=CARTESIAN_POINT('',(2.7925,8.97563054888068,0.));
#7210=CARTESIAN_POINT('Origin',(6.71199052092156,-3.87516953405228,0.));
#7211=CARTESIAN_POINT('',(5.9277623704138,-0.928242037351356,5.3));
#7212=CARTESIAN_POINT('',(5.9277623704138,-0.928242037351356,0.));
#7213=CARTESIAN_POINT('Origin',(6.71199052092156,-3.87516953405228,5.3));
#7214=CARTESIAN_POINT('Origin',(-9.49761103097302E-16,7.75033906810456,
0.25));
#7215=CARTESIAN_POINT('',(-1.87911136553599,9.61815681269121,0.10000000024441));
#7216=CARTESIAN_POINT('Ctrl Pts',(-1.69845277613038,9.65169716512361,2.04697370165263E-15));
#7217=CARTESIAN_POINT('Ctrl Pts',(-1.72127550166394,9.64768094695201,0.0122091242501476));
#7218=CARTESIAN_POINT('Ctrl Pts',(-1.74404903149228,9.64358993613216,0.0245579057149121));
#7219=CARTESIAN_POINT('Ctrl Pts',(-1.80435681542301,9.63253633385707,0.0576791341736194));
#7220=CARTESIAN_POINT('Ctrl Pts',(-1.84180502038212,9.62544540028078,0.078679292489659));
#7221=CARTESIAN_POINT('Ctrl Pts',(-1.87911136547469,9.6181568128277,0.100000000398329));
#7222=CARTESIAN_POINT('',(-2.16,5.59771381905149,0.5));
#7223=CARTESIAN_POINT('Ctrl Pts',(-1.00517911948196,5.40736672861731,1.10480201376273E-15));
#7224=CARTESIAN_POINT('Ctrl Pts',(-1.09251546725205,5.41707794528717,0.025509233284602));
#7225=CARTESIAN_POINT('Ctrl Pts',(-1.17933250415358,5.42790771741207,0.0539566801333255));
#7226=CARTESIAN_POINT('Ctrl Pts',(-1.57885998004586,5.4826737641103,0.197814991042782));
#7227=CARTESIAN_POINT('Ctrl Pts',(-1.88138314312285,5.5384976148575,0.344452037436151));
#7228=CARTESIAN_POINT('Ctrl Pts',(-2.16,5.59771381905149,0.5));
#7229=CARTESIAN_POINT('',(-2.79249999999974,8.97563054888056,0.5));
#7230=CARTESIAN_POINT('Origin',(-9.49761103097302E-16,7.75033906810456,
0.5));
#7231=CARTESIAN_POINT('Ctrl Pts',(-2.79249999999979,8.97563054888066,0.50000000000008));
#7232=CARTESIAN_POINT('Ctrl Pts',(-2.51147933691011,9.22685273545569,0.343603475457361));
#7233=CARTESIAN_POINT('Ctrl Pts',(-2.20002139648469,9.44670821176316,0.206734065693249));
#7234=CARTESIAN_POINT('Ctrl Pts',(-1.87911136548344,9.61815681258683,0.100000000234726));
#7235=CARTESIAN_POINT('Origin',(0.,0.,0.25));
#7236=CARTESIAN_POINT('',(-5.92776237041373,-0.928242037351084,0.5));
#7237=CARTESIAN_POINT('Ctrl Pts',(-5.1855065143025,-1.83317271148312,3.70797142990043E-15));
#7238=CARTESIAN_POINT('Ctrl Pts',(-5.2078580263628,-1.80279467553276,0.0109483136110095));
#7239=CARTESIAN_POINT('Ctrl Pts',(-5.23018289677121,-1.77281506046819,0.0223593055759881));
#7240=CARTESIAN_POINT('Ctrl Pts',(-5.45650548155059,-1.47228501433327,0.142497932216226));
#7241=CARTESIAN_POINT('Ctrl Pts',(-5.65818642850094,-1.23131828983087,0.284815024275985));
#7242=CARTESIAN_POINT('Ctrl Pts',(-5.88312392223229,-0.977988832948762,
0.463790272449926));
#7243=CARTESIAN_POINT('Ctrl Pts',(-5.90544129620254,-0.953033066761071,
0.481783008645101));
#7244=CARTESIAN_POINT('Ctrl Pts',(-5.92776237041379,-0.928242037351113,
0.499999999999957));
#7245=CARTESIAN_POINT('Origin',(0.,0.,0.5));
#7246=CARTESIAN_POINT('Origin',(-6.71199052092156,-3.87516953405228,0.25));
#7247=CARTESIAN_POINT('',(-9.16937407031433,-2.0694393343723,0.5));
#7248=CARTESIAN_POINT('Ctrl Pts',(-9.24089962797581,-3.55186909467065,-8.32667268468867E-16));
#7249=CARTESIAN_POINT('Ctrl Pts',(-9.25591742012816,-3.42721864046172,0.0307034531341094));
#7250=CARTESIAN_POINT('Ctrl Pts',(-9.26532458953746,-3.30158392944343,0.0647381786123302));
#7251=CARTESIAN_POINT('Ctrl Pts',(-9.28156776599943,-2.78955106975241,0.215362002521807));
#7252=CARTESIAN_POINT('Ctrl Pts',(-9.23992269131082,-2.40726765525753,0.356808307280158));
#7253=CARTESIAN_POINT('Ctrl Pts',(-9.16937407031433,-2.0694393343723,0.5));
#7254=CARTESIAN_POINT('Origin',(-6.71199052092156,-3.87516953405228,0.5));
#7255=CARTESIAN_POINT('Origin',(0.,0.,0.25));
#7256=CARTESIAN_POINT('',(-6.57943204517244,7.26299345744976,0.100000000000005));
#7257=CARTESIAN_POINT('Origin',(0.,0.,0.100000000000004));
#7258=CARTESIAN_POINT('Origin',(0.,0.,0.5));
#7259=CARTESIAN_POINT('Ctrl Pts',(-6.8615884555911,7.13642794863782,-1.47969918793274E-15));
#7260=CARTESIAN_POINT('Ctrl Pts',(-6.82027697242734,7.14087623014346,0.0254260157070261));
#7261=CARTESIAN_POINT('Ctrl Pts',(-6.77586581766431,7.1510728837242,0.0486893541192712));
#7262=CARTESIAN_POINT('Ctrl Pts',(-6.6773953862374,7.18972851600267,0.0879261765230676));
#7263=CARTESIAN_POINT('Ctrl Pts',(-6.62386998856807,7.22273782036132,0.100000000000006));
#7264=CARTESIAN_POINT('Ctrl Pts',(-6.57943204517243,7.26299345744976,0.100000000000006));
#7265=CARTESIAN_POINT('Origin',(0.,0.,0.));
#7266=CARTESIAN_POINT('',(-2.79249999999974,8.97563054888056,5.3));
#7267=CARTESIAN_POINT('',(-2.79249999999974,8.97563054888056,0.));
#7268=CARTESIAN_POINT('',(-9.16937407031433,-2.0694393343723,5.3));
#7269=CARTESIAN_POINT('Origin',(0.,0.,5.3));
#7270=CARTESIAN_POINT('',(-9.16937407031433,-2.0694393343723,0.));
#7271=CARTESIAN_POINT('Origin',(-9.49761103097302E-16,7.75033906810456,
0.));
#7272=CARTESIAN_POINT('',(-2.16,5.59771381905149,5.3));
#7273=CARTESIAN_POINT('',(-2.16,5.59771381905149,0.));
#7274=CARTESIAN_POINT('Origin',(-9.49761103097302E-16,7.75033906810456,
5.3));
#7275=CARTESIAN_POINT('Origin',(0.,0.,0.25));
#7276=CARTESIAN_POINT('',(3.76776237041353,-4.66947178170021,0.5));
#7277=CARTESIAN_POINT('Ctrl Pts',(4.18032739482004,-3.57419401713409,6.46184494801361E-16));
#7278=CARTESIAN_POINT('Ctrl Pts',(4.16522161451979,-3.60867925363785,0.0109290579603537));
#7279=CARTESIAN_POINT('Ctrl Pts',(4.15044637951853,-3.64294301417366,0.0223191776052401));
#7280=CARTESIAN_POINT('Ctrl Pts',(4.00338011865786,-3.98909871821052,0.142401720623012));
#7281=CARTESIAN_POINT('Ctrl Pts',(3.89554576121587,-4.28419757692321,0.284678550157229));
#7282=CARTESIAN_POINT('Ctrl Pts',(3.78859540217072,-4.60572656424119,0.463669330035399));
#7283=CARTESIAN_POINT('Ctrl Pts',(3.77810614523293,-4.63763901291573,0.481721778326567));
#7284=CARTESIAN_POINT('Ctrl Pts',(3.76776237041358,-4.66947178170025,0.499999999999957));
#7285=CARTESIAN_POINT('',(-3.7677623704138,-4.66947178170013,0.5));
#7286=CARTESIAN_POINT('Origin',(0.,0.,0.5));
#7287=CARTESIAN_POINT('Ctrl Pts',(-4.18032739482036,-3.57419401713371,1.13624387676481E-15));
#7288=CARTESIAN_POINT('Ctrl Pts',(-4.16519748382122,-3.60873434201038,0.0109465165623913));
#7289=CARTESIAN_POINT('Ctrl Pts',(-4.15039918471859,-3.6430524594596,0.022355560483504));
#7290=CARTESIAN_POINT('Ctrl Pts',(-4.00329747144429,-3.98930828493828,0.142488952748368));
#7291=CARTESIAN_POINT('Ctrl Pts',(-3.89545543078427,-4.28444824062607,0.284802287206299));
#7292=CARTESIAN_POINT('Ctrl Pts',(-3.78853169261671,-4.60592040192824,0.463778985269494));
#7293=CARTESIAN_POINT('Ctrl Pts',(-3.7780747283399,-4.63773569780252,0.48177729432044));
#7294=CARTESIAN_POINT('Ctrl Pts',(-3.7677623704138,-4.66947178170013,0.499999999999998));
#7295=CARTESIAN_POINT('Origin',(6.71199052092156,-3.87516953405228,0.25));
#7296=CARTESIAN_POINT('',(6.37687407031434,-6.90619121450838,0.5));
#7297=CARTESIAN_POINT('Ctrl Pts',(7.69645868088952,-6.2269192843139,6.59194920871187E-16));
#7298=CARTESIAN_POINT('Ctrl Pts',(7.59601711702749,-6.30225030093106,0.0307034531341104));
#7299=CARTESIAN_POINT('Ctrl Pts',(7.49191785039319,-6.37321450412635,0.0647381786123299));
#7300=CARTESIAN_POINT('Ctrl Pts',(7.05660597455936,-6.64329793742609,0.215362002521806));
#7301=CARTESIAN_POINT('Ctrl Pts',(6.70471628881703,-6.79837395205069,0.356808307280156));
#7302=CARTESIAN_POINT('Ctrl Pts',(6.37687407031434,-6.90619121450838,0.499999999999998));
#7303=CARTESIAN_POINT('Origin',(6.71199052092156,-3.87516953405228,0.5));
#7304=CARTESIAN_POINT('Origin',(-6.71199052092156,-3.87516953405228,0.25));
#7305=CARTESIAN_POINT('',(-6.37687407031436,-6.9061912145081,0.5));
#7306=CARTESIAN_POINT('Origin',(-6.71199052092156,-3.87516953405228,0.5));
#7307=CARTESIAN_POINT('Ctrl Pts',(-6.37687407031443,-6.90619121450819,0.500000000000079));
#7308=CARTESIAN_POINT('Ctrl Pts',(-6.73921597797573,-6.7870280611591,0.341739873106346));
#7309=CARTESIAN_POINT('Ctrl Pts',(-7.09102857847948,-6.62370811714603,0.202901235766323));
#7310=CARTESIAN_POINT('Ctrl Pts',(-7.49887069939445,-6.36828372557912,0.0625244423077602));
#7311=CARTESIAN_POINT('Ctrl Pts',(-7.59812352611928,-6.30067049738946,0.0300595560228601));
#7312=CARTESIAN_POINT('Ctrl Pts',(-7.6964586808899,-6.22691928431343,-3.05745012640912E-15));
#7313=CARTESIAN_POINT('Origin',(0.,0.,0.25));
#7314=CARTESIAN_POINT('',(6.57943204517243,-7.26299345744977,0.100000000000001));
#7315=CARTESIAN_POINT('Ctrl Pts',(6.86158845559109,-7.13642794863783,-1.65175854392785E-15));
#7316=CARTESIAN_POINT('Ctrl Pts',(6.82027697242733,-7.14087623014347,0.0254260157070252));
#7317=CARTESIAN_POINT('Ctrl Pts',(6.7758658176643,-7.15107288372421,0.0486893541192686));
#7318=CARTESIAN_POINT('Ctrl Pts',(6.67739538623739,-7.18972851600268,0.0879261765230654));
#7319=CARTESIAN_POINT('Ctrl Pts',(6.62386998856806,-7.22273782036133,0.100000000000005));
#7320=CARTESIAN_POINT('Ctrl Pts',(6.57943204517243,-7.26299345744977,0.100000000000005));
#7321=CARTESIAN_POINT('',(-6.57943204517243,-7.26299345744977,0.100000000000001));
#7322=CARTESIAN_POINT('Origin',(0.,0.,0.100000000000001));
#7323=CARTESIAN_POINT('Ctrl Pts',(-6.57943204517243,-7.26299345744977,0.099999999999998));
#7324=CARTESIAN_POINT('Ctrl Pts',(-6.62386998856807,-7.22273782036133,0.0999999999999983));
#7325=CARTESIAN_POINT('Ctrl Pts',(-6.6773953862374,-7.18972851600268,0.0879261765230593));
#7326=CARTESIAN_POINT('Ctrl Pts',(-6.77586581766431,-7.15107288372421,0.0486893541192641));
#7327=CARTESIAN_POINT('Ctrl Pts',(-6.82027697242733,-7.14087623014347,0.0254260157070233));
#7328=CARTESIAN_POINT('Ctrl Pts',(-6.86158845559109,-7.13642794863783,-1.45994082828382E-15));
#7329=CARTESIAN_POINT('Origin',(0.,0.,0.5));
#7330=CARTESIAN_POINT('Origin',(-6.71199052092156,-3.87516953405228,0.));
#7331=CARTESIAN_POINT('',(-3.7677623704138,-4.66947178170013,5.3));
#7332=CARTESIAN_POINT('',(-3.7677623704138,-4.66947178170013,0.));
#7333=CARTESIAN_POINT('',(-6.37687407031436,-6.9061912145081,5.3));
#7334=CARTESIAN_POINT('Origin',(-6.71199052092156,-3.87516953405228,5.3));
#7335=CARTESIAN_POINT('',(-6.37687407031436,-6.9061912145081,0.));
#7336=CARTESIAN_POINT('Origin',(0.,0.,0.));
#7337=CARTESIAN_POINT('',(3.76776237041353,-4.66947178170021,5.3));
#7338=CARTESIAN_POINT('',(3.76776237041353,-4.66947178170021,0.));
#7339=CARTESIAN_POINT('Origin',(0.,0.,5.3));
#7340=CARTESIAN_POINT('Origin',(2.16578703507092,8.37447708927063,7.3));
#7341=CARTESIAN_POINT('',(1.99992604872302,7.7331402414264,5.3));
#7342=CARTESIAN_POINT('',(1.99992604872302,7.7331402414264,1.3));
#7343=CARTESIAN_POINT('',(2.16578703507092,8.37447708927063,9.65));
#7344=CARTESIAN_POINT('',(2.16578703507092,8.37447708927063,9.9));
#7345=CARTESIAN_POINT('',(2.22838203608453,8.61651399936516,9.9));
#7346=CARTESIAN_POINT('',(2.19708453557773,8.4954955443179,9.775));
#7347=CARTESIAN_POINT('',(2.35357203811175,9.10058781955421,9.9));
#7348=CARTESIAN_POINT('',(1.08289351753546,4.18723854463532,9.9));
#7349=CARTESIAN_POINT('',(2.72914204419342,10.5528092801214,8.4));
#7350=CARTESIAN_POINT('',(2.54135704115258,9.82669854983779,9.15));
#7351=CARTESIAN_POINT('',(2.72914204419342,10.5528092801214,5.3));
#7352=CARTESIAN_POINT('',(2.72914204419342,10.5528092801214,2.));
#7353=CARTESIAN_POINT('',(0.,0.,5.3));
#7354=CARTESIAN_POINT('Origin',(6.16961638518367,-6.06286513619372,7.3));
#7355=CARTESIAN_POINT('',(5.69713287574146,-5.59855688459756,5.3));
#7356=CARTESIAN_POINT('',(5.69713287574146,-5.59855688459756,1.3));
#7357=CARTESIAN_POINT('',(6.16961638518367,-6.06286513619372,9.65));
#7358=CARTESIAN_POINT('',(6.16961638518367,-6.06286513619372,9.9));
#7359=CARTESIAN_POINT('',(6.34792899747221,-6.23809245226868,9.9));
#7360=CARTESIAN_POINT('',(6.25877269132794,-6.1504787942312,9.775));
#7361=CARTESIAN_POINT('',(6.7045542220493,-6.5885470844186,9.9));
#7362=CARTESIAN_POINT('',(3.08480819259183,-3.03143256809686,9.9));
#7363=CARTESIAN_POINT('',(7.77442989578057,-7.63991098086838,8.4));
#7364=CARTESIAN_POINT('',(7.23949205891494,-7.11422903264349,9.15));
#7365=CARTESIAN_POINT('',(7.77442989578057,-7.63991098086838,5.3));
#7366=CARTESIAN_POINT('',(7.77442989578057,-7.63991098086838,2.));
#7367=CARTESIAN_POINT('',(0.,0.,5.3));
#7368=CARTESIAN_POINT('Origin',(-9.49761103097302E-16,7.75033906810456,
1.3));
#7369=CARTESIAN_POINT('',(-2.,7.75033906810456,3.));
#7370=CARTESIAN_POINT('Origin',(-9.49761103097302E-16,7.75033906810456,
3.));
#7371=CARTESIAN_POINT('',(-2.,7.75033906810456,5.3));
#7372=CARTESIAN_POINT('',(-2.,7.75033906810456,1.3));
#7373=CARTESIAN_POINT('',(-1.99992604872303,7.73314024142643,5.3));
#7374=CARTESIAN_POINT('Origin',(-9.49761103097302E-16,7.75033906810456,
5.3));
#7375=CARTESIAN_POINT('',(-1.99992604872303,7.73314024142643,1.3));
#7376=CARTESIAN_POINT('Origin',(-9.49761103097302E-16,7.75033906810456,
5.3));
#7377=CARTESIAN_POINT('Origin',(6.71199052092156,-3.87516953405228,1.3));
#7378=CARTESIAN_POINT('',(4.71199052092156,-3.87516953405228,3.));
#7379=CARTESIAN_POINT('Origin',(6.71199052092156,-3.87516953405228,3.));
#7380=CARTESIAN_POINT('',(4.71199052092156,-3.87516953405228,1.3));
#7381=CARTESIAN_POINT('',(7.69705892446454,-2.13458335682884,5.3));
#7382=CARTESIAN_POINT('Origin',(6.71199052092156,-3.87516953405228,5.3));
#7383=CARTESIAN_POINT('',(7.69705892446454,-2.13458335682884,1.3));
#7384=CARTESIAN_POINT('Origin',(-8.33540342025459,-2.31161195307692,7.3));
#7385=CARTESIAN_POINT('',(-10.503571939974,-2.912898299253,5.3));
#7386=CARTESIAN_POINT('',(-7.69705892446449,-2.13458335682882,5.3));
#7387=CARTESIAN_POINT('',(0.,0.,5.3));
#7388=CARTESIAN_POINT('',(-7.69705892446449,-2.13458335682882,1.3));
#7389=CARTESIAN_POINT('',(-8.33540342025459,-2.31161195307692,9.65));
#7390=CARTESIAN_POINT('',(-8.33540342025459,-2.31161195307692,9.9));
#7391=CARTESIAN_POINT('',(-8.57631103355675,-2.37842154709648,9.9));
#7392=CARTESIAN_POINT('',(-8.45585722690567,-2.3450167500867,9.775));
#7393=CARTESIAN_POINT('',(-9.05812626016106,-2.51204073513561,9.9));
#7394=CARTESIAN_POINT('',(-4.16770171012729,-1.15580597653846,9.9));
#7395=CARTESIAN_POINT('',(-10.503571939974,-2.91289829925299,8.4));
#7396=CARTESIAN_POINT('',(-9.78084910006753,-2.7124695171943,9.15));
#7397=CARTESIAN_POINT('',(-10.503571939974,-2.91289829925299,2.));
#7398=CARTESIAN_POINT('Origin',(-2.94785248738469,11.3984998148002,7.3));
#7399=CARTESIAN_POINT('',(-2.72914204419341,10.5528092801214,8.4));
#7400=CARTESIAN_POINT('',(-2.72914204419341,10.5528092801214,5.3));
#7401=CARTESIAN_POINT('',(-2.72914204419341,10.5528092801214,2.));
#7402=CARTESIAN_POINT('',(-2.35357203811175,9.10058781955421,9.9));
#7403=CARTESIAN_POINT('',(-2.54135704115258,9.8266985498378,9.15));
#7404=CARTESIAN_POINT('',(-2.22838203608453,8.61651399936516,9.9));
#7405=CARTESIAN_POINT('',(-1.47392624369235,5.69924990740011,9.9));
#7406=CARTESIAN_POINT('',(-2.16578703507092,8.37447708927064,9.65));
#7407=CARTESIAN_POINT('',(-2.19708453557772,8.4954955443179,9.775));
#7408=CARTESIAN_POINT('',(-2.16578703507092,8.37447708927063,9.9));
#7409=CARTESIAN_POINT('',(0.,0.,5.3));
#7410=CARTESIAN_POINT('Origin',(11.3453166483416,-3.14633476671582,7.3));
#7411=CARTESIAN_POINT('',(10.503571939974,-2.91289829925301,8.4));
#7412=CARTESIAN_POINT('',(10.503571939974,-2.91289829925301,5.3));
#7413=CARTESIAN_POINT('',(10.503571939974,-2.91289829925301,2.));
#7414=CARTESIAN_POINT('',(9.05812626016106,-2.51204073513562,9.9));
#7415=CARTESIAN_POINT('',(9.78084910006752,-2.71246951719431,9.15));
#7416=CARTESIAN_POINT('',(8.57631103355675,-2.37842154709649,9.9));
#7417=CARTESIAN_POINT('',(5.67265832417078,-1.57316738335791,9.9));
#7418=CARTESIAN_POINT('',(8.33540342025459,-2.31161195307693,9.65));
#7419=CARTESIAN_POINT('',(8.45585722690567,-2.34501675008671,9.775));
#7420=CARTESIAN_POINT('',(8.33540342025459,-2.31161195307693,9.9));
#7421=CARTESIAN_POINT('',(0.,0.,5.3));
#7422=CARTESIAN_POINT('Origin',(-8.39746416095687,-8.2521650480844,7.3));
#7423=CARTESIAN_POINT('',(-7.77442989578058,-7.63991098086837,8.4));
#7424=CARTESIAN_POINT('',(-7.77442989578058,-7.63991098086837,5.3));
#7425=CARTESIAN_POINT('',(-7.77442989578058,-7.63991098086837,2.));
#7426=CARTESIAN_POINT('',(-6.70455422204931,-6.58854708441859,9.9));
#7427=CARTESIAN_POINT('',(-7.23949205891495,-7.11422903264348,9.15));
#7428=CARTESIAN_POINT('',(-6.34792899747222,-6.23809245226867,9.9));
#7429=CARTESIAN_POINT('',(-4.19873208047843,-4.1260825240422,9.9));
#7430=CARTESIAN_POINT('',(-6.16961638518367,-6.06286513619371,9.65));
#7431=CARTESIAN_POINT('',(-6.25877269132795,-6.15047879423119,9.775));
#7432=CARTESIAN_POINT('',(-6.16961638518367,-6.06286513619371,9.9));
#7433=CARTESIAN_POINT('',(-5.69713287574151,-5.5985568845976,5.3));
#7434=CARTESIAN_POINT('',(-5.69713287574151,-5.5985568845976,1.3));
#7435=CARTESIAN_POINT('',(0.,0.,5.3));
#7436=CARTESIAN_POINT('Origin',(-6.71199052092156,-3.87516953405228,3.));
#7437=CARTESIAN_POINT('',(-8.71199052092156,-3.87516953405228,3.));
#7438=CARTESIAN_POINT('Origin',(-6.71199052092156,-3.87516953405228,3.));
#7439=CARTESIAN_POINT('Origin',(-6.71199052092156,-3.87516953405228,1.3));
#7440=CARTESIAN_POINT('',(-8.71199052092156,-3.87516953405228,5.3));
#7441=CARTESIAN_POINT('',(-8.71199052092156,-3.87516953405228,1.3));
#7442=CARTESIAN_POINT('Origin',(-6.71199052092156,-3.87516953405228,5.3));
#7443=CARTESIAN_POINT('Origin',(-6.71199052092156,-3.87516953405228,5.3));
#7444=CARTESIAN_POINT('Origin',(6.71199052092156,-3.87516953405228,3.));
#7445=CARTESIAN_POINT('Origin',(-8.32667268468867E-16,7.75033906810456,
3.));
#7446=CARTESIAN_POINT('Origin',(-8.75746651676262,-5.28188850058066,5.3));
#7447=CARTESIAN_POINT('Origin',(0.,0.,5.3));
#7448=CARTESIAN_POINT('Origin',(-8.75746651676262,-5.28188850058066,5.3));
#7449=CARTESIAN_POINT('Origin',(0.,0.,5.3));
#7450=CARTESIAN_POINT('Origin',(-8.75746651676262,-5.28188850058066,5.3));
#7451=CARTESIAN_POINT('Origin',(0.,0.,5.3));
#7452=CARTESIAN_POINT('Origin',(0.,0.,9.15));
#7453=CARTESIAN_POINT('',(10.2725000095479,3.64496139264027,8.4));
#7454=CARTESIAN_POINT('Origin',(0.,0.,8.4));
#7455=CARTESIAN_POINT('',(9.10262443270143,2.34568293620153,9.9));
#7456=CARTESIAN_POINT('Ctrl Pts',(10.2725000095479,3.64496139264027,8.4));
#7457=CARTESIAN_POINT('Ctrl Pts',(9.64434021705399,2.94731926578401,9.22528899932678));
#7458=CARTESIAN_POINT('Ctrl Pts',(9.10262443270143,2.34568293620153,9.9));
#7459=CARTESIAN_POINT('Origin',(0.,0.,9.9));
#7460=CARTESIAN_POINT('Origin',(0.,0.,9.15));
#7461=CARTESIAN_POINT('',(0.871516953560577,-9.35951164322458,9.9));
#7462=CARTESIAN_POINT('Origin',(0.,0.,9.9));
#7463=CARTESIAN_POINT('',(1.68524737829724,-10.7689340825331,8.4));
#7464=CARTESIAN_POINT('Ctrl Pts',(0.871516953560588,-9.35951164322458,9.9));
#7465=CARTESIAN_POINT('Ctrl Pts',(1.2483182339805,-10.0121506052689,9.21523716296969));
#7466=CARTESIAN_POINT('Ctrl Pts',(1.68524737829724,-10.7689340825331,8.4));
#7467=CARTESIAN_POINT('Origin',(0.,0.,8.4));
#7468=CARTESIAN_POINT('Origin',(0.,0.,2.));
#7469=CARTESIAN_POINT('',(4.96642686785442,9.7028142395005,8.4));
#7470=CARTESIAN_POINT('Origin',(0.,0.,8.4));
#7471=CARTESIAN_POINT('',(4.96642686785442,9.7028142395005,2.));
#7472=CARTESIAN_POINT('',(4.96642686785442,9.7028142395005,2.));
#7473=CARTESIAN_POINT('',(-6.6409413617819,8.64337305855615,2.));
#7474=CARTESIAN_POINT('Origin',(0.,0.,2.));
#7475=CARTESIAN_POINT('',(-6.6409413617819,8.64337305855615,8.4));
#7476=CARTESIAN_POINT('',(-6.6409413617819,8.64337305855615,2.));
#7477=CARTESIAN_POINT('Origin',(0.,0.,8.4));
#7478=CARTESIAN_POINT('Origin',(0.,0.,9.15));
#7479=CARTESIAN_POINT('',(4.79631088623071,8.08426879084465,9.9));
#7480=CARTESIAN_POINT('Origin',(0.,0.,9.9));
#7481=CARTESIAN_POINT('Ctrl Pts',(4.7963108862307,8.08426879084465,9.9));
#7482=CARTESIAN_POINT('Ctrl Pts',(4.87508380382987,8.83374303800554,9.21523716296962));
#7483=CARTESIAN_POINT('Ctrl Pts',(4.96642686785442,9.7028142395005,8.4));
#7484=CARTESIAN_POINT('Origin',(0.,0.,9.15));
#7485=CARTESIAN_POINT('',(-5.04374268475418,7.93225439140656,9.9));
#7486=CARTESIAN_POINT('Ctrl Pts',(-6.6409413617819,8.64337305855615,8.4));
#7487=CARTESIAN_POINT('Ctrl Pts',(-5.78333221992957,8.26154086782065,9.2252889993268));
#7488=CARTESIAN_POINT('Ctrl Pts',(-5.04374268475418,7.93225439140656,9.9));
#7489=CARTESIAN_POINT('Origin',(0.,0.,9.9));
#7490=CARTESIAN_POINT('Origin',(0.,0.,9.9));
#7491=CARTESIAN_POINT('Origin',(0.,0.,9.65));
#7492=CARTESIAN_POINT('Origin',(0.,0.,9.9));
#7493=CARTESIAN_POINT('Origin',(0.,0.,9.65));
#7494=CARTESIAN_POINT('Origin',(0.,0.,9.15));
#7495=CARTESIAN_POINT('',(-6.16817253067168,-8.9868597202731,8.4));
#7496=CARTESIAN_POINT('Origin',(0.,0.,8.4));
#7497=CARTESIAN_POINT('',(-5.9854200230147,-7.24808575750141,9.9));
#7498=CARTESIAN_POINT('Ctrl Pts',(-6.16817253067168,-8.9868597202731,8.4));
#7499=CARTESIAN_POINT('Ctrl Pts',(-6.07004433690512,-8.05323232154347,9.22528899932679));
#7500=CARTESIAN_POINT('Ctrl Pts',(-5.98542002301469,-7.24808575750141,9.9));
#7501=CARTESIAN_POINT('Origin',(0.,0.,9.9));
#7502=CARTESIAN_POINT('Origin',(0.,0.,9.15));
#7503=CARTESIAN_POINT('',(-9.1707380871652,2.0633862790611,9.9));
#7504=CARTESIAN_POINT('Origin',(0.,0.,9.9));
#7505=CARTESIAN_POINT('',(-10.7626350123657,1.72501814210739,8.4));
#7506=CARTESIAN_POINT('Ctrl Pts',(-9.1707380871652,2.06338627906109,9.9));
#7507=CARTESIAN_POINT('Ctrl Pts',(-9.90787262395752,1.90670349643229,9.2152371629697));
#7508=CARTESIAN_POINT('Ctrl Pts',(-10.7626350123657,1.72501814210739,8.4));
#7509=CARTESIAN_POINT('Origin',(0.,0.,8.4));
#7510=CARTESIAN_POINT('Origin',(0.,0.,9.775));
#7511=CARTESIAN_POINT('Origin',(0.,0.,9.9));
#7512=CARTESIAN_POINT('Origin',(0.,0.,9.775));
#7513=CARTESIAN_POINT('Origin',(0.,0.,9.9));
#7514=CARTESIAN_POINT('Origin',(0.,0.,9.775));
#7515=CARTESIAN_POINT('Origin',(0.,0.,9.65));
#7516=CARTESIAN_POINT('Origin',(0.,0.,9.9));
#7517=CARTESIAN_POINT('Origin',(0.,0.,9.9));
#7518=CARTESIAN_POINT('',(-5.03277854166203,7.9273728403921,9.9));
#7519=CARTESIAN_POINT('',(-6.1070887713188,8.40568657155571,9.9));
#7520=CARTESIAN_POINT('',(-6.19639995941794,7.05526240071376,9.9));
#7521=CARTESIAN_POINT('Origin',(-1.30104260698261E-17,-1.73472347597681E-17,
9.9));
#7522=CARTESIAN_POINT('',(-6.20645493886349,7.0597391659931,9.9));
#7523=CARTESIAN_POINT('',(-2.29997931767271,5.3204641609805,9.9));
#7524=CARTESIAN_POINT('',(-8.74293569592144,3.45269103989666,9.9));
#7525=CARTESIAN_POINT('Origin',(0.,0.,9.9));
#7526=CARTESIAN_POINT('',(-8.73119621413651,3.45518634378064,9.9));
#7527=CARTESIAN_POINT('',(-9.88147720430665,3.2106865715557,9.9));
#7528=CARTESIAN_POINT('',(-9.15997206130649,2.06567466850047,9.9));
#7529=CARTESIAN_POINT('Origin',(-1.30104260698261E-17,-1.73472347597681E-17,
9.9));
#7530=CARTESIAN_POINT('',(-4.98801272388311,2.95245200069035,9.9));
#7531=CARTESIAN_POINT('Origin',(0.,0.,9.9));
#7532=CARTESIAN_POINT('',(9.09459369525525,2.33676389869053,9.9));
#7533=CARTESIAN_POINT('',(9.88147720430665,3.2106865715557,9.9));
#7534=CARTESIAN_POINT('',(8.62474617177539,3.71293057738032,9.9));
#7535=CARTESIAN_POINT('Origin',(-1.30104260698261E-17,-1.73472347597681E-17,
9.9));
#7536=CARTESIAN_POINT('',(8.632110988093,3.72111003455207,9.9));
#7537=CARTESIAN_POINT('',(5.7707948058871,0.543296473710893,9.9));
#7538=CARTESIAN_POINT('',(5.9854200230147,7.24808575750141,9.9));
#7539=CARTESIAN_POINT('Origin',(0.,0.,9.9));
#7540=CARTESIAN_POINT('',(5.98416549865699,7.23614975554565,9.9));
#7541=CARTESIAN_POINT('',(6.1070887713188,8.4056865715557,9.9));
#7542=CARTESIAN_POINT('',(4.79516038896663,8.0733225405706,9.9));
#7543=CARTESIAN_POINT('Origin',(-1.30104260698261E-17,-1.73472347597681E-17,
9.9));
#7544=CARTESIAN_POINT('',(4.34932941414357,3.83152416112254,9.9));
#7545=CARTESIAN_POINT('Origin',(0.,0.,9.9));
#7546=CARTESIAN_POINT('',(-5.98416549865699,-7.23614975554565,9.9));
#7547=CARTESIAN_POINT('',(-6.1070887713188,-8.4056865715557,9.9));
#7548=CARTESIAN_POINT('',(-4.79516038896663,-8.0733225405706,9.9));
#7549=CARTESIAN_POINT('Origin',(-1.30104260698261E-17,-1.73472347597681E-17,
9.9));
#7550=CARTESIAN_POINT('',(-4.79631088623071,-8.08426879084465,9.9));
#7551=CARTESIAN_POINT('',(-4.34932941414357,-3.83152416112254,9.9));
#7552=CARTESIAN_POINT('',(-0.581988601480532,-9.38196617280976,9.9));
#7553=CARTESIAN_POINT('Origin',(0.,0.,9.9));
#7554=CARTESIAN_POINT('',(-0.587989475876223,-9.37157235346656,9.9));
#7555=CARTESIAN_POINT('',(-1.2724080243141E-15,-10.39,9.9));
#7556=CARTESIAN_POINT('',(0.866013680920214,-9.34997969540357,9.9));
#7557=CARTESIAN_POINT('Origin',(-1.30104260698261E-17,-1.73472347597681E-17,
9.9));
#7558=CARTESIAN_POINT('',(-1.26656801446687,-5.6562398477018,9.9));
#7559=CARTESIAN_POINT('Origin',(0.,0.,0.));
#7560=CARTESIAN_POINT('',(2.1600000000002,5.59771381905129,5.3));
#7561=CARTESIAN_POINT('',(2.1600000000002,5.59771381905129,0.));
#7562=CARTESIAN_POINT('Origin',(0.,0.,5.3));
#7563=CARTESIAN_POINT('Origin',(-9.49761103097302E-16,7.75033906810456,
0.));
#7564=CARTESIAN_POINT('Origin',(-9.49761103097302E-16,7.75033906810456,
5.3));
#7565=CARTESIAN_POINT('Origin',(5.7800000000001,3.45309560725409,5.3));
#7566=CARTESIAN_POINT('Origin',(6.71199052092156,-3.87516953405228,0.));
#7567=CARTESIAN_POINT('',(6.37687407031434,-6.90619121450838,5.3));
#7568=CARTESIAN_POINT('',(6.37687407031434,-6.90619121450838,0.));
#7569=CARTESIAN_POINT('Origin',(6.71199052092156,-3.87516953405228,5.3));
#7570=CARTESIAN_POINT('Origin',(0.,0.,0.));
#7571=CARTESIAN_POINT('Origin',(0.,0.,5.3));
#7572=CARTESIAN_POINT('Origin',(-7.43849426498855E-14,-7.03473589085007,
5.3));
#7573=CARTESIAN_POINT('Origin',(0.,0.,0.));
#7574=CARTESIAN_POINT('',(-5.92776237041373,-0.928242037351084,5.3));
#7575=CARTESIAN_POINT('',(-5.92776237041373,-0.928242037351084,0.));
#7576=CARTESIAN_POINT('Origin',(0.,0.,5.3));
#7577=CARTESIAN_POINT('Origin',(-6.71199052092156,-3.87516953405228,0.));
#7578=CARTESIAN_POINT('Origin',(-6.71199052092156,-3.87516953405228,5.3));
#7579=CARTESIAN_POINT('Origin',(-5.78,3.45309560725422,5.3));
#7580=CARTESIAN_POINT('Origin',(4.90907352910216,9.15713367194498,2.));
#7581=CARTESIAN_POINT('',(4.79516038896663,8.0733225405706,9.2));
#7582=CARTESIAN_POINT('',(4.79516038896663,8.0733225405706,9.9));
#7583=CARTESIAN_POINT('',(4.90907352910216,9.15713367194498,8.2));
#7584=CARTESIAN_POINT('Ctrl Pts',(4.79516038896662,8.07332254057061,9.2));
#7585=CARTESIAN_POINT('Ctrl Pts',(4.84923745599751,8.58783146491784,8.73002079807933));
#7586=CARTESIAN_POINT('Ctrl Pts',(4.90907352910216,9.15713367194498,8.2));
#7587=CARTESIAN_POINT('',(4.90907352910216,9.15713367194498,2.));
#7588=CARTESIAN_POINT('',(4.90907352910216,9.15713367194498,2.));
#7589=CARTESIAN_POINT('',(4.4062859842113,4.37342972680971,2.));
#7590=CARTESIAN_POINT('Origin',(0.,0.,9.15));
#7591=CARTESIAN_POINT('',(6.16817253067169,8.9868597202731,8.4));
#7592=CARTESIAN_POINT('Ctrl Pts',(6.16817253067169,8.9868597202731,8.4));
#7593=CARTESIAN_POINT('Ctrl Pts',(6.07004433690512,8.05323232154347,9.22528899932679));
#7594=CARTESIAN_POINT('Ctrl Pts',(5.9854200230147,7.24808575750141,9.9));
#7595=CARTESIAN_POINT('',(9.72109485312637,4.93054914350521,8.4));
#7596=CARTESIAN_POINT('Ctrl Pts',(8.632110988093,3.72111003455208,9.9));
#7597=CARTESIAN_POINT('Ctrl Pts',(9.13636952658136,4.28114587810673,9.21523716296967));
#7598=CARTESIAN_POINT('Ctrl Pts',(9.72109485312637,4.93054914350521,8.4));
#7599=CARTESIAN_POINT('Origin',(0.,0.,8.4));
#7600=CARTESIAN_POINT('Origin',(9.35395203731992,4.52279573754094,2.));
#7601=CARTESIAN_POINT('',(8.62474617177539,3.71293057738032,9.2));
#7602=CARTESIAN_POINT('',(8.62474617177539,3.71293057738032,9.9));
#7603=CARTESIAN_POINT('',(9.35395203731992,4.52279573754094,8.2));
#7604=CARTESIAN_POINT('Ctrl Pts',(8.62474617177539,3.71293057738033,9.2));
#7605=CARTESIAN_POINT('Ctrl Pts',(8.97091619591387,4.09739133844725,8.73002079807881));
#7606=CARTESIAN_POINT('Ctrl Pts',(9.35395203731992,4.52279573754094,8.2));
#7607=CARTESIAN_POINT('',(9.35395203731992,4.52279573754094,2.));
#7608=CARTESIAN_POINT('',(9.35395203731992,4.52279573754094,2.));
#7609=CARTESIAN_POINT('',(9.72109485312637,4.93054914350521,2.));
#7610=CARTESIAN_POINT('',(6.13539773865935,0.94822905379121,2.));
#7611=CARTESIAN_POINT('',(9.72109485312637,4.93054914350521,2.));
#7612=CARTESIAN_POINT('Origin',(1.41090421396024,-10.2937577831922,2.));
#7613=CARTESIAN_POINT('',(0.866013680920214,-9.34997969540357,9.2));
#7614=CARTESIAN_POINT('',(0.866013680920214,-9.34997969540357,9.9));
#7615=CARTESIAN_POINT('',(1.41090421396024,-10.2937577831922,8.2));
#7616=CARTESIAN_POINT('Ctrl Pts',(0.866013680920227,-9.34997969540357,9.2));
#7617=CARTESIAN_POINT('Ctrl Pts',(1.12468517259155,-9.79801186144793,8.73002079807732));
#7618=CARTESIAN_POINT('Ctrl Pts',(1.41090421396024,-10.2937577831922,8.2));
#7619=CARTESIAN_POINT('',(1.41090421396024,-10.2937577831922,2.));
#7620=CARTESIAN_POINT('',(1.41090421396024,-10.2937577831922,2.));
#7621=CARTESIAN_POINT('',(1.68524737829724,-10.7689340825331,2.));
#7622=CARTESIAN_POINT('',(-0.994122747946832,-6.12812889159607,2.));
#7623=CARTESIAN_POINT('',(1.68524737829724,-10.7689340825331,2.));
#7624=CARTESIAN_POINT('Origin',(0.,0.,9.15));
#7625=CARTESIAN_POINT('',(0.292187206447672,-10.896083086889,8.4));
#7626=CARTESIAN_POINT('Ctrl Pts',(0.292187206447672,-10.896083086889,8.4));
#7627=CARTESIAN_POINT('Ctrl Pts',(-0.177197833277325,-10.0830843497726,
9.22528899932679));
#7628=CARTESIAN_POINT('Ctrl Pts',(-0.581988601480532,-9.38196617280976,
9.9));
#7629=CARTESIAN_POINT('',(-4.96642686785442,-9.7028142395005,8.4));
#7630=CARTESIAN_POINT('Ctrl Pts',(-4.7963108862307,-8.08426879084465,9.9));
#7631=CARTESIAN_POINT('Ctrl Pts',(-4.87508380382986,-8.83374303800547,9.21523716296968));
#7632=CARTESIAN_POINT('Ctrl Pts',(-4.96642686785442,-9.7028142395005,8.4));
#7633=CARTESIAN_POINT('Origin',(0.,0.,8.4));
#7634=CARTESIAN_POINT('Origin',(-4.90907352910216,-9.15713367194498,2.));
#7635=CARTESIAN_POINT('',(-4.79516038896663,-8.0733225405706,9.2));
#7636=CARTESIAN_POINT('',(-4.79516038896663,-8.0733225405706,9.9));
#7637=CARTESIAN_POINT('',(-4.90907352910216,-9.15713367194498,8.2));
#7638=CARTESIAN_POINT('Ctrl Pts',(-4.79516038896662,-8.07332254057061,9.2));
#7639=CARTESIAN_POINT('Ctrl Pts',(-4.84923745599762,-8.58783146491896,8.73002079807829));
#7640=CARTESIAN_POINT('Ctrl Pts',(-4.90907352910216,-9.15713367194498,8.2));
#7641=CARTESIAN_POINT('',(-4.90907352910216,-9.15713367194498,2.));
#7642=CARTESIAN_POINT('',(-4.90907352910216,-9.15713367194498,2.));
#7643=CARTESIAN_POINT('',(-4.96642686785442,-9.7028142395005,2.));
#7644=CARTESIAN_POINT('',(-4.4062859842113,-4.37342972680972,2.));
#7645=CARTESIAN_POINT('',(-4.96642686785442,-9.7028142395005,2.));
#7646=CARTESIAN_POINT('Origin',(-10.2259387964178,1.83909644443059,2.));
#7647=CARTESIAN_POINT('',(-9.15997206130649,2.06567466850047,9.2));
#7648=CARTESIAN_POINT('',(-9.15997206130649,2.06567466850047,9.9));
#7649=CARTESIAN_POINT('',(-10.2259387964178,1.83909644443059,8.2));
#7650=CARTESIAN_POINT('Ctrl Pts',(-9.15997206130649,2.06567466850047,9.2));
#7651=CARTESIAN_POINT('Ctrl Pts',(-9.66600985921963,1.95811301410098,8.73002079807727));
#7652=CARTESIAN_POINT('Ctrl Pts',(-10.2259387964178,1.83909644443059,8.2));
#7653=CARTESIAN_POINT('',(-10.2259387964178,1.83909644443059,2.));
#7654=CARTESIAN_POINT('',(-10.2259387964178,1.83909644443059,2.));
#7655=CARTESIAN_POINT('',(-10.7626350123657,1.72501814210739,2.));
#7656=CARTESIAN_POINT('',(-5.52099609143875,2.83916288865538,2.));
#7657=CARTESIAN_POINT('',(-10.7626350123657,1.72501814210739,2.));
#7658=CARTESIAN_POINT('Origin',(0.,0.,9.15));
#7659=CARTESIAN_POINT('',(-10.4530816342105,3.0891882993,8.4));
#7660=CARTESIAN_POINT('Ctrl Pts',(-10.4530816342105,3.0891882993,8.4));
#7661=CARTESIAN_POINT('Ctrl Pts',(-9.53482593335575,3.28436957380757,9.2252889993268));
#7662=CARTESIAN_POINT('Ctrl Pts',(-8.74293569592144,3.45269103989667,9.9));
#7663=CARTESIAN_POINT('',(-7.693214405391,7.72168712864516,8.4));
#7664=CARTESIAN_POINT('Ctrl Pts',(-6.2064549388635,7.0597391659931,9.9));
#7665=CARTESIAN_POINT('Ctrl Pts',(-6.89490513518661,7.36625694180244,9.21523716296963));
#7666=CARTESIAN_POINT('Ctrl Pts',(-7.693214405391,7.72168712864516,8.4));
#7667=CARTESIAN_POINT('Origin',(0.,0.,8.4));
#7668=CARTESIAN_POINT('Origin',(-7.19196450216027,7.49851629321871,2.));
#7669=CARTESIAN_POINT('',(-6.19639995941794,7.05526240071376,9.2));
#7670=CARTESIAN_POINT('',(-6.19639995941794,7.05526240071376,9.9));
#7671=CARTESIAN_POINT('',(-7.19196450216027,7.49851629321871,8.2));
#7672=CARTESIAN_POINT('Ctrl Pts',(-6.19639995941795,7.05526240071375,9.2));
#7673=CARTESIAN_POINT('Ctrl Pts',(-6.6690162918934,7.26568474907714,8.73002079807782));
#7674=CARTESIAN_POINT('Ctrl Pts',(-7.19196450216027,7.49851629321871,8.2));
#7675=CARTESIAN_POINT('',(-7.19196450216027,7.49851629321871,2.));
#7676=CARTESIAN_POINT('',(-7.19196450216027,7.49851629321871,2.));
#7677=CARTESIAN_POINT('',(-7.693214405391,7.72168712864516,2.));
#7678=CARTESIAN_POINT('',(-2.79776158904388,5.54209110723294,2.));
#7679=CARTESIAN_POINT('',(-7.693214405391,7.72168712864516,2.));
#7680=CARTESIAN_POINT('Origin',(0.,0.,9.9));
#7681=CARTESIAN_POINT('Origin',(0.,0.,8.7));
#7682=CARTESIAN_POINT('',(5.98416549865699,7.23614975554565,9.2));
#7683=CARTESIAN_POINT('Origin',(-2.07221045543952E-17,-6.3868711561789E-18,
9.2));
#7684=CARTESIAN_POINT('',(6.1070887713188,8.4056865715557,8.2));
#7685=CARTESIAN_POINT('Ctrl Pts',(6.1070887713188,8.40568657155571,8.2));
#7686=CARTESIAN_POINT('Ctrl Pts',(6.04251987329272,7.79135454332808,8.73495769704149));
#7687=CARTESIAN_POINT('Ctrl Pts',(5.98416549865701,7.23614975554564,9.2));
#7688=CARTESIAN_POINT('Origin',(0.,0.,8.2));
#7689=CARTESIAN_POINT('Origin',(0.,0.,8.7));
#7690=CARTESIAN_POINT('',(9.09459369525525,2.33676389869053,9.2));
#7691=CARTESIAN_POINT('Origin',(-2.05186434176143E-17,7.01306014730427E-18,
9.2));
#7692=CARTESIAN_POINT('',(9.88147720430665,3.2106865715557,8.2));
#7693=CARTESIAN_POINT('Ctrl Pts',(9.88147720430665,3.2106865715557,8.2));
#7694=CARTESIAN_POINT('Ctrl Pts',(9.4681445622925,2.75163416654737,8.73495769704132));
#7695=CARTESIAN_POINT('Ctrl Pts',(9.09459369525526,2.33676389869052,9.2));
#7696=CARTESIAN_POINT('Origin',(0.,0.,8.2));
#7697=CARTESIAN_POINT('Origin',(0.,0.,8.7));
#7698=CARTESIAN_POINT('',(-0.587989475876223,-9.37157235346656,9.2));
#7699=CARTESIAN_POINT('Origin',(1.30104260698261E-17,1.73472347597681E-17,
9.2));
#7700=CARTESIAN_POINT('',(-1.2724080243141E-15,-10.39,8.2));
#7701=CARTESIAN_POINT('Ctrl Pts',(-1.16635159007638E-15,-10.39,8.2));
#7702=CARTESIAN_POINT('Ctrl Pts',(-0.308857970391863,-9.85504230295869,
8.73495769704131));
#7703=CARTESIAN_POINT('Ctrl Pts',(-0.587989475876236,-9.37157235346657,
9.2));
#7704=CARTESIAN_POINT('Origin',(0.,0.,8.2));
#7705=CARTESIAN_POINT('Origin',(0.,0.,8.7));
#7706=CARTESIAN_POINT('',(-5.98416549865699,-7.23614975554565,9.2));
#7707=CARTESIAN_POINT('Origin',(2.07221045543952E-17,6.3868711561789E-18,
9.2));
#7708=CARTESIAN_POINT('',(-6.1070887713188,-8.4056865715557,8.2));
#7709=CARTESIAN_POINT('Ctrl Pts',(-6.1070887713188,-8.4056865715557,8.2));
#7710=CARTESIAN_POINT('Ctrl Pts',(-6.04251987329268,-7.79135454332767,8.73495769704183));
#7711=CARTESIAN_POINT('Ctrl Pts',(-5.984165498657,-7.23614975554564,9.2));
#7712=CARTESIAN_POINT('Origin',(0.,0.,8.2));
#7713=CARTESIAN_POINT('Origin',(0.,0.,8.7));
#7714=CARTESIAN_POINT('',(-8.73119621413651,3.45518634378064,9.2));
#7715=CARTESIAN_POINT('Origin',(1.24777578983441E-17,-1.77342408396646E-17,
9.2));
#7716=CARTESIAN_POINT('',(-9.88147720430665,3.2106865715557,8.2));
#7717=CARTESIAN_POINT('Ctrl Pts',(-9.88147720430665,3.2106865715557,8.2));
#7718=CARTESIAN_POINT('Ctrl Pts',(-9.27725983889381,3.33911693724918,8.7349576970415));
#7719=CARTESIAN_POINT('Ctrl Pts',(-8.73119621413651,3.45518634378066,9.2));
#7720=CARTESIAN_POINT('Origin',(0.,0.,8.2));
#7721=CARTESIAN_POINT('Origin',(0.,0.,8.7));
#7722=CARTESIAN_POINT('',(-5.03277854166203,7.9273728403921,9.2));
#7723=CARTESIAN_POINT('Origin',(-3.29207034701099E-19,-2.16815442959495E-17,
9.2));
#7724=CARTESIAN_POINT('',(-6.1070887713188,8.40568657155571,8.2));
#7725=CARTESIAN_POINT('Ctrl Pts',(-6.10708877131879,8.40568657155571,8.2));
#7726=CARTESIAN_POINT('Ctrl Pts',(-5.54277717950234,8.1544388634269,8.73495769704137));
#7727=CARTESIAN_POINT('Ctrl Pts',(-5.03277854166202,7.9273728403921,9.2));
#7728=CARTESIAN_POINT('Origin',(0.,0.,8.2));
#7729=CARTESIAN_POINT('Origin',(-2.07221045543952E-17,-6.3868711561789E-18,
9.9));
#7730=CARTESIAN_POINT('',(5.98416549865699,7.23614975554565,9.9));
#7731=CARTESIAN_POINT('Origin',(0.,0.,2.));
#7732=CARTESIAN_POINT('',(6.1070887713188,8.4056865715557,2.));
#7733=CARTESIAN_POINT('',(6.1070887713188,8.4056865715557,2.));
#7734=CARTESIAN_POINT('Origin',(0.,0.,2.));
#7735=CARTESIAN_POINT('Origin',(-2.05186434176143E-17,7.01306014730427E-18,
9.9));
#7736=CARTESIAN_POINT('',(9.09459369525525,2.33676389869053,9.9));
#7737=CARTESIAN_POINT('Origin',(0.,0.,2.));
#7738=CARTESIAN_POINT('',(9.88147720430665,3.2106865715557,2.));
#7739=CARTESIAN_POINT('',(9.88147720430665,3.2106865715557,2.));
#7740=CARTESIAN_POINT('Origin',(0.,0.,2.));
#7741=CARTESIAN_POINT('Origin',(1.30104260698261E-17,1.73472347597681E-17,
9.9));
#7742=CARTESIAN_POINT('',(-0.587989475876223,-9.37157235346656,9.9));
#7743=CARTESIAN_POINT('Origin',(0.,0.,2.));
#7744=CARTESIAN_POINT('',(-1.2724080243141E-15,-10.39,2.));
#7745=CARTESIAN_POINT('',(-1.2724080243141E-15,-10.39,2.));
#7746=CARTESIAN_POINT('Origin',(0.,0.,2.));
#7747=CARTESIAN_POINT('Origin',(2.07221045543952E-17,6.3868711561789E-18,
9.9));
#7748=CARTESIAN_POINT('',(-5.98416549865699,-7.23614975554565,9.9));
#7749=CARTESIAN_POINT('Origin',(0.,0.,2.));
#7750=CARTESIAN_POINT('',(-6.1070887713188,-8.4056865715557,2.));
#7751=CARTESIAN_POINT('',(-6.1070887713188,-8.4056865715557,2.));
#7752=CARTESIAN_POINT('Origin',(0.,0.,2.));
#7753=CARTESIAN_POINT('Origin',(1.24777578983441E-17,-1.77342408396646E-17,
9.9));
#7754=CARTESIAN_POINT('',(-8.73119621413651,3.45518634378064,9.9));
#7755=CARTESIAN_POINT('Origin',(0.,0.,2.));
#7756=CARTESIAN_POINT('',(-9.88147720430665,3.2106865715557,2.));
#7757=CARTESIAN_POINT('',(-9.88147720430665,3.2106865715557,2.));
#7758=CARTESIAN_POINT('Origin',(0.,0.,2.));
#7759=CARTESIAN_POINT('Origin',(-3.29207034701099E-19,-2.16815442959495E-17,
9.9));
#7760=CARTESIAN_POINT('',(-5.03277854166203,7.9273728403921,9.9));
#7761=CARTESIAN_POINT('Origin',(0.,0.,2.));
#7762=CARTESIAN_POINT('',(-6.1070887713188,8.40568657155571,2.));
#7763=CARTESIAN_POINT('',(-6.1070887713188,8.40568657155571,2.));
#7764=CARTESIAN_POINT('Origin',(0.,0.,2.));
#7765=CARTESIAN_POINT('Origin',(2.64395421400196,11.2433093933353,0.25));
#7766=CARTESIAN_POINT('',(2.58672576781145,10.9999477181549,0.5));
#7767=CARTESIAN_POINT('',(1.90125649482738,11.138905859234,0.));
#7768=CARTESIAN_POINT('Ctrl Pts',(2.58672576781144,10.9999477181549,0.499999999999979));
#7769=CARTESIAN_POINT('Ctrl Pts',(2.55166622443275,11.0081922504553,0.499999999999978));
#7770=CARTESIAN_POINT('Ctrl Pts',(2.52185401562195,11.0150369530142,0.492448497122037));
#7771=CARTESIAN_POINT('Ctrl Pts',(2.46713985370838,11.0274207178487,0.472174056413771));
#7772=CARTESIAN_POINT('Ctrl Pts',(2.44229909523955,11.0329404263907,0.459274587717778));
#7773=CARTESIAN_POINT('Ctrl Pts',(2.3705739009985,11.0486548969965,0.416782609228221));
#7774=CARTESIAN_POINT('Ctrl Pts',(2.32698036070337,11.0579005699047,0.383804493875146));
#7775=CARTESIAN_POINT('Ctrl Pts',(2.19573396782874,11.0849772053218,0.27778028968272));
#7776=CARTESIAN_POINT('Ctrl Pts',(2.11091640897683,11.1014508181728,0.19943389697375));
#7777=CARTESIAN_POINT('Ctrl Pts',(1.98221141152897,11.1248581394088,0.0779020869111147));
#7778=CARTESIAN_POINT('Ctrl Pts',(1.94193188264308,11.1319631355732,0.0393128971610717));
#7779=CARTESIAN_POINT('Ctrl Pts',(1.90125649482737,11.138905859234,6.96491475604688E-15));
#7780=CARTESIAN_POINT('',(2.0857205543286,11.7441838099386,0.));
#7781=CARTESIAN_POINT('Origin',(2.64395421400196,11.2433093933353,0.));
#7782=CARTESIAN_POINT('',(2.45787632744418,11.410267532203,0.5));
#7783=CARTESIAN_POINT('',(2.0857205543286,11.7441838099386,0.));
#7784=CARTESIAN_POINT('Origin',(2.64395421400196,11.2433093933353,0.5));
#7785=CARTESIAN_POINT('Origin',(-0.276693922276178,8.73688451692342,0.25));
#7786=CARTESIAN_POINT('',(3.53963366471948,13.364596451424,0.));
#7787=CARTESIAN_POINT('',(-0.462771808833966,8.90384265579118,0.));
#7788=CARTESIAN_POINT('',(3.91178943783506,13.0306801736884,0.5));
#7789=CARTESIAN_POINT('',(3.53963366471948,13.364596451424,0.));
#7790=CARTESIAN_POINT('',(-0.0906160357183893,8.56992637805566,0.5));
#7791=CARTESIAN_POINT('Origin',(4.28394521095063,12.6967638959529,0.25));
#7792=CARTESIAN_POINT('',(4.60364261475292,13.6442835896807,0.));
#7793=CARTESIAN_POINT('',(4.44379391285177,13.1705237428168,0.5));
#7794=CARTESIAN_POINT('',(4.60364261475292,13.6442835896807,0.));
#7795=CARTESIAN_POINT('Origin',(4.28394521095063,12.6967638959529,0.5));
#7796=CARTESIAN_POINT('Origin',(4.28394521095063,12.6967638959529,0.));
#7797=CARTESIAN_POINT('Origin',(0.,0.,0.25));
#7798=CARTESIAN_POINT('',(9.75555644924123,10.5919364785514,0.));
#7799=CARTESIAN_POINT('Origin',(0.,0.,0.));
#7800=CARTESIAN_POINT('',(9.41682185030924,10.2241609063795,0.5));
#7801=CARTESIAN_POINT('',(9.75555644924123,10.5919364785514,0.));
#7802=CARTESIAN_POINT('Origin',(0.,0.,0.5));
#7803=CARTESIAN_POINT('Origin',(9.24745455084324,10.0402731202935,0.25));
#7804=CARTESIAN_POINT('',(9.99511289963344,10.0994929943588,0.));
#7805=CARTESIAN_POINT('',(9.34913871161219,9.81188675588288,0.5));
#7806=CARTESIAN_POINT('Ctrl Pts',(9.34913871161219,9.81188675588288,0.500000000000001));
#7807=CARTESIAN_POINT('Ctrl Pts',(9.5106322586175,9.88378831550186,0.500000000000001));
#7808=CARTESIAN_POINT('Ctrl Pts',(9.99511289963344,10.0994929943588,2.42861286636753E-16));
#7809=CARTESIAN_POINT('Origin',(9.24745455084324,10.0402731202935,0.5));
#7810=CARTESIAN_POINT('Origin',(9.24745455084324,10.0402731202935,0.));
#7811=CARTESIAN_POINT('Origin',(0.,0.,0.));
#7812=CARTESIAN_POINT('',(-6.96694690963746,8.89672134880558,0.));
#7813=CARTESIAN_POINT('Origin',(0.,0.,0.));
#7814=CARTESIAN_POINT('',(-7.22276706398246,8.86516510273133,0.));
#7815=CARTESIAN_POINT('Origin',(-7.12108290321351,9.09355146714198,0.));
#7816=CARTESIAN_POINT('',(-11.9790933064135,10.9828179825474,0.));
#7817=CARTESIAN_POINT('',(-5.10750354825197,7.92338910854152,0.));
#7818=CARTESIAN_POINT('',(-12.5607989455897,10.8529410690593,0.));
#7819=CARTESIAN_POINT('Origin',(-12.1824616279514,10.5260452537261,0.));
#7820=CARTESIAN_POINT('',(12.5607989455897,10.8529410690593,0.));
#7821=CARTESIAN_POINT('Origin',(0.,0.,0.));
#7822=CARTESIAN_POINT('',(11.9790933064135,10.9828179825474,0.));
#7823=CARTESIAN_POINT('Origin',(12.1824616279514,10.5260452537261,0.));
#7824=CARTESIAN_POINT('',(2.49259107400022,6.7591550654335,0.));
#7825=CARTESIAN_POINT('Origin',(-2.64395421400197,-11.2433093933353,0.25));
#7826=CARTESIAN_POINT('',(-2.58672576781145,-10.9999477181549,0.5));
#7827=CARTESIAN_POINT('',(-1.90125649482739,-11.138905859234,0.));
#7828=CARTESIAN_POINT('Ctrl Pts',(-2.58672576781144,-10.9999477181549,0.499999999999979));
#7829=CARTESIAN_POINT('Ctrl Pts',(-2.55166622443276,-11.0081922504553,0.499999999999978));
#7830=CARTESIAN_POINT('Ctrl Pts',(-2.52185401562195,-11.0150369530142,0.492448497122033));
#7831=CARTESIAN_POINT('Ctrl Pts',(-2.46713985370839,-11.0274207178487,0.472174056413767));
#7832=CARTESIAN_POINT('Ctrl Pts',(-2.44229909523956,-11.0329404263907,0.459274587717776));
#7833=CARTESIAN_POINT('Ctrl Pts',(-2.37057390099851,-11.0486548969965,0.41678260922822));
#7834=CARTESIAN_POINT('Ctrl Pts',(-2.32698036070338,-11.0579005699047,0.383804493875144));
#7835=CARTESIAN_POINT('Ctrl Pts',(-2.19573396782874,-11.0849772053218,0.277780289682717));
#7836=CARTESIAN_POINT('Ctrl Pts',(-2.11091640897684,-11.1014508181727,0.199433896973746));
#7837=CARTESIAN_POINT('Ctrl Pts',(-1.98221141152897,-11.1248581394088,0.0779020869111118));
#7838=CARTESIAN_POINT('Ctrl Pts',(-1.94193188264309,-11.1319631355732,0.0393128971610694));
#7839=CARTESIAN_POINT('Ctrl Pts',(-1.90125649482738,-11.138905859234,6.17995238316738E-15));
#7840=CARTESIAN_POINT('',(-2.08572055432861,-11.7441838099386,0.));
#7841=CARTESIAN_POINT('Origin',(-2.64395421400197,-11.2433093933353,0.));
#7842=CARTESIAN_POINT('',(-2.45787632744418,-11.410267532203,0.5));
#7843=CARTESIAN_POINT('',(-2.08572055432861,-11.7441838099386,0.));
#7844=CARTESIAN_POINT('Origin',(-2.64395421400197,-11.2433093933353,0.5));
#7845=CARTESIAN_POINT('Origin',(0.276693922276177,-8.73688451692342,0.25));
#7846=CARTESIAN_POINT('',(-3.53963366471948,-13.364596451424,0.));
#7847=CARTESIAN_POINT('',(0.462771808833965,-8.90384265579118,0.));
#7848=CARTESIAN_POINT('',(-3.91178943783506,-13.0306801736884,0.5));
#7849=CARTESIAN_POINT('',(-3.53963366471948,-13.364596451424,0.));
#7850=CARTESIAN_POINT('',(0.0906160357183884,-8.56992637805566,0.5));
#7851=CARTESIAN_POINT('Origin',(-4.28394521095063,-12.6967638959529,0.25));
#7852=CARTESIAN_POINT('',(-4.60364261475292,-13.6442835896807,0.));
#7853=CARTESIAN_POINT('',(-4.44379391285178,-13.1705237428168,0.5));
#7854=CARTESIAN_POINT('',(-4.60364261475292,-13.6442835896807,0.));
#7855=CARTESIAN_POINT('Origin',(-4.28394521095063,-12.6967638959529,0.5));
#7856=CARTESIAN_POINT('Origin',(-4.28394521095063,-12.6967638959529,0.));
#7857=CARTESIAN_POINT('Origin',(0.,0.,0.25));
#7858=CARTESIAN_POINT('',(-9.75555644924122,-10.5919364785514,0.));
#7859=CARTESIAN_POINT('Origin',(0.,0.,0.));
#7860=CARTESIAN_POINT('',(-9.41682185030923,-10.2241609063795,0.5));
#7861=CARTESIAN_POINT('',(-9.75555644924122,-10.5919364785514,0.));
#7862=CARTESIAN_POINT('Origin',(0.,0.,0.5));
#7863=CARTESIAN_POINT('Origin',(-9.24745455084324,-10.0402731202935,0.25));
#7864=CARTESIAN_POINT('',(-9.99511289963344,-10.0994929943588,0.));
#7865=CARTESIAN_POINT('',(-9.34913871161219,-9.81188675588288,0.5));
#7866=CARTESIAN_POINT('Ctrl Pts',(-9.34913871161219,-9.81188675588288,0.500000000000004));
#7867=CARTESIAN_POINT('Ctrl Pts',(-9.5106322586175,-9.88378831550187,0.500000000000004));
#7868=CARTESIAN_POINT('Ctrl Pts',(-9.99511289963344,-10.0994929943588,-3.12250225675825E-16));
#7869=CARTESIAN_POINT('Origin',(-9.24745455084324,-10.0402731202935,0.5));
#7870=CARTESIAN_POINT('Origin',(-9.24745455084324,-10.0402731202935,0.));
#7871=CARTESIAN_POINT('Origin',(0.,0.,0.));
#7872=CARTESIAN_POINT('',(6.96694690963745,-8.89672134880559,0.));
#7873=CARTESIAN_POINT('Origin',(0.,0.,0.));
#7874=CARTESIAN_POINT('',(7.22276706398245,-8.86516510273134,0.));
#7875=CARTESIAN_POINT('Origin',(7.1210829032135,-9.09355146714199,0.));
#7876=CARTESIAN_POINT('',(11.9790933064135,-10.9828179825474,0.));
#7877=CARTESIAN_POINT('',(5.10750354825197,-7.92338910854154,0.));
#7878=CARTESIAN_POINT('',(12.5607989455897,-10.8529410690593,0.));
#7879=CARTESIAN_POINT('Origin',(12.1824616279514,-10.5260452537261,0.));
#7880=CARTESIAN_POINT('',(-12.5607989455897,-10.8529410690593,0.));
#7881=CARTESIAN_POINT('Origin',(0.,0.,0.));
#7882=CARTESIAN_POINT('',(-11.9790933064135,-10.9828179825474,0.));
#7883=CARTESIAN_POINT('Origin',(-12.1824616279514,-10.5260452537261,0.));
#7884=CARTESIAN_POINT('',(-2.49259107400021,-6.75915506543353,0.));
#7885=CARTESIAN_POINT('Origin',(2.56156201178309,-5.42156755725453,-2.35));
#7886=CARTESIAN_POINT('',(11.7143784963526,-9.22300493792324,-2.1));
#7887=CARTESIAN_POINT('',(11.5110101748147,-9.67977766674454,-2.6));
#7888=CARTESIAN_POINT('',(11.7143784963526,-9.22300493792324,-2.1));
#7889=CARTESIAN_POINT('',(6.91511735359959,-7.63355434813598,-2.6));
#7890=CARTESIAN_POINT('',(2.45987785101414,-5.64995392166518,-2.6));
#7891=CARTESIAN_POINT('',(7.1184856751375,-7.17678161931468,-2.1));
#7892=CARTESIAN_POINT('',(6.91511735359959,-7.63355434813598,-2.6));
#7893=CARTESIAN_POINT('',(2.66324617255204,-5.19318119284388,-2.1));
#7894=CARTESIAN_POINT('Origin',(11.8160626571215,-8.99461857351259,-2.35));
#7895=CARTESIAN_POINT('',(12.0149862708778,-9.14604312862223,-2.1));
#7896=CARTESIAN_POINT('Origin',(11.8160626571215,-8.99461857351259,-2.1));
#7897=CARTESIAN_POINT('',(12.4128334983903,-9.44889223884151,-2.6));
#7898=CARTESIAN_POINT('',(12.0149862708778,-9.14604312862223,-2.1));
#7899=CARTESIAN_POINT('Origin',(11.8160626571215,-8.99461857351259,-2.6));
#7900=CARTESIAN_POINT('Origin',(0.,0.,-2.35));
#7901=CARTESIAN_POINT('',(12.0149862708778,9.14604312862222,-2.1));
#7902=CARTESIAN_POINT('',(12.4128334983903,9.4488922388415,-2.6));
#7903=CARTESIAN_POINT('',(12.0149862708778,9.14604312862222,-2.1));
#7904=CARTESIAN_POINT('Origin',(0.,0.,-2.6));
#7905=CARTESIAN_POINT('Origin',(0.,0.,-2.1));
#7906=CARTESIAN_POINT('Origin',(11.8160626571215,8.99461857351258,-2.35));
#7907=CARTESIAN_POINT('',(11.7143784963526,9.22300493792323,-2.1));
#7908=CARTESIAN_POINT('Origin',(11.8160626571215,8.99461857351258,-2.1));
#7909=CARTESIAN_POINT('',(11.5110101748147,9.67977766674453,-2.6));
#7910=CARTESIAN_POINT('',(11.7143784963526,9.22300493792323,-2.1));
#7911=CARTESIAN_POINT('Origin',(11.8160626571215,8.99461857351258,-2.6));
#7912=CARTESIAN_POINT('Origin',(5.10075009857867,6.55208693088962,-2.35));
#7913=CARTESIAN_POINT('',(11.2827050069406,9.57812965700282,-2.6));
#7914=CARTESIAN_POINT('',(4.99906593780972,6.78047329530027,-2.6));
#7915=CARTESIAN_POINT('',(11.465492270373,9.11219365073894,-2.1));
#7916=CARTESIAN_POINT('',(5.20243425934763,6.32370056647897,-2.1));
#7917=CARTESIAN_POINT('',(11.2948590692673,9.576794614872,-2.59383688744952));
#7918=CARTESIAN_POINT('Origin',(-127.492966627518,-46.9929525651452,-7.36489561927612));
#7919=CARTESIAN_POINT('',(11.2948590597189,9.57679462029316,-2.59383688465132));
#7920=CARTESIAN_POINT('Ctrl Pts',(11.4882748565463,9.66308894605829,-2.44464072627906));
#7921=CARTESIAN_POINT('Ctrl Pts',(11.4485754731143,9.64537901333691,-2.47528011798592));
#7922=CARTESIAN_POINT('Ctrl Pts',(11.4088722362402,9.62766579061675,-2.50591267202908));
#7923=CARTESIAN_POINT('Ctrl Pts',(10.8687523249838,9.38667406042184,-2.92249904361854));
#7924=CARTESIAN_POINT('Ctrl Pts',(10.3957739758695,9.17556509268943,-3.28562154123881));
#7925=CARTESIAN_POINT('Ctrl Pts',(9.9183408942004,8.96237662149333,-3.65029324546958));
#7926=CARTESIAN_POINT('Ctrl Pts',(9.89079884890552,8.95007705403115,-3.67132379826734));
#7927=CARTESIAN_POINT('Ctrl Pts',(9.86325423997862,8.9377750966587,-3.69234965030221));
#7928=CARTESIAN_POINT('Ctrl Pts',(11.4806806611552,9.47945718095184,-2.32976048418604));
#7929=CARTESIAN_POINT('Ctrl Pts',(11.441012684927,9.4617727744593,-2.36045486810732));
#7930=CARTESIAN_POINT('Ctrl Pts',(11.4013421397292,9.44408617459955,-2.39114469355559));
#7931=CARTESIAN_POINT('Ctrl Pts',(10.8618001441668,9.20352338301042,-2.80845215597213));
#7932=CARTESIAN_POINT('Ctrl Pts',(10.3893930956763,8.99284392177111,-3.17226400229945));
#7933=CARTESIAN_POINT('Ctrl Pts',(9.91259088498669,8.78014350448449,-3.53770702283737));
#7934=CARTESIAN_POINT('Ctrl Pts',(9.88507793797634,8.76786924536167,-3.55878988230902));
#7935=CARTESIAN_POINT('Ctrl Pts',(9.85756328187574,8.75559339294987,-3.57986960792693));
#7936=CARTESIAN_POINT('Ctrl Pts',(11.4730864657641,9.29582541584539,-2.21488024209302));
#7937=CARTESIAN_POINT('Ctrl Pts',(11.4334498967149,9.27816653547668,-2.24562961813659));
#7938=CARTESIAN_POINT('Ctrl Pts',(11.3938120431932,9.26050655847641,-2.27637671498947));
#7939=CARTESIAN_POINT('Ctrl Pts',(10.8548479322797,9.02037264198479,-2.69440524794361));
#7940=CARTESIAN_POINT('Ctrl Pts',(10.3830121837504,8.81012268491802,-3.05890644290217));
#7941=CARTESIAN_POINT('Ctrl Pts',(9.90684087576618,8.59791038742992,-3.42512080016997));
#7942=CARTESIAN_POINT('Ctrl Pts',(9.8793570270404,8.58566143664613,-3.44625596631538));
#7943=CARTESIAN_POINT('Ctrl Pts',(9.85187232377286,8.57341168924105,-3.46738956555164));
#7944=CARTESIAN_POINT('Ctrl Pts',(11.465492270373,9.11219365073894,-2.1));
#7945=CARTESIAN_POINT('Ctrl Pts',(11.4258871085276,9.09456029659907,-2.13080436825799));
#7946=CARTESIAN_POINT('Ctrl Pts',(11.3862819466822,9.07692694245921,-2.16160873651598));
#7947=CARTESIAN_POINT('Ctrl Pts',(10.8478957514627,8.83722196457337,-2.5803583602972));
#7948=CARTESIAN_POINT('Ctrl Pts',(10.3766313035571,8.62740151399969,-2.94554890396281));
#7949=CARTESIAN_POINT('Ctrl Pts',(9.90109086655247,8.41567727042107,-3.31253457753776));
#7950=CARTESIAN_POINT('Ctrl Pts',(9.87363611611122,8.40345362797665,-3.33372205035705));
#7951=CARTESIAN_POINT('Ctrl Pts',(9.84618136566998,8.39122998553222,-3.35490952317635));
#7952=CARTESIAN_POINT('',(9.86325424431674,8.93777510119928,-3.69234964551624));
#7953=CARTESIAN_POINT('Ctrl Pts',(9.86325423997862,8.9377750966587,-3.69234965030221));
#7954=CARTESIAN_POINT('Ctrl Pts',(10.0954426627773,9.0414749563019,-3.51511135895707));
#7955=CARTESIAN_POINT('Ctrl Pts',(10.3275742470066,9.1450970785041,-3.33742744413182));
#7956=CARTESIAN_POINT('Ctrl Pts',(10.8050849323092,9.35823981393766,-2.97102009153969));
#7957=CARTESIAN_POINT('Ctrl Pts',(11.0503274051979,9.46768515102205,-2.78235850337002));
#7958=CARTESIAN_POINT('Ctrl Pts',(11.2948590749923,9.57679459670652,-2.59383688729443));
#7959=CARTESIAN_POINT('',(10.0468682782395,8.48058156399107,-3.20000002565803));
#7960=CARTESIAN_POINT('Ctrl Pts',(11.465492270373,9.11219365073894,-2.1));
#7961=CARTESIAN_POINT('Ctrl Pts',(11.4258871085276,9.09456029659907,-2.13080436825799));
#7962=CARTESIAN_POINT('Ctrl Pts',(11.3862819466822,9.07692694245921,-2.16160873651598));
#7963=CARTESIAN_POINT('Ctrl Pts',(10.8916042404029,8.85668223764104,-2.54636247878637));
#7964=CARTESIAN_POINT('Ctrl Pts',(10.4594349739985,8.66426808332903,-2.88137198916207));
#7965=CARTESIAN_POINT('Ctrl Pts',(10.0468682943391,8.48058156294218,-3.20000005444694));
#7966=CARTESIAN_POINT('Origin',(-93.2550773262214,-34.9736581692586,-5.51926326134243));
#7967=CARTESIAN_POINT('Origin',(9.13552739806163,8.34848552345117,-3.45));
#7968=CARTESIAN_POINT('',(7.11848567513751,7.17678161931467,-3.2));
#7969=CARTESIAN_POINT('',(9.23721155883058,8.12009915904052,-3.2));
#7970=CARTESIAN_POINT('',(6.91511735359961,7.63355434813597,-3.7));
#7971=CARTESIAN_POINT('',(7.11848567513751,7.17678161931467,-3.2));
#7972=CARTESIAN_POINT('',(9.8478111626312,8.93927375714361,-3.7));
#7973=CARTESIAN_POINT('',(9.03384323729268,8.57687188786182,-3.7));
#7974=CARTESIAN_POINT('',(9.8478111626312,8.93927375714361,-3.7));
#7975=CARTESIAN_POINT('Origin',(0.,0.,-2.35));
#7976=CARTESIAN_POINT('',(-1.205151607007,-9.7256161555003,-2.1));
#7977=CARTESIAN_POINT('',(6.57943204517243,-7.26299345744977,-2.1));
#7978=CARTESIAN_POINT('Origin',(0.,0.,-2.1));
#7979=CARTESIAN_POINT('',(6.57943204517243,-7.26299345744977,-2.1));
#7980=CARTESIAN_POINT('',(-1.00000000000001,-10.2513413756445,-2.6));
#7981=CARTESIAN_POINT('Origin',(0.,0.,-2.6));
#7982=CARTESIAN_POINT('',(-0.998793157325103,-10.2502464710289,-2.59879315746544));
#7983=CARTESIAN_POINT('',(-0.999999999999937,-10.2513413756444,-2.59999999999993));
#7984=CARTESIAN_POINT('Ctrl Pts',(-0.998793155385603,-10.2502464714589,
-2.59879315710832));
#7985=CARTESIAN_POINT('Ctrl Pts',(-1.03214079121988,-10.1618336728448,-2.51403122691999));
#7986=CARTESIAN_POINT('Ctrl Pts',(-1.06621309717833,-10.0733497488319,-2.42952238757186));
#7987=CARTESIAN_POINT('Ctrl Pts',(-1.13499522682757,-9.89850490908473,-2.26326973938709));
#7988=CARTESIAN_POINT('Ctrl Pts',(-1.16970378797309,-9.8120593565537,-2.18142789761474));
#7989=CARTESIAN_POINT('Ctrl Pts',(-1.205151607007,-9.7256161555003,-2.1));
#7990=CARTESIAN_POINT('Origin',(0.,0.,-3.45));
#7991=CARTESIAN_POINT('',(-2.1,-10.0836501327644,-3.7));
#7992=CARTESIAN_POINT('',(-6.9151173535996,-7.63355434813598,-3.7));
#7993=CARTESIAN_POINT('Origin',(0.,0.,-3.7));
#7994=CARTESIAN_POINT('',(-6.57943204517243,-7.26299345744977,-3.2));
#7995=CARTESIAN_POINT('',(-6.9151173535996,-7.63355434813598,-3.7));
#7996=CARTESIAN_POINT('',(-2.29871815926658,-9.52658886871428,-3.20000009442114));
#7997=CARTESIAN_POINT('Origin',(0.,0.,-3.2));
#7998=CARTESIAN_POINT('',(-2.0946719467434,-10.0793164414751,-3.69467194675797));
#7999=CARTESIAN_POINT('Ctrl Pts',(-2.29871829350319,-9.52658891071967,-3.20000010544557));
#8000=CARTESIAN_POINT('Ctrl Pts',(-2.26319797578014,-9.61876973312027,-3.28127741031634));
#8001=CARTESIAN_POINT('Ctrl Pts',(-2.22848464392202,-9.71085126884978,-3.36312945876822));
#8002=CARTESIAN_POINT('Ctrl Pts',(-2.19456793478081,-9.80275333806769,-3.44540200426868));
#8003=CARTESIAN_POINT('Ctrl Pts',(-2.16050571718805,-9.89504968279538,-3.52802751298416));
#8004=CARTESIAN_POINT('Ctrl Pts',(-2.12721062716409,-9.987263394564,-3.61116526171569));
#8005=CARTESIAN_POINT('Ctrl Pts',(-2.09467194752698,-10.0793164415336,-3.69467194699886));
#8006=CARTESIAN_POINT('',(-2.0946719467434,-10.0793164414751,-3.69467194675797));
#8007=CARTESIAN_POINT('Ctrl Pts',(-2.09467194742112,-10.0793164413431,-3.69467194742112));
#8008=CARTESIAN_POINT('Ctrl Pts',(-1.69253718576934,-10.1649888722812,-3.29253718576934));
#8009=CARTESIAN_POINT('Ctrl Pts',(-1.28534269639972,-10.2259343232507,-2.88534269639972));
#8010=CARTESIAN_POINT('Ctrl Pts',(-0.876030497903057,-10.2617475397754,
-2.47603049790305));
#8011=CARTESIAN_POINT('Ctrl Pts',(-2.19065260024212,-9.88819544391174,-3.55797409724568));
#8012=CARTESIAN_POINT('Ctrl Pts',(-1.79353992708088,-9.97764924693916,-3.15978996075873));
#8013=CARTESIAN_POINT('Ctrl Pts',(-1.39092189815578,-10.0427664354152,-2.75637588356874));
#8014=CARTESIAN_POINT('Ctrl Pts',(-0.985737532536418,-10.0830370785653,
-2.3506869968608));
#8015=CARTESIAN_POINT('Ctrl Pts',(-2.28663325306312,-9.6970744464804,-3.42127624707024));
#8016=CARTESIAN_POINT('Ctrl Pts',(-1.89454266839242,-9.79030962159715,-3.02704273574812));
#8017=CARTESIAN_POINT('Ctrl Pts',(-1.49650109991183,-9.85959854757979,-2.62740907073775));
#8018=CARTESIAN_POINT('Ctrl Pts',(-1.09544456716978,-9.90432661735522,-2.22534349581855));
#8019=CARTESIAN_POINT('Ctrl Pts',(-2.38261390588412,-9.50595344904906,-3.2845783968948));
#8020=CARTESIAN_POINT('Ctrl Pts',(-1.99554540970396,-9.60296999625514,-2.89429551073751));
#8021=CARTESIAN_POINT('Ctrl Pts',(-1.60208030166788,-9.67643065974434,-2.49844225790677));
#8022=CARTESIAN_POINT('Ctrl Pts',(-1.20515160180314,-9.72561615614514,-2.0999999947763));
#8023=CARTESIAN_POINT('Ctrl Pts',(-2.09467194742112,-10.0793164413431,-3.69467194742112));
#8024=CARTESIAN_POINT('Ctrl Pts',(-1.91327845200647,-10.117961251965,-3.51327845200647));
#8025=CARTESIAN_POINT('Ctrl Pts',(-1.73127257117088,-10.1514860371082,-3.33127257116457));
#8026=CARTESIAN_POINT('Ctrl Pts',(-1.36592758091003,-10.2084651260624,-2.96592758090372));
#8027=CARTESIAN_POINT('Ctrl Pts',(-1.18245507362386,-10.2319022209789,-2.78245507362386));
#8028=CARTESIAN_POINT('Ctrl Pts',(-0.998793157402885,-10.2502464700165,
-2.59879315740289));
#8029=CARTESIAN_POINT('Ctrl Pts',(-2.29871805386278,-9.52658886007187,-3.20000019692329));
#8030=CARTESIAN_POINT('Ctrl Pts',(-2.11807935615537,-9.57017607074563,-3.01792297725269));
#8031=CARTESIAN_POINT('Ctrl Pts',(-1.93668314258535,-9.60850934473448,-2.83527642699295));
#8032=CARTESIAN_POINT('Ctrl Pts',(-1.57208611996318,-9.67486532971451,-2.46853136908162));
#8033=CARTESIAN_POINT('Ctrl Pts',(-1.38880945043622,-9.70285815830925,-2.28435816509119));
#8034=CARTESIAN_POINT('Ctrl Pts',(-1.205151607007,-9.7256161555003,-2.1));
#8035=CARTESIAN_POINT('Origin',(-2.5615620117831,5.42156755725451,-2.35));
#8036=CARTESIAN_POINT('',(-11.7143784963526,9.22300493792324,-2.1));
#8037=CARTESIAN_POINT('',(-11.5110101748147,9.67977766674454,-2.6));
#8038=CARTESIAN_POINT('',(-11.7143784963526,9.22300493792324,-2.1));
#8039=CARTESIAN_POINT('',(-6.9151173535996,7.63355434813597,-2.6));
#8040=CARTESIAN_POINT('',(-2.45987785101414,5.64995392166516,-2.6));
#8041=CARTESIAN_POINT('',(-7.1184856751375,7.17678161931467,-2.1));
#8042=CARTESIAN_POINT('',(-6.9151173535996,7.63355434813597,-2.6));
#8043=CARTESIAN_POINT('',(-2.66324617255205,5.19318119284386,-2.1));
#8044=CARTESIAN_POINT('Origin',(-11.8160626571216,8.99461857351259,-2.35));
#8045=CARTESIAN_POINT('',(-12.0149862708778,9.14604312862223,-2.1));
#8046=CARTESIAN_POINT('Origin',(-11.8160626571216,8.99461857351259,-2.1));
#8047=CARTESIAN_POINT('',(-12.4128334983903,9.44889223884151,-2.6));
#8048=CARTESIAN_POINT('',(-12.0149862708778,9.14604312862223,-2.1));
#8049=CARTESIAN_POINT('Origin',(-11.8160626571216,8.99461857351259,-2.6));
#8050=CARTESIAN_POINT('Origin',(0.,0.,-2.35));
#8051=CARTESIAN_POINT('',(-12.0149862708778,-9.14604312862223,-2.1));
#8052=CARTESIAN_POINT('',(-12.4128334983903,-9.44889223884151,-2.6));
#8053=CARTESIAN_POINT('',(-12.0149862708778,-9.14604312862223,-2.1));
#8054=CARTESIAN_POINT('Origin',(0.,0.,-2.6));
#8055=CARTESIAN_POINT('Origin',(0.,0.,-2.1));
#8056=CARTESIAN_POINT('Origin',(-11.8160626571216,-8.99461857351259,-2.35));
#8057=CARTESIAN_POINT('',(-11.7143784963526,-9.22300493792324,-2.1));
#8058=CARTESIAN_POINT('Origin',(-11.8160626571216,-8.99461857351259,-2.1));
#8059=CARTESIAN_POINT('',(-11.5110101748147,-9.67977766674454,-2.6));
#8060=CARTESIAN_POINT('',(-11.7143784963526,-9.22300493792324,-2.1));
#8061=CARTESIAN_POINT('Origin',(-11.8160626571216,-8.99461857351259,-2.6));
#8062=CARTESIAN_POINT('Origin',(-5.10075009857867,-6.55208693088964,-2.35));
#8063=CARTESIAN_POINT('',(-11.2827050069406,-9.57812965700282,-2.6));
#8064=CARTESIAN_POINT('',(-4.99906593780972,-6.78047329530029,-2.6));
#8065=CARTESIAN_POINT('',(-11.465492270373,-9.11219365073894,-2.1));
#8066=CARTESIAN_POINT('',(-5.20243425934763,-6.32370056647899,-2.1));
#8067=CARTESIAN_POINT('',(-11.2948590692668,-9.57679461487167,-2.59383688744975));
#8068=CARTESIAN_POINT('Origin',(127.492966632529,46.9929525701942,-7.36489562234934));
#8069=CARTESIAN_POINT('',(-11.2948590597189,-9.57679462029316,-2.59383688465132));
#8070=CARTESIAN_POINT('Ctrl Pts',(-11.4882748565463,-9.66308894605829,-2.44464072627906));
#8071=CARTESIAN_POINT('Ctrl Pts',(-11.4485754731143,-9.64537901333691,-2.47528011798592));
#8072=CARTESIAN_POINT('Ctrl Pts',(-11.4088722362402,-9.62766579061675,-2.50591267202908));
#8073=CARTESIAN_POINT('Ctrl Pts',(-10.868752324975,-9.38667406041787,-2.92249904362539));
#8074=CARTESIAN_POINT('Ctrl Pts',(-10.3957739758658,-9.17556509268777,-3.28562154124165));
#8075=CARTESIAN_POINT('Ctrl Pts',(-9.9183408942004,-8.96237662149334,-3.65029324546958));
#8076=CARTESIAN_POINT('Ctrl Pts',(-9.89079884890551,-8.95007705403116,-3.67132379826735));
#8077=CARTESIAN_POINT('Ctrl Pts',(-9.86325423997861,-8.9377750966587,-3.69234965030222));
#8078=CARTESIAN_POINT('Ctrl Pts',(-11.4806806611552,-9.47945718095184,-2.32976048418604));
#8079=CARTESIAN_POINT('Ctrl Pts',(-11.441012684927,-9.46177277445931,-2.36045486810732));
#8080=CARTESIAN_POINT('Ctrl Pts',(-11.4013421397291,-9.44408617459955,-2.39114469355559));
#8081=CARTESIAN_POINT('Ctrl Pts',(-10.861800144158,-9.20352338300646,-2.808452155979));
#8082=CARTESIAN_POINT('Ctrl Pts',(-10.3893930956725,-8.99284392176945,-3.17226400230231));
#8083=CARTESIAN_POINT('Ctrl Pts',(-9.91259088498669,-8.7801435044845,-3.53770702283737));
#8084=CARTESIAN_POINT('Ctrl Pts',(-9.88507793797634,-8.76786924536167,-3.55878988230903));
#8085=CARTESIAN_POINT('Ctrl Pts',(-9.85756328187573,-8.75559339294988,-3.57986960792693));
#8086=CARTESIAN_POINT('Ctrl Pts',(-11.4730864657641,-9.29582541584539,-2.21488024209302));
#8087=CARTESIAN_POINT('Ctrl Pts',(-11.4334498967149,-9.27816653547669,-2.24562961813659));
#8088=CARTESIAN_POINT('Ctrl Pts',(-11.3938120431932,-9.26050655847641,-2.27637671498946));
#8089=CARTESIAN_POINT('Ctrl Pts',(-10.8548479322708,-9.02037264198084,-2.69440524795048));
#8090=CARTESIAN_POINT('Ctrl Pts',(-10.3830121837466,-8.81012268491637,-3.05890644290503));
#8091=CARTESIAN_POINT('Ctrl Pts',(-9.90684087576618,-8.59791038742992,-3.42512080016997));
#8092=CARTESIAN_POINT('Ctrl Pts',(-9.87935702704039,-8.58566143664614,-3.44625596631537));
#8093=CARTESIAN_POINT('Ctrl Pts',(-9.85187232377285,-8.57341168924105,-3.46738956555164));
#8094=CARTESIAN_POINT('Ctrl Pts',(-11.465492270373,-9.11219365073894,-2.1));
#8095=CARTESIAN_POINT('Ctrl Pts',(-11.4258871085276,-9.09456029659908,-2.13080436825798));
#8096=CARTESIAN_POINT('Ctrl Pts',(-11.3862819466822,-9.07692694245922,-2.16160873651597));
#8097=CARTESIAN_POINT('Ctrl Pts',(-10.8478957514538,-8.83722196456943,-2.58035836030408));
#8098=CARTESIAN_POINT('Ctrl Pts',(-10.3766313035534,-8.62740151399804,-2.94554890396569));
#8099=CARTESIAN_POINT('Ctrl Pts',(-9.90109086655246,-8.41567727042108,-3.31253457753775));
#8100=CARTESIAN_POINT('Ctrl Pts',(-9.87363611611121,-8.40345362797665,-3.33372205035705));
#8101=CARTESIAN_POINT('Ctrl Pts',(-9.84618136566997,-8.39122998553222,-3.35490952317635));
#8102=CARTESIAN_POINT('',(-10.0468682782395,-8.4805815639911,-3.20000002565801));
#8103=CARTESIAN_POINT('Ctrl Pts',(-11.465492270373,-9.11219365073894,-2.1));
#8104=CARTESIAN_POINT('Ctrl Pts',(-11.4258871085276,-9.09456029659908,-2.13080436825798));
#8105=CARTESIAN_POINT('Ctrl Pts',(-11.3862819466822,-9.07692694245922,-2.16160873651597));
#8106=CARTESIAN_POINT('Ctrl Pts',(-10.8916042403952,-8.8566822376376,-2.54636247879237));
#8107=CARTESIAN_POINT('Ctrl Pts',(-10.4594349739947,-8.66426808332734,-2.88137198916503));
#8108=CARTESIAN_POINT('Ctrl Pts',(-10.0468682943391,-8.48058156294219,-3.20000005444694));
#8109=CARTESIAN_POINT('',(-9.86325424431672,-8.93777510119928,-3.69234964551625));
#8110=CARTESIAN_POINT('Origin',(93.2550773251927,34.9736581694432,-5.51926326186676));
#8111=CARTESIAN_POINT('Ctrl Pts',(-9.86325423997861,-8.9377750966587,-3.69234965030222));
#8112=CARTESIAN_POINT('Ctrl Pts',(-10.0954426627637,-9.0414749562959,-3.51511135896741));
#8113=CARTESIAN_POINT('Ctrl Pts',(-10.3275742469878,-9.14509707849566,-3.33742744414629));
#8114=CARTESIAN_POINT('Ctrl Pts',(-10.8050849323071,-9.35823981393669,-2.9710200915413));
#8115=CARTESIAN_POINT('Ctrl Pts',(-11.0503274051985,-9.46768515102224,-2.78235850336964));
#8116=CARTESIAN_POINT('Ctrl Pts',(-11.2948590749917,-9.57679459670625,-2.59383688729488));
#8117=CARTESIAN_POINT('Origin',(-9.13552739806163,-8.34848552345117,-3.45));
#8118=CARTESIAN_POINT('',(-7.1184856751375,-7.17678161931468,-3.2));
#8119=CARTESIAN_POINT('',(-9.23721155883058,-8.12009915904053,-3.2));
#8120=CARTESIAN_POINT('',(-7.1184856751375,-7.17678161931468,-3.2));
#8121=CARTESIAN_POINT('',(-9.8478111626312,-8.93927375714361,-3.7));
#8122=CARTESIAN_POINT('',(-9.03384323729268,-8.57687188786182,-3.7));
#8123=CARTESIAN_POINT('',(-9.8478111626312,-8.93927375714361,-3.7));
#8124=CARTESIAN_POINT('Origin',(-6.9151173535996,-7.63355434813598,-3.2));
#8125=CARTESIAN_POINT('Origin',(-6.9151173535996,-7.63355434813598,-3.2));
#8126=CARTESIAN_POINT('Origin',(0.,0.,-3.45));
#8127=CARTESIAN_POINT('',(2.1,10.0836501327644,-3.7));
#8128=CARTESIAN_POINT('Origin',(0.,0.,-3.7));
#8129=CARTESIAN_POINT('',(6.57943204517244,7.26299345744976,-3.2));
#8130=CARTESIAN_POINT('',(6.91511735359961,7.63355434813597,-3.7));
#8131=CARTESIAN_POINT('',(2.29871815926658,9.52658886871428,-3.20000009442115));
#8132=CARTESIAN_POINT('Origin',(0.,0.,-3.2));
#8133=CARTESIAN_POINT('',(2.0946719467434,10.0793164414751,-3.69467194675796));
#8134=CARTESIAN_POINT('Ctrl Pts',(2.2987182935032,9.52658891071967,-3.20000010544557));
#8135=CARTESIAN_POINT('Ctrl Pts',(2.26319797578033,9.61876973311977,-3.28127741031589));
#8136=CARTESIAN_POINT('Ctrl Pts',(2.22848464392239,9.71085126884872,-3.36312945876727));
#8137=CARTESIAN_POINT('Ctrl Pts',(2.19456793478079,9.80275333806769,-3.44540200426867));
#8138=CARTESIAN_POINT('Ctrl Pts',(2.1605057171878,9.895049682796,-3.52802751298471));
#8139=CARTESIAN_POINT('Ctrl Pts',(2.12721062716361,9.98726339456532,-3.61116526171689));
#8140=CARTESIAN_POINT('Ctrl Pts',(2.09467194752699,10.0793164415336,-3.69467194699885));
#8141=CARTESIAN_POINT('',(2.0946719467434,10.0793164414751,-3.69467194675796));
#8142=CARTESIAN_POINT('Origin',(0.,0.,-2.35));
#8143=CARTESIAN_POINT('',(1.20515160700699,9.7256161555003,-2.1));
#8144=CARTESIAN_POINT('',(-6.57943204517244,7.26299345744976,-2.1));
#8145=CARTESIAN_POINT('Origin',(0.,0.,-2.1));
#8146=CARTESIAN_POINT('',(-6.57943204517244,7.26299345744976,-2.1));
#8147=CARTESIAN_POINT('',(1.,10.2513413756445,-2.6));
#8148=CARTESIAN_POINT('Origin',(0.,0.,-2.6));
#8149=CARTESIAN_POINT('',(0.998793157325115,10.2502464710289,-2.59879315746545));
#8150=CARTESIAN_POINT('',(0.999999999999926,10.2513413756444,-2.59999999999992));
#8151=CARTESIAN_POINT('Ctrl Pts',(0.998793155385601,10.2502464714589,-2.59879315710831));
#8152=CARTESIAN_POINT('Ctrl Pts',(1.03214079122016,10.161833672844,-2.51403122691925));
#8153=CARTESIAN_POINT('Ctrl Pts',(1.0662130971785,10.0733497488315,-2.42952238757146));
#8154=CARTESIAN_POINT('Ctrl Pts',(1.13499522682808,9.89850490908341,-2.26326973938584));
#8155=CARTESIAN_POINT('Ctrl Pts',(1.16970378797333,9.81205935655308,-2.18142789761416));
#8156=CARTESIAN_POINT('Ctrl Pts',(1.20515160700698,9.7256161555003,-2.09999999999999));
#8157=CARTESIAN_POINT('Ctrl Pts',(2.09467194742112,10.0793164413431,-3.69467194742112));
#8158=CARTESIAN_POINT('Ctrl Pts',(1.69253718576935,10.1649888722812,-3.29253718576934));
#8159=CARTESIAN_POINT('Ctrl Pts',(1.28534269639972,10.2259343232507,-2.88534269639972));
#8160=CARTESIAN_POINT('Ctrl Pts',(0.876030497903059,10.2617475397754,-2.47603049790306));
#8161=CARTESIAN_POINT('Ctrl Pts',(2.19065260024212,9.88819544391174,-3.55797409724568));
#8162=CARTESIAN_POINT('Ctrl Pts',(1.79353992708088,9.97764924693916,-3.15978996075873));
#8163=CARTESIAN_POINT('Ctrl Pts',(1.39092189815578,10.0427664354152,-2.75637588356874));
#8164=CARTESIAN_POINT('Ctrl Pts',(0.985737532536419,10.0830370785653,-2.35068699686081));
#8165=CARTESIAN_POINT('Ctrl Pts',(2.28663325306312,9.69707444648039,-3.42127624707024));
#8166=CARTESIAN_POINT('Ctrl Pts',(1.89454266839242,9.79030962159715,-3.02704273574812));
#8167=CARTESIAN_POINT('Ctrl Pts',(1.49650109991183,9.85959854757979,-2.62740907073776));
#8168=CARTESIAN_POINT('Ctrl Pts',(1.09544456716978,9.90432661735522,-2.22534349581856));
#8169=CARTESIAN_POINT('Ctrl Pts',(2.38261390588412,9.50595344904905,-3.2845783968948));
#8170=CARTESIAN_POINT('Ctrl Pts',(1.99554540970396,9.60296999625513,-2.89429551073751));
#8171=CARTESIAN_POINT('Ctrl Pts',(1.60208030166788,9.67643065974434,-2.49844225790677));
#8172=CARTESIAN_POINT('Ctrl Pts',(1.20515160180314,9.72561615614513,-2.09999999477631));
#8173=CARTESIAN_POINT('Ctrl Pts',(2.29871805386277,9.52658886007187,-3.2000001969233));
#8174=CARTESIAN_POINT('Ctrl Pts',(2.11807935615528,9.57017607074565,-3.01792297725261));
#8175=CARTESIAN_POINT('Ctrl Pts',(1.93668314258518,9.60850934473451,-2.83527642699279));
#8176=CARTESIAN_POINT('Ctrl Pts',(1.57208611996316,9.67486532971451,-2.4685313690816));
#8177=CARTESIAN_POINT('Ctrl Pts',(1.38880945043623,9.70285815830924,-2.28435816509122));
#8178=CARTESIAN_POINT('Ctrl Pts',(1.20515160700698,9.7256161555003,-2.10000000000001));
#8179=CARTESIAN_POINT('Ctrl Pts',(0.998793157402938,10.2502464700164,-2.59879315740294));
#8180=CARTESIAN_POINT('Ctrl Pts',(1.18245507447299,10.231902220894,-2.78245507447299));
#8181=CARTESIAN_POINT('Ctrl Pts',(1.36592758173629,10.2084651259335,-2.96592758172997));
#8182=CARTESIAN_POINT('Ctrl Pts',(1.7312725711709,10.1514860371082,-3.33127257116458));
#8183=CARTESIAN_POINT('Ctrl Pts',(1.91327845200648,10.117961251965,-3.51327845200648));
#8184=CARTESIAN_POINT('Ctrl Pts',(2.09467194742112,10.0793164413431,-3.69467194742112));
#8185=CARTESIAN_POINT('Origin',(-6.9151173535996,7.63355434813597,-2.1));
#8186=CARTESIAN_POINT('Origin',(-6.9151173535996,7.63355434813597,-2.1));
#8187=CARTESIAN_POINT('Origin',(6.91511735359959,-7.63355434813598,-2.1));
#8188=CARTESIAN_POINT('Origin',(6.91511735359959,-7.63355434813598,-2.1));
#8189=CARTESIAN_POINT('Origin',(6.9151173535996,7.63355434813597,-3.2));
#8190=CARTESIAN_POINT('Origin',(6.9151173535996,7.63355434813597,-3.2));
#8191=CARTESIAN_POINT('Origin',(0.,-2.22044604925031E-15,-2.6));
#8192=CARTESIAN_POINT('',(10.9366949958001,9.97139421389214,-2.6));
#8193=CARTESIAN_POINT('Origin',(0.,0.,-2.6));
#8194=CARTESIAN_POINT('',(12.1824616279514,10.5260452537261,-2.6));
#8195=CARTESIAN_POINT('',(2.69595939553812,6.3023823366122,-2.6));
#8196=CARTESIAN_POINT('',(12.1824616279514,-10.5260452537262,-2.6));
#8197=CARTESIAN_POINT('Origin',(0.,0.,-2.6));
#8198=CARTESIAN_POINT('',(7.42613538552035,-8.40839237391005,-2.6));
#8199=CARTESIAN_POINT('',(5.31087186978987,-7.46661637972024,-2.6));
#8200=CARTESIAN_POINT('',(6.65867492248535,-8.50306111213277,-2.6));
#8201=CARTESIAN_POINT('Origin',(7.1210829032135,-9.09355146714199,-2.6));
#8202=CARTESIAN_POINT('',(-1.00000000000001,-10.7536040470161,-2.6));
#8203=CARTESIAN_POINT('Origin',(0.,0.,-2.6));
#8204=CARTESIAN_POINT('',(-1.,-4.87442304278158,-2.6));
#8205=CARTESIAN_POINT('Origin',(0.,0.,-3.15));
#8206=CARTESIAN_POINT('',(9.48382917441559,9.32453667430741,-3.7));
#8207=CARTESIAN_POINT('Origin',(0.,0.,-3.7));
#8208=CARTESIAN_POINT('',(9.49077983629991,9.34071786026647,-3.68804484220275));
#8209=CARTESIAN_POINT('',(9.49077983545049,9.34071785921312,-3.68804484053951));
#8210=CARTESIAN_POINT('',(10.823016168224,9.9315255292254,-2.68124630225559));
#8211=CARTESIAN_POINT('Ctrl Pts',(10.823016168224,9.9315255292254,-2.68124630225559));
#8212=CARTESIAN_POINT('Ctrl Pts',(10.3567674335873,9.72464850082983,-3.03574253950298));
#8213=CARTESIAN_POINT('Ctrl Pts',(9.91389314244664,9.52824422607106,-3.37043753514322));
#8214=CARTESIAN_POINT('Ctrl Pts',(9.49077983791979,9.34071785999024,-3.68804484428793));
#8215=CARTESIAN_POINT('',(10.9425054949346,9.98453688620011,-2.59035690524071));
#8216=CARTESIAN_POINT('Ctrl Pts',(10.823016168224,9.9315255292254,-2.68124630225559));
#8217=CARTESIAN_POINT('Ctrl Pts',(10.8429337803127,9.94036307900418,-2.66610262889871));
#8218=CARTESIAN_POINT('Ctrl Pts',(10.8628503654355,9.94919960461352,-2.65095639572621));
#8219=CARTESIAN_POINT('Ctrl Pts',(10.9026792250069,9.9668696374521,-2.62066060271544));
#8220=CARTESIAN_POINT('Ctrl Pts',(10.9225927465743,9.97570369797922,-2.60551009434138));
#8221=CARTESIAN_POINT('Ctrl Pts',(10.9425055022229,9.98453688216431,-2.59035690194242));
#8222=CARTESIAN_POINT('',(10.9366949958001,9.97139421389213,-2.60000000000001));
#8223=CARTESIAN_POINT('Origin',(5.59586998388022,9.14878379764658,-3.7));
#8224=CARTESIAN_POINT('',(2.1,10.5938661498057,-3.7));
#8225=CARTESIAN_POINT('',(2.1,9.44881494160487,-3.7));
#8226=CARTESIAN_POINT('',(3.37354245912661,10.2595911846657,-3.7));
#8227=CARTESIAN_POINT('Origin',(0.,0.,-3.7));
#8228=CARTESIAN_POINT('',(3.77305364958666,10.7048536826855,-3.7));
#8229=CARTESIAN_POINT('',(3.70035095345105,10.6238252037164,-3.7));
#8230=CARTESIAN_POINT('',(5.92460642701107,10.7048536826855,-3.7));
#8231=CARTESIAN_POINT('',(4.57289313080787,10.7048536826855,-3.7));
#8232=CARTESIAN_POINT('',(6.1756490722234,10.6372627370365,-3.7));
#8233=CARTESIAN_POINT('Origin',(5.92460642701107,10.2048536826855,-3.7));
#8234=CARTESIAN_POINT('',(8.03854124107697,9.30977200126323,-3.7));
#8235=CARTESIAN_POINT('Origin',(0.,0.,-3.7));
#8236=CARTESIAN_POINT('',(9.09881782245171,9.15311857624366,-3.7));
#8237=CARTESIAN_POINT('Origin',(8.69208117937591,10.0666640338863,-3.7));
#8238=CARTESIAN_POINT('',(6.73073669502108,8.09878092917375,-3.7));
#8239=CARTESIAN_POINT('Origin',(1.55,9.44881494160487,-3.15));
#8240=CARTESIAN_POINT('',(1.,10.753604047016,-2.6));
#8241=CARTESIAN_POINT('',(1.,4.87442304278158,-2.6));
#8242=CARTESIAN_POINT('',(0.998954736926332,10.7547509489761,-2.59895469807689));
#8243=CARTESIAN_POINT('',(0.998953739646329,10.7547520540618,-2.59895373964633));
#8244=CARTESIAN_POINT('',(2.09538079130601,10.5994894021279,-3.69538079130601));
#8245=CARTESIAN_POINT('Ctrl Pts',(0.998954689656968,10.7547508518297,-2.59895468965697));
#8246=CARTESIAN_POINT('Ctrl Pts',(1.1825328703219,10.7380836205156,-2.7825328703219));
#8247=CARTESIAN_POINT('Ctrl Pts',(1.36596326968756,10.716795849565,-2.96596326968756));
#8248=CARTESIAN_POINT('Ctrl Pts',(1.73147562728314,10.6650425869187,-3.33147562728314));
#8249=CARTESIAN_POINT('Ctrl Pts',(1.9136845841888,10.6345881481197,-3.5136845841888));
#8250=CARTESIAN_POINT('Ctrl Pts',(2.09538079130601,10.5994894021279,-3.69538079130601));
#8251=CARTESIAN_POINT('',(2.10000000000001,10.5938661498057,-3.7));
#8252=CARTESIAN_POINT('Origin',(0.,0.,0.));
#8253=CARTESIAN_POINT('',(-6.57943204517243,-7.26299345744977,0.));
#8254=CARTESIAN_POINT('',(6.57943204517243,-7.26299345744977,0.));
#8255=CARTESIAN_POINT('Origin',(-6.9151173535996,-7.63355434813598,0.));
#8256=CARTESIAN_POINT('',(-7.1184856751375,-7.17678161931468,0.));
#8257=CARTESIAN_POINT('Origin',(-11.8939180611948,-9.30294110233879,0.));
#8258=CARTESIAN_POINT('',(-11.7143784963526,-9.22300493792324,0.));
#8259=CARTESIAN_POINT('Origin',(-11.8160626571216,-8.99461857351259,0.));
#8260=CARTESIAN_POINT('',(-12.0149862708778,-9.14604312862223,0.));
#8261=CARTESIAN_POINT('Origin',(0.,0.,0.));
#8262=CARTESIAN_POINT('',(-12.0149862708778,9.14604312862223,0.));
#8263=CARTESIAN_POINT('Origin',(-11.8160626571216,8.99461857351259,0.));
#8264=CARTESIAN_POINT('',(-11.7143784963526,9.22300493792324,0.));
#8265=CARTESIAN_POINT('Origin',(-6.81554188760363,7.04190235506857,0.));
#8266=CARTESIAN_POINT('',(-7.1184856751375,7.17678161931467,0.));
#8267=CARTESIAN_POINT('Origin',(-6.9151173535996,7.63355434813597,0.));
#8268=CARTESIAN_POINT('',(-6.57943204517244,7.26299345744976,0.));
#8269=CARTESIAN_POINT('Ctrl Pts',(-10.823016168224,-9.93152552922541,-2.6812463022556));
#8270=CARTESIAN_POINT('Ctrl Pts',(-10.8628510225782,-9.94920046469046,-2.65095923672422));
#8271=CARTESIAN_POINT('Ctrl Pts',(-10.9026807690984,-9.96687085898703,-2.62066269456718));
#8272=CARTESIAN_POINT('Ctrl Pts',(-10.9425055022229,-9.9845368821643,-2.59035690194244));
#8273=CARTESIAN_POINT('Ctrl Pts',(-10.6533117792464,-10.0348261835534,-2.51681114742617));
#8274=CARTESIAN_POINT('Ctrl Pts',(-10.6931866616664,-10.0525391687844,-2.48659980368391));
#8275=CARTESIAN_POINT('Ctrl Pts',(-10.7330581388638,-10.0702491265697,-2.45638214219121));
#8276=CARTESIAN_POINT('Ctrl Pts',(-10.7729262737972,-10.0879561702755,-2.42615831372003));
#8277=CARTESIAN_POINT('Ctrl Pts',(-10.4836073902688,-10.1381268378813,-2.35237599259674));
#8278=CARTESIAN_POINT('Ctrl Pts',(-10.5235223007546,-10.1558778728783,-2.32224037064359));
#8279=CARTESIAN_POINT('Ctrl Pts',(-10.5634355086291,-10.1736273941524,-2.29210158981522));
#8280=CARTESIAN_POINT('Ctrl Pts',(-10.6033470453716,-10.1913754583868,-2.26195972549762));
#8281=CARTESIAN_POINT('Ctrl Pts',(-10.3139030012912,-10.2414274922093,-2.18794083776731));
#8282=CARTESIAN_POINT('Ctrl Pts',(-10.3538579398428,-10.2592165769722,-2.15788093760328));
#8283=CARTESIAN_POINT('Ctrl Pts',(-10.3938128783944,-10.2770056617351,-2.12782103743924));
#8284=CARTESIAN_POINT('Ctrl Pts',(-10.433767816946,-10.294794746498,-2.09776113727521));
#8285=CARTESIAN_POINT('',(-10.3139030012912,-10.2414274922093,-2.18794083776731));
#8286=CARTESIAN_POINT('',(-10.823016168224,-9.9315255292254,-2.6812463022556));
#8287=CARTESIAN_POINT('',(-10.3139030012912,-10.2414274922093,-2.18794083776731));
#8288=CARTESIAN_POINT('',(-10.4307919713143,-10.2934698146597,-2.1));
#8289=CARTESIAN_POINT('',(-10.3139030012912,-10.2414274922093,-2.18794083776731));
#8290=CARTESIAN_POINT('',(-10.9425054949346,-9.9845368862001,-2.59035690524072));
#8291=CARTESIAN_POINT('Ctrl Pts',(-10.9425055022229,-9.9845368821643,-2.59035690194244));
#8292=CARTESIAN_POINT('Ctrl Pts',(-10.8565041674787,-10.0364655959345,-2.50793776716259));
#8293=CARTESIAN_POINT('Ctrl Pts',(-10.7715847689568,-10.0877371441481,-2.42655906513224));
#8294=CARTESIAN_POINT('Ctrl Pts',(-10.6013727086678,-10.190498025756,-2.2634508465031));
#8295=CARTESIAN_POINT('Ctrl Pts',(-10.5160830237669,-10.2419854704722,-2.18172428513135));
#8296=CARTESIAN_POINT('Ctrl Pts',(-10.4307919713143,-10.2934698146597,-2.09999999999999));
#8297=CARTESIAN_POINT('Ctrl Pts',(-10.9425055022229,-9.98453688216431,-2.59035690194242));
#8298=CARTESIAN_POINT('Ctrl Pts',(-10.9225927466525,-9.97570369801389,-2.6055100942819));
#8299=CARTESIAN_POINT('Ctrl Pts',(-10.902679225118,-9.96686963750136,-2.62066060263096));
#8300=CARTESIAN_POINT('Ctrl Pts',(-10.8628503655883,-9.94919960468128,-2.65095639561005));
#8301=CARTESIAN_POINT('Ctrl Pts',(-10.8429337803887,-9.94036307903791,-2.66610262884094));
#8302=CARTESIAN_POINT('Ctrl Pts',(-10.823016168224,-9.93152552922541,-2.6812463022556));
#8303=CARTESIAN_POINT('Ctrl Pts',(10.823016168224,9.9315255292254,-2.68124630225559));
#8304=CARTESIAN_POINT('Ctrl Pts',(10.8628510225782,9.94920046469046,-2.65095923672422));
#8305=CARTESIAN_POINT('Ctrl Pts',(10.9026807690984,9.96687085898704,-2.62066269456718));
#8306=CARTESIAN_POINT('Ctrl Pts',(10.9425055022229,9.9845368821643,-2.59035690194244));
#8307=CARTESIAN_POINT('Ctrl Pts',(10.6533117792464,10.0348261835534,-2.51681114742617));
#8308=CARTESIAN_POINT('Ctrl Pts',(10.6931866616664,10.0525391687844,-2.48659980368391));
#8309=CARTESIAN_POINT('Ctrl Pts',(10.7330581388638,10.0702491265697,-2.4563821421912));
#8310=CARTESIAN_POINT('Ctrl Pts',(10.7729262737972,10.0879561702755,-2.42615831372003));
#8311=CARTESIAN_POINT('Ctrl Pts',(10.4836073902688,10.1381268378813,-2.35237599259674));
#8312=CARTESIAN_POINT('Ctrl Pts',(10.5235223007546,10.1558778728783,-2.32224037064359));
#8313=CARTESIAN_POINT('Ctrl Pts',(10.5634355086291,10.1736273941524,-2.29210158981522));
#8314=CARTESIAN_POINT('Ctrl Pts',(10.6033470453716,10.1913754583868,-2.26195972549762));
#8315=CARTESIAN_POINT('Ctrl Pts',(10.3139030012912,10.2414274922093,-2.18794083776731));
#8316=CARTESIAN_POINT('Ctrl Pts',(10.3538579398428,10.2592165769722,-2.15788093760328));
#8317=CARTESIAN_POINT('Ctrl Pts',(10.3938128783944,10.2770056617351,-2.12782103743925));
#8318=CARTESIAN_POINT('Ctrl Pts',(10.433767816946,10.294794746498,-2.09776113727521));
#8319=CARTESIAN_POINT('',(10.3139030012912,10.2414274922093,-2.18794083776731));
#8320=CARTESIAN_POINT('',(10.3139030012912,10.2414274922093,-2.18794083776731));
#8321=CARTESIAN_POINT('',(10.4307919713142,10.2934698146597,-2.1));
#8322=CARTESIAN_POINT('',(10.3139030012912,10.2414274922093,-2.18794083776731));
#8323=CARTESIAN_POINT('Ctrl Pts',(10.9425055022229,9.9845368821643,-2.59035690194244));
#8324=CARTESIAN_POINT('Ctrl Pts',(10.8565041670094,10.0364655962179,-2.50793776671282));
#8325=CARTESIAN_POINT('Ctrl Pts',(10.7715847678243,10.0877371448319,-2.42655906404693));
#8326=CARTESIAN_POINT('Ctrl Pts',(10.6013727072459,10.1904980266144,-2.26345084514052));
#8327=CARTESIAN_POINT('Ctrl Pts',(10.5160830230555,10.2419854709017,-2.18172428444966));
#8328=CARTESIAN_POINT('Ctrl Pts',(10.4307919713143,10.2934698146597,-2.1));
#8329=CARTESIAN_POINT('Origin',(0.,0.,-2.35));
#8330=CARTESIAN_POINT('',(12.5607989455897,-10.8529410690593,-2.1));
#8331=CARTESIAN_POINT('',(12.5607989455897,-10.8529410690593,-2.1));
#8332=CARTESIAN_POINT('',(12.5607989455897,10.8529410690593,-2.1));
#8333=CARTESIAN_POINT('',(12.1824616279514,10.5260452537261,-2.6));
#8334=CARTESIAN_POINT('Origin',(0.,0.,-2.1));
#8335=CARTESIAN_POINT('Origin',(2.59427523476917,6.53076870102285,-2.35));
#8336=CARTESIAN_POINT('',(11.9790933064135,10.9828179825474,-2.1));
#8337=CARTESIAN_POINT('',(2.49259107400022,6.7591550654335,-2.1));
#8338=CARTESIAN_POINT('',(11.9790933064135,10.9828179825474,-2.1));
#8339=CARTESIAN_POINT('Origin',(4.57289313080787,10.9548536826855,-3.45));
#8340=CARTESIAN_POINT('',(3.54991627773552,11.2048536826855,-3.2));
#8341=CARTESIAN_POINT('',(5.92460642701107,11.2048536826855,-3.2));
#8342=CARTESIAN_POINT('',(4.57289313080787,11.2048536826855,-3.2));
#8343=CARTESIAN_POINT('',(5.92460642701107,11.2048536826855,-3.2));
#8344=CARTESIAN_POINT('',(3.77305364958666,10.7048536826855,-3.7));
#8345=CARTESIAN_POINT('Origin',(3.51427306689327,10.7907833425841,-3.45));
#8346=CARTESIAN_POINT('',(3.216,10.8326979095699,-3.2));
#8347=CARTESIAN_POINT('Ctrl Pts',(3.37354245912663,10.2595911846657,-3.69999999999999));
#8348=CARTESIAN_POINT('Ctrl Pts',(3.29774624322292,10.5434752200263,-3.4539970005499));
#8349=CARTESIAN_POINT('Ctrl Pts',(3.21600000000003,10.8326979095699,-3.2));
#8350=CARTESIAN_POINT('',(3.32819518033548,10.9577414814519,-3.2));
#8351=CARTESIAN_POINT('Origin',(0.,0.,-3.45));
#8352=CARTESIAN_POINT('',(2.30080532269387,11.0632854793777,-3.20000011406071));
#8353=CARTESIAN_POINT('Ctrl Pts',(2.09538079123613,10.5994894021414,-3.69538079123613));
#8354=CARTESIAN_POINT('Ctrl Pts',(2.1305035735684,10.6765470930312,-3.61297457550832));
#8355=CARTESIAN_POINT('Ctrl Pts',(2.16517857438306,10.7537416734318,-3.53046818013728));
#8356=CARTESIAN_POINT('Ctrl Pts',(2.23364720021999,10.9083530451666,-3.36532371839902));
#8357=CARTESIAN_POINT('Ctrl Pts',(2.26745513321423,10.9858033962938,-3.28264985592833));
#8358=CARTESIAN_POINT('Ctrl Pts',(2.30080547506917,11.0632846098855,-3.20000123037898));
#8359=CARTESIAN_POINT('Origin',(0.,0.,-3.2));
#8360=CARTESIAN_POINT('Origin',(-5.20918770902093,7.69500274413087,-2.35));
#8361=CARTESIAN_POINT('',(-7.22276706398246,8.86516510273133,-2.1));
#8362=CARTESIAN_POINT('',(-7.42613538552036,8.40839237391003,-2.6));
#8363=CARTESIAN_POINT('',(-7.22276706398246,8.86516510273133,-2.1));
#8364=CARTESIAN_POINT('',(-12.1824616279514,10.5260452537261,-2.6));
#8365=CARTESIAN_POINT('',(-5.31087186978988,7.46661637972022,-2.6));
#8366=CARTESIAN_POINT('',(-11.9790933064135,10.9828179825474,-2.1));
#8367=CARTESIAN_POINT('',(-12.1824616279514,10.5260452537261,-2.6));
#8368=CARTESIAN_POINT('',(-5.10750354825197,7.92338910854152,-2.1));
#8369=CARTESIAN_POINT('Origin',(-7.12108290321351,9.09355146714198,-2.35));
#8370=CARTESIAN_POINT('',(-6.96694690963746,8.89672134880558,-2.1));
#8371=CARTESIAN_POINT('Origin',(-7.12108290321351,9.09355146714198,-2.1));
#8372=CARTESIAN_POINT('',(-6.65867492248536,8.50306111213276,-2.6));
#8373=CARTESIAN_POINT('',(-6.96694690963746,8.89672134880558,-2.1));
#8374=CARTESIAN_POINT('Origin',(-7.12108290321351,9.09355146714198,-2.6));
#8375=CARTESIAN_POINT('Origin',(0.,0.,-2.35));
#8376=CARTESIAN_POINT('Origin',(0.,0.,-2.6));
#8377=CARTESIAN_POINT('',(1.20563644671102,11.235499132587,-2.1));
#8378=CARTESIAN_POINT('Origin',(0.,0.,-2.1));
#8379=CARTESIAN_POINT('Ctrl Pts',(1.20563644671096,11.235499132587,-2.09999999999997));
#8380=CARTESIAN_POINT('Ctrl Pts',(1.17191350685488,11.1545627493962,-2.18407241314289));
#8381=CARTESIAN_POINT('Ctrl Pts',(1.13769203945994,11.0736892316335,-2.26805341286614));
#8382=CARTESIAN_POINT('Ctrl Pts',(1.06880357886829,10.9134573790971,-2.43436213059178));
#8383=CARTESIAN_POINT('Ctrl Pts',(1.03413335817364,10.8340508454759,-2.51674117747586));
#8384=CARTESIAN_POINT('Ctrl Pts',(0.998954947551627,10.7547510606197,-2.5989546171151));
#8385=CARTESIAN_POINT('Ctrl Pts',(0.83511613298035,10.7683968765757,-2.43511613298035));
#8386=CARTESIAN_POINT('Ctrl Pts',(1.25807706797625,10.7363384028686,-2.85807706797625));
#8387=CARTESIAN_POINT('Ctrl Pts',(1.67912557487172,10.6798985440752,-3.27912557487172));
#8388=CARTESIAN_POINT('Ctrl Pts',(2.09538079130601,10.5994894021279,-3.69538079130601));
#8389=CARTESIAN_POINT('Ctrl Pts',(0.95862343443943,10.924098297004,-2.32341027576817));
#8390=CARTESIAN_POINT('Ctrl Pts',(1.38420558065835,10.8873159420355,-2.74940375209751));
#8391=CARTESIAN_POINT('Ctrl Pts',(1.80749378883413,10.826024194004,-3.17336137885085));
#8392=CARTESIAN_POINT('Ctrl Pts',(2.22562826497702,10.7407005883437,-3.59241146303397));
#8393=CARTESIAN_POINT('Ctrl Pts',(1.08213073589851,11.0797997174323,-2.21170441855599));
#8394=CARTESIAN_POINT('Ctrl Pts',(1.51033409334045,11.0382934812023,-2.64073043621877));
#8395=CARTESIAN_POINT('Ctrl Pts',(1.93586200279653,10.9721498439327,-3.06759718282999));
#8396=CARTESIAN_POINT('Ctrl Pts',(2.35587573864803,10.8819117745595,-3.48944213476193));
#8397=CARTESIAN_POINT('Ctrl Pts',(1.20563803735759,11.2355011378606,-2.09999856134381));
#8398=CARTESIAN_POINT('Ctrl Pts',(1.63646260602256,11.1892710203692,-2.53205712034004));
#8399=CARTESIAN_POINT('Ctrl Pts',(2.06423021675894,11.1182754938616,-2.96183298680911));
#8400=CARTESIAN_POINT('Ctrl Pts',(2.48612321231903,11.0231229607754,-3.3864728064899));
#8401=CARTESIAN_POINT('Ctrl Pts',(1.20563644671098,11.235499132587,-2.10000000000003));
#8402=CARTESIAN_POINT('Ctrl Pts',(1.38938547982663,11.215781759219,-2.28427533451788));
#8403=CARTESIAN_POINT('Ctrl Pts',(1.5725657246922,11.191565564116,-2.4681236597295));
#8404=CARTESIAN_POINT('Ctrl Pts',(1.93744587179004,11.1341900120757,-2.83461245832896));
#8405=CARTESIAN_POINT('Ctrl Pts',(2.11941476952669,11.1010092573029,-3.01752220312588));
#8406=CARTESIAN_POINT('Ctrl Pts',(2.30080508864327,11.0632859469542,-3.19999911180316));
#8407=CARTESIAN_POINT('Origin',(5.92460642701107,10.2048536826855,-3.45));
#8408=CARTESIAN_POINT('',(6.42669171743574,11.0696717913876,-3.2));
#8409=CARTESIAN_POINT('Origin',(5.92460642701107,10.2048536826855,-3.2));
#8410=CARTESIAN_POINT('',(6.42669171743574,11.0696717913876,-3.2));
#8411=CARTESIAN_POINT('Origin',(0.,0.,-3.45));
#8412=CARTESIAN_POINT('',(8.36531121022644,9.68821801757475,-3.2));
#8413=CARTESIAN_POINT('',(8.36531121022644,9.68821801757475,-3.2));
#8414=CARTESIAN_POINT('Origin',(0.,0.,-3.2));
#8415=CARTESIAN_POINT('Origin',(8.69208117937591,10.0666640338863,-3.45));
#8416=CARTESIAN_POINT('',(8.89544950091381,9.60989130506496,-3.2));
#8417=CARTESIAN_POINT('Origin',(8.69208117937591,10.0666640338863,-3.2));
#8418=CARTESIAN_POINT('',(8.89544950091381,9.60989130506496,-3.2));
#8419=CARTESIAN_POINT('Origin',(6.62905253425213,8.3271672935844,-3.45));
#8420=CARTESIAN_POINT('',(8.95895850572455,9.63816733578211,-3.2));
#8421=CARTESIAN_POINT('',(6.52736837348318,8.55555365799505,-3.2));
#8422=CARTESIAN_POINT('Ctrl Pts',(8.95895850572455,9.63816733578211,-3.2));
#8423=CARTESIAN_POINT('Ctrl Pts',(9.04764293570044,9.58862873791449,-3.28132696840143));
#8424=CARTESIAN_POINT('Ctrl Pts',(9.13631142738247,9.53906709307445,-3.36266850892641));
#8425=CARTESIAN_POINT('Ctrl Pts',(9.22495489027191,9.48948824716213,-3.44401558353276));
#8426=CARTESIAN_POINT('Ctrl Pts',(9.31358160584332,9.43991876813003,-3.52534728932021));
#8427=CARTESIAN_POINT('Ctrl Pts',(9.40219275590784,9.39032680708455,-3.60669320258407));
#8428=CARTESIAN_POINT('Ctrl Pts',(9.49077983546826,9.34071786145362,-3.68804484188605));
#8429=CARTESIAN_POINT('Ctrl Pts',(9.46924488630963,9.33117354324837,-3.70420796908873));
#8430=CARTESIAN_POINT('Ctrl Pts',(9.89886082423229,9.52157777920807,-3.38179734766715));
#8431=CARTESIAN_POINT('Ctrl Pts',(10.3488510323746,9.72113595176145,-3.0417615037038));
#8432=CARTESIAN_POINT('Ctrl Pts',(10.823016168224,9.9315255292254,-2.68124630225559));
#8433=CARTESIAN_POINT('Ctrl Pts',(9.2991494261146,9.43350480742628,-3.53613864605915));
#8434=CARTESIAN_POINT('Ctrl Pts',(9.72886592742337,9.62424485151323,-3.21501260422839));
#8435=CARTESIAN_POINT('Ctrl Pts',(10.1789901009149,9.82412612802275,-2.87618431965609));
#8436=CARTESIAN_POINT('Ctrl Pts',(10.6533117792464,10.0348261835534,-2.51681114742617));
#8437=CARTESIAN_POINT('Ctrl Pts',(9.12905396591958,9.53583607160419,-3.36806932302958));
#8438=CARTESIAN_POINT('Ctrl Pts',(9.55887103061444,9.7269119238184,-3.04822786078963));
#8439=CARTESIAN_POINT('Ctrl Pts',(10.0091291694551,9.92711630428404,-2.71060713560838));
#8440=CARTESIAN_POINT('Ctrl Pts',(10.4836073902688,10.1381268378813,-2.35237599259674));
#8441=CARTESIAN_POINT('Ctrl Pts',(8.95895850572455,9.63816733578211,-3.2));
#8442=CARTESIAN_POINT('Ctrl Pts',(9.38887613380551,9.82957899612356,-2.88144311735088));
#8443=CARTESIAN_POINT('Ctrl Pts',(9.83926823799532,10.0301064805453,-2.54502995156066));
#8444=CARTESIAN_POINT('Ctrl Pts',(10.3139030012912,10.2414274922093,-2.18794083776731));
#8445=CARTESIAN_POINT('Ctrl Pts',(8.95895850572455,9.63816733578211,-3.2));
#8446=CARTESIAN_POINT('Ctrl Pts',(9.38887613380551,9.82957899612356,-2.88144311735088));
#8447=CARTESIAN_POINT('Ctrl Pts',(9.83926823799532,10.0301064805453,-2.54502995156066));
#8448=CARTESIAN_POINT('Ctrl Pts',(10.3139030012912,10.2414274922093,-2.18794083776731));
#8449=CARTESIAN_POINT('Origin',(0.,0.,-2.35));
#8450=CARTESIAN_POINT('',(-12.5607989455897,10.8529410690593,-2.1));
#8451=CARTESIAN_POINT('',(-12.5607989455897,10.8529410690593,-2.1));
#8452=CARTESIAN_POINT('',(-12.1824616279514,-10.5260452537261,-2.6));
#8453=CARTESIAN_POINT('Origin',(0.,0.,-2.6));
#8454=CARTESIAN_POINT('',(-12.5607989455897,-10.8529410690593,-2.1));
#8455=CARTESIAN_POINT('',(-12.1824616279514,-10.5260452537261,-2.6));
#8456=CARTESIAN_POINT('',(-16.6,-2.03291368658461E-15,-2.1));
#8457=CARTESIAN_POINT('Origin',(0.,0.,-2.1));
#8458=CARTESIAN_POINT('Origin',(0.,0.,-2.1));
#8459=CARTESIAN_POINT('Origin',(5.20918770902092,-7.69500274413089,-2.35));
#8460=CARTESIAN_POINT('',(7.22276706398245,-8.86516510273134,-2.1));
#8461=CARTESIAN_POINT('',(7.22276706398245,-8.86516510273134,-2.1));
#8462=CARTESIAN_POINT('',(11.9790933064135,-10.9828179825474,-2.1));
#8463=CARTESIAN_POINT('',(12.1824616279514,-10.5260452537262,-2.6));
#8464=CARTESIAN_POINT('',(5.10750354825197,-7.92338910854154,-2.1));
#8465=CARTESIAN_POINT('Origin',(7.1210829032135,-9.09355146714199,-2.35));
#8466=CARTESIAN_POINT('',(6.96694690963745,-8.89672134880559,-2.1));
#8467=CARTESIAN_POINT('Origin',(7.1210829032135,-9.09355146714199,-2.1));
#8468=CARTESIAN_POINT('',(6.96694690963745,-8.89672134880559,-2.1));
#8469=CARTESIAN_POINT('Origin',(0.,0.,-2.35));
#8470=CARTESIAN_POINT('',(-1.20563644671102,-11.235499132587,-2.1));
#8471=CARTESIAN_POINT('Origin',(0.,0.,-2.1));
#8472=CARTESIAN_POINT('',(-0.99895473692634,-10.7547509489761,-2.59895469807689));
#8473=CARTESIAN_POINT('Ctrl Pts',(-1.20563644671096,-11.235499132587,-2.09999999999997));
#8474=CARTESIAN_POINT('Ctrl Pts',(-1.17191350682645,-11.154562749328,-2.18407241321376));
#8475=CARTESIAN_POINT('Ctrl Pts',(-1.13769203940273,-11.0736892314983,-2.26805341300655));
#8476=CARTESIAN_POINT('Ctrl Pts',(-1.06880357880951,-10.9134573789624,-2.43436213073148));
#8477=CARTESIAN_POINT('Ctrl Pts',(-1.03413335814381,-10.8340508454086,-2.51674117754559));
#8478=CARTESIAN_POINT('Ctrl Pts',(-0.998954947551632,-10.7547510606197,
-2.59895461711511));
#8479=CARTESIAN_POINT('',(-0.998953739646329,-10.7547520540618,-2.59895373964633));
#8480=CARTESIAN_POINT('Origin',(-2.59427523476917,-6.53076870102288,-2.35));
#8481=CARTESIAN_POINT('',(-11.9790933064135,-10.9828179825474,-2.1));
#8482=CARTESIAN_POINT('',(-2.49259107400021,-6.75915506543353,-2.1));
#8483=CARTESIAN_POINT('',(-11.9790933064135,-10.9828179825474,-2.1));
#8484=CARTESIAN_POINT('',(-10.9366949958001,-9.97139421389214,-2.6));
#8485=CARTESIAN_POINT('',(-2.69595939553812,-6.30238233661223,-2.6));
#8486=CARTESIAN_POINT('',(-10.9366949958001,-9.97139421389213,-2.60000000000001));
#8487=CARTESIAN_POINT('Origin',(-4.57289313080787,-10.9548536826855,-3.45));
#8488=CARTESIAN_POINT('',(-3.54991627773552,-11.2048536826855,-3.2));
#8489=CARTESIAN_POINT('',(-5.92460642701107,-11.2048536826855,-3.2));
#8490=CARTESIAN_POINT('',(-4.57289313080787,-11.2048536826855,-3.2));
#8491=CARTESIAN_POINT('',(-5.92460642701107,-10.7048536826855,-3.7));
#8492=CARTESIAN_POINT('',(-5.92460642701107,-11.2048536826855,-3.2));
#8493=CARTESIAN_POINT('',(-3.77305364958667,-10.7048536826855,-3.7));
#8494=CARTESIAN_POINT('',(-4.57289313080787,-10.7048536826855,-3.7));
#8495=CARTESIAN_POINT('',(-3.77305364958667,-10.7048536826855,-3.7));
#8496=CARTESIAN_POINT('Origin',(-5.92460642701107,-10.2048536826855,-3.45));
#8497=CARTESIAN_POINT('',(-6.42669171743574,-11.0696717913876,-3.2));
#8498=CARTESIAN_POINT('Origin',(-5.92460642701107,-10.2048536826855,-3.2));
#8499=CARTESIAN_POINT('',(-6.1756490722234,-10.6372627370365,-3.7));
#8500=CARTESIAN_POINT('',(-6.42669171743574,-11.0696717913876,-3.2));
#8501=CARTESIAN_POINT('Origin',(-5.92460642701107,-10.2048536826855,-3.7));
#8502=CARTESIAN_POINT('Origin',(0.,0.,-3.45));
#8503=CARTESIAN_POINT('',(-8.36531121022643,-9.68821801757475,-3.2));
#8504=CARTESIAN_POINT('',(-8.03854124107696,-9.30977200126324,-3.7));
#8505=CARTESIAN_POINT('',(-8.36531121022643,-9.68821801757475,-3.2));
#8506=CARTESIAN_POINT('Origin',(0.,0.,-3.7));
#8507=CARTESIAN_POINT('Origin',(0.,0.,-3.2));
#8508=CARTESIAN_POINT('Origin',(-8.6920811793759,-10.0666640338863,-3.45));
#8509=CARTESIAN_POINT('',(-8.8954495009138,-9.60989130506497,-3.2));
#8510=CARTESIAN_POINT('Origin',(-8.6920811793759,-10.0666640338863,-3.2));
#8511=CARTESIAN_POINT('',(-9.0988178224517,-9.15311857624367,-3.7));
#8512=CARTESIAN_POINT('',(-8.8954495009138,-9.60989130506497,-3.2));
#8513=CARTESIAN_POINT('Origin',(-8.6920811793759,-10.0666640338863,-3.7));
#8514=CARTESIAN_POINT('Origin',(-6.62905253425212,-8.32716729358441,-3.45));
#8515=CARTESIAN_POINT('',(-9.48382917441559,-9.32453667430741,-3.7));
#8516=CARTESIAN_POINT('',(-6.73073669502107,-8.09878092917376,-3.7));
#8517=CARTESIAN_POINT('',(-8.95895850572455,-9.63816733578211,-3.2));
#8518=CARTESIAN_POINT('',(-6.52736837348317,-8.55555365799506,-3.2));
#8519=CARTESIAN_POINT('',(-9.49077983629991,-9.34071786026647,-3.68804484220275));
#8520=CARTESIAN_POINT('Ctrl Pts',(-8.95895850572455,-9.63816733578211,-3.2));
#8521=CARTESIAN_POINT('Ctrl Pts',(-9.04764297533196,-9.58862871577656,-3.28132700474503));
#8522=CARTESIAN_POINT('Ctrl Pts',(-9.13631150663319,-9.53906704877691,-3.36266858162841));
#8523=CARTESIAN_POINT('Ctrl Pts',(-9.22495500911408,-9.48948818069296,-3.44401569259284));
#8524=CARTESIAN_POINT('Ctrl Pts',(-9.31358168505607,-9.43991872379797,-3.52534736203828));
#8525=CARTESIAN_POINT('Ctrl Pts',(-9.40219279550312,-9.39032678491113,-3.60669323894535));
#8526=CARTESIAN_POINT('Ctrl Pts',(-9.49077983546826,-9.34071786145362,-3.68804484188604));
#8527=CARTESIAN_POINT('',(-9.49077983545049,-9.34071785921313,-3.68804484053951));
#8528=CARTESIAN_POINT('Ctrl Pts',(-9.46924488630962,-9.33117354324837,-3.70420796908873));
#8529=CARTESIAN_POINT('Ctrl Pts',(-9.8988608242312,-9.52157777920759,-3.38179734766797));
#8530=CARTESIAN_POINT('Ctrl Pts',(-10.3488510323739,-9.72113595176112,-3.04176150370437));
#8531=CARTESIAN_POINT('Ctrl Pts',(-10.823016168224,-9.9315255292254,-2.6812463022556));
#8532=CARTESIAN_POINT('Ctrl Pts',(-9.2991494261146,-9.43350480742628,-3.53613864605916));
#8533=CARTESIAN_POINT('Ctrl Pts',(-9.72886592742227,-9.62424485151275,-3.21501260422921));
#8534=CARTESIAN_POINT('Ctrl Pts',(-10.1789901009141,-9.82412612802241,-2.87618431965666));
#8535=CARTESIAN_POINT('Ctrl Pts',(-10.6533117792464,-10.0348261835534,-2.51681114742617));
#8536=CARTESIAN_POINT('Ctrl Pts',(-9.12905396591957,-9.53583607160419,-3.36806932302958));
#8537=CARTESIAN_POINT('Ctrl Pts',(-9.55887103061334,-9.72691192381791,-3.04822786079045));
#8538=CARTESIAN_POINT('Ctrl Pts',(-10.0091291694543,-9.92711630428371,-2.71060713560895));
#8539=CARTESIAN_POINT('Ctrl Pts',(-10.4836073902688,-10.1381268378813,-2.35237599259674));
#8540=CARTESIAN_POINT('Ctrl Pts',(-8.95895850572455,-9.63816733578211,-3.2));
#8541=CARTESIAN_POINT('Ctrl Pts',(-9.38887613380441,-9.82957899612307,-2.8814431173517));
#8542=CARTESIAN_POINT('Ctrl Pts',(-9.83926823799456,-10.030106480545,-2.54502995156123));
#8543=CARTESIAN_POINT('Ctrl Pts',(-10.3139030012912,-10.2414274922093,-2.18794083776731));
#8544=CARTESIAN_POINT('Ctrl Pts',(-10.823016168224,-9.9315255292254,-2.6812463022556));
#8545=CARTESIAN_POINT('Ctrl Pts',(-10.3567674335866,-9.72464850082951,-3.03574253950353));
#8546=CARTESIAN_POINT('Ctrl Pts',(-9.91389314244559,-9.5282442260706,-3.370437535144));
#8547=CARTESIAN_POINT('Ctrl Pts',(-9.4907798379198,-9.34071785999024,-3.68804484428792));
#8548=CARTESIAN_POINT('Ctrl Pts',(-8.95895850572455,-9.63816733578211,-3.2));
#8549=CARTESIAN_POINT('Ctrl Pts',(-9.38887613380441,-9.82957899612307,-2.8814431173517));
#8550=CARTESIAN_POINT('Ctrl Pts',(-9.83926823799456,-10.030106480545,-2.54502995156123));
#8551=CARTESIAN_POINT('Ctrl Pts',(-10.3139030012912,-10.2414274922093,-2.18794083776731));
#8552=CARTESIAN_POINT('Origin',(-3.51427306689327,-10.7907833425841,-3.45));
#8553=CARTESIAN_POINT('',(-3.216,-10.8326979095699,-3.2));
#8554=CARTESIAN_POINT('',(-3.32819518033548,-10.9577414814519,-3.2));
#8555=CARTESIAN_POINT('',(-3.37354245912661,-10.2595911846657,-3.7));
#8556=CARTESIAN_POINT('',(-3.70035095345106,-10.6238252037164,-3.7));
#8557=CARTESIAN_POINT('Ctrl Pts',(-3.37354245912663,-10.2595911846657,-3.69999999999999));
#8558=CARTESIAN_POINT('Ctrl Pts',(-3.29774624322292,-10.5434752200263,-3.4539970005499));
#8559=CARTESIAN_POINT('Ctrl Pts',(-3.21600000000003,-10.8326979095699,-3.2));
#8560=CARTESIAN_POINT('Origin',(0.,0.,-3.45));
#8561=CARTESIAN_POINT('',(-2.30080532269387,-11.0632854793777,-3.20000011406071));
#8562=CARTESIAN_POINT('Origin',(0.,0.,-3.2));
#8563=CARTESIAN_POINT('',(-2.1,-10.5938661498057,-3.7));
#8564=CARTESIAN_POINT('Origin',(0.,0.,-3.7));
#8565=CARTESIAN_POINT('',(-2.09538079130601,-10.5994894021279,-3.695380791306));
#8566=CARTESIAN_POINT('',(-2.10000000000001,-10.5938661498057,-3.7));
#8567=CARTESIAN_POINT('Ctrl Pts',(-2.09538079123614,-10.5994894021414,-3.69538079123613));
#8568=CARTESIAN_POINT('Ctrl Pts',(-2.13050357356852,-10.6765470930315,-3.61297457550806));
#8569=CARTESIAN_POINT('Ctrl Pts',(-2.16517857438309,-10.7537416734318,-3.53046818013721));
#8570=CARTESIAN_POINT('Ctrl Pts',(-2.23364720022019,-10.9083530451671,-3.36532371839852));
#8571=CARTESIAN_POINT('Ctrl Pts',(-2.26745513321458,-10.9858033962947,-3.28264985592741));
#8572=CARTESIAN_POINT('Ctrl Pts',(-2.30080547506916,-11.0632846098855,-3.20000123037898));
#8573=CARTESIAN_POINT('Ctrl Pts',(-0.835116132980359,-10.7683968765757,
-2.43511613298035));
#8574=CARTESIAN_POINT('Ctrl Pts',(-1.25807706797626,-10.7363384028686,-2.85807706797625));
#8575=CARTESIAN_POINT('Ctrl Pts',(-1.67912557487172,-10.6798985440752,-3.27912557487172));
#8576=CARTESIAN_POINT('Ctrl Pts',(-2.09538079130601,-10.5994894021279,-3.695380791306));
#8577=CARTESIAN_POINT('Ctrl Pts',(-0.958623434439439,-10.924098297004,-2.32341027576817));
#8578=CARTESIAN_POINT('Ctrl Pts',(-1.38420558065836,-10.8873159420355,-2.74940375209751));
#8579=CARTESIAN_POINT('Ctrl Pts',(-1.80749378883413,-10.826024194004,-3.17336137885084));
#8580=CARTESIAN_POINT('Ctrl Pts',(-2.22562826497701,-10.7407005883437,-3.59241146303396));
#8581=CARTESIAN_POINT('Ctrl Pts',(-1.08213073589852,-11.0797997174323,-2.211704418556));
#8582=CARTESIAN_POINT('Ctrl Pts',(-1.51033409334046,-11.0382934812023,-2.64073043621877));
#8583=CARTESIAN_POINT('Ctrl Pts',(-1.93586200279653,-10.9721498439328,-3.06759718282998));
#8584=CARTESIAN_POINT('Ctrl Pts',(-2.35587573864802,-10.8819117745595,-3.48944213476193));
#8585=CARTESIAN_POINT('Ctrl Pts',(-1.2056380373576,-11.2355011378606,-2.09999856134382));
#8586=CARTESIAN_POINT('Ctrl Pts',(-1.63646260602257,-11.1892710203692,-2.53205712034004));
#8587=CARTESIAN_POINT('Ctrl Pts',(-2.06423021675893,-11.1182754938616,-2.96183298680911));
#8588=CARTESIAN_POINT('Ctrl Pts',(-2.48612321231902,-11.0231229607754,-3.38647280648989));
#8589=CARTESIAN_POINT('Ctrl Pts',(-1.20563644671098,-11.235499132587,-2.10000000000003));
#8590=CARTESIAN_POINT('Ctrl Pts',(-1.38938547982674,-11.215781759219,-2.28427533451799));
#8591=CARTESIAN_POINT('Ctrl Pts',(-1.57256572469228,-11.191565564116,-2.46812365972958));
#8592=CARTESIAN_POINT('Ctrl Pts',(-1.9374458717901,-11.1341900120757,-2.83461245832902));
#8593=CARTESIAN_POINT('Ctrl Pts',(-2.11941476952671,-11.1010092573029,-3.01752220312592));
#8594=CARTESIAN_POINT('Ctrl Pts',(-2.30080508864327,-11.0632859469542,-3.19999911180316));
#8595=CARTESIAN_POINT('Ctrl Pts',(-2.09538079130601,-10.5994894021279,-3.695380791306));
#8596=CARTESIAN_POINT('Ctrl Pts',(-1.91368458418874,-10.6345881481197,-3.51368458418874));
#8597=CARTESIAN_POINT('Ctrl Pts',(-1.73147562728303,-10.6650425869187,-3.33147562728302));
#8598=CARTESIAN_POINT('Ctrl Pts',(-1.36596326968765,-10.716795849565,-2.96596326968765));
#8599=CARTESIAN_POINT('Ctrl Pts',(-1.18253287032197,-10.7380836205156,-2.78253287032197));
#8600=CARTESIAN_POINT('Ctrl Pts',(-0.998954689656971,-10.7547508518297,
-2.59895468965697));
#8601=CARTESIAN_POINT('Origin',(-12.1824616279514,-10.5260452537261,-2.1));
#8602=CARTESIAN_POINT('Origin',(-12.1824616279514,-10.5260452537261,-2.1));
#8603=CARTESIAN_POINT('Origin',(-12.1824616279514,10.5260452537261,-2.1));
#8604=CARTESIAN_POINT('Origin',(-12.1824616279514,10.5260452537261,-2.1));
#8605=CARTESIAN_POINT('Origin',(12.1824616279514,10.5260452537261,-2.1));
#8606=CARTESIAN_POINT('Origin',(12.1824616279514,10.5260452537261,-2.1));
#8607=CARTESIAN_POINT('Origin',(12.1824616279514,-10.5260452537261,-2.1));
#8608=CARTESIAN_POINT('Origin',(12.1824616279514,-10.5260452537261,-2.1));
#8609=CARTESIAN_POINT('Origin',(3.216,10.8326979095699,-2.6));
#8610=CARTESIAN_POINT('',(3.216,10.8326979095699,-1.75));
#8611=CARTESIAN_POINT('',(3.216,10.8326979095699,0.));
#8612=CARTESIAN_POINT('',(3.40032319593137,11.0381294684929,-2.));
#8613=CARTESIAN_POINT('Ctrl Pts',(3.40032319593136,11.0381294684929,-2.));
#8614=CARTESIAN_POINT('Ctrl Pts',(3.37690098685869,11.0120249898954,-2.));
#8615=CARTESIAN_POINT('Ctrl Pts',(3.34926450698893,10.9812236297404,-1.99233422585691));
#8616=CARTESIAN_POINT('Ctrl Pts',(3.30663624555365,10.9337136559871,-1.96739240069483));
#8617=CARTESIAN_POINT('Ctrl Pts',(3.28384656501625,10.9083141419623,-1.94623683609816));
#8618=CARTESIAN_POINT('Ctrl Pts',(3.25225690527787,10.873106890845,-1.90174146086267));
#8619=CARTESIAN_POINT('Ctrl Pts',(3.23750151684919,10.856661741703,-1.87109771485691));
#8620=CARTESIAN_POINT('Ctrl Pts',(3.22101940241868,10.8382921249833,-1.81492489072414));
#8621=CARTESIAN_POINT('Ctrl Pts',(3.216,10.8326979095699,-1.77987347563181));
#8622=CARTESIAN_POINT('Ctrl Pts',(3.216,10.8326979095699,-1.75));
#8623=CARTESIAN_POINT('',(3.54991627773552,11.2048536826855,-2.));
#8624=CARTESIAN_POINT('',(3.216,10.8326979095699,-2.));
#8625=CARTESIAN_POINT('',(3.54991627773552,11.2048536826855,-2.6));
#8626=CARTESIAN_POINT('Origin',(0.,0.,0.));
#8627=CARTESIAN_POINT('',(-6.96694690963746,8.89672134880558,0.));
#8628=CARTESIAN_POINT('',(2.58672576781145,10.9999477181549,2.));
#8629=CARTESIAN_POINT('',(2.58672576781145,10.9999477181549,0.));
#8630=CARTESIAN_POINT('',(6.96694690963746,8.89672134880557,2.));
#8631=CARTESIAN_POINT('Origin',(-1.11022302462516E-15,-2.22044604925031E-15,
2.));
#8632=CARTESIAN_POINT('',(6.96694690963746,8.89672134880558,-1.75));
#8633=CARTESIAN_POINT('',(6.96694690963746,8.89672134880558,0.));
#8634=CARTESIAN_POINT('Origin',(0.,0.,-1.75));
#8635=CARTESIAN_POINT('Origin',(-7.12108290321351,9.09355146714198,0.));
#8636=CARTESIAN_POINT('',(-7.22276706398246,8.86516510273133,0.));
#8637=CARTESIAN_POINT('Origin',(-12.3141616036172,11.132,0.));
#8638=CARTESIAN_POINT('',(-11.9790933064135,10.9828179825474,0.));
#8639=CARTESIAN_POINT('Origin',(-12.1824616279514,10.5260452537261,0.));
#8640=CARTESIAN_POINT('',(-12.5607989455897,10.8529410690593,0.));
#8641=CARTESIAN_POINT('Origin',(0.,0.,0.));
#8642=CARTESIAN_POINT('',(-16.6,-2.03291368658461E-15,2.));
#8643=CARTESIAN_POINT('Origin',(0.,0.,2.));
#8644=CARTESIAN_POINT('',(-16.6,-2.03291368658461E-15,0.));
#8645=CARTESIAN_POINT('',(-12.5607989455897,-10.8529410690593,0.));
#8646=CARTESIAN_POINT('',(12.5607989455897,-10.8529410690593,0.));
#8647=CARTESIAN_POINT('',(12.5607989455897,10.8529410690593,0.));
#8648=CARTESIAN_POINT('Origin',(-12.1824616279514,-10.5260452537261,0.));
#8649=CARTESIAN_POINT('',(-11.9790933064135,-10.9828179825474,0.));
#8650=CARTESIAN_POINT('Origin',(-7.08433665511367,-8.80353191378397,0.));
#8651=CARTESIAN_POINT('',(-8.8954495009138,-9.60989130506497,-2.));
#8652=CARTESIAN_POINT('',(-8.8954495009138,-9.60989130506497,-2.6));
#8653=CARTESIAN_POINT('',(-7.35917164652614,-8.92589633568733,-2.));
#8654=CARTESIAN_POINT('',(-6.52736837348317,-8.55555365799506,-2.));
#8655=CARTESIAN_POINT('',(-7.35917164652615,-8.92589633568732,2.));
#8656=CARTESIAN_POINT('',(-7.35917164652614,-8.92589633568733,0.));
#8657=CARTESIAN_POINT('',(-9.34913871161219,-9.81188675588287,2.));
#8658=CARTESIAN_POINT('',(-2.49259107400022,-6.7591550654335,2.));
#8659=CARTESIAN_POINT('',(-9.34913871161219,-9.81188675588288,0.));
#8660=CARTESIAN_POINT('Origin',(-8.6920811793759,-10.0666640338863,-2.6));
#8661=CARTESIAN_POINT('',(-8.36531121022643,-9.68821801757475,-2.));
#8662=CARTESIAN_POINT('',(-8.36531121022643,-9.68821801757475,-2.6));
#8663=CARTESIAN_POINT('Origin',(-8.6920811793759,-10.0666640338863,-2.));
#8664=CARTESIAN_POINT('Origin',(0.,0.,-2.6));
#8665=CARTESIAN_POINT('',(-6.42669171743574,-11.0696717913876,-2.));
#8666=CARTESIAN_POINT('',(-6.42669171743574,-11.0696717913876,-2.6));
#8667=CARTESIAN_POINT('Origin',(0.,0.,-2.));
#8668=CARTESIAN_POINT('Origin',(-5.92460642701107,-10.2048536826855,-2.6));
#8669=CARTESIAN_POINT('',(-5.92460642701107,-11.2048536826855,-2.));
#8670=CARTESIAN_POINT('',(-5.92460642701107,-11.2048536826855,-2.6));
#8671=CARTESIAN_POINT('Origin',(-5.92460642701107,-10.2048536826855,-2.));
#8672=CARTESIAN_POINT('Origin',(-3.54991627773552,-11.2048536826855,-2.6));
#8673=CARTESIAN_POINT('',(-3.54991627773552,-11.2048536826855,-2.));
#8674=CARTESIAN_POINT('',(-3.54991627773552,-11.2048536826855,-2.6));
#8675=CARTESIAN_POINT('',(-6.1879927237845,-11.2048536826855,-2.));
#8676=CARTESIAN_POINT('Origin',(-1.55,-9.44881494160487,-3.15));
#8677=CARTESIAN_POINT('',(-2.1,-9.44881494160487,-3.7));
#8678=CARTESIAN_POINT('Origin',(6.16817253067169,8.9868597202731,2.));
#8679=CARTESIAN_POINT('',(6.16817253067169,8.9868597202731,2.));
#8680=CARTESIAN_POINT('',(6.16817253067169,8.9868597202731,2.));
#8681=CARTESIAN_POINT('',(5.66735688855493,4.22191717679882,2.));
#8682=CARTESIAN_POINT('Origin',(0.,0.,2.));
#8683=CARTESIAN_POINT('Origin',(0.,0.,2.));
#8684=CARTESIAN_POINT('Origin',(10.2725000095479,3.64496139264027,2.));
#8685=CARTESIAN_POINT('',(10.2725000095479,3.64496139264027,2.));
#8686=CARTESIAN_POINT('',(10.2725000095479,3.64496139264027,2.));
#8687=CARTESIAN_POINT('',(7.0665686889515,0.0844139463029964,2.));
#8688=CARTESIAN_POINT('Origin',(0.,0.,2.));
#8689=CARTESIAN_POINT('Origin',(0.,0.,2.));
#8690=CARTESIAN_POINT('Origin',(0.292187206447672,-10.896083086889,2.));
#8691=CARTESIAN_POINT('',(0.292187206447672,-10.896083086889,2.));
#8692=CARTESIAN_POINT('',(0.292187206447672,-10.896083086889,2.));
#8693=CARTESIAN_POINT('',(-2.10340738310624,-6.74679154344449,2.));
#8694=CARTESIAN_POINT('Origin',(0.,0.,2.));
#8695=CARTESIAN_POINT('Origin',(0.,0.,2.));
#8696=CARTESIAN_POINT('Origin',(-6.16817253067168,-8.9868597202731,2.));
#8697=CARTESIAN_POINT('',(-6.16817253067168,-8.9868597202731,2.));
#8698=CARTESIAN_POINT('',(-6.16817253067168,-8.9868597202731,2.));
#8699=CARTESIAN_POINT('',(-5.66735688855493,-4.22191717679882,2.));
#8700=CARTESIAN_POINT('Origin',(0.,0.,2.));
#8701=CARTESIAN_POINT('Origin',(0.,0.,2.));
#8702=CARTESIAN_POINT('Origin',(-10.4530816342105,3.0891882993,2.));
#8703=CARTESIAN_POINT('',(-10.4530816342105,3.0891882993,2.));
#8704=CARTESIAN_POINT('',(-10.4530816342105,3.0891882993,2.));
#8705=CARTESIAN_POINT('',(-5.76659143400436,4.08533254255606,2.));
#8706=CARTESIAN_POINT('Origin',(0.,0.,2.));
#8707=CARTESIAN_POINT('Origin',(0.,0.,2.));
#8708=CARTESIAN_POINT('Origin',(-6.6409413617819,8.64337305855615,2.));
#8709=CARTESIAN_POINT('',(-2.26397225050156,6.69462085550472,2.));
#8710=CARTESIAN_POINT('Origin',(5.92460642701107,10.2048536826855,-2.6));
#8711=CARTESIAN_POINT('',(5.92460642701107,11.2048536826855,-2.));
#8712=CARTESIAN_POINT('',(5.92460642701107,11.2048536826855,-2.6));
#8713=CARTESIAN_POINT('',(6.42669171743574,11.0696717913876,-2.));
#8714=CARTESIAN_POINT('Origin',(5.92460642701107,10.2048536826855,-2.));
#8715=CARTESIAN_POINT('',(6.42669171743574,11.0696717913876,-2.6));
#8716=CARTESIAN_POINT('Origin',(3.54991627773552,11.2048536826855,-2.6));
#8717=CARTESIAN_POINT('',(6.1879927237845,11.2048536826855,-2.));
#8718=CARTESIAN_POINT('Origin',(-5.59586998388022,-9.14878379764658,-3.7));
#8719=CARTESIAN_POINT('Origin',(0.,0.,-3.7));
#8720=CARTESIAN_POINT('Origin',(8.69208117937591,10.0666640338863,-2.6));
#8721=CARTESIAN_POINT('',(8.36531121022644,9.68821801757475,-2.));
#8722=CARTESIAN_POINT('',(8.36531121022644,9.68821801757475,-2.6));
#8723=CARTESIAN_POINT('',(8.89544950091381,9.60989130506496,-2.));
#8724=CARTESIAN_POINT('Origin',(8.69208117937591,10.0666640338863,-2.));
#8725=CARTESIAN_POINT('',(8.89544950091381,9.60989130506496,-2.6));
#8726=CARTESIAN_POINT('Origin',(7.08433665511368,8.80353191378396,0.));
#8727=CARTESIAN_POINT('',(7.34033510944508,8.91750976904695,-2.));
#8728=CARTESIAN_POINT('',(6.52736837348318,8.55555365799505,-2.));
#8729=CARTESIAN_POINT('',(7.22276706398246,8.86516510273133,-1.97198632838569));
#8730=CARTESIAN_POINT('Ctrl Pts',(7.34033510944508,8.91750976904695,-2.));
#8731=CARTESIAN_POINT('Ctrl Pts',(7.30766239731818,8.90296294038123,-2.));
#8732=CARTESIAN_POINT('Ctrl Pts',(7.26909713380883,8.88579257881038,-1.99226523003584));
#8733=CARTESIAN_POINT('Ctrl Pts',(7.23342318310426,8.86990951263842,-1.9771438267939));
#8734=CARTESIAN_POINT('Ctrl Pts',(7.22810688178067,8.86754254278942,-1.9746881607741));
#8735=CARTESIAN_POINT('Ctrl Pts',(7.22276706398246,8.86516510273133,-1.97198632838569));
#8736=CARTESIAN_POINT('',(7.22276706398246,8.86516510273133,2.));
#8737=CARTESIAN_POINT('',(7.22276706398246,8.86516510273133,0.));
#8738=CARTESIAN_POINT('',(9.34913871161219,9.81188675588288,2.));
#8739=CARTESIAN_POINT('',(2.49259107400022,6.7591550654335,2.));
#8740=CARTESIAN_POINT('',(9.34913871161219,9.81188675588288,0.));
#8741=CARTESIAN_POINT('',(11.9790933064135,10.9828179825474,0.));
#8742=CARTESIAN_POINT('Origin',(-2.64395421400197,-11.2433093933353,0.));
#8743=CARTESIAN_POINT('',(-2.45787632744418,-11.410267532203,2.));
#8744=CARTESIAN_POINT('',(-2.45787632744418,-11.410267532203,0.));
#8745=CARTESIAN_POINT('',(-2.58672576781145,-10.9999477181548,2.));
#8746=CARTESIAN_POINT('Origin',(-2.64395421400197,-11.2433093933353,2.));
#8747=CARTESIAN_POINT('',(-2.58672576781145,-10.9999477181549,0.));
#8748=CARTESIAN_POINT('Origin',(-4.12886946811743,-13.2726198210921,0.));
#8749=CARTESIAN_POINT('',(-3.91178943783506,-13.0306801736884,2.));
#8750=CARTESIAN_POINT('',(-3.91178943783506,-13.0306801736884,0.));
#8751=CARTESIAN_POINT('',(0.0906160357183891,-8.56992637805566,2.));
#8752=CARTESIAN_POINT('Origin',(-9.24745455084324,-10.0402731202935,0.));
#8753=CARTESIAN_POINT('',(-9.41682185030923,-10.2241609063795,2.));
#8754=CARTESIAN_POINT('Origin',(-9.24745455084324,-10.0402731202935,2.));
#8755=CARTESIAN_POINT('',(-9.41682185030923,-10.2241609063795,0.));
#8756=CARTESIAN_POINT('Origin',(2.64395421400196,11.2433093933353,0.));
#8757=CARTESIAN_POINT('',(2.45787632744418,11.410267532203,2.));
#8758=CARTESIAN_POINT('',(2.45787632744418,11.410267532203,0.));
#8759=CARTESIAN_POINT('Origin',(2.64395421400196,11.2433093933353,2.));
#8760=CARTESIAN_POINT('Origin',(4.12886946811743,13.2726198210921,0.));
#8761=CARTESIAN_POINT('',(3.91178943783506,13.0306801736884,2.));
#8762=CARTESIAN_POINT('',(3.91178943783506,13.0306801736884,0.));
#8763=CARTESIAN_POINT('',(-0.0906160357183894,8.56992637805566,2.));
#8764=CARTESIAN_POINT('Origin',(9.24745455084324,10.0402731202935,0.));
#8765=CARTESIAN_POINT('',(9.41682185030924,10.2241609063795,2.));
#8766=CARTESIAN_POINT('Origin',(9.24745455084324,10.0402731202935,2.));
#8767=CARTESIAN_POINT('',(9.41682185030924,10.2241609063795,0.));
#8768=CARTESIAN_POINT('Origin',(0.,0.,-1.75));
#8769=CARTESIAN_POINT('',(-7.33996025808701,-8.91781830997376,-2.));
#8770=CARTESIAN_POINT('',(-3.40032319593137,-11.0381294684929,-2.));
#8771=CARTESIAN_POINT('Origin',(0.,0.,-2.));
#8772=CARTESIAN_POINT('',(-3.216,-10.8326979095699,-1.75));
#8773=CARTESIAN_POINT('Ctrl Pts',(-3.40032319593136,-11.0381294684929,-2.));
#8774=CARTESIAN_POINT('Ctrl Pts',(-3.37690098685869,-11.0120249898954,-2.));
#8775=CARTESIAN_POINT('Ctrl Pts',(-3.34926450698893,-10.9812236297404,-1.99233422585691));
#8776=CARTESIAN_POINT('Ctrl Pts',(-3.30663624555365,-10.9337136559871,-1.96739240069483));
#8777=CARTESIAN_POINT('Ctrl Pts',(-3.28384656501625,-10.9083141419623,-1.94623683609816));
#8778=CARTESIAN_POINT('Ctrl Pts',(-3.25225690527787,-10.873106890845,-1.90174146086267));
#8779=CARTESIAN_POINT('Ctrl Pts',(-3.23750151684919,-10.856661741703,-1.87109771485691));
#8780=CARTESIAN_POINT('Ctrl Pts',(-3.22101940241868,-10.8382921249833,-1.81492489072414));
#8781=CARTESIAN_POINT('Ctrl Pts',(-3.216,-10.8326979095699,-1.77987347563181));
#8782=CARTESIAN_POINT('Ctrl Pts',(-3.216,-10.8326979095699,-1.75));
#8783=CARTESIAN_POINT('',(-6.85259131969213,-8.98509834143623,-1.75));
#8784=CARTESIAN_POINT('Origin',(0.,0.,-1.75));
#8785=CARTESIAN_POINT('Ctrl Pts',(-6.85259131969213,-8.98509834143623,-1.75));
#8786=CARTESIAN_POINT('Ctrl Pts',(-6.85341113295211,-8.98447310117557,-1.75074500181577));
#8787=CARTESIAN_POINT('Ctrl Pts',(-6.85423288315278,-8.98385039436371,-1.75149000637577));
#8788=CARTESIAN_POINT('Ctrl Pts',(-6.89369086595043,-8.95414156359557,-1.78717831774983));
#8789=CARTESIAN_POINT('Ctrl Pts',(-6.93687050993547,-8.93041343309532,-1.82238006467244));
#8790=CARTESIAN_POINT('Ctrl Pts',(-7.02688725961349,-8.89736776335313,-1.88591912527624));
#8791=CARTESIAN_POINT('Ctrl Pts',(-7.07398219233475,-8.8869269669162,-1.91510363477623));
#8792=CARTESIAN_POINT('Ctrl Pts',(-7.17025548218538,-8.88067959613836,-1.96270437227237));
#8793=CARTESIAN_POINT('Ctrl Pts',(-7.21568393113224,-8.88432514411488,-1.97983542350932));
#8794=CARTESIAN_POINT('Ctrl Pts',(-7.28612481827217,-8.89913870750668,-1.99627962168064));
#8795=CARTESIAN_POINT('Ctrl Pts',(-7.31343693068287,-8.90731073397721,-2.));
#8796=CARTESIAN_POINT('Ctrl Pts',(-7.33996025808702,-8.91781830997374,-2.));
#8797=CARTESIAN_POINT('Origin',(-7.15580332498824,-9.38266906450863,0.));
#8798=CARTESIAN_POINT('',(-6.85259131969213,-8.98509834143622,2.));
#8799=CARTESIAN_POINT('',(-6.85259131969213,-8.98509834143623,0.));
#8800=CARTESIAN_POINT('Origin',(-7.15580332498824,-9.38266906450863,2.));
#8801=CARTESIAN_POINT('Origin',(-7.15580332498824,-9.38266906450863,-2.));
#8802=CARTESIAN_POINT('Origin',(-5.59586998388022,-9.14878379764658,-2.));
#8803=CARTESIAN_POINT('',(-3.216,-10.8326979095699,-2.));
#8804=CARTESIAN_POINT('Origin',(0.,0.,-1.75));
#8805=CARTESIAN_POINT('Origin',(0.,0.,-2.));
#8806=CARTESIAN_POINT('Ctrl Pts',(6.96694690963746,8.89672134880558,-1.75));
#8807=CARTESIAN_POINT('Ctrl Pts',(6.96752721408511,8.89626691732238,-1.75074517130818));
#8808=CARTESIAN_POINT('Ctrl Pts',(6.96810953129149,8.89581504974187,-1.75149034658666));
#8809=CARTESIAN_POINT('Ctrl Pts',(6.96869384429599,8.89536575947811,-1.75223550299647));
#8810=CARTESIAN_POINT('Ctrl Pts',(6.98766978020097,8.88077477282864,-1.7764349306367));
#8811=CARTESIAN_POINT('Ctrl Pts',(7.00856042247066,8.86904623309535,-1.80037545500886));
#8812=CARTESIAN_POINT('Ctrl Pts',(7.03070810863519,8.86045878636611,-1.82332227610214));
#8813=CARTESIAN_POINT('Ctrl Pts',(7.04977186807223,8.85306708786504,-1.84307389592903));
#8814=CARTESIAN_POINT('Ctrl Pts',(7.06976814606734,8.84800385005585,-1.86209380028259));
#8815=CARTESIAN_POINT('Ctrl Pts',(7.0902706526265,8.84545752281088,-1.87991061863432));
#8816=CARTESIAN_POINT('Ctrl Pts',(7.10990907996956,8.84301851066143,-1.89697654624056));
#8817=CARTESIAN_POINT('Ctrl Pts',(7.12966217111964,8.84292849100253,-1.91263550131849));
#8818=CARTESIAN_POINT('Ctrl Pts',(7.14916112785123,8.84513219826104,-1.92662974047518));
#8819=CARTESIAN_POINT('Ctrl Pts',(7.1639351395133,8.84680190793757,-1.93723292583266));
#8820=CARTESIAN_POINT('Ctrl Pts',(7.17856417569908,8.8497901091643,-1.94688137074968));
#8821=CARTESIAN_POINT('Ctrl Pts',(7.19289041513418,8.85408605997058,-1.9554554375068));
#8822=CARTESIAN_POINT('Ctrl Pts',(7.20286969435402,8.85707850560188,-1.96142790548113));
#8823=CARTESIAN_POINT('Ctrl Pts',(7.21286304864185,8.86075555100195,-1.96697511069366));
#8824=CARTESIAN_POINT('Ctrl Pts',(7.22276706398246,8.86516510273133,-1.97198632838569));
#8825=CARTESIAN_POINT('Origin',(7.12108290321351,9.09355146714198,0.));
#8826=CARTESIAN_POINT('Origin',(7.12108290321351,9.09355146714198,2.));
#8827=CARTESIAN_POINT('Origin',(5.59586998388022,9.14878379764658,-2.));
#8828=CARTESIAN_POINT('Origin',(0.,0.,-2.));
#8829=CARTESIAN_POINT('Origin',(7.1210829032135,-9.09355146714199,0.));
#8830=CARTESIAN_POINT('',(7.22276706398245,-8.86516510273134,0.));
#8831=CARTESIAN_POINT('',(6.96694690963745,-8.89672134880559,0.));
#8832=CARTESIAN_POINT('Origin',(0.,0.,0.));
#8833=CARTESIAN_POINT('Origin',(1.11022302462516E-15,2.22044604925031E-15,
2.));
#8834=CARTESIAN_POINT('',(-3.216,-10.8326979095699,0.));
#8835=CARTESIAN_POINT('Origin',(11.8160626571215,8.99461857351258,0.));
#8836=CARTESIAN_POINT('',(12.0149862708778,9.14604312862222,0.));
#8837=CARTESIAN_POINT('',(11.7143784963526,9.22300493792323,0.));
#8838=CARTESIAN_POINT('Origin',(11.8939180611948,9.30294110233879,0.));
#8839=CARTESIAN_POINT('',(7.11848567513751,7.17678161931467,0.));
#8840=CARTESIAN_POINT('Origin',(11.8160626571215,-8.99461857351259,0.));
#8841=CARTESIAN_POINT('',(11.7143784963526,-9.22300493792324,0.));
#8842=CARTESIAN_POINT('',(12.0149862708778,-9.14604312862223,0.));
#8843=CARTESIAN_POINT('Origin',(6.81554188760362,-7.04190235506858,0.));
#8844=CARTESIAN_POINT('',(7.1184856751375,-7.17678161931468,0.));
#8845=CARTESIAN_POINT('Origin',(-4.28394521095063,-12.6967638959529,0.));
#8846=CARTESIAN_POINT('',(-4.44379391285178,-13.1705237428168,2.));
#8847=CARTESIAN_POINT('',(-4.44379391285178,-13.1705237428168,0.));
#8848=CARTESIAN_POINT('Origin',(-4.28394521095063,-12.6967638959529,2.));
#8849=CARTESIAN_POINT('Origin',(0.,0.,0.));
#8850=CARTESIAN_POINT('Origin',(0.,0.,2.));
#8851=CARTESIAN_POINT('Origin',(4.28394521095063,12.6967638959529,0.));
#8852=CARTESIAN_POINT('',(4.44379391285177,13.1705237428168,2.));
#8853=CARTESIAN_POINT('',(4.44379391285177,13.1705237428168,0.));
#8854=CARTESIAN_POINT('Origin',(4.28394521095063,12.6967638959529,2.));
#8855=CARTESIAN_POINT('Origin',(0.,0.,0.));
#8856=CARTESIAN_POINT('Origin',(0.,0.,2.));
#8857=CARTESIAN_POINT('Origin',(6.9151173535996,7.63355434813597,0.));
#8858=CARTESIAN_POINT('',(6.57943204517244,7.26299345744976,0.));
#8859=CARTESIAN_POINT('Origin',(0.,0.,0.));
#8860=CARTESIAN_POINT('Origin',(6.91511735359959,-7.63355434813598,0.));
#8861=CARTESIAN_POINT('Origin',(12.1824616279514,-10.5260452537261,0.));
#8862=CARTESIAN_POINT('',(11.9790933064135,-10.9828179825474,0.));
#8863=CARTESIAN_POINT('Origin',(12.1824616279514,10.5260452537261,0.));
#8864=CARTESIAN_POINT('Origin',(0.,-2.22044604925031E-15,-2.6));
#8865=CARTESIAN_POINT('Origin',(0.,0.,-2.6));
#8866=CARTESIAN_POINT('Origin',(0.,0.,-3.15));
#8867=CARTESIAN_POINT('Origin',(-3.216,-10.8326979095699,-2.6));
#8868=CARTESIAN_POINT('Origin',(0.,0.,-2.6));
#8869=CARTESIAN_POINT('Origin',(0.,0.,0.));
#8870=CARTESIAN_POINT('Origin',(12.3141616036172,-11.132,0.));
#8871=CARTESIAN_POINT('Origin',(0.,0.,2.));
#8872=CARTESIAN_POINT('Origin',(6.71199052092156,-3.87516953405228,4.8));
#8873=CARTESIAN_POINT('',(6.21199052092156,-4.74119493783672,3.3));
#8874=CARTESIAN_POINT('Origin',(6.71199052092156,-3.87516953405228,3.3));
#8875=CARTESIAN_POINT('',(6.21199052092156,-4.74119493783672,8.3));
#8876=CARTESIAN_POINT('',(6.21199052092156,-4.74119493783672,4.8));
#8877=CARTESIAN_POINT('Origin',(6.71199052092156,-3.87516953405228,8.3));
#8878=CARTESIAN_POINT('Origin',(6.71199052092156,-3.87516953405228,8.3));
#8879=CARTESIAN_POINT('Origin',(-6.71199052092156,-3.87516953405228,4.8));
#8880=CARTESIAN_POINT('',(-7.21199052092156,-3.00914413026784,3.3));
#8881=CARTESIAN_POINT('Origin',(-6.71199052092156,-3.87516953405228,3.3));
#8882=CARTESIAN_POINT('',(-7.21199052092156,-3.00914413026784,8.3));
#8883=CARTESIAN_POINT('',(-7.21199052092156,-3.00914413026784,4.8));
#8884=CARTESIAN_POINT('Origin',(-6.71199052092156,-3.87516953405228,8.3));
#8885=CARTESIAN_POINT('Origin',(-6.71199052092156,-3.87516953405228,8.3));
#8886=CARTESIAN_POINT('Origin',(-8.71797666446914E-16,7.75033906810456,
4.8));
#8887=CARTESIAN_POINT('',(0.999999999999999,7.75033906810456,3.3));
#8888=CARTESIAN_POINT('Origin',(-8.71797666446914E-16,7.75033906810456,
3.3));
#8889=CARTESIAN_POINT('',(0.999999999999999,7.75033906810456,8.3));
#8890=CARTESIAN_POINT('',(0.999999999999999,7.75033906810456,4.8));
#8891=CARTESIAN_POINT('Origin',(-8.71797666446914E-16,7.75033906810456,
8.3));
#8892=CARTESIAN_POINT('Origin',(-8.71797666446914E-16,7.75033906810456,
8.3));
#8893=CARTESIAN_POINT('Origin',(6.71199052092156,-3.87516953405227,3.3));
#8894=CARTESIAN_POINT('',(5.82433054959202,-5.38333390682444,3.3));
#8895=CARTESIAN_POINT('Origin',(6.71199052092156,-3.87516953405228,3.3));
#8896=CARTESIAN_POINT('Origin',(-8.32667268468867E-16,7.75033906810456,
3.3));
#8897=CARTESIAN_POINT('',(1.74993864556808,7.73568516939669,3.3));
#8898=CARTESIAN_POINT('Origin',(-1.30104260698261E-15,7.75033906810456,
3.3));
#8899=CARTESIAN_POINT('Origin',(-6.71199052092156,-3.87516953405228,3.3));
#8900=CARTESIAN_POINT('',(-7.57426919516011,-2.35235126257225,3.3));
#8901=CARTESIAN_POINT('Origin',(-6.71199052092156,-3.87516953405228,3.3));
#8902=CARTESIAN_POINT('Origin',(-8.32667268468867E-16,7.75033906810456,
7.55));
#8903=CARTESIAN_POINT('',(1.74993864556808,7.73568516939669,7.55));
#8904=CARTESIAN_POINT('',(1.74993864556808,7.73568516939669,7.55));
#8905=CARTESIAN_POINT('',(-1.74993864556808,7.76499296681242,7.55));
#8906=CARTESIAN_POINT('Origin',(-8.32667268468867E-16,7.75033906810456,
7.55));
#8907=CARTESIAN_POINT('',(-1.74993864556808,7.76499296681242,5.55));
#8908=CARTESIAN_POINT('',(-1.74993864556808,7.76499296681242,7.55));
#8909=CARTESIAN_POINT('',(1.74993864556808,7.76499296681241,5.55));
#8910=CARTESIAN_POINT('Origin',(-1.30104260698261E-15,7.75033906810456,
5.55));
#8911=CARTESIAN_POINT('',(1.74993864556808,7.76499296681241,7.55));
#8912=CARTESIAN_POINT('',(1.74993864556808,7.76499296681241,7.55));
#8913=CARTESIAN_POINT('Origin',(-8.32667268468867E-16,7.75033906810456,
7.55));
#8914=CARTESIAN_POINT('Origin',(5.55111512312578E-15,8.57516953405228,5.55));
#8915=CARTESIAN_POINT('',(-2.54899830921556,10.8547274318435,5.55));
#8916=CARTESIAN_POINT('',(-1.74993864556808,7.76499296681242,5.55));
#8917=CARTESIAN_POINT('',(2.54899830921557,10.8547274318435,5.55));
#8918=CARTESIAN_POINT('Origin',(0.,0.,5.55));
#8919=CARTESIAN_POINT('',(2.54899830921557,10.8547274318435,5.55));
#8920=CARTESIAN_POINT('Origin',(-4.44089209850063E-15,1.3875,7.55));
#8921=CARTESIAN_POINT('',(-1.85396116190149,8.16721819288311,7.55));
#8922=CARTESIAN_POINT('',(-0.922119204759736,4.56405269482699,7.55));
#8923=CARTESIAN_POINT('',(1.85396116190149,8.16721819288311,7.55));
#8924=CARTESIAN_POINT('',(1.32164903658347,6.10891992734254,7.55));
#8925=CARTESIAN_POINT('',(7.99999901423795,-2.47803163260516,7.55));
#8926=CARTESIAN_POINT('Origin',(0.,0.,7.55));
#8927=CARTESIAN_POINT('',(7.5996504922511,-2.36700516128012,7.55));
#8928=CARTESIAN_POINT('',(3.58776661688134,-1.25441129472217,7.55));
#8929=CARTESIAN_POINT('',(5.82433054959202,-5.38333390682444,7.55));
#8930=CARTESIAN_POINT('Origin',(6.71199052092156,-3.87516953405228,7.55));
#8931=CARTESIAN_POINT('',(5.849711846683,-5.3979878055323,7.55));
#8932=CARTESIAN_POINT('Origin',(6.71199052092156,-3.87516953405228,7.55));
#8933=CARTESIAN_POINT('',(6.14603785233646,-5.68918656027796,7.55));
#8934=CARTESIAN_POINT('',(3.80377676504237,-3.38745300029167,7.55));
#8935=CARTESIAN_POINT('',(-6.14603785233647,-5.68918656027796,7.55));
#8936=CARTESIAN_POINT('Origin',(0.,0.,7.55));
#8937=CARTESIAN_POINT('',(-5.84971184668301,-5.3979878055323,7.55));
#8938=CARTESIAN_POINT('',(-2.66564741212161,-2.26901640010482,7.55));
#8939=CARTESIAN_POINT('',(-7.57426919516011,-2.35235126257225,7.55));
#8940=CARTESIAN_POINT('Origin',(-6.71199052092156,-3.87516953405228,7.55));
#8941=CARTESIAN_POINT('',(-7.59965049225109,-2.36700516128011,7.55));
#8942=CARTESIAN_POINT('Origin',(-6.71199052092156,-3.87516953405228,7.55));
#8943=CARTESIAN_POINT('',(-7.99999901423796,-2.47803163260515,7.55));
#8944=CARTESIAN_POINT('',(-5.12542580162584,-1.68084192705087,7.55));
#8945=CARTESIAN_POINT('Origin',(0.,0.,7.55));
#8946=CARTESIAN_POINT('Origin',(6.71199052092156,-3.87516953405228,7.55));
#8947=CARTESIAN_POINT('',(5.82433054959202,-5.38333390682444,7.55));
#8948=CARTESIAN_POINT('',(7.5996504922511,-2.36700516128012,5.55));
#8949=CARTESIAN_POINT('',(7.5996504922511,-2.36700516128012,7.55));
#8950=CARTESIAN_POINT('',(5.849711846683,-5.3979878055323,5.55));
#8951=CARTESIAN_POINT('Origin',(6.71199052092156,-3.87516953405228,5.55));
#8952=CARTESIAN_POINT('',(5.849711846683,-5.3979878055323,7.55));
#8953=CARTESIAN_POINT('Origin',(7.81847969133082,-4.88001526997915,5.55));
#8954=CARTESIAN_POINT('',(10.6749688617401,-3.2198664259375,5.55));
#8955=CARTESIAN_POINT('',(7.5996504922511,-2.36700516128012,5.55));
#8956=CARTESIAN_POINT('',(8.12597055252452,-7.63486100590602,5.55));
#8957=CARTESIAN_POINT('Origin',(0.,0.,5.55));
#8958=CARTESIAN_POINT('',(8.12597055252452,-7.63486100590602,5.55));
#8959=CARTESIAN_POINT('Origin',(-6.71199052092156,-3.87516953405228,7.55));
#8960=CARTESIAN_POINT('',(-7.57426919516011,-2.35235126257225,7.55));
#8961=CARTESIAN_POINT('',(-5.84971184668301,-5.3979878055323,5.55));
#8962=CARTESIAN_POINT('',(-5.84971184668301,-5.3979878055323,7.55));
#8963=CARTESIAN_POINT('',(-7.59965049225109,-2.36700516128011,5.55));
#8964=CARTESIAN_POINT('Origin',(-6.71199052092156,-3.87516953405228,5.55));
#8965=CARTESIAN_POINT('',(-7.59965049225109,-2.36700516128011,7.55));
#8966=CARTESIAN_POINT('Origin',(-7.81847969133083,-4.88001526997915,5.55));
#8967=CARTESIAN_POINT('',(-8.12597055252453,-7.63486100590602,5.55));
#8968=CARTESIAN_POINT('',(-5.84971184668301,-5.3979878055323,5.55));
#8969=CARTESIAN_POINT('',(-10.6749688617401,-3.21986642593749,5.55));
#8970=CARTESIAN_POINT('Origin',(0.,0.,5.55));
#8971=CARTESIAN_POINT('',(-10.6749688617401,-3.21986642593749,5.55));
#8972=CARTESIAN_POINT('Origin',(10.6749688617401,-3.21986642593751,7.55));
#8973=CARTESIAN_POINT('',(7.99999901423795,-2.47803163260516,9.55));
#8974=CARTESIAN_POINT('',(7.99999901423795,-2.47803163260516,7.55));
#8975=CARTESIAN_POINT('',(10.6749688617401,-3.2198664259375,9.55));
#8976=CARTESIAN_POINT('',(7.5996504922511,-2.36700516128012,9.55));
#8977=CARTESIAN_POINT('',(10.6749688617401,-3.2198664259375,7.55));
#8978=CARTESIAN_POINT('Origin',(0.,0.,7.55));
#8979=CARTESIAN_POINT('',(8.12597055252452,-7.63486100590602,9.55));
#8980=CARTESIAN_POINT('Origin',(0.,0.,9.55));
#8981=CARTESIAN_POINT('',(8.12597055252452,-7.63486100590602,7.55));
#8982=CARTESIAN_POINT('Origin',(6.14603785233646,-5.68918656027796,7.55));
#8983=CARTESIAN_POINT('',(6.14603785233646,-5.68918656027796,9.55));
#8984=CARTESIAN_POINT('',(8.12597055252452,-7.63486100590602,9.55));
#8985=CARTESIAN_POINT('',(6.14603785233646,-5.68918656027796,7.55));
#8986=CARTESIAN_POINT('Origin',(0.,0.,7.55));
#8987=CARTESIAN_POINT('',(-6.14603785233647,-5.68918656027796,9.55));
#8988=CARTESIAN_POINT('Origin',(0.,0.,9.55));
#8989=CARTESIAN_POINT('',(-6.14603785233647,-5.68918656027796,7.55));
#8990=CARTESIAN_POINT('Origin',(-8.12597055252453,-7.63486100590601,7.55));
#8991=CARTESIAN_POINT('',(-8.12597055252453,-7.63486100590602,9.55));
#8992=CARTESIAN_POINT('',(-5.84971184668301,-5.3979878055323,9.55));
#8993=CARTESIAN_POINT('',(-8.12597055252453,-7.63486100590602,7.55));
#8994=CARTESIAN_POINT('Origin',(0.,0.,7.55));
#8995=CARTESIAN_POINT('',(-10.6749688617401,-3.21986642593749,9.55));
#8996=CARTESIAN_POINT('Origin',(0.,0.,9.55));
#8997=CARTESIAN_POINT('',(-10.6749688617401,-3.21986642593749,7.55));
#8998=CARTESIAN_POINT('Origin',(-7.99999901423796,-2.47803163260515,7.55));
#8999=CARTESIAN_POINT('',(-7.99999901423796,-2.47803163260515,9.55));
#9000=CARTESIAN_POINT('',(-10.6749688617401,-3.21986642593749,9.55));
#9001=CARTESIAN_POINT('',(-7.99999901423796,-2.47803163260515,7.55));
#9002=CARTESIAN_POINT('Origin',(0.,0.,7.55));
#9003=CARTESIAN_POINT('',(-1.85396116190149,8.16721819288311,9.55));
#9004=CARTESIAN_POINT('Origin',(0.,0.,9.55));
#9005=CARTESIAN_POINT('',(-1.85396116190149,8.16721819288311,7.55));
#9006=CARTESIAN_POINT('Origin',(-2.54899830921556,10.8547274318435,7.55));
#9007=CARTESIAN_POINT('',(-2.54899830921556,10.8547274318435,9.55));
#9008=CARTESIAN_POINT('',(-1.74993864556808,7.76499296681242,9.55));
#9009=CARTESIAN_POINT('',(-2.54899830921556,10.8547274318435,7.55));
#9010=CARTESIAN_POINT('Origin',(0.,0.,7.55));
#9011=CARTESIAN_POINT('',(2.54899830921557,10.8547274318435,9.55));
#9012=CARTESIAN_POINT('Origin',(0.,0.,9.55));
#9013=CARTESIAN_POINT('',(2.54899830921557,10.8547274318435,7.55));
#9014=CARTESIAN_POINT('Origin',(1.85396116190149,8.16721819288311,7.55));
#9015=CARTESIAN_POINT('',(1.85396116190149,8.16721819288311,9.55));
#9016=CARTESIAN_POINT('',(2.54899830921557,10.8547274318435,9.55));
#9017=CARTESIAN_POINT('',(1.85396116190149,8.16721819288311,7.55));
#9018=CARTESIAN_POINT('Origin',(0.,0.,7.55));
#9019=CARTESIAN_POINT('Origin',(0.,0.,9.55));
#9020=CARTESIAN_POINT('Origin',(-4.44089209850063E-15,1.3875,9.55));
#9021=UNCERTAINTY_MEASURE_WITH_UNIT(LENGTH_MEASURE(0.01),#9025,
'DISTANCE_ACCURACY_VALUE',
'Maximum model space distance between geometric entities at asserted c
onnectivities');
#9022=UNCERTAINTY_MEASURE_WITH_UNIT(LENGTH_MEASURE(0.01),#9025,
'DISTANCE_ACCURACY_VALUE',
'Maximum model space distance between geometric entities at asserted c
onnectivities');
#9023=(
GEOMETRIC_REPRESENTATION_CONTEXT(3)
GLOBAL_UNCERTAINTY_ASSIGNED_CONTEXT((#9021))
GLOBAL_UNIT_ASSIGNED_CONTEXT((#9025,#9027,#9028))
REPRESENTATION_CONTEXT('','3D')
);
#9024=(
GEOMETRIC_REPRESENTATION_CONTEXT(3)
GLOBAL_UNCERTAINTY_ASSIGNED_CONTEXT((#9022))
GLOBAL_UNIT_ASSIGNED_CONTEXT((#9025,#9027,#9028))
REPRESENTATION_CONTEXT('','3D')
);
#9025=(
LENGTH_UNIT()
NAMED_UNIT(*)
SI_UNIT(.MILLI.,.METRE.)
);
#9026=(
LENGTH_UNIT()
NAMED_UNIT(*)
SI_UNIT($,.METRE.)
);
#9027=(
NAMED_UNIT(*)
PLANE_ANGLE_UNIT()
SI_UNIT($,.RADIAN.)
);
#9028=(
NAMED_UNIT(*)
SI_UNIT($,.STERADIAN.)
SOLID_ANGLE_UNIT()
);
#9029=SHAPE_DEFINITION_REPRESENTATION(#9030,#9031);
#9030=PRODUCT_DEFINITION_SHAPE('',$,#9033);
#9031=SHAPE_REPRESENTATION('',(#4941),#9023);
#9032=PRODUCT_DEFINITION_CONTEXT('part definition',#9037,'design');
#9033=PRODUCT_DEFINITION('UX Blade ALT','(Unsaved)',#9034,#9032);
#9034=PRODUCT_DEFINITION_FORMATION('',$,#9039);
#9035=PRODUCT_RELATED_PRODUCT_CATEGORY('(Unsaved)','(Unsaved)',(#9039));
#9036=APPLICATION_PROTOCOL_DEFINITION('international standard',
'automotive_design',2009,#9037);
#9037=APPLICATION_CONTEXT(
'Core Data for Automotive Mechanical Design Process');
#9038=PRODUCT_CONTEXT('part definition',#9037,'mechanical');
#9039=PRODUCT('UX Blade ALT','(Unsaved)',$,(#9038));
#9040=PRESENTATION_STYLE_ASSIGNMENT((#9041));
#9041=SURFACE_STYLE_USAGE(.BOTH.,#9042);
#9042=SURFACE_SIDE_STYLE('',(#9043));
#9043=SURFACE_STYLE_FILL_AREA(#9044);
#9044=FILL_AREA_STYLE('ABS (White)',(#9045));
#9045=FILL_AREA_STYLE_COLOUR('ABS (White)',#9046);
#9046=COLOUR_RGB('ABS (White)',0.964705882352941,0.964705882352941,0.952941176470588);
ENDSEC;
END-ISO-10303-21;
