ISO-10303-21;
HEADER;
/* Generated by software containing ST-Developer
 * from STEP Tools, Inc. (www.steptools.com) 
 */

FILE_DESCRIPTION(
/* description */ (''),
/* implementation_level */ '2;1');

FILE_NAME(
/* name */ 'CX Assist Blade (50).step',
/* time_stamp */ '2026-09-26T01:52:08-04:00',
/* author */ (''),
/* organization */ (''),
/* preprocessor_version */ 'ST-DEVELOPER v20.2',
/* originating_system */ 'Autodesk Translation Framework v15.15.0.0',
/* authorisation */ '');

FILE_SCHEMA (('AUTOMOTIVE_DESIGN { 1 0 10303 214 3 1 1 }'));
ENDSEC;

DATA;
#10=MECHANICAL_DESIGN_GEOMETRIC_PRESENTATION_REPRESENTATION('',(#13),#8579);
#11=SHAPE_REPRESENTATION_RELATIONSHIP('SRR','None',#8586,#12);
#12=ADVANCED_BREP_SHAPE_REPRESENTATION('',(#14),#8578);
#13=STYLED_ITEM('',(#8596),#14);
#14=MANIFOLD_SOLID_BREP('CX Assist Blade (50)',#4675);
#15=TOROIDAL_SURFACE('',#5126,11.55,0.25);
#16=TOROIDAL_SURFACE('',#5135,11.55,0.25);
#17=(
BOUNDED_SURFACE()
B_SPLINE_SURFACE(2,2,((#8473,#8474,#8475),(#8476,#8477,#8478),(#8479,#8480,
#8481)),.UNSPECIFIED.,.F.,.F.,.F.)
B_SPLINE_SURFACE_WITH_KNOTS((3,3),(3,3),(-1.5707963267949,5.55111512312582E-15),
(-2.22198055003462,-1.15191730631621),.UNSPECIFIED.)
GEOMETRIC_REPRESENTATION_ITEM()
RATIONAL_B_SPLINE_SURFACE(((1.,0.860252506723084,1.),(0.707106781186545,
0.608290381036616,0.707106781186545),(1.,0.860252506723084,1.)))
REPRESENTATION_ITEM('')
SURFACE()
);
#18=(
BOUNDED_SURFACE()
B_SPLINE_SURFACE(2,2,((#8494,#8495,#8496),(#8497,#8498,#8499),(#8500,#8501,
#8502)),.UNSPECIFIED.,.F.,.F.,.F.)
B_SPLINE_SURFACE_WITH_KNOTS((3,3),(3,3),(-1.5707963267949,4.44089209850066E-15),
(0.919612103555149,1.98967534727356),.UNSPECIFIED.)
GEOMETRIC_REPRESENTATION_ITEM()
RATIONAL_B_SPLINE_SURFACE(((1.,0.860252506723084,1.),(0.707106781186538,
0.60829038103661,0.707106781186538),(1.,0.860252506723084,1.)))
REPRESENTATION_ITEM('')
SURFACE()
);
#19=B_SPLINE_SURFACE_WITH_KNOTS('',3,3,((#7715,#7716,#7717,#7718),(#7719,
#7720,#7721,#7722),(#7723,#7724,#7725,#7726),(#7727,#7728,#7729,#7730)),
 .UNSPECIFIED.,.F.,.F.,.F.,(4,4),(4,4),(0.,1.),(1.3436701224514,1.46606468398461),
 .UNSPECIFIED.);
#20=B_SPLINE_SURFACE_WITH_KNOTS('',3,3,((#7744,#7745,#7746,#7747,#7748,
#7749,#7750,#7751),(#7752,#7753,#7754,#7755,#7756,#7757,#7758,#7759),(#7760,
#7761,#7762,#7763,#7764,#7765,#7766,#7767),(#7768,#7769,#7770,#7771,#7772,
#7773,#7774,#7775)),.UNSPECIFIED.,.F.,.F.,.F.,(4,4),(4,2,2,4),(0.,1.),(0.405918354682065,
0.427458379829627,0.602982114492397,0.613681982963767),.UNSPECIFIED.);
#21=B_SPLINE_SURFACE_WITH_KNOTS('',3,3,((#7815,#7816,#7817,#7818,#7819,
#7820,#7821,#7822),(#7823,#7824,#7825,#7826,#7827,#7828,#7829,#7830),(#7831,
#7832,#7833,#7834,#7835,#7836,#7837,#7838),(#7839,#7840,#7841,#7842,#7843,
#7844,#7845,#7846)),.UNSPECIFIED.,.F.,.F.,.F.,(4,4),(4,2,2,4),(0.,1.),(0.405918354682151,
0.427458379829698,0.602982114492383,0.613681982963826),.UNSPECIFIED.);
#22=B_SPLINE_SURFACE_WITH_KNOTS('',3,3,((#7872,#7873,#7874,#7875),(#7876,
#7877,#7878,#7879),(#7880,#7881,#7882,#7883),(#7884,#7885,#7886,#7887)),
 .UNSPECIFIED.,.F.,.F.,.F.,(4,4),(4,4),(0.,1.),(1.3436701224514,1.46606468398461),
 .UNSPECIFIED.);
#23=B_SPLINE_SURFACE_WITH_KNOTS('',3,3,((#8030,#8031,#8032,#8033),(#8034,
#8035,#8036,#8037),(#8038,#8039,#8040,#8041),(#8042,#8043,#8044,#8045)),
 .UNSPECIFIED.,.F.,.F.,.F.,(4,4),(4,4),(0.,1.),(0.177016804772388,0.197708204221214),
 .UNSPECIFIED.);
#24=B_SPLINE_SURFACE_WITH_KNOTS('',3,3,((#8063,#8064,#8065,#8066),(#8067,
#8068,#8069,#8070),(#8071,#8072,#8073,#8074),(#8075,#8076,#8077,#8078)),
 .UNSPECIFIED.,.F.,.F.,.F.,(4,4),(4,4),(0.,1.),(0.177016804772205,0.197708204221021),
 .UNSPECIFIED.);
#25=B_SPLINE_SURFACE_WITH_KNOTS('',3,3,((#8117,#8118,#8119,#8120),(#8121,
#8122,#8123,#8124),(#8125,#8126,#8127,#8128),(#8129,#8130,#8131,#8132)),
 .UNSPECIFIED.,.F.,.F.,.F.,(4,4),(4,4),(0.,1.),(0.0190091401515023,0.177016804772205),
 .UNSPECIFIED.);
#26=B_SPLINE_SURFACE_WITH_KNOTS('',3,3,((#8228,#8229,#8230,#8231),(#8232,
#8233,#8234,#8235),(#8236,#8237,#8238,#8239),(#8240,#8241,#8242,#8243)),
 .UNSPECIFIED.,.F.,.F.,.F.,(4,4),(4,4),(0.,1.),(0.0190091401514788,0.177016804772388),
 .UNSPECIFIED.);
#27=B_SPLINE_SURFACE_WITH_KNOTS('',3,3,((#8255,#8256,#8257,#8258),(#8259,
#8260,#8261,#8262),(#8263,#8264,#8265,#8266),(#8267,#8268,#8269,#8270)),
 .UNSPECIFIED.,.F.,.F.,.F.,(4,4),(4,4),(0.,1.),(4.80315606997373,4.91884321522117),
 .UNSPECIFIED.);
#28=B_SPLINE_SURFACE_WITH_KNOTS('',3,3,((#8314,#8315,#8316,#8317),(#8318,
#8319,#8320,#8321),(#8322,#8323,#8324,#8325),(#8326,#8327,#8328,#8329)),
 .UNSPECIFIED.,.F.,.F.,.F.,(4,4),(4,4),(0.,1.),(4.80315606997373,4.91884321522117),
 .UNSPECIFIED.);
#29=FACE_BOUND('',#672,.T.);
#30=FACE_BOUND('',#676,.T.);
#31=FACE_BOUND('',#729,.T.);
#32=ELLIPSE('',#4828,0.64970507097749,0.459410861459471);
#33=ELLIPSE('',#4829,0.64970507097749,0.459410861459471);
#34=ELLIPSE('',#4832,0.353553390593274,0.25);
#35=ELLIPSE('',#4833,0.353553390593274,0.25);
#36=ELLIPSE('',#4835,12.7279220613579,9.);
#37=ELLIPSE('',#4842,0.649705070977489,0.459410861459471);
#38=ELLIPSE('',#4843,0.64970507097749,0.459410861459471);
#39=ELLIPSE('',#4846,0.353553390593274,0.25);
#40=ELLIPSE('',#4847,0.353553390593273,0.25);
#41=ELLIPSE('',#4855,0.649705070977489,0.45941086145947);
#42=ELLIPSE('',#4856,0.649705070977491,0.459410861459471);
#43=ELLIPSE('',#4859,0.353553390593274,0.25);
#44=ELLIPSE('',#4860,0.353553390593273,0.25);
#45=ELLIPSE('',#4867,12.7279220613579,9.);
#46=ELLIPSE('',#4870,12.7279220613579,9.);
#47=ELLIPSE('',#4872,12.7279220613578,9.);
#48=ELLIPSE('',#4874,12.7279220613579,9.);
#49=ELLIPSE('',#4876,12.7279220613579,9.);
#50=CYLINDRICAL_SURFACE('',#4708,16.6000000000007);
#51=CYLINDRICAL_SURFACE('',#4781,15.7);
#52=CYLINDRICAL_SURFACE('',#4797,13.8);
#53=CYLINDRICAL_SURFACE('',#4815,15.7);
#54=CYLINDRICAL_SURFACE('',#4816,13.8);
#55=CYLINDRICAL_SURFACE('',#4818,13.8);
#56=CYLINDRICAL_SURFACE('',#4822,0.25);
#57=CYLINDRICAL_SURFACE('',#4826,0.459410861459471);
#58=CYLINDRICAL_SURFACE('',#4831,0.25);
#59=CYLINDRICAL_SURFACE('',#4836,0.25);
#60=CYLINDRICAL_SURFACE('',#4840,0.459410861459471);
#61=CYLINDRICAL_SURFACE('',#4845,0.25);
#62=CYLINDRICAL_SURFACE('',#4849,0.25);
#63=CYLINDRICAL_SURFACE('',#4853,0.459410861459471);
#64=CYLINDRICAL_SURFACE('',#4858,0.25);
#65=CYLINDRICAL_SURFACE('',#4865,9.);
#66=CYLINDRICAL_SURFACE('',#4894,11.);
#67=CYLINDRICAL_SURFACE('',#4911,6.7);
#68=CYLINDRICAL_SURFACE('',#4914,7.1);
#69=CYLINDRICAL_SURFACE('',#4924,6.7);
#70=CYLINDRICAL_SURFACE('',#4927,7.1);
#71=CYLINDRICAL_SURFACE('',#4938,6.7);
#72=CYLINDRICAL_SURFACE('',#4941,7.1);
#73=CYLINDRICAL_SURFACE('',#4969,15.7);
#74=CYLINDRICAL_SURFACE('',#5027,9.8);
#75=CYLINDRICAL_SURFACE('',#5028,1.);
#76=CYLINDRICAL_SURFACE('',#5030,0.5);
#77=CYLINDRICAL_SURFACE('',#5031,15.1);
#78=CYLINDRICAL_SURFACE('',#5032,0.5);
#79=CYLINDRICAL_SURFACE('',#5034,1.);
#80=CYLINDRICAL_SURFACE('',#5092,12.95);
#81=CYLINDRICAL_SURFACE('',#5096,11.3);
#82=CYLINDRICAL_SURFACE('',#5099,0.5);
#83=CYLINDRICAL_SURFACE('',#5102,1.);
#84=CYLINDRICAL_SURFACE('',#5104,1.);
#85=CYLINDRICAL_SURFACE('',#5111,9.8);
#86=CYLINDRICAL_SURFACE('',#5112,1.);
#87=CYLINDRICAL_SURFACE('',#5115,1.);
#88=CYLINDRICAL_SURFACE('',#5117,1.);
#89=CYLINDRICAL_SURFACE('',#5119,1.);
#90=CYLINDRICAL_SURFACE('',#5125,0.25);
#91=CYLINDRICAL_SURFACE('',#5128,0.5);
#92=CYLINDRICAL_SURFACE('',#5134,0.25);
#93=CYLINDRICAL_SURFACE('',#5138,0.5);
#94=CYLINDRICAL_SURFACE('',#5143,11.3);
#95=CYLINDRICAL_SURFACE('',#5144,0.5);
#96=CYLINDRICAL_SURFACE('',#5146,0.5);
#97=CYLINDRICAL_SURFACE('',#5147,0.5);
#98=CYLINDRICAL_SURFACE('',#5148,15.1000000000007);
#99=CYLINDRICAL_SURFACE('',#5151,12.95);
#100=CONICAL_SURFACE('',#4703,16.3500000000007,0.785398163397448);
#101=CONICAL_SURFACE('',#4729,14.05,0.785398163397451);
#102=CONICAL_SURFACE('',#4731,16.3500000000007,0.785398163397448);
#103=CONICAL_SURFACE('',#4733,15.45,0.785398163397443);
#104=CONICAL_SURFACE('',#4746,14.05,0.785398163397448);
#105=CONICAL_SURFACE('',#4751,15.45,0.785398163397443);
#106=CONICAL_SURFACE('',#4754,16.3500000000007,0.785398163397448);
#107=CONICAL_SURFACE('',#4756,14.05,0.785398163397448);
#108=CONICAL_SURFACE('',#4763,16.3500000000007,0.785398163397444);
#109=CONICAL_SURFACE('',#4771,15.45,0.785398163397443);
#110=CONICAL_SURFACE('',#4774,16.3500000000007,0.785398163397444);
#111=CONICAL_SURFACE('',#4784,16.3500000000007,0.785398163397446);
#112=CONICAL_SURFACE('',#4823,6.925,0.785398163397447);
#113=CONICAL_SURFACE('',#4837,6.925,0.785398163397449);
#114=CONICAL_SURFACE('',#4850,6.925,0.785398163397449);
#115=CONICAL_SURFACE('',#4862,9.25,0.785398163397449);
#116=CONICAL_SURFACE('',#4891,10.75,0.785398163397448);
#117=CONICAL_SURFACE('',#4907,7.325,0.785398163397449);
#118=CONICAL_SURFACE('',#4920,7.325,0.785398163397448);
#119=CONICAL_SURFACE('',#4934,7.325,0.785398163397451);
#120=CONICAL_SURFACE('',#4945,7.325,0.785398163397449);
#121=CONICAL_SURFACE('',#4947,9.225,0.785398163397448);
#122=CONICAL_SURFACE('',#4949,6.925,0.785398163397449);
#123=CONICAL_SURFACE('',#4950,9.225,0.785398163397448);
#124=CONICAL_SURFACE('',#4952,6.925,0.785398163397449);
#125=CONICAL_SURFACE('',#4953,7.325,0.785398163397448);
#126=CONICAL_SURFACE('',#4956,7.325,0.785398163397453);
#127=CONICAL_SURFACE('',#4957,9.225,0.785398163397448);
#128=CONICAL_SURFACE('',#4959,6.925,0.785398163397449);
#129=CONICAL_SURFACE('',#4963,14.15,0.785398163397447);
#130=CONICAL_SURFACE('',#4965,14.15,0.785398163397449);
#131=CONICAL_SURFACE('',#4967,14.15,0.785398163397449);
#132=CONICAL_SURFACE('',#4979,10.05,0.785398163397451);
#133=CONICAL_SURFACE('',#4984,0.75,0.785398163397448);
#134=CONICAL_SURFACE('',#4987,10.05,0.785398163397451);
#135=CONICAL_SURFACE('',#4990,10.05,0.785398163397449);
#136=CONICAL_SURFACE('',#4993,0.75,0.785398163397448);
#137=CONICAL_SURFACE('',#4997,0.75,0.785398163397448);
#138=CONICAL_SURFACE('',#5000,15.35,0.78539816339745);
#139=CONICAL_SURFACE('',#5003,0.75,0.785398163397449);
#140=CONICAL_SURFACE('',#5007,0.75,0.785398163397449);
#141=CONICAL_SURFACE('',#5010,10.05,0.785398163397448);
#142=CONICAL_SURFACE('',#5013,0.75,0.785398163397449);
#143=CONICAL_SURFACE('',#5017,0.750000000000001,0.785398163397449);
#144=CONICAL_SURFACE('',#5020,15.3500000000007,0.78539816339745);
#145=CONICAL_SURFACE('',#5023,0.75,0.785398163397449);
#146=CONICAL_SURFACE('',#5043,13.8,0.785398163397447);
#147=CONICAL_SURFACE('',#5050,12.7,0.785398163397444);
#148=CONICAL_SURFACE('',#5055,11.05,0.785398163397447);
#149=CONICAL_SURFACE('',#5059,0.75,0.785398163397449);
#150=CONICAL_SURFACE('',#5061,16.3500000000003,0.785398163398137);
#151=CONICAL_SURFACE('',#5062,0.75,0.785398163397448);
#152=CONICAL_SURFACE('',#5065,0.75,0.785398163397448);
#153=CONICAL_SURFACE('',#5067,11.05,0.785398163397449);
#154=CONICAL_SURFACE('',#5070,12.7,0.785398163397449);
#155=CONICAL_SURFACE('',#5074,11.05,0.785398163397449);
#156=CONICAL_SURFACE('',#5076,0.75,0.785398163397448);
#157=CONICAL_SURFACE('',#5079,16.3500000000007,0.785398163397447);
#158=CONICAL_SURFACE('',#5081,0.75,0.785398163397449);
#159=CONICAL_SURFACE('',#5085,0.75,0.785398163397448);
#160=CONICAL_SURFACE('',#5088,11.05,0.78539816339745);
#161=CONICAL_SURFACE('',#5106,13.8,0.785398163397448);
#162=(
BOUNDED_CURVE()
B_SPLINE_CURVE(2,(#6517,#6518,#6519),.UNSPECIFIED.,.F.,.F.)
B_SPLINE_CURVE_WITH_KNOTS((3,3),(0.,0.0733248301827689),.UNSPECIFIED.)
CURVE()
GEOMETRIC_REPRESENTATION_ITEM()
RATIONAL_B_SPLINE_CURVE((1.,1.,1.))
REPRESENTATION_ITEM('')
);
#163=(
BOUNDED_CURVE()
B_SPLINE_CURVE(2,(#6616,#6617,#6618),.UNSPECIFIED.,.F.,.F.)
B_SPLINE_CURVE_WITH_KNOTS((3,3),(0.,0.122266542607832),.UNSPECIFIED.)
CURVE()
GEOMETRIC_REPRESENTATION_ITEM()
RATIONAL_B_SPLINE_CURVE((1.,1.00062792745211,1.))
REPRESENTATION_ITEM('')
);
#164=(
BOUNDED_CURVE()
B_SPLINE_CURVE(2,(#6621,#6622,#6623),.UNSPECIFIED.,.F.,.F.)
B_SPLINE_CURVE_WITH_KNOTS((3,3),(0.0346743708084334,0.0861013919456462),
 .UNSPECIFIED.)
CURVE()
GEOMETRIC_REPRESENTATION_ITEM()
RATIONAL_B_SPLINE_CURVE((1.,1.,1.))
REPRESENTATION_ITEM('')
);
#165=(
BOUNDED_CURVE()
B_SPLINE_CURVE(2,(#6625,#6626,#6627),.UNSPECIFIED.,.F.,.F.)
B_SPLINE_CURVE_WITH_KNOTS((3,3),(0.0448448816560468,0.0757017570224224),
 .UNSPECIFIED.)
CURVE()
GEOMETRIC_REPRESENTATION_ITEM()
RATIONAL_B_SPLINE_CURVE((1.00242337541271,1.0031803586308,1.00383171450883))
REPRESENTATION_ITEM('')
);
#166=(
BOUNDED_CURVE()
B_SPLINE_CURVE(2,(#6681,#6682,#6683),.UNSPECIFIED.,.F.,.F.)
B_SPLINE_CURVE_WITH_KNOTS((3,3),(0.,0.0733248301827692),.UNSPECIFIED.)
CURVE()
GEOMETRIC_REPRESENTATION_ITEM()
RATIONAL_B_SPLINE_CURVE((1.,1.,1.))
REPRESENTATION_ITEM('')
);
#167=(
BOUNDED_CURVE()
B_SPLINE_CURVE(2,(#6704,#6705,#6706),.UNSPECIFIED.,.F.,.F.)
B_SPLINE_CURVE_WITH_KNOTS((3,3),(0.,0.122266542607832),.UNSPECIFIED.)
CURVE()
GEOMETRIC_REPRESENTATION_ITEM()
RATIONAL_B_SPLINE_CURVE((1.,1.00062792745232,1.))
REPRESENTATION_ITEM('')
);
#168=(
BOUNDED_CURVE()
B_SPLINE_CURVE(2,(#6711,#6712,#6713),.UNSPECIFIED.,.F.,.F.)
B_SPLINE_CURVE_WITH_KNOTS((3,3),(0.0346743708084452,0.0861013919456465),
 .UNSPECIFIED.)
CURVE()
GEOMETRIC_REPRESENTATION_ITEM()
RATIONAL_B_SPLINE_CURVE((1.,1.,1.))
REPRESENTATION_ITEM('')
);
#169=(
BOUNDED_CURVE()
B_SPLINE_CURVE(2,(#6715,#6716,#6717),.UNSPECIFIED.,.F.,.F.)
B_SPLINE_CURVE_WITH_KNOTS((3,3),(0.0448448816560458,0.0757017570224206),
 .UNSPECIFIED.)
CURVE()
GEOMETRIC_REPRESENTATION_ITEM()
RATIONAL_B_SPLINE_CURVE((1.00242337541272,1.00318035863081,1.00383171450884))
REPRESENTATION_ITEM('')
);
#170=(
BOUNDED_CURVE()
B_SPLINE_CURVE(2,(#6725,#6726,#6727),.UNSPECIFIED.,.F.,.F.)
B_SPLINE_CURVE_WITH_KNOTS((3,3),(0.0346743708084205,0.0861013919456462),
 .UNSPECIFIED.)
CURVE()
GEOMETRIC_REPRESENTATION_ITEM()
RATIONAL_B_SPLINE_CURVE((1.,1.,1.))
REPRESENTATION_ITEM('')
);
#171=(
BOUNDED_CURVE()
B_SPLINE_CURVE(2,(#6760,#6761,#6762),.UNSPECIFIED.,.F.,.F.)
B_SPLINE_CURVE_WITH_KNOTS((3,3),(0.0448448816560475,0.0757017570224234),
 .UNSPECIFIED.)
CURVE()
GEOMETRIC_REPRESENTATION_ITEM()
RATIONAL_B_SPLINE_CURVE((1.00242337541271,1.0031803586308,1.00383171450883))
REPRESENTATION_ITEM('')
);
#172=(
BOUNDED_CURVE()
B_SPLINE_CURVE(2,(#6765,#6766,#6767),.UNSPECIFIED.,.F.,.F.)
B_SPLINE_CURVE_WITH_KNOTS((3,3),(0.,0.0733248301828921),.UNSPECIFIED.)
CURVE()
GEOMETRIC_REPRESENTATION_ITEM()
RATIONAL_B_SPLINE_CURVE((1.,1.,1.))
REPRESENTATION_ITEM('')
);
#173=(
BOUNDED_CURVE()
B_SPLINE_CURVE(2,(#6772,#6773,#6774),.UNSPECIFIED.,.F.,.F.)
B_SPLINE_CURVE_WITH_KNOTS((3,3),(0.258533098184503,0.32825735947921),
 .UNSPECIFIED.)
CURVE()
GEOMETRIC_REPRESENTATION_ITEM()
RATIONAL_B_SPLINE_CURVE((1.0078383591695,1.00812133657243,1.00798683467375))
REPRESENTATION_ITEM('')
);
#174=(
BOUNDED_CURVE()
B_SPLINE_CURVE(2,(#6851,#6852,#6853),.UNSPECIFIED.,.F.,.F.)
B_SPLINE_CURVE_WITH_KNOTS((3,3),(0.258533098184503,0.328257359479211),
 .UNSPECIFIED.)
CURVE()
GEOMETRIC_REPRESENTATION_ITEM()
RATIONAL_B_SPLINE_CURVE((1.00783835916949,1.00812133657243,1.00798683467375))
REPRESENTATION_ITEM('')
);
#175=(
BOUNDED_CURVE()
B_SPLINE_CURVE(2,(#6909,#6910,#6911),.UNSPECIFIED.,.F.,.F.)
B_SPLINE_CURVE_WITH_KNOTS((3,3),(0.258533098184501,0.328257359479208),
 .UNSPECIFIED.)
CURVE()
GEOMETRIC_REPRESENTATION_ITEM()
RATIONAL_B_SPLINE_CURVE((1.0078383591695,1.00812133657244,1.00798683467376))
REPRESENTATION_ITEM('')
);
#176=(
BOUNDED_CURVE()
B_SPLINE_CURVE(2,(#6970,#6971,#6972),.UNSPECIFIED.,.F.,.F.)
B_SPLINE_CURVE_WITH_KNOTS((3,3),(0.,0.122266542607833),.UNSPECIFIED.)
CURVE()
GEOMETRIC_REPRESENTATION_ITEM()
RATIONAL_B_SPLINE_CURVE((1.,1.00062792745316,1.))
REPRESENTATION_ITEM('')
);
#177=(
BOUNDED_CURVE()
B_SPLINE_CURVE(2,(#7583,#7584,#7585),.UNSPECIFIED.,.F.,.F.)
B_SPLINE_CURVE_WITH_KNOTS((3,3),(-2.83051309945248,-2.83031827531184),
 .UNSPECIFIED.)
CURVE()
GEOMETRIC_REPRESENTATION_ITEM()
RATIONAL_B_SPLINE_CURVE((1.,1.,1.))
REPRESENTATION_ITEM('')
);
#178=(
BOUNDED_CURVE()
B_SPLINE_CURVE(2,(#7602,#7603,#7604),.UNSPECIFIED.,.F.,.F.)
B_SPLINE_CURVE_WITH_KNOTS((3,3),(0.,0.00255804850343219),.UNSPECIFIED.)
CURVE()
GEOMETRIC_REPRESENTATION_ITEM()
RATIONAL_B_SPLINE_CURVE((1.,1.,1.))
REPRESENTATION_ITEM('')
);
#179=(
BOUNDED_CURVE()
B_SPLINE_CURVE(2,(#7620,#7621,#7622),.UNSPECIFIED.,.F.,.F.)
B_SPLINE_CURVE_WITH_KNOTS((3,3),(0.,0.00255804850336514),.UNSPECIFIED.)
CURVE()
GEOMETRIC_REPRESENTATION_ITEM()
RATIONAL_B_SPLINE_CURVE((1.,1.,1.))
REPRESENTATION_ITEM('')
);
#180=(
BOUNDED_CURVE()
B_SPLINE_CURVE(2,(#7648,#7649,#7650),.UNSPECIFIED.,.F.,.F.)
B_SPLINE_CURVE_WITH_KNOTS((3,3),(2.68216607870847,2.68283096756445),
 .UNSPECIFIED.)
CURVE()
GEOMETRIC_REPRESENTATION_ITEM()
RATIONAL_B_SPLINE_CURVE((1.,1.,1.))
REPRESENTATION_ITEM('')
);
#181=(
BOUNDED_CURVE()
B_SPLINE_CURVE(2,(#7660,#7661,#7662),.UNSPECIFIED.,.F.,.F.)
B_SPLINE_CURVE_WITH_KNOTS((3,3),(-2.83051309945249,-2.83031827531184),
 .UNSPECIFIED.)
CURVE()
GEOMETRIC_REPRESENTATION_ITEM()
RATIONAL_B_SPLINE_CURVE((1.,1.,1.))
REPRESENTATION_ITEM('')
);
#182=(
BOUNDED_CURVE()
B_SPLINE_CURVE(2,(#7712,#7713,#7714),.UNSPECIFIED.,.F.,.F.)
B_SPLINE_CURVE_WITH_KNOTS((3,3),(-0.254083807688781,-0.252053473246404),
 .UNSPECIFIED.)
CURVE()
GEOMETRIC_REPRESENTATION_ITEM()
RATIONAL_B_SPLINE_CURVE((1.,1.,1.))
REPRESENTATION_ITEM('')
);
#183=(
BOUNDED_CURVE()
B_SPLINE_CURVE(2,(#7812,#7813,#7814),.UNSPECIFIED.,.F.,.F.)
B_SPLINE_CURVE_WITH_KNOTS((3,3),(2.68216607870848,2.68283096756446),
 .UNSPECIFIED.)
CURVE()
GEOMETRIC_REPRESENTATION_ITEM()
RATIONAL_B_SPLINE_CURVE((1.,1.,1.))
REPRESENTATION_ITEM('')
);
#184=(
BOUNDED_CURVE()
B_SPLINE_CURVE(2,(#7935,#7936,#7937),.UNSPECIFIED.,.F.,.F.)
B_SPLINE_CURVE_WITH_KNOTS((3,3),(-0.25408380768885,-0.252053473246404),
 .UNSPECIFIED.)
CURVE()
GEOMETRIC_REPRESENTATION_ITEM()
RATIONAL_B_SPLINE_CURVE((1.,1.,1.))
REPRESENTATION_ITEM('')
);
#185=(
BOUNDED_CURVE()
B_SPLINE_CURVE(2,(#7959,#7960,#7961),.UNSPECIFIED.,.F.,.F.)
B_SPLINE_CURVE_WITH_KNOTS((3,3),(-0.238258925472621,-0.237967943957888),
 .UNSPECIFIED.)
CURVE()
GEOMETRIC_REPRESENTATION_ITEM()
RATIONAL_B_SPLINE_CURVE((1.,1.,1.))
REPRESENTATION_ITEM('')
);
#186=(
BOUNDED_CURVE()
B_SPLINE_CURVE(2,(#7973,#7974,#7975),.UNSPECIFIED.,.F.,.F.)
B_SPLINE_CURVE_WITH_KNOTS((3,3),(0.,0.00121469114529949),.UNSPECIFIED.)
CURVE()
GEOMETRIC_REPRESENTATION_ITEM()
RATIONAL_B_SPLINE_CURVE((1.,1.,1.))
REPRESENTATION_ITEM('')
);
#187=(
BOUNDED_CURVE()
B_SPLINE_CURVE(2,(#7997,#7998,#7999),.UNSPECIFIED.,.F.,.F.)
B_SPLINE_CURVE_WITH_KNOTS((3,3),(1.12636127632027,1.12949245427413),
 .UNSPECIFIED.)
CURVE()
GEOMETRIC_REPRESENTATION_ITEM()
RATIONAL_B_SPLINE_CURVE((1.,1.,1.))
REPRESENTATION_ITEM('')
);
#188=(
BOUNDED_CURVE()
B_SPLINE_CURVE(2,(#8015,#8016,#8017),.UNSPECIFIED.,.F.,.F.)
B_SPLINE_CURVE_WITH_KNOTS((3,3),(-0.948454213359617,-0.945893964217702),
 .UNSPECIFIED.)
CURVE()
GEOMETRIC_REPRESENTATION_ITEM()
RATIONAL_B_SPLINE_CURVE((1.,1.,1.))
REPRESENTATION_ITEM('')
);
#189=(
BOUNDED_CURVE()
B_SPLINE_CURVE(2,(#8114,#8115,#8116),.UNSPECIFIED.,.F.,.F.)
B_SPLINE_CURVE_WITH_KNOTS((3,3),(-0.948454213359617,-0.945893964217756),
 .UNSPECIFIED.)
CURVE()
GEOMETRIC_REPRESENTATION_ITEM()
RATIONAL_B_SPLINE_CURVE((1.,1.,1.))
REPRESENTATION_ITEM('')
);
#190=(
BOUNDED_CURVE()
B_SPLINE_CURVE(2,(#8159,#8160,#8161),.UNSPECIFIED.,.F.,.F.)
B_SPLINE_CURVE_WITH_KNOTS((3,3),(1.12636127632039,1.12949245427429),
 .UNSPECIFIED.)
CURVE()
GEOMETRIC_REPRESENTATION_ITEM()
RATIONAL_B_SPLINE_CURVE((1.,1.,1.))
REPRESENTATION_ITEM('')
);
#191=(
BOUNDED_CURVE()
B_SPLINE_CURVE(2,(#8304,#8305,#8306),.UNSPECIFIED.,.F.,.F.)
B_SPLINE_CURVE_WITH_KNOTS((3,3),(0.,0.00121469114530096),.UNSPECIFIED.)
CURVE()
GEOMETRIC_REPRESENTATION_ITEM()
RATIONAL_B_SPLINE_CURVE((1.,1.,1.))
REPRESENTATION_ITEM('')
);
#192=(
BOUNDED_CURVE()
B_SPLINE_CURVE(2,(#8383,#8384,#8385),.UNSPECIFIED.,.F.,.F.)
B_SPLINE_CURVE_WITH_KNOTS((3,3),(-0.238258925472621,-0.237967943957887),
 .UNSPECIFIED.)
CURVE()
GEOMETRIC_REPRESENTATION_ITEM()
RATIONAL_B_SPLINE_CURVE((1.,1.,1.))
REPRESENTATION_ITEM('')
);
#193=B_SPLINE_CURVE_WITH_KNOTS('',3,(#6498,#6499,#6500,#6501),
 .UNSPECIFIED.,.F.,.F.,(4,4),(-0.0833742896975187,0.),.UNSPECIFIED.);
#194=B_SPLINE_CURVE_WITH_KNOTS('',3,(#6507,#6508,#6509,#6510),
 .UNSPECIFIED.,.F.,.F.,(4,4),(0.,0.0740005812383409),.UNSPECIFIED.);
#195=B_SPLINE_CURVE_WITH_KNOTS('',3,(#6524,#6525,#6526,#6527),
 .UNSPECIFIED.,.F.,.F.,(4,4),(0.,0.0733498951895744),.UNSPECIFIED.);
#196=B_SPLINE_CURVE_WITH_KNOTS('',3,(#6631,#6632,#6633,#6634),
 .UNSPECIFIED.,.F.,.F.,(4,4),(0.,0.0733498951897799),.UNSPECIFIED.);
#197=B_SPLINE_CURVE_WITH_KNOTS('',3,(#6637,#6638,#6639,#6640),
 .UNSPECIFIED.,.F.,.F.,(4,4),(0.,0.0740006128516514),.UNSPECIFIED.);
#198=B_SPLINE_CURVE_WITH_KNOTS('',3,(#6646,#6647,#6648,#6649),
 .UNSPECIFIED.,.F.,.F.,(4,4),(-0.0833742896973726,0.),.UNSPECIFIED.);
#199=B_SPLINE_CURVE_WITH_KNOTS('',3,(#6652,#6653,#6654,#6655),
 .UNSPECIFIED.,.F.,.F.,(4,4),(-0.0833742896977173,0.),.UNSPECIFIED.);
#200=B_SPLINE_CURVE_WITH_KNOTS('',3,(#6733,#6734,#6735,#6736),
 .UNSPECIFIED.,.F.,.F.,(4,4),(-0.0833742896979317,0.),.UNSPECIFIED.);
#201=B_SPLINE_CURVE_WITH_KNOTS('',3,(#6740,#6741,#6742,#6743),
 .UNSPECIFIED.,.F.,.F.,(4,4),(-0.0833742896973911,0.),.UNSPECIFIED.);
#202=B_SPLINE_CURVE_WITH_KNOTS('',3,(#6747,#6748,#6749,#6750),
 .UNSPECIFIED.,.F.,.F.,(4,4),(0.,0.0733498951895248),.UNSPECIFIED.);
#203=B_SPLINE_CURVE_WITH_KNOTS('',3,(#6752,#6753,#6754,#6755),
 .UNSPECIFIED.,.F.,.F.,(4,4),(0.,0.073881810197278),.UNSPECIFIED.);
#204=B_SPLINE_CURVE_WITH_KNOTS('',3,(#6793,#6794,#6795,#6796),
 .UNSPECIFIED.,.F.,.F.,(4,4),(0.,0.0733498951897653),.UNSPECIFIED.);
#205=B_SPLINE_CURVE_WITH_KNOTS('',3,(#6797,#6798,#6799,#6800),
 .UNSPECIFIED.,.F.,.F.,(4,4),(0.,0.0740006128517407),.UNSPECIFIED.);
#206=B_SPLINE_CURVE_WITH_KNOTS('',3,(#6827,#6828,#6829,#6830),
 .UNSPECIFIED.,.F.,.F.,(4,4),(-0.083374289697816,0.),.UNSPECIFIED.);
#207=B_SPLINE_CURVE_WITH_KNOTS('',3,(#6836,#6837,#6838,#6839),
 .UNSPECIFIED.,.F.,.F.,(4,4),(0.,0.0733498951897029),.UNSPECIFIED.);
#208=B_SPLINE_CURVE_WITH_KNOTS('',3,(#6841,#6842,#6843,#6844),
 .UNSPECIFIED.,.F.,.F.,(4,4),(0.,0.0738818101974832),.UNSPECIFIED.);
#209=B_SPLINE_CURVE_WITH_KNOTS('',3,(#6885,#6886,#6887,#6888),
 .UNSPECIFIED.,.F.,.F.,(4,4),(0.,0.0733499251423281),.UNSPECIFIED.);
#210=B_SPLINE_CURVE_WITH_KNOTS('',3,(#6889,#6890,#6891,#6892),
 .UNSPECIFIED.,.F.,.F.,(4,4),(0.,0.0738818101975635),.UNSPECIFIED.);
#211=B_SPLINE_CURVE_WITH_KNOTS('',3,(#6989,#6990,#6991,#6992,#6993,#6994,
#6995,#6996,#6997,#6998),.UNSPECIFIED.,.F.,.F.,(4,2,2,2,4),(0.0120637793525992,
0.0133256859557248,0.0266513719114497,0.0357264793900155,0.0448015868685813),
 .UNSPECIFIED.);
#212=B_SPLINE_CURVE_WITH_KNOTS('',3,(#7002,#7003,#7004,#7005,#7006,#7007,
#7008,#7009,#7010,#7011),.UNSPECIFIED.,.F.,.F.,(4,2,2,2,4),(-0.0448015868685812,
-0.0357264793900154,-0.0266513719114496,-0.0133256859557248,-0.0120637793525988),
 .UNSPECIFIED.);
#213=B_SPLINE_CURVE_WITH_KNOTS('',3,(#7015,#7016,#7017,#7018,#7019,#7020,
#7021,#7022,#7023,#7024),.UNSPECIFIED.,.F.,.F.,(4,2,2,2,4),(0.10062514313616,
0.107696652263624,0.127516941017316,0.151634834018589,0.153199363201309),
 .UNSPECIFIED.);
#214=B_SPLINE_CURVE_WITH_KNOTS('',3,(#7028,#7029,#7030,#7031),
 .UNSPECIFIED.,.F.,.F.,(4,4),(0.,0.0671914955709101),.UNSPECIFIED.);
#215=B_SPLINE_CURVE_WITH_KNOTS('',3,(#7035,#7036,#7037,#7038,#7039,#7040,
#7041,#7042,#7043,#7044),.UNSPECIFIED.,.F.,.F.,(4,2,2,2,4),(0.183813084437572,
0.185377613620291,0.209495506621565,0.229315795375257,0.236387304502721),
 .UNSPECIFIED.);
#216=B_SPLINE_CURVE_WITH_KNOTS('',3,(#7069,#7070,#7071,#7072,#7073,#7074,
#7075,#7076,#7077,#7078),.UNSPECIFIED.,.F.,.F.,(4,2,2,2,4),(0.0120637793525992,
0.0133256859557247,0.0266513719114494,0.0357264793900153,0.0448015868685812),
 .UNSPECIFIED.);
#217=B_SPLINE_CURVE_WITH_KNOTS('',3,(#7082,#7083,#7084,#7085,#7086,#7087,
#7088,#7089,#7090,#7091),.UNSPECIFIED.,.F.,.F.,(4,2,2,2,4),(-0.0448015868685811,
-0.0357264793900153,-0.0266513719114495,-0.0133256859557247,-0.0120637793525992),
 .UNSPECIFIED.);
#218=B_SPLINE_CURVE_WITH_KNOTS('',3,(#7095,#7096,#7097,#7098,#7099,#7100,
#7101,#7102,#7103,#7104),.UNSPECIFIED.,.F.,.F.,(4,2,2,2,4),(0.100625143136159,
0.107696652263623,0.127516941017316,0.151634834018589,0.153199363201309),
 .UNSPECIFIED.);
#219=B_SPLINE_CURVE_WITH_KNOTS('',3,(#7108,#7109,#7110,#7111),
 .UNSPECIFIED.,.F.,.F.,(4,4),(0.,0.0671914955707781),.UNSPECIFIED.);
#220=B_SPLINE_CURVE_WITH_KNOTS('',3,(#7115,#7116,#7117,#7118,#7119,#7120,
#7121,#7122,#7123,#7124),.UNSPECIFIED.,.F.,.F.,(4,2,2,2,4),(0.183813084437572,
0.185377613620292,0.209495506621565,0.229315795375257,0.236387304502722),
 .UNSPECIFIED.);
#221=B_SPLINE_CURVE_WITH_KNOTS('',3,(#7144,#7145,#7146,#7147),
 .UNSPECIFIED.,.F.,.F.,(4,4),(-0.0670459118568714,0.),.UNSPECIFIED.);
#222=B_SPLINE_CURVE_WITH_KNOTS('',3,(#7152,#7153,#7154,#7155,#7156,#7157,
#7158,#7159,#7160,#7161),.UNSPECIFIED.,.F.,.F.,(4,2,2,2,4),(0.0120637793525994,
0.0133256859557248,0.0266513719114496,0.0357264793900154,0.0448015868685813),
 .UNSPECIFIED.);
#223=B_SPLINE_CURVE_WITH_KNOTS('',3,(#7165,#7166,#7167,#7168,#7169,#7170,
#7171,#7172,#7173,#7174),.UNSPECIFIED.,.F.,.F.,(4,2,2,2,4),(-0.0448015868685812,
-0.0357264793900154,-0.0266513719114496,-0.0133256859557248,-0.0120637793525993),
 .UNSPECIFIED.);
#224=B_SPLINE_CURVE_WITH_KNOTS('',3,(#7178,#7179,#7180,#7181,#7182,#7183,
#7184,#7185,#7186,#7187),.UNSPECIFIED.,.F.,.F.,(4,2,2,2,4),(0.100625143136159,
0.107696652263624,0.127516941017316,0.151634834018589,0.153199363201309),
 .UNSPECIFIED.);
#225=B_SPLINE_CURVE_WITH_KNOTS('',3,(#7191,#7192,#7193,#7194),
 .UNSPECIFIED.,.F.,.F.,(4,4),(0.,0.0671914955707378),.UNSPECIFIED.);
#226=B_SPLINE_CURVE_WITH_KNOTS('',3,(#7198,#7199,#7200,#7201,#7202,#7203,
#7204,#7205,#7206,#7207),.UNSPECIFIED.,.F.,.F.,(4,2,2,2,4),(0.183813084437572,
0.185377613620291,0.209495506621565,0.229315795375257,0.236387304502722),
 .UNSPECIFIED.);
#227=B_SPLINE_CURVE_WITH_KNOTS('',3,(#7227,#7228,#7229,#7230),
 .UNSPECIFIED.,.F.,.F.,(4,4),(-0.0670459118567489,0.),.UNSPECIFIED.);
#228=B_SPLINE_CURVE_WITH_KNOTS('',3,(#7351,#7352,#7353,#7354),
 .UNSPECIFIED.,.F.,.F.,(4,4),(-0.0675906053596475,0.),.UNSPECIFIED.);
#229=B_SPLINE_CURVE_WITH_KNOTS('',3,(#7360,#7361,#7362,#7363),
 .UNSPECIFIED.,.F.,.F.,(4,4),(0.,0.0667584758307836),.UNSPECIFIED.);
#230=B_SPLINE_CURVE_WITH_KNOTS('',3,(#7390,#7391,#7392,#7393),
 .UNSPECIFIED.,.F.,.F.,(4,4),(-0.0675906053596415,0.),.UNSPECIFIED.);
#231=B_SPLINE_CURVE_WITH_KNOTS('',3,(#7399,#7400,#7401,#7402),
 .UNSPECIFIED.,.F.,.F.,(4,4),(0.,0.0667584758308158),.UNSPECIFIED.);
#232=B_SPLINE_CURVE_WITH_KNOTS('',3,(#7430,#7431,#7432,#7433),
 .UNSPECIFIED.,.F.,.F.,(4,4),(-0.0675906053596067,0.),.UNSPECIFIED.);
#233=B_SPLINE_CURVE_WITH_KNOTS('',3,(#7439,#7440,#7441,#7442),
 .UNSPECIFIED.,.F.,.F.,(4,4),(0.,0.0667584758308642),.UNSPECIFIED.);
#234=B_SPLINE_CURVE_WITH_KNOTS('',3,(#7462,#7463,#7464,#7465),
 .UNSPECIFIED.,.F.,.F.,(4,4),(-0.0675903552062946,0.),.UNSPECIFIED.);
#235=B_SPLINE_CURVE_WITH_KNOTS('',3,(#7466,#7467,#7468,#7469),
 .UNSPECIFIED.,.F.,.F.,(4,4),(0.,0.0671914955707533),.UNSPECIFIED.);
#236=B_SPLINE_CURVE_WITH_KNOTS('',3,(#7471,#7472,#7473,#7474),
 .UNSPECIFIED.,.F.,.F.,(4,4),(0.,0.0667587084711955),.UNSPECIFIED.);
#237=B_SPLINE_CURVE_WITH_KNOTS('',3,(#7476,#7477,#7478,#7479),
 .UNSPECIFIED.,.F.,.F.,(4,4),(-0.0670459118568107,0.),.UNSPECIFIED.);
#238=B_SPLINE_CURVE_WITH_KNOTS('',3,(#7481,#7482,#7483,#7484),
 .UNSPECIFIED.,.F.,.F.,(4,4),(-0.0683780563059548,0.),.UNSPECIFIED.);
#239=B_SPLINE_CURVE_WITH_KNOTS('',3,(#7488,#7489,#7490,#7491),
 .UNSPECIFIED.,.F.,.F.,(4,4),(-0.0683780563060394,0.),.UNSPECIFIED.);
#240=B_SPLINE_CURVE_WITH_KNOTS('',3,(#7493,#7494,#7495,#7496),
 .UNSPECIFIED.,.F.,.F.,(4,4),(0.,0.0671914955708751),.UNSPECIFIED.);
#241=B_SPLINE_CURVE_WITH_KNOTS('',3,(#7497,#7498,#7499,#7500),
 .UNSPECIFIED.,.F.,.F.,(4,4),(-0.0675903552064117,0.),.UNSPECIFIED.);
#242=B_SPLINE_CURVE_WITH_KNOTS('',3,(#7503,#7504,#7505,#7506),
 .UNSPECIFIED.,.F.,.F.,(4,4),(0.,0.0667587084711814),.UNSPECIFIED.);
#243=B_SPLINE_CURVE_WITH_KNOTS('',3,(#7509,#7510,#7511,#7512),
 .UNSPECIFIED.,.F.,.F.,(4,4),(-0.0675903552062539,0.),.UNSPECIFIED.);
#244=B_SPLINE_CURVE_WITH_KNOTS('',3,(#7513,#7514,#7515,#7516),
 .UNSPECIFIED.,.F.,.F.,(4,4),(0.,0.0671914955708182),.UNSPECIFIED.);
#245=B_SPLINE_CURVE_WITH_KNOTS('',3,(#7518,#7519,#7520,#7521),
 .UNSPECIFIED.,.F.,.F.,(4,4),(0.,0.0667587084711651),.UNSPECIFIED.);
#246=B_SPLINE_CURVE_WITH_KNOTS('',3,(#7523,#7524,#7525,#7526),
 .UNSPECIFIED.,.F.,.F.,(4,4),(-0.0683780563059743,0.),.UNSPECIFIED.);
#247=B_SPLINE_CURVE_WITH_KNOTS('',3,(#7586,#7587,#7588,#7589,#7590,#7591,
#7592),.UNSPECIFIED.,.F.,.F.,(4,3,4),(0.,0.0378633190020249,0.0755168875661151),
 .UNSPECIFIED.);
#248=B_SPLINE_CURVE_WITH_KNOTS('',3,(#7605,#7606,#7607,#7608,#7609,#7610),
 .UNSPECIFIED.,.F.,.F.,(4,2,4),(-0.0694304778454778,-0.0346667586804502,
0.),.UNSPECIFIED.);
#249=B_SPLINE_CURVE_WITH_KNOTS('',3,(#7623,#7624,#7625,#7626,#7627,#7628),
 .UNSPECIFIED.,.F.,.F.,(4,2,4),(-0.0694304778467326,-0.0346667586804889,
0.),.UNSPECIFIED.);
#250=B_SPLINE_CURVE_WITH_KNOTS('',3,(#7641,#7642,#7643,#7644,#7645,#7646,
#7647),.UNSPECIFIED.,.F.,.F.,(4,3,4),(-0.0771893114880796,-0.0386721020990031,
0.),.UNSPECIFIED.);
#251=B_SPLINE_CURVE_WITH_KNOTS('',3,(#7663,#7664,#7665,#7666,#7667,#7668,
#7669),.UNSPECIFIED.,.F.,.F.,(4,3,4),(0.,0.0378633190019375,0.0755168875657123),
 .UNSPECIFIED.);
#252=B_SPLINE_CURVE_WITH_KNOTS('',3,(#7706,#7707,#7708,#7709,#7710,#7711),
 .UNSPECIFIED.,.F.,.F.,(4,2,4),(0.,0.0348401390141694,0.0697209618324259),
 .UNSPECIFIED.);
#253=B_SPLINE_CURVE_WITH_KNOTS('',3,(#7731,#7732,#7733,#7734),
 .UNSPECIFIED.,.F.,.F.,(4,4),(1.3519340970348,1.46606468398461),
 .UNSPECIFIED.);
#254=B_SPLINE_CURVE_WITH_KNOTS('',3,(#7736,#7737,#7738,#7739),
 .UNSPECIFIED.,.F.,.F.,(4,4),(1.45412375567876,1.45428913921476),
 .UNSPECIFIED.);
#255=B_SPLINE_CURVE_WITH_KNOTS('',3,(#7740,#7741,#7742,#7743),
 .UNSPECIFIED.,.F.,.F.,(4,4),(-1.45412374925262,-1.3436701224514),
 .UNSPECIFIED.);
#256=B_SPLINE_CURVE_WITH_KNOTS('',3,(#7777,#7778,#7779,#7780,#7781,#7782),
 .UNSPECIFIED.,.F.,.F.,(4,2,4),(-0.613681982963767,-0.602982114492397,-0.438121602122748),
 .UNSPECIFIED.);
#257=B_SPLINE_CURVE_WITH_KNOTS('',3,(#7783,#7784,#7785,#7786),
 .UNSPECIFIED.,.F.,.F.,(4,4),(0.436666990481547,0.438121602122748),
 .UNSPECIFIED.);
#258=B_SPLINE_CURVE_WITH_KNOTS('',3,(#7787,#7788,#7789,#7790,#7791,#7792),
 .UNSPECIFIED.,.F.,.F.,(4,2,4),(0.405918354682065,0.427458379829627,0.57989278206002),
 .UNSPECIFIED.);
#259=B_SPLINE_CURVE_WITH_KNOTS('',3,(#7805,#7806,#7807,#7808,#7809,#7810,
#7811),.UNSPECIFIED.,.F.,.F.,(4,3,4),(-0.0771893114891354,-0.038672102099392,
0.),.UNSPECIFIED.);
#260=B_SPLINE_CURVE_WITH_KNOTS('',3,(#7848,#7849,#7850,#7851,#7852,#7853),
 .UNSPECIFIED.,.F.,.F.,(4,2,4),(0.405918354682151,0.427458379829698,0.579892782060012),
 .UNSPECIFIED.);
#261=B_SPLINE_CURVE_WITH_KNOTS('',3,(#7855,#7856,#7857,#7858,#7859,#7860),
 .UNSPECIFIED.,.F.,.F.,(4,2,4),(-0.613681982963826,-0.602982114492383,-0.438121602122812),
 .UNSPECIFIED.);
#262=B_SPLINE_CURVE_WITH_KNOTS('',3,(#7862,#7863,#7864,#7865),
 .UNSPECIFIED.,.F.,.F.,(4,4),(0.436666990481563,0.438121602122812),
 .UNSPECIFIED.);
#263=B_SPLINE_CURVE_WITH_KNOTS('',3,(#7866,#7867,#7868,#7869,#7870,#7871),
 .UNSPECIFIED.,.F.,.F.,(4,2,4),(0.,0.0348401390144343,0.0697209618322896),
 .UNSPECIFIED.);
#264=B_SPLINE_CURVE_WITH_KNOTS('',3,(#7889,#7890,#7891,#7892),
 .UNSPECIFIED.,.F.,.F.,(4,4),(-1.45412374925262,-1.3436701224514),
 .UNSPECIFIED.);
#265=B_SPLINE_CURVE_WITH_KNOTS('',3,(#7893,#7894,#7895,#7896),
 .UNSPECIFIED.,.F.,.F.,(4,4),(1.3519340970348,1.46606468398461),
 .UNSPECIFIED.);
#266=B_SPLINE_CURVE_WITH_KNOTS('',3,(#7897,#7898,#7899,#7900),
 .UNSPECIFIED.,.F.,.F.,(4,4),(1.45412375567876,1.45428913921476),
 .UNSPECIFIED.);
#267=B_SPLINE_CURVE_WITH_KNOTS('',3,(#7963,#7964,#7965,#7966),
 .UNSPECIFIED.,.F.,.F.,(4,4),(4.81834659081977,4.81847696256883),
 .UNSPECIFIED.);
#268=B_SPLINE_CURVE_WITH_KNOTS('',3,(#7968,#7969,#7970,#7971),
 .UNSPECIFIED.,.F.,.F.,(4,4),(-4.91884321522117,-4.81847697182337),
 .UNSPECIFIED.);
#269=B_SPLINE_CURVE_WITH_KNOTS('',3,(#8001,#8002,#8003,#8004),
 .UNSPECIFIED.,.F.,.F.,(4,4),(-0.177016804772388,-0.0190091401514788),
 .UNSPECIFIED.);
#270=B_SPLINE_CURVE_WITH_KNOTS('',3,(#8006,#8007,#8008,#8009),
 .UNSPECIFIED.,.F.,.F.,(4,4),(-0.190623450343865,-0.177016804772388),
 .UNSPECIFIED.);
#271=B_SPLINE_CURVE_WITH_KNOTS('',3,(#8011,#8012,#8013,#8014),
 .UNSPECIFIED.,.F.,.F.,(4,4),(0.190623450343865,0.192886584258496),
 .UNSPECIFIED.);
#272=B_SPLINE_CURVE_WITH_KNOTS('',3,(#8047,#8048,#8049,#8050),
 .UNSPECIFIED.,.F.,.F.,(4,4),(-1.,0.),.UNSPECIFIED.);
#273=B_SPLINE_CURVE_WITH_KNOTS('',3,(#8052,#8053,#8054,#8055),
 .UNSPECIFIED.,.F.,.F.,(4,4),(0.177016804772388,0.197708204221214),
 .UNSPECIFIED.);
#274=B_SPLINE_CURVE_WITH_KNOTS('',3,(#8056,#8057,#8058,#8059,#8060,#8061,
#8062),.UNSPECIFIED.,.F.,.F.,(4,3,4),(0.,0.0394539067224682,0.0788989788068021),
 .UNSPECIFIED.);
#275=B_SPLINE_CURVE_WITH_KNOTS('',3,(#8081,#8082,#8083,#8084),
 .UNSPECIFIED.,.F.,.F.,(4,4),(-1.,0.),.UNSPECIFIED.);
#276=B_SPLINE_CURVE_WITH_KNOTS('',3,(#8086,#8087,#8088,#8089),
 .UNSPECIFIED.,.F.,.F.,(4,4),(0.177016804772205,0.197708204221021),
 .UNSPECIFIED.);
#277=B_SPLINE_CURVE_WITH_KNOTS('',3,(#8091,#8092,#8093,#8094,#8095,#8096,
#8097),.UNSPECIFIED.,.F.,.F.,(4,3,4),(0.,0.0394539067199401,0.0788989788097752),
 .UNSPECIFIED.);
#278=B_SPLINE_CURVE_WITH_KNOTS('',3,(#8099,#8100,#8101,#8102),
 .UNSPECIFIED.,.F.,.F.,(4,4),(0.190623450343675,0.192886584258256),
 .UNSPECIFIED.);
#279=B_SPLINE_CURVE_WITH_KNOTS('',3,(#8103,#8104,#8105,#8106),
 .UNSPECIFIED.,.F.,.F.,(4,4),(-0.190623450343675,-0.177016804772205),
 .UNSPECIFIED.);
#280=B_SPLINE_CURVE_WITH_KNOTS('',3,(#8134,#8135,#8136,#8137),
 .UNSPECIFIED.,.F.,.F.,(4,4),(-0.177016804772205,-0.0190091401515023),
 .UNSPECIFIED.);
#281=B_SPLINE_CURVE_WITH_KNOTS('',3,(#8139,#8140,#8141,#8142,#8143,#8144),
 .UNSPECIFIED.,.F.,.F.,(4,2,4),(0.,0.0397359289409925,0.0794678583054961),
 .UNSPECIFIED.);
#282=B_SPLINE_CURVE_WITH_KNOTS('',3,(#8145,#8146,#8147,#8148),
 .UNSPECIFIED.,.F.,.F.,(4,4),(0.0221728753184107,0.177016804772205),
 .UNSPECIFIED.);
#283=B_SPLINE_CURVE_WITH_KNOTS('',3,(#8154,#8155,#8156,#8157),
 .UNSPECIFIED.,.F.,.F.,(4,4),(-0.0781233232604651,0.),.UNSPECIFIED.);
#284=B_SPLINE_CURVE_WITH_KNOTS('',3,(#8166,#8167,#8168,#8169),
 .UNSPECIFIED.,.F.,.F.,(4,4),(0.,0.0718368356010248),.UNSPECIFIED.);
#285=B_SPLINE_CURVE_WITH_KNOTS('',3,(#8181,#8182,#8183,#8184),
 .UNSPECIFIED.,.F.,.F.,(4,4),(-0.0766313502004295,0.),.UNSPECIFIED.);
#286=B_SPLINE_CURVE_WITH_KNOTS('',3,(#8189,#8190,#8191,#8192,#8193,#8194,
#8195),.UNSPECIFIED.,.F.,.F.,(4,3,4),(-0.0706777021883926,-0.0354655303610428,
0.),.UNSPECIFIED.);
#287=B_SPLINE_CURVE_WITH_KNOTS('',3,(#8221,#8222,#8223,#8224,#8225,#8226,
#8227),.UNSPECIFIED.,.F.,.F.,(4,3,4),(0.,0.0361608306583547,0.0720824670320041),
 .UNSPECIFIED.);
#288=B_SPLINE_CURVE_WITH_KNOTS('',3,(#8245,#8246,#8247,#8248,#8249,#8250),
 .UNSPECIFIED.,.F.,.F.,(4,2,4),(0.,0.039735928941163,0.0794678583039639),
 .UNSPECIFIED.);
#289=B_SPLINE_CURVE_WITH_KNOTS('',3,(#8251,#8252,#8253,#8254),
 .UNSPECIFIED.,.F.,.F.,(4,4),(0.0221728753184509,0.177016804772388),
 .UNSPECIFIED.);
#290=B_SPLINE_CURVE_WITH_KNOTS('',3,(#8271,#8272,#8273,#8274),
 .UNSPECIFIED.,.F.,.F.,(4,4),(4.80315606997373,4.90172214795606),
 .UNSPECIFIED.);
#291=B_SPLINE_CURVE_WITH_KNOTS('',3,(#8278,#8279,#8280,#8281),
 .UNSPECIFIED.,.F.,.F.,(4,4),(-0.0781233232607385,0.),.UNSPECIFIED.);
#292=B_SPLINE_CURVE_WITH_KNOTS('',3,(#8285,#8286,#8287,#8288),
 .UNSPECIFIED.,.F.,.F.,(4,4),(0.,0.071836835601046),.UNSPECIFIED.);
#293=B_SPLINE_CURVE_WITH_KNOTS('',3,(#8296,#8297,#8298,#8299),
 .UNSPECIFIED.,.F.,.F.,(4,4),(-0.0766313502004231,0.),.UNSPECIFIED.);
#294=B_SPLINE_CURVE_WITH_KNOTS('',3,(#8307,#8308,#8309,#8310,#8311,#8312,
#8313),.UNSPECIFIED.,.F.,.F.,(4,3,4),(-0.0706777021887372,-0.0354655303608933,
0.),.UNSPECIFIED.);
#295=B_SPLINE_CURVE_WITH_KNOTS('',3,(#8331,#8332,#8333,#8334),
 .UNSPECIFIED.,.F.,.F.,(4,4),(4.80315606997373,4.90172214795606),
 .UNSPECIFIED.);
#296=B_SPLINE_CURVE_WITH_KNOTS('',3,(#8336,#8337,#8338,#8339),
 .UNSPECIFIED.,.F.,.F.,(4,4),(-4.91884321522117,-4.81847697182337),
 .UNSPECIFIED.);
#297=B_SPLINE_CURVE_WITH_KNOTS('',3,(#8341,#8342,#8343,#8344),
 .UNSPECIFIED.,.F.,.F.,(4,4),(4.81834659081977,4.81847696256883),
 .UNSPECIFIED.);
#298=B_SPLINE_CURVE_WITH_KNOTS('',3,(#8345,#8346,#8347,#8348,#8349,#8350,
#8351),.UNSPECIFIED.,.F.,.F.,(4,3,4),(0.,0.0361608306591031,0.0720824670337246),
 .UNSPECIFIED.);
#299=B_SPLINE_CURVE_WITH_KNOTS('',3,(#8400,#8401,#8402,#8403,#8404,#8405,
#8406,#8407,#8408,#8409),.UNSPECIFIED.,.F.,.F.,(4,2,2,2,4),(0.0791893606128664,
0.0887941930745832,0.0983990255363001,0.108547387271395,0.118695749006489),
 .UNSPECIFIED.);
#300=B_SPLINE_CURVE_WITH_KNOTS('',3,(#8418,#8419,#8420,#8421,#8422,#8423,
#8424,#8425,#8426,#8427),.UNSPECIFIED.,.F.,.F.,(4,2,2,2,4),(0.0396292052758984,
0.0506628920027004,0.0610110595256694,0.0705293959171583,0.0793824176821892),
 .UNSPECIFIED.);
#301=B_SPLINE_CURVE_WITH_KNOTS('',3,(#8514,#8515,#8516,#8517,#8518,#8519,
#8520,#8521,#8522,#8523),.UNSPECIFIED.,.F.,.F.,(4,2,2,2,4),(0.0791917413041185,
0.0885608724717795,0.0979300036394405,0.108313269378404,0.118696535117368),
 .UNSPECIFIED.);
#302=B_SPLINE_CURVE_WITH_KNOTS('',3,(#8529,#8530,#8531,#8532,#8533,#8534,
#8535,#8536,#8537,#8538),.UNSPECIFIED.,.F.,.F.,(4,2,2,2,4),(0.0396292052758984,
0.0506628920027004,0.0610110595256694,0.0705293959171583,0.0793824176821893),
 .UNSPECIFIED.);
#303=FACE_OUTER_BOUND('',#570,.T.);
#304=FACE_OUTER_BOUND('',#571,.T.);
#305=FACE_OUTER_BOUND('',#572,.T.);
#306=FACE_OUTER_BOUND('',#573,.T.);
#307=FACE_OUTER_BOUND('',#574,.T.);
#308=FACE_OUTER_BOUND('',#575,.T.);
#309=FACE_OUTER_BOUND('',#576,.T.);
#310=FACE_OUTER_BOUND('',#577,.T.);
#311=FACE_OUTER_BOUND('',#578,.T.);
#312=FACE_OUTER_BOUND('',#579,.T.);
#313=FACE_OUTER_BOUND('',#580,.T.);
#314=FACE_OUTER_BOUND('',#581,.T.);
#315=FACE_OUTER_BOUND('',#582,.T.);
#316=FACE_OUTER_BOUND('',#583,.T.);
#317=FACE_OUTER_BOUND('',#584,.T.);
#318=FACE_OUTER_BOUND('',#585,.T.);
#319=FACE_OUTER_BOUND('',#586,.T.);
#320=FACE_OUTER_BOUND('',#587,.T.);
#321=FACE_OUTER_BOUND('',#588,.T.);
#322=FACE_OUTER_BOUND('',#589,.T.);
#323=FACE_OUTER_BOUND('',#590,.T.);
#324=FACE_OUTER_BOUND('',#591,.T.);
#325=FACE_OUTER_BOUND('',#592,.T.);
#326=FACE_OUTER_BOUND('',#593,.T.);
#327=FACE_OUTER_BOUND('',#594,.T.);
#328=FACE_OUTER_BOUND('',#595,.T.);
#329=FACE_OUTER_BOUND('',#596,.T.);
#330=FACE_OUTER_BOUND('',#597,.T.);
#331=FACE_OUTER_BOUND('',#598,.T.);
#332=FACE_OUTER_BOUND('',#599,.T.);
#333=FACE_OUTER_BOUND('',#600,.T.);
#334=FACE_OUTER_BOUND('',#601,.T.);
#335=FACE_OUTER_BOUND('',#602,.T.);
#336=FACE_OUTER_BOUND('',#603,.T.);
#337=FACE_OUTER_BOUND('',#604,.T.);
#338=FACE_OUTER_BOUND('',#605,.T.);
#339=FACE_OUTER_BOUND('',#606,.T.);
#340=FACE_OUTER_BOUND('',#607,.T.);
#341=FACE_OUTER_BOUND('',#608,.T.);
#342=FACE_OUTER_BOUND('',#609,.T.);
#343=FACE_OUTER_BOUND('',#610,.T.);
#344=FACE_OUTER_BOUND('',#611,.T.);
#345=FACE_OUTER_BOUND('',#612,.T.);
#346=FACE_OUTER_BOUND('',#613,.T.);
#347=FACE_OUTER_BOUND('',#614,.T.);
#348=FACE_OUTER_BOUND('',#615,.T.);
#349=FACE_OUTER_BOUND('',#616,.T.);
#350=FACE_OUTER_BOUND('',#617,.T.);
#351=FACE_OUTER_BOUND('',#618,.T.);
#352=FACE_OUTER_BOUND('',#619,.T.);
#353=FACE_OUTER_BOUND('',#620,.T.);
#354=FACE_OUTER_BOUND('',#621,.T.);
#355=FACE_OUTER_BOUND('',#622,.T.);
#356=FACE_OUTER_BOUND('',#623,.T.);
#357=FACE_OUTER_BOUND('',#624,.T.);
#358=FACE_OUTER_BOUND('',#625,.T.);
#359=FACE_OUTER_BOUND('',#626,.T.);
#360=FACE_OUTER_BOUND('',#627,.T.);
#361=FACE_OUTER_BOUND('',#628,.T.);
#362=FACE_OUTER_BOUND('',#629,.T.);
#363=FACE_OUTER_BOUND('',#630,.T.);
#364=FACE_OUTER_BOUND('',#631,.T.);
#365=FACE_OUTER_BOUND('',#632,.T.);
#366=FACE_OUTER_BOUND('',#633,.T.);
#367=FACE_OUTER_BOUND('',#634,.T.);
#368=FACE_OUTER_BOUND('',#635,.T.);
#369=FACE_OUTER_BOUND('',#636,.T.);
#370=FACE_OUTER_BOUND('',#637,.T.);
#371=FACE_OUTER_BOUND('',#638,.T.);
#372=FACE_OUTER_BOUND('',#639,.T.);
#373=FACE_OUTER_BOUND('',#640,.T.);
#374=FACE_OUTER_BOUND('',#641,.T.);
#375=FACE_OUTER_BOUND('',#642,.T.);
#376=FACE_OUTER_BOUND('',#643,.T.);
#377=FACE_OUTER_BOUND('',#644,.T.);
#378=FACE_OUTER_BOUND('',#645,.T.);
#379=FACE_OUTER_BOUND('',#646,.T.);
#380=FACE_OUTER_BOUND('',#647,.T.);
#381=FACE_OUTER_BOUND('',#648,.T.);
#382=FACE_OUTER_BOUND('',#649,.T.);
#383=FACE_OUTER_BOUND('',#650,.T.);
#384=FACE_OUTER_BOUND('',#651,.T.);
#385=FACE_OUTER_BOUND('',#652,.T.);
#386=FACE_OUTER_BOUND('',#653,.T.);
#387=FACE_OUTER_BOUND('',#654,.T.);
#388=FACE_OUTER_BOUND('',#655,.T.);
#389=FACE_OUTER_BOUND('',#656,.T.);
#390=FACE_OUTER_BOUND('',#657,.T.);
#391=FACE_OUTER_BOUND('',#658,.T.);
#392=FACE_OUTER_BOUND('',#659,.T.);
#393=FACE_OUTER_BOUND('',#660,.T.);
#394=FACE_OUTER_BOUND('',#661,.T.);
#395=FACE_OUTER_BOUND('',#662,.T.);
#396=FACE_OUTER_BOUND('',#663,.T.);
#397=FACE_OUTER_BOUND('',#664,.T.);
#398=FACE_OUTER_BOUND('',#665,.T.);
#399=FACE_OUTER_BOUND('',#666,.T.);
#400=FACE_OUTER_BOUND('',#667,.T.);
#401=FACE_OUTER_BOUND('',#668,.T.);
#402=FACE_OUTER_BOUND('',#669,.T.);
#403=FACE_OUTER_BOUND('',#670,.T.);
#404=FACE_OUTER_BOUND('',#671,.T.);
#405=FACE_OUTER_BOUND('',#673,.T.);
#406=FACE_OUTER_BOUND('',#674,.T.);
#407=FACE_OUTER_BOUND('',#675,.T.);
#408=FACE_OUTER_BOUND('',#677,.T.);
#409=FACE_OUTER_BOUND('',#678,.T.);
#410=FACE_OUTER_BOUND('',#679,.T.);
#411=FACE_OUTER_BOUND('',#680,.T.);
#412=FACE_OUTER_BOUND('',#681,.T.);
#413=FACE_OUTER_BOUND('',#682,.T.);
#414=FACE_OUTER_BOUND('',#683,.T.);
#415=FACE_OUTER_BOUND('',#684,.T.);
#416=FACE_OUTER_BOUND('',#685,.T.);
#417=FACE_OUTER_BOUND('',#686,.T.);
#418=FACE_OUTER_BOUND('',#687,.T.);
#419=FACE_OUTER_BOUND('',#688,.T.);
#420=FACE_OUTER_BOUND('',#689,.T.);
#421=FACE_OUTER_BOUND('',#690,.T.);
#422=FACE_OUTER_BOUND('',#691,.T.);
#423=FACE_OUTER_BOUND('',#692,.T.);
#424=FACE_OUTER_BOUND('',#693,.T.);
#425=FACE_OUTER_BOUND('',#694,.T.);
#426=FACE_OUTER_BOUND('',#695,.T.);
#427=FACE_OUTER_BOUND('',#696,.T.);
#428=FACE_OUTER_BOUND('',#697,.T.);
#429=FACE_OUTER_BOUND('',#698,.T.);
#430=FACE_OUTER_BOUND('',#699,.T.);
#431=FACE_OUTER_BOUND('',#700,.T.);
#432=FACE_OUTER_BOUND('',#701,.T.);
#433=FACE_OUTER_BOUND('',#702,.T.);
#434=FACE_OUTER_BOUND('',#703,.T.);
#435=FACE_OUTER_BOUND('',#704,.T.);
#436=FACE_OUTER_BOUND('',#705,.T.);
#437=FACE_OUTER_BOUND('',#706,.T.);
#438=FACE_OUTER_BOUND('',#707,.T.);
#439=FACE_OUTER_BOUND('',#708,.T.);
#440=FACE_OUTER_BOUND('',#709,.T.);
#441=FACE_OUTER_BOUND('',#710,.T.);
#442=FACE_OUTER_BOUND('',#711,.T.);
#443=FACE_OUTER_BOUND('',#712,.T.);
#444=FACE_OUTER_BOUND('',#713,.T.);
#445=FACE_OUTER_BOUND('',#714,.T.);
#446=FACE_OUTER_BOUND('',#715,.T.);
#447=FACE_OUTER_BOUND('',#716,.T.);
#448=FACE_OUTER_BOUND('',#717,.T.);
#449=FACE_OUTER_BOUND('',#718,.T.);
#450=FACE_OUTER_BOUND('',#719,.T.);
#451=FACE_OUTER_BOUND('',#720,.T.);
#452=FACE_OUTER_BOUND('',#721,.T.);
#453=FACE_OUTER_BOUND('',#722,.T.);
#454=FACE_OUTER_BOUND('',#723,.T.);
#455=FACE_OUTER_BOUND('',#724,.T.);
#456=FACE_OUTER_BOUND('',#725,.T.);
#457=FACE_OUTER_BOUND('',#726,.T.);
#458=FACE_OUTER_BOUND('',#727,.T.);
#459=FACE_OUTER_BOUND('',#728,.T.);
#460=FACE_OUTER_BOUND('',#730,.T.);
#461=FACE_OUTER_BOUND('',#731,.T.);
#462=FACE_OUTER_BOUND('',#732,.T.);
#463=FACE_OUTER_BOUND('',#733,.T.);
#464=FACE_OUTER_BOUND('',#734,.T.);
#465=FACE_OUTER_BOUND('',#735,.T.);
#466=FACE_OUTER_BOUND('',#736,.T.);
#467=FACE_OUTER_BOUND('',#737,.T.);
#468=FACE_OUTER_BOUND('',#738,.T.);
#469=FACE_OUTER_BOUND('',#739,.T.);
#470=FACE_OUTER_BOUND('',#740,.T.);
#471=FACE_OUTER_BOUND('',#741,.T.);
#472=FACE_OUTER_BOUND('',#742,.T.);
#473=FACE_OUTER_BOUND('',#743,.T.);
#474=FACE_OUTER_BOUND('',#744,.T.);
#475=FACE_OUTER_BOUND('',#745,.T.);
#476=FACE_OUTER_BOUND('',#746,.T.);
#477=FACE_OUTER_BOUND('',#747,.T.);
#478=FACE_OUTER_BOUND('',#748,.T.);
#479=FACE_OUTER_BOUND('',#749,.T.);
#480=FACE_OUTER_BOUND('',#750,.T.);
#481=FACE_OUTER_BOUND('',#751,.T.);
#482=FACE_OUTER_BOUND('',#752,.T.);
#483=FACE_OUTER_BOUND('',#753,.T.);
#484=FACE_OUTER_BOUND('',#754,.T.);
#485=FACE_OUTER_BOUND('',#755,.T.);
#486=FACE_OUTER_BOUND('',#756,.T.);
#487=FACE_OUTER_BOUND('',#757,.T.);
#488=FACE_OUTER_BOUND('',#758,.T.);
#489=FACE_OUTER_BOUND('',#759,.T.);
#490=FACE_OUTER_BOUND('',#760,.T.);
#491=FACE_OUTER_BOUND('',#761,.T.);
#492=FACE_OUTER_BOUND('',#762,.T.);
#493=FACE_OUTER_BOUND('',#763,.T.);
#494=FACE_OUTER_BOUND('',#764,.T.);
#495=FACE_OUTER_BOUND('',#765,.T.);
#496=FACE_OUTER_BOUND('',#766,.T.);
#497=FACE_OUTER_BOUND('',#767,.T.);
#498=FACE_OUTER_BOUND('',#768,.T.);
#499=FACE_OUTER_BOUND('',#769,.T.);
#500=FACE_OUTER_BOUND('',#770,.T.);
#501=FACE_OUTER_BOUND('',#771,.T.);
#502=FACE_OUTER_BOUND('',#772,.T.);
#503=FACE_OUTER_BOUND('',#773,.T.);
#504=FACE_OUTER_BOUND('',#774,.T.);
#505=FACE_OUTER_BOUND('',#775,.T.);
#506=FACE_OUTER_BOUND('',#776,.T.);
#507=FACE_OUTER_BOUND('',#777,.T.);
#508=FACE_OUTER_BOUND('',#778,.T.);
#509=FACE_OUTER_BOUND('',#779,.T.);
#510=FACE_OUTER_BOUND('',#780,.T.);
#511=FACE_OUTER_BOUND('',#781,.T.);
#512=FACE_OUTER_BOUND('',#782,.T.);
#513=FACE_OUTER_BOUND('',#783,.T.);
#514=FACE_OUTER_BOUND('',#784,.T.);
#515=FACE_OUTER_BOUND('',#785,.T.);
#516=FACE_OUTER_BOUND('',#786,.T.);
#517=FACE_OUTER_BOUND('',#787,.T.);
#518=FACE_OUTER_BOUND('',#788,.T.);
#519=FACE_OUTER_BOUND('',#789,.T.);
#520=FACE_OUTER_BOUND('',#790,.T.);
#521=FACE_OUTER_BOUND('',#791,.T.);
#522=FACE_OUTER_BOUND('',#792,.T.);
#523=FACE_OUTER_BOUND('',#793,.T.);
#524=FACE_OUTER_BOUND('',#794,.T.);
#525=FACE_OUTER_BOUND('',#795,.T.);
#526=FACE_OUTER_BOUND('',#796,.T.);
#527=FACE_OUTER_BOUND('',#797,.T.);
#528=FACE_OUTER_BOUND('',#798,.T.);
#529=FACE_OUTER_BOUND('',#799,.T.);
#530=FACE_OUTER_BOUND('',#800,.T.);
#531=FACE_OUTER_BOUND('',#801,.T.);
#532=FACE_OUTER_BOUND('',#802,.T.);
#533=FACE_OUTER_BOUND('',#803,.T.);
#534=FACE_OUTER_BOUND('',#804,.T.);
#535=FACE_OUTER_BOUND('',#805,.T.);
#536=FACE_OUTER_BOUND('',#806,.T.);
#537=FACE_OUTER_BOUND('',#807,.T.);
#538=FACE_OUTER_BOUND('',#808,.T.);
#539=FACE_OUTER_BOUND('',#809,.T.);
#540=FACE_OUTER_BOUND('',#810,.T.);
#541=FACE_OUTER_BOUND('',#811,.T.);
#542=FACE_OUTER_BOUND('',#812,.T.);
#543=FACE_OUTER_BOUND('',#813,.T.);
#544=FACE_OUTER_BOUND('',#814,.T.);
#545=FACE_OUTER_BOUND('',#815,.T.);
#546=FACE_OUTER_BOUND('',#816,.T.);
#547=FACE_OUTER_BOUND('',#817,.T.);
#548=FACE_OUTER_BOUND('',#818,.T.);
#549=FACE_OUTER_BOUND('',#819,.T.);
#550=FACE_OUTER_BOUND('',#820,.T.);
#551=FACE_OUTER_BOUND('',#821,.T.);
#552=FACE_OUTER_BOUND('',#822,.T.);
#553=FACE_OUTER_BOUND('',#823,.T.);
#554=FACE_OUTER_BOUND('',#824,.T.);
#555=FACE_OUTER_BOUND('',#825,.T.);
#556=FACE_OUTER_BOUND('',#826,.T.);
#557=FACE_OUTER_BOUND('',#827,.T.);
#558=FACE_OUTER_BOUND('',#828,.T.);
#559=FACE_OUTER_BOUND('',#829,.T.);
#560=FACE_OUTER_BOUND('',#830,.T.);
#561=FACE_OUTER_BOUND('',#831,.T.);
#562=FACE_OUTER_BOUND('',#832,.T.);
#563=FACE_OUTER_BOUND('',#833,.T.);
#564=FACE_OUTER_BOUND('',#834,.T.);
#565=FACE_OUTER_BOUND('',#835,.T.);
#566=FACE_OUTER_BOUND('',#836,.T.);
#567=FACE_OUTER_BOUND('',#837,.T.);
#568=FACE_OUTER_BOUND('',#838,.T.);
#569=FACE_OUTER_BOUND('',#839,.T.);
#570=EDGE_LOOP('',(#2865,#2866,#2867,#2868,#2869,#2870,#2871,#2872,#2873,
#2874,#2875,#2876,#2877));
#571=EDGE_LOOP('',(#2878,#2879,#2880,#2881,#2882,#2883,#2884,#2885,#2886,
#2887,#2888,#2889,#2890));
#572=EDGE_LOOP('',(#2891,#2892,#2893,#2894));
#573=EDGE_LOOP('',(#2895,#2896,#2897,#2898));
#574=EDGE_LOOP('',(#2899,#2900,#2901,#2902));
#575=EDGE_LOOP('',(#2903,#2904,#2905,#2906));
#576=EDGE_LOOP('',(#2907,#2908,#2909,#2910));
#577=EDGE_LOOP('',(#2911,#2912,#2913,#2914));
#578=EDGE_LOOP('',(#2915,#2916,#2917,#2918));
#579=EDGE_LOOP('',(#2919,#2920,#2921,#2922));
#580=EDGE_LOOP('',(#2923,#2924,#2925,#2926,#2927,#2928,#2929,#2930,#2931,
#2932,#2933,#2934,#2935,#2936,#2937,#2938,#2939,#2940,#2941,#2942,#2943,
#2944,#2945,#2946,#2947,#2948,#2949,#2950,#2951,#2952,#2953,#2954,#2955,
#2956,#2957,#2958));
#581=EDGE_LOOP('',(#2959,#2960,#2961,#2962));
#582=EDGE_LOOP('',(#2963,#2964,#2965,#2966));
#583=EDGE_LOOP('',(#2967,#2968,#2969,#2970));
#584=EDGE_LOOP('',(#2971,#2972,#2973,#2974,#2975));
#585=EDGE_LOOP('',(#2976,#2977,#2978,#2979));
#586=EDGE_LOOP('',(#2980,#2981,#2982,#2983));
#587=EDGE_LOOP('',(#2984,#2985,#2986,#2987));
#588=EDGE_LOOP('',(#2988,#2989,#2990,#2991));
#589=EDGE_LOOP('',(#2992,#2993,#2994,#2995));
#590=EDGE_LOOP('',(#2996,#2997,#2998,#2999));
#591=EDGE_LOOP('',(#3000,#3001,#3002,#3003));
#592=EDGE_LOOP('',(#3004,#3005,#3006,#3007));
#593=EDGE_LOOP('',(#3008,#3009,#3010,#3011));
#594=EDGE_LOOP('',(#3012,#3013,#3014,#3015));
#595=EDGE_LOOP('',(#3016,#3017,#3018,#3019));
#596=EDGE_LOOP('',(#3020,#3021,#3022,#3023));
#597=EDGE_LOOP('',(#3024,#3025,#3026,#3027,#3028));
#598=EDGE_LOOP('',(#3029,#3030,#3031,#3032,#3033));
#599=EDGE_LOOP('',(#3034,#3035,#3036,#3037));
#600=EDGE_LOOP('',(#3038,#3039,#3040,#3041));
#601=EDGE_LOOP('',(#3042,#3043,#3044,#3045));
#602=EDGE_LOOP('',(#3046,#3047,#3048,#3049));
#603=EDGE_LOOP('',(#3050,#3051,#3052,#3053));
#604=EDGE_LOOP('',(#3054,#3055,#3056,#3057,#3058));
#605=EDGE_LOOP('',(#3059,#3060,#3061,#3062,#3063));
#606=EDGE_LOOP('',(#3064,#3065,#3066,#3067,#3068));
#607=EDGE_LOOP('',(#3069,#3070,#3071,#3072));
#608=EDGE_LOOP('',(#3073,#3074,#3075,#3076));
#609=EDGE_LOOP('',(#3077,#3078,#3079,#3080));
#610=EDGE_LOOP('',(#3081,#3082,#3083,#3084));
#611=EDGE_LOOP('',(#3085,#3086,#3087,#3088));
#612=EDGE_LOOP('',(#3089,#3090,#3091,#3092));
#613=EDGE_LOOP('',(#3093,#3094,#3095,#3096));
#614=EDGE_LOOP('',(#3097,#3098,#3099,#3100));
#615=EDGE_LOOP('',(#3101,#3102,#3103,#3104));
#616=EDGE_LOOP('',(#3105,#3106,#3107,#3108,#3109));
#617=EDGE_LOOP('',(#3110,#3111,#3112,#3113));
#618=EDGE_LOOP('',(#3114,#3115,#3116,#3117));
#619=EDGE_LOOP('',(#3118,#3119,#3120,#3121));
#620=EDGE_LOOP('',(#3122,#3123,#3124,#3125));
#621=EDGE_LOOP('',(#3126,#3127,#3128,#3129));
#622=EDGE_LOOP('',(#3130,#3131,#3132,#3133,#3134));
#623=EDGE_LOOP('',(#3135,#3136,#3137,#3138,#3139));
#624=EDGE_LOOP('',(#3140,#3141,#3142,#3143));
#625=EDGE_LOOP('',(#3144,#3145,#3146,#3147));
#626=EDGE_LOOP('',(#3148,#3149,#3150,#3151));
#627=EDGE_LOOP('',(#3152,#3153,#3154,#3155));
#628=EDGE_LOOP('',(#3156,#3157,#3158,#3159,#3160));
#629=EDGE_LOOP('',(#3161,#3162,#3163,#3164));
#630=EDGE_LOOP('',(#3165,#3166,#3167,#3168));
#631=EDGE_LOOP('',(#3169,#3170,#3171,#3172));
#632=EDGE_LOOP('',(#3173,#3174,#3175,#3176));
#633=EDGE_LOOP('',(#3177,#3178,#3179,#3180,#3181));
#634=EDGE_LOOP('',(#3182,#3183,#3184,#3185,#3186));
#635=EDGE_LOOP('',(#3187,#3188,#3189,#3190));
#636=EDGE_LOOP('',(#3191,#3192,#3193,#3194));
#637=EDGE_LOOP('',(#3195,#3196,#3197,#3198));
#638=EDGE_LOOP('',(#3199,#3200,#3201,#3202));
#639=EDGE_LOOP('',(#3203,#3204,#3205,#3206));
#640=EDGE_LOOP('',(#3207,#3208,#3209,#3210,#3211,#3212,#3213,#3214,#3215,
#3216,#3217,#3218,#3219));
#641=EDGE_LOOP('',(#3220,#3221,#3222,#3223,#3224,#3225,#3226,#3227));
#642=EDGE_LOOP('',(#3228,#3229,#3230,#3231));
#643=EDGE_LOOP('',(#3232,#3233,#3234,#3235));
#644=EDGE_LOOP('',(#3236,#3237,#3238,#3239,#3240,#3241));
#645=EDGE_LOOP('',(#3242,#3243,#3244,#3245,#3246,#3247));
#646=EDGE_LOOP('',(#3248,#3249,#3250,#3251,#3252,#3253,#3254));
#647=EDGE_LOOP('',(#3255,#3256,#3257,#3258,#3259,#3260));
#648=EDGE_LOOP('',(#3261,#3262,#3263,#3264,#3265,#3266));
#649=EDGE_LOOP('',(#3267,#3268,#3269,#3270,#3271,#3272));
#650=EDGE_LOOP('',(#3273,#3274,#3275,#3276));
#651=EDGE_LOOP('',(#3277,#3278,#3279,#3280));
#652=EDGE_LOOP('',(#3281,#3282,#3283,#3284));
#653=EDGE_LOOP('',(#3285,#3286,#3287,#3288,#3289,#3290,#3291,#3292));
#654=EDGE_LOOP('',(#3293,#3294,#3295,#3296));
#655=EDGE_LOOP('',(#3297,#3298,#3299,#3300,#3301));
#656=EDGE_LOOP('',(#3302,#3303,#3304,#3305,#3306,#3307,#3308,#3309));
#657=EDGE_LOOP('',(#3310,#3311,#3312,#3313));
#658=EDGE_LOOP('',(#3314,#3315,#3316,#3317,#3318));
#659=EDGE_LOOP('',(#3319,#3320,#3321,#3322));
#660=EDGE_LOOP('',(#3323,#3324,#3325,#3326,#3327));
#661=EDGE_LOOP('',(#3328,#3329,#3330,#3331,#3332,#3333,#3334,#3335));
#662=EDGE_LOOP('',(#3336,#3337,#3338,#3339));
#663=EDGE_LOOP('',(#3340,#3341,#3342,#3343,#3344));
#664=EDGE_LOOP('',(#3345,#3346,#3347,#3348));
#665=EDGE_LOOP('',(#3349,#3350,#3351,#3352,#3353));
#666=EDGE_LOOP('',(#3354,#3355,#3356,#3357,#3358,#3359,#3360,#3361));
#667=EDGE_LOOP('',(#3362,#3363,#3364,#3365));
#668=EDGE_LOOP('',(#3366,#3367,#3368,#3369,#3370));
#669=EDGE_LOOP('',(#3371,#3372,#3373,#3374));
#670=EDGE_LOOP('',(#3375,#3376,#3377,#3378,#3379,#3380,#3381,#3382,#3383,
#3384,#3385,#3386,#3387,#3388,#3389,#3390,#3391,#3392,#3393,#3394,#3395,
#3396));
#671=EDGE_LOOP('',(#3397,#3398,#3399,#3400,#3401,#3402,#3403,#3404,#3405,
#3406,#3407,#3408,#3409,#3410,#3411,#3412));
#672=EDGE_LOOP('',(#3413));
#673=EDGE_LOOP('',(#3414,#3415,#3416,#3417));
#674=EDGE_LOOP('',(#3418,#3419,#3420,#3421));
#675=EDGE_LOOP('',(#3422));
#676=EDGE_LOOP('',(#3423,#3424,#3425,#3426,#3427,#3428,#3429,#3430,#3431,
#3432,#3433,#3434,#3435,#3436,#3437,#3438,#3439,#3440,#3441,#3442,#3443));
#677=EDGE_LOOP('',(#3444,#3445,#3446,#3447));
#678=EDGE_LOOP('',(#3448,#3449,#3450,#3451));
#679=EDGE_LOOP('',(#3452,#3453,#3454,#3455));
#680=EDGE_LOOP('',(#3456,#3457,#3458,#3459));
#681=EDGE_LOOP('',(#3460,#3461,#3462,#3463));
#682=EDGE_LOOP('',(#3464,#3465,#3466,#3467));
#683=EDGE_LOOP('',(#3468,#3469,#3470,#3471));
#684=EDGE_LOOP('',(#3472,#3473,#3474,#3475,#3476));
#685=EDGE_LOOP('',(#3477,#3478,#3479,#3480));
#686=EDGE_LOOP('',(#3481,#3482,#3483,#3484));
#687=EDGE_LOOP('',(#3485,#3486,#3487,#3488));
#688=EDGE_LOOP('',(#3489,#3490,#3491,#3492));
#689=EDGE_LOOP('',(#3493,#3494,#3495,#3496));
#690=EDGE_LOOP('',(#3497,#3498,#3499,#3500));
#691=EDGE_LOOP('',(#3501,#3502,#3503,#3504));
#692=EDGE_LOOP('',(#3505,#3506,#3507,#3508));
#693=EDGE_LOOP('',(#3509,#3510,#3511,#3512,#3513));
#694=EDGE_LOOP('',(#3514,#3515,#3516,#3517));
#695=EDGE_LOOP('',(#3518,#3519,#3520,#3521));
#696=EDGE_LOOP('',(#3522,#3523,#3524,#3525));
#697=EDGE_LOOP('',(#3526,#3527,#3528,#3529));
#698=EDGE_LOOP('',(#3530,#3531,#3532,#3533));
#699=EDGE_LOOP('',(#3534,#3535,#3536,#3537));
#700=EDGE_LOOP('',(#3538,#3539,#3540,#3541));
#701=EDGE_LOOP('',(#3542,#3543,#3544,#3545));
#702=EDGE_LOOP('',(#3546,#3547,#3548,#3549));
#703=EDGE_LOOP('',(#3550,#3551,#3552,#3553));
#704=EDGE_LOOP('',(#3554,#3555,#3556,#3557));
#705=EDGE_LOOP('',(#3558,#3559,#3560,#3561,#3562));
#706=EDGE_LOOP('',(#3563,#3564,#3565,#3566));
#707=EDGE_LOOP('',(#3567,#3568,#3569,#3570));
#708=EDGE_LOOP('',(#3571,#3572,#3573,#3574,#3575));
#709=EDGE_LOOP('',(#3576,#3577,#3578,#3579));
#710=EDGE_LOOP('',(#3580,#3581,#3582,#3583));
#711=EDGE_LOOP('',(#3584,#3585,#3586,#3587,#3588));
#712=EDGE_LOOP('',(#3589,#3590,#3591,#3592));
#713=EDGE_LOOP('',(#3593,#3594,#3595,#3596));
#714=EDGE_LOOP('',(#3597,#3598,#3599,#3600));
#715=EDGE_LOOP('',(#3601,#3602,#3603,#3604));
#716=EDGE_LOOP('',(#3605,#3606,#3607,#3608,#3609));
#717=EDGE_LOOP('',(#3610,#3611,#3612,#3613));
#718=EDGE_LOOP('',(#3614,#3615,#3616,#3617,#3618));
#719=EDGE_LOOP('',(#3619,#3620,#3621,#3622,#3623,#3624,#3625));
#720=EDGE_LOOP('',(#3626,#3627,#3628,#3629,#3630,#3631,#3632));
#721=EDGE_LOOP('',(#3633,#3634,#3635,#3636,#3637,#3638,#3639));
#722=EDGE_LOOP('',(#3640,#3641,#3642,#3643,#3644));
#723=EDGE_LOOP('',(#3645,#3646,#3647,#3648,#3649));
#724=EDGE_LOOP('',(#3650,#3651,#3652,#3653,#3654));
#725=EDGE_LOOP('',(#3655,#3656,#3657,#3658));
#726=EDGE_LOOP('',(#3659,#3660,#3661,#3662));
#727=EDGE_LOOP('',(#3663,#3664,#3665,#3666));
#728=EDGE_LOOP('',(#3667,#3668,#3669,#3670,#3671,#3672,#3673,#3674,#3675,
#3676,#3677,#3678,#3679,#3680,#3681,#3682,#3683,#3684));
#729=EDGE_LOOP('',(#3685));
#730=EDGE_LOOP('',(#3686,#3687,#3688,#3689));
#731=EDGE_LOOP('',(#3690,#3691,#3692,#3693));
#732=EDGE_LOOP('',(#3694,#3695,#3696,#3697,#3698));
#733=EDGE_LOOP('',(#3699,#3700,#3701,#3702,#3703));
#734=EDGE_LOOP('',(#3704,#3705,#3706,#3707,#3708));
#735=EDGE_LOOP('',(#3709,#3710,#3711,#3712));
#736=EDGE_LOOP('',(#3713,#3714,#3715,#3716,#3717));
#737=EDGE_LOOP('',(#3718,#3719,#3720,#3721,#3722));
#738=EDGE_LOOP('',(#3723,#3724,#3725,#3726));
#739=EDGE_LOOP('',(#3727,#3728,#3729,#3730));
#740=EDGE_LOOP('',(#3731,#3732,#3733,#3734));
#741=EDGE_LOOP('',(#3735,#3736,#3737,#3738));
#742=EDGE_LOOP('',(#3739,#3740,#3741,#3742));
#743=EDGE_LOOP('',(#3743,#3744,#3745,#3746,#3747));
#744=EDGE_LOOP('',(#3748,#3749,#3750,#3751,#3752));
#745=EDGE_LOOP('',(#3753,#3754,#3755,#3756,#3757));
#746=EDGE_LOOP('',(#3758,#3759,#3760,#3761));
#747=EDGE_LOOP('',(#3762,#3763,#3764,#3765,#3766));
#748=EDGE_LOOP('',(#3767,#3768,#3769,#3770,#3771));
#749=EDGE_LOOP('',(#3772,#3773,#3774,#3775,#3776));
#750=EDGE_LOOP('',(#3777,#3778,#3779,#3780));
#751=EDGE_LOOP('',(#3781,#3782,#3783,#3784));
#752=EDGE_LOOP('',(#3785,#3786,#3787,#3788));
#753=EDGE_LOOP('',(#3789,#3790,#3791,#3792));
#754=EDGE_LOOP('',(#3793,#3794,#3795,#3796));
#755=EDGE_LOOP('',(#3797,#3798,#3799,#3800,#3801));
#756=EDGE_LOOP('',(#3802,#3803,#3804,#3805,#3806,#3807));
#757=EDGE_LOOP('',(#3808,#3809,#3810,#3811));
#758=EDGE_LOOP('',(#3812,#3813,#3814,#3815,#3816,#3817));
#759=EDGE_LOOP('',(#3818,#3819,#3820,#3821));
#760=EDGE_LOOP('',(#3822,#3823,#3824,#3825));
#761=EDGE_LOOP('',(#3826,#3827,#3828,#3829));
#762=EDGE_LOOP('',(#3830,#3831,#3832,#3833));
#763=EDGE_LOOP('',(#3834,#3835,#3836,#3837));
#764=EDGE_LOOP('',(#3838,#3839,#3840,#3841,#3842,#3843,#3844,#3845,#3846,
#3847));
#765=EDGE_LOOP('',(#3848,#3849,#3850,#3851,#3852,#3853,#3854,#3855,#3856,
#3857,#3858,#3859,#3860,#3861,#3862,#3863));
#766=EDGE_LOOP('',(#3864,#3865,#3866,#3867,#3868,#3869,#3870,#3871,#3872,
#3873,#3874));
#767=EDGE_LOOP('',(#3875,#3876,#3877,#3878,#3879,#3880,#3881,#3882,#3883,
#3884));
#768=EDGE_LOOP('',(#3885,#3886,#3887,#3888,#3889));
#769=EDGE_LOOP('',(#3890,#3891,#3892,#3893,#3894));
#770=EDGE_LOOP('',(#3895,#3896,#3897,#3898,#3899));
#771=EDGE_LOOP('',(#3900,#3901,#3902,#3903));
#772=EDGE_LOOP('',(#3904,#3905,#3906,#3907,#3908));
#773=EDGE_LOOP('',(#3909,#3910,#3911,#3912));
#774=EDGE_LOOP('',(#3913,#3914,#3915,#3916));
#775=EDGE_LOOP('',(#3917,#3918,#3919,#3920));
#776=EDGE_LOOP('',(#3921,#3922,#3923,#3924,#3925));
#777=EDGE_LOOP('',(#3926,#3927,#3928,#3929,#3930));
#778=EDGE_LOOP('',(#3931,#3932,#3933,#3934));
#779=EDGE_LOOP('',(#3935,#3936,#3937,#3938,#3939));
#780=EDGE_LOOP('',(#3940,#3941,#3942,#3943));
#781=EDGE_LOOP('',(#3944,#3945,#3946,#3947));
#782=EDGE_LOOP('',(#3948,#3949,#3950,#3951));
#783=EDGE_LOOP('',(#3952,#3953,#3954,#3955,#3956));
#784=EDGE_LOOP('',(#3957,#3958,#3959,#3960));
#785=EDGE_LOOP('',(#3961,#3962,#3963,#3964,#3965));
#786=EDGE_LOOP('',(#3966,#3967,#3968,#3969,#3970));
#787=EDGE_LOOP('',(#3971,#3972,#3973,#3974));
#788=EDGE_LOOP('',(#3975,#3976,#3977,#3978));
#789=EDGE_LOOP('',(#3979,#3980,#3981,#3982));
#790=EDGE_LOOP('',(#3983,#3984,#3985,#3986,#3987));
#791=EDGE_LOOP('',(#3988,#3989,#3990,#3991,#3992));
#792=EDGE_LOOP('',(#3993,#3994,#3995,#3996));
#793=EDGE_LOOP('',(#3997,#3998,#3999,#4000));
#794=EDGE_LOOP('',(#4001,#4002,#4003,#4004));
#795=EDGE_LOOP('',(#4005,#4006,#4007,#4008));
#796=EDGE_LOOP('',(#4009,#4010,#4011,#4012));
#797=EDGE_LOOP('',(#4013,#4014,#4015,#4016,#4017));
#798=EDGE_LOOP('',(#4018,#4019,#4020,#4021,#4022,#4023,#4024,#4025,#4026,
#4027,#4028));
#799=EDGE_LOOP('',(#4029,#4030,#4031,#4032,#4033));
#800=EDGE_LOOP('',(#4034,#4035,#4036,#4037));
#801=EDGE_LOOP('',(#4038,#4039,#4040,#4041,#4042));
#802=EDGE_LOOP('',(#4043,#4044,#4045,#4046,#4047,#4048,#4049,#4050,#4051,
#4052));
#803=EDGE_LOOP('',(#4053,#4054,#4055,#4056));
#804=EDGE_LOOP('',(#4057,#4058,#4059,#4060));
#805=EDGE_LOOP('',(#4061,#4062,#4063,#4064));
#806=EDGE_LOOP('',(#4065,#4066,#4067,#4068));
#807=EDGE_LOOP('',(#4069,#4070,#4071,#4072,#4073,#4074,#4075,#4076,#4077,
#4078,#4079));
#808=EDGE_LOOP('',(#4080,#4081,#4082,#4083,#4084,#4085,#4086,#4087,#4088,
#4089,#4090,#4091,#4092,#4093,#4094,#4095));
#809=EDGE_LOOP('',(#4096,#4097,#4098,#4099,#4100,#4101,#4102,#4103,#4104,
#4105));
#810=EDGE_LOOP('',(#4106,#4107,#4108,#4109,#4110,#4111));
#811=EDGE_LOOP('',(#4112,#4113,#4114,#4115));
#812=EDGE_LOOP('',(#4116,#4117,#4118,#4119,#4120,#4121));
#813=EDGE_LOOP('',(#4122,#4123,#4124,#4125,#4126,#4127,#4128,#4129,#4130,
#4131));
#814=EDGE_LOOP('',(#4132,#4133,#4134,#4135));
#815=EDGE_LOOP('',(#4136,#4137,#4138,#4139));
#816=EDGE_LOOP('',(#4140,#4141,#4142,#4143));
#817=EDGE_LOOP('',(#4144,#4145,#4146,#4147));
#818=EDGE_LOOP('',(#4148,#4149,#4150,#4151));
#819=EDGE_LOOP('',(#4152,#4153,#4154,#4155));
#820=EDGE_LOOP('',(#4156,#4157,#4158,#4159));
#821=EDGE_LOOP('',(#4160,#4161,#4162,#4163));
#822=EDGE_LOOP('',(#4164,#4165,#4166,#4167,#4168,#4169,#4170,#4171,#4172,
#4173));
#823=EDGE_LOOP('',(#4174,#4175,#4176,#4177));
#824=EDGE_LOOP('',(#4178,#4179,#4180,#4181));
#825=EDGE_LOOP('',(#4182,#4183,#4184,#4185));
#826=EDGE_LOOP('',(#4186,#4187,#4188,#4189));
#827=EDGE_LOOP('',(#4190,#4191,#4192,#4193,#4194,#4195,#4196,#4197,#4198,
#4199,#4200));
#828=EDGE_LOOP('',(#4201,#4202,#4203,#4204,#4205,#4206,#4207,#4208,#4209,
#4210));
#829=EDGE_LOOP('',(#4211,#4212,#4213,#4214,#4215,#4216,#4217,#4218,#4219,
#4220));
#830=EDGE_LOOP('',(#4221,#4222,#4223,#4224));
#831=EDGE_LOOP('',(#4225,#4226,#4227,#4228));
#832=EDGE_LOOP('',(#4229,#4230,#4231,#4232));
#833=EDGE_LOOP('',(#4233,#4234,#4235,#4236));
#834=EDGE_LOOP('',(#4237,#4238,#4239,#4240));
#835=EDGE_LOOP('',(#4241,#4242,#4243,#4244,#4245,#4246));
#836=EDGE_LOOP('',(#4247,#4248,#4249,#4250,#4251));
#837=EDGE_LOOP('',(#4252,#4253,#4254,#4255));
#838=EDGE_LOOP('',(#4256,#4257,#4258,#4259,#4260));
#839=EDGE_LOOP('',(#4261,#4262,#4263,#4264,#4265,#4266));
#840=CIRCLE('',#4690,16.1000000000007);
#841=CIRCLE('',#4691,15.2);
#842=CIRCLE('',#4692,16.1000000000007);
#843=CIRCLE('',#4693,14.3);
#844=CIRCLE('',#4695,16.1000000000007);
#845=CIRCLE('',#4696,15.2);
#846=CIRCLE('',#4697,16.1000000000007);
#847=CIRCLE('',#4698,14.3);
#848=CIRCLE('',#4704,16.6000000000007);
#849=CIRCLE('',#4709,16.6000000000007);
#850=CIRCLE('',#4710,16.6000000000007);
#851=CIRCLE('',#4711,16.6000000000007);
#852=CIRCLE('',#4712,16.6000000000007);
#853=CIRCLE('',#4713,16.6000000000007);
#854=CIRCLE('',#4714,16.6000000000007);
#855=CIRCLE('',#4715,16.6000000000007);
#856=CIRCLE('',#4716,16.6000000000007);
#857=CIRCLE('',#4717,16.6000000000007);
#858=CIRCLE('',#4718,16.6000000000007);
#859=CIRCLE('',#4719,16.6000000000007);
#860=CIRCLE('',#4720,16.6000000000007);
#861=CIRCLE('',#4721,16.6000000000007);
#862=CIRCLE('',#4722,16.6000000000007);
#863=CIRCLE('',#4723,16.6000000000007);
#864=CIRCLE('',#4724,16.6000000000007);
#865=CIRCLE('',#4725,16.6000000000007);
#866=CIRCLE('',#4730,13.8);
#867=CIRCLE('',#4732,16.1000000000007);
#868=CIRCLE('',#4734,15.2);
#869=CIRCLE('',#4735,15.7);
#870=CIRCLE('',#4747,14.3);
#871=CIRCLE('',#4748,13.8);
#872=CIRCLE('',#4752,15.7);
#873=CIRCLE('',#4757,13.8);
#874=CIRCLE('',#4772,15.7);
#875=CIRCLE('',#4782,15.7);
#876=CIRCLE('',#4785,16.1000000000007);
#877=CIRCLE('',#4798,13.8);
#878=CIRCLE('',#4799,13.8);
#879=CIRCLE('',#4800,13.8);
#880=CIRCLE('',#4804,15.7);
#881=CIRCLE('',#4806,14.5);
#882=CIRCLE('',#4808,15.7);
#883=CIRCLE('',#4810,14.5);
#884=CIRCLE('',#4813,14.5);
#885=CIRCLE('',#4817,13.8);
#886=CIRCLE('',#4819,13.8);
#887=CIRCLE('',#4820,13.8);
#888=CIRCLE('',#4821,13.8);
#889=CIRCLE('',#4824,7.15);
#890=CIRCLE('',#4825,6.7);
#891=CIRCLE('',#4827,0.459410861459471);
#892=CIRCLE('',#4830,0.459410861459471);
#893=CIRCLE('',#4838,7.15);
#894=CIRCLE('',#4839,6.7);
#895=CIRCLE('',#4841,0.459410861459471);
#896=CIRCLE('',#4844,0.459410861459471);
#897=CIRCLE('',#4851,7.15);
#898=CIRCLE('',#4852,6.7);
#899=CIRCLE('',#4854,0.459410861459471);
#900=CIRCLE('',#4857,0.459410861459471);
#901=CIRCLE('',#4863,9.5);
#902=CIRCLE('',#4864,9.);
#903=CIRCLE('',#4866,9.);
#904=CIRCLE('',#4868,9.);
#905=CIRCLE('',#4869,9.);
#906=CIRCLE('',#4871,9.);
#907=CIRCLE('',#4873,9.);
#908=CIRCLE('',#4875,9.);
#909=CIRCLE('',#4877,9.);
#910=CIRCLE('',#4879,0.5);
#911=CIRCLE('',#4880,1.);
#912=CIRCLE('',#4881,9.8);
#913=CIRCLE('',#4882,1.);
#914=CIRCLE('',#4883,0.5);
#915=CIRCLE('',#4884,15.1);
#916=CIRCLE('',#4885,0.5);
#917=CIRCLE('',#4886,1.);
#918=CIRCLE('',#4887,9.8);
#919=CIRCLE('',#4888,1.);
#920=CIRCLE('',#4889,0.5);
#921=CIRCLE('',#4890,15.1000000000007);
#922=CIRCLE('',#4892,10.5);
#923=CIRCLE('',#4893,11.);
#924=CIRCLE('',#4895,11.);
#925=CIRCLE('',#4897,7.15);
#926=CIRCLE('',#4898,7.55);
#927=CIRCLE('',#4899,9.45);
#928=CIRCLE('',#4900,7.15);
#929=CIRCLE('',#4901,7.55);
#930=CIRCLE('',#4902,9.45);
#931=CIRCLE('',#4903,7.15);
#932=CIRCLE('',#4904,7.55);
#933=CIRCLE('',#4905,9.45);
#934=CIRCLE('',#4908,7.1);
#935=CIRCLE('',#4909,7.55);
#936=CIRCLE('',#4912,6.7);
#937=CIRCLE('',#4915,7.1);
#938=CIRCLE('',#4921,7.1);
#939=CIRCLE('',#4922,7.55);
#940=CIRCLE('',#4925,6.7);
#941=CIRCLE('',#4928,7.1);
#942=CIRCLE('',#4935,7.55);
#943=CIRCLE('',#4936,7.1);
#944=CIRCLE('',#4939,6.7);
#945=CIRCLE('',#4942,7.1);
#946=CIRCLE('',#4964,13.8);
#947=CIRCLE('',#4966,13.8);
#948=CIRCLE('',#4968,13.8);
#949=CIRCLE('',#4973,0.5);
#950=CIRCLE('',#4974,11.3);
#951=CIRCLE('',#4975,0.5);
#952=CIRCLE('',#4976,11.3);
#953=CIRCLE('',#4980,9.8);
#954=CIRCLE('',#4981,10.3);
#955=CIRCLE('',#4985,1.);
#956=CIRCLE('',#4986,0.5);
#957=CIRCLE('',#4988,10.3);
#958=CIRCLE('',#4989,9.8);
#959=CIRCLE('',#4991,9.8);
#960=CIRCLE('',#4992,10.3);
#961=CIRCLE('',#4994,1.);
#962=CIRCLE('',#4995,0.5);
#963=CIRCLE('',#4998,0.5);
#964=CIRCLE('',#4999,1.);
#965=CIRCLE('',#5001,15.6);
#966=CIRCLE('',#5002,15.1);
#967=CIRCLE('',#5004,0.5);
#968=CIRCLE('',#5005,1.);
#969=CIRCLE('',#5008,1.);
#970=CIRCLE('',#5009,0.499999999999999);
#971=CIRCLE('',#5011,10.3);
#972=CIRCLE('',#5012,9.8);
#973=CIRCLE('',#5014,1.);
#974=CIRCLE('',#5015,0.5);
#975=CIRCLE('',#5018,0.5);
#976=CIRCLE('',#5019,1.);
#977=CIRCLE('',#5021,15.6000000000007);
#978=CIRCLE('',#5022,15.1000000000007);
#979=CIRCLE('',#5024,0.5);
#980=CIRCLE('',#5025,1.);
#981=CIRCLE('',#5037,14.35);
#982=CIRCLE('',#5038,0.499999999999999);
#983=CIRCLE('',#5039,16.1);
#984=CIRCLE('',#5040,0.500000000000001);
#985=CIRCLE('',#5041,1.);
#986=CIRCLE('',#5042,10.8);
#987=CIRCLE('',#5044,13.25);
#988=CIRCLE('',#5046,10.8);
#989=CIRCLE('',#5047,12.45);
#990=CIRCLE('',#5051,12.45);
#991=CIRCLE('',#5052,12.95);
#992=CIRCLE('',#5056,10.8);
#993=CIRCLE('',#5057,11.3);
#994=CIRCLE('',#5060,1.);
#995=CIRCLE('',#5063,1.);
#996=CIRCLE('',#5066,0.5);
#997=CIRCLE('',#5068,11.3);
#998=CIRCLE('',#5071,12.95);
#999=CIRCLE('',#5075,11.3);
#1000=CIRCLE('',#5077,1.);
#1001=CIRCLE('',#5078,0.5);
#1002=CIRCLE('',#5080,16.1000000000007);
#1003=CIRCLE('',#5082,1.);
#1004=CIRCLE('',#5083,0.5);
#1005=CIRCLE('',#5086,0.5);
#1006=CIRCLE('',#5087,1.);
#1007=CIRCLE('',#5089,10.8);
#1008=CIRCLE('',#5090,11.3);
#1009=CIRCLE('',#5093,12.95);
#1010=CIRCLE('',#5097,11.3);
#1011=CIRCLE('',#5098,11.3);
#1012=CIRCLE('',#5100,0.5);
#1013=CIRCLE('',#5103,1.);
#1014=CIRCLE('',#5105,1.);
#1015=CIRCLE('',#5107,13.25);
#1016=CIRCLE('',#5108,14.35);
#1017=CIRCLE('',#5116,1.);
#1018=CIRCLE('',#5118,1.);
#1019=CIRCLE('',#5121,0.5);
#1020=CIRCLE('',#5122,0.25);
#1021=CIRCLE('',#5123,0.250000000000001);
#1022=CIRCLE('',#5124,0.249999999999999);
#1023=CIRCLE('',#5127,11.55);
#1024=CIRCLE('',#5130,0.5);
#1025=CIRCLE('',#5131,0.25);
#1026=CIRCLE('',#5132,0.250000000000001);
#1027=CIRCLE('',#5133,0.249999999999999);
#1028=CIRCLE('',#5136,11.3);
#1029=CIRCLE('',#5137,11.55);
#1030=CIRCLE('',#5141,11.3);
#1031=CIRCLE('',#5142,0.5);
#1032=CIRCLE('',#5150,12.95);
#1033=LINE('',#6442,#1382);
#1034=LINE('',#6446,#1383);
#1035=LINE('',#6448,#1384);
#1036=LINE('',#6452,#1385);
#1037=LINE('',#6454,#1386);
#1038=LINE('',#6458,#1387);
#1039=LINE('',#6460,#1388);
#1040=LINE('',#6464,#1389);
#1041=LINE('',#6465,#1390);
#1042=LINE('',#6469,#1391);
#1043=LINE('',#6473,#1392);
#1044=LINE('',#6475,#1393);
#1045=LINE('',#6479,#1394);
#1046=LINE('',#6481,#1395);
#1047=LINE('',#6485,#1396);
#1048=LINE('',#6487,#1397);
#1049=LINE('',#6491,#1398);
#1050=LINE('',#6492,#1399);
#1051=LINE('',#6495,#1400);
#1052=LINE('',#6497,#1401);
#1053=LINE('',#6504,#1402);
#1054=LINE('',#6506,#1403);
#1055=LINE('',#6513,#1404);
#1056=LINE('',#6514,#1405);
#1057=LINE('',#6520,#1406);
#1058=LINE('',#6529,#1407);
#1059=LINE('',#6532,#1408);
#1060=LINE('',#6534,#1409);
#1061=LINE('',#6535,#1410);
#1062=LINE('',#6538,#1411);
#1063=LINE('',#6539,#1412);
#1064=LINE('',#6542,#1413);
#1065=LINE('',#6546,#1414);
#1066=LINE('',#6550,#1415);
#1067=LINE('',#6554,#1416);
#1068=LINE('',#6558,#1417);
#1069=LINE('',#6562,#1418);
#1070=LINE('',#6566,#1419);
#1071=LINE('',#6570,#1420);
#1072=LINE('',#6575,#1421);
#1073=LINE('',#6579,#1422);
#1074=LINE('',#6583,#1423);
#1075=LINE('',#6587,#1424);
#1076=LINE('',#6591,#1425);
#1077=LINE('',#6595,#1426);
#1078=LINE('',#6599,#1427);
#1079=LINE('',#6603,#1428);
#1080=LINE('',#6607,#1429);
#1081=LINE('',#6608,#1430);
#1082=LINE('',#6611,#1431);
#1083=LINE('',#6612,#1432);
#1084=LINE('',#6615,#1433);
#1085=LINE('',#6658,#1434);
#1086=LINE('',#6660,#1435);
#1087=LINE('',#6661,#1436);
#1088=LINE('',#6663,#1437);
#1089=LINE('',#6664,#1438);
#1090=LINE('',#6667,#1439);
#1091=LINE('',#6669,#1440);
#1092=LINE('',#6670,#1441);
#1093=LINE('',#6673,#1442);
#1094=LINE('',#6675,#1443);
#1095=LINE('',#6676,#1444);
#1096=LINE('',#6679,#1445);
#1097=LINE('',#6684,#1446);
#1098=LINE('',#6687,#1447);
#1099=LINE('',#6689,#1448);
#1100=LINE('',#6690,#1449);
#1101=LINE('',#6692,#1450);
#1102=LINE('',#6695,#1451);
#1103=LINE('',#6696,#1452);
#1104=LINE('',#6699,#1453);
#1105=LINE('',#6700,#1454);
#1106=LINE('',#6703,#1455);
#1107=LINE('',#6722,#1456);
#1108=LINE('',#6724,#1457);
#1109=LINE('',#6728,#1458);
#1110=LINE('',#6731,#1459);
#1111=LINE('',#6737,#1460);
#1112=LINE('',#6746,#1461);
#1113=LINE('',#6757,#1462);
#1114=LINE('',#6770,#1463);
#1115=LINE('',#6775,#1464);
#1116=LINE('',#6778,#1465);
#1117=LINE('',#6780,#1466);
#1118=LINE('',#6781,#1467);
#1119=LINE('',#6783,#1468);
#1120=LINE('',#6786,#1469);
#1121=LINE('',#6787,#1470);
#1122=LINE('',#6790,#1471);
#1123=LINE('',#6791,#1472);
#1124=LINE('',#6803,#1473);
#1125=LINE('',#6804,#1474);
#1126=LINE('',#6806,#1475);
#1127=LINE('',#6809,#1476);
#1128=LINE('',#6810,#1477);
#1129=LINE('',#6813,#1478);
#1130=LINE('',#6814,#1479);
#1131=LINE('',#6816,#1480);
#1132=LINE('',#6820,#1481);
#1133=LINE('',#6821,#1482);
#1134=LINE('',#6822,#1483);
#1135=LINE('',#6825,#1484);
#1136=LINE('',#6831,#1485);
#1137=LINE('',#6835,#1486);
#1138=LINE('',#6846,#1487);
#1139=LINE('',#6849,#1488);
#1140=LINE('',#6854,#1489);
#1141=LINE('',#6857,#1490);
#1142=LINE('',#6859,#1491);
#1143=LINE('',#6860,#1492);
#1144=LINE('',#6862,#1493);
#1145=LINE('',#6865,#1494);
#1146=LINE('',#6866,#1495);
#1147=LINE('',#6869,#1496);
#1148=LINE('',#6870,#1497);
#1149=LINE('',#6876,#1498);
#1150=LINE('',#6877,#1499);
#1151=LINE('',#6879,#1500);
#1152=LINE('',#6880,#1501);
#1153=LINE('',#6896,#1502);
#1154=LINE('',#6897,#1503);
#1155=LINE('',#6898,#1504);
#1156=LINE('',#6900,#1505);
#1157=LINE('',#6901,#1506);
#1158=LINE('',#6903,#1507);
#1159=LINE('',#6904,#1508);
#1160=LINE('',#6907,#1509);
#1161=LINE('',#6912,#1510);
#1162=LINE('',#6915,#1511);
#1163=LINE('',#6917,#1512);
#1164=LINE('',#6918,#1513);
#1165=LINE('',#6920,#1514);
#1166=LINE('',#6923,#1515);
#1167=LINE('',#6924,#1516);
#1168=LINE('',#6927,#1517);
#1169=LINE('',#6928,#1518);
#1170=LINE('',#6931,#1519);
#1171=LINE('',#6932,#1520);
#1172=LINE('',#6935,#1521);
#1173=LINE('',#6936,#1522);
#1174=LINE('',#6942,#1523);
#1175=LINE('',#6946,#1524);
#1176=LINE('',#6950,#1525);
#1177=LINE('',#6951,#1526);
#1178=LINE('',#6954,#1527);
#1179=LINE('',#6955,#1528);
#1180=LINE('',#6969,#1529);
#1181=LINE('',#6980,#1530);
#1182=LINE('',#6984,#1531);
#1183=LINE('',#7000,#1532);
#1184=LINE('',#7012,#1533);
#1185=LINE('',#7050,#1534);
#1186=LINE('',#7059,#1535);
#1187=LINE('',#7062,#1536);
#1188=LINE('',#7065,#1537);
#1189=LINE('',#7080,#1538);
#1190=LINE('',#7092,#1539);
#1191=LINE('',#7130,#1540);
#1192=LINE('',#7139,#1541);
#1193=LINE('',#7142,#1542);
#1194=LINE('',#7148,#1543);
#1195=LINE('',#7163,#1544);
#1196=LINE('',#7175,#1545);
#1197=LINE('',#7213,#1546);
#1198=LINE('',#7222,#1547);
#1199=LINE('',#7225,#1548);
#1200=LINE('',#7231,#1549);
#1201=LINE('',#7236,#1550);
#1202=LINE('',#7240,#1551);
#1203=LINE('',#7244,#1552);
#1204=LINE('',#7249,#1553);
#1205=LINE('',#7253,#1554);
#1206=LINE('',#7260,#1555);
#1207=LINE('',#7264,#1556);
#1208=LINE('',#7271,#1557);
#1209=LINE('',#7278,#1558);
#1210=LINE('',#7286,#1559);
#1211=LINE('',#7294,#1560);
#1212=LINE('',#7302,#1561);
#1213=LINE('',#7310,#1562);
#1214=LINE('',#7314,#1563);
#1215=LINE('',#7318,#1564);
#1216=LINE('',#7322,#1565);
#1217=LINE('',#7326,#1566);
#1218=LINE('',#7331,#1567);
#1219=LINE('',#7335,#1568);
#1220=LINE('',#7340,#1569);
#1221=LINE('',#7344,#1570);
#1222=LINE('',#7348,#1571);
#1223=LINE('',#7350,#1572);
#1224=LINE('',#7365,#1573);
#1225=LINE('',#7366,#1574);
#1226=LINE('',#7369,#1575);
#1227=LINE('',#7373,#1576);
#1228=LINE('',#7374,#1577);
#1229=LINE('',#7377,#1578);
#1230=LINE('',#7380,#1579);
#1231=LINE('',#7382,#1580);
#1232=LINE('',#7383,#1581);
#1233=LINE('',#7387,#1582);
#1234=LINE('',#7389,#1583);
#1235=LINE('',#7404,#1584);
#1236=LINE('',#7405,#1585);
#1237=LINE('',#7408,#1586);
#1238=LINE('',#7412,#1587);
#1239=LINE('',#7413,#1588);
#1240=LINE('',#7416,#1589);
#1241=LINE('',#7419,#1590);
#1242=LINE('',#7421,#1591);
#1243=LINE('',#7422,#1592);
#1244=LINE('',#7425,#1593);
#1245=LINE('',#7428,#1594);
#1246=LINE('',#7434,#1595);
#1247=LINE('',#7445,#1596);
#1248=LINE('',#7446,#1597);
#1249=LINE('',#7449,#1598);
#1250=LINE('',#7453,#1599);
#1251=LINE('',#7454,#1600);
#1252=LINE('',#7457,#1601);
#1253=LINE('',#7460,#1602);
#1254=LINE('',#7542,#1603);
#1255=LINE('',#7544,#1604);
#1256=LINE('',#7546,#1605);
#1257=LINE('',#7547,#1606);
#1258=LINE('',#7549,#1607);
#1259=LINE('',#7550,#1608);
#1260=LINE('',#7553,#1609);
#1261=LINE('',#7558,#1610);
#1262=LINE('',#7564,#1611);
#1263=LINE('',#7565,#1612);
#1264=LINE('',#7568,#1613);
#1265=LINE('',#7570,#1614);
#1266=LINE('',#7571,#1615);
#1267=LINE('',#7573,#1616);
#1268=LINE('',#7579,#1617);
#1269=LINE('',#7596,#1618);
#1270=LINE('',#7598,#1619);
#1271=LINE('',#7600,#1620);
#1272=LINE('',#7614,#1621);
#1273=LINE('',#7616,#1622);
#1274=LINE('',#7618,#1623);
#1275=LINE('',#7633,#1624);
#1276=LINE('',#7656,#1625);
#1277=LINE('',#7674,#1626);
#1278=LINE('',#7679,#1627);
#1279=LINE('',#7680,#1628);
#1280=LINE('',#7681,#1629);
#1281=LINE('',#7686,#1630);
#1282=LINE('',#7691,#1631);
#1283=LINE('',#7698,#1632);
#1284=LINE('',#7702,#1633);
#1285=LINE('',#7704,#1634);
#1286=LINE('',#7797,#1635);
#1287=LINE('',#7905,#1636);
#1288=LINE('',#7910,#1637);
#1289=LINE('',#7911,#1638);
#1290=LINE('',#7912,#1639);
#1291=LINE('',#7917,#1640);
#1292=LINE('',#7922,#1641);
#1293=LINE('',#7929,#1642);
#1294=LINE('',#7933,#1643);
#1295=LINE('',#7934,#1644);
#1296=LINE('',#7939,#1645);
#1297=LINE('',#7940,#1646);
#1298=LINE('',#7942,#1647);
#1299=LINE('',#7944,#1648);
#1300=LINE('',#7946,#1649);
#1301=LINE('',#7948,#1650);
#1302=LINE('',#7950,#1651);
#1303=LINE('',#7952,#1652);
#1304=LINE('',#7954,#1653);
#1305=LINE('',#7957,#1654);
#1306=LINE('',#7976,#1655);
#1307=LINE('',#7981,#1656);
#1308=LINE('',#7989,#1657);
#1309=LINE('',#8020,#1658);
#1310=LINE('',#8024,#1659);
#1311=LINE('',#8026,#1660);
#1312=LINE('',#8029,#1661);
#1313=LINE('',#8109,#1662);
#1314=LINE('',#8111,#1663);
#1315=LINE('',#8113,#1664);
#1316=LINE('',#8152,#1665);
#1317=LINE('',#8158,#1666);
#1318=LINE('',#8173,#1667);
#1319=LINE('',#8175,#1668);
#1320=LINE('',#8176,#1669);
#1321=LINE('',#8179,#1670);
#1322=LINE('',#8185,#1671);
#1323=LINE('',#8199,#1672);
#1324=LINE('',#8200,#1673);
#1325=LINE('',#8203,#1674);
#1326=LINE('',#8205,#1675);
#1327=LINE('',#8209,#1676);
#1328=LINE('',#8212,#1677);
#1329=LINE('',#8213,#1678);
#1330=LINE('',#8217,#1679);
#1331=LINE('',#8277,#1680);
#1332=LINE('',#8291,#1681);
#1333=LINE('',#8292,#1682);
#1334=LINE('',#8295,#1683);
#1335=LINE('',#8355,#1684);
#1336=LINE('',#8359,#1685);
#1337=LINE('',#8365,#1686);
#1338=LINE('',#8370,#1687);
#1339=LINE('',#8371,#1688);
#1340=LINE('',#8372,#1689);
#1341=LINE('',#8377,#1690);
#1342=LINE('',#8388,#1691);
#1343=LINE('',#8390,#1692);
#1344=LINE('',#8391,#1693);
#1345=LINE('',#8393,#1694);
#1346=LINE('',#8394,#1695);
#1347=LINE('',#8397,#1696);
#1348=LINE('',#8412,#1697);
#1349=LINE('',#8413,#1698);
#1350=LINE('',#8416,#1699);
#1351=LINE('',#8428,#1700);
#1352=LINE('',#8431,#1701);
#1353=LINE('',#8434,#1702);
#1354=LINE('',#8438,#1703);
#1355=LINE('',#8442,#1704);
#1356=LINE('',#8443,#1705);
#1357=LINE('',#8448,#1706);
#1358=LINE('',#8454,#1707);
#1359=LINE('',#8457,#1708);
#1360=LINE('',#8459,#1709);
#1361=LINE('',#8461,#1710);
#1362=LINE('',#8468,#1711);
#1363=LINE('',#8470,#1712);
#1364=LINE('',#8472,#1713);
#1365=LINE('',#8489,#1714);
#1366=LINE('',#8524,#1715);
#1367=LINE('',#8525,#1716);
#1368=LINE('',#8542,#1717);
#1369=LINE('',#8543,#1718);
#1370=LINE('',#8545,#1719);
#1371=LINE('',#8546,#1720);
#1372=LINE('',#8552,#1721);
#1373=LINE('',#8554,#1722);
#1374=LINE('',#8555,#1723);
#1375=LINE('',#8557,#1724);
#1376=LINE('',#8560,#1725);
#1377=LINE('',#8562,#1726);
#1378=LINE('',#8568,#1727);
#1379=LINE('',#8569,#1728);
#1380=LINE('',#8571,#1729);
#1381=LINE('',#8573,#1730);
#1382=VECTOR('',#5159,10.);
#1383=VECTOR('',#5162,10.);
#1384=VECTOR('',#5163,10.);
#1385=VECTOR('',#5166,10.);
#1386=VECTOR('',#5167,10.);
#1387=VECTOR('',#5170,10.);
#1388=VECTOR('',#5171,10.);
#1389=VECTOR('',#5174,10.);
#1390=VECTOR('',#5175,10.);
#1391=VECTOR('',#5178,10.);
#1392=VECTOR('',#5181,10.);
#1393=VECTOR('',#5182,10.);
#1394=VECTOR('',#5185,10.);
#1395=VECTOR('',#5186,10.);
#1396=VECTOR('',#5189,10.);
#1397=VECTOR('',#5190,10.);
#1398=VECTOR('',#5193,10.);
#1399=VECTOR('',#5194,10.);
#1400=VECTOR('',#5197,10.);
#1401=VECTOR('',#5198,10.);
#1402=VECTOR('',#5201,10.);
#1403=VECTOR('',#5202,10.);
#1404=VECTOR('',#5205,10.);
#1405=VECTOR('',#5206,10.);
#1406=VECTOR('',#5209,10.);
#1407=VECTOR('',#5216,10.);
#1408=VECTOR('',#5219,10.);
#1409=VECTOR('',#5220,10.);
#1410=VECTOR('',#5221,10.);
#1411=VECTOR('',#5224,10.);
#1412=VECTOR('',#5225,10.);
#1413=VECTOR('',#5228,10.);
#1414=VECTOR('',#5231,10.);
#1415=VECTOR('',#5234,10.);
#1416=VECTOR('',#5237,16.6000000000007);
#1417=VECTOR('',#5240,10.);
#1418=VECTOR('',#5243,10.);
#1419=VECTOR('',#5246,10.);
#1420=VECTOR('',#5249,10.);
#1421=VECTOR('',#5254,10.);
#1422=VECTOR('',#5257,10.);
#1423=VECTOR('',#5260,10.);
#1424=VECTOR('',#5263,10.);
#1425=VECTOR('',#5266,10.);
#1426=VECTOR('',#5269,10.);
#1427=VECTOR('',#5272,10.);
#1428=VECTOR('',#5275,10.);
#1429=VECTOR('',#5280,10.);
#1430=VECTOR('',#5281,10.);
#1431=VECTOR('',#5284,10.);
#1432=VECTOR('',#5285,10.);
#1433=VECTOR('',#5288,10.);
#1434=VECTOR('',#5305,10.);
#1435=VECTOR('',#5306,10.);
#1436=VECTOR('',#5307,10.);
#1437=VECTOR('',#5310,10.);
#1438=VECTOR('',#5311,10.);
#1439=VECTOR('',#5314,10.);
#1440=VECTOR('',#5315,10.);
#1441=VECTOR('',#5316,10.);
#1442=VECTOR('',#5319,10.);
#1443=VECTOR('',#5320,10.);
#1444=VECTOR('',#5321,10.);
#1445=VECTOR('',#5324,10.);
#1446=VECTOR('',#5325,10.);
#1447=VECTOR('',#5328,10.);
#1448=VECTOR('',#5329,10.);
#1449=VECTOR('',#5330,10.);
#1450=VECTOR('',#5333,10.);
#1451=VECTOR('',#5336,10.);
#1452=VECTOR('',#5337,10.);
#1453=VECTOR('',#5340,10.);
#1454=VECTOR('',#5341,10.);
#1455=VECTOR('',#5344,10.);
#1456=VECTOR('',#5353,10.);
#1457=VECTOR('',#5354,10.);
#1458=VECTOR('',#5355,10.);
#1459=VECTOR('',#5358,10.);
#1460=VECTOR('',#5359,10.);
#1461=VECTOR('',#5366,10.);
#1462=VECTOR('',#5371,10.);
#1463=VECTOR('',#5378,10.);
#1464=VECTOR('',#5379,10.);
#1465=VECTOR('',#5382,10.);
#1466=VECTOR('',#5383,10.);
#1467=VECTOR('',#5384,10.);
#1468=VECTOR('',#5387,10.);
#1469=VECTOR('',#5390,10.);
#1470=VECTOR('',#5391,10.);
#1471=VECTOR('',#5394,10.);
#1472=VECTOR('',#5395,10.);
#1473=VECTOR('',#5400,10.);
#1474=VECTOR('',#5401,10.);
#1475=VECTOR('',#5404,10.);
#1476=VECTOR('',#5407,10.);
#1477=VECTOR('',#5408,10.);
#1478=VECTOR('',#5411,10.);
#1479=VECTOR('',#5412,10.);
#1480=VECTOR('',#5415,10.);
#1481=VECTOR('',#5418,10.);
#1482=VECTOR('',#5419,10.);
#1483=VECTOR('',#5420,10.);
#1484=VECTOR('',#5423,10.);
#1485=VECTOR('',#5424,10.);
#1486=VECTOR('',#5431,10.);
#1487=VECTOR('',#5436,10.);
#1488=VECTOR('',#5439,10.);
#1489=VECTOR('',#5440,10.);
#1490=VECTOR('',#5443,10.);
#1491=VECTOR('',#5444,10.);
#1492=VECTOR('',#5445,10.);
#1493=VECTOR('',#5448,10.);
#1494=VECTOR('',#5451,10.);
#1495=VECTOR('',#5452,10.);
#1496=VECTOR('',#5455,10.);
#1497=VECTOR('',#5456,10.);
#1498=VECTOR('',#5463,10.);
#1499=VECTOR('',#5464,10.);
#1500=VECTOR('',#5465,10.);
#1501=VECTOR('',#5466,10.);
#1502=VECTOR('',#5473,10.);
#1503=VECTOR('',#5474,10.);
#1504=VECTOR('',#5475,10.);
#1505=VECTOR('',#5478,10.);
#1506=VECTOR('',#5479,10.);
#1507=VECTOR('',#5482,10.);
#1508=VECTOR('',#5483,10.);
#1509=VECTOR('',#5486,10.);
#1510=VECTOR('',#5487,10.);
#1511=VECTOR('',#5490,10.);
#1512=VECTOR('',#5491,10.);
#1513=VECTOR('',#5492,10.);
#1514=VECTOR('',#5495,10.);
#1515=VECTOR('',#5498,10.);
#1516=VECTOR('',#5499,10.);
#1517=VECTOR('',#5502,10.);
#1518=VECTOR('',#5503,10.);
#1519=VECTOR('',#5506,10.);
#1520=VECTOR('',#5507,10.);
#1521=VECTOR('',#5510,10.);
#1522=VECTOR('',#5511,10.);
#1523=VECTOR('',#5518,10.);
#1524=VECTOR('',#5521,10.);
#1525=VECTOR('',#5526,10.);
#1526=VECTOR('',#5527,10.);
#1527=VECTOR('',#5530,10.);
#1528=VECTOR('',#5531,10.);
#1529=VECTOR('',#5556,10.);
#1530=VECTOR('',#5567,10.);
#1531=VECTOR('',#5570,10.);
#1532=VECTOR('',#5575,10.);
#1533=VECTOR('',#5576,10.);
#1534=VECTOR('',#5589,10.);
#1535=VECTOR('',#5600,10.);
#1536=VECTOR('',#5603,10.);
#1537=VECTOR('',#5606,10.);
#1538=VECTOR('',#5609,10.);
#1539=VECTOR('',#5610,10.);
#1540=VECTOR('',#5623,10.);
#1541=VECTOR('',#5634,10.);
#1542=VECTOR('',#5637,10.);
#1543=VECTOR('',#5638,10.);
#1544=VECTOR('',#5641,10.);
#1545=VECTOR('',#5642,10.);
#1546=VECTOR('',#5655,10.);
#1547=VECTOR('',#5666,10.);
#1548=VECTOR('',#5669,10.);
#1549=VECTOR('',#5670,10.);
#1550=VECTOR('',#5675,9.25);
#1551=VECTOR('',#5680,9.);
#1552=VECTOR('',#5683,10.);
#1553=VECTOR('',#5688,10.);
#1554=VECTOR('',#5691,10.);
#1555=VECTOR('',#5698,10.);
#1556=VECTOR('',#5701,10.);
#1557=VECTOR('',#5708,10.);
#1558=VECTOR('',#5715,10.);
#1559=VECTOR('',#5722,10.);
#1560=VECTOR('',#5729,10.);
#1561=VECTOR('',#5736,10.);
#1562=VECTOR('',#5745,10.75);
#1563=VECTOR('',#5750,11.);
#1564=VECTOR('',#5755,10.);
#1565=VECTOR('',#5758,10.);
#1566=VECTOR('',#5761,10.);
#1567=VECTOR('',#5766,10.);
#1568=VECTOR('',#5769,10.);
#1569=VECTOR('',#5774,10.);
#1570=VECTOR('',#5777,10.);
#1571=VECTOR('',#5782,10.);
#1572=VECTOR('',#5783,10.);
#1573=VECTOR('',#5792,10.);
#1574=VECTOR('',#5793,10.);
#1575=VECTOR('',#5796,10.);
#1576=VECTOR('',#5801,10.);
#1577=VECTOR('',#5802,10.);
#1578=VECTOR('',#5805,10.);
#1579=VECTOR('',#5810,10.);
#1580=VECTOR('',#5813,10.);
#1581=VECTOR('',#5814,10.);
#1582=VECTOR('',#5819,10.);
#1583=VECTOR('',#5820,10.);
#1584=VECTOR('',#5829,10.);
#1585=VECTOR('',#5830,10.);
#1586=VECTOR('',#5833,10.);
#1587=VECTOR('',#5838,10.);
#1588=VECTOR('',#5839,10.);
#1589=VECTOR('',#5842,10.);
#1590=VECTOR('',#5847,10.);
#1591=VECTOR('',#5850,10.);
#1592=VECTOR('',#5851,10.);
#1593=VECTOR('',#5856,10.);
#1594=VECTOR('',#5859,10.);
#1595=VECTOR('',#5860,10.);
#1596=VECTOR('',#5869,10.);
#1597=VECTOR('',#5870,10.);
#1598=VECTOR('',#5873,10.);
#1599=VECTOR('',#5878,10.);
#1600=VECTOR('',#5879,10.);
#1601=VECTOR('',#5882,10.);
#1602=VECTOR('',#5887,10.);
#1603=VECTOR('',#5942,10.);
#1604=VECTOR('',#5943,10.);
#1605=VECTOR('',#5944,10.);
#1606=VECTOR('',#5945,10.);
#1607=VECTOR('',#5948,10.);
#1608=VECTOR('',#5949,10.);
#1609=VECTOR('',#5952,10.);
#1610=VECTOR('',#5957,10.);
#1611=VECTOR('',#5962,10.);
#1612=VECTOR('',#5963,10.);
#1613=VECTOR('',#5966,10.);
#1614=VECTOR('',#5967,10.);
#1615=VECTOR('',#5968,10.);
#1616=VECTOR('',#5971,10.);
#1617=VECTOR('',#5976,10.);
#1618=VECTOR('',#5981,10.);
#1619=VECTOR('',#5982,10.);
#1620=VECTOR('',#5983,10.);
#1621=VECTOR('',#5986,10.);
#1622=VECTOR('',#5987,10.);
#1623=VECTOR('',#5988,10.);
#1624=VECTOR('',#5993,10.);
#1625=VECTOR('',#6006,10.);
#1626=VECTOR('',#6013,10.);
#1627=VECTOR('',#6018,10.);
#1628=VECTOR('',#6019,10.);
#1629=VECTOR('',#6020,10.);
#1630=VECTOR('',#6025,10.);
#1631=VECTOR('',#6030,10.);
#1632=VECTOR('',#6039,10.);
#1633=VECTOR('',#6044,10.);
#1634=VECTOR('',#6045,10.);
#1635=VECTOR('',#6050,10.);
#1636=VECTOR('',#6063,10.);
#1637=VECTOR('',#6068,10.);
#1638=VECTOR('',#6069,10.);
#1639=VECTOR('',#6070,10.);
#1640=VECTOR('',#6075,10.);
#1641=VECTOR('',#6080,10.);
#1642=VECTOR('',#6089,10.);
#1643=VECTOR('',#6094,10.);
#1644=VECTOR('',#6095,10.);
#1645=VECTOR('',#6098,10.);
#1646=VECTOR('',#6099,10.);
#1647=VECTOR('',#6102,10.);
#1648=VECTOR('',#6105,10.);
#1649=VECTOR('',#6108,10.);
#1650=VECTOR('',#6111,10.);
#1651=VECTOR('',#6114,10.);
#1652=VECTOR('',#6117,10.);
#1653=VECTOR('',#6120,10.);
#1654=VECTOR('',#6123,10.);
#1655=VECTOR('',#6124,10.);
#1656=VECTOR('',#6129,10.);
#1657=VECTOR('',#6136,10.);
#1658=VECTOR('',#6147,10.);
#1659=VECTOR('',#6150,10.);
#1660=VECTOR('',#6151,10.);
#1661=VECTOR('',#6154,10.);
#1662=VECTOR('',#6157,10.);
#1663=VECTOR('',#6158,10.);
#1664=VECTOR('',#6159,10.);
#1665=VECTOR('',#6162,10.);
#1666=VECTOR('',#6163,10.);
#1667=VECTOR('',#6172,10.);
#1668=VECTOR('',#6173,10.);
#1669=VECTOR('',#6174,10.);
#1670=VECTOR('',#6177,10.);
#1671=VECTOR('',#6178,10.);
#1672=VECTOR('',#6187,10.);
#1673=VECTOR('',#6188,10.);
#1674=VECTOR('',#6193,10.);
#1675=VECTOR('',#6196,10.);
#1676=VECTOR('',#6201,10.);
#1677=VECTOR('',#6204,10.);
#1678=VECTOR('',#6205,10.);
#1679=VECTOR('',#6210,10.);
#1680=VECTOR('',#6217,10.);
#1681=VECTOR('',#6224,10.);
#1682=VECTOR('',#6225,10.);
#1683=VECTOR('',#6228,10.);
#1684=VECTOR('',#6237,10.);
#1685=VECTOR('',#6242,10.);
#1686=VECTOR('',#6249,10.);
#1687=VECTOR('',#6254,10.);
#1688=VECTOR('',#6255,10.);
#1689=VECTOR('',#6256,10.);
#1690=VECTOR('',#6261,10.);
#1691=VECTOR('',#6272,10.);
#1692=VECTOR('',#6273,10.);
#1693=VECTOR('',#6274,10.);
#1694=VECTOR('',#6275,10.);
#1695=VECTOR('',#6276,10.);
#1696=VECTOR('',#6279,10.);
#1697=VECTOR('',#6284,10.);
#1698=VECTOR('',#6285,10.);
#1699=VECTOR('',#6288,10.);
#1700=VECTOR('',#6289,10.);
#1701=VECTOR('',#6292,10.);
#1702=VECTOR('',#6295,10.);
#1703=VECTOR('',#6300,10.);
#1704=VECTOR('',#6305,10.);
#1705=VECTOR('',#6306,10.);
#1706=VECTOR('',#6313,10.);
#1707=VECTOR('',#6324,10.);
#1708=VECTOR('',#6329,10.);
#1709=VECTOR('',#6332,10.);
#1710=VECTOR('',#6335,10.);
#1711=VECTOR('',#6346,10.);
#1712=VECTOR('',#6349,10.);
#1713=VECTOR('',#6352,10.);
#1714=VECTOR('',#6363,10.);
#1715=VECTOR('',#6382,10.);
#1716=VECTOR('',#6383,10.);
#1717=VECTOR('',#6392,10.);
#1718=VECTOR('',#6393,10.);
#1719=VECTOR('',#6396,10.);
#1720=VECTOR('',#6397,10.);
#1721=VECTOR('',#6404,10.);
#1722=VECTOR('',#6407,10.);
#1723=VECTOR('',#6408,10.);
#1724=VECTOR('',#6411,10.);
#1725=VECTOR('',#6416,10.);
#1726=VECTOR('',#6419,10.);
#1727=VECTOR('',#6426,10.);
#1728=VECTOR('',#6427,10.);
#1729=VECTOR('',#6430,10.);
#1730=VECTOR('',#6433,10.);
#1731=VERTEX_POINT('',#6440);
#1732=VERTEX_POINT('',#6441);
#1733=VERTEX_POINT('',#6443);
#1734=VERTEX_POINT('',#6445);
#1735=VERTEX_POINT('',#6447);
#1736=VERTEX_POINT('',#6449);
#1737=VERTEX_POINT('',#6451);
#1738=VERTEX_POINT('',#6453);
#1739=VERTEX_POINT('',#6455);
#1740=VERTEX_POINT('',#6457);
#1741=VERTEX_POINT('',#6459);
#1742=VERTEX_POINT('',#6461);
#1743=VERTEX_POINT('',#6463);
#1744=VERTEX_POINT('',#6467);
#1745=VERTEX_POINT('',#6468);
#1746=VERTEX_POINT('',#6470);
#1747=VERTEX_POINT('',#6472);
#1748=VERTEX_POINT('',#6474);
#1749=VERTEX_POINT('',#6476);
#1750=VERTEX_POINT('',#6478);
#1751=VERTEX_POINT('',#6480);
#1752=VERTEX_POINT('',#6482);
#1753=VERTEX_POINT('',#6484);
#1754=VERTEX_POINT('',#6486);
#1755=VERTEX_POINT('',#6488);
#1756=VERTEX_POINT('',#6490);
#1757=VERTEX_POINT('',#6494);
#1758=VERTEX_POINT('',#6496);
#1759=VERTEX_POINT('',#6503);
#1760=VERTEX_POINT('',#6505);
#1761=VERTEX_POINT('',#6512);
#1762=VERTEX_POINT('',#6516);
#1763=VERTEX_POINT('',#6522);
#1764=VERTEX_POINT('',#6531);
#1765=VERTEX_POINT('',#6533);
#1766=VERTEX_POINT('',#6537);
#1767=VERTEX_POINT('',#6541);
#1768=VERTEX_POINT('',#6543);
#1769=VERTEX_POINT('',#6545);
#1770=VERTEX_POINT('',#6547);
#1771=VERTEX_POINT('',#6549);
#1772=VERTEX_POINT('',#6551);
#1773=VERTEX_POINT('',#6553);
#1774=VERTEX_POINT('',#6555);
#1775=VERTEX_POINT('',#6557);
#1776=VERTEX_POINT('',#6559);
#1777=VERTEX_POINT('',#6561);
#1778=VERTEX_POINT('',#6563);
#1779=VERTEX_POINT('',#6565);
#1780=VERTEX_POINT('',#6567);
#1781=VERTEX_POINT('',#6569);
#1782=VERTEX_POINT('',#6572);
#1783=VERTEX_POINT('',#6574);
#1784=VERTEX_POINT('',#6576);
#1785=VERTEX_POINT('',#6578);
#1786=VERTEX_POINT('',#6580);
#1787=VERTEX_POINT('',#6582);
#1788=VERTEX_POINT('',#6584);
#1789=VERTEX_POINT('',#6586);
#1790=VERTEX_POINT('',#6588);
#1791=VERTEX_POINT('',#6590);
#1792=VERTEX_POINT('',#6592);
#1793=VERTEX_POINT('',#6594);
#1794=VERTEX_POINT('',#6596);
#1795=VERTEX_POINT('',#6598);
#1796=VERTEX_POINT('',#6600);
#1797=VERTEX_POINT('',#6602);
#1798=VERTEX_POINT('',#6606);
#1799=VERTEX_POINT('',#6610);
#1800=VERTEX_POINT('',#6614);
#1801=VERTEX_POINT('',#6620);
#1802=VERTEX_POINT('',#6624);
#1803=VERTEX_POINT('',#6630);
#1804=VERTEX_POINT('',#6635);
#1805=VERTEX_POINT('',#6642);
#1806=VERTEX_POINT('',#6643);
#1807=VERTEX_POINT('',#6645);
#1808=VERTEX_POINT('',#6650);
#1809=VERTEX_POINT('',#6657);
#1810=VERTEX_POINT('',#6659);
#1811=VERTEX_POINT('',#6666);
#1812=VERTEX_POINT('',#6668);
#1813=VERTEX_POINT('',#6672);
#1814=VERTEX_POINT('',#6674);
#1815=VERTEX_POINT('',#6678);
#1816=VERTEX_POINT('',#6680);
#1817=VERTEX_POINT('',#6686);
#1818=VERTEX_POINT('',#6688);
#1819=VERTEX_POINT('',#6694);
#1820=VERTEX_POINT('',#6698);
#1821=VERTEX_POINT('',#6702);
#1822=VERTEX_POINT('',#6708);
#1823=VERTEX_POINT('',#6710);
#1824=VERTEX_POINT('',#6714);
#1825=VERTEX_POINT('',#6720);
#1826=VERTEX_POINT('',#6721);
#1827=VERTEX_POINT('',#6723);
#1828=VERTEX_POINT('',#6730);
#1829=VERTEX_POINT('',#6732);
#1830=VERTEX_POINT('',#6739);
#1831=VERTEX_POINT('',#6759);
#1832=VERTEX_POINT('',#6763);
#1833=VERTEX_POINT('',#6769);
#1834=VERTEX_POINT('',#6771);
#1835=VERTEX_POINT('',#6777);
#1836=VERTEX_POINT('',#6779);
#1837=VERTEX_POINT('',#6785);
#1838=VERTEX_POINT('',#6789);
#1839=VERTEX_POINT('',#6802);
#1840=VERTEX_POINT('',#6808);
#1841=VERTEX_POINT('',#6812);
#1842=VERTEX_POINT('',#6818);
#1843=VERTEX_POINT('',#6819);
#1844=VERTEX_POINT('',#6824);
#1845=VERTEX_POINT('',#6826);
#1846=VERTEX_POINT('',#6848);
#1847=VERTEX_POINT('',#6850);
#1848=VERTEX_POINT('',#6856);
#1849=VERTEX_POINT('',#6858);
#1850=VERTEX_POINT('',#6864);
#1851=VERTEX_POINT('',#6868);
#1852=VERTEX_POINT('',#6874);
#1853=VERTEX_POINT('',#6875);
#1854=VERTEX_POINT('',#6878);
#1855=VERTEX_POINT('',#6882);
#1856=VERTEX_POINT('',#6883);
#1857=VERTEX_POINT('',#6894);
#1858=VERTEX_POINT('',#6895);
#1859=VERTEX_POINT('',#6906);
#1860=VERTEX_POINT('',#6908);
#1861=VERTEX_POINT('',#6914);
#1862=VERTEX_POINT('',#6916);
#1863=VERTEX_POINT('',#6922);
#1864=VERTEX_POINT('',#6926);
#1865=VERTEX_POINT('',#6930);
#1866=VERTEX_POINT('',#6934);
#1867=VERTEX_POINT('',#6939);
#1868=VERTEX_POINT('',#6941);
#1869=VERTEX_POINT('',#6943);
#1870=VERTEX_POINT('',#6945);
#1871=VERTEX_POINT('',#6949);
#1872=VERTEX_POINT('',#6953);
#1873=VERTEX_POINT('',#6968);
#1874=VERTEX_POINT('',#6977);
#1875=VERTEX_POINT('',#6979);
#1876=VERTEX_POINT('',#6981);
#1877=VERTEX_POINT('',#6983);
#1878=VERTEX_POINT('',#6987);
#1879=VERTEX_POINT('',#6988);
#1880=VERTEX_POINT('',#6999);
#1881=VERTEX_POINT('',#7001);
#1882=VERTEX_POINT('',#7014);
#1883=VERTEX_POINT('',#7025);
#1884=VERTEX_POINT('',#7027);
#1885=VERTEX_POINT('',#7034);
#1886=VERTEX_POINT('',#7045);
#1887=VERTEX_POINT('',#7047);
#1888=VERTEX_POINT('',#7049);
#1889=VERTEX_POINT('',#7051);
#1890=VERTEX_POINT('',#7055);
#1891=VERTEX_POINT('',#7057);
#1892=VERTEX_POINT('',#7061);
#1893=VERTEX_POINT('',#7063);
#1894=VERTEX_POINT('',#7067);
#1895=VERTEX_POINT('',#7068);
#1896=VERTEX_POINT('',#7079);
#1897=VERTEX_POINT('',#7081);
#1898=VERTEX_POINT('',#7094);
#1899=VERTEX_POINT('',#7105);
#1900=VERTEX_POINT('',#7107);
#1901=VERTEX_POINT('',#7114);
#1902=VERTEX_POINT('',#7125);
#1903=VERTEX_POINT('',#7127);
#1904=VERTEX_POINT('',#7129);
#1905=VERTEX_POINT('',#7131);
#1906=VERTEX_POINT('',#7135);
#1907=VERTEX_POINT('',#7137);
#1908=VERTEX_POINT('',#7141);
#1909=VERTEX_POINT('',#7143);
#1910=VERTEX_POINT('',#7150);
#1911=VERTEX_POINT('',#7151);
#1912=VERTEX_POINT('',#7162);
#1913=VERTEX_POINT('',#7164);
#1914=VERTEX_POINT('',#7177);
#1915=VERTEX_POINT('',#7188);
#1916=VERTEX_POINT('',#7190);
#1917=VERTEX_POINT('',#7197);
#1918=VERTEX_POINT('',#7208);
#1919=VERTEX_POINT('',#7210);
#1920=VERTEX_POINT('',#7212);
#1921=VERTEX_POINT('',#7214);
#1922=VERTEX_POINT('',#7218);
#1923=VERTEX_POINT('',#7220);
#1924=VERTEX_POINT('',#7224);
#1925=VERTEX_POINT('',#7226);
#1926=VERTEX_POINT('',#7233);
#1927=VERTEX_POINT('',#7235);
#1928=VERTEX_POINT('',#7239);
#1929=VERTEX_POINT('',#7241);
#1930=VERTEX_POINT('',#7243);
#1931=VERTEX_POINT('',#7245);
#1932=VERTEX_POINT('',#7248);
#1933=VERTEX_POINT('',#7250);
#1934=VERTEX_POINT('',#7252);
#1935=VERTEX_POINT('',#7254);
#1936=VERTEX_POINT('',#7256);
#1937=VERTEX_POINT('',#7258);
#1938=VERTEX_POINT('',#7261);
#1939=VERTEX_POINT('',#7263);
#1940=VERTEX_POINT('',#7265);
#1941=VERTEX_POINT('',#7267);
#1942=VERTEX_POINT('',#7269);
#1943=VERTEX_POINT('',#7274);
#1944=VERTEX_POINT('',#7275);
#1945=VERTEX_POINT('',#7277);
#1946=VERTEX_POINT('',#7279);
#1947=VERTEX_POINT('',#7281);
#1948=VERTEX_POINT('',#7283);
#1949=VERTEX_POINT('',#7285);
#1950=VERTEX_POINT('',#7287);
#1951=VERTEX_POINT('',#7289);
#1952=VERTEX_POINT('',#7291);
#1953=VERTEX_POINT('',#7293);
#1954=VERTEX_POINT('',#7295);
#1955=VERTEX_POINT('',#7297);
#1956=VERTEX_POINT('',#7299);
#1957=VERTEX_POINT('',#7301);
#1958=VERTEX_POINT('',#7303);
#1959=VERTEX_POINT('',#7307);
#1960=VERTEX_POINT('',#7309);
#1961=VERTEX_POINT('',#7313);
#1962=VERTEX_POINT('',#7317);
#1963=VERTEX_POINT('',#7319);
#1964=VERTEX_POINT('',#7321);
#1965=VERTEX_POINT('',#7323);
#1966=VERTEX_POINT('',#7325);
#1967=VERTEX_POINT('',#7328);
#1968=VERTEX_POINT('',#7330);
#1969=VERTEX_POINT('',#7332);
#1970=VERTEX_POINT('',#7334);
#1971=VERTEX_POINT('',#7337);
#1972=VERTEX_POINT('',#7339);
#1973=VERTEX_POINT('',#7341);
#1974=VERTEX_POINT('',#7343);
#1975=VERTEX_POINT('',#7347);
#1976=VERTEX_POINT('',#7349);
#1977=VERTEX_POINT('',#7356);
#1978=VERTEX_POINT('',#7358);
#1979=VERTEX_POINT('',#7368);
#1980=VERTEX_POINT('',#7372);
#1981=VERTEX_POINT('',#7376);
#1982=VERTEX_POINT('',#7386);
#1983=VERTEX_POINT('',#7388);
#1984=VERTEX_POINT('',#7395);
#1985=VERTEX_POINT('',#7397);
#1986=VERTEX_POINT('',#7407);
#1987=VERTEX_POINT('',#7411);
#1988=VERTEX_POINT('',#7415);
#1989=VERTEX_POINT('',#7427);
#1990=VERTEX_POINT('',#7429);
#1991=VERTEX_POINT('',#7436);
#1992=VERTEX_POINT('',#7438);
#1993=VERTEX_POINT('',#7448);
#1994=VERTEX_POINT('',#7452);
#1995=VERTEX_POINT('',#7456);
#1996=VERTEX_POINT('',#7540);
#1997=VERTEX_POINT('',#7541);
#1998=VERTEX_POINT('',#7543);
#1999=VERTEX_POINT('',#7545);
#2000=VERTEX_POINT('',#7552);
#2001=VERTEX_POINT('',#7554);
#2002=VERTEX_POINT('',#7557);
#2003=VERTEX_POINT('',#7559);
#2004=VERTEX_POINT('',#7561);
#2005=VERTEX_POINT('',#7563);
#2006=VERTEX_POINT('',#7567);
#2007=VERTEX_POINT('',#7569);
#2008=VERTEX_POINT('',#7575);
#2009=VERTEX_POINT('',#7576);
#2010=VERTEX_POINT('',#7578);
#2011=VERTEX_POINT('',#7580);
#2012=VERTEX_POINT('',#7582);
#2013=VERTEX_POINT('',#7594);
#2014=VERTEX_POINT('',#7595);
#2015=VERTEX_POINT('',#7597);
#2016=VERTEX_POINT('',#7599);
#2017=VERTEX_POINT('',#7601);
#2018=VERTEX_POINT('',#7612);
#2019=VERTEX_POINT('',#7613);
#2020=VERTEX_POINT('',#7615);
#2021=VERTEX_POINT('',#7617);
#2022=VERTEX_POINT('',#7619);
#2023=VERTEX_POINT('',#7630);
#2024=VERTEX_POINT('',#7632);
#2025=VERTEX_POINT('',#7636);
#2026=VERTEX_POINT('',#7638);
#2027=VERTEX_POINT('',#7640);
#2028=VERTEX_POINT('',#7652);
#2029=VERTEX_POINT('',#7653);
#2030=VERTEX_POINT('',#7655);
#2031=VERTEX_POINT('',#7657);
#2032=VERTEX_POINT('',#7659);
#2033=VERTEX_POINT('',#7671);
#2034=VERTEX_POINT('',#7673);
#2035=VERTEX_POINT('',#7677);
#2036=VERTEX_POINT('',#7678);
#2037=VERTEX_POINT('',#7683);
#2038=VERTEX_POINT('',#7685);
#2039=VERTEX_POINT('',#7689);
#2040=VERTEX_POINT('',#7690);
#2041=VERTEX_POINT('',#7695);
#2042=VERTEX_POINT('',#7697);
#2043=VERTEX_POINT('',#7701);
#2044=VERTEX_POINT('',#7703);
#2045=VERTEX_POINT('',#7705);
#2046=VERTEX_POINT('',#7735);
#2047=VERTEX_POINT('',#7776);
#2048=VERTEX_POINT('',#7794);
#2049=VERTEX_POINT('',#7796);
#2050=VERTEX_POINT('',#7800);
#2051=VERTEX_POINT('',#7802);
#2052=VERTEX_POINT('',#7804);
#2053=VERTEX_POINT('',#7847);
#2054=VERTEX_POINT('',#7854);
#2055=VERTEX_POINT('',#7861);
#2056=VERTEX_POINT('',#7888);
#2057=VERTEX_POINT('',#7902);
#2058=VERTEX_POINT('',#7904);
#2059=VERTEX_POINT('',#7908);
#2060=VERTEX_POINT('',#7909);
#2061=VERTEX_POINT('',#7914);
#2062=VERTEX_POINT('',#7916);
#2063=VERTEX_POINT('',#7920);
#2064=VERTEX_POINT('',#7921);
#2065=VERTEX_POINT('',#7926);
#2066=VERTEX_POINT('',#7928);
#2067=VERTEX_POINT('',#7932);
#2068=VERTEX_POINT('',#7956);
#2069=VERTEX_POINT('',#7958);
#2070=VERTEX_POINT('',#7962);
#2071=VERTEX_POINT('',#7967);
#2072=VERTEX_POINT('',#7972);
#2073=VERTEX_POINT('',#7978);
#2074=VERTEX_POINT('',#7980);
#2075=VERTEX_POINT('',#7982);
#2076=VERTEX_POINT('',#7984);
#2077=VERTEX_POINT('',#7986);
#2078=VERTEX_POINT('',#7988);
#2079=VERTEX_POINT('',#7990);
#2080=VERTEX_POINT('',#7994);
#2081=VERTEX_POINT('',#7996);
#2082=VERTEX_POINT('',#8000);
#2083=VERTEX_POINT('',#8005);
#2084=VERTEX_POINT('',#8010);
#2085=VERTEX_POINT('',#8019);
#2086=VERTEX_POINT('',#8021);
#2087=VERTEX_POINT('',#8023);
#2088=VERTEX_POINT('',#8025);
#2089=VERTEX_POINT('',#8027);
#2090=VERTEX_POINT('',#8046);
#2091=VERTEX_POINT('',#8051);
#2092=VERTEX_POINT('',#8079);
#2093=VERTEX_POINT('',#8080);
#2094=VERTEX_POINT('',#8085);
#2095=VERTEX_POINT('',#8090);
#2096=VERTEX_POINT('',#8098);
#2097=VERTEX_POINT('',#8108);
#2098=VERTEX_POINT('',#8110);
#2099=VERTEX_POINT('',#8112);
#2100=VERTEX_POINT('',#8133);
#2101=VERTEX_POINT('',#8138);
#2102=VERTEX_POINT('',#8150);
#2103=VERTEX_POINT('',#8151);
#2104=VERTEX_POINT('',#8153);
#2105=VERTEX_POINT('',#8163);
#2106=VERTEX_POINT('',#8165);
#2107=VERTEX_POINT('',#8172);
#2108=VERTEX_POINT('',#8174);
#2109=VERTEX_POINT('',#8178);
#2110=VERTEX_POINT('',#8180);
#2111=VERTEX_POINT('',#8188);
#2112=VERTEX_POINT('',#8198);
#2113=VERTEX_POINT('',#8207);
#2114=VERTEX_POINT('',#8211);
#2115=VERTEX_POINT('',#8215);
#2116=VERTEX_POINT('',#8219);
#2117=VERTEX_POINT('',#8244);
#2118=VERTEX_POINT('',#8276);
#2119=VERTEX_POINT('',#8283);
#2120=VERTEX_POINT('',#8290);
#2121=VERTEX_POINT('',#8294);
#2122=VERTEX_POINT('',#8301);
#2123=VERTEX_POINT('',#8303);
#2124=VERTEX_POINT('',#8330);
#2125=VERTEX_POINT('',#8335);
#2126=VERTEX_POINT('',#8340);
#2127=VERTEX_POINT('',#8354);
#2128=VERTEX_POINT('',#8358);
#2129=VERTEX_POINT('',#8362);
#2130=VERTEX_POINT('',#8364);
#2131=VERTEX_POINT('',#8368);
#2132=VERTEX_POINT('',#8369);
#2133=VERTEX_POINT('',#8374);
#2134=VERTEX_POINT('',#8376);
#2135=VERTEX_POINT('',#8380);
#2136=VERTEX_POINT('',#8387);
#2137=VERTEX_POINT('',#8389);
#2138=VERTEX_POINT('',#8392);
#2139=VERTEX_POINT('',#8396);
#2140=VERTEX_POINT('',#8398);
#2141=VERTEX_POINT('',#8411);
#2142=VERTEX_POINT('',#8415);
#2143=VERTEX_POINT('',#8417);
#2144=VERTEX_POINT('',#8430);
#2145=VERTEX_POINT('',#8433);
#2146=VERTEX_POINT('',#8437);
#2147=VERTEX_POINT('',#8441);
#2148=VERTEX_POINT('',#8447);
#2149=VERTEX_POINT('',#8466);
#2150=VERTEX_POINT('',#8483);
#2151=VERTEX_POINT('',#8485);
#2152=VERTEX_POINT('',#8503);
#2153=VERTEX_POINT('',#8504);
#2154=VERTEX_POINT('',#8506);
#2155=VERTEX_POINT('',#8508);
#2156=VERTEX_POINT('',#8512);
#2157=VERTEX_POINT('',#8513);
#2158=VERTEX_POINT('',#8527);
#2159=VERTEX_POINT('',#8528);
#2160=VERTEX_POINT('',#8548);
#2161=VERTEX_POINT('',#8550);
#2162=VERTEX_POINT('',#8565);
#2163=VERTEX_POINT('',#8567);
#2164=EDGE_CURVE('',#1731,#1732,#1033,.T.);
#2165=EDGE_CURVE('',#1733,#1731,#840,.T.);
#2166=EDGE_CURVE('',#1734,#1733,#1034,.T.);
#2167=EDGE_CURVE('',#1735,#1734,#1035,.T.);
#2168=EDGE_CURVE('',#1736,#1735,#841,.T.);
#2169=EDGE_CURVE('',#1737,#1736,#1036,.T.);
#2170=EDGE_CURVE('',#1738,#1737,#1037,.T.);
#2171=EDGE_CURVE('',#1739,#1738,#842,.T.);
#2172=EDGE_CURVE('',#1740,#1739,#1038,.T.);
#2173=EDGE_CURVE('',#1741,#1740,#1039,.T.);
#2174=EDGE_CURVE('',#1742,#1741,#843,.T.);
#2175=EDGE_CURVE('',#1743,#1742,#1040,.T.);
#2176=EDGE_CURVE('',#1732,#1743,#1041,.T.);
#2177=EDGE_CURVE('',#1744,#1745,#1042,.T.);
#2178=EDGE_CURVE('',#1746,#1744,#844,.T.);
#2179=EDGE_CURVE('',#1747,#1746,#1043,.T.);
#2180=EDGE_CURVE('',#1748,#1747,#1044,.T.);
#2181=EDGE_CURVE('',#1749,#1748,#845,.T.);
#2182=EDGE_CURVE('',#1750,#1749,#1045,.T.);
#2183=EDGE_CURVE('',#1751,#1750,#1046,.T.);
#2184=EDGE_CURVE('',#1752,#1751,#846,.T.);
#2185=EDGE_CURVE('',#1753,#1752,#1047,.T.);
#2186=EDGE_CURVE('',#1754,#1753,#1048,.T.);
#2187=EDGE_CURVE('',#1755,#1754,#847,.T.);
#2188=EDGE_CURVE('',#1756,#1755,#1049,.T.);
#2189=EDGE_CURVE('',#1745,#1756,#1050,.T.);
#2190=EDGE_CURVE('',#1734,#1757,#1051,.T.);
#2191=EDGE_CURVE('',#1757,#1758,#1052,.T.);
#2192=EDGE_CURVE('',#1735,#1758,#193,.T.);
#2193=EDGE_CURVE('',#1732,#1759,#1053,.T.);
#2194=EDGE_CURVE('',#1759,#1760,#1054,.T.);
#2195=EDGE_CURVE('',#1760,#1731,#194,.T.);
#2196=EDGE_CURVE('',#1743,#1761,#1055,.T.);
#2197=EDGE_CURVE('',#1761,#1759,#1056,.T.);
#2198=EDGE_CURVE('',#1742,#1762,#162,.T.);
#2199=EDGE_CURVE('',#1762,#1761,#1057,.T.);
#2200=EDGE_CURVE('',#1760,#1763,#848,.T.);
#2201=EDGE_CURVE('',#1763,#1733,#195,.T.);
#2202=EDGE_CURVE('',#1763,#1757,#1058,.T.);
#2203=EDGE_CURVE('',#1764,#1757,#1059,.T.);
#2204=EDGE_CURVE('',#1764,#1765,#1060,.T.);
#2205=EDGE_CURVE('',#1765,#1758,#1061,.T.);
#2206=EDGE_CURVE('',#1763,#1766,#1062,.T.);
#2207=EDGE_CURVE('',#1766,#1764,#1063,.F.);
#2208=EDGE_CURVE('',#1767,#1760,#1064,.T.);
#2209=EDGE_CURVE('',#1768,#1767,#849,.T.);
#2210=EDGE_CURVE('',#1769,#1768,#1065,.T.);
#2211=EDGE_CURVE('',#1770,#1769,#850,.T.);
#2212=EDGE_CURVE('',#1771,#1770,#1066,.T.);
#2213=EDGE_CURVE('',#1772,#1771,#851,.T.);
#2214=EDGE_CURVE('',#1772,#1773,#1067,.T.);
#2215=EDGE_CURVE('',#1774,#1773,#852,.T.);
#2216=EDGE_CURVE('',#1775,#1774,#1068,.T.);
#2217=EDGE_CURVE('',#1775,#1776,#853,.T.);
#2218=EDGE_CURVE('',#1777,#1776,#1069,.T.);
#2219=EDGE_CURVE('',#1778,#1777,#854,.T.);
#2220=EDGE_CURVE('',#1779,#1778,#1070,.T.);
#2221=EDGE_CURVE('',#1779,#1780,#855,.T.);
#2222=EDGE_CURVE('',#1781,#1780,#1071,.T.);
#2223=EDGE_CURVE('',#1773,#1781,#856,.T.);
#2224=EDGE_CURVE('',#1782,#1772,#857,.T.);
#2225=EDGE_CURVE('',#1783,#1782,#1072,.T.);
#2226=EDGE_CURVE('',#1784,#1783,#858,.T.);
#2227=EDGE_CURVE('',#1785,#1784,#1073,.T.);
#2228=EDGE_CURVE('',#1786,#1785,#859,.T.);
#2229=EDGE_CURVE('',#1787,#1786,#1074,.T.);
#2230=EDGE_CURVE('',#1788,#1787,#860,.T.);
#2231=EDGE_CURVE('',#1789,#1788,#1075,.T.);
#2232=EDGE_CURVE('',#1790,#1789,#861,.T.);
#2233=EDGE_CURVE('',#1791,#1790,#1076,.T.);
#2234=EDGE_CURVE('',#1792,#1791,#862,.T.);
#2235=EDGE_CURVE('',#1793,#1792,#1077,.T.);
#2236=EDGE_CURVE('',#1794,#1793,#863,.T.);
#2237=EDGE_CURVE('',#1795,#1794,#1078,.T.);
#2238=EDGE_CURVE('',#1796,#1795,#864,.T.);
#2239=EDGE_CURVE('',#1797,#1796,#1079,.T.);
#2240=EDGE_CURVE('',#1766,#1797,#865,.T.);
#2241=EDGE_CURVE('',#1759,#1798,#1080,.T.);
#2242=EDGE_CURVE('',#1798,#1767,#1081,.F.);
#2243=EDGE_CURVE('',#1799,#1761,#1082,.T.);
#2244=EDGE_CURVE('',#1798,#1799,#1083,.T.);
#2245=EDGE_CURVE('',#1762,#1800,#1084,.T.);
#2246=EDGE_CURVE('',#1799,#1800,#163,.F.);
#2247=EDGE_CURVE('',#1801,#1741,#164,.T.);
#2248=EDGE_CURVE('',#1801,#1802,#165,.T.);
#2249=EDGE_CURVE('',#1802,#1762,#866,.T.);
#2250=EDGE_CURVE('',#1791,#1803,#196,.T.);
#2251=EDGE_CURVE('',#1803,#1804,#867,.T.);
#2252=EDGE_CURVE('',#1804,#1792,#197,.T.);
#2253=EDGE_CURVE('',#1805,#1806,#868,.T.);
#2254=EDGE_CURVE('',#1806,#1807,#198,.T.);
#2255=EDGE_CURVE('',#1807,#1808,#869,.T.);
#2256=EDGE_CURVE('',#1805,#1808,#199,.T.);
#2257=EDGE_CURVE('',#1809,#1807,#1085,.T.);
#2258=EDGE_CURVE('',#1806,#1810,#1086,.T.);
#2259=EDGE_CURVE('',#1810,#1809,#1087,.T.);
#2260=EDGE_CURVE('',#1791,#1809,#1088,.T.);
#2261=EDGE_CURVE('',#1810,#1803,#1089,.T.);
#2262=EDGE_CURVE('',#1811,#1792,#1090,.T.);
#2263=EDGE_CURVE('',#1804,#1812,#1091,.T.);
#2264=EDGE_CURVE('',#1812,#1811,#1092,.T.);
#2265=EDGE_CURVE('',#1813,#1811,#1093,.T.);
#2266=EDGE_CURVE('',#1812,#1814,#1094,.T.);
#2267=EDGE_CURVE('',#1814,#1813,#1095,.T.);
#2268=EDGE_CURVE('',#1814,#1815,#1096,.T.);
#2269=EDGE_CURVE('',#1815,#1816,#166,.T.);
#2270=EDGE_CURVE('',#1816,#1813,#1097,.T.);
#2271=EDGE_CURVE('',#1817,#1809,#1098,.T.);
#2272=EDGE_CURVE('',#1817,#1818,#1099,.T.);
#2273=EDGE_CURVE('',#1818,#1807,#1100,.T.);
#2274=EDGE_CURVE('',#1790,#1817,#1101,.F.);
#2275=EDGE_CURVE('',#1811,#1819,#1102,.T.);
#2276=EDGE_CURVE('',#1819,#1793,#1103,.F.);
#2277=EDGE_CURVE('',#1820,#1813,#1104,.T.);
#2278=EDGE_CURVE('',#1819,#1820,#1105,.T.);
#2279=EDGE_CURVE('',#1816,#1821,#1106,.T.);
#2280=EDGE_CURVE('',#1820,#1821,#167,.F.);
#2281=EDGE_CURVE('',#1815,#1822,#870,.T.);
#2282=EDGE_CURVE('',#1823,#1822,#168,.T.);
#2283=EDGE_CURVE('',#1823,#1824,#169,.T.);
#2284=EDGE_CURVE('',#1824,#1816,#871,.T.);
#2285=EDGE_CURVE('',#1825,#1826,#1107,.T.);
#2286=EDGE_CURVE('',#1826,#1827,#1108,.T.);
#2287=EDGE_CURVE('',#1827,#1754,#170,.T.);
#2288=EDGE_CURVE('',#1753,#1825,#1109,.T.);
#2289=EDGE_CURVE('',#1828,#1750,#1110,.T.);
#2290=EDGE_CURVE('',#1749,#1829,#200,.T.);
#2291=EDGE_CURVE('',#1829,#1828,#1111,.T.);
#2292=EDGE_CURVE('',#1748,#1830,#201,.T.);
#2293=EDGE_CURVE('',#1830,#1829,#872,.T.);
#2294=EDGE_CURVE('',#1828,#1770,#1112,.T.);
#2295=EDGE_CURVE('',#1770,#1751,#202,.T.);
#2296=EDGE_CURVE('',#1769,#1752,#203,.T.);
#2297=EDGE_CURVE('',#1769,#1825,#1113,.T.);
#2298=EDGE_CURVE('',#1827,#1831,#171,.T.);
#2299=EDGE_CURVE('',#1831,#1832,#873,.T.);
#2300=EDGE_CURVE('',#1755,#1832,#172,.T.);
#2301=EDGE_CURVE('',#1826,#1833,#1114,.T.);
#2302=EDGE_CURVE('',#1834,#1833,#173,.F.);
#2303=EDGE_CURVE('',#1834,#1831,#1115,.T.);
#2304=EDGE_CURVE('',#1835,#1825,#1116,.T.);
#2305=EDGE_CURVE('',#1835,#1836,#1117,.T.);
#2306=EDGE_CURVE('',#1833,#1836,#1118,.F.);
#2307=EDGE_CURVE('',#1768,#1835,#1119,.F.);
#2308=EDGE_CURVE('',#1828,#1837,#1120,.T.);
#2309=EDGE_CURVE('',#1837,#1771,#1121,.F.);
#2310=EDGE_CURVE('',#1838,#1829,#1122,.T.);
#2311=EDGE_CURVE('',#1837,#1838,#1123,.T.);
#2312=EDGE_CURVE('',#1783,#1746,#204,.T.);
#2313=EDGE_CURVE('',#1744,#1784,#205,.T.);
#2314=EDGE_CURVE('',#1839,#1830,#1124,.T.);
#2315=EDGE_CURVE('',#1747,#1839,#1125,.T.);
#2316=EDGE_CURVE('',#1783,#1839,#1126,.T.);
#2317=EDGE_CURVE('',#1840,#1784,#1127,.T.);
#2318=EDGE_CURVE('',#1745,#1840,#1128,.T.);
#2319=EDGE_CURVE('',#1841,#1840,#1129,.T.);
#2320=EDGE_CURVE('',#1756,#1841,#1130,.T.);
#2321=EDGE_CURVE('',#1832,#1841,#1131,.T.);
#2322=EDGE_CURVE('',#1842,#1843,#1132,.T.);
#2323=EDGE_CURVE('',#1843,#1801,#1133,.T.);
#2324=EDGE_CURVE('',#1740,#1842,#1134,.T.);
#2325=EDGE_CURVE('',#1844,#1737,#1135,.T.);
#2326=EDGE_CURVE('',#1736,#1845,#206,.T.);
#2327=EDGE_CURVE('',#1845,#1844,#1136,.T.);
#2328=EDGE_CURVE('',#1758,#1845,#874,.T.);
#2329=EDGE_CURVE('',#1844,#1796,#1137,.T.);
#2330=EDGE_CURVE('',#1796,#1738,#207,.T.);
#2331=EDGE_CURVE('',#1795,#1739,#208,.T.);
#2332=EDGE_CURVE('',#1795,#1842,#1138,.T.);
#2333=EDGE_CURVE('',#1843,#1846,#1139,.T.);
#2334=EDGE_CURVE('',#1847,#1846,#174,.F.);
#2335=EDGE_CURVE('',#1847,#1802,#1140,.T.);
#2336=EDGE_CURVE('',#1848,#1842,#1141,.T.);
#2337=EDGE_CURVE('',#1848,#1849,#1142,.T.);
#2338=EDGE_CURVE('',#1846,#1849,#1143,.F.);
#2339=EDGE_CURVE('',#1794,#1848,#1144,.F.);
#2340=EDGE_CURVE('',#1844,#1850,#1145,.T.);
#2341=EDGE_CURVE('',#1850,#1797,#1146,.F.);
#2342=EDGE_CURVE('',#1851,#1845,#1147,.T.);
#2343=EDGE_CURVE('',#1850,#1851,#1148,.T.);
#2344=EDGE_CURVE('',#1851,#1765,#875,.T.);
#2345=EDGE_CURVE('',#1852,#1853,#1149,.T.);
#2346=EDGE_CURVE('',#1853,#1823,#1150,.T.);
#2347=EDGE_CURVE('',#1822,#1854,#1151,.T.);
#2348=EDGE_CURVE('',#1854,#1852,#1152,.T.);
#2349=EDGE_CURVE('',#1855,#1856,#876,.T.);
#2350=EDGE_CURVE('',#1856,#1788,#209,.T.);
#2351=EDGE_CURVE('',#1787,#1855,#210,.T.);
#2352=EDGE_CURVE('',#1857,#1858,#1153,.T.);
#2353=EDGE_CURVE('',#1858,#1805,#1154,.T.);
#2354=EDGE_CURVE('',#1808,#1857,#1155,.T.);
#2355=EDGE_CURVE('',#1856,#1858,#1156,.T.);
#2356=EDGE_CURVE('',#1857,#1788,#1157,.T.);
#2357=EDGE_CURVE('',#1854,#1855,#1158,.T.);
#2358=EDGE_CURVE('',#1787,#1852,#1159,.T.);
#2359=EDGE_CURVE('',#1853,#1859,#1160,.T.);
#2360=EDGE_CURVE('',#1860,#1859,#175,.F.);
#2361=EDGE_CURVE('',#1860,#1824,#1161,.T.);
#2362=EDGE_CURVE('',#1861,#1852,#1162,.T.);
#2363=EDGE_CURVE('',#1861,#1862,#1163,.T.);
#2364=EDGE_CURVE('',#1859,#1862,#1164,.F.);
#2365=EDGE_CURVE('',#1786,#1861,#1165,.F.);
#2366=EDGE_CURVE('',#1857,#1863,#1166,.T.);
#2367=EDGE_CURVE('',#1863,#1789,#1167,.F.);
#2368=EDGE_CURVE('',#1864,#1808,#1168,.T.);
#2369=EDGE_CURVE('',#1863,#1864,#1169,.T.);
#2370=EDGE_CURVE('',#1840,#1865,#1170,.T.);
#2371=EDGE_CURVE('',#1865,#1785,#1171,.F.);
#2372=EDGE_CURVE('',#1782,#1866,#1172,.F.);
#2373=EDGE_CURVE('',#1866,#1839,#1173,.T.);
#2374=EDGE_CURVE('',#1860,#1867,#877,.T.);
#2375=EDGE_CURVE('',#1868,#1867,#1174,.T.);
#2376=EDGE_CURVE('',#1869,#1868,#878,.T.);
#2377=EDGE_CURVE('',#1869,#1870,#1175,.T.);
#2378=EDGE_CURVE('',#1870,#1821,#879,.T.);
#2379=EDGE_CURVE('',#1866,#1871,#1176,.T.);
#2380=EDGE_CURVE('',#1871,#1830,#1177,.T.);
#2381=EDGE_CURVE('',#1872,#1841,#1178,.T.);
#2382=EDGE_CURVE('',#1865,#1872,#1179,.T.);
#2383=EDGE_CURVE('',#1864,#1818,#880,.T.);
#2384=EDGE_CURVE('',#1862,#1872,#881,.T.);
#2385=EDGE_CURVE('',#1838,#1871,#882,.T.);
#2386=EDGE_CURVE('',#1836,#1799,#883,.T.);
#2387=EDGE_CURVE('',#1849,#1820,#884,.T.);
#2388=EDGE_CURVE('',#1832,#1873,#1180,.T.);
#2389=EDGE_CURVE('',#1872,#1873,#176,.F.);
#2390=EDGE_CURVE('',#1834,#1873,#885,.T.);
#2391=EDGE_CURVE('',#1847,#1874,#886,.T.);
#2392=EDGE_CURVE('',#1875,#1874,#1181,.T.);
#2393=EDGE_CURVE('',#1876,#1875,#887,.T.);
#2394=EDGE_CURVE('',#1876,#1877,#1182,.T.);
#2395=EDGE_CURVE('',#1877,#1800,#888,.T.);
#2396=EDGE_CURVE('',#1878,#1879,#211,.T.);
#2397=EDGE_CURVE('',#1879,#1880,#1183,.T.);
#2398=EDGE_CURVE('',#1880,#1881,#212,.T.);
#2399=EDGE_CURVE('',#1881,#1878,#1184,.T.);
#2400=EDGE_CURVE('',#1882,#1878,#213,.T.);
#2401=EDGE_CURVE('',#1882,#1883,#889,.T.);
#2402=EDGE_CURVE('',#1883,#1884,#214,.T.);
#2403=EDGE_CURVE('',#1884,#1879,#890,.T.);
#2404=EDGE_CURVE('',#1881,#1885,#215,.T.);
#2405=EDGE_CURVE('',#1885,#1886,#891,.T.);
#2406=EDGE_CURVE('',#1887,#1886,#32,.T.);
#2407=EDGE_CURVE('',#1888,#1887,#1185,.T.);
#2408=EDGE_CURVE('',#1889,#1888,#33,.T.);
#2409=EDGE_CURVE('',#1882,#1889,#892,.T.);
#2410=EDGE_CURVE('',#1890,#1888,#34,.T.);
#2411=EDGE_CURVE('',#1887,#1891,#35,.T.);
#2412=EDGE_CURVE('',#1891,#1890,#1186,.T.);
#2413=EDGE_CURVE('',#1890,#1892,#1187,.T.);
#2414=EDGE_CURVE('',#1892,#1893,#36,.F.);
#2415=EDGE_CURVE('',#1893,#1889,#1188,.T.);
#2416=EDGE_CURVE('',#1894,#1895,#216,.T.);
#2417=EDGE_CURVE('',#1895,#1896,#1189,.T.);
#2418=EDGE_CURVE('',#1896,#1897,#217,.T.);
#2419=EDGE_CURVE('',#1897,#1894,#1190,.T.);
#2420=EDGE_CURVE('',#1898,#1894,#218,.T.);
#2421=EDGE_CURVE('',#1898,#1899,#893,.T.);
#2422=EDGE_CURVE('',#1899,#1900,#219,.T.);
#2423=EDGE_CURVE('',#1900,#1895,#894,.T.);
#2424=EDGE_CURVE('',#1897,#1901,#220,.T.);
#2425=EDGE_CURVE('',#1901,#1902,#895,.T.);
#2426=EDGE_CURVE('',#1903,#1902,#37,.T.);
#2427=EDGE_CURVE('',#1904,#1903,#1191,.T.);
#2428=EDGE_CURVE('',#1905,#1904,#38,.T.);
#2429=EDGE_CURVE('',#1898,#1905,#896,.T.);
#2430=EDGE_CURVE('',#1906,#1904,#39,.T.);
#2431=EDGE_CURVE('',#1903,#1907,#40,.T.);
#2432=EDGE_CURVE('',#1907,#1906,#1192,.T.);
#2433=EDGE_CURVE('',#1902,#1908,#1193,.T.);
#2434=EDGE_CURVE('',#1908,#1909,#221,.T.);
#2435=EDGE_CURVE('',#1909,#1907,#1194,.T.);
#2436=EDGE_CURVE('',#1910,#1911,#222,.T.);
#2437=EDGE_CURVE('',#1911,#1912,#1195,.T.);
#2438=EDGE_CURVE('',#1912,#1913,#223,.T.);
#2439=EDGE_CURVE('',#1913,#1910,#1196,.T.);
#2440=EDGE_CURVE('',#1914,#1910,#224,.T.);
#2441=EDGE_CURVE('',#1914,#1915,#897,.T.);
#2442=EDGE_CURVE('',#1915,#1916,#225,.T.);
#2443=EDGE_CURVE('',#1916,#1911,#898,.T.);
#2444=EDGE_CURVE('',#1913,#1917,#226,.T.);
#2445=EDGE_CURVE('',#1917,#1918,#899,.T.);
#2446=EDGE_CURVE('',#1919,#1918,#41,.T.);
#2447=EDGE_CURVE('',#1920,#1919,#1197,.T.);
#2448=EDGE_CURVE('',#1921,#1920,#42,.T.);
#2449=EDGE_CURVE('',#1914,#1921,#900,.T.);
#2450=EDGE_CURVE('',#1922,#1920,#43,.T.);
#2451=EDGE_CURVE('',#1919,#1923,#44,.T.);
#2452=EDGE_CURVE('',#1923,#1922,#1198,.T.);
#2453=EDGE_CURVE('',#1918,#1924,#1199,.T.);
#2454=EDGE_CURVE('',#1924,#1925,#227,.T.);
#2455=EDGE_CURVE('',#1925,#1923,#1200,.T.);
#2456=EDGE_CURVE('',#1926,#1926,#901,.T.);
#2457=EDGE_CURVE('',#1926,#1927,#1201,.T.);
#2458=EDGE_CURVE('',#1927,#1927,#902,.T.);
#2459=EDGE_CURVE('',#1927,#1928,#1202,.T.);
#2460=EDGE_CURVE('',#1929,#1928,#903,.T.);
#2461=EDGE_CURVE('',#1929,#1930,#1203,.T.);
#2462=EDGE_CURVE('',#1931,#1930,#45,.F.);
#2463=EDGE_CURVE('',#1931,#1893,#904,.T.);
#2464=EDGE_CURVE('',#1892,#1932,#1204,.T.);
#2465=EDGE_CURVE('',#1933,#1932,#905,.T.);
#2466=EDGE_CURVE('',#1933,#1934,#1205,.T.);
#2467=EDGE_CURVE('',#1935,#1934,#46,.F.);
#2468=EDGE_CURVE('',#1935,#1936,#906,.T.);
#2469=EDGE_CURVE('',#1937,#1936,#47,.F.);
#2470=EDGE_CURVE('',#1937,#1909,#1206,.T.);
#2471=EDGE_CURVE('',#1938,#1909,#907,.T.);
#2472=EDGE_CURVE('',#1938,#1939,#1207,.T.);
#2473=EDGE_CURVE('',#1940,#1939,#48,.F.);
#2474=EDGE_CURVE('',#1940,#1941,#908,.T.);
#2475=EDGE_CURVE('',#1942,#1941,#49,.F.);
#2476=EDGE_CURVE('',#1942,#1925,#1208,.T.);
#2477=EDGE_CURVE('',#1928,#1925,#909,.T.);
#2478=EDGE_CURVE('',#1943,#1944,#910,.T.);
#2479=EDGE_CURVE('',#1945,#1944,#1209,.T.);
#2480=EDGE_CURVE('',#1946,#1945,#911,.F.);
#2481=EDGE_CURVE('',#1947,#1946,#912,.T.);
#2482=EDGE_CURVE('',#1948,#1947,#913,.F.);
#2483=EDGE_CURVE('',#1949,#1948,#1210,.T.);
#2484=EDGE_CURVE('',#1949,#1950,#914,.T.);
#2485=EDGE_CURVE('',#1951,#1950,#915,.T.);
#2486=EDGE_CURVE('',#1951,#1952,#916,.T.);
#2487=EDGE_CURVE('',#1953,#1952,#1211,.T.);
#2488=EDGE_CURVE('',#1954,#1953,#917,.F.);
#2489=EDGE_CURVE('',#1955,#1954,#918,.T.);
#2490=EDGE_CURVE('',#1956,#1955,#919,.F.);
#2491=EDGE_CURVE('',#1957,#1956,#1212,.T.);
#2492=EDGE_CURVE('',#1957,#1958,#920,.T.);
#2493=EDGE_CURVE('',#1943,#1958,#921,.T.);
#2494=EDGE_CURVE('',#1959,#1959,#922,.T.);
#2495=EDGE_CURVE('',#1959,#1960,#1213,.T.);
#2496=EDGE_CURVE('',#1960,#1960,#923,.T.);
#2497=EDGE_CURVE('',#1960,#1961,#1214,.T.);
#2498=EDGE_CURVE('',#1961,#1961,#924,.T.);
#2499=EDGE_CURVE('',#1886,#1962,#1215,.T.);
#2500=EDGE_CURVE('',#1963,#1885,#925,.T.);
#2501=EDGE_CURVE('',#1964,#1963,#1216,.T.);
#2502=EDGE_CURVE('',#1965,#1964,#926,.T.);
#2503=EDGE_CURVE('',#1966,#1965,#1217,.T.);
#2504=EDGE_CURVE('',#1924,#1966,#927,.T.);
#2505=EDGE_CURVE('',#1967,#1917,#928,.T.);
#2506=EDGE_CURVE('',#1968,#1967,#1218,.T.);
#2507=EDGE_CURVE('',#1969,#1968,#929,.T.);
#2508=EDGE_CURVE('',#1970,#1969,#1219,.T.);
#2509=EDGE_CURVE('',#1908,#1970,#930,.T.);
#2510=EDGE_CURVE('',#1971,#1901,#931,.T.);
#2511=EDGE_CURVE('',#1972,#1971,#1220,.T.);
#2512=EDGE_CURVE('',#1973,#1972,#932,.T.);
#2513=EDGE_CURVE('',#1974,#1973,#1221,.T.);
#2514=EDGE_CURVE('',#1962,#1974,#933,.T.);
#2515=EDGE_CURVE('',#1975,#1900,#1222,.T.);
#2516=EDGE_CURVE('',#1899,#1976,#1223,.T.);
#2517=EDGE_CURVE('',#1976,#1975,#228,.T.);
#2518=EDGE_CURVE('',#1977,#1975,#934,.T.);
#2519=EDGE_CURVE('',#1976,#1978,#935,.T.);
#2520=EDGE_CURVE('',#1978,#1977,#229,.T.);
#2521=EDGE_CURVE('',#1978,#1935,#1224,.T.);
#2522=EDGE_CURVE('',#1934,#1977,#1225,.T.);
#2523=EDGE_CURVE('',#1979,#1900,#1226,.T.);
#2524=EDGE_CURVE('',#1896,#1979,#936,.T.);
#2525=EDGE_CURVE('',#1980,#1975,#1227,.T.);
#2526=EDGE_CURVE('',#1979,#1980,#1228,.T.);
#2527=EDGE_CURVE('',#1981,#1977,#1229,.T.);
#2528=EDGE_CURVE('',#1980,#1981,#937,.T.);
#2529=EDGE_CURVE('',#1981,#1933,#1230,.T.);
#2530=EDGE_CURVE('',#1906,#1937,#1231,.T.);
#2531=EDGE_CURVE('',#1936,#1905,#1232,.T.);
#2532=EDGE_CURVE('',#1982,#1916,#1233,.T.);
#2533=EDGE_CURVE('',#1915,#1983,#1234,.T.);
#2534=EDGE_CURVE('',#1983,#1982,#230,.T.);
#2535=EDGE_CURVE('',#1984,#1982,#938,.T.);
#2536=EDGE_CURVE('',#1983,#1985,#939,.T.);
#2537=EDGE_CURVE('',#1985,#1984,#231,.T.);
#2538=EDGE_CURVE('',#1985,#1940,#1235,.T.);
#2539=EDGE_CURVE('',#1939,#1984,#1236,.T.);
#2540=EDGE_CURVE('',#1986,#1916,#1237,.T.);
#2541=EDGE_CURVE('',#1912,#1986,#940,.T.);
#2542=EDGE_CURVE('',#1987,#1982,#1238,.T.);
#2543=EDGE_CURVE('',#1986,#1987,#1239,.T.);
#2544=EDGE_CURVE('',#1988,#1984,#1240,.T.);
#2545=EDGE_CURVE('',#1987,#1988,#941,.T.);
#2546=EDGE_CURVE('',#1988,#1938,#1241,.T.);
#2547=EDGE_CURVE('',#1922,#1942,#1242,.T.);
#2548=EDGE_CURVE('',#1941,#1921,#1243,.T.);
#2549=EDGE_CURVE('',#1932,#1891,#1244,.T.);
#2550=EDGE_CURVE('',#1883,#1989,#1245,.T.);
#2551=EDGE_CURVE('',#1989,#1990,#232,.T.);
#2552=EDGE_CURVE('',#1990,#1884,#1246,.T.);
#2553=EDGE_CURVE('',#1989,#1991,#942,.T.);
#2554=EDGE_CURVE('',#1991,#1992,#233,.T.);
#2555=EDGE_CURVE('',#1992,#1990,#943,.T.);
#2556=EDGE_CURVE('',#1991,#1931,#1247,.T.);
#2557=EDGE_CURVE('',#1930,#1992,#1248,.T.);
#2558=EDGE_CURVE('',#1993,#1884,#1249,.T.);
#2559=EDGE_CURVE('',#1880,#1993,#944,.T.);
#2560=EDGE_CURVE('',#1994,#1990,#1250,.T.);
#2561=EDGE_CURVE('',#1993,#1994,#1251,.T.);
#2562=EDGE_CURVE('',#1995,#1992,#1252,.T.);
#2563=EDGE_CURVE('',#1994,#1995,#945,.T.);
#2564=EDGE_CURVE('',#1995,#1929,#1253,.T.);
#2565=EDGE_CURVE('',#1980,#1972,#234,.T.);
#2566=EDGE_CURVE('',#1971,#1979,#235,.T.);
#2567=EDGE_CURVE('',#1981,#1973,#236,.T.);
#2568=EDGE_CURVE('',#1962,#1932,#237,.T.);
#2569=EDGE_CURVE('',#1974,#1933,#238,.T.);
#2570=EDGE_CURVE('',#1970,#1938,#239,.T.);
#2571=EDGE_CURVE('',#1967,#1986,#240,.T.);
#2572=EDGE_CURVE('',#1987,#1968,#241,.T.);
#2573=EDGE_CURVE('',#1988,#1969,#242,.T.);
#2574=EDGE_CURVE('',#1994,#1964,#243,.T.);
#2575=EDGE_CURVE('',#1963,#1993,#244,.T.);
#2576=EDGE_CURVE('',#1995,#1965,#245,.T.);
#2577=EDGE_CURVE('',#1966,#1929,#246,.T.);
#2578=EDGE_CURVE('',#1821,#1847,#946,.T.);
#2579=EDGE_CURVE('',#1873,#1860,#947,.T.);
#2580=EDGE_CURVE('',#1800,#1834,#948,.T.);
#2581=EDGE_CURVE('',#1996,#1997,#1254,.T.);
#2582=EDGE_CURVE('',#1998,#1996,#1255,.T.);
#2583=EDGE_CURVE('',#1999,#1998,#1256,.T.);
#2584=EDGE_CURVE('',#1999,#1997,#1257,.T.);
#2585=EDGE_CURVE('',#1997,#1867,#1258,.T.);
#2586=EDGE_CURVE('',#1868,#1999,#1259,.T.);
#2587=EDGE_CURVE('',#1870,#2000,#1260,.T.);
#2588=EDGE_CURVE('',#2000,#2001,#949,.T.);
#2589=EDGE_CURVE('',#2001,#1996,#950,.T.);
#2590=EDGE_CURVE('',#1877,#2002,#1261,.T.);
#2591=EDGE_CURVE('',#2002,#2003,#951,.T.);
#2592=EDGE_CURVE('',#2003,#2004,#952,.T.);
#2593=EDGE_CURVE('',#2004,#2005,#1262,.T.);
#2594=EDGE_CURVE('',#2005,#1874,#1263,.T.);
#2595=EDGE_CURVE('',#2006,#2004,#1264,.T.);
#2596=EDGE_CURVE('',#2007,#2006,#1265,.T.);
#2597=EDGE_CURVE('',#2007,#2005,#1266,.T.);
#2598=EDGE_CURVE('',#1875,#2007,#1267,.T.);
#2599=EDGE_CURVE('',#2008,#2009,#953,.T.);
#2600=EDGE_CURVE('',#2009,#2010,#1268,.T.);
#2601=EDGE_CURVE('',#2010,#2011,#954,.T.);
#2602=EDGE_CURVE('',#2011,#2012,#177,.T.);
#2603=EDGE_CURVE('',#2012,#2008,#247,.T.);
#2604=EDGE_CURVE('',#2013,#2014,#1269,.T.);
#2605=EDGE_CURVE('',#2014,#2015,#1270,.T.);
#2606=EDGE_CURVE('',#2015,#2016,#1271,.T.);
#2607=EDGE_CURVE('',#2016,#2017,#178,.T.);
#2608=EDGE_CURVE('',#2017,#2013,#248,.T.);
#2609=EDGE_CURVE('',#2018,#2019,#1272,.T.);
#2610=EDGE_CURVE('',#2019,#2020,#1273,.T.);
#2611=EDGE_CURVE('',#2020,#2021,#1274,.T.);
#2612=EDGE_CURVE('',#2021,#2022,#179,.T.);
#2613=EDGE_CURVE('',#2022,#2018,#249,.T.);
#2614=EDGE_CURVE('',#2019,#2023,#955,.T.);
#2615=EDGE_CURVE('',#2023,#2024,#1275,.T.);
#2616=EDGE_CURVE('',#2024,#2020,#956,.T.);
#2617=EDGE_CURVE('',#2025,#2024,#957,.T.);
#2618=EDGE_CURVE('',#2023,#2026,#958,.T.);
#2619=EDGE_CURVE('',#2026,#2027,#250,.T.);
#2620=EDGE_CURVE('',#2027,#2025,#180,.T.);
#2621=EDGE_CURVE('',#2028,#2029,#959,.T.);
#2622=EDGE_CURVE('',#2029,#2030,#1276,.T.);
#2623=EDGE_CURVE('',#2030,#2031,#960,.T.);
#2624=EDGE_CURVE('',#2031,#2032,#181,.T.);
#2625=EDGE_CURVE('',#2032,#2028,#251,.T.);
#2626=EDGE_CURVE('',#2029,#2033,#961,.T.);
#2627=EDGE_CURVE('',#2033,#2034,#1277,.T.);
#2628=EDGE_CURVE('',#2034,#2030,#962,.T.);
#2629=EDGE_CURVE('',#2035,#2036,#1278,.T.);
#2630=EDGE_CURVE('',#2036,#2034,#1279,.T.);
#2631=EDGE_CURVE('',#2033,#2035,#1280,.T.);
#2632=EDGE_CURVE('',#2035,#2037,#963,.T.);
#2633=EDGE_CURVE('',#2037,#2038,#1281,.T.);
#2634=EDGE_CURVE('',#2038,#2036,#964,.T.);
#2635=EDGE_CURVE('',#2039,#2040,#1282,.T.);
#2636=EDGE_CURVE('',#2040,#2038,#965,.T.);
#2637=EDGE_CURVE('',#2037,#2039,#966,.T.);
#2638=EDGE_CURVE('',#2039,#2041,#967,.T.);
#2639=EDGE_CURVE('',#2041,#2042,#1283,.T.);
#2640=EDGE_CURVE('',#2042,#2040,#968,.T.);
#2641=EDGE_CURVE('',#2043,#2042,#1284,.T.);
#2642=EDGE_CURVE('',#2041,#2044,#1285,.T.);
#2643=EDGE_CURVE('',#2044,#2045,#252,.T.);
#2644=EDGE_CURVE('',#2045,#2043,#182,.T.);
#2645=EDGE_CURVE('',#2026,#2028,#253,.T.);
#2646=EDGE_CURVE('',#2046,#2032,#254,.T.);
#2647=EDGE_CURVE('',#2046,#2027,#255,.T.);
#2648=EDGE_CURVE('',#2017,#2047,#256,.T.);
#2649=EDGE_CURVE('',#2045,#2047,#257,.T.);
#2650=EDGE_CURVE('',#2044,#2013,#258,.T.);
#2651=EDGE_CURVE('',#2014,#2048,#969,.T.);
#2652=EDGE_CURVE('',#2048,#2049,#1286,.T.);
#2653=EDGE_CURVE('',#2049,#2015,#970,.T.);
#2654=EDGE_CURVE('',#2050,#2049,#971,.T.);
#2655=EDGE_CURVE('',#2048,#2051,#972,.T.);
#2656=EDGE_CURVE('',#2051,#2052,#259,.T.);
#2657=EDGE_CURVE('',#2052,#2050,#183,.T.);
#2658=EDGE_CURVE('',#2053,#2018,#260,.T.);
#2659=EDGE_CURVE('',#2022,#2054,#261,.T.);
#2660=EDGE_CURVE('',#2055,#2054,#262,.T.);
#2661=EDGE_CURVE('',#2053,#2055,#263,.T.);
#2662=EDGE_CURVE('',#2056,#2052,#264,.T.);
#2663=EDGE_CURVE('',#2051,#2008,#265,.T.);
#2664=EDGE_CURVE('',#2056,#2012,#266,.T.);
#2665=EDGE_CURVE('',#2009,#2057,#973,.T.);
#2666=EDGE_CURVE('',#2057,#2058,#1287,.T.);
#2667=EDGE_CURVE('',#2058,#2010,#974,.T.);
#2668=EDGE_CURVE('',#2059,#2060,#1288,.T.);
#2669=EDGE_CURVE('',#2060,#2058,#1289,.T.);
#2670=EDGE_CURVE('',#2057,#2059,#1290,.T.);
#2671=EDGE_CURVE('',#2059,#2061,#975,.T.);
#2672=EDGE_CURVE('',#2061,#2062,#1291,.T.);
#2673=EDGE_CURVE('',#2062,#2060,#976,.T.);
#2674=EDGE_CURVE('',#2063,#2064,#1292,.T.);
#2675=EDGE_CURVE('',#2064,#2062,#977,.T.);
#2676=EDGE_CURVE('',#2061,#2063,#978,.T.);
#2677=EDGE_CURVE('',#2063,#2065,#979,.T.);
#2678=EDGE_CURVE('',#2065,#2066,#1293,.T.);
#2679=EDGE_CURVE('',#2066,#2064,#980,.T.);
#2680=EDGE_CURVE('',#2067,#2066,#1294,.T.);
#2681=EDGE_CURVE('',#2065,#2053,#1295,.T.);
#2682=EDGE_CURVE('',#2055,#2067,#184,.T.);
#2683=EDGE_CURVE('',#1947,#2048,#1296,.T.);
#2684=EDGE_CURVE('',#2009,#1946,#1297,.T.);
#2685=EDGE_CURVE('',#2014,#1948,#1298,.T.);
#2686=EDGE_CURVE('',#1949,#2041,#1299,.T.);
#2687=EDGE_CURVE('',#2039,#1950,#1300,.T.);
#2688=EDGE_CURVE('',#1951,#2037,#1301,.T.);
#2689=EDGE_CURVE('',#2035,#1952,#1302,.T.);
#2690=EDGE_CURVE('',#1953,#2033,#1303,.T.);
#2691=EDGE_CURVE('',#2029,#1954,#1304,.T.);
#2692=EDGE_CURVE('',#2068,#2031,#1305,.T.);
#2693=EDGE_CURVE('',#2069,#2068,#185,.T.);
#2694=EDGE_CURVE('',#2069,#2070,#267,.T.);
#2695=EDGE_CURVE('',#2071,#2070,#268,.T.);
#2696=EDGE_CURVE('',#2072,#2071,#186,.T.);
#2697=EDGE_CURVE('',#2072,#2025,#1306,.T.);
#2698=EDGE_CURVE('',#2043,#2073,#981,.T.);
#2699=EDGE_CURVE('',#2074,#2073,#1307,.T.);
#2700=EDGE_CURVE('',#2075,#2074,#982,.T.);
#2701=EDGE_CURVE('',#2076,#2075,#983,.T.);
#2702=EDGE_CURVE('',#2077,#2076,#984,.T.);
#2703=EDGE_CURVE('',#2078,#2077,#1308,.T.);
#2704=EDGE_CURVE('',#2079,#2078,#985,.T.);
#2705=EDGE_CURVE('',#2068,#2079,#986,.T.);
#2706=EDGE_CURVE('',#2016,#2080,#987,.T.);
#2707=EDGE_CURVE('',#2081,#2080,#187,.T.);
#2708=EDGE_CURVE('',#2082,#2081,#269,.T.);
#2709=EDGE_CURVE('',#2083,#2082,#270,.T.);
#2710=EDGE_CURVE('',#2083,#2084,#271,.T.);
#2711=EDGE_CURVE('',#2073,#2084,#188,.T.);
#2712=EDGE_CURVE('',#2085,#2050,#1309,.T.);
#2713=EDGE_CURVE('',#2086,#2085,#988,.T.);
#2714=EDGE_CURVE('',#2087,#2086,#1310,.T.);
#2715=EDGE_CURVE('',#2088,#2087,#1311,.T.);
#2716=EDGE_CURVE('',#2089,#2088,#989,.T.);
#2717=EDGE_CURVE('',#2080,#2089,#1312,.T.);
#2718=EDGE_CURVE('',#2090,#2082,#272,.T.);
#2719=EDGE_CURVE('',#2090,#2091,#273,.T.);
#2720=EDGE_CURVE('',#2084,#2091,#274,.T.);
#2721=EDGE_CURVE('',#2092,#2093,#275,.T.);
#2722=EDGE_CURVE('',#2092,#2094,#276,.T.);
#2723=EDGE_CURVE('',#2095,#2094,#277,.T.);
#2724=EDGE_CURVE('',#2096,#2095,#278,.T.);
#2725=EDGE_CURVE('',#2096,#2093,#279,.T.);
#2726=EDGE_CURVE('',#2094,#2097,#1313,.T.);
#2727=EDGE_CURVE('',#2097,#2098,#1314,.T.);
#2728=EDGE_CURVE('',#2098,#2099,#1315,.T.);
#2729=EDGE_CURVE('',#2099,#2095,#189,.T.);
#2730=EDGE_CURVE('',#2093,#2100,#280,.T.);
#2731=EDGE_CURVE('',#2100,#2101,#281,.T.);
#2732=EDGE_CURVE('',#2101,#2092,#282,.T.);
#2733=EDGE_CURVE('',#2102,#2103,#1316,.T.);
#2734=EDGE_CURVE('',#2103,#2104,#283,.T.);
#2735=EDGE_CURVE('',#2104,#2101,#1317,.T.);
#2736=EDGE_CURVE('',#2100,#2102,#190,.T.);
#2737=EDGE_CURVE('',#2103,#2105,#990,.T.);
#2738=EDGE_CURVE('',#2105,#2106,#284,.T.);
#2739=EDGE_CURVE('',#2106,#2104,#991,.T.);
#2740=EDGE_CURVE('',#2105,#2107,#1318,.T.);
#2741=EDGE_CURVE('',#2107,#2108,#1319,.T.);
#2742=EDGE_CURVE('',#2108,#2106,#1320,.T.);
#2743=EDGE_CURVE('',#2107,#2109,#1321,.T.);
#2744=EDGE_CURVE('',#2109,#2110,#285,.T.);
#2745=EDGE_CURVE('',#2110,#2108,#1322,.T.);
#2746=EDGE_CURVE('',#2109,#2072,#992,.T.);
#2747=EDGE_CURVE('',#2071,#2111,#286,.T.);
#2748=EDGE_CURVE('',#2111,#2110,#993,.T.);
#2749=EDGE_CURVE('',#2091,#2112,#1323,.T.);
#2750=EDGE_CURVE('',#2112,#2074,#1324,.T.);
#2751=EDGE_CURVE('',#2112,#1774,#994,.T.);
#2752=EDGE_CURVE('',#1774,#2075,#1325,.T.);
#2753=EDGE_CURVE('',#1781,#2076,#1326,.T.);
#2754=EDGE_CURVE('',#1781,#2113,#995,.T.);
#2755=EDGE_CURVE('',#2113,#2077,#1327,.T.);
#2756=EDGE_CURVE('',#2114,#2078,#1328,.T.);
#2757=EDGE_CURVE('',#2113,#2114,#1329,.T.);
#2758=EDGE_CURVE('',#2114,#2115,#996,.T.);
#2759=EDGE_CURVE('',#2115,#2079,#1330,.T.);
#2760=EDGE_CURVE('',#2115,#2116,#997,.T.);
#2761=EDGE_CURVE('',#2116,#2069,#287,.T.);
#2762=EDGE_CURVE('',#2081,#2117,#288,.T.);
#2763=EDGE_CURVE('',#2117,#2090,#289,.T.);
#2764=EDGE_CURVE('',#2116,#2111,#290,.T.);
#2765=EDGE_CURVE('',#2118,#2117,#1331,.T.);
#2766=EDGE_CURVE('',#2089,#2118,#291,.T.);
#2767=EDGE_CURVE('',#2119,#2118,#998,.T.);
#2768=EDGE_CURVE('',#2088,#2119,#292,.T.);
#2769=EDGE_CURVE('',#2120,#2119,#1332,.T.);
#2770=EDGE_CURVE('',#2087,#2120,#1333,.T.);
#2771=EDGE_CURVE('',#2121,#2120,#1334,.T.);
#2772=EDGE_CURVE('',#2086,#2121,#293,.T.);
#2773=EDGE_CURVE('',#2122,#2121,#999,.T.);
#2774=EDGE_CURVE('',#2085,#2123,#191,.T.);
#2775=EDGE_CURVE('',#2123,#2122,#294,.T.);
#2776=EDGE_CURVE('',#2124,#2122,#295,.T.);
#2777=EDGE_CURVE('',#2123,#2125,#296,.T.);
#2778=EDGE_CURVE('',#2126,#2125,#297,.T.);
#2779=EDGE_CURVE('',#2124,#2126,#298,.T.);
#2780=EDGE_CURVE('',#2097,#1778,#1000,.T.);
#2781=EDGE_CURVE('',#1778,#2127,#1335,.T.);
#2782=EDGE_CURVE('',#2127,#2098,#1001,.T.);
#2783=EDGE_CURVE('',#1777,#2128,#1336,.T.);
#2784=EDGE_CURVE('',#2128,#2127,#1002,.T.);
#2785=EDGE_CURVE('',#1777,#2129,#1003,.T.);
#2786=EDGE_CURVE('',#2129,#2130,#1337,.T.);
#2787=EDGE_CURVE('',#2130,#2128,#1004,.T.);
#2788=EDGE_CURVE('',#2131,#2132,#1338,.T.);
#2789=EDGE_CURVE('',#2132,#2130,#1339,.T.);
#2790=EDGE_CURVE('',#2129,#2131,#1340,.T.);
#2791=EDGE_CURVE('',#2131,#2133,#1005,.T.);
#2792=EDGE_CURVE('',#2133,#2134,#1341,.T.);
#2793=EDGE_CURVE('',#2134,#2132,#1006,.T.);
#2794=EDGE_CURVE('',#2135,#2134,#1007,.T.);
#2795=EDGE_CURVE('',#2133,#2124,#1008,.T.);
#2796=EDGE_CURVE('',#2126,#2135,#192,.T.);
#2797=EDGE_CURVE('',#2104,#2136,#1342,.T.);
#2798=EDGE_CURVE('',#2137,#2136,#1343,.T.);
#2799=EDGE_CURVE('',#2000,#2137,#1344,.T.);
#2800=EDGE_CURVE('',#2138,#1869,#1345,.T.);
#2801=EDGE_CURVE('',#2097,#2138,#1346,.T.);
#2802=EDGE_CURVE('',#2139,#2106,#1347,.T.);
#2803=EDGE_CURVE('',#2140,#2139,#1009,.T.);
#2804=EDGE_CURVE('',#2136,#2140,#299,.T.);
#2805=EDGE_CURVE('',#2141,#2108,#1348,.T.);
#2806=EDGE_CURVE('',#2139,#2141,#1349,.T.);
#2807=EDGE_CURVE('',#2142,#2110,#1350,.T.);
#2808=EDGE_CURVE('',#2143,#2142,#300,.T.);
#2809=EDGE_CURVE('',#2141,#2143,#1351,.T.);
#2810=EDGE_CURVE('',#2144,#2115,#1352,.T.);
#2811=EDGE_CURVE('',#1998,#2144,#1010,.T.);
#2812=EDGE_CURVE('',#2145,#2001,#1353,.T.);
#2813=EDGE_CURVE('',#2142,#2145,#1011,.T.);
#2814=EDGE_CURVE('',#2114,#2146,#1354,.T.);
#2815=EDGE_CURVE('',#2144,#2146,#1012,.T.);
#2816=EDGE_CURVE('',#2147,#2113,#1355,.T.);
#2817=EDGE_CURVE('',#2146,#2147,#1356,.T.);
#2818=EDGE_CURVE('',#1780,#2147,#1013,.F.);
#2819=EDGE_CURVE('',#2112,#2148,#1357,.T.);
#2820=EDGE_CURVE('',#2148,#1775,#1014,.F.);
#2821=EDGE_CURVE('',#2021,#2102,#1015,.T.);
#2822=EDGE_CURVE('',#2067,#2099,#1016,.T.);
#2823=EDGE_CURVE('',#2135,#2011,#1358,.T.);
#2824=EDGE_CURVE('',#1955,#2023,#1359,.T.);
#2825=EDGE_CURVE('',#2019,#1956,#1360,.T.);
#2826=EDGE_CURVE('',#1957,#2065,#1361,.T.);
#2827=EDGE_CURVE('',#2138,#1779,#1017,.F.);
#2828=EDGE_CURVE('',#1776,#2149,#1018,.F.);
#2829=EDGE_CURVE('',#2149,#2129,#1362,.T.);
#2830=EDGE_CURVE('',#1945,#2057,#1363,.T.);
#2831=EDGE_CURVE('',#2059,#1944,#1364,.T.);
#2832=EDGE_CURVE('',#2137,#2145,#1019,.F.);
#2833=EDGE_CURVE('',#2150,#2137,#1020,.T.);
#2834=EDGE_CURVE('',#2150,#2151,#1021,.T.);
#2835=EDGE_CURVE('',#2145,#2151,#1022,.T.);
#2836=EDGE_CURVE('',#2140,#2150,#1365,.T.);
#2837=EDGE_CURVE('',#2151,#2143,#1023,.T.);
#2838=EDGE_CURVE('',#2152,#2153,#1024,.F.);
#2839=EDGE_CURVE('',#2154,#2152,#1025,.T.);
#2840=EDGE_CURVE('',#2154,#2155,#1026,.T.);
#2841=EDGE_CURVE('',#2153,#2155,#1027,.T.);
#2842=EDGE_CURVE('',#2156,#2157,#301,.T.);
#2843=EDGE_CURVE('',#2157,#2154,#1366,.T.);
#2844=EDGE_CURVE('',#2152,#2156,#1367,.T.);
#2845=EDGE_CURVE('',#2158,#2159,#302,.T.);
#2846=EDGE_CURVE('',#2159,#2153,#1028,.T.);
#2847=EDGE_CURVE('',#2155,#2158,#1029,.T.);
#2848=EDGE_CURVE('',#2002,#2152,#1368,.T.);
#2849=EDGE_CURVE('',#2153,#2003,#1369,.T.);
#2850=EDGE_CURVE('',#2118,#2156,#1370,.T.);
#2851=EDGE_CURVE('',#2148,#1876,#1371,.T.);
#2852=EDGE_CURVE('',#2006,#2160,#1030,.T.);
#2853=EDGE_CURVE('',#2160,#2161,#1031,.T.);
#2854=EDGE_CURVE('',#2161,#2149,#1372,.T.);
#2855=EDGE_CURVE('',#2160,#2133,#1373,.T.);
#2856=EDGE_CURVE('',#2159,#2121,#1374,.T.);
#2857=EDGE_CURVE('',#2131,#2161,#1375,.T.);
#2858=EDGE_CURVE('',#1943,#2061,#1376,.T.);
#2859=EDGE_CURVE('',#2063,#1958,#1377,.T.);
#2860=EDGE_CURVE('',#2157,#2162,#1032,.T.);
#2861=EDGE_CURVE('',#2162,#2163,#1378,.T.);
#2862=EDGE_CURVE('',#2163,#2158,#1379,.T.);
#2863=EDGE_CURVE('',#2162,#2119,#1380,.T.);
#2864=EDGE_CURVE('',#2163,#2120,#1381,.T.);
#2865=ORIENTED_EDGE('',*,*,#2164,.F.);
#2866=ORIENTED_EDGE('',*,*,#2165,.F.);
#2867=ORIENTED_EDGE('',*,*,#2166,.F.);
#2868=ORIENTED_EDGE('',*,*,#2167,.F.);
#2869=ORIENTED_EDGE('',*,*,#2168,.F.);
#2870=ORIENTED_EDGE('',*,*,#2169,.F.);
#2871=ORIENTED_EDGE('',*,*,#2170,.F.);
#2872=ORIENTED_EDGE('',*,*,#2171,.F.);
#2873=ORIENTED_EDGE('',*,*,#2172,.F.);
#2874=ORIENTED_EDGE('',*,*,#2173,.F.);
#2875=ORIENTED_EDGE('',*,*,#2174,.F.);
#2876=ORIENTED_EDGE('',*,*,#2175,.F.);
#2877=ORIENTED_EDGE('',*,*,#2176,.F.);
#2878=ORIENTED_EDGE('',*,*,#2177,.F.);
#2879=ORIENTED_EDGE('',*,*,#2178,.F.);
#2880=ORIENTED_EDGE('',*,*,#2179,.F.);
#2881=ORIENTED_EDGE('',*,*,#2180,.F.);
#2882=ORIENTED_EDGE('',*,*,#2181,.F.);
#2883=ORIENTED_EDGE('',*,*,#2182,.F.);
#2884=ORIENTED_EDGE('',*,*,#2183,.F.);
#2885=ORIENTED_EDGE('',*,*,#2184,.F.);
#2886=ORIENTED_EDGE('',*,*,#2185,.F.);
#2887=ORIENTED_EDGE('',*,*,#2186,.F.);
#2888=ORIENTED_EDGE('',*,*,#2187,.F.);
#2889=ORIENTED_EDGE('',*,*,#2188,.F.);
#2890=ORIENTED_EDGE('',*,*,#2189,.F.);
#2891=ORIENTED_EDGE('',*,*,#2167,.T.);
#2892=ORIENTED_EDGE('',*,*,#2190,.T.);
#2893=ORIENTED_EDGE('',*,*,#2191,.T.);
#2894=ORIENTED_EDGE('',*,*,#2192,.F.);
#2895=ORIENTED_EDGE('',*,*,#2164,.T.);
#2896=ORIENTED_EDGE('',*,*,#2193,.T.);
#2897=ORIENTED_EDGE('',*,*,#2194,.T.);
#2898=ORIENTED_EDGE('',*,*,#2195,.T.);
#2899=ORIENTED_EDGE('',*,*,#2176,.T.);
#2900=ORIENTED_EDGE('',*,*,#2196,.T.);
#2901=ORIENTED_EDGE('',*,*,#2197,.T.);
#2902=ORIENTED_EDGE('',*,*,#2193,.F.);
#2903=ORIENTED_EDGE('',*,*,#2175,.T.);
#2904=ORIENTED_EDGE('',*,*,#2198,.T.);
#2905=ORIENTED_EDGE('',*,*,#2199,.T.);
#2906=ORIENTED_EDGE('',*,*,#2196,.F.);
#2907=ORIENTED_EDGE('',*,*,#2165,.T.);
#2908=ORIENTED_EDGE('',*,*,#2195,.F.);
#2909=ORIENTED_EDGE('',*,*,#2200,.T.);
#2910=ORIENTED_EDGE('',*,*,#2201,.T.);
#2911=ORIENTED_EDGE('',*,*,#2166,.T.);
#2912=ORIENTED_EDGE('',*,*,#2201,.F.);
#2913=ORIENTED_EDGE('',*,*,#2202,.T.);
#2914=ORIENTED_EDGE('',*,*,#2190,.F.);
#2915=ORIENTED_EDGE('',*,*,#2191,.F.);
#2916=ORIENTED_EDGE('',*,*,#2203,.F.);
#2917=ORIENTED_EDGE('',*,*,#2204,.T.);
#2918=ORIENTED_EDGE('',*,*,#2205,.T.);
#2919=ORIENTED_EDGE('',*,*,#2202,.F.);
#2920=ORIENTED_EDGE('',*,*,#2206,.T.);
#2921=ORIENTED_EDGE('',*,*,#2207,.T.);
#2922=ORIENTED_EDGE('',*,*,#2203,.T.);
#2923=ORIENTED_EDGE('',*,*,#2200,.F.);
#2924=ORIENTED_EDGE('',*,*,#2208,.F.);
#2925=ORIENTED_EDGE('',*,*,#2209,.F.);
#2926=ORIENTED_EDGE('',*,*,#2210,.F.);
#2927=ORIENTED_EDGE('',*,*,#2211,.F.);
#2928=ORIENTED_EDGE('',*,*,#2212,.F.);
#2929=ORIENTED_EDGE('',*,*,#2213,.F.);
#2930=ORIENTED_EDGE('',*,*,#2214,.T.);
#2931=ORIENTED_EDGE('',*,*,#2215,.F.);
#2932=ORIENTED_EDGE('',*,*,#2216,.F.);
#2933=ORIENTED_EDGE('',*,*,#2217,.T.);
#2934=ORIENTED_EDGE('',*,*,#2218,.F.);
#2935=ORIENTED_EDGE('',*,*,#2219,.F.);
#2936=ORIENTED_EDGE('',*,*,#2220,.F.);
#2937=ORIENTED_EDGE('',*,*,#2221,.T.);
#2938=ORIENTED_EDGE('',*,*,#2222,.F.);
#2939=ORIENTED_EDGE('',*,*,#2223,.F.);
#2940=ORIENTED_EDGE('',*,*,#2214,.F.);
#2941=ORIENTED_EDGE('',*,*,#2224,.F.);
#2942=ORIENTED_EDGE('',*,*,#2225,.F.);
#2943=ORIENTED_EDGE('',*,*,#2226,.F.);
#2944=ORIENTED_EDGE('',*,*,#2227,.F.);
#2945=ORIENTED_EDGE('',*,*,#2228,.F.);
#2946=ORIENTED_EDGE('',*,*,#2229,.F.);
#2947=ORIENTED_EDGE('',*,*,#2230,.F.);
#2948=ORIENTED_EDGE('',*,*,#2231,.F.);
#2949=ORIENTED_EDGE('',*,*,#2232,.F.);
#2950=ORIENTED_EDGE('',*,*,#2233,.F.);
#2951=ORIENTED_EDGE('',*,*,#2234,.F.);
#2952=ORIENTED_EDGE('',*,*,#2235,.F.);
#2953=ORIENTED_EDGE('',*,*,#2236,.F.);
#2954=ORIENTED_EDGE('',*,*,#2237,.F.);
#2955=ORIENTED_EDGE('',*,*,#2238,.F.);
#2956=ORIENTED_EDGE('',*,*,#2239,.F.);
#2957=ORIENTED_EDGE('',*,*,#2240,.F.);
#2958=ORIENTED_EDGE('',*,*,#2206,.F.);
#2959=ORIENTED_EDGE('',*,*,#2194,.F.);
#2960=ORIENTED_EDGE('',*,*,#2241,.T.);
#2961=ORIENTED_EDGE('',*,*,#2242,.T.);
#2962=ORIENTED_EDGE('',*,*,#2208,.T.);
#2963=ORIENTED_EDGE('',*,*,#2197,.F.);
#2964=ORIENTED_EDGE('',*,*,#2243,.F.);
#2965=ORIENTED_EDGE('',*,*,#2244,.F.);
#2966=ORIENTED_EDGE('',*,*,#2241,.F.);
#2967=ORIENTED_EDGE('',*,*,#2199,.F.);
#2968=ORIENTED_EDGE('',*,*,#2245,.T.);
#2969=ORIENTED_EDGE('',*,*,#2246,.F.);
#2970=ORIENTED_EDGE('',*,*,#2243,.T.);
#2971=ORIENTED_EDGE('',*,*,#2198,.F.);
#2972=ORIENTED_EDGE('',*,*,#2174,.T.);
#2973=ORIENTED_EDGE('',*,*,#2247,.F.);
#2974=ORIENTED_EDGE('',*,*,#2248,.T.);
#2975=ORIENTED_EDGE('',*,*,#2249,.T.);
#2976=ORIENTED_EDGE('',*,*,#2234,.T.);
#2977=ORIENTED_EDGE('',*,*,#2250,.T.);
#2978=ORIENTED_EDGE('',*,*,#2251,.T.);
#2979=ORIENTED_EDGE('',*,*,#2252,.T.);
#2980=ORIENTED_EDGE('',*,*,#2253,.T.);
#2981=ORIENTED_EDGE('',*,*,#2254,.T.);
#2982=ORIENTED_EDGE('',*,*,#2255,.T.);
#2983=ORIENTED_EDGE('',*,*,#2256,.F.);
#2984=ORIENTED_EDGE('',*,*,#2257,.T.);
#2985=ORIENTED_EDGE('',*,*,#2254,.F.);
#2986=ORIENTED_EDGE('',*,*,#2258,.T.);
#2987=ORIENTED_EDGE('',*,*,#2259,.T.);
#2988=ORIENTED_EDGE('',*,*,#2260,.T.);
#2989=ORIENTED_EDGE('',*,*,#2259,.F.);
#2990=ORIENTED_EDGE('',*,*,#2261,.T.);
#2991=ORIENTED_EDGE('',*,*,#2250,.F.);
#2992=ORIENTED_EDGE('',*,*,#2262,.T.);
#2993=ORIENTED_EDGE('',*,*,#2252,.F.);
#2994=ORIENTED_EDGE('',*,*,#2263,.T.);
#2995=ORIENTED_EDGE('',*,*,#2264,.T.);
#2996=ORIENTED_EDGE('',*,*,#2265,.T.);
#2997=ORIENTED_EDGE('',*,*,#2264,.F.);
#2998=ORIENTED_EDGE('',*,*,#2266,.T.);
#2999=ORIENTED_EDGE('',*,*,#2267,.T.);
#3000=ORIENTED_EDGE('',*,*,#2268,.T.);
#3001=ORIENTED_EDGE('',*,*,#2269,.T.);
#3002=ORIENTED_EDGE('',*,*,#2270,.T.);
#3003=ORIENTED_EDGE('',*,*,#2267,.F.);
#3004=ORIENTED_EDGE('',*,*,#2257,.F.);
#3005=ORIENTED_EDGE('',*,*,#2271,.F.);
#3006=ORIENTED_EDGE('',*,*,#2272,.T.);
#3007=ORIENTED_EDGE('',*,*,#2273,.T.);
#3008=ORIENTED_EDGE('',*,*,#2260,.F.);
#3009=ORIENTED_EDGE('',*,*,#2233,.T.);
#3010=ORIENTED_EDGE('',*,*,#2274,.T.);
#3011=ORIENTED_EDGE('',*,*,#2271,.T.);
#3012=ORIENTED_EDGE('',*,*,#2262,.F.);
#3013=ORIENTED_EDGE('',*,*,#2275,.T.);
#3014=ORIENTED_EDGE('',*,*,#2276,.T.);
#3015=ORIENTED_EDGE('',*,*,#2235,.T.);
#3016=ORIENTED_EDGE('',*,*,#2265,.F.);
#3017=ORIENTED_EDGE('',*,*,#2277,.F.);
#3018=ORIENTED_EDGE('',*,*,#2278,.F.);
#3019=ORIENTED_EDGE('',*,*,#2275,.F.);
#3020=ORIENTED_EDGE('',*,*,#2270,.F.);
#3021=ORIENTED_EDGE('',*,*,#2279,.T.);
#3022=ORIENTED_EDGE('',*,*,#2280,.F.);
#3023=ORIENTED_EDGE('',*,*,#2277,.T.);
#3024=ORIENTED_EDGE('',*,*,#2269,.F.);
#3025=ORIENTED_EDGE('',*,*,#2281,.T.);
#3026=ORIENTED_EDGE('',*,*,#2282,.F.);
#3027=ORIENTED_EDGE('',*,*,#2283,.T.);
#3028=ORIENTED_EDGE('',*,*,#2284,.T.);
#3029=ORIENTED_EDGE('',*,*,#2285,.T.);
#3030=ORIENTED_EDGE('',*,*,#2286,.T.);
#3031=ORIENTED_EDGE('',*,*,#2287,.T.);
#3032=ORIENTED_EDGE('',*,*,#2186,.T.);
#3033=ORIENTED_EDGE('',*,*,#2288,.T.);
#3034=ORIENTED_EDGE('',*,*,#2289,.T.);
#3035=ORIENTED_EDGE('',*,*,#2182,.T.);
#3036=ORIENTED_EDGE('',*,*,#2290,.T.);
#3037=ORIENTED_EDGE('',*,*,#2291,.T.);
#3038=ORIENTED_EDGE('',*,*,#2181,.T.);
#3039=ORIENTED_EDGE('',*,*,#2292,.T.);
#3040=ORIENTED_EDGE('',*,*,#2293,.T.);
#3041=ORIENTED_EDGE('',*,*,#2290,.F.);
#3042=ORIENTED_EDGE('',*,*,#2183,.T.);
#3043=ORIENTED_EDGE('',*,*,#2289,.F.);
#3044=ORIENTED_EDGE('',*,*,#2294,.T.);
#3045=ORIENTED_EDGE('',*,*,#2295,.T.);
#3046=ORIENTED_EDGE('',*,*,#2184,.T.);
#3047=ORIENTED_EDGE('',*,*,#2295,.F.);
#3048=ORIENTED_EDGE('',*,*,#2211,.T.);
#3049=ORIENTED_EDGE('',*,*,#2296,.T.);
#3050=ORIENTED_EDGE('',*,*,#2185,.T.);
#3051=ORIENTED_EDGE('',*,*,#2296,.F.);
#3052=ORIENTED_EDGE('',*,*,#2297,.T.);
#3053=ORIENTED_EDGE('',*,*,#2288,.F.);
#3054=ORIENTED_EDGE('',*,*,#2287,.F.);
#3055=ORIENTED_EDGE('',*,*,#2298,.T.);
#3056=ORIENTED_EDGE('',*,*,#2299,.T.);
#3057=ORIENTED_EDGE('',*,*,#2300,.F.);
#3058=ORIENTED_EDGE('',*,*,#2187,.T.);
#3059=ORIENTED_EDGE('',*,*,#2286,.F.);
#3060=ORIENTED_EDGE('',*,*,#2301,.T.);
#3061=ORIENTED_EDGE('',*,*,#2302,.F.);
#3062=ORIENTED_EDGE('',*,*,#2303,.T.);
#3063=ORIENTED_EDGE('',*,*,#2298,.F.);
#3064=ORIENTED_EDGE('',*,*,#2285,.F.);
#3065=ORIENTED_EDGE('',*,*,#2304,.F.);
#3066=ORIENTED_EDGE('',*,*,#2305,.T.);
#3067=ORIENTED_EDGE('',*,*,#2306,.F.);
#3068=ORIENTED_EDGE('',*,*,#2301,.F.);
#3069=ORIENTED_EDGE('',*,*,#2297,.F.);
#3070=ORIENTED_EDGE('',*,*,#2210,.T.);
#3071=ORIENTED_EDGE('',*,*,#2307,.T.);
#3072=ORIENTED_EDGE('',*,*,#2304,.T.);
#3073=ORIENTED_EDGE('',*,*,#2294,.F.);
#3074=ORIENTED_EDGE('',*,*,#2308,.T.);
#3075=ORIENTED_EDGE('',*,*,#2309,.T.);
#3076=ORIENTED_EDGE('',*,*,#2212,.T.);
#3077=ORIENTED_EDGE('',*,*,#2291,.F.);
#3078=ORIENTED_EDGE('',*,*,#2310,.F.);
#3079=ORIENTED_EDGE('',*,*,#2311,.F.);
#3080=ORIENTED_EDGE('',*,*,#2308,.F.);
#3081=ORIENTED_EDGE('',*,*,#2226,.T.);
#3082=ORIENTED_EDGE('',*,*,#2312,.T.);
#3083=ORIENTED_EDGE('',*,*,#2178,.T.);
#3084=ORIENTED_EDGE('',*,*,#2313,.T.);
#3085=ORIENTED_EDGE('',*,*,#2314,.T.);
#3086=ORIENTED_EDGE('',*,*,#2292,.F.);
#3087=ORIENTED_EDGE('',*,*,#2180,.T.);
#3088=ORIENTED_EDGE('',*,*,#2315,.T.);
#3089=ORIENTED_EDGE('',*,*,#2316,.T.);
#3090=ORIENTED_EDGE('',*,*,#2315,.F.);
#3091=ORIENTED_EDGE('',*,*,#2179,.T.);
#3092=ORIENTED_EDGE('',*,*,#2312,.F.);
#3093=ORIENTED_EDGE('',*,*,#2317,.T.);
#3094=ORIENTED_EDGE('',*,*,#2313,.F.);
#3095=ORIENTED_EDGE('',*,*,#2177,.T.);
#3096=ORIENTED_EDGE('',*,*,#2318,.T.);
#3097=ORIENTED_EDGE('',*,*,#2319,.T.);
#3098=ORIENTED_EDGE('',*,*,#2318,.F.);
#3099=ORIENTED_EDGE('',*,*,#2189,.T.);
#3100=ORIENTED_EDGE('',*,*,#2320,.T.);
#3101=ORIENTED_EDGE('',*,*,#2188,.T.);
#3102=ORIENTED_EDGE('',*,*,#2300,.T.);
#3103=ORIENTED_EDGE('',*,*,#2321,.T.);
#3104=ORIENTED_EDGE('',*,*,#2320,.F.);
#3105=ORIENTED_EDGE('',*,*,#2322,.T.);
#3106=ORIENTED_EDGE('',*,*,#2323,.T.);
#3107=ORIENTED_EDGE('',*,*,#2247,.T.);
#3108=ORIENTED_EDGE('',*,*,#2173,.T.);
#3109=ORIENTED_EDGE('',*,*,#2324,.T.);
#3110=ORIENTED_EDGE('',*,*,#2325,.T.);
#3111=ORIENTED_EDGE('',*,*,#2169,.T.);
#3112=ORIENTED_EDGE('',*,*,#2326,.T.);
#3113=ORIENTED_EDGE('',*,*,#2327,.T.);
#3114=ORIENTED_EDGE('',*,*,#2168,.T.);
#3115=ORIENTED_EDGE('',*,*,#2192,.T.);
#3116=ORIENTED_EDGE('',*,*,#2328,.T.);
#3117=ORIENTED_EDGE('',*,*,#2326,.F.);
#3118=ORIENTED_EDGE('',*,*,#2170,.T.);
#3119=ORIENTED_EDGE('',*,*,#2325,.F.);
#3120=ORIENTED_EDGE('',*,*,#2329,.T.);
#3121=ORIENTED_EDGE('',*,*,#2330,.T.);
#3122=ORIENTED_EDGE('',*,*,#2171,.T.);
#3123=ORIENTED_EDGE('',*,*,#2330,.F.);
#3124=ORIENTED_EDGE('',*,*,#2238,.T.);
#3125=ORIENTED_EDGE('',*,*,#2331,.T.);
#3126=ORIENTED_EDGE('',*,*,#2172,.T.);
#3127=ORIENTED_EDGE('',*,*,#2331,.F.);
#3128=ORIENTED_EDGE('',*,*,#2332,.T.);
#3129=ORIENTED_EDGE('',*,*,#2324,.F.);
#3130=ORIENTED_EDGE('',*,*,#2323,.F.);
#3131=ORIENTED_EDGE('',*,*,#2333,.T.);
#3132=ORIENTED_EDGE('',*,*,#2334,.F.);
#3133=ORIENTED_EDGE('',*,*,#2335,.T.);
#3134=ORIENTED_EDGE('',*,*,#2248,.F.);
#3135=ORIENTED_EDGE('',*,*,#2322,.F.);
#3136=ORIENTED_EDGE('',*,*,#2336,.F.);
#3137=ORIENTED_EDGE('',*,*,#2337,.T.);
#3138=ORIENTED_EDGE('',*,*,#2338,.F.);
#3139=ORIENTED_EDGE('',*,*,#2333,.F.);
#3140=ORIENTED_EDGE('',*,*,#2332,.F.);
#3141=ORIENTED_EDGE('',*,*,#2237,.T.);
#3142=ORIENTED_EDGE('',*,*,#2339,.T.);
#3143=ORIENTED_EDGE('',*,*,#2336,.T.);
#3144=ORIENTED_EDGE('',*,*,#2329,.F.);
#3145=ORIENTED_EDGE('',*,*,#2340,.T.);
#3146=ORIENTED_EDGE('',*,*,#2341,.T.);
#3147=ORIENTED_EDGE('',*,*,#2239,.T.);
#3148=ORIENTED_EDGE('',*,*,#2327,.F.);
#3149=ORIENTED_EDGE('',*,*,#2342,.F.);
#3150=ORIENTED_EDGE('',*,*,#2343,.F.);
#3151=ORIENTED_EDGE('',*,*,#2340,.F.);
#3152=ORIENTED_EDGE('',*,*,#2328,.F.);
#3153=ORIENTED_EDGE('',*,*,#2205,.F.);
#3154=ORIENTED_EDGE('',*,*,#2344,.F.);
#3155=ORIENTED_EDGE('',*,*,#2342,.T.);
#3156=ORIENTED_EDGE('',*,*,#2345,.T.);
#3157=ORIENTED_EDGE('',*,*,#2346,.T.);
#3158=ORIENTED_EDGE('',*,*,#2282,.T.);
#3159=ORIENTED_EDGE('',*,*,#2347,.T.);
#3160=ORIENTED_EDGE('',*,*,#2348,.T.);
#3161=ORIENTED_EDGE('',*,*,#2349,.T.);
#3162=ORIENTED_EDGE('',*,*,#2350,.T.);
#3163=ORIENTED_EDGE('',*,*,#2230,.T.);
#3164=ORIENTED_EDGE('',*,*,#2351,.T.);
#3165=ORIENTED_EDGE('',*,*,#2352,.T.);
#3166=ORIENTED_EDGE('',*,*,#2353,.T.);
#3167=ORIENTED_EDGE('',*,*,#2256,.T.);
#3168=ORIENTED_EDGE('',*,*,#2354,.T.);
#3169=ORIENTED_EDGE('',*,*,#2355,.T.);
#3170=ORIENTED_EDGE('',*,*,#2352,.F.);
#3171=ORIENTED_EDGE('',*,*,#2356,.T.);
#3172=ORIENTED_EDGE('',*,*,#2350,.F.);
#3173=ORIENTED_EDGE('',*,*,#2357,.T.);
#3174=ORIENTED_EDGE('',*,*,#2351,.F.);
#3175=ORIENTED_EDGE('',*,*,#2358,.T.);
#3176=ORIENTED_EDGE('',*,*,#2348,.F.);
#3177=ORIENTED_EDGE('',*,*,#2346,.F.);
#3178=ORIENTED_EDGE('',*,*,#2359,.T.);
#3179=ORIENTED_EDGE('',*,*,#2360,.F.);
#3180=ORIENTED_EDGE('',*,*,#2361,.T.);
#3181=ORIENTED_EDGE('',*,*,#2283,.F.);
#3182=ORIENTED_EDGE('',*,*,#2345,.F.);
#3183=ORIENTED_EDGE('',*,*,#2362,.F.);
#3184=ORIENTED_EDGE('',*,*,#2363,.T.);
#3185=ORIENTED_EDGE('',*,*,#2364,.F.);
#3186=ORIENTED_EDGE('',*,*,#2359,.F.);
#3187=ORIENTED_EDGE('',*,*,#2358,.F.);
#3188=ORIENTED_EDGE('',*,*,#2229,.T.);
#3189=ORIENTED_EDGE('',*,*,#2365,.T.);
#3190=ORIENTED_EDGE('',*,*,#2362,.T.);
#3191=ORIENTED_EDGE('',*,*,#2356,.F.);
#3192=ORIENTED_EDGE('',*,*,#2366,.T.);
#3193=ORIENTED_EDGE('',*,*,#2367,.T.);
#3194=ORIENTED_EDGE('',*,*,#2231,.T.);
#3195=ORIENTED_EDGE('',*,*,#2354,.F.);
#3196=ORIENTED_EDGE('',*,*,#2368,.F.);
#3197=ORIENTED_EDGE('',*,*,#2369,.F.);
#3198=ORIENTED_EDGE('',*,*,#2366,.F.);
#3199=ORIENTED_EDGE('',*,*,#2317,.F.);
#3200=ORIENTED_EDGE('',*,*,#2370,.T.);
#3201=ORIENTED_EDGE('',*,*,#2371,.T.);
#3202=ORIENTED_EDGE('',*,*,#2227,.T.);
#3203=ORIENTED_EDGE('',*,*,#2316,.F.);
#3204=ORIENTED_EDGE('',*,*,#2225,.T.);
#3205=ORIENTED_EDGE('',*,*,#2372,.T.);
#3206=ORIENTED_EDGE('',*,*,#2373,.T.);
#3207=ORIENTED_EDGE('',*,*,#2263,.F.);
#3208=ORIENTED_EDGE('',*,*,#2251,.F.);
#3209=ORIENTED_EDGE('',*,*,#2261,.F.);
#3210=ORIENTED_EDGE('',*,*,#2258,.F.);
#3211=ORIENTED_EDGE('',*,*,#2253,.F.);
#3212=ORIENTED_EDGE('',*,*,#2353,.F.);
#3213=ORIENTED_EDGE('',*,*,#2355,.F.);
#3214=ORIENTED_EDGE('',*,*,#2349,.F.);
#3215=ORIENTED_EDGE('',*,*,#2357,.F.);
#3216=ORIENTED_EDGE('',*,*,#2347,.F.);
#3217=ORIENTED_EDGE('',*,*,#2281,.F.);
#3218=ORIENTED_EDGE('',*,*,#2268,.F.);
#3219=ORIENTED_EDGE('',*,*,#2266,.F.);
#3220=ORIENTED_EDGE('',*,*,#2284,.F.);
#3221=ORIENTED_EDGE('',*,*,#2361,.F.);
#3222=ORIENTED_EDGE('',*,*,#2374,.T.);
#3223=ORIENTED_EDGE('',*,*,#2375,.F.);
#3224=ORIENTED_EDGE('',*,*,#2376,.F.);
#3225=ORIENTED_EDGE('',*,*,#2377,.T.);
#3226=ORIENTED_EDGE('',*,*,#2378,.T.);
#3227=ORIENTED_EDGE('',*,*,#2279,.F.);
#3228=ORIENTED_EDGE('',*,*,#2314,.F.);
#3229=ORIENTED_EDGE('',*,*,#2373,.F.);
#3230=ORIENTED_EDGE('',*,*,#2379,.T.);
#3231=ORIENTED_EDGE('',*,*,#2380,.T.);
#3232=ORIENTED_EDGE('',*,*,#2319,.F.);
#3233=ORIENTED_EDGE('',*,*,#2381,.F.);
#3234=ORIENTED_EDGE('',*,*,#2382,.F.);
#3235=ORIENTED_EDGE('',*,*,#2370,.F.);
#3236=ORIENTED_EDGE('',*,*,#2232,.T.);
#3237=ORIENTED_EDGE('',*,*,#2367,.F.);
#3238=ORIENTED_EDGE('',*,*,#2369,.T.);
#3239=ORIENTED_EDGE('',*,*,#2383,.T.);
#3240=ORIENTED_EDGE('',*,*,#2272,.F.);
#3241=ORIENTED_EDGE('',*,*,#2274,.F.);
#3242=ORIENTED_EDGE('',*,*,#2228,.T.);
#3243=ORIENTED_EDGE('',*,*,#2371,.F.);
#3244=ORIENTED_EDGE('',*,*,#2382,.T.);
#3245=ORIENTED_EDGE('',*,*,#2384,.F.);
#3246=ORIENTED_EDGE('',*,*,#2363,.F.);
#3247=ORIENTED_EDGE('',*,*,#2365,.F.);
#3248=ORIENTED_EDGE('',*,*,#2224,.T.);
#3249=ORIENTED_EDGE('',*,*,#2213,.T.);
#3250=ORIENTED_EDGE('',*,*,#2309,.F.);
#3251=ORIENTED_EDGE('',*,*,#2311,.T.);
#3252=ORIENTED_EDGE('',*,*,#2385,.T.);
#3253=ORIENTED_EDGE('',*,*,#2379,.F.);
#3254=ORIENTED_EDGE('',*,*,#2372,.F.);
#3255=ORIENTED_EDGE('',*,*,#2209,.T.);
#3256=ORIENTED_EDGE('',*,*,#2242,.F.);
#3257=ORIENTED_EDGE('',*,*,#2244,.T.);
#3258=ORIENTED_EDGE('',*,*,#2386,.F.);
#3259=ORIENTED_EDGE('',*,*,#2305,.F.);
#3260=ORIENTED_EDGE('',*,*,#2307,.F.);
#3261=ORIENTED_EDGE('',*,*,#2240,.T.);
#3262=ORIENTED_EDGE('',*,*,#2341,.F.);
#3263=ORIENTED_EDGE('',*,*,#2343,.T.);
#3264=ORIENTED_EDGE('',*,*,#2344,.T.);
#3265=ORIENTED_EDGE('',*,*,#2204,.F.);
#3266=ORIENTED_EDGE('',*,*,#2207,.F.);
#3267=ORIENTED_EDGE('',*,*,#2236,.T.);
#3268=ORIENTED_EDGE('',*,*,#2276,.F.);
#3269=ORIENTED_EDGE('',*,*,#2278,.T.);
#3270=ORIENTED_EDGE('',*,*,#2387,.F.);
#3271=ORIENTED_EDGE('',*,*,#2337,.F.);
#3272=ORIENTED_EDGE('',*,*,#2339,.F.);
#3273=ORIENTED_EDGE('',*,*,#2321,.F.);
#3274=ORIENTED_EDGE('',*,*,#2388,.T.);
#3275=ORIENTED_EDGE('',*,*,#2389,.F.);
#3276=ORIENTED_EDGE('',*,*,#2381,.T.);
#3277=ORIENTED_EDGE('',*,*,#2293,.F.);
#3278=ORIENTED_EDGE('',*,*,#2380,.F.);
#3279=ORIENTED_EDGE('',*,*,#2385,.F.);
#3280=ORIENTED_EDGE('',*,*,#2310,.T.);
#3281=ORIENTED_EDGE('',*,*,#2299,.F.);
#3282=ORIENTED_EDGE('',*,*,#2303,.F.);
#3283=ORIENTED_EDGE('',*,*,#2390,.T.);
#3284=ORIENTED_EDGE('',*,*,#2388,.F.);
#3285=ORIENTED_EDGE('',*,*,#2249,.F.);
#3286=ORIENTED_EDGE('',*,*,#2335,.F.);
#3287=ORIENTED_EDGE('',*,*,#2391,.T.);
#3288=ORIENTED_EDGE('',*,*,#2392,.F.);
#3289=ORIENTED_EDGE('',*,*,#2393,.F.);
#3290=ORIENTED_EDGE('',*,*,#2394,.T.);
#3291=ORIENTED_EDGE('',*,*,#2395,.T.);
#3292=ORIENTED_EDGE('',*,*,#2245,.F.);
#3293=ORIENTED_EDGE('',*,*,#2396,.T.);
#3294=ORIENTED_EDGE('',*,*,#2397,.T.);
#3295=ORIENTED_EDGE('',*,*,#2398,.T.);
#3296=ORIENTED_EDGE('',*,*,#2399,.T.);
#3297=ORIENTED_EDGE('',*,*,#2396,.F.);
#3298=ORIENTED_EDGE('',*,*,#2400,.F.);
#3299=ORIENTED_EDGE('',*,*,#2401,.T.);
#3300=ORIENTED_EDGE('',*,*,#2402,.T.);
#3301=ORIENTED_EDGE('',*,*,#2403,.T.);
#3302=ORIENTED_EDGE('',*,*,#2399,.F.);
#3303=ORIENTED_EDGE('',*,*,#2404,.T.);
#3304=ORIENTED_EDGE('',*,*,#2405,.T.);
#3305=ORIENTED_EDGE('',*,*,#2406,.F.);
#3306=ORIENTED_EDGE('',*,*,#2407,.F.);
#3307=ORIENTED_EDGE('',*,*,#2408,.F.);
#3308=ORIENTED_EDGE('',*,*,#2409,.F.);
#3309=ORIENTED_EDGE('',*,*,#2400,.T.);
#3310=ORIENTED_EDGE('',*,*,#2410,.T.);
#3311=ORIENTED_EDGE('',*,*,#2407,.T.);
#3312=ORIENTED_EDGE('',*,*,#2411,.T.);
#3313=ORIENTED_EDGE('',*,*,#2412,.T.);
#3314=ORIENTED_EDGE('',*,*,#2410,.F.);
#3315=ORIENTED_EDGE('',*,*,#2413,.T.);
#3316=ORIENTED_EDGE('',*,*,#2414,.T.);
#3317=ORIENTED_EDGE('',*,*,#2415,.T.);
#3318=ORIENTED_EDGE('',*,*,#2408,.T.);
#3319=ORIENTED_EDGE('',*,*,#2416,.T.);
#3320=ORIENTED_EDGE('',*,*,#2417,.T.);
#3321=ORIENTED_EDGE('',*,*,#2418,.T.);
#3322=ORIENTED_EDGE('',*,*,#2419,.T.);
#3323=ORIENTED_EDGE('',*,*,#2416,.F.);
#3324=ORIENTED_EDGE('',*,*,#2420,.F.);
#3325=ORIENTED_EDGE('',*,*,#2421,.T.);
#3326=ORIENTED_EDGE('',*,*,#2422,.T.);
#3327=ORIENTED_EDGE('',*,*,#2423,.T.);
#3328=ORIENTED_EDGE('',*,*,#2419,.F.);
#3329=ORIENTED_EDGE('',*,*,#2424,.T.);
#3330=ORIENTED_EDGE('',*,*,#2425,.T.);
#3331=ORIENTED_EDGE('',*,*,#2426,.F.);
#3332=ORIENTED_EDGE('',*,*,#2427,.F.);
#3333=ORIENTED_EDGE('',*,*,#2428,.F.);
#3334=ORIENTED_EDGE('',*,*,#2429,.F.);
#3335=ORIENTED_EDGE('',*,*,#2420,.T.);
#3336=ORIENTED_EDGE('',*,*,#2430,.T.);
#3337=ORIENTED_EDGE('',*,*,#2427,.T.);
#3338=ORIENTED_EDGE('',*,*,#2431,.T.);
#3339=ORIENTED_EDGE('',*,*,#2432,.T.);
#3340=ORIENTED_EDGE('',*,*,#2431,.F.);
#3341=ORIENTED_EDGE('',*,*,#2426,.T.);
#3342=ORIENTED_EDGE('',*,*,#2433,.T.);
#3343=ORIENTED_EDGE('',*,*,#2434,.T.);
#3344=ORIENTED_EDGE('',*,*,#2435,.T.);
#3345=ORIENTED_EDGE('',*,*,#2436,.T.);
#3346=ORIENTED_EDGE('',*,*,#2437,.T.);
#3347=ORIENTED_EDGE('',*,*,#2438,.T.);
#3348=ORIENTED_EDGE('',*,*,#2439,.T.);
#3349=ORIENTED_EDGE('',*,*,#2436,.F.);
#3350=ORIENTED_EDGE('',*,*,#2440,.F.);
#3351=ORIENTED_EDGE('',*,*,#2441,.T.);
#3352=ORIENTED_EDGE('',*,*,#2442,.T.);
#3353=ORIENTED_EDGE('',*,*,#2443,.T.);
#3354=ORIENTED_EDGE('',*,*,#2439,.F.);
#3355=ORIENTED_EDGE('',*,*,#2444,.T.);
#3356=ORIENTED_EDGE('',*,*,#2445,.T.);
#3357=ORIENTED_EDGE('',*,*,#2446,.F.);
#3358=ORIENTED_EDGE('',*,*,#2447,.F.);
#3359=ORIENTED_EDGE('',*,*,#2448,.F.);
#3360=ORIENTED_EDGE('',*,*,#2449,.F.);
#3361=ORIENTED_EDGE('',*,*,#2440,.T.);
#3362=ORIENTED_EDGE('',*,*,#2450,.T.);
#3363=ORIENTED_EDGE('',*,*,#2447,.T.);
#3364=ORIENTED_EDGE('',*,*,#2451,.T.);
#3365=ORIENTED_EDGE('',*,*,#2452,.T.);
#3366=ORIENTED_EDGE('',*,*,#2451,.F.);
#3367=ORIENTED_EDGE('',*,*,#2446,.T.);
#3368=ORIENTED_EDGE('',*,*,#2453,.T.);
#3369=ORIENTED_EDGE('',*,*,#2454,.T.);
#3370=ORIENTED_EDGE('',*,*,#2455,.T.);
#3371=ORIENTED_EDGE('',*,*,#2456,.T.);
#3372=ORIENTED_EDGE('',*,*,#2457,.T.);
#3373=ORIENTED_EDGE('',*,*,#2458,.T.);
#3374=ORIENTED_EDGE('',*,*,#2457,.F.);
#3375=ORIENTED_EDGE('',*,*,#2458,.F.);
#3376=ORIENTED_EDGE('',*,*,#2459,.T.);
#3377=ORIENTED_EDGE('',*,*,#2460,.F.);
#3378=ORIENTED_EDGE('',*,*,#2461,.T.);
#3379=ORIENTED_EDGE('',*,*,#2462,.F.);
#3380=ORIENTED_EDGE('',*,*,#2463,.T.);
#3381=ORIENTED_EDGE('',*,*,#2414,.F.);
#3382=ORIENTED_EDGE('',*,*,#2464,.T.);
#3383=ORIENTED_EDGE('',*,*,#2465,.F.);
#3384=ORIENTED_EDGE('',*,*,#2466,.T.);
#3385=ORIENTED_EDGE('',*,*,#2467,.F.);
#3386=ORIENTED_EDGE('',*,*,#2468,.T.);
#3387=ORIENTED_EDGE('',*,*,#2469,.F.);
#3388=ORIENTED_EDGE('',*,*,#2470,.T.);
#3389=ORIENTED_EDGE('',*,*,#2471,.F.);
#3390=ORIENTED_EDGE('',*,*,#2472,.T.);
#3391=ORIENTED_EDGE('',*,*,#2473,.F.);
#3392=ORIENTED_EDGE('',*,*,#2474,.T.);
#3393=ORIENTED_EDGE('',*,*,#2475,.F.);
#3394=ORIENTED_EDGE('',*,*,#2476,.T.);
#3395=ORIENTED_EDGE('',*,*,#2477,.F.);
#3396=ORIENTED_EDGE('',*,*,#2459,.F.);
#3397=ORIENTED_EDGE('',*,*,#2478,.T.);
#3398=ORIENTED_EDGE('',*,*,#2479,.F.);
#3399=ORIENTED_EDGE('',*,*,#2480,.F.);
#3400=ORIENTED_EDGE('',*,*,#2481,.F.);
#3401=ORIENTED_EDGE('',*,*,#2482,.F.);
#3402=ORIENTED_EDGE('',*,*,#2483,.F.);
#3403=ORIENTED_EDGE('',*,*,#2484,.T.);
#3404=ORIENTED_EDGE('',*,*,#2485,.F.);
#3405=ORIENTED_EDGE('',*,*,#2486,.T.);
#3406=ORIENTED_EDGE('',*,*,#2487,.F.);
#3407=ORIENTED_EDGE('',*,*,#2488,.F.);
#3408=ORIENTED_EDGE('',*,*,#2489,.F.);
#3409=ORIENTED_EDGE('',*,*,#2490,.F.);
#3410=ORIENTED_EDGE('',*,*,#2491,.F.);
#3411=ORIENTED_EDGE('',*,*,#2492,.T.);
#3412=ORIENTED_EDGE('',*,*,#2493,.F.);
#3413=ORIENTED_EDGE('',*,*,#2456,.F.);
#3414=ORIENTED_EDGE('',*,*,#2494,.T.);
#3415=ORIENTED_EDGE('',*,*,#2495,.T.);
#3416=ORIENTED_EDGE('',*,*,#2496,.T.);
#3417=ORIENTED_EDGE('',*,*,#2495,.F.);
#3418=ORIENTED_EDGE('',*,*,#2496,.F.);
#3419=ORIENTED_EDGE('',*,*,#2497,.T.);
#3420=ORIENTED_EDGE('',*,*,#2498,.F.);
#3421=ORIENTED_EDGE('',*,*,#2497,.F.);
#3422=ORIENTED_EDGE('',*,*,#2494,.F.);
#3423=ORIENTED_EDGE('',*,*,#2499,.F.);
#3424=ORIENTED_EDGE('',*,*,#2405,.F.);
#3425=ORIENTED_EDGE('',*,*,#2500,.F.);
#3426=ORIENTED_EDGE('',*,*,#2501,.F.);
#3427=ORIENTED_EDGE('',*,*,#2502,.F.);
#3428=ORIENTED_EDGE('',*,*,#2503,.F.);
#3429=ORIENTED_EDGE('',*,*,#2504,.F.);
#3430=ORIENTED_EDGE('',*,*,#2453,.F.);
#3431=ORIENTED_EDGE('',*,*,#2445,.F.);
#3432=ORIENTED_EDGE('',*,*,#2505,.F.);
#3433=ORIENTED_EDGE('',*,*,#2506,.F.);
#3434=ORIENTED_EDGE('',*,*,#2507,.F.);
#3435=ORIENTED_EDGE('',*,*,#2508,.F.);
#3436=ORIENTED_EDGE('',*,*,#2509,.F.);
#3437=ORIENTED_EDGE('',*,*,#2433,.F.);
#3438=ORIENTED_EDGE('',*,*,#2425,.F.);
#3439=ORIENTED_EDGE('',*,*,#2510,.F.);
#3440=ORIENTED_EDGE('',*,*,#2511,.F.);
#3441=ORIENTED_EDGE('',*,*,#2512,.F.);
#3442=ORIENTED_EDGE('',*,*,#2513,.F.);
#3443=ORIENTED_EDGE('',*,*,#2514,.F.);
#3444=ORIENTED_EDGE('',*,*,#2515,.T.);
#3445=ORIENTED_EDGE('',*,*,#2422,.F.);
#3446=ORIENTED_EDGE('',*,*,#2516,.T.);
#3447=ORIENTED_EDGE('',*,*,#2517,.T.);
#3448=ORIENTED_EDGE('',*,*,#2518,.T.);
#3449=ORIENTED_EDGE('',*,*,#2517,.F.);
#3450=ORIENTED_EDGE('',*,*,#2519,.T.);
#3451=ORIENTED_EDGE('',*,*,#2520,.T.);
#3452=ORIENTED_EDGE('',*,*,#2521,.T.);
#3453=ORIENTED_EDGE('',*,*,#2467,.T.);
#3454=ORIENTED_EDGE('',*,*,#2522,.T.);
#3455=ORIENTED_EDGE('',*,*,#2520,.F.);
#3456=ORIENTED_EDGE('',*,*,#2417,.F.);
#3457=ORIENTED_EDGE('',*,*,#2423,.F.);
#3458=ORIENTED_EDGE('',*,*,#2523,.F.);
#3459=ORIENTED_EDGE('',*,*,#2524,.F.);
#3460=ORIENTED_EDGE('',*,*,#2515,.F.);
#3461=ORIENTED_EDGE('',*,*,#2525,.F.);
#3462=ORIENTED_EDGE('',*,*,#2526,.F.);
#3463=ORIENTED_EDGE('',*,*,#2523,.T.);
#3464=ORIENTED_EDGE('',*,*,#2518,.F.);
#3465=ORIENTED_EDGE('',*,*,#2527,.F.);
#3466=ORIENTED_EDGE('',*,*,#2528,.F.);
#3467=ORIENTED_EDGE('',*,*,#2525,.T.);
#3468=ORIENTED_EDGE('',*,*,#2522,.F.);
#3469=ORIENTED_EDGE('',*,*,#2466,.F.);
#3470=ORIENTED_EDGE('',*,*,#2529,.F.);
#3471=ORIENTED_EDGE('',*,*,#2527,.T.);
#3472=ORIENTED_EDGE('',*,*,#2430,.F.);
#3473=ORIENTED_EDGE('',*,*,#2530,.T.);
#3474=ORIENTED_EDGE('',*,*,#2469,.T.);
#3475=ORIENTED_EDGE('',*,*,#2531,.T.);
#3476=ORIENTED_EDGE('',*,*,#2428,.T.);
#3477=ORIENTED_EDGE('',*,*,#2432,.F.);
#3478=ORIENTED_EDGE('',*,*,#2435,.F.);
#3479=ORIENTED_EDGE('',*,*,#2470,.F.);
#3480=ORIENTED_EDGE('',*,*,#2530,.F.);
#3481=ORIENTED_EDGE('',*,*,#2532,.T.);
#3482=ORIENTED_EDGE('',*,*,#2442,.F.);
#3483=ORIENTED_EDGE('',*,*,#2533,.T.);
#3484=ORIENTED_EDGE('',*,*,#2534,.T.);
#3485=ORIENTED_EDGE('',*,*,#2535,.T.);
#3486=ORIENTED_EDGE('',*,*,#2534,.F.);
#3487=ORIENTED_EDGE('',*,*,#2536,.T.);
#3488=ORIENTED_EDGE('',*,*,#2537,.T.);
#3489=ORIENTED_EDGE('',*,*,#2538,.T.);
#3490=ORIENTED_EDGE('',*,*,#2473,.T.);
#3491=ORIENTED_EDGE('',*,*,#2539,.T.);
#3492=ORIENTED_EDGE('',*,*,#2537,.F.);
#3493=ORIENTED_EDGE('',*,*,#2437,.F.);
#3494=ORIENTED_EDGE('',*,*,#2443,.F.);
#3495=ORIENTED_EDGE('',*,*,#2540,.F.);
#3496=ORIENTED_EDGE('',*,*,#2541,.F.);
#3497=ORIENTED_EDGE('',*,*,#2532,.F.);
#3498=ORIENTED_EDGE('',*,*,#2542,.F.);
#3499=ORIENTED_EDGE('',*,*,#2543,.F.);
#3500=ORIENTED_EDGE('',*,*,#2540,.T.);
#3501=ORIENTED_EDGE('',*,*,#2535,.F.);
#3502=ORIENTED_EDGE('',*,*,#2544,.F.);
#3503=ORIENTED_EDGE('',*,*,#2545,.F.);
#3504=ORIENTED_EDGE('',*,*,#2542,.T.);
#3505=ORIENTED_EDGE('',*,*,#2539,.F.);
#3506=ORIENTED_EDGE('',*,*,#2472,.F.);
#3507=ORIENTED_EDGE('',*,*,#2546,.F.);
#3508=ORIENTED_EDGE('',*,*,#2544,.T.);
#3509=ORIENTED_EDGE('',*,*,#2450,.F.);
#3510=ORIENTED_EDGE('',*,*,#2547,.T.);
#3511=ORIENTED_EDGE('',*,*,#2475,.T.);
#3512=ORIENTED_EDGE('',*,*,#2548,.T.);
#3513=ORIENTED_EDGE('',*,*,#2448,.T.);
#3514=ORIENTED_EDGE('',*,*,#2452,.F.);
#3515=ORIENTED_EDGE('',*,*,#2455,.F.);
#3516=ORIENTED_EDGE('',*,*,#2476,.F.);
#3517=ORIENTED_EDGE('',*,*,#2547,.F.);
#3518=ORIENTED_EDGE('',*,*,#2412,.F.);
#3519=ORIENTED_EDGE('',*,*,#2549,.F.);
#3520=ORIENTED_EDGE('',*,*,#2464,.F.);
#3521=ORIENTED_EDGE('',*,*,#2413,.F.);
#3522=ORIENTED_EDGE('',*,*,#2550,.T.);
#3523=ORIENTED_EDGE('',*,*,#2551,.T.);
#3524=ORIENTED_EDGE('',*,*,#2552,.T.);
#3525=ORIENTED_EDGE('',*,*,#2402,.F.);
#3526=ORIENTED_EDGE('',*,*,#2553,.T.);
#3527=ORIENTED_EDGE('',*,*,#2554,.T.);
#3528=ORIENTED_EDGE('',*,*,#2555,.T.);
#3529=ORIENTED_EDGE('',*,*,#2551,.F.);
#3530=ORIENTED_EDGE('',*,*,#2556,.T.);
#3531=ORIENTED_EDGE('',*,*,#2462,.T.);
#3532=ORIENTED_EDGE('',*,*,#2557,.T.);
#3533=ORIENTED_EDGE('',*,*,#2554,.F.);
#3534=ORIENTED_EDGE('',*,*,#2397,.F.);
#3535=ORIENTED_EDGE('',*,*,#2403,.F.);
#3536=ORIENTED_EDGE('',*,*,#2558,.F.);
#3537=ORIENTED_EDGE('',*,*,#2559,.F.);
#3538=ORIENTED_EDGE('',*,*,#2552,.F.);
#3539=ORIENTED_EDGE('',*,*,#2560,.F.);
#3540=ORIENTED_EDGE('',*,*,#2561,.F.);
#3541=ORIENTED_EDGE('',*,*,#2558,.T.);
#3542=ORIENTED_EDGE('',*,*,#2555,.F.);
#3543=ORIENTED_EDGE('',*,*,#2562,.F.);
#3544=ORIENTED_EDGE('',*,*,#2563,.F.);
#3545=ORIENTED_EDGE('',*,*,#2560,.T.);
#3546=ORIENTED_EDGE('',*,*,#2557,.F.);
#3547=ORIENTED_EDGE('',*,*,#2461,.F.);
#3548=ORIENTED_EDGE('',*,*,#2564,.F.);
#3549=ORIENTED_EDGE('',*,*,#2562,.T.);
#3550=ORIENTED_EDGE('',*,*,#2526,.T.);
#3551=ORIENTED_EDGE('',*,*,#2565,.T.);
#3552=ORIENTED_EDGE('',*,*,#2511,.T.);
#3553=ORIENTED_EDGE('',*,*,#2566,.T.);
#3554=ORIENTED_EDGE('',*,*,#2528,.T.);
#3555=ORIENTED_EDGE('',*,*,#2567,.T.);
#3556=ORIENTED_EDGE('',*,*,#2512,.T.);
#3557=ORIENTED_EDGE('',*,*,#2565,.F.);
#3558=ORIENTED_EDGE('',*,*,#2411,.F.);
#3559=ORIENTED_EDGE('',*,*,#2406,.T.);
#3560=ORIENTED_EDGE('',*,*,#2499,.T.);
#3561=ORIENTED_EDGE('',*,*,#2568,.T.);
#3562=ORIENTED_EDGE('',*,*,#2549,.T.);
#3563=ORIENTED_EDGE('',*,*,#2465,.T.);
#3564=ORIENTED_EDGE('',*,*,#2568,.F.);
#3565=ORIENTED_EDGE('',*,*,#2514,.T.);
#3566=ORIENTED_EDGE('',*,*,#2569,.T.);
#3567=ORIENTED_EDGE('',*,*,#2529,.T.);
#3568=ORIENTED_EDGE('',*,*,#2569,.F.);
#3569=ORIENTED_EDGE('',*,*,#2513,.T.);
#3570=ORIENTED_EDGE('',*,*,#2567,.F.);
#3571=ORIENTED_EDGE('',*,*,#2418,.F.);
#3572=ORIENTED_EDGE('',*,*,#2524,.T.);
#3573=ORIENTED_EDGE('',*,*,#2566,.F.);
#3574=ORIENTED_EDGE('',*,*,#2510,.T.);
#3575=ORIENTED_EDGE('',*,*,#2424,.F.);
#3576=ORIENTED_EDGE('',*,*,#2509,.T.);
#3577=ORIENTED_EDGE('',*,*,#2570,.T.);
#3578=ORIENTED_EDGE('',*,*,#2471,.T.);
#3579=ORIENTED_EDGE('',*,*,#2434,.F.);
#3580=ORIENTED_EDGE('',*,*,#2506,.T.);
#3581=ORIENTED_EDGE('',*,*,#2571,.T.);
#3582=ORIENTED_EDGE('',*,*,#2543,.T.);
#3583=ORIENTED_EDGE('',*,*,#2572,.T.);
#3584=ORIENTED_EDGE('',*,*,#2438,.F.);
#3585=ORIENTED_EDGE('',*,*,#2541,.T.);
#3586=ORIENTED_EDGE('',*,*,#2571,.F.);
#3587=ORIENTED_EDGE('',*,*,#2505,.T.);
#3588=ORIENTED_EDGE('',*,*,#2444,.F.);
#3589=ORIENTED_EDGE('',*,*,#2507,.T.);
#3590=ORIENTED_EDGE('',*,*,#2572,.F.);
#3591=ORIENTED_EDGE('',*,*,#2545,.T.);
#3592=ORIENTED_EDGE('',*,*,#2573,.T.);
#3593=ORIENTED_EDGE('',*,*,#2508,.T.);
#3594=ORIENTED_EDGE('',*,*,#2573,.F.);
#3595=ORIENTED_EDGE('',*,*,#2546,.T.);
#3596=ORIENTED_EDGE('',*,*,#2570,.F.);
#3597=ORIENTED_EDGE('',*,*,#2561,.T.);
#3598=ORIENTED_EDGE('',*,*,#2574,.T.);
#3599=ORIENTED_EDGE('',*,*,#2501,.T.);
#3600=ORIENTED_EDGE('',*,*,#2575,.T.);
#3601=ORIENTED_EDGE('',*,*,#2563,.T.);
#3602=ORIENTED_EDGE('',*,*,#2576,.T.);
#3603=ORIENTED_EDGE('',*,*,#2502,.T.);
#3604=ORIENTED_EDGE('',*,*,#2574,.F.);
#3605=ORIENTED_EDGE('',*,*,#2460,.T.);
#3606=ORIENTED_EDGE('',*,*,#2477,.T.);
#3607=ORIENTED_EDGE('',*,*,#2454,.F.);
#3608=ORIENTED_EDGE('',*,*,#2504,.T.);
#3609=ORIENTED_EDGE('',*,*,#2577,.T.);
#3610=ORIENTED_EDGE('',*,*,#2564,.T.);
#3611=ORIENTED_EDGE('',*,*,#2577,.F.);
#3612=ORIENTED_EDGE('',*,*,#2503,.T.);
#3613=ORIENTED_EDGE('',*,*,#2576,.F.);
#3614=ORIENTED_EDGE('',*,*,#2398,.F.);
#3615=ORIENTED_EDGE('',*,*,#2559,.T.);
#3616=ORIENTED_EDGE('',*,*,#2575,.F.);
#3617=ORIENTED_EDGE('',*,*,#2500,.T.);
#3618=ORIENTED_EDGE('',*,*,#2404,.F.);
#3619=ORIENTED_EDGE('',*,*,#2421,.F.);
#3620=ORIENTED_EDGE('',*,*,#2429,.T.);
#3621=ORIENTED_EDGE('',*,*,#2531,.F.);
#3622=ORIENTED_EDGE('',*,*,#2468,.F.);
#3623=ORIENTED_EDGE('',*,*,#2521,.F.);
#3624=ORIENTED_EDGE('',*,*,#2519,.F.);
#3625=ORIENTED_EDGE('',*,*,#2516,.F.);
#3626=ORIENTED_EDGE('',*,*,#2415,.F.);
#3627=ORIENTED_EDGE('',*,*,#2463,.F.);
#3628=ORIENTED_EDGE('',*,*,#2556,.F.);
#3629=ORIENTED_EDGE('',*,*,#2553,.F.);
#3630=ORIENTED_EDGE('',*,*,#2550,.F.);
#3631=ORIENTED_EDGE('',*,*,#2401,.F.);
#3632=ORIENTED_EDGE('',*,*,#2409,.T.);
#3633=ORIENTED_EDGE('',*,*,#2441,.F.);
#3634=ORIENTED_EDGE('',*,*,#2449,.T.);
#3635=ORIENTED_EDGE('',*,*,#2548,.F.);
#3636=ORIENTED_EDGE('',*,*,#2474,.F.);
#3637=ORIENTED_EDGE('',*,*,#2538,.F.);
#3638=ORIENTED_EDGE('',*,*,#2536,.F.);
#3639=ORIENTED_EDGE('',*,*,#2533,.F.);
#3640=ORIENTED_EDGE('',*,*,#2338,.T.);
#3641=ORIENTED_EDGE('',*,*,#2387,.T.);
#3642=ORIENTED_EDGE('',*,*,#2280,.T.);
#3643=ORIENTED_EDGE('',*,*,#2578,.T.);
#3644=ORIENTED_EDGE('',*,*,#2334,.T.);
#3645=ORIENTED_EDGE('',*,*,#2364,.T.);
#3646=ORIENTED_EDGE('',*,*,#2384,.T.);
#3647=ORIENTED_EDGE('',*,*,#2389,.T.);
#3648=ORIENTED_EDGE('',*,*,#2579,.T.);
#3649=ORIENTED_EDGE('',*,*,#2360,.T.);
#3650=ORIENTED_EDGE('',*,*,#2306,.T.);
#3651=ORIENTED_EDGE('',*,*,#2386,.T.);
#3652=ORIENTED_EDGE('',*,*,#2246,.T.);
#3653=ORIENTED_EDGE('',*,*,#2580,.T.);
#3654=ORIENTED_EDGE('',*,*,#2302,.T.);
#3655=ORIENTED_EDGE('',*,*,#2255,.F.);
#3656=ORIENTED_EDGE('',*,*,#2273,.F.);
#3657=ORIENTED_EDGE('',*,*,#2383,.F.);
#3658=ORIENTED_EDGE('',*,*,#2368,.T.);
#3659=ORIENTED_EDGE('',*,*,#2581,.F.);
#3660=ORIENTED_EDGE('',*,*,#2582,.F.);
#3661=ORIENTED_EDGE('',*,*,#2583,.F.);
#3662=ORIENTED_EDGE('',*,*,#2584,.T.);
#3663=ORIENTED_EDGE('',*,*,#2585,.F.);
#3664=ORIENTED_EDGE('',*,*,#2584,.F.);
#3665=ORIENTED_EDGE('',*,*,#2586,.F.);
#3666=ORIENTED_EDGE('',*,*,#2375,.T.);
#3667=ORIENTED_EDGE('',*,*,#2587,.T.);
#3668=ORIENTED_EDGE('',*,*,#2588,.T.);
#3669=ORIENTED_EDGE('',*,*,#2589,.T.);
#3670=ORIENTED_EDGE('',*,*,#2581,.T.);
#3671=ORIENTED_EDGE('',*,*,#2585,.T.);
#3672=ORIENTED_EDGE('',*,*,#2374,.F.);
#3673=ORIENTED_EDGE('',*,*,#2579,.F.);
#3674=ORIENTED_EDGE('',*,*,#2390,.F.);
#3675=ORIENTED_EDGE('',*,*,#2580,.F.);
#3676=ORIENTED_EDGE('',*,*,#2395,.F.);
#3677=ORIENTED_EDGE('',*,*,#2590,.T.);
#3678=ORIENTED_EDGE('',*,*,#2591,.T.);
#3679=ORIENTED_EDGE('',*,*,#2592,.T.);
#3680=ORIENTED_EDGE('',*,*,#2593,.T.);
#3681=ORIENTED_EDGE('',*,*,#2594,.T.);
#3682=ORIENTED_EDGE('',*,*,#2391,.F.);
#3683=ORIENTED_EDGE('',*,*,#2578,.F.);
#3684=ORIENTED_EDGE('',*,*,#2378,.F.);
#3685=ORIENTED_EDGE('',*,*,#2498,.T.);
#3686=ORIENTED_EDGE('',*,*,#2593,.F.);
#3687=ORIENTED_EDGE('',*,*,#2595,.F.);
#3688=ORIENTED_EDGE('',*,*,#2596,.F.);
#3689=ORIENTED_EDGE('',*,*,#2597,.T.);
#3690=ORIENTED_EDGE('',*,*,#2594,.F.);
#3691=ORIENTED_EDGE('',*,*,#2597,.F.);
#3692=ORIENTED_EDGE('',*,*,#2598,.F.);
#3693=ORIENTED_EDGE('',*,*,#2392,.T.);
#3694=ORIENTED_EDGE('',*,*,#2599,.T.);
#3695=ORIENTED_EDGE('',*,*,#2600,.T.);
#3696=ORIENTED_EDGE('',*,*,#2601,.T.);
#3697=ORIENTED_EDGE('',*,*,#2602,.T.);
#3698=ORIENTED_EDGE('',*,*,#2603,.T.);
#3699=ORIENTED_EDGE('',*,*,#2604,.T.);
#3700=ORIENTED_EDGE('',*,*,#2605,.T.);
#3701=ORIENTED_EDGE('',*,*,#2606,.T.);
#3702=ORIENTED_EDGE('',*,*,#2607,.T.);
#3703=ORIENTED_EDGE('',*,*,#2608,.T.);
#3704=ORIENTED_EDGE('',*,*,#2609,.T.);
#3705=ORIENTED_EDGE('',*,*,#2610,.T.);
#3706=ORIENTED_EDGE('',*,*,#2611,.T.);
#3707=ORIENTED_EDGE('',*,*,#2612,.T.);
#3708=ORIENTED_EDGE('',*,*,#2613,.T.);
#3709=ORIENTED_EDGE('',*,*,#2610,.F.);
#3710=ORIENTED_EDGE('',*,*,#2614,.T.);
#3711=ORIENTED_EDGE('',*,*,#2615,.T.);
#3712=ORIENTED_EDGE('',*,*,#2616,.T.);
#3713=ORIENTED_EDGE('',*,*,#2617,.T.);
#3714=ORIENTED_EDGE('',*,*,#2615,.F.);
#3715=ORIENTED_EDGE('',*,*,#2618,.T.);
#3716=ORIENTED_EDGE('',*,*,#2619,.T.);
#3717=ORIENTED_EDGE('',*,*,#2620,.T.);
#3718=ORIENTED_EDGE('',*,*,#2621,.T.);
#3719=ORIENTED_EDGE('',*,*,#2622,.T.);
#3720=ORIENTED_EDGE('',*,*,#2623,.T.);
#3721=ORIENTED_EDGE('',*,*,#2624,.T.);
#3722=ORIENTED_EDGE('',*,*,#2625,.T.);
#3723=ORIENTED_EDGE('',*,*,#2622,.F.);
#3724=ORIENTED_EDGE('',*,*,#2626,.T.);
#3725=ORIENTED_EDGE('',*,*,#2627,.T.);
#3726=ORIENTED_EDGE('',*,*,#2628,.T.);
#3727=ORIENTED_EDGE('',*,*,#2629,.T.);
#3728=ORIENTED_EDGE('',*,*,#2630,.T.);
#3729=ORIENTED_EDGE('',*,*,#2627,.F.);
#3730=ORIENTED_EDGE('',*,*,#2631,.T.);
#3731=ORIENTED_EDGE('',*,*,#2629,.F.);
#3732=ORIENTED_EDGE('',*,*,#2632,.T.);
#3733=ORIENTED_EDGE('',*,*,#2633,.T.);
#3734=ORIENTED_EDGE('',*,*,#2634,.T.);
#3735=ORIENTED_EDGE('',*,*,#2635,.T.);
#3736=ORIENTED_EDGE('',*,*,#2636,.T.);
#3737=ORIENTED_EDGE('',*,*,#2633,.F.);
#3738=ORIENTED_EDGE('',*,*,#2637,.T.);
#3739=ORIENTED_EDGE('',*,*,#2635,.F.);
#3740=ORIENTED_EDGE('',*,*,#2638,.T.);
#3741=ORIENTED_EDGE('',*,*,#2639,.T.);
#3742=ORIENTED_EDGE('',*,*,#2640,.T.);
#3743=ORIENTED_EDGE('',*,*,#2641,.T.);
#3744=ORIENTED_EDGE('',*,*,#2639,.F.);
#3745=ORIENTED_EDGE('',*,*,#2642,.T.);
#3746=ORIENTED_EDGE('',*,*,#2643,.T.);
#3747=ORIENTED_EDGE('',*,*,#2644,.T.);
#3748=ORIENTED_EDGE('',*,*,#2645,.T.);
#3749=ORIENTED_EDGE('',*,*,#2625,.F.);
#3750=ORIENTED_EDGE('',*,*,#2646,.F.);
#3751=ORIENTED_EDGE('',*,*,#2647,.T.);
#3752=ORIENTED_EDGE('',*,*,#2619,.F.);
#3753=ORIENTED_EDGE('',*,*,#2648,.T.);
#3754=ORIENTED_EDGE('',*,*,#2649,.F.);
#3755=ORIENTED_EDGE('',*,*,#2643,.F.);
#3756=ORIENTED_EDGE('',*,*,#2650,.T.);
#3757=ORIENTED_EDGE('',*,*,#2608,.F.);
#3758=ORIENTED_EDGE('',*,*,#2605,.F.);
#3759=ORIENTED_EDGE('',*,*,#2651,.T.);
#3760=ORIENTED_EDGE('',*,*,#2652,.T.);
#3761=ORIENTED_EDGE('',*,*,#2653,.T.);
#3762=ORIENTED_EDGE('',*,*,#2654,.T.);
#3763=ORIENTED_EDGE('',*,*,#2652,.F.);
#3764=ORIENTED_EDGE('',*,*,#2655,.T.);
#3765=ORIENTED_EDGE('',*,*,#2656,.T.);
#3766=ORIENTED_EDGE('',*,*,#2657,.T.);
#3767=ORIENTED_EDGE('',*,*,#2658,.T.);
#3768=ORIENTED_EDGE('',*,*,#2613,.F.);
#3769=ORIENTED_EDGE('',*,*,#2659,.T.);
#3770=ORIENTED_EDGE('',*,*,#2660,.F.);
#3771=ORIENTED_EDGE('',*,*,#2661,.F.);
#3772=ORIENTED_EDGE('',*,*,#2662,.T.);
#3773=ORIENTED_EDGE('',*,*,#2656,.F.);
#3774=ORIENTED_EDGE('',*,*,#2663,.T.);
#3775=ORIENTED_EDGE('',*,*,#2603,.F.);
#3776=ORIENTED_EDGE('',*,*,#2664,.F.);
#3777=ORIENTED_EDGE('',*,*,#2600,.F.);
#3778=ORIENTED_EDGE('',*,*,#2665,.T.);
#3779=ORIENTED_EDGE('',*,*,#2666,.T.);
#3780=ORIENTED_EDGE('',*,*,#2667,.T.);
#3781=ORIENTED_EDGE('',*,*,#2668,.T.);
#3782=ORIENTED_EDGE('',*,*,#2669,.T.);
#3783=ORIENTED_EDGE('',*,*,#2666,.F.);
#3784=ORIENTED_EDGE('',*,*,#2670,.T.);
#3785=ORIENTED_EDGE('',*,*,#2668,.F.);
#3786=ORIENTED_EDGE('',*,*,#2671,.T.);
#3787=ORIENTED_EDGE('',*,*,#2672,.T.);
#3788=ORIENTED_EDGE('',*,*,#2673,.T.);
#3789=ORIENTED_EDGE('',*,*,#2674,.T.);
#3790=ORIENTED_EDGE('',*,*,#2675,.T.);
#3791=ORIENTED_EDGE('',*,*,#2672,.F.);
#3792=ORIENTED_EDGE('',*,*,#2676,.T.);
#3793=ORIENTED_EDGE('',*,*,#2674,.F.);
#3794=ORIENTED_EDGE('',*,*,#2677,.T.);
#3795=ORIENTED_EDGE('',*,*,#2678,.T.);
#3796=ORIENTED_EDGE('',*,*,#2679,.T.);
#3797=ORIENTED_EDGE('',*,*,#2680,.T.);
#3798=ORIENTED_EDGE('',*,*,#2678,.F.);
#3799=ORIENTED_EDGE('',*,*,#2681,.T.);
#3800=ORIENTED_EDGE('',*,*,#2661,.T.);
#3801=ORIENTED_EDGE('',*,*,#2682,.T.);
#3802=ORIENTED_EDGE('',*,*,#2599,.F.);
#3803=ORIENTED_EDGE('',*,*,#2663,.F.);
#3804=ORIENTED_EDGE('',*,*,#2655,.F.);
#3805=ORIENTED_EDGE('',*,*,#2683,.F.);
#3806=ORIENTED_EDGE('',*,*,#2481,.T.);
#3807=ORIENTED_EDGE('',*,*,#2684,.F.);
#3808=ORIENTED_EDGE('',*,*,#2651,.F.);
#3809=ORIENTED_EDGE('',*,*,#2685,.T.);
#3810=ORIENTED_EDGE('',*,*,#2482,.T.);
#3811=ORIENTED_EDGE('',*,*,#2683,.T.);
#3812=ORIENTED_EDGE('',*,*,#2604,.F.);
#3813=ORIENTED_EDGE('',*,*,#2650,.F.);
#3814=ORIENTED_EDGE('',*,*,#2642,.F.);
#3815=ORIENTED_EDGE('',*,*,#2686,.F.);
#3816=ORIENTED_EDGE('',*,*,#2483,.T.);
#3817=ORIENTED_EDGE('',*,*,#2685,.F.);
#3818=ORIENTED_EDGE('',*,*,#2638,.F.);
#3819=ORIENTED_EDGE('',*,*,#2687,.T.);
#3820=ORIENTED_EDGE('',*,*,#2484,.F.);
#3821=ORIENTED_EDGE('',*,*,#2686,.T.);
#3822=ORIENTED_EDGE('',*,*,#2637,.F.);
#3823=ORIENTED_EDGE('',*,*,#2688,.F.);
#3824=ORIENTED_EDGE('',*,*,#2485,.T.);
#3825=ORIENTED_EDGE('',*,*,#2687,.F.);
#3826=ORIENTED_EDGE('',*,*,#2632,.F.);
#3827=ORIENTED_EDGE('',*,*,#2689,.T.);
#3828=ORIENTED_EDGE('',*,*,#2486,.F.);
#3829=ORIENTED_EDGE('',*,*,#2688,.T.);
#3830=ORIENTED_EDGE('',*,*,#2631,.F.);
#3831=ORIENTED_EDGE('',*,*,#2690,.F.);
#3832=ORIENTED_EDGE('',*,*,#2487,.T.);
#3833=ORIENTED_EDGE('',*,*,#2689,.F.);
#3834=ORIENTED_EDGE('',*,*,#2626,.F.);
#3835=ORIENTED_EDGE('',*,*,#2691,.T.);
#3836=ORIENTED_EDGE('',*,*,#2488,.T.);
#3837=ORIENTED_EDGE('',*,*,#2690,.T.);
#3838=ORIENTED_EDGE('',*,*,#2620,.F.);
#3839=ORIENTED_EDGE('',*,*,#2647,.F.);
#3840=ORIENTED_EDGE('',*,*,#2646,.T.);
#3841=ORIENTED_EDGE('',*,*,#2624,.F.);
#3842=ORIENTED_EDGE('',*,*,#2692,.F.);
#3843=ORIENTED_EDGE('',*,*,#2693,.F.);
#3844=ORIENTED_EDGE('',*,*,#2694,.T.);
#3845=ORIENTED_EDGE('',*,*,#2695,.F.);
#3846=ORIENTED_EDGE('',*,*,#2696,.F.);
#3847=ORIENTED_EDGE('',*,*,#2697,.T.);
#3848=ORIENTED_EDGE('',*,*,#2623,.F.);
#3849=ORIENTED_EDGE('',*,*,#2628,.F.);
#3850=ORIENTED_EDGE('',*,*,#2630,.F.);
#3851=ORIENTED_EDGE('',*,*,#2634,.F.);
#3852=ORIENTED_EDGE('',*,*,#2636,.F.);
#3853=ORIENTED_EDGE('',*,*,#2640,.F.);
#3854=ORIENTED_EDGE('',*,*,#2641,.F.);
#3855=ORIENTED_EDGE('',*,*,#2698,.T.);
#3856=ORIENTED_EDGE('',*,*,#2699,.F.);
#3857=ORIENTED_EDGE('',*,*,#2700,.F.);
#3858=ORIENTED_EDGE('',*,*,#2701,.F.);
#3859=ORIENTED_EDGE('',*,*,#2702,.F.);
#3860=ORIENTED_EDGE('',*,*,#2703,.F.);
#3861=ORIENTED_EDGE('',*,*,#2704,.F.);
#3862=ORIENTED_EDGE('',*,*,#2705,.F.);
#3863=ORIENTED_EDGE('',*,*,#2692,.T.);
#3864=ORIENTED_EDGE('',*,*,#2648,.F.);
#3865=ORIENTED_EDGE('',*,*,#2607,.F.);
#3866=ORIENTED_EDGE('',*,*,#2706,.T.);
#3867=ORIENTED_EDGE('',*,*,#2707,.F.);
#3868=ORIENTED_EDGE('',*,*,#2708,.F.);
#3869=ORIENTED_EDGE('',*,*,#2709,.F.);
#3870=ORIENTED_EDGE('',*,*,#2710,.T.);
#3871=ORIENTED_EDGE('',*,*,#2711,.F.);
#3872=ORIENTED_EDGE('',*,*,#2698,.F.);
#3873=ORIENTED_EDGE('',*,*,#2644,.F.);
#3874=ORIENTED_EDGE('',*,*,#2649,.T.);
#3875=ORIENTED_EDGE('',*,*,#2606,.F.);
#3876=ORIENTED_EDGE('',*,*,#2653,.F.);
#3877=ORIENTED_EDGE('',*,*,#2654,.F.);
#3878=ORIENTED_EDGE('',*,*,#2712,.F.);
#3879=ORIENTED_EDGE('',*,*,#2713,.F.);
#3880=ORIENTED_EDGE('',*,*,#2714,.F.);
#3881=ORIENTED_EDGE('',*,*,#2715,.F.);
#3882=ORIENTED_EDGE('',*,*,#2716,.F.);
#3883=ORIENTED_EDGE('',*,*,#2717,.F.);
#3884=ORIENTED_EDGE('',*,*,#2706,.F.);
#3885=ORIENTED_EDGE('',*,*,#2718,.F.);
#3886=ORIENTED_EDGE('',*,*,#2719,.T.);
#3887=ORIENTED_EDGE('',*,*,#2720,.F.);
#3888=ORIENTED_EDGE('',*,*,#2710,.F.);
#3889=ORIENTED_EDGE('',*,*,#2709,.T.);
#3890=ORIENTED_EDGE('',*,*,#2721,.F.);
#3891=ORIENTED_EDGE('',*,*,#2722,.T.);
#3892=ORIENTED_EDGE('',*,*,#2723,.F.);
#3893=ORIENTED_EDGE('',*,*,#2724,.F.);
#3894=ORIENTED_EDGE('',*,*,#2725,.T.);
#3895=ORIENTED_EDGE('',*,*,#2726,.T.);
#3896=ORIENTED_EDGE('',*,*,#2727,.T.);
#3897=ORIENTED_EDGE('',*,*,#2728,.T.);
#3898=ORIENTED_EDGE('',*,*,#2729,.T.);
#3899=ORIENTED_EDGE('',*,*,#2723,.T.);
#3900=ORIENTED_EDGE('',*,*,#2721,.T.);
#3901=ORIENTED_EDGE('',*,*,#2730,.T.);
#3902=ORIENTED_EDGE('',*,*,#2731,.T.);
#3903=ORIENTED_EDGE('',*,*,#2732,.T.);
#3904=ORIENTED_EDGE('',*,*,#2733,.T.);
#3905=ORIENTED_EDGE('',*,*,#2734,.T.);
#3906=ORIENTED_EDGE('',*,*,#2735,.T.);
#3907=ORIENTED_EDGE('',*,*,#2731,.F.);
#3908=ORIENTED_EDGE('',*,*,#2736,.T.);
#3909=ORIENTED_EDGE('',*,*,#2737,.T.);
#3910=ORIENTED_EDGE('',*,*,#2738,.T.);
#3911=ORIENTED_EDGE('',*,*,#2739,.T.);
#3912=ORIENTED_EDGE('',*,*,#2734,.F.);
#3913=ORIENTED_EDGE('',*,*,#2740,.T.);
#3914=ORIENTED_EDGE('',*,*,#2741,.T.);
#3915=ORIENTED_EDGE('',*,*,#2742,.T.);
#3916=ORIENTED_EDGE('',*,*,#2738,.F.);
#3917=ORIENTED_EDGE('',*,*,#2743,.T.);
#3918=ORIENTED_EDGE('',*,*,#2744,.T.);
#3919=ORIENTED_EDGE('',*,*,#2745,.T.);
#3920=ORIENTED_EDGE('',*,*,#2741,.F.);
#3921=ORIENTED_EDGE('',*,*,#2746,.T.);
#3922=ORIENTED_EDGE('',*,*,#2696,.T.);
#3923=ORIENTED_EDGE('',*,*,#2747,.T.);
#3924=ORIENTED_EDGE('',*,*,#2748,.T.);
#3925=ORIENTED_EDGE('',*,*,#2744,.F.);
#3926=ORIENTED_EDGE('',*,*,#2749,.T.);
#3927=ORIENTED_EDGE('',*,*,#2750,.T.);
#3928=ORIENTED_EDGE('',*,*,#2699,.T.);
#3929=ORIENTED_EDGE('',*,*,#2711,.T.);
#3930=ORIENTED_EDGE('',*,*,#2720,.T.);
#3931=ORIENTED_EDGE('',*,*,#2750,.F.);
#3932=ORIENTED_EDGE('',*,*,#2751,.T.);
#3933=ORIENTED_EDGE('',*,*,#2752,.T.);
#3934=ORIENTED_EDGE('',*,*,#2700,.T.);
#3935=ORIENTED_EDGE('',*,*,#2753,.T.);
#3936=ORIENTED_EDGE('',*,*,#2701,.T.);
#3937=ORIENTED_EDGE('',*,*,#2752,.F.);
#3938=ORIENTED_EDGE('',*,*,#2215,.T.);
#3939=ORIENTED_EDGE('',*,*,#2223,.T.);
#3940=ORIENTED_EDGE('',*,*,#2753,.F.);
#3941=ORIENTED_EDGE('',*,*,#2754,.T.);
#3942=ORIENTED_EDGE('',*,*,#2755,.T.);
#3943=ORIENTED_EDGE('',*,*,#2702,.T.);
#3944=ORIENTED_EDGE('',*,*,#2756,.T.);
#3945=ORIENTED_EDGE('',*,*,#2703,.T.);
#3946=ORIENTED_EDGE('',*,*,#2755,.F.);
#3947=ORIENTED_EDGE('',*,*,#2757,.T.);
#3948=ORIENTED_EDGE('',*,*,#2756,.F.);
#3949=ORIENTED_EDGE('',*,*,#2758,.T.);
#3950=ORIENTED_EDGE('',*,*,#2759,.T.);
#3951=ORIENTED_EDGE('',*,*,#2704,.T.);
#3952=ORIENTED_EDGE('',*,*,#2705,.T.);
#3953=ORIENTED_EDGE('',*,*,#2759,.F.);
#3954=ORIENTED_EDGE('',*,*,#2760,.T.);
#3955=ORIENTED_EDGE('',*,*,#2761,.T.);
#3956=ORIENTED_EDGE('',*,*,#2693,.T.);
#3957=ORIENTED_EDGE('',*,*,#2718,.T.);
#3958=ORIENTED_EDGE('',*,*,#2708,.T.);
#3959=ORIENTED_EDGE('',*,*,#2762,.T.);
#3960=ORIENTED_EDGE('',*,*,#2763,.T.);
#3961=ORIENTED_EDGE('',*,*,#2695,.T.);
#3962=ORIENTED_EDGE('',*,*,#2694,.F.);
#3963=ORIENTED_EDGE('',*,*,#2761,.F.);
#3964=ORIENTED_EDGE('',*,*,#2764,.T.);
#3965=ORIENTED_EDGE('',*,*,#2747,.F.);
#3966=ORIENTED_EDGE('',*,*,#2765,.T.);
#3967=ORIENTED_EDGE('',*,*,#2762,.F.);
#3968=ORIENTED_EDGE('',*,*,#2707,.T.);
#3969=ORIENTED_EDGE('',*,*,#2717,.T.);
#3970=ORIENTED_EDGE('',*,*,#2766,.T.);
#3971=ORIENTED_EDGE('',*,*,#2767,.T.);
#3972=ORIENTED_EDGE('',*,*,#2766,.F.);
#3973=ORIENTED_EDGE('',*,*,#2716,.T.);
#3974=ORIENTED_EDGE('',*,*,#2768,.T.);
#3975=ORIENTED_EDGE('',*,*,#2769,.T.);
#3976=ORIENTED_EDGE('',*,*,#2768,.F.);
#3977=ORIENTED_EDGE('',*,*,#2715,.T.);
#3978=ORIENTED_EDGE('',*,*,#2770,.T.);
#3979=ORIENTED_EDGE('',*,*,#2771,.T.);
#3980=ORIENTED_EDGE('',*,*,#2770,.F.);
#3981=ORIENTED_EDGE('',*,*,#2714,.T.);
#3982=ORIENTED_EDGE('',*,*,#2772,.T.);
#3983=ORIENTED_EDGE('',*,*,#2773,.T.);
#3984=ORIENTED_EDGE('',*,*,#2772,.F.);
#3985=ORIENTED_EDGE('',*,*,#2713,.T.);
#3986=ORIENTED_EDGE('',*,*,#2774,.T.);
#3987=ORIENTED_EDGE('',*,*,#2775,.T.);
#3988=ORIENTED_EDGE('',*,*,#2776,.T.);
#3989=ORIENTED_EDGE('',*,*,#2775,.F.);
#3990=ORIENTED_EDGE('',*,*,#2777,.T.);
#3991=ORIENTED_EDGE('',*,*,#2778,.F.);
#3992=ORIENTED_EDGE('',*,*,#2779,.F.);
#3993=ORIENTED_EDGE('',*,*,#2727,.F.);
#3994=ORIENTED_EDGE('',*,*,#2780,.T.);
#3995=ORIENTED_EDGE('',*,*,#2781,.T.);
#3996=ORIENTED_EDGE('',*,*,#2782,.T.);
#3997=ORIENTED_EDGE('',*,*,#2783,.T.);
#3998=ORIENTED_EDGE('',*,*,#2784,.T.);
#3999=ORIENTED_EDGE('',*,*,#2781,.F.);
#4000=ORIENTED_EDGE('',*,*,#2219,.T.);
#4001=ORIENTED_EDGE('',*,*,#2783,.F.);
#4002=ORIENTED_EDGE('',*,*,#2785,.T.);
#4003=ORIENTED_EDGE('',*,*,#2786,.T.);
#4004=ORIENTED_EDGE('',*,*,#2787,.T.);
#4005=ORIENTED_EDGE('',*,*,#2788,.T.);
#4006=ORIENTED_EDGE('',*,*,#2789,.T.);
#4007=ORIENTED_EDGE('',*,*,#2786,.F.);
#4008=ORIENTED_EDGE('',*,*,#2790,.T.);
#4009=ORIENTED_EDGE('',*,*,#2788,.F.);
#4010=ORIENTED_EDGE('',*,*,#2791,.T.);
#4011=ORIENTED_EDGE('',*,*,#2792,.T.);
#4012=ORIENTED_EDGE('',*,*,#2793,.T.);
#4013=ORIENTED_EDGE('',*,*,#2794,.T.);
#4014=ORIENTED_EDGE('',*,*,#2792,.F.);
#4015=ORIENTED_EDGE('',*,*,#2795,.T.);
#4016=ORIENTED_EDGE('',*,*,#2779,.T.);
#4017=ORIENTED_EDGE('',*,*,#2796,.T.);
#4018=ORIENTED_EDGE('',*,*,#2726,.F.);
#4019=ORIENTED_EDGE('',*,*,#2722,.F.);
#4020=ORIENTED_EDGE('',*,*,#2732,.F.);
#4021=ORIENTED_EDGE('',*,*,#2735,.F.);
#4022=ORIENTED_EDGE('',*,*,#2797,.T.);
#4023=ORIENTED_EDGE('',*,*,#2798,.F.);
#4024=ORIENTED_EDGE('',*,*,#2799,.F.);
#4025=ORIENTED_EDGE('',*,*,#2587,.F.);
#4026=ORIENTED_EDGE('',*,*,#2377,.F.);
#4027=ORIENTED_EDGE('',*,*,#2800,.F.);
#4028=ORIENTED_EDGE('',*,*,#2801,.F.);
#4029=ORIENTED_EDGE('',*,*,#2739,.F.);
#4030=ORIENTED_EDGE('',*,*,#2802,.F.);
#4031=ORIENTED_EDGE('',*,*,#2803,.F.);
#4032=ORIENTED_EDGE('',*,*,#2804,.F.);
#4033=ORIENTED_EDGE('',*,*,#2797,.F.);
#4034=ORIENTED_EDGE('',*,*,#2742,.F.);
#4035=ORIENTED_EDGE('',*,*,#2805,.F.);
#4036=ORIENTED_EDGE('',*,*,#2806,.F.);
#4037=ORIENTED_EDGE('',*,*,#2802,.T.);
#4038=ORIENTED_EDGE('',*,*,#2745,.F.);
#4039=ORIENTED_EDGE('',*,*,#2807,.F.);
#4040=ORIENTED_EDGE('',*,*,#2808,.F.);
#4041=ORIENTED_EDGE('',*,*,#2809,.F.);
#4042=ORIENTED_EDGE('',*,*,#2805,.T.);
#4043=ORIENTED_EDGE('',*,*,#2748,.F.);
#4044=ORIENTED_EDGE('',*,*,#2764,.F.);
#4045=ORIENTED_EDGE('',*,*,#2760,.F.);
#4046=ORIENTED_EDGE('',*,*,#2810,.F.);
#4047=ORIENTED_EDGE('',*,*,#2811,.F.);
#4048=ORIENTED_EDGE('',*,*,#2582,.T.);
#4049=ORIENTED_EDGE('',*,*,#2589,.F.);
#4050=ORIENTED_EDGE('',*,*,#2812,.F.);
#4051=ORIENTED_EDGE('',*,*,#2813,.F.);
#4052=ORIENTED_EDGE('',*,*,#2807,.T.);
#4053=ORIENTED_EDGE('',*,*,#2758,.F.);
#4054=ORIENTED_EDGE('',*,*,#2814,.T.);
#4055=ORIENTED_EDGE('',*,*,#2815,.F.);
#4056=ORIENTED_EDGE('',*,*,#2810,.T.);
#4057=ORIENTED_EDGE('',*,*,#2757,.F.);
#4058=ORIENTED_EDGE('',*,*,#2816,.F.);
#4059=ORIENTED_EDGE('',*,*,#2817,.F.);
#4060=ORIENTED_EDGE('',*,*,#2814,.F.);
#4061=ORIENTED_EDGE('',*,*,#2754,.F.);
#4062=ORIENTED_EDGE('',*,*,#2222,.T.);
#4063=ORIENTED_EDGE('',*,*,#2818,.T.);
#4064=ORIENTED_EDGE('',*,*,#2816,.T.);
#4065=ORIENTED_EDGE('',*,*,#2751,.F.);
#4066=ORIENTED_EDGE('',*,*,#2819,.T.);
#4067=ORIENTED_EDGE('',*,*,#2820,.T.);
#4068=ORIENTED_EDGE('',*,*,#2216,.T.);
#4069=ORIENTED_EDGE('',*,*,#2612,.F.);
#4070=ORIENTED_EDGE('',*,*,#2821,.T.);
#4071=ORIENTED_EDGE('',*,*,#2736,.F.);
#4072=ORIENTED_EDGE('',*,*,#2730,.F.);
#4073=ORIENTED_EDGE('',*,*,#2725,.F.);
#4074=ORIENTED_EDGE('',*,*,#2724,.T.);
#4075=ORIENTED_EDGE('',*,*,#2729,.F.);
#4076=ORIENTED_EDGE('',*,*,#2822,.F.);
#4077=ORIENTED_EDGE('',*,*,#2682,.F.);
#4078=ORIENTED_EDGE('',*,*,#2660,.T.);
#4079=ORIENTED_EDGE('',*,*,#2659,.F.);
#4080=ORIENTED_EDGE('',*,*,#2680,.F.);
#4081=ORIENTED_EDGE('',*,*,#2822,.T.);
#4082=ORIENTED_EDGE('',*,*,#2728,.F.);
#4083=ORIENTED_EDGE('',*,*,#2782,.F.);
#4084=ORIENTED_EDGE('',*,*,#2784,.F.);
#4085=ORIENTED_EDGE('',*,*,#2787,.F.);
#4086=ORIENTED_EDGE('',*,*,#2789,.F.);
#4087=ORIENTED_EDGE('',*,*,#2793,.F.);
#4088=ORIENTED_EDGE('',*,*,#2794,.F.);
#4089=ORIENTED_EDGE('',*,*,#2823,.T.);
#4090=ORIENTED_EDGE('',*,*,#2601,.F.);
#4091=ORIENTED_EDGE('',*,*,#2667,.F.);
#4092=ORIENTED_EDGE('',*,*,#2669,.F.);
#4093=ORIENTED_EDGE('',*,*,#2673,.F.);
#4094=ORIENTED_EDGE('',*,*,#2675,.F.);
#4095=ORIENTED_EDGE('',*,*,#2679,.F.);
#4096=ORIENTED_EDGE('',*,*,#2662,.F.);
#4097=ORIENTED_EDGE('',*,*,#2664,.T.);
#4098=ORIENTED_EDGE('',*,*,#2602,.F.);
#4099=ORIENTED_EDGE('',*,*,#2823,.F.);
#4100=ORIENTED_EDGE('',*,*,#2796,.F.);
#4101=ORIENTED_EDGE('',*,*,#2778,.T.);
#4102=ORIENTED_EDGE('',*,*,#2777,.F.);
#4103=ORIENTED_EDGE('',*,*,#2774,.F.);
#4104=ORIENTED_EDGE('',*,*,#2712,.T.);
#4105=ORIENTED_EDGE('',*,*,#2657,.F.);
#4106=ORIENTED_EDGE('',*,*,#2618,.F.);
#4107=ORIENTED_EDGE('',*,*,#2824,.F.);
#4108=ORIENTED_EDGE('',*,*,#2489,.T.);
#4109=ORIENTED_EDGE('',*,*,#2691,.F.);
#4110=ORIENTED_EDGE('',*,*,#2621,.F.);
#4111=ORIENTED_EDGE('',*,*,#2645,.F.);
#4112=ORIENTED_EDGE('',*,*,#2614,.F.);
#4113=ORIENTED_EDGE('',*,*,#2825,.T.);
#4114=ORIENTED_EDGE('',*,*,#2490,.T.);
#4115=ORIENTED_EDGE('',*,*,#2824,.T.);
#4116=ORIENTED_EDGE('',*,*,#2681,.F.);
#4117=ORIENTED_EDGE('',*,*,#2826,.F.);
#4118=ORIENTED_EDGE('',*,*,#2491,.T.);
#4119=ORIENTED_EDGE('',*,*,#2825,.F.);
#4120=ORIENTED_EDGE('',*,*,#2609,.F.);
#4121=ORIENTED_EDGE('',*,*,#2658,.F.);
#4122=ORIENTED_EDGE('',*,*,#2617,.F.);
#4123=ORIENTED_EDGE('',*,*,#2697,.F.);
#4124=ORIENTED_EDGE('',*,*,#2746,.F.);
#4125=ORIENTED_EDGE('',*,*,#2743,.F.);
#4126=ORIENTED_EDGE('',*,*,#2740,.F.);
#4127=ORIENTED_EDGE('',*,*,#2737,.F.);
#4128=ORIENTED_EDGE('',*,*,#2733,.F.);
#4129=ORIENTED_EDGE('',*,*,#2821,.F.);
#4130=ORIENTED_EDGE('',*,*,#2611,.F.);
#4131=ORIENTED_EDGE('',*,*,#2616,.F.);
#4132=ORIENTED_EDGE('',*,*,#2780,.F.);
#4133=ORIENTED_EDGE('',*,*,#2801,.T.);
#4134=ORIENTED_EDGE('',*,*,#2827,.T.);
#4135=ORIENTED_EDGE('',*,*,#2220,.T.);
#4136=ORIENTED_EDGE('',*,*,#2785,.F.);
#4137=ORIENTED_EDGE('',*,*,#2218,.T.);
#4138=ORIENTED_EDGE('',*,*,#2828,.T.);
#4139=ORIENTED_EDGE('',*,*,#2829,.T.);
#4140=ORIENTED_EDGE('',*,*,#2665,.F.);
#4141=ORIENTED_EDGE('',*,*,#2684,.T.);
#4142=ORIENTED_EDGE('',*,*,#2480,.T.);
#4143=ORIENTED_EDGE('',*,*,#2830,.T.);
#4144=ORIENTED_EDGE('',*,*,#2670,.F.);
#4145=ORIENTED_EDGE('',*,*,#2830,.F.);
#4146=ORIENTED_EDGE('',*,*,#2479,.T.);
#4147=ORIENTED_EDGE('',*,*,#2831,.F.);
#4148=ORIENTED_EDGE('',*,*,#2832,.F.);
#4149=ORIENTED_EDGE('',*,*,#2833,.F.);
#4150=ORIENTED_EDGE('',*,*,#2834,.T.);
#4151=ORIENTED_EDGE('',*,*,#2835,.F.);
#4152=ORIENTED_EDGE('',*,*,#2804,.T.);
#4153=ORIENTED_EDGE('',*,*,#2836,.T.);
#4154=ORIENTED_EDGE('',*,*,#2833,.T.);
#4155=ORIENTED_EDGE('',*,*,#2798,.T.);
#4156=ORIENTED_EDGE('',*,*,#2808,.T.);
#4157=ORIENTED_EDGE('',*,*,#2813,.T.);
#4158=ORIENTED_EDGE('',*,*,#2835,.T.);
#4159=ORIENTED_EDGE('',*,*,#2837,.T.);
#4160=ORIENTED_EDGE('',*,*,#2799,.T.);
#4161=ORIENTED_EDGE('',*,*,#2832,.T.);
#4162=ORIENTED_EDGE('',*,*,#2812,.T.);
#4163=ORIENTED_EDGE('',*,*,#2588,.F.);
#4164=ORIENTED_EDGE('',*,*,#2583,.T.);
#4165=ORIENTED_EDGE('',*,*,#2811,.T.);
#4166=ORIENTED_EDGE('',*,*,#2815,.T.);
#4167=ORIENTED_EDGE('',*,*,#2817,.T.);
#4168=ORIENTED_EDGE('',*,*,#2818,.F.);
#4169=ORIENTED_EDGE('',*,*,#2221,.F.);
#4170=ORIENTED_EDGE('',*,*,#2827,.F.);
#4171=ORIENTED_EDGE('',*,*,#2800,.T.);
#4172=ORIENTED_EDGE('',*,*,#2376,.T.);
#4173=ORIENTED_EDGE('',*,*,#2586,.T.);
#4174=ORIENTED_EDGE('',*,*,#2838,.F.);
#4175=ORIENTED_EDGE('',*,*,#2839,.F.);
#4176=ORIENTED_EDGE('',*,*,#2840,.T.);
#4177=ORIENTED_EDGE('',*,*,#2841,.F.);
#4178=ORIENTED_EDGE('',*,*,#2842,.T.);
#4179=ORIENTED_EDGE('',*,*,#2843,.T.);
#4180=ORIENTED_EDGE('',*,*,#2839,.T.);
#4181=ORIENTED_EDGE('',*,*,#2844,.T.);
#4182=ORIENTED_EDGE('',*,*,#2845,.T.);
#4183=ORIENTED_EDGE('',*,*,#2846,.T.);
#4184=ORIENTED_EDGE('',*,*,#2841,.T.);
#4185=ORIENTED_EDGE('',*,*,#2847,.T.);
#4186=ORIENTED_EDGE('',*,*,#2848,.T.);
#4187=ORIENTED_EDGE('',*,*,#2838,.T.);
#4188=ORIENTED_EDGE('',*,*,#2849,.T.);
#4189=ORIENTED_EDGE('',*,*,#2591,.F.);
#4190=ORIENTED_EDGE('',*,*,#2765,.F.);
#4191=ORIENTED_EDGE('',*,*,#2850,.T.);
#4192=ORIENTED_EDGE('',*,*,#2844,.F.);
#4193=ORIENTED_EDGE('',*,*,#2848,.F.);
#4194=ORIENTED_EDGE('',*,*,#2590,.F.);
#4195=ORIENTED_EDGE('',*,*,#2394,.F.);
#4196=ORIENTED_EDGE('',*,*,#2851,.F.);
#4197=ORIENTED_EDGE('',*,*,#2819,.F.);
#4198=ORIENTED_EDGE('',*,*,#2749,.F.);
#4199=ORIENTED_EDGE('',*,*,#2719,.F.);
#4200=ORIENTED_EDGE('',*,*,#2763,.F.);
#4201=ORIENTED_EDGE('',*,*,#2596,.T.);
#4202=ORIENTED_EDGE('',*,*,#2852,.T.);
#4203=ORIENTED_EDGE('',*,*,#2853,.T.);
#4204=ORIENTED_EDGE('',*,*,#2854,.T.);
#4205=ORIENTED_EDGE('',*,*,#2828,.F.);
#4206=ORIENTED_EDGE('',*,*,#2217,.F.);
#4207=ORIENTED_EDGE('',*,*,#2820,.F.);
#4208=ORIENTED_EDGE('',*,*,#2851,.T.);
#4209=ORIENTED_EDGE('',*,*,#2393,.T.);
#4210=ORIENTED_EDGE('',*,*,#2598,.T.);
#4211=ORIENTED_EDGE('',*,*,#2795,.F.);
#4212=ORIENTED_EDGE('',*,*,#2855,.F.);
#4213=ORIENTED_EDGE('',*,*,#2852,.F.);
#4214=ORIENTED_EDGE('',*,*,#2595,.T.);
#4215=ORIENTED_EDGE('',*,*,#2592,.F.);
#4216=ORIENTED_EDGE('',*,*,#2849,.F.);
#4217=ORIENTED_EDGE('',*,*,#2846,.F.);
#4218=ORIENTED_EDGE('',*,*,#2856,.T.);
#4219=ORIENTED_EDGE('',*,*,#2773,.F.);
#4220=ORIENTED_EDGE('',*,*,#2776,.F.);
#4221=ORIENTED_EDGE('',*,*,#2791,.F.);
#4222=ORIENTED_EDGE('',*,*,#2857,.T.);
#4223=ORIENTED_EDGE('',*,*,#2853,.F.);
#4224=ORIENTED_EDGE('',*,*,#2855,.T.);
#4225=ORIENTED_EDGE('',*,*,#2790,.F.);
#4226=ORIENTED_EDGE('',*,*,#2829,.F.);
#4227=ORIENTED_EDGE('',*,*,#2854,.F.);
#4228=ORIENTED_EDGE('',*,*,#2857,.F.);
#4229=ORIENTED_EDGE('',*,*,#2671,.F.);
#4230=ORIENTED_EDGE('',*,*,#2831,.T.);
#4231=ORIENTED_EDGE('',*,*,#2478,.F.);
#4232=ORIENTED_EDGE('',*,*,#2858,.T.);
#4233=ORIENTED_EDGE('',*,*,#2677,.F.);
#4234=ORIENTED_EDGE('',*,*,#2859,.T.);
#4235=ORIENTED_EDGE('',*,*,#2492,.F.);
#4236=ORIENTED_EDGE('',*,*,#2826,.T.);
#4237=ORIENTED_EDGE('',*,*,#2676,.F.);
#4238=ORIENTED_EDGE('',*,*,#2858,.F.);
#4239=ORIENTED_EDGE('',*,*,#2493,.T.);
#4240=ORIENTED_EDGE('',*,*,#2859,.F.);
#4241=ORIENTED_EDGE('',*,*,#2843,.F.);
#4242=ORIENTED_EDGE('',*,*,#2860,.T.);
#4243=ORIENTED_EDGE('',*,*,#2861,.T.);
#4244=ORIENTED_EDGE('',*,*,#2862,.T.);
#4245=ORIENTED_EDGE('',*,*,#2847,.F.);
#4246=ORIENTED_EDGE('',*,*,#2840,.F.);
#4247=ORIENTED_EDGE('',*,*,#2767,.F.);
#4248=ORIENTED_EDGE('',*,*,#2863,.F.);
#4249=ORIENTED_EDGE('',*,*,#2860,.F.);
#4250=ORIENTED_EDGE('',*,*,#2842,.F.);
#4251=ORIENTED_EDGE('',*,*,#2850,.F.);
#4252=ORIENTED_EDGE('',*,*,#2769,.F.);
#4253=ORIENTED_EDGE('',*,*,#2864,.F.);
#4254=ORIENTED_EDGE('',*,*,#2861,.F.);
#4255=ORIENTED_EDGE('',*,*,#2863,.T.);
#4256=ORIENTED_EDGE('',*,*,#2771,.F.);
#4257=ORIENTED_EDGE('',*,*,#2856,.F.);
#4258=ORIENTED_EDGE('',*,*,#2845,.F.);
#4259=ORIENTED_EDGE('',*,*,#2862,.F.);
#4260=ORIENTED_EDGE('',*,*,#2864,.T.);
#4261=ORIENTED_EDGE('',*,*,#2836,.F.);
#4262=ORIENTED_EDGE('',*,*,#2803,.T.);
#4263=ORIENTED_EDGE('',*,*,#2806,.T.);
#4264=ORIENTED_EDGE('',*,*,#2809,.T.);
#4265=ORIENTED_EDGE('',*,*,#2837,.F.);
#4266=ORIENTED_EDGE('',*,*,#2834,.F.);
#4267=PLANE('',#4689);
#4268=PLANE('',#4694);
#4269=PLANE('',#4699);
#4270=PLANE('',#4700);
#4271=PLANE('',#4701);
#4272=PLANE('',#4702);
#4273=PLANE('',#4705);
#4274=PLANE('',#4706);
#4275=PLANE('',#4707);
#4276=PLANE('',#4726);
#4277=PLANE('',#4727);
#4278=PLANE('',#4728);
#4279=PLANE('',#4736);
#4280=PLANE('',#4737);
#4281=PLANE('',#4738);
#4282=PLANE('',#4739);
#4283=PLANE('',#4740);
#4284=PLANE('',#4741);
#4285=PLANE('',#4742);
#4286=PLANE('',#4743);
#4287=PLANE('',#4744);
#4288=PLANE('',#4745);
#4289=PLANE('',#4749);
#4290=PLANE('',#4750);
#4291=PLANE('',#4753);
#4292=PLANE('',#4755);
#4293=PLANE('',#4758);
#4294=PLANE('',#4759);
#4295=PLANE('',#4760);
#4296=PLANE('',#4761);
#4297=PLANE('',#4762);
#4298=PLANE('',#4764);
#4299=PLANE('',#4765);
#4300=PLANE('',#4766);
#4301=PLANE('',#4767);
#4302=PLANE('',#4768);
#4303=PLANE('',#4769);
#4304=PLANE('',#4770);
#4305=PLANE('',#4773);
#4306=PLANE('',#4775);
#4307=PLANE('',#4776);
#4308=PLANE('',#4777);
#4309=PLANE('',#4778);
#4310=PLANE('',#4779);
#4311=PLANE('',#4780);
#4312=PLANE('',#4783);
#4313=PLANE('',#4786);
#4314=PLANE('',#4787);
#4315=PLANE('',#4788);
#4316=PLANE('',#4789);
#4317=PLANE('',#4790);
#4318=PLANE('',#4791);
#4319=PLANE('',#4792);
#4320=PLANE('',#4793);
#4321=PLANE('',#4794);
#4322=PLANE('',#4795);
#4323=PLANE('',#4796);
#4324=PLANE('',#4801);
#4325=PLANE('',#4802);
#4326=PLANE('',#4803);
#4327=PLANE('',#4805);
#4328=PLANE('',#4807);
#4329=PLANE('',#4809);
#4330=PLANE('',#4811);
#4331=PLANE('',#4812);
#4332=PLANE('',#4814);
#4333=PLANE('',#4834);
#4334=PLANE('',#4848);
#4335=PLANE('',#4861);
#4336=PLANE('',#4878);
#4337=PLANE('',#4896);
#4338=PLANE('',#4906);
#4339=PLANE('',#4910);
#4340=PLANE('',#4913);
#4341=PLANE('',#4916);
#4342=PLANE('',#4917);
#4343=PLANE('',#4918);
#4344=PLANE('',#4919);
#4345=PLANE('',#4923);
#4346=PLANE('',#4926);
#4347=PLANE('',#4929);
#4348=PLANE('',#4930);
#4349=PLANE('',#4931);
#4350=PLANE('',#4932);
#4351=PLANE('',#4933);
#4352=PLANE('',#4937);
#4353=PLANE('',#4940);
#4354=PLANE('',#4943);
#4355=PLANE('',#4944);
#4356=PLANE('',#4946);
#4357=PLANE('',#4948);
#4358=PLANE('',#4951);
#4359=PLANE('',#4954);
#4360=PLANE('',#4955);
#4361=PLANE('',#4958);
#4362=PLANE('',#4960);
#4363=PLANE('',#4961);
#4364=PLANE('',#4962);
#4365=PLANE('',#4970);
#4366=PLANE('',#4971);
#4367=PLANE('',#4972);
#4368=PLANE('',#4977);
#4369=PLANE('',#4978);
#4370=PLANE('',#4982);
#4371=PLANE('',#4983);
#4372=PLANE('',#4996);
#4373=PLANE('',#5006);
#4374=PLANE('',#5016);
#4375=PLANE('',#5026);
#4376=PLANE('',#5029);
#4377=PLANE('',#5033);
#4378=PLANE('',#5035);
#4379=PLANE('',#5036);
#4380=PLANE('',#5045);
#4381=PLANE('',#5048);
#4382=PLANE('',#5049);
#4383=PLANE('',#5053);
#4384=PLANE('',#5054);
#4385=PLANE('',#5058);
#4386=PLANE('',#5064);
#4387=PLANE('',#5069);
#4388=PLANE('',#5072);
#4389=PLANE('',#5073);
#4390=PLANE('',#5084);
#4391=PLANE('',#5091);
#4392=PLANE('',#5094);
#4393=PLANE('',#5095);
#4394=PLANE('',#5101);
#4395=PLANE('',#5109);
#4396=PLANE('',#5110);
#4397=PLANE('',#5113);
#4398=PLANE('',#5114);
#4399=PLANE('',#5120);
#4400=PLANE('',#5129);
#4401=PLANE('',#5139);
#4402=PLANE('',#5140);
#4403=PLANE('',#5145);
#4404=PLANE('',#5149);
#4405=PLANE('',#5152);
#4406=PLANE('',#5153);
#4407=PLANE('',#5154);
#4408=ADVANCED_FACE('',(#303),#4267,.T.);
#4409=ADVANCED_FACE('',(#304),#4268,.T.);
#4410=ADVANCED_FACE('',(#305),#4269,.T.);
#4411=ADVANCED_FACE('',(#306),#4270,.T.);
#4412=ADVANCED_FACE('',(#307),#4271,.T.);
#4413=ADVANCED_FACE('',(#308),#4272,.T.);
#4414=ADVANCED_FACE('',(#309),#100,.T.);
#4415=ADVANCED_FACE('',(#310),#4273,.T.);
#4416=ADVANCED_FACE('',(#311),#4274,.T.);
#4417=ADVANCED_FACE('',(#312),#4275,.T.);
#4418=ADVANCED_FACE('',(#313),#50,.T.);
#4419=ADVANCED_FACE('',(#314),#4276,.T.);
#4420=ADVANCED_FACE('',(#315),#4277,.T.);
#4421=ADVANCED_FACE('',(#316),#4278,.T.);
#4422=ADVANCED_FACE('',(#317),#101,.F.);
#4423=ADVANCED_FACE('',(#318),#102,.T.);
#4424=ADVANCED_FACE('',(#319),#103,.T.);
#4425=ADVANCED_FACE('',(#320),#4279,.T.);
#4426=ADVANCED_FACE('',(#321),#4280,.T.);
#4427=ADVANCED_FACE('',(#322),#4281,.T.);
#4428=ADVANCED_FACE('',(#323),#4282,.T.);
#4429=ADVANCED_FACE('',(#324),#4283,.T.);
#4430=ADVANCED_FACE('',(#325),#4284,.T.);
#4431=ADVANCED_FACE('',(#326),#4285,.T.);
#4432=ADVANCED_FACE('',(#327),#4286,.T.);
#4433=ADVANCED_FACE('',(#328),#4287,.T.);
#4434=ADVANCED_FACE('',(#329),#4288,.T.);
#4435=ADVANCED_FACE('',(#330),#104,.F.);
#4436=ADVANCED_FACE('',(#331),#4289,.T.);
#4437=ADVANCED_FACE('',(#332),#4290,.T.);
#4438=ADVANCED_FACE('',(#333),#105,.T.);
#4439=ADVANCED_FACE('',(#334),#4291,.T.);
#4440=ADVANCED_FACE('',(#335),#106,.T.);
#4441=ADVANCED_FACE('',(#336),#4292,.T.);
#4442=ADVANCED_FACE('',(#337),#107,.F.);
#4443=ADVANCED_FACE('',(#338),#4293,.T.);
#4444=ADVANCED_FACE('',(#339),#4294,.T.);
#4445=ADVANCED_FACE('',(#340),#4295,.T.);
#4446=ADVANCED_FACE('',(#341),#4296,.T.);
#4447=ADVANCED_FACE('',(#342),#4297,.T.);
#4448=ADVANCED_FACE('',(#343),#108,.T.);
#4449=ADVANCED_FACE('',(#344),#4298,.T.);
#4450=ADVANCED_FACE('',(#345),#4299,.T.);
#4451=ADVANCED_FACE('',(#346),#4300,.T.);
#4452=ADVANCED_FACE('',(#347),#4301,.T.);
#4453=ADVANCED_FACE('',(#348),#4302,.T.);
#4454=ADVANCED_FACE('',(#349),#4303,.T.);
#4455=ADVANCED_FACE('',(#350),#4304,.T.);
#4456=ADVANCED_FACE('',(#351),#109,.T.);
#4457=ADVANCED_FACE('',(#352),#4305,.T.);
#4458=ADVANCED_FACE('',(#353),#110,.T.);
#4459=ADVANCED_FACE('',(#354),#4306,.T.);
#4460=ADVANCED_FACE('',(#355),#4307,.T.);
#4461=ADVANCED_FACE('',(#356),#4308,.T.);
#4462=ADVANCED_FACE('',(#357),#4309,.T.);
#4463=ADVANCED_FACE('',(#358),#4310,.T.);
#4464=ADVANCED_FACE('',(#359),#4311,.T.);
#4465=ADVANCED_FACE('',(#360),#51,.T.);
#4466=ADVANCED_FACE('',(#361),#4312,.T.);
#4467=ADVANCED_FACE('',(#362),#111,.T.);
#4468=ADVANCED_FACE('',(#363),#4313,.T.);
#4469=ADVANCED_FACE('',(#364),#4314,.T.);
#4470=ADVANCED_FACE('',(#365),#4315,.T.);
#4471=ADVANCED_FACE('',(#366),#4316,.T.);
#4472=ADVANCED_FACE('',(#367),#4317,.T.);
#4473=ADVANCED_FACE('',(#368),#4318,.T.);
#4474=ADVANCED_FACE('',(#369),#4319,.T.);
#4475=ADVANCED_FACE('',(#370),#4320,.T.);
#4476=ADVANCED_FACE('',(#371),#4321,.T.);
#4477=ADVANCED_FACE('',(#372),#4322,.T.);
#4478=ADVANCED_FACE('',(#373),#4323,.T.);
#4479=ADVANCED_FACE('',(#374),#52,.F.);
#4480=ADVANCED_FACE('',(#375),#4324,.T.);
#4481=ADVANCED_FACE('',(#376),#4325,.T.);
#4482=ADVANCED_FACE('',(#377),#4326,.T.);
#4483=ADVANCED_FACE('',(#378),#4327,.T.);
#4484=ADVANCED_FACE('',(#379),#4328,.T.);
#4485=ADVANCED_FACE('',(#380),#4329,.T.);
#4486=ADVANCED_FACE('',(#381),#4330,.T.);
#4487=ADVANCED_FACE('',(#382),#4331,.T.);
#4488=ADVANCED_FACE('',(#383),#4332,.T.);
#4489=ADVANCED_FACE('',(#384),#53,.T.);
#4490=ADVANCED_FACE('',(#385),#54,.F.);
#4491=ADVANCED_FACE('',(#386),#55,.F.);
#4492=ADVANCED_FACE('',(#387),#56,.T.);
#4493=ADVANCED_FACE('',(#388),#112,.F.);
#4494=ADVANCED_FACE('',(#389),#57,.F.);
#4495=ADVANCED_FACE('',(#390),#58,.T.);
#4496=ADVANCED_FACE('',(#391),#4333,.T.);
#4497=ADVANCED_FACE('',(#392),#59,.T.);
#4498=ADVANCED_FACE('',(#393),#113,.F.);
#4499=ADVANCED_FACE('',(#394),#60,.F.);
#4500=ADVANCED_FACE('',(#395),#61,.T.);
#4501=ADVANCED_FACE('',(#396),#4334,.T.);
#4502=ADVANCED_FACE('',(#397),#62,.T.);
#4503=ADVANCED_FACE('',(#398),#114,.F.);
#4504=ADVANCED_FACE('',(#399),#63,.F.);
#4505=ADVANCED_FACE('',(#400),#64,.T.);
#4506=ADVANCED_FACE('',(#401),#4335,.T.);
#4507=ADVANCED_FACE('',(#402),#115,.F.);
#4508=ADVANCED_FACE('',(#403),#65,.F.);
#4509=ADVANCED_FACE('',(#404,#29),#4336,.F.);
#4510=ADVANCED_FACE('',(#405),#116,.T.);
#4511=ADVANCED_FACE('',(#406),#66,.T.);
#4512=ADVANCED_FACE('',(#407,#30),#4337,.T.);
#4513=ADVANCED_FACE('',(#408),#4338,.T.);
#4514=ADVANCED_FACE('',(#409),#117,.F.);
#4515=ADVANCED_FACE('',(#410),#4339,.T.);
#4516=ADVANCED_FACE('',(#411),#67,.F.);
#4517=ADVANCED_FACE('',(#412),#4340,.T.);
#4518=ADVANCED_FACE('',(#413),#68,.F.);
#4519=ADVANCED_FACE('',(#414),#4341,.T.);
#4520=ADVANCED_FACE('',(#415),#4342,.T.);
#4521=ADVANCED_FACE('',(#416),#4343,.T.);
#4522=ADVANCED_FACE('',(#417),#4344,.T.);
#4523=ADVANCED_FACE('',(#418),#118,.F.);
#4524=ADVANCED_FACE('',(#419),#4345,.T.);
#4525=ADVANCED_FACE('',(#420),#69,.F.);
#4526=ADVANCED_FACE('',(#421),#4346,.T.);
#4527=ADVANCED_FACE('',(#422),#70,.F.);
#4528=ADVANCED_FACE('',(#423),#4347,.T.);
#4529=ADVANCED_FACE('',(#424),#4348,.T.);
#4530=ADVANCED_FACE('',(#425),#4349,.T.);
#4531=ADVANCED_FACE('',(#426),#4350,.T.);
#4532=ADVANCED_FACE('',(#427),#4351,.T.);
#4533=ADVANCED_FACE('',(#428),#119,.F.);
#4534=ADVANCED_FACE('',(#429),#4352,.T.);
#4535=ADVANCED_FACE('',(#430),#71,.F.);
#4536=ADVANCED_FACE('',(#431),#4353,.T.);
#4537=ADVANCED_FACE('',(#432),#72,.F.);
#4538=ADVANCED_FACE('',(#433),#4354,.T.);
#4539=ADVANCED_FACE('',(#434),#4355,.T.);
#4540=ADVANCED_FACE('',(#435),#120,.F.);
#4541=ADVANCED_FACE('',(#436),#4356,.T.);
#4542=ADVANCED_FACE('',(#437),#121,.F.);
#4543=ADVANCED_FACE('',(#438),#4357,.T.);
#4544=ADVANCED_FACE('',(#439),#122,.F.);
#4545=ADVANCED_FACE('',(#440),#123,.F.);
#4546=ADVANCED_FACE('',(#441),#4358,.T.);
#4547=ADVANCED_FACE('',(#442),#124,.F.);
#4548=ADVANCED_FACE('',(#443),#125,.F.);
#4549=ADVANCED_FACE('',(#444),#4359,.T.);
#4550=ADVANCED_FACE('',(#445),#4360,.T.);
#4551=ADVANCED_FACE('',(#446),#126,.F.);
#4552=ADVANCED_FACE('',(#447),#127,.F.);
#4553=ADVANCED_FACE('',(#448),#4361,.T.);
#4554=ADVANCED_FACE('',(#449),#128,.F.);
#4555=ADVANCED_FACE('',(#450),#4362,.F.);
#4556=ADVANCED_FACE('',(#451),#4363,.F.);
#4557=ADVANCED_FACE('',(#452),#4364,.F.);
#4558=ADVANCED_FACE('',(#453),#129,.F.);
#4559=ADVANCED_FACE('',(#454),#130,.F.);
#4560=ADVANCED_FACE('',(#455),#131,.F.);
#4561=ADVANCED_FACE('',(#456),#73,.T.);
#4562=ADVANCED_FACE('',(#457),#4365,.F.);
#4563=ADVANCED_FACE('',(#458),#4366,.F.);
#4564=ADVANCED_FACE('',(#459,#31),#4367,.T.);
#4565=ADVANCED_FACE('',(#460),#4368,.F.);
#4566=ADVANCED_FACE('',(#461),#4369,.F.);
#4567=ADVANCED_FACE('',(#462),#132,.F.);
#4568=ADVANCED_FACE('',(#463),#4370,.T.);
#4569=ADVANCED_FACE('',(#464),#4371,.T.);
#4570=ADVANCED_FACE('',(#465),#133,.T.);
#4571=ADVANCED_FACE('',(#466),#134,.F.);
#4572=ADVANCED_FACE('',(#467),#135,.F.);
#4573=ADVANCED_FACE('',(#468),#136,.T.);
#4574=ADVANCED_FACE('',(#469),#4372,.T.);
#4575=ADVANCED_FACE('',(#470),#137,.F.);
#4576=ADVANCED_FACE('',(#471),#138,.F.);
#4577=ADVANCED_FACE('',(#472),#139,.F.);
#4578=ADVANCED_FACE('',(#473),#4373,.T.);
#4579=ADVANCED_FACE('',(#474),#19,.T.);
#4580=ADVANCED_FACE('',(#475),#20,.T.);
#4581=ADVANCED_FACE('',(#476),#140,.T.);
#4582=ADVANCED_FACE('',(#477),#141,.F.);
#4583=ADVANCED_FACE('',(#478),#21,.T.);
#4584=ADVANCED_FACE('',(#479),#22,.T.);
#4585=ADVANCED_FACE('',(#480),#142,.T.);
#4586=ADVANCED_FACE('',(#481),#4374,.T.);
#4587=ADVANCED_FACE('',(#482),#143,.F.);
#4588=ADVANCED_FACE('',(#483),#144,.F.);
#4589=ADVANCED_FACE('',(#484),#145,.F.);
#4590=ADVANCED_FACE('',(#485),#4375,.T.);
#4591=ADVANCED_FACE('',(#486),#74,.F.);
#4592=ADVANCED_FACE('',(#487),#75,.T.);
#4593=ADVANCED_FACE('',(#488),#4376,.T.);
#4594=ADVANCED_FACE('',(#489),#76,.F.);
#4595=ADVANCED_FACE('',(#490),#77,.F.);
#4596=ADVANCED_FACE('',(#491),#78,.F.);
#4597=ADVANCED_FACE('',(#492),#4377,.T.);
#4598=ADVANCED_FACE('',(#493),#79,.T.);
#4599=ADVANCED_FACE('',(#494),#4378,.T.);
#4600=ADVANCED_FACE('',(#495),#4379,.F.);
#4601=ADVANCED_FACE('',(#496),#146,.T.);
#4602=ADVANCED_FACE('',(#497),#4380,.T.);
#4603=ADVANCED_FACE('',(#498),#23,.T.);
#4604=ADVANCED_FACE('',(#499),#24,.T.);
#4605=ADVANCED_FACE('',(#500),#4381,.T.);
#4606=ADVANCED_FACE('',(#501),#25,.T.);
#4607=ADVANCED_FACE('',(#502),#4382,.T.);
#4608=ADVANCED_FACE('',(#503),#147,.T.);
#4609=ADVANCED_FACE('',(#504),#4383,.T.);
#4610=ADVANCED_FACE('',(#505),#4384,.T.);
#4611=ADVANCED_FACE('',(#506),#148,.T.);
#4612=ADVANCED_FACE('',(#507),#4385,.T.);
#4613=ADVANCED_FACE('',(#508),#149,.T.);
#4614=ADVANCED_FACE('',(#509),#150,.T.);
#4615=ADVANCED_FACE('',(#510),#151,.T.);
#4616=ADVANCED_FACE('',(#511),#4386,.T.);
#4617=ADVANCED_FACE('',(#512),#152,.F.);
#4618=ADVANCED_FACE('',(#513),#153,.T.);
#4619=ADVANCED_FACE('',(#514),#26,.T.);
#4620=ADVANCED_FACE('',(#515),#27,.T.);
#4621=ADVANCED_FACE('',(#516),#4387,.T.);
#4622=ADVANCED_FACE('',(#517),#154,.T.);
#4623=ADVANCED_FACE('',(#518),#4388,.T.);
#4624=ADVANCED_FACE('',(#519),#4389,.T.);
#4625=ADVANCED_FACE('',(#520),#155,.T.);
#4626=ADVANCED_FACE('',(#521),#28,.T.);
#4627=ADVANCED_FACE('',(#522),#156,.T.);
#4628=ADVANCED_FACE('',(#523),#157,.T.);
#4629=ADVANCED_FACE('',(#524),#158,.T.);
#4630=ADVANCED_FACE('',(#525),#4390,.T.);
#4631=ADVANCED_FACE('',(#526),#159,.F.);
#4632=ADVANCED_FACE('',(#527),#160,.T.);
#4633=ADVANCED_FACE('',(#528),#4391,.T.);
#4634=ADVANCED_FACE('',(#529),#80,.T.);
#4635=ADVANCED_FACE('',(#530),#4392,.T.);
#4636=ADVANCED_FACE('',(#531),#4393,.T.);
#4637=ADVANCED_FACE('',(#532),#81,.T.);
#4638=ADVANCED_FACE('',(#533),#82,.F.);
#4639=ADVANCED_FACE('',(#534),#4394,.T.);
#4640=ADVANCED_FACE('',(#535),#83,.T.);
#4641=ADVANCED_FACE('',(#536),#84,.T.);
#4642=ADVANCED_FACE('',(#537),#161,.T.);
#4643=ADVANCED_FACE('',(#538),#4395,.F.);
#4644=ADVANCED_FACE('',(#539),#4396,.T.);
#4645=ADVANCED_FACE('',(#540),#85,.F.);
#4646=ADVANCED_FACE('',(#541),#86,.T.);
#4647=ADVANCED_FACE('',(#542),#4397,.T.);
#4648=ADVANCED_FACE('',(#543),#4398,.T.);
#4649=ADVANCED_FACE('',(#544),#87,.T.);
#4650=ADVANCED_FACE('',(#545),#88,.T.);
#4651=ADVANCED_FACE('',(#546),#89,.T.);
#4652=ADVANCED_FACE('',(#547),#4399,.T.);
#4653=ADVANCED_FACE('',(#548),#17,.T.);
#4654=ADVANCED_FACE('',(#549),#90,.F.);
#4655=ADVANCED_FACE('',(#550),#15,.F.);
#4656=ADVANCED_FACE('',(#551),#91,.F.);
#4657=ADVANCED_FACE('',(#552),#4400,.F.);
#4658=ADVANCED_FACE('',(#553),#18,.T.);
#4659=ADVANCED_FACE('',(#554),#92,.F.);
#4660=ADVANCED_FACE('',(#555),#16,.F.);
#4661=ADVANCED_FACE('',(#556),#93,.F.);
#4662=ADVANCED_FACE('',(#557),#4401,.T.);
#4663=ADVANCED_FACE('',(#558),#4402,.F.);
#4664=ADVANCED_FACE('',(#559),#94,.T.);
#4665=ADVANCED_FACE('',(#560),#95,.F.);
#4666=ADVANCED_FACE('',(#561),#4403,.T.);
#4667=ADVANCED_FACE('',(#562),#96,.F.);
#4668=ADVANCED_FACE('',(#563),#97,.F.);
#4669=ADVANCED_FACE('',(#564),#98,.F.);
#4670=ADVANCED_FACE('',(#565),#4404,.F.);
#4671=ADVANCED_FACE('',(#566),#99,.T.);
#4672=ADVANCED_FACE('',(#567),#4405,.T.);
#4673=ADVANCED_FACE('',(#568),#4406,.T.);
#4674=ADVANCED_FACE('',(#569),#4407,.F.);
#4675=CLOSED_SHELL('',(#4408,#4409,#4410,#4411,#4412,#4413,#4414,#4415,
#4416,#4417,#4418,#4419,#4420,#4421,#4422,#4423,#4424,#4425,#4426,#4427,
#4428,#4429,#4430,#4431,#4432,#4433,#4434,#4435,#4436,#4437,#4438,#4439,
#4440,#4441,#4442,#4443,#4444,#4445,#4446,#4447,#4448,#4449,#4450,#4451,
#4452,#4453,#4454,#4455,#4456,#4457,#4458,#4459,#4460,#4461,#4462,#4463,
#4464,#4465,#4466,#4467,#4468,#4469,#4470,#4471,#4472,#4473,#4474,#4475,
#4476,#4477,#4478,#4479,#4480,#4481,#4482,#4483,#4484,#4485,#4486,#4487,
#4488,#4489,#4490,#4491,#4492,#4493,#4494,#4495,#4496,#4497,#4498,#4499,
#4500,#4501,#4502,#4503,#4504,#4505,#4506,#4507,#4508,#4509,#4510,#4511,
#4512,#4513,#4514,#4515,#4516,#4517,#4518,#4519,#4520,#4521,#4522,#4523,
#4524,#4525,#4526,#4527,#4528,#4529,#4530,#4531,#4532,#4533,#4534,#4535,
#4536,#4537,#4538,#4539,#4540,#4541,#4542,#4543,#4544,#4545,#4546,#4547,
#4548,#4549,#4550,#4551,#4552,#4553,#4554,#4555,#4556,#4557,#4558,#4559,
#4560,#4561,#4562,#4563,#4564,#4565,#4566,#4567,#4568,#4569,#4570,#4571,
#4572,#4573,#4574,#4575,#4576,#4577,#4578,#4579,#4580,#4581,#4582,#4583,
#4584,#4585,#4586,#4587,#4588,#4589,#4590,#4591,#4592,#4593,#4594,#4595,
#4596,#4597,#4598,#4599,#4600,#4601,#4602,#4603,#4604,#4605,#4606,#4607,
#4608,#4609,#4610,#4611,#4612,#4613,#4614,#4615,#4616,#4617,#4618,#4619,
#4620,#4621,#4622,#4623,#4624,#4625,#4626,#4627,#4628,#4629,#4630,#4631,
#4632,#4633,#4634,#4635,#4636,#4637,#4638,#4639,#4640,#4641,#4642,#4643,
#4644,#4645,#4646,#4647,#4648,#4649,#4650,#4651,#4652,#4653,#4654,#4655,
#4656,#4657,#4658,#4659,#4660,#4661,#4662,#4663,#4664,#4665,#4666,#4667,
#4668,#4669,#4670,#4671,#4672,#4673,#4674));
#4676=DERIVED_UNIT_ELEMENT(#4678,1.);
#4677=DERIVED_UNIT_ELEMENT(#8581,-3.);
#4678=(
MASS_UNIT()
NAMED_UNIT(*)
SI_UNIT(.KILO.,.GRAM.)
);
#4679=DERIVED_UNIT((#4676,#4677));
#4680=MEASURE_REPRESENTATION_ITEM('density measure',
POSITIVE_RATIO_MEASURE(7850.),#4679);
#4681=PROPERTY_DEFINITION_REPRESENTATION(#4686,#4683);
#4682=PROPERTY_DEFINITION_REPRESENTATION(#4687,#4684);
#4683=REPRESENTATION('material name',(#4685),#8578);
#4684=REPRESENTATION('density',(#4680),#8578);
#4685=DESCRIPTIVE_REPRESENTATION_ITEM('Steel','Steel');
#4686=PROPERTY_DEFINITION('material property','material name',#8588);
#4687=PROPERTY_DEFINITION('material property','density of part',#8588);
#4688=AXIS2_PLACEMENT_3D('',#6438,#5155,#5156);
#4689=AXIS2_PLACEMENT_3D('',#6439,#5157,#5158);
#4690=AXIS2_PLACEMENT_3D('',#6444,#5160,#5161);
#4691=AXIS2_PLACEMENT_3D('',#6450,#5164,#5165);
#4692=AXIS2_PLACEMENT_3D('',#6456,#5168,#5169);
#4693=AXIS2_PLACEMENT_3D('',#6462,#5172,#5173);
#4694=AXIS2_PLACEMENT_3D('',#6466,#5176,#5177);
#4695=AXIS2_PLACEMENT_3D('',#6471,#5179,#5180);
#4696=AXIS2_PLACEMENT_3D('',#6477,#5183,#5184);
#4697=AXIS2_PLACEMENT_3D('',#6483,#5187,#5188);
#4698=AXIS2_PLACEMENT_3D('',#6489,#5191,#5192);
#4699=AXIS2_PLACEMENT_3D('',#6493,#5195,#5196);
#4700=AXIS2_PLACEMENT_3D('',#6502,#5199,#5200);
#4701=AXIS2_PLACEMENT_3D('',#6511,#5203,#5204);
#4702=AXIS2_PLACEMENT_3D('',#6515,#5207,#5208);
#4703=AXIS2_PLACEMENT_3D('',#6521,#5210,#5211);
#4704=AXIS2_PLACEMENT_3D('',#6523,#5212,#5213);
#4705=AXIS2_PLACEMENT_3D('',#6528,#5214,#5215);
#4706=AXIS2_PLACEMENT_3D('',#6530,#5217,#5218);
#4707=AXIS2_PLACEMENT_3D('',#6536,#5222,#5223);
#4708=AXIS2_PLACEMENT_3D('',#6540,#5226,#5227);
#4709=AXIS2_PLACEMENT_3D('',#6544,#5229,#5230);
#4710=AXIS2_PLACEMENT_3D('',#6548,#5232,#5233);
#4711=AXIS2_PLACEMENT_3D('',#6552,#5235,#5236);
#4712=AXIS2_PLACEMENT_3D('',#6556,#5238,#5239);
#4713=AXIS2_PLACEMENT_3D('',#6560,#5241,#5242);
#4714=AXIS2_PLACEMENT_3D('',#6564,#5244,#5245);
#4715=AXIS2_PLACEMENT_3D('',#6568,#5247,#5248);
#4716=AXIS2_PLACEMENT_3D('',#6571,#5250,#5251);
#4717=AXIS2_PLACEMENT_3D('',#6573,#5252,#5253);
#4718=AXIS2_PLACEMENT_3D('',#6577,#5255,#5256);
#4719=AXIS2_PLACEMENT_3D('',#6581,#5258,#5259);
#4720=AXIS2_PLACEMENT_3D('',#6585,#5261,#5262);
#4721=AXIS2_PLACEMENT_3D('',#6589,#5264,#5265);
#4722=AXIS2_PLACEMENT_3D('',#6593,#5267,#5268);
#4723=AXIS2_PLACEMENT_3D('',#6597,#5270,#5271);
#4724=AXIS2_PLACEMENT_3D('',#6601,#5273,#5274);
#4725=AXIS2_PLACEMENT_3D('',#6604,#5276,#5277);
#4726=AXIS2_PLACEMENT_3D('',#6605,#5278,#5279);
#4727=AXIS2_PLACEMENT_3D('',#6609,#5282,#5283);
#4728=AXIS2_PLACEMENT_3D('',#6613,#5286,#5287);
#4729=AXIS2_PLACEMENT_3D('',#6619,#5289,#5290);
#4730=AXIS2_PLACEMENT_3D('',#6628,#5291,#5292);
#4731=AXIS2_PLACEMENT_3D('',#6629,#5293,#5294);
#4732=AXIS2_PLACEMENT_3D('',#6636,#5295,#5296);
#4733=AXIS2_PLACEMENT_3D('',#6641,#5297,#5298);
#4734=AXIS2_PLACEMENT_3D('',#6644,#5299,#5300);
#4735=AXIS2_PLACEMENT_3D('',#6651,#5301,#5302);
#4736=AXIS2_PLACEMENT_3D('',#6656,#5303,#5304);
#4737=AXIS2_PLACEMENT_3D('',#6662,#5308,#5309);
#4738=AXIS2_PLACEMENT_3D('',#6665,#5312,#5313);
#4739=AXIS2_PLACEMENT_3D('',#6671,#5317,#5318);
#4740=AXIS2_PLACEMENT_3D('',#6677,#5322,#5323);
#4741=AXIS2_PLACEMENT_3D('',#6685,#5326,#5327);
#4742=AXIS2_PLACEMENT_3D('',#6691,#5331,#5332);
#4743=AXIS2_PLACEMENT_3D('',#6693,#5334,#5335);
#4744=AXIS2_PLACEMENT_3D('',#6697,#5338,#5339);
#4745=AXIS2_PLACEMENT_3D('',#6701,#5342,#5343);
#4746=AXIS2_PLACEMENT_3D('',#6707,#5345,#5346);
#4747=AXIS2_PLACEMENT_3D('',#6709,#5347,#5348);
#4748=AXIS2_PLACEMENT_3D('',#6718,#5349,#5350);
#4749=AXIS2_PLACEMENT_3D('',#6719,#5351,#5352);
#4750=AXIS2_PLACEMENT_3D('',#6729,#5356,#5357);
#4751=AXIS2_PLACEMENT_3D('',#6738,#5360,#5361);
#4752=AXIS2_PLACEMENT_3D('',#6744,#5362,#5363);
#4753=AXIS2_PLACEMENT_3D('',#6745,#5364,#5365);
#4754=AXIS2_PLACEMENT_3D('',#6751,#5367,#5368);
#4755=AXIS2_PLACEMENT_3D('',#6756,#5369,#5370);
#4756=AXIS2_PLACEMENT_3D('',#6758,#5372,#5373);
#4757=AXIS2_PLACEMENT_3D('',#6764,#5374,#5375);
#4758=AXIS2_PLACEMENT_3D('',#6768,#5376,#5377);
#4759=AXIS2_PLACEMENT_3D('',#6776,#5380,#5381);
#4760=AXIS2_PLACEMENT_3D('',#6782,#5385,#5386);
#4761=AXIS2_PLACEMENT_3D('',#6784,#5388,#5389);
#4762=AXIS2_PLACEMENT_3D('',#6788,#5392,#5393);
#4763=AXIS2_PLACEMENT_3D('',#6792,#5396,#5397);
#4764=AXIS2_PLACEMENT_3D('',#6801,#5398,#5399);
#4765=AXIS2_PLACEMENT_3D('',#6805,#5402,#5403);
#4766=AXIS2_PLACEMENT_3D('',#6807,#5405,#5406);
#4767=AXIS2_PLACEMENT_3D('',#6811,#5409,#5410);
#4768=AXIS2_PLACEMENT_3D('',#6815,#5413,#5414);
#4769=AXIS2_PLACEMENT_3D('',#6817,#5416,#5417);
#4770=AXIS2_PLACEMENT_3D('',#6823,#5421,#5422);
#4771=AXIS2_PLACEMENT_3D('',#6832,#5425,#5426);
#4772=AXIS2_PLACEMENT_3D('',#6833,#5427,#5428);
#4773=AXIS2_PLACEMENT_3D('',#6834,#5429,#5430);
#4774=AXIS2_PLACEMENT_3D('',#6840,#5432,#5433);
#4775=AXIS2_PLACEMENT_3D('',#6845,#5434,#5435);
#4776=AXIS2_PLACEMENT_3D('',#6847,#5437,#5438);
#4777=AXIS2_PLACEMENT_3D('',#6855,#5441,#5442);
#4778=AXIS2_PLACEMENT_3D('',#6861,#5446,#5447);
#4779=AXIS2_PLACEMENT_3D('',#6863,#5449,#5450);
#4780=AXIS2_PLACEMENT_3D('',#6867,#5453,#5454);
#4781=AXIS2_PLACEMENT_3D('',#6871,#5457,#5458);
#4782=AXIS2_PLACEMENT_3D('',#6872,#5459,#5460);
#4783=AXIS2_PLACEMENT_3D('',#6873,#5461,#5462);
#4784=AXIS2_PLACEMENT_3D('',#6881,#5467,#5468);
#4785=AXIS2_PLACEMENT_3D('',#6884,#5469,#5470);
#4786=AXIS2_PLACEMENT_3D('',#6893,#5471,#5472);
#4787=AXIS2_PLACEMENT_3D('',#6899,#5476,#5477);
#4788=AXIS2_PLACEMENT_3D('',#6902,#5480,#5481);
#4789=AXIS2_PLACEMENT_3D('',#6905,#5484,#5485);
#4790=AXIS2_PLACEMENT_3D('',#6913,#5488,#5489);
#4791=AXIS2_PLACEMENT_3D('',#6919,#5493,#5494);
#4792=AXIS2_PLACEMENT_3D('',#6921,#5496,#5497);
#4793=AXIS2_PLACEMENT_3D('',#6925,#5500,#5501);
#4794=AXIS2_PLACEMENT_3D('',#6929,#5504,#5505);
#4795=AXIS2_PLACEMENT_3D('',#6933,#5508,#5509);
#4796=AXIS2_PLACEMENT_3D('',#6937,#5512,#5513);
#4797=AXIS2_PLACEMENT_3D('',#6938,#5514,#5515);
#4798=AXIS2_PLACEMENT_3D('',#6940,#5516,#5517);
#4799=AXIS2_PLACEMENT_3D('',#6944,#5519,#5520);
#4800=AXIS2_PLACEMENT_3D('',#6947,#5522,#5523);
#4801=AXIS2_PLACEMENT_3D('',#6948,#5524,#5525);
#4802=AXIS2_PLACEMENT_3D('',#6952,#5528,#5529);
#4803=AXIS2_PLACEMENT_3D('',#6956,#5532,#5533);
#4804=AXIS2_PLACEMENT_3D('',#6957,#5534,#5535);
#4805=AXIS2_PLACEMENT_3D('',#6958,#5536,#5537);
#4806=AXIS2_PLACEMENT_3D('',#6959,#5538,#5539);
#4807=AXIS2_PLACEMENT_3D('',#6960,#5540,#5541);
#4808=AXIS2_PLACEMENT_3D('',#6961,#5542,#5543);
#4809=AXIS2_PLACEMENT_3D('',#6962,#5544,#5545);
#4810=AXIS2_PLACEMENT_3D('',#6963,#5546,#5547);
#4811=AXIS2_PLACEMENT_3D('',#6964,#5548,#5549);
#4812=AXIS2_PLACEMENT_3D('',#6965,#5550,#5551);
#4813=AXIS2_PLACEMENT_3D('',#6966,#5552,#5553);
#4814=AXIS2_PLACEMENT_3D('',#6967,#5554,#5555);
#4815=AXIS2_PLACEMENT_3D('',#6973,#5557,#5558);
#4816=AXIS2_PLACEMENT_3D('',#6974,#5559,#5560);
#4817=AXIS2_PLACEMENT_3D('',#6975,#5561,#5562);
#4818=AXIS2_PLACEMENT_3D('',#6976,#5563,#5564);
#4819=AXIS2_PLACEMENT_3D('',#6978,#5565,#5566);
#4820=AXIS2_PLACEMENT_3D('',#6982,#5568,#5569);
#4821=AXIS2_PLACEMENT_3D('',#6985,#5571,#5572);
#4822=AXIS2_PLACEMENT_3D('',#6986,#5573,#5574);
#4823=AXIS2_PLACEMENT_3D('',#7013,#5577,#5578);
#4824=AXIS2_PLACEMENT_3D('',#7026,#5579,#5580);
#4825=AXIS2_PLACEMENT_3D('',#7032,#5581,#5582);
#4826=AXIS2_PLACEMENT_3D('',#7033,#5583,#5584);
#4827=AXIS2_PLACEMENT_3D('',#7046,#5585,#5586);
#4828=AXIS2_PLACEMENT_3D('',#7048,#5587,#5588);
#4829=AXIS2_PLACEMENT_3D('',#7052,#5590,#5591);
#4830=AXIS2_PLACEMENT_3D('',#7053,#5592,#5593);
#4831=AXIS2_PLACEMENT_3D('',#7054,#5594,#5595);
#4832=AXIS2_PLACEMENT_3D('',#7056,#5596,#5597);
#4833=AXIS2_PLACEMENT_3D('',#7058,#5598,#5599);
#4834=AXIS2_PLACEMENT_3D('',#7060,#5601,#5602);
#4835=AXIS2_PLACEMENT_3D('',#7064,#5604,#5605);
#4836=AXIS2_PLACEMENT_3D('',#7066,#5607,#5608);
#4837=AXIS2_PLACEMENT_3D('',#7093,#5611,#5612);
#4838=AXIS2_PLACEMENT_3D('',#7106,#5613,#5614);
#4839=AXIS2_PLACEMENT_3D('',#7112,#5615,#5616);
#4840=AXIS2_PLACEMENT_3D('',#7113,#5617,#5618);
#4841=AXIS2_PLACEMENT_3D('',#7126,#5619,#5620);
#4842=AXIS2_PLACEMENT_3D('',#7128,#5621,#5622);
#4843=AXIS2_PLACEMENT_3D('',#7132,#5624,#5625);
#4844=AXIS2_PLACEMENT_3D('',#7133,#5626,#5627);
#4845=AXIS2_PLACEMENT_3D('',#7134,#5628,#5629);
#4846=AXIS2_PLACEMENT_3D('',#7136,#5630,#5631);
#4847=AXIS2_PLACEMENT_3D('',#7138,#5632,#5633);
#4848=AXIS2_PLACEMENT_3D('',#7140,#5635,#5636);
#4849=AXIS2_PLACEMENT_3D('',#7149,#5639,#5640);
#4850=AXIS2_PLACEMENT_3D('',#7176,#5643,#5644);
#4851=AXIS2_PLACEMENT_3D('',#7189,#5645,#5646);
#4852=AXIS2_PLACEMENT_3D('',#7195,#5647,#5648);
#4853=AXIS2_PLACEMENT_3D('',#7196,#5649,#5650);
#4854=AXIS2_PLACEMENT_3D('',#7209,#5651,#5652);
#4855=AXIS2_PLACEMENT_3D('',#7211,#5653,#5654);
#4856=AXIS2_PLACEMENT_3D('',#7215,#5656,#5657);
#4857=AXIS2_PLACEMENT_3D('',#7216,#5658,#5659);
#4858=AXIS2_PLACEMENT_3D('',#7217,#5660,#5661);
#4859=AXIS2_PLACEMENT_3D('',#7219,#5662,#5663);
#4860=AXIS2_PLACEMENT_3D('',#7221,#5664,#5665);
#4861=AXIS2_PLACEMENT_3D('',#7223,#5667,#5668);
#4862=AXIS2_PLACEMENT_3D('',#7232,#5671,#5672);
#4863=AXIS2_PLACEMENT_3D('',#7234,#5673,#5674);
#4864=AXIS2_PLACEMENT_3D('',#7237,#5676,#5677);
#4865=AXIS2_PLACEMENT_3D('',#7238,#5678,#5679);
#4866=AXIS2_PLACEMENT_3D('',#7242,#5681,#5682);
#4867=AXIS2_PLACEMENT_3D('',#7246,#5684,#5685);
#4868=AXIS2_PLACEMENT_3D('',#7247,#5686,#5687);
#4869=AXIS2_PLACEMENT_3D('',#7251,#5689,#5690);
#4870=AXIS2_PLACEMENT_3D('',#7255,#5692,#5693);
#4871=AXIS2_PLACEMENT_3D('',#7257,#5694,#5695);
#4872=AXIS2_PLACEMENT_3D('',#7259,#5696,#5697);
#4873=AXIS2_PLACEMENT_3D('',#7262,#5699,#5700);
#4874=AXIS2_PLACEMENT_3D('',#7266,#5702,#5703);
#4875=AXIS2_PLACEMENT_3D('',#7268,#5704,#5705);
#4876=AXIS2_PLACEMENT_3D('',#7270,#5706,#5707);
#4877=AXIS2_PLACEMENT_3D('',#7272,#5709,#5710);
#4878=AXIS2_PLACEMENT_3D('',#7273,#5711,#5712);
#4879=AXIS2_PLACEMENT_3D('',#7276,#5713,#5714);
#4880=AXIS2_PLACEMENT_3D('',#7280,#5716,#5717);
#4881=AXIS2_PLACEMENT_3D('',#7282,#5718,#5719);
#4882=AXIS2_PLACEMENT_3D('',#7284,#5720,#5721);
#4883=AXIS2_PLACEMENT_3D('',#7288,#5723,#5724);
#4884=AXIS2_PLACEMENT_3D('',#7290,#5725,#5726);
#4885=AXIS2_PLACEMENT_3D('',#7292,#5727,#5728);
#4886=AXIS2_PLACEMENT_3D('',#7296,#5730,#5731);
#4887=AXIS2_PLACEMENT_3D('',#7298,#5732,#5733);
#4888=AXIS2_PLACEMENT_3D('',#7300,#5734,#5735);
#4889=AXIS2_PLACEMENT_3D('',#7304,#5737,#5738);
#4890=AXIS2_PLACEMENT_3D('',#7305,#5739,#5740);
#4891=AXIS2_PLACEMENT_3D('',#7306,#5741,#5742);
#4892=AXIS2_PLACEMENT_3D('',#7308,#5743,#5744);
#4893=AXIS2_PLACEMENT_3D('',#7311,#5746,#5747);
#4894=AXIS2_PLACEMENT_3D('',#7312,#5748,#5749);
#4895=AXIS2_PLACEMENT_3D('',#7315,#5751,#5752);
#4896=AXIS2_PLACEMENT_3D('',#7316,#5753,#5754);
#4897=AXIS2_PLACEMENT_3D('',#7320,#5756,#5757);
#4898=AXIS2_PLACEMENT_3D('',#7324,#5759,#5760);
#4899=AXIS2_PLACEMENT_3D('',#7327,#5762,#5763);
#4900=AXIS2_PLACEMENT_3D('',#7329,#5764,#5765);
#4901=AXIS2_PLACEMENT_3D('',#7333,#5767,#5768);
#4902=AXIS2_PLACEMENT_3D('',#7336,#5770,#5771);
#4903=AXIS2_PLACEMENT_3D('',#7338,#5772,#5773);
#4904=AXIS2_PLACEMENT_3D('',#7342,#5775,#5776);
#4905=AXIS2_PLACEMENT_3D('',#7345,#5778,#5779);
#4906=AXIS2_PLACEMENT_3D('',#7346,#5780,#5781);
#4907=AXIS2_PLACEMENT_3D('',#7355,#5784,#5785);
#4908=AXIS2_PLACEMENT_3D('',#7357,#5786,#5787);
#4909=AXIS2_PLACEMENT_3D('',#7359,#5788,#5789);
#4910=AXIS2_PLACEMENT_3D('',#7364,#5790,#5791);
#4911=AXIS2_PLACEMENT_3D('',#7367,#5794,#5795);
#4912=AXIS2_PLACEMENT_3D('',#7370,#5797,#5798);
#4913=AXIS2_PLACEMENT_3D('',#7371,#5799,#5800);
#4914=AXIS2_PLACEMENT_3D('',#7375,#5803,#5804);
#4915=AXIS2_PLACEMENT_3D('',#7378,#5806,#5807);
#4916=AXIS2_PLACEMENT_3D('',#7379,#5808,#5809);
#4917=AXIS2_PLACEMENT_3D('',#7381,#5811,#5812);
#4918=AXIS2_PLACEMENT_3D('',#7384,#5815,#5816);
#4919=AXIS2_PLACEMENT_3D('',#7385,#5817,#5818);
#4920=AXIS2_PLACEMENT_3D('',#7394,#5821,#5822);
#4921=AXIS2_PLACEMENT_3D('',#7396,#5823,#5824);
#4922=AXIS2_PLACEMENT_3D('',#7398,#5825,#5826);
#4923=AXIS2_PLACEMENT_3D('',#7403,#5827,#5828);
#4924=AXIS2_PLACEMENT_3D('',#7406,#5831,#5832);
#4925=AXIS2_PLACEMENT_3D('',#7409,#5834,#5835);
#4926=AXIS2_PLACEMENT_3D('',#7410,#5836,#5837);
#4927=AXIS2_PLACEMENT_3D('',#7414,#5840,#5841);
#4928=AXIS2_PLACEMENT_3D('',#7417,#5843,#5844);
#4929=AXIS2_PLACEMENT_3D('',#7418,#5845,#5846);
#4930=AXIS2_PLACEMENT_3D('',#7420,#5848,#5849);
#4931=AXIS2_PLACEMENT_3D('',#7423,#5852,#5853);
#4932=AXIS2_PLACEMENT_3D('',#7424,#5854,#5855);
#4933=AXIS2_PLACEMENT_3D('',#7426,#5857,#5858);
#4934=AXIS2_PLACEMENT_3D('',#7435,#5861,#5862);
#4935=AXIS2_PLACEMENT_3D('',#7437,#5863,#5864);
#4936=AXIS2_PLACEMENT_3D('',#7443,#5865,#5866);
#4937=AXIS2_PLACEMENT_3D('',#7444,#5867,#5868);
#4938=AXIS2_PLACEMENT_3D('',#7447,#5871,#5872);
#4939=AXIS2_PLACEMENT_3D('',#7450,#5874,#5875);
#4940=AXIS2_PLACEMENT_3D('',#7451,#5876,#5877);
#4941=AXIS2_PLACEMENT_3D('',#7455,#5880,#5881);
#4942=AXIS2_PLACEMENT_3D('',#7458,#5883,#5884);
#4943=AXIS2_PLACEMENT_3D('',#7459,#5885,#5886);
#4944=AXIS2_PLACEMENT_3D('',#7461,#5888,#5889);
#4945=AXIS2_PLACEMENT_3D('',#7470,#5890,#5891);
#4946=AXIS2_PLACEMENT_3D('',#7475,#5892,#5893);
#4947=AXIS2_PLACEMENT_3D('',#7480,#5894,#5895);
#4948=AXIS2_PLACEMENT_3D('',#7485,#5896,#5897);
#4949=AXIS2_PLACEMENT_3D('',#7486,#5898,#5899);
#4950=AXIS2_PLACEMENT_3D('',#7487,#5900,#5901);
#4951=AXIS2_PLACEMENT_3D('',#7492,#5902,#5903);
#4952=AXIS2_PLACEMENT_3D('',#7501,#5904,#5905);
#4953=AXIS2_PLACEMENT_3D('',#7502,#5906,#5907);
#4954=AXIS2_PLACEMENT_3D('',#7507,#5908,#5909);
#4955=AXIS2_PLACEMENT_3D('',#7508,#5910,#5911);
#4956=AXIS2_PLACEMENT_3D('',#7517,#5912,#5913);
#4957=AXIS2_PLACEMENT_3D('',#7522,#5914,#5915);
#4958=AXIS2_PLACEMENT_3D('',#7527,#5916,#5917);
#4959=AXIS2_PLACEMENT_3D('',#7528,#5918,#5919);
#4960=AXIS2_PLACEMENT_3D('',#7529,#5920,#5921);
#4961=AXIS2_PLACEMENT_3D('',#7530,#5922,#5923);
#4962=AXIS2_PLACEMENT_3D('',#7531,#5924,#5925);
#4963=AXIS2_PLACEMENT_3D('',#7532,#5926,#5927);
#4964=AXIS2_PLACEMENT_3D('',#7533,#5928,#5929);
#4965=AXIS2_PLACEMENT_3D('',#7534,#5930,#5931);
#4966=AXIS2_PLACEMENT_3D('',#7535,#5932,#5933);
#4967=AXIS2_PLACEMENT_3D('',#7536,#5934,#5935);
#4968=AXIS2_PLACEMENT_3D('',#7537,#5936,#5937);
#4969=AXIS2_PLACEMENT_3D('',#7538,#5938,#5939);
#4970=AXIS2_PLACEMENT_3D('',#7539,#5940,#5941);
#4971=AXIS2_PLACEMENT_3D('',#7548,#5946,#5947);
#4972=AXIS2_PLACEMENT_3D('',#7551,#5950,#5951);
#4973=AXIS2_PLACEMENT_3D('',#7555,#5953,#5954);
#4974=AXIS2_PLACEMENT_3D('',#7556,#5955,#5956);
#4975=AXIS2_PLACEMENT_3D('',#7560,#5958,#5959);
#4976=AXIS2_PLACEMENT_3D('',#7562,#5960,#5961);
#4977=AXIS2_PLACEMENT_3D('',#7566,#5964,#5965);
#4978=AXIS2_PLACEMENT_3D('',#7572,#5969,#5970);
#4979=AXIS2_PLACEMENT_3D('',#7574,#5972,#5973);
#4980=AXIS2_PLACEMENT_3D('',#7577,#5974,#5975);
#4981=AXIS2_PLACEMENT_3D('',#7581,#5977,#5978);
#4982=AXIS2_PLACEMENT_3D('',#7593,#5979,#5980);
#4983=AXIS2_PLACEMENT_3D('',#7611,#5984,#5985);
#4984=AXIS2_PLACEMENT_3D('',#7629,#5989,#5990);
#4985=AXIS2_PLACEMENT_3D('',#7631,#5991,#5992);
#4986=AXIS2_PLACEMENT_3D('',#7634,#5994,#5995);
#4987=AXIS2_PLACEMENT_3D('',#7635,#5996,#5997);
#4988=AXIS2_PLACEMENT_3D('',#7637,#5998,#5999);
#4989=AXIS2_PLACEMENT_3D('',#7639,#6000,#6001);
#4990=AXIS2_PLACEMENT_3D('',#7651,#6002,#6003);
#4991=AXIS2_PLACEMENT_3D('',#7654,#6004,#6005);
#4992=AXIS2_PLACEMENT_3D('',#7658,#6007,#6008);
#4993=AXIS2_PLACEMENT_3D('',#7670,#6009,#6010);
#4994=AXIS2_PLACEMENT_3D('',#7672,#6011,#6012);
#4995=AXIS2_PLACEMENT_3D('',#7675,#6014,#6015);
#4996=AXIS2_PLACEMENT_3D('',#7676,#6016,#6017);
#4997=AXIS2_PLACEMENT_3D('',#7682,#6021,#6022);
#4998=AXIS2_PLACEMENT_3D('',#7684,#6023,#6024);
#4999=AXIS2_PLACEMENT_3D('',#7687,#6026,#6027);
#5000=AXIS2_PLACEMENT_3D('',#7688,#6028,#6029);
#5001=AXIS2_PLACEMENT_3D('',#7692,#6031,#6032);
#5002=AXIS2_PLACEMENT_3D('',#7693,#6033,#6034);
#5003=AXIS2_PLACEMENT_3D('',#7694,#6035,#6036);
#5004=AXIS2_PLACEMENT_3D('',#7696,#6037,#6038);
#5005=AXIS2_PLACEMENT_3D('',#7699,#6040,#6041);
#5006=AXIS2_PLACEMENT_3D('',#7700,#6042,#6043);
#5007=AXIS2_PLACEMENT_3D('',#7793,#6046,#6047);
#5008=AXIS2_PLACEMENT_3D('',#7795,#6048,#6049);
#5009=AXIS2_PLACEMENT_3D('',#7798,#6051,#6052);
#5010=AXIS2_PLACEMENT_3D('',#7799,#6053,#6054);
#5011=AXIS2_PLACEMENT_3D('',#7801,#6055,#6056);
#5012=AXIS2_PLACEMENT_3D('',#7803,#6057,#6058);
#5013=AXIS2_PLACEMENT_3D('',#7901,#6059,#6060);
#5014=AXIS2_PLACEMENT_3D('',#7903,#6061,#6062);
#5015=AXIS2_PLACEMENT_3D('',#7906,#6064,#6065);
#5016=AXIS2_PLACEMENT_3D('',#7907,#6066,#6067);
#5017=AXIS2_PLACEMENT_3D('',#7913,#6071,#6072);
#5018=AXIS2_PLACEMENT_3D('',#7915,#6073,#6074);
#5019=AXIS2_PLACEMENT_3D('',#7918,#6076,#6077);
#5020=AXIS2_PLACEMENT_3D('',#7919,#6078,#6079);
#5021=AXIS2_PLACEMENT_3D('',#7923,#6081,#6082);
#5022=AXIS2_PLACEMENT_3D('',#7924,#6083,#6084);
#5023=AXIS2_PLACEMENT_3D('',#7925,#6085,#6086);
#5024=AXIS2_PLACEMENT_3D('',#7927,#6087,#6088);
#5025=AXIS2_PLACEMENT_3D('',#7930,#6090,#6091);
#5026=AXIS2_PLACEMENT_3D('',#7931,#6092,#6093);
#5027=AXIS2_PLACEMENT_3D('',#7938,#6096,#6097);
#5028=AXIS2_PLACEMENT_3D('',#7941,#6100,#6101);
#5029=AXIS2_PLACEMENT_3D('',#7943,#6103,#6104);
#5030=AXIS2_PLACEMENT_3D('',#7945,#6106,#6107);
#5031=AXIS2_PLACEMENT_3D('',#7947,#6109,#6110);
#5032=AXIS2_PLACEMENT_3D('',#7949,#6112,#6113);
#5033=AXIS2_PLACEMENT_3D('',#7951,#6115,#6116);
#5034=AXIS2_PLACEMENT_3D('',#7953,#6118,#6119);
#5035=AXIS2_PLACEMENT_3D('',#7955,#6121,#6122);
#5036=AXIS2_PLACEMENT_3D('',#7977,#6125,#6126);
#5037=AXIS2_PLACEMENT_3D('',#7979,#6127,#6128);
#5038=AXIS2_PLACEMENT_3D('',#7983,#6130,#6131);
#5039=AXIS2_PLACEMENT_3D('',#7985,#6132,#6133);
#5040=AXIS2_PLACEMENT_3D('',#7987,#6134,#6135);
#5041=AXIS2_PLACEMENT_3D('',#7991,#6137,#6138);
#5042=AXIS2_PLACEMENT_3D('',#7992,#6139,#6140);
#5043=AXIS2_PLACEMENT_3D('',#7993,#6141,#6142);
#5044=AXIS2_PLACEMENT_3D('',#7995,#6143,#6144);
#5045=AXIS2_PLACEMENT_3D('',#8018,#6145,#6146);
#5046=AXIS2_PLACEMENT_3D('',#8022,#6148,#6149);
#5047=AXIS2_PLACEMENT_3D('',#8028,#6152,#6153);
#5048=AXIS2_PLACEMENT_3D('',#8107,#6155,#6156);
#5049=AXIS2_PLACEMENT_3D('',#8149,#6160,#6161);
#5050=AXIS2_PLACEMENT_3D('',#8162,#6164,#6165);
#5051=AXIS2_PLACEMENT_3D('',#8164,#6166,#6167);
#5052=AXIS2_PLACEMENT_3D('',#8170,#6168,#6169);
#5053=AXIS2_PLACEMENT_3D('',#8171,#6170,#6171);
#5054=AXIS2_PLACEMENT_3D('',#8177,#6175,#6176);
#5055=AXIS2_PLACEMENT_3D('',#8186,#6179,#6180);
#5056=AXIS2_PLACEMENT_3D('',#8187,#6181,#6182);
#5057=AXIS2_PLACEMENT_3D('',#8196,#6183,#6184);
#5058=AXIS2_PLACEMENT_3D('',#8197,#6185,#6186);
#5059=AXIS2_PLACEMENT_3D('',#8201,#6189,#6190);
#5060=AXIS2_PLACEMENT_3D('',#8202,#6191,#6192);
#5061=AXIS2_PLACEMENT_3D('',#8204,#6194,#6195);
#5062=AXIS2_PLACEMENT_3D('',#8206,#6197,#6198);
#5063=AXIS2_PLACEMENT_3D('',#8208,#6199,#6200);
#5064=AXIS2_PLACEMENT_3D('',#8210,#6202,#6203);
#5065=AXIS2_PLACEMENT_3D('',#8214,#6206,#6207);
#5066=AXIS2_PLACEMENT_3D('',#8216,#6208,#6209);
#5067=AXIS2_PLACEMENT_3D('',#8218,#6211,#6212);
#5068=AXIS2_PLACEMENT_3D('',#8220,#6213,#6214);
#5069=AXIS2_PLACEMENT_3D('',#8275,#6215,#6216);
#5070=AXIS2_PLACEMENT_3D('',#8282,#6218,#6219);
#5071=AXIS2_PLACEMENT_3D('',#8284,#6220,#6221);
#5072=AXIS2_PLACEMENT_3D('',#8289,#6222,#6223);
#5073=AXIS2_PLACEMENT_3D('',#8293,#6226,#6227);
#5074=AXIS2_PLACEMENT_3D('',#8300,#6229,#6230);
#5075=AXIS2_PLACEMENT_3D('',#8302,#6231,#6232);
#5076=AXIS2_PLACEMENT_3D('',#8352,#6233,#6234);
#5077=AXIS2_PLACEMENT_3D('',#8353,#6235,#6236);
#5078=AXIS2_PLACEMENT_3D('',#8356,#6238,#6239);
#5079=AXIS2_PLACEMENT_3D('',#8357,#6240,#6241);
#5080=AXIS2_PLACEMENT_3D('',#8360,#6243,#6244);
#5081=AXIS2_PLACEMENT_3D('',#8361,#6245,#6246);
#5082=AXIS2_PLACEMENT_3D('',#8363,#6247,#6248);
#5083=AXIS2_PLACEMENT_3D('',#8366,#6250,#6251);
#5084=AXIS2_PLACEMENT_3D('',#8367,#6252,#6253);
#5085=AXIS2_PLACEMENT_3D('',#8373,#6257,#6258);
#5086=AXIS2_PLACEMENT_3D('',#8375,#6259,#6260);
#5087=AXIS2_PLACEMENT_3D('',#8378,#6262,#6263);
#5088=AXIS2_PLACEMENT_3D('',#8379,#6264,#6265);
#5089=AXIS2_PLACEMENT_3D('',#8381,#6266,#6267);
#5090=AXIS2_PLACEMENT_3D('',#8382,#6268,#6269);
#5091=AXIS2_PLACEMENT_3D('',#8386,#6270,#6271);
#5092=AXIS2_PLACEMENT_3D('',#8395,#6277,#6278);
#5093=AXIS2_PLACEMENT_3D('',#8399,#6280,#6281);
#5094=AXIS2_PLACEMENT_3D('',#8410,#6282,#6283);
#5095=AXIS2_PLACEMENT_3D('',#8414,#6286,#6287);
#5096=AXIS2_PLACEMENT_3D('',#8429,#6290,#6291);
#5097=AXIS2_PLACEMENT_3D('',#8432,#6293,#6294);
#5098=AXIS2_PLACEMENT_3D('',#8435,#6296,#6297);
#5099=AXIS2_PLACEMENT_3D('',#8436,#6298,#6299);
#5100=AXIS2_PLACEMENT_3D('',#8439,#6301,#6302);
#5101=AXIS2_PLACEMENT_3D('',#8440,#6303,#6304);
#5102=AXIS2_PLACEMENT_3D('',#8444,#6307,#6308);
#5103=AXIS2_PLACEMENT_3D('',#8445,#6309,#6310);
#5104=AXIS2_PLACEMENT_3D('',#8446,#6311,#6312);
#5105=AXIS2_PLACEMENT_3D('',#8449,#6314,#6315);
#5106=AXIS2_PLACEMENT_3D('',#8450,#6316,#6317);
#5107=AXIS2_PLACEMENT_3D('',#8451,#6318,#6319);
#5108=AXIS2_PLACEMENT_3D('',#8452,#6320,#6321);
#5109=AXIS2_PLACEMENT_3D('',#8453,#6322,#6323);
#5110=AXIS2_PLACEMENT_3D('',#8455,#6325,#6326);
#5111=AXIS2_PLACEMENT_3D('',#8456,#6327,#6328);
#5112=AXIS2_PLACEMENT_3D('',#8458,#6330,#6331);
#5113=AXIS2_PLACEMENT_3D('',#8460,#6333,#6334);
#5114=AXIS2_PLACEMENT_3D('',#8462,#6336,#6337);
#5115=AXIS2_PLACEMENT_3D('',#8463,#6338,#6339);
#5116=AXIS2_PLACEMENT_3D('',#8464,#6340,#6341);
#5117=AXIS2_PLACEMENT_3D('',#8465,#6342,#6343);
#5118=AXIS2_PLACEMENT_3D('',#8467,#6344,#6345);
#5119=AXIS2_PLACEMENT_3D('',#8469,#6347,#6348);
#5120=AXIS2_PLACEMENT_3D('',#8471,#6350,#6351);
#5121=AXIS2_PLACEMENT_3D('',#8482,#6353,#6354);
#5122=AXIS2_PLACEMENT_3D('',#8484,#6355,#6356);
#5123=AXIS2_PLACEMENT_3D('',#8486,#6357,#6358);
#5124=AXIS2_PLACEMENT_3D('',#8487,#6359,#6360);
#5125=AXIS2_PLACEMENT_3D('',#8488,#6361,#6362);
#5126=AXIS2_PLACEMENT_3D('',#8490,#6364,#6365);
#5127=AXIS2_PLACEMENT_3D('',#8491,#6366,#6367);
#5128=AXIS2_PLACEMENT_3D('',#8492,#6368,#6369);
#5129=AXIS2_PLACEMENT_3D('',#8493,#6370,#6371);
#5130=AXIS2_PLACEMENT_3D('',#8505,#6372,#6373);
#5131=AXIS2_PLACEMENT_3D('',#8507,#6374,#6375);
#5132=AXIS2_PLACEMENT_3D('',#8509,#6376,#6377);
#5133=AXIS2_PLACEMENT_3D('',#8510,#6378,#6379);
#5134=AXIS2_PLACEMENT_3D('',#8511,#6380,#6381);
#5135=AXIS2_PLACEMENT_3D('',#8526,#6384,#6385);
#5136=AXIS2_PLACEMENT_3D('',#8539,#6386,#6387);
#5137=AXIS2_PLACEMENT_3D('',#8540,#6388,#6389);
#5138=AXIS2_PLACEMENT_3D('',#8541,#6390,#6391);
#5139=AXIS2_PLACEMENT_3D('',#8544,#6394,#6395);
#5140=AXIS2_PLACEMENT_3D('',#8547,#6398,#6399);
#5141=AXIS2_PLACEMENT_3D('',#8549,#6400,#6401);
#5142=AXIS2_PLACEMENT_3D('',#8551,#6402,#6403);
#5143=AXIS2_PLACEMENT_3D('',#8553,#6405,#6406);
#5144=AXIS2_PLACEMENT_3D('',#8556,#6409,#6410);
#5145=AXIS2_PLACEMENT_3D('',#8558,#6412,#6413);
#5146=AXIS2_PLACEMENT_3D('',#8559,#6414,#6415);
#5147=AXIS2_PLACEMENT_3D('',#8561,#6417,#6418);
#5148=AXIS2_PLACEMENT_3D('',#8563,#6420,#6421);
#5149=AXIS2_PLACEMENT_3D('',#8564,#6422,#6423);
#5150=AXIS2_PLACEMENT_3D('',#8566,#6424,#6425);
#5151=AXIS2_PLACEMENT_3D('',#8570,#6428,#6429);
#5152=AXIS2_PLACEMENT_3D('',#8572,#6431,#6432);
#5153=AXIS2_PLACEMENT_3D('',#8574,#6434,#6435);
#5154=AXIS2_PLACEMENT_3D('',#8575,#6436,#6437);
#5155=DIRECTION('axis',(0.,0.,1.));
#5156=DIRECTION('refdir',(1.,0.,0.));
#5157=DIRECTION('center_axis',(0.,0.,1.));
#5158=DIRECTION('ref_axis',(0.5,0.866025403784438,0.));
#5159=DIRECTION('',(0.111398399839245,0.993775828098699,0.));
#5160=DIRECTION('center_axis',(0.,0.,-1.));
#5161=DIRECTION('ref_axis',(-1.,0.,0.));
#5162=DIRECTION('',(-0.998000017731893,0.0632136425713793,0.));
#5163=DIRECTION('',(-0.788010753606721,-0.615661475325659,0.));
#5164=DIRECTION('center_axis',(0.,0.,-1.));
#5165=DIRECTION('ref_axis',(-0.5,-0.866025403784438,0.));
#5166=DIRECTION('',(-0.656059028990507,0.754709580222772,0.));
#5167=DIRECTION('',(-0.991725678120013,0.128375150856387,0.));
#5168=DIRECTION('center_axis',(0.,0.,-1.));
#5169=DIRECTION('ref_axis',(1.,0.,0.));
#5170=DIRECTION('',(-0.075764739001264,-0.997125721423367,0.));
#5171=DIRECTION('',(0.656059028990507,-0.754709580222772,0.));
#5172=DIRECTION('center_axis',(0.,0.,1.));
#5173=DIRECTION('ref_axis',(-1.,0.,0.));
#5174=DIRECTION('',(0.9940118978949,-0.109271894114538,0.));
#5175=DIRECTION('',(0.788010753606722,0.615661475325658,0.));
#5176=DIRECTION('center_axis',(0.,0.,1.));
#5177=DIRECTION('ref_axis',(0.5,0.866025403784438,0.));
#5178=DIRECTION('',(0.804935912880768,-0.593361758251073,0.));
#5179=DIRECTION('center_axis',(0.,0.,-1.));
#5180=DIRECTION('ref_axis',(-1.,0.,0.));
#5181=DIRECTION('',(0.553744629198509,0.832686547047451,0.));
#5182=DIRECTION('',(-0.139173100960067,0.99026806874157,0.));
#5183=DIRECTION('center_axis',(0.,0.,-1.));
#5184=DIRECTION('ref_axis',(-0.5,-0.866025403784438,0.));
#5185=DIRECTION('',(0.981627183447664,0.190808995376545,0.));
#5186=DIRECTION('',(0.6070389809163,0.794672055409085,0.));
#5187=DIRECTION('center_axis',(0.,0.,-1.));
#5188=DIRECTION('ref_axis',(-1.,0.,0.));
#5189=DIRECTION('',(-0.825653836018887,0.56417704939788,0.));
#5190=DIRECTION('',(-0.981627183447664,-0.190808995376545,0.));
#5191=DIRECTION('center_axis',(0.,0.,1.));
#5192=DIRECTION('ref_axis',(-1.,0.,0.));
#5193=DIRECTION('',(-0.591638185170287,-0.806203608183695,0.));
#5194=DIRECTION('',(0.139173100960065,-0.99026806874157,0.));
#5195=DIRECTION('center_axis',(0.435338404118089,-0.557207747523236,0.707106781186546));
#5196=DIRECTION('ref_axis',(0.851553067189611,0.,-0.524268417664049));
#5197=DIRECTION('',(0.215878229323792,-0.697913576649514,-0.682871312644123));
#5198=DIRECTION('',(0.788010753606721,0.615661475325659,0.));
#5199=DIRECTION('center_axis',(-0.70270562702787,0.078770563939661,0.707106781186545));
#5200=DIRECTION('ref_axis',(0.709310771693789,0.,0.704895899519328));
#5201=DIRECTION('',(-0.641831402421986,0.35867755586326,-0.677792639223078));
#5202=DIRECTION('',(-0.111398399839245,-0.993775828098699,0.));
#5203=DIRECTION('center_axis',(-0.435338404118087,0.557207747523234,0.707106781186548));
#5204=DIRECTION('ref_axis',(0.851553067189613,0.,0.524268417664045));
#5205=DIRECTION('',(-0.200532615067715,0.705689207824581,-0.679550890113476));
#5206=DIRECTION('',(-0.788010753606722,-0.615661475325658,0.));
#5207=DIRECTION('center_axis',(0.0772668973214888,0.702872553581597,0.707106781186545));
#5208=DIRECTION('ref_axis',(0.994082764546558,0.,-0.10862530658862));
#5209=DIRECTION('',(-0.9940118978949,0.109271894114538,0.));
#5210=DIRECTION('center_axis',(0.,0.,-1.));
#5211=DIRECTION('ref_axis',(-1.,0.,0.));
#5212=DIRECTION('center_axis',(0.,0.,1.));
#5213=DIRECTION('ref_axis',(-1.,0.,0.));
#5214=DIRECTION('center_axis',(-0.0446987953257249,-0.705692580162515,0.707106781186549));
#5215=DIRECTION('ref_axis',(0.998007985726295,0.,0.063087720093084));
#5216=DIRECTION('',(0.998000017731893,-0.0632136425713793,0.));
#5217=DIRECTION('center_axis',(0.615661475325659,-0.788010753606721,0.));
#5218=DIRECTION('ref_axis',(0.788010753606721,0.615661475325659,0.));
#5219=DIRECTION('',(0.,0.,1.));
#5220=DIRECTION('',(0.788010753606721,0.615661475325659,0.));
#5221=DIRECTION('',(0.,0.,1.));
#5222=DIRECTION('center_axis',(-0.0632136425713793,-0.998000017731893,0.));
#5223=DIRECTION('ref_axis',(0.,0.,-1.));
#5224=DIRECTION('',(0.,0.,-1.));
#5225=DIRECTION('',(-0.998000017731893,0.0632136425713793,0.));
#5226=DIRECTION('center_axis',(0.,0.,1.));
#5227=DIRECTION('ref_axis',(1.,0.,0.));
#5228=DIRECTION('',(0.,0.,1.));
#5229=DIRECTION('center_axis',(0.,0.,1.));
#5230=DIRECTION('ref_axis',(1.,0.,0.));
#5231=DIRECTION('',(0.,0.,-1.));
#5232=DIRECTION('center_axis',(0.,0.,1.));
#5233=DIRECTION('ref_axis',(-1.,0.,0.));
#5234=DIRECTION('',(0.,0.,1.));
#5235=DIRECTION('center_axis',(0.,0.,1.));
#5236=DIRECTION('ref_axis',(1.,0.,0.));
#5237=DIRECTION('',(0.,0.,-1.));
#5238=DIRECTION('center_axis',(0.,0.,-1.));
#5239=DIRECTION('ref_axis',(-1.,0.,0.));
#5240=DIRECTION('',(0.,0.,-1.));
#5241=DIRECTION('center_axis',(0.,0.,1.));
#5242=DIRECTION('ref_axis',(1.,0.,0.));
#5243=DIRECTION('',(0.,0.,1.));
#5244=DIRECTION('center_axis',(0.,0.,-1.));
#5245=DIRECTION('ref_axis',(1.,0.,0.));
#5246=DIRECTION('',(0.,0.,-1.));
#5247=DIRECTION('center_axis',(0.,0.,1.));
#5248=DIRECTION('ref_axis',(1.,0.,0.));
#5249=DIRECTION('',(0.,0.,1.));
#5250=DIRECTION('center_axis',(0.,0.,-1.));
#5251=DIRECTION('ref_axis',(-1.,0.,0.));
#5252=DIRECTION('center_axis',(0.,0.,1.));
#5253=DIRECTION('ref_axis',(1.,0.,0.));
#5254=DIRECTION('',(0.,0.,-1.));
#5255=DIRECTION('center_axis',(0.,0.,1.));
#5256=DIRECTION('ref_axis',(-1.,0.,0.));
#5257=DIRECTION('',(0.,0.,1.));
#5258=DIRECTION('center_axis',(0.,0.,1.));
#5259=DIRECTION('ref_axis',(1.,0.,0.));
#5260=DIRECTION('',(0.,0.,-1.));
#5261=DIRECTION('center_axis',(0.,0.,1.));
#5262=DIRECTION('ref_axis',(1.,0.,0.));
#5263=DIRECTION('',(0.,0.,1.));
#5264=DIRECTION('center_axis',(0.,0.,1.));
#5265=DIRECTION('ref_axis',(1.,0.,0.));
#5266=DIRECTION('',(0.,0.,-1.));
#5267=DIRECTION('center_axis',(0.,0.,1.));
#5268=DIRECTION('ref_axis',(1.,0.,0.));
#5269=DIRECTION('',(0.,0.,1.));
#5270=DIRECTION('center_axis',(0.,0.,1.));
#5271=DIRECTION('ref_axis',(1.,0.,0.));
#5272=DIRECTION('',(0.,0.,-1.));
#5273=DIRECTION('center_axis',(0.,0.,1.));
#5274=DIRECTION('ref_axis',(1.,0.,0.));
#5275=DIRECTION('',(0.,0.,1.));
#5276=DIRECTION('center_axis',(0.,0.,1.));
#5277=DIRECTION('ref_axis',(1.,0.,0.));
#5278=DIRECTION('center_axis',(-0.993775828098699,0.111398399839245,0.));
#5279=DIRECTION('ref_axis',(0.,0.,1.));
#5280=DIRECTION('',(0.,0.,-1.));
#5281=DIRECTION('',(0.111398399839245,0.993775828098699,0.));
#5282=DIRECTION('center_axis',(-0.615661475325658,0.788010753606722,0.));
#5283=DIRECTION('ref_axis',(-0.788010753606722,-0.615661475325658,0.));
#5284=DIRECTION('',(0.,0.,1.));
#5285=DIRECTION('',(0.788010753606722,0.615661475325658,0.));
#5286=DIRECTION('center_axis',(0.109271894114538,0.9940118978949,0.));
#5287=DIRECTION('ref_axis',(0.,0.,1.));
#5288=DIRECTION('',(0.,0.,-1.));
#5289=DIRECTION('center_axis',(0.,0.,1.));
#5290=DIRECTION('ref_axis',(-1.,0.,0.));
#5291=DIRECTION('center_axis',(0.,0.,-1.));
#5292=DIRECTION('ref_axis',(-1.,0.,0.));
#5293=DIRECTION('center_axis',(0.,0.,-1.));
#5294=DIRECTION('ref_axis',(1.,0.,0.));
#5295=DIRECTION('center_axis',(0.,0.,-1.));
#5296=DIRECTION('ref_axis',(1.,0.,0.));
#5297=DIRECTION('center_axis',(0.,0.,-1.));
#5298=DIRECTION('ref_axis',(0.909961270876544,0.414693242656238,0.));
#5299=DIRECTION('center_axis',(0.,0.,-1.));
#5300=DIRECTION('ref_axis',(0.5,0.866025403784438,0.));
#5301=DIRECTION('center_axis',(0.,0.,1.));
#5302=DIRECTION('ref_axis',(0.5,0.866025403784438,0.));
#5303=DIRECTION('center_axis',(0.264886862481583,0.655617990970856,0.707106781186548));
#5304=DIRECTION('ref_axis',(0.936450241541359,0.,-0.350800434887315));
#5305=DIRECTION('',(-0.927183854566788,0.374606593415912,0.));
#5306=DIRECTION('',(0.927183854566788,-0.374606593415912,0.));
#5307=DIRECTION('',(0.496471772362624,0.535912819043175,-0.682871312644126));
#5308=DIRECTION('center_axis',(0.63349709934579,0.314135997810624,0.707106781186543));
#5309=DIRECTION('ref_axis',(0.74481058745352,0.,-0.667275946529727));
#5310=DIRECTION('',(-0.444255388533386,0.895900189618827,0.));
#5311=DIRECTION('',(0.444255388533386,-0.895900189618827,0.));
#5312=DIRECTION('center_axis',(0.283135504071762,-0.647946206358235,0.707106781186548));
#5313=DIRECTION('ref_axis',(0.928344080269817,0.,-0.371722031399791));
#5314=DIRECTION('',(0.916334312720013,0.400414069847629,0.));
#5315=DIRECTION('',(-0.916334312720013,-0.400414069847629,0.));
#5316=DIRECTION('',(0.0102918260660999,-0.735181077375662,-0.677792639223078));
#5317=DIRECTION('center_axis',(-0.264886862481584,-0.655617990970857,0.707106781186548));
#5318=DIRECTION('ref_axis',(0.936450241541359,0.,0.350800434887317));
#5319=DIRECTION('',(0.927183854566787,-0.374606593415913,0.));
#5320=DIRECTION('',(-0.927183854566787,0.374606593415913,0.));
#5321=DIRECTION('',(-0.51087847361876,-0.526510942848247,-0.679550890113475));
#5322=DIRECTION('center_axis',(-0.647338935685243,-0.284521180838784,0.707106781186548));
#5323=DIRECTION('ref_axis',(0.73759162430517,0.,0.675247062751747));
#5324=DIRECTION('',(-0.402373712724616,0.915475502298236,0.));
#5325=DIRECTION('',(0.402373712724616,-0.915475502298236,0.));
#5326=DIRECTION('center_axis',(0.374606593415912,0.927183854566788,0.));
#5327=DIRECTION('ref_axis',(-0.927183854566788,0.374606593415912,0.));
#5328=DIRECTION('',(0.,0.,1.));
#5329=DIRECTION('',(-0.927183854566788,0.374606593415912,0.));
#5330=DIRECTION('',(0.,0.,1.));
#5331=DIRECTION('center_axis',(0.895900189618827,0.444255388533386,0.));
#5332=DIRECTION('ref_axis',(0.,0.,-1.));
#5333=DIRECTION('',(0.444255388533386,-0.895900189618827,0.));
#5334=DIRECTION('center_axis',(0.400414069847628,-0.916334312720013,0.));
#5335=DIRECTION('ref_axis',(0.,0.,-1.));
#5336=DIRECTION('',(0.,0.,-1.));
#5337=DIRECTION('',(-0.916334312720013,-0.400414069847629,0.));
#5338=DIRECTION('center_axis',(-0.374606593415913,-0.927183854566787,0.));
#5339=DIRECTION('ref_axis',(0.927183854566787,-0.374606593415913,0.));
#5340=DIRECTION('',(0.,0.,1.));
#5341=DIRECTION('',(-0.927183854566787,0.374606593415913,0.));
#5342=DIRECTION('center_axis',(-0.915475502298236,-0.402373712724617,0.));
#5343=DIRECTION('ref_axis',(0.,0.,1.));
#5344=DIRECTION('',(0.,0.,-1.));
#5345=DIRECTION('center_axis',(0.,0.,1.));
#5346=DIRECTION('ref_axis',(1.,0.,0.));
#5347=DIRECTION('center_axis',(0.,0.,1.));
#5348=DIRECTION('ref_axis',(1.,0.,0.));
#5349=DIRECTION('center_axis',(0.,0.,-1.));
#5350=DIRECTION('ref_axis',(1.,0.,0.));
#5351=DIRECTION('center_axis',(0.134922334542148,-0.694115238012895,0.707106781186547));
#5352=DIRECTION('ref_axis',(0.982278427817431,0.,-0.187427559991896));
#5353=DIRECTION('',(0.981627183447664,0.190808995376545,0.));
#5354=DIRECTION('',(0.462591075220409,0.675212862546163,0.574540762155864));
#5355=DIRECTION('',(-0.148690712422863,-0.719734587462669,-0.678139510461618));
#5356=DIRECTION('center_axis',(-0.134922334542148,0.694115238012894,0.707106781186547));
#5357=DIRECTION('ref_axis',(0.982278427817431,0.,0.187427559991896));
#5358=DIRECTION('',(0.35577377774099,-0.632107436962801,0.688378680094193));
#5359=DIRECTION('',(-0.981627183447664,-0.190808995376545,0.));
#5360=DIRECTION('center_axis',(0.,0.,-1.));
#5361=DIRECTION('ref_axis',(-0.5,-0.866025403784438,0.));
#5362=DIRECTION('center_axis',(0.,0.,1.));
#5363=DIRECTION('ref_axis',(-0.5,-0.866025403784438,0.));
#5364=DIRECTION('center_axis',(-0.561917999199219,0.429241379850489,0.707106781186544));
#5365=DIRECTION('ref_axis',(0.782899420717723,0.,0.622148291840341));
#5366=DIRECTION('',(-0.6070389809163,-0.794672055409085,0.));
#5367=DIRECTION('center_axis',(0.,0.,-1.));
#5368=DIRECTION('ref_axis',(-1.,0.,0.));
#5369=DIRECTION('center_axis',(-0.398933417419057,-0.583825426361638,0.70710678118655));
#5370=DIRECTION('ref_axis',(0.870950705229612,0.,0.491370399047441));
#5371=DIRECTION('',(0.825653836018887,-0.56417704939788,0.));
#5372=DIRECTION('center_axis',(0.,0.,1.));
#5373=DIRECTION('ref_axis',(-1.,0.,0.));
#5374=DIRECTION('center_axis',(0.,0.,-1.));
#5375=DIRECTION('ref_axis',(-1.,0.,0.));
#5376=DIRECTION('center_axis',(0.824963575867179,-0.565185897287289,0.));
#5377=DIRECTION('ref_axis',(0.,0.,-1.));
#5378=DIRECTION('',(0.,0.,-1.));
#5379=DIRECTION('',(0.,0.,1.));
#5380=DIRECTION('center_axis',(0.190808995376545,-0.981627183447664,0.));
#5381=DIRECTION('ref_axis',(0.981627183447664,0.190808995376545,0.));
#5382=DIRECTION('',(0.,0.,1.));
#5383=DIRECTION('',(0.981627183447664,0.190808995376545,0.));
#5384=DIRECTION('',(0.694115238012895,0.134922334542148,-0.707106781186547));
#5385=DIRECTION('center_axis',(-0.56417704939788,-0.825653836018887,0.));
#5386=DIRECTION('ref_axis',(0.,0.,1.));
#5387=DIRECTION('',(-0.825653836018887,0.56417704939788,0.));
#5388=DIRECTION('center_axis',(-0.794672055409085,0.6070389809163,0.));
#5389=DIRECTION('ref_axis',(0.,0.,1.));
#5390=DIRECTION('',(0.,0.,-1.));
#5391=DIRECTION('',(0.6070389809163,0.794672055409085,0.));
#5392=DIRECTION('center_axis',(-0.190808995376545,0.981627183447664,0.));
#5393=DIRECTION('ref_axis',(-0.981627183447664,-0.190808995376545,0.));
#5394=DIRECTION('',(0.,0.,1.));
#5395=DIRECTION('',(0.981627183447664,0.190808995376545,0.));
#5396=DIRECTION('center_axis',(0.,0.,-1.));
#5397=DIRECTION('ref_axis',(-1.,0.,0.));
#5398=DIRECTION('center_axis',(-0.70022526659967,-0.098410243447623,0.707106781186548));
#5399=DIRECTION('ref_axis',(0.710555868400576,0.,0.703640787534026));
#5400=DIRECTION('',(0.139173100960067,-0.99026806874157,0.));
#5401=DIRECTION('',(-0.712350001686436,0.16200075760634,-0.682871312644123));
#5402=DIRECTION('center_axis',(-0.588798304020063,0.391556582351896,0.707106781186548));
#5403=DIRECTION('ref_axis',(0.768465666081459,0.,0.639891022013889));
#5404=DIRECTION('',(-0.553744629198509,-0.832686547047451,0.));
#5405=DIRECTION('center_axis',(0.419570122956106,0.569175642418575,0.707106781186547));
#5406=DIRECTION('ref_axis',(0.860001281796706,0.,-0.510291872665069));
#5407=DIRECTION('',(-0.804935912880768,0.593361758251073,0.));
#5408=DIRECTION('',(0.631539576355882,0.376503521512409,-0.67779263922308));
#5409=DIRECTION('center_axis',(0.700225266599672,0.0984102434476225,0.707106781186546));
#5410=DIRECTION('ref_axis',(0.710555868400573,0.,-0.703640787534028));
#5411=DIRECTION('',(-0.139173100960065,0.99026806874157,0.));
#5412=DIRECTION('',(0.711411088686456,-0.179178264976347,-0.679550890113476));
#5413=DIRECTION('center_axis',(0.570072038363753,-0.418351372742812,0.707106781186548));
#5414=DIRECTION('ref_axis',(0.778507376185567,0.,-0.627635455678425));
#5415=DIRECTION('',(0.591638185170287,0.806203608183695,0.));
#5416=DIRECTION('center_axis',(0.533660262001975,0.46390378825785,0.707106781186547));
#5417=DIRECTION('ref_axis',(0.798191990781296,0.,-0.602403142299732));
#5418=DIRECTION('',(-0.656059028990507,0.754709580222772,0.));
#5419=DIRECTION('',(-0.816047029537192,0.0630091914317473,0.574540762155866));
#5420=DIRECTION('',(0.697653792936413,0.231097359466332,-0.67813951046162));
#5421=DIRECTION('center_axis',(-0.533660262001975,-0.46390378825785,0.707106781186548));
#5422=DIRECTION('ref_axis',(0.798191990781297,0.,0.602403142299731));
#5423=DIRECTION('',(0.369534209460362,0.624162848005456,0.688378680094193));
#5424=DIRECTION('',(0.656059028990507,-0.754709580222772,0.));
#5425=DIRECTION('center_axis',(0.,0.,-1.));
#5426=DIRECTION('ref_axis',(-0.5,-0.866025403784438,0.));
#5427=DIRECTION('center_axis',(0.,0.,1.));
#5428=DIRECTION('ref_axis',(-0.5,-0.866025403784438,0.));
#5429=DIRECTION('center_axis',(-0.0907749397063973,-0.701255952075489,0.707106781186547));
#5430=DIRECTION('ref_axis',(0.991860380077224,0.,0.127330225920887));
#5431=DIRECTION('',(0.991725678120013,-0.128375150856387,0.));
#5432=DIRECTION('center_axis',(0.,0.,-1.));
#5433=DIRECTION('ref_axis',(1.,0.,0.));
#5434=DIRECTION('center_axis',(0.705074359313991,-0.0535737607226226,0.707106781186548));
#5435=DIRECTION('ref_axis',(0.708123721286821,0.,-0.70608837644512));
#5436=DIRECTION('',(0.075764739001264,0.997125721423367,0.));
#5437=DIRECTION('center_axis',(0.0769835569779006,0.997032362541473,0.));
#5438=DIRECTION('ref_axis',(0.,0.,1.));
#5439=DIRECTION('',(0.,0.,-1.));
#5440=DIRECTION('',(0.,0.,1.));
#5441=DIRECTION('center_axis',(0.754709580222772,0.656059028990507,0.));
#5442=DIRECTION('ref_axis',(-0.656059028990507,0.754709580222772,0.));
#5443=DIRECTION('',(0.,0.,1.));
#5444=DIRECTION('',(-0.656059028990507,0.754709580222772,0.));
#5445=DIRECTION('',(-0.463903788257849,0.533660262001974,-0.707106781186548));
#5446=DIRECTION('center_axis',(0.997125721423367,-0.075764739001264,0.));
#5447=DIRECTION('ref_axis',(0.,0.,-1.));
#5448=DIRECTION('',(-0.075764739001264,-0.997125721423367,0.));
#5449=DIRECTION('center_axis',(-0.128375150856387,-0.991725678120013,0.));
#5450=DIRECTION('ref_axis',(0.,0.,-1.));
#5451=DIRECTION('',(0.,0.,-1.));
#5452=DIRECTION('',(-0.991725678120013,0.128375150856387,0.));
#5453=DIRECTION('center_axis',(-0.754709580222772,-0.656059028990507,0.));
#5454=DIRECTION('ref_axis',(0.656059028990507,-0.754709580222772,0.));
#5455=DIRECTION('',(0.,0.,1.));
#5456=DIRECTION('',(-0.656059028990507,0.754709580222772,0.));
#5457=DIRECTION('center_axis',(0.,0.,1.));
#5458=DIRECTION('ref_axis',(-0.0958457525202246,-0.995396198367179,0.));
#5459=DIRECTION('center_axis',(0.,0.,-1.));
#5460=DIRECTION('ref_axis',(0.5,-0.866025403784439,0.));
#5461=DIRECTION('center_axis',(-0.668582596544123,0.230211449755045,0.707106781186547));
#5462=DIRECTION('ref_axis',(0.726623427694215,0.,0.687035948350528));
#5463=DIRECTION('',(-0.325568154457157,-0.945518575599317,0.));
#5464=DIRECTION('',(0.353455954316786,-0.738222053977912,0.574540762155866));
#5465=DIRECTION('',(0.325568154457157,0.945518575599317,0.));
#5466=DIRECTION('',(-0.548963080513558,0.488637227996331,-0.678139510461621));
#5467=DIRECTION('center_axis',(0.,0.,-1.));
#5468=DIRECTION('ref_axis',(1.,0.,0.));
#5469=DIRECTION('center_axis',(0.,0.,-1.));
#5470=DIRECTION('ref_axis',(1.,0.,0.));
#5471=DIRECTION('center_axis',(0.668582596544122,-0.230211449755045,0.707106781186548));
#5472=DIRECTION('ref_axis',(0.726623427694216,0.,-0.687035948350528));
#5473=DIRECTION('',(-0.725307987201352,0.00794458895734753,0.688378680094193));
#5474=DIRECTION('',(-0.325568154457157,-0.945518575599317,0.));
#5475=DIRECTION('',(0.325568154457157,0.945518575599317,0.));
#5476=DIRECTION('center_axis',(0.652692938905616,0.272014572224999,0.707106781186548));
#5477=DIRECTION('ref_axis',(0.734814327819983,0.,-0.678268312418078));
#5478=DIRECTION('',(0.38468669720371,-0.923047206265477,0.));
#5479=DIRECTION('',(-0.38468669720371,0.923047206265477,0.));
#5480=DIRECTION('center_axis',(-0.30614094189493,0.63739918708427,0.707106781186545));
#5481=DIRECTION('ref_axis',(0.917684360239239,0.,0.397310225104136));
#5482=DIRECTION('',(0.901418575020157,0.432948672025483,0.));
#5483=DIRECTION('',(-0.901418575020157,-0.432948672025483,0.));
#5484=DIRECTION('center_axis',(-0.901947132845082,-0.431846465254187,0.));
#5485=DIRECTION('ref_axis',(0.,0.,1.));
#5486=DIRECTION('',(0.,0.,-1.));
#5487=DIRECTION('',(0.,0.,1.));
#5488=DIRECTION('center_axis',(-0.945518575599317,0.325568154457157,0.));
#5489=DIRECTION('ref_axis',(-0.325568154457157,-0.945518575599317,0.));
#5490=DIRECTION('',(0.,0.,1.));
#5491=DIRECTION('',(-0.325568154457157,-0.945518575599317,0.));
#5492=DIRECTION('',(-0.230211449755045,-0.668582596544122,-0.707106781186547));
#5493=DIRECTION('center_axis',(-0.432948672025483,0.901418575020157,0.));
#5494=DIRECTION('ref_axis',(0.,0.,1.));
#5495=DIRECTION('',(0.901418575020157,0.432948672025483,0.));
#5496=DIRECTION('center_axis',(0.923047206265477,0.38468669720371,0.));
#5497=DIRECTION('ref_axis',(0.,0.,-1.));
#5498=DIRECTION('',(0.,0.,-1.));
#5499=DIRECTION('',(0.38468669720371,-0.923047206265477,0.));
#5500=DIRECTION('center_axis',(0.945518575599317,-0.325568154457157,0.));
#5501=DIRECTION('ref_axis',(0.325568154457157,0.945518575599317,0.));
#5502=DIRECTION('',(0.,0.,1.));
#5503=DIRECTION('',(-0.325568154457157,-0.945518575599317,0.));
#5504=DIRECTION('center_axis',(0.593361758251073,0.804935912880768,0.));
#5505=DIRECTION('ref_axis',(0.,0.,-1.));
#5506=DIRECTION('',(0.,0.,-1.));
#5507=DIRECTION('',(0.804935912880768,-0.593361758251073,0.));
#5508=DIRECTION('center_axis',(-0.832686547047451,0.553744629198509,0.));
#5509=DIRECTION('ref_axis',(0.,0.,1.));
#5510=DIRECTION('',(0.553744629198509,0.832686547047451,0.));
#5511=DIRECTION('',(0.,0.,1.));
#5512=DIRECTION('center_axis',(0.,0.,1.));
#5513=DIRECTION('ref_axis',(0.5,0.866025403784438,0.));
#5514=DIRECTION('center_axis',(0.,0.,-1.));
#5515=DIRECTION('ref_axis',(0.905399130803864,0.424561437179129,0.));
#5516=DIRECTION('center_axis',(0.,0.,-1.));
#5517=DIRECTION('ref_axis',(-1.,0.,0.));
#5518=DIRECTION('',(0.,0.,1.));
#5519=DIRECTION('center_axis',(0.,0.,1.));
#5520=DIRECTION('ref_axis',(-1.,1.22464679914735E-16,0.));
#5521=DIRECTION('',(0.,0.,1.));
#5522=DIRECTION('center_axis',(0.,0.,-1.));
#5523=DIRECTION('ref_axis',(-1.,0.,0.));
#5524=DIRECTION('center_axis',(-0.99026806874157,-0.139173100960067,0.));
#5525=DIRECTION('ref_axis',(0.139173100960067,-0.99026806874157,0.));
#5526=DIRECTION('',(0.139173100960067,-0.99026806874157,0.));
#5527=DIRECTION('',(0.,0.,1.));
#5528=DIRECTION('center_axis',(0.99026806874157,0.139173100960065,0.));
#5529=DIRECTION('ref_axis',(-0.139173100960065,0.99026806874157,0.));
#5530=DIRECTION('',(0.,0.,1.));
#5531=DIRECTION('',(0.139173100960065,-0.99026806874157,0.));
#5532=DIRECTION('center_axis',(0.,0.,1.));
#5533=DIRECTION('ref_axis',(1.,0.,0.));
#5534=DIRECTION('center_axis',(0.,0.,-1.));
#5535=DIRECTION('ref_axis',(0.5,0.866025403784438,0.));
#5536=DIRECTION('center_axis',(0.,0.,1.));
#5537=DIRECTION('ref_axis',(1.,0.,0.));
#5538=DIRECTION('center_axis',(0.,0.,1.));
#5539=DIRECTION('ref_axis',(1.,0.,0.));
#5540=DIRECTION('center_axis',(0.,0.,1.));
#5541=DIRECTION('ref_axis',(1.,0.,0.));
#5542=DIRECTION('center_axis',(0.,0.,-1.));
#5543=DIRECTION('ref_axis',(-1.,0.,0.));
#5544=DIRECTION('center_axis',(0.,0.,1.));
#5545=DIRECTION('ref_axis',(1.,0.,0.));
#5546=DIRECTION('center_axis',(0.,0.,1.));
#5547=DIRECTION('ref_axis',(-1.,0.,0.));
#5548=DIRECTION('center_axis',(0.,0.,1.));
#5549=DIRECTION('ref_axis',(1.,0.,0.));
#5550=DIRECTION('center_axis',(0.,0.,1.));
#5551=DIRECTION('ref_axis',(1.,0.,0.));
#5552=DIRECTION('center_axis',(0.,0.,1.));
#5553=DIRECTION('ref_axis',(1.,0.,0.));
#5554=DIRECTION('center_axis',(0.806203608183695,-0.591638185170287,0.));
#5555=DIRECTION('ref_axis',(0.,0.,-1.));
#5556=DIRECTION('',(0.,0.,-1.));
#5557=DIRECTION('center_axis',(0.,0.,1.));
#5558=DIRECTION('ref_axis',(0.5,0.866025403784438,0.));
#5559=DIRECTION('center_axis',(0.,0.,-1.));
#5560=DIRECTION('ref_axis',(-1.,0.,0.));
#5561=DIRECTION('center_axis',(0.,0.,-1.));
#5562=DIRECTION('ref_axis',(-1.,0.,0.));
#5563=DIRECTION('center_axis',(0.,0.,-1.));
#5564=DIRECTION('ref_axis',(-1.,0.,0.));
#5565=DIRECTION('center_axis',(0.,0.,-1.));
#5566=DIRECTION('ref_axis',(-1.,0.,0.));
#5567=DIRECTION('',(0.,0.,1.));
#5568=DIRECTION('center_axis',(0.,0.,1.));
#5569=DIRECTION('ref_axis',(1.,0.,0.));
#5570=DIRECTION('',(0.,0.,1.));
#5571=DIRECTION('center_axis',(0.,0.,-1.));
#5572=DIRECTION('ref_axis',(-1.,0.,0.));
#5573=DIRECTION('center_axis',(0.,0.,-1.));
#5574=DIRECTION('ref_axis',(0.754492738091434,0.656308394100892,0.));
#5575=DIRECTION('',(0.,0.,1.));
#5576=DIRECTION('',(0.,0.,-1.));
#5577=DIRECTION('center_axis',(0.,0.,-1.));
#5578=DIRECTION('ref_axis',(-0.378972770482612,-0.925407823196202,0.));
#5579=DIRECTION('center_axis',(0.,0.,-1.));
#5580=DIRECTION('ref_axis',(-0.378972770482612,-0.925407823196202,0.));
#5581=DIRECTION('center_axis',(0.,0.,1.));
#5582=DIRECTION('ref_axis',(-0.378972770482612,-0.925407823196202,0.));
#5583=DIRECTION('center_axis',(0.,0.,-1.));
#5584=DIRECTION('ref_axis',(0.5,-0.866025403784439,0.));
#5585=DIRECTION('center_axis',(0.,0.,1.));
#5586=DIRECTION('ref_axis',(0.5,-0.866025403784439,0.));
#5587=DIRECTION('center_axis',(-0.473146789255815,-0.525482745498759,-0.707106781186548));
#5588=DIRECTION('ref_axis',(-0.473146789255815,-0.525482745498759,0.707106781186547));
#5589=DIRECTION('',(0.,0.,1.));
#5590=DIRECTION('center_axis',(-0.473146789255815,-0.525482745498759,0.707106781186548));
#5591=DIRECTION('ref_axis',(-0.473146789255815,-0.525482745498759,-0.707106781186547));
#5592=DIRECTION('center_axis',(0.,0.,1.));
#5593=DIRECTION('ref_axis',(0.5,-0.866025403784439,0.));
#5594=DIRECTION('center_axis',(0.,0.,-1.));
#5595=DIRECTION('ref_axis',(0.119472503260487,0.99283750984976,0.));
#5596=DIRECTION('center_axis',(-0.473146789255815,-0.525482745498759,0.707106781186548));
#5597=DIRECTION('ref_axis',(0.473146789255815,0.525482745498759,0.707106781186548));
#5598=DIRECTION('center_axis',(-0.473146789255815,-0.525482745498759,-0.707106781186548));
#5599=DIRECTION('ref_axis',(0.473146789255815,0.525482745498759,-0.707106781186547));
#5600=DIRECTION('',(0.,0.,-1.));
#5601=DIRECTION('center_axis',(0.473146789255815,0.525482745498759,-0.707106781186548));
#5602=DIRECTION('ref_axis',(-0.831103952697922,0.,-0.556117091816004));
#5603=DIRECTION('',(0.743144825477394,-0.669130606358858,0.));
#5604=DIRECTION('center_axis',(-0.473146789255815,-0.525482745498759,0.707106781186548));
#5605=DIRECTION('ref_axis',(0.473146789255815,0.525482745498759,0.707106781186548));
#5606=DIRECTION('',(-0.743144825477394,0.669130606358858,0.));
#5607=DIRECTION('center_axis',(0.,0.,-1.));
#5608=DIRECTION('ref_axis',(-0.945626111054058,0.325255681107616,0.));
#5609=DIRECTION('',(0.,0.,1.));
#5610=DIRECTION('',(0.,0.,-1.));
#5611=DIRECTION('center_axis',(0.,0.,-1.));
#5612=DIRECTION('ref_axis',(0.990913068990076,0.134503865017589,0.));
#5613=DIRECTION('center_axis',(0.,0.,-1.));
#5614=DIRECTION('ref_axis',(0.990913068990076,0.134503865017589,0.));
#5615=DIRECTION('center_axis',(0.,0.,1.));
#5616=DIRECTION('ref_axis',(0.990913068990076,0.134503865017589,0.));
#5617=DIRECTION('center_axis',(0.,0.,-1.));
#5618=DIRECTION('ref_axis',(0.5,0.866025403784438,0.));
#5619=DIRECTION('center_axis',(0.,0.,1.));
#5620=DIRECTION('ref_axis',(0.5,0.866025403784438,0.));
#5621=DIRECTION('center_axis',(0.691654801480224,-0.147015766465198,-0.707106781186549));
#5622=DIRECTION('ref_axis',(0.691654801480227,-0.147015766465199,0.707106781186546));
#5623=DIRECTION('',(0.,0.,1.));
#5624=DIRECTION('center_axis',(0.691654801480225,-0.147015766465199,0.707106781186548));
#5625=DIRECTION('ref_axis',(0.691654801480226,-0.147015766465199,-0.707106781186547));
#5626=DIRECTION('center_axis',(0.,0.,1.));
#5627=DIRECTION('ref_axis',(0.5,0.866025403784438,0.));
#5628=DIRECTION('center_axis',(0.,0.,-1.));
#5629=DIRECTION('ref_axis',(-0.919558756990218,-0.39295253204758,0.));
#5630=DIRECTION('center_axis',(0.691654801480225,-0.147015766465199,0.707106781186548));
#5631=DIRECTION('ref_axis',(-0.691654801480226,0.147015766465199,0.707106781186547));
#5632=DIRECTION('center_axis',(0.691654801480224,-0.147015766465198,-0.707106781186549));
#5633=DIRECTION('ref_axis',(-0.691654801480227,0.147015766465199,-0.707106781186546));
#5634=DIRECTION('',(0.,0.,-1.));
#5635=DIRECTION('center_axis',(-0.691654801480224,0.147015766465198,0.707106781186549));
#5636=DIRECTION('ref_axis',(0.714874501110362,0.,0.699252778086874));
#5637=DIRECTION('',(0.20791169081776,0.978147600733806,0.));
#5638=DIRECTION('',(-0.20791169081776,-0.978147600733806,0.));
#5639=DIRECTION('center_axis',(0.,0.,-1.));
#5640=DIRECTION('ref_axis',(0.191133372962624,-0.981564075208507,0.));
#5641=DIRECTION('',(0.,0.,1.));
#5642=DIRECTION('',(0.,0.,-1.));
#5643=DIRECTION('center_axis',(0.,0.,-1.));
#5644=DIRECTION('ref_axis',(-0.611940298507463,0.790903958178613,0.));
#5645=DIRECTION('center_axis',(0.,0.,-1.));
#5646=DIRECTION('ref_axis',(-0.611940298507463,0.790903958178613,0.));
#5647=DIRECTION('center_axis',(0.,0.,1.));
#5648=DIRECTION('ref_axis',(-0.611940298507463,0.790903958178613,0.));
#5649=DIRECTION('center_axis',(0.,0.,-1.));
#5650=DIRECTION('ref_axis',(-1.,0.,0.));
#5651=DIRECTION('center_axis',(0.,0.,1.));
#5652=DIRECTION('ref_axis',(-1.,0.,0.));
#5653=DIRECTION('center_axis',(-0.21850801222441,0.672498511963956,-0.707106781186548));
#5654=DIRECTION('ref_axis',(-0.218508012224411,0.672498511963958,0.707106781186547));
#5655=DIRECTION('',(0.,0.,1.));
#5656=DIRECTION('center_axis',(-0.218508012224411,0.672498511963959,0.707106781186546));
#5657=DIRECTION('ref_axis',(-0.21850801222441,0.672498511963956,-0.707106781186549));
#5658=DIRECTION('center_axis',(0.,0.,1.));
#5659=DIRECTION('ref_axis',(-1.,0.,0.));
#5660=DIRECTION('center_axis',(0.,0.,-1.));
#5661=DIRECTION('ref_axis',(0.800086253729732,-0.599884977802181,0.));
#5662=DIRECTION('center_axis',(-0.218508012224411,0.672498511963959,0.707106781186546));
#5663=DIRECTION('ref_axis',(0.21850801222441,-0.672498511963956,0.707106781186549));
#5664=DIRECTION('center_axis',(-0.21850801222441,0.672498511963956,-0.707106781186548));
#5665=DIRECTION('ref_axis',(0.218508012224411,-0.672498511963958,-0.707106781186547));
#5666=DIRECTION('',(0.,0.,-1.));
#5667=DIRECTION('center_axis',(0.21850801222441,-0.672498511963956,0.707106781186548));
#5668=DIRECTION('ref_axis',(0.955422563220238,0.,-0.295241808844326));
#5669=DIRECTION('',(-0.951056516295153,-0.309016994374948,0.));
#5670=DIRECTION('',(0.951056516295153,0.309016994374948,0.));
#5671=DIRECTION('center_axis',(0.,0.,-1.));
#5672=DIRECTION('ref_axis',(1.,0.,0.));
#5673=DIRECTION('center_axis',(0.,0.,-1.));
#5674=DIRECTION('ref_axis',(1.,0.,0.));
#5675=DIRECTION('',(0.707106781186548,-8.65956056235494E-17,0.707106781186547));
#5676=DIRECTION('center_axis',(0.,0.,1.));
#5677=DIRECTION('ref_axis',(1.,0.,0.));
#5678=DIRECTION('center_axis',(0.,0.,1.));
#5679=DIRECTION('ref_axis',(1.,0.,0.));
#5680=DIRECTION('',(0.,0.,1.));
#5681=DIRECTION('center_axis',(0.,0.,-1.));
#5682=DIRECTION('ref_axis',(-1.,0.,0.));
#5683=DIRECTION('',(0.,0.,-1.));
#5684=DIRECTION('center_axis',(0.0984102434476222,-0.70022526659967,0.707106781186548));
#5685=DIRECTION('ref_axis',(0.0984102434476223,-0.700225266599671,-0.707106781186547));
#5686=DIRECTION('center_axis',(0.,0.,1.));
#5687=DIRECTION('ref_axis',(1.,0.,0.));
#5688=DIRECTION('',(0.,0.,1.));
#5689=DIRECTION('center_axis',(0.,0.,-1.));
#5690=DIRECTION('ref_axis',(1.,0.,0.));
#5691=DIRECTION('',(0.,0.,-1.));
#5692=DIRECTION('center_axis',(0.557207747523236,0.435338404118088,0.707106781186546));
#5693=DIRECTION('ref_axis',(0.557207747523234,0.435338404118086,-0.707106781186549));
#5694=DIRECTION('center_axis',(0.,0.,1.));
#5695=DIRECTION('ref_axis',(1.,0.,0.));
#5696=DIRECTION('center_axis',(0.691654801480225,-0.147015766465199,0.707106781186548));
#5697=DIRECTION('ref_axis',(0.691654801480226,-0.147015766465199,-0.707106781186547));
#5698=DIRECTION('',(0.,0.,1.));
#5699=DIRECTION('center_axis',(0.,0.,-1.));
#5700=DIRECTION('ref_axis',(1.,0.,0.));
#5701=DIRECTION('',(0.,0.,-1.));
#5702=DIRECTION('center_axis',(-0.655617990970858,0.264886862481584,0.707106781186546));
#5703=DIRECTION('ref_axis',(0.655617990970856,-0.264886862481583,0.707106781186549));
#5704=DIRECTION('center_axis',(0.,0.,1.));
#5705=DIRECTION('ref_axis',(1.,0.,0.));
#5706=DIRECTION('center_axis',(-0.218508012224411,0.672498511963959,0.707106781186546));
#5707=DIRECTION('ref_axis',(0.21850801222441,-0.672498511963956,0.707106781186549));
#5708=DIRECTION('',(0.,0.,1.));
#5709=DIRECTION('center_axis',(0.,0.,-1.));
#5710=DIRECTION('ref_axis',(-1.,0.,0.));
#5711=DIRECTION('center_axis',(0.,0.,1.));
#5712=DIRECTION('ref_axis',(1.,0.,0.));
#5713=DIRECTION('center_axis',(0.,0.,-1.));
#5714=DIRECTION('ref_axis',(0.254439353505975,-0.967088731910088,0.));
#5715=DIRECTION('',(0.91354545764256,-0.406736643075892,0.));
#5716=DIRECTION('center_axis',(0.,0.,1.));
#5717=DIRECTION('ref_axis',(-0.142716061602707,0.989763671671481,0.));
#5718=DIRECTION('center_axis',(0.,0.,1.));
#5719=DIRECTION('ref_axis',(-0.695159521776852,-0.718855506540068,0.));
#5720=DIRECTION('center_axis',(0.,0.,1.));
#5721=DIRECTION('ref_axis',(0.142716061602789,0.98976367167147,0.));
#5722=DIRECTION('',(0.913545457642594,0.406736643075816,0.));
#5723=DIRECTION('center_axis',(0.,0.,-1.));
#5724=DIRECTION('ref_axis',(-0.254439353506058,-0.967088731910066,0.));
#5725=DIRECTION('center_axis',(0.,0.,1.));
#5726=DIRECTION('ref_axis',(-0.787515000686235,0.616295484077369,0.));
#5727=DIRECTION('center_axis',(0.,0.,-1.));
#5728=DIRECTION('ref_axis',(-0.254439353505951,0.967088731910094,0.));
#5729=DIRECTION('',(-0.913545457642549,0.406736643075917,0.));
#5730=DIRECTION('center_axis',(0.,0.,1.));
#5731=DIRECTION('ref_axis',(0.142716061602682,-0.989763671671485,0.));
#5732=DIRECTION('center_axis',(0.,0.,1.));
#5733=DIRECTION('ref_axis',(0.695159521776837,0.718855506540084,0.));
#5734=DIRECTION('center_axis',(0.,0.,1.));
#5735=DIRECTION('ref_axis',(-0.142716061602766,-0.989763671671473,0.));
#5736=DIRECTION('',(-0.913545457642583,-0.40673664307584,0.));
#5737=DIRECTION('center_axis',(0.,0.,-1.));
#5738=DIRECTION('ref_axis',(0.254439353506032,0.967088731910073,0.));
#5739=DIRECTION('center_axis',(0.,0.,1.));
#5740=DIRECTION('ref_axis',(0.787515000686257,-0.616295484077341,0.));
#5741=DIRECTION('center_axis',(0.,0.,-1.));
#5742=DIRECTION('ref_axis',(-1.,0.,0.));
#5743=DIRECTION('center_axis',(0.,0.,-1.));
#5744=DIRECTION('ref_axis',(-1.,0.,0.));
#5745=DIRECTION('',(0.707106781186547,8.65956056235493E-17,-0.707106781186547));
#5746=DIRECTION('center_axis',(0.,0.,1.));
#5747=DIRECTION('ref_axis',(-1.,0.,0.));
#5748=DIRECTION('center_axis',(0.,0.,1.));
#5749=DIRECTION('ref_axis',(-1.,0.,0.));
#5750=DIRECTION('',(0.,0.,-1.));
#5751=DIRECTION('center_axis',(0.,0.,-1.));
#5752=DIRECTION('ref_axis',(-1.,0.,0.));
#5753=DIRECTION('center_axis',(0.,0.,1.));
#5754=DIRECTION('ref_axis',(-1.,0.,0.));
#5755=DIRECTION('',(0.743144825477394,-0.669130606358858,0.));
#5756=DIRECTION('center_axis',(0.,0.,1.));
#5757=DIRECTION('ref_axis',(-0.378972770482612,-0.925407823196202,0.));
#5758=DIRECTION('',(0.866025403784438,0.500000000000001,0.));
#5759=DIRECTION('center_axis',(0.,0.,1.));
#5760=DIRECTION('ref_axis',(0.5,-0.866025403784439,0.));
#5761=DIRECTION('',(0.99026806874157,0.139173100960065,0.));
#5762=DIRECTION('center_axis',(0.,0.,1.));
#5763=DIRECTION('ref_axis',(-1.,0.,0.));
#5764=DIRECTION('center_axis',(0.,0.,1.));
#5765=DIRECTION('ref_axis',(-0.611940298507463,0.790903958178613,0.));
#5766=DIRECTION('',(1.11581509111623E-15,-1.,0.));
#5767=DIRECTION('center_axis',(0.,0.,1.));
#5768=DIRECTION('ref_axis',(-1.,0.,0.));
#5769=DIRECTION('',(-0.374606593415912,-0.927183854566787,0.));
#5770=DIRECTION('center_axis',(0.,0.,1.));
#5771=DIRECTION('ref_axis',(1.,0.,0.));
#5772=DIRECTION('center_axis',(0.,0.,1.));
#5773=DIRECTION('ref_axis',(0.990913068990076,0.134503865017589,0.));
#5774=DIRECTION('',(-0.866025403784439,0.499999999999999,0.));
#5775=DIRECTION('center_axis',(0.,0.,1.));
#5776=DIRECTION('ref_axis',(0.5,0.866025403784438,0.));
#5777=DIRECTION('',(-0.615661475325658,0.788010753606722,0.));
#5778=DIRECTION('center_axis',(0.,0.,1.));
#5779=DIRECTION('ref_axis',(1.,0.,0.));
#5780=DIRECTION('center_axis',(-0.353553390593274,-0.612372435695796,-0.707106781186546));
#5781=DIRECTION('ref_axis',(-0.894427190999915,0.,0.447213595499959));
#5782=DIRECTION('',(-0.866025403784439,0.499999999999999,0.));
#5783=DIRECTION('',(0.866025403784439,-0.499999999999999,0.));
#5784=DIRECTION('center_axis',(0.,0.,-1.));
#5785=DIRECTION('ref_axis',(0.5,0.866025403784438,0.));
#5786=DIRECTION('center_axis',(0.,0.,1.));
#5787=DIRECTION('ref_axis',(0.500000000000001,0.866025403784438,0.));
#5788=DIRECTION('center_axis',(0.,0.,-1.));
#5789=DIRECTION('ref_axis',(0.5,0.866025403784438,0.));
#5790=DIRECTION('center_axis',(-0.557207747523236,-0.435338404118088,-0.707106781186546));
#5791=DIRECTION('ref_axis',(-0.785441282744975,0.,0.618936177129701));
#5792=DIRECTION('',(0.615661475325658,-0.788010753606722,0.));
#5793=DIRECTION('',(-0.615661475325658,0.788010753606722,0.));
#5794=DIRECTION('center_axis',(0.,0.,-1.));
#5795=DIRECTION('ref_axis',(0.990913068990075,0.134503865017589,0.));
#5796=DIRECTION('',(0.,0.,-1.));
#5797=DIRECTION('center_axis',(0.,0.,-1.));
#5798=DIRECTION('ref_axis',(0.990913068990076,0.134503865017589,0.));
#5799=DIRECTION('center_axis',(-0.5,-0.866025403784439,0.));
#5800=DIRECTION('ref_axis',(-0.866025403784439,0.499999999999999,0.));
#5801=DIRECTION('',(0.,0.,-1.));
#5802=DIRECTION('',(0.866025403784439,-0.499999999999999,0.));
#5803=DIRECTION('center_axis',(0.,0.,-1.));
#5804=DIRECTION('ref_axis',(0.500000000000001,0.866025403784438,0.));
#5805=DIRECTION('',(0.,0.,-1.));
#5806=DIRECTION('center_axis',(0.,0.,-1.));
#5807=DIRECTION('ref_axis',(0.500000000000001,0.866025403784438,0.));
#5808=DIRECTION('center_axis',(-0.788010753606722,-0.615661475325658,0.));
#5809=DIRECTION('ref_axis',(-0.615661475325658,0.788010753606722,0.));
#5810=DIRECTION('',(0.615661475325658,-0.788010753606722,0.));
#5811=DIRECTION('center_axis',(-0.691654801480225,0.147015766465199,-0.707106781186548));
#5812=DIRECTION('ref_axis',(-0.714874501110361,0.,0.699252778086875));
#5813=DIRECTION('',(0.20791169081776,0.978147600733806,0.));
#5814=DIRECTION('',(-0.20791169081776,-0.978147600733806,0.));
#5815=DIRECTION('center_axis',(-0.978147600733806,0.20791169081776,0.));
#5816=DIRECTION('ref_axis',(0.20791169081776,0.978147600733806,0.));
#5817=DIRECTION('center_axis',(0.707106781186549,7.89000417478572E-16,-0.707106781186546));
#5818=DIRECTION('ref_axis',(-0.707106781186546,0.,-0.707106781186549));
#5819=DIRECTION('',(1.11581509111623E-15,-1.,0.));
#5820=DIRECTION('',(-1.11581509111623E-15,1.,0.));
#5821=DIRECTION('center_axis',(0.,0.,-1.));
#5822=DIRECTION('ref_axis',(-1.,0.,0.));
#5823=DIRECTION('center_axis',(0.,0.,1.));
#5824=DIRECTION('ref_axis',(-1.,0.,0.));
#5825=DIRECTION('center_axis',(0.,0.,-1.));
#5826=DIRECTION('ref_axis',(-1.,0.,0.));
#5827=DIRECTION('center_axis',(0.655617990970858,-0.264886862481584,-0.707106781186546));
#5828=DIRECTION('ref_axis',(-0.733300648537076,0.,-0.679904521866934));
#5829=DIRECTION('',(0.374606593415912,0.927183854566787,0.));
#5830=DIRECTION('',(-0.374606593415912,-0.927183854566787,0.));
#5831=DIRECTION('center_axis',(0.,0.,-1.));
#5832=DIRECTION('ref_axis',(-0.611940298507463,0.790903958178613,0.));
#5833=DIRECTION('',(0.,0.,-1.));
#5834=DIRECTION('center_axis',(0.,0.,-1.));
#5835=DIRECTION('ref_axis',(-0.611940298507463,0.790903958178613,0.));
#5836=DIRECTION('center_axis',(1.,1.11581509111623E-15,0.));
#5837=DIRECTION('ref_axis',(1.11581509111623E-15,-1.,0.));
#5838=DIRECTION('',(0.,0.,-1.));
#5839=DIRECTION('',(-1.11581509111623E-15,1.,0.));
#5840=DIRECTION('center_axis',(0.,0.,-1.));
#5841=DIRECTION('ref_axis',(-1.,0.,0.));
#5842=DIRECTION('',(0.,0.,-1.));
#5843=DIRECTION('center_axis',(0.,0.,-1.));
#5844=DIRECTION('ref_axis',(-1.,0.,0.));
#5845=DIRECTION('center_axis',(0.927183854566787,-0.374606593415912,0.));
#5846=DIRECTION('ref_axis',(-0.374606593415912,-0.927183854566787,0.));
#5847=DIRECTION('',(0.374606593415912,0.927183854566787,0.));
#5848=DIRECTION('center_axis',(0.218508012224411,-0.672498511963959,-0.707106781186546));
#5849=DIRECTION('ref_axis',(-0.955422563220238,0.,-0.295241808844327));
#5850=DIRECTION('',(-0.951056516295153,-0.309016994374948,0.));
#5851=DIRECTION('',(0.951056516295153,0.309016994374948,0.));
#5852=DIRECTION('center_axis',(0.309016994374948,-0.951056516295154,0.));
#5853=DIRECTION('ref_axis',(-0.951056516295153,-0.309016994374948,0.));
#5854=DIRECTION('center_axis',(0.669130606358858,0.743144825477394,0.));
#5855=DIRECTION('ref_axis',(0.743144825477394,-0.669130606358858,0.));
#5856=DIRECTION('',(-0.743144825477394,0.669130606358858,0.));
#5857=DIRECTION('center_axis',(-0.353553390593274,0.612372435695794,-0.707106781186548));
#5858=DIRECTION('ref_axis',(-0.894427190999916,0.,0.447213595499958));
#5859=DIRECTION('',(-0.866025403784438,-0.500000000000001,0.));
#5860=DIRECTION('',(0.866025403784438,0.500000000000001,0.));
#5861=DIRECTION('center_axis',(0.,0.,-1.));
#5862=DIRECTION('ref_axis',(0.5,-0.866025403784439,0.));
#5863=DIRECTION('center_axis',(0.,0.,-1.));
#5864=DIRECTION('ref_axis',(0.5,-0.866025403784439,0.));
#5865=DIRECTION('center_axis',(0.,0.,1.));
#5866=DIRECTION('ref_axis',(0.5,-0.866025403784439,0.));
#5867=DIRECTION('center_axis',(-0.0984102434476222,0.70022526659967,-0.707106781186548));
#5868=DIRECTION('ref_axis',(-0.990453877514607,0.,0.137844537491628));
#5869=DIRECTION('',(-0.99026806874157,-0.139173100960065,0.));
#5870=DIRECTION('',(0.99026806874157,0.139173100960065,0.));
#5871=DIRECTION('center_axis',(0.,0.,-1.));
#5872=DIRECTION('ref_axis',(-0.378972770482612,-0.925407823196202,0.));
#5873=DIRECTION('',(0.,0.,-1.));
#5874=DIRECTION('center_axis',(0.,0.,-1.));
#5875=DIRECTION('ref_axis',(-0.378972770482612,-0.925407823196202,0.));
#5876=DIRECTION('center_axis',(-0.500000000000001,0.866025403784438,0.));
#5877=DIRECTION('ref_axis',(0.866025403784438,0.500000000000001,0.));
#5878=DIRECTION('',(0.,0.,-1.));
#5879=DIRECTION('',(-0.866025403784438,-0.500000000000001,0.));
#5880=DIRECTION('center_axis',(0.,0.,-1.));
#5881=DIRECTION('ref_axis',(0.5,-0.866025403784439,0.));
#5882=DIRECTION('',(0.,0.,-1.));
#5883=DIRECTION('center_axis',(0.,0.,-1.));
#5884=DIRECTION('ref_axis',(0.5,-0.866025403784439,0.));
#5885=DIRECTION('center_axis',(-0.139173100960065,0.99026806874157,0.));
#5886=DIRECTION('ref_axis',(0.99026806874157,0.139173100960065,0.));
#5887=DIRECTION('',(-0.99026806874157,-0.139173100960065,0.));
#5888=DIRECTION('center_axis',(-0.353553390593273,-0.612372435695794,0.707106781186548));
#5889=DIRECTION('ref_axis',(0.894427190999916,0.,0.447213595499957));
#5890=DIRECTION('center_axis',(0.,0.,1.));
#5891=DIRECTION('ref_axis',(0.5,0.866025403784438,0.));
#5892=DIRECTION('center_axis',(0.473146789255815,0.525482745498759,0.707106781186548));
#5893=DIRECTION('ref_axis',(0.831103952697922,0.,-0.556117091816004));
#5894=DIRECTION('center_axis',(0.,0.,1.));
#5895=DIRECTION('ref_axis',(1.,0.,0.));
#5896=DIRECTION('center_axis',(-0.557207747523235,-0.435338404118087,0.707106781186547));
#5897=DIRECTION('ref_axis',(0.785441282744976,0.,0.6189361771297));
#5898=DIRECTION('center_axis',(0.,0.,1.));
#5899=DIRECTION('ref_axis',(0.990913068990076,0.134503865017589,0.));
#5900=DIRECTION('center_axis',(0.,0.,1.));
#5901=DIRECTION('ref_axis',(1.,0.,0.));
#5902=DIRECTION('center_axis',(0.707106781186547,7.8900041747857E-16,0.707106781186548));
#5903=DIRECTION('ref_axis',(0.707106781186548,0.,-0.707106781186547));
#5904=DIRECTION('center_axis',(0.,0.,1.));
#5905=DIRECTION('ref_axis',(-0.611940298507463,0.790903958178613,0.));
#5906=DIRECTION('center_axis',(0.,0.,1.));
#5907=DIRECTION('ref_axis',(-1.,0.,0.));
#5908=DIRECTION('center_axis',(0.655617990970857,-0.264886862481583,0.707106781186547));
#5909=DIRECTION('ref_axis',(0.733300648537077,0.,-0.679904521866933));
#5910=DIRECTION('center_axis',(-0.353553390593274,0.612372435695794,0.707106781186548));
#5911=DIRECTION('ref_axis',(0.894427190999916,0.,0.447213595499958));
#5912=DIRECTION('center_axis',(0.,0.,1.));
#5913=DIRECTION('ref_axis',(0.5,-0.866025403784439,0.));
#5914=DIRECTION('center_axis',(0.,0.,1.));
#5915=DIRECTION('ref_axis',(-1.,0.,0.));
#5916=DIRECTION('center_axis',(-0.0984102434476222,0.70022526659967,0.707106781186548));
#5917=DIRECTION('ref_axis',(0.990453877514607,0.,0.137844537491628));
#5918=DIRECTION('center_axis',(0.,0.,1.));
#5919=DIRECTION('ref_axis',(-0.378972770482612,-0.925407823196202,0.));
#5920=DIRECTION('center_axis',(0.,0.,1.));
#5921=DIRECTION('ref_axis',(0.5,0.866025403784438,0.));
#5922=DIRECTION('center_axis',(0.,0.,1.));
#5923=DIRECTION('ref_axis',(0.5,-0.866025403784439,0.));
#5924=DIRECTION('center_axis',(0.,0.,1.));
#5925=DIRECTION('ref_axis',(-1.,0.,0.));
#5926=DIRECTION('center_axis',(0.,0.,1.));
#5927=DIRECTION('ref_axis',(1.,0.,0.));
#5928=DIRECTION('center_axis',(0.,0.,-1.));
#5929=DIRECTION('ref_axis',(-1.,0.,0.));
#5930=DIRECTION('center_axis',(0.,0.,1.));
#5931=DIRECTION('ref_axis',(1.,0.,0.));
#5932=DIRECTION('center_axis',(0.,0.,-1.));
#5933=DIRECTION('ref_axis',(-1.,0.,0.));
#5934=DIRECTION('center_axis',(0.,0.,1.));
#5935=DIRECTION('ref_axis',(-1.,0.,0.));
#5936=DIRECTION('center_axis',(0.,0.,-1.));
#5937=DIRECTION('ref_axis',(-1.,0.,0.));
#5938=DIRECTION('center_axis',(0.,0.,1.));
#5939=DIRECTION('ref_axis',(0.5,0.866025403784438,0.));
#5940=DIRECTION('center_axis',(-0.694658370458909,0.719339800338736,0.));
#5941=DIRECTION('ref_axis',(-0.719339800338736,-0.694658370458909,0.));
#5942=DIRECTION('',(0.719339800338736,0.694658370458909,0.));
#5943=DIRECTION('',(0.,0.,1.));
#5944=DIRECTION('',(-0.719339800338736,-0.694658370458909,0.));
#5945=DIRECTION('',(0.,0.,1.));
#5946=DIRECTION('center_axis',(0.0697564737441244,0.997564050259824,0.));
#5947=DIRECTION('ref_axis',(-0.997564050259824,0.0697564737441243,0.));
#5948=DIRECTION('',(0.997564050259824,-0.0697564737441243,0.));
#5949=DIRECTION('',(-0.997564050259824,0.0697564737441243,0.));
#5950=DIRECTION('center_axis',(0.,0.,1.));
#5951=DIRECTION('ref_axis',(-1.,0.,0.));
#5952=DIRECTION('',(-0.913545457642594,-0.406736643075816,0.));
#5953=DIRECTION('center_axis',(0.,0.,-1.));
#5954=DIRECTION('ref_axis',(0.40673664307582,-0.913545457642592,0.));
#5955=DIRECTION('center_axis',(0.,0.,1.));
#5956=DIRECTION('ref_axis',(-0.606128722098628,0.795366564702769,0.));
#5957=DIRECTION('',(0.913545457642594,0.406736643075816,0.));
#5958=DIRECTION('center_axis',(0.,0.,-1.));
#5959=DIRECTION('ref_axis',(-0.40673664307582,0.913545457642592,0.));
#5960=DIRECTION('center_axis',(0.,0.,1.));
#5961=DIRECTION('ref_axis',(0.606128722098628,-0.795366564702769,0.));
#5962=DIRECTION('',(-0.719339800338736,-0.694658370458909,0.));
#5963=DIRECTION('',(-0.997564050259824,0.0697564737441242,0.));
#5964=DIRECTION('center_axis',(0.694658370458909,-0.719339800338736,0.));
#5965=DIRECTION('ref_axis',(0.719339800338736,0.694658370458909,0.));
#5966=DIRECTION('',(0.,0.,1.));
#5967=DIRECTION('',(0.719339800338736,0.694658370458909,0.));
#5968=DIRECTION('',(0.,0.,1.));
#5969=DIRECTION('center_axis',(-0.0697564737441242,-0.997564050259824,0.));
#5970=DIRECTION('ref_axis',(0.997564050259824,-0.0697564737441242,0.));
#5971=DIRECTION('',(0.997564050259824,-0.0697564737441242,0.));
#5972=DIRECTION('center_axis',(0.,0.,-1.));
#5973=DIRECTION('ref_axis',(-0.695159521776852,-0.718855506540068,0.));
#5974=DIRECTION('center_axis',(0.,0.,1.));
#5975=DIRECTION('ref_axis',(-0.695159521776852,-0.718855506540068,0.));
#5976=DIRECTION('',(0.458384774628267,-0.53840820795099,-0.707106781186545));
#5977=DIRECTION('center_axis',(0.,0.,-1.));
#5978=DIRECTION('ref_axis',(-0.695159521776852,-0.718855506540068,0.));
#5979=DIRECTION('center_axis',(-0.287606238475889,0.645974188021082,-0.707106781186727));
#5980=DIRECTION('ref_axis',(-0.926309308298607,0.,0.376763938507065));
#5981=DIRECTION('',(0.913545457642594,0.406736643075816,0.));
#5982=DIRECTION('',(0.287606238476035,-0.64597418802141,-0.707106781186368));
#5983=DIRECTION('',(-0.913545457642594,-0.406736643075816,0.));
#5984=DIRECTION('center_axis',(0.287606238475978,-0.645974188021237,-0.70710678118655));
#5985=DIRECTION('ref_axis',(-0.926309308298534,0.,-0.376763938507247));
#5986=DIRECTION('',(-0.913545457642583,-0.40673664307584,0.));
#5987=DIRECTION('',(-0.28760623847598,0.64597418802124,-0.707106781186545));
#5988=DIRECTION('',(0.913545457642583,0.40673664307584,0.));
#5989=DIRECTION('center_axis',(0.,0.,1.));
#5990=DIRECTION('ref_axis',(-0.142716061602766,-0.989763671671473,0.));
#5991=DIRECTION('center_axis',(0.,0.,-1.));
#5992=DIRECTION('ref_axis',(-0.142716061602766,-0.989763671671473,0.));
#5993=DIRECTION('',(0.4583847746283,0.538408207950959,-0.707106781186547));
#5994=DIRECTION('center_axis',(0.,0.,1.));
#5995=DIRECTION('ref_axis',(-0.142716061602766,-0.989763671671473,0.));
#5996=DIRECTION('center_axis',(0.,0.,-1.));
#5997=DIRECTION('ref_axis',(0.695159521776837,0.718855506540083,0.));
#5998=DIRECTION('center_axis',(0.,0.,-1.));
#5999=DIRECTION('ref_axis',(0.695159521776836,0.718855506540083,0.));
#6000=DIRECTION('center_axis',(0.,0.,1.));
#6001=DIRECTION('ref_axis',(0.695159521776837,0.718855506540084,0.));
#6002=DIRECTION('center_axis',(0.,0.,-1.));
#6003=DIRECTION('ref_axis',(0.695159521776836,0.718855506540083,0.));
#6004=DIRECTION('center_axis',(0.,0.,1.));
#6005=DIRECTION('ref_axis',(0.695159521776837,0.718855506540084,0.));
#6006=DIRECTION('',(-0.458384774628252,0.538408207951,-0.707106781186547));
#6007=DIRECTION('center_axis',(0.,0.,-1.));
#6008=DIRECTION('ref_axis',(0.695159521776837,0.718855506540083,0.));
#6009=DIRECTION('center_axis',(0.,0.,1.));
#6010=DIRECTION('ref_axis',(0.142716061602682,-0.989763671671485,0.));
#6011=DIRECTION('center_axis',(0.,0.,-1.));
#6012=DIRECTION('ref_axis',(0.142716061602682,-0.989763671671485,0.));
#6013=DIRECTION('',(0.287606238476033,0.645974188021216,-0.707106781186546));
#6014=DIRECTION('center_axis',(0.,0.,1.));
#6015=DIRECTION('ref_axis',(0.142716061602682,-0.989763671671485,0.));
#6016=DIRECTION('center_axis',(-0.287606238476033,-0.645974188021214,-0.707106781186548));
#6017=DIRECTION('ref_axis',(-0.926309308298508,0.,0.376763938507309));
#6018=DIRECTION('',(0.287606238476032,0.645974188021215,-0.707106781186547));
#6019=DIRECTION('',(0.913545457642549,-0.406736643075917,0.));
#6020=DIRECTION('',(-0.913545457642549,0.406736643075917,0.));
#6021=DIRECTION('center_axis',(0.,0.,-1.));
#6022=DIRECTION('ref_axis',(-0.254439353505951,0.967088731910094,0.));
#6023=DIRECTION('center_axis',(0.,0.,1.));
#6024=DIRECTION('ref_axis',(-0.254439353505951,0.967088731910094,0.));
#6025=DIRECTION('',(-0.568271171620581,0.420794338727329,-0.707106781186548));
#6026=DIRECTION('center_axis',(0.,0.,-1.));
#6027=DIRECTION('ref_axis',(-0.254439353505951,0.967088731910094,0.));
#6028=DIRECTION('center_axis',(0.,0.,-1.));
#6029=DIRECTION('ref_axis',(-0.787515000686235,0.616295484077369,0.));
#6030=DIRECTION('',(-0.568271171620627,-0.42079433872727,-0.707106781186547));
#6031=DIRECTION('center_axis',(0.,0.,-1.));
#6032=DIRECTION('ref_axis',(-0.787515000686235,0.616295484077369,0.));
#6033=DIRECTION('center_axis',(0.,0.,1.));
#6034=DIRECTION('ref_axis',(-0.787515000686235,0.616295484077369,0.));
#6035=DIRECTION('center_axis',(0.,0.,-1.));
#6036=DIRECTION('ref_axis',(-0.254439353506058,-0.967088731910066,0.));
#6037=DIRECTION('center_axis',(0.,0.,1.));
#6038=DIRECTION('ref_axis',(-0.254439353506058,-0.967088731910066,0.));
#6039=DIRECTION('',(0.287606238475963,-0.645974188021245,-0.707106781186547));
#6040=DIRECTION('center_axis',(0.,0.,-1.));
#6041=DIRECTION('ref_axis',(-0.254439353506058,-0.967088731910066,0.));
#6042=DIRECTION('center_axis',(-0.287606238475961,0.645974188021245,-0.707106781186549));
#6043=DIRECTION('ref_axis',(-0.926309308298541,0.,0.376763938507228));
#6044=DIRECTION('',(-0.913545457642594,-0.406736643075816,0.));
#6045=DIRECTION('',(0.913545457642594,0.406736643075816,0.));
#6046=DIRECTION('center_axis',(0.,0.,1.));
#6047=DIRECTION('ref_axis',(0.142716061602788,0.98976367167147,0.));
#6048=DIRECTION('center_axis',(0.,0.,-1.));
#6049=DIRECTION('ref_axis',(0.142716061602789,0.98976367167147,0.));
#6050=DIRECTION('',(-0.458384774628311,-0.53840820795095,-0.707106781186547));
#6051=DIRECTION('center_axis',(0.,0.,1.));
#6052=DIRECTION('ref_axis',(0.142716061602789,0.98976367167147,0.));
#6053=DIRECTION('center_axis',(0.,0.,-1.));
#6054=DIRECTION('ref_axis',(-0.695159521776852,-0.718855506540068,0.));
#6055=DIRECTION('center_axis',(0.,0.,-1.));
#6056=DIRECTION('ref_axis',(-0.695159521776852,-0.718855506540068,0.));
#6057=DIRECTION('center_axis',(0.,0.,1.));
#6058=DIRECTION('ref_axis',(-0.695159521776852,-0.718855506540068,0.));
#6059=DIRECTION('center_axis',(0.,0.,1.));
#6060=DIRECTION('ref_axis',(-0.142716061602707,0.989763671671481,0.));
#6061=DIRECTION('center_axis',(0.,0.,-1.));
#6062=DIRECTION('ref_axis',(-0.142716061602707,0.989763671671482,0.));
#6063=DIRECTION('',(-0.287606238476015,-0.645974188021222,-0.707106781186548));
#6064=DIRECTION('center_axis',(0.,0.,1.));
#6065=DIRECTION('ref_axis',(-0.142716061602707,0.989763671671482,0.));
#6066=DIRECTION('center_axis',(0.287606238476015,0.645974188021223,-0.707106781186547));
#6067=DIRECTION('ref_axis',(-0.926309308298516,0.,-0.37676393850729));
#6068=DIRECTION('',(-0.287606238476014,-0.645974188021222,-0.707106781186548));
#6069=DIRECTION('',(-0.91354545764256,0.406736643075892,0.));
#6070=DIRECTION('',(0.91354545764256,-0.406736643075892,0.));
#6071=DIRECTION('center_axis',(0.,0.,-1.));
#6072=DIRECTION('ref_axis',(0.254439353505975,-0.967088731910088,0.));
#6073=DIRECTION('center_axis',(0.,0.,1.));
#6074=DIRECTION('ref_axis',(0.254439353505975,-0.967088731910088,0.));
#6075=DIRECTION('',(0.568271171620598,-0.420794338727311,-0.707106781186546));
#6076=DIRECTION('center_axis',(0.,0.,-1.));
#6077=DIRECTION('ref_axis',(0.254439353505975,-0.967088731910088,0.));
#6078=DIRECTION('center_axis',(0.,0.,-1.));
#6079=DIRECTION('ref_axis',(0.787515000686257,-0.616295484077341,0.));
#6080=DIRECTION('',(0.568271171620621,0.420794338727278,-0.707106781186547));
#6081=DIRECTION('center_axis',(0.,0.,-1.));
#6082=DIRECTION('ref_axis',(0.787515000686257,-0.616295484077341,0.));
#6083=DIRECTION('center_axis',(0.,0.,1.));
#6084=DIRECTION('ref_axis',(0.787515000686257,-0.616295484077341,0.));
#6085=DIRECTION('center_axis',(0.,0.,-1.));
#6086=DIRECTION('ref_axis',(0.254439353506032,0.967088731910072,0.));
#6087=DIRECTION('center_axis',(0.,0.,1.));
#6088=DIRECTION('ref_axis',(0.254439353506032,0.967088731910073,0.));
#6089=DIRECTION('',(-0.287606238475982,0.645974188021238,-0.707106781186547));
#6090=DIRECTION('center_axis',(0.,0.,-1.));
#6091=DIRECTION('ref_axis',(0.254439353506032,0.967088731910073,0.));
#6092=DIRECTION('center_axis',(0.287606238475979,-0.645974188021239,-0.707106781186547));
#6093=DIRECTION('ref_axis',(-0.926309308298533,0.,-0.376763938507249));
#6094=DIRECTION('',(0.913545457642583,0.40673664307584,0.));
#6095=DIRECTION('',(-0.913545457642583,-0.40673664307584,0.));
#6096=DIRECTION('center_axis',(0.,0.,-1.));
#6097=DIRECTION('ref_axis',(-0.695159521776852,-0.718855506540068,0.));
#6098=DIRECTION('',(0.,0.,-1.));
#6099=DIRECTION('',(0.,0.,1.));
#6100=DIRECTION('center_axis',(0.,0.,1.));
#6101=DIRECTION('ref_axis',(0.142716061602789,0.98976367167147,0.));
#6102=DIRECTION('',(0.,0.,1.));
#6103=DIRECTION('center_axis',(-0.406736643075816,0.913545457642594,0.));
#6104=DIRECTION('ref_axis',(0.913545457642594,0.406736643075816,0.));
#6105=DIRECTION('',(0.,0.,-1.));
#6106=DIRECTION('center_axis',(0.,0.,1.));
#6107=DIRECTION('ref_axis',(-0.254439353506058,-0.967088731910066,0.));
#6108=DIRECTION('',(0.,0.,1.));
#6109=DIRECTION('center_axis',(0.,0.,-1.));
#6110=DIRECTION('ref_axis',(-0.787515000686235,0.616295484077369,0.));
#6111=DIRECTION('',(0.,0.,-1.));
#6112=DIRECTION('center_axis',(0.,0.,1.));
#6113=DIRECTION('ref_axis',(-0.254439353505951,0.967088731910094,0.));
#6114=DIRECTION('',(0.,0.,1.));
#6115=DIRECTION('center_axis',(-0.406736643075917,-0.913545457642549,0.));
#6116=DIRECTION('ref_axis',(-0.913545457642549,0.406736643075917,0.));
#6117=DIRECTION('',(0.,0.,-1.));
#6118=DIRECTION('center_axis',(0.,0.,1.));
#6119=DIRECTION('ref_axis',(0.142716061602682,-0.989763671671485,0.));
#6120=DIRECTION('',(0.,0.,1.));
#6121=DIRECTION('center_axis',(-0.707106781186547,-5.20119133732156E-16,
-0.707106781186548));
#6122=DIRECTION('ref_axis',(-0.707106781186548,0.,0.707106781186547));
#6123=DIRECTION('',(7.35559532973761E-16,-1.,0.));
#6124=DIRECTION('',(7.35559532973761E-16,-1.,0.));
#6125=DIRECTION('center_axis',(0.,0.,1.));
#6126=DIRECTION('ref_axis',(1.,0.,0.));
#6127=DIRECTION('center_axis',(0.,0.,1.));
#6128=DIRECTION('ref_axis',(-1.,1.22464679914735E-16,0.));
#6129=DIRECTION('',(0.913545457642594,0.406736643075816,0.));
#6130=DIRECTION('center_axis',(0.,0.,1.));
#6131=DIRECTION('ref_axis',(-0.229333363324265,-0.973347938029552,0.));
#6132=DIRECTION('center_axis',(0.,0.,1.));
#6133=DIRECTION('ref_axis',(-1.,0.,0.));
#6134=DIRECTION('center_axis',(0.,0.,1.));
#6135=DIRECTION('ref_axis',(-0.22933336332416,0.973347938029577,0.));
#6136=DIRECTION('',(-0.913545457642549,0.406736643075916,0.));
#6137=DIRECTION('center_axis',(0.,0.,-1.));
#6138=DIRECTION('ref_axis',(0.115891600119963,-0.99326186729464,0.));
#6139=DIRECTION('center_axis',(0.,0.,1.));
#6140=DIRECTION('ref_axis',(0.626634464700553,0.77931331802392,0.));
#6141=DIRECTION('center_axis',(0.,0.,1.));
#6142=DIRECTION('ref_axis',(-1.,1.22464679914735E-16,0.));
#6143=DIRECTION('center_axis',(0.,0.,1.));
#6144=DIRECTION('ref_axis',(-1.,1.22464679914735E-16,0.));
#6145=DIRECTION('center_axis',(0.,0.,-1.));
#6146=DIRECTION('ref_axis',(-1.,1.22464679914735E-16,0.));
#6147=DIRECTION('',(-6.13094853059026E-16,1.,0.));
#6148=DIRECTION('center_axis',(0.,0.,1.));
#6149=DIRECTION('ref_axis',(-0.62663446470057,-0.779313318023906,0.));
#6150=DIRECTION('',(0.719339800338737,0.694658370458908,0.));
#6151=DIRECTION('',(0.997564050259824,-0.0697564737441243,0.));
#6152=DIRECTION('center_axis',(0.,0.,1.));
#6153=DIRECTION('ref_axis',(-1.,1.22464679914735E-16,0.));
#6154=DIRECTION('',(0.913545457642594,0.406736643075816,0.));
#6155=DIRECTION('center_axis',(-0.287606238475979,0.645974188021238,-0.707106781186548));
#6156=DIRECTION('ref_axis',(-0.926309308298533,0.,0.376763938507248));
#6157=DIRECTION('',(0.913545457642583,0.40673664307584,0.));
#6158=DIRECTION('',(0.287606238475982,-0.645974188021237,-0.707106781186547));
#6159=DIRECTION('',(-0.913545457642583,-0.40673664307584,0.));
#6160=DIRECTION('center_axis',(-0.287606238476001,0.645974188021288,-0.707106781186494));
#6161=DIRECTION('ref_axis',(-0.926309308298513,0.,0.376763938507298));
#6162=DIRECTION('',(-0.913545457642583,-0.40673664307584,0.));
#6163=DIRECTION('',(0.913545457642583,0.40673664307584,0.));
#6164=DIRECTION('center_axis',(0.,0.,1.));
#6165=DIRECTION('ref_axis',(1.,0.,0.));
#6166=DIRECTION('center_axis',(0.,0.,1.));
#6167=DIRECTION('ref_axis',(1.,0.,0.));
#6168=DIRECTION('center_axis',(0.,0.,-1.));
#6169=DIRECTION('ref_axis',(1.,0.,0.));
#6170=DIRECTION('center_axis',(0.0493252756161316,0.70538430460664,-0.707106781186547));
#6171=DIRECTION('ref_axis',(-0.997575860441557,0.,-0.0695873743166635));
#6172=DIRECTION('',(-0.997564050259824,0.0697564737441242,0.));
#6173=DIRECTION('',(-0.252513788013744,0.693775930668852,0.674471455947187));
#6174=DIRECTION('',(0.997564050259824,-0.0697564737441242,0.));
#6175=DIRECTION('center_axis',(-0.491197644359491,0.508650050796898,-0.707106781186548));
#6176=DIRECTION('ref_axis',(-0.821287643058636,0.,0.570514335805149));
#6177=DIRECTION('',(-0.719339800338737,-0.694658370458908,0.));
#6178=DIRECTION('',(0.719339800338737,0.694658370458908,0.));
#6179=DIRECTION('center_axis',(0.,0.,1.));
#6180=DIRECTION('ref_axis',(0.626634464700553,0.77931331802392,0.));
#6181=DIRECTION('center_axis',(0.,0.,1.));
#6182=DIRECTION('ref_axis',(0.626634464700553,0.77931331802392,0.));
#6183=DIRECTION('center_axis',(0.,0.,-1.));
#6184=DIRECTION('ref_axis',(0.626634464700553,0.77931331802392,0.));
#6185=DIRECTION('center_axis',(0.287606238475961,-0.645974188021246,-0.707106781186548));
#6186=DIRECTION('ref_axis',(-0.926309308298541,0.,-0.376763938507229));
#6187=DIRECTION('',(-0.913545457642594,-0.406736643075816,0.));
#6188=DIRECTION('',(-0.287606238475963,0.645974188021246,-0.707106781186547));
#6189=DIRECTION('center_axis',(0.,0.,1.));
#6190=DIRECTION('ref_axis',(-0.229333363324265,-0.973347938029552,0.));
#6191=DIRECTION('center_axis',(0.,0.,-1.));
#6192=DIRECTION('ref_axis',(-0.229333363324265,-0.973347938029552,0.));
#6193=DIRECTION('',(0.545743843772595,0.449626130228568,-0.707106781186545));
#6194=DIRECTION('center_axis',(0.,0.,1.));
#6195=DIRECTION('ref_axis',(-1.,0.,0.));
#6196=DIRECTION('',(0.545743843772921,-0.449626130228935,-0.70710678118606));
#6197=DIRECTION('center_axis',(0.,0.,1.));
#6198=DIRECTION('ref_axis',(-0.22933336332416,0.973347938029577,0.));
#6199=DIRECTION('center_axis',(0.,0.,-1.));
#6200=DIRECTION('ref_axis',(-0.22933336332416,0.973347938029577,0.));
#6201=DIRECTION('',(-0.287606238476033,-0.645974188021213,-0.707106781186548));
#6202=DIRECTION('center_axis',(0.287606238476033,0.645974188021215,-0.707106781186547));
#6203=DIRECTION('ref_axis',(-0.926309308298508,0.,-0.37676393850731));
#6204=DIRECTION('',(-0.287606238476034,-0.645974188021213,-0.707106781186548));
#6205=DIRECTION('',(0.913545457642549,-0.406736643075916,0.));
#6206=DIRECTION('center_axis',(0.,0.,-1.));
#6207=DIRECTION('ref_axis',(0.115891600119963,-0.99326186729464,0.));
#6208=DIRECTION('center_axis',(0.,0.,1.));
#6209=DIRECTION('ref_axis',(0.115891600119963,-0.99326186729464,0.));
#6210=DIRECTION('',(0.428597729667864,-0.562409091430386,-0.707106781186547));
#6211=DIRECTION('center_axis',(0.,0.,1.));
#6212=DIRECTION('ref_axis',(0.626634464700553,0.77931331802392,0.));
#6213=DIRECTION('center_axis',(0.,0.,-1.));
#6214=DIRECTION('ref_axis',(0.626634464700553,0.77931331802392,0.));
#6215=DIRECTION('center_axis',(0.287606238476063,-0.645974188021473,-0.707106781186299));
#6216=DIRECTION('ref_axis',(-0.926309308298448,0.,-0.376763938507457));
#6217=DIRECTION('',(-0.913545457642594,-0.406736643075816,0.));
#6218=DIRECTION('center_axis',(0.,0.,1.));
#6219=DIRECTION('ref_axis',(-1.,1.22464679914735E-16,0.));
#6220=DIRECTION('center_axis',(0.,0.,-1.));
#6221=DIRECTION('ref_axis',(-1.,1.22464679914735E-16,0.));
#6222=DIRECTION('center_axis',(-0.0493252756161316,-0.70538430460664,-0.707106781186547));
#6223=DIRECTION('ref_axis',(-0.997575860441557,0.,0.0695873743166637));
#6224=DIRECTION('',(-0.997564050259824,0.0697564737441243,0.));
#6225=DIRECTION('',(0.252513788013747,-0.69377593066885,0.674471455947188));
#6226=DIRECTION('center_axis',(0.491197644359491,-0.508650050796898,-0.707106781186548));
#6227=DIRECTION('ref_axis',(-0.821287643058636,0.,-0.570514335805149));
#6228=DIRECTION('',(-0.719339800338737,-0.694658370458908,0.));
#6229=DIRECTION('center_axis',(0.,0.,1.));
#6230=DIRECTION('ref_axis',(-0.62663446470057,-0.779313318023906,0.));
#6231=DIRECTION('center_axis',(0.,0.,-1.));
#6232=DIRECTION('ref_axis',(-0.62663446470057,-0.779313318023906,0.));
#6233=DIRECTION('center_axis',(0.,0.,1.));
#6234=DIRECTION('ref_axis',(0.22933336332424,0.973347938029558,0.));
#6235=DIRECTION('center_axis',(0.,0.,-1.));
#6236=DIRECTION('ref_axis',(0.22933336332424,0.973347938029558,0.));
#6237=DIRECTION('',(-0.545743843772583,-0.449626130228581,-0.707106781186546));
#6238=DIRECTION('center_axis',(0.,0.,1.));
#6239=DIRECTION('ref_axis',(0.22933336332424,0.973347938029558,0.));
#6240=DIRECTION('center_axis',(0.,0.,1.));
#6241=DIRECTION('ref_axis',(1.,0.,0.));
#6242=DIRECTION('',(-0.545743843772556,0.449626130228611,-0.707106781186548));
#6243=DIRECTION('center_axis',(0.,0.,1.));
#6244=DIRECTION('ref_axis',(1.,0.,0.));
#6245=DIRECTION('center_axis',(0.,0.,1.));
#6246=DIRECTION('ref_axis',(0.229333363324184,-0.973347938029571,0.));
#6247=DIRECTION('center_axis',(0.,0.,-1.));
#6248=DIRECTION('ref_axis',(0.229333363324184,-0.973347938029571,0.));
#6249=DIRECTION('',(0.287606238476014,0.645974188021221,-0.707106781186549));
#6250=DIRECTION('center_axis',(0.,0.,1.));
#6251=DIRECTION('ref_axis',(0.229333363324184,-0.973347938029571,0.));
#6252=DIRECTION('center_axis',(-0.287606238476015,-0.645974188021221,-0.707106781186548));
#6253=DIRECTION('ref_axis',(-0.926309308298516,0.,0.376763938507289));
#6254=DIRECTION('',(0.287606238476017,0.645974188021222,-0.707106781186547));
#6255=DIRECTION('',(0.91354545764256,-0.406736643075892,0.));
#6256=DIRECTION('',(-0.91354545764256,0.406736643075892,0.));
#6257=DIRECTION('center_axis',(0.,0.,-1.));
#6258=DIRECTION('ref_axis',(-0.115891600119989,0.993261867294637,0.));
#6259=DIRECTION('center_axis',(0.,0.,1.));
#6260=DIRECTION('ref_axis',(-0.115891600119989,0.993261867294637,0.));
#6261=DIRECTION('',(-0.428597729667876,0.562409091430376,-0.707106781186548));
#6262=DIRECTION('center_axis',(0.,0.,-1.));
#6263=DIRECTION('ref_axis',(-0.115891600119989,0.993261867294637,0.));
#6264=DIRECTION('center_axis',(0.,0.,1.));
#6265=DIRECTION('ref_axis',(-0.62663446470057,-0.779313318023906,0.));
#6266=DIRECTION('center_axis',(0.,0.,1.));
#6267=DIRECTION('ref_axis',(-0.62663446470057,-0.779313318023906,0.));
#6268=DIRECTION('center_axis',(0.,0.,-1.));
#6269=DIRECTION('ref_axis',(-0.62663446470057,-0.779313318023906,0.));
#6270=DIRECTION('center_axis',(-0.40673664307584,0.913545457642583,0.));
#6271=DIRECTION('ref_axis',(0.913545457642583,0.40673664307584,0.));
#6272=DIRECTION('',(0.,0.,1.));
#6273=DIRECTION('',(0.913545457642583,0.40673664307584,0.));
#6274=DIRECTION('',(0.,0.,-1.));
#6275=DIRECTION('',(-0.913545457642583,-0.40673664307584,0.));
#6276=DIRECTION('',(0.,0.,1.));
#6277=DIRECTION('center_axis',(0.,0.,-1.));
#6278=DIRECTION('ref_axis',(1.,0.,0.));
#6279=DIRECTION('',(0.,0.,-1.));
#6280=DIRECTION('center_axis',(0.,0.,1.));
#6281=DIRECTION('ref_axis',(1.,0.,0.));
#6282=DIRECTION('center_axis',(0.0697564737441242,0.997564050259824,0.));
#6283=DIRECTION('ref_axis',(0.997564050259824,-0.0697564737441242,0.));
#6284=DIRECTION('',(0.,0.,-1.));
#6285=DIRECTION('',(-0.997564050259824,0.0697564737441242,0.));
#6286=DIRECTION('center_axis',(-0.694658370458908,0.719339800338737,0.));
#6287=DIRECTION('ref_axis',(0.719339800338737,0.694658370458908,0.));
#6288=DIRECTION('',(0.,0.,-1.));
#6289=DIRECTION('',(-0.719339800338737,-0.694658370458908,0.));
#6290=DIRECTION('center_axis',(0.,0.,-1.));
#6291=DIRECTION('ref_axis',(0.626634464700553,0.77931331802392,0.));
#6292=DIRECTION('',(0.,0.,-1.));
#6293=DIRECTION('center_axis',(0.,0.,1.));
#6294=DIRECTION('ref_axis',(0.626634464700553,0.77931331802392,0.));
#6295=DIRECTION('',(0.,0.,1.));
#6296=DIRECTION('center_axis',(0.,0.,-1.));
#6297=DIRECTION('ref_axis',(0.463703481510805,0.885990452112639,0.));
#6298=DIRECTION('center_axis',(0.,0.,-1.));
#6299=DIRECTION('ref_axis',(0.115891600119963,-0.99326186729464,0.));
#6300=DIRECTION('',(0.,0.,1.));
#6301=DIRECTION('center_axis',(0.,0.,-1.));
#6302=DIRECTION('ref_axis',(0.115891600119963,-0.99326186729464,0.));
#6303=DIRECTION('center_axis',(0.406736643075916,0.913545457642549,0.));
#6304=DIRECTION('ref_axis',(0.913545457642549,-0.406736643075916,0.));
#6305=DIRECTION('',(0.,0.,-1.));
#6306=DIRECTION('',(-0.913545457642549,0.406736643075916,0.));
#6307=DIRECTION('center_axis',(0.,0.,-1.));
#6308=DIRECTION('ref_axis',(-0.22933336332416,0.973347938029577,0.));
#6309=DIRECTION('center_axis',(0.,0.,1.));
#6310=DIRECTION('ref_axis',(-0.22933336332416,0.973347938029577,0.));
#6311=DIRECTION('center_axis',(0.,0.,-1.));
#6312=DIRECTION('ref_axis',(-0.229333363324265,-0.973347938029552,0.));
#6313=DIRECTION('',(0.,0.,1.));
#6314=DIRECTION('center_axis',(0.,0.,1.));
#6315=DIRECTION('ref_axis',(-0.229333363324265,-0.973347938029552,0.));
#6316=DIRECTION('center_axis',(0.,0.,1.));
#6317=DIRECTION('ref_axis',(1.,0.,0.));
#6318=DIRECTION('center_axis',(0.,0.,1.));
#6319=DIRECTION('ref_axis',(1.,0.,0.));
#6320=DIRECTION('center_axis',(0.,0.,1.));
#6321=DIRECTION('ref_axis',(1.,0.,0.));
#6322=DIRECTION('center_axis',(0.,0.,1.));
#6323=DIRECTION('ref_axis',(1.,0.,0.));
#6324=DIRECTION('',(-6.13094853059026E-16,1.,0.));
#6325=DIRECTION('center_axis',(0.707106781186547,4.33523528108607E-16,-0.707106781186548));
#6326=DIRECTION('ref_axis',(-0.707106781186548,0.,-0.707106781186547));
#6327=DIRECTION('center_axis',(0.,0.,-1.));
#6328=DIRECTION('ref_axis',(0.695159521776837,0.718855506540084,0.));
#6329=DIRECTION('',(0.,0.,-1.));
#6330=DIRECTION('center_axis',(0.,0.,1.));
#6331=DIRECTION('ref_axis',(-0.142716061602766,-0.989763671671473,0.));
#6332=DIRECTION('',(0.,0.,1.));
#6333=DIRECTION('center_axis',(0.40673664307584,-0.913545457642583,0.));
#6334=DIRECTION('ref_axis',(-0.913545457642583,-0.40673664307584,0.));
#6335=DIRECTION('',(0.,0.,-1.));
#6336=DIRECTION('center_axis',(0.,0.,-1.));
#6337=DIRECTION('ref_axis',(1.,0.,0.));
#6338=DIRECTION('center_axis',(0.,0.,-1.));
#6339=DIRECTION('ref_axis',(0.22933336332424,0.973347938029558,0.));
#6340=DIRECTION('center_axis',(0.,0.,1.));
#6341=DIRECTION('ref_axis',(0.22933336332424,0.973347938029558,0.));
#6342=DIRECTION('center_axis',(0.,0.,-1.));
#6343=DIRECTION('ref_axis',(0.229333363324184,-0.973347938029571,0.));
#6344=DIRECTION('center_axis',(0.,0.,1.));
#6345=DIRECTION('ref_axis',(0.229333363324184,-0.973347938029571,0.));
#6346=DIRECTION('',(0.,0.,-1.));
#6347=DIRECTION('center_axis',(0.,0.,1.));
#6348=DIRECTION('ref_axis',(-0.142716061602707,0.989763671671481,0.));
#6349=DIRECTION('',(0.,0.,-1.));
#6350=DIRECTION('center_axis',(0.406736643075892,0.91354545764256,0.));
#6351=DIRECTION('ref_axis',(0.91354545764256,-0.406736643075892,0.));
#6352=DIRECTION('',(0.,0.,1.));
#6353=DIRECTION('center_axis',(0.,0.,1.));
#6354=DIRECTION('ref_axis',(-0.115891600120045,-0.99326186729463,0.));
#6355=DIRECTION('center_axis',(-0.913545457642583,-0.406736643075841,0.));
#6356=DIRECTION('ref_axis',(0.,0.,-1.));
#6357=DIRECTION('center_axis',(0.,0.,-1.));
#6358=DIRECTION('ref_axis',(-0.115891600120045,-0.99326186729463,0.));
#6359=DIRECTION('center_axis',(0.795366564702729,-0.606128722098681,-6.22388934524225E-15));
#6360=DIRECTION('ref_axis',(-0.606128722098681,-0.795366564702729,0.));
#6361=DIRECTION('center_axis',(-0.913545457642583,-0.40673664307584,0.));
#6362=DIRECTION('ref_axis',(0.28760623847598,-0.645974188021237,-0.707106781186549));
#6363=DIRECTION('',(-0.913545457642583,-0.40673664307584,0.));
#6364=DIRECTION('center_axis',(0.,0.,1.));
#6365=DIRECTION('ref_axis',(1.,0.,0.));
#6366=DIRECTION('center_axis',(0.,0.,1.));
#6367=DIRECTION('ref_axis',(0.463703481510805,0.885990452112639,0.));
#6368=DIRECTION('center_axis',(0.,0.,-1.));
#6369=DIRECTION('ref_axis',(-0.115891600120046,-0.99326186729463,0.));
#6370=DIRECTION('center_axis',(0.,0.,1.));
#6371=DIRECTION('ref_axis',(1.,0.,0.));
#6372=DIRECTION('center_axis',(0.,0.,1.));
#6373=DIRECTION('ref_axis',(0.115891600120071,0.993261867294627,0.));
#6374=DIRECTION('center_axis',(0.913545457642595,0.406736643075813,0.));
#6375=DIRECTION('ref_axis',(0.,0.,-1.));
#6376=DIRECTION('center_axis',(0.,0.,-1.));
#6377=DIRECTION('ref_axis',(0.115891600120071,0.993261867294627,0.));
#6378=DIRECTION('center_axis',(-0.795366564702719,0.606128722098694,0.));
#6379=DIRECTION('ref_axis',(0.606128722098694,0.795366564702719,0.));
#6380=DIRECTION('center_axis',(0.913545457642594,0.406736643075816,0.));
#6381=DIRECTION('ref_axis',(-0.287606238475966,0.645974188021246,-0.707106781186546));
#6382=DIRECTION('',(0.913545457642594,0.406736643075816,0.));
#6383=DIRECTION('',(-0.913545457642594,-0.406736643075816,0.));
#6384=DIRECTION('center_axis',(0.,0.,1.));
#6385=DIRECTION('ref_axis',(1.,0.,0.));
#6386=DIRECTION('center_axis',(0.,0.,-1.));
#6387=DIRECTION('ref_axis',(-0.463703481510805,-0.885990452112639,0.));
#6388=DIRECTION('center_axis',(0.,0.,1.));
#6389=DIRECTION('ref_axis',(-0.463703481510805,-0.885990452112639,0.));
#6390=DIRECTION('center_axis',(0.,0.,-1.));
#6391=DIRECTION('ref_axis',(0.115891600120072,0.993261867294627,0.));
#6392=DIRECTION('',(0.,0.,-1.));
#6393=DIRECTION('',(0.,0.,1.));
#6394=DIRECTION('center_axis',(0.406736643075816,-0.913545457642594,0.));
#6395=DIRECTION('ref_axis',(-0.913545457642594,-0.406736643075816,0.));
#6396=DIRECTION('',(0.,0.,1.));
#6397=DIRECTION('',(0.913545457642594,0.406736643075816,0.));
#6398=DIRECTION('center_axis',(0.,0.,1.));
#6399=DIRECTION('ref_axis',(1.,0.,0.));
#6400=DIRECTION('center_axis',(0.,0.,1.));
#6401=DIRECTION('ref_axis',(-0.62663446470057,-0.779313318023906,0.));
#6402=DIRECTION('center_axis',(0.,0.,-1.));
#6403=DIRECTION('ref_axis',(-0.115891600119989,0.993261867294637,0.));
#6404=DIRECTION('',(0.91354545764256,-0.406736643075892,0.));
#6405=DIRECTION('center_axis',(0.,0.,-1.));
#6406=DIRECTION('ref_axis',(-0.62663446470057,-0.779313318023906,0.));
#6407=DIRECTION('',(0.,0.,-1.));
#6408=DIRECTION('',(0.,0.,-1.));
#6409=DIRECTION('center_axis',(0.,0.,-1.));
#6410=DIRECTION('ref_axis',(-0.115891600119989,0.993261867294637,0.));
#6411=DIRECTION('',(0.,0.,1.));
#6412=DIRECTION('center_axis',(-0.406736643075892,-0.91354545764256,0.));
#6413=DIRECTION('ref_axis',(-0.91354545764256,0.406736643075892,0.));
#6414=DIRECTION('center_axis',(0.,0.,-1.));
#6415=DIRECTION('ref_axis',(0.254439353505975,-0.967088731910088,0.));
#6416=DIRECTION('',(0.,0.,-1.));
#6417=DIRECTION('center_axis',(0.,0.,1.));
#6418=DIRECTION('ref_axis',(0.254439353506032,0.967088731910073,0.));
#6419=DIRECTION('',(0.,0.,1.));
#6420=DIRECTION('center_axis',(0.,0.,-1.));
#6421=DIRECTION('ref_axis',(0.787515000686257,-0.616295484077341,0.));
#6422=DIRECTION('center_axis',(0.,0.,-1.));
#6423=DIRECTION('ref_axis',(-1.,1.22464679914735E-16,0.));
#6424=DIRECTION('center_axis',(0.,0.,1.));
#6425=DIRECTION('ref_axis',(-1.,1.22464679914735E-16,0.));
#6426=DIRECTION('',(0.997564050259824,-0.0697564737441243,0.));
#6427=DIRECTION('',(0.719339800338737,0.694658370458908,0.));
#6428=DIRECTION('center_axis',(0.,0.,-1.));
#6429=DIRECTION('ref_axis',(-1.,1.22464679914735E-16,0.));
#6430=DIRECTION('',(0.,0.,-1.));
#6431=DIRECTION('center_axis',(-0.0697564737441243,-0.997564050259824,0.));
#6432=DIRECTION('ref_axis',(-0.997564050259824,0.0697564737441243,0.));
#6433=DIRECTION('',(0.,0.,-1.));
#6434=DIRECTION('center_axis',(0.694658370458908,-0.719339800338737,0.));
#6435=DIRECTION('ref_axis',(-0.719339800338737,-0.694658370458908,0.));
#6436=DIRECTION('center_axis',(0.,0.,-1.));
#6437=DIRECTION('ref_axis',(1.,0.,0.));
#6438=CARTESIAN_POINT('',(0.,0.,0.));
#6439=CARTESIAN_POINT('Origin',(10.3686673699663,4.68803807370324,5.77));
#6440=CARTESIAN_POINT('',(-12.1172633357605,-10.6010343482066,5.77));
#6441=CARTESIAN_POINT('',(-12.0558991819177,-10.0536098529826,5.77));
#6442=CARTESIAN_POINT('',(-11.1163413001289,-1.6718924013075,5.77));
#6443=CARTESIAN_POINT('',(-11.7023087777436,-11.0573943255347,5.77));
#6444=CARTESIAN_POINT('Origin',(0.,0.,5.77));
#6445=CARTESIAN_POINT('',(-11.4899883125401,-11.0708427721875,5.77));
#6446=CARTESIAN_POINT('',(-1.15579325877168,-11.7254140154591,5.77));
#6447=CARTESIAN_POINT('',(-10.8911418612115,-10.6029726472799,5.77));
#6448=CARTESIAN_POINT('',(-1.11309309646312,-2.96352369210023,5.77));
#6449=CARTESIAN_POINT('',(8.66789835091754,-12.4862940129632,5.77));
#6450=CARTESIAN_POINT('Origin',(0.,0.,5.77));
#6451=CARTESIAN_POINT('',(9.18220909190499,-13.0779408408896,5.77));
#6452=CARTESIAN_POINT('',(4.92707703165631,-8.18297135022629,5.77));
#6453=CARTESIAN_POINT('',(9.37745410259373,-13.0871446295122,5.77));
#6454=CARTESIAN_POINT('',(8.68192072322116,-12.9971104552717,5.77));
#6455=CARTESIAN_POINT('',(10.1032329942899,-12.5353373733264,5.77));
#6456=CARTESIAN_POINT('Origin',(0.,0.,5.77));
#6457=CARTESIAN_POINT('',(10.1137681664808,-12.3966859200299,5.77));
#6458=CARTESIAN_POINT('',(10.7571119420648,-3.92975744104746,5.77));
#6459=CARTESIAN_POINT('',(8.99855278888907,-11.1137773824014,5.77));
#6460=CARTESIAN_POINT('',(6.13873849296795,-7.82393736585475,5.77));
#6461=CARTESIAN_POINT('',(-10.6772495883608,-9.51243087900503,5.77));
#6462=CARTESIAN_POINT('Origin',(0.,0.,5.77));
#6463=CARTESIAN_POINT('',(-11.2786080261872,-9.44632344539965,5.77));
#6464=CARTESIAN_POINT('',(-1.20381469676262,-10.5538471604077,5.77));
#6465=CARTESIAN_POINT('',(-0.772978876602456,-1.2384263934191,5.77));
#6466=CARTESIAN_POINT('Origin',(10.3686673699663,4.68803807370324,5.77));
#6467=CARTESIAN_POINT('',(-3.12213338405808,15.7943750472177,5.77));
#6468=CARTESIAN_POINT('',(-2.67873194146168,15.467519883496,5.77));
#6469=CARTESIAN_POINT('',(4.00985293825302,10.5370025330708,5.77));
#6470=CARTESIAN_POINT('',(-3.72482999670317,15.6631938472229,5.77));
#6471=CARTESIAN_POINT('Origin',(0.,0.,5.77));
#6472=CARTESIAN_POINT('',(-3.84263692574767,15.4860431539398,5.77));
#6473=CARTESIAN_POINT('',(-4.12309944337814,15.0643011575976,5.77));
#6474=CARTESIAN_POINT('',(-3.7368727375702,14.7334918516693,5.77));
#6475=CARTESIAN_POINT('',(-3.00198286305088,9.50447868922781,5.77));
#6476=CARTESIAN_POINT('',(-15.1473969898065,-1.26347316283422,5.77));
#6477=CARTESIAN_POINT('Origin',(0.,0.,5.77));
#6478=CARTESIAN_POINT('',(-15.9169335433529,-1.41305591600536,5.77));
#6479=CARTESIAN_POINT('',(-2.51338736059444,1.19232953454093,5.77));
#6480=CARTESIAN_POINT('',(-16.0225267634555,-1.57754116091266,5.77));
#6481=CARTESIAN_POINT('',(-9.6172465587728,6.80758293448408,5.77));
#6482=CARTESIAN_POINT('',(-15.9075371074541,-2.48198774674494,5.77));
#6483=CARTESIAN_POINT('Origin',(0.,0.,5.77));
#6484=CARTESIAN_POINT('',(-15.7927290127232,-2.56043720014374,5.77));
#6485=CARTESIAN_POINT('',(-8.59361639446005,-7.47965871655879,5.77));
#6486=CARTESIAN_POINT('',(-14.1240899396091,-2.23608662127255,5.77));
#6487=CARTESIAN_POINT('',(-2.80828553996257,-0.0365170639273027,5.77));
#6488=CARTESIAN_POINT('',(-2.8993819987815,14.0029848255699,5.77));
#6489=CARTESIAN_POINT('Origin',(0.,0.,5.77));
#6490=CARTESIAN_POINT('',(-2.54145206298704,14.490722792705,5.77));
#6491=CARTESIAN_POINT('',(-2.70789485824684,14.2639173135151,5.77));
#6492=CARTESIAN_POINT('',(-1.67806188832343,8.34738248529958,5.77));
#6493=CARTESIAN_POINT('Origin',(-0.95917772763171,-3.16052638050191,5.52));
#6494=CARTESIAN_POINT('',(-11.3319217593503,-11.5818567536851,5.27));
#6495=CARTESIAN_POINT('',(-11.4899883125401,-11.0708427721875,5.77));
#6496=CARTESIAN_POINT('',(-10.9315419037801,-11.2690457273853,5.27));
#6497=CARTESIAN_POINT('',(-0.805262358800296,-3.35752906890359,5.27));
#6498=CARTESIAN_POINT('Ctrl Pts',(-10.8911418612115,-10.6029726472799,5.77));
#6499=CARTESIAN_POINT('Ctrl Pts',(-10.9062418740603,-10.8253796654388,5.6040373742011));
#6500=CARTESIAN_POINT('Ctrl Pts',(-10.9196786286858,-11.0474552459832,5.437311920795));
#6501=CARTESIAN_POINT('Ctrl Pts',(-10.9315419037801,-11.2690457273853,5.27));
#6502=CARTESIAN_POINT('Origin',(-11.3647852571536,-1.64404280134769,5.52));
#6503=CARTESIAN_POINT('',(-12.5293709823474,-9.78901745767839,5.27));
#6504=CARTESIAN_POINT('',(-12.0558991819177,-10.0536098529826,5.77));
#6505=CARTESIAN_POINT('',(-12.6384810007511,-10.7623788259695,5.27));
#6506=CARTESIAN_POINT('',(-11.6132292141782,-1.61619320138788,5.27));
#6507=CARTESIAN_POINT('Ctrl Pts',(-12.6384810007511,-10.7623788259695,5.27));
#6508=CARTESIAN_POINT('Ctrl Pts',(-12.464693429137,-10.7092129129721,5.43678329026012));
#6509=CARTESIAN_POINT('Ctrl Pts',(-12.2909231132076,-10.6554323649104,5.6034809628753));
#6510=CARTESIAN_POINT('Ctrl Pts',(-12.1172633357605,-10.6010343482066,5.77));
#6511=CARTESIAN_POINT('Origin',(-0.926894245433871,-1.04142370501742,5.52));
#6512=CARTESIAN_POINT('',(-11.4261559272975,-8.92709139222205,5.27));
#6513=CARTESIAN_POINT('',(-11.2786080261872,-9.44632344539965,5.77));
#6514=CARTESIAN_POINT('',(-1.08080961426529,-0.844421016615735,5.27));
#6515=CARTESIAN_POINT('Origin',(-1.17649672323399,-10.305344185934,5.52));
#6516=CARTESIAN_POINT('',(-10.4297339512395,-9.03662822663197,5.27));
#6517=CARTESIAN_POINT('Ctrl Pts',(-10.6772495883608,-9.51243087900503,5.77));
#6518=CARTESIAN_POINT('Ctrl Pts',(-10.5532120975671,-9.27198546287412,5.51744058401132));
#6519=CARTESIAN_POINT('Ctrl Pts',(-10.4297339512395,-9.03662822663197,5.27));
#6520=CARTESIAN_POINT('',(-1.14917874970536,-10.0568412114602,5.27));
#6521=CARTESIAN_POINT('Origin',(0.,0.,5.52));
#6522=CARTESIAN_POINT('',(-11.9287389767885,-11.5440541589023,5.27));
#6523=CARTESIAN_POINT('Origin',(0.,0.,5.27));
#6524=CARTESIAN_POINT('Ctrl Pts',(-11.9287389767885,-11.5440541589023,5.27));
#6525=CARTESIAN_POINT('Ctrl Pts',(-11.853789391754,-11.3817115017042,5.43675581104159));
#6526=CARTESIAN_POINT('Ctrl Pts',(-11.778308598598,-11.219462099375,5.60345213332269));
#6527=CARTESIAN_POINT('Ctrl Pts',(-11.7023087777436,-11.0573943255347,5.77));
#6528=CARTESIAN_POINT('Origin',(-1.17159666941452,-11.9749140198921,5.52));
#6529=CARTESIAN_POINT('',(-1.18740008005737,-12.2244140243251,5.27));
#6530=CARTESIAN_POINT('Origin',(-11.6471260607929,-11.8281213438154,3.67));
#6531=CARTESIAN_POINT('',(-11.3319217593503,-11.5818567536851,3.67));
#6532=CARTESIAN_POINT('',(-11.3319217593503,-11.5818567536851,1.));
#6533=CARTESIAN_POINT('',(-10.9315419037801,-11.2690457273853,3.67));
#6534=CARTESIAN_POINT('',(-5.16172694442139,-6.7611722320349,3.67));
#6535=CARTESIAN_POINT('',(-10.9315419037801,-11.2690457273853,3.67));
#6536=CARTESIAN_POINT('Origin',(-11.6303303680694,-11.5629554562937,1.));
#6537=CARTESIAN_POINT('',(-11.9287389767885,-11.5440541589023,3.67));
#6538=CARTESIAN_POINT('',(-11.9287389767885,-11.5440541589023,1.));
#6539=CARTESIAN_POINT('',(-6.20313971488342,-11.9067154603235,3.67));
#6540=CARTESIAN_POINT('Origin',(0.,0.,1.));
#6541=CARTESIAN_POINT('',(-12.6384810007511,-10.7623788259695,3.67));
#6542=CARTESIAN_POINT('',(-12.6384810007511,-10.7623788259695,1.));
#6543=CARTESIAN_POINT('',(-16.3665985702406,-2.77388738787655,3.67));
#6544=CARTESIAN_POINT('Origin',(0.,0.,3.67));
#6545=CARTESIAN_POINT('',(-16.3665985702406,-2.77388738787655,5.27));
#6546=CARTESIAN_POINT('',(-16.3665985702406,-2.77388738787655,1.));
#6547=CARTESIAN_POINT('',(-16.5383651785272,-1.42915262365585,5.27));
#6548=CARTESIAN_POINT('Origin',(0.,0.,5.27));
#6549=CARTESIAN_POINT('',(-16.5383651785272,-1.42915262365585,3.67));
#6550=CARTESIAN_POINT('',(-16.5383651785272,-1.42915262365585,1.));
#6551=CARTESIAN_POINT('',(-16.6000000000007,-2.03291368658469E-15,3.67));
#6552=CARTESIAN_POINT('Origin',(0.,0.,3.67));
#6553=CARTESIAN_POINT('',(-16.6000000000007,-2.03291368658469E-15,-1.1));
#6554=CARTESIAN_POINT('',(-16.6000000000007,-2.03291368658469E-15,1.));
#6555=CARTESIAN_POINT('',(-12.8118525343846,-10.5553983646855,-1.1));
#6556=CARTESIAN_POINT('Origin',(0.,0.,-1.1));
#6557=CARTESIAN_POINT('',(-12.8118525343846,-10.5553983646855,1.));
#6558=CARTESIAN_POINT('',(-12.8118525343846,-10.5553983646855,1.));
#6559=CARTESIAN_POINT('',(12.8118525343838,-10.5553983646865,1.));
#6560=CARTESIAN_POINT('Origin',(0.,0.,1.));
#6561=CARTESIAN_POINT('',(12.8118525343838,-10.5553983646865,-1.1));
#6562=CARTESIAN_POINT('',(12.8118525343838,-10.5553983646865,1.));
#6563=CARTESIAN_POINT('',(12.8118525343844,10.5553983646858,-1.1));
#6564=CARTESIAN_POINT('Origin',(0.,0.,-1.1));
#6565=CARTESIAN_POINT('',(12.8118525343844,10.5553983646858,1.));
#6566=CARTESIAN_POINT('',(12.8118525343844,10.5553983646858,1.));
#6567=CARTESIAN_POINT('',(-12.8118525343835,10.5553983646869,1.));
#6568=CARTESIAN_POINT('Origin',(0.,0.,1.));
#6569=CARTESIAN_POINT('',(-12.8118525343835,10.5553983646869,-1.1));
#6570=CARTESIAN_POINT('',(-12.8118525343835,10.5553983646869,1.));
#6571=CARTESIAN_POINT('Origin',(0.,0.,-1.1));
#6572=CARTESIAN_POINT('',(-4.03307467587849,16.1026180684636,3.67));
#6573=CARTESIAN_POINT('Origin',(0.,0.,3.67));
#6574=CARTESIAN_POINT('',(-4.03307467587849,16.1026180684636,5.27));
#6575=CARTESIAN_POINT('',(-4.03307467587849,16.1026180684636,1.));
#6576=CARTESIAN_POINT('',(-3.00125296806578,16.3264350248822,5.27));
#6577=CARTESIAN_POINT('Origin',(0.,0.,5.27));
#6578=CARTESIAN_POINT('',(-3.00125296806578,16.3264350248822,3.67));
#6579=CARTESIAN_POINT('',(-3.00125296806578,16.3264350248822,1.));
#6580=CARTESIAN_POINT('',(5.78104233998197,15.5608338293087,3.67));
#6581=CARTESIAN_POINT('Origin',(0.,0.,3.67));
#6582=CARTESIAN_POINT('',(5.78104233998197,15.5608338293087,5.27));
#6583=CARTESIAN_POINT('',(5.78104233998197,15.5608338293087,1.));
#6584=CARTESIAN_POINT('',(7.03150011129245,15.0372206934964,5.27));
#6585=CARTESIAN_POINT('Origin',(0.,0.,5.27));
#6586=CARTESIAN_POINT('',(7.03150011129245,15.0372206934964,3.67));
#6587=CARTESIAN_POINT('',(7.03150011129245,15.0372206934964,1.));
#6588=CARTESIAN_POINT('',(15.961813652667,-4.55856390956134,3.67));
#6589=CARTESIAN_POINT('Origin',(0.,0.,3.67));
#6590=CARTESIAN_POINT('',(15.961813652667,-4.55856390956134,5.27));
#6591=CARTESIAN_POINT('',(15.961813652667,-4.55856390956134,1.));
#6592=CARTESIAN_POINT('',(15.6397339688169,-5.56405619891267,5.27));
#6593=CARTESIAN_POINT('Origin',(0.,0.,5.27));
#6594=CARTESIAN_POINT('',(15.6397339688169,-5.56405619891267,3.67));
#6595=CARTESIAN_POINT('',(15.6397339688169,-5.56405619891267,1.));
#6596=CARTESIAN_POINT('',(10.5855562302587,-12.7869464414322,3.67));
#6597=CARTESIAN_POINT('Origin',(0.,0.,3.67));
#6598=CARTESIAN_POINT('',(10.5855562302587,-12.7869464414322,5.27));
#6599=CARTESIAN_POINT('',(10.5855562302587,-12.7869464414322,1.));
#6600=CARTESIAN_POINT('',(9.50686506723474,-13.6080680698406,5.27));
#6601=CARTESIAN_POINT('Origin',(0.,0.,5.27));
#6602=CARTESIAN_POINT('',(9.50686506723474,-13.6080680698406,3.67));
#6603=CARTESIAN_POINT('',(9.50686506723474,-13.6080680698406,1.));
#6604=CARTESIAN_POINT('Origin',(0.,0.,3.67));
#6605=CARTESIAN_POINT('Origin',(-12.5839259915493,-10.2756981418239,1.));
#6606=CARTESIAN_POINT('',(-12.5293709823474,-9.78901745767839,3.67));
#6607=CARTESIAN_POINT('',(-12.5293709823474,-9.78901745767839,1.));
#6608=CARTESIAN_POINT('',(-11.9370594538704,-4.50505574409783,3.67));
#6609=CARTESIAN_POINT('Origin',(-10.8745483997728,-8.49612835949408,3.67));
#6610=CARTESIAN_POINT('',(-11.4261559272975,-8.92709139222205,3.67));
#6611=CARTESIAN_POINT('',(-11.4261559272975,-8.92709139222205,3.67));
#6612=CARTESIAN_POINT('',(-5.43727419988639,-4.24806417974704,3.67));
#6613=CARTESIAN_POINT('Origin',(-10.9279449392685,-8.981859809427,3.67));
#6614=CARTESIAN_POINT('',(-10.4297339512395,-9.03662822663197,2.97));
#6615=CARTESIAN_POINT('',(-10.4297339512395,-9.03662822663197,3.67));
#6616=CARTESIAN_POINT('Ctrl Pts',(-10.4297339512395,-9.03662822663196,2.97));
#6617=CARTESIAN_POINT('Ctrl Pts',(-10.915621699282,-8.98321450525892,3.30224637681164));
#6618=CARTESIAN_POINT('Ctrl Pts',(-11.4261559272975,-8.92709139222204,3.67));
#6619=CARTESIAN_POINT('Origin',(0.,0.,5.52));
#6620=CARTESIAN_POINT('',(9.03302767804109,-10.6950240327901,5.46925455494735));
#6621=CARTESIAN_POINT('Ctrl Pts',(9.03302767804109,-10.6950240327901,5.46925455494735));
#6622=CARTESIAN_POINT('Ctrl Pts',(9.01696734884391,-10.9033774568079,5.61806758430196));
#6623=CARTESIAN_POINT('Ctrl Pts',(8.99855278888907,-11.1137773824014,5.77));
#6624=CARTESIAN_POINT('',(8.74795923272316,-10.6730131295063,5.27));
#6625=CARTESIAN_POINT('Ctrl Pts',(9.03302767804109,-10.6950240327901,5.46925455494735));
#6626=CARTESIAN_POINT('Ctrl Pts',(8.88947182391927,-10.6839396982284,5.36815694131389));
#6627=CARTESIAN_POINT('Ctrl Pts',(8.74795923272316,-10.6730131295063,5.27));
#6628=CARTESIAN_POINT('Origin',(0.,0.,5.27));
#6629=CARTESIAN_POINT('Origin',(0.,0.,5.52));
#6630=CARTESIAN_POINT('',(15.4271387744468,-4.60579952168821,5.77));
#6631=CARTESIAN_POINT('Ctrl Pts',(15.961813652667,-4.55856390956134,5.27));
#6632=CARTESIAN_POINT('Ctrl Pts',(15.7837459948978,-4.57482699351743,5.43675581104206));
#6633=CARTESIAN_POINT('Ctrl Pts',(15.6054934941542,-4.59058341031111,5.60345213332291));
#6634=CARTESIAN_POINT('Ctrl Pts',(15.4271387744468,-4.60579952168821,5.77));
#6635=CARTESIAN_POINT('',(15.2393967198186,-5.19334069901107,5.77));
#6636=CARTESIAN_POINT('Origin',(0.,0.,5.77));
#6637=CARTESIAN_POINT('Ctrl Pts',(15.2393967198186,-5.19334069901107,5.77));
#6638=CARTESIAN_POINT('Ctrl Pts',(15.373336672923,-5.31653546954379,5.60348096287546));
#6639=CARTESIAN_POINT('Ctrl Pts',(15.5067971517384,-5.44013470353137,5.43678329026044));
#6640=CARTESIAN_POINT('Ctrl Pts',(15.6397339688169,-5.56405619891267,5.27));
#6641=CARTESIAN_POINT('Origin',(0.,0.,5.52));
#6642=CARTESIAN_POINT('',(6.47949863888893,13.7497671757974,5.77));
#6643=CARTESIAN_POINT('',(14.6280145987817,-4.13051920438935,5.77));
#6644=CARTESIAN_POINT('Origin',(0.,0.,5.77));
#6645=CARTESIAN_POINT('',(15.2250508282142,-3.83247012751501,5.27));
#6646=CARTESIAN_POINT('Ctrl Pts',(14.6280145987817,-4.13051920438935,5.77));
#6647=CARTESIAN_POINT('Ctrl Pts',(14.8281747329118,-4.03239269003432,5.60403737420097));
#6648=CARTESIAN_POINT('Ctrl Pts',(15.0272162045364,-3.93299147061218,5.43731192079471));
#6649=CARTESIAN_POINT('Ctrl Pts',(15.2250508282142,-3.83247012751501,5.27));
#6650=CARTESIAN_POINT('',(7.09613014153616,14.0048183499245,5.27));
#6651=CARTESIAN_POINT('Origin',(0.,0.,5.27));
#6652=CARTESIAN_POINT('Ctrl Pts',(6.47949863888893,13.7497671757974,5.77));
#6653=CARTESIAN_POINT('Ctrl Pts',(6.68487252258611,13.8364531608779,5.60403737420129));
#6654=CARTESIAN_POINT('Ctrl Pts',(6.89047452977228,13.9214585988799,5.4373119207954));
#6655=CARTESIAN_POINT('Ctrl Pts',(7.09613014153616,14.0048183499245,5.27));
#6656=CARTESIAN_POINT('Origin',(11.9852281353427,-2.79313047820846,5.52));
#6657=CARTESIAN_POINT('',(15.6961430513588,-4.02280374045243,5.27));
#6658=CARTESIAN_POINT('',(12.0788797836967,-2.56133451456676,5.27));
#6659=CARTESIAN_POINT('',(15.3326252382878,-4.4152003817523,5.77));
#6660=CARTESIAN_POINT('',(11.8915764869887,-3.02492644185015,5.77));
#6661=CARTESIAN_POINT('',(15.3326252382878,-4.4152003817523,5.77));
#6662=CARTESIAN_POINT('Origin',(13.2793682770292,0.288205260272252,5.52));
#6663=CARTESIAN_POINT('',(13.5033433244339,0.399269107405597,5.27));
#6664=CARTESIAN_POINT('',(13.0553932296245,0.177141413138907,5.77));
#6665=CARTESIAN_POINT('Origin',(14.9830924068125,-5.57816515466583,5.52));
#6666=CARTESIAN_POINT('',(14.7422232876126,-5.95624483531327,5.27));
#6667=CARTESIAN_POINT('',(15.0831959242744,-5.80724873284583,5.27));
#6668=CARTESIAN_POINT('',(14.7346311233793,-5.41391003051341,5.77));
#6669=CARTESIAN_POINT('',(14.8829888893506,-5.34908157648582,5.77));
#6670=CARTESIAN_POINT('',(14.7346311233793,-5.41391003051341,5.77));
#6671=CARTESIAN_POINT('Origin',(10.1338896440466,-3.82472350024476,5.52));
#6672=CARTESIAN_POINT('',(13.4441658912184,-5.43179560453073,5.27));
#6673=CARTESIAN_POINT('',(10.0402379956927,-4.05651946388645,5.27));
#6674=CARTESIAN_POINT('',(13.8200600891743,-5.04439934730537,5.77));
#6675=CARTESIAN_POINT('',(10.2275412924006,-3.59292753660306,5.77));
#6676=CARTESIAN_POINT('',(13.8200600891743,-5.04439934730537,5.77));
#6677=CARTESIAN_POINT('Origin',(11.4593412069097,-0.294635026011063,5.52));
#6678=CARTESIAN_POINT('',(13.5766315871423,-4.4905539465649,5.77));
#6679=CARTESIAN_POINT('',(11.6882100824842,-0.194041597829908,5.77));
#6680=CARTESIAN_POINT('',(13.0408165844386,-4.5141004431705,5.27));
#6681=CARTESIAN_POINT('Ctrl Pts',(13.5766315871423,-4.4905539465649,5.77));
#6682=CARTESIAN_POINT('Ctrl Pts',(13.306381003154,-4.50335703658121,5.51744058401269));
#6683=CARTESIAN_POINT('Ctrl Pts',(13.0408165844386,-4.51410044317051,5.27));
#6684=CARTESIAN_POINT('',(11.2304723313351,-0.395228454192217,5.27));
#6685=CARTESIAN_POINT('Origin',(16.0670165931855,-4.17264637781879,3.67));
#6686=CARTESIAN_POINT('',(15.6961430513588,-4.02280374045243,3.67));
#6687=CARTESIAN_POINT('',(15.6961430513588,-4.02280374045243,1.));
#6688=CARTESIAN_POINT('',(15.2250508282142,-3.83247012751501,3.67));
#6689=CARTESIAN_POINT('',(8.43621038451485,-1.08960054525011,3.67));
#6690=CARTESIAN_POINT('',(15.2250508282142,-3.83247012751501,3.67));
#6691=CARTESIAN_POINT('Origin',(15.8289783520129,-4.29068382500688,1.));
#6692=CARTESIAN_POINT('',(13.4130879217147,0.581281153848542,3.67));
#6693=CARTESIAN_POINT('Origin',(15.1909786282147,-5.76015051711297,1.));
#6694=CARTESIAN_POINT('',(14.7422232876126,-5.95624483531327,3.67));
#6695=CARTESIAN_POINT('',(14.7422232876126,-5.95624483531327,1.));
#6696=CARTESIAN_POINT('',(9.87002244678892,-8.08526886148801,3.67));
#6697=CARTESIAN_POINT('Origin',(12.7951371930217,-5.16957098913959,3.67));
#6698=CARTESIAN_POINT('',(13.4441658912184,-5.43179560453073,3.67));
#6699=CARTESIAN_POINT('',(13.4441658912184,-5.43179560453073,3.67));
#6700=CARTESIAN_POINT('',(6.39756859651083,-2.5847854945698,3.67));
#6701=CARTESIAN_POINT('Origin',(13.2424912378285,-4.97294802385062,3.67));
#6702=CARTESIAN_POINT('',(13.0408165844386,-4.5141004431705,2.97));
#6703=CARTESIAN_POINT('',(13.0408165844386,-4.5141004431705,3.67));
#6704=CARTESIAN_POINT('Ctrl Pts',(13.0408165844386,-4.5141004431705,2.97));
#6705=CARTESIAN_POINT('Ctrl Pts',(13.2375028188401,-4.96159843704937,3.30224637681162));
#6706=CARTESIAN_POINT('Ctrl Pts',(13.4441658912184,-5.43179560453073,3.67));
#6707=CARTESIAN_POINT('Origin',(0.,0.,5.52));
#6708=CARTESIAN_POINT('',(5.12553715072,13.3498640036739,5.77));
#6709=CARTESIAN_POINT('Origin',(0.,0.,5.77));
#6710=CARTESIAN_POINT('',(4.74564866746079,13.1703434586666,5.46925455494735));
#6711=CARTESIAN_POINT('Ctrl Pts',(4.74564866746079,13.1703434586666,5.46925455494735));
#6712=CARTESIAN_POINT('Ctrl Pts',(4.93411819022421,13.2606115175976,5.61806758430191));
#6713=CARTESIAN_POINT('Ctrl Pts',(5.12553715072,13.3498640036739,5.77));
#6714=CARTESIAN_POINT('',(4.86912088871573,12.912461491562,5.27));
#6715=CARTESIAN_POINT('Ctrl Pts',(4.74564866746079,13.1703434586666,5.46925455494735));
#6716=CARTESIAN_POINT('Ctrl Pts',(4.80782727920718,13.0404782748543,5.36815694131389));
#6717=CARTESIAN_POINT('Ctrl Pts',(4.86912088871573,12.912461491562,5.27));
#6718=CARTESIAN_POINT('Origin',(0.,0.,5.27));
#6719=CARTESIAN_POINT('Origin',(-2.76058329111843,-0.281923859789218,5.52));
#6720=CARTESIAN_POINT('',(-15.9023603718528,-3.09110572510016,5.27));
#6721=CARTESIAN_POINT('',(-13.9391060049568,-2.70948773434694,5.27));
#6722=CARTESIAN_POINT('',(-2.7128810422743,-0.527330655651134,5.27));
#6723=CARTESIAN_POINT('',(-13.7786763455019,-2.47531942587649,5.46925455494735));
#6724=CARTESIAN_POINT('',(-12.4894037159052,-0.593455487153466,7.07053853752794));
#6725=CARTESIAN_POINT('Ctrl Pts',(-13.7786763455019,-2.47531942587649,5.46925455494735));
#6726=CARTESIAN_POINT('Ctrl Pts',(-13.9510855390682,-2.35723406078965,5.61806758430201));
#6727=CARTESIAN_POINT('Ctrl Pts',(-14.1240899396091,-2.23608662127255,5.77));
#6728=CARTESIAN_POINT('',(-15.7927290127232,-2.56043720014374,5.77));
#6729=CARTESIAN_POINT('Origin',(-2.56108960943858,1.43773633040284,5.52));
#6730=CARTESIAN_POINT('',(-16.1753478348097,-0.953928218386725,5.27));
#6731=CARTESIAN_POINT('',(-16.1753478348097,-0.953928218386725,5.27));
#6732=CARTESIAN_POINT('',(-15.6765935371892,-0.856980203831481,5.27));
#6733=CARTESIAN_POINT('Ctrl Pts',(-15.1473969898065,-1.26347316283422,5.77));
#6734=CARTESIAN_POINT('Ctrl Pts',(-15.3251561968866,-1.12895715481899,5.60403737420149));
#6735=CARTESIAN_POINT('Ctrl Pts',(-15.501574069249,-0.993403312527891,5.43731192079583));
#6736=CARTESIAN_POINT('Ctrl Pts',(-15.6765935371892,-0.856980203831476,
5.27));
#6737=CARTESIAN_POINT('',(-2.60879185828271,1.68314312626476,5.27));
#6738=CARTESIAN_POINT('Origin',(0.,0.,5.52));
#6739=CARTESIAN_POINT('',(-4.29350892443411,15.1015158549003,5.27));
#6740=CARTESIAN_POINT('Ctrl Pts',(-3.7368727375702,14.7334918516693,5.77));
#6741=CARTESIAN_POINT('Ctrl Pts',(-3.92193285885148,14.8577723554733,5.60403737420098));
#6742=CARTESIAN_POINT('Ctrl Pts',(-4.10753757585051,14.9804467165958,5.43731192079474));
#6743=CARTESIAN_POINT('Ctrl Pts',(-4.29350892443411,15.1015158549003,5.27));
#6744=CARTESIAN_POINT('Origin',(0.,0.,5.27));
#6745=CARTESIAN_POINT('Origin',(-9.81591457262507,6.95934267971315,5.52));
#6746=CARTESIAN_POINT('',(-10.0145825864773,7.11110242494223,5.27));
#6747=CARTESIAN_POINT('Ctrl Pts',(-16.5383651785272,-1.42915262365585,5.27));
#6748=CARTESIAN_POINT('Ctrl Pts',(-16.3666722678801,-1.47909381984165,5.43675581104148));
#6749=CARTESIAN_POINT('Ctrl Pts',(-16.1947012336914,-1.52857292747041,5.60345213332263));
#6750=CARTESIAN_POINT('Ctrl Pts',(-16.0225267634555,-1.57754116091266,5.77));
#6751=CARTESIAN_POINT('Origin',(0.,0.,5.52));
#6752=CARTESIAN_POINT('Ctrl Pts',(-16.3665985702406,-2.77388738787655,5.27));
#6753=CARTESIAN_POINT('Ctrl Pts',(-16.2140051638663,-2.67616059149457,5.43677820208044));
#6754=CARTESIAN_POINT('Ctrl Pts',(-16.0609652881956,-2.57883670626545,5.60347562675224));
#6755=CARTESIAN_POINT('Ctrl Pts',(-15.9075371074541,-2.48198774674494,5.77));
#6756=CARTESIAN_POINT('Origin',(-8.73466065680952,-7.68607217556352,5.52));
#6757=CARTESIAN_POINT('',(-8.87570491915899,-7.89248563456824,5.27));
#6758=CARTESIAN_POINT('Origin',(0.,0.,5.52));
#6759=CARTESIAN_POINT('',(-13.6170801214389,-2.23944836205574,5.27));
#6760=CARTESIAN_POINT('Ctrl Pts',(-13.7786763455019,-2.47531942587649,5.46925455494735));
#6761=CARTESIAN_POINT('Ctrl Pts',(-13.6972991031264,-2.3565385766259,5.36815694131389));
#6762=CARTESIAN_POINT('Ctrl Pts',(-13.6170801214389,-2.23944836205574,5.27));
#6763=CARTESIAN_POINT('',(-2.61108263319904,13.5507286698025,5.27));
#6764=CARTESIAN_POINT('Origin',(0.,0.,5.27));
#6765=CARTESIAN_POINT('Ctrl Pts',(-2.8993819987815,14.0029848255699,5.77));
#6766=CARTESIAN_POINT('Ctrl Pts',(-2.75316890558517,13.7753424994549,5.51744058401077));
#6767=CARTESIAN_POINT('Ctrl Pts',(-2.61108263319857,13.5507286698017,5.26999999999916));
#6768=CARTESIAN_POINT('Origin',(-13.7780930631979,-2.47446804820134,3.67));
#6769=CARTESIAN_POINT('',(-13.9391060049568,-2.70948773434694,3.37000000000001));
#6770=CARTESIAN_POINT('',(-13.9391060049568,-2.70948773434694,3.67));
#6771=CARTESIAN_POINT('',(-13.6170801214389,-2.23944836205574,2.97));
#6772=CARTESIAN_POINT('Ctrl Pts',(-13.9391060049568,-2.70948773434694,3.37));
#6773=CARTESIAN_POINT('Ctrl Pts',(-13.7757928783156,-2.47111062411354,3.16420289855073));
#6774=CARTESIAN_POINT('Ctrl Pts',(-13.6170801214389,-2.23944836205574,2.97));
#6775=CARTESIAN_POINT('',(-13.6170801214389,-2.23944836205574,3.67));
#6776=CARTESIAN_POINT('Origin',(-16.2950112452319,-3.16742932325078,3.67));
#6777=CARTESIAN_POINT('',(-15.9023603718528,-3.09110572510016,3.67));
#6778=CARTESIAN_POINT('',(-15.9023603718528,-3.09110572510016,1.));
#6779=CARTESIAN_POINT('',(-14.2335941599911,-2.7667304329599,3.67));
#6780=CARTESIAN_POINT('',(-8.14750562261595,-1.58371466162539,3.67));
#6781=CARTESIAN_POINT('',(-13.8900246457844,-2.69994728457811,3.32));
#6782=CARTESIAN_POINT('Origin',(-16.1344794710467,-2.93249655648835,1.));
#6783=CARTESIAN_POINT('',(-11.3180081627732,-6.22363680518348,3.67));
#6784=CARTESIAN_POINT('Origin',(-16.3568565066684,-1.19154042102129,1.));
#6785=CARTESIAN_POINT('',(-16.1753478348097,-0.953928218386725,3.67));
#6786=CARTESIAN_POINT('',(-16.1753478348097,-0.953928218386725,1.));
#6787=CARTESIAN_POINT('',(-13.0557380449315,3.12993921308321,3.67));
#6788=CARTESIAN_POINT('Origin',(-15.6765935371892,-0.856980203831481,3.67));
#6789=CARTESIAN_POINT('',(-15.6765935371892,-0.856980203831481,3.67));
#6790=CARTESIAN_POINT('',(-15.6765935371892,-0.856980203831481,3.67));
#6791=CARTESIAN_POINT('',(-8.04341643862437,0.626759120290501,3.67));
#6792=CARTESIAN_POINT('Origin',(0.,0.,5.52));
#6793=CARTESIAN_POINT('Ctrl Pts',(-4.03307467587849,16.1026180684636,5.27));
#6794=CARTESIAN_POINT('Ctrl Pts',(-3.92995660314407,15.9565384952212,5.43675581104203));
#6795=CARTESIAN_POINT('Ctrl Pts',(-3.82718489555628,15.8100455096859,5.60345213332289));
#6796=CARTESIAN_POINT('Ctrl Pts',(-3.72482999670317,15.6631938472229,5.77));
#6797=CARTESIAN_POINT('Ctrl Pts',(-3.12213338405808,15.7943750472177,5.77));
#6798=CARTESIAN_POINT('Ctrl Pts',(-3.08241355971552,15.9719678344544,5.60348096287526));
#6799=CARTESIAN_POINT('Ctrl Pts',(-3.04210372260161,16.1493476165038,5.43678329026003));
#6800=CARTESIAN_POINT('Ctrl Pts',(-3.00125296806578,16.3264350248822,5.27));
#6801=CARTESIAN_POINT('Origin',(-3.24954988023627,9.46968541398779,5.52));
#6802=CARTESIAN_POINT('',(-4.36422129200855,15.6046604941375,5.27));
#6803=CARTESIAN_POINT('',(-3.49711689742166,9.43489213874777,5.27));
#6804=CARTESIAN_POINT('',(-3.84263692574767,15.4860431539398,5.77));
#6805=CARTESIAN_POINT('Origin',(-4.33127108014,15.2027373148972,5.52));
#6806=CARTESIAN_POINT('',(-4.53944271690187,15.3411734721969,5.27));
#6807=CARTESIAN_POINT('Origin',(4.15819337781578,10.7382365112909,5.52));
#6808=CARTESIAN_POINT('',(-2.21285230526514,15.7452622929917,5.27));
#6809=CARTESIAN_POINT('',(4.30653381737855,10.9394704895111,5.27));
#6810=CARTESIAN_POINT('',(-2.67873194146168,15.467519883496,5.77));
#6811=CARTESIAN_POINT('Origin',(-1.43049487113804,8.3821757605396,5.52));
#6812=CARTESIAN_POINT('',(-2.01800996392095,14.3588869967528,5.27));
#6813=CARTESIAN_POINT('',(-1.18292785395265,8.41696903577962,5.27));
#6814=CARTESIAN_POINT('',(-2.54145206298704,14.490722792705,5.77));
#6815=CARTESIAN_POINT('Origin',(-2.50634395620092,14.1160077672225,5.52));
#6816=CARTESIAN_POINT('',(-2.30479305415499,13.9680982209299,5.27));
#6817=CARTESIAN_POINT('Origin',(6.32741588802365,-7.65992260860712,5.52));
#6818=CARTESIAN_POINT('',(10.6281562696467,-12.2262951996094,5.27));
#6819=CARTESIAN_POINT('',(9.3160382116652,-10.7168760391634,5.27));
#6820=CARTESIAN_POINT('',(6.51609328307934,-7.4959078513595,5.27));
#6821=CARTESIAN_POINT('',(8.46367138942935,-10.6510624986095,5.87011183909523));
#6822=CARTESIAN_POINT('',(10.1137681664808,-12.3966859200299,5.77));
#6823=CARTESIAN_POINT('Origin',(4.73839963660062,-8.34698610747391,5.52));
#6824=CARTESIAN_POINT('',(8.91379998791458,-13.5312980308015,5.27));
#6825=CARTESIAN_POINT('',(8.91379998791458,-13.5312980308015,5.27));
#6826=CARTESIAN_POINT('',(8.58046339565301,-13.147838146093,5.27));
#6827=CARTESIAN_POINT('Ctrl Pts',(8.66789835091754,-12.4862940129632,5.77));
#6828=CARTESIAN_POINT('Ctrl Pts',(8.64028367430073,-12.707496006059,5.60403737420138));
#6829=CARTESIAN_POINT('Ctrl Pts',(8.61109953947724,-12.9280552863521,5.43731192079559));
#6830=CARTESIAN_POINT('Ctrl Pts',(8.580463395653,-13.147838146093,5.27));
#6831=CARTESIAN_POINT('',(4.54972224154492,-8.51100086472154,5.27));
#6832=CARTESIAN_POINT('Origin',(0.,0.,5.52));
#6833=CARTESIAN_POINT('Origin',(0.,0.,5.27));
#6834=CARTESIAN_POINT('Origin',(8.64982693550706,-13.2450418748017,5.52));
#6835=CARTESIAN_POINT('',(8.61773314779297,-13.4929732943318,5.27));
#6836=CARTESIAN_POINT('Ctrl Pts',(9.50686506723474,-13.6080680698406,5.27));
#6837=CARTESIAN_POINT('Ctrl Pts',(9.46426895650337,-13.4344070494772,5.43675581104188));
#6838=CARTESIAN_POINT('Ctrl Pts',(9.42113360357218,-13.2607362113405,5.60345213332283));
#6839=CARTESIAN_POINT('Ctrl Pts',(9.37745410259373,-13.0871446295122,5.77));
#6840=CARTESIAN_POINT('Origin',(0.,0.,5.52));
#6841=CARTESIAN_POINT('Ctrl Pts',(10.5855562302587,-12.7869464414322,5.27));
#6842=CARTESIAN_POINT('Ctrl Pts',(10.4246256387738,-12.7036600732528,5.43677820208091));
#6843=CARTESIAN_POINT('Ctrl Pts',(10.2638207439353,-12.6197855957446,5.60347562675245));
#6844=CARTESIAN_POINT('Ctrl Pts',(10.1032329942899,-12.5353373733264,5.77));
#6845=CARTESIAN_POINT('Origin',(11.0063933724207,-3.94869862579778,5.52));
#6846=CARTESIAN_POINT('',(11.2556748027765,-3.96763981054809,5.27));
#6847=CARTESIAN_POINT('Origin',(9.03199872219418,-10.6949445843348,3.67));
#6848=CARTESIAN_POINT('',(9.31603821166521,-10.7168760391634,3.37));
#6849=CARTESIAN_POINT('',(9.3160382116652,-10.7168760391634,3.67));
#6850=CARTESIAN_POINT('',(8.74795923272316,-10.6730131295063,2.97));
#6851=CARTESIAN_POINT('Ctrl Pts',(9.31603821166521,-10.7168760391634,3.37));
#6852=CARTESIAN_POINT('Ctrl Pts',(9.02794101520174,-10.6946312778373,3.16420289855073));
#6853=CARTESIAN_POINT('Ctrl Pts',(8.74795923272316,-10.6730131295063,2.97));
#6854=CARTESIAN_POINT('',(8.74795923272316,-10.6730131295063,3.67));
#6855=CARTESIAN_POINT('Origin',(10.8905798812429,-12.5281790316985,3.67));
#6856=CARTESIAN_POINT('',(10.6281562696467,-12.2262951996094,3.67));
#6857=CARTESIAN_POINT('',(10.6281562696467,-12.2262951996094,1.));
#6858=CARTESIAN_POINT('',(9.51285592036236,-10.9432889132302,3.67));
#6859=CARTESIAN_POINT('',(5.44528994062144,-6.26408951584927,3.67));
#6860=CARTESIAN_POINT('',(9.28323526021568,-10.6791405601522,3.32));
#6861=CARTESIAN_POINT('Origin',(10.6068562499527,-12.5066208205208,1.));
#6862=CARTESIAN_POINT('',(11.0488316586033,-6.6898641866095,3.67));
#6863=CARTESIAN_POINT('Origin',(9.21033252757466,-13.569683050321,1.));
#6864=CARTESIAN_POINT('',(8.91379998791458,-13.5312980308015,3.67));
#6865=CARTESIAN_POINT('',(8.91379998791458,-13.5312980308015,1.));
#6866=CARTESIAN_POINT('',(3.81726215163465,-12.8715704186073,3.67));
#6867=CARTESIAN_POINT('Origin',(8.58046339565301,-13.147838146093,3.67));
#6868=CARTESIAN_POINT('',(8.58046339565301,-13.147838146093,3.67));
#6869=CARTESIAN_POINT('',(8.58046339565301,-13.147838146093,3.67));
#6870=CARTESIAN_POINT('',(3.47891889908702,-7.27918252921131,3.67));
#6871=CARTESIAN_POINT('Origin',(0.,0.,3.67));
#6872=CARTESIAN_POINT('Origin',(0.,0.,3.67));
#6873=CARTESIAN_POINT('Origin',(4.20966793056953,11.4578750236738,5.52));
#6874=CARTESIAN_POINT('',(5.27420410220617,15.3174009247096,5.27));
#6875=CARTESIAN_POINT('',(4.62306779329163,13.4263637735103,5.27));
#6876=CARTESIAN_POINT('',(3.9732882866697,11.5392670622881,5.27));
#6877=CARTESIAN_POINT('',(4.75819481777413,13.1441397839492,5.4896482551386));
#6878=CARTESIAN_POINT('',(5.67896084624242,14.9571231201737,5.77));
#6879=CARTESIAN_POINT('',(4.44604757446936,11.3764829850595,5.77));
#6880=CARTESIAN_POINT('',(5.67896084624242,14.9571231201737,5.77));
#6881=CARTESIAN_POINT('Origin',(0.,0.,5.52));
#6882=CARTESIAN_POINT('',(5.80430411316425,15.0173251200714,5.77));
#6883=CARTESIAN_POINT('',(6.6450726608618,14.6646857904249,5.77));
#6884=CARTESIAN_POINT('Origin',(0.,0.,5.77));
#6885=CARTESIAN_POINT('Ctrl Pts',(6.6450726608618,14.6646857904249,5.77));
#6886=CARTESIAN_POINT('Ctrl Pts',(6.77356763011898,14.789309138811,5.60345213332289));
#6887=CARTESIAN_POINT('Ctrl Pts',(6.90240331137622,14.9135008693189,5.43675581104198));
#6888=CARTESIAN_POINT('Ctrl Pts',(7.03150011129245,15.0372206934964,5.27));
#6889=CARTESIAN_POINT('Ctrl Pts',(5.78104233998197,15.5608338293087,5.27));
#6890=CARTESIAN_POINT('Ctrl Pts',(5.78937952509211,15.3798206647469,5.43677820208109));
#6891=CARTESIAN_POINT('Ctrl Pts',(5.79714454426015,15.1986223020098,5.60347562675255));
#6892=CARTESIAN_POINT('Ctrl Pts',(5.80430411316425,15.0173251200714,5.77));
#6893=CARTESIAN_POINT('Origin',(5.5991905003127,10.4252783323485,5.52));
#6894=CARTESIAN_POINT('',(7.26154784689512,14.4852262491882,5.27));
#6895=CARTESIAN_POINT('',(6.73472445144793,14.490996756895,5.77));
#6896=CARTESIAN_POINT('',(7.26154784689512,14.4852262491882,5.27));
#6897=CARTESIAN_POINT('',(5.36281085641287,10.5066703709628,5.77));
#6898=CARTESIAN_POINT('',(5.83557014421253,10.3438862937342,5.27));
#6899=CARTESIAN_POINT('Origin',(8.94258816459276,9.80172775036601,5.52));
#6900=CARTESIAN_POINT('',(8.71182636302638,9.70555607606508,5.77));
#6901=CARTESIAN_POINT('',(9.17334996615912,9.89789942466694,5.27));
#6902=CARTESIAN_POINT('Origin',(5.50476781186359,15.1507993566387,5.52));
#6903=CARTESIAN_POINT('',(5.61300497986996,14.9254447128837,5.77));
#6904=CARTESIAN_POINT('',(5.39653064385722,15.3761540003938,5.27));
#6905=CARTESIAN_POINT('Origin',(4.74609434100368,13.1694126325362,3.67));
#6906=CARTESIAN_POINT('',(4.62306779329163,13.4263637735103,3.37));
#6907=CARTESIAN_POINT('',(4.62306779329163,13.4263637735103,3.67));
#6908=CARTESIAN_POINT('',(4.86912088871573,12.912461491562,2.97));
#6909=CARTESIAN_POINT('Ctrl Pts',(4.62306779329163,13.4263637735103,3.37));
#6910=CARTESIAN_POINT('Ctrl Pts',(4.74785186311385,13.1657419019508,3.16420289855072));
#6911=CARTESIAN_POINT('Ctrl Pts',(4.86912088871573,12.912461491562,2.97));
#6912=CARTESIAN_POINT('',(4.86912088871573,12.912461491562,3.67));
#6913=CARTESIAN_POINT('Origin',(5.40443136398903,15.6956083549493,3.67));
#6914=CARTESIAN_POINT('',(5.27420410220617,15.3174009247096,3.67));
#6915=CARTESIAN_POINT('',(5.27420410220617,15.3174009247096,1.));
#6916=CARTESIAN_POINT('',(4.72073823962878,13.7100193461901,3.67));
#6917=CARTESIAN_POINT('',(2.70221568199452,7.84780417747466,3.67));
#6918=CARTESIAN_POINT('',(4.60678938556877,13.3790878447303,3.32));
#6919=CARTESIAN_POINT('Origin',(5.52762322109407,15.4391173770092,1.));
#6920=CARTESIAN_POINT('',(0.269176504169921,12.913500991793,3.67));
#6921=CARTESIAN_POINT('Origin',(7.14652397909379,14.7612234713423,1.));
#6922=CARTESIAN_POINT('',(7.26154784689512,14.4852262491882,3.67));
#6923=CARTESIAN_POINT('',(7.26154784689512,14.4852262491882,1.));
#6924=CARTESIAN_POINT('',(9.2384758932969,9.74163120552406,3.67));
#6925=CARTESIAN_POINT('Origin',(7.09613014153616,14.0048183499245,3.67));
#6926=CARTESIAN_POINT('',(7.09613014153616,14.0048183499245,3.67));
#6927=CARTESIAN_POINT('',(7.09613014153616,14.0048183499245,3.67));
#6928=CARTESIAN_POINT('',(4.56449753953735,6.65242340892081,3.67));
#6929=CARTESIAN_POINT('Origin',(-2.60705263666546,16.0358486589369,1.));
#6930=CARTESIAN_POINT('',(-2.21285230526514,15.7452622929917,3.67));
#6931=CARTESIAN_POINT('',(-2.21285230526514,15.7452622929917,1.));
#6932=CARTESIAN_POINT('',(2.06703700708145,12.5903246055858,3.67));
#6933=CARTESIAN_POINT('Origin',(-4.19864798394352,15.8536392813006,1.));
#6934=CARTESIAN_POINT('',(-4.36422129200855,15.6046604941375,3.67));
#6935=CARTESIAN_POINT('',(-7.20994820683134,11.3254343064749,3.67));
#6936=CARTESIAN_POINT('',(-4.36422129200855,15.6046604941375,1.));
#6937=CARTESIAN_POINT('Origin',(10.3686673699663,4.68803807370324,5.77));
#6938=CARTESIAN_POINT('Origin',(0.,0.,3.67));
#6939=CARTESIAN_POINT('',(6.48109158074271,12.1834088793747,2.97));
#6940=CARTESIAN_POINT('Origin',(0.,0.,2.97));
#6941=CARTESIAN_POINT('',(6.48109158074271,12.1834088793747,1.));
#6942=CARTESIAN_POINT('',(6.48109158074271,12.1834088793747,0.));
#6943=CARTESIAN_POINT('',(9.58997732831035,9.92332277226199,1.));
#6944=CARTESIAN_POINT('Origin',(0.,0.,1.));
#6945=CARTESIAN_POINT('',(9.58997732831035,9.92332277226199,2.97));
#6946=CARTESIAN_POINT('',(9.58997732831035,9.92332277226199,1.));
#6947=CARTESIAN_POINT('Origin',(0.,0.,2.97));
#6948=CARTESIAN_POINT('Origin',(-4.41989053239257,16.0007677216341,3.67));
#6949=CARTESIAN_POINT('',(-4.29350892443411,15.1015158549003,3.67));
#6950=CARTESIAN_POINT('',(-3.27448344009346,7.850772777285,3.67));
#6951=CARTESIAN_POINT('',(-4.29350892443411,15.1015158549003,3.67));
#6952=CARTESIAN_POINT('Origin',(-1.9205887932489,13.6656993486337,3.67));
#6953=CARTESIAN_POINT('',(-2.01800996392095,14.3588869967528,3.67));
#6954=CARTESIAN_POINT('',(-2.01800996392095,14.3588869967528,3.67));
#6955=CARTESIAN_POINT('',(-0.960294396624452,6.83284967431684,3.67));
#6956=CARTESIAN_POINT('Origin',(0.,0.,3.67));
#6957=CARTESIAN_POINT('Origin',(0.,0.,3.67));
#6958=CARTESIAN_POINT('Origin',(0.,0.,3.67));
#6959=CARTESIAN_POINT('Origin',(0.,0.,3.67));
#6960=CARTESIAN_POINT('Origin',(0.,0.,3.67));
#6961=CARTESIAN_POINT('Origin',(0.,0.,3.67));
#6962=CARTESIAN_POINT('Origin',(0.,0.,3.67));
#6963=CARTESIAN_POINT('Origin',(0.,0.,3.67));
#6964=CARTESIAN_POINT('Origin',(0.,0.,3.67));
#6965=CARTESIAN_POINT('Origin',(0.,0.,3.67));
#6966=CARTESIAN_POINT('Origin',(0.,0.,3.67));
#6967=CARTESIAN_POINT('Origin',(-2.31454629856,13.9548078332776,3.67));
#6968=CARTESIAN_POINT('',(-2.61108263319905,13.5507286698025,2.97));
#6969=CARTESIAN_POINT('',(-2.61108263319904,13.5507286698025,3.67));
#6970=CARTESIAN_POINT('Ctrl Pts',(-2.61108263319905,13.5507286698025,2.97));
#6971=CARTESIAN_POINT('Ctrl Pts',(-2.32188111955804,13.9448129423084,3.30224637681171));
#6972=CARTESIAN_POINT('Ctrl Pts',(-2.01800996392095,14.3588869967528,3.67));
#6973=CARTESIAN_POINT('Origin',(0.,0.,3.67));
#6974=CARTESIAN_POINT('Origin',(0.,0.,3.67));
#6975=CARTESIAN_POINT('Origin',(0.,0.,2.97));
#6976=CARTESIAN_POINT('Origin',(0.,0.,3.67));
#6977=CARTESIAN_POINT('',(-6.48109158074273,-12.1834088793747,2.97));
#6978=CARTESIAN_POINT('Origin',(0.,0.,2.97));
#6979=CARTESIAN_POINT('',(-6.48109158074271,-12.1834088793747,1.));
#6980=CARTESIAN_POINT('',(-6.48109158074271,-12.1834088793747,0.));
#6981=CARTESIAN_POINT('',(-9.58997732831035,-9.923322772262,1.));
#6982=CARTESIAN_POINT('Origin',(0.,0.,1.));
#6983=CARTESIAN_POINT('',(-9.58997732831035,-9.923322772262,2.97));
#6984=CARTESIAN_POINT('',(-9.58997732831035,-9.923322772262,1.));
#6985=CARTESIAN_POINT('Origin',(0.,0.,2.97));
#6986=CARTESIAN_POINT('Origin',(-1.84319166515793,-6.70113009017825,7.13));
#6987=CARTESIAN_POINT('',(-1.59528352175536,-6.66885699868252,5.42299021557778));
#6988=CARTESIAN_POINT('',(-1.77688980669901,-6.46008224520781,5.58));
#6989=CARTESIAN_POINT('Ctrl Pts',(-1.59528352175536,-6.66885699868256,5.42299021557782));
#6990=CARTESIAN_POINT('Ctrl Pts',(-1.59570901452811,-6.66558854442435,5.42606999424369));
#6991=CARTESIAN_POINT('Ctrl Pts',(-1.596199190815,-6.6623169775958,5.42913759798875));
#6992=CARTESIAN_POINT('Ctrl Pts',(-1.60267466987562,-6.62449671217045,5.4644040046444));
#6993=CARTESIAN_POINT('Ctrl Pts',(-1.61622590696136,-6.58996260150242,5.49479381425508));
#6994=CARTESIAN_POINT('Ctrl Pts',(-1.65150940792844,-6.53866753560523,5.53601755554784));
#6995=CARTESIAN_POINT('Ctrl Pts',(-1.67113923871158,-6.51731718802086,5.55189760024111));
#6996=CARTESIAN_POINT('Ctrl Pts',(-1.71920139042088,-6.4820053804451,5.57393711788989));
#6997=CARTESIAN_POINT('Ctrl Pts',(-1.74772267202457,-6.46810486509505,5.58));
#6998=CARTESIAN_POINT('Ctrl Pts',(-1.77688980669901,-6.46008224520781,5.58));
#6999=CARTESIAN_POINT('',(-1.77688980669901,-6.46008224520781,6.68));
#7000=CARTESIAN_POINT('',(-1.77688980669901,-6.46008224520781,7.13));
#7001=CARTESIAN_POINT('',(-1.59528352175536,-6.66885699868252,6.83700978442223));
#7002=CARTESIAN_POINT('Ctrl Pts',(-1.77688980669901,-6.46008224520781,6.68));
#7003=CARTESIAN_POINT('Ctrl Pts',(-1.74772267202457,-6.46810486509505,6.68));
#7004=CARTESIAN_POINT('Ctrl Pts',(-1.71920139042088,-6.4820053804451,6.68606288211012));
#7005=CARTESIAN_POINT('Ctrl Pts',(-1.67113923871158,-6.51731718802086,6.7081023997589));
#7006=CARTESIAN_POINT('Ctrl Pts',(-1.65150940792844,-6.53866753560523,6.72398244445216));
#7007=CARTESIAN_POINT('Ctrl Pts',(-1.61622590696136,-6.58996260150242,6.76520618574493));
#7008=CARTESIAN_POINT('Ctrl Pts',(-1.60267466987562,-6.62449671217044,6.79559599535561));
#7009=CARTESIAN_POINT('Ctrl Pts',(-1.596199190815,-6.6623169775958,6.83086240201125));
#7010=CARTESIAN_POINT('Ctrl Pts',(-1.59570901452811,-6.66558854442435,6.83393000575631));
#7011=CARTESIAN_POINT('Ctrl Pts',(-1.59528352175536,-6.66885699868256,6.83700978442218));
#7012=CARTESIAN_POINT('',(-1.59528352175538,-6.66885699868243,7.13));
#7013=CARTESIAN_POINT('Origin',(0.,0.,5.355));
#7014=CARTESIAN_POINT('',(-1.33895351676435,-7.02351076598764,5.13));
#7015=CARTESIAN_POINT('Ctrl Pts',(-1.33895351676435,-7.02351076598764,5.13));
#7016=CARTESIAN_POINT('Ctrl Pts',(-1.36005593760431,-7.01335428683527,5.13602503217837));
#7017=CARTESIAN_POINT('Ctrl Pts',(-1.38018677412284,-7.00166432977922,5.14362991507209));
#7018=CARTESIAN_POINT('Ctrl Pts',(-1.45181862080019,-6.95268506793017,5.17759595879071));
#7019=CARTESIAN_POINT('Ctrl Pts',(-1.49419084951158,-6.9067758398287,5.21355457823742));
#7020=CARTESIAN_POINT('Ctrl Pts',(-1.56006027358243,-6.80631825712395,5.2973412246413));
#7021=CARTESIAN_POINT('Ctrl Pts',(-1.58366821109852,-6.74365087283154,5.35293349920999));
#7022=CARTESIAN_POINT('Ctrl Pts',(-1.59417114179218,-6.67697792388963,5.41535045487331));
#7023=CARTESIAN_POINT('Ctrl Pts',(-1.59475506235413,-6.67291639872603,5.41916514945712));
#7024=CARTESIAN_POINT('Ctrl Pts',(-1.59528352175536,-6.66885699868256,5.42299021557782));
#7025=CARTESIAN_POINT('',(-2.50150499842719,-6.69813203384673,5.13));
#7026=CARTESIAN_POINT('Origin',(0.,0.,5.13));
#7027=CARTESIAN_POINT('',(-2.5391175622335,-6.20023241541455,5.58));
#7028=CARTESIAN_POINT('Ctrl Pts',(-2.50150499842719,-6.69813203384673,5.13));
#7029=CARTESIAN_POINT('Ctrl Pts',(-2.51529021123592,-6.53260323460408,5.28024475160643));
#7030=CARTESIAN_POINT('Ctrl Pts',(-2.5278835928782,-6.36651653225517,5.43037674589252));
#7031=CARTESIAN_POINT('Ctrl Pts',(-2.5391175622335,-6.20023241541455,5.58));
#7032=CARTESIAN_POINT('Origin',(0.,0.,5.58));
#7033=CARTESIAN_POINT('Origin',(-1.13971674686183,-6.60955056361821,7.13));
#7034=CARTESIAN_POINT('',(-1.33895351676435,-7.02351076598764,7.13));
#7035=CARTESIAN_POINT('Ctrl Pts',(-1.59528352175536,-6.66885699868256,6.83700978442218));
#7036=CARTESIAN_POINT('Ctrl Pts',(-1.59475506235413,-6.67291639872603,6.84083485054288));
#7037=CARTESIAN_POINT('Ctrl Pts',(-1.59417114179218,-6.67697792388963,6.8446495451267));
#7038=CARTESIAN_POINT('Ctrl Pts',(-1.58366821109852,-6.74365087283154,6.90706650079001));
#7039=CARTESIAN_POINT('Ctrl Pts',(-1.56006027358243,-6.80631825712395,6.9626587753587));
#7040=CARTESIAN_POINT('Ctrl Pts',(-1.49419084951158,-6.9067758398287,7.04644542176258));
#7041=CARTESIAN_POINT('Ctrl Pts',(-1.45181862080019,-6.95268506793017,7.0824040412093));
#7042=CARTESIAN_POINT('Ctrl Pts',(-1.38018677412284,-7.00166432977922,7.11637008492791));
#7043=CARTESIAN_POINT('Ctrl Pts',(-1.36005593760431,-7.01335428683527,7.12397496782164));
#7044=CARTESIAN_POINT('Ctrl Pts',(-1.33895351676435,-7.02351076598764,7.13));
#7045=CARTESIAN_POINT('',(-1.33410194923779,-7.02581097817164,7.13));
#7046=CARTESIAN_POINT('Origin',(-1.13971674686183,-6.60955056361821,7.13));
#7047=CARTESIAN_POINT('',(-0.922080131856304,-7.01414003880988,6.8456303933073));
#7048=CARTESIAN_POINT('Origin',(-1.13971674686183,-6.60955056361821,6.69058913854053));
#7049=CARTESIAN_POINT('',(-0.922080131856305,-7.01414003880988,5.41436960669271));
#7050=CARTESIAN_POINT('',(-0.922080131856304,-7.01414003880988,7.13));
#7051=CARTESIAN_POINT('',(-1.33410194923779,-7.02581097817164,5.13));
#7052=CARTESIAN_POINT('Origin',(-1.13971674686183,-6.60955056361821,5.56941086145947));
#7053=CARTESIAN_POINT('Origin',(-1.13971674686183,-6.60955056361821,5.13));
#7054=CARTESIAN_POINT('Origin',(-0.803647682134649,-7.23430759966508,7.13));
#7055=CARTESIAN_POINT('',(-0.636365030544934,-7.04852139329573,5.58));
#7056=CARTESIAN_POINT('Origin',(-0.803647682134649,-7.23430759966508,5.33));
#7057=CARTESIAN_POINT('',(-0.636365030544934,-7.04852139329573,6.68));
#7058=CARTESIAN_POINT('Origin',(-0.803647682134649,-7.23430759966508,6.93));
#7059=CARTESIAN_POINT('',(-0.636365030544934,-7.04852139329573,7.13));
#7060=CARTESIAN_POINT('Origin',(-1.40327315006838,-6.6607615850334,5.355));
#7061=CARTESIAN_POINT('',(1.40791018536207,-8.88919506535624,5.58));
#7062=CARTESIAN_POINT('',(-1.25271876363764,-6.49355399930099,5.58));
#7063=CARTESIAN_POINT('',(0.817170126946929,-8.96282505595337,5.13));
#7064=CARTESIAN_POINT('Origin',(0.,0.,11.2438835194485));
#7065=CARTESIAN_POINT('',(-1.55382753649912,-6.82796917076582,5.13));
#7066=CARTESIAN_POINT('Origin',(6.72494472473764,1.75431423901861,7.13));
#7067=CARTESIAN_POINT('',(6.57304133594239,1.95287244326241,5.42299021557778));
#7068=CARTESIAN_POINT('',(6.48304023823628,1.69120941027694,5.58));
#7069=CARTESIAN_POINT('Ctrl Pts',(6.57304133594242,1.95287244326243,5.42299021557782));
#7070=CARTESIAN_POINT('Ctrl Pts',(6.57042351791008,1.950869728583,5.42606999424369));
#7071=CARTESIAN_POINT('Ctrl Pts',(6.56783534606983,1.94880944005195,5.42913759798875));
#7072=CARTESIAN_POINT('Ctrl Pts',(6.53831977496391,1.92429137797109,5.46440400464439));
#7073=CARTESIAN_POINT('Ctrl Pts',(6.51518797637116,1.89528860706813,5.49479381425507));
#7074=CARTESIAN_POINT('Ctrl Pts',(6.48840689669894,1.83908466594759,5.53601755554784));
#7075=CARTESIAN_POINT('Ctrl Pts',(6.47973186870282,1.81140956002521,5.5518976002411));
#7076=CARTESIAN_POINT('Ctrl Pts',(6.47318202214331,1.75213061189654,5.57393711788988));
#7077=CARTESIAN_POINT('Ctrl Pts',(6.47540446352632,1.72048019980423,5.58));
#7078=CARTESIAN_POINT('Ctrl Pts',(6.48304023823628,1.69120941027694,5.58));
#7079=CARTESIAN_POINT('',(6.48304023823628,1.69120941027694,6.68));
#7080=CARTESIAN_POINT('',(6.48304023823628,1.69120941027694,7.13));
#7081=CARTESIAN_POINT('',(6.57304133594239,1.95287244326241,6.83700978442223));
#7082=CARTESIAN_POINT('Ctrl Pts',(6.48304023823628,1.69120941027694,6.68));
#7083=CARTESIAN_POINT('Ctrl Pts',(6.47540446352632,1.72048019980423,6.68));
#7084=CARTESIAN_POINT('Ctrl Pts',(6.47318202214331,1.75213061189654,6.68606288211012));
#7085=CARTESIAN_POINT('Ctrl Pts',(6.47973186870282,1.81140956002521,6.7081023997589));
#7086=CARTESIAN_POINT('Ctrl Pts',(6.48840689669894,1.83908466594759,6.72398244445216));
#7087=CARTESIAN_POINT('Ctrl Pts',(6.51518797637116,1.89528860706813,6.76520618574493));
#7088=CARTESIAN_POINT('Ctrl Pts',(6.53831977496391,1.92429137797109,6.79559599535561));
#7089=CARTESIAN_POINT('Ctrl Pts',(6.56783534606983,1.94880944005195,6.83086240201125));
#7090=CARTESIAN_POINT('Ctrl Pts',(6.57042351791008,1.950869728583,6.83393000575631));
#7091=CARTESIAN_POINT('Ctrl Pts',(6.57304133594242,1.95287244326243,6.83700978442218));
#7092=CARTESIAN_POINT('',(6.57304133594232,1.95287244326235,7.13));
#7093=CARTESIAN_POINT('Origin',(0.,0.,5.355));
#7094=CARTESIAN_POINT('',(6.75201550548098,2.35218762298938,5.13));
#7095=CARTESIAN_POINT('Ctrl Pts',(6.75201550548098,2.35218762298938,5.13));
#7096=CARTESIAN_POINT('Ctrl Pts',(6.753770946942,2.32883415088445,5.13602503217836));
#7097=CARTESIAN_POINT('Ctrl Pts',(6.75371256542157,2.30555535653194,5.14362991507209));
#7098=CARTESIAN_POINT('Ctrl Pts',(6.74711120374036,2.21903072666483,5.17759595879071));
#7099=CARTESIAN_POINT('Ctrl Pts',(6.72853876029204,2.15938068613507,5.21355457823742));
#7100=CARTESIAN_POINT('Ctrl Pts',(6.67447465370239,2.05210730020469,5.2973412246413));
#7101=CARTESIAN_POINT('Ctrl Pts',(6.63200707567448,2.00032853443859,5.35293349920999));
#7102=CARTESIAN_POINT('Ctrl Pts',(6.57951807349239,1.95789625517274,5.4153504548733));
#7103=CARTESIAN_POINT('Ctrl Pts',(6.57629264980358,1.9553598025505,5.41916514945712));
#7104=CARTESIAN_POINT('Ctrl Pts',(6.57304133594242,1.95287244326243,5.42299021557782));
#7105=CARTESIAN_POINT('',(7.05150499842719,1.18269914059166,5.13));
#7106=CARTESIAN_POINT('Origin',(0.,0.,5.13));
#7107=CARTESIAN_POINT('',(6.6391175622335,0.901175895617848,5.58));
#7108=CARTESIAN_POINT('Ctrl Pts',(7.05150499842719,1.18269914059166,5.13));
#7109=CARTESIAN_POINT('Ctrl Pts',(6.91504545962975,1.0879963964816,5.28024475160614));
#7110=CARTESIAN_POINT('Ctrl Pts',(6.77750684698581,0.994046856885265,5.43037674589239));
#7111=CARTESIAN_POINT('Ctrl Pts',(6.6391175622335,0.90117589561785,5.58));
#7112=CARTESIAN_POINT('Origin',(0.,0.,5.58));
#7113=CARTESIAN_POINT('Origin',(6.29389706912204,2.3177516259082,7.13));
#7114=CARTESIAN_POINT('',(6.75201550548098,2.35218762298938,7.13));
#7115=CARTESIAN_POINT('Ctrl Pts',(6.57304133594242,1.95287244326243,6.83700978442218));
#7116=CARTESIAN_POINT('Ctrl Pts',(6.57629264980358,1.9553598025505,6.84083485054288));
#7117=CARTESIAN_POINT('Ctrl Pts',(6.57951807349239,1.95789625517274,6.8446495451267));
#7118=CARTESIAN_POINT('Ctrl Pts',(6.63200707567448,2.00032853443859,6.90706650079001));
#7119=CARTESIAN_POINT('Ctrl Pts',(6.67447465370239,2.05210730020469,6.9626587753587));
#7120=CARTESIAN_POINT('Ctrl Pts',(6.72853876029204,2.15938068613507,7.04644542176258));
#7121=CARTESIAN_POINT('Ctrl Pts',(6.74711120374036,2.21903072666483,7.0824040412093));
#7122=CARTESIAN_POINT('Ctrl Pts',(6.75371256542157,2.30555535653194,7.11637008492791));
#7123=CARTESIAN_POINT('Ctrl Pts',(6.753770946942,2.32883415088445,7.12397496782164));
#7124=CARTESIAN_POINT('Ctrl Pts',(6.75201550548098,2.35218762298938,7.13));
#7125=CARTESIAN_POINT('',(6.75158176390313,2.35753930980755,7.13));
#7126=CARTESIAN_POINT('Origin',(6.29389706912204,2.3177516259082,7.13));
#7127=CARTESIAN_POINT('',(6.53546352523908,2.70852520089247,6.8456303933073));
#7128=CARTESIAN_POINT('Origin',(6.29389706912204,2.3177516259082,6.69058913854053));
#7129=CARTESIAN_POINT('',(6.53546352523908,2.70852520089247,5.41436960669271));
#7130=CARTESIAN_POINT('',(6.53546352523908,2.70852520089247,7.13));
#7131=CARTESIAN_POINT('',(6.75158176390313,2.35753930980754,5.13));
#7132=CARTESIAN_POINT('Origin',(6.29389706912204,2.3177516259082,5.56941086145947));
#7133=CARTESIAN_POINT('Origin',(6.29389706912204,2.3177516259082,5.13));
#7134=CARTESIAN_POINT('Origin',(6.66691800116811,2.92117449141145,7.13));
#7135=CARTESIAN_POINT('',(6.42238110098465,2.97315241411589,5.58));
#7136=CARTESIAN_POINT('Origin',(6.66691800116811,2.92117449141145,5.33));
#7137=CARTESIAN_POINT('',(6.42238110098466,2.97315241411589,6.68));
#7138=CARTESIAN_POINT('Origin',(6.66691800116811,2.92117449141145,6.93));
#7139=CARTESIAN_POINT('',(6.42238110098466,2.97315241411589,7.13));
#7140=CARTESIAN_POINT('Origin',(6.17965566858206,0.749028808931042,6.905));
#7141=CARTESIAN_POINT('',(7.47844153594859,5.77714567874127,7.13));
#7142=CARTESIAN_POINT('',(6.39973887874717,0.702248678497046,7.13));
#7143=CARTESIAN_POINT('',(6.99431365311274,5.66388351944853,6.68));
#7144=CARTESIAN_POINT('Ctrl Pts',(7.47844153594859,5.77714567874127,7.13));
#7145=CARTESIAN_POINT('Ctrl Pts',(7.31708158803455,5.74035774597836,6.97981479539578));
#7146=CARTESIAN_POINT('Ctrl Pts',(7.15563242469807,5.70261272994707,6.82974131374073));
#7147=CARTESIAN_POINT('Ctrl Pts',(6.99431365311274,5.66388351944854,6.68));
#7148=CARTESIAN_POINT('',(5.95957245841696,0.795808939365038,6.68));
#7149=CARTESIAN_POINT('Origin',(-4.8817530595797,4.94681585115963,7.13));
#7150=CARTESIAN_POINT('',(-4.97775781418702,4.71598455542011,5.42299021557778));
#7151=CARTESIAN_POINT('',(-4.70615043153727,4.76887283493087,5.58));
#7152=CARTESIAN_POINT('Ctrl Pts',(-4.97775781418706,4.71598455542012,5.42299021557782));
#7153=CARTESIAN_POINT('Ctrl Pts',(-4.97471450338197,4.71471881584135,5.42606999424369));
#7154=CARTESIAN_POINT('Ctrl Pts',(-4.97163615525483,4.71350753754385,5.42913759798875));
#7155=CARTESIAN_POINT('Ctrl Pts',(-4.93564510508829,4.70020533419935,5.46440400464439));
#7156=CARTESIAN_POINT('Ctrl Pts',(-4.89896206940981,4.69467399443429,5.49479381425507));
#7157=CARTESIAN_POINT('Ctrl Pts',(-4.8368974887705,4.69958286965764,5.53601755554784));
#7158=CARTESIAN_POINT('Ctrl Pts',(-4.80859262999124,4.70590762799565,5.55189760024111));
#7159=CARTESIAN_POINT('Ctrl Pts',(-4.75398063172243,4.72987476854856,5.57393711788989));
#7160=CARTESIAN_POINT('Ctrl Pts',(-4.72768179150175,4.74762466529082,5.58));
#7161=CARTESIAN_POINT('Ctrl Pts',(-4.70615043153727,4.76887283493087,5.58));
#7162=CARTESIAN_POINT('',(-4.70615043153727,4.76887283493087,6.68));
#7163=CARTESIAN_POINT('',(-4.70615043153727,4.76887283493087,7.13));
#7164=CARTESIAN_POINT('',(-4.97775781418703,4.71598455542011,6.83700978442223));
#7165=CARTESIAN_POINT('Ctrl Pts',(-4.70615043153727,4.76887283493087,6.68));
#7166=CARTESIAN_POINT('Ctrl Pts',(-4.72768179150175,4.74762466529082,6.68));
#7167=CARTESIAN_POINT('Ctrl Pts',(-4.75398063172243,4.72987476854856,6.68606288211012));
#7168=CARTESIAN_POINT('Ctrl Pts',(-4.80859262999124,4.70590762799565,6.7081023997589));
#7169=CARTESIAN_POINT('Ctrl Pts',(-4.8368974887705,4.69958286965764,6.72398244445216));
#7170=CARTESIAN_POINT('Ctrl Pts',(-4.89896206940981,4.69467399443429,6.76520618574493));
#7171=CARTESIAN_POINT('Ctrl Pts',(-4.93564510508829,4.70020533419935,6.79559599535561));
#7172=CARTESIAN_POINT('Ctrl Pts',(-4.97163615525483,4.71350753754385,6.83086240201125));
#7173=CARTESIAN_POINT('Ctrl Pts',(-4.97471450338197,4.71471881584135,6.83393000575631));
#7174=CARTESIAN_POINT('Ctrl Pts',(-4.97775781418706,4.71598455542012,6.83700978442218));
#7175=CARTESIAN_POINT('',(-4.97775781418694,4.71598455542007,7.13));
#7176=CARTESIAN_POINT('Origin',(0.,0.,5.355));
#7177=CARTESIAN_POINT('',(-5.41306198871663,4.67132314299826,5.13));
#7178=CARTESIAN_POINT('Ctrl Pts',(-5.41306198871663,4.67132314299826,5.13));
#7179=CARTESIAN_POINT('Ctrl Pts',(-5.3937150093377,4.68452013595082,5.13602503217836));
#7180=CARTESIAN_POINT('Ctrl Pts',(-5.37352579129873,4.69610897324728,5.14362991507209));
#7181=CARTESIAN_POINT('Ctrl Pts',(-5.29529258294017,4.73365434126534,5.17759595879071));
#7182=CARTESIAN_POINT('Ctrl Pts',(-5.23434791078047,4.74739515369363,5.21355457823742));
#7183=CARTESIAN_POINT('Ctrl Pts',(-5.11441438011995,4.75421095691927,5.2973412246413));
#7184=CARTESIAN_POINT('Ctrl Pts',(-5.04833886457596,4.74332233839295,5.35293349920999));
#7185=CARTESIAN_POINT('Ctrl Pts',(-4.98534693170021,4.71908166871688,5.41535045487331));
#7186=CARTESIAN_POINT('Ctrl Pts',(-4.98153758744945,4.71755659617553,5.41916514945712));
#7187=CARTESIAN_POINT('Ctrl Pts',(-4.97775781418706,4.71598455542012,5.42299021557782));
#7188=CARTESIAN_POINT('',(-4.55,5.51543289325507,5.13));
#7189=CARTESIAN_POINT('Origin',(0.,0.,5.13));
#7190=CARTESIAN_POINT('',(-4.1,5.2990565197967,5.58));
#7191=CARTESIAN_POINT('Ctrl Pts',(-4.55,5.51543289325507,5.13));
#7192=CARTESIAN_POINT('Ctrl Pts',(-4.39975524839396,5.44460683812285,5.28024475160605));
#7193=CARTESIAN_POINT('Ctrl Pts',(-4.24962325410766,5.37246967537007,5.43037674589235));
#7194=CARTESIAN_POINT('Ctrl Pts',(-4.10000000000001,5.2990565197967,5.58));
#7195=CARTESIAN_POINT('Origin',(0.,0.,5.58));
#7196=CARTESIAN_POINT('Origin',(-5.15418032226021,4.29179893771001,7.13));
#7197=CARTESIAN_POINT('',(-5.41306198871663,4.67132314299826,7.13));
#7198=CARTESIAN_POINT('Ctrl Pts',(-4.97775781418706,4.71598455542012,6.83700978442218));
#7199=CARTESIAN_POINT('Ctrl Pts',(-4.98153758744945,4.71755659617553,6.84083485054288));
#7200=CARTESIAN_POINT('Ctrl Pts',(-4.98534693170021,4.71908166871688,6.8446495451267));
#7201=CARTESIAN_POINT('Ctrl Pts',(-5.04833886457596,4.74332233839295,6.90706650079001));
#7202=CARTESIAN_POINT('Ctrl Pts',(-5.11441438011995,4.75421095691927,6.9626587753587));
#7203=CARTESIAN_POINT('Ctrl Pts',(-5.23434791078047,4.74739515369362,7.04644542176258));
#7204=CARTESIAN_POINT('Ctrl Pts',(-5.29529258294017,4.73365434126534,7.0824040412093));
#7205=CARTESIAN_POINT('Ctrl Pts',(-5.37352579129873,4.69610897324728,7.11637008492791));
#7206=CARTESIAN_POINT('Ctrl Pts',(-5.3937150093377,4.68452013595082,7.12397496782164));
#7207=CARTESIAN_POINT('Ctrl Pts',(-5.41306198871663,4.67132314299826,7.13));
#7208=CARTESIAN_POINT('',(-5.41747981466534,4.66827166836408,7.13));
#7209=CARTESIAN_POINT('Origin',(-5.15418032226021,4.29179893771001,7.13));
#7210=CARTESIAN_POINT('',(-5.61338339338277,4.3056148379174,6.8456303933073));
#7211=CARTESIAN_POINT('Origin',(-5.15418032226021,4.29179893771001,6.69058913854053));
#7212=CARTESIAN_POINT('',(-5.61338339338277,4.3056148379174,5.4143696066927));
#7213=CARTESIAN_POINT('',(-5.61338339338277,4.3056148379174,7.13));
#7214=CARTESIAN_POINT('',(-5.41747981466534,4.66827166836408,5.13));
#7215=CARTESIAN_POINT('Origin',(-5.15418032226021,4.29179893771001,5.56941086145947));
#7216=CARTESIAN_POINT('Origin',(-5.15418032226021,4.29179893771001,5.13));
#7217=CARTESIAN_POINT('Origin',(-5.86327031903346,4.31313310825363,7.13));
#7218=CARTESIAN_POINT('',(-5.78601607043972,4.07536897917984,5.58));
#7219=CARTESIAN_POINT('Origin',(-5.86327031903346,4.31313310825363,5.33));
#7220=CARTESIAN_POINT('',(-5.78601607043972,4.07536897917984,6.68));
#7221=CARTESIAN_POINT('Origin',(-5.86327031903346,4.31313310825363,6.93));
#7222=CARTESIAN_POINT('',(-5.78601607043972,4.07536897917984,7.13));
#7223=CARTESIAN_POINT('Origin',(-3.73850581099172,4.97722439116705,6.905));
#7224=CARTESIAN_POINT('',(-8.74237568712773,3.58794751147756,7.13));
#7225=CARTESIAN_POINT('',(-3.80803463472608,5.19121210733346,7.13));
#7226=CARTESIAN_POINT('',(-8.40222383847481,3.2253115459077,6.68));
#7227=CARTESIAN_POINT('Ctrl Pts',(-8.74237568712773,3.58794751147756,7.13));
#7228=CARTESIAN_POINT('Ctrl Pts',(-8.62983642884488,3.46659966381165,6.97981479539519));
#7229=CARTESIAN_POINT('Ctrl Pts',(-8.51642370442752,3.34565309495841,6.82974131374045));
#7230=CARTESIAN_POINT('Ctrl Pts',(-8.40222383847482,3.2253115459077,6.68));
#7231=CARTESIAN_POINT('',(-3.66897698725735,4.76323667500064,6.68));
#7232=CARTESIAN_POINT('Origin',(0.,0.,1.75));
#7233=CARTESIAN_POINT('',(-9.5,1.16341445918999E-15,1.5));
#7234=CARTESIAN_POINT('Origin',(0.,0.,1.5));
#7235=CARTESIAN_POINT('',(-9.,-1.10218211923262E-15,2.));
#7236=CARTESIAN_POINT('',(-9.25,1.1327982892113E-15,1.75));
#7237=CARTESIAN_POINT('Origin',(0.,0.,2.));
#7238=CARTESIAN_POINT('Origin',(0.,0.,0.5));
#7239=CARTESIAN_POINT('',(-9.,-1.10218211923262E-15,6.68));
#7240=CARTESIAN_POINT('',(-9.,-1.10218211923262E-15,0.5));
#7241=CARTESIAN_POINT('',(-6.99431365311274,-5.66388351944853,6.68));
#7242=CARTESIAN_POINT('Origin',(0.,0.,6.68));
#7243=CARTESIAN_POINT('',(-6.99431365311274,-5.66388351944853,5.58));
#7244=CARTESIAN_POINT('',(-6.99431365311274,-5.66388351944853,0.5));
#7245=CARTESIAN_POINT('',(-6.64557529377946,-6.06929394696847,5.13));
#7246=CARTESIAN_POINT('Origin',(0.,0.,10.2153426741905));
#7247=CARTESIAN_POINT('Origin',(0.,0.,5.13));
#7248=CARTESIAN_POINT('',(1.40791018536207,-8.88919506535624,6.68));
#7249=CARTESIAN_POINT('',(1.40791018536207,-8.88919506535624,0.5));
#7250=CARTESIAN_POINT('',(8.40222383847481,-3.22531154590771,6.68));
#7251=CARTESIAN_POINT('Origin',(0.,0.,6.68));
#7252=CARTESIAN_POINT('',(8.40222383847481,-3.22531154590771,5.58));
#7253=CARTESIAN_POINT('',(8.40222383847481,-3.22531154590771,0.5));
#7254=CARTESIAN_POINT('',(8.57895038799954,-2.72059005369101,5.13));
#7255=CARTESIAN_POINT('Origin',(0.,0.,10.2153426741905));
#7256=CARTESIAN_POINT('',(7.35344912465784,5.18910261712648,5.13));
#7257=CARTESIAN_POINT('Origin',(0.,0.,5.13));
#7258=CARTESIAN_POINT('',(6.99431365311274,5.66388351944853,5.58));
#7259=CARTESIAN_POINT('Origin',(0.,0.,11.2438835194485));
#7260=CARTESIAN_POINT('',(6.99431365311274,5.66388351944853,0.5));
#7261=CARTESIAN_POINT('',(-1.40791018536207,8.88919506535624,6.68));
#7262=CARTESIAN_POINT('Origin',(0.,0.,6.68));
#7263=CARTESIAN_POINT('',(-1.40791018536207,8.88919506535624,5.58));
#7264=CARTESIAN_POINT('',(-1.40791018536207,8.88919506535624,0.5));
#7265=CARTESIAN_POINT('',(-1.93337509422009,8.78988400065948,5.13));
#7266=CARTESIAN_POINT('Origin',(0.,0.,10.2153426741905));
#7267=CARTESIAN_POINT('',(-8.17061925160477,3.77372243882689,5.13));
#7268=CARTESIAN_POINT('Origin',(0.,0.,5.13));
#7269=CARTESIAN_POINT('',(-8.40222383847481,3.2253115459077,5.58));
#7270=CARTESIAN_POINT('Origin',(0.,0.,11.2438835194486));
#7271=CARTESIAN_POINT('',(-8.40222383847481,3.2253115459077,0.5));
#7272=CARTESIAN_POINT('Origin',(0.,0.,6.68));
#7273=CARTESIAN_POINT('Origin',(0.,0.,1.5));
#7274=CARTESIAN_POINT('',(12.1352176499742,-8.98590521804991,1.5));
#7275=CARTESIAN_POINT('',(11.5300209294305,-9.1451314164722,1.5));
#7276=CARTESIAN_POINT('Origin',(11.7333892509684,-8.68835868765092,1.5));
#7277=CARTESIAN_POINT('',(7.40787946577387,-7.30983579195207,1.5));
#7278=CARTESIAN_POINT('',(2.66097514248847,-5.19637782080974,1.5));
#7279=CARTESIAN_POINT('',(6.35288885763335,-7.46195705981735,1.5));
#7280=CARTESIAN_POINT('Origin',(7.00114282269798,-8.22338124959463,1.5));
#7281=CARTESIAN_POINT('',(-6.35288885763397,-7.46195705981682,1.5));
#7282=CARTESIAN_POINT('Origin',(0.,0.,1.5));
#7283=CARTESIAN_POINT('',(-7.40787946577448,-7.30983579195146,1.5));
#7284=CARTESIAN_POINT('Origin',(-7.00114282269866,-8.22338124959405,1.5));
#7285=CARTESIAN_POINT('',(-11.5300209294306,-9.14513141647095,1.5));
#7286=CARTESIAN_POINT('',(-5.2004317409639,-6.32701674354668,1.5));
#7287=CARTESIAN_POINT('',(-12.1352176499743,-8.98590521804861,1.5));
#7288=CARTESIAN_POINT('Origin',(-11.7333892509685,-8.68835868764965,1.5));
#7289=CARTESIAN_POINT('',(-12.1352176499733,8.98590521804991,1.5));
#7290=CARTESIAN_POINT('Origin',(0.,0.,1.5));
#7291=CARTESIAN_POINT('',(-11.5300209294296,9.14513141647218,1.5));
#7292=CARTESIAN_POINT('Origin',(-11.7333892509676,8.6883586876509,1.5));
#7293=CARTESIAN_POINT('',(-7.40787946577372,7.30983579195223,1.5));
#7294=CARTESIAN_POINT('',(-2.66097514248836,5.19637782080977,1.5));
#7295=CARTESIAN_POINT('',(-6.35288885763319,7.46195705981749,1.5));
#7296=CARTESIAN_POINT('Origin',(-7.0011428226978,8.22338124959479,1.5));
#7297=CARTESIAN_POINT('',(6.35288885763381,7.46195705981696,1.5));
#7298=CARTESIAN_POINT('Origin',(0.,0.,1.5));
#7299=CARTESIAN_POINT('',(7.40787946577433,7.30983579195162,1.5));
#7300=CARTESIAN_POINT('Origin',(7.00114282269849,8.2233812495942,1.5));
#7301=CARTESIAN_POINT('',(11.530020929431,9.14513141647151,1.5));
#7302=CARTESIAN_POINT('',(5.20043174096409,6.32701674354692,1.5));
#7303=CARTESIAN_POINT('',(12.1352176499747,8.98590521804918,1.5));
#7304=CARTESIAN_POINT('Origin',(11.7333892509689,8.68835868765022,1.5));
#7305=CARTESIAN_POINT('Origin',(0.,0.,1.5));
#7306=CARTESIAN_POINT('Origin',(0.,0.,6.88));
#7307=CARTESIAN_POINT('',(10.5,-1.28587913910472E-15,7.13));
#7308=CARTESIAN_POINT('Origin',(0.,0.,7.13));
#7309=CARTESIAN_POINT('',(11.,1.34711147906209E-15,6.63));
#7310=CARTESIAN_POINT('',(10.75,1.3164953090834E-15,6.88));
#7311=CARTESIAN_POINT('Origin',(0.,0.,6.63));
#7312=CARTESIAN_POINT('Origin',(0.,0.,2.97));
#7313=CARTESIAN_POINT('',(11.,1.34711147906209E-15,2.97));
#7314=CARTESIAN_POINT('',(11.,1.34711147906209E-15,2.97));
#7315=CARTESIAN_POINT('Origin',(0.,0.,2.97));
#7316=CARTESIAN_POINT('Origin',(0.,0.,7.13));
#7317=CARTESIAN_POINT('',(1.26393415117914,-9.36509319021883,7.13));
#7318=CARTESIAN_POINT('',(-2.59170424402109,-5.89346078583051,7.13));
#7319=CARTESIAN_POINT('',(-2.50150499842719,-6.69813203384673,7.13));
#7320=CARTESIAN_POINT('Origin',(0.,0.,7.13));
#7321=CARTESIAN_POINT('',(-2.94275813927782,-6.95288965349761,7.13));
#7322=CARTESIAN_POINT('',(-0.234980079602223,-5.38955326183814,7.13));
#7323=CARTESIAN_POINT('',(-4.81843115799175,-5.81250558500328,7.13));
#7324=CARTESIAN_POINT('Origin',(0.,0.,7.13));
#7325=CARTESIAN_POINT('',(-7.17977737345582,-6.14437115314594,7.13));
#7326=CARTESIAN_POINT('',(-3.11197142413454,-5.57267830962097,7.13));
#7327=CARTESIAN_POINT('Origin',(0.,0.,7.13));
#7328=CARTESIAN_POINT('',(-4.55,5.51543289325507,7.13));
#7329=CARTESIAN_POINT('Origin',(0.,0.,7.13));
#7330=CARTESIAN_POINT('',(-4.55000000000001,6.02494813255682,7.13));
#7331=CARTESIAN_POINT('',(-4.55,2.89827534923788,7.13));
#7332=CARTESIAN_POINT('',(-2.6245619172559,7.07913658170896,7.13));
#7333=CARTESIAN_POINT('Origin',(0.,0.,7.13));
#7334=CARTESIAN_POINT('',(-1.73129282217676,9.29005517550242,7.13));
#7335=CARTESIAN_POINT('',(-3.27009527118302,5.48138546396223,7.13));
#7336=CARTESIAN_POINT('Origin',(0.,0.,7.13));
#7337=CARTESIAN_POINT('',(7.05150499842719,1.18269914059166,7.13));
#7338=CARTESIAN_POINT('Origin',(0.,0.,7.13));
#7339=CARTESIAN_POINT('',(7.49275813927783,0.927941520940785,7.13));
#7340=CARTESIAN_POINT('',(4.78498007960223,2.49127791260025,7.13));
#7341=CARTESIAN_POINT('',(7.44299307524764,-1.26663099670568,7.13));
#7342=CARTESIAN_POINT('Origin',(0.,0.,7.13));
#7343=CARTESIAN_POINT('',(8.91107019563258,-3.14568402235649,7.13));
#7344=CARTESIAN_POINT('',(6.38206669531755,0.0912928456587384,7.13));
#7345=CARTESIAN_POINT('Origin',(0.,0.,7.13));
#7346=CARTESIAN_POINT('Origin',(7.29534769951951,0.782108870340762,5.355));
#7347=CARTESIAN_POINT('',(7.06996015920445,0.652428806278313,5.58));
#7348=CARTESIAN_POINT('',(7.18284769951951,0.587253154489263,5.58));
#7349=CARTESIAN_POINT('',(7.49275813927783,0.927941520940784,5.13));
#7350=CARTESIAN_POINT('',(7.40784769951951,0.976964586192261,5.13));
#7351=CARTESIAN_POINT('Ctrl Pts',(7.49275813927783,0.927941520940785,5.13));
#7352=CARTESIAN_POINT('Ctrl Pts',(7.35282394444822,0.83521594750369,5.28026979959181));
#7353=CARTESIAN_POINT('Ctrl Pts',(7.21182085944559,0.74327889246748,5.43039116730361));
#7354=CARTESIAN_POINT('Ctrl Pts',(7.06996015920445,0.652428806278316,5.58));
#7355=CARTESIAN_POINT('Origin',(0.,0.,5.355));
#7356=CARTESIAN_POINT('',(6.96376817329015,-1.38417225397387,5.58));
#7357=CARTESIAN_POINT('Origin',(0.,0.,5.58));
#7358=CARTESIAN_POINT('',(7.44299307524764,-1.26663099670568,5.13));
#7359=CARTESIAN_POINT('Origin',(0.,0.,5.13));
#7360=CARTESIAN_POINT('Ctrl Pts',(7.44299307524764,-1.26663099670568,5.13));
#7361=CARTESIAN_POINT('Ctrl Pts',(7.28379577510867,-1.3068284741598,5.28019722272844));
#7362=CARTESIAN_POINT('Ctrl Pts',(7.12395823036522,-1.34607167874777,5.43031145604951));
#7363=CARTESIAN_POINT('Ctrl Pts',(6.96376817329015,-1.38417225397387,5.58));
#7364=CARTESIAN_POINT('Origin',(7.36796952473207,-1.53606581123947,5.355));
#7365=CARTESIAN_POINT('',(7.54527194429358,-1.3975419792912,5.13));
#7366=CARTESIAN_POINT('',(7.19066710517056,-1.67458964318775,5.58));
#7367=CARTESIAN_POINT('Origin',(0.,0.,7.13));
#7368=CARTESIAN_POINT('',(6.6391175622335,0.901175895617848,6.68));
#7369=CARTESIAN_POINT('',(6.6391175622335,0.901175895617848,7.13));
#7370=CARTESIAN_POINT('Origin',(0.,0.,6.68));
#7371=CARTESIAN_POINT('Origin',(7.06996015920445,0.652428806278313,7.13));
#7372=CARTESIAN_POINT('',(7.06996015920445,0.652428806278313,6.68));
#7373=CARTESIAN_POINT('',(7.06996015920445,0.652428806278313,7.13));
#7374=CARTESIAN_POINT('',(4.55998007960223,2.10156648089726,6.68));
#7375=CARTESIAN_POINT('Origin',(0.,0.,7.13));
#7376=CARTESIAN_POINT('',(6.96376817329015,-1.38417225397387,6.68));
#7377=CARTESIAN_POINT('',(6.96376817329015,-1.38417225397387,7.13));
#7378=CARTESIAN_POINT('Origin',(0.,0.,6.68));
#7379=CARTESIAN_POINT('Origin',(8.40222383847481,-3.22531154590771,7.13));
#7380=CARTESIAN_POINT('',(6.02746185619453,-0.185754818237808,6.68));
#7381=CARTESIAN_POINT('Origin',(6.47002531622462,2.11511059610887,5.355));
#7382=CARTESIAN_POINT('',(6.24994210605951,2.16189072654287,5.58));
#7383=CARTESIAN_POINT('',(6.69010852638973,2.06833046567487,5.13));
#7384=CARTESIAN_POINT('Origin',(6.37903084144958,2.76920547785346,7.13));
#7385=CARTESIAN_POINT('Origin',(-4.32500000000001,5.92690200205387,5.355));
#7386=CARTESIAN_POINT('',(-4.1,5.79655069847577,5.58));
#7387=CARTESIAN_POINT('',(-4.1,5.92690200205387,5.58));
#7388=CARTESIAN_POINT('',(-4.55,6.02494813255682,5.13));
#7389=CARTESIAN_POINT('',(-4.55000000000001,5.92690200205387,5.13));
#7390=CARTESIAN_POINT('Ctrl Pts',(-4.55000000000001,6.02494813255682,5.13));
#7391=CARTESIAN_POINT('Ctrl Pts',(-4.39973020040816,5.95012435169479,5.28026979959184));
#7392=CARTESIAN_POINT('Ctrl Pts',(-4.24960883269639,5.87398062558866,5.43039116730362));
#7393=CARTESIAN_POINT('Ctrl Pts',(-4.10000000000001,5.79655069847577,5.58));
#7394=CARTESIAN_POINT('Origin',(0.,0.,5.355));
#7395=CARTESIAN_POINT('',(-2.28315575149014,6.72288627112176,5.58));
#7396=CARTESIAN_POINT('Origin',(0.,0.,5.58));
#7397=CARTESIAN_POINT('',(-2.6245619172559,7.07913658170896,5.13));
#7398=CARTESIAN_POINT('Origin',(0.,0.,5.13));
#7399=CARTESIAN_POINT('Ctrl Pts',(-2.6245619172559,7.07913658170896,5.13));
#7400=CARTESIAN_POINT('Ctrl Pts',(-2.51015123054305,6.96136641430172,5.28019722272851));
#7401=CARTESIAN_POINT('Ctrl Pts',(-2.39624684607226,6.84256464236937,5.43031145604954));
#7402=CARTESIAN_POINT('Ctrl Pts',(-2.28315575149014,6.72288627112176,5.58));
#7403=CARTESIAN_POINT('Origin',(-2.3537127479479,7.14888168834727,5.355));
#7404=CARTESIAN_POINT('',(-2.56232911522543,7.23316817186585,5.13));
#7405=CARTESIAN_POINT('',(-2.14509638067038,7.06459520482869,5.58));
#7406=CARTESIAN_POINT('Origin',(0.,0.,7.13));
#7407=CARTESIAN_POINT('',(-4.1,5.2990565197967,6.68));
#7408=CARTESIAN_POINT('',(-4.1,5.2990565197967,7.13));
#7409=CARTESIAN_POINT('Origin',(0.,0.,6.68));
#7410=CARTESIAN_POINT('Origin',(-4.1,5.79655069847577,7.13));
#7411=CARTESIAN_POINT('',(-4.1,5.79655069847577,6.68));
#7412=CARTESIAN_POINT('',(-4.1,5.79655069847577,7.13));
#7413=CARTESIAN_POINT('',(-4.1,2.89827534923788,6.68));
#7414=CARTESIAN_POINT('Origin',(0.,0.,7.13));
#7415=CARTESIAN_POINT('',(-2.28315575149014,6.72288627112176,6.68));
#7416=CARTESIAN_POINT('',(-2.28315575149014,6.72288627112176,7.13));
#7417=CARTESIAN_POINT('Origin',(0.,0.,6.68));
#7418=CARTESIAN_POINT('Origin',(-1.40791018536207,8.88919506535624,7.13));
#7419=CARTESIAN_POINT('',(-2.85286253662796,5.31281249692507,6.68));
#7420=CARTESIAN_POINT('Origin',(-5.06675216615624,4.54565098892453,5.355));
#7421=CARTESIAN_POINT('',(-4.99722334242188,4.33166327275812,5.58));
#7422=CARTESIAN_POINT('',(-5.1362809898906,4.75963870509094,5.13));
#7423=CARTESIAN_POINT('Origin',(-5.58771771284492,4.13980002129302,7.13));
#7424=CARTESIAN_POINT('Origin',(-0.791313128604662,-6.90900549914649,7.13));
#7425=CARTESIAN_POINT('',(-2.2905954711596,-5.55904561436568,6.68));
#7426=CARTESIAN_POINT('Origin',(-2.9703476995195,-6.70901087239464,5.355));
#7427=CARTESIAN_POINT('',(-2.94275813927783,-6.95288965349761,5.13));
#7428=CARTESIAN_POINT('',(-2.8578476995195,-6.90386658824614,5.13));
#7429=CARTESIAN_POINT('',(-2.96996015920445,-6.44897950475409,5.58));
#7430=CARTESIAN_POINT('Ctrl Pts',(-2.94275813927783,-6.95288965349761,5.13));
#7431=CARTESIAN_POINT('Ctrl Pts',(-2.95309374404004,-6.78534029919828,5.28026979959201));
#7432=CARTESIAN_POINT('Ctrl Pts',(-2.9622120267492,-6.61725951805605,5.4303911673037));
#7433=CARTESIAN_POINT('Ctrl Pts',(-2.96996015920445,-6.44897950475409,5.58));
#7434=CARTESIAN_POINT('',(-3.0828476995195,-6.51415515654314,5.58));
#7435=CARTESIAN_POINT('Origin',(0.,0.,5.355));
#7436=CARTESIAN_POINT('',(-4.81843115799175,-5.81250558500328,5.13));
#7437=CARTESIAN_POINT('Origin',(0.,0.,5.13));
#7438=CARTESIAN_POINT('',(-4.68061242180002,-5.33871401714789,5.58));
#7439=CARTESIAN_POINT('Ctrl Pts',(-4.81843115799175,-5.81250558500328,5.13));
#7440=CARTESIAN_POINT('Ctrl Pts',(-4.77364454456553,-5.65453794014179,5.28019722272862));
#7441=CARTESIAN_POINT('Ctrl Pts',(-4.72771138429292,-5.49649296362155,5.43031145604959));
#7442=CARTESIAN_POINT('Ctrl Pts',(-4.68061242180002,-5.33871401714789,5.58));
#7443=CARTESIAN_POINT('Origin',(0.,0.,5.58));
#7444=CARTESIAN_POINT('Origin',(-5.01425677678417,-5.6128158771078,5.355));
#7445=CARTESIAN_POINT('',(-4.98294282906816,-5.83562619257465,5.13));
#7446=CARTESIAN_POINT('',(-5.04557072450019,-5.39000556164094,5.58));
#7447=CARTESIAN_POINT('Origin',(0.,0.,7.13));
#7448=CARTESIAN_POINT('',(-2.5391175622335,-6.20023241541455,6.68));
#7449=CARTESIAN_POINT('',(-2.5391175622335,-6.20023241541455,7.13));
#7450=CARTESIAN_POINT('Origin',(0.,0.,6.68));
#7451=CARTESIAN_POINT('Origin',(-2.96996015920445,-6.44897950475409,7.13));
#7452=CARTESIAN_POINT('',(-2.96996015920445,-6.44897950475409,6.68));
#7453=CARTESIAN_POINT('',(-2.96996015920445,-6.44897950475409,7.13));
#7454=CARTESIAN_POINT('',(-0.459980079602224,-4.99984183013514,6.68));
#7455=CARTESIAN_POINT('Origin',(0.,0.,7.13));
#7456=CARTESIAN_POINT('',(-4.68061242180002,-5.33871401714789,6.68));
#7457=CARTESIAN_POINT('',(-4.68061242180002,-5.33871401714789,7.13));
#7458=CARTESIAN_POINT('Origin',(0.,0.,6.68));
#7459=CARTESIAN_POINT('Origin',(-6.99431365311274,-5.66388351944853,7.13));
#7460=CARTESIAN_POINT('',(-3.17459931956656,-5.12705767868726,6.68));
#7461=CARTESIAN_POINT('Origin',(4.67248007960223,2.29642219674875,6.905));
#7462=CARTESIAN_POINT('Ctrl Pts',(7.06996015920445,0.652428806278313,6.68));
#7463=CARTESIAN_POINT('Ctrl Pts',(7.21182085944557,0.743278892467461,6.82960883269637));
#7464=CARTESIAN_POINT('Ctrl Pts',(7.35282394444815,0.835215947503647,6.97973020040812));
#7465=CARTESIAN_POINT('Ctrl Pts',(7.49275813927782,0.927941520940784,7.13));
#7466=CARTESIAN_POINT('Ctrl Pts',(7.05150499842719,1.18269914059166,7.13));
#7467=CARTESIAN_POINT('Ctrl Pts',(6.9150454596298,1.08799639648163,6.97975524839392));
#7468=CARTESIAN_POINT('Ctrl Pts',(6.77750684698583,0.994046856885278,6.82962325410764));
#7469=CARTESIAN_POINT('Ctrl Pts',(6.6391175622335,0.901175895617848,6.68));
#7470=CARTESIAN_POINT('Origin',(0.,0.,6.905));
#7471=CARTESIAN_POINT('Ctrl Pts',(6.96376817329015,-1.38417225397388,6.68));
#7472=CARTESIAN_POINT('Ctrl Pts',(7.12395823036515,-1.34607167874779,6.82968854395042));
#7473=CARTESIAN_POINT('Ctrl Pts',(7.28379577510851,-1.30682847415984,6.97980277727141));
#7474=CARTESIAN_POINT('Ctrl Pts',(7.44299307524764,-1.26663099670568,7.13));
#7475=CARTESIAN_POINT('Origin',(-2.44114985759035,-5.7262532000981,6.905));
#7476=CARTESIAN_POINT('Ctrl Pts',(1.26393415117914,-9.36509319021883,7.13));
#7477=CARTESIAN_POINT('Ctrl Pts',(1.31275484081086,-9.20695740979017,6.97981479539548));
#7478=CARTESIAN_POINT('Ctrl Pts',(1.3607912797297,-9.04826582490556,6.82974131374059));
#7479=CARTESIAN_POINT('Ctrl Pts',(1.40791018536208,-8.88919506535624,6.68));
#7480=CARTESIAN_POINT('Origin',(0.,0.,6.905));
#7481=CARTESIAN_POINT('Ctrl Pts',(8.91107019563257,-3.14568402235648,7.13));
#7482=CARTESIAN_POINT('Ctrl Pts',(8.7419469655452,-3.17331314411513,6.97971889014257));
#7483=CARTESIAN_POINT('Ctrl Pts',(8.57226291408547,-3.19989903578922,6.82963812358583));
#7484=CARTESIAN_POINT('Ctrl Pts',(8.40222383847481,-3.22531154590771,6.68));
#7485=CARTESIAN_POINT('Origin',(6.20476427575604,-0.0472309862895346,6.905));
#7486=CARTESIAN_POINT('Origin',(0.,0.,6.905));
#7487=CARTESIAN_POINT('Origin',(0.,0.,6.905));
#7488=CARTESIAN_POINT('Ctrl Pts',(-1.73129282217676,9.29005517550242,7.13));
#7489=CARTESIAN_POINT('Ctrl Pts',(-1.62280368580612,9.15740472275635,6.97971889014296));
#7490=CARTESIAN_POINT('Ctrl Pts',(-1.51493760250408,9.02374696941201,6.82963812358601));
#7491=CARTESIAN_POINT('Ctrl Pts',(-1.40791018536207,8.88919506535624,6.68));
#7492=CARTESIAN_POINT('Origin',(-4.325,2.89827534923788,6.905));
#7493=CARTESIAN_POINT('Ctrl Pts',(-4.55000000000001,5.51543289325507,7.13));
#7494=CARTESIAN_POINT('Ctrl Pts',(-4.39975524839365,5.44460683812271,6.97975524839365));
#7495=CARTESIAN_POINT('Ctrl Pts',(-4.24962325410752,5.37246967537,6.82962325410752));
#7496=CARTESIAN_POINT('Ctrl Pts',(-4.1,5.2990565197967,6.68));
#7497=CARTESIAN_POINT('Ctrl Pts',(-4.10000000000001,5.79655069847577,6.68));
#7498=CARTESIAN_POINT('Ctrl Pts',(-4.24960883269625,5.87398062558859,6.82960883269625));
#7499=CARTESIAN_POINT('Ctrl Pts',(-4.39973020040787,5.95012435169465,6.97973020040787));
#7500=CARTESIAN_POINT('Ctrl Pts',(-4.55000000000001,6.02494813255682,7.13));
#7501=CARTESIAN_POINT('Origin',(0.,0.,6.905));
#7502=CARTESIAN_POINT('Origin',(0.,0.,6.905));
#7503=CARTESIAN_POINT('Ctrl Pts',(-2.28315575149014,6.72288627112176,6.68));
#7504=CARTESIAN_POINT('Ctrl Pts',(-2.3962468460722,6.84256464236932,6.82968854395039));
#7505=CARTESIAN_POINT('Ctrl Pts',(-2.51015123054293,6.9613664143016,6.97980277727134));
#7506=CARTESIAN_POINT('Ctrl Pts',(-2.6245619172559,7.07913658170896,7.13));
#7507=CARTESIAN_POINT('Origin',(-3.06147890390549,5.39709898044365,6.905));
#7508=CARTESIAN_POINT('Origin',(-0.347480079602224,-5.19469754598664,6.905));
#7509=CARTESIAN_POINT('Ctrl Pts',(-2.96996015920445,-6.44897950475409,6.68));
#7510=CARTESIAN_POINT('Ctrl Pts',(-2.9622120267492,-6.61725951805616,6.82960883269641));
#7511=CARTESIAN_POINT('Ctrl Pts',(-2.95309374404002,-6.78534029919853,6.97973020040822));
#7512=CARTESIAN_POINT('Ctrl Pts',(-2.94275813927782,-6.95288965349761,7.13));
#7513=CARTESIAN_POINT('Ctrl Pts',(-2.50150499842719,-6.69813203384673,7.13));
#7514=CARTESIAN_POINT('Ctrl Pts',(-2.5152902112359,-6.53260323460431,6.97975524839377));
#7515=CARTESIAN_POINT('Ctrl Pts',(-2.5278835928782,-6.36651653225527,6.82962325410757));
#7516=CARTESIAN_POINT('Ctrl Pts',(-2.5391175622335,-6.20023241541455,6.68));
#7517=CARTESIAN_POINT('Origin',(0.,0.,6.905));
#7518=CARTESIAN_POINT('Ctrl Pts',(-4.68061242180002,-5.33871401714789,6.68));
#7519=CARTESIAN_POINT('Ctrl Pts',(-4.7277113842929,-5.49649296362149,6.82968854395035));
#7520=CARTESIAN_POINT('Ctrl Pts',(-4.77364454456549,-5.65453794014166,6.97980277727125));
#7521=CARTESIAN_POINT('Ctrl Pts',(-4.81843115799174,-5.81250558500328,7.13));
#7522=CARTESIAN_POINT('Origin',(0.,0.,6.905));
#7523=CARTESIAN_POINT('Ctrl Pts',(-7.17977737345581,-6.14437115314594,7.13));
#7524=CARTESIAN_POINT('Ctrl Pts',(-7.11914327973941,-5.98409157864097,6.97971889014266));
#7525=CARTESIAN_POINT('Ctrl Pts',(-7.05732531158155,-5.82384793362268,6.82963812358587));
#7526=CARTESIAN_POINT('Ctrl Pts',(-6.99431365311274,-5.66388351944853,6.68));
#7527=CARTESIAN_POINT('Origin',(-3.14328537185055,-5.34986799415412,6.905));
#7528=CARTESIAN_POINT('Origin',(0.,0.,6.905));
#7529=CARTESIAN_POINT('Origin',(7.69826874579378,1.21928598677041,5.13));
#7530=CARTESIAN_POINT('Origin',(-2.79320173387533,-7.27653929240239,5.13));
#7531=CARTESIAN_POINT('Origin',(-4.90506701191844,6.05725330563197,5.13));
#7532=CARTESIAN_POINT('Origin',(0.,0.,3.32));
#7533=CARTESIAN_POINT('Origin',(0.,0.,2.97));
#7534=CARTESIAN_POINT('Origin',(0.,0.,3.32));
#7535=CARTESIAN_POINT('Origin',(0.,0.,2.97));
#7536=CARTESIAN_POINT('Origin',(0.,0.,3.32));
#7537=CARTESIAN_POINT('Origin',(0.,0.,2.97));
#7538=CARTESIAN_POINT('Origin',(0.,0.,3.67));
#7539=CARTESIAN_POINT('Origin',(3.11040471193299,12.4191102661704,0.));
#7540=CARTESIAN_POINT('',(1.8018177920826,11.1554225668118,2.97));
#7541=CARTESIAN_POINT('',(3.11040471193299,12.4191102661704,2.97));
#7542=CARTESIAN_POINT('',(-0.797220575734651,8.64556038971842,2.97));
#7543=CARTESIAN_POINT('',(1.8018177920826,11.1554225668118,1.));
#7544=CARTESIAN_POINT('',(1.8018177920826,11.1554225668118,1.));
#7545=CARTESIAN_POINT('',(3.11040471193299,12.4191102661704,1.));
#7546=CARTESIAN_POINT('',(-0.797220575734651,8.64556038971842,1.));
#7547=CARTESIAN_POINT('',(3.11040471193299,12.4191102661704,0.));
#7548=CARTESIAN_POINT('Origin',(6.48109158074271,12.1834088793747,0.));
#7549=CARTESIAN_POINT('',(3.68021487330894,12.3792652581724,2.97));
#7550=CARTESIAN_POINT('',(3.68021487330894,12.3792652581724,1.));
#7551=CARTESIAN_POINT('Origin',(0.,0.,2.97));
#7552=CARTESIAN_POINT('',(7.35568724230231,8.92855273467094,2.97));
#7553=CARTESIAN_POINT('',(2.62748462462672,6.82342129933051,2.97));
#7554=CARTESIAN_POINT('',(6.84925455971505,8.98764218114087,2.97));
#7555=CARTESIAN_POINT('Origin',(7.1523189207646,9.38532546349207,2.97));
#7556=CARTESIAN_POINT('Origin',(1.11022302462516E-15,-8.88178419700125E-15,
2.97));
#7557=CARTESIAN_POINT('',(-7.35568724230251,-8.92855273467078,2.97));
#7558=CARTESIAN_POINT('',(-2.62748462462672,-6.82342129933051,2.97));
#7559=CARTESIAN_POINT('',(-6.84925455971525,-8.98764218114072,2.97));
#7560=CARTESIAN_POINT('Origin',(-7.1523189207646,-9.38532546349208,2.97));
#7561=CARTESIAN_POINT('',(-1.8018177920826,-11.1554225668118,2.97));
#7562=CARTESIAN_POINT('Origin',(-1.11022302462516E-15,8.88178419700125E-15,
2.97));
#7563=CARTESIAN_POINT('',(-3.11040471193299,-12.4191102661704,2.97));
#7564=CARTESIAN_POINT('',(0.797220575734652,-8.64556038971842,2.97));
#7565=CARTESIAN_POINT('',(-3.68021487330894,-12.3792652581724,2.97));
#7566=CARTESIAN_POINT('Origin',(-3.11040471193299,-12.4191102661704,0.));
#7567=CARTESIAN_POINT('',(-1.8018177920826,-11.1554225668118,1.));
#7568=CARTESIAN_POINT('',(-1.8018177920826,-11.1554225668118,1.));
#7569=CARTESIAN_POINT('',(-3.11040471193299,-12.4191102661704,1.));
#7570=CARTESIAN_POINT('',(0.797220575734652,-8.64556038971842,1.));
#7571=CARTESIAN_POINT('',(-3.11040471193299,-12.4191102661704,0.));
#7572=CARTESIAN_POINT('Origin',(-6.48109158074271,-12.1834088793747,0.));
#7573=CARTESIAN_POINT('',(-3.68021487330894,-12.3792652581724,1.));
#7574=CARTESIAN_POINT('Origin',(0.,0.,-1.35));
#7575=CARTESIAN_POINT('',(-1.37445228930297,-9.7031376834728,-1.1));
#7576=CARTESIAN_POINT('',(6.35288885763335,-7.46195705981735,-1.1));
#7577=CARTESIAN_POINT('Origin',(0.,0.,-1.1));
#7578=CARTESIAN_POINT('',(6.67701584016567,-7.842669154706,-1.6));
#7579=CARTESIAN_POINT('',(6.35288885763335,-7.46195705981735,-1.1));
#7580=CARTESIAN_POINT('',(-1.17000000000046,-10.2333327904451,-1.6));
#7581=CARTESIAN_POINT('Origin',(0.,0.,-1.6));
#7582=CARTESIAN_POINT('',(-1.16834875558231,-10.2318594953233,-1.59834876348412));
#7583=CARTESIAN_POINT('Ctrl Pts',(-1.17000000000039,-10.233332790445,-1.59999999999993));
#7584=CARTESIAN_POINT('Ctrl Pts',(-1.16917432331593,-10.2325961361914,-1.59917432331547));
#7585=CARTESIAN_POINT('Ctrl Pts',(-1.1683487655054,-10.2318594819377,-1.59834876550494));
#7586=CARTESIAN_POINT('Ctrl Pts',(-1.16834866256843,-10.23185888196,-1.59834866256797));
#7587=CARTESIAN_POINT('Ctrl Pts',(-1.20133504489519,-10.1435872309782,-1.51438907969293));
#7588=CARTESIAN_POINT('Ctrl Pts',(-1.23503714293596,-10.0552439483604,-1.43070575461087));
#7589=CARTESIAN_POINT('Ctrl Pts',(-1.26946657289801,-9.96689816777668,-1.34741795294679));
#7590=CARTESIAN_POINT('Ctrl Pts',(-1.30370527504743,-9.87904179400288,-1.26459153853914));
#7591=CARTESIAN_POINT('Ctrl Pts',(-1.33869745346357,-9.79109544958618,-1.18207377540365));
#7592=CARTESIAN_POINT('Ctrl Pts',(-1.37445228930297,-9.7031376834728,-1.1));
#7593=CARTESIAN_POINT('Origin',(-9.37477324985193,-8.45921239520448,-2.45));
#7594=CARTESIAN_POINT('',(-9.95768828946967,-8.44508382231342,-2.2));
#7595=CARTESIAN_POINT('',(-7.40787946577448,-7.30983579195145,-2.2));
#7596=CARTESIAN_POINT('',(-9.47645741062093,-8.23082603079372,-2.2));
#7597=CARTESIAN_POINT('',(-7.20451114423647,-7.76660852077298,-2.7));
#7598=CARTESIAN_POINT('',(-7.40787946577448,-7.30983579195145,-2.2));
#7599=CARTESIAN_POINT('',(-9.79698427706604,-8.92085192540045,-2.7));
#7600=CARTESIAN_POINT('',(-9.27308908908292,-8.68759875961525,-2.7));
#7601=CARTESIAN_POINT('',(-9.81544785114493,-8.91697567389733,-2.68894907304017));
#7602=CARTESIAN_POINT('Ctrl Pts',(-9.79698427653589,-8.92085192551159,-2.70000000031716));
#7603=CARTESIAN_POINT('Ctrl Pts',(-9.80621469940256,-8.91891686038873,-2.69447789628653));
#7604=CARTESIAN_POINT('Ctrl Pts',(-9.81544785114493,-8.91697567389733,-2.68894907304017));
#7605=CARTESIAN_POINT('Ctrl Pts',(-9.81544786566028,-8.91697568750971,-2.68894906243822));
#7606=CARTESIAN_POINT('Ctrl Pts',(-9.83938289476725,-8.83874142683785,-2.60774325557857));
#7607=CARTESIAN_POINT('Ctrl Pts',(-9.86339370879479,-8.7596638028047,-2.52573617344688));
#7608=CARTESIAN_POINT('Ctrl Pts',(-9.91080769344921,-8.60235397026332,-2.36274148553308));
#7609=CARTESIAN_POINT('Ctrl Pts',(-9.93432556904678,-8.52374439876726,-2.28136248679283));
#7610=CARTESIAN_POINT('Ctrl Pts',(-9.95768828951675,-8.44508382215491,-2.19999999983604));
#7611=CARTESIAN_POINT('Origin',(9.37477324985218,8.45921239520475,-2.45));
#7612=CARTESIAN_POINT('',(9.95768828946949,8.44508382231366,-2.2));
#7613=CARTESIAN_POINT('',(7.40787946577433,7.30983579195162,-2.2));
#7614=CARTESIAN_POINT('',(9.47645741062114,8.23082603079411,-2.2));
#7615=CARTESIAN_POINT('',(7.2045111442364,7.76660852077291,-2.7));
#7616=CARTESIAN_POINT('',(7.40787946577433,7.30983579195162,-2.2));
#7617=CARTESIAN_POINT('',(9.79698427706601,8.92085192540048,-2.7));
#7618=CARTESIAN_POINT('',(9.27308908908322,8.6875987596154,-2.7));
#7619=CARTESIAN_POINT('',(9.81544785114442,8.91697567389746,-2.68894907304046));
#7620=CARTESIAN_POINT('Ctrl Pts',(9.79698427653587,8.92085192551162,-2.70000000031716));
#7621=CARTESIAN_POINT('Ctrl Pts',(9.80621469940229,8.91891686038881,-2.69447789628667));
#7622=CARTESIAN_POINT('Ctrl Pts',(9.81544785114442,8.91697567389746,-2.68894907304046));
#7623=CARTESIAN_POINT('Ctrl Pts',(9.81544786565977,8.91697568750984,-2.68894906243851));
#7624=CARTESIAN_POINT('Ctrl Pts',(9.83938289476648,8.83874142683914,-2.60774325557998));
#7625=CARTESIAN_POINT('Ctrl Pts',(9.86339370879367,8.7596638028074,-2.52573617344967));
#7626=CARTESIAN_POINT('Ctrl Pts',(9.91080769344894,8.60235397026362,-2.36274148553327));
#7627=CARTESIAN_POINT('Ctrl Pts',(9.93432556904656,8.52374439876755,-2.28136248679295));
#7628=CARTESIAN_POINT('Ctrl Pts',(9.95768828951657,8.44508382215514,-2.19999999983604));
#7629=CARTESIAN_POINT('Origin',(7.00114282269849,8.2233812495942,-2.45));
#7630=CARTESIAN_POINT('',(6.35288885763381,7.46195705981696,-2.2));
#7631=CARTESIAN_POINT('Origin',(7.00114282269849,8.2233812495942,-2.2));
#7632=CARTESIAN_POINT('',(6.67701584016615,7.84266915470558,-2.7));
#7633=CARTESIAN_POINT('',(6.35288885763381,7.46195705981696,-2.2));
#7634=CARTESIAN_POINT('Origin',(7.00114282269849,8.2233812495942,-2.7));
#7635=CARTESIAN_POINT('Origin',(0.,0.,-2.45));
#7636=CARTESIAN_POINT('',(2.27000000000046,10.0467457417812,-2.7));
#7637=CARTESIAN_POINT('Origin',(0.,0.,-2.7));
#7638=CARTESIAN_POINT('',(2.46731807839838,9.48432082439267,-2.2));
#7639=CARTESIAN_POINT('Origin',(0.,0.,-2.2));
#7640=CARTESIAN_POINT('',(2.26377107142426,10.0417659506737,-2.69377107144303));
#7641=CARTESIAN_POINT('Ctrl Pts',(2.46731798273729,9.48432046192434,-2.19999993757018));
#7642=CARTESIAN_POINT('Ctrl Pts',(2.43186438803944,9.57733332493786,-2.28109050777664));
#7643=CARTESIAN_POINT('Ctrl Pts',(2.39722388135291,9.67022891170686,-2.36278175887628));
#7644=CARTESIAN_POINT('Ctrl Pts',(2.36338596005866,9.76292740982878,-2.44491644965613));
#7645=CARTESIAN_POINT('Ctrl Pts',(2.32941196329554,9.85599868473822,-2.52738143603723));
#7646=CARTESIAN_POINT('Ctrl Pts',(2.29621060969006,9.94897091711529,-2.61038177652247));
#7647=CARTESIAN_POINT('Ctrl Pts',(2.26377107226653,10.0417659504952,-2.69377107226607));
#7648=CARTESIAN_POINT('Ctrl Pts',(2.26377107142426,10.0417659506737,-2.69377107144303));
#7649=CARTESIAN_POINT('Ctrl Pts',(2.26688476380704,10.044255846371,-2.69688476382581));
#7650=CARTESIAN_POINT('Ctrl Pts',(2.27000000031762,10.0467457420347,-2.70000000031716));
#7651=CARTESIAN_POINT('Origin',(0.,0.,-1.35));
#7652=CARTESIAN_POINT('',(1.37445228930297,9.7031376834728,-1.1));
#7653=CARTESIAN_POINT('',(-6.35288885763319,7.46195705981749,-1.1));
#7654=CARTESIAN_POINT('Origin',(0.,0.,-1.1));
#7655=CARTESIAN_POINT('',(-6.67701584016549,7.84266915470614,-1.6));
#7656=CARTESIAN_POINT('',(-6.35288885763319,7.46195705981749,-1.1));
#7657=CARTESIAN_POINT('',(1.17000000000046,10.2333327904451,-1.6));
#7658=CARTESIAN_POINT('Origin',(0.,0.,-1.6));
#7659=CARTESIAN_POINT('',(1.16834875558231,10.2318594953233,-1.59834876348412));
#7660=CARTESIAN_POINT('Ctrl Pts',(1.17000000000039,10.233332790445,-1.59999999999993));
#7661=CARTESIAN_POINT('Ctrl Pts',(1.16917432331592,10.2325961361914,-1.59917432331547));
#7662=CARTESIAN_POINT('Ctrl Pts',(1.16834876550539,10.2318594819377,-1.59834876550493));
#7663=CARTESIAN_POINT('Ctrl Pts',(1.16834866256843,10.23185888196,-1.59834866256797));
#7664=CARTESIAN_POINT('Ctrl Pts',(1.20133504489512,10.1435872309784,-1.51438907969313));
#7665=CARTESIAN_POINT('Ctrl Pts',(1.23503714293592,10.0552439483605,-1.43070575461097));
#7666=CARTESIAN_POINT('Ctrl Pts',(1.26946657289801,9.96689816777668,-1.34741795294679));
#7667=CARTESIAN_POINT('Ctrl Pts',(1.30370527504726,9.87904179400331,-1.26459153853955));
#7668=CARTESIAN_POINT('Ctrl Pts',(1.33869745346348,9.79109544958638,-1.18207377540383));
#7669=CARTESIAN_POINT('Ctrl Pts',(1.37445228930297,9.7031376834728,-1.1));
#7670=CARTESIAN_POINT('Origin',(-7.0011428226978,8.22338124959479,-1.35));
#7671=CARTESIAN_POINT('',(-7.40787946577372,7.30983579195223,-1.1));
#7672=CARTESIAN_POINT('Origin',(-7.0011428226978,8.22338124959479,-1.1));
#7673=CARTESIAN_POINT('',(-7.20451114423576,7.76660852077351,-1.6));
#7674=CARTESIAN_POINT('',(-7.40787946577372,7.30983579195223,-1.1));
#7675=CARTESIAN_POINT('Origin',(-7.0011428226978,8.22338124959479,-1.6));
#7676=CARTESIAN_POINT('Origin',(-2.55929098171924,5.42476418522034,-1.35));
#7677=CARTESIAN_POINT('',(-11.5300209294296,9.14513141647218,-1.1));
#7678=CARTESIAN_POINT('',(-11.3266526078916,9.60190414529345,-1.6));
#7679=CARTESIAN_POINT('',(-11.5300209294296,9.14513141647218,-1.1));
#7680=CARTESIAN_POINT('',(-2.45760682095026,5.65315054963098,-1.6));
#7681=CARTESIAN_POINT('',(-2.66097514248822,5.1963778208097,-1.1));
#7682=CARTESIAN_POINT('Origin',(-11.7333892509676,8.6883586876509,-1.35));
#7683=CARTESIAN_POINT('',(-12.1352176499733,8.98590521804991,-1.1));
#7684=CARTESIAN_POINT('Origin',(-11.7333892509676,8.6883586876509,-1.1));
#7685=CARTESIAN_POINT('',(-12.537046048979,9.28345174844891,-1.6));
#7686=CARTESIAN_POINT('',(-12.1352176499733,8.98590521804991,-1.1));
#7687=CARTESIAN_POINT('Origin',(-11.7333892509676,8.6883586876509,-1.6));
#7688=CARTESIAN_POINT('Origin',(0.,0.,-1.35));
#7689=CARTESIAN_POINT('',(-12.1352176499743,-8.98590521804861,-1.1));
#7690=CARTESIAN_POINT('',(-12.53704604898,-9.28345174844757,-1.6));
#7691=CARTESIAN_POINT('',(-12.1352176499743,-8.98590521804861,-1.1));
#7692=CARTESIAN_POINT('Origin',(0.,0.,-1.6));
#7693=CARTESIAN_POINT('Origin',(0.,0.,-1.1));
#7694=CARTESIAN_POINT('Origin',(-11.7333892509685,-8.68835868764965,-1.35));
#7695=CARTESIAN_POINT('',(-11.5300209294306,-9.14513141647095,-1.1));
#7696=CARTESIAN_POINT('Origin',(-11.7333892509685,-8.68835868764965,-1.1));
#7697=CARTESIAN_POINT('',(-11.3266526078927,-9.60190414529224,-1.6));
#7698=CARTESIAN_POINT('',(-11.5300209294306,-9.14513141647095,-1.1));
#7699=CARTESIAN_POINT('Origin',(-11.7333892509685,-8.68835868764965,-1.6));
#7700=CARTESIAN_POINT('Origin',(-5.09874758019481,-6.55540310795726,-1.35));
#7701=CARTESIAN_POINT('',(-10.8511250125224,-9.39018561917762,-1.6));
#7702=CARTESIAN_POINT('',(-4.99706341942585,-6.78378947236791,-1.6));
#7703=CARTESIAN_POINT('',(-10.9993350006007,-8.90885481806627,-1.1));
#7704=CARTESIAN_POINT('',(-5.20043174096376,-6.32701674354661,-1.1));
#7705=CARTESIAN_POINT('',(-10.8665265830549,-9.38674951841989,-1.59059658266423));
#7706=CARTESIAN_POINT('Ctrl Pts',(-10.9993350006007,-8.90885481806627,-1.1));
#7707=CARTESIAN_POINT('Ctrl Pts',(-10.9774709698821,-8.98849531237793,-1.18164811428143));
#7708=CARTESIAN_POINT('Ctrl Pts',(-10.9554866623228,-9.06812017558613,-1.26333086983768));
#7709=CARTESIAN_POINT('Ctrl Pts',(-10.9112539129812,-9.22732436295363,-1.42676221202616));
#7710=CARTESIAN_POINT('Ctrl Pts',(-10.8890499531195,-9.30674242383545,-1.50834538489669));
#7711=CARTESIAN_POINT('Ctrl Pts',(-10.8665265831978,-9.38674951791176,-1.59059658214199));
#7712=CARTESIAN_POINT('Ctrl Pts',(-10.866526583055,-9.38674951841981,-1.59059658266419));
#7713=CARTESIAN_POINT('Ctrl Pts',(-10.8588249158164,-9.38846954974102,-1.5953004597434));
#7714=CARTESIAN_POINT('Ctrl Pts',(-10.8511250125225,-9.3901856191776,-1.59999999999995));
#7715=CARTESIAN_POINT('Ctrl Pts',(2.26377107226653,10.0417659504952,-2.69377107226607));
#7716=CARTESIAN_POINT('Ctrl Pts',(1.86388940335986,10.1341842210354,-2.2938894033594));
#7717=CARTESIAN_POINT('Ctrl Pts',(1.45856041543909,10.2020543208884,-1.88856041543863));
#7718=CARTESIAN_POINT('Ctrl Pts',(1.05070157195831,10.2449269147956,-1.48070157195785));
#7719=CARTESIAN_POINT('Ctrl Pts',(2.35760980916354,9.84907545040504,-2.55539885421061));
#7720=CARTESIAN_POINT('Ctrl Pts',(1.96286493277901,9.94515584307056,-2.15950809144758));
#7721=CARTESIAN_POINT('Ctrl Pts',(1.5622302307542,10.0170926018876,-1.75799869863213));
#7722=CARTESIAN_POINT('Ctrl Pts',(1.15861847773986,10.0643305043546,-1.3538010479719));
#7723=CARTESIAN_POINT('Ctrl Pts',(2.45144854606055,9.65638495031489,-2.41702663615516));
#7724=CARTESIAN_POINT('Ctrl Pts',(2.06184046219817,9.75612746510571,-2.02512677953577));
#7725=CARTESIAN_POINT('Ctrl Pts',(1.66590004606931,9.83213088288678,-1.62743698182563));
#7726=CARTESIAN_POINT('Ctrl Pts',(1.26653538352141,9.88373409391372,-1.22690052398595));
#7727=CARTESIAN_POINT('Ctrl Pts',(2.54528728295756,9.46369445022474,-2.2786544180997));
#7728=CARTESIAN_POINT('Ctrl Pts',(2.16081599161733,9.56709908714086,-1.89074546762396));
#7729=CARTESIAN_POINT('Ctrl Pts',(1.76956986138442,9.64716916388596,-1.49687526501912));
#7730=CARTESIAN_POINT('Ctrl Pts',(1.37445228930297,9.7031376834728,-1.1));
#7731=CARTESIAN_POINT('Ctrl Pts',(2.4673180166995,9.48432045308948,-2.19999997182565));
#7732=CARTESIAN_POINT('Ctrl Pts',(2.10796514396267,9.57780173635906,-1.83754421946977));
#7733=CARTESIAN_POINT('Ctrl Pts',(1.74289186579188,9.65094810976021,-1.47007859152472));
#7734=CARTESIAN_POINT('Ctrl Pts',(1.37445228930297,9.7031376834728,-1.1));
#7735=CARTESIAN_POINT('',(1.17000000089643,10.2316661067888,-1.60000000089597));
#7736=CARTESIAN_POINT('Ctrl Pts',(1.16999996322475,10.2316654639785,-1.59999996322429));
#7737=CARTESIAN_POINT('Ctrl Pts',(1.16944955502736,10.2317299798341,-1.5994495550269));
#7738=CARTESIAN_POINT('Ctrl Pts',(1.16889914169119,10.2317944501285,-1.59889914169073));
#7739=CARTESIAN_POINT('Ctrl Pts',(1.16834872322344,10.2318588748605,-1.59834872322298));
#7740=CARTESIAN_POINT('Ctrl Pts',(1.16999996322307,10.2316654639787,-1.59999996322261));
#7741=CARTESIAN_POINT('Ctrl Pts',(1.53759716263784,10.1885777193739,-1.96759716263738));
#7742=CARTESIAN_POINT('Ctrl Pts',(1.90290225523164,10.1251678029818,-2.33290225523118));
#7743=CARTESIAN_POINT('Ctrl Pts',(2.26377107143544,10.0417659506873,-2.69377107143499));
#7744=CARTESIAN_POINT('Ctrl Pts',(-11.0567206154198,-9.47170601038804,-1.39100671355779));
#7745=CARTESIAN_POINT('Ctrl Pts',(-11.0122993358003,-9.45186809088729,-1.43764816782186));
#7746=CARTESIAN_POINT('Ctrl Pts',(-10.9678705770686,-9.43202366703309,-1.48427981893338));
#7747=CARTESIAN_POINT('Ctrl Pts',(-10.5612104301181,-9.25035550227363,-1.91093737971664));
#7748=CARTESIAN_POINT('Ctrl Pts',(-10.2128971651395,-9.09468914589797,-2.27507403787108));
#7749=CARTESIAN_POINT('Ctrl Pts',(-9.85640354289885,-8.9352910199817,-2.64631374394954));
#7750=CARTESIAN_POINT('Ctrl Pts',(-9.83592671525455,-8.92613429867986,-2.66763277928126));
#7751=CARTESIAN_POINT('Ctrl Pts',(-9.81544785114493,-8.91697567389733,-2.68894907304017));
#7752=CARTESIAN_POINT('Ctrl Pts',(-11.0375920771467,-9.28408894628079,-1.29400447570519));
#7753=CARTESIAN_POINT('Ctrl Pts',(-10.9932234268632,-9.26429455614564,-1.34071397055787));
#7754=CARTESIAN_POINT('Ctrl Pts',(-10.9488497904872,-9.24449582968442,-1.38741692992075));
#7755=CARTESIAN_POINT('Ctrl Pts',(-10.542799523746,-9.06330301084779,-1.81467098317699));
#7756=CARTESIAN_POINT('Ctrl Pts',(-10.1950587289082,-8.90808730135028,-2.17934675853654));
#7757=CARTESIAN_POINT('Ctrl Pts',(-9.83919027676183,-8.74919315606069,-2.55118466130071));
#7758=CARTESIAN_POINT('Ctrl Pts',(-9.81874453659259,-8.74006355921136,-2.57254472974009));
#7759=CARTESIAN_POINT('Ctrl Pts',(-9.79829743877903,-8.73093269336817,-2.59390297046067));
#7760=CARTESIAN_POINT('Ctrl Pts',(-11.0184635388737,-9.09647188217353,-1.1970022378526));
#7761=CARTESIAN_POINT('Ctrl Pts',(-10.9741475178734,-9.07672102112987,-1.24377977312869));
#7762=CARTESIAN_POINT('Ctrl Pts',(-10.9298290038533,-9.05696799205885,-1.29055404074202));
#7763=CARTESIAN_POINT('Ctrl Pts',(-10.5243886070869,-8.87625048747653,-1.71840457780305));
#7764=CARTESIAN_POINT('Ctrl Pts',(-10.1772202823343,-8.72148542391616,-2.08361947028059));
#7765=CARTESIAN_POINT('Ctrl Pts',(-9.82197701062243,-8.56309529211968,-2.45605557864116));
#7766=CARTESIAN_POINT('Ctrl Pts',(-9.80156235792828,-8.55399281972277,-2.47745668018817));
#7767=CARTESIAN_POINT('Ctrl Pts',(-9.78114702641312,-8.54488971283902,-2.49885686788118));
#7768=CARTESIAN_POINT('Ctrl Pts',(-10.9993350006007,-8.90885481806627,-1.1));
#7769=CARTESIAN_POINT('Ctrl Pts',(-10.9550716089363,-8.88914748638823,-1.1468455758647));
#7770=CARTESIAN_POINT('Ctrl Pts',(-10.9108082172719,-8.86944015471018,-1.19369115172939));
#7771=CARTESIAN_POINT('Ctrl Pts',(-10.5059777007148,-8.68919799605069,-1.62213818126341));
#7772=CARTESIAN_POINT('Ctrl Pts',(-10.159381846103,-8.53488357936848,-1.98789219094605));
#7773=CARTESIAN_POINT('Ctrl Pts',(-9.80476374448541,-8.37699742819867,-2.36092649599232));
#7774=CARTESIAN_POINT('Ctrl Pts',(-9.78438017926632,-8.36792208025427,-2.382368630647));
#7775=CARTESIAN_POINT('Ctrl Pts',(-9.76399661404722,-8.35884673230987,-2.40381076530168));
#7776=CARTESIAN_POINT('',(-10.8575603782185,-9.38274385143702,-1.60000003147463));
#7777=CARTESIAN_POINT('Ctrl Pts',(-9.81544785114493,-8.91697567389733,-2.68894907304017));
#7778=CARTESIAN_POINT('Ctrl Pts',(-9.83592671525455,-8.92613429867986,-2.66763277928126));
#7779=CARTESIAN_POINT('Ctrl Pts',(-9.85640354289885,-8.9352910199817,-2.64631374394954));
#7780=CARTESIAN_POINT('Ctrl Pts',(-10.1924842278101,-9.08556195889725,-2.29633134061533));
#7781=CARTESIAN_POINT('Ctrl Pts',(-10.5189351569441,-9.23146179278569,-1.95512812020502));
#7782=CARTESIAN_POINT('Ctrl Pts',(-10.8575603849155,-9.3827438512512,-1.60000003759216));
#7783=CARTESIAN_POINT('Ctrl Pts',(-10.866526592018,-9.38674952381453,-1.59059659333109));
#7784=CARTESIAN_POINT('Ctrl Pts',(-10.8635369079383,-9.38541388034607,-1.59373215943654));
#7785=CARTESIAN_POINT('Ctrl Pts',(-10.8605481725399,-9.38407865629447,-1.59686664054237));
#7786=CARTESIAN_POINT('Ctrl Pts',(-10.8575603849155,-9.3827438512512,-1.60000003759216));
#7787=CARTESIAN_POINT('Ctrl Pts',(-10.9993350006007,-8.90885481806627,-1.1));
#7788=CARTESIAN_POINT('Ctrl Pts',(-10.9550716089363,-8.88914748638823,-1.1468455758647));
#7789=CARTESIAN_POINT('Ctrl Pts',(-10.9108082172719,-8.86944015471018,-1.19369115172939));
#7790=CARTESIAN_POINT('Ctrl Pts',(-10.5534104016059,-8.71031639510907,-1.57193840884408));
#7791=CARTESIAN_POINT('Ctrl Pts',(-10.2508099914988,-8.57559001234327,-1.89139123360432));
#7792=CARTESIAN_POINT('Ctrl Pts',(-9.95768832207019,-8.44508383682811,-2.20000003702804));
#7793=CARTESIAN_POINT('Origin',(-7.00114282269866,-8.22338124959405,-2.45));
#7794=CARTESIAN_POINT('',(-6.35288885763397,-7.46195705981682,-2.2));
#7795=CARTESIAN_POINT('Origin',(-7.00114282269866,-8.22338124959405,-2.2));
#7796=CARTESIAN_POINT('',(-6.67701584016632,-7.84266915470544,-2.7));
#7797=CARTESIAN_POINT('',(-6.35288885763397,-7.46195705981682,-2.2));
#7798=CARTESIAN_POINT('Origin',(-7.00114282269866,-8.22338124959405,-2.7));
#7799=CARTESIAN_POINT('Origin',(0.,0.,-2.45));
#7800=CARTESIAN_POINT('',(-2.27000000000046,-10.0467457417812,-2.7));
#7801=CARTESIAN_POINT('Origin',(0.,0.,-2.7));
#7802=CARTESIAN_POINT('',(-2.46731807839839,-9.48432082439267,-2.2));
#7803=CARTESIAN_POINT('Origin',(0.,0.,-2.2));
#7804=CARTESIAN_POINT('',(-2.26377107142426,-10.0417659506737,-2.69377107144303));
#7805=CARTESIAN_POINT('Ctrl Pts',(-2.46731798273729,-9.48432046192434,-2.19999993757018));
#7806=CARTESIAN_POINT('Ctrl Pts',(-2.43186438803949,-9.57733332493775,-2.28109050777655));
#7807=CARTESIAN_POINT('Ctrl Pts',(-2.397223881353,-9.67022891170662,-2.36278175887607));
#7808=CARTESIAN_POINT('Ctrl Pts',(-2.36338596005867,-9.76292740982878,-2.44491644965613));
#7809=CARTESIAN_POINT('Ctrl Pts',(-2.3294119632957,-9.85599868473778,-2.52738143603684));
#7810=CARTESIAN_POINT('Ctrl Pts',(-2.29621060969038,-9.94897091711436,-2.61038177652163));
#7811=CARTESIAN_POINT('Ctrl Pts',(-2.26377107226653,-10.0417659504952,-2.69377107226607));
#7812=CARTESIAN_POINT('Ctrl Pts',(-2.26377107142426,-10.0417659506737,-2.69377107144303));
#7813=CARTESIAN_POINT('Ctrl Pts',(-2.26688476380704,-10.044255846371,-2.6968847638258));
#7814=CARTESIAN_POINT('Ctrl Pts',(-2.27000000031762,-10.0467457420347,-2.70000000031716));
#7815=CARTESIAN_POINT('Ctrl Pts',(11.0567206154198,9.47170601038805,-1.39100671355779));
#7816=CARTESIAN_POINT('Ctrl Pts',(11.0122993358003,9.45186809088729,-1.43764816782186));
#7817=CARTESIAN_POINT('Ctrl Pts',(10.9678705770686,9.43202366703309,-1.48427981893338));
#7818=CARTESIAN_POINT('Ctrl Pts',(10.561210430118,9.25035550227359,-1.9109373797167));
#7819=CARTESIAN_POINT('Ctrl Pts',(10.2128971651394,9.094689145898,-2.27507403787115));
#7820=CARTESIAN_POINT('Ctrl Pts',(9.85640354289863,8.93529101998194,-2.64631374394954));
#7821=CARTESIAN_POINT('Ctrl Pts',(9.83592671525419,8.92613429868004,-2.66763277928141));
#7822=CARTESIAN_POINT('Ctrl Pts',(9.81544785114442,8.91697567389746,-2.68894907304046));
#7823=CARTESIAN_POINT('Ctrl Pts',(11.0375920771467,9.28408894628088,-1.2940044757052));
#7824=CARTESIAN_POINT('Ctrl Pts',(10.9932234268632,9.26429455614574,-1.34071397055787));
#7825=CARTESIAN_POINT('Ctrl Pts',(10.9488497904872,9.24449582968452,-1.38741692992076));
#7826=CARTESIAN_POINT('Ctrl Pts',(10.5427995237459,9.06330301084785,-1.81467098317707));
#7827=CARTESIAN_POINT('Ctrl Pts',(10.195058728908,8.90808730135037,-2.17934675853664));
#7828=CARTESIAN_POINT('Ctrl Pts',(9.83919027676158,8.74919315606091,-2.55118466130075));
#7829=CARTESIAN_POINT('Ctrl Pts',(9.8187445365922,8.74006355921152,-2.57254472974028));
#7830=CARTESIAN_POINT('Ctrl Pts',(9.79829743877849,8.73093269336828,-2.593902970461));
#7831=CARTESIAN_POINT('Ctrl Pts',(11.0184635388736,9.09647188217372,-1.1970022378526));
#7832=CARTESIAN_POINT('Ctrl Pts',(10.9741475178733,9.07672102113006,-1.24377977312869));
#7833=CARTESIAN_POINT('Ctrl Pts',(10.9298290038532,9.05696799205904,-1.29055404074202));
#7834=CARTESIAN_POINT('Ctrl Pts',(10.5243886070868,8.87625048747668,-1.71840457780314));
#7835=CARTESIAN_POINT('Ctrl Pts',(10.1772202823341,8.7214854239163,-2.08361947028072));
#7836=CARTESIAN_POINT('Ctrl Pts',(9.82197701062215,8.56309529211987,-2.45605557864123));
#7837=CARTESIAN_POINT('Ctrl Pts',(9.80156235792786,8.5539928197229,-2.4774566801884));
#7838=CARTESIAN_POINT('Ctrl Pts',(9.78114702641256,8.5448897128391,-2.49885686788155));
#7839=CARTESIAN_POINT('Ctrl Pts',(10.9993350006006,8.90885481806656,-1.1));
#7840=CARTESIAN_POINT('Ctrl Pts',(10.9550716089362,8.88914748638851,-1.1468455758647));
#7841=CARTESIAN_POINT('Ctrl Pts',(10.9108082172717,8.86944015471047,-1.19369115172939));
#7842=CARTESIAN_POINT('Ctrl Pts',(10.5059777007146,8.68919799605093,-1.6221381812635));
#7843=CARTESIAN_POINT('Ctrl Pts',(10.1593818461027,8.53488357936867,-1.9878921909462));
#7844=CARTESIAN_POINT('Ctrl Pts',(9.8047637444851,8.37699742819884,-2.36092649599244));
#7845=CARTESIAN_POINT('Ctrl Pts',(9.78438017926586,8.36792208025438,-2.38236863064726));
#7846=CARTESIAN_POINT('Ctrl Pts',(9.76399661404663,8.35884673230992,-2.40381076530209));
#7847=CARTESIAN_POINT('',(10.9993350006006,8.90885481806656,-1.1));
#7848=CARTESIAN_POINT('Ctrl Pts',(10.9993350006006,8.90885481806656,-1.1));
#7849=CARTESIAN_POINT('Ctrl Pts',(10.9550716089362,8.88914748638851,-1.1468455758647));
#7850=CARTESIAN_POINT('Ctrl Pts',(10.9108082172717,8.86944015471047,-1.19369115172939));
#7851=CARTESIAN_POINT('Ctrl Pts',(10.5534104016057,8.71031639510931,-1.57193840884416));
#7852=CARTESIAN_POINT('Ctrl Pts',(10.2508099914986,8.57559001234348,-1.89139123360443));
#7853=CARTESIAN_POINT('Ctrl Pts',(9.95768832207001,8.44508383682834,-2.20000003702804));
#7854=CARTESIAN_POINT('',(10.8575603782185,9.38274385143702,-1.60000003147463));
#7855=CARTESIAN_POINT('Ctrl Pts',(9.81544785114442,8.91697567389746,-2.68894907304046));
#7856=CARTESIAN_POINT('Ctrl Pts',(9.83592671525419,8.92613429868004,-2.66763277928141));
#7857=CARTESIAN_POINT('Ctrl Pts',(9.85640354289863,8.93529101998194,-2.64631374394954));
#7858=CARTESIAN_POINT('Ctrl Pts',(10.19248422781,9.0855619588973,-2.29633134061539));
#7859=CARTESIAN_POINT('Ctrl Pts',(10.5189351569441,9.23146179278567,-1.95512812020507));
#7860=CARTESIAN_POINT('Ctrl Pts',(10.8575603849155,9.3827438512512,-1.60000003759216));
#7861=CARTESIAN_POINT('',(10.8665265830552,9.38674951842003,-1.59059658266391));
#7862=CARTESIAN_POINT('Ctrl Pts',(10.8665265920183,9.38674952381467,-1.59059659333077));
#7863=CARTESIAN_POINT('Ctrl Pts',(10.8635369079385,9.38541388034616,-1.59373215943633));
#7864=CARTESIAN_POINT('Ctrl Pts',(10.86054817254,9.38407865629452,-1.59686664054227));
#7865=CARTESIAN_POINT('Ctrl Pts',(10.8575603849155,9.3827438512512,-1.60000003759216));
#7866=CARTESIAN_POINT('Ctrl Pts',(10.9993350006006,8.90885481806656,-1.1));
#7867=CARTESIAN_POINT('Ctrl Pts',(10.9774709698818,8.98849531237885,-1.18164811428205));
#7868=CARTESIAN_POINT('Ctrl Pts',(10.9554866623228,9.06812017558664,-1.26333086983786));
#7869=CARTESIAN_POINT('Ctrl Pts',(10.9112539129819,9.22732436295202,-1.42676221202412));
#7870=CARTESIAN_POINT('Ctrl Pts',(10.8890499531199,9.30674242383488,-1.50834538489568));
#7871=CARTESIAN_POINT('Ctrl Pts',(10.8665265831981,9.3867495179119,-1.59059658214167));
#7872=CARTESIAN_POINT('Ctrl Pts',(-2.26377107226653,-10.0417659504952,-2.69377107226607));
#7873=CARTESIAN_POINT('Ctrl Pts',(-1.86388940335986,-10.1341842210354,-2.2938894033594));
#7874=CARTESIAN_POINT('Ctrl Pts',(-1.45856041543909,-10.2020543208884,-1.88856041543863));
#7875=CARTESIAN_POINT('Ctrl Pts',(-1.05070157195831,-10.2449269147956,-1.48070157195785));
#7876=CARTESIAN_POINT('Ctrl Pts',(-2.35760980916354,-9.84907545040504,-2.55539885421061));
#7877=CARTESIAN_POINT('Ctrl Pts',(-1.96286493277901,-9.94515584307056,-2.15950809144758));
#7878=CARTESIAN_POINT('Ctrl Pts',(-1.5622302307542,-10.0170926018876,-1.75799869863213));
#7879=CARTESIAN_POINT('Ctrl Pts',(-1.15861847773986,-10.0643305043546,-1.3538010479719));
#7880=CARTESIAN_POINT('Ctrl Pts',(-2.45144854606055,-9.65638495031489,-2.41702663615516));
#7881=CARTESIAN_POINT('Ctrl Pts',(-2.06184046219817,-9.75612746510571,-2.02512677953577));
#7882=CARTESIAN_POINT('Ctrl Pts',(-1.66590004606931,-9.83213088288678,-1.62743698182562));
#7883=CARTESIAN_POINT('Ctrl Pts',(-1.26653538352142,-9.88373409391372,-1.22690052398595));
#7884=CARTESIAN_POINT('Ctrl Pts',(-2.54528728295756,-9.46369445022474,-2.2786544180997));
#7885=CARTESIAN_POINT('Ctrl Pts',(-2.16081599161733,-9.56709908714086,-1.89074546762396));
#7886=CARTESIAN_POINT('Ctrl Pts',(-1.76956986138442,-9.64716916388596,-1.49687526501912));
#7887=CARTESIAN_POINT('Ctrl Pts',(-1.37445228930297,-9.7031376834728,-1.1));
#7888=CARTESIAN_POINT('',(-1.17000000089643,-10.2316661067888,-1.60000000089597));
#7889=CARTESIAN_POINT('Ctrl Pts',(-1.16999996322307,-10.2316654639787,-1.59999996322261));
#7890=CARTESIAN_POINT('Ctrl Pts',(-1.53759716263784,-10.1885777193739,-1.96759716263738));
#7891=CARTESIAN_POINT('Ctrl Pts',(-1.90290225523164,-10.1251678029818,-2.33290225523117));
#7892=CARTESIAN_POINT('Ctrl Pts',(-2.26377107143544,-10.0417659506873,-2.69377107143498));
#7893=CARTESIAN_POINT('Ctrl Pts',(-2.46731801669951,-9.48432045308948,-2.19999997182565));
#7894=CARTESIAN_POINT('Ctrl Pts',(-2.10796514396268,-9.57780173635906,-1.83754421946977));
#7895=CARTESIAN_POINT('Ctrl Pts',(-1.74289186579188,-9.65094810976021,-1.47007859152472));
#7896=CARTESIAN_POINT('Ctrl Pts',(-1.37445228930297,-9.7031376834728,-1.1));
#7897=CARTESIAN_POINT('Ctrl Pts',(-1.16999996322475,-10.2316654639785,-1.59999996322429));
#7898=CARTESIAN_POINT('Ctrl Pts',(-1.16944955502736,-10.2317299798341,-1.5994495550269));
#7899=CARTESIAN_POINT('Ctrl Pts',(-1.1688991416912,-10.2317944501285,-1.59889914169073));
#7900=CARTESIAN_POINT('Ctrl Pts',(-1.16834872322344,-10.2318588748605,-1.59834872322298));
#7901=CARTESIAN_POINT('Origin',(7.00114282269798,-8.22338124959463,-1.35));
#7902=CARTESIAN_POINT('',(7.40787946577387,-7.30983579195207,-1.1));
#7903=CARTESIAN_POINT('Origin',(7.00114282269798,-8.22338124959463,-1.1));
#7904=CARTESIAN_POINT('',(7.20451114423592,-7.76660852077335,-1.6));
#7905=CARTESIAN_POINT('',(7.40787946577387,-7.30983579195207,-1.1));
#7906=CARTESIAN_POINT('Origin',(7.00114282269798,-8.22338124959463,-1.6));
#7907=CARTESIAN_POINT('Origin',(2.55929098171964,-5.42476418522044,-1.35));
#7908=CARTESIAN_POINT('',(11.5300209294305,-9.1451314164722,-1.1));
#7909=CARTESIAN_POINT('',(11.3266526078925,-9.60190414529348,-1.6));
#7910=CARTESIAN_POINT('',(11.5300209294305,-9.1451314164722,-1.1));
#7911=CARTESIAN_POINT('',(2.45760682095067,-5.65315054963108,-1.6));
#7912=CARTESIAN_POINT('',(2.66097514248861,-5.1963778208098,-1.1));
#7913=CARTESIAN_POINT('Origin',(11.7333892509684,-8.68835868765092,-1.35));
#7914=CARTESIAN_POINT('',(12.1352176499742,-8.98590521804991,-1.1));
#7915=CARTESIAN_POINT('Origin',(11.7333892509684,-8.68835868765092,-1.1));
#7916=CARTESIAN_POINT('',(12.5370460489799,-9.2834517484489,-1.6));
#7917=CARTESIAN_POINT('',(12.1352176499742,-8.98590521804991,-1.1));
#7918=CARTESIAN_POINT('Origin',(11.7333892509684,-8.68835868765092,-1.6));
#7919=CARTESIAN_POINT('Origin',(0.,0.,-1.35));
#7920=CARTESIAN_POINT('',(12.1352176499747,8.98590521804918,-1.1));
#7921=CARTESIAN_POINT('',(12.5370460489805,9.28345174844815,-1.6));
#7922=CARTESIAN_POINT('',(12.1352176499747,8.98590521804918,-1.1));
#7923=CARTESIAN_POINT('Origin',(0.,0.,-1.6));
#7924=CARTESIAN_POINT('Origin',(0.,0.,-1.1));
#7925=CARTESIAN_POINT('Origin',(11.7333892509689,8.68835868765022,-1.35));
#7926=CARTESIAN_POINT('',(11.530020929431,9.14513141647151,-1.1));
#7927=CARTESIAN_POINT('Origin',(11.7333892509689,8.68835868765022,-1.1));
#7928=CARTESIAN_POINT('',(11.3266526078931,9.6019041452928,-1.6));
#7929=CARTESIAN_POINT('',(11.530020929431,9.14513141647151,-1.1));
#7930=CARTESIAN_POINT('Origin',(11.7333892509689,8.68835868765022,-1.6));
#7931=CARTESIAN_POINT('Origin',(5.09874758019527,6.55540310795763,-1.35));
#7932=CARTESIAN_POINT('',(10.8511250125222,9.39018561917787,-1.6));
#7933=CARTESIAN_POINT('',(4.99706341942631,6.78378947236828,-1.6));
#7934=CARTESIAN_POINT('',(5.20043174096423,6.32701674354699,-1.1));
#7935=CARTESIAN_POINT('Ctrl Pts',(10.8665265830553,9.38674951841994,-1.59059658266388));
#7936=CARTESIAN_POINT('Ctrl Pts',(10.8588249158164,9.38846954974121,-1.59530045974324));
#7937=CARTESIAN_POINT('Ctrl Pts',(10.8511250125223,9.39018561917785,-1.59999999999995));
#7938=CARTESIAN_POINT('Origin',(0.,0.,1.));
#7939=CARTESIAN_POINT('',(-6.35288885763397,-7.46195705981682,1.));
#7940=CARTESIAN_POINT('',(6.35288885763335,-7.46195705981735,1.));
#7941=CARTESIAN_POINT('Origin',(-7.00114282269866,-8.22338124959405,1.));
#7942=CARTESIAN_POINT('',(-7.40787946577448,-7.30983579195145,1.));
#7943=CARTESIAN_POINT('Origin',(-11.8914765103632,-9.306061809567,1.));
#7944=CARTESIAN_POINT('',(-11.5300209294306,-9.14513141647095,1.));
#7945=CARTESIAN_POINT('Origin',(-11.7333892509685,-8.68835868764965,1.));
#7946=CARTESIAN_POINT('',(-12.1352176499743,-8.98590521804861,1.));
#7947=CARTESIAN_POINT('Origin',(0.,0.,1.));
#7948=CARTESIAN_POINT('',(-12.1352176499733,8.98590521804991,1.));
#7949=CARTESIAN_POINT('Origin',(-11.7333892509676,8.6883586876509,1.));
#7950=CARTESIAN_POINT('',(-11.5300209294296,9.14513141647218,1.));
#7951=CARTESIAN_POINT('Origin',(-6.81256331341241,7.04478396409339,1.));
#7952=CARTESIAN_POINT('',(-7.40787946577372,7.30983579195223,1.));
#7953=CARTESIAN_POINT('Origin',(-7.0011428226978,8.22338124959479,1.));
#7954=CARTESIAN_POINT('',(-6.35288885763319,7.46195705981749,1.));
#7955=CARTESIAN_POINT('Origin',(1.72000000000046,9.43596623965508,-2.15));
#7956=CARTESIAN_POINT('',(1.17000000000046,10.7364379567899,-1.6));
#7957=CARTESIAN_POINT('',(1.17000000000046,4.86495375106483,-1.6));
#7958=CARTESIAN_POINT('',(1.16856775939053,10.7380346585907,-1.59856775241085));
#7959=CARTESIAN_POINT('Ctrl Pts',(1.16856774941023,10.7380346469514,-1.59856774940977));
#7960=CARTESIAN_POINT('Ctrl Pts',(1.16928392795033,10.7372363018718,-1.59928392794987));
#7961=CARTESIAN_POINT('Ctrl Pts',(1.16999999999839,10.7364379567922,-1.59999999999793));
#7962=CARTESIAN_POINT('',(1.17000000079234,10.7378822445933,-1.60000000079188));
#7963=CARTESIAN_POINT('Ctrl Pts',(1.16856814065276,10.7380340235915,-1.59856730360488));
#7964=CARTESIAN_POINT('Ctrl Pts',(1.16904555857516,10.7379832415554,-1.59904472152949));
#7965=CARTESIAN_POINT('Ctrl Pts',(1.16952297307317,10.7379324283983,-1.5995221360297));
#7966=CARTESIAN_POINT('Ctrl Pts',(1.17000038414263,10.7378815841207,-1.59999954710137));
#7967=CARTESIAN_POINT('',(2.26460054537176,10.5654267186008,-2.6946005453713));
#7968=CARTESIAN_POINT('Ctrl Pts',(2.26460054537176,10.5654267186008,-2.6946005453713));
#7969=CARTESIAN_POINT('Ctrl Pts',(1.90303376353167,10.6411526796514,-2.33303376353121));
#7970=CARTESIAN_POINT('Ctrl Pts',(1.53753283843977,10.6987388036912,-1.96753283843931));
#7971=CARTESIAN_POINT('Ctrl Pts',(1.16999993678848,10.7378810425789,-1.59999993678802));
#7972=CARTESIAN_POINT('',(2.27000000000046,10.558745190599,-2.7));
#7973=CARTESIAN_POINT('Ctrl Pts',(2.27000000000046,10.558745190599,-2.7));
#7974=CARTESIAN_POINT('Ctrl Pts',(2.26730112662144,10.5620859546285,-2.69730112662098));
#7975=CARTESIAN_POINT('Ctrl Pts',(2.26460054537176,10.5654267186008,-2.6946005453713));
#7976=CARTESIAN_POINT('',(2.27000000000046,9.43596623965508,-2.7));
#7977=CARTESIAN_POINT('Origin',(3.46389583683049E-13,0.,-1.6));
#7978=CARTESIAN_POINT('',(-10.5000389789517,-9.78119018527374,-1.6));
#7979=CARTESIAN_POINT('Origin',(-2.22044604925031E-15,5.55111512312578E-16,
-1.6));
#7980=CARTESIAN_POINT('',(-11.8366858674019,-10.3763037221402,-1.6));
#7981=CARTESIAN_POINT('',(-2.69349405057145,-6.30549245000883,-1.6));
#7982=CARTESIAN_POINT('',(-12.4259533616622,-10.2374646790022,-1.6));
#7983=CARTESIAN_POINT('Origin',(-12.0400541889398,-9.91953099331891,-1.6));
#7984=CARTESIAN_POINT('',(-12.4259533616606,10.2374646790031,-1.6));
#7985=CARTESIAN_POINT('Origin',(0.,0.,-1.6));
#7986=CARTESIAN_POINT('',(-11.8366858674008,10.3763037221415,-1.6));
#7987=CARTESIAN_POINT('Origin',(-12.0400541889387,9.9195309933202,-1.6));
#7988=CARTESIAN_POINT('',(-7.55905556383952,8.47178000585028,-1.6));
#7989=CARTESIAN_POINT('',(-5.30873379496757,7.4698722031739,-1.6));
#7990=CARTESIAN_POINT('',(-6.54619019866499,8.58995889879005,-1.6));
#7991=CARTESIAN_POINT('Origin',(-7.15231892076361,9.38532546349283,-1.6));
#7992=CARTESIAN_POINT('Origin',(0.,0.,-1.6));
#7993=CARTESIAN_POINT('Origin',(-2.22044604925031E-15,5.55111512312578E-16,
-2.15));
#7994=CARTESIAN_POINT('',(-9.43216235443646,-9.30574087966948,-2.7));
#7995=CARTESIAN_POINT('Origin',(-2.22044604925031E-15,5.55111512312578E-16,
-2.7));
#7996=CARTESIAN_POINT('',(-9.43608280178078,-9.32652849176096,-2.6826041609743));
#7997=CARTESIAN_POINT('Ctrl Pts',(-9.43608280178078,-9.32652849176096,-2.6826041609743));
#7998=CARTESIAN_POINT('Ctrl Pts',(-9.43412429409332,-9.31613083157409,-2.6913062993659));
#7999=CARTESIAN_POINT('Ctrl Pts',(-9.43216235443647,-9.30574087966948,-2.7));
#8000=CARTESIAN_POINT('',(-10.4032010673863,-9.75452475365739,-1.68895706414911));
#8001=CARTESIAN_POINT('Ctrl Pts',(-10.4032010673863,-9.75452475365739,-1.68895706414911));
#8002=CARTESIAN_POINT('Ctrl Pts',(-10.069579466,-9.60679114399394,-2.03337814009349));
#8003=CARTESIAN_POINT('Ctrl Pts',(-9.74764928077782,-9.46431969516216,-2.36414824619503));
#8004=CARTESIAN_POINT('Ctrl Pts',(-9.43608280178036,-9.32652849175178,-2.68260416096992));
#8005=CARTESIAN_POINT('',(-10.4893399872772,-9.79266291436802,-1.59999997748208));
#8006=CARTESIAN_POINT('Ctrl Pts',(-10.4893399905312,-9.79266291981884,-1.59999998296983));
#8007=CARTESIAN_POINT('Ctrl Pts',(-10.4606311296177,-9.77995388887406,-1.62965798027413));
#8008=CARTESIAN_POINT('Ctrl Pts',(-10.4319181731537,-9.76724120150271,-1.6593103733314));
#8009=CARTESIAN_POINT('Ctrl Pts',(-10.4032010673863,-9.75452475365739,-1.68895706414911));
#8010=CARTESIAN_POINT('',(-10.5036647091158,-9.79900413166751,-1.58520086379936));
#8011=CARTESIAN_POINT('Ctrl Pts',(-10.4893399905312,-9.79266291981884,-1.59999998296982));
#8012=CARTESIAN_POINT('Ctrl Pts',(-10.4941150099467,-9.79477675741401,-1.59506709784492));
#8013=CARTESIAN_POINT('Ctrl Pts',(-10.498889916062,-9.79689049385701,-1.59013405768292));
#8014=CARTESIAN_POINT('Ctrl Pts',(-10.5036647091245,-9.79900412962659,-1.5852008629347));
#8015=CARTESIAN_POINT('Ctrl Pts',(-10.5000389789517,-9.78119018527374,-1.6));
#8016=CARTESIAN_POINT('Ctrl Pts',(-10.5018530117615,-9.79009453061846,-1.59260330937254));
#8017=CARTESIAN_POINT('Ctrl Pts',(-10.5036647039768,-9.79900413302456,-1.58520086417497));
#8018=CARTESIAN_POINT('Origin',(-6.17702058974444,-9.1420249771805,-2.7));
#8019=CARTESIAN_POINT('',(-2.27000000000046,-10.558745190599,-2.7));
#8020=CARTESIAN_POINT('',(-2.27000000000046,-9.43596623965508,-2.7));
#8021=CARTESIAN_POINT('',(-3.33458399705551,-10.2723195806294,-2.7));
#8022=CARTESIAN_POINT('Origin',(0.,0.,-2.7));
#8023=CARTESIAN_POINT('',(-3.74686372860186,-10.670453489464,-2.7));
#8024=CARTESIAN_POINT('',(-3.89396412630954,-10.8125066923,-2.7));
#8025=CARTESIAN_POINT('',(-6.75157056418137,-10.4603439196271,-2.7));
#8026=CARTESIAN_POINT('',(-4.89817263055372,-10.5899461283884,-2.7));
#8027=CARTESIAN_POINT('',(-8.64775251446708,-8.95649911787682,-2.7));
#8028=CARTESIAN_POINT('Origin',(-2.22044604925031E-15,5.55111512312578E-16,
-2.7));
#8029=CARTESIAN_POINT('',(-6.96951972022848,-8.20930173725626,-2.7));
#8030=CARTESIAN_POINT('Ctrl Pts',(-10.4032010673863,-9.75452475365739,-1.68895706414911));
#8031=CARTESIAN_POINT('Ctrl Pts',(-10.4468706921536,-9.77386244424068,-1.64387383486805));
#8032=CARTESIAN_POINT('Ctrl Pts',(-10.4905307217486,-9.79319143881115,-1.5987774192842));
#8033=CARTESIAN_POINT('Ctrl Pts',(-10.5341813451957,-9.81251210325627,-1.55366816199284));
#8034=CARTESIAN_POINT('Ctrl Pts',(-10.2083082787643,-9.84470907854144,-1.5374409479326));
#8035=CARTESIAN_POINT('Ctrl Pts',(-10.2520445062161,-9.8641115155637,-1.49245116002305));
#8036=CARTESIAN_POINT('Ctrl Pts',(-10.2957743368866,-9.88350815524407,-1.44745258124498));
#8037=CARTESIAN_POINT('Ctrl Pts',(-10.3394978967916,-9.90289924150755,-1.40244544132856));
#8038=CARTESIAN_POINT('Ctrl Pts',(-10.0134154901422,-9.93489340342549,-1.38592483171608));
#8039=CARTESIAN_POINT('Ctrl Pts',(-10.0572183202787,-9.95436058688672,-1.34102848517805));
#8040=CARTESIAN_POINT('Ctrl Pts',(-10.1010179520245,-9.973824871677,-1.29612774320575));
#8041=CARTESIAN_POINT('Ctrl Pts',(-10.1448144483876,-9.99328637975883,-1.25122272066428));
#8042=CARTESIAN_POINT('Ctrl Pts',(-9.81852270152016,-10.0250777283096,-1.23440871549957));
#8043=CARTESIAN_POINT('Ctrl Pts',(-9.8623921343413,-10.0446096582097,-1.18960581033305));
#8044=CARTESIAN_POINT('Ctrl Pts',(-9.90626156716243,-10.0641415881099,-1.14480290516653));
#8045=CARTESIAN_POINT('Ctrl Pts',(-9.95013099998357,-10.0836735180101,-1.10000000000001));
#8046=CARTESIAN_POINT('',(-9.81852270152016,-10.0250777283096,-1.23440871549957));
#8047=CARTESIAN_POINT('Ctrl Pts',(-9.81852270152016,-10.0250777283096,-1.23440871549957));
#8048=CARTESIAN_POINT('Ctrl Pts',(-10.0134154901422,-9.93489340342549,-1.38592483171608));
#8049=CARTESIAN_POINT('Ctrl Pts',(-10.2083082787643,-9.84470907854144,-1.5374409479326));
#8050=CARTESIAN_POINT('Ctrl Pts',(-10.4032010673863,-9.75452475365739,-1.68895706414911));
#8051=CARTESIAN_POINT('',(-9.95013099998357,-10.0836735180101,-1.1));
#8052=CARTESIAN_POINT('Ctrl Pts',(-9.81852270152016,-10.0250777283096,-1.23440871549957));
#8053=CARTESIAN_POINT('Ctrl Pts',(-9.8623921343413,-10.0446096582097,-1.18960581033305));
#8054=CARTESIAN_POINT('Ctrl Pts',(-9.90626156716243,-10.0641415881099,-1.14480290516653));
#8055=CARTESIAN_POINT('Ctrl Pts',(-9.95013099998357,-10.0836735180101,-1.10000000000001));
#8056=CARTESIAN_POINT('Ctrl Pts',(-10.5036647023497,-9.7990041270727,-1.58520086904559));
#8057=CARTESIAN_POINT('Ctrl Pts',(-10.4113728269763,-9.84638734798649,-1.50437565520107));
#8058=CARTESIAN_POINT('Ctrl Pts',(-10.3190714155466,-9.89381484966201,-1.42350611021493));
#8059=CARTESIAN_POINT('Ctrl Pts',(-10.226802413636,-9.94126625143882,-1.34262791355143));
#8060=CARTESIAN_POINT('Ctrl Pts',(-10.1345540728794,-9.98870702775421,-1.26176782737837));
#8061=CARTESIAN_POINT('Ctrl Pts',(-10.0423261376121,-10.0361778508477,-1.18088859178088));
#8062=CARTESIAN_POINT('Ctrl Pts',(-9.95013099998357,-10.0836735180101,-1.10000000000001));
#8063=CARTESIAN_POINT('Ctrl Pts',(10.4032010673863,9.75452475365739,-1.6889570641491));
#8064=CARTESIAN_POINT('Ctrl Pts',(10.4468706921536,9.77386244424068,-1.64387383486804));
#8065=CARTESIAN_POINT('Ctrl Pts',(10.4905307217486,9.79319143881116,-1.59877741928419));
#8066=CARTESIAN_POINT('Ctrl Pts',(10.5341813451956,9.81251210325628,-1.55366816199283));
#8067=CARTESIAN_POINT('Ctrl Pts',(10.2083082787642,9.84470907854154,-1.53744094793259));
#8068=CARTESIAN_POINT('Ctrl Pts',(10.2520445062161,9.86411151556379,-1.49245116002304));
#8069=CARTESIAN_POINT('Ctrl Pts',(10.2957743368865,9.88350815524417,-1.44745258124497));
#8070=CARTESIAN_POINT('Ctrl Pts',(10.3394978967916,9.90289924150765,-1.40244544132855));
#8071=CARTESIAN_POINT('Ctrl Pts',(10.0134154901421,9.93489340342568,-1.38592483171608));
#8072=CARTESIAN_POINT('Ctrl Pts',(10.0572183202786,9.95436058688691,-1.34102848517804));
#8073=CARTESIAN_POINT('Ctrl Pts',(10.1010179520244,9.97382487167719,-1.29612774320575));
#8074=CARTESIAN_POINT('Ctrl Pts',(10.1448144483875,9.99328637975902,-1.25122272066428));
#8075=CARTESIAN_POINT('Ctrl Pts',(9.81852270152004,10.0250777283098,-1.23440871549957));
#8076=CARTESIAN_POINT('Ctrl Pts',(9.86239213434117,10.04460965821,-1.18960581033305));
#8077=CARTESIAN_POINT('Ctrl Pts',(9.90626156716231,10.0641415881102,-1.14480290516652));
#8078=CARTESIAN_POINT('Ctrl Pts',(9.95013099998345,10.0836735180104,-1.1));
#8079=CARTESIAN_POINT('',(9.81852270152004,10.0250777283098,-1.23440871549957));
#8080=CARTESIAN_POINT('',(10.4032010673863,9.75452475365739,-1.6889570641491));
#8081=CARTESIAN_POINT('Ctrl Pts',(9.81852270152004,10.0250777283098,-1.23440871549957));
#8082=CARTESIAN_POINT('Ctrl Pts',(10.0134154901421,9.93489340342568,-1.38592483171608));
#8083=CARTESIAN_POINT('Ctrl Pts',(10.2083082787642,9.84470907854154,-1.53744094793259));
#8084=CARTESIAN_POINT('Ctrl Pts',(10.4032010673863,9.75452475365739,-1.6889570641491));
#8085=CARTESIAN_POINT('',(9.95013099998345,10.0836735180104,-1.1));
#8086=CARTESIAN_POINT('Ctrl Pts',(9.81852270152004,10.0250777283098,-1.23440871549957));
#8087=CARTESIAN_POINT('Ctrl Pts',(9.86239213434117,10.04460965821,-1.18960581033305));
#8088=CARTESIAN_POINT('Ctrl Pts',(9.90626156716231,10.0641415881102,-1.14480290516652));
#8089=CARTESIAN_POINT('Ctrl Pts',(9.95013099998345,10.0836735180104,-1.1));
#8090=CARTESIAN_POINT('',(10.5036647091154,9.79900413166738,-1.58520086379967));
#8091=CARTESIAN_POINT('Ctrl Pts',(10.5036647023493,9.79900412707258,-1.5852008690459));
#8092=CARTESIAN_POINT('Ctrl Pts',(10.411372826982,9.84638734798338,-1.50437565520653));
#8093=CARTESIAN_POINT('Ctrl Pts',(10.3190714155494,9.89381484966043,-1.42350611021784));
#8094=CARTESIAN_POINT('Ctrl Pts',(10.2268024136358,9.94126625143889,-1.34262791355159));
#8095=CARTESIAN_POINT('Ctrl Pts',(10.1345540728574,9.98870702776559,-1.26176782735932));
#8096=CARTESIAN_POINT('Ctrl Pts',(10.0423261376008,10.0361778508536,-1.18088859177121));
#8097=CARTESIAN_POINT('Ctrl Pts',(9.95013099998345,10.0836735180104,-1.1));
#8098=CARTESIAN_POINT('',(10.4893399872772,9.79266291436803,-1.59999997748208));
#8099=CARTESIAN_POINT('Ctrl Pts',(10.4893399905312,9.79266291981885,-1.59999998296982));
#8100=CARTESIAN_POINT('Ctrl Pts',(10.4941150099466,9.79477675741398,-1.59506709784502));
#8101=CARTESIAN_POINT('Ctrl Pts',(10.4988899160618,9.79689049385693,-1.59013405768312));
#8102=CARTESIAN_POINT('Ctrl Pts',(10.5036647091241,9.79900412962647,-1.58520086293502));
#8103=CARTESIAN_POINT('Ctrl Pts',(10.4893399905312,9.79266291981885,-1.59999998296982));
#8104=CARTESIAN_POINT('Ctrl Pts',(10.4606311296177,9.77995388887407,-1.62965798027413));
#8105=CARTESIAN_POINT('Ctrl Pts',(10.4319181731537,9.76724120150271,-1.65931037333139));
#8106=CARTESIAN_POINT('Ctrl Pts',(10.4032010673863,9.75452475365739,-1.6889570641491));
#8107=CARTESIAN_POINT('Origin',(2.59180988980264,6.53387881441964,-1.35));
#8108=CARTESIAN_POINT('',(11.6333175458637,10.8330764509618,-1.1));
#8109=CARTESIAN_POINT('',(2.49012572903368,6.76226517883029,-1.1));
#8110=CARTESIAN_POINT('',(11.8366858674017,10.3763037221405,-1.6));
#8111=CARTESIAN_POINT('',(11.6333175458637,10.8330764509618,-1.1));
#8112=CARTESIAN_POINT('',(10.5000389789515,9.78119018527399,-1.6));
#8113=CARTESIAN_POINT('',(2.6934940505716,6.305492450009,-1.6));
#8114=CARTESIAN_POINT('Ctrl Pts',(10.5000389789515,9.78119018527399,-1.6));
#8115=CARTESIAN_POINT('Ctrl Pts',(10.5018530117612,9.79009453061852,-1.59260330937269));
#8116=CARTESIAN_POINT('Ctrl Pts',(10.5036647039765,9.79900413302443,-1.58520086417528));
#8117=CARTESIAN_POINT('Ctrl Pts',(9.43608280178039,9.32652849175204,-2.68260416096972));
#8118=CARTESIAN_POINT('Ctrl Pts',(9.74764928077808,9.46431969516235,-2.36414824619471));
#8119=CARTESIAN_POINT('Ctrl Pts',(10.0695794660002,9.60679114399405,-2.03337814009323));
#8120=CARTESIAN_POINT('Ctrl Pts',(10.4032010673863,9.75452475365739,-1.6889570641491));
#8121=CARTESIAN_POINT('Ctrl Pts',(9.24043407894724,9.41551207569845,-2.52805372058208));
#8122=CARTESIAN_POINT('Ctrl Pts',(9.55223903236001,9.55371849823242,-2.21065882878991));
#8123=CARTESIAN_POINT('Ctrl Pts',(9.8744228253477,9.69658989528145,-1.88089797925417));
#8124=CARTESIAN_POINT('Ctrl Pts',(10.2083082787642,9.84470907854154,-1.53744094793259));
#8125=CARTESIAN_POINT('Ctrl Pts',(9.04478535611409,9.50449565964486,-2.37350328019443));
#8126=CARTESIAN_POINT('Ctrl Pts',(9.35682878394195,9.64311730130249,-2.05716941138511));
#8127=CARTESIAN_POINT('Ctrl Pts',(9.67926618469516,9.78638864656886,-1.72841781841511));
#8128=CARTESIAN_POINT('Ctrl Pts',(10.0134154901421,9.93489340342568,-1.38592483171608));
#8129=CARTESIAN_POINT('Ctrl Pts',(8.84913663328095,9.59347924359128,-2.21895283980679));
#8130=CARTESIAN_POINT('Ctrl Pts',(9.16141853552388,9.73251610437256,-1.90367999398032));
#8131=CARTESIAN_POINT('Ctrl Pts',(9.48410954404263,9.87618739785627,-1.57593765757605));
#8132=CARTESIAN_POINT('Ctrl Pts',(9.81852270152004,10.0250777283098,-1.23440871549957));
#8133=CARTESIAN_POINT('',(9.4360828017808,9.32652849176122,-2.6826041609741));
#8134=CARTESIAN_POINT('Ctrl Pts',(10.4032010673863,9.75452475365739,-1.6889570641491));
#8135=CARTESIAN_POINT('Ctrl Pts',(10.0695794660002,9.60679114399405,-2.03337814009323));
#8136=CARTESIAN_POINT('Ctrl Pts',(9.74764928077808,9.46431969516235,-2.36414824619471));
#8137=CARTESIAN_POINT('Ctrl Pts',(9.43608280178039,9.32652849175204,-2.68260416096972));
#8138=CARTESIAN_POINT('',(8.867907331521,9.60183649689102,-2.2));
#8139=CARTESIAN_POINT('Ctrl Pts',(9.43608280178022,9.32652849175211,-2.68260416096959));
#8140=CARTESIAN_POINT('Ctrl Pts',(9.34134935345649,9.37237924515079,-2.60218584871453));
#8141=CARTESIAN_POINT('Ctrl Pts',(9.24663042920667,9.4182487201234,-2.52175634095276));
#8142=CARTESIAN_POINT('Ctrl Pts',(9.05723958678782,9.51001729038574,-2.36088938496047));
#8143=CARTESIAN_POINT('Ctrl Pts',(8.96256394697653,9.55591818364157,-2.28044878050696));
#8144=CARTESIAN_POINT('Ctrl Pts',(8.867907331521,9.60183649689102,-2.2));
#8145=CARTESIAN_POINT('Ctrl Pts',(8.86790731456276,9.60183648934072,-2.20000002040309));
#8146=CARTESIAN_POINT('Ctrl Pts',(9.17434550551923,9.73827156222861,-1.89054991419681));
#8147=CARTESIAN_POINT('Ctrl Pts',(9.49080538800139,9.87916857965905,-1.56909933661764));
#8148=CARTESIAN_POINT('Ctrl Pts',(9.81852270152004,10.0250777283098,-1.23440871549957));
#8149=CARTESIAN_POINT('Origin',(6.86783555945953,8.4376881016668,-2.45));
#8150=CARTESIAN_POINT('',(9.43216235443646,9.30574087966949,-2.7));
#8151=CARTESIAN_POINT('',(8.6477525144671,8.95649911787681,-2.7));
#8152=CARTESIAN_POINT('',(6.96951972022848,8.20930173725619,-2.7));
#8153=CARTESIAN_POINT('',(8.74808048953914,9.54848614957076,-2.2));
#8154=CARTESIAN_POINT('Ctrl Pts',(8.6477525144671,8.95649911787681,-2.7));
#8155=CARTESIAN_POINT('Ctrl Pts',(8.68255628634446,9.15392908171557,-2.53379472267231));
#8156=CARTESIAN_POINT('Ctrl Pts',(8.71597884311884,9.35132176009698,-2.36706171651046));
#8157=CARTESIAN_POINT('Ctrl Pts',(8.74808048953914,9.54848614957075,-2.2));
#8158=CARTESIAN_POINT('',(6.76615139869059,8.66607446607741,-2.2));
#8159=CARTESIAN_POINT('Ctrl Pts',(9.4360828017808,9.32652849176122,-2.6826041609741));
#8160=CARTESIAN_POINT('Ctrl Pts',(9.43412429409333,9.31613083157422,-2.6913062993658));
#8161=CARTESIAN_POINT('Ctrl Pts',(9.43216235443646,9.30574087966948,-2.7));
#8162=CARTESIAN_POINT('Origin',(2.22044604925031E-15,-5.55111512312578E-16,
-2.45));
#8163=CARTESIAN_POINT('',(6.75157056418138,10.4603439196271,-2.7));
#8164=CARTESIAN_POINT('Origin',(2.22044604925031E-15,-5.55111512312578E-16,
-2.7));
#8165=CARTESIAN_POINT('',(6.91335566576642,10.9502517522939,-2.2));
#8166=CARTESIAN_POINT('Ctrl Pts',(6.75157056418138,10.4603439196271,-2.7));
#8167=CARTESIAN_POINT('Ctrl Pts',(6.80592194505916,10.6235400053674,-2.53341009104916));
#8168=CARTESIAN_POINT('Ctrl Pts',(6.85985557971344,10.7868864563264,-2.36669932366524));
#8169=CARTESIAN_POINT('Ctrl Pts',(6.91335566576642,10.9502517522939,-2.2));
#8170=CARTESIAN_POINT('Origin',(2.22044604925031E-15,-5.55111512312578E-16,
-2.2));
#8171=CARTESIAN_POINT('Origin',(4.91561174898975,10.8393371409533,-2.45));
#8172=CARTESIAN_POINT('',(3.74686372860186,10.670453489464,-2.7));
#8173=CARTESIAN_POINT('',(4.89817263055372,10.5899461283884,-2.7));
#8174=CARTESIAN_POINT('',(3.55966990016984,11.1847643061424,-2.2));
#8175=CARTESIAN_POINT('',(3.74686372860186,10.670453489464,-2.7));
#8176=CARTESIAN_POINT('',(4.93305086742578,11.0887281535183,-2.2));
#8177=CARTESIAN_POINT('Origin',(3.72029953369481,10.9923416423847,-2.45));
#8178=CARTESIAN_POINT('',(3.33458399705551,10.2723195806294,-2.7));
#8179=CARTESIAN_POINT('',(3.89396412630954,10.8125066923,-2.7));
#8180=CARTESIAN_POINT('',(3.20000000000047,10.8374351209129,-2.2));
#8181=CARTESIAN_POINT('Ctrl Pts',(3.33458399705551,10.2723195806294,-2.7));
#8182=CARTESIAN_POINT('Ctrl Pts',(3.2909325644236,10.4612772252618,-2.53375241257732));
#8183=CARTESIAN_POINT('Ctrl Pts',(3.24602144845782,10.6497126924317,-2.36700539861434));
#8184=CARTESIAN_POINT('Ctrl Pts',(3.20000000000047,10.8374351209129,-2.2));
#8185=CARTESIAN_POINT('',(3.54663494108008,11.1721765924693,-2.2));
#8186=CARTESIAN_POINT('Origin',(0.,0.,-2.45));
#8187=CARTESIAN_POINT('Origin',(0.,0.,-2.7));
#8188=CARTESIAN_POINT('',(2.46975358028103,11.0267999552313,-2.2));
#8189=CARTESIAN_POINT('Ctrl Pts',(2.26460054539869,10.5654267186348,-2.69460054534275));
#8190=CARTESIAN_POINT('Ctrl Pts',(2.29953180015531,10.6417985106863,-2.61260395515909));
#8191=CARTESIAN_POINT('Ctrl Pts',(2.33402898960821,10.7183094242806,-2.53051649991749));
#8192=CARTESIAN_POINT('Ctrl Pts',(2.3680939935522,10.7949240658453,-2.44838177735721));
#8193=CARTESIAN_POINT('Ctrl Pts',(2.40240410193029,10.872089964894,-2.36565607923951));
#8194=CARTESIAN_POINT('Ctrl Pts',(2.43628965402462,10.9493922691555,-2.28284899422254));
#8195=CARTESIAN_POINT('Ctrl Pts',(2.46975327211577,11.0267986164276,-2.19999979794339));
#8196=CARTESIAN_POINT('Origin',(0.,0.,-2.2));
#8197=CARTESIAN_POINT('Origin',(-2.5918098898025,-6.53387881441948,-1.35));
#8198=CARTESIAN_POINT('',(-11.633317545864,-10.8330764509615,-1.1));
#8199=CARTESIAN_POINT('',(-2.49012572903354,-6.76226517883013,-1.1));
#8200=CARTESIAN_POINT('',(-11.633317545864,-10.8330764509615,-1.1));
#8201=CARTESIAN_POINT('Origin',(-12.0400541889398,-9.91953099331891,-1.35));
#8202=CARTESIAN_POINT('Origin',(-12.0400541889398,-9.91953099331891,-1.1));
#8203=CARTESIAN_POINT('',(-12.8118525343846,-10.5553983646855,-1.1));
#8204=CARTESIAN_POINT('Origin',(0.,0.,-1.35));
#8205=CARTESIAN_POINT('',(-12.8118525343835,10.5553983646869,-1.1));
#8206=CARTESIAN_POINT('Origin',(-12.0400541889387,9.9195309933202,-1.35));
#8207=CARTESIAN_POINT('',(-11.6333175458628,10.8330764509627,-1.1));
#8208=CARTESIAN_POINT('Origin',(-12.0400541889387,9.9195309933202,-1.1));
#8209=CARTESIAN_POINT('',(-11.6333175458628,10.8330764509627,-1.1));
#8210=CARTESIAN_POINT('Origin',(-5.2070496341986,7.69825856758454,-1.35));
#8211=CARTESIAN_POINT('',(-7.35568724230156,8.92855273467156,-1.1));
#8212=CARTESIAN_POINT('',(-7.35568724230156,8.92855273467156,-1.1));
#8213=CARTESIAN_POINT('',(-5.10536547342962,7.92664493199518,-1.1));
#8214=CARTESIAN_POINT('Origin',(-7.15231892076361,9.38532546349283,-1.35));
#8215=CARTESIAN_POINT('',(-6.8492545597143,8.98764218114144,-1.1));
#8216=CARTESIAN_POINT('Origin',(-7.15231892076361,9.38532546349283,-1.1));
#8217=CARTESIAN_POINT('',(-6.8492545597143,8.98764218114144,-1.1));
#8218=CARTESIAN_POINT('Origin',(0.,0.,-1.35));
#8219=CARTESIAN_POINT('',(1.37511071288575,11.2160184792691,-1.1));
#8220=CARTESIAN_POINT('Origin',(0.,0.,-1.1));
#8221=CARTESIAN_POINT('Ctrl Pts',(1.37511071288575,11.2160184792691,-1.1));
#8222=CARTESIAN_POINT('Ctrl Pts',(1.3415528973695,11.1359191040693,-1.18358776849884));
#8223=CARTESIAN_POINT('Ctrl Pts',(1.30751072066313,11.0558887045883,-1.26709234703952));
#8224=CARTESIAN_POINT('Ctrl Pts',(1.2729809048675,10.9759702302677,-1.35045651291618));
#8225=CARTESIAN_POINT('Ctrl Pts',(1.23867949462672,10.8965803954156,-1.43326924699042));
#8226=CARTESIAN_POINT('Ctrl Pts',(1.20387487303943,10.8172501167858,-1.51599654869535));
#8227=CARTESIAN_POINT('Ctrl Pts',(1.16856759307492,10.7380334926553,-1.59856759307446));
#8228=CARTESIAN_POINT('Ctrl Pts',(-9.43608280178036,-9.32652849175178,-2.68260416096992));
#8229=CARTESIAN_POINT('Ctrl Pts',(-9.74764928077782,-9.46431969516216,-2.36414824619503));
#8230=CARTESIAN_POINT('Ctrl Pts',(-10.069579466,-9.60679114399394,-2.03337814009349));
#8231=CARTESIAN_POINT('Ctrl Pts',(-10.4032010673863,-9.75452475365739,-1.68895706414911));
#8232=CARTESIAN_POINT('Ctrl Pts',(-9.24043407894717,-9.41551207569816,-2.52805372058233));
#8233=CARTESIAN_POINT('Ctrl Pts',(-9.55223903235975,-9.55371849823215,-2.21065882879027));
#8234=CARTESIAN_POINT('Ctrl Pts',(-9.87442282534748,-9.69658989528125,-1.88089797925444));
#8235=CARTESIAN_POINT('Ctrl Pts',(-10.2083082787643,-9.84470907854144,-1.5374409479326));
#8236=CARTESIAN_POINT('Ctrl Pts',(-9.04478535611399,-9.50449565964453,-2.37350328019474));
#8237=CARTESIAN_POINT('Ctrl Pts',(-9.35682878394169,-9.64311730130215,-2.0571694113855));
#8238=CARTESIAN_POINT('Ctrl Pts',(-9.67926618469497,-9.78638864656856,-1.72841781841539));
#8239=CARTESIAN_POINT('Ctrl Pts',(-10.0134154901422,-9.9348934034255,-1.38592483171608));
#8240=CARTESIAN_POINT('Ctrl Pts',(-8.8491366332808,-9.59347924359091,-2.21895283980715));
#8241=CARTESIAN_POINT('Ctrl Pts',(-9.16141853552362,-9.73251610437214,-1.90367999398073));
#8242=CARTESIAN_POINT('Ctrl Pts',(-9.48410954404245,-9.87618739785587,-1.57593765757635));
#8243=CARTESIAN_POINT('Ctrl Pts',(-9.81852270152016,-10.0250777283096,-1.23440871549957));
#8244=CARTESIAN_POINT('',(-8.8679073315212,-9.6018364968908,-2.2));
#8245=CARTESIAN_POINT('Ctrl Pts',(-9.4360828017802,-9.32652849175185,-2.68260416096979));
#8246=CARTESIAN_POINT('Ctrl Pts',(-9.34134935345609,-9.37237924515074,-2.60218584871435));
#8247=CARTESIAN_POINT('Ctrl Pts',(-9.24663042920645,-9.4182487201233,-2.52175634095266));
#8248=CARTESIAN_POINT('Ctrl Pts',(-9.05723958679268,-9.51001729038322,-2.36088938496456));
#8249=CARTESIAN_POINT('Ctrl Pts',(-8.9625639469789,-9.55591818364028,-2.28044878050887));
#8250=CARTESIAN_POINT('Ctrl Pts',(-8.8679073315212,-9.6018364968908,-2.2));
#8251=CARTESIAN_POINT('Ctrl Pts',(-8.86790731456296,-9.60183648934051,-2.20000002040309));
#8252=CARTESIAN_POINT('Ctrl Pts',(-9.17434550551922,-9.7382715622283,-1.89054991419698));
#8253=CARTESIAN_POINT('Ctrl Pts',(-9.49080538800134,-9.87916857965872,-1.56909933661781));
#8254=CARTESIAN_POINT('Ctrl Pts',(-9.81852270152016,-10.0250777283096,-1.23440871549957));
#8255=CARTESIAN_POINT('Ctrl Pts',(1.00155302036666,10.7545158046689,-1.4315530203662));
#8256=CARTESIAN_POINT('Ctrl Pts',(1.42585377048694,10.7158971467847,-1.85585377048648));
#8257=CARTESIAN_POINT('Ctrl Pts',(1.84784061303476,10.6527122436786,-2.2778406130343));
#8258=CARTESIAN_POINT('Ctrl Pts',(2.26460054537176,10.5654267186008,-2.6946005453713));
#8259=CARTESIAN_POINT('Ctrl Pts',(1.12607225120636,10.9083500295356,-1.3210353469108));
#8260=CARTESIAN_POINT('Ctrl Pts',(1.55290580546079,10.8649536338979,-1.74834979399939));
#8261=CARTESIAN_POINT('Ctrl Pts',(1.97704289306239,10.7968709586066,-2.17322710973725));
#8262=CARTESIAN_POINT('Ctrl Pts',(2.39559283210548,10.7046328861712,-2.59276337285964));
#8263=CARTESIAN_POINT('Ctrl Pts',(1.25059148204606,11.0621842544024,-1.2105176734554));
#8264=CARTESIAN_POINT('Ctrl Pts',(1.67995784043464,11.0140101210112,-1.6408458175123));
#8265=CARTESIAN_POINT('Ctrl Pts',(2.10624517309001,10.9410296735346,-2.06861360644019));
#8266=CARTESIAN_POINT('Ctrl Pts',(2.5265851188392,10.8438390537417,-2.49092620034799));
#8267=CARTESIAN_POINT('Ctrl Pts',(1.37511071288575,11.2160184792691,-1.1));
#8268=CARTESIAN_POINT('Ctrl Pts',(1.8070098754085,11.1630666081244,-1.53334184102521));
#8269=CARTESIAN_POINT('Ctrl Pts',(2.23544745311763,11.0851883884626,-1.96400010314313));
#8270=CARTESIAN_POINT('Ctrl Pts',(2.65757740557291,10.9830452213122,-2.38908902783634));
#8271=CARTESIAN_POINT('Ctrl Pts',(1.37511071288575,11.2160184792691,-1.1));
#8272=CARTESIAN_POINT('Ctrl Pts',(1.74309115222209,11.1709031965867,-1.46920960927974));
#8273=CARTESIAN_POINT('Ctrl Pts',(2.10855878116216,11.1076935464203,-1.83647117298484));
#8274=CARTESIAN_POINT('Ctrl Pts',(2.46975337471851,11.0267985934482,-2.19999990120917));
#8275=CARTESIAN_POINT('Origin',(-6.8678355594596,-8.43768810166675,-2.45));
#8276=CARTESIAN_POINT('',(-8.74808048953936,-9.54848614957056,-2.2));
#8277=CARTESIAN_POINT('',(-6.76615139869072,-8.66607446607723,-2.2));
#8278=CARTESIAN_POINT('Ctrl Pts',(-8.64775251446709,-8.95649911787682,-2.7));
#8279=CARTESIAN_POINT('Ctrl Pts',(-8.68255628634446,-9.15392908171517,-2.5337947226726));
#8280=CARTESIAN_POINT('Ctrl Pts',(-8.71597884311886,-9.35132176009614,-2.36706171651107));
#8281=CARTESIAN_POINT('Ctrl Pts',(-8.74808048953936,-9.54848614957056,-2.2));
#8282=CARTESIAN_POINT('Origin',(-2.22044604925031E-15,5.55111512312578E-16,
-2.45));
#8283=CARTESIAN_POINT('',(-6.91335566576642,-10.9502517522939,-2.2));
#8284=CARTESIAN_POINT('Origin',(-2.22044604925031E-15,5.55111512312578E-16,
-2.2));
#8285=CARTESIAN_POINT('Ctrl Pts',(-6.75157056418137,-10.4603439196271,-2.7));
#8286=CARTESIAN_POINT('Ctrl Pts',(-6.80592194505918,-10.6235400053675,-2.53341009104911));
#8287=CARTESIAN_POINT('Ctrl Pts',(-6.85985557971348,-10.7868864563265,-2.36669932366514));
#8288=CARTESIAN_POINT('Ctrl Pts',(-6.91335566576642,-10.9502517522939,-2.2));
#8289=CARTESIAN_POINT('Origin',(-4.91561174898975,-10.8393371409533,-2.45));
#8290=CARTESIAN_POINT('',(-3.55966990016984,-11.1847643061424,-2.2));
#8291=CARTESIAN_POINT('',(-4.93305086742578,-11.0887281535183,-2.2));
#8292=CARTESIAN_POINT('',(-3.74686372860186,-10.670453489464,-2.7));
#8293=CARTESIAN_POINT('Origin',(-3.72029953369481,-10.9923416423847,-2.45));
#8294=CARTESIAN_POINT('',(-3.20000000000047,-10.8374351209129,-2.2));
#8295=CARTESIAN_POINT('',(-3.54663494108008,-11.1721765924693,-2.2));
#8296=CARTESIAN_POINT('Ctrl Pts',(-3.33458399705551,-10.2723195806294,-2.7));
#8297=CARTESIAN_POINT('Ctrl Pts',(-3.2909325644236,-10.4612772252618,-2.53375241257731));
#8298=CARTESIAN_POINT('Ctrl Pts',(-3.24602144845782,-10.6497126924317,-2.36700539861433));
#8299=CARTESIAN_POINT('Ctrl Pts',(-3.20000000000047,-10.8374351209129,-2.2));
#8300=CARTESIAN_POINT('Origin',(0.,0.,-2.45));
#8301=CARTESIAN_POINT('',(-2.46975358028103,-11.0267999552313,-2.2));
#8302=CARTESIAN_POINT('Origin',(0.,0.,-2.2));
#8303=CARTESIAN_POINT('',(-2.26460054537175,-10.5654267186008,-2.69460054537129));
#8304=CARTESIAN_POINT('Ctrl Pts',(-2.27000000000046,-10.558745190599,-2.7));
#8305=CARTESIAN_POINT('Ctrl Pts',(-2.26730112662144,-10.5620859546285,-2.69730112662098));
#8306=CARTESIAN_POINT('Ctrl Pts',(-2.26460054537175,-10.5654267186008,-2.69460054537129));
#8307=CARTESIAN_POINT('Ctrl Pts',(-2.26460054539868,-10.5654267186348,-2.69460054534274));
#8308=CARTESIAN_POINT('Ctrl Pts',(-2.29953180015496,-10.6417985106855,-2.61260395515988));
#8309=CARTESIAN_POINT('Ctrl Pts',(-2.33402898960752,-10.718309424279,-2.53051649991916));
#8310=CARTESIAN_POINT('Ctrl Pts',(-2.3680939935522,-10.7949240658453,-2.44838177735721));
#8311=CARTESIAN_POINT('Ctrl Pts',(-2.40240410193036,-10.8720899648942,-2.36565607923935));
#8312=CARTESIAN_POINT('Ctrl Pts',(-2.43628965402475,-10.9493922691558,-2.28284899422219));
#8313=CARTESIAN_POINT('Ctrl Pts',(-2.46975327211577,-11.0267986164276,-2.19999979794339));
#8314=CARTESIAN_POINT('Ctrl Pts',(-1.00155302036667,-10.7545158046689,-1.4315530203662));
#8315=CARTESIAN_POINT('Ctrl Pts',(-1.42585377048693,-10.7158971467847,-1.85585377048647));
#8316=CARTESIAN_POINT('Ctrl Pts',(-1.84784061303476,-10.6527122436786,-2.2778406130343));
#8317=CARTESIAN_POINT('Ctrl Pts',(-2.26460054537175,-10.5654267186008,-2.69460054537129));
#8318=CARTESIAN_POINT('Ctrl Pts',(-1.12607225120636,-10.9083500295356,-1.3210353469108));
#8319=CARTESIAN_POINT('Ctrl Pts',(-1.55290580546079,-10.8649536338979,-1.74834979399938));
#8320=CARTESIAN_POINT('Ctrl Pts',(-1.97704289306238,-10.7968709586066,-2.17322710973724));
#8321=CARTESIAN_POINT('Ctrl Pts',(-2.39559283210547,-10.7046328861712,-2.59276337285963));
#8322=CARTESIAN_POINT('Ctrl Pts',(-1.25059148204606,-11.0621842544024,-1.2105176734554));
#8323=CARTESIAN_POINT('Ctrl Pts',(-1.67995784043464,-11.0140101210112,-1.6408458175123));
#8324=CARTESIAN_POINT('Ctrl Pts',(-2.10624517309,-10.9410296735346,-2.06861360644018));
#8325=CARTESIAN_POINT('Ctrl Pts',(-2.52658511883919,-10.8438390537417,-2.49092620034798));
#8326=CARTESIAN_POINT('Ctrl Pts',(-1.37511071288576,-11.2160184792691,-1.1));
#8327=CARTESIAN_POINT('Ctrl Pts',(-1.8070098754085,-11.1630666081244,-1.53334184102521));
#8328=CARTESIAN_POINT('Ctrl Pts',(-2.23544745311763,-11.0851883884626,-1.96400010314312));
#8329=CARTESIAN_POINT('Ctrl Pts',(-2.65757740557291,-10.9830452213122,-2.38908902783633));
#8330=CARTESIAN_POINT('',(-1.37511071288577,-11.2160184792691,-1.10000000000001));
#8331=CARTESIAN_POINT('Ctrl Pts',(-1.37511071288576,-11.2160184792691,-1.1));
#8332=CARTESIAN_POINT('Ctrl Pts',(-1.74309115222208,-11.1709031965867,-1.46920960927974));
#8333=CARTESIAN_POINT('Ctrl Pts',(-2.10855878116215,-11.1076935464203,-1.83647117298484));
#8334=CARTESIAN_POINT('Ctrl Pts',(-2.4697533747185,-11.0267985934482,-2.19999990120916));
#8335=CARTESIAN_POINT('',(-1.17000000079234,-10.7378822445933,-1.60000000079188));
#8336=CARTESIAN_POINT('Ctrl Pts',(-2.26460054537175,-10.5654267186008,-2.69460054537129));
#8337=CARTESIAN_POINT('Ctrl Pts',(-1.90303376353167,-10.6411526796514,-2.33303376353121));
#8338=CARTESIAN_POINT('Ctrl Pts',(-1.53753283843976,-10.6987388036912,-1.9675328384393));
#8339=CARTESIAN_POINT('Ctrl Pts',(-1.16999993678848,-10.7378810425789,-1.59999993678802));
#8340=CARTESIAN_POINT('',(-1.16856775939053,-10.7380346585907,-1.59856775241085));
#8341=CARTESIAN_POINT('Ctrl Pts',(-1.16856814065276,-10.7380340235915,-1.59856730360488));
#8342=CARTESIAN_POINT('Ctrl Pts',(-1.16904555857516,-10.7379832415554,-1.59904472152949));
#8343=CARTESIAN_POINT('Ctrl Pts',(-1.16952297307317,-10.7379324283983,-1.5995221360297));
#8344=CARTESIAN_POINT('Ctrl Pts',(-1.17000038414263,-10.7378815841208,-1.59999954710137));
#8345=CARTESIAN_POINT('Ctrl Pts',(-1.37511071288577,-11.2160184792691,-1.10000000000001));
#8346=CARTESIAN_POINT('Ctrl Pts',(-1.34155289736882,-11.1359191040676,-1.18358776850058));
#8347=CARTESIAN_POINT('Ctrl Pts',(-1.30751072066279,-11.0558887045875,-1.26709234704033));
#8348=CARTESIAN_POINT('Ctrl Pts',(-1.27298090486751,-10.9759702302677,-1.35045651291618));
#8349=CARTESIAN_POINT('Ctrl Pts',(-1.23867949462685,-10.8965803954158,-1.43326924699014));
#8350=CARTESIAN_POINT('Ctrl Pts',(-1.20387487303949,-10.8172501167859,-1.51599654869523));
#8351=CARTESIAN_POINT('Ctrl Pts',(-1.16856759307492,-10.7380334926554,-1.59856759307446));
#8352=CARTESIAN_POINT('Origin',(12.0400541889396,9.9195309933192,-1.35));
#8353=CARTESIAN_POINT('Origin',(12.0400541889396,9.9195309933192,-1.1));
#8354=CARTESIAN_POINT('',(12.425953361662,10.2374646790025,-1.6));
#8355=CARTESIAN_POINT('',(12.8118525343844,10.5553983646858,-1.1));
#8356=CARTESIAN_POINT('Origin',(12.0400541889396,9.9195309933192,-1.6));
#8357=CARTESIAN_POINT('Origin',(0.,0.,-1.35));
#8358=CARTESIAN_POINT('',(12.4259533616614,-10.2374646790032,-1.6));
#8359=CARTESIAN_POINT('',(12.8118525343838,-10.5553983646865,-1.1));
#8360=CARTESIAN_POINT('Origin',(0.,0.,-1.6));
#8361=CARTESIAN_POINT('Origin',(12.040054188939,-9.91953099331992,-1.35));
#8362=CARTESIAN_POINT('',(11.6333175458631,-10.8330764509625,-1.1));
#8363=CARTESIAN_POINT('Origin',(12.040054188939,-9.91953099331992,-1.1));
#8364=CARTESIAN_POINT('',(11.836685867401,-10.3763037221412,-1.6));
#8365=CARTESIAN_POINT('',(11.6333175458631,-10.8330764509625,-1.1));
#8366=CARTESIAN_POINT('Origin',(12.040054188939,-9.91953099331992,-1.6));
#8367=CARTESIAN_POINT('Origin',(5.2070496341994,-7.69825856758472,-1.35));
#8368=CARTESIAN_POINT('',(7.35568724230176,-8.92855273467139,-1.1));
#8369=CARTESIAN_POINT('',(7.55905556383971,-8.47178000585011,-1.6));
#8370=CARTESIAN_POINT('',(7.35568724230176,-8.92855273467139,-1.1));
#8371=CARTESIAN_POINT('',(5.30873379496837,-7.46987220317408,-1.6));
#8372=CARTESIAN_POINT('',(5.10536547343042,-7.92664493199536,-1.1));
#8373=CARTESIAN_POINT('Origin',(7.15231892076382,-9.38532546349267,-1.35));
#8374=CARTESIAN_POINT('',(6.8492545597145,-8.98764218114129,-1.1));
#8375=CARTESIAN_POINT('Origin',(7.15231892076382,-9.38532546349267,-1.1));
#8376=CARTESIAN_POINT('',(6.54619019866519,-8.5899588987899,-1.6));
#8377=CARTESIAN_POINT('',(6.8492545597145,-8.98764218114129,-1.1));
#8378=CARTESIAN_POINT('Origin',(7.15231892076382,-9.38532546349267,-1.6));
#8379=CARTESIAN_POINT('Origin',(0.,0.,-1.35));
#8380=CARTESIAN_POINT('',(-1.17000000000046,-10.7364379567899,-1.6));
#8381=CARTESIAN_POINT('Origin',(0.,0.,-1.6));
#8382=CARTESIAN_POINT('Origin',(0.,0.,-1.1));
#8383=CARTESIAN_POINT('Ctrl Pts',(-1.16856774941023,-10.7380346469514,-1.59856774940977));
#8384=CARTESIAN_POINT('Ctrl Pts',(-1.16928392795033,-10.7372363018718,-1.59928392794987));
#8385=CARTESIAN_POINT('Ctrl Pts',(-1.16999999999839,-10.7364379567922,-1.59999999999793));
#8386=CARTESIAN_POINT('Origin',(7.08096945111625,8.80624049367029,1.));
#8387=CARTESIAN_POINT('',(8.74808048953914,9.54848614957076,-0.75));
#8388=CARTESIAN_POINT('',(8.74808048953914,9.54848614957076,-1.6));
#8389=CARTESIAN_POINT('',(7.35568724230231,8.92855273467094,-0.75));
#8390=CARTESIAN_POINT('',(6.76615139869059,8.66607446607741,-0.75));
#8391=CARTESIAN_POINT('',(7.35568724230231,8.92855273467094,1.));
#8392=CARTESIAN_POINT('',(11.6333175458637,10.8330764509618,1.));
#8393=CARTESIAN_POINT('',(2.49012572903354,6.76226517883022,1.));
#8394=CARTESIAN_POINT('',(11.6333175458637,10.8330764509618,1.));
#8395=CARTESIAN_POINT('Origin',(2.22044604925031E-15,-5.55111512312578E-16,
-1.6));
#8396=CARTESIAN_POINT('',(6.91335566576642,10.9502517522939,-1.));
#8397=CARTESIAN_POINT('',(6.91335566576642,10.9502517522939,-1.6));
#8398=CARTESIAN_POINT('',(8.54418251517402,9.73136399213361,-1.));
#8399=CARTESIAN_POINT('Origin',(2.22044604925031E-15,-5.55111512312578E-16,
-1.));
#8400=CARTESIAN_POINT('Ctrl Pts',(8.74808048953914,9.54848614957076,-0.75));
#8401=CARTESIAN_POINT('Ctrl Pts',(8.74808048953914,9.54848614957076,-0.782016108205723));
#8402=CARTESIAN_POINT('Ctrl Pts',(8.7428287877488,9.55330535648322,-0.815886308633164));
#8403=CARTESIAN_POINT('Ctrl Pts',(8.72202379572594,9.57230376420874,-0.877459146028776));
#8404=CARTESIAN_POINT('Ctrl Pts',(8.70647768753438,9.58646464825804,-0.905169859587094));
#8405=CARTESIAN_POINT('Ctrl Pts',(8.67044975764159,9.61906565820718,-0.949606243402259));
#8406=CARTESIAN_POINT('Ctrl Pts',(8.64723631404792,9.63996607248888,-0.968813895378502));
#8407=CARTESIAN_POINT('Ctrl Pts',(8.59681274529548,9.68496011207798,-0.994002856703215));
#8408=CARTESIAN_POINT('Ctrl Pts',(8.56960269586078,9.70904495612469,-1.));
#8409=CARTESIAN_POINT('Ctrl Pts',(8.54418251517402,9.73136399213361,-1.));
#8410=CARTESIAN_POINT('Origin',(3.55966990016984,11.1847643061424,-1.6));
#8411=CARTESIAN_POINT('',(3.55966990016984,11.1847643061424,-1.));
#8412=CARTESIAN_POINT('',(3.55966990016984,11.1847643061424,-1.6));
#8413=CARTESIAN_POINT('',(3.55966990016984,11.1847643061424,-1.));
#8414=CARTESIAN_POINT('Origin',(3.20000000000047,10.8374351209129,-1.6));
#8415=CARTESIAN_POINT('',(3.20000000000047,10.8374351209129,-0.75));
#8416=CARTESIAN_POINT('',(3.20000000000047,10.8374351209129,1.));
#8417=CARTESIAN_POINT('',(3.4060095015216,11.0363761840354,-1.));
#8418=CARTESIAN_POINT('Ctrl Pts',(3.4060095015216,11.0363761840354,-1.));
#8419=CARTESIAN_POINT('Ctrl Pts',(3.37955293483141,11.0108273745628,-1.));
#8420=CARTESIAN_POINT('Ctrl Pts',(3.34830920284303,10.9806556532985,-0.992165950475348));
#8421=CARTESIAN_POINT('Ctrl Pts',(3.30041898434507,10.934408606872,-0.966718819798424));
#8422=CARTESIAN_POINT('Ctrl Pts',(3.27491797759053,10.9097825709029,-0.945350381758015));
#8423=CARTESIAN_POINT('Ctrl Pts',(3.23984955020867,10.8759173842301,-0.900532244839592));
#8424=CARTESIAN_POINT('Ctrl Pts',(3.22353172216555,10.8601594408596,-0.869954551151659));
#8425=CARTESIAN_POINT('Ctrl Pts',(3.20548523543227,10.8427321511966,-0.814091419724344));
#8426=CARTESIAN_POINT('Ctrl Pts',(3.20000000000047,10.8374351209129,-0.779510072550103));
#8427=CARTESIAN_POINT('Ctrl Pts',(3.20000000000047,10.8374351209129,-0.75));
#8428=CARTESIAN_POINT('',(3.20000000000047,10.8374351209129,-1.));
#8429=CARTESIAN_POINT('Origin',(0.,0.,1.));
#8430=CARTESIAN_POINT('',(-6.8492545597143,8.98764218114144,1.));
#8431=CARTESIAN_POINT('',(-6.8492545597143,8.98764218114144,1.));
#8432=CARTESIAN_POINT('Origin',(0.,0.,1.));
#8433=CARTESIAN_POINT('',(6.84925455971505,8.98764218114087,-0.75));
#8434=CARTESIAN_POINT('',(6.84925455971505,8.98764218114087,1.));
#8435=CARTESIAN_POINT('Origin',(0.,0.,-0.75));
#8436=CARTESIAN_POINT('Origin',(-7.15231892076361,9.38532546349283,1.));
#8437=CARTESIAN_POINT('',(-7.35568724230156,8.92855273467156,1.));
#8438=CARTESIAN_POINT('',(-7.35568724230156,8.92855273467156,1.));
#8439=CARTESIAN_POINT('Origin',(-7.15231892076361,9.38532546349283,1.));
#8440=CARTESIAN_POINT('Origin',(-12.3114489399091,11.1350000000005,1.));
#8441=CARTESIAN_POINT('',(-11.6333175458628,10.8330764509627,1.));
#8442=CARTESIAN_POINT('',(-11.6333175458628,10.8330764509627,1.));
#8443=CARTESIAN_POINT('',(-5.10536547342976,7.92664493199524,1.));
#8444=CARTESIAN_POINT('Origin',(-12.0400541889387,9.9195309933202,1.));
#8445=CARTESIAN_POINT('Origin',(-12.0400541889387,9.9195309933202,1.));
#8446=CARTESIAN_POINT('Origin',(-12.0400541889398,-9.91953099331891,1.));
#8447=CARTESIAN_POINT('',(-11.633317545864,-10.8330764509615,1.));
#8448=CARTESIAN_POINT('',(-11.633317545864,-10.8330764509615,1.));
#8449=CARTESIAN_POINT('Origin',(-12.0400541889398,-9.91953099331891,1.));
#8450=CARTESIAN_POINT('Origin',(2.22044604925031E-15,-5.55111512312578E-16,
-2.15));
#8451=CARTESIAN_POINT('Origin',(2.22044604925031E-15,-5.55111512312578E-16,
-2.7));
#8452=CARTESIAN_POINT('Origin',(2.22044604925031E-15,-5.55111512312578E-16,
-1.6));
#8453=CARTESIAN_POINT('Origin',(3.46389583683049E-13,0.,-1.6));
#8454=CARTESIAN_POINT('',(-1.17000000000046,-4.86495375106483,-1.6));
#8455=CARTESIAN_POINT('Origin',(-1.72000000000046,-9.43596623965508,-2.15));
#8456=CARTESIAN_POINT('Origin',(0.,0.,1.));
#8457=CARTESIAN_POINT('',(6.35288885763381,7.46195705981696,1.));
#8458=CARTESIAN_POINT('Origin',(7.00114282269849,8.2233812495942,1.));
#8459=CARTESIAN_POINT('',(7.40787946577433,7.30983579195162,1.));
#8460=CARTESIAN_POINT('Origin',(11.8914765103636,9.30606180956757,1.));
#8461=CARTESIAN_POINT('',(11.530020929431,9.14513141647151,1.));
#8462=CARTESIAN_POINT('Origin',(6.17702058974444,9.1420249771805,-2.7));
#8463=CARTESIAN_POINT('Origin',(12.0400541889396,9.9195309933192,1.));
#8464=CARTESIAN_POINT('Origin',(12.0400541889396,9.9195309933192,1.));
#8465=CARTESIAN_POINT('Origin',(12.040054188939,-9.91953099331992,1.));
#8466=CARTESIAN_POINT('',(11.6333175458631,-10.8330764509625,1.));
#8467=CARTESIAN_POINT('Origin',(12.040054188939,-9.91953099331992,1.));
#8468=CARTESIAN_POINT('',(11.6333175458631,-10.8330764509625,1.));
#8469=CARTESIAN_POINT('Origin',(7.00114282269798,-8.22338124959463,1.));
#8470=CARTESIAN_POINT('',(7.40787946577387,-7.30983579195207,1.));
#8471=CARTESIAN_POINT('Origin',(6.81256331341256,-7.04478396409324,1.));
#8472=CARTESIAN_POINT('',(11.5300209294305,-9.1451314164722,1.));
#8473=CARTESIAN_POINT('Ctrl Pts',(7.00078674023972,9.18648382231655,-1.));
#8474=CARTESIAN_POINT('Ctrl Pts',(7.11863939085476,9.09667130104224,-1.));
#8475=CARTESIAN_POINT('Ctrl Pts',(7.25400308153335,9.15693909908159,-1.));
#8476=CARTESIAN_POINT('Ctrl Pts',(6.84925455971505,8.98764218114087,-1.));
#8477=CARTESIAN_POINT('Ctrl Pts',(7.08495986094513,8.80801713859225,-1.));
#8478=CARTESIAN_POINT('Ctrl Pts',(7.35568724230231,8.92855273467094,-1.));
#8479=CARTESIAN_POINT('Ctrl Pts',(6.84925455971505,8.98764218114087,-0.75));
#8480=CARTESIAN_POINT('Ctrl Pts',(7.08495986094513,8.80801713859225,-0.75));
#8481=CARTESIAN_POINT('Ctrl Pts',(7.35568724230231,8.92855273467094,-0.75));
#8482=CARTESIAN_POINT('Origin',(7.15231892076439,9.38532546349224,-0.750000000000002));
#8483=CARTESIAN_POINT('',(7.25400308153335,9.15693909908159,-1.));
#8484=CARTESIAN_POINT('Origin',(7.25400308153335,9.15693909908159,-0.75));
#8485=CARTESIAN_POINT('',(7.00078674023972,9.18648382231655,-1.));
#8486=CARTESIAN_POINT('Origin',(7.15231892076439,9.38532546349224,-1.));
#8487=CARTESIAN_POINT('Origin',(7.00078674023972,9.18648382231655,-0.75));
#8488=CARTESIAN_POINT('Origin',(6.66446723792163,8.89446083048805,-0.75));
#8489=CARTESIAN_POINT('',(6.66446723792163,8.89446083048805,-1.));
#8490=CARTESIAN_POINT('Origin',(0.,0.,-0.75));
#8491=CARTESIAN_POINT('Origin',(0.,0.,-1.));
#8492=CARTESIAN_POINT('Origin',(7.15231892076439,9.38532546349224,1.));
#8493=CARTESIAN_POINT('Origin',(0.,0.,1.));
#8494=CARTESIAN_POINT('Ctrl Pts',(-7.00078674023992,-9.1864838223164,-1.));
#8495=CARTESIAN_POINT('Ctrl Pts',(-7.11863939085496,-9.09667130104209,-1.));
#8496=CARTESIAN_POINT('Ctrl Pts',(-7.25400308153355,-9.15693909908143,-1.));
#8497=CARTESIAN_POINT('Ctrl Pts',(-6.84925455971525,-8.98764218114072,-1.));
#8498=CARTESIAN_POINT('Ctrl Pts',(-7.08495986094533,-8.80801713859209,-1.));
#8499=CARTESIAN_POINT('Ctrl Pts',(-7.35568724230251,-8.92855273467078,-1.));
#8500=CARTESIAN_POINT('Ctrl Pts',(-6.84925455971525,-8.98764218114072,-0.75));
#8501=CARTESIAN_POINT('Ctrl Pts',(-7.08495986094533,-8.80801713859209,-0.75));
#8502=CARTESIAN_POINT('Ctrl Pts',(-7.35568724230251,-8.92855273467078,-0.75));
#8503=CARTESIAN_POINT('',(-7.35568724230251,-8.92855273467078,-0.75));
#8504=CARTESIAN_POINT('',(-6.84925455971525,-8.98764218114072,-0.75));
#8505=CARTESIAN_POINT('Origin',(-7.1523189207646,-9.38532546349208,-0.750000000000001));
#8506=CARTESIAN_POINT('',(-7.25400308153355,-9.15693909908143,-1.));
#8507=CARTESIAN_POINT('Origin',(-7.25400308153355,-9.15693909908143,-0.75));
#8508=CARTESIAN_POINT('',(-7.00078674023992,-9.1864838223164,-1.));
#8509=CARTESIAN_POINT('Origin',(-7.1523189207646,-9.38532546349208,-1.));
#8510=CARTESIAN_POINT('Origin',(-7.00078674023992,-9.1864838223164,-0.75));
#8511=CARTESIAN_POINT('Origin',(-6.66446723792176,-8.89446083048788,-0.75));
#8512=CARTESIAN_POINT('',(-8.74808048953936,-9.54848614957056,-0.75));
#8513=CARTESIAN_POINT('',(-8.54418251517424,-9.73136399213341,-1.));
#8514=CARTESIAN_POINT('Ctrl Pts',(-8.74808048953936,-9.54848614957056,-0.75));
#8515=CARTESIAN_POINT('Ctrl Pts',(-8.74808048953936,-9.54848614957056,-0.781230437225537));
#8516=CARTESIAN_POINT('Ctrl Pts',(-8.74308058833233,-9.55307402220719,-0.814335135410841));
#8517=CARTESIAN_POINT('Ctrl Pts',(-8.72318793168248,-9.57124201750361,-0.874765021507227));
#8518=CARTESIAN_POINT('Ctrl Pts',(-8.70830302197984,-9.58480423199635,-0.902098174296564));
#8519=CARTESIAN_POINT('Ctrl Pts',(-8.67288106834451,-9.61687396645315,-0.947396045657418));
#8520=CARTESIAN_POINT('Ctrl Pts',(-8.64934133825976,-9.63807961277935,-0.967429355087128));
#8521=CARTESIAN_POINT('Ctrl Pts',(-8.5979965752424,-9.68391135340917,-0.9937238295353));
#8522=CARTESIAN_POINT('Ctrl Pts',(-8.57019109646971,-9.70852833767337,-0.999999999999999));
#8523=CARTESIAN_POINT('Ctrl Pts',(-8.54418251517424,-9.73136399213341,-1.));
#8524=CARTESIAN_POINT('',(-6.66446723792176,-8.89446083048788,-1.));
#8525=CARTESIAN_POINT('',(-6.76615139869072,-8.66607446607723,-0.75));
#8526=CARTESIAN_POINT('Origin',(0.,0.,-0.75));
#8527=CARTESIAN_POINT('',(-3.4060095015216,-11.0363761840354,-1.));
#8528=CARTESIAN_POINT('',(-3.20000000000047,-10.8374351209129,-0.75));
#8529=CARTESIAN_POINT('Ctrl Pts',(-3.4060095015216,-11.0363761840354,-1.));
#8530=CARTESIAN_POINT('Ctrl Pts',(-3.37955293483141,-11.0108273745628,-1.));
#8531=CARTESIAN_POINT('Ctrl Pts',(-3.34830920284304,-10.9806556532985,-0.992165950475347));
#8532=CARTESIAN_POINT('Ctrl Pts',(-3.30041898434507,-10.934408606872,-0.966718819798424));
#8533=CARTESIAN_POINT('Ctrl Pts',(-3.27491797759053,-10.9097825709029,-0.945350381758015));
#8534=CARTESIAN_POINT('Ctrl Pts',(-3.23984955020867,-10.8759173842301,-0.900532244839592));
#8535=CARTESIAN_POINT('Ctrl Pts',(-3.22353172216556,-10.8601594408596,-0.869954551151659));
#8536=CARTESIAN_POINT('Ctrl Pts',(-3.20548523543227,-10.8427321511966,-0.814091419724344));
#8537=CARTESIAN_POINT('Ctrl Pts',(-3.20000000000047,-10.8374351209129,-0.779510072550103));
#8538=CARTESIAN_POINT('Ctrl Pts',(-3.20000000000047,-10.8374351209129,-0.75));
#8539=CARTESIAN_POINT('Origin',(0.,0.,-0.75));
#8540=CARTESIAN_POINT('Origin',(0.,0.,-1.));
#8541=CARTESIAN_POINT('Origin',(-7.1523189207646,-9.38532546349208,1.));
#8542=CARTESIAN_POINT('',(-7.35568724230251,-8.92855273467078,1.));
#8543=CARTESIAN_POINT('',(-6.84925455971525,-8.98764218114072,1.));
#8544=CARTESIAN_POINT('Origin',(-7.08096945111644,-8.80624049367014,1.));
#8545=CARTESIAN_POINT('',(-8.74808048953936,-9.54848614957056,-1.6));
#8546=CARTESIAN_POINT('',(-2.49012572903369,-6.76226517883019,1.));
#8547=CARTESIAN_POINT('Origin',(0.,0.,1.));
#8548=CARTESIAN_POINT('',(6.8492545597145,-8.98764218114129,1.));
#8549=CARTESIAN_POINT('Origin',(0.,0.,1.));
#8550=CARTESIAN_POINT('',(7.35568724230176,-8.92855273467139,1.));
#8551=CARTESIAN_POINT('Origin',(7.15231892076382,-9.38532546349267,1.));
#8552=CARTESIAN_POINT('',(5.10536547343028,-7.92664493199529,1.));
#8553=CARTESIAN_POINT('Origin',(0.,0.,1.));
#8554=CARTESIAN_POINT('',(6.8492545597145,-8.98764218114129,1.));
#8555=CARTESIAN_POINT('',(-3.20000000000047,-10.8374351209129,1.));
#8556=CARTESIAN_POINT('Origin',(7.15231892076382,-9.38532546349267,1.));
#8557=CARTESIAN_POINT('',(7.35568724230176,-8.92855273467139,1.));
#8558=CARTESIAN_POINT('Origin',(12.31144893991,-11.1350000000005,1.));
#8559=CARTESIAN_POINT('Origin',(11.7333892509684,-8.68835868765092,1.));
#8560=CARTESIAN_POINT('',(12.1352176499742,-8.98590521804991,1.));
#8561=CARTESIAN_POINT('Origin',(11.7333892509689,8.68835868765022,1.));
#8562=CARTESIAN_POINT('',(12.1352176499747,8.98590521804918,1.));
#8563=CARTESIAN_POINT('Origin',(0.,0.,1.));
#8564=CARTESIAN_POINT('Origin',(-6.17702058974444,-9.1420249771805,-1.));
#8565=CARTESIAN_POINT('',(-6.91335566576642,-10.9502517522939,-1.));
#8566=CARTESIAN_POINT('Origin',(-2.22044604925031E-15,5.55111512312578E-16,
-1.));
#8567=CARTESIAN_POINT('',(-3.55966990016984,-11.1847643061424,-1.));
#8568=CARTESIAN_POINT('',(-3.55966990016984,-11.1847643061424,-1.));
#8569=CARTESIAN_POINT('',(-3.20000000000047,-10.8374351209129,-1.));
#8570=CARTESIAN_POINT('Origin',(-2.22044604925031E-15,5.55111512312578E-16,
-1.6));
#8571=CARTESIAN_POINT('',(-6.91335566576642,-10.9502517522939,-1.6));
#8572=CARTESIAN_POINT('Origin',(-3.55966990016984,-11.1847643061424,-1.6));
#8573=CARTESIAN_POINT('',(-3.55966990016984,-11.1847643061424,-1.6));
#8574=CARTESIAN_POINT('Origin',(-3.20000000000047,-10.8374351209129,-1.6));
#8575=CARTESIAN_POINT('Origin',(6.17702058974444,9.1420249771805,-1.));
#8576=UNCERTAINTY_MEASURE_WITH_UNIT(LENGTH_MEASURE(0.01),#8580,
'DISTANCE_ACCURACY_VALUE',
'Maximum model space distance between geometric entities at asserted c
onnectivities');
#8577=UNCERTAINTY_MEASURE_WITH_UNIT(LENGTH_MEASURE(0.01),#8580,
'DISTANCE_ACCURACY_VALUE',
'Maximum model space distance between geometric entities at asserted c
onnectivities');
#8578=(
GEOMETRIC_REPRESENTATION_CONTEXT(3)
GLOBAL_UNCERTAINTY_ASSIGNED_CONTEXT((#8576))
GLOBAL_UNIT_ASSIGNED_CONTEXT((#8580,#8582,#8583))
REPRESENTATION_CONTEXT('','3D')
);
#8579=(
GEOMETRIC_REPRESENTATION_CONTEXT(3)
GLOBAL_UNCERTAINTY_ASSIGNED_CONTEXT((#8577))
GLOBAL_UNIT_ASSIGNED_CONTEXT((#8580,#8582,#8583))
REPRESENTATION_CONTEXT('','3D')
);
#8580=(
LENGTH_UNIT()
NAMED_UNIT(*)
SI_UNIT(.MILLI.,.METRE.)
);
#8581=(
LENGTH_UNIT()
NAMED_UNIT(*)
SI_UNIT($,.METRE.)
);
#8582=(
NAMED_UNIT(*)
PLANE_ANGLE_UNIT()
SI_UNIT($,.RADIAN.)
);
#8583=(
NAMED_UNIT(*)
SI_UNIT($,.STERADIAN.)
SOLID_ANGLE_UNIT()
);
#8584=SHAPE_DEFINITION_REPRESENTATION(#8585,#8586);
#8585=PRODUCT_DEFINITION_SHAPE('',$,#8588);
#8586=SHAPE_REPRESENTATION('',(#4688),#8578);
#8587=PRODUCT_DEFINITION_CONTEXT('part definition',#8592,'design');
#8588=PRODUCT_DEFINITION('CX Blade','CX Blade v8',#8589,#8587);
#8589=PRODUCT_DEFINITION_FORMATION('',$,#8594);
#8590=PRODUCT_RELATED_PRODUCT_CATEGORY('CX Blade v8','CX Blade v8',(#8594));
#8591=APPLICATION_PROTOCOL_DEFINITION('international standard',
'automotive_design',2009,#8592);
#8592=APPLICATION_CONTEXT(
'Core Data for Automotive Mechanical Design Process');
#8593=PRODUCT_CONTEXT('part definition',#8592,'mechanical');
#8594=PRODUCT('CX Blade','CX Blade v8',$,(#8593));
#8595=PRESENTATION_STYLE_ASSIGNMENT((#8597));
#8596=PRESENTATION_STYLE_ASSIGNMENT((#8598));
#8597=SURFACE_STYLE_USAGE(.BOTH.,#8599);
#8598=SURFACE_STYLE_USAGE(.BOTH.,#8600);
#8599=SURFACE_SIDE_STYLE('',(#8601));
#8600=SURFACE_SIDE_STYLE('',(#8602));
#8601=SURFACE_STYLE_FILL_AREA(#8603);
#8602=SURFACE_STYLE_FILL_AREA(#8604);
#8603=FILL_AREA_STYLE('Steel - Satin',(#8605));
#8604=FILL_AREA_STYLE('ABS (White)',(#8606));
#8605=FILL_AREA_STYLE_COLOUR('Steel - Satin',#8607);
#8606=FILL_AREA_STYLE_COLOUR('ABS (White)',#8608);
#8607=COLOUR_RGB('Steel - Satin',0.627450980392157,0.627450980392157,0.627450980392157);
#8608=COLOUR_RGB('ABS (White)',0.964705882352941,0.964705882352941,0.952941176470588);
ENDSEC;
END-ISO-10303-21;
