ISO-10303-21;
HEADER;
/* Generated by software containing ST-Developer
 * from STEP Tools, Inc. (www.steptools.com) 
 */

FILE_DESCRIPTION(
/* description */ (''),
/* implementation_level */ '2;1');

FILE_NAME(
/* name */ 'Clear Wheel.step',
/* time_stamp */ '2026-09-26T13:48:50-04:00',
/* author */ (''),
/* organization */ (''),
/* preprocessor_version */ 'ST-DEVELOPER v20.2',
/* originating_system */ 'Autodesk Translation Framework v15.15.0.0',
/* authorisation */ '');

FILE_SCHEMA (('AUTOMOTIVE_DESIGN { 1 0 10303 214 3 1 1 }'));
ENDSEC;

DATA;
#10=MECHANICAL_DESIGN_GEOMETRIC_PRESENTATION_REPRESENTATION('',(#13),#3790);
#11=SHAPE_REPRESENTATION_RELATIONSHIP('SRR','None',#3797,#12);
#12=ADVANCED_BREP_SHAPE_REPRESENTATION('',(#14),#3789);
#13=STYLED_ITEM('',(#3807),#14);
#14=MANIFOLD_SOLID_BREP('Dual',#2162);
#15=B_SPLINE_CURVE_WITH_KNOTS('',3,(#3465,#3466,#3467,#3468),
 .UNSPECIFIED.,.F.,.F.,(4,4),(0.,0.0820482537902439),.UNSPECIFIED.);
#16=B_SPLINE_CURVE_WITH_KNOTS('',3,(#3477,#3478,#3479,#3480),
 .UNSPECIFIED.,.F.,.F.,(4,4),(0.,0.0820489530865657),.UNSPECIFIED.);
#17=B_SPLINE_CURVE_WITH_KNOTS('',3,(#3483,#3484,#3485,#3486),
 .UNSPECIFIED.,.F.,.F.,(4,4),(0.,0.0983181274047241),.UNSPECIFIED.);
#18=B_SPLINE_CURVE_WITH_KNOTS('',3,(#3494,#3495,#3496,#3497),
 .UNSPECIFIED.,.F.,.F.,(4,4),(0.,0.0809885228045033),.UNSPECIFIED.);
#19=B_SPLINE_CURVE_WITH_KNOTS('',3,(#3501,#3502,#3503,#3504),
 .UNSPECIFIED.,.F.,.F.,(4,4),(0.,0.0809885228044495),.UNSPECIFIED.);
#20=B_SPLINE_CURVE_WITH_KNOTS('',3,(#3509,#3510,#3511,#3512),
 .UNSPECIFIED.,.F.,.F.,(4,4),(0.,0.0983181274047397),.UNSPECIFIED.);
#21=B_SPLINE_CURVE_WITH_KNOTS('',3,(#3533,#3534,#3535,#3536),
 .UNSPECIFIED.,.F.,.F.,(4,4),(0.,0.0820482537903056),.UNSPECIFIED.);
#22=B_SPLINE_CURVE_WITH_KNOTS('',3,(#3545,#3546,#3547,#3548),
 .UNSPECIFIED.,.F.,.F.,(4,4),(0.,0.0820489530865624),.UNSPECIFIED.);
#23=B_SPLINE_CURVE_WITH_KNOTS('',3,(#3551,#3552,#3553,#3554),
 .UNSPECIFIED.,.F.,.F.,(4,4),(0.,0.09831812740474),.UNSPECIFIED.);
#24=B_SPLINE_CURVE_WITH_KNOTS('',3,(#3562,#3563,#3564,#3565),
 .UNSPECIFIED.,.F.,.F.,(4,4),(0.,0.0809885228044997),.UNSPECIFIED.);
#25=B_SPLINE_CURVE_WITH_KNOTS('',3,(#3569,#3570,#3571,#3572),
 .UNSPECIFIED.,.F.,.F.,(4,4),(0.,0.0809885228044753),.UNSPECIFIED.);
#26=B_SPLINE_CURVE_WITH_KNOTS('',3,(#3577,#3578,#3579,#3580),
 .UNSPECIFIED.,.F.,.F.,(4,4),(0.,0.0983181274047514),.UNSPECIFIED.);
#27=FACE_BOUND('',#251,.T.);
#28=PLANE('',#2208);
#29=PLANE('',#2209);
#30=PLANE('',#2210);
#31=PLANE('',#2220);
#32=PLANE('',#2228);
#33=PLANE('',#2236);
#34=PLANE('',#2244);
#35=PLANE('',#2246);
#36=PLANE('',#2247);
#37=PLANE('',#2248);
#38=PLANE('',#2256);
#39=PLANE('',#2263);
#40=PLANE('',#2273);
#41=PLANE('',#2274);
#42=PLANE('',#2279);
#43=PLANE('',#2280);
#44=PLANE('',#2285);
#45=PLANE('',#2289);
#46=PLANE('',#2290);
#47=PLANE('',#2293);
#48=PLANE('',#2294);
#49=PLANE('',#2297);
#50=PLANE('',#2300);
#51=PLANE('',#2301);
#52=PLANE('',#2302);
#53=PLANE('',#2303);
#54=PLANE('',#2304);
#55=PLANE('',#2305);
#56=PLANE('',#2308);
#57=PLANE('',#2309);
#58=PLANE('',#2312);
#59=PLANE('',#2315);
#60=PLANE('',#2316);
#61=PLANE('',#2317);
#62=PLANE('',#2318);
#63=PLANE('',#2334);
#64=PLANE('',#2350);
#65=PLANE('',#2367);
#66=PLANE('',#2372);
#67=PLANE('',#2392);
#68=PLANE('',#2395);
#69=PLANE('',#2398);
#70=PLANE('',#2399);
#71=PLANE('',#2400);
#72=PLANE('',#2402);
#73=PLANE('',#2404);
#74=PLANE('',#2405);
#75=PLANE('',#2406);
#76=PLANE('',#2407);
#77=PLANE('',#2409);
#78=PLANE('',#2413);
#79=PLANE('',#2414);
#80=PLANE('',#2415);
#81=PLANE('',#2416);
#82=PLANE('',#2417);
#83=PLANE('',#2418);
#84=PLANE('',#2419);
#85=PLANE('',#2420);
#86=PLANE('',#2421);
#87=PLANE('',#2422);
#88=PLANE('',#2423);
#89=PLANE('',#2424);
#90=PLANE('',#2425);
#91=CONICAL_SURFACE('',#2189,0.35,0.540419500270584);
#92=CONICAL_SURFACE('',#2205,0.35,0.540419500270584);
#93=CONICAL_SURFACE('',#2291,6.95,0.785398163397447);
#94=CONICAL_SURFACE('',#2295,9.1,0.785398163397449);
#95=CONICAL_SURFACE('',#2298,6.95,0.785398163397447);
#96=CONICAL_SURFACE('',#2306,6.95,0.785398163397447);
#97=CONICAL_SURFACE('',#2310,9.1,0.785398163397449);
#98=CONICAL_SURFACE('',#2313,6.95,0.785398163397448);
#99=CONICAL_SURFACE('',#2319,8.5,0.540419500270585);
#100=CONICAL_SURFACE('',#2322,0.350000000000001,0.540419500270581);
#101=CONICAL_SURFACE('',#2325,0.350000000000001,0.540419500270583);
#102=CONICAL_SURFACE('',#2328,9.2,0.540419500270581);
#103=CONICAL_SURFACE('',#2335,8.5,0.540419500270585);
#104=CONICAL_SURFACE('',#2338,0.350000000000001,0.54041950027058);
#105=CONICAL_SURFACE('',#2341,0.350000000000001,0.540419500270582);
#106=CONICAL_SURFACE('',#2344,9.2,0.54041950027058);
#107=CONICAL_SURFACE('',#2351,9.2,0.54041950027058);
#108=CONICAL_SURFACE('',#2353,0.375,0.785398163397449);
#109=CONICAL_SURFACE('',#2355,13.5,0.785398163397449);
#110=CONICAL_SURFACE('',#2358,0.375,0.785398163397449);
#111=CONICAL_SURFACE('',#2360,12.75,0.785398163397449);
#112=CONICAL_SURFACE('',#2361,0.35,0.540419500270583);
#113=CONICAL_SURFACE('',#2364,8.5,0.540419500270585);
#114=CONICAL_SURFACE('',#2373,8.5,0.540419500270585);
#115=CONICAL_SURFACE('',#2375,0.35,0.540419500270583);
#116=CONICAL_SURFACE('',#2377,9.2,0.54041950027058);
#117=CONICAL_SURFACE('',#2378,0.375,0.785398163397449);
#118=CONICAL_SURFACE('',#2380,13.5,0.785398163397449);
#119=CONICAL_SURFACE('',#2381,0.375,0.785398163397449);
#120=CONICAL_SURFACE('',#2383,12.75,0.785398163397449);
#121=FACE_OUTER_BOUND('',#239,.T.);
#122=FACE_OUTER_BOUND('',#240,.T.);
#123=FACE_OUTER_BOUND('',#241,.T.);
#124=FACE_OUTER_BOUND('',#242,.T.);
#125=FACE_OUTER_BOUND('',#243,.T.);
#126=FACE_OUTER_BOUND('',#244,.T.);
#127=FACE_OUTER_BOUND('',#245,.T.);
#128=FACE_OUTER_BOUND('',#246,.T.);
#129=FACE_OUTER_BOUND('',#247,.T.);
#130=FACE_OUTER_BOUND('',#248,.T.);
#131=FACE_OUTER_BOUND('',#249,.T.);
#132=FACE_OUTER_BOUND('',#250,.T.);
#133=FACE_OUTER_BOUND('',#252,.T.);
#134=FACE_OUTER_BOUND('',#253,.T.);
#135=FACE_OUTER_BOUND('',#254,.T.);
#136=FACE_OUTER_BOUND('',#255,.T.);
#137=FACE_OUTER_BOUND('',#256,.T.);
#138=FACE_OUTER_BOUND('',#257,.T.);
#139=FACE_OUTER_BOUND('',#258,.T.);
#140=FACE_OUTER_BOUND('',#259,.T.);
#141=FACE_OUTER_BOUND('',#260,.T.);
#142=FACE_OUTER_BOUND('',#261,.T.);
#143=FACE_OUTER_BOUND('',#262,.T.);
#144=FACE_OUTER_BOUND('',#263,.T.);
#145=FACE_OUTER_BOUND('',#264,.T.);
#146=FACE_OUTER_BOUND('',#265,.T.);
#147=FACE_OUTER_BOUND('',#266,.T.);
#148=FACE_OUTER_BOUND('',#267,.T.);
#149=FACE_OUTER_BOUND('',#268,.T.);
#150=FACE_OUTER_BOUND('',#269,.T.);
#151=FACE_OUTER_BOUND('',#270,.T.);
#152=FACE_OUTER_BOUND('',#271,.T.);
#153=FACE_OUTER_BOUND('',#272,.T.);
#154=FACE_OUTER_BOUND('',#273,.T.);
#155=FACE_OUTER_BOUND('',#274,.T.);
#156=FACE_OUTER_BOUND('',#275,.T.);
#157=FACE_OUTER_BOUND('',#276,.T.);
#158=FACE_OUTER_BOUND('',#277,.T.);
#159=FACE_OUTER_BOUND('',#278,.T.);
#160=FACE_OUTER_BOUND('',#279,.T.);
#161=FACE_OUTER_BOUND('',#280,.T.);
#162=FACE_OUTER_BOUND('',#281,.T.);
#163=FACE_OUTER_BOUND('',#282,.T.);
#164=FACE_OUTER_BOUND('',#283,.T.);
#165=FACE_OUTER_BOUND('',#284,.T.);
#166=FACE_OUTER_BOUND('',#285,.T.);
#167=FACE_OUTER_BOUND('',#286,.T.);
#168=FACE_OUTER_BOUND('',#287,.T.);
#169=FACE_OUTER_BOUND('',#288,.T.);
#170=FACE_OUTER_BOUND('',#289,.T.);
#171=FACE_OUTER_BOUND('',#290,.T.);
#172=FACE_OUTER_BOUND('',#291,.T.);
#173=FACE_OUTER_BOUND('',#292,.T.);
#174=FACE_OUTER_BOUND('',#293,.T.);
#175=FACE_OUTER_BOUND('',#294,.T.);
#176=FACE_OUTER_BOUND('',#295,.T.);
#177=FACE_OUTER_BOUND('',#296,.T.);
#178=FACE_OUTER_BOUND('',#297,.T.);
#179=FACE_OUTER_BOUND('',#298,.T.);
#180=FACE_OUTER_BOUND('',#299,.T.);
#181=FACE_OUTER_BOUND('',#300,.T.);
#182=FACE_OUTER_BOUND('',#301,.T.);
#183=FACE_OUTER_BOUND('',#302,.T.);
#184=FACE_OUTER_BOUND('',#303,.T.);
#185=FACE_OUTER_BOUND('',#304,.T.);
#186=FACE_OUTER_BOUND('',#305,.T.);
#187=FACE_OUTER_BOUND('',#306,.T.);
#188=FACE_OUTER_BOUND('',#307,.T.);
#189=FACE_OUTER_BOUND('',#308,.T.);
#190=FACE_OUTER_BOUND('',#309,.T.);
#191=FACE_OUTER_BOUND('',#310,.T.);
#192=FACE_OUTER_BOUND('',#311,.T.);
#193=FACE_OUTER_BOUND('',#312,.T.);
#194=FACE_OUTER_BOUND('',#313,.T.);
#195=FACE_OUTER_BOUND('',#314,.T.);
#196=FACE_OUTER_BOUND('',#315,.T.);
#197=FACE_OUTER_BOUND('',#316,.T.);
#198=FACE_OUTER_BOUND('',#317,.T.);
#199=FACE_OUTER_BOUND('',#318,.T.);
#200=FACE_OUTER_BOUND('',#319,.T.);
#201=FACE_OUTER_BOUND('',#320,.T.);
#202=FACE_OUTER_BOUND('',#321,.T.);
#203=FACE_OUTER_BOUND('',#322,.T.);
#204=FACE_OUTER_BOUND('',#323,.T.);
#205=FACE_OUTER_BOUND('',#324,.T.);
#206=FACE_OUTER_BOUND('',#325,.T.);
#207=FACE_OUTER_BOUND('',#326,.T.);
#208=FACE_OUTER_BOUND('',#327,.T.);
#209=FACE_OUTER_BOUND('',#328,.T.);
#210=FACE_OUTER_BOUND('',#329,.T.);
#211=FACE_OUTER_BOUND('',#330,.T.);
#212=FACE_OUTER_BOUND('',#331,.T.);
#213=FACE_OUTER_BOUND('',#332,.T.);
#214=FACE_OUTER_BOUND('',#333,.T.);
#215=FACE_OUTER_BOUND('',#334,.T.);
#216=FACE_OUTER_BOUND('',#335,.T.);
#217=FACE_OUTER_BOUND('',#336,.T.);
#218=FACE_OUTER_BOUND('',#337,.T.);
#219=FACE_OUTER_BOUND('',#338,.T.);
#220=FACE_OUTER_BOUND('',#339,.T.);
#221=FACE_OUTER_BOUND('',#340,.T.);
#222=FACE_OUTER_BOUND('',#341,.T.);
#223=FACE_OUTER_BOUND('',#342,.T.);
#224=FACE_OUTER_BOUND('',#343,.T.);
#225=FACE_OUTER_BOUND('',#344,.T.);
#226=FACE_OUTER_BOUND('',#345,.T.);
#227=FACE_OUTER_BOUND('',#346,.T.);
#228=FACE_OUTER_BOUND('',#347,.T.);
#229=FACE_OUTER_BOUND('',#348,.T.);
#230=FACE_OUTER_BOUND('',#349,.T.);
#231=FACE_OUTER_BOUND('',#350,.T.);
#232=FACE_OUTER_BOUND('',#351,.T.);
#233=FACE_OUTER_BOUND('',#352,.T.);
#234=FACE_OUTER_BOUND('',#353,.T.);
#235=FACE_OUTER_BOUND('',#354,.T.);
#236=FACE_OUTER_BOUND('',#355,.T.);
#237=FACE_OUTER_BOUND('',#356,.T.);
#238=FACE_OUTER_BOUND('',#357,.T.);
#239=EDGE_LOOP('',(#1373,#1374,#1375,#1376,#1377,#1378,#1379,#1380,#1381,
#1382,#1383,#1384,#1385,#1386,#1387,#1388,#1389,#1390,#1391,#1392,#1393,
#1394,#1395,#1396));
#240=EDGE_LOOP('',(#1397,#1398,#1399,#1400));
#241=EDGE_LOOP('',(#1401,#1402,#1403,#1404,#1405,#1406,#1407,#1408,#1409,
#1410,#1411,#1412,#1413,#1414,#1415,#1416,#1417,#1418,#1419,#1420,#1421,
#1422,#1423,#1424));
#242=EDGE_LOOP('',(#1425,#1426,#1427,#1428));
#243=EDGE_LOOP('',(#1429,#1430,#1431,#1432));
#244=EDGE_LOOP('',(#1433,#1434,#1435,#1436));
#245=EDGE_LOOP('',(#1437,#1438,#1439,#1440));
#246=EDGE_LOOP('',(#1441,#1442,#1443,#1444,#1445,#1446,#1447,#1448,#1449,
#1450,#1451,#1452,#1453,#1454,#1455,#1456));
#247=EDGE_LOOP('',(#1457,#1458,#1459,#1460,#1461,#1462,#1463,#1464,#1465,
#1466,#1467,#1468,#1469,#1470));
#248=EDGE_LOOP('',(#1471,#1472,#1473,#1474));
#249=EDGE_LOOP('',(#1475,#1476,#1477,#1478,#1479,#1480,#1481,#1482,#1483,
#1484,#1485,#1486));
#250=EDGE_LOOP('',(#1487));
#251=EDGE_LOOP('',(#1488,#1489,#1490,#1491,#1492,#1493,#1494,#1495));
#252=EDGE_LOOP('',(#1496,#1497,#1498,#1499,#1500,#1501,#1502,#1503));
#253=EDGE_LOOP('',(#1504,#1505,#1506,#1507,#1508,#1509,#1510,#1511));
#254=EDGE_LOOP('',(#1512,#1513,#1514,#1515));
#255=EDGE_LOOP('',(#1516,#1517,#1518,#1519));
#256=EDGE_LOOP('',(#1520,#1521,#1522,#1523));
#257=EDGE_LOOP('',(#1524,#1525,#1526,#1527,#1528,#1529,#1530,#1531,#1532,
#1533,#1534,#1535,#1536,#1537,#1538,#1539));
#258=EDGE_LOOP('',(#1540,#1541,#1542,#1543,#1544,#1545,#1546,#1547,#1548,
#1549,#1550,#1551,#1552,#1553));
#259=EDGE_LOOP('',(#1554,#1555,#1556,#1557));
#260=EDGE_LOOP('',(#1558,#1559,#1560,#1561,#1562,#1563,#1564,#1565,#1566,
#1567,#1568,#1569));
#261=EDGE_LOOP('',(#1570,#1571,#1572,#1573,#1574,#1575,#1576,#1577));
#262=EDGE_LOOP('',(#1578,#1579,#1580,#1581,#1582,#1583,#1584,#1585));
#263=EDGE_LOOP('',(#1586,#1587,#1588,#1589));
#264=EDGE_LOOP('',(#1590,#1591,#1592,#1593,#1594,#1595));
#265=EDGE_LOOP('',(#1596,#1597,#1598,#1599));
#266=EDGE_LOOP('',(#1600,#1601,#1602,#1603));
#267=EDGE_LOOP('',(#1604,#1605,#1606,#1607));
#268=EDGE_LOOP('',(#1608,#1609,#1610,#1611));
#269=EDGE_LOOP('',(#1612,#1613,#1614,#1615));
#270=EDGE_LOOP('',(#1616,#1617,#1618,#1619));
#271=EDGE_LOOP('',(#1620,#1621,#1622,#1623));
#272=EDGE_LOOP('',(#1624,#1625,#1626,#1627));
#273=EDGE_LOOP('',(#1628,#1629,#1630,#1631));
#274=EDGE_LOOP('',(#1632,#1633,#1634,#1635));
#275=EDGE_LOOP('',(#1636,#1637,#1638,#1639));
#276=EDGE_LOOP('',(#1640,#1641,#1642,#1643));
#277=EDGE_LOOP('',(#1644,#1645,#1646,#1647));
#278=EDGE_LOOP('',(#1648,#1649,#1650,#1651,#1652,#1653,#1654,#1655));
#279=EDGE_LOOP('',(#1656,#1657,#1658,#1659));
#280=EDGE_LOOP('',(#1660,#1661,#1662,#1663));
#281=EDGE_LOOP('',(#1664,#1665,#1666,#1667));
#282=EDGE_LOOP('',(#1668,#1669,#1670,#1671));
#283=EDGE_LOOP('',(#1672,#1673,#1674,#1675));
#284=EDGE_LOOP('',(#1676,#1677,#1678,#1679));
#285=EDGE_LOOP('',(#1680,#1681,#1682,#1683));
#286=EDGE_LOOP('',(#1684,#1685,#1686,#1687));
#287=EDGE_LOOP('',(#1688,#1689,#1690,#1691));
#288=EDGE_LOOP('',(#1692,#1693,#1694,#1695));
#289=EDGE_LOOP('',(#1696,#1697,#1698,#1699));
#290=EDGE_LOOP('',(#1700,#1701,#1702,#1703,#1704,#1705,#1706,#1707));
#291=EDGE_LOOP('',(#1708,#1709,#1710,#1711));
#292=EDGE_LOOP('',(#1712,#1713,#1714,#1715));
#293=EDGE_LOOP('',(#1716,#1717,#1718,#1719));
#294=EDGE_LOOP('',(#1720,#1721,#1722,#1723));
#295=EDGE_LOOP('',(#1724,#1725,#1726,#1727));
#296=EDGE_LOOP('',(#1728,#1729,#1730,#1731));
#297=EDGE_LOOP('',(#1732,#1733,#1734,#1735));
#298=EDGE_LOOP('',(#1736,#1737,#1738,#1739));
#299=EDGE_LOOP('',(#1740,#1741,#1742,#1743));
#300=EDGE_LOOP('',(#1744,#1745,#1746,#1747));
#301=EDGE_LOOP('',(#1748,#1749,#1750,#1751));
#302=EDGE_LOOP('',(#1752,#1753,#1754,#1755));
#303=EDGE_LOOP('',(#1756,#1757,#1758,#1759));
#304=EDGE_LOOP('',(#1760,#1761,#1762,#1763));
#305=EDGE_LOOP('',(#1764,#1765,#1766,#1767));
#306=EDGE_LOOP('',(#1768,#1769,#1770,#1771));
#307=EDGE_LOOP('',(#1772,#1773,#1774,#1775,#1776));
#308=EDGE_LOOP('',(#1777,#1778,#1779,#1780));
#309=EDGE_LOOP('',(#1781,#1782,#1783,#1784));
#310=EDGE_LOOP('',(#1785,#1786,#1787,#1788));
#311=EDGE_LOOP('',(#1789,#1790,#1791,#1792));
#312=EDGE_LOOP('',(#1793,#1794,#1795,#1796,#1797,#1798));
#313=EDGE_LOOP('',(#1799,#1800,#1801,#1802));
#314=EDGE_LOOP('',(#1803,#1804,#1805,#1806,#1807,#1808,#1809,#1810,#1811,
#1812,#1813,#1814));
#315=EDGE_LOOP('',(#1815,#1816,#1817,#1818));
#316=EDGE_LOOP('',(#1819,#1820,#1821,#1822));
#317=EDGE_LOOP('',(#1823,#1824,#1825,#1826));
#318=EDGE_LOOP('',(#1827,#1828,#1829,#1830));
#319=EDGE_LOOP('',(#1831,#1832,#1833,#1834));
#320=EDGE_LOOP('',(#1835,#1836,#1837,#1838));
#321=EDGE_LOOP('',(#1839,#1840,#1841,#1842));
#322=EDGE_LOOP('',(#1843,#1844,#1845,#1846));
#323=EDGE_LOOP('',(#1847,#1848,#1849,#1850));
#324=EDGE_LOOP('',(#1851,#1852,#1853,#1854));
#325=EDGE_LOOP('',(#1855,#1856,#1857,#1858,#1859,#1860));
#326=EDGE_LOOP('',(#1861,#1862,#1863,#1864));
#327=EDGE_LOOP('',(#1865,#1866,#1867,#1868));
#328=EDGE_LOOP('',(#1869,#1870,#1871,#1872));
#329=EDGE_LOOP('',(#1873,#1874,#1875,#1876,#1877,#1878));
#330=EDGE_LOOP('',(#1879,#1880,#1881,#1882,#1883,#1884));
#331=EDGE_LOOP('',(#1885,#1886,#1887,#1888,#1889,#1890));
#332=EDGE_LOOP('',(#1891,#1892,#1893,#1894,#1895,#1896));
#333=EDGE_LOOP('',(#1897,#1898,#1899,#1900));
#334=EDGE_LOOP('',(#1901,#1902,#1903,#1904));
#335=EDGE_LOOP('',(#1905,#1906,#1907,#1908,#1909,#1910,#1911));
#336=EDGE_LOOP('',(#1912,#1913,#1914,#1915,#1916,#1917,#1918));
#337=EDGE_LOOP('',(#1919,#1920,#1921,#1922));
#338=EDGE_LOOP('',(#1923,#1924,#1925,#1926));
#339=EDGE_LOOP('',(#1927,#1928,#1929,#1930));
#340=EDGE_LOOP('',(#1931,#1932,#1933,#1934,#1935,#1936,#1937));
#341=EDGE_LOOP('',(#1938,#1939,#1940,#1941));
#342=EDGE_LOOP('',(#1942,#1943,#1944,#1945));
#343=EDGE_LOOP('',(#1946,#1947,#1948,#1949));
#344=EDGE_LOOP('',(#1950,#1951,#1952,#1953,#1954,#1955));
#345=EDGE_LOOP('',(#1956,#1957,#1958,#1959,#1960,#1961));
#346=EDGE_LOOP('',(#1962,#1963,#1964,#1965));
#347=EDGE_LOOP('',(#1966,#1967,#1968,#1969));
#348=EDGE_LOOP('',(#1970,#1971,#1972,#1973,#1974,#1975,#1976));
#349=EDGE_LOOP('',(#1977,#1978,#1979,#1980));
#350=EDGE_LOOP('',(#1981,#1982,#1983,#1984));
#351=EDGE_LOOP('',(#1985,#1986,#1987,#1988));
#352=EDGE_LOOP('',(#1989,#1990,#1991,#1992));
#353=EDGE_LOOP('',(#1993,#1994,#1995,#1996,#1997,#1998));
#354=EDGE_LOOP('',(#1999,#2000,#2001,#2002));
#355=EDGE_LOOP('',(#2003,#2004,#2005,#2006));
#356=EDGE_LOOP('',(#2007,#2008,#2009,#2010,#2011,#2012));
#357=EDGE_LOOP('',(#2013,#2014,#2015,#2016,#2017,#2018));
#358=LINE('',#3113,#537);
#359=LINE('',#3117,#538);
#360=LINE('',#3121,#539);
#361=LINE('',#3125,#540);
#362=LINE('',#3129,#541);
#363=LINE('',#3133,#542);
#364=LINE('',#3137,#543);
#365=LINE('',#3141,#544);
#366=LINE('',#3145,#545);
#367=LINE('',#3149,#546);
#368=LINE('',#3153,#547);
#369=LINE('',#3156,#548);
#370=LINE('',#3161,#549);
#371=LINE('',#3164,#550);
#372=LINE('',#3170,#551);
#373=LINE('',#3174,#552);
#374=LINE('',#3178,#553);
#375=LINE('',#3182,#554);
#376=LINE('',#3186,#555);
#377=LINE('',#3190,#556);
#378=LINE('',#3194,#557);
#379=LINE('',#3198,#558);
#380=LINE('',#3202,#559);
#381=LINE('',#3206,#560);
#382=LINE('',#3210,#561);
#383=LINE('',#3213,#562);
#384=LINE('',#3218,#563);
#385=LINE('',#3221,#564);
#386=LINE('',#3224,#565);
#387=LINE('',#3226,#566);
#388=LINE('',#3227,#567);
#389=LINE('',#3230,#568);
#390=LINE('',#3232,#569);
#391=LINE('',#3233,#570);
#392=LINE('',#3240,#571);
#393=LINE('',#3244,#572);
#394=LINE('',#3248,#573);
#395=LINE('',#3252,#574);
#396=LINE('',#3256,#575);
#397=LINE('',#3260,#576);
#398=LINE('',#3266,#577);
#399=LINE('',#3270,#578);
#400=LINE('',#3273,#579);
#401=LINE('',#3282,#580);
#402=LINE('',#3288,#581);
#403=LINE('',#3292,#582);
#404=LINE('',#3296,#583);
#405=LINE('',#3300,#584);
#406=LINE('',#3304,#585);
#407=LINE('',#3307,#586);
#408=LINE('',#3314,#587);
#409=LINE('',#3316,#588);
#410=LINE('',#3320,#589);
#411=LINE('',#3323,#590);
#412=LINE('',#3328,#591);
#413=LINE('',#3330,#592);
#414=LINE('',#3333,#593);
#415=LINE('',#3334,#594);
#416=LINE('',#3337,#595);
#417=LINE('',#3340,#596);
#418=LINE('',#3341,#597);
#419=LINE('',#3342,#598);
#420=LINE('',#3345,#599);
#421=LINE('',#3347,#600);
#422=LINE('',#3348,#601);
#423=LINE('',#3351,#602);
#424=LINE('',#3353,#603);
#425=LINE('',#3354,#604);
#426=LINE('',#3361,#605);
#427=LINE('',#3364,#606);
#428=LINE('',#3366,#607);
#429=LINE('',#3370,#608);
#430=LINE('',#3373,#609);
#431=LINE('',#3375,#610);
#432=LINE('',#3381,#611);
#433=LINE('',#3385,#612);
#434=LINE('',#3387,#613);
#435=LINE('',#3394,#614);
#436=LINE('',#3400,#615);
#437=LINE('',#3404,#616);
#438=LINE('',#3408,#617);
#439=LINE('',#3412,#618);
#440=LINE('',#3416,#619);
#441=LINE('',#3419,#620);
#442=LINE('',#3424,#621);
#443=LINE('',#3425,#622);
#444=LINE('',#3426,#623);
#445=LINE('',#3427,#624);
#446=LINE('',#3429,#625);
#447=LINE('',#3430,#626);
#448=LINE('',#3431,#627);
#449=LINE('',#3432,#628);
#450=LINE('',#3461,#629);
#451=LINE('',#3463,#630);
#452=LINE('',#3464,#631);
#453=LINE('',#3471,#632);
#454=LINE('',#3473,#633);
#455=LINE('',#3474,#634);
#456=LINE('',#3488,#635);
#457=LINE('',#3489,#636);
#458=LINE('',#3491,#637);
#459=LINE('',#3493,#638);
#460=LINE('',#3506,#639);
#461=LINE('',#3508,#640);
#462=LINE('',#3517,#641);
#463=LINE('',#3518,#642);
#464=LINE('',#3521,#643);
#465=LINE('',#3522,#644);
#466=LINE('',#3524,#645);
#467=LINE('',#3529,#646);
#468=LINE('',#3531,#647);
#469=LINE('',#3532,#648);
#470=LINE('',#3539,#649);
#471=LINE('',#3541,#650);
#472=LINE('',#3542,#651);
#473=LINE('',#3556,#652);
#474=LINE('',#3557,#653);
#475=LINE('',#3559,#654);
#476=LINE('',#3561,#655);
#477=LINE('',#3574,#656);
#478=LINE('',#3576,#657);
#479=LINE('',#3585,#658);
#480=LINE('',#3586,#659);
#481=LINE('',#3589,#660);
#482=LINE('',#3590,#661);
#483=LINE('',#3592,#662);
#484=LINE('',#3597,#663);
#485=LINE('',#3601,#664);
#486=LINE('',#3605,#665);
#487=LINE('',#3611,#666);
#488=LINE('',#3617,#667);
#489=LINE('',#3621,#668);
#490=LINE('',#3627,#669);
#491=LINE('',#3631,#670);
#492=LINE('',#3635,#671);
#493=LINE('',#3641,#672);
#494=LINE('',#3647,#673);
#495=LINE('',#3651,#674);
#496=LINE('',#3657,#675);
#497=LINE('',#3659,#676);
#498=LINE('',#3662,#677);
#499=LINE('',#3665,#678);
#500=LINE('',#3671,#679);
#501=LINE('',#3676,#680);
#502=LINE('',#3684,#681);
#503=LINE('',#3686,#682);
#504=LINE('',#3688,#683);
#505=LINE('',#3691,#684);
#506=LINE('',#3692,#685);
#507=LINE('',#3697,#686);
#508=LINE('',#3701,#687);
#509=LINE('',#3704,#688);
#510=LINE('',#3706,#689);
#511=LINE('',#3708,#690);
#512=LINE('',#3711,#691);
#513=LINE('',#3716,#692);
#514=LINE('',#3719,#693);
#515=LINE('',#3722,#694);
#516=LINE('',#3728,#695);
#517=LINE('',#3731,#696);
#518=LINE('',#3732,#697);
#519=LINE('',#3737,#698);
#520=LINE('',#3738,#699);
#521=LINE('',#3741,#700);
#522=LINE('',#3744,#701);
#523=LINE('',#3746,#702);
#524=LINE('',#3752,#703);
#525=LINE('',#3754,#704);
#526=LINE('',#3755,#705);
#527=LINE('',#3757,#706);
#528=LINE('',#3760,#707);
#529=LINE('',#3766,#708);
#530=LINE('',#3768,#709);
#531=LINE('',#3771,#710);
#532=LINE('',#3774,#711);
#533=LINE('',#3775,#712);
#534=LINE('',#3777,#713);
#535=LINE('',#3780,#714);
#536=LINE('',#3783,#715);
#537=VECTOR('',#2432,10.);
#538=VECTOR('',#2435,10.);
#539=VECTOR('',#2438,10.);
#540=VECTOR('',#2441,10.);
#541=VECTOR('',#2444,10.);
#542=VECTOR('',#2447,10.);
#543=VECTOR('',#2450,10.);
#544=VECTOR('',#2453,10.);
#545=VECTOR('',#2456,10.);
#546=VECTOR('',#2459,10.);
#547=VECTOR('',#2462,10.);
#548=VECTOR('',#2465,10.);
#549=VECTOR('',#2470,10.);
#550=VECTOR('',#2473,10.);
#551=VECTOR('',#2478,10.);
#552=VECTOR('',#2481,10.);
#553=VECTOR('',#2484,10.);
#554=VECTOR('',#2487,10.);
#555=VECTOR('',#2490,10.);
#556=VECTOR('',#2493,10.);
#557=VECTOR('',#2496,10.);
#558=VECTOR('',#2499,10.);
#559=VECTOR('',#2502,10.);
#560=VECTOR('',#2505,10.);
#561=VECTOR('',#2508,10.);
#562=VECTOR('',#2511,10.);
#563=VECTOR('',#2516,10.);
#564=VECTOR('',#2519,10.);
#565=VECTOR('',#2522,10.);
#566=VECTOR('',#2523,10.);
#567=VECTOR('',#2524,10.);
#568=VECTOR('',#2527,10.);
#569=VECTOR('',#2528,10.);
#570=VECTOR('',#2529,10.);
#571=VECTOR('',#2538,10.);
#572=VECTOR('',#2541,10.);
#573=VECTOR('',#2544,10.);
#574=VECTOR('',#2547,10.);
#575=VECTOR('',#2550,10.);
#576=VECTOR('',#2553,10.);
#577=VECTOR('',#2560,10.);
#578=VECTOR('',#2563,10.);
#579=VECTOR('',#2566,10.);
#580=VECTOR('',#2577,10.);
#581=VECTOR('',#2582,10.);
#582=VECTOR('',#2585,10.);
#583=VECTOR('',#2588,10.);
#584=VECTOR('',#2591,10.);
#585=VECTOR('',#2594,10.);
#586=VECTOR('',#2597,10.);
#587=VECTOR('',#2604,10.);
#588=VECTOR('',#2605,10.);
#589=VECTOR('',#2608,10.);
#590=VECTOR('',#2611,10.);
#591=VECTOR('',#2616,10.);
#592=VECTOR('',#2617,10.);
#593=VECTOR('',#2620,10.);
#594=VECTOR('',#2621,10.);
#595=VECTOR('',#2624,10.);
#596=VECTOR('',#2627,10.);
#597=VECTOR('',#2628,10.);
#598=VECTOR('',#2629,10.);
#599=VECTOR('',#2632,10.);
#600=VECTOR('',#2633,10.);
#601=VECTOR('',#2634,10.);
#602=VECTOR('',#2637,10.);
#603=VECTOR('',#2638,10.);
#604=VECTOR('',#2639,10.);
#605=VECTOR('',#2648,10.);
#606=VECTOR('',#2651,10.);
#607=VECTOR('',#2652,10.);
#608=VECTOR('',#2655,10.);
#609=VECTOR('',#2658,10.);
#610=VECTOR('',#2659,10.);
#611=VECTOR('',#2666,10.);
#612=VECTOR('',#2669,10.);
#613=VECTOR('',#2672,10.);
#614=VECTOR('',#2681,10.);
#615=VECTOR('',#2686,10.);
#616=VECTOR('',#2689,10.);
#617=VECTOR('',#2692,10.);
#618=VECTOR('',#2695,10.);
#619=VECTOR('',#2698,10.);
#620=VECTOR('',#2701,10.);
#621=VECTOR('',#2706,10.);
#622=VECTOR('',#2707,10.);
#623=VECTOR('',#2708,10.);
#624=VECTOR('',#2709,10.);
#625=VECTOR('',#2712,10.);
#626=VECTOR('',#2713,10.);
#627=VECTOR('',#2714,10.);
#628=VECTOR('',#2715,10.);
#629=VECTOR('',#2748,10.);
#630=VECTOR('',#2749,10.);
#631=VECTOR('',#2750,10.);
#632=VECTOR('',#2753,10.);
#633=VECTOR('',#2754,10.);
#634=VECTOR('',#2755,10.);
#635=VECTOR('',#2762,10.);
#636=VECTOR('',#2763,10.);
#637=VECTOR('',#2766,10.);
#638=VECTOR('',#2767,10.);
#639=VECTOR('',#2774,10.);
#640=VECTOR('',#2775,10.);
#641=VECTOR('',#2782,10.);
#642=VECTOR('',#2783,10.);
#643=VECTOR('',#2786,10.);
#644=VECTOR('',#2787,10.);
#645=VECTOR('',#2790,10.);
#646=VECTOR('',#2795,10.);
#647=VECTOR('',#2796,10.);
#648=VECTOR('',#2797,10.);
#649=VECTOR('',#2800,10.);
#650=VECTOR('',#2801,10.);
#651=VECTOR('',#2802,10.);
#652=VECTOR('',#2809,10.);
#653=VECTOR('',#2810,10.);
#654=VECTOR('',#2813,10.);
#655=VECTOR('',#2814,10.);
#656=VECTOR('',#2821,10.);
#657=VECTOR('',#2822,10.);
#658=VECTOR('',#2829,10.);
#659=VECTOR('',#2830,10.);
#660=VECTOR('',#2833,10.);
#661=VECTOR('',#2834,10.);
#662=VECTOR('',#2837,10.);
#663=VECTOR('',#2842,10.);
#664=VECTOR('',#2845,10.);
#665=VECTOR('',#2850,10.);
#666=VECTOR('',#2859,10.);
#667=VECTOR('',#2868,10.);
#668=VECTOR('',#2873,10.);
#669=VECTOR('',#2880,10.);
#670=VECTOR('',#2883,10.);
#671=VECTOR('',#2888,10.);
#672=VECTOR('',#2897,10.);
#673=VECTOR('',#2906,10.);
#674=VECTOR('',#2911,10.);
#675=VECTOR('',#2920,10.);
#676=VECTOR('',#2923,10.);
#677=VECTOR('',#2926,10.);
#678=VECTOR('',#2929,10.);
#679=VECTOR('',#2938,10.);
#680=VECTOR('',#2943,10.);
#681=VECTOR('',#2958,10.);
#682=VECTOR('',#2961,10.);
#683=VECTOR('',#2962,10.);
#684=VECTOR('',#2965,10.);
#685=VECTOR('',#2966,13.75);
#686=VECTOR('',#2973,10.);
#687=VECTOR('',#2980,10.);
#688=VECTOR('',#2985,10.);
#689=VECTOR('',#2988,10.);
#690=VECTOR('',#2991,10.);
#691=VECTOR('',#2996,10.);
#692=VECTOR('',#3003,10.);
#693=VECTOR('',#3006,10.);
#694=VECTOR('',#3009,10.);
#695=VECTOR('',#3018,10.);
#696=VECTOR('',#3021,10.);
#697=VECTOR('',#3022,10.);
#698=VECTOR('',#3029,10.);
#699=VECTOR('',#3030,10.);
#700=VECTOR('',#3033,10.);
#701=VECTOR('',#3038,10.);
#702=VECTOR('',#3041,10.);
#703=VECTOR('',#3050,10.);
#704=VECTOR('',#3053,10.);
#705=VECTOR('',#3054,10.);
#706=VECTOR('',#3057,10.);
#707=VECTOR('',#3062,10.);
#708=VECTOR('',#3073,10.);
#709=VECTOR('',#3076,10.);
#710=VECTOR('',#3081,10.);
#711=VECTOR('',#3086,10.);
#712=VECTOR('',#3087,10.);
#713=VECTOR('',#3090,10.);
#714=VECTOR('',#3095,10.);
#715=VECTOR('',#3100,10.);
#716=CIRCLE('',#2177,9.35);
#717=CIRCLE('',#2178,9.35);
#718=CIRCLE('',#2179,9.35);
#719=CIRCLE('',#2180,9.35);
#720=CIRCLE('',#2181,9.35);
#721=CIRCLE('',#2182,9.35);
#722=CIRCLE('',#2183,9.35);
#723=CIRCLE('',#2184,9.35);
#724=CIRCLE('',#2185,9.35);
#725=CIRCLE('',#2186,9.35);
#726=CIRCLE('',#2187,9.35);
#727=CIRCLE('',#2188,9.35);
#728=CIRCLE('',#2190,0.5);
#729=CIRCLE('',#2191,0.2);
#730=CIRCLE('',#2193,9.35);
#731=CIRCLE('',#2194,9.35);
#732=CIRCLE('',#2195,9.35);
#733=CIRCLE('',#2196,9.35);
#734=CIRCLE('',#2197,9.35);
#735=CIRCLE('',#2198,9.35);
#736=CIRCLE('',#2199,9.35);
#737=CIRCLE('',#2200,9.35);
#738=CIRCLE('',#2201,9.35);
#739=CIRCLE('',#2202,9.35);
#740=CIRCLE('',#2203,9.35);
#741=CIRCLE('',#2204,9.35);
#742=CIRCLE('',#2206,0.5);
#743=CIRCLE('',#2207,0.2);
#744=CIRCLE('',#2211,12.5);
#745=CIRCLE('',#2213,12.5);
#746=CIRCLE('',#2214,12.5);
#747=CIRCLE('',#2215,12.5);
#748=CIRCLE('',#2216,12.5);
#749=CIRCLE('',#2217,12.5);
#750=CIRCLE('',#2218,12.5);
#751=CIRCLE('',#2219,12.5);
#752=CIRCLE('',#2221,0.5);
#753=CIRCLE('',#2222,8.45);
#754=CIRCLE('',#2223,0.5);
#755=CIRCLE('',#2224,12.5);
#756=CIRCLE('',#2225,0.625);
#757=CIRCLE('',#2226,13.75);
#758=CIRCLE('',#2227,0.625);
#759=CIRCLE('',#2230,6.7);
#760=CIRCLE('',#2231,6.7);
#761=CIRCLE('',#2232,6.7);
#762=CIRCLE('',#2233,6.7);
#763=CIRCLE('',#2234,6.7);
#764=CIRCLE('',#2235,6.7);
#765=CIRCLE('',#2237,13.75);
#766=CIRCLE('',#2238,8.45);
#767=CIRCLE('',#2239,8.45);
#768=CIRCLE('',#2240,12.5);
#769=CIRCLE('',#2242,8.45);
#770=CIRCLE('',#2243,8.45);
#771=CIRCLE('',#2245,8.45);
#772=CIRCLE('',#2249,12.5);
#773=CIRCLE('',#2251,12.5);
#774=CIRCLE('',#2252,12.5);
#775=CIRCLE('',#2253,12.5);
#776=CIRCLE('',#2254,12.5);
#777=CIRCLE('',#2255,12.5);
#778=CIRCLE('',#2257,0.5);
#779=CIRCLE('',#2258,8.45);
#780=CIRCLE('',#2259,0.5);
#781=CIRCLE('',#2260,0.625);
#782=CIRCLE('',#2261,13.75);
#783=CIRCLE('',#2262,0.625);
#784=CIRCLE('',#2265,6.7);
#785=CIRCLE('',#2266,6.7);
#786=CIRCLE('',#2267,6.7);
#787=CIRCLE('',#2268,6.7);
#788=CIRCLE('',#2269,6.7);
#789=CIRCLE('',#2270,6.7);
#790=CIRCLE('',#2272,8.45);
#791=CIRCLE('',#2275,13.);
#792=CIRCLE('',#2276,0.125);
#793=CIRCLE('',#2277,13.25);
#794=CIRCLE('',#2278,0.125);
#795=CIRCLE('',#2281,13.25);
#796=CIRCLE('',#2282,0.125);
#797=CIRCLE('',#2283,13.);
#798=CIRCLE('',#2284,0.125);
#799=CIRCLE('',#2286,8.65);
#800=CIRCLE('',#2287,0.200000000000001);
#801=CIRCLE('',#2288,9.05);
#802=CIRCLE('',#2292,7.2);
#803=CIRCLE('',#2296,8.85);
#804=CIRCLE('',#2299,7.2);
#805=CIRCLE('',#2307,7.2);
#806=CIRCLE('',#2311,8.85);
#807=CIRCLE('',#2314,7.2);
#808=CIRCLE('',#2320,8.65);
#809=CIRCLE('',#2321,8.35);
#810=CIRCLE('',#2323,0.5);
#811=CIRCLE('',#2324,0.200000000000002);
#812=CIRCLE('',#2326,0.5);
#813=CIRCLE('',#2327,0.200000000000001);
#814=CIRCLE('',#2329,9.05);
#815=CIRCLE('',#2331,0.5);
#816=CIRCLE('',#2333,8.35);
#817=CIRCLE('',#2336,8.65);
#818=CIRCLE('',#2337,8.35);
#819=CIRCLE('',#2339,0.5);
#820=CIRCLE('',#2340,0.200000000000003);
#821=CIRCLE('',#2342,0.5);
#822=CIRCLE('',#2343,0.200000000000001);
#823=CIRCLE('',#2345,9.05);
#824=CIRCLE('',#2347,0.5);
#825=CIRCLE('',#2349,8.35);
#826=CIRCLE('',#2352,9.05);
#827=CIRCLE('',#2354,0.625);
#828=CIRCLE('',#2356,13.75);
#829=CIRCLE('',#2357,13.75);
#830=CIRCLE('',#2359,0.625);
#831=CIRCLE('',#2362,0.5);
#832=CIRCLE('',#2363,0.200000000000001);
#833=CIRCLE('',#2365,8.65);
#834=CIRCLE('',#2366,8.35);
#835=CIRCLE('',#2370,13.75);
#836=CIRCLE('',#2374,8.35);
#837=CIRCLE('',#2376,0.5);
#838=CIRCLE('',#2379,0.625);
#839=CIRCLE('',#2382,0.625);
#840=CIRCLE('',#2386,0.5);
#841=CIRCLE('',#2388,8.35);
#842=CIRCLE('',#2391,0.5);
#843=CIRCLE('',#2394,0.5);
#844=CIRCLE('',#2397,0.5);
#845=CIRCLE('',#2401,8.35);
#846=CIRCLE('',#2403,0.5);
#847=CIRCLE('',#2411,0.5);
#848=VERTEX_POINT('',#3109);
#849=VERTEX_POINT('',#3110);
#850=VERTEX_POINT('',#3112);
#851=VERTEX_POINT('',#3114);
#852=VERTEX_POINT('',#3116);
#853=VERTEX_POINT('',#3118);
#854=VERTEX_POINT('',#3120);
#855=VERTEX_POINT('',#3122);
#856=VERTEX_POINT('',#3124);
#857=VERTEX_POINT('',#3126);
#858=VERTEX_POINT('',#3128);
#859=VERTEX_POINT('',#3130);
#860=VERTEX_POINT('',#3132);
#861=VERTEX_POINT('',#3134);
#862=VERTEX_POINT('',#3136);
#863=VERTEX_POINT('',#3138);
#864=VERTEX_POINT('',#3140);
#865=VERTEX_POINT('',#3142);
#866=VERTEX_POINT('',#3144);
#867=VERTEX_POINT('',#3146);
#868=VERTEX_POINT('',#3148);
#869=VERTEX_POINT('',#3150);
#870=VERTEX_POINT('',#3152);
#871=VERTEX_POINT('',#3154);
#872=VERTEX_POINT('',#3158);
#873=VERTEX_POINT('',#3160);
#874=VERTEX_POINT('',#3162);
#875=VERTEX_POINT('',#3166);
#876=VERTEX_POINT('',#3167);
#877=VERTEX_POINT('',#3169);
#878=VERTEX_POINT('',#3171);
#879=VERTEX_POINT('',#3173);
#880=VERTEX_POINT('',#3175);
#881=VERTEX_POINT('',#3177);
#882=VERTEX_POINT('',#3179);
#883=VERTEX_POINT('',#3181);
#884=VERTEX_POINT('',#3183);
#885=VERTEX_POINT('',#3185);
#886=VERTEX_POINT('',#3187);
#887=VERTEX_POINT('',#3189);
#888=VERTEX_POINT('',#3191);
#889=VERTEX_POINT('',#3193);
#890=VERTEX_POINT('',#3195);
#891=VERTEX_POINT('',#3197);
#892=VERTEX_POINT('',#3199);
#893=VERTEX_POINT('',#3201);
#894=VERTEX_POINT('',#3203);
#895=VERTEX_POINT('',#3205);
#896=VERTEX_POINT('',#3207);
#897=VERTEX_POINT('',#3209);
#898=VERTEX_POINT('',#3211);
#899=VERTEX_POINT('',#3215);
#900=VERTEX_POINT('',#3217);
#901=VERTEX_POINT('',#3219);
#902=VERTEX_POINT('',#3223);
#903=VERTEX_POINT('',#3225);
#904=VERTEX_POINT('',#3229);
#905=VERTEX_POINT('',#3231);
#906=VERTEX_POINT('',#3237);
#907=VERTEX_POINT('',#3239);
#908=VERTEX_POINT('',#3241);
#909=VERTEX_POINT('',#3243);
#910=VERTEX_POINT('',#3245);
#911=VERTEX_POINT('',#3247);
#912=VERTEX_POINT('',#3249);
#913=VERTEX_POINT('',#3251);
#914=VERTEX_POINT('',#3253);
#915=VERTEX_POINT('',#3255);
#916=VERTEX_POINT('',#3257);
#917=VERTEX_POINT('',#3259);
#918=VERTEX_POINT('',#3263);
#919=VERTEX_POINT('',#3265);
#920=VERTEX_POINT('',#3267);
#921=VERTEX_POINT('',#3269);
#922=VERTEX_POINT('',#3272);
#923=VERTEX_POINT('',#3274);
#924=VERTEX_POINT('',#3276);
#925=VERTEX_POINT('',#3278);
#926=VERTEX_POINT('',#3284);
#927=VERTEX_POINT('',#3285);
#928=VERTEX_POINT('',#3287);
#929=VERTEX_POINT('',#3289);
#930=VERTEX_POINT('',#3291);
#931=VERTEX_POINT('',#3293);
#932=VERTEX_POINT('',#3295);
#933=VERTEX_POINT('',#3297);
#934=VERTEX_POINT('',#3299);
#935=VERTEX_POINT('',#3301);
#936=VERTEX_POINT('',#3303);
#937=VERTEX_POINT('',#3305);
#938=VERTEX_POINT('',#3309);
#939=VERTEX_POINT('',#3311);
#940=VERTEX_POINT('',#3312);
#941=VERTEX_POINT('',#3315);
#942=VERTEX_POINT('',#3317);
#943=VERTEX_POINT('',#3319);
#944=VERTEX_POINT('',#3321);
#945=VERTEX_POINT('',#3325);
#946=VERTEX_POINT('',#3326);
#947=VERTEX_POINT('',#3329);
#948=VERTEX_POINT('',#3331);
#949=VERTEX_POINT('',#3336);
#950=VERTEX_POINT('',#3338);
#951=VERTEX_POINT('',#3344);
#952=VERTEX_POINT('',#3346);
#953=VERTEX_POINT('',#3350);
#954=VERTEX_POINT('',#3352);
#955=VERTEX_POINT('',#3358);
#956=VERTEX_POINT('',#3360);
#957=VERTEX_POINT('',#3362);
#958=VERTEX_POINT('',#3365);
#959=VERTEX_POINT('',#3367);
#960=VERTEX_POINT('',#3369);
#961=VERTEX_POINT('',#3371);
#962=VERTEX_POINT('',#3374);
#963=VERTEX_POINT('',#3378);
#964=VERTEX_POINT('',#3380);
#965=VERTEX_POINT('',#3382);
#966=VERTEX_POINT('',#3384);
#967=VERTEX_POINT('',#3388);
#968=VERTEX_POINT('',#3390);
#969=VERTEX_POINT('',#3396);
#970=VERTEX_POINT('',#3397);
#971=VERTEX_POINT('',#3399);
#972=VERTEX_POINT('',#3401);
#973=VERTEX_POINT('',#3403);
#974=VERTEX_POINT('',#3405);
#975=VERTEX_POINT('',#3407);
#976=VERTEX_POINT('',#3409);
#977=VERTEX_POINT('',#3411);
#978=VERTEX_POINT('',#3413);
#979=VERTEX_POINT('',#3415);
#980=VERTEX_POINT('',#3417);
#981=VERTEX_POINT('',#3421);
#982=VERTEX_POINT('',#3422);
#983=VERTEX_POINT('',#3434);
#984=VERTEX_POINT('',#3435);
#985=VERTEX_POINT('',#3437);
#986=VERTEX_POINT('',#3439);
#987=VERTEX_POINT('',#3444);
#988=VERTEX_POINT('',#3445);
#989=VERTEX_POINT('',#3447);
#990=VERTEX_POINT('',#3449);
#991=VERTEX_POINT('',#3453);
#992=VERTEX_POINT('',#3455);
#993=VERTEX_POINT('',#3459);
#994=VERTEX_POINT('',#3460);
#995=VERTEX_POINT('',#3462);
#996=VERTEX_POINT('',#3470);
#997=VERTEX_POINT('',#3472);
#998=VERTEX_POINT('',#3476);
#999=VERTEX_POINT('',#3481);
#1000=VERTEX_POINT('',#3492);
#1001=VERTEX_POINT('',#3499);
#1002=VERTEX_POINT('',#3507);
#1003=VERTEX_POINT('',#3516);
#1004=VERTEX_POINT('',#3520);
#1005=VERTEX_POINT('',#3527);
#1006=VERTEX_POINT('',#3528);
#1007=VERTEX_POINT('',#3530);
#1008=VERTEX_POINT('',#3538);
#1009=VERTEX_POINT('',#3540);
#1010=VERTEX_POINT('',#3544);
#1011=VERTEX_POINT('',#3549);
#1012=VERTEX_POINT('',#3560);
#1013=VERTEX_POINT('',#3567);
#1014=VERTEX_POINT('',#3575);
#1015=VERTEX_POINT('',#3584);
#1016=VERTEX_POINT('',#3588);
#1017=VERTEX_POINT('',#3595);
#1018=VERTEX_POINT('',#3596);
#1019=VERTEX_POINT('',#3598);
#1020=VERTEX_POINT('',#3600);
#1021=VERTEX_POINT('',#3604);
#1022=VERTEX_POINT('',#3610);
#1023=VERTEX_POINT('',#3616);
#1024=VERTEX_POINT('',#3620);
#1025=VERTEX_POINT('',#3625);
#1026=VERTEX_POINT('',#3626);
#1027=VERTEX_POINT('',#3628);
#1028=VERTEX_POINT('',#3630);
#1029=VERTEX_POINT('',#3634);
#1030=VERTEX_POINT('',#3640);
#1031=VERTEX_POINT('',#3646);
#1032=VERTEX_POINT('',#3650);
#1033=VERTEX_POINT('',#3655);
#1034=VERTEX_POINT('',#3660);
#1035=VERTEX_POINT('',#3664);
#1036=VERTEX_POINT('',#3666);
#1037=VERTEX_POINT('',#3674);
#1038=VERTEX_POINT('',#3675);
#1039=VERTEX_POINT('',#3687);
#1040=VERTEX_POINT('',#3689);
#1041=VERTEX_POINT('',#3696);
#1042=VERTEX_POINT('',#3715);
#1043=VERTEX_POINT('',#3717);
#1044=VERTEX_POINT('',#3721);
#1045=VERTEX_POINT('',#3726);
#1046=VERTEX_POINT('',#3730);
#1047=VERTEX_POINT('',#3736);
#1048=VERTEX_POINT('',#3740);
#1049=VERTEX_POINT('',#3750);
#1050=EDGE_CURVE('',#848,#849,#716,.T.);
#1051=EDGE_CURVE('',#850,#848,#358,.T.);
#1052=EDGE_CURVE('',#851,#850,#717,.T.);
#1053=EDGE_CURVE('',#852,#851,#359,.T.);
#1054=EDGE_CURVE('',#853,#852,#718,.T.);
#1055=EDGE_CURVE('',#853,#854,#360,.T.);
#1056=EDGE_CURVE('',#854,#855,#719,.T.);
#1057=EDGE_CURVE('',#855,#856,#361,.T.);
#1058=EDGE_CURVE('',#857,#856,#720,.T.);
#1059=EDGE_CURVE('',#858,#857,#362,.T.);
#1060=EDGE_CURVE('',#859,#858,#721,.T.);
#1061=EDGE_CURVE('',#860,#859,#363,.T.);
#1062=EDGE_CURVE('',#861,#860,#722,.T.);
#1063=EDGE_CURVE('',#861,#862,#364,.T.);
#1064=EDGE_CURVE('',#862,#863,#723,.T.);
#1065=EDGE_CURVE('',#863,#864,#365,.T.);
#1066=EDGE_CURVE('',#865,#864,#724,.T.);
#1067=EDGE_CURVE('',#866,#865,#366,.T.);
#1068=EDGE_CURVE('',#867,#866,#725,.T.);
#1069=EDGE_CURVE('',#868,#867,#367,.T.);
#1070=EDGE_CURVE('',#869,#868,#726,.T.);
#1071=EDGE_CURVE('',#869,#870,#368,.T.);
#1072=EDGE_CURVE('',#871,#870,#727,.T.);
#1073=EDGE_CURVE('',#849,#871,#369,.T.);
#1074=EDGE_CURVE('',#872,#850,#728,.T.);
#1075=EDGE_CURVE('',#873,#872,#370,.T.);
#1076=EDGE_CURVE('',#874,#873,#729,.T.);
#1077=EDGE_CURVE('',#874,#850,#371,.T.);
#1078=EDGE_CURVE('',#875,#876,#730,.T.);
#1079=EDGE_CURVE('',#877,#875,#372,.T.);
#1080=EDGE_CURVE('',#878,#877,#731,.T.);
#1081=EDGE_CURVE('',#879,#878,#373,.T.);
#1082=EDGE_CURVE('',#880,#879,#732,.T.);
#1083=EDGE_CURVE('',#880,#881,#374,.T.);
#1084=EDGE_CURVE('',#881,#882,#733,.T.);
#1085=EDGE_CURVE('',#882,#883,#375,.T.);
#1086=EDGE_CURVE('',#884,#883,#734,.T.);
#1087=EDGE_CURVE('',#884,#885,#376,.T.);
#1088=EDGE_CURVE('',#886,#885,#735,.T.);
#1089=EDGE_CURVE('',#887,#886,#377,.T.);
#1090=EDGE_CURVE('',#888,#887,#736,.T.);
#1091=EDGE_CURVE('',#888,#889,#378,.T.);
#1092=EDGE_CURVE('',#889,#890,#737,.T.);
#1093=EDGE_CURVE('',#890,#891,#379,.T.);
#1094=EDGE_CURVE('',#892,#891,#738,.T.);
#1095=EDGE_CURVE('',#893,#892,#380,.T.);
#1096=EDGE_CURVE('',#894,#893,#739,.T.);
#1097=EDGE_CURVE('',#895,#894,#381,.T.);
#1098=EDGE_CURVE('',#896,#895,#740,.T.);
#1099=EDGE_CURVE('',#896,#897,#382,.T.);
#1100=EDGE_CURVE('',#898,#897,#741,.T.);
#1101=EDGE_CURVE('',#876,#898,#383,.T.);
#1102=EDGE_CURVE('',#899,#877,#742,.T.);
#1103=EDGE_CURVE('',#900,#899,#384,.T.);
#1104=EDGE_CURVE('',#900,#901,#743,.T.);
#1105=EDGE_CURVE('',#877,#901,#385,.T.);
#1106=EDGE_CURVE('',#856,#902,#386,.T.);
#1107=EDGE_CURVE('',#855,#903,#387,.T.);
#1108=EDGE_CURVE('',#902,#903,#388,.T.);
#1109=EDGE_CURVE('',#904,#853,#389,.T.);
#1110=EDGE_CURVE('',#905,#904,#390,.T.);
#1111=EDGE_CURVE('',#905,#854,#391,.T.);
#1112=EDGE_CURVE('',#903,#905,#744,.T.);
#1113=EDGE_CURVE('',#906,#904,#745,.T.);
#1114=EDGE_CURVE('',#907,#906,#392,.T.);
#1115=EDGE_CURVE('',#908,#907,#746,.T.);
#1116=EDGE_CURVE('',#909,#908,#393,.T.);
#1117=EDGE_CURVE('',#910,#909,#747,.T.);
#1118=EDGE_CURVE('',#910,#911,#394,.T.);
#1119=EDGE_CURVE('',#911,#912,#748,.T.);
#1120=EDGE_CURVE('',#912,#913,#395,.T.);
#1121=EDGE_CURVE('',#914,#913,#749,.T.);
#1122=EDGE_CURVE('',#915,#914,#396,.T.);
#1123=EDGE_CURVE('',#916,#915,#750,.T.);
#1124=EDGE_CURVE('',#916,#917,#397,.T.);
#1125=EDGE_CURVE('',#902,#917,#751,.T.);
#1126=EDGE_CURVE('',#918,#852,#752,.F.);
#1127=EDGE_CURVE('',#918,#919,#398,.T.);
#1128=EDGE_CURVE('',#919,#920,#753,.T.);
#1129=EDGE_CURVE('',#920,#921,#399,.T.);
#1130=EDGE_CURVE('',#892,#921,#754,.F.);
#1131=EDGE_CURVE('',#891,#922,#400,.T.);
#1132=EDGE_CURVE('',#922,#923,#755,.T.);
#1133=EDGE_CURVE('',#924,#923,#756,.F.);
#1134=EDGE_CURVE('',#924,#925,#757,.T.);
#1135=EDGE_CURVE('',#906,#925,#758,.F.);
#1136=EDGE_CURVE('',#917,#857,#401,.T.);
#1137=EDGE_CURVE('',#926,#927,#759,.T.);
#1138=EDGE_CURVE('',#926,#928,#402,.T.);
#1139=EDGE_CURVE('',#929,#928,#760,.T.);
#1140=EDGE_CURVE('',#929,#930,#403,.T.);
#1141=EDGE_CURVE('',#931,#930,#761,.T.);
#1142=EDGE_CURVE('',#932,#931,#404,.T.);
#1143=EDGE_CURVE('',#933,#932,#762,.T.);
#1144=EDGE_CURVE('',#933,#934,#405,.T.);
#1145=EDGE_CURVE('',#935,#934,#763,.T.);
#1146=EDGE_CURVE('',#936,#935,#406,.T.);
#1147=EDGE_CURVE('',#937,#936,#764,.T.);
#1148=EDGE_CURVE('',#927,#937,#407,.T.);
#1149=EDGE_CURVE('',#938,#938,#765,.T.);
#1150=EDGE_CURVE('',#939,#940,#766,.T.);
#1151=EDGE_CURVE('',#940,#916,#408,.T.);
#1152=EDGE_CURVE('',#915,#941,#409,.T.);
#1153=EDGE_CURVE('',#941,#942,#767,.T.);
#1154=EDGE_CURVE('',#942,#943,#410,.T.);
#1155=EDGE_CURVE('',#943,#944,#768,.T.);
#1156=EDGE_CURVE('',#944,#939,#411,.T.);
#1157=EDGE_CURVE('',#945,#946,#769,.T.);
#1158=EDGE_CURVE('',#940,#946,#412,.T.);
#1159=EDGE_CURVE('',#939,#947,#413,.T.);
#1160=EDGE_CURVE('',#947,#948,#770,.T.);
#1161=EDGE_CURVE('',#948,#920,#414,.T.);
#1162=EDGE_CURVE('',#919,#945,#415,.T.);
#1163=EDGE_CURVE('',#927,#949,#416,.T.);
#1164=EDGE_CURVE('',#950,#949,#771,.T.);
#1165=EDGE_CURVE('',#859,#950,#417,.T.);
#1166=EDGE_CURVE('',#946,#858,#418,.T.);
#1167=EDGE_CURVE('',#945,#926,#419,.T.);
#1168=EDGE_CURVE('',#883,#951,#420,.T.);
#1169=EDGE_CURVE('',#882,#952,#421,.T.);
#1170=EDGE_CURVE('',#951,#952,#422,.T.);
#1171=EDGE_CURVE('',#953,#880,#423,.T.);
#1172=EDGE_CURVE('',#954,#953,#424,.T.);
#1173=EDGE_CURVE('',#954,#881,#425,.T.);
#1174=EDGE_CURVE('',#952,#954,#772,.T.);
#1175=EDGE_CURVE('',#955,#953,#773,.T.);
#1176=EDGE_CURVE('',#956,#955,#426,.T.);
#1177=EDGE_CURVE('',#957,#956,#774,.T.);
#1178=EDGE_CURVE('',#923,#957,#427,.T.);
#1179=EDGE_CURVE('',#922,#958,#428,.T.);
#1180=EDGE_CURVE('',#958,#959,#775,.T.);
#1181=EDGE_CURVE('',#959,#960,#429,.T.);
#1182=EDGE_CURVE('',#961,#960,#776,.T.);
#1183=EDGE_CURVE('',#944,#961,#430,.T.);
#1184=EDGE_CURVE('',#943,#962,#431,.T.);
#1185=EDGE_CURVE('',#951,#962,#777,.T.);
#1186=EDGE_CURVE('',#963,#879,#778,.F.);
#1187=EDGE_CURVE('',#963,#964,#432,.T.);
#1188=EDGE_CURVE('',#964,#965,#779,.T.);
#1189=EDGE_CURVE('',#965,#966,#433,.T.);
#1190=EDGE_CURVE('',#865,#966,#780,.F.);
#1191=EDGE_CURVE('',#864,#910,#434,.T.);
#1192=EDGE_CURVE('',#967,#909,#781,.F.);
#1193=EDGE_CURVE('',#967,#968,#782,.T.);
#1194=EDGE_CURVE('',#955,#968,#783,.F.);
#1195=EDGE_CURVE('',#962,#884,#435,.T.);
#1196=EDGE_CURVE('',#969,#970,#784,.T.);
#1197=EDGE_CURVE('',#971,#969,#436,.T.);
#1198=EDGE_CURVE('',#972,#971,#785,.T.);
#1199=EDGE_CURVE('',#972,#973,#437,.T.);
#1200=EDGE_CURVE('',#974,#973,#786,.T.);
#1201=EDGE_CURVE('',#975,#974,#438,.T.);
#1202=EDGE_CURVE('',#976,#975,#787,.T.);
#1203=EDGE_CURVE('',#976,#977,#439,.T.);
#1204=EDGE_CURVE('',#978,#977,#788,.T.);
#1205=EDGE_CURVE('',#979,#978,#440,.T.);
#1206=EDGE_CURVE('',#980,#979,#789,.T.);
#1207=EDGE_CURVE('',#970,#980,#441,.T.);
#1208=EDGE_CURVE('',#981,#982,#790,.T.);
#1209=EDGE_CURVE('',#942,#982,#442,.T.);
#1210=EDGE_CURVE('',#941,#950,#443,.T.);
#1211=EDGE_CURVE('',#949,#965,#444,.T.);
#1212=EDGE_CURVE('',#964,#981,#445,.T.);
#1213=EDGE_CURVE('',#970,#948,#446,.T.);
#1214=EDGE_CURVE('',#886,#947,#447,.T.);
#1215=EDGE_CURVE('',#982,#885,#448,.T.);
#1216=EDGE_CURVE('',#981,#969,#449,.T.);
#1217=EDGE_CURVE('',#983,#984,#791,.T.);
#1218=EDGE_CURVE('',#985,#983,#792,.T.);
#1219=EDGE_CURVE('',#986,#985,#793,.T.);
#1220=EDGE_CURVE('',#984,#986,#794,.T.);
#1221=EDGE_CURVE('',#987,#988,#795,.T.);
#1222=EDGE_CURVE('',#989,#987,#796,.T.);
#1223=EDGE_CURVE('',#990,#989,#797,.T.);
#1224=EDGE_CURVE('',#988,#990,#798,.T.);
#1225=EDGE_CURVE('',#991,#900,#799,.T.);
#1226=EDGE_CURVE('',#992,#991,#800,.T.);
#1227=EDGE_CURVE('',#901,#992,#801,.T.);
#1228=EDGE_CURVE('',#993,#994,#450,.T.);
#1229=EDGE_CURVE('',#994,#995,#451,.T.);
#1230=EDGE_CURVE('',#995,#974,#452,.T.);
#1231=EDGE_CURVE('',#993,#974,#15,.T.);
#1232=EDGE_CURVE('',#994,#996,#453,.T.);
#1233=EDGE_CURVE('',#996,#997,#454,.T.);
#1234=EDGE_CURVE('',#997,#995,#455,.T.);
#1235=EDGE_CURVE('',#977,#998,#16,.T.);
#1236=EDGE_CURVE('',#998,#999,#802,.T.);
#1237=EDGE_CURVE('',#999,#978,#17,.T.);
#1238=EDGE_CURVE('',#996,#998,#456,.T.);
#1239=EDGE_CURVE('',#977,#997,#457,.T.);
#1240=EDGE_CURVE('',#897,#978,#458,.T.);
#1241=EDGE_CURVE('',#999,#1000,#459,.T.);
#1242=EDGE_CURVE('',#1000,#897,#18,.T.);
#1243=EDGE_CURVE('',#1000,#1001,#803,.T.);
#1244=EDGE_CURVE('',#1001,#898,#19,.T.);
#1245=EDGE_CURVE('',#973,#898,#460,.T.);
#1246=EDGE_CURVE('',#1001,#1002,#461,.T.);
#1247=EDGE_CURVE('',#1002,#973,#20,.T.);
#1248=EDGE_CURVE('',#1002,#993,#804,.T.);
#1249=EDGE_CURVE('',#1003,#995,#462,.T.);
#1250=EDGE_CURVE('',#975,#1003,#463,.T.);
#1251=EDGE_CURVE('',#1004,#997,#464,.T.);
#1252=EDGE_CURVE('',#1003,#1004,#465,.T.);
#1253=EDGE_CURVE('',#1004,#976,#466,.T.);
#1254=EDGE_CURVE('',#1005,#1006,#467,.T.);
#1255=EDGE_CURVE('',#1006,#1007,#468,.T.);
#1256=EDGE_CURVE('',#1007,#931,#469,.T.);
#1257=EDGE_CURVE('',#1005,#931,#21,.T.);
#1258=EDGE_CURVE('',#1006,#1008,#470,.T.);
#1259=EDGE_CURVE('',#1008,#1009,#471,.T.);
#1260=EDGE_CURVE('',#1009,#1007,#472,.T.);
#1261=EDGE_CURVE('',#934,#1010,#22,.T.);
#1262=EDGE_CURVE('',#1010,#1011,#805,.T.);
#1263=EDGE_CURVE('',#1011,#935,#23,.T.);
#1264=EDGE_CURVE('',#1008,#1010,#473,.T.);
#1265=EDGE_CURVE('',#934,#1009,#474,.T.);
#1266=EDGE_CURVE('',#870,#935,#475,.T.);
#1267=EDGE_CURVE('',#1011,#1012,#476,.T.);
#1268=EDGE_CURVE('',#1012,#870,#24,.T.);
#1269=EDGE_CURVE('',#1012,#1013,#806,.T.);
#1270=EDGE_CURVE('',#1013,#871,#25,.T.);
#1271=EDGE_CURVE('',#930,#871,#477,.T.);
#1272=EDGE_CURVE('',#1013,#1014,#478,.T.);
#1273=EDGE_CURVE('',#1014,#930,#26,.T.);
#1274=EDGE_CURVE('',#1014,#1005,#807,.T.);
#1275=EDGE_CURVE('',#1015,#1007,#479,.T.);
#1276=EDGE_CURVE('',#932,#1015,#480,.T.);
#1277=EDGE_CURVE('',#1016,#1009,#481,.T.);
#1278=EDGE_CURVE('',#1015,#1016,#482,.T.);
#1279=EDGE_CURVE('',#1016,#933,#483,.T.);
#1280=EDGE_CURVE('',#1017,#1018,#484,.T.);
#1281=EDGE_CURVE('',#1018,#1019,#808,.T.);
#1282=EDGE_CURVE('',#1019,#1020,#485,.T.);
#1283=EDGE_CURVE('',#1020,#1017,#809,.T.);
#1284=EDGE_CURVE('',#1021,#893,#486,.T.);
#1285=EDGE_CURVE('',#893,#1020,#810,.T.);
#1286=EDGE_CURVE('',#1019,#1021,#811,.T.);
#1287=EDGE_CURVE('',#1017,#894,#812,.T.);
#1288=EDGE_CURVE('',#894,#1022,#487,.T.);
#1289=EDGE_CURVE('',#1022,#1018,#813,.T.);
#1290=EDGE_CURVE('',#1021,#1022,#814,.T.);
#1291=EDGE_CURVE('',#1017,#1023,#488,.T.);
#1292=EDGE_CURVE('',#1023,#895,#815,.F.);
#1293=EDGE_CURVE('',#1024,#1020,#489,.T.);
#1294=EDGE_CURVE('',#1023,#1024,#816,.T.);
#1295=EDGE_CURVE('',#1025,#1026,#490,.T.);
#1296=EDGE_CURVE('',#1026,#1027,#817,.T.);
#1297=EDGE_CURVE('',#1027,#1028,#491,.T.);
#1298=EDGE_CURVE('',#1028,#1025,#818,.T.);
#1299=EDGE_CURVE('',#1029,#866,#492,.T.);
#1300=EDGE_CURVE('',#866,#1028,#819,.T.);
#1301=EDGE_CURVE('',#1027,#1029,#820,.T.);
#1302=EDGE_CURVE('',#1025,#867,#821,.T.);
#1303=EDGE_CURVE('',#867,#1030,#493,.T.);
#1304=EDGE_CURVE('',#1030,#1026,#822,.T.);
#1305=EDGE_CURVE('',#1029,#1030,#823,.T.);
#1306=EDGE_CURVE('',#1025,#1031,#494,.T.);
#1307=EDGE_CURVE('',#1031,#868,#824,.F.);
#1308=EDGE_CURVE('',#1032,#1028,#495,.T.);
#1309=EDGE_CURVE('',#1031,#1032,#825,.T.);
#1310=EDGE_CURVE('',#874,#1033,#826,.T.);
#1311=EDGE_CURVE('',#1033,#851,#496,.T.);
#1312=EDGE_CURVE('',#907,#990,#497,.T.);
#1313=EDGE_CURVE('',#907,#1034,#827,.T.);
#1314=EDGE_CURVE('',#1034,#988,#498,.T.);
#1315=EDGE_CURVE('',#1035,#987,#499,.T.);
#1316=EDGE_CURVE('',#1034,#1036,#828,.T.);
#1317=EDGE_CURVE('',#1036,#1035,#829,.T.);
#1318=EDGE_CURVE('',#1035,#908,#830,.T.);
#1319=EDGE_CURVE('',#908,#989,#500,.T.);
#1320=EDGE_CURVE('',#1037,#1038,#501,.T.);
#1321=EDGE_CURVE('',#1038,#851,#831,.T.);
#1322=EDGE_CURVE('',#1033,#1037,#832,.T.);
#1323=EDGE_CURVE('',#1037,#873,#833,.T.);
#1324=EDGE_CURVE('',#872,#1038,#834,.T.);
#1325=EDGE_CURVE('',#1035,#967,#502,.T.);
#1326=EDGE_CURVE('',#925,#1034,#503,.T.);
#1327=EDGE_CURVE('',#1039,#924,#504,.T.);
#1328=EDGE_CURVE('',#1040,#1039,#835,.T.);
#1329=EDGE_CURVE('',#968,#1040,#505,.T.);
#1330=EDGE_CURVE('',#1036,#938,#506,.T.);
#1331=EDGE_CURVE('',#1041,#991,#507,.T.);
#1332=EDGE_CURVE('',#899,#1041,#836,.T.);
#1333=EDGE_CURVE('',#1041,#878,#837,.T.);
#1334=EDGE_CURVE('',#878,#992,#508,.T.);
#1335=EDGE_CURVE('',#956,#983,#509,.T.);
#1336=EDGE_CURVE('',#956,#1040,#838,.T.);
#1337=EDGE_CURVE('',#1040,#985,#510,.T.);
#1338=EDGE_CURVE('',#1039,#986,#511,.T.);
#1339=EDGE_CURVE('',#1039,#957,#839,.T.);
#1340=EDGE_CURVE('',#957,#984,#512,.T.);
#1341=EDGE_CURVE('',#1041,#1042,#513,.T.);
#1342=EDGE_CURVE('',#1042,#1043,#840,.F.);
#1343=EDGE_CURVE('',#1043,#963,#514,.T.);
#1344=EDGE_CURVE('',#1044,#899,#515,.T.);
#1345=EDGE_CURVE('',#1042,#1044,#841,.T.);
#1346=EDGE_CURVE('',#848,#1045,#842,.F.);
#1347=EDGE_CURVE('',#1045,#872,#516,.T.);
#1348=EDGE_CURVE('',#1046,#980,#517,.T.);
#1349=EDGE_CURVE('',#921,#1046,#518,.T.);
#1350=EDGE_CURVE('',#1046,#1024,#843,.F.);
#1351=EDGE_CURVE('',#928,#1047,#519,.T.);
#1352=EDGE_CURVE('',#1047,#918,#520,.T.);
#1353=EDGE_CURVE('',#1038,#1048,#521,.T.);
#1354=EDGE_CURVE('',#1048,#1047,#844,.F.);
#1355=EDGE_CURVE('',#936,#869,#522,.T.);
#1356=EDGE_CURVE('',#849,#929,#523,.T.);
#1357=EDGE_CURVE('',#1048,#1045,#845,.T.);
#1358=EDGE_CURVE('',#1049,#1032,#846,.F.);
#1359=EDGE_CURVE('',#1049,#937,#524,.T.);
#1360=EDGE_CURVE('',#960,#888,#525,.T.);
#1361=EDGE_CURVE('',#889,#959,#526,.T.);
#1362=EDGE_CURVE('',#958,#890,#527,.T.);
#1363=EDGE_CURVE('',#979,#896,#528,.T.);
#1364=EDGE_CURVE('',#875,#1044,#847,.F.);
#1365=EDGE_CURVE('',#966,#1049,#529,.T.);
#1366=EDGE_CURVE('',#971,#1043,#530,.T.);
#1367=EDGE_CURVE('',#876,#972,#531,.T.);
#1368=EDGE_CURVE('',#913,#861,#532,.T.);
#1369=EDGE_CURVE('',#862,#912,#533,.T.);
#1370=EDGE_CURVE('',#911,#863,#534,.T.);
#1371=EDGE_CURVE('',#860,#914,#535,.T.);
#1372=EDGE_CURVE('',#887,#961,#536,.T.);
#1373=ORIENTED_EDGE('',*,*,#1050,.F.);
#1374=ORIENTED_EDGE('',*,*,#1051,.F.);
#1375=ORIENTED_EDGE('',*,*,#1052,.F.);
#1376=ORIENTED_EDGE('',*,*,#1053,.F.);
#1377=ORIENTED_EDGE('',*,*,#1054,.F.);
#1378=ORIENTED_EDGE('',*,*,#1055,.T.);
#1379=ORIENTED_EDGE('',*,*,#1056,.T.);
#1380=ORIENTED_EDGE('',*,*,#1057,.T.);
#1381=ORIENTED_EDGE('',*,*,#1058,.F.);
#1382=ORIENTED_EDGE('',*,*,#1059,.F.);
#1383=ORIENTED_EDGE('',*,*,#1060,.F.);
#1384=ORIENTED_EDGE('',*,*,#1061,.F.);
#1385=ORIENTED_EDGE('',*,*,#1062,.F.);
#1386=ORIENTED_EDGE('',*,*,#1063,.T.);
#1387=ORIENTED_EDGE('',*,*,#1064,.T.);
#1388=ORIENTED_EDGE('',*,*,#1065,.T.);
#1389=ORIENTED_EDGE('',*,*,#1066,.F.);
#1390=ORIENTED_EDGE('',*,*,#1067,.F.);
#1391=ORIENTED_EDGE('',*,*,#1068,.F.);
#1392=ORIENTED_EDGE('',*,*,#1069,.F.);
#1393=ORIENTED_EDGE('',*,*,#1070,.F.);
#1394=ORIENTED_EDGE('',*,*,#1071,.T.);
#1395=ORIENTED_EDGE('',*,*,#1072,.F.);
#1396=ORIENTED_EDGE('',*,*,#1073,.F.);
#1397=ORIENTED_EDGE('',*,*,#1074,.F.);
#1398=ORIENTED_EDGE('',*,*,#1075,.F.);
#1399=ORIENTED_EDGE('',*,*,#1076,.F.);
#1400=ORIENTED_EDGE('',*,*,#1077,.T.);
#1401=ORIENTED_EDGE('',*,*,#1078,.F.);
#1402=ORIENTED_EDGE('',*,*,#1079,.F.);
#1403=ORIENTED_EDGE('',*,*,#1080,.F.);
#1404=ORIENTED_EDGE('',*,*,#1081,.F.);
#1405=ORIENTED_EDGE('',*,*,#1082,.F.);
#1406=ORIENTED_EDGE('',*,*,#1083,.T.);
#1407=ORIENTED_EDGE('',*,*,#1084,.T.);
#1408=ORIENTED_EDGE('',*,*,#1085,.T.);
#1409=ORIENTED_EDGE('',*,*,#1086,.F.);
#1410=ORIENTED_EDGE('',*,*,#1087,.T.);
#1411=ORIENTED_EDGE('',*,*,#1088,.F.);
#1412=ORIENTED_EDGE('',*,*,#1089,.F.);
#1413=ORIENTED_EDGE('',*,*,#1090,.F.);
#1414=ORIENTED_EDGE('',*,*,#1091,.T.);
#1415=ORIENTED_EDGE('',*,*,#1092,.T.);
#1416=ORIENTED_EDGE('',*,*,#1093,.T.);
#1417=ORIENTED_EDGE('',*,*,#1094,.F.);
#1418=ORIENTED_EDGE('',*,*,#1095,.F.);
#1419=ORIENTED_EDGE('',*,*,#1096,.F.);
#1420=ORIENTED_EDGE('',*,*,#1097,.F.);
#1421=ORIENTED_EDGE('',*,*,#1098,.F.);
#1422=ORIENTED_EDGE('',*,*,#1099,.T.);
#1423=ORIENTED_EDGE('',*,*,#1100,.F.);
#1424=ORIENTED_EDGE('',*,*,#1101,.F.);
#1425=ORIENTED_EDGE('',*,*,#1102,.F.);
#1426=ORIENTED_EDGE('',*,*,#1103,.F.);
#1427=ORIENTED_EDGE('',*,*,#1104,.T.);
#1428=ORIENTED_EDGE('',*,*,#1105,.F.);
#1429=ORIENTED_EDGE('',*,*,#1106,.F.);
#1430=ORIENTED_EDGE('',*,*,#1057,.F.);
#1431=ORIENTED_EDGE('',*,*,#1107,.T.);
#1432=ORIENTED_EDGE('',*,*,#1108,.F.);
#1433=ORIENTED_EDGE('',*,*,#1109,.F.);
#1434=ORIENTED_EDGE('',*,*,#1110,.F.);
#1435=ORIENTED_EDGE('',*,*,#1111,.T.);
#1436=ORIENTED_EDGE('',*,*,#1055,.F.);
#1437=ORIENTED_EDGE('',*,*,#1112,.F.);
#1438=ORIENTED_EDGE('',*,*,#1107,.F.);
#1439=ORIENTED_EDGE('',*,*,#1056,.F.);
#1440=ORIENTED_EDGE('',*,*,#1111,.F.);
#1441=ORIENTED_EDGE('',*,*,#1108,.T.);
#1442=ORIENTED_EDGE('',*,*,#1112,.T.);
#1443=ORIENTED_EDGE('',*,*,#1110,.T.);
#1444=ORIENTED_EDGE('',*,*,#1113,.F.);
#1445=ORIENTED_EDGE('',*,*,#1114,.F.);
#1446=ORIENTED_EDGE('',*,*,#1115,.F.);
#1447=ORIENTED_EDGE('',*,*,#1116,.F.);
#1448=ORIENTED_EDGE('',*,*,#1117,.F.);
#1449=ORIENTED_EDGE('',*,*,#1118,.T.);
#1450=ORIENTED_EDGE('',*,*,#1119,.T.);
#1451=ORIENTED_EDGE('',*,*,#1120,.T.);
#1452=ORIENTED_EDGE('',*,*,#1121,.F.);
#1453=ORIENTED_EDGE('',*,*,#1122,.F.);
#1454=ORIENTED_EDGE('',*,*,#1123,.F.);
#1455=ORIENTED_EDGE('',*,*,#1124,.T.);
#1456=ORIENTED_EDGE('',*,*,#1125,.F.);
#1457=ORIENTED_EDGE('',*,*,#1109,.T.);
#1458=ORIENTED_EDGE('',*,*,#1054,.T.);
#1459=ORIENTED_EDGE('',*,*,#1126,.F.);
#1460=ORIENTED_EDGE('',*,*,#1127,.T.);
#1461=ORIENTED_EDGE('',*,*,#1128,.T.);
#1462=ORIENTED_EDGE('',*,*,#1129,.T.);
#1463=ORIENTED_EDGE('',*,*,#1130,.F.);
#1464=ORIENTED_EDGE('',*,*,#1094,.T.);
#1465=ORIENTED_EDGE('',*,*,#1131,.T.);
#1466=ORIENTED_EDGE('',*,*,#1132,.T.);
#1467=ORIENTED_EDGE('',*,*,#1133,.F.);
#1468=ORIENTED_EDGE('',*,*,#1134,.T.);
#1469=ORIENTED_EDGE('',*,*,#1135,.F.);
#1470=ORIENTED_EDGE('',*,*,#1113,.T.);
#1471=ORIENTED_EDGE('',*,*,#1106,.T.);
#1472=ORIENTED_EDGE('',*,*,#1125,.T.);
#1473=ORIENTED_EDGE('',*,*,#1136,.T.);
#1474=ORIENTED_EDGE('',*,*,#1058,.T.);
#1475=ORIENTED_EDGE('',*,*,#1137,.F.);
#1476=ORIENTED_EDGE('',*,*,#1138,.T.);
#1477=ORIENTED_EDGE('',*,*,#1139,.F.);
#1478=ORIENTED_EDGE('',*,*,#1140,.T.);
#1479=ORIENTED_EDGE('',*,*,#1141,.F.);
#1480=ORIENTED_EDGE('',*,*,#1142,.F.);
#1481=ORIENTED_EDGE('',*,*,#1143,.F.);
#1482=ORIENTED_EDGE('',*,*,#1144,.T.);
#1483=ORIENTED_EDGE('',*,*,#1145,.F.);
#1484=ORIENTED_EDGE('',*,*,#1146,.F.);
#1485=ORIENTED_EDGE('',*,*,#1147,.F.);
#1486=ORIENTED_EDGE('',*,*,#1148,.F.);
#1487=ORIENTED_EDGE('',*,*,#1149,.T.);
#1488=ORIENTED_EDGE('',*,*,#1150,.T.);
#1489=ORIENTED_EDGE('',*,*,#1151,.T.);
#1490=ORIENTED_EDGE('',*,*,#1123,.T.);
#1491=ORIENTED_EDGE('',*,*,#1152,.T.);
#1492=ORIENTED_EDGE('',*,*,#1153,.T.);
#1493=ORIENTED_EDGE('',*,*,#1154,.T.);
#1494=ORIENTED_EDGE('',*,*,#1155,.T.);
#1495=ORIENTED_EDGE('',*,*,#1156,.T.);
#1496=ORIENTED_EDGE('',*,*,#1157,.T.);
#1497=ORIENTED_EDGE('',*,*,#1158,.F.);
#1498=ORIENTED_EDGE('',*,*,#1150,.F.);
#1499=ORIENTED_EDGE('',*,*,#1159,.T.);
#1500=ORIENTED_EDGE('',*,*,#1160,.T.);
#1501=ORIENTED_EDGE('',*,*,#1161,.T.);
#1502=ORIENTED_EDGE('',*,*,#1128,.F.);
#1503=ORIENTED_EDGE('',*,*,#1162,.T.);
#1504=ORIENTED_EDGE('',*,*,#1137,.T.);
#1505=ORIENTED_EDGE('',*,*,#1163,.T.);
#1506=ORIENTED_EDGE('',*,*,#1164,.F.);
#1507=ORIENTED_EDGE('',*,*,#1165,.F.);
#1508=ORIENTED_EDGE('',*,*,#1060,.T.);
#1509=ORIENTED_EDGE('',*,*,#1166,.F.);
#1510=ORIENTED_EDGE('',*,*,#1157,.F.);
#1511=ORIENTED_EDGE('',*,*,#1167,.T.);
#1512=ORIENTED_EDGE('',*,*,#1168,.F.);
#1513=ORIENTED_EDGE('',*,*,#1085,.F.);
#1514=ORIENTED_EDGE('',*,*,#1169,.T.);
#1515=ORIENTED_EDGE('',*,*,#1170,.F.);
#1516=ORIENTED_EDGE('',*,*,#1171,.F.);
#1517=ORIENTED_EDGE('',*,*,#1172,.F.);
#1518=ORIENTED_EDGE('',*,*,#1173,.T.);
#1519=ORIENTED_EDGE('',*,*,#1083,.F.);
#1520=ORIENTED_EDGE('',*,*,#1174,.F.);
#1521=ORIENTED_EDGE('',*,*,#1169,.F.);
#1522=ORIENTED_EDGE('',*,*,#1084,.F.);
#1523=ORIENTED_EDGE('',*,*,#1173,.F.);
#1524=ORIENTED_EDGE('',*,*,#1170,.T.);
#1525=ORIENTED_EDGE('',*,*,#1174,.T.);
#1526=ORIENTED_EDGE('',*,*,#1172,.T.);
#1527=ORIENTED_EDGE('',*,*,#1175,.F.);
#1528=ORIENTED_EDGE('',*,*,#1176,.F.);
#1529=ORIENTED_EDGE('',*,*,#1177,.F.);
#1530=ORIENTED_EDGE('',*,*,#1178,.F.);
#1531=ORIENTED_EDGE('',*,*,#1132,.F.);
#1532=ORIENTED_EDGE('',*,*,#1179,.T.);
#1533=ORIENTED_EDGE('',*,*,#1180,.T.);
#1534=ORIENTED_EDGE('',*,*,#1181,.T.);
#1535=ORIENTED_EDGE('',*,*,#1182,.F.);
#1536=ORIENTED_EDGE('',*,*,#1183,.F.);
#1537=ORIENTED_EDGE('',*,*,#1155,.F.);
#1538=ORIENTED_EDGE('',*,*,#1184,.T.);
#1539=ORIENTED_EDGE('',*,*,#1185,.F.);
#1540=ORIENTED_EDGE('',*,*,#1171,.T.);
#1541=ORIENTED_EDGE('',*,*,#1082,.T.);
#1542=ORIENTED_EDGE('',*,*,#1186,.F.);
#1543=ORIENTED_EDGE('',*,*,#1187,.T.);
#1544=ORIENTED_EDGE('',*,*,#1188,.T.);
#1545=ORIENTED_EDGE('',*,*,#1189,.T.);
#1546=ORIENTED_EDGE('',*,*,#1190,.F.);
#1547=ORIENTED_EDGE('',*,*,#1066,.T.);
#1548=ORIENTED_EDGE('',*,*,#1191,.T.);
#1549=ORIENTED_EDGE('',*,*,#1117,.T.);
#1550=ORIENTED_EDGE('',*,*,#1192,.F.);
#1551=ORIENTED_EDGE('',*,*,#1193,.T.);
#1552=ORIENTED_EDGE('',*,*,#1194,.F.);
#1553=ORIENTED_EDGE('',*,*,#1175,.T.);
#1554=ORIENTED_EDGE('',*,*,#1168,.T.);
#1555=ORIENTED_EDGE('',*,*,#1185,.T.);
#1556=ORIENTED_EDGE('',*,*,#1195,.T.);
#1557=ORIENTED_EDGE('',*,*,#1086,.T.);
#1558=ORIENTED_EDGE('',*,*,#1196,.F.);
#1559=ORIENTED_EDGE('',*,*,#1197,.F.);
#1560=ORIENTED_EDGE('',*,*,#1198,.F.);
#1561=ORIENTED_EDGE('',*,*,#1199,.T.);
#1562=ORIENTED_EDGE('',*,*,#1200,.F.);
#1563=ORIENTED_EDGE('',*,*,#1201,.F.);
#1564=ORIENTED_EDGE('',*,*,#1202,.F.);
#1565=ORIENTED_EDGE('',*,*,#1203,.T.);
#1566=ORIENTED_EDGE('',*,*,#1204,.F.);
#1567=ORIENTED_EDGE('',*,*,#1205,.F.);
#1568=ORIENTED_EDGE('',*,*,#1206,.F.);
#1569=ORIENTED_EDGE('',*,*,#1207,.F.);
#1570=ORIENTED_EDGE('',*,*,#1208,.T.);
#1571=ORIENTED_EDGE('',*,*,#1209,.F.);
#1572=ORIENTED_EDGE('',*,*,#1153,.F.);
#1573=ORIENTED_EDGE('',*,*,#1210,.T.);
#1574=ORIENTED_EDGE('',*,*,#1164,.T.);
#1575=ORIENTED_EDGE('',*,*,#1211,.T.);
#1576=ORIENTED_EDGE('',*,*,#1188,.F.);
#1577=ORIENTED_EDGE('',*,*,#1212,.T.);
#1578=ORIENTED_EDGE('',*,*,#1196,.T.);
#1579=ORIENTED_EDGE('',*,*,#1213,.T.);
#1580=ORIENTED_EDGE('',*,*,#1160,.F.);
#1581=ORIENTED_EDGE('',*,*,#1214,.F.);
#1582=ORIENTED_EDGE('',*,*,#1088,.T.);
#1583=ORIENTED_EDGE('',*,*,#1215,.F.);
#1584=ORIENTED_EDGE('',*,*,#1208,.F.);
#1585=ORIENTED_EDGE('',*,*,#1216,.T.);
#1586=ORIENTED_EDGE('',*,*,#1217,.F.);
#1587=ORIENTED_EDGE('',*,*,#1218,.F.);
#1588=ORIENTED_EDGE('',*,*,#1219,.F.);
#1589=ORIENTED_EDGE('',*,*,#1220,.F.);
#1590=ORIENTED_EDGE('',*,*,#1195,.F.);
#1591=ORIENTED_EDGE('',*,*,#1184,.F.);
#1592=ORIENTED_EDGE('',*,*,#1154,.F.);
#1593=ORIENTED_EDGE('',*,*,#1209,.T.);
#1594=ORIENTED_EDGE('',*,*,#1215,.T.);
#1595=ORIENTED_EDGE('',*,*,#1087,.F.);
#1596=ORIENTED_EDGE('',*,*,#1221,.F.);
#1597=ORIENTED_EDGE('',*,*,#1222,.F.);
#1598=ORIENTED_EDGE('',*,*,#1223,.F.);
#1599=ORIENTED_EDGE('',*,*,#1224,.F.);
#1600=ORIENTED_EDGE('',*,*,#1225,.F.);
#1601=ORIENTED_EDGE('',*,*,#1226,.F.);
#1602=ORIENTED_EDGE('',*,*,#1227,.F.);
#1603=ORIENTED_EDGE('',*,*,#1104,.F.);
#1604=ORIENTED_EDGE('',*,*,#1228,.T.);
#1605=ORIENTED_EDGE('',*,*,#1229,.T.);
#1606=ORIENTED_EDGE('',*,*,#1230,.T.);
#1607=ORIENTED_EDGE('',*,*,#1231,.F.);
#1608=ORIENTED_EDGE('',*,*,#1232,.T.);
#1609=ORIENTED_EDGE('',*,*,#1233,.T.);
#1610=ORIENTED_EDGE('',*,*,#1234,.T.);
#1611=ORIENTED_EDGE('',*,*,#1229,.F.);
#1612=ORIENTED_EDGE('',*,*,#1204,.T.);
#1613=ORIENTED_EDGE('',*,*,#1235,.T.);
#1614=ORIENTED_EDGE('',*,*,#1236,.T.);
#1615=ORIENTED_EDGE('',*,*,#1237,.T.);
#1616=ORIENTED_EDGE('',*,*,#1238,.T.);
#1617=ORIENTED_EDGE('',*,*,#1235,.F.);
#1618=ORIENTED_EDGE('',*,*,#1239,.T.);
#1619=ORIENTED_EDGE('',*,*,#1233,.F.);
#1620=ORIENTED_EDGE('',*,*,#1240,.T.);
#1621=ORIENTED_EDGE('',*,*,#1237,.F.);
#1622=ORIENTED_EDGE('',*,*,#1241,.T.);
#1623=ORIENTED_EDGE('',*,*,#1242,.T.);
#1624=ORIENTED_EDGE('',*,*,#1100,.T.);
#1625=ORIENTED_EDGE('',*,*,#1242,.F.);
#1626=ORIENTED_EDGE('',*,*,#1243,.T.);
#1627=ORIENTED_EDGE('',*,*,#1244,.T.);
#1628=ORIENTED_EDGE('',*,*,#1245,.T.);
#1629=ORIENTED_EDGE('',*,*,#1244,.F.);
#1630=ORIENTED_EDGE('',*,*,#1246,.T.);
#1631=ORIENTED_EDGE('',*,*,#1247,.T.);
#1632=ORIENTED_EDGE('',*,*,#1200,.T.);
#1633=ORIENTED_EDGE('',*,*,#1247,.F.);
#1634=ORIENTED_EDGE('',*,*,#1248,.T.);
#1635=ORIENTED_EDGE('',*,*,#1231,.T.);
#1636=ORIENTED_EDGE('',*,*,#1230,.F.);
#1637=ORIENTED_EDGE('',*,*,#1249,.F.);
#1638=ORIENTED_EDGE('',*,*,#1250,.F.);
#1639=ORIENTED_EDGE('',*,*,#1201,.T.);
#1640=ORIENTED_EDGE('',*,*,#1234,.F.);
#1641=ORIENTED_EDGE('',*,*,#1251,.F.);
#1642=ORIENTED_EDGE('',*,*,#1252,.F.);
#1643=ORIENTED_EDGE('',*,*,#1249,.T.);
#1644=ORIENTED_EDGE('',*,*,#1239,.F.);
#1645=ORIENTED_EDGE('',*,*,#1203,.F.);
#1646=ORIENTED_EDGE('',*,*,#1253,.F.);
#1647=ORIENTED_EDGE('',*,*,#1251,.T.);
#1648=ORIENTED_EDGE('',*,*,#1236,.F.);
#1649=ORIENTED_EDGE('',*,*,#1238,.F.);
#1650=ORIENTED_EDGE('',*,*,#1232,.F.);
#1651=ORIENTED_EDGE('',*,*,#1228,.F.);
#1652=ORIENTED_EDGE('',*,*,#1248,.F.);
#1653=ORIENTED_EDGE('',*,*,#1246,.F.);
#1654=ORIENTED_EDGE('',*,*,#1243,.F.);
#1655=ORIENTED_EDGE('',*,*,#1241,.F.);
#1656=ORIENTED_EDGE('',*,*,#1254,.T.);
#1657=ORIENTED_EDGE('',*,*,#1255,.T.);
#1658=ORIENTED_EDGE('',*,*,#1256,.T.);
#1659=ORIENTED_EDGE('',*,*,#1257,.F.);
#1660=ORIENTED_EDGE('',*,*,#1258,.T.);
#1661=ORIENTED_EDGE('',*,*,#1259,.T.);
#1662=ORIENTED_EDGE('',*,*,#1260,.T.);
#1663=ORIENTED_EDGE('',*,*,#1255,.F.);
#1664=ORIENTED_EDGE('',*,*,#1145,.T.);
#1665=ORIENTED_EDGE('',*,*,#1261,.T.);
#1666=ORIENTED_EDGE('',*,*,#1262,.T.);
#1667=ORIENTED_EDGE('',*,*,#1263,.T.);
#1668=ORIENTED_EDGE('',*,*,#1264,.T.);
#1669=ORIENTED_EDGE('',*,*,#1261,.F.);
#1670=ORIENTED_EDGE('',*,*,#1265,.T.);
#1671=ORIENTED_EDGE('',*,*,#1259,.F.);
#1672=ORIENTED_EDGE('',*,*,#1266,.T.);
#1673=ORIENTED_EDGE('',*,*,#1263,.F.);
#1674=ORIENTED_EDGE('',*,*,#1267,.T.);
#1675=ORIENTED_EDGE('',*,*,#1268,.T.);
#1676=ORIENTED_EDGE('',*,*,#1072,.T.);
#1677=ORIENTED_EDGE('',*,*,#1268,.F.);
#1678=ORIENTED_EDGE('',*,*,#1269,.T.);
#1679=ORIENTED_EDGE('',*,*,#1270,.T.);
#1680=ORIENTED_EDGE('',*,*,#1271,.T.);
#1681=ORIENTED_EDGE('',*,*,#1270,.F.);
#1682=ORIENTED_EDGE('',*,*,#1272,.T.);
#1683=ORIENTED_EDGE('',*,*,#1273,.T.);
#1684=ORIENTED_EDGE('',*,*,#1141,.T.);
#1685=ORIENTED_EDGE('',*,*,#1273,.F.);
#1686=ORIENTED_EDGE('',*,*,#1274,.T.);
#1687=ORIENTED_EDGE('',*,*,#1257,.T.);
#1688=ORIENTED_EDGE('',*,*,#1256,.F.);
#1689=ORIENTED_EDGE('',*,*,#1275,.F.);
#1690=ORIENTED_EDGE('',*,*,#1276,.F.);
#1691=ORIENTED_EDGE('',*,*,#1142,.T.);
#1692=ORIENTED_EDGE('',*,*,#1260,.F.);
#1693=ORIENTED_EDGE('',*,*,#1277,.F.);
#1694=ORIENTED_EDGE('',*,*,#1278,.F.);
#1695=ORIENTED_EDGE('',*,*,#1275,.T.);
#1696=ORIENTED_EDGE('',*,*,#1265,.F.);
#1697=ORIENTED_EDGE('',*,*,#1144,.F.);
#1698=ORIENTED_EDGE('',*,*,#1279,.F.);
#1699=ORIENTED_EDGE('',*,*,#1277,.T.);
#1700=ORIENTED_EDGE('',*,*,#1262,.F.);
#1701=ORIENTED_EDGE('',*,*,#1264,.F.);
#1702=ORIENTED_EDGE('',*,*,#1258,.F.);
#1703=ORIENTED_EDGE('',*,*,#1254,.F.);
#1704=ORIENTED_EDGE('',*,*,#1274,.F.);
#1705=ORIENTED_EDGE('',*,*,#1272,.F.);
#1706=ORIENTED_EDGE('',*,*,#1269,.F.);
#1707=ORIENTED_EDGE('',*,*,#1267,.F.);
#1708=ORIENTED_EDGE('',*,*,#1280,.T.);
#1709=ORIENTED_EDGE('',*,*,#1281,.T.);
#1710=ORIENTED_EDGE('',*,*,#1282,.T.);
#1711=ORIENTED_EDGE('',*,*,#1283,.T.);
#1712=ORIENTED_EDGE('',*,*,#1284,.T.);
#1713=ORIENTED_EDGE('',*,*,#1285,.T.);
#1714=ORIENTED_EDGE('',*,*,#1282,.F.);
#1715=ORIENTED_EDGE('',*,*,#1286,.T.);
#1716=ORIENTED_EDGE('',*,*,#1280,.F.);
#1717=ORIENTED_EDGE('',*,*,#1287,.T.);
#1718=ORIENTED_EDGE('',*,*,#1288,.T.);
#1719=ORIENTED_EDGE('',*,*,#1289,.T.);
#1720=ORIENTED_EDGE('',*,*,#1284,.F.);
#1721=ORIENTED_EDGE('',*,*,#1290,.T.);
#1722=ORIENTED_EDGE('',*,*,#1288,.F.);
#1723=ORIENTED_EDGE('',*,*,#1096,.T.);
#1724=ORIENTED_EDGE('',*,*,#1287,.F.);
#1725=ORIENTED_EDGE('',*,*,#1291,.T.);
#1726=ORIENTED_EDGE('',*,*,#1292,.T.);
#1727=ORIENTED_EDGE('',*,*,#1097,.T.);
#1728=ORIENTED_EDGE('',*,*,#1283,.F.);
#1729=ORIENTED_EDGE('',*,*,#1293,.F.);
#1730=ORIENTED_EDGE('',*,*,#1294,.F.);
#1731=ORIENTED_EDGE('',*,*,#1291,.F.);
#1732=ORIENTED_EDGE('',*,*,#1281,.F.);
#1733=ORIENTED_EDGE('',*,*,#1289,.F.);
#1734=ORIENTED_EDGE('',*,*,#1290,.F.);
#1735=ORIENTED_EDGE('',*,*,#1286,.F.);
#1736=ORIENTED_EDGE('',*,*,#1295,.T.);
#1737=ORIENTED_EDGE('',*,*,#1296,.T.);
#1738=ORIENTED_EDGE('',*,*,#1297,.T.);
#1739=ORIENTED_EDGE('',*,*,#1298,.T.);
#1740=ORIENTED_EDGE('',*,*,#1299,.T.);
#1741=ORIENTED_EDGE('',*,*,#1300,.T.);
#1742=ORIENTED_EDGE('',*,*,#1297,.F.);
#1743=ORIENTED_EDGE('',*,*,#1301,.T.);
#1744=ORIENTED_EDGE('',*,*,#1295,.F.);
#1745=ORIENTED_EDGE('',*,*,#1302,.T.);
#1746=ORIENTED_EDGE('',*,*,#1303,.T.);
#1747=ORIENTED_EDGE('',*,*,#1304,.T.);
#1748=ORIENTED_EDGE('',*,*,#1299,.F.);
#1749=ORIENTED_EDGE('',*,*,#1305,.T.);
#1750=ORIENTED_EDGE('',*,*,#1303,.F.);
#1751=ORIENTED_EDGE('',*,*,#1068,.T.);
#1752=ORIENTED_EDGE('',*,*,#1302,.F.);
#1753=ORIENTED_EDGE('',*,*,#1306,.T.);
#1754=ORIENTED_EDGE('',*,*,#1307,.T.);
#1755=ORIENTED_EDGE('',*,*,#1069,.T.);
#1756=ORIENTED_EDGE('',*,*,#1298,.F.);
#1757=ORIENTED_EDGE('',*,*,#1308,.F.);
#1758=ORIENTED_EDGE('',*,*,#1309,.F.);
#1759=ORIENTED_EDGE('',*,*,#1306,.F.);
#1760=ORIENTED_EDGE('',*,*,#1296,.F.);
#1761=ORIENTED_EDGE('',*,*,#1304,.F.);
#1762=ORIENTED_EDGE('',*,*,#1305,.F.);
#1763=ORIENTED_EDGE('',*,*,#1301,.F.);
#1764=ORIENTED_EDGE('',*,*,#1310,.T.);
#1765=ORIENTED_EDGE('',*,*,#1311,.T.);
#1766=ORIENTED_EDGE('',*,*,#1052,.T.);
#1767=ORIENTED_EDGE('',*,*,#1077,.F.);
#1768=ORIENTED_EDGE('',*,*,#1312,.F.);
#1769=ORIENTED_EDGE('',*,*,#1313,.T.);
#1770=ORIENTED_EDGE('',*,*,#1314,.T.);
#1771=ORIENTED_EDGE('',*,*,#1224,.T.);
#1772=ORIENTED_EDGE('',*,*,#1315,.T.);
#1773=ORIENTED_EDGE('',*,*,#1221,.T.);
#1774=ORIENTED_EDGE('',*,*,#1314,.F.);
#1775=ORIENTED_EDGE('',*,*,#1316,.T.);
#1776=ORIENTED_EDGE('',*,*,#1317,.T.);
#1777=ORIENTED_EDGE('',*,*,#1315,.F.);
#1778=ORIENTED_EDGE('',*,*,#1318,.T.);
#1779=ORIENTED_EDGE('',*,*,#1319,.T.);
#1780=ORIENTED_EDGE('',*,*,#1222,.T.);
#1781=ORIENTED_EDGE('',*,*,#1223,.T.);
#1782=ORIENTED_EDGE('',*,*,#1319,.F.);
#1783=ORIENTED_EDGE('',*,*,#1115,.T.);
#1784=ORIENTED_EDGE('',*,*,#1312,.T.);
#1785=ORIENTED_EDGE('',*,*,#1320,.T.);
#1786=ORIENTED_EDGE('',*,*,#1321,.T.);
#1787=ORIENTED_EDGE('',*,*,#1311,.F.);
#1788=ORIENTED_EDGE('',*,*,#1322,.T.);
#1789=ORIENTED_EDGE('',*,*,#1320,.F.);
#1790=ORIENTED_EDGE('',*,*,#1323,.T.);
#1791=ORIENTED_EDGE('',*,*,#1075,.T.);
#1792=ORIENTED_EDGE('',*,*,#1324,.T.);
#1793=ORIENTED_EDGE('',*,*,#1151,.F.);
#1794=ORIENTED_EDGE('',*,*,#1158,.T.);
#1795=ORIENTED_EDGE('',*,*,#1166,.T.);
#1796=ORIENTED_EDGE('',*,*,#1059,.T.);
#1797=ORIENTED_EDGE('',*,*,#1136,.F.);
#1798=ORIENTED_EDGE('',*,*,#1124,.F.);
#1799=ORIENTED_EDGE('',*,*,#1318,.F.);
#1800=ORIENTED_EDGE('',*,*,#1325,.T.);
#1801=ORIENTED_EDGE('',*,*,#1192,.T.);
#1802=ORIENTED_EDGE('',*,*,#1116,.T.);
#1803=ORIENTED_EDGE('',*,*,#1316,.F.);
#1804=ORIENTED_EDGE('',*,*,#1326,.F.);
#1805=ORIENTED_EDGE('',*,*,#1134,.F.);
#1806=ORIENTED_EDGE('',*,*,#1327,.F.);
#1807=ORIENTED_EDGE('',*,*,#1328,.F.);
#1808=ORIENTED_EDGE('',*,*,#1329,.F.);
#1809=ORIENTED_EDGE('',*,*,#1193,.F.);
#1810=ORIENTED_EDGE('',*,*,#1325,.F.);
#1811=ORIENTED_EDGE('',*,*,#1317,.F.);
#1812=ORIENTED_EDGE('',*,*,#1330,.T.);
#1813=ORIENTED_EDGE('',*,*,#1149,.F.);
#1814=ORIENTED_EDGE('',*,*,#1330,.F.);
#1815=ORIENTED_EDGE('',*,*,#1313,.F.);
#1816=ORIENTED_EDGE('',*,*,#1114,.T.);
#1817=ORIENTED_EDGE('',*,*,#1135,.T.);
#1818=ORIENTED_EDGE('',*,*,#1326,.T.);
#1819=ORIENTED_EDGE('',*,*,#1323,.F.);
#1820=ORIENTED_EDGE('',*,*,#1322,.F.);
#1821=ORIENTED_EDGE('',*,*,#1310,.F.);
#1822=ORIENTED_EDGE('',*,*,#1076,.T.);
#1823=ORIENTED_EDGE('',*,*,#1331,.T.);
#1824=ORIENTED_EDGE('',*,*,#1225,.T.);
#1825=ORIENTED_EDGE('',*,*,#1103,.T.);
#1826=ORIENTED_EDGE('',*,*,#1332,.T.);
#1827=ORIENTED_EDGE('',*,*,#1331,.F.);
#1828=ORIENTED_EDGE('',*,*,#1333,.T.);
#1829=ORIENTED_EDGE('',*,*,#1334,.T.);
#1830=ORIENTED_EDGE('',*,*,#1226,.T.);
#1831=ORIENTED_EDGE('',*,*,#1227,.T.);
#1832=ORIENTED_EDGE('',*,*,#1334,.F.);
#1833=ORIENTED_EDGE('',*,*,#1080,.T.);
#1834=ORIENTED_EDGE('',*,*,#1105,.T.);
#1835=ORIENTED_EDGE('',*,*,#1335,.F.);
#1836=ORIENTED_EDGE('',*,*,#1336,.T.);
#1837=ORIENTED_EDGE('',*,*,#1337,.T.);
#1838=ORIENTED_EDGE('',*,*,#1218,.T.);
#1839=ORIENTED_EDGE('',*,*,#1338,.T.);
#1840=ORIENTED_EDGE('',*,*,#1219,.T.);
#1841=ORIENTED_EDGE('',*,*,#1337,.F.);
#1842=ORIENTED_EDGE('',*,*,#1328,.T.);
#1843=ORIENTED_EDGE('',*,*,#1338,.F.);
#1844=ORIENTED_EDGE('',*,*,#1339,.T.);
#1845=ORIENTED_EDGE('',*,*,#1340,.T.);
#1846=ORIENTED_EDGE('',*,*,#1220,.T.);
#1847=ORIENTED_EDGE('',*,*,#1217,.T.);
#1848=ORIENTED_EDGE('',*,*,#1340,.F.);
#1849=ORIENTED_EDGE('',*,*,#1177,.T.);
#1850=ORIENTED_EDGE('',*,*,#1335,.T.);
#1851=ORIENTED_EDGE('',*,*,#1336,.F.);
#1852=ORIENTED_EDGE('',*,*,#1176,.T.);
#1853=ORIENTED_EDGE('',*,*,#1194,.T.);
#1854=ORIENTED_EDGE('',*,*,#1329,.T.);
#1855=ORIENTED_EDGE('',*,*,#1333,.F.);
#1856=ORIENTED_EDGE('',*,*,#1341,.T.);
#1857=ORIENTED_EDGE('',*,*,#1342,.T.);
#1858=ORIENTED_EDGE('',*,*,#1343,.T.);
#1859=ORIENTED_EDGE('',*,*,#1186,.T.);
#1860=ORIENTED_EDGE('',*,*,#1081,.T.);
#1861=ORIENTED_EDGE('',*,*,#1332,.F.);
#1862=ORIENTED_EDGE('',*,*,#1344,.F.);
#1863=ORIENTED_EDGE('',*,*,#1345,.F.);
#1864=ORIENTED_EDGE('',*,*,#1341,.F.);
#1865=ORIENTED_EDGE('',*,*,#1339,.F.);
#1866=ORIENTED_EDGE('',*,*,#1327,.T.);
#1867=ORIENTED_EDGE('',*,*,#1133,.T.);
#1868=ORIENTED_EDGE('',*,*,#1178,.T.);
#1869=ORIENTED_EDGE('',*,*,#1074,.T.);
#1870=ORIENTED_EDGE('',*,*,#1051,.T.);
#1871=ORIENTED_EDGE('',*,*,#1346,.T.);
#1872=ORIENTED_EDGE('',*,*,#1347,.T.);
#1873=ORIENTED_EDGE('',*,*,#1348,.F.);
#1874=ORIENTED_EDGE('',*,*,#1349,.F.);
#1875=ORIENTED_EDGE('',*,*,#1129,.F.);
#1876=ORIENTED_EDGE('',*,*,#1161,.F.);
#1877=ORIENTED_EDGE('',*,*,#1213,.F.);
#1878=ORIENTED_EDGE('',*,*,#1207,.T.);
#1879=ORIENTED_EDGE('',*,*,#1285,.F.);
#1880=ORIENTED_EDGE('',*,*,#1095,.T.);
#1881=ORIENTED_EDGE('',*,*,#1130,.T.);
#1882=ORIENTED_EDGE('',*,*,#1349,.T.);
#1883=ORIENTED_EDGE('',*,*,#1350,.T.);
#1884=ORIENTED_EDGE('',*,*,#1293,.T.);
#1885=ORIENTED_EDGE('',*,*,#1351,.F.);
#1886=ORIENTED_EDGE('',*,*,#1138,.F.);
#1887=ORIENTED_EDGE('',*,*,#1167,.F.);
#1888=ORIENTED_EDGE('',*,*,#1162,.F.);
#1889=ORIENTED_EDGE('',*,*,#1127,.F.);
#1890=ORIENTED_EDGE('',*,*,#1352,.F.);
#1891=ORIENTED_EDGE('',*,*,#1321,.F.);
#1892=ORIENTED_EDGE('',*,*,#1353,.T.);
#1893=ORIENTED_EDGE('',*,*,#1354,.T.);
#1894=ORIENTED_EDGE('',*,*,#1352,.T.);
#1895=ORIENTED_EDGE('',*,*,#1126,.T.);
#1896=ORIENTED_EDGE('',*,*,#1053,.T.);
#1897=ORIENTED_EDGE('',*,*,#1266,.F.);
#1898=ORIENTED_EDGE('',*,*,#1071,.F.);
#1899=ORIENTED_EDGE('',*,*,#1355,.F.);
#1900=ORIENTED_EDGE('',*,*,#1146,.T.);
#1901=ORIENTED_EDGE('',*,*,#1271,.F.);
#1902=ORIENTED_EDGE('',*,*,#1140,.F.);
#1903=ORIENTED_EDGE('',*,*,#1356,.F.);
#1904=ORIENTED_EDGE('',*,*,#1073,.T.);
#1905=ORIENTED_EDGE('',*,*,#1356,.T.);
#1906=ORIENTED_EDGE('',*,*,#1139,.T.);
#1907=ORIENTED_EDGE('',*,*,#1351,.T.);
#1908=ORIENTED_EDGE('',*,*,#1354,.F.);
#1909=ORIENTED_EDGE('',*,*,#1357,.T.);
#1910=ORIENTED_EDGE('',*,*,#1346,.F.);
#1911=ORIENTED_EDGE('',*,*,#1050,.T.);
#1912=ORIENTED_EDGE('',*,*,#1355,.T.);
#1913=ORIENTED_EDGE('',*,*,#1070,.T.);
#1914=ORIENTED_EDGE('',*,*,#1307,.F.);
#1915=ORIENTED_EDGE('',*,*,#1309,.T.);
#1916=ORIENTED_EDGE('',*,*,#1358,.F.);
#1917=ORIENTED_EDGE('',*,*,#1359,.T.);
#1918=ORIENTED_EDGE('',*,*,#1147,.T.);
#1919=ORIENTED_EDGE('',*,*,#1360,.F.);
#1920=ORIENTED_EDGE('',*,*,#1181,.F.);
#1921=ORIENTED_EDGE('',*,*,#1361,.F.);
#1922=ORIENTED_EDGE('',*,*,#1091,.F.);
#1923=ORIENTED_EDGE('',*,*,#1131,.F.);
#1924=ORIENTED_EDGE('',*,*,#1093,.F.);
#1925=ORIENTED_EDGE('',*,*,#1362,.F.);
#1926=ORIENTED_EDGE('',*,*,#1179,.F.);
#1927=ORIENTED_EDGE('',*,*,#1180,.F.);
#1928=ORIENTED_EDGE('',*,*,#1362,.T.);
#1929=ORIENTED_EDGE('',*,*,#1092,.F.);
#1930=ORIENTED_EDGE('',*,*,#1361,.T.);
#1931=ORIENTED_EDGE('',*,*,#1292,.F.);
#1932=ORIENTED_EDGE('',*,*,#1294,.T.);
#1933=ORIENTED_EDGE('',*,*,#1350,.F.);
#1934=ORIENTED_EDGE('',*,*,#1348,.T.);
#1935=ORIENTED_EDGE('',*,*,#1206,.T.);
#1936=ORIENTED_EDGE('',*,*,#1363,.T.);
#1937=ORIENTED_EDGE('',*,*,#1098,.T.);
#1938=ORIENTED_EDGE('',*,*,#1324,.F.);
#1939=ORIENTED_EDGE('',*,*,#1347,.F.);
#1940=ORIENTED_EDGE('',*,*,#1357,.F.);
#1941=ORIENTED_EDGE('',*,*,#1353,.F.);
#1942=ORIENTED_EDGE('',*,*,#1279,.T.);
#1943=ORIENTED_EDGE('',*,*,#1143,.T.);
#1944=ORIENTED_EDGE('',*,*,#1276,.T.);
#1945=ORIENTED_EDGE('',*,*,#1278,.T.);
#1946=ORIENTED_EDGE('',*,*,#1102,.T.);
#1947=ORIENTED_EDGE('',*,*,#1079,.T.);
#1948=ORIENTED_EDGE('',*,*,#1364,.T.);
#1949=ORIENTED_EDGE('',*,*,#1344,.T.);
#1950=ORIENTED_EDGE('',*,*,#1300,.F.);
#1951=ORIENTED_EDGE('',*,*,#1067,.T.);
#1952=ORIENTED_EDGE('',*,*,#1190,.T.);
#1953=ORIENTED_EDGE('',*,*,#1365,.T.);
#1954=ORIENTED_EDGE('',*,*,#1358,.T.);
#1955=ORIENTED_EDGE('',*,*,#1308,.T.);
#1956=ORIENTED_EDGE('',*,*,#1366,.F.);
#1957=ORIENTED_EDGE('',*,*,#1197,.T.);
#1958=ORIENTED_EDGE('',*,*,#1216,.F.);
#1959=ORIENTED_EDGE('',*,*,#1212,.F.);
#1960=ORIENTED_EDGE('',*,*,#1187,.F.);
#1961=ORIENTED_EDGE('',*,*,#1343,.F.);
#1962=ORIENTED_EDGE('',*,*,#1240,.F.);
#1963=ORIENTED_EDGE('',*,*,#1099,.F.);
#1964=ORIENTED_EDGE('',*,*,#1363,.F.);
#1965=ORIENTED_EDGE('',*,*,#1205,.T.);
#1966=ORIENTED_EDGE('',*,*,#1245,.F.);
#1967=ORIENTED_EDGE('',*,*,#1199,.F.);
#1968=ORIENTED_EDGE('',*,*,#1367,.F.);
#1969=ORIENTED_EDGE('',*,*,#1101,.T.);
#1970=ORIENTED_EDGE('',*,*,#1367,.T.);
#1971=ORIENTED_EDGE('',*,*,#1198,.T.);
#1972=ORIENTED_EDGE('',*,*,#1366,.T.);
#1973=ORIENTED_EDGE('',*,*,#1342,.F.);
#1974=ORIENTED_EDGE('',*,*,#1345,.T.);
#1975=ORIENTED_EDGE('',*,*,#1364,.F.);
#1976=ORIENTED_EDGE('',*,*,#1078,.T.);
#1977=ORIENTED_EDGE('',*,*,#1368,.F.);
#1978=ORIENTED_EDGE('',*,*,#1120,.F.);
#1979=ORIENTED_EDGE('',*,*,#1369,.F.);
#1980=ORIENTED_EDGE('',*,*,#1063,.F.);
#1981=ORIENTED_EDGE('',*,*,#1191,.F.);
#1982=ORIENTED_EDGE('',*,*,#1065,.F.);
#1983=ORIENTED_EDGE('',*,*,#1370,.F.);
#1984=ORIENTED_EDGE('',*,*,#1118,.F.);
#1985=ORIENTED_EDGE('',*,*,#1119,.F.);
#1986=ORIENTED_EDGE('',*,*,#1370,.T.);
#1987=ORIENTED_EDGE('',*,*,#1064,.F.);
#1988=ORIENTED_EDGE('',*,*,#1369,.T.);
#1989=ORIENTED_EDGE('',*,*,#1368,.T.);
#1990=ORIENTED_EDGE('',*,*,#1062,.T.);
#1991=ORIENTED_EDGE('',*,*,#1371,.T.);
#1992=ORIENTED_EDGE('',*,*,#1121,.T.);
#1993=ORIENTED_EDGE('',*,*,#1359,.F.);
#1994=ORIENTED_EDGE('',*,*,#1365,.F.);
#1995=ORIENTED_EDGE('',*,*,#1189,.F.);
#1996=ORIENTED_EDGE('',*,*,#1211,.F.);
#1997=ORIENTED_EDGE('',*,*,#1163,.F.);
#1998=ORIENTED_EDGE('',*,*,#1148,.T.);
#1999=ORIENTED_EDGE('',*,*,#1360,.T.);
#2000=ORIENTED_EDGE('',*,*,#1090,.T.);
#2001=ORIENTED_EDGE('',*,*,#1372,.T.);
#2002=ORIENTED_EDGE('',*,*,#1182,.T.);
#2003=ORIENTED_EDGE('',*,*,#1253,.T.);
#2004=ORIENTED_EDGE('',*,*,#1202,.T.);
#2005=ORIENTED_EDGE('',*,*,#1250,.T.);
#2006=ORIENTED_EDGE('',*,*,#1252,.T.);
#2007=ORIENTED_EDGE('',*,*,#1089,.T.);
#2008=ORIENTED_EDGE('',*,*,#1214,.T.);
#2009=ORIENTED_EDGE('',*,*,#1159,.F.);
#2010=ORIENTED_EDGE('',*,*,#1156,.F.);
#2011=ORIENTED_EDGE('',*,*,#1183,.T.);
#2012=ORIENTED_EDGE('',*,*,#1372,.F.);
#2013=ORIENTED_EDGE('',*,*,#1061,.T.);
#2014=ORIENTED_EDGE('',*,*,#1165,.T.);
#2015=ORIENTED_EDGE('',*,*,#1210,.F.);
#2016=ORIENTED_EDGE('',*,*,#1152,.F.);
#2017=ORIENTED_EDGE('',*,*,#1122,.T.);
#2018=ORIENTED_EDGE('',*,*,#1371,.F.);
#2019=CYLINDRICAL_SURFACE('',#2176,9.35);
#2020=CYLINDRICAL_SURFACE('',#2192,9.35);
#2021=CYLINDRICAL_SURFACE('',#2212,12.5);
#2022=CYLINDRICAL_SURFACE('',#2229,6.7);
#2023=CYLINDRICAL_SURFACE('',#2241,8.45);
#2024=CYLINDRICAL_SURFACE('',#2250,12.5);
#2025=CYLINDRICAL_SURFACE('',#2264,6.7);
#2026=CYLINDRICAL_SURFACE('',#2271,8.45);
#2027=CYLINDRICAL_SURFACE('',#2330,0.5);
#2028=CYLINDRICAL_SURFACE('',#2332,8.35);
#2029=CYLINDRICAL_SURFACE('',#2346,0.5);
#2030=CYLINDRICAL_SURFACE('',#2348,8.35);
#2031=CYLINDRICAL_SURFACE('',#2368,0.625);
#2032=CYLINDRICAL_SURFACE('',#2369,13.75);
#2033=CYLINDRICAL_SURFACE('',#2371,0.625);
#2034=CYLINDRICAL_SURFACE('',#2384,0.625);
#2035=CYLINDRICAL_SURFACE('',#2385,0.5);
#2036=CYLINDRICAL_SURFACE('',#2387,8.35);
#2037=CYLINDRICAL_SURFACE('',#2389,0.625);
#2038=CYLINDRICAL_SURFACE('',#2390,0.5);
#2039=CYLINDRICAL_SURFACE('',#2393,0.5);
#2040=CYLINDRICAL_SURFACE('',#2396,0.5);
#2041=CYLINDRICAL_SURFACE('',#2408,8.35);
#2042=CYLINDRICAL_SURFACE('',#2410,0.5);
#2043=CYLINDRICAL_SURFACE('',#2412,0.5);
#2044=ADVANCED_FACE('',(#121),#2019,.T.);
#2045=ADVANCED_FACE('',(#122),#91,.T.);
#2046=ADVANCED_FACE('',(#123),#2020,.T.);
#2047=ADVANCED_FACE('',(#124),#92,.T.);
#2048=ADVANCED_FACE('',(#125),#28,.F.);
#2049=ADVANCED_FACE('',(#126),#29,.F.);
#2050=ADVANCED_FACE('',(#127),#30,.F.);
#2051=ADVANCED_FACE('',(#128),#2021,.F.);
#2052=ADVANCED_FACE('',(#129),#31,.F.);
#2053=ADVANCED_FACE('',(#130),#32,.F.);
#2054=ADVANCED_FACE('',(#131),#2022,.F.);
#2055=ADVANCED_FACE('',(#132,#27),#33,.T.);
#2056=ADVANCED_FACE('',(#133),#2023,.F.);
#2057=ADVANCED_FACE('',(#134),#34,.F.);
#2058=ADVANCED_FACE('',(#135),#35,.F.);
#2059=ADVANCED_FACE('',(#136),#36,.F.);
#2060=ADVANCED_FACE('',(#137),#37,.F.);
#2061=ADVANCED_FACE('',(#138),#2024,.F.);
#2062=ADVANCED_FACE('',(#139),#38,.F.);
#2063=ADVANCED_FACE('',(#140),#39,.F.);
#2064=ADVANCED_FACE('',(#141),#2025,.F.);
#2065=ADVANCED_FACE('',(#142),#2026,.F.);
#2066=ADVANCED_FACE('',(#143),#40,.F.);
#2067=ADVANCED_FACE('',(#144),#41,.T.);
#2068=ADVANCED_FACE('',(#145),#42,.T.);
#2069=ADVANCED_FACE('',(#146),#43,.T.);
#2070=ADVANCED_FACE('',(#147),#44,.T.);
#2071=ADVANCED_FACE('',(#148),#45,.T.);
#2072=ADVANCED_FACE('',(#149),#46,.T.);
#2073=ADVANCED_FACE('',(#150),#93,.F.);
#2074=ADVANCED_FACE('',(#151),#47,.T.);
#2075=ADVANCED_FACE('',(#152),#48,.T.);
#2076=ADVANCED_FACE('',(#153),#94,.T.);
#2077=ADVANCED_FACE('',(#154),#49,.T.);
#2078=ADVANCED_FACE('',(#155),#95,.F.);
#2079=ADVANCED_FACE('',(#156),#50,.T.);
#2080=ADVANCED_FACE('',(#157),#51,.T.);
#2081=ADVANCED_FACE('',(#158),#52,.T.);
#2082=ADVANCED_FACE('',(#159),#53,.T.);
#2083=ADVANCED_FACE('',(#160),#54,.T.);
#2084=ADVANCED_FACE('',(#161),#55,.T.);
#2085=ADVANCED_FACE('',(#162),#96,.F.);
#2086=ADVANCED_FACE('',(#163),#56,.T.);
#2087=ADVANCED_FACE('',(#164),#57,.T.);
#2088=ADVANCED_FACE('',(#165),#97,.T.);
#2089=ADVANCED_FACE('',(#166),#58,.T.);
#2090=ADVANCED_FACE('',(#167),#98,.F.);
#2091=ADVANCED_FACE('',(#168),#59,.T.);
#2092=ADVANCED_FACE('',(#169),#60,.T.);
#2093=ADVANCED_FACE('',(#170),#61,.T.);
#2094=ADVANCED_FACE('',(#171),#62,.T.);
#2095=ADVANCED_FACE('',(#172),#99,.F.);
#2096=ADVANCED_FACE('',(#173),#100,.T.);
#2097=ADVANCED_FACE('',(#174),#101,.T.);
#2098=ADVANCED_FACE('',(#175),#102,.T.);
#2099=ADVANCED_FACE('',(#176),#2027,.T.);
#2100=ADVANCED_FACE('',(#177),#2028,.F.);
#2101=ADVANCED_FACE('',(#178),#63,.T.);
#2102=ADVANCED_FACE('',(#179),#103,.F.);
#2103=ADVANCED_FACE('',(#180),#104,.T.);
#2104=ADVANCED_FACE('',(#181),#105,.T.);
#2105=ADVANCED_FACE('',(#182),#106,.T.);
#2106=ADVANCED_FACE('',(#183),#2029,.T.);
#2107=ADVANCED_FACE('',(#184),#2030,.F.);
#2108=ADVANCED_FACE('',(#185),#64,.T.);
#2109=ADVANCED_FACE('',(#186),#107,.T.);
#2110=ADVANCED_FACE('',(#187),#108,.T.);
#2111=ADVANCED_FACE('',(#188),#109,.T.);
#2112=ADVANCED_FACE('',(#189),#110,.T.);
#2113=ADVANCED_FACE('',(#190),#111,.F.);
#2114=ADVANCED_FACE('',(#191),#112,.T.);
#2115=ADVANCED_FACE('',(#192),#113,.F.);
#2116=ADVANCED_FACE('',(#193),#65,.T.);
#2117=ADVANCED_FACE('',(#194),#2031,.T.);
#2118=ADVANCED_FACE('',(#195),#2032,.T.);
#2119=ADVANCED_FACE('',(#196),#2033,.T.);
#2120=ADVANCED_FACE('',(#197),#66,.T.);
#2121=ADVANCED_FACE('',(#198),#114,.F.);
#2122=ADVANCED_FACE('',(#199),#115,.T.);
#2123=ADVANCED_FACE('',(#200),#116,.T.);
#2124=ADVANCED_FACE('',(#201),#117,.T.);
#2125=ADVANCED_FACE('',(#202),#118,.T.);
#2126=ADVANCED_FACE('',(#203),#119,.T.);
#2127=ADVANCED_FACE('',(#204),#120,.F.);
#2128=ADVANCED_FACE('',(#205),#2034,.T.);
#2129=ADVANCED_FACE('',(#206),#2035,.T.);
#2130=ADVANCED_FACE('',(#207),#2036,.F.);
#2131=ADVANCED_FACE('',(#208),#2037,.T.);
#2132=ADVANCED_FACE('',(#209),#2038,.T.);
#2133=ADVANCED_FACE('',(#210),#67,.T.);
#2134=ADVANCED_FACE('',(#211),#2039,.T.);
#2135=ADVANCED_FACE('',(#212),#68,.T.);
#2136=ADVANCED_FACE('',(#213),#2040,.T.);
#2137=ADVANCED_FACE('',(#214),#69,.T.);
#2138=ADVANCED_FACE('',(#215),#70,.T.);
#2139=ADVANCED_FACE('',(#216),#71,.T.);
#2140=ADVANCED_FACE('',(#217),#72,.T.);
#2141=ADVANCED_FACE('',(#218),#73,.T.);
#2142=ADVANCED_FACE('',(#219),#74,.T.);
#2143=ADVANCED_FACE('',(#220),#75,.T.);
#2144=ADVANCED_FACE('',(#221),#76,.T.);
#2145=ADVANCED_FACE('',(#222),#2041,.F.);
#2146=ADVANCED_FACE('',(#223),#77,.T.);
#2147=ADVANCED_FACE('',(#224),#2042,.T.);
#2148=ADVANCED_FACE('',(#225),#2043,.T.);
#2149=ADVANCED_FACE('',(#226),#78,.T.);
#2150=ADVANCED_FACE('',(#227),#79,.T.);
#2151=ADVANCED_FACE('',(#228),#80,.T.);
#2152=ADVANCED_FACE('',(#229),#81,.T.);
#2153=ADVANCED_FACE('',(#230),#82,.T.);
#2154=ADVANCED_FACE('',(#231),#83,.T.);
#2155=ADVANCED_FACE('',(#232),#84,.T.);
#2156=ADVANCED_FACE('',(#233),#85,.F.);
#2157=ADVANCED_FACE('',(#234),#86,.T.);
#2158=ADVANCED_FACE('',(#235),#87,.F.);
#2159=ADVANCED_FACE('',(#236),#88,.T.);
#2160=ADVANCED_FACE('',(#237),#89,.T.);
#2161=ADVANCED_FACE('',(#238),#90,.T.);
#2162=CLOSED_SHELL('',(#2044,#2045,#2046,#2047,#2048,#2049,#2050,#2051,
#2052,#2053,#2054,#2055,#2056,#2057,#2058,#2059,#2060,#2061,#2062,#2063,
#2064,#2065,#2066,#2067,#2068,#2069,#2070,#2071,#2072,#2073,#2074,#2075,
#2076,#2077,#2078,#2079,#2080,#2081,#2082,#2083,#2084,#2085,#2086,#2087,
#2088,#2089,#2090,#2091,#2092,#2093,#2094,#2095,#2096,#2097,#2098,#2099,
#2100,#2101,#2102,#2103,#2104,#2105,#2106,#2107,#2108,#2109,#2110,#2111,
#2112,#2113,#2114,#2115,#2116,#2117,#2118,#2119,#2120,#2121,#2122,#2123,
#2124,#2125,#2126,#2127,#2128,#2129,#2130,#2131,#2132,#2133,#2134,#2135,
#2136,#2137,#2138,#2139,#2140,#2141,#2142,#2143,#2144,#2145,#2146,#2147,
#2148,#2149,#2150,#2151,#2152,#2153,#2154,#2155,#2156,#2157,#2158,#2159,
#2160,#2161));
#2163=DERIVED_UNIT_ELEMENT(#2165,1.);
#2164=DERIVED_UNIT_ELEMENT(#3792,-3.);
#2165=(
MASS_UNIT()
NAMED_UNIT(*)
SI_UNIT(.KILO.,.GRAM.)
);
#2166=DERIVED_UNIT((#2163,#2164));
#2167=MEASURE_REPRESENTATION_ITEM('density measure',
POSITIVE_RATIO_MEASURE(7850.),#2166);
#2168=PROPERTY_DEFINITION_REPRESENTATION(#2173,#2170);
#2169=PROPERTY_DEFINITION_REPRESENTATION(#2174,#2171);
#2170=REPRESENTATION('material name',(#2172),#3789);
#2171=REPRESENTATION('density',(#2167),#3789);
#2172=DESCRIPTIVE_REPRESENTATION_ITEM('Steel','Steel');
#2173=PROPERTY_DEFINITION('material property','material name',#3799);
#2174=PROPERTY_DEFINITION('material property','density of part',#3799);
#2175=AXIS2_PLACEMENT_3D('',#3107,#2426,#2427);
#2176=AXIS2_PLACEMENT_3D('',#3108,#2428,#2429);
#2177=AXIS2_PLACEMENT_3D('',#3111,#2430,#2431);
#2178=AXIS2_PLACEMENT_3D('',#3115,#2433,#2434);
#2179=AXIS2_PLACEMENT_3D('',#3119,#2436,#2437);
#2180=AXIS2_PLACEMENT_3D('',#3123,#2439,#2440);
#2181=AXIS2_PLACEMENT_3D('',#3127,#2442,#2443);
#2182=AXIS2_PLACEMENT_3D('',#3131,#2445,#2446);
#2183=AXIS2_PLACEMENT_3D('',#3135,#2448,#2449);
#2184=AXIS2_PLACEMENT_3D('',#3139,#2451,#2452);
#2185=AXIS2_PLACEMENT_3D('',#3143,#2454,#2455);
#2186=AXIS2_PLACEMENT_3D('',#3147,#2457,#2458);
#2187=AXIS2_PLACEMENT_3D('',#3151,#2460,#2461);
#2188=AXIS2_PLACEMENT_3D('',#3155,#2463,#2464);
#2189=AXIS2_PLACEMENT_3D('',#3157,#2466,#2467);
#2190=AXIS2_PLACEMENT_3D('',#3159,#2468,#2469);
#2191=AXIS2_PLACEMENT_3D('',#3163,#2471,#2472);
#2192=AXIS2_PLACEMENT_3D('',#3165,#2474,#2475);
#2193=AXIS2_PLACEMENT_3D('',#3168,#2476,#2477);
#2194=AXIS2_PLACEMENT_3D('',#3172,#2479,#2480);
#2195=AXIS2_PLACEMENT_3D('',#3176,#2482,#2483);
#2196=AXIS2_PLACEMENT_3D('',#3180,#2485,#2486);
#2197=AXIS2_PLACEMENT_3D('',#3184,#2488,#2489);
#2198=AXIS2_PLACEMENT_3D('',#3188,#2491,#2492);
#2199=AXIS2_PLACEMENT_3D('',#3192,#2494,#2495);
#2200=AXIS2_PLACEMENT_3D('',#3196,#2497,#2498);
#2201=AXIS2_PLACEMENT_3D('',#3200,#2500,#2501);
#2202=AXIS2_PLACEMENT_3D('',#3204,#2503,#2504);
#2203=AXIS2_PLACEMENT_3D('',#3208,#2506,#2507);
#2204=AXIS2_PLACEMENT_3D('',#3212,#2509,#2510);
#2205=AXIS2_PLACEMENT_3D('',#3214,#2512,#2513);
#2206=AXIS2_PLACEMENT_3D('',#3216,#2514,#2515);
#2207=AXIS2_PLACEMENT_3D('',#3220,#2517,#2518);
#2208=AXIS2_PLACEMENT_3D('',#3222,#2520,#2521);
#2209=AXIS2_PLACEMENT_3D('',#3228,#2525,#2526);
#2210=AXIS2_PLACEMENT_3D('',#3234,#2530,#2531);
#2211=AXIS2_PLACEMENT_3D('',#3235,#2532,#2533);
#2212=AXIS2_PLACEMENT_3D('',#3236,#2534,#2535);
#2213=AXIS2_PLACEMENT_3D('',#3238,#2536,#2537);
#2214=AXIS2_PLACEMENT_3D('',#3242,#2539,#2540);
#2215=AXIS2_PLACEMENT_3D('',#3246,#2542,#2543);
#2216=AXIS2_PLACEMENT_3D('',#3250,#2545,#2546);
#2217=AXIS2_PLACEMENT_3D('',#3254,#2548,#2549);
#2218=AXIS2_PLACEMENT_3D('',#3258,#2551,#2552);
#2219=AXIS2_PLACEMENT_3D('',#3261,#2554,#2555);
#2220=AXIS2_PLACEMENT_3D('',#3262,#2556,#2557);
#2221=AXIS2_PLACEMENT_3D('',#3264,#2558,#2559);
#2222=AXIS2_PLACEMENT_3D('',#3268,#2561,#2562);
#2223=AXIS2_PLACEMENT_3D('',#3271,#2564,#2565);
#2224=AXIS2_PLACEMENT_3D('',#3275,#2567,#2568);
#2225=AXIS2_PLACEMENT_3D('',#3277,#2569,#2570);
#2226=AXIS2_PLACEMENT_3D('',#3279,#2571,#2572);
#2227=AXIS2_PLACEMENT_3D('',#3280,#2573,#2574);
#2228=AXIS2_PLACEMENT_3D('',#3281,#2575,#2576);
#2229=AXIS2_PLACEMENT_3D('',#3283,#2578,#2579);
#2230=AXIS2_PLACEMENT_3D('',#3286,#2580,#2581);
#2231=AXIS2_PLACEMENT_3D('',#3290,#2583,#2584);
#2232=AXIS2_PLACEMENT_3D('',#3294,#2586,#2587);
#2233=AXIS2_PLACEMENT_3D('',#3298,#2589,#2590);
#2234=AXIS2_PLACEMENT_3D('',#3302,#2592,#2593);
#2235=AXIS2_PLACEMENT_3D('',#3306,#2595,#2596);
#2236=AXIS2_PLACEMENT_3D('',#3308,#2598,#2599);
#2237=AXIS2_PLACEMENT_3D('',#3310,#2600,#2601);
#2238=AXIS2_PLACEMENT_3D('',#3313,#2602,#2603);
#2239=AXIS2_PLACEMENT_3D('',#3318,#2606,#2607);
#2240=AXIS2_PLACEMENT_3D('',#3322,#2609,#2610);
#2241=AXIS2_PLACEMENT_3D('',#3324,#2612,#2613);
#2242=AXIS2_PLACEMENT_3D('',#3327,#2614,#2615);
#2243=AXIS2_PLACEMENT_3D('',#3332,#2618,#2619);
#2244=AXIS2_PLACEMENT_3D('',#3335,#2622,#2623);
#2245=AXIS2_PLACEMENT_3D('',#3339,#2625,#2626);
#2246=AXIS2_PLACEMENT_3D('',#3343,#2630,#2631);
#2247=AXIS2_PLACEMENT_3D('',#3349,#2635,#2636);
#2248=AXIS2_PLACEMENT_3D('',#3355,#2640,#2641);
#2249=AXIS2_PLACEMENT_3D('',#3356,#2642,#2643);
#2250=AXIS2_PLACEMENT_3D('',#3357,#2644,#2645);
#2251=AXIS2_PLACEMENT_3D('',#3359,#2646,#2647);
#2252=AXIS2_PLACEMENT_3D('',#3363,#2649,#2650);
#2253=AXIS2_PLACEMENT_3D('',#3368,#2653,#2654);
#2254=AXIS2_PLACEMENT_3D('',#3372,#2656,#2657);
#2255=AXIS2_PLACEMENT_3D('',#3376,#2660,#2661);
#2256=AXIS2_PLACEMENT_3D('',#3377,#2662,#2663);
#2257=AXIS2_PLACEMENT_3D('',#3379,#2664,#2665);
#2258=AXIS2_PLACEMENT_3D('',#3383,#2667,#2668);
#2259=AXIS2_PLACEMENT_3D('',#3386,#2670,#2671);
#2260=AXIS2_PLACEMENT_3D('',#3389,#2673,#2674);
#2261=AXIS2_PLACEMENT_3D('',#3391,#2675,#2676);
#2262=AXIS2_PLACEMENT_3D('',#3392,#2677,#2678);
#2263=AXIS2_PLACEMENT_3D('',#3393,#2679,#2680);
#2264=AXIS2_PLACEMENT_3D('',#3395,#2682,#2683);
#2265=AXIS2_PLACEMENT_3D('',#3398,#2684,#2685);
#2266=AXIS2_PLACEMENT_3D('',#3402,#2687,#2688);
#2267=AXIS2_PLACEMENT_3D('',#3406,#2690,#2691);
#2268=AXIS2_PLACEMENT_3D('',#3410,#2693,#2694);
#2269=AXIS2_PLACEMENT_3D('',#3414,#2696,#2697);
#2270=AXIS2_PLACEMENT_3D('',#3418,#2699,#2700);
#2271=AXIS2_PLACEMENT_3D('',#3420,#2702,#2703);
#2272=AXIS2_PLACEMENT_3D('',#3423,#2704,#2705);
#2273=AXIS2_PLACEMENT_3D('',#3428,#2710,#2711);
#2274=AXIS2_PLACEMENT_3D('',#3433,#2716,#2717);
#2275=AXIS2_PLACEMENT_3D('',#3436,#2718,#2719);
#2276=AXIS2_PLACEMENT_3D('',#3438,#2720,#2721);
#2277=AXIS2_PLACEMENT_3D('',#3440,#2722,#2723);
#2278=AXIS2_PLACEMENT_3D('',#3441,#2724,#2725);
#2279=AXIS2_PLACEMENT_3D('',#3442,#2726,#2727);
#2280=AXIS2_PLACEMENT_3D('',#3443,#2728,#2729);
#2281=AXIS2_PLACEMENT_3D('',#3446,#2730,#2731);
#2282=AXIS2_PLACEMENT_3D('',#3448,#2732,#2733);
#2283=AXIS2_PLACEMENT_3D('',#3450,#2734,#2735);
#2284=AXIS2_PLACEMENT_3D('',#3451,#2736,#2737);
#2285=AXIS2_PLACEMENT_3D('',#3452,#2738,#2739);
#2286=AXIS2_PLACEMENT_3D('',#3454,#2740,#2741);
#2287=AXIS2_PLACEMENT_3D('',#3456,#2742,#2743);
#2288=AXIS2_PLACEMENT_3D('',#3457,#2744,#2745);
#2289=AXIS2_PLACEMENT_3D('',#3458,#2746,#2747);
#2290=AXIS2_PLACEMENT_3D('',#3469,#2751,#2752);
#2291=AXIS2_PLACEMENT_3D('',#3475,#2756,#2757);
#2292=AXIS2_PLACEMENT_3D('',#3482,#2758,#2759);
#2293=AXIS2_PLACEMENT_3D('',#3487,#2760,#2761);
#2294=AXIS2_PLACEMENT_3D('',#3490,#2764,#2765);
#2295=AXIS2_PLACEMENT_3D('',#3498,#2768,#2769);
#2296=AXIS2_PLACEMENT_3D('',#3500,#2770,#2771);
#2297=AXIS2_PLACEMENT_3D('',#3505,#2772,#2773);
#2298=AXIS2_PLACEMENT_3D('',#3513,#2776,#2777);
#2299=AXIS2_PLACEMENT_3D('',#3514,#2778,#2779);
#2300=AXIS2_PLACEMENT_3D('',#3515,#2780,#2781);
#2301=AXIS2_PLACEMENT_3D('',#3519,#2784,#2785);
#2302=AXIS2_PLACEMENT_3D('',#3523,#2788,#2789);
#2303=AXIS2_PLACEMENT_3D('',#3525,#2791,#2792);
#2304=AXIS2_PLACEMENT_3D('',#3526,#2793,#2794);
#2305=AXIS2_PLACEMENT_3D('',#3537,#2798,#2799);
#2306=AXIS2_PLACEMENT_3D('',#3543,#2803,#2804);
#2307=AXIS2_PLACEMENT_3D('',#3550,#2805,#2806);
#2308=AXIS2_PLACEMENT_3D('',#3555,#2807,#2808);
#2309=AXIS2_PLACEMENT_3D('',#3558,#2811,#2812);
#2310=AXIS2_PLACEMENT_3D('',#3566,#2815,#2816);
#2311=AXIS2_PLACEMENT_3D('',#3568,#2817,#2818);
#2312=AXIS2_PLACEMENT_3D('',#3573,#2819,#2820);
#2313=AXIS2_PLACEMENT_3D('',#3581,#2823,#2824);
#2314=AXIS2_PLACEMENT_3D('',#3582,#2825,#2826);
#2315=AXIS2_PLACEMENT_3D('',#3583,#2827,#2828);
#2316=AXIS2_PLACEMENT_3D('',#3587,#2831,#2832);
#2317=AXIS2_PLACEMENT_3D('',#3591,#2835,#2836);
#2318=AXIS2_PLACEMENT_3D('',#3593,#2838,#2839);
#2319=AXIS2_PLACEMENT_3D('',#3594,#2840,#2841);
#2320=AXIS2_PLACEMENT_3D('',#3599,#2843,#2844);
#2321=AXIS2_PLACEMENT_3D('',#3602,#2846,#2847);
#2322=AXIS2_PLACEMENT_3D('',#3603,#2848,#2849);
#2323=AXIS2_PLACEMENT_3D('',#3606,#2851,#2852);
#2324=AXIS2_PLACEMENT_3D('',#3607,#2853,#2854);
#2325=AXIS2_PLACEMENT_3D('',#3608,#2855,#2856);
#2326=AXIS2_PLACEMENT_3D('',#3609,#2857,#2858);
#2327=AXIS2_PLACEMENT_3D('',#3612,#2860,#2861);
#2328=AXIS2_PLACEMENT_3D('',#3613,#2862,#2863);
#2329=AXIS2_PLACEMENT_3D('',#3614,#2864,#2865);
#2330=AXIS2_PLACEMENT_3D('',#3615,#2866,#2867);
#2331=AXIS2_PLACEMENT_3D('',#3618,#2869,#2870);
#2332=AXIS2_PLACEMENT_3D('',#3619,#2871,#2872);
#2333=AXIS2_PLACEMENT_3D('',#3622,#2874,#2875);
#2334=AXIS2_PLACEMENT_3D('',#3623,#2876,#2877);
#2335=AXIS2_PLACEMENT_3D('',#3624,#2878,#2879);
#2336=AXIS2_PLACEMENT_3D('',#3629,#2881,#2882);
#2337=AXIS2_PLACEMENT_3D('',#3632,#2884,#2885);
#2338=AXIS2_PLACEMENT_3D('',#3633,#2886,#2887);
#2339=AXIS2_PLACEMENT_3D('',#3636,#2889,#2890);
#2340=AXIS2_PLACEMENT_3D('',#3637,#2891,#2892);
#2341=AXIS2_PLACEMENT_3D('',#3638,#2893,#2894);
#2342=AXIS2_PLACEMENT_3D('',#3639,#2895,#2896);
#2343=AXIS2_PLACEMENT_3D('',#3642,#2898,#2899);
#2344=AXIS2_PLACEMENT_3D('',#3643,#2900,#2901);
#2345=AXIS2_PLACEMENT_3D('',#3644,#2902,#2903);
#2346=AXIS2_PLACEMENT_3D('',#3645,#2904,#2905);
#2347=AXIS2_PLACEMENT_3D('',#3648,#2907,#2908);
#2348=AXIS2_PLACEMENT_3D('',#3649,#2909,#2910);
#2349=AXIS2_PLACEMENT_3D('',#3652,#2912,#2913);
#2350=AXIS2_PLACEMENT_3D('',#3653,#2914,#2915);
#2351=AXIS2_PLACEMENT_3D('',#3654,#2916,#2917);
#2352=AXIS2_PLACEMENT_3D('',#3656,#2918,#2919);
#2353=AXIS2_PLACEMENT_3D('',#3658,#2921,#2922);
#2354=AXIS2_PLACEMENT_3D('',#3661,#2924,#2925);
#2355=AXIS2_PLACEMENT_3D('',#3663,#2927,#2928);
#2356=AXIS2_PLACEMENT_3D('',#3667,#2930,#2931);
#2357=AXIS2_PLACEMENT_3D('',#3668,#2932,#2933);
#2358=AXIS2_PLACEMENT_3D('',#3669,#2934,#2935);
#2359=AXIS2_PLACEMENT_3D('',#3670,#2936,#2937);
#2360=AXIS2_PLACEMENT_3D('',#3672,#2939,#2940);
#2361=AXIS2_PLACEMENT_3D('',#3673,#2941,#2942);
#2362=AXIS2_PLACEMENT_3D('',#3677,#2944,#2945);
#2363=AXIS2_PLACEMENT_3D('',#3678,#2946,#2947);
#2364=AXIS2_PLACEMENT_3D('',#3679,#2948,#2949);
#2365=AXIS2_PLACEMENT_3D('',#3680,#2950,#2951);
#2366=AXIS2_PLACEMENT_3D('',#3681,#2952,#2953);
#2367=AXIS2_PLACEMENT_3D('',#3682,#2954,#2955);
#2368=AXIS2_PLACEMENT_3D('',#3683,#2956,#2957);
#2369=AXIS2_PLACEMENT_3D('',#3685,#2959,#2960);
#2370=AXIS2_PLACEMENT_3D('',#3690,#2963,#2964);
#2371=AXIS2_PLACEMENT_3D('',#3693,#2967,#2968);
#2372=AXIS2_PLACEMENT_3D('',#3694,#2969,#2970);
#2373=AXIS2_PLACEMENT_3D('',#3695,#2971,#2972);
#2374=AXIS2_PLACEMENT_3D('',#3698,#2974,#2975);
#2375=AXIS2_PLACEMENT_3D('',#3699,#2976,#2977);
#2376=AXIS2_PLACEMENT_3D('',#3700,#2978,#2979);
#2377=AXIS2_PLACEMENT_3D('',#3702,#2981,#2982);
#2378=AXIS2_PLACEMENT_3D('',#3703,#2983,#2984);
#2379=AXIS2_PLACEMENT_3D('',#3705,#2986,#2987);
#2380=AXIS2_PLACEMENT_3D('',#3707,#2989,#2990);
#2381=AXIS2_PLACEMENT_3D('',#3709,#2992,#2993);
#2382=AXIS2_PLACEMENT_3D('',#3710,#2994,#2995);
#2383=AXIS2_PLACEMENT_3D('',#3712,#2997,#2998);
#2384=AXIS2_PLACEMENT_3D('',#3713,#2999,#3000);
#2385=AXIS2_PLACEMENT_3D('',#3714,#3001,#3002);
#2386=AXIS2_PLACEMENT_3D('',#3718,#3004,#3005);
#2387=AXIS2_PLACEMENT_3D('',#3720,#3007,#3008);
#2388=AXIS2_PLACEMENT_3D('',#3723,#3010,#3011);
#2389=AXIS2_PLACEMENT_3D('',#3724,#3012,#3013);
#2390=AXIS2_PLACEMENT_3D('',#3725,#3014,#3015);
#2391=AXIS2_PLACEMENT_3D('',#3727,#3016,#3017);
#2392=AXIS2_PLACEMENT_3D('',#3729,#3019,#3020);
#2393=AXIS2_PLACEMENT_3D('',#3733,#3023,#3024);
#2394=AXIS2_PLACEMENT_3D('',#3734,#3025,#3026);
#2395=AXIS2_PLACEMENT_3D('',#3735,#3027,#3028);
#2396=AXIS2_PLACEMENT_3D('',#3739,#3031,#3032);
#2397=AXIS2_PLACEMENT_3D('',#3742,#3034,#3035);
#2398=AXIS2_PLACEMENT_3D('',#3743,#3036,#3037);
#2399=AXIS2_PLACEMENT_3D('',#3745,#3039,#3040);
#2400=AXIS2_PLACEMENT_3D('',#3747,#3042,#3043);
#2401=AXIS2_PLACEMENT_3D('',#3748,#3044,#3045);
#2402=AXIS2_PLACEMENT_3D('',#3749,#3046,#3047);
#2403=AXIS2_PLACEMENT_3D('',#3751,#3048,#3049);
#2404=AXIS2_PLACEMENT_3D('',#3753,#3051,#3052);
#2405=AXIS2_PLACEMENT_3D('',#3756,#3055,#3056);
#2406=AXIS2_PLACEMENT_3D('',#3758,#3058,#3059);
#2407=AXIS2_PLACEMENT_3D('',#3759,#3060,#3061);
#2408=AXIS2_PLACEMENT_3D('',#3761,#3063,#3064);
#2409=AXIS2_PLACEMENT_3D('',#3762,#3065,#3066);
#2410=AXIS2_PLACEMENT_3D('',#3763,#3067,#3068);
#2411=AXIS2_PLACEMENT_3D('',#3764,#3069,#3070);
#2412=AXIS2_PLACEMENT_3D('',#3765,#3071,#3072);
#2413=AXIS2_PLACEMENT_3D('',#3767,#3074,#3075);
#2414=AXIS2_PLACEMENT_3D('',#3769,#3077,#3078);
#2415=AXIS2_PLACEMENT_3D('',#3770,#3079,#3080);
#2416=AXIS2_PLACEMENT_3D('',#3772,#3082,#3083);
#2417=AXIS2_PLACEMENT_3D('',#3773,#3084,#3085);
#2418=AXIS2_PLACEMENT_3D('',#3776,#3088,#3089);
#2419=AXIS2_PLACEMENT_3D('',#3778,#3091,#3092);
#2420=AXIS2_PLACEMENT_3D('',#3779,#3093,#3094);
#2421=AXIS2_PLACEMENT_3D('',#3781,#3096,#3097);
#2422=AXIS2_PLACEMENT_3D('',#3782,#3098,#3099);
#2423=AXIS2_PLACEMENT_3D('',#3784,#3101,#3102);
#2424=AXIS2_PLACEMENT_3D('',#3785,#3103,#3104);
#2425=AXIS2_PLACEMENT_3D('',#3786,#3105,#3106);
#2426=DIRECTION('axis',(0.,0.,1.));
#2427=DIRECTION('refdir',(1.,0.,0.));
#2428=DIRECTION('center_axis',(0.,0.,-1.));
#2429=DIRECTION('ref_axis',(-1.,-1.22464679914735E-16,0.));
#2430=DIRECTION('center_axis',(0.,0.,-1.));
#2431=DIRECTION('ref_axis',(1.,0.,0.));
#2432=DIRECTION('',(0.,0.,1.));
#2433=DIRECTION('center_axis',(0.,0.,-1.));
#2434=DIRECTION('ref_axis',(-1.,0.,0.));
#2435=DIRECTION('',(0.,0.,-1.));
#2436=DIRECTION('center_axis',(0.,0.,1.));
#2437=DIRECTION('ref_axis',(1.,0.,0.));
#2438=DIRECTION('',(0.,0.,-1.));
#2439=DIRECTION('center_axis',(0.,0.,-1.));
#2440=DIRECTION('ref_axis',(1.,0.,0.));
#2441=DIRECTION('',(0.,0.,1.));
#2442=DIRECTION('center_axis',(0.,0.,1.));
#2443=DIRECTION('ref_axis',(1.,0.,0.));
#2444=DIRECTION('',(0.,0.,-1.));
#2445=DIRECTION('center_axis',(0.,0.,1.));
#2446=DIRECTION('ref_axis',(1.,0.,0.));
#2447=DIRECTION('',(0.,0.,1.));
#2448=DIRECTION('center_axis',(0.,0.,1.));
#2449=DIRECTION('ref_axis',(1.,0.,0.));
#2450=DIRECTION('',(0.,0.,-1.));
#2451=DIRECTION('center_axis',(0.,0.,-1.));
#2452=DIRECTION('ref_axis',(1.,0.,0.));
#2453=DIRECTION('',(0.,0.,1.));
#2454=DIRECTION('center_axis',(0.,0.,1.));
#2455=DIRECTION('ref_axis',(1.,0.,0.));
#2456=DIRECTION('',(0.,0.,1.));
#2457=DIRECTION('center_axis',(0.,0.,-1.));
#2458=DIRECTION('ref_axis',(-1.,0.,0.));
#2459=DIRECTION('',(0.,0.,-1.));
#2460=DIRECTION('center_axis',(0.,0.,-1.));
#2461=DIRECTION('ref_axis',(1.,0.,0.));
#2462=DIRECTION('',(0.,0.,-1.));
#2463=DIRECTION('center_axis',(0.,0.,-1.));
#2464=DIRECTION('ref_axis',(-1.,0.,0.));
#2465=DIRECTION('',(0.,0.,-1.));
#2466=DIRECTION('center_axis',(0.,0.,1.));
#2467=DIRECTION('ref_axis',(-0.0282598742819078,0.999600609996598,0.));
#2468=DIRECTION('center_axis',(0.,0.,1.));
#2469=DIRECTION('ref_axis',(-0.999600609996598,-0.028259874281907,0.));
#2470=DIRECTION('',(0.342668489263647,0.383776222320652,0.857492925712544));
#2471=DIRECTION('center_axis',(0.,0.,-1.));
#2472=DIRECTION('ref_axis',(-0.0282598742819078,0.999600609996598,0.));
#2473=DIRECTION('',(-0.342668489263645,-0.38377622232065,0.857492925712547));
#2474=DIRECTION('center_axis',(0.,0.,-1.));
#2475=DIRECTION('ref_axis',(1.,0.,0.));
#2476=DIRECTION('center_axis',(0.,0.,-1.));
#2477=DIRECTION('ref_axis',(1.,0.,0.));
#2478=DIRECTION('',(0.,0.,1.));
#2479=DIRECTION('center_axis',(0.,0.,-1.));
#2480=DIRECTION('ref_axis',(1.,0.,0.));
#2481=DIRECTION('',(0.,0.,-1.));
#2482=DIRECTION('center_axis',(0.,0.,1.));
#2483=DIRECTION('ref_axis',(1.,0.,0.));
#2484=DIRECTION('',(0.,0.,-1.));
#2485=DIRECTION('center_axis',(0.,0.,-1.));
#2486=DIRECTION('ref_axis',(1.,0.,0.));
#2487=DIRECTION('',(0.,0.,1.));
#2488=DIRECTION('center_axis',(0.,0.,1.));
#2489=DIRECTION('ref_axis',(1.,0.,0.));
#2490=DIRECTION('',(0.,0.,1.));
#2491=DIRECTION('center_axis',(0.,0.,1.));
#2492=DIRECTION('ref_axis',(1.,0.,0.));
#2493=DIRECTION('',(0.,0.,1.));
#2494=DIRECTION('center_axis',(0.,0.,1.));
#2495=DIRECTION('ref_axis',(1.,0.,0.));
#2496=DIRECTION('',(0.,0.,-1.));
#2497=DIRECTION('center_axis',(0.,0.,-1.));
#2498=DIRECTION('ref_axis',(1.,0.,0.));
#2499=DIRECTION('',(0.,0.,1.));
#2500=DIRECTION('center_axis',(0.,0.,1.));
#2501=DIRECTION('ref_axis',(1.,0.,0.));
#2502=DIRECTION('',(0.,0.,1.));
#2503=DIRECTION('center_axis',(0.,0.,-1.));
#2504=DIRECTION('ref_axis',(1.,0.,0.));
#2505=DIRECTION('',(0.,0.,-1.));
#2506=DIRECTION('center_axis',(0.,0.,-1.));
#2507=DIRECTION('ref_axis',(1.,0.,0.));
#2508=DIRECTION('',(0.,0.,-1.));
#2509=DIRECTION('center_axis',(0.,0.,-1.));
#2510=DIRECTION('ref_axis',(1.,0.,0.));
#2511=DIRECTION('',(0.,0.,-1.));
#2512=DIRECTION('center_axis',(0.,0.,1.));
#2513=DIRECTION('ref_axis',(0.0282598742819078,-0.999600609996598,0.));
#2514=DIRECTION('center_axis',(0.,0.,1.));
#2515=DIRECTION('ref_axis',(0.999600609996598,0.0282598742819103,0.));
#2516=DIRECTION('',(-0.342668489263648,-0.383776222320652,0.857492925712544));
#2517=DIRECTION('center_axis',(0.,0.,1.));
#2518=DIRECTION('ref_axis',(0.0282598742819078,-0.999600609996598,0.));
#2519=DIRECTION('',(-0.342668489263645,-0.38377622232065,-0.857492925712547));
#2520=DIRECTION('center_axis',(0.766044443118978,-0.642787609686539,0.));
#2521=DIRECTION('ref_axis',(-0.642787609686539,-0.766044443118978,0.));
#2522=DIRECTION('',(-0.642787609686539,-0.766044443118978,0.));
#2523=DIRECTION('',(-0.642787609686539,-0.766044443118978,0.));
#2524=DIRECTION('',(0.,0.,-1.));
#2525=DIRECTION('center_axis',(-0.819152044288992,0.573576436351046,0.));
#2526=DIRECTION('ref_axis',(0.573576436351046,0.819152044288992,0.));
#2527=DIRECTION('',(0.573576436351046,0.819152044288992,0.));
#2528=DIRECTION('',(0.,0.,1.));
#2529=DIRECTION('',(0.573576436351046,0.819152044288992,0.));
#2530=DIRECTION('center_axis',(0.,0.,1.));
#2531=DIRECTION('ref_axis',(1.,1.22464679914735E-16,0.));
#2532=DIRECTION('center_axis',(0.,0.,1.));
#2533=DIRECTION('ref_axis',(1.,0.,0.));
#2534=DIRECTION('center_axis',(0.,0.,-1.));
#2535=DIRECTION('ref_axis',(-1.,-1.22464679914735E-16,0.));
#2536=DIRECTION('center_axis',(0.,0.,-1.));
#2537=DIRECTION('ref_axis',(1.,0.,0.));
#2538=DIRECTION('',(0.,0.,1.));
#2539=DIRECTION('center_axis',(0.,0.,1.));
#2540=DIRECTION('ref_axis',(-1.,0.,0.));
#2541=DIRECTION('',(0.,0.,-1.));
#2542=DIRECTION('center_axis',(0.,0.,-1.));
#2543=DIRECTION('ref_axis',(1.,0.,0.));
#2544=DIRECTION('',(0.,0.,-1.));
#2545=DIRECTION('center_axis',(0.,0.,1.));
#2546=DIRECTION('ref_axis',(1.,0.,0.));
#2547=DIRECTION('',(0.,0.,1.));
#2548=DIRECTION('center_axis',(0.,0.,-1.));
#2549=DIRECTION('ref_axis',(1.,0.,0.));
#2550=DIRECTION('',(0.,0.,-1.));
#2551=DIRECTION('center_axis',(0.,0.,-1.));
#2552=DIRECTION('ref_axis',(1.,0.,0.));
#2553=DIRECTION('',(0.,0.,-1.));
#2554=DIRECTION('center_axis',(0.,0.,-1.));
#2555=DIRECTION('ref_axis',(1.,0.,0.));
#2556=DIRECTION('center_axis',(0.,0.,1.));
#2557=DIRECTION('ref_axis',(1.,0.,0.));
#2558=DIRECTION('center_axis',(0.,0.,1.));
#2559=DIRECTION('ref_axis',(0.554896030369448,-0.831919704947676,0.));
#2560=DIRECTION('',(3.12249920744411E-17,1.,0.));
#2561=DIRECTION('center_axis',(0.,0.,1.));
#2562=DIRECTION('ref_axis',(1.,0.,0.));
#2563=DIRECTION('',(-3.12249920744411E-17,-1.,0.));
#2564=DIRECTION('center_axis',(0.,0.,1.));
#2565=DIRECTION('ref_axis',(-0.554896030369449,-0.831919704947675,0.));
#2566=DIRECTION('',(0.573576436351046,-0.819152044288992,0.));
#2567=DIRECTION('center_axis',(0.,0.,-1.));
#2568=DIRECTION('ref_axis',(1.,0.,0.));
#2569=DIRECTION('center_axis',(0.,0.,1.));
#2570=DIRECTION('ref_axis',(-0.604743156814766,-0.796420563700933,0.));
#2571=DIRECTION('center_axis',(0.,0.,-1.));
#2572=DIRECTION('ref_axis',(1.,0.,0.));
#2573=DIRECTION('center_axis',(0.,0.,1.));
#2574=DIRECTION('ref_axis',(0.796420563700934,0.604743156814764,0.));
#2575=DIRECTION('center_axis',(0.,0.,1.));
#2576=DIRECTION('ref_axis',(1.,0.,0.));
#2577=DIRECTION('',(0.707106781186548,0.707106781186547,0.));
#2578=DIRECTION('center_axis',(0.,0.,-1.));
#2579=DIRECTION('ref_axis',(-1.,-1.22464679914735E-16,0.));
#2580=DIRECTION('center_axis',(0.,0.,-1.));
#2581=DIRECTION('ref_axis',(1.,0.,0.));
#2582=DIRECTION('',(0.,0.,-1.));
#2583=DIRECTION('center_axis',(0.,0.,1.));
#2584=DIRECTION('ref_axis',(1.,0.,0.));
#2585=DIRECTION('',(0.,0.,-1.));
#2586=DIRECTION('center_axis',(0.,0.,1.));
#2587=DIRECTION('ref_axis',(-1.,0.,0.));
#2588=DIRECTION('',(0.,0.,-1.));
#2589=DIRECTION('center_axis',(0.,0.,1.));
#2590=DIRECTION('ref_axis',(1.,0.,0.));
#2591=DIRECTION('',(0.,0.,-1.));
#2592=DIRECTION('center_axis',(0.,0.,1.));
#2593=DIRECTION('ref_axis',(-1.,0.,0.));
#2594=DIRECTION('',(0.,0.,-1.));
#2595=DIRECTION('center_axis',(0.,0.,1.));
#2596=DIRECTION('ref_axis',(1.,0.,0.));
#2597=DIRECTION('',(0.,0.,-1.));
#2598=DIRECTION('center_axis',(0.,0.,1.));
#2599=DIRECTION('ref_axis',(1.,0.,0.));
#2600=DIRECTION('center_axis',(0.,0.,1.));
#2601=DIRECTION('ref_axis',(1.,0.,0.));
#2602=DIRECTION('center_axis',(0.,0.,-1.));
#2603=DIRECTION('ref_axis',(1.,0.,0.));
#2604=DIRECTION('',(-0.707106781186548,-0.707106781186547,0.));
#2605=DIRECTION('',(0.707106781186548,-0.707106781186548,0.));
#2606=DIRECTION('center_axis',(0.,0.,-1.));
#2607=DIRECTION('ref_axis',(1.,0.,0.));
#2608=DIRECTION('',(0.707106781186548,0.707106781186547,0.));
#2609=DIRECTION('center_axis',(0.,0.,-1.));
#2610=DIRECTION('ref_axis',(1.,0.,0.));
#2611=DIRECTION('',(-0.707106781186547,0.707106781186547,0.));
#2612=DIRECTION('center_axis',(0.,0.,-1.));
#2613=DIRECTION('ref_axis',(1.,0.,0.));
#2614=DIRECTION('center_axis',(0.,0.,-1.));
#2615=DIRECTION('ref_axis',(1.,0.,0.));
#2616=DIRECTION('',(0.,0.,-1.));
#2617=DIRECTION('',(0.,0.,-1.));
#2618=DIRECTION('center_axis',(0.,0.,-1.));
#2619=DIRECTION('ref_axis',(1.,0.,0.));
#2620=DIRECTION('',(0.,0.,-1.));
#2621=DIRECTION('',(0.,0.,1.));
#2622=DIRECTION('center_axis',(0.,0.,-1.));
#2623=DIRECTION('ref_axis',(1.,0.,0.));
#2624=DIRECTION('',(3.12249920744411E-17,1.,0.));
#2625=DIRECTION('center_axis',(0.,0.,-1.));
#2626=DIRECTION('ref_axis',(1.,0.,0.));
#2627=DIRECTION('',(0.707106781186548,-0.707106781186548,0.));
#2628=DIRECTION('',(-0.707106781186548,-0.707106781186547,0.));
#2629=DIRECTION('',(3.12249920744411E-17,1.,0.));
#2630=DIRECTION('center_axis',(-0.766044443118978,0.642787609686539,0.));
#2631=DIRECTION('ref_axis',(0.642787609686539,0.766044443118978,0.));
#2632=DIRECTION('',(0.642787609686539,0.766044443118978,0.));
#2633=DIRECTION('',(0.642787609686539,0.766044443118978,0.));
#2634=DIRECTION('',(0.,0.,-1.));
#2635=DIRECTION('center_axis',(0.819152044288992,-0.573576436351046,0.));
#2636=DIRECTION('ref_axis',(-0.573576436351046,-0.819152044288992,0.));
#2637=DIRECTION('',(-0.573576436351046,-0.819152044288992,0.));
#2638=DIRECTION('',(0.,0.,1.));
#2639=DIRECTION('',(-0.573576436351046,-0.819152044288992,0.));
#2640=DIRECTION('center_axis',(0.,0.,1.));
#2641=DIRECTION('ref_axis',(-1.,0.,0.));
#2642=DIRECTION('center_axis',(0.,0.,1.));
#2643=DIRECTION('ref_axis',(1.,0.,0.));
#2644=DIRECTION('center_axis',(0.,0.,-1.));
#2645=DIRECTION('ref_axis',(1.,0.,0.));
#2646=DIRECTION('center_axis',(0.,0.,-1.));
#2647=DIRECTION('ref_axis',(1.,0.,0.));
#2648=DIRECTION('',(0.,0.,1.));
#2649=DIRECTION('center_axis',(0.,0.,1.));
#2650=DIRECTION('ref_axis',(1.,0.,0.));
#2651=DIRECTION('',(0.,0.,-1.));
#2652=DIRECTION('',(0.,0.,-1.));
#2653=DIRECTION('center_axis',(0.,0.,1.));
#2654=DIRECTION('ref_axis',(1.,0.,0.));
#2655=DIRECTION('',(0.,0.,1.));
#2656=DIRECTION('center_axis',(0.,0.,-1.));
#2657=DIRECTION('ref_axis',(1.,0.,0.));
#2658=DIRECTION('',(0.,0.,-1.));
#2659=DIRECTION('',(0.,0.,-1.));
#2660=DIRECTION('center_axis',(0.,0.,-1.));
#2661=DIRECTION('ref_axis',(1.,0.,0.));
#2662=DIRECTION('center_axis',(0.,0.,1.));
#2663=DIRECTION('ref_axis',(1.,0.,0.));
#2664=DIRECTION('center_axis',(0.,0.,1.));
#2665=DIRECTION('ref_axis',(-0.554896030369448,0.831919704947676,0.));
#2666=DIRECTION('',(-3.12249920744411E-17,-1.,0.));
#2667=DIRECTION('center_axis',(0.,0.,1.));
#2668=DIRECTION('ref_axis',(1.,0.,0.));
#2669=DIRECTION('',(3.12249920744411E-17,1.,0.));
#2670=DIRECTION('center_axis',(0.,0.,1.));
#2671=DIRECTION('ref_axis',(0.55489603036945,0.831919704947675,0.));
#2672=DIRECTION('',(-0.573576436351046,0.819152044288992,0.));
#2673=DIRECTION('center_axis',(0.,0.,1.));
#2674=DIRECTION('ref_axis',(0.604743156814763,0.796420563700935,0.));
#2675=DIRECTION('center_axis',(0.,0.,-1.));
#2676=DIRECTION('ref_axis',(1.,0.,0.));
#2677=DIRECTION('center_axis',(0.,0.,1.));
#2678=DIRECTION('ref_axis',(-0.796420563700934,-0.604743156814764,0.));
#2679=DIRECTION('center_axis',(0.,0.,1.));
#2680=DIRECTION('ref_axis',(1.,0.,0.));
#2681=DIRECTION('',(-0.707106781186548,-0.707106781186547,0.));
#2682=DIRECTION('center_axis',(0.,0.,-1.));
#2683=DIRECTION('ref_axis',(1.,0.,0.));
#2684=DIRECTION('center_axis',(0.,0.,-1.));
#2685=DIRECTION('ref_axis',(1.,0.,0.));
#2686=DIRECTION('',(0.,0.,1.));
#2687=DIRECTION('center_axis',(0.,0.,1.));
#2688=DIRECTION('ref_axis',(1.,0.,0.));
#2689=DIRECTION('',(0.,0.,-1.));
#2690=DIRECTION('center_axis',(0.,0.,1.));
#2691=DIRECTION('ref_axis',(1.,0.,0.));
#2692=DIRECTION('',(0.,0.,-1.));
#2693=DIRECTION('center_axis',(0.,0.,1.));
#2694=DIRECTION('ref_axis',(1.,0.,0.));
#2695=DIRECTION('',(0.,0.,-1.));
#2696=DIRECTION('center_axis',(0.,0.,1.));
#2697=DIRECTION('ref_axis',(1.,0.,0.));
#2698=DIRECTION('',(0.,0.,-1.));
#2699=DIRECTION('center_axis',(0.,0.,1.));
#2700=DIRECTION('ref_axis',(1.,0.,0.));
#2701=DIRECTION('',(0.,0.,-1.));
#2702=DIRECTION('center_axis',(0.,0.,-1.));
#2703=DIRECTION('ref_axis',(1.,0.,0.));
#2704=DIRECTION('center_axis',(0.,0.,-1.));
#2705=DIRECTION('ref_axis',(1.,0.,0.));
#2706=DIRECTION('',(0.,0.,-1.));
#2707=DIRECTION('',(0.,0.,-1.));
#2708=DIRECTION('',(0.,0.,-1.));
#2709=DIRECTION('',(0.,0.,1.));
#2710=DIRECTION('center_axis',(0.,0.,-1.));
#2711=DIRECTION('ref_axis',(1.,0.,0.));
#2712=DIRECTION('',(-3.12249920744411E-17,-1.,0.));
#2713=DIRECTION('',(-0.707106781186548,0.707106781186548,0.));
#2714=DIRECTION('',(0.707106781186548,0.707106781186547,0.));
#2715=DIRECTION('',(-3.12249920744411E-17,-1.,0.));
#2716=DIRECTION('center_axis',(0.,0.,-1.));
#2717=DIRECTION('ref_axis',(1.,0.,0.));
#2718=DIRECTION('center_axis',(0.,0.,-1.));
#2719=DIRECTION('ref_axis',(1.,0.,0.));
#2720=DIRECTION('center_axis',(0.,0.,1.));
#2721=DIRECTION('ref_axis',(-0.604743156814766,0.796420563700933,0.));
#2722=DIRECTION('center_axis',(0.,0.,1.));
#2723=DIRECTION('ref_axis',(1.,0.,0.));
#2724=DIRECTION('center_axis',(0.,0.,1.));
#2725=DIRECTION('ref_axis',(-0.796420563700934,0.604743156814764,0.));
#2726=DIRECTION('center_axis',(0.707106781186547,-0.707106781186548,0.));
#2727=DIRECTION('ref_axis',(-0.707106781186548,-0.707106781186547,0.));
#2728=DIRECTION('center_axis',(0.,0.,-1.));
#2729=DIRECTION('ref_axis',(1.,0.,0.));
#2730=DIRECTION('center_axis',(0.,0.,1.));
#2731=DIRECTION('ref_axis',(-1.,0.,0.));
#2732=DIRECTION('center_axis',(0.,0.,1.));
#2733=DIRECTION('ref_axis',(0.604743156814763,0.796420563700935,0.));
#2734=DIRECTION('center_axis',(0.,0.,-1.));
#2735=DIRECTION('ref_axis',(-1.,0.,0.));
#2736=DIRECTION('center_axis',(0.,0.,1.));
#2737=DIRECTION('ref_axis',(0.796420563700934,0.604743156814764,0.));
#2738=DIRECTION('center_axis',(0.,0.,-1.));
#2739=DIRECTION('ref_axis',(1.,0.,0.));
#2740=DIRECTION('center_axis',(0.,0.,-1.));
#2741=DIRECTION('ref_axis',(1.,0.,0.));
#2742=DIRECTION('center_axis',(0.,0.,1.));
#2743=DIRECTION('ref_axis',(-0.554896030369448,0.831919704947676,0.));
#2744=DIRECTION('center_axis',(0.,0.,1.));
#2745=DIRECTION('ref_axis',(1.,0.,0.));
#2746=DIRECTION('center_axis',(1.5392495990446E-16,-0.707106781186548,-0.707106781186548));
#2747=DIRECTION('ref_axis',(-1.,0.,-2.17682765884622E-16));
#2748=DIRECTION('',(1.,2.17682765884622E-16,0.));
#2749=DIRECTION('',(-0.577350269189626,-0.577350269189626,0.577350269189626));
#2750=DIRECTION('',(-1.,-2.17682765884622E-16,0.));
#2751=DIRECTION('center_axis',(-0.707106781186547,0.,-0.707106781186548));
#2752=DIRECTION('ref_axis',(-0.707106781186548,0.,0.707106781186547));
#2753=DIRECTION('',(0.,-1.,0.));
#2754=DIRECTION('',(-0.577350269189626,0.577350269189626,0.577350269189625));
#2755=DIRECTION('',(0.,1.,0.));
#2756=DIRECTION('center_axis',(0.,0.,-1.));
#2757=DIRECTION('ref_axis',(1.,0.,0.));
#2758=DIRECTION('center_axis',(0.,0.,-1.));
#2759=DIRECTION('ref_axis',(1.,0.,0.));
#2760=DIRECTION('center_axis',(0.,0.707106781186547,-0.707106781186548));
#2761=DIRECTION('ref_axis',(-1.,0.,0.));
#2762=DIRECTION('',(-1.,0.,0.));
#2763=DIRECTION('',(1.,0.,0.));
#2764=DIRECTION('center_axis',(0.,-0.707106781186547,-0.707106781186548));
#2765=DIRECTION('ref_axis',(-1.,0.,0.));
#2766=DIRECTION('',(-1.,0.,0.));
#2767=DIRECTION('',(1.,0.,0.));
#2768=DIRECTION('center_axis',(0.,0.,1.));
#2769=DIRECTION('ref_axis',(1.,0.,0.));
#2770=DIRECTION('center_axis',(0.,0.,1.));
#2771=DIRECTION('ref_axis',(1.,0.,0.));
#2772=DIRECTION('center_axis',(-1.41423814245049E-16,0.707106781186548,
-0.707106781186547));
#2773=DIRECTION('ref_axis',(-1.,0.,2.00003476147882E-16));
#2774=DIRECTION('',(1.,2.00003476147882E-16,0.));
#2775=DIRECTION('',(-1.,-2.00003476147882E-16,0.));
#2776=DIRECTION('center_axis',(0.,0.,-1.));
#2777=DIRECTION('ref_axis',(1.,0.,0.));
#2778=DIRECTION('center_axis',(0.,0.,-1.));
#2779=DIRECTION('ref_axis',(1.,0.,0.));
#2780=DIRECTION('center_axis',(2.17682765884622E-16,-1.,0.));
#2781=DIRECTION('ref_axis',(-1.,-2.17682765884622E-16,0.));
#2782=DIRECTION('',(0.,0.,-1.));
#2783=DIRECTION('',(1.,2.17682765884622E-16,0.));
#2784=DIRECTION('center_axis',(-1.,0.,0.));
#2785=DIRECTION('ref_axis',(0.,1.,0.));
#2786=DIRECTION('',(0.,0.,-1.));
#2787=DIRECTION('',(0.,-1.,0.));
#2788=DIRECTION('center_axis',(0.,1.,0.));
#2789=DIRECTION('ref_axis',(1.,0.,0.));
#2790=DIRECTION('',(-1.,0.,0.));
#2791=DIRECTION('center_axis',(0.,0.,-1.));
#2792=DIRECTION('ref_axis',(-1.,0.,0.));
#2793=DIRECTION('center_axis',(-6.73293542809107E-17,0.707106781186548,
-0.707106781186547));
#2794=DIRECTION('ref_axis',(-1.,0.,9.52180859698869E-17));
#2795=DIRECTION('',(-1.,-9.52180859698869E-17,0.));
#2796=DIRECTION('',(0.577350269189626,0.577350269189626,0.577350269189626));
#2797=DIRECTION('',(1.,9.52180859698869E-17,0.));
#2798=DIRECTION('center_axis',(0.707106781186547,-8.65956056235493E-17,
-0.707106781186548));
#2799=DIRECTION('ref_axis',(-0.707106781186548,0.,-0.707106781186547));
#2800=DIRECTION('',(1.22464679914735E-16,1.,0.));
#2801=DIRECTION('',(0.577350269189626,-0.577350269189626,0.577350269189626));
#2802=DIRECTION('',(-1.22464679914735E-16,-1.,0.));
#2803=DIRECTION('center_axis',(0.,0.,-1.));
#2804=DIRECTION('ref_axis',(-1.,0.,0.));
#2805=DIRECTION('center_axis',(0.,0.,-1.));
#2806=DIRECTION('ref_axis',(-1.,0.,0.));
#2807=DIRECTION('center_axis',(-8.65956056235494E-17,-0.707106781186548,
-0.707106781186547));
#2808=DIRECTION('ref_axis',(-1.,0.,1.22464679914735E-16));
#2809=DIRECTION('',(1.,-1.22464679914735E-16,0.));
#2810=DIRECTION('',(-1.,1.22464679914735E-16,0.));
#2811=DIRECTION('center_axis',(8.65956056235493E-17,0.707106781186547,-0.707106781186548));
#2812=DIRECTION('ref_axis',(-1.,0.,-1.22464679914735E-16));
#2813=DIRECTION('',(1.,-1.22464679914735E-16,0.));
#2814=DIRECTION('',(-1.,1.22464679914735E-16,0.));
#2815=DIRECTION('center_axis',(0.,0.,1.));
#2816=DIRECTION('ref_axis',(-1.,0.,0.));
#2817=DIRECTION('center_axis',(0.,0.,1.));
#2818=DIRECTION('ref_axis',(-1.,0.,0.));
#2819=DIRECTION('center_axis',(5.48282086215E-17,-0.707106781186548,-0.707106781186547));
#2820=DIRECTION('ref_axis',(-1.,0.,-7.75387962331467E-17));
#2821=DIRECTION('',(-1.,-7.75387962331467E-17,0.));
#2822=DIRECTION('',(1.,7.75387962331467E-17,0.));
#2823=DIRECTION('center_axis',(0.,0.,-1.));
#2824=DIRECTION('ref_axis',(-1.,0.,0.));
#2825=DIRECTION('center_axis',(0.,0.,-1.));
#2826=DIRECTION('ref_axis',(-1.,0.,0.));
#2827=DIRECTION('center_axis',(-9.52180859698869E-17,1.,0.));
#2828=DIRECTION('ref_axis',(1.,9.52180859698869E-17,0.));
#2829=DIRECTION('',(0.,0.,-1.));
#2830=DIRECTION('',(-1.,-9.52180859698869E-17,0.));
#2831=DIRECTION('center_axis',(1.,-1.22464679914735E-16,0.));
#2832=DIRECTION('ref_axis',(-1.22464679914735E-16,-1.,0.));
#2833=DIRECTION('',(0.,0.,-1.));
#2834=DIRECTION('',(1.22464679914735E-16,1.,0.));
#2835=DIRECTION('center_axis',(-1.22464679914735E-16,-1.,0.));
#2836=DIRECTION('ref_axis',(-1.,1.22464679914735E-16,0.));
#2837=DIRECTION('',(1.,-1.22464679914735E-16,0.));
#2838=DIRECTION('center_axis',(0.,0.,-1.));
#2839=DIRECTION('ref_axis',(-1.,0.,0.));
#2840=DIRECTION('center_axis',(0.,0.,-1.));
#2841=DIRECTION('ref_axis',(1.,-1.22464679914735E-16,0.));
#2842=DIRECTION('',(0.342668489263648,-0.383776222320652,-0.857492925712544));
#2843=DIRECTION('center_axis',(0.,0.,-1.));
#2844=DIRECTION('ref_axis',(1.,-1.22464679914735E-16,0.));
#2845=DIRECTION('',(-0.197659386265941,0.475012262340577,0.857492925712544));
#2846=DIRECTION('center_axis',(0.,0.,1.));
#2847=DIRECTION('ref_axis',(1.,-1.22464679914735E-16,0.));
#2848=DIRECTION('center_axis',(0.,0.,1.));
#2849=DIRECTION('ref_axis',(-0.554896030369449,-0.831919704947675,0.));
#2850=DIRECTION('',(0.197659386265941,-0.475012262340575,0.857492925712545));
#2851=DIRECTION('center_axis',(0.,0.,-1.));
#2852=DIRECTION('ref_axis',(-0.554896030369449,-0.831919704947675,0.));
#2853=DIRECTION('center_axis',(0.,0.,1.));
#2854=DIRECTION('ref_axis',(-0.554896030369449,-0.831919704947675,0.));
#2855=DIRECTION('center_axis',(0.,0.,1.));
#2856=DIRECTION('ref_axis',(0.0282598742819078,0.999600609996598,0.));
#2857=DIRECTION('center_axis',(0.,0.,-1.));
#2858=DIRECTION('ref_axis',(0.0282598742819078,0.999600609996598,0.));
#2859=DIRECTION('',(-0.342668489263646,0.383776222320648,-0.857492925712547));
#2860=DIRECTION('center_axis',(0.,0.,1.));
#2861=DIRECTION('ref_axis',(0.0282598742819078,0.999600609996598,0.));
#2862=DIRECTION('center_axis',(0.,0.,1.));
#2863=DIRECTION('ref_axis',(1.,0.,0.));
#2864=DIRECTION('center_axis',(0.,0.,1.));
#2865=DIRECTION('ref_axis',(1.,0.,0.));
#2866=DIRECTION('center_axis',(0.,0.,-1.));
#2867=DIRECTION('ref_axis',(0.0282598742819078,0.999600609996598,0.));
#2868=DIRECTION('',(0.,0.,1.));
#2869=DIRECTION('center_axis',(0.,0.,1.));
#2870=DIRECTION('ref_axis',(0.0282598742819078,0.999600609996598,0.));
#2871=DIRECTION('center_axis',(0.,0.,-1.));
#2872=DIRECTION('ref_axis',(-1.,1.22464679914735E-16,0.));
#2873=DIRECTION('',(0.,0.,-1.));
#2874=DIRECTION('center_axis',(0.,0.,-1.));
#2875=DIRECTION('ref_axis',(-1.,1.22464679914735E-16,0.));
#2876=DIRECTION('center_axis',(0.,0.,-1.));
#2877=DIRECTION('ref_axis',(-1.,1.22464679914735E-16,0.));
#2878=DIRECTION('center_axis',(0.,0.,-1.));
#2879=DIRECTION('ref_axis',(-1.,0.,0.));
#2880=DIRECTION('',(-0.342668489263646,0.383776222320654,-0.857492925712544));
#2881=DIRECTION('center_axis',(0.,0.,-1.));
#2882=DIRECTION('ref_axis',(-1.,0.,0.));
#2883=DIRECTION('',(0.197659386265941,-0.475012262340577,0.857492925712544));
#2884=DIRECTION('center_axis',(0.,0.,1.));
#2885=DIRECTION('ref_axis',(-1.,0.,0.));
#2886=DIRECTION('center_axis',(0.,0.,1.));
#2887=DIRECTION('ref_axis',(0.55489603036945,0.831919704947675,0.));
#2888=DIRECTION('',(-0.197659386265942,0.475012262340574,0.857492925712545));
#2889=DIRECTION('center_axis',(0.,0.,-1.));
#2890=DIRECTION('ref_axis',(0.55489603036945,0.831919704947675,0.));
#2891=DIRECTION('center_axis',(0.,0.,1.));
#2892=DIRECTION('ref_axis',(0.55489603036945,0.831919704947675,0.));
#2893=DIRECTION('center_axis',(0.,0.,1.));
#2894=DIRECTION('ref_axis',(-0.0282598742819078,-0.999600609996598,0.));
#2895=DIRECTION('center_axis',(0.,0.,-1.));
#2896=DIRECTION('ref_axis',(-0.0282598742819078,-0.999600609996598,0.));
#2897=DIRECTION('',(0.342668489263644,-0.383776222320648,-0.857492925712547));
#2898=DIRECTION('center_axis',(0.,0.,1.));
#2899=DIRECTION('ref_axis',(-0.0282598742819078,-0.999600609996598,0.));
#2900=DIRECTION('center_axis',(0.,0.,1.));
#2901=DIRECTION('ref_axis',(-1.,0.,0.));
#2902=DIRECTION('center_axis',(0.,0.,1.));
#2903=DIRECTION('ref_axis',(-1.,0.,0.));
#2904=DIRECTION('center_axis',(0.,0.,-1.));
#2905=DIRECTION('ref_axis',(-0.0282598742819078,-0.999600609996598,0.));
#2906=DIRECTION('',(0.,0.,1.));
#2907=DIRECTION('center_axis',(0.,0.,1.));
#2908=DIRECTION('ref_axis',(-0.0282598742819078,-0.999600609996598,0.));
#2909=DIRECTION('center_axis',(0.,0.,-1.));
#2910=DIRECTION('ref_axis',(1.,0.,0.));
#2911=DIRECTION('',(0.,0.,-1.));
#2912=DIRECTION('center_axis',(0.,0.,-1.));
#2913=DIRECTION('ref_axis',(1.,0.,0.));
#2914=DIRECTION('center_axis',(0.,0.,-1.));
#2915=DIRECTION('ref_axis',(1.,0.,0.));
#2916=DIRECTION('center_axis',(0.,0.,1.));
#2917=DIRECTION('ref_axis',(-1.,0.,0.));
#2918=DIRECTION('center_axis',(0.,0.,1.));
#2919=DIRECTION('ref_axis',(-1.,0.,0.));
#2920=DIRECTION('',(-0.19765938626594,-0.475012262340574,0.857492925712546));
#2921=DIRECTION('center_axis',(0.,0.,1.));
#2922=DIRECTION('ref_axis',(0.796420563700934,0.604743156814764,0.));
#2923=DIRECTION('',(-0.189908678375818,-0.681127516605775,-0.707106781186547));
#2924=DIRECTION('center_axis',(0.,0.,-1.));
#2925=DIRECTION('ref_axis',(0.796420563700934,0.604743156814764,0.));
#2926=DIRECTION('',(0.189908678375816,0.681127516605777,-0.707106781186546));
#2927=DIRECTION('center_axis',(0.,0.,1.));
#2928=DIRECTION('ref_axis',(-1.,0.,0.));
#2929=DIRECTION('',(0.189908678375814,-0.681127516605776,-0.707106781186548));
#2930=DIRECTION('center_axis',(0.,0.,-1.));
#2931=DIRECTION('ref_axis',(-1.,0.,0.));
#2932=DIRECTION('center_axis',(0.,0.,-1.));
#2933=DIRECTION('ref_axis',(-1.,0.,0.));
#2934=DIRECTION('center_axis',(0.,0.,1.));
#2935=DIRECTION('ref_axis',(0.604743156814763,0.796420563700935,0.));
#2936=DIRECTION('center_axis',(0.,0.,-1.));
#2937=DIRECTION('ref_axis',(0.604743156814763,0.796420563700935,0.));
#2938=DIRECTION('',(-0.189908678375815,0.681127516605776,-0.707106781186548));
#2939=DIRECTION('center_axis',(0.,0.,-1.));
#2940=DIRECTION('ref_axis',(-1.,0.,0.));
#2941=DIRECTION('center_axis',(0.,0.,1.));
#2942=DIRECTION('ref_axis',(0.554896030369448,-0.831919704947676,0.));
#2943=DIRECTION('',(0.19765938626594,0.475012262340572,0.857492925712547));
#2944=DIRECTION('center_axis',(0.,0.,-1.));
#2945=DIRECTION('ref_axis',(0.554896030369448,-0.831919704947676,0.));
#2946=DIRECTION('center_axis',(0.,0.,1.));
#2947=DIRECTION('ref_axis',(0.554896030369448,-0.831919704947676,0.));
#2948=DIRECTION('center_axis',(0.,0.,-1.));
#2949=DIRECTION('ref_axis',(-1.,1.22464679914735E-16,0.));
#2950=DIRECTION('center_axis',(0.,0.,-1.));
#2951=DIRECTION('ref_axis',(-1.,1.22464679914735E-16,0.));
#2952=DIRECTION('center_axis',(0.,0.,1.));
#2953=DIRECTION('ref_axis',(-1.,1.22464679914735E-16,0.));
#2954=DIRECTION('center_axis',(-0.707106781186547,0.707106781186548,0.));
#2955=DIRECTION('ref_axis',(0.707106781186548,0.707106781186547,0.));
#2956=DIRECTION('center_axis',(0.,0.,-1.));
#2957=DIRECTION('ref_axis',(0.604743156814763,0.796420563700935,0.));
#2958=DIRECTION('',(0.,0.,1.));
#2959=DIRECTION('center_axis',(0.,0.,-1.));
#2960=DIRECTION('ref_axis',(1.,0.,0.));
#2961=DIRECTION('',(0.,0.,-1.));
#2962=DIRECTION('',(0.,0.,1.));
#2963=DIRECTION('center_axis',(0.,0.,-1.));
#2964=DIRECTION('ref_axis',(1.,0.,0.));
#2965=DIRECTION('',(0.,0.,-1.));
#2966=DIRECTION('',(0.,0.,1.));
#2967=DIRECTION('center_axis',(0.,0.,-1.));
#2968=DIRECTION('ref_axis',(0.796420563700934,0.604743156814764,0.));
#2969=DIRECTION('center_axis',(0.,0.,-1.));
#2970=DIRECTION('ref_axis',(1.,0.,0.));
#2971=DIRECTION('center_axis',(0.,0.,-1.));
#2972=DIRECTION('ref_axis',(1.,0.,0.));
#2973=DIRECTION('',(0.197659386265943,0.475012262340576,-0.857492925712544));
#2974=DIRECTION('center_axis',(0.,0.,1.));
#2975=DIRECTION('ref_axis',(1.,0.,0.));
#2976=DIRECTION('center_axis',(0.,0.,1.));
#2977=DIRECTION('ref_axis',(-0.554896030369448,0.831919704947676,0.));
#2978=DIRECTION('center_axis',(0.,0.,-1.));
#2979=DIRECTION('ref_axis',(-0.554896030369448,0.831919704947676,0.));
#2980=DIRECTION('',(-0.197659386265943,-0.475012262340578,-0.857492925712543));
#2981=DIRECTION('center_axis',(0.,0.,1.));
#2982=DIRECTION('ref_axis',(-1.,0.,0.));
#2983=DIRECTION('center_axis',(0.,0.,1.));
#2984=DIRECTION('ref_axis',(-0.604743156814766,0.796420563700933,0.));
#2985=DIRECTION('',(0.189908678375815,0.681127516605776,-0.707106781186548));
#2986=DIRECTION('center_axis',(0.,0.,-1.));
#2987=DIRECTION('ref_axis',(-0.604743156814766,0.796420563700933,0.));
#2988=DIRECTION('',(-0.189908678375816,-0.681127516605774,-0.707106781186549));
#2989=DIRECTION('center_axis',(0.,0.,1.));
#2990=DIRECTION('ref_axis',(1.,0.,0.));
#2991=DIRECTION('',(-0.189908678375816,0.681127516605774,-0.707106781186549));
#2992=DIRECTION('center_axis',(0.,0.,1.));
#2993=DIRECTION('ref_axis',(-0.796420563700934,0.604743156814764,0.));
#2994=DIRECTION('center_axis',(0.,0.,-1.));
#2995=DIRECTION('ref_axis',(-0.796420563700934,0.604743156814764,0.));
#2996=DIRECTION('',(0.189908678375816,-0.681127516605777,-0.707106781186546));
#2997=DIRECTION('center_axis',(0.,0.,-1.));
#2998=DIRECTION('ref_axis',(1.,1.22464679914735E-16,0.));
#2999=DIRECTION('center_axis',(0.,0.,-1.));
#3000=DIRECTION('ref_axis',(-0.604743156814766,0.796420563700933,0.));
#3001=DIRECTION('center_axis',(0.,0.,-1.));
#3002=DIRECTION('ref_axis',(-0.554896030369448,0.831919704947676,0.));
#3003=DIRECTION('',(0.,0.,1.));
#3004=DIRECTION('center_axis',(0.,0.,1.));
#3005=DIRECTION('ref_axis',(-0.831919704947675,-0.554896030369451,0.));
#3006=DIRECTION('',(0.,0.,1.));
#3007=DIRECTION('center_axis',(0.,0.,-1.));
#3008=DIRECTION('ref_axis',(1.,0.,0.));
#3009=DIRECTION('',(0.,0.,-1.));
#3010=DIRECTION('center_axis',(0.,0.,-1.));
#3011=DIRECTION('ref_axis',(1.,0.,0.));
#3012=DIRECTION('center_axis',(0.,0.,-1.));
#3013=DIRECTION('ref_axis',(-0.796420563700934,0.604743156814764,0.));
#3014=DIRECTION('center_axis',(0.,0.,-1.));
#3015=DIRECTION('ref_axis',(-0.0282598742819078,0.999600609996598,0.));
#3016=DIRECTION('center_axis',(0.,0.,1.));
#3017=DIRECTION('ref_axis',(-0.999600609996598,-0.028259874281907,0.));
#3018=DIRECTION('',(0.,0.,-1.));
#3019=DIRECTION('center_axis',(-1.,3.12249920744411E-17,0.));
#3020=DIRECTION('ref_axis',(3.12249920744411E-17,1.,0.));
#3021=DIRECTION('',(3.12249920744411E-17,1.,0.));
#3022=DIRECTION('',(0.,0.,-1.));
#3023=DIRECTION('center_axis',(0.,0.,-1.));
#3024=DIRECTION('ref_axis',(-0.554896030369449,-0.831919704947675,0.));
#3025=DIRECTION('center_axis',(0.,0.,1.));
#3026=DIRECTION('ref_axis',(-0.831919704947675,0.554896030369451,0.));
#3027=DIRECTION('center_axis',(1.,-3.12249920744411E-17,0.));
#3028=DIRECTION('ref_axis',(-3.12249920744411E-17,-1.,0.));
#3029=DIRECTION('',(-3.12249920744411E-17,-1.,0.));
#3030=DIRECTION('',(0.,0.,1.));
#3031=DIRECTION('center_axis',(0.,0.,1.));
#3032=DIRECTION('ref_axis',(0.554896030369448,-0.831919704947676,0.));
#3033=DIRECTION('',(0.,0.,1.));
#3034=DIRECTION('center_axis',(0.,0.,1.));
#3035=DIRECTION('ref_axis',(0.831919704947675,0.55489603036945,0.));
#3036=DIRECTION('center_axis',(1.22464679914735E-16,1.,0.));
#3037=DIRECTION('ref_axis',(1.,-1.22464679914735E-16,0.));
#3038=DIRECTION('',(-1.,1.22464679914735E-16,0.));
#3039=DIRECTION('center_axis',(7.75387962331467E-17,-1.,0.));
#3040=DIRECTION('ref_axis',(-1.,-7.75387962331467E-17,0.));
#3041=DIRECTION('',(1.,7.75387962331467E-17,0.));
#3042=DIRECTION('center_axis',(0.,0.,-1.));
#3043=DIRECTION('ref_axis',(1.,0.,0.));
#3044=DIRECTION('center_axis',(0.,0.,-1.));
#3045=DIRECTION('ref_axis',(-1.,1.22464679914735E-16,0.));
#3046=DIRECTION('center_axis',(0.,0.,-1.));
#3047=DIRECTION('ref_axis',(1.,0.,0.));
#3048=DIRECTION('center_axis',(0.,0.,1.));
#3049=DIRECTION('ref_axis',(0.831919704947675,-0.554896030369451,0.));
#3050=DIRECTION('',(-3.12249920744411E-17,-1.,0.));
#3051=DIRECTION('center_axis',(0.766044443118978,0.642787609686539,0.));
#3052=DIRECTION('ref_axis',(0.642787609686539,-0.766044443118978,0.));
#3053=DIRECTION('',(-0.642787609686539,0.766044443118978,0.));
#3054=DIRECTION('',(0.642787609686539,-0.766044443118978,0.));
#3055=DIRECTION('center_axis',(-0.819152044288992,-0.573576436351046,0.));
#3056=DIRECTION('ref_axis',(-0.573576436351046,0.819152044288992,0.));
#3057=DIRECTION('',(-0.573576436351046,0.819152044288992,0.));
#3058=DIRECTION('center_axis',(0.,0.,-1.));
#3059=DIRECTION('ref_axis',(-1.,1.22464679914735E-16,0.));
#3060=DIRECTION('center_axis',(0.,0.,-1.));
#3061=DIRECTION('ref_axis',(1.,0.,0.));
#3062=DIRECTION('',(1.,0.,0.));
#3063=DIRECTION('center_axis',(0.,0.,-1.));
#3064=DIRECTION('ref_axis',(-1.,1.22464679914735E-16,0.));
#3065=DIRECTION('center_axis',(0.,0.,-1.));
#3066=DIRECTION('ref_axis',(1.,0.,0.));
#3067=DIRECTION('center_axis',(0.,0.,-1.));
#3068=DIRECTION('ref_axis',(0.0282598742819078,-0.999600609996598,0.));
#3069=DIRECTION('center_axis',(0.,0.,1.));
#3070=DIRECTION('ref_axis',(0.999600609996598,0.0282598742819103,0.));
#3071=DIRECTION('center_axis',(0.,0.,-1.));
#3072=DIRECTION('ref_axis',(0.55489603036945,0.831919704947675,0.));
#3073=DIRECTION('',(0.,0.,-1.));
#3074=DIRECTION('center_axis',(-1.,3.12249920744411E-17,0.));
#3075=DIRECTION('ref_axis',(3.12249920744411E-17,1.,0.));
#3076=DIRECTION('',(3.12249920744411E-17,1.,0.));
#3077=DIRECTION('center_axis',(0.,-1.,0.));
#3078=DIRECTION('ref_axis',(-1.,0.,0.));
#3079=DIRECTION('center_axis',(-2.00003476147882E-16,1.,0.));
#3080=DIRECTION('ref_axis',(1.,2.00003476147882E-16,0.));
#3081=DIRECTION('',(-1.,-2.00003476147882E-16,0.));
#3082=DIRECTION('center_axis',(0.,0.,-1.));
#3083=DIRECTION('ref_axis',(1.,0.,0.));
#3084=DIRECTION('center_axis',(-0.766044443118978,-0.642787609686539,0.));
#3085=DIRECTION('ref_axis',(-0.642787609686539,0.766044443118978,0.));
#3086=DIRECTION('',(0.642787609686539,-0.766044443118978,0.));
#3087=DIRECTION('',(-0.642787609686539,0.766044443118978,0.));
#3088=DIRECTION('center_axis',(0.819152044288992,0.573576436351046,0.));
#3089=DIRECTION('ref_axis',(0.573576436351046,-0.819152044288992,0.));
#3090=DIRECTION('',(0.573576436351046,-0.819152044288992,0.));
#3091=DIRECTION('center_axis',(0.,0.,-1.));
#3092=DIRECTION('ref_axis',(1.,0.,0.));
#3093=DIRECTION('center_axis',(0.,0.,1.));
#3094=DIRECTION('ref_axis',(1.,0.,0.));
#3095=DIRECTION('',(-0.707106781186548,0.707106781186548,0.));
#3096=DIRECTION('center_axis',(1.,-3.12249920744411E-17,0.));
#3097=DIRECTION('ref_axis',(-3.12249920744411E-17,-1.,0.));
#3098=DIRECTION('center_axis',(0.,0.,1.));
#3099=DIRECTION('ref_axis',(1.,0.,0.));
#3100=DIRECTION('',(0.707106781186548,-0.707106781186548,0.));
#3101=DIRECTION('center_axis',(0.,0.,-1.));
#3102=DIRECTION('ref_axis',(1.,0.,0.));
#3103=DIRECTION('center_axis',(0.707106781186548,0.707106781186548,0.));
#3104=DIRECTION('ref_axis',(0.707106781186548,-0.707106781186548,0.));
#3105=DIRECTION('center_axis',(-0.707106781186548,-0.707106781186548,0.));
#3106=DIRECTION('ref_axis',(-0.707106781186548,0.707106781186548,0.));
#3107=CARTESIAN_POINT('',(0.,0.,0.));
#3108=CARTESIAN_POINT('Origin',(0.,0.,4.5));
#3109=CARTESIAN_POINT('',(-6.22736016928408,-6.97441648613088,2.));
#3110=CARTESIAN_POINT('',(-9.04986187739902,-2.34999999999999,2.));
#3111=CARTESIAN_POINT('Origin',(0.,0.,2.));
#3112=CARTESIAN_POINT('',(-6.22736016928408,-6.97441648613088,0.500000000000001));
#3113=CARTESIAN_POINT('',(-6.22736016928408,-6.97441648613088,4.5));
#3114=CARTESIAN_POINT('',(-3.59209039548023,-8.63246121281172,0.5));
#3115=CARTESIAN_POINT('Origin',(0.,0.,0.5));
#3116=CARTESIAN_POINT('',(-3.59209039548022,-8.63246121281172,4.5));
#3117=CARTESIAN_POINT('',(-3.59209039548023,-8.63246121281172,4.5));
#3118=CARTESIAN_POINT('',(-5.36293967988228,-7.65907161410207,4.5));
#3119=CARTESIAN_POINT('Origin',(0.,0.,4.5));
#3120=CARTESIAN_POINT('',(-5.36293967988228,-7.65907161410207,3.5));
#3121=CARTESIAN_POINT('',(-5.36293967988228,-7.65907161410207,4.5));
#3122=CARTESIAN_POINT('',(-6.01006415056914,-7.16251554316245,3.5));
#3123=CARTESIAN_POINT('Origin',(0.,0.,3.5));
#3124=CARTESIAN_POINT('',(-6.01006415056914,-7.16251554316245,4.5));
#3125=CARTESIAN_POINT('',(-6.01006415056914,-7.16251554316244,4.5));
#3126=CARTESIAN_POINT('',(-6.61144840409422,-6.61144840409422,4.5));
#3127=CARTESIAN_POINT('Origin',(0.,0.,4.5));
#3128=CARTESIAN_POINT('',(-6.61144840409422,-6.61144840409422,5.));
#3129=CARTESIAN_POINT('',(-6.61144840409422,-6.61144840409422,4.5));
#3130=CARTESIAN_POINT('',(-6.61144840409422,6.61144840409422,5.));
#3131=CARTESIAN_POINT('Origin',(0.,0.,5.));
#3132=CARTESIAN_POINT('',(-6.61144840409422,6.61144840409422,4.5));
#3133=CARTESIAN_POINT('',(-6.61144840409422,6.61144840409422,4.5));
#3134=CARTESIAN_POINT('',(-6.01006415056915,7.16251554316245,4.5));
#3135=CARTESIAN_POINT('Origin',(0.,0.,4.5));
#3136=CARTESIAN_POINT('',(-6.01006415056915,7.16251554316245,3.5));
#3137=CARTESIAN_POINT('',(-6.01006415056914,7.16251554316244,4.5));
#3138=CARTESIAN_POINT('',(-5.36293967988228,7.65907161410207,3.5));
#3139=CARTESIAN_POINT('Origin',(0.,0.,3.5));
#3140=CARTESIAN_POINT('',(-5.36293967988228,7.65907161410207,4.5));
#3141=CARTESIAN_POINT('',(-5.36293967988228,7.65907161410207,4.5));
#3142=CARTESIAN_POINT('',(-3.59209039548022,8.63246121281172,4.5));
#3143=CARTESIAN_POINT('Origin',(0.,0.,4.5));
#3144=CARTESIAN_POINT('',(-3.59209039548023,8.63246121281172,0.5));
#3145=CARTESIAN_POINT('',(-3.59209039548023,8.63246121281172,4.5));
#3146=CARTESIAN_POINT('',(-6.22736016928408,6.97441648613088,0.5));
#3147=CARTESIAN_POINT('Origin',(0.,0.,0.5));
#3148=CARTESIAN_POINT('',(-6.22736016928408,6.97441648613088,2.));
#3149=CARTESIAN_POINT('',(-6.22736016928408,6.97441648613088,4.5));
#3150=CARTESIAN_POINT('',(-9.04986187739901,2.35000000000001,2.));
#3151=CARTESIAN_POINT('Origin',(0.,0.,2.));
#3152=CARTESIAN_POINT('',(-9.04986187739901,2.35000000000001,0.5));
#3153=CARTESIAN_POINT('',(-9.04986187739901,2.35000000000001,2.));
#3154=CARTESIAN_POINT('',(-9.04986187739902,-2.34999999999999,0.5));
#3155=CARTESIAN_POINT('Origin',(0.,0.,0.5));
#3156=CARTESIAN_POINT('',(-9.04986187739902,-2.34999999999999,2.));
#3157=CARTESIAN_POINT('Origin',(-5.89434625648814,-6.60145303767468,0.25));
#3158=CARTESIAN_POINT('',(-5.5613323436922,-6.22848958921849,0.5));
#3159=CARTESIAN_POINT('Origin',(-5.89434625648814,-6.60145303767468,0.5));
#3160=CARTESIAN_POINT('',(-5.76114069136976,-6.45226765829221,5.55111512312578E-16));
#3161=CARTESIAN_POINT('',(-5.76114069136976,-6.45226765829221,5.55111512312578E-16));
#3162=CARTESIAN_POINT('',(-6.02755182160651,-6.75063841705716,5.55111512312578E-16));
#3163=CARTESIAN_POINT('Origin',(-5.89434625648814,-6.60145303767468,5.55111512312578E-16));
#3164=CARTESIAN_POINT('',(-6.1274559954453,-6.86252745159402,0.25));
#3165=CARTESIAN_POINT('Origin',(0.,0.,4.5));
#3166=CARTESIAN_POINT('',(6.22736016928408,6.97441648613088,2.));
#3167=CARTESIAN_POINT('',(9.04986187739902,2.34999999999999,2.));
#3168=CARTESIAN_POINT('Origin',(0.,0.,2.));
#3169=CARTESIAN_POINT('',(6.22736016928408,6.97441648613088,0.500000000000001));
#3170=CARTESIAN_POINT('',(6.22736016928408,6.97441648613088,4.5));
#3171=CARTESIAN_POINT('',(3.59209039548023,8.63246121281172,0.5));
#3172=CARTESIAN_POINT('Origin',(0.,0.,0.5));
#3173=CARTESIAN_POINT('',(3.59209039548023,8.63246121281172,4.5));
#3174=CARTESIAN_POINT('',(3.59209039548023,8.63246121281172,4.5));
#3175=CARTESIAN_POINT('',(5.36293967988228,7.65907161410207,4.5));
#3176=CARTESIAN_POINT('Origin',(0.,0.,4.5));
#3177=CARTESIAN_POINT('',(5.36293967988228,7.65907161410207,3.5));
#3178=CARTESIAN_POINT('',(5.36293967988228,7.65907161410207,4.5));
#3179=CARTESIAN_POINT('',(6.01006415056915,7.16251554316245,3.5));
#3180=CARTESIAN_POINT('Origin',(0.,0.,3.5));
#3181=CARTESIAN_POINT('',(6.01006415056915,7.16251554316245,4.5));
#3182=CARTESIAN_POINT('',(6.01006415056914,7.16251554316244,4.5));
#3183=CARTESIAN_POINT('',(6.61144840409422,6.61144840409422,4.5));
#3184=CARTESIAN_POINT('Origin',(0.,0.,4.5));
#3185=CARTESIAN_POINT('',(6.61144840409422,6.61144840409422,5.));
#3186=CARTESIAN_POINT('',(6.61144840409422,6.61144840409422,4.5));
#3187=CARTESIAN_POINT('',(6.61144840409422,-6.61144840409422,5.));
#3188=CARTESIAN_POINT('Origin',(0.,0.,5.));
#3189=CARTESIAN_POINT('',(6.61144840409422,-6.61144840409422,4.5));
#3190=CARTESIAN_POINT('',(6.61144840409422,-6.61144840409422,4.5));
#3191=CARTESIAN_POINT('',(6.01006415056914,-7.16251554316245,4.5));
#3192=CARTESIAN_POINT('Origin',(0.,0.,4.5));
#3193=CARTESIAN_POINT('',(6.01006415056914,-7.16251554316245,3.5));
#3194=CARTESIAN_POINT('',(6.01006415056914,-7.16251554316244,4.5));
#3195=CARTESIAN_POINT('',(5.36293967988228,-7.65907161410207,3.5));
#3196=CARTESIAN_POINT('Origin',(0.,0.,3.5));
#3197=CARTESIAN_POINT('',(5.36293967988228,-7.65907161410207,4.5));
#3198=CARTESIAN_POINT('',(5.36293967988228,-7.65907161410207,4.5));
#3199=CARTESIAN_POINT('',(3.59209039548023,-8.63246121281172,4.5));
#3200=CARTESIAN_POINT('Origin',(0.,0.,4.5));
#3201=CARTESIAN_POINT('',(3.59209039548023,-8.63246121281172,0.5));
#3202=CARTESIAN_POINT('',(3.59209039548023,-8.63246121281172,4.5));
#3203=CARTESIAN_POINT('',(6.22736016928408,-6.97441648613088,0.5));
#3204=CARTESIAN_POINT('Origin',(0.,0.,0.5));
#3205=CARTESIAN_POINT('',(6.22736016928408,-6.97441648613088,2.));
#3206=CARTESIAN_POINT('',(6.22736016928408,-6.97441648613088,4.5));
#3207=CARTESIAN_POINT('',(9.04986187739901,-2.35000000000001,2.));
#3208=CARTESIAN_POINT('Origin',(0.,0.,2.));
#3209=CARTESIAN_POINT('',(9.04986187739901,-2.35000000000001,0.5));
#3210=CARTESIAN_POINT('',(9.04986187739901,-2.35000000000001,2.));
#3211=CARTESIAN_POINT('',(9.04986187739902,2.34999999999999,0.5));
#3212=CARTESIAN_POINT('Origin',(0.,0.,0.5));
#3213=CARTESIAN_POINT('',(9.04986187739902,2.34999999999999,2.));
#3214=CARTESIAN_POINT('Origin',(5.89434625648814,6.60145303767469,0.25));
#3215=CARTESIAN_POINT('',(5.5613323436922,6.22848958921849,0.5));
#3216=CARTESIAN_POINT('Origin',(5.89434625648814,6.60145303767468,0.5));
#3217=CARTESIAN_POINT('',(5.76114069136976,6.45226765829221,5.55111512312578E-16));
#3218=CARTESIAN_POINT('',(5.76114069136976,6.45226765829221,5.55111512312578E-16));
#3219=CARTESIAN_POINT('',(6.02755182160651,6.75063841705716,5.55111512312578E-16));
#3220=CARTESIAN_POINT('Origin',(5.89434625648814,6.60145303767469,5.55111512312578E-16));
#3221=CARTESIAN_POINT('',(6.12745599544529,6.86252745159402,0.25));
#3222=CARTESIAN_POINT('Origin',(-6.01006415056914,-7.16251554316245,4.5));
#3223=CARTESIAN_POINT('',(-8.03484512108174,-9.57555553898722,4.5));
#3224=CARTESIAN_POINT('',(-3.00503207528457,-3.58125777158122,4.5));
#3225=CARTESIAN_POINT('',(-8.03484512108174,-9.57555553898722,3.5));
#3226=CARTESIAN_POINT('',(0.,0.,3.5));
#3227=CARTESIAN_POINT('',(-8.03484512108174,-9.57555553898723,6.));
#3228=CARTESIAN_POINT('Origin',(-7.16970545438808,-10.2394005536124,4.5));
#3229=CARTESIAN_POINT('',(-7.16970545438808,-10.2394005536124,4.5));
#3230=CARTESIAN_POINT('',(-3.58485272719404,-5.1197002768062,4.5));
#3231=CARTESIAN_POINT('',(-7.16970545438808,-10.2394005536124,3.5));
#3232=CARTESIAN_POINT('',(-7.16970545438808,-10.2394005536124,6.));
#3233=CARTESIAN_POINT('',(0.,0.,3.5));
#3234=CARTESIAN_POINT('Origin',(-6.69889240048201,-8.70095804838742,3.5));
#3235=CARTESIAN_POINT('Origin',(0.,0.,3.5));
#3236=CARTESIAN_POINT('Origin',(0.,0.,6.));
#3237=CARTESIAN_POINT('',(-3.35714285714286,-12.0407471461174,4.5));
#3238=CARTESIAN_POINT('Origin',(0.,0.,4.5));
#3239=CARTESIAN_POINT('',(-3.35714285714286,-12.0407471461174,0.5));
#3240=CARTESIAN_POINT('',(-3.35714285714286,-12.0407471461174,6.));
#3241=CARTESIAN_POINT('',(-3.35714285714286,12.0407471461174,0.5));
#3242=CARTESIAN_POINT('Origin',(0.,0.,0.5));
#3243=CARTESIAN_POINT('',(-3.35714285714286,12.0407471461174,4.5));
#3244=CARTESIAN_POINT('',(-3.35714285714286,12.0407471461174,6.));
#3245=CARTESIAN_POINT('',(-7.16970545438808,10.2394005536124,4.5));
#3246=CARTESIAN_POINT('Origin',(0.,0.,4.5));
#3247=CARTESIAN_POINT('',(-7.16970545438808,10.2394005536124,3.5));
#3248=CARTESIAN_POINT('',(-7.16970545438808,10.2394005536124,6.));
#3249=CARTESIAN_POINT('',(-8.03484512108174,9.57555553898722,3.5));
#3250=CARTESIAN_POINT('Origin',(0.,0.,3.5));
#3251=CARTESIAN_POINT('',(-8.03484512108174,9.57555553898722,4.5));
#3252=CARTESIAN_POINT('',(-8.03484512108174,9.57555553898723,6.));
#3253=CARTESIAN_POINT('',(-8.83883476483185,8.83883476483185,4.5));
#3254=CARTESIAN_POINT('Origin',(0.,0.,4.5));
#3255=CARTESIAN_POINT('',(-8.83883476483185,8.83883476483185,6.));
#3256=CARTESIAN_POINT('',(-8.83883476483185,8.83883476483185,6.));
#3257=CARTESIAN_POINT('',(-8.83883476483185,-8.83883476483184,6.));
#3258=CARTESIAN_POINT('Origin',(0.,0.,6.));
#3259=CARTESIAN_POINT('',(-8.83883476483185,-8.83883476483184,4.5));
#3260=CARTESIAN_POINT('',(-8.83883476483185,-8.83883476483184,6.));
#3261=CARTESIAN_POINT('Origin',(0.,0.,4.5));
#3262=CARTESIAN_POINT('Origin',(0.,0.,4.5));
#3263=CARTESIAN_POINT('',(-2.9,-8.17083227095013,4.5));
#3264=CARTESIAN_POINT('Origin',(-3.4,-8.17083227095013,4.5));
#3265=CARTESIAN_POINT('',(-2.9,-7.93678146354049,4.5));
#3266=CARTESIAN_POINT('',(-2.9,-3.0199337741083,4.5));
#3267=CARTESIAN_POINT('',(2.9,-7.93678146354049,4.5));
#3268=CARTESIAN_POINT('Origin',(0.,0.,4.5));
#3269=CARTESIAN_POINT('',(2.9,-8.17083227095013,4.5));
#3270=CARTESIAN_POINT('',(2.9,-4.4444487847201,4.5));
#3271=CARTESIAN_POINT('Origin',(3.4,-8.17083227095013,4.5));
#3272=CARTESIAN_POINT('',(7.16970545438808,-10.2394005536124,4.5));
#3273=CARTESIAN_POINT('',(3.58485272719404,-5.1197002768062,4.5));
#3274=CARTESIAN_POINT('',(3.35714285714285,-12.0407471461174,4.5));
#3275=CARTESIAN_POINT('Origin',(0.,0.,4.5));
#3276=CARTESIAN_POINT('',(3.69285714285714,-13.2448218607292,4.5));
#3277=CARTESIAN_POINT('Origin',(3.525,-12.6427845034233,4.5));
#3278=CARTESIAN_POINT('',(-3.69285714285714,-13.2448218607292,4.5));
#3279=CARTESIAN_POINT('Origin',(0.,0.,4.5));
#3280=CARTESIAN_POINT('Origin',(-3.525,-12.6427845034233,4.5));
#3281=CARTESIAN_POINT('Origin',(0.,0.,4.5));
#3282=CARTESIAN_POINT('',(-4.41941738241592,-4.41941738241592,4.5));
#3283=CARTESIAN_POINT('Origin',(0.,0.,4.5));
#3284=CARTESIAN_POINT('',(-2.9,-6.0398675482166,5.));
#3285=CARTESIAN_POINT('',(-2.9,6.0398675482166,5.));
#3286=CARTESIAN_POINT('Origin',(0.,0.,5.));
#3287=CARTESIAN_POINT('',(-2.9,-6.0398675482166,2.));
#3288=CARTESIAN_POINT('',(-2.9,-6.0398675482166,4.5));
#3289=CARTESIAN_POINT('',(-6.27435255624037,-2.34999999999999,2.));
#3290=CARTESIAN_POINT('Origin',(0.,0.,2.));
#3291=CARTESIAN_POINT('',(-6.27435255624037,-2.34999999999999,0.5));
#3292=CARTESIAN_POINT('',(-6.27435255624037,-2.34999999999999,2.));
#3293=CARTESIAN_POINT('',(-6.62495283002075,-0.999999999999992,0.5));
#3294=CARTESIAN_POINT('Origin',(0.,0.,0.5));
#3295=CARTESIAN_POINT('',(-6.62495283002075,-0.999999999999992,2.));
#3296=CARTESIAN_POINT('',(-6.62495283002075,-0.999999999999992,2.));
#3297=CARTESIAN_POINT('',(-6.62495283002075,1.00000000000001,2.));
#3298=CARTESIAN_POINT('Origin',(0.,0.,2.));
#3299=CARTESIAN_POINT('',(-6.62495283002075,1.00000000000001,0.5));
#3300=CARTESIAN_POINT('',(-6.62495283002075,1.00000000000001,2.));
#3301=CARTESIAN_POINT('',(-6.27435255624036,2.35000000000001,0.5));
#3302=CARTESIAN_POINT('Origin',(0.,0.,0.5));
#3303=CARTESIAN_POINT('',(-6.27435255624036,2.35000000000001,2.));
#3304=CARTESIAN_POINT('',(-6.27435255624036,2.35000000000001,2.));
#3305=CARTESIAN_POINT('',(-2.9,6.0398675482166,2.));
#3306=CARTESIAN_POINT('Origin',(0.,0.,2.));
#3307=CARTESIAN_POINT('',(-2.9,6.0398675482166,4.5));
#3308=CARTESIAN_POINT('Origin',(0.,0.,6.));
#3309=CARTESIAN_POINT('',(-13.75,-1.68388934882761E-15,6.));
#3310=CARTESIAN_POINT('Origin',(0.,0.,6.));
#3311=CARTESIAN_POINT('',(5.97505230102633,-5.97505230102633,6.));
#3312=CARTESIAN_POINT('',(-5.97505230102633,-5.97505230102632,6.));
#3313=CARTESIAN_POINT('Origin',(0.,0.,6.));
#3314=CARTESIAN_POINT('',(-8.83883476483185,-8.83883476483184,6.));
#3315=CARTESIAN_POINT('',(-5.97505230102633,5.97505230102633,6.));
#3316=CARTESIAN_POINT('',(8.83883476483184,-8.83883476483184,6.));
#3317=CARTESIAN_POINT('',(5.97505230102633,5.97505230102633,6.));
#3318=CARTESIAN_POINT('Origin',(0.,0.,6.));
#3319=CARTESIAN_POINT('',(8.83883476483184,8.83883476483184,6.));
#3320=CARTESIAN_POINT('',(-8.83883476483185,-8.83883476483184,6.));
#3321=CARTESIAN_POINT('',(8.83883476483184,-8.83883476483184,6.));
#3322=CARTESIAN_POINT('Origin',(0.,0.,6.));
#3323=CARTESIAN_POINT('',(8.83883476483184,-8.83883476483184,6.));
#3324=CARTESIAN_POINT('Origin',(0.,0.,6.));
#3325=CARTESIAN_POINT('',(-2.9,-7.93678146354049,5.));
#3326=CARTESIAN_POINT('',(-5.97505230102633,-5.97505230102632,5.));
#3327=CARTESIAN_POINT('Origin',(0.,0.,5.));
#3328=CARTESIAN_POINT('',(-5.97505230102633,-5.97505230102632,6.));
#3329=CARTESIAN_POINT('',(5.97505230102633,-5.97505230102633,5.));
#3330=CARTESIAN_POINT('',(5.97505230102633,-5.97505230102633,6.));
#3331=CARTESIAN_POINT('',(2.9,-7.93678146354049,5.));
#3332=CARTESIAN_POINT('Origin',(0.,0.,5.));
#3333=CARTESIAN_POINT('',(2.9,-7.93678146354049,6.));
#3334=CARTESIAN_POINT('',(-2.9,-7.93678146354049,6.));
#3335=CARTESIAN_POINT('Origin',(-6.125,-1.11022302462516E-15,5.));
#3336=CARTESIAN_POINT('',(-2.9,7.93678146354049,5.));
#3337=CARTESIAN_POINT('',(-2.9,-8.88889756944021,5.));
#3338=CARTESIAN_POINT('',(-5.97505230102633,5.97505230102633,5.));
#3339=CARTESIAN_POINT('Origin',(0.,0.,5.));
#3340=CARTESIAN_POINT('',(-4.51877615051316,4.51877615051316,5.));
#3341=CARTESIAN_POINT('',(-5.95066738241592,-5.95066738241592,5.));
#3342=CARTESIAN_POINT('',(-2.9,-8.88889756944021,5.));
#3343=CARTESIAN_POINT('Origin',(6.01006415056915,7.16251554316245,4.5));
#3344=CARTESIAN_POINT('',(8.03484512108174,9.57555553898722,4.5));
#3345=CARTESIAN_POINT('',(3.00503207528457,3.58125777158122,4.5));
#3346=CARTESIAN_POINT('',(8.03484512108174,9.57555553898722,3.5));
#3347=CARTESIAN_POINT('',(0.,0.,3.5));
#3348=CARTESIAN_POINT('',(8.03484512108174,9.57555553898723,6.));
#3349=CARTESIAN_POINT('Origin',(7.16970545438808,10.2394005536124,4.5));
#3350=CARTESIAN_POINT('',(7.16970545438808,10.2394005536124,4.5));
#3351=CARTESIAN_POINT('',(3.58485272719404,5.1197002768062,4.5));
#3352=CARTESIAN_POINT('',(7.16970545438808,10.2394005536124,3.5));
#3353=CARTESIAN_POINT('',(7.16970545438808,10.2394005536124,6.));
#3354=CARTESIAN_POINT('',(0.,0.,3.5));
#3355=CARTESIAN_POINT('Origin',(6.69889240048201,8.70095804838742,3.5));
#3356=CARTESIAN_POINT('Origin',(0.,0.,3.5));
#3357=CARTESIAN_POINT('Origin',(0.,0.,6.));
#3358=CARTESIAN_POINT('',(3.35714285714285,12.0407471461174,4.5));
#3359=CARTESIAN_POINT('Origin',(0.,0.,4.5));
#3360=CARTESIAN_POINT('',(3.35714285714286,12.0407471461174,0.5));
#3361=CARTESIAN_POINT('',(3.35714285714286,12.0407471461174,4.5));
#3362=CARTESIAN_POINT('',(3.35714285714286,-12.0407471461174,0.5));
#3363=CARTESIAN_POINT('Origin',(0.,0.,0.5));
#3364=CARTESIAN_POINT('',(3.35714285714286,-12.0407471461174,6.));
#3365=CARTESIAN_POINT('',(7.16970545438808,-10.2394005536124,3.5));
#3366=CARTESIAN_POINT('',(7.16970545438808,-10.2394005536124,6.));
#3367=CARTESIAN_POINT('',(8.03484512108174,-9.57555553898722,3.5));
#3368=CARTESIAN_POINT('Origin',(0.,0.,3.5));
#3369=CARTESIAN_POINT('',(8.03484512108174,-9.57555553898722,4.5));
#3370=CARTESIAN_POINT('',(8.03484512108174,-9.57555553898723,6.));
#3371=CARTESIAN_POINT('',(8.83883476483184,-8.83883476483184,4.5));
#3372=CARTESIAN_POINT('Origin',(0.,0.,4.5));
#3373=CARTESIAN_POINT('',(8.83883476483184,-8.83883476483184,6.));
#3374=CARTESIAN_POINT('',(8.83883476483184,8.83883476483184,4.5));
#3375=CARTESIAN_POINT('',(8.83883476483184,8.83883476483184,6.));
#3376=CARTESIAN_POINT('Origin',(0.,0.,4.5));
#3377=CARTESIAN_POINT('Origin',(0.,0.,4.5));
#3378=CARTESIAN_POINT('',(2.9,8.17083227095013,4.5));
#3379=CARTESIAN_POINT('Origin',(3.4,8.17083227095013,4.5));
#3380=CARTESIAN_POINT('',(2.9,7.93678146354049,4.5));
#3381=CARTESIAN_POINT('',(2.9,3.0199337741083,4.5));
#3382=CARTESIAN_POINT('',(-2.9,7.93678146354049,4.5));
#3383=CARTESIAN_POINT('Origin',(0.,0.,4.5));
#3384=CARTESIAN_POINT('',(-2.9,8.17083227095013,4.5));
#3385=CARTESIAN_POINT('',(-2.9,4.4444487847201,4.5));
#3386=CARTESIAN_POINT('Origin',(-3.4,8.17083227095013,4.5));
#3387=CARTESIAN_POINT('',(-3.58485272719404,5.1197002768062,4.5));
#3388=CARTESIAN_POINT('',(-3.69285714285714,13.2448218607292,4.5));
#3389=CARTESIAN_POINT('Origin',(-3.525,12.6427845034233,4.5));
#3390=CARTESIAN_POINT('',(3.69285714285714,13.2448218607292,4.5));
#3391=CARTESIAN_POINT('Origin',(0.,0.,4.5));
#3392=CARTESIAN_POINT('Origin',(3.525,12.6427845034233,4.5));
#3393=CARTESIAN_POINT('Origin',(0.,0.,4.5));
#3394=CARTESIAN_POINT('',(4.41941738241592,4.41941738241592,4.5));
#3395=CARTESIAN_POINT('Origin',(0.,0.,4.5));
#3396=CARTESIAN_POINT('',(2.9,6.0398675482166,5.));
#3397=CARTESIAN_POINT('',(2.9,-6.0398675482166,5.));
#3398=CARTESIAN_POINT('Origin',(0.,0.,5.));
#3399=CARTESIAN_POINT('',(2.9,6.0398675482166,2.));
#3400=CARTESIAN_POINT('',(2.9,6.0398675482166,4.5));
#3401=CARTESIAN_POINT('',(6.27435255624037,2.34999999999999,2.));
#3402=CARTESIAN_POINT('Origin',(0.,0.,2.));
#3403=CARTESIAN_POINT('',(6.27435255624037,2.34999999999999,0.5));
#3404=CARTESIAN_POINT('',(6.27435255624037,2.34999999999999,2.));
#3405=CARTESIAN_POINT('',(6.62495283002075,0.999999999999993,0.5));
#3406=CARTESIAN_POINT('Origin',(0.,0.,0.5));
#3407=CARTESIAN_POINT('',(6.62495283002075,0.999999999999993,2.));
#3408=CARTESIAN_POINT('',(6.62495283002075,0.999999999999993,2.));
#3409=CARTESIAN_POINT('',(6.62495283002075,-1.00000000000001,2.));
#3410=CARTESIAN_POINT('Origin',(0.,0.,2.));
#3411=CARTESIAN_POINT('',(6.62495283002075,-1.00000000000001,0.5));
#3412=CARTESIAN_POINT('',(6.62495283002075,-1.00000000000001,2.));
#3413=CARTESIAN_POINT('',(6.27435255624036,-2.35000000000001,0.5));
#3414=CARTESIAN_POINT('Origin',(0.,0.,0.5));
#3415=CARTESIAN_POINT('',(6.27435255624036,-2.35000000000001,2.));
#3416=CARTESIAN_POINT('',(6.27435255624036,-2.35000000000001,2.));
#3417=CARTESIAN_POINT('',(2.9,-6.0398675482166,2.));
#3418=CARTESIAN_POINT('Origin',(0.,0.,2.));
#3419=CARTESIAN_POINT('',(2.9,-6.0398675482166,4.5));
#3420=CARTESIAN_POINT('Origin',(0.,0.,6.));
#3421=CARTESIAN_POINT('',(2.9,7.93678146354049,5.));
#3422=CARTESIAN_POINT('',(5.97505230102633,5.97505230102633,5.));
#3423=CARTESIAN_POINT('Origin',(0.,0.,5.));
#3424=CARTESIAN_POINT('',(5.97505230102633,5.97505230102633,6.));
#3425=CARTESIAN_POINT('',(-5.97505230102633,5.97505230102633,6.));
#3426=CARTESIAN_POINT('',(-2.9,7.93678146354049,6.));
#3427=CARTESIAN_POINT('',(2.9,7.93678146354049,6.));
#3428=CARTESIAN_POINT('Origin',(6.125,0.,5.));
#3429=CARTESIAN_POINT('',(2.9,-8.88889756944021,5.));
#3430=CARTESIAN_POINT('',(4.51877615051316,-4.51877615051316,5.));
#3431=CARTESIAN_POINT('',(5.95066738241592,5.95066738241592,5.));
#3432=CARTESIAN_POINT('',(2.9,-8.88889756944021,5.));
#3433=CARTESIAN_POINT('Origin',(-8.325,0.,5.55111512312578E-16));
#3434=CARTESIAN_POINT('',(3.49142857142857,12.5223770319621,5.55111512312578E-16));
#3435=CARTESIAN_POINT('',(3.49142857142857,-12.5223770319621,5.55111512312578E-16));
#3436=CARTESIAN_POINT('Origin',(0.,0.,5.55111512312578E-16));
#3437=CARTESIAN_POINT('',(3.55857142857143,12.7631919748845,5.55111512312578E-16));
#3438=CARTESIAN_POINT('Origin',(3.525,12.6427845034233,5.55111512312578E-16));
#3439=CARTESIAN_POINT('',(3.55857142857143,-12.7631919748845,5.55111512312578E-16));
#3440=CARTESIAN_POINT('Origin',(0.,0.,5.55111512312578E-16));
#3441=CARTESIAN_POINT('Origin',(3.525,-12.6427845034233,5.55111512312578E-16));
#3442=CARTESIAN_POINT('Origin',(8.83883476483184,8.83883476483184,6.));
#3443=CARTESIAN_POINT('Origin',(-8.325,0.,5.55111512312578E-16));
#3444=CARTESIAN_POINT('',(-3.55857142857143,12.7631919748845,5.55111512312578E-16));
#3445=CARTESIAN_POINT('',(-3.55857142857143,-12.7631919748845,5.55111512312578E-16));
#3446=CARTESIAN_POINT('Origin',(0.,0.,5.55111512312578E-16));
#3447=CARTESIAN_POINT('',(-3.49142857142857,12.5223770319621,5.55111512312578E-16));
#3448=CARTESIAN_POINT('Origin',(-3.525,12.6427845034233,5.55111512312578E-16));
#3449=CARTESIAN_POINT('',(-3.49142857142857,-12.5223770319621,5.55111512312578E-16));
#3450=CARTESIAN_POINT('Origin',(0.,0.,5.55111512312578E-16));
#3451=CARTESIAN_POINT('Origin',(-3.525,-12.6427845034233,5.55111512312578E-16));
#3452=CARTESIAN_POINT('Origin',(-8.325,0.,5.55111512312578E-16));
#3453=CARTESIAN_POINT('',(3.32316384180791,7.98618069420549,5.55111512312578E-16));
#3454=CARTESIAN_POINT('Origin',(0.,0.,5.55111512312578E-16));
#3455=CARTESIAN_POINT('',(3.47683615819209,8.35548384769476,5.55111512312578E-16));
#3456=CARTESIAN_POINT('Origin',(3.4,8.17083227095013,5.55111512312578E-16));
#3457=CARTESIAN_POINT('Origin',(0.,0.,5.55111512312578E-16));
#3458=CARTESIAN_POINT('Origin',(7.85608805077071,1.24999999999999,0.250000000000001));
#3459=CARTESIAN_POINT('',(7.0420167565833,1.49999999999999,5.55111512312578E-16));
#3460=CARTESIAN_POINT('',(8.39999982342124,1.49999999999999,5.55111512312578E-16));
#3461=CARTESIAN_POINT('',(7.85608805077071,1.49999999999999,5.55111512312578E-16));
#3462=CARTESIAN_POINT('',(7.89999982342124,0.999999999999993,0.5));
#3463=CARTESIAN_POINT('',(8.39999982342124,1.49999999999999,5.55111512312578E-16));
#3464=CARTESIAN_POINT('',(7.85608805077071,0.999999999999993,0.500000000000001));
#3465=CARTESIAN_POINT('Ctrl Pts',(7.0420167565833,1.49999999999999,9.71445146547012E-16));
#3466=CARTESIAN_POINT('Ctrl Pts',(6.90616053693508,1.33215758328967,0.16784241671032));
#3467=CARTESIAN_POINT('Ctrl Pts',(6.7671031983896,1.16521745354625,0.334782546453748));
#3468=CARTESIAN_POINT('Ctrl Pts',(6.62495283002075,0.999999999999993,0.500000000000001));
#3469=CARTESIAN_POINT('Origin',(8.14999982342124,-0.500000000000008,0.250000000000001));
#3470=CARTESIAN_POINT('',(8.39999982342124,-1.50000000000001,5.55111512312578E-16));
#3471=CARTESIAN_POINT('',(8.39999982342124,-0.500000000000008,5.55111512312578E-16));
#3472=CARTESIAN_POINT('',(7.89999982342124,-1.00000000000001,0.5));
#3473=CARTESIAN_POINT('',(8.39999982342124,-1.50000000000001,5.55111512312578E-16));
#3474=CARTESIAN_POINT('',(7.89999982342124,-0.500000000000008,0.500000000000001));
#3475=CARTESIAN_POINT('Origin',(0.,0.,0.25));
#3476=CARTESIAN_POINT('',(7.0420167565833,-1.50000000000001,5.55111512312578E-16));
#3477=CARTESIAN_POINT('Ctrl Pts',(6.62495283002075,-1.00000000000001,0.500000000000001));
#3478=CARTESIAN_POINT('Ctrl Pts',(6.7671031983896,-1.16521745354626,0.334782546453745));
#3479=CARTESIAN_POINT('Ctrl Pts',(6.90616053693509,-1.33215758328969,0.167842416710313));
#3480=CARTESIAN_POINT('Ctrl Pts',(7.0420167565833,-1.50000000000001,9.36750677027476E-16));
#3481=CARTESIAN_POINT('',(6.95826846277146,-1.85000000000001,5.55111512312578E-16));
#3482=CARTESIAN_POINT('Origin',(0.,0.,5.55111512312578E-16));
#3483=CARTESIAN_POINT('Ctrl Pts',(6.95826846277146,-1.85000000000001,7.28583859910259E-16));
#3484=CARTESIAN_POINT('Ctrl Pts',(6.7364217064531,-2.02057119205064,0.170571192050634));
#3485=CARTESIAN_POINT('Ctrl Pts',(6.50836745067588,-2.18775779545859,0.337757795458584));
#3486=CARTESIAN_POINT('Ctrl Pts',(6.27435255624036,-2.35000000000001,0.500000000000002));
#3487=CARTESIAN_POINT('Origin',(7.21856455407047,-1.25000000000001,0.250000000000001));
#3488=CARTESIAN_POINT('',(7.21856455407047,-1.50000000000001,5.55111512312578E-16));
#3489=CARTESIAN_POINT('',(7.21856455407047,-1.00000000000001,0.500000000000001));
#3490=CARTESIAN_POINT('Origin',(8.4310190777596,-2.10000000000001,0.250000000000001));
#3491=CARTESIAN_POINT('',(8.4310190777596,-2.35000000000001,0.500000000000001));
#3492=CARTESIAN_POINT('',(8.65447860936752,-1.85000000000001,5.55111512312578E-16));
#3493=CARTESIAN_POINT('',(8.4310190777596,-1.85000000000001,5.55111512312578E-16));
#3494=CARTESIAN_POINT('Ctrl Pts',(8.65447860936752,-1.85000000000001,3.12250225675825E-16));
#3495=CARTESIAN_POINT('Ctrl Pts',(8.7885055403356,-2.01570474387749,0.165704743877486));
#3496=CARTESIAN_POINT('Ctrl Pts',(8.92031919884809,-2.18252237884084,0.332522378840836));
#3497=CARTESIAN_POINT('Ctrl Pts',(9.04986187739901,-2.35000000000001,0.5));
#3498=CARTESIAN_POINT('Origin',(0.,0.,0.25));
#3499=CARTESIAN_POINT('',(8.65447860936752,1.84999999999999,5.55111512312578E-16));
#3500=CARTESIAN_POINT('Origin',(0.,0.,5.55111512312578E-16));
#3501=CARTESIAN_POINT('Ctrl Pts',(8.65447860936752,1.84999999999999,-3.46944695195361E-17));
#3502=CARTESIAN_POINT('Ctrl Pts',(8.78850554033551,2.01570474387737,0.165704743877376));
#3503=CARTESIAN_POINT('Ctrl Pts',(8.92031919884791,2.18252237884059,0.332522378840596));
#3504=CARTESIAN_POINT('Ctrl Pts',(9.04986187739902,2.34999999999999,0.500000000000001));
#3505=CARTESIAN_POINT('Origin',(7.04326441718027,2.09999999999999,0.250000000000001));
#3506=CARTESIAN_POINT('',(7.04326441718027,2.34999999999999,0.500000000000001));
#3507=CARTESIAN_POINT('',(6.95826846277147,1.84999999999999,5.55111512312578E-16));
#3508=CARTESIAN_POINT('',(7.04326441718027,1.84999999999999,5.55111512312578E-16));
#3509=CARTESIAN_POINT('Ctrl Pts',(6.95826846277147,1.84999999999999,1.73472347597681E-16));
#3510=CARTESIAN_POINT('Ctrl Pts',(6.73642170645307,2.02057119205065,0.170571192050661));
#3511=CARTESIAN_POINT('Ctrl Pts',(6.50836745067587,2.18775779545859,0.337757795458595));
#3512=CARTESIAN_POINT('Ctrl Pts',(6.27435255624037,2.34999999999999,0.500000000000001));
#3513=CARTESIAN_POINT('Origin',(0.,0.,0.25));
#3514=CARTESIAN_POINT('Origin',(0.,0.,5.55111512312578E-16));
#3515=CARTESIAN_POINT('Origin',(7.89999982342124,0.999999999999993,2.));
#3516=CARTESIAN_POINT('',(7.89999982342124,0.999999999999993,2.));
#3517=CARTESIAN_POINT('',(7.89999982342124,0.999999999999993,2.));
#3518=CARTESIAN_POINT('',(7.01249991171062,0.999999999999993,2.));
#3519=CARTESIAN_POINT('Origin',(7.89999982342124,-1.00000000000001,2.));
#3520=CARTESIAN_POINT('',(7.89999982342124,-1.00000000000001,2.));
#3521=CARTESIAN_POINT('',(7.89999982342124,-1.00000000000001,2.));
#3522=CARTESIAN_POINT('',(7.89999982342124,-0.500000000000004,2.));
#3523=CARTESIAN_POINT('Origin',(6.62495283002075,-1.00000000000001,2.));
#3524=CARTESIAN_POINT('',(6.37497641501038,-1.00000000000001,2.));
#3525=CARTESIAN_POINT('Origin',(7.81217627812018,-7.91033905045424E-15,
5.55111512312578E-16));
#3526=CARTESIAN_POINT('Origin',(-7.85608805077071,-1.24999999999999,0.250000000000001));
#3527=CARTESIAN_POINT('',(-7.0420167565833,-1.49999999999999,5.55111512312578E-16));
#3528=CARTESIAN_POINT('',(-8.39999982342124,-1.49999999999999,5.55111512312578E-16));
#3529=CARTESIAN_POINT('',(-7.85608805077071,-1.49999999999999,5.55111512312578E-16));
#3530=CARTESIAN_POINT('',(-7.89999982342124,-0.999999999999992,0.5));
#3531=CARTESIAN_POINT('',(-8.39999982342124,-1.49999999999999,5.55111512312578E-16));
#3532=CARTESIAN_POINT('',(-7.85608805077071,-0.999999999999992,0.500000000000001));
#3533=CARTESIAN_POINT('Ctrl Pts',(-7.0420167565833,-1.49999999999999,3.81639164714898E-16));
#3534=CARTESIAN_POINT('Ctrl Pts',(-6.90616053693498,-1.33215758328955,0.167842416710445));
#3535=CARTESIAN_POINT('Ctrl Pts',(-6.76710319838955,-1.16521745354619,0.334782546453802));
#3536=CARTESIAN_POINT('Ctrl Pts',(-6.62495283002075,-0.999999999999991,
0.500000000000001));
#3537=CARTESIAN_POINT('Origin',(-8.14999982342124,0.500000000000009,0.250000000000001));
#3538=CARTESIAN_POINT('',(-8.39999982342124,1.50000000000001,5.55111512312578E-16));
#3539=CARTESIAN_POINT('',(-8.39999982342124,0.500000000000009,5.55111512312578E-16));
#3540=CARTESIAN_POINT('',(-7.89999982342124,1.00000000000001,0.5));
#3541=CARTESIAN_POINT('',(-8.39999982342124,1.50000000000001,5.55111512312578E-16));
#3542=CARTESIAN_POINT('',(-7.89999982342124,0.500000000000009,0.500000000000001));
#3543=CARTESIAN_POINT('Origin',(0.,0.,0.25));
#3544=CARTESIAN_POINT('',(-7.0420167565833,1.50000000000001,5.55111512312578E-16));
#3545=CARTESIAN_POINT('Ctrl Pts',(-6.62495283002075,1.00000000000001,0.500000000000001));
#3546=CARTESIAN_POINT('Ctrl Pts',(-6.76710319838959,1.16521745354626,0.334782546453752));
#3547=CARTESIAN_POINT('Ctrl Pts',(-6.90616053693507,1.33215758328968,0.167842416710327));
#3548=CARTESIAN_POINT('Ctrl Pts',(-7.0420167565833,1.50000000000001,1.11022302462516E-15));
#3549=CARTESIAN_POINT('',(-6.95826846277146,1.85000000000001,5.55111512312578E-16));
#3550=CARTESIAN_POINT('Origin',(0.,0.,5.55111512312578E-16));
#3551=CARTESIAN_POINT('Ctrl Pts',(-6.95826846277146,1.85000000000001,9.71445146547012E-16));
#3552=CARTESIAN_POINT('Ctrl Pts',(-6.73642170645306,2.02057119205067,0.170571192050662));
#3553=CARTESIAN_POINT('Ctrl Pts',(-6.50836745067586,2.1877577954586,0.337757795458596));
#3554=CARTESIAN_POINT('Ctrl Pts',(-6.27435255624036,2.35000000000001,0.500000000000001));
#3555=CARTESIAN_POINT('Origin',(-7.21856455407047,1.25000000000001,0.250000000000001));
#3556=CARTESIAN_POINT('',(-7.21856455407047,1.50000000000001,5.55111512312578E-16));
#3557=CARTESIAN_POINT('',(-7.21856455407047,1.00000000000001,0.500000000000001));
#3558=CARTESIAN_POINT('Origin',(-8.4310190777596,2.10000000000001,0.250000000000001));
#3559=CARTESIAN_POINT('',(-8.4310190777596,2.35000000000001,0.500000000000001));
#3560=CARTESIAN_POINT('',(-8.65447860936752,1.85000000000001,5.55111512312578E-16));
#3561=CARTESIAN_POINT('',(-8.4310190777596,1.85000000000001,5.55111512312578E-16));
#3562=CARTESIAN_POINT('Ctrl Pts',(-8.65447860936752,1.85000000000001,6.93889390390723E-16));
#3563=CARTESIAN_POINT('Ctrl Pts',(-8.78850554033559,2.01570474387749,0.16570474387748));
#3564=CARTESIAN_POINT('Ctrl Pts',(-8.92031919884808,2.18252237884083,0.332522378840821));
#3565=CARTESIAN_POINT('Ctrl Pts',(-9.04986187739901,2.35000000000001,0.5));
#3566=CARTESIAN_POINT('Origin',(0.,0.,0.25));
#3567=CARTESIAN_POINT('',(-8.65447860936752,-1.84999999999999,5.55111512312578E-16));
#3568=CARTESIAN_POINT('Origin',(0.,0.,5.55111512312578E-16));
#3569=CARTESIAN_POINT('Ctrl Pts',(-8.65447860936752,-1.84999999999999,3.81639164714898E-16));
#3570=CARTESIAN_POINT('Ctrl Pts',(-8.78850554033555,-2.01570474387742,0.165704743877429));
#3571=CARTESIAN_POINT('Ctrl Pts',(-8.920319198848,-2.1825223788407,0.332522378840713));
#3572=CARTESIAN_POINT('Ctrl Pts',(-9.04986187739902,-2.34999999999999,0.500000000000001));
#3573=CARTESIAN_POINT('Origin',(-7.04326441718027,-2.09999999999999,0.250000000000001));
#3574=CARTESIAN_POINT('',(-7.04326441718027,-2.34999999999999,0.500000000000001));
#3575=CARTESIAN_POINT('',(-6.95826846277147,-1.84999999999999,5.55111512312578E-16));
#3576=CARTESIAN_POINT('',(-7.04326441718027,-1.84999999999999,5.55111512312578E-16));
#3577=CARTESIAN_POINT('Ctrl Pts',(-6.95826846277147,-1.84999999999999,3.46944695195361E-16));
#3578=CARTESIAN_POINT('Ctrl Pts',(-6.73642170645304,-2.02057119205067,0.170571192050681));
#3579=CARTESIAN_POINT('Ctrl Pts',(-6.50836745067586,-2.18775779545859,0.337757795458603));
#3580=CARTESIAN_POINT('Ctrl Pts',(-6.27435255624037,-2.34999999999999,0.500000000000001));
#3581=CARTESIAN_POINT('Origin',(0.,0.,0.25));
#3582=CARTESIAN_POINT('Origin',(0.,0.,5.55111512312578E-16));
#3583=CARTESIAN_POINT('Origin',(-7.89999982342124,-0.999999999999992,2.));
#3584=CARTESIAN_POINT('',(-7.89999982342124,-0.999999999999992,2.));
#3585=CARTESIAN_POINT('',(-7.89999982342124,-0.999999999999992,2.));
#3586=CARTESIAN_POINT('',(-7.01249991171062,-0.999999999999992,2.));
#3587=CARTESIAN_POINT('Origin',(-7.89999982342124,1.00000000000001,2.));
#3588=CARTESIAN_POINT('',(-7.89999982342124,1.00000000000001,2.));
#3589=CARTESIAN_POINT('',(-7.89999982342124,1.00000000000001,2.));
#3590=CARTESIAN_POINT('',(-7.89999982342124,0.500000000000004,2.));
#3591=CARTESIAN_POINT('Origin',(-6.62495283002075,1.00000000000001,2.));
#3592=CARTESIAN_POINT('',(-6.37497641501038,1.00000000000001,2.));
#3593=CARTESIAN_POINT('Origin',(-7.81217627812018,9.15933995315754E-15,
5.55111512312578E-16));
#3594=CARTESIAN_POINT('Origin',(0.,0.,0.25));
#3595=CARTESIAN_POINT('',(5.5613323436922,-6.22848958921849,0.5));
#3596=CARTESIAN_POINT('',(5.76114069136976,-6.45226765829221,5.55111512312578E-16));
#3597=CARTESIAN_POINT('',(5.5613323436922,-6.22848958921849,0.5));
#3598=CARTESIAN_POINT('',(3.32316384180791,-7.98618069420549,5.55111512312578E-16));
#3599=CARTESIAN_POINT('Origin',(0.,0.,5.55111512312578E-16));
#3600=CARTESIAN_POINT('',(3.20790960451977,-7.70920332908854,0.5));
#3601=CARTESIAN_POINT('',(3.32316384180791,-7.98618069420549,5.55111512312578E-16));
#3602=CARTESIAN_POINT('Origin',(0.,0.,0.5));
#3603=CARTESIAN_POINT('Origin',(3.4,-8.17083227095013,0.25));
#3604=CARTESIAN_POINT('',(3.47683615819209,-8.35548384769476,5.55111512312578E-16));
#3605=CARTESIAN_POINT('',(3.47683615819209,-8.35548384769476,5.55111512312578E-16));
#3606=CARTESIAN_POINT('Origin',(3.4,-8.17083227095013,0.5));
#3607=CARTESIAN_POINT('Origin',(3.4,-8.17083227095013,5.55111512312578E-16));
#3608=CARTESIAN_POINT('Origin',(5.89434625648814,-6.60145303767469,0.25));
#3609=CARTESIAN_POINT('Origin',(5.89434625648814,-6.60145303767469,0.5));
#3610=CARTESIAN_POINT('',(6.02755182160652,-6.75063841705717,5.55111512312578E-16));
#3611=CARTESIAN_POINT('',(6.22736016928408,-6.97441648613088,0.5));
#3612=CARTESIAN_POINT('Origin',(5.89434625648814,-6.60145303767469,5.55111512312578E-16));
#3613=CARTESIAN_POINT('Origin',(0.,0.,0.25));
#3614=CARTESIAN_POINT('Origin',(0.,0.,5.55111512312578E-16));
#3615=CARTESIAN_POINT('Origin',(5.89434625648814,-6.60145303767469,4.5));
#3616=CARTESIAN_POINT('',(5.5613323436922,-6.22848958921849,2.));
#3617=CARTESIAN_POINT('',(5.5613323436922,-6.22848958921849,4.5));
#3618=CARTESIAN_POINT('Origin',(5.89434625648814,-6.60145303767469,2.));
#3619=CARTESIAN_POINT('Origin',(0.,0.,4.5));
#3620=CARTESIAN_POINT('',(3.20790960451977,-7.70920332908854,2.));
#3621=CARTESIAN_POINT('',(3.20790960451977,-7.70920332908854,4.5));
#3622=CARTESIAN_POINT('Origin',(0.,0.,2.));
#3623=CARTESIAN_POINT('Origin',(4.75572420204711,-7.39661959617394,5.55111512312578E-16));
#3624=CARTESIAN_POINT('Origin',(0.,0.,0.25));
#3625=CARTESIAN_POINT('',(-5.5613323436922,6.22848958921849,0.5));
#3626=CARTESIAN_POINT('',(-5.76114069136976,6.45226765829221,5.55111512312578E-16));
#3627=CARTESIAN_POINT('',(-5.5613323436922,6.22848958921849,0.5));
#3628=CARTESIAN_POINT('',(-3.32316384180791,7.9861806942055,5.55111512312578E-16));
#3629=CARTESIAN_POINT('Origin',(0.,0.,5.55111512312578E-16));
#3630=CARTESIAN_POINT('',(-3.20790960451977,7.70920332908854,0.5));
#3631=CARTESIAN_POINT('',(-3.32316384180791,7.9861806942055,5.55111512312578E-16));
#3632=CARTESIAN_POINT('Origin',(0.,0.,0.5));
#3633=CARTESIAN_POINT('Origin',(-3.4,8.17083227095013,0.25));
#3634=CARTESIAN_POINT('',(-3.47683615819209,8.35548384769477,5.55111512312578E-16));
#3635=CARTESIAN_POINT('',(-3.47683615819209,8.35548384769477,5.55111512312578E-16));
#3636=CARTESIAN_POINT('Origin',(-3.4,8.17083227095013,0.5));
#3637=CARTESIAN_POINT('Origin',(-3.4,8.17083227095013,5.55111512312578E-16));
#3638=CARTESIAN_POINT('Origin',(-5.89434625648814,6.60145303767468,0.25));
#3639=CARTESIAN_POINT('Origin',(-5.89434625648814,6.60145303767468,0.5));
#3640=CARTESIAN_POINT('',(-6.02755182160652,6.75063841705716,5.55111512312578E-16));
#3641=CARTESIAN_POINT('',(-6.22736016928408,6.97441648613088,0.5));
#3642=CARTESIAN_POINT('Origin',(-5.89434625648814,6.60145303767468,5.55111512312578E-16));
#3643=CARTESIAN_POINT('Origin',(0.,0.,0.25));
#3644=CARTESIAN_POINT('Origin',(0.,0.,5.55111512312578E-16));
#3645=CARTESIAN_POINT('Origin',(-5.89434625648814,6.60145303767468,4.5));
#3646=CARTESIAN_POINT('',(-5.5613323436922,6.22848958921849,2.));
#3647=CARTESIAN_POINT('',(-5.5613323436922,6.22848958921849,4.5));
#3648=CARTESIAN_POINT('Origin',(-5.89434625648814,6.60145303767468,2.));
#3649=CARTESIAN_POINT('Origin',(0.,0.,4.5));
#3650=CARTESIAN_POINT('',(-3.20790960451977,7.70920332908854,2.));
#3651=CARTESIAN_POINT('',(-3.20790960451977,7.70920332908854,4.5));
#3652=CARTESIAN_POINT('Origin',(0.,0.,2.));
#3653=CARTESIAN_POINT('Origin',(-4.75572420204711,7.39661959617394,5.55111512312578E-16));
#3654=CARTESIAN_POINT('Origin',(0.,0.,0.25));
#3655=CARTESIAN_POINT('',(-3.47683615819209,-8.35548384769477,5.55111512312578E-16));
#3656=CARTESIAN_POINT('Origin',(0.,0.,5.55111512312578E-16));
#3657=CARTESIAN_POINT('',(-3.47683615819209,-8.35548384769477,5.55111512312578E-16));
#3658=CARTESIAN_POINT('Origin',(-3.525,-12.6427845034233,0.25));
#3659=CARTESIAN_POINT('',(-3.35714285714286,-12.0407471461174,0.5));
#3660=CARTESIAN_POINT('',(-3.69285714285714,-13.2448218607292,0.5));
#3661=CARTESIAN_POINT('Origin',(-3.525,-12.6427845034233,0.5));
#3662=CARTESIAN_POINT('',(-3.69285714285714,-13.2448218607292,0.5));
#3663=CARTESIAN_POINT('Origin',(0.,0.,0.25));
#3664=CARTESIAN_POINT('',(-3.69285714285714,13.2448218607292,0.5));
#3665=CARTESIAN_POINT('',(-3.69285714285714,13.2448218607292,0.5));
#3666=CARTESIAN_POINT('',(-13.75,1.68388934882761E-15,0.5));
#3667=CARTESIAN_POINT('Origin',(0.,0.,0.5));
#3668=CARTESIAN_POINT('Origin',(0.,0.,0.5));
#3669=CARTESIAN_POINT('Origin',(-3.525,12.6427845034233,0.25));
#3670=CARTESIAN_POINT('Origin',(-3.525,12.6427845034233,0.5));
#3671=CARTESIAN_POINT('',(-3.35714285714286,12.0407471461174,0.5));
#3672=CARTESIAN_POINT('Origin',(0.,0.,0.25));
#3673=CARTESIAN_POINT('Origin',(-3.4,-8.17083227095013,0.25));
#3674=CARTESIAN_POINT('',(-3.32316384180791,-7.98618069420549,5.55111512312578E-16));
#3675=CARTESIAN_POINT('',(-3.20790960451977,-7.70920332908854,0.5));
#3676=CARTESIAN_POINT('',(-3.32316384180791,-7.98618069420549,5.55111512312578E-16));
#3677=CARTESIAN_POINT('Origin',(-3.4,-8.17083227095013,0.5));
#3678=CARTESIAN_POINT('Origin',(-3.4,-8.17083227095013,5.55111512312578E-16));
#3679=CARTESIAN_POINT('Origin',(0.,0.,0.25));
#3680=CARTESIAN_POINT('Origin',(0.,0.,5.55111512312578E-16));
#3681=CARTESIAN_POINT('Origin',(0.,0.,0.5));
#3682=CARTESIAN_POINT('Origin',(-8.83883476483185,-8.83883476483184,6.));
#3683=CARTESIAN_POINT('Origin',(-3.525,12.6427845034233,6.));
#3684=CARTESIAN_POINT('',(-3.69285714285714,13.2448218607292,6.));
#3685=CARTESIAN_POINT('Origin',(0.,0.,6.));
#3686=CARTESIAN_POINT('',(-3.69285714285714,-13.2448218607292,6.));
#3687=CARTESIAN_POINT('',(3.69285714285714,-13.2448218607292,0.5));
#3688=CARTESIAN_POINT('',(3.69285714285714,-13.2448218607292,6.));
#3689=CARTESIAN_POINT('',(3.69285714285714,13.2448218607292,0.5));
#3690=CARTESIAN_POINT('Origin',(0.,0.,0.5));
#3691=CARTESIAN_POINT('',(3.69285714285714,13.2448218607292,6.));
#3692=CARTESIAN_POINT('',(-13.75,1.68388934882761E-15,6.));
#3693=CARTESIAN_POINT('Origin',(-3.525,-12.6427845034233,6.));
#3694=CARTESIAN_POINT('Origin',(-8.325,0.,5.55111512312578E-16));
#3695=CARTESIAN_POINT('Origin',(0.,0.,0.25));
#3696=CARTESIAN_POINT('',(3.20790960451977,7.70920332908854,0.5));
#3697=CARTESIAN_POINT('',(3.20790960451977,7.70920332908854,0.5));
#3698=CARTESIAN_POINT('Origin',(0.,0.,0.5));
#3699=CARTESIAN_POINT('Origin',(3.4,8.17083227095013,0.25));
#3700=CARTESIAN_POINT('Origin',(3.4,8.17083227095013,0.5));
#3701=CARTESIAN_POINT('',(3.59209039548023,8.63246121281172,0.5));
#3702=CARTESIAN_POINT('Origin',(0.,0.,0.25));
#3703=CARTESIAN_POINT('Origin',(3.525,12.6427845034233,0.25));
#3704=CARTESIAN_POINT('',(3.35714285714286,12.0407471461174,0.5));
#3705=CARTESIAN_POINT('Origin',(3.525,12.6427845034233,0.5));
#3706=CARTESIAN_POINT('',(3.69285714285714,13.2448218607292,0.5));
#3707=CARTESIAN_POINT('Origin',(0.,0.,0.25));
#3708=CARTESIAN_POINT('',(3.69285714285714,-13.2448218607292,0.5));
#3709=CARTESIAN_POINT('Origin',(3.525,-12.6427845034233,0.25));
#3710=CARTESIAN_POINT('Origin',(3.525,-12.6427845034233,0.5));
#3711=CARTESIAN_POINT('',(3.35714285714286,-12.0407471461174,0.5));
#3712=CARTESIAN_POINT('Origin',(0.,0.,0.25));
#3713=CARTESIAN_POINT('Origin',(3.525,12.6427845034233,6.));
#3714=CARTESIAN_POINT('Origin',(3.4,8.17083227095013,4.5));
#3715=CARTESIAN_POINT('',(3.20790960451977,7.70920332908854,2.));
#3716=CARTESIAN_POINT('',(3.20790960451977,7.70920332908854,4.5));
#3717=CARTESIAN_POINT('',(2.9,8.17083227095013,2.));
#3718=CARTESIAN_POINT('Origin',(3.4,8.17083227095013,2.));
#3719=CARTESIAN_POINT('',(2.9,8.17083227095013,4.5));
#3720=CARTESIAN_POINT('Origin',(0.,0.,4.5));
#3721=CARTESIAN_POINT('',(5.5613323436922,6.22848958921849,2.));
#3722=CARTESIAN_POINT('',(5.5613323436922,6.22848958921849,4.5));
#3723=CARTESIAN_POINT('Origin',(0.,0.,2.));
#3724=CARTESIAN_POINT('Origin',(3.525,-12.6427845034233,6.));
#3725=CARTESIAN_POINT('Origin',(-5.89434625648814,-6.60145303767468,4.5));
#3726=CARTESIAN_POINT('',(-5.5613323436922,-6.22848958921849,2.));
#3727=CARTESIAN_POINT('Origin',(-5.89434625648814,-6.60145303767468,2.));
#3728=CARTESIAN_POINT('',(-5.5613323436922,-6.22848958921849,4.5));
#3729=CARTESIAN_POINT('Origin',(2.9,-8.88889756944021,4.5));
#3730=CARTESIAN_POINT('',(2.9,-8.17083227095013,2.));
#3731=CARTESIAN_POINT('',(2.9,-8.88889756944021,2.));
#3732=CARTESIAN_POINT('',(2.9,-8.17083227095013,4.5));
#3733=CARTESIAN_POINT('Origin',(3.4,-8.17083227095013,4.5));
#3734=CARTESIAN_POINT('Origin',(3.4,-8.17083227095013,2.));
#3735=CARTESIAN_POINT('Origin',(-2.9,-6.0398675482166,4.5));
#3736=CARTESIAN_POINT('',(-2.9,-8.17083227095013,2.));
#3737=CARTESIAN_POINT('',(-2.9,-8.88889756944021,2.));
#3738=CARTESIAN_POINT('',(-2.9,-8.17083227095013,4.5));
#3739=CARTESIAN_POINT('Origin',(-3.4,-8.17083227095013,4.5));
#3740=CARTESIAN_POINT('',(-3.20790960451977,-7.70920332908854,2.));
#3741=CARTESIAN_POINT('',(-3.20790960451977,-7.70920332908854,4.5));
#3742=CARTESIAN_POINT('Origin',(-3.4,-8.17083227095013,2.));
#3743=CARTESIAN_POINT('Origin',(-9.04986187739901,2.35000000000001,2.));
#3744=CARTESIAN_POINT('',(-7.5874309386995,2.35000000000001,2.));
#3745=CARTESIAN_POINT('Origin',(-6.27435255624037,-2.34999999999999,2.));
#3746=CARTESIAN_POINT('',(-6.19967627812018,-2.34999999999999,2.));
#3747=CARTESIAN_POINT('Origin',(-6.125,-1.11022302462516E-15,2.));
#3748=CARTESIAN_POINT('Origin',(0.,0.,2.));
#3749=CARTESIAN_POINT('Origin',(-6.125,-1.11022302462516E-15,2.));
#3750=CARTESIAN_POINT('',(-2.9,8.17083227095013,2.));
#3751=CARTESIAN_POINT('Origin',(-3.4,8.17083227095013,2.));
#3752=CARTESIAN_POINT('',(-2.9,-8.88889756944021,2.));
#3753=CARTESIAN_POINT('Origin',(6.01006415056914,-7.16251554316245,4.5));
#3754=CARTESIAN_POINT('',(3.00503207528457,-3.58125777158122,4.5));
#3755=CARTESIAN_POINT('',(0.,0.,3.5));
#3756=CARTESIAN_POINT('Origin',(7.16970545438808,-10.2394005536124,4.5));
#3757=CARTESIAN_POINT('',(0.,0.,3.5));
#3758=CARTESIAN_POINT('Origin',(6.69889240048201,-8.70095804838742,3.5));
#3759=CARTESIAN_POINT('Origin',(6.125,0.,2.));
#3760=CARTESIAN_POINT('',(7.58743093869951,-2.35000000000001,2.));
#3761=CARTESIAN_POINT('Origin',(0.,0.,4.5));
#3762=CARTESIAN_POINT('Origin',(-6.125,-1.11022302462516E-15,2.));
#3763=CARTESIAN_POINT('Origin',(5.89434625648814,6.60145303767469,4.5));
#3764=CARTESIAN_POINT('Origin',(5.89434625648814,6.60145303767468,2.));
#3765=CARTESIAN_POINT('Origin',(-3.4,8.17083227095013,4.5));
#3766=CARTESIAN_POINT('',(-2.9,8.17083227095013,4.5));
#3767=CARTESIAN_POINT('Origin',(2.9,6.0398675482166,4.5));
#3768=CARTESIAN_POINT('',(2.9,-8.88889756944021,2.));
#3769=CARTESIAN_POINT('Origin',(9.04986187739901,-2.35000000000001,2.));
#3770=CARTESIAN_POINT('Origin',(6.27435255624037,2.34999999999999,2.));
#3771=CARTESIAN_POINT('',(6.19967627812018,2.34999999999999,2.));
#3772=CARTESIAN_POINT('Origin',(6.125,0.,2.));
#3773=CARTESIAN_POINT('Origin',(-6.01006415056915,7.16251554316245,4.5));
#3774=CARTESIAN_POINT('',(-3.00503207528457,3.58125777158122,4.5));
#3775=CARTESIAN_POINT('',(0.,0.,3.5));
#3776=CARTESIAN_POINT('Origin',(-7.16970545438808,10.2394005536124,4.5));
#3777=CARTESIAN_POINT('',(0.,0.,3.5));
#3778=CARTESIAN_POINT('Origin',(-6.69889240048201,8.70095804838742,3.5));
#3779=CARTESIAN_POINT('Origin',(0.,0.,4.5));
#3780=CARTESIAN_POINT('',(8.83883476483184,-8.83883476483184,4.5));
#3781=CARTESIAN_POINT('Origin',(-2.9,8.88889756944021,4.5));
#3782=CARTESIAN_POINT('Origin',(0.,0.,4.5));
#3783=CARTESIAN_POINT('',(8.83883476483184,-8.83883476483184,4.5));
#3784=CARTESIAN_POINT('Origin',(6.125,0.,2.));
#3785=CARTESIAN_POINT('Origin',(5.97505230102633,-5.97505230102633,6.));
#3786=CARTESIAN_POINT('Origin',(-5.97505230102632,5.97505230102632,6.));
#3787=UNCERTAINTY_MEASURE_WITH_UNIT(LENGTH_MEASURE(0.01),#3791,
'DISTANCE_ACCURACY_VALUE',
'Maximum model space distance between geometric entities at asserted c
onnectivities');
#3788=UNCERTAINTY_MEASURE_WITH_UNIT(LENGTH_MEASURE(0.01),#3791,
'DISTANCE_ACCURACY_VALUE',
'Maximum model space distance between geometric entities at asserted c
onnectivities');
#3789=(
GEOMETRIC_REPRESENTATION_CONTEXT(3)
GLOBAL_UNCERTAINTY_ASSIGNED_CONTEXT((#3787))
GLOBAL_UNIT_ASSIGNED_CONTEXT((#3791,#3793,#3794))
REPRESENTATION_CONTEXT('','3D')
);
#3790=(
GEOMETRIC_REPRESENTATION_CONTEXT(3)
GLOBAL_UNCERTAINTY_ASSIGNED_CONTEXT((#3788))
GLOBAL_UNIT_ASSIGNED_CONTEXT((#3791,#3793,#3794))
REPRESENTATION_CONTEXT('','3D')
);
#3791=(
LENGTH_UNIT()
NAMED_UNIT(*)
SI_UNIT(.MILLI.,.METRE.)
);
#3792=(
LENGTH_UNIT()
NAMED_UNIT(*)
SI_UNIT($,.METRE.)
);
#3793=(
NAMED_UNIT(*)
PLANE_ANGLE_UNIT()
SI_UNIT($,.RADIAN.)
);
#3794=(
NAMED_UNIT(*)
SI_UNIT($,.STERADIAN.)
SOLID_ANGLE_UNIT()
);
#3795=SHAPE_DEFINITION_REPRESENTATION(#3796,#3797);
#3796=PRODUCT_DEFINITION_SHAPE('',$,#3799);
#3797=SHAPE_REPRESENTATION('',(#2175),#3789);
#3798=PRODUCT_DEFINITION_CONTEXT('part definition',#3803,'design');
#3799=PRODUCT_DEFINITION('MFB CW Template','MFB CW Template v2',#3800,#3798);
#3800=PRODUCT_DEFINITION_FORMATION('',$,#3805);
#3801=PRODUCT_RELATED_PRODUCT_CATEGORY('MFB CW Template v2',
'MFB CW Template v2',(#3805));
#3802=APPLICATION_PROTOCOL_DEFINITION('international standard',
'automotive_design',2009,#3803);
#3803=APPLICATION_CONTEXT(
'Core Data for Automotive Mechanical Design Process');
#3804=PRODUCT_CONTEXT('part definition',#3803,'mechanical');
#3805=PRODUCT('MFB CW Template','MFB CW Template v2',$,(#3804));
#3806=PRESENTATION_STYLE_ASSIGNMENT((#3808));
#3807=PRESENTATION_STYLE_ASSIGNMENT((#3809));
#3808=SURFACE_STYLE_USAGE(.BOTH.,#3810);
#3809=SURFACE_STYLE_USAGE(.BOTH.,#3811);
#3810=SURFACE_SIDE_STYLE('',(#3812));
#3811=SURFACE_SIDE_STYLE('',(#3813));
#3812=SURFACE_STYLE_FILL_AREA(#3814);
#3813=SURFACE_STYLE_FILL_AREA(#3815);
#3814=FILL_AREA_STYLE('Steel - Satin',(#3816));
#3815=FILL_AREA_STYLE('ABS (White)',(#3817));
#3816=FILL_AREA_STYLE_COLOUR('Steel - Satin',#3818);
#3817=FILL_AREA_STYLE_COLOUR('ABS (White)',#3819);
#3818=COLOUR_RGB('Steel - Satin',0.627450980392157,0.627450980392157,0.627450980392157);
#3819=COLOUR_RGB('ABS (White)',0.964705882352941,0.964705882352941,0.952941176470588);
ENDSEC;
END-ISO-10303-21;
