ISO-10303-21;
HEADER;
/* Generated by software containing ST-Developer
 * from STEP Tools, Inc. (www.steptools.com) 
 */

FILE_DESCRIPTION(
/* description */ (''),
/* implementation_level */ '2;1');

FILE_NAME(
/* name */ 'Metal Wheel.step',
/* time_stamp */ '2026-09-26T12:32:19-04:00',
/* author */ (''),
/* organization */ (''),
/* preprocessor_version */ 'ST-DEVELOPER v20.2',
/* originating_system */ 'Autodesk Translation Framework v15.15.0.0',
/* authorisation */ '');

FILE_SCHEMA (('AUTOMOTIVE_DESIGN { 1 0 10303 214 3 1 1 }'));
ENDSEC;

DATA;
#10=MECHANICAL_DESIGN_GEOMETRIC_PRESENTATION_REPRESENTATION('',(#13),#6485);
#11=SHAPE_REPRESENTATION_RELATIONSHIP('SRR','None',#6492,#12);
#12=ADVANCED_BREP_SHAPE_REPRESENTATION('',(#14),#6484);
#13=STYLED_ITEM('',(#6501),#14);
#14=MANIFOLD_SOLID_BREP('Body1',#3726);
#15=SPHERICAL_SURFACE('',#4071,0.500000000000001);
#16=SPHERICAL_SURFACE('',#4077,0.5);
#17=B_SPLINE_SURFACE_WITH_KNOTS('',3,3,((#5934,#5935,#5936,#5937,#5938),
(#5939,#5940,#5941,#5942,#5943),(#5944,#5945,#5946,#5947,#5948),(#5949,
#5950,#5951,#5952,#5953)),.UNSPECIFIED.,.F.,.F.,.F.,(4,4),(4,1,4),(0.,1.),
(6.93889390390723E-16,0.508080954649464,1.18552222751541),.UNSPECIFIED.);
#18=B_SPLINE_SURFACE_WITH_KNOTS('',3,3,((#6043,#6044,#6045,#6046,#6047,
#6048),(#6049,#6050,#6051,#6052,#6053,#6054),(#6055,#6056,#6057,#6058,#6059,
#6060),(#6061,#6062,#6063,#6064,#6065,#6066)),.UNSPECIFIED.,.F.,.F.,.F.,
(4,4),(4,1,1,4),(0.,1.),(-1.18552222751541,-0.677441272865951,-0.338720636432975,
-1.2872972276427E-16),.UNSPECIFIED.);
#19=B_SPLINE_SURFACE_WITH_KNOTS('',3,3,((#6114,#6115,#6116,#6117),(#6118,
#6119,#6120,#6121),(#6122,#6123,#6124,#6125),(#6126,#6127,#6128,#6129)),
 .UNSPECIFIED.,.F.,.F.,.F.,(4,4),(4,4),(0.,1.),(1.18552222751499,1.5707963267949),
 .UNSPECIFIED.);
#20=B_SPLINE_SURFACE_WITH_KNOTS('',3,3,((#6130,#6131,#6132,#6133),(#6134,
#6135,#6136,#6137),(#6138,#6139,#6140,#6141),(#6142,#6143,#6144,#6145)),
 .UNSPECIFIED.,.F.,.F.,.F.,(4,4),(4,4),(0.,1.),(-1.5707963267949,-1.185522227515),
 .UNSPECIFIED.);
#21=B_SPLINE_SURFACE_WITH_KNOTS('',3,3,((#6257,#6258,#6259,#6260,#6261,
#6262),(#6263,#6264,#6265,#6266,#6267,#6268),(#6269,#6270,#6271,#6272,#6273,
#6274),(#6275,#6276,#6277,#6278,#6279,#6280)),.UNSPECIFIED.,.F.,.F.,.F.,
(4,4),(4,1,1,4),(0.,1.),(-1.18552222751541,-0.67744127286595,-0.338720636432975,
-2.22044604925031E-16),.UNSPECIFIED.);
#22=B_SPLINE_SURFACE_WITH_KNOTS('',3,3,((#6339,#6340,#6341,#6342),(#6343,
#6344,#6345,#6346),(#6347,#6348,#6349,#6350),(#6351,#6352,#6353,#6354)),
 .UNSPECIFIED.,.F.,.F.,.F.,(4,4),(4,4),(0.,1.),(1.18552222751499,1.5707963267949),
 .UNSPECIFIED.);
#23=B_SPLINE_SURFACE_WITH_KNOTS('',3,3,((#6361,#6362,#6363,#6364,#6365),
(#6366,#6367,#6368,#6369,#6370),(#6371,#6372,#6373,#6374,#6375),(#6376,
#6377,#6378,#6379,#6380)),.UNSPECIFIED.,.F.,.F.,.F.,(4,4),(4,1,4),(0.,1.),
(-2.22044604925031E-16,0.508080954649463,1.18552222751541),
 .UNSPECIFIED.);
#24=B_SPLINE_SURFACE_WITH_KNOTS('',3,3,((#6403,#6404,#6405,#6406),(#6407,
#6408,#6409,#6410),(#6411,#6412,#6413,#6414),(#6415,#6416,#6417,#6418)),
 .UNSPECIFIED.,.F.,.F.,.F.,(4,4),(4,4),(0.,1.),(-1.5707963267949,-1.185522227515),
 .UNSPECIFIED.);
#25=ELLIPSE('',#3784,0.707106781186548,0.5);
#26=ELLIPSE('',#3786,11.4904851942814,8.125);
#27=ELLIPSE('',#3788,11.4904851942814,8.125);
#28=ELLIPSE('',#3790,0.707106781186548,0.5);
#29=ELLIPSE('',#3793,0.707106781186548,0.5);
#30=ELLIPSE('',#3794,11.4904851942814,8.125);
#31=ELLIPSE('',#3866,11.4904851942814,8.125);
#32=ELLIPSE('',#3867,0.707106781186548,0.5);
#33=FACE_BOUND('',#440,.T.);
#34=FACE_BOUND('',#443,.T.);
#35=FACE_BOUND('',#547,.T.);
#36=FACE_BOUND('',#637,.T.);
#37=B_SPLINE_CURVE_WITH_KNOTS('',3,(#5191,#5192,#5193,#5194),
 .UNSPECIFIED.,.F.,.F.,(4,4),(-1.5707963267949,-1.185522227515),
 .UNSPECIFIED.);
#38=B_SPLINE_CURVE_WITH_KNOTS('',3,(#5202,#5203,#5204,#5205),
 .UNSPECIFIED.,.F.,.F.,(4,4),(1.18552222751499,1.5707963267949),
 .UNSPECIFIED.);
#39=B_SPLINE_CURVE_WITH_KNOTS('',3,(#5211,#5212,#5213,#5214),
 .UNSPECIFIED.,.F.,.F.,(4,4),(-1.5707963267949,-1.185522227515),
 .UNSPECIFIED.);
#40=B_SPLINE_CURVE_WITH_KNOTS('',3,(#5222,#5223,#5224,#5225),
 .UNSPECIFIED.,.F.,.F.,(4,4),(1.18552222751499,1.5707963267949),
 .UNSPECIFIED.);
#41=B_SPLINE_CURVE_WITH_KNOTS('',3,(#5263,#5264,#5265,#5266),
 .UNSPECIFIED.,.F.,.F.,(4,4),(-0.0626856492762698,0.),.UNSPECIFIED.);
#42=B_SPLINE_CURVE_WITH_KNOTS('',3,(#5269,#5270,#5271,#5272),
 .UNSPECIFIED.,.F.,.F.,(4,4),(-0.0626856492763595,0.),.UNSPECIFIED.);
#43=B_SPLINE_CURVE_WITH_KNOTS('',3,(#5279,#5280,#5281,#5282),
 .UNSPECIFIED.,.F.,.F.,(4,4),(-0.0626856492762784,0.),.UNSPECIFIED.);
#44=B_SPLINE_CURVE_WITH_KNOTS('',3,(#5300,#5301,#5302,#5303),
 .UNSPECIFIED.,.F.,.F.,(4,4),(-0.06268564927622,0.),.UNSPECIFIED.);
#45=B_SPLINE_CURVE_WITH_KNOTS('',3,(#5344,#5345,#5346,#5347,#5348,#5349),
 .UNSPECIFIED.,.F.,.F.,(4,1,1,4),(-1.18552222751541,-0.677441272865951,
-0.338720636432975,-1.2872972276427E-16),.UNSPECIFIED.);
#46=B_SPLINE_CURVE_WITH_KNOTS('',3,(#5351,#5352,#5353,#5354),
 .UNSPECIFIED.,.F.,.F.,(4,4),(-1.5707963267949,-1.18552222751499),
 .UNSPECIFIED.);
#47=B_SPLINE_CURVE_WITH_KNOTS('',3,(#5378,#5379,#5380,#5381),
 .UNSPECIFIED.,.F.,.F.,(4,4),(1.185522227515,1.5707963267949),
 .UNSPECIFIED.);
#48=B_SPLINE_CURVE_WITH_KNOTS('',3,(#5383,#5384,#5385,#5386,#5387),
 .UNSPECIFIED.,.F.,.F.,(4,1,4),(-2.22044604925031E-16,0.508080954649463,
1.18552222751541),.UNSPECIFIED.);
#49=B_SPLINE_CURVE_WITH_KNOTS('',3,(#5509,#5510,#5511,#5512),
 .UNSPECIFIED.,.F.,.F.,(4,4),(1.185522227515,1.5707963267949),
 .UNSPECIFIED.);
#50=B_SPLINE_CURVE_WITH_KNOTS('',3,(#5514,#5515,#5516,#5517,#5518),
 .UNSPECIFIED.,.F.,.F.,(4,1,4),(6.93889390390723E-16,0.508080954649464,
1.18552222751541),.UNSPECIFIED.);
#51=B_SPLINE_CURVE_WITH_KNOTS('',3,(#5614,#5615,#5616,#5617,#5618,#5619),
 .UNSPECIFIED.,.F.,.F.,(4,1,1,4),(-1.18552222751541,-0.67744127286595,-0.338720636432975,
-2.22044604925031E-16),.UNSPECIFIED.);
#52=B_SPLINE_CURVE_WITH_KNOTS('',3,(#5621,#5622,#5623,#5624),
 .UNSPECIFIED.,.F.,.F.,(4,4),(-1.5707963267949,-1.18552222751499),
 .UNSPECIFIED.);
#53=B_SPLINE_CURVE_WITH_KNOTS('',3,(#5956,#5957,#5958,#5959,#5960),
 .UNSPECIFIED.,.F.,.F.,(4,1,4),(-1.18552222751541,-0.508080954649464,-6.93889390390723E-16),
 .UNSPECIFIED.);
#54=B_SPLINE_CURVE_WITH_KNOTS('',3,(#6068,#6069,#6070,#6071,#6072,#6073,
#6074,#6075,#6076,#6077),.UNSPECIFIED.,.F.,.F.,(4,3,3,4),(2.77555756156289E-16,
0.338720636432975,0.67744127286595,1.18552222751541),.UNSPECIFIED.);
#55=B_SPLINE_CURVE_WITH_KNOTS('',3,(#6103,#6104,#6105,#6106),
 .UNSPECIFIED.,.F.,.F.,(4,4),(-0.0626856492763085,0.),.UNSPECIFIED.);
#56=B_SPLINE_CURVE_WITH_KNOTS('',3,(#6108,#6109,#6110,#6111),
 .UNSPECIFIED.,.F.,.F.,(4,4),(-0.0626856492762772,0.),.UNSPECIFIED.);
#57=B_SPLINE_CURVE_WITH_KNOTS('',3,(#6282,#6283,#6284,#6285,#6286,#6287,
#6288,#6289,#6290,#6291),.UNSPECIFIED.,.F.,.F.,(4,3,3,4),(4.16333634234434E-16,
0.338720636432975,0.67744127286595,1.18552222751541),.UNSPECIFIED.);
#58=B_SPLINE_CURVE_WITH_KNOTS('',3,(#6327,#6328,#6329,#6330),
 .UNSPECIFIED.,.F.,.F.,(4,4),(-0.0626856492762273,0.),.UNSPECIFIED.);
#59=B_SPLINE_CURVE_WITH_KNOTS('',3,(#6333,#6334,#6335,#6336),
 .UNSPECIFIED.,.F.,.F.,(4,4),(-0.0626856492762971,0.),.UNSPECIFIED.);
#60=B_SPLINE_CURVE_WITH_KNOTS('',3,(#6382,#6383,#6384,#6385,#6386),
 .UNSPECIFIED.,.F.,.F.,(4,1,4),(-1.18552222751541,-0.508080954649463,2.22044604925031E-16),
 .UNSPECIFIED.);
#61=PLANE('',#3746);
#62=PLANE('',#3751);
#63=PLANE('',#3760);
#64=PLANE('',#3763);
#65=PLANE('',#3770);
#66=PLANE('',#3779);
#67=PLANE('',#3782);
#68=PLANE('',#3791);
#69=PLANE('',#3792);
#70=PLANE('',#3810);
#71=PLANE('',#3820);
#72=PLANE('',#3827);
#73=PLANE('',#3838);
#74=PLANE('',#3839);
#75=PLANE('',#3855);
#76=PLANE('',#3865);
#77=PLANE('',#3868);
#78=PLANE('',#3875);
#79=PLANE('',#3886);
#80=PLANE('',#3890);
#81=PLANE('',#3894);
#82=PLANE('',#3898);
#83=PLANE('',#3902);
#84=PLANE('',#3906);
#85=PLANE('',#3910);
#86=PLANE('',#3914);
#87=PLANE('',#3918);
#88=PLANE('',#3922);
#89=PLANE('',#3926);
#90=PLANE('',#3930);
#91=PLANE('',#3934);
#92=PLANE('',#3938);
#93=PLANE('',#3944);
#94=PLANE('',#3947);
#95=PLANE('',#3950);
#96=PLANE('',#3953);
#97=PLANE('',#3956);
#98=PLANE('',#3959);
#99=PLANE('',#3962);
#100=PLANE('',#3963);
#101=PLANE('',#3965);
#102=PLANE('',#3966);
#103=PLANE('',#3967);
#104=PLANE('',#3968);
#105=PLANE('',#3969);
#106=PLANE('',#3970);
#107=PLANE('',#3973);
#108=PLANE('',#3976);
#109=PLANE('',#3977);
#110=PLANE('',#3978);
#111=PLANE('',#3979);
#112=PLANE('',#3980);
#113=PLANE('',#3983);
#114=PLANE('',#3984);
#115=PLANE('',#3985);
#116=PLANE('',#3986);
#117=PLANE('',#3987);
#118=PLANE('',#3990);
#119=PLANE('',#3991);
#120=PLANE('',#3992);
#121=PLANE('',#3993);
#122=PLANE('',#3994);
#123=PLANE('',#3997);
#124=PLANE('',#4000);
#125=PLANE('',#4001);
#126=PLANE('',#4003);
#127=PLANE('',#4004);
#128=PLANE('',#4007);
#129=PLANE('',#4008);
#130=PLANE('',#4009);
#131=PLANE('',#4010);
#132=PLANE('',#4011);
#133=PLANE('',#4015);
#134=PLANE('',#4016);
#135=PLANE('',#4017);
#136=PLANE('',#4018);
#137=PLANE('',#4019);
#138=PLANE('',#4023);
#139=PLANE('',#4024);
#140=PLANE('',#4025);
#141=PLANE('',#4026);
#142=PLANE('',#4027);
#143=PLANE('',#4031);
#144=PLANE('',#4032);
#145=PLANE('',#4033);
#146=PLANE('',#4034);
#147=PLANE('',#4035);
#148=PLANE('',#4039);
#149=PLANE('',#4043);
#150=PLANE('',#4044);
#151=PLANE('',#4047);
#152=PLANE('',#4048);
#153=PLANE('',#4049);
#154=PLANE('',#4050);
#155=PLANE('',#4054);
#156=PLANE('',#4055);
#157=PLANE('',#4057);
#158=PLANE('',#4058);
#159=PLANE('',#4059);
#160=PLANE('',#4060);
#161=PLANE('',#4061);
#162=PLANE('',#4063);
#163=PLANE('',#4064);
#164=PLANE('',#4065);
#165=PLANE('',#4076);
#166=PLANE('',#4083);
#167=PLANE('',#4085);
#168=PLANE('',#4088);
#169=PLANE('',#4089);
#170=PLANE('',#4090);
#171=PLANE('',#4091);
#172=PLANE('',#4092);
#173=CYLINDRICAL_SURFACE('',#3743,4.255);
#174=CYLINDRICAL_SURFACE('',#3780,6.25);
#175=CYLINDRICAL_SURFACE('',#3783,0.5);
#176=CYLINDRICAL_SURFACE('',#3785,8.125);
#177=CYLINDRICAL_SURFACE('',#3789,0.5);
#178=CYLINDRICAL_SURFACE('',#3821,0.5);
#179=CYLINDRICAL_SURFACE('',#3823,14.35);
#180=CYLINDRICAL_SURFACE('',#3825,0.5);
#181=CYLINDRICAL_SURFACE('',#3828,0.25);
#182=CYLINDRICAL_SURFACE('',#3830,11.55);
#183=CYLINDRICAL_SURFACE('',#3832,0.75);
#184=CYLINDRICAL_SURFACE('',#3834,10.05);
#185=CYLINDRICAL_SURFACE('',#3836,0.25);
#186=CYLINDRICAL_SURFACE('',#3869,0.5);
#187=CYLINDRICAL_SURFACE('',#3871,14.35);
#188=CYLINDRICAL_SURFACE('',#3873,0.5);
#189=CYLINDRICAL_SURFACE('',#3876,0.25);
#190=CYLINDRICAL_SURFACE('',#3878,11.55);
#191=CYLINDRICAL_SURFACE('',#3880,0.75);
#192=CYLINDRICAL_SURFACE('',#3882,10.05);
#193=CYLINDRICAL_SURFACE('',#3884,0.25);
#194=CYLINDRICAL_SURFACE('',#3942,0.5);
#195=CYLINDRICAL_SURFACE('',#3945,1.5);
#196=CYLINDRICAL_SURFACE('',#3948,0.5);
#197=CYLINDRICAL_SURFACE('',#3951,0.5);
#198=CYLINDRICAL_SURFACE('',#3954,1.5);
#199=CYLINDRICAL_SURFACE('',#3957,0.5);
#200=CYLINDRICAL_SURFACE('',#3960,0.5);
#201=CYLINDRICAL_SURFACE('',#4005,0.5);
#202=CYLINDRICAL_SURFACE('',#4056,1.5);
#203=CYLINDRICAL_SURFACE('',#4062,6.25);
#204=CYLINDRICAL_SURFACE('',#4068,0.5);
#205=CYLINDRICAL_SURFACE('',#4069,8.125);
#206=CYLINDRICAL_SURFACE('',#4070,0.5);
#207=CYLINDRICAL_SURFACE('',#4074,0.5);
#208=CYLINDRICAL_SURFACE('',#4075,0.5);
#209=CYLINDRICAL_SURFACE('',#4080,0.5);
#210=CYLINDRICAL_SURFACE('',#4081,0.5);
#211=CYLINDRICAL_SURFACE('',#4082,0.5);
#212=CYLINDRICAL_SURFACE('',#4084,0.5);
#213=CYLINDRICAL_SURFACE('',#4086,0.5);
#214=CYLINDRICAL_SURFACE('',#4087,0.5);
#215=CYLINDRICAL_SURFACE('',#4093,1.5);
#216=CYLINDRICAL_SURFACE('',#4094,20.);
#217=FACE_OUTER_BOUND('',#437,.T.);
#218=FACE_OUTER_BOUND('',#438,.T.);
#219=FACE_OUTER_BOUND('',#439,.T.);
#220=FACE_OUTER_BOUND('',#441,.T.);
#221=FACE_OUTER_BOUND('',#442,.T.);
#222=FACE_OUTER_BOUND('',#444,.T.);
#223=FACE_OUTER_BOUND('',#445,.T.);
#224=FACE_OUTER_BOUND('',#446,.T.);
#225=FACE_OUTER_BOUND('',#447,.T.);
#226=FACE_OUTER_BOUND('',#448,.T.);
#227=FACE_OUTER_BOUND('',#449,.T.);
#228=FACE_OUTER_BOUND('',#450,.T.);
#229=FACE_OUTER_BOUND('',#451,.T.);
#230=FACE_OUTER_BOUND('',#452,.T.);
#231=FACE_OUTER_BOUND('',#453,.T.);
#232=FACE_OUTER_BOUND('',#454,.T.);
#233=FACE_OUTER_BOUND('',#455,.T.);
#234=FACE_OUTER_BOUND('',#456,.T.);
#235=FACE_OUTER_BOUND('',#457,.T.);
#236=FACE_OUTER_BOUND('',#458,.T.);
#237=FACE_OUTER_BOUND('',#459,.T.);
#238=FACE_OUTER_BOUND('',#460,.T.);
#239=FACE_OUTER_BOUND('',#461,.T.);
#240=FACE_OUTER_BOUND('',#462,.T.);
#241=FACE_OUTER_BOUND('',#463,.T.);
#242=FACE_OUTER_BOUND('',#464,.T.);
#243=FACE_OUTER_BOUND('',#465,.T.);
#244=FACE_OUTER_BOUND('',#466,.T.);
#245=FACE_OUTER_BOUND('',#467,.T.);
#246=FACE_OUTER_BOUND('',#468,.T.);
#247=FACE_OUTER_BOUND('',#469,.T.);
#248=FACE_OUTER_BOUND('',#470,.T.);
#249=FACE_OUTER_BOUND('',#471,.T.);
#250=FACE_OUTER_BOUND('',#472,.T.);
#251=FACE_OUTER_BOUND('',#473,.T.);
#252=FACE_OUTER_BOUND('',#474,.T.);
#253=FACE_OUTER_BOUND('',#475,.T.);
#254=FACE_OUTER_BOUND('',#476,.T.);
#255=FACE_OUTER_BOUND('',#477,.T.);
#256=FACE_OUTER_BOUND('',#478,.T.);
#257=FACE_OUTER_BOUND('',#479,.T.);
#258=FACE_OUTER_BOUND('',#480,.T.);
#259=FACE_OUTER_BOUND('',#481,.T.);
#260=FACE_OUTER_BOUND('',#482,.T.);
#261=FACE_OUTER_BOUND('',#483,.T.);
#262=FACE_OUTER_BOUND('',#484,.T.);
#263=FACE_OUTER_BOUND('',#485,.T.);
#264=FACE_OUTER_BOUND('',#486,.T.);
#265=FACE_OUTER_BOUND('',#487,.T.);
#266=FACE_OUTER_BOUND('',#488,.T.);
#267=FACE_OUTER_BOUND('',#489,.T.);
#268=FACE_OUTER_BOUND('',#490,.T.);
#269=FACE_OUTER_BOUND('',#491,.T.);
#270=FACE_OUTER_BOUND('',#492,.T.);
#271=FACE_OUTER_BOUND('',#493,.T.);
#272=FACE_OUTER_BOUND('',#494,.T.);
#273=FACE_OUTER_BOUND('',#495,.T.);
#274=FACE_OUTER_BOUND('',#496,.T.);
#275=FACE_OUTER_BOUND('',#497,.T.);
#276=FACE_OUTER_BOUND('',#498,.T.);
#277=FACE_OUTER_BOUND('',#499,.T.);
#278=FACE_OUTER_BOUND('',#500,.T.);
#279=FACE_OUTER_BOUND('',#501,.T.);
#280=FACE_OUTER_BOUND('',#502,.T.);
#281=FACE_OUTER_BOUND('',#503,.T.);
#282=FACE_OUTER_BOUND('',#504,.T.);
#283=FACE_OUTER_BOUND('',#505,.T.);
#284=FACE_OUTER_BOUND('',#506,.T.);
#285=FACE_OUTER_BOUND('',#507,.T.);
#286=FACE_OUTER_BOUND('',#508,.T.);
#287=FACE_OUTER_BOUND('',#509,.T.);
#288=FACE_OUTER_BOUND('',#510,.T.);
#289=FACE_OUTER_BOUND('',#511,.T.);
#290=FACE_OUTER_BOUND('',#512,.T.);
#291=FACE_OUTER_BOUND('',#513,.T.);
#292=FACE_OUTER_BOUND('',#514,.T.);
#293=FACE_OUTER_BOUND('',#515,.T.);
#294=FACE_OUTER_BOUND('',#516,.T.);
#295=FACE_OUTER_BOUND('',#517,.T.);
#296=FACE_OUTER_BOUND('',#518,.T.);
#297=FACE_OUTER_BOUND('',#519,.T.);
#298=FACE_OUTER_BOUND('',#520,.T.);
#299=FACE_OUTER_BOUND('',#521,.T.);
#300=FACE_OUTER_BOUND('',#522,.T.);
#301=FACE_OUTER_BOUND('',#523,.T.);
#302=FACE_OUTER_BOUND('',#524,.T.);
#303=FACE_OUTER_BOUND('',#525,.T.);
#304=FACE_OUTER_BOUND('',#526,.T.);
#305=FACE_OUTER_BOUND('',#527,.T.);
#306=FACE_OUTER_BOUND('',#528,.T.);
#307=FACE_OUTER_BOUND('',#529,.T.);
#308=FACE_OUTER_BOUND('',#530,.T.);
#309=FACE_OUTER_BOUND('',#531,.T.);
#310=FACE_OUTER_BOUND('',#532,.T.);
#311=FACE_OUTER_BOUND('',#533,.T.);
#312=FACE_OUTER_BOUND('',#534,.T.);
#313=FACE_OUTER_BOUND('',#535,.T.);
#314=FACE_OUTER_BOUND('',#536,.T.);
#315=FACE_OUTER_BOUND('',#537,.T.);
#316=FACE_OUTER_BOUND('',#538,.T.);
#317=FACE_OUTER_BOUND('',#539,.T.);
#318=FACE_OUTER_BOUND('',#540,.T.);
#319=FACE_OUTER_BOUND('',#541,.T.);
#320=FACE_OUTER_BOUND('',#542,.T.);
#321=FACE_OUTER_BOUND('',#543,.T.);
#322=FACE_OUTER_BOUND('',#544,.T.);
#323=FACE_OUTER_BOUND('',#545,.T.);
#324=FACE_OUTER_BOUND('',#546,.T.);
#325=FACE_OUTER_BOUND('',#548,.T.);
#326=FACE_OUTER_BOUND('',#549,.T.);
#327=FACE_OUTER_BOUND('',#550,.T.);
#328=FACE_OUTER_BOUND('',#551,.T.);
#329=FACE_OUTER_BOUND('',#552,.T.);
#330=FACE_OUTER_BOUND('',#553,.T.);
#331=FACE_OUTER_BOUND('',#554,.T.);
#332=FACE_OUTER_BOUND('',#555,.T.);
#333=FACE_OUTER_BOUND('',#556,.T.);
#334=FACE_OUTER_BOUND('',#557,.T.);
#335=FACE_OUTER_BOUND('',#558,.T.);
#336=FACE_OUTER_BOUND('',#559,.T.);
#337=FACE_OUTER_BOUND('',#560,.T.);
#338=FACE_OUTER_BOUND('',#561,.T.);
#339=FACE_OUTER_BOUND('',#562,.T.);
#340=FACE_OUTER_BOUND('',#563,.T.);
#341=FACE_OUTER_BOUND('',#564,.T.);
#342=FACE_OUTER_BOUND('',#565,.T.);
#343=FACE_OUTER_BOUND('',#566,.T.);
#344=FACE_OUTER_BOUND('',#567,.T.);
#345=FACE_OUTER_BOUND('',#568,.T.);
#346=FACE_OUTER_BOUND('',#569,.T.);
#347=FACE_OUTER_BOUND('',#570,.T.);
#348=FACE_OUTER_BOUND('',#571,.T.);
#349=FACE_OUTER_BOUND('',#572,.T.);
#350=FACE_OUTER_BOUND('',#573,.T.);
#351=FACE_OUTER_BOUND('',#574,.T.);
#352=FACE_OUTER_BOUND('',#575,.T.);
#353=FACE_OUTER_BOUND('',#576,.T.);
#354=FACE_OUTER_BOUND('',#577,.T.);
#355=FACE_OUTER_BOUND('',#578,.T.);
#356=FACE_OUTER_BOUND('',#579,.T.);
#357=FACE_OUTER_BOUND('',#580,.T.);
#358=FACE_OUTER_BOUND('',#581,.T.);
#359=FACE_OUTER_BOUND('',#582,.T.);
#360=FACE_OUTER_BOUND('',#583,.T.);
#361=FACE_OUTER_BOUND('',#584,.T.);
#362=FACE_OUTER_BOUND('',#585,.T.);
#363=FACE_OUTER_BOUND('',#586,.T.);
#364=FACE_OUTER_BOUND('',#587,.T.);
#365=FACE_OUTER_BOUND('',#588,.T.);
#366=FACE_OUTER_BOUND('',#589,.T.);
#367=FACE_OUTER_BOUND('',#590,.T.);
#368=FACE_OUTER_BOUND('',#591,.T.);
#369=FACE_OUTER_BOUND('',#592,.T.);
#370=FACE_OUTER_BOUND('',#593,.T.);
#371=FACE_OUTER_BOUND('',#594,.T.);
#372=FACE_OUTER_BOUND('',#595,.T.);
#373=FACE_OUTER_BOUND('',#596,.T.);
#374=FACE_OUTER_BOUND('',#597,.T.);
#375=FACE_OUTER_BOUND('',#598,.T.);
#376=FACE_OUTER_BOUND('',#599,.T.);
#377=FACE_OUTER_BOUND('',#600,.T.);
#378=FACE_OUTER_BOUND('',#601,.T.);
#379=FACE_OUTER_BOUND('',#602,.T.);
#380=FACE_OUTER_BOUND('',#603,.T.);
#381=FACE_OUTER_BOUND('',#604,.T.);
#382=FACE_OUTER_BOUND('',#605,.T.);
#383=FACE_OUTER_BOUND('',#606,.T.);
#384=FACE_OUTER_BOUND('',#607,.T.);
#385=FACE_OUTER_BOUND('',#608,.T.);
#386=FACE_OUTER_BOUND('',#609,.T.);
#387=FACE_OUTER_BOUND('',#610,.T.);
#388=FACE_OUTER_BOUND('',#611,.T.);
#389=FACE_OUTER_BOUND('',#612,.T.);
#390=FACE_OUTER_BOUND('',#613,.T.);
#391=FACE_OUTER_BOUND('',#614,.T.);
#392=FACE_OUTER_BOUND('',#615,.T.);
#393=FACE_OUTER_BOUND('',#616,.T.);
#394=FACE_OUTER_BOUND('',#617,.T.);
#395=FACE_OUTER_BOUND('',#618,.T.);
#396=FACE_OUTER_BOUND('',#619,.T.);
#397=FACE_OUTER_BOUND('',#620,.T.);
#398=FACE_OUTER_BOUND('',#621,.T.);
#399=FACE_OUTER_BOUND('',#622,.T.);
#400=FACE_OUTER_BOUND('',#623,.T.);
#401=FACE_OUTER_BOUND('',#624,.T.);
#402=FACE_OUTER_BOUND('',#625,.T.);
#403=FACE_OUTER_BOUND('',#626,.T.);
#404=FACE_OUTER_BOUND('',#627,.T.);
#405=FACE_OUTER_BOUND('',#628,.T.);
#406=FACE_OUTER_BOUND('',#629,.T.);
#407=FACE_OUTER_BOUND('',#630,.T.);
#408=FACE_OUTER_BOUND('',#631,.T.);
#409=FACE_OUTER_BOUND('',#632,.T.);
#410=FACE_OUTER_BOUND('',#633,.T.);
#411=FACE_OUTER_BOUND('',#634,.T.);
#412=FACE_OUTER_BOUND('',#635,.T.);
#413=FACE_OUTER_BOUND('',#636,.T.);
#414=FACE_OUTER_BOUND('',#638,.T.);
#415=FACE_OUTER_BOUND('',#639,.T.);
#416=FACE_OUTER_BOUND('',#640,.T.);
#417=FACE_OUTER_BOUND('',#641,.T.);
#418=FACE_OUTER_BOUND('',#642,.T.);
#419=FACE_OUTER_BOUND('',#643,.T.);
#420=FACE_OUTER_BOUND('',#644,.T.);
#421=FACE_OUTER_BOUND('',#645,.T.);
#422=FACE_OUTER_BOUND('',#646,.T.);
#423=FACE_OUTER_BOUND('',#647,.T.);
#424=FACE_OUTER_BOUND('',#648,.T.);
#425=FACE_OUTER_BOUND('',#649,.T.);
#426=FACE_OUTER_BOUND('',#650,.T.);
#427=FACE_OUTER_BOUND('',#651,.T.);
#428=FACE_OUTER_BOUND('',#652,.T.);
#429=FACE_OUTER_BOUND('',#653,.T.);
#430=FACE_OUTER_BOUND('',#654,.T.);
#431=FACE_OUTER_BOUND('',#655,.T.);
#432=FACE_OUTER_BOUND('',#656,.T.);
#433=FACE_OUTER_BOUND('',#657,.T.);
#434=FACE_OUTER_BOUND('',#658,.T.);
#435=FACE_OUTER_BOUND('',#659,.T.);
#436=FACE_OUTER_BOUND('',#660,.T.);
#437=EDGE_LOOP('',(#2382,#2383,#2384,#2385));
#438=EDGE_LOOP('',(#2386,#2387,#2388,#2389,#2390));
#439=EDGE_LOOP('',(#2391,#2392,#2393,#2394,#2395,#2396,#2397,#2398,#2399,
#2400,#2401,#2402,#2403,#2404));
#440=EDGE_LOOP('',(#2405));
#441=EDGE_LOOP('',(#2406,#2407,#2408,#2409,#2410));
#442=EDGE_LOOP('',(#2411,#2412,#2413,#2414,#2415,#2416,#2417,#2418,#2419,
#2420,#2421,#2422));
#443=EDGE_LOOP('',(#2423));
#444=EDGE_LOOP('',(#2424,#2425,#2426,#2427));
#445=EDGE_LOOP('',(#2428,#2429,#2430,#2431));
#446=EDGE_LOOP('',(#2432,#2433,#2434,#2435));
#447=EDGE_LOOP('',(#2436,#2437,#2438,#2439));
#448=EDGE_LOOP('',(#2440,#2441,#2442,#2443));
#449=EDGE_LOOP('',(#2444,#2445,#2446,#2447));
#450=EDGE_LOOP('',(#2448,#2449,#2450,#2451));
#451=EDGE_LOOP('',(#2452,#2453,#2454,#2455));
#452=EDGE_LOOP('',(#2456,#2457,#2458,#2459));
#453=EDGE_LOOP('',(#2460,#2461,#2462,#2463));
#454=EDGE_LOOP('',(#2464,#2465,#2466,#2467));
#455=EDGE_LOOP('',(#2468,#2469,#2470,#2471));
#456=EDGE_LOOP('',(#2472,#2473,#2474,#2475));
#457=EDGE_LOOP('',(#2476,#2477,#2478,#2479,#2480,#2481,#2482,#2483,#2484,
#2485,#2486,#2487,#2488,#2489));
#458=EDGE_LOOP('',(#2490,#2491,#2492,#2493));
#459=EDGE_LOOP('',(#2494,#2495,#2496,#2497,#2498,#2499));
#460=EDGE_LOOP('',(#2500,#2501,#2502,#2503));
#461=EDGE_LOOP('',(#2504,#2505,#2506,#2507,#2508,#2509,#2510,#2511,#2512,
#2513,#2514,#2515,#2516,#2517));
#462=EDGE_LOOP('',(#2518,#2519,#2520,#2521,#2522));
#463=EDGE_LOOP('',(#2523,#2524,#2525,#2526));
#464=EDGE_LOOP('',(#2527,#2528,#2529,#2530));
#465=EDGE_LOOP('',(#2531,#2532,#2533,#2534));
#466=EDGE_LOOP('',(#2535,#2536,#2537,#2538));
#467=EDGE_LOOP('',(#2539,#2540,#2541,#2542));
#468=EDGE_LOOP('',(#2543,#2544,#2545,#2546));
#469=EDGE_LOOP('',(#2547,#2548,#2549,#2550));
#470=EDGE_LOOP('',(#2551,#2552,#2553,#2554));
#471=EDGE_LOOP('',(#2555,#2556,#2557,#2558));
#472=EDGE_LOOP('',(#2559,#2560,#2561,#2562,#2563));
#473=EDGE_LOOP('',(#2564,#2565,#2566,#2567));
#474=EDGE_LOOP('',(#2568,#2569,#2570,#2571));
#475=EDGE_LOOP('',(#2572,#2573,#2574,#2575));
#476=EDGE_LOOP('',(#2576,#2577,#2578,#2579));
#477=EDGE_LOOP('',(#2580,#2581,#2582,#2583));
#478=EDGE_LOOP('',(#2584,#2585,#2586,#2587));
#479=EDGE_LOOP('',(#2588,#2589,#2590,#2591));
#480=EDGE_LOOP('',(#2592,#2593,#2594,#2595));
#481=EDGE_LOOP('',(#2596,#2597,#2598,#2599));
#482=EDGE_LOOP('',(#2600,#2601,#2602,#2603,#2604,#2605,#2606,#2607,#2608,
#2609,#2610,#2611,#2612,#2613));
#483=EDGE_LOOP('',(#2614,#2615,#2616,#2617,#2618));
#484=EDGE_LOOP('',(#2619,#2620,#2621,#2622));
#485=EDGE_LOOP('',(#2623,#2624,#2625,#2626));
#486=EDGE_LOOP('',(#2627,#2628,#2629,#2630));
#487=EDGE_LOOP('',(#2631,#2632,#2633,#2634));
#488=EDGE_LOOP('',(#2635,#2636,#2637,#2638));
#489=EDGE_LOOP('',(#2639,#2640,#2641,#2642));
#490=EDGE_LOOP('',(#2643,#2644,#2645,#2646));
#491=EDGE_LOOP('',(#2647,#2648,#2649,#2650));
#492=EDGE_LOOP('',(#2651,#2652,#2653,#2654));
#493=EDGE_LOOP('',(#2655,#2656,#2657,#2658,#2659));
#494=EDGE_LOOP('',(#2660,#2661,#2662,#2663,#2664,#2665,#2666,#2667,#2668,
#2669,#2670,#2671,#2672,#2673));
#495=EDGE_LOOP('',(#2674,#2675,#2676,#2677));
#496=EDGE_LOOP('',(#2678,#2679,#2680,#2681));
#497=EDGE_LOOP('',(#2682,#2683,#2684,#2685));
#498=EDGE_LOOP('',(#2686,#2687,#2688,#2689));
#499=EDGE_LOOP('',(#2690,#2691,#2692,#2693));
#500=EDGE_LOOP('',(#2694,#2695,#2696,#2697));
#501=EDGE_LOOP('',(#2698,#2699,#2700,#2701));
#502=EDGE_LOOP('',(#2702,#2703,#2704,#2705));
#503=EDGE_LOOP('',(#2706,#2707,#2708,#2709));
#504=EDGE_LOOP('',(#2710,#2711,#2712,#2713));
#505=EDGE_LOOP('',(#2714,#2715,#2716,#2717));
#506=EDGE_LOOP('',(#2718,#2719,#2720,#2721));
#507=EDGE_LOOP('',(#2722,#2723,#2724,#2725));
#508=EDGE_LOOP('',(#2726,#2727,#2728,#2729));
#509=EDGE_LOOP('',(#2730,#2731,#2732,#2733));
#510=EDGE_LOOP('',(#2734,#2735,#2736,#2737));
#511=EDGE_LOOP('',(#2738,#2739,#2740,#2741));
#512=EDGE_LOOP('',(#2742,#2743,#2744,#2745));
#513=EDGE_LOOP('',(#2746,#2747,#2748,#2749));
#514=EDGE_LOOP('',(#2750,#2751,#2752,#2753));
#515=EDGE_LOOP('',(#2754,#2755,#2756,#2757));
#516=EDGE_LOOP('',(#2758,#2759,#2760,#2761));
#517=EDGE_LOOP('',(#2762,#2763,#2764,#2765));
#518=EDGE_LOOP('',(#2766,#2767,#2768,#2769));
#519=EDGE_LOOP('',(#2770,#2771,#2772,#2773));
#520=EDGE_LOOP('',(#2774,#2775,#2776,#2777));
#521=EDGE_LOOP('',(#2778,#2779,#2780,#2781));
#522=EDGE_LOOP('',(#2782,#2783,#2784,#2785));
#523=EDGE_LOOP('',(#2786,#2787,#2788,#2789));
#524=EDGE_LOOP('',(#2790,#2791,#2792,#2793));
#525=EDGE_LOOP('',(#2794,#2795,#2796,#2797));
#526=EDGE_LOOP('',(#2798,#2799,#2800,#2801));
#527=EDGE_LOOP('',(#2802,#2803,#2804,#2805));
#528=EDGE_LOOP('',(#2806,#2807,#2808,#2809));
#529=EDGE_LOOP('',(#2810,#2811,#2812,#2813));
#530=EDGE_LOOP('',(#2814,#2815,#2816,#2817));
#531=EDGE_LOOP('',(#2818,#2819,#2820,#2821));
#532=EDGE_LOOP('',(#2822,#2823,#2824,#2825));
#533=EDGE_LOOP('',(#2826,#2827,#2828,#2829,#2830,#2831));
#534=EDGE_LOOP('',(#2832,#2833,#2834,#2835));
#535=EDGE_LOOP('',(#2836,#2837,#2838,#2839,#2840,#2841));
#536=EDGE_LOOP('',(#2842,#2843,#2844,#2845));
#537=EDGE_LOOP('',(#2846,#2847,#2848,#2849));
#538=EDGE_LOOP('',(#2850,#2851,#2852,#2853));
#539=EDGE_LOOP('',(#2854,#2855,#2856,#2857,#2858,#2859));
#540=EDGE_LOOP('',(#2860,#2861,#2862,#2863));
#541=EDGE_LOOP('',(#2864,#2865,#2866,#2867,#2868,#2869));
#542=EDGE_LOOP('',(#2870,#2871,#2872,#2873));
#543=EDGE_LOOP('',(#2874,#2875,#2876,#2877,#2878,#2879));
#544=EDGE_LOOP('',(#2880,#2881,#2882,#2883));
#545=EDGE_LOOP('',(#2884,#2885,#2886,#2887,#2888,#2889));
#546=EDGE_LOOP('',(#2890));
#547=EDGE_LOOP('',(#2891,#2892,#2893,#2894,#2895,#2896,#2897,#2898,#2899,
#2900,#2901,#2902,#2903,#2904,#2905,#2906,#2907,#2908,#2909,#2910,#2911,
#2912,#2913,#2914,#2915,#2916,#2917,#2918));
#548=EDGE_LOOP('',(#2919,#2920,#2921,#2922,#2923));
#549=EDGE_LOOP('',(#2924,#2925,#2926));
#550=EDGE_LOOP('',(#2927,#2928,#2929,#2930));
#551=EDGE_LOOP('',(#2931,#2932,#2933,#2934));
#552=EDGE_LOOP('',(#2935,#2936,#2937,#2938));
#553=EDGE_LOOP('',(#2939,#2940,#2941,#2942));
#554=EDGE_LOOP('',(#2943,#2944,#2945,#2946,#2947));
#555=EDGE_LOOP('',(#2948,#2949,#2950,#2951));
#556=EDGE_LOOP('',(#2952,#2953,#2954,#2955));
#557=EDGE_LOOP('',(#2956,#2957,#2958,#2959));
#558=EDGE_LOOP('',(#2960,#2961,#2962,#2963,#2964));
#559=EDGE_LOOP('',(#2965,#2966,#2967));
#560=EDGE_LOOP('',(#2968,#2969,#2970,#2971));
#561=EDGE_LOOP('',(#2972,#2973,#2974));
#562=EDGE_LOOP('',(#2975,#2976,#2977,#2978,#2979));
#563=EDGE_LOOP('',(#2980,#2981,#2982,#2983));
#564=EDGE_LOOP('',(#2984,#2985,#2986,#2987,#2988));
#565=EDGE_LOOP('',(#2989,#2990,#2991,#2992));
#566=EDGE_LOOP('',(#2993,#2994,#2995));
#567=EDGE_LOOP('',(#2996,#2997,#2998,#2999));
#568=EDGE_LOOP('',(#3000,#3001,#3002,#3003));
#569=EDGE_LOOP('',(#3004,#3005,#3006,#3007));
#570=EDGE_LOOP('',(#3008,#3009,#3010,#3011,#3012));
#571=EDGE_LOOP('',(#3013,#3014,#3015,#3016));
#572=EDGE_LOOP('',(#3017,#3018,#3019,#3020));
#573=EDGE_LOOP('',(#3021,#3022,#3023,#3024));
#574=EDGE_LOOP('',(#3025,#3026,#3027,#3028));
#575=EDGE_LOOP('',(#3029,#3030,#3031,#3032));
#576=EDGE_LOOP('',(#3033,#3034,#3035,#3036));
#577=EDGE_LOOP('',(#3037,#3038,#3039,#3040));
#578=EDGE_LOOP('',(#3041,#3042,#3043,#3044));
#579=EDGE_LOOP('',(#3045,#3046,#3047,#3048));
#580=EDGE_LOOP('',(#3049,#3050,#3051,#3052));
#581=EDGE_LOOP('',(#3053,#3054,#3055,#3056));
#582=EDGE_LOOP('',(#3057,#3058,#3059,#3060));
#583=EDGE_LOOP('',(#3061,#3062,#3063,#3064));
#584=EDGE_LOOP('',(#3065,#3066,#3067,#3068));
#585=EDGE_LOOP('',(#3069,#3070,#3071,#3072,#3073,#3074));
#586=EDGE_LOOP('',(#3075,#3076,#3077,#3078));
#587=EDGE_LOOP('',(#3079,#3080,#3081,#3082,#3083,#3084));
#588=EDGE_LOOP('',(#3085,#3086,#3087,#3088,#3089));
#589=EDGE_LOOP('',(#3090,#3091,#3092,#3093,#3094));
#590=EDGE_LOOP('',(#3095,#3096,#3097,#3098,#3099,#3100));
#591=EDGE_LOOP('',(#3101,#3102,#3103,#3104));
#592=EDGE_LOOP('',(#3105,#3106,#3107,#3108));
#593=EDGE_LOOP('',(#3109,#3110,#3111,#3112,#3113));
#594=EDGE_LOOP('',(#3114,#3115,#3116));
#595=EDGE_LOOP('',(#3117,#3118,#3119,#3120));
#596=EDGE_LOOP('',(#3121,#3122,#3123));
#597=EDGE_LOOP('',(#3124,#3125,#3126,#3127,#3128));
#598=EDGE_LOOP('',(#3129,#3130,#3131,#3132));
#599=EDGE_LOOP('',(#3133,#3134,#3135,#3136,#3137));
#600=EDGE_LOOP('',(#3138,#3139,#3140,#3141));
#601=EDGE_LOOP('',(#3142,#3143,#3144));
#602=EDGE_LOOP('',(#3145,#3146,#3147,#3148));
#603=EDGE_LOOP('',(#3149,#3150,#3151,#3152));
#604=EDGE_LOOP('',(#3153,#3154,#3155,#3156));
#605=EDGE_LOOP('',(#3157,#3158,#3159,#3160,#3161));
#606=EDGE_LOOP('',(#3162,#3163,#3164,#3165));
#607=EDGE_LOOP('',(#3166,#3167,#3168,#3169));
#608=EDGE_LOOP('',(#3170,#3171,#3172,#3173));
#609=EDGE_LOOP('',(#3174,#3175,#3176,#3177));
#610=EDGE_LOOP('',(#3178,#3179,#3180,#3181));
#611=EDGE_LOOP('',(#3182,#3183,#3184,#3185));
#612=EDGE_LOOP('',(#3186,#3187,#3188,#3189));
#613=EDGE_LOOP('',(#3190,#3191,#3192,#3193));
#614=EDGE_LOOP('',(#3194,#3195,#3196,#3197));
#615=EDGE_LOOP('',(#3198,#3199,#3200,#3201));
#616=EDGE_LOOP('',(#3202,#3203,#3204,#3205));
#617=EDGE_LOOP('',(#3206,#3207,#3208,#3209));
#618=EDGE_LOOP('',(#3210,#3211,#3212,#3213));
#619=EDGE_LOOP('',(#3214,#3215,#3216,#3217));
#620=EDGE_LOOP('',(#3218,#3219,#3220,#3221));
#621=EDGE_LOOP('',(#3222,#3223,#3224,#3225));
#622=EDGE_LOOP('',(#3226,#3227,#3228,#3229,#3230));
#623=EDGE_LOOP('',(#3231,#3232,#3233,#3234));
#624=EDGE_LOOP('',(#3235,#3236,#3237,#3238));
#625=EDGE_LOOP('',(#3239,#3240,#3241,#3242));
#626=EDGE_LOOP('',(#3243,#3244,#3245,#3246,#3247,#3248));
#627=EDGE_LOOP('',(#3249,#3250,#3251,#3252));
#628=EDGE_LOOP('',(#3253,#3254,#3255,#3256,#3257,#3258));
#629=EDGE_LOOP('',(#3259,#3260,#3261,#3262,#3263,#3264,#3265,#3266,#3267,
#3268,#3269,#3270,#3271,#3272,#3273,#3274,#3275,#3276,#3277,#3278));
#630=EDGE_LOOP('',(#3279,#3280,#3281,#3282,#3283));
#631=EDGE_LOOP('',(#3284,#3285,#3286,#3287,#3288));
#632=EDGE_LOOP('',(#3289,#3290,#3291,#3292,#3293,#3294));
#633=EDGE_LOOP('',(#3295,#3296,#3297,#3298));
#634=EDGE_LOOP('',(#3299,#3300,#3301,#3302,#3303,#3304));
#635=EDGE_LOOP('',(#3305,#3306,#3307,#3308,#3309,#3310,#3311,#3312,#3313,
#3314,#3315,#3316,#3317,#3318,#3319,#3320,#3321,#3322,#3323,#3324));
#636=EDGE_LOOP('',(#3325));
#637=EDGE_LOOP('',(#3326,#3327,#3328,#3329,#3330,#3331,#3332,#3333,#3334,
#3335,#3336,#3337,#3338,#3339,#3340,#3341,#3342,#3343,#3344,#3345,#3346,
#3347,#3348,#3349));
#638=EDGE_LOOP('',(#3350,#3351,#3352,#3353));
#639=EDGE_LOOP('',(#3354,#3355,#3356,#3357,#3358,#3359));
#640=EDGE_LOOP('',(#3360,#3361,#3362,#3363));
#641=EDGE_LOOP('',(#3364,#3365,#3366));
#642=EDGE_LOOP('',(#3367,#3368,#3369,#3370));
#643=EDGE_LOOP('',(#3371,#3372,#3373,#3374));
#644=EDGE_LOOP('',(#3375,#3376,#3377,#3378,#3379,#3380));
#645=EDGE_LOOP('',(#3381,#3382,#3383));
#646=EDGE_LOOP('',(#3384,#3385,#3386,#3387));
#647=EDGE_LOOP('',(#3388,#3389,#3390,#3391));
#648=EDGE_LOOP('',(#3392,#3393,#3394,#3395));
#649=EDGE_LOOP('',(#3396,#3397,#3398,#3399,#3400));
#650=EDGE_LOOP('',(#3401,#3402,#3403,#3404));
#651=EDGE_LOOP('',(#3405,#3406,#3407,#3408));
#652=EDGE_LOOP('',(#3409,#3410,#3411,#3412));
#653=EDGE_LOOP('',(#3413,#3414,#3415,#3416));
#654=EDGE_LOOP('',(#3417,#3418,#3419,#3420,#3421,#3422));
#655=EDGE_LOOP('',(#3423,#3424,#3425,#3426,#3427));
#656=EDGE_LOOP('',(#3428,#3429,#3430,#3431,#3432));
#657=EDGE_LOOP('',(#3433,#3434,#3435,#3436,#3437));
#658=EDGE_LOOP('',(#3438,#3439,#3440,#3441,#3442,#3443));
#659=EDGE_LOOP('',(#3444,#3445,#3446,#3447));
#660=EDGE_LOOP('',(#3448,#3449,#3450,#3451));
#661=LINE('',#5180,#1029);
#662=LINE('',#5187,#1030);
#663=LINE('',#5196,#1031);
#664=LINE('',#5200,#1032);
#665=LINE('',#5207,#1033);
#666=LINE('',#5209,#1034);
#667=LINE('',#5216,#1035);
#668=LINE('',#5220,#1036);
#669=LINE('',#5227,#1037);
#670=LINE('',#5228,#1038);
#671=LINE('',#5232,#1039);
#672=LINE('',#5236,#1040);
#673=LINE('',#5244,#1041);
#674=LINE('',#5248,#1042);
#675=LINE('',#5256,#1043);
#676=LINE('',#5261,#1044);
#677=LINE('',#5262,#1045);
#678=LINE('',#5277,#1046);
#679=LINE('',#5278,#1047);
#680=LINE('',#5286,#1048);
#681=LINE('',#5289,#1049);
#682=LINE('',#5294,#1050);
#683=LINE('',#5296,#1051);
#684=LINE('',#5307,#1052);
#685=LINE('',#5310,#1053);
#686=LINE('',#5315,#1054);
#687=LINE('',#5317,#1055);
#688=LINE('',#5320,#1056);
#689=LINE('',#5323,#1057);
#690=LINE('',#5326,#1058);
#691=LINE('',#5328,#1059);
#692=LINE('',#5330,#1060);
#693=LINE('',#5332,#1061);
#694=LINE('',#5334,#1062);
#695=LINE('',#5336,#1063);
#696=LINE('',#5338,#1064);
#697=LINE('',#5340,#1065);
#698=LINE('',#5342,#1066);
#699=LINE('',#5355,#1067);
#700=LINE('',#5358,#1068);
#701=LINE('',#5362,#1069);
#702=LINE('',#5370,#1070);
#703=LINE('',#5374,#1071);
#704=LINE('',#5376,#1072);
#705=LINE('',#5389,#1073);
#706=LINE('',#5391,#1074);
#707=LINE('',#5393,#1075);
#708=LINE('',#5395,#1076);
#709=LINE('',#5397,#1077);
#710=LINE('',#5399,#1078);
#711=LINE('',#5401,#1079);
#712=LINE('',#5402,#1080);
#713=LINE('',#5408,#1081);
#714=LINE('',#5410,#1082);
#715=LINE('',#5412,#1083);
#716=LINE('',#5418,#1084);
#717=LINE('',#5423,#1085);
#718=LINE('',#5430,#1086);
#719=LINE('',#5435,#1087);
#720=LINE('',#5442,#1088);
#721=LINE('',#5447,#1089);
#722=LINE('',#5448,#1090);
#723=LINE('',#5449,#1091);
#724=LINE('',#5454,#1092);
#725=LINE('',#5459,#1093);
#726=LINE('',#5465,#1094);
#727=LINE('',#5468,#1095);
#728=LINE('',#5471,#1096);
#729=LINE('',#5475,#1097);
#730=LINE('',#5479,#1098);
#731=LINE('',#5483,#1099);
#732=LINE('',#5484,#1100);
#733=LINE('',#5487,#1101);
#734=LINE('',#5491,#1102);
#735=LINE('',#5495,#1103);
#736=LINE('',#5499,#1104);
#737=LINE('',#5503,#1105);
#738=LINE('',#5507,#1106);
#739=LINE('',#5520,#1107);
#740=LINE('',#5522,#1108);
#741=LINE('',#5524,#1109);
#742=LINE('',#5526,#1110);
#743=LINE('',#5528,#1111);
#744=LINE('',#5529,#1112);
#745=LINE('',#5530,#1113);
#746=LINE('',#5533,#1114);
#747=LINE('',#5534,#1115);
#748=LINE('',#5539,#1116);
#749=LINE('',#5544,#1117);
#750=LINE('',#5551,#1118);
#751=LINE('',#5556,#1119);
#752=LINE('',#5563,#1120);
#753=LINE('',#5568,#1121);
#754=LINE('',#5569,#1122);
#755=LINE('',#5570,#1123);
#756=LINE('',#5575,#1124);
#757=LINE('',#5580,#1125);
#758=LINE('',#5587,#1126);
#759=LINE('',#5593,#1127);
#760=LINE('',#5595,#1128);
#761=LINE('',#5598,#1129);
#762=LINE('',#5600,#1130);
#763=LINE('',#5602,#1131);
#764=LINE('',#5604,#1132);
#765=LINE('',#5606,#1133);
#766=LINE('',#5608,#1134);
#767=LINE('',#5610,#1135);
#768=LINE('',#5612,#1136);
#769=LINE('',#5626,#1137);
#770=LINE('',#5627,#1138);
#771=LINE('',#5630,#1139);
#772=LINE('',#5634,#1140);
#773=LINE('',#5638,#1141);
#774=LINE('',#5642,#1142);
#775=LINE('',#5643,#1143);
#776=LINE('',#5646,#1144);
#777=LINE('',#5650,#1145);
#778=LINE('',#5654,#1146);
#779=LINE('',#5658,#1147);
#780=LINE('',#5665,#1148);
#781=LINE('',#5667,#1149);
#782=LINE('',#5669,#1150);
#783=LINE('',#5670,#1151);
#784=LINE('',#5675,#1152);
#785=LINE('',#5680,#1153);
#786=LINE('',#5681,#1154);
#787=LINE('',#5682,#1155);
#788=LINE('',#5687,#1156);
#789=LINE('',#5692,#1157);
#790=LINE('',#5693,#1158);
#791=LINE('',#5694,#1159);
#792=LINE('',#5698,#1160);
#793=LINE('',#5704,#1161);
#794=LINE('',#5705,#1162);
#795=LINE('',#5706,#1163);
#796=LINE('',#5711,#1164);
#797=LINE('',#5716,#1165);
#798=LINE('',#5717,#1166);
#799=LINE('',#5718,#1167);
#800=LINE('',#5723,#1168);
#801=LINE('',#5728,#1169);
#802=LINE('',#5729,#1170);
#803=LINE('',#5730,#1171);
#804=LINE('',#5734,#1172);
#805=LINE('',#5740,#1173);
#806=LINE('',#5741,#1174);
#807=LINE('',#5742,#1175);
#808=LINE('',#5747,#1176);
#809=LINE('',#5752,#1177);
#810=LINE('',#5753,#1178);
#811=LINE('',#5754,#1179);
#812=LINE('',#5759,#1180);
#813=LINE('',#5764,#1181);
#814=LINE('',#5765,#1182);
#815=LINE('',#5766,#1183);
#816=LINE('',#5771,#1184);
#817=LINE('',#5776,#1185);
#818=LINE('',#5777,#1186);
#819=LINE('',#5778,#1187);
#820=LINE('',#5782,#1188);
#821=LINE('',#5788,#1189);
#822=LINE('',#5789,#1190);
#823=LINE('',#5790,#1191);
#824=LINE('',#5795,#1192);
#825=LINE('',#5800,#1193);
#826=LINE('',#5801,#1194);
#827=LINE('',#5802,#1195);
#828=LINE('',#5807,#1196);
#829=LINE('',#5812,#1197);
#830=LINE('',#5813,#1198);
#831=LINE('',#5814,#1199);
#832=LINE('',#5818,#1200);
#833=LINE('',#5824,#1201);
#834=LINE('',#5825,#1202);
#835=LINE('',#5826,#1203);
#836=LINE('',#5832,#1204);
#837=LINE('',#5835,#1205);
#838=LINE('',#5838,#1206);
#839=LINE('',#5840,#1207);
#840=LINE('',#5842,#1208);
#841=LINE('',#5843,#1209);
#842=LINE('',#5846,#1210);
#843=LINE('',#5850,#1211);
#844=LINE('',#5852,#1212);
#845=LINE('',#5854,#1213);
#846=LINE('',#5855,#1214);
#847=LINE('',#5858,#1215);
#848=LINE('',#5862,#1216);
#849=LINE('',#5863,#1217);
#850=LINE('',#5866,#1218);
#851=LINE('',#5870,#1219);
#852=LINE('',#5872,#1220);
#853=LINE('',#5874,#1221);
#854=LINE('',#5875,#1222);
#855=LINE('',#5878,#1223);
#856=LINE('',#5882,#1224);
#857=LINE('',#5884,#1225);
#858=LINE('',#5886,#1226);
#859=LINE('',#5887,#1227);
#860=LINE('',#5890,#1228);
#861=LINE('',#5894,#1229);
#862=LINE('',#5896,#1230);
#863=LINE('',#5898,#1231);
#864=LINE('',#5899,#1232);
#865=LINE('',#5902,#1233);
#866=LINE('',#5906,#1234);
#867=LINE('',#5908,#1235);
#868=LINE('',#5910,#1236);
#869=LINE('',#5911,#1237);
#870=LINE('',#5917,#1238);
#871=LINE('',#5919,#1239);
#872=LINE('',#5921,#1240);
#873=LINE('',#5922,#1241);
#874=LINE('',#5925,#1242);
#875=LINE('',#5927,#1243);
#876=LINE('',#5928,#1244);
#877=LINE('',#5930,#1245);
#878=LINE('',#5932,#1246);
#879=LINE('',#5933,#1247);
#880=LINE('',#5954,#1248);
#881=LINE('',#5961,#1249);
#882=LINE('',#5964,#1250);
#883=LINE('',#5965,#1251);
#884=LINE('',#5967,#1252);
#885=LINE('',#5969,#1253);
#886=LINE('',#5970,#1254);
#887=LINE('',#5973,#1255);
#888=LINE('',#5976,#1256);
#889=LINE('',#5979,#1257);
#890=LINE('',#5983,#1258);
#891=LINE('',#5985,#1259);
#892=LINE('',#5986,#1260);
#893=LINE('',#5990,#1261);
#894=LINE('',#5991,#1262);
#895=LINE('',#5992,#1263);
#896=LINE('',#5994,#1264);
#897=LINE('',#5997,#1265);
#898=LINE('',#5999,#1266);
#899=LINE('',#6000,#1267);
#900=LINE('',#6003,#1268);
#901=LINE('',#6005,#1269);
#902=LINE('',#6007,#1270);
#903=LINE('',#6008,#1271);
#904=LINE('',#6011,#1272);
#905=LINE('',#6015,#1273);
#906=LINE('',#6017,#1274);
#907=LINE('',#6018,#1275);
#908=LINE('',#6020,#1276);
#909=LINE('',#6021,#1277);
#910=LINE('',#6025,#1278);
#911=LINE('',#6026,#1279);
#912=LINE('',#6027,#1280);
#913=LINE('',#6029,#1281);
#914=LINE('',#6032,#1282);
#915=LINE('',#6033,#1283);
#916=LINE('',#6036,#1284);
#917=LINE('',#6039,#1285);
#918=LINE('',#6041,#1286);
#919=LINE('',#6042,#1287);
#920=LINE('',#6067,#1288);
#921=LINE('',#6079,#1289);
#922=LINE('',#6081,#1290);
#923=LINE('',#6082,#1291);
#924=LINE('',#6085,#1292);
#925=LINE('',#6086,#1293);
#926=LINE('',#6089,#1294);
#927=LINE('',#6093,#1295);
#928=LINE('',#6094,#1296);
#929=LINE('',#6097,#1297);
#930=LINE('',#6100,#1298);
#931=LINE('',#6102,#1299);
#932=LINE('',#6113,#1300);
#933=LINE('',#6148,#1301);
#934=LINE('',#6149,#1302);
#935=LINE('',#6153,#1303);
#936=LINE('',#6155,#1304);
#937=LINE('',#6161,#1305);
#938=LINE('',#6163,#1306);
#939=LINE('',#6165,#1307);
#940=LINE('',#6166,#1308);
#941=LINE('',#6170,#1309);
#942=LINE('',#6175,#1310);
#943=LINE('',#6177,#1311);
#944=LINE('',#6179,#1312);
#945=LINE('',#6180,#1313);
#946=LINE('',#6184,#1314);
#947=LINE('',#6186,#1315);
#948=LINE('',#6187,#1316);
#949=LINE('',#6189,#1317);
#950=LINE('',#6190,#1318);
#951=LINE('',#6194,#1319);
#952=LINE('',#6196,#1320);
#953=LINE('',#6197,#1321);
#954=LINE('',#6201,#1322);
#955=LINE('',#6203,#1323);
#956=LINE('',#6205,#1324);
#957=LINE('',#6207,#1325);
#958=LINE('',#6208,#1326);
#959=LINE('',#6212,#1327);
#960=LINE('',#6217,#1328);
#961=LINE('',#6219,#1329);
#962=LINE('',#6221,#1330);
#963=LINE('',#6222,#1331);
#964=LINE('',#6226,#1332);
#965=LINE('',#6227,#1333);
#966=LINE('',#6228,#1334);
#967=LINE('',#6232,#1335);
#968=LINE('',#6234,#1336);
#969=LINE('',#6235,#1337);
#970=LINE('',#6237,#1338);
#971=LINE('',#6238,#1339);
#972=LINE('',#6242,#1340);
#973=LINE('',#6243,#1341);
#974=LINE('',#6244,#1342);
#975=LINE('',#6249,#1343);
#976=LINE('',#6252,#1344);
#977=LINE('',#6253,#1345);
#978=LINE('',#6255,#1346);
#979=LINE('',#6256,#1347);
#980=LINE('',#6281,#1348);
#981=LINE('',#6293,#1349);
#982=LINE('',#6294,#1350);
#983=LINE('',#6296,#1351);
#984=LINE('',#6297,#1352);
#985=LINE('',#6301,#1353);
#986=LINE('',#6302,#1354);
#987=LINE('',#6303,#1355);
#988=LINE('',#6308,#1356);
#989=LINE('',#6313,#1357);
#990=LINE('',#6314,#1358);
#991=LINE('',#6315,#1359);
#992=LINE('',#6320,#1360);
#993=LINE('',#6323,#1361);
#994=LINE('',#6324,#1362);
#995=LINE('',#6326,#1363);
#996=LINE('',#6338,#1364);
#997=LINE('',#6357,#1365);
#998=LINE('',#6359,#1366);
#999=LINE('',#6360,#1367);
#1000=LINE('',#6381,#1368);
#1001=LINE('',#6387,#1369);
#1002=LINE('',#6389,#1370);
#1003=LINE('',#6392,#1371);
#1004=LINE('',#6393,#1372);
#1005=LINE('',#6398,#1373);
#1006=LINE('',#6401,#1374);
#1007=LINE('',#6402,#1375);
#1008=LINE('',#6420,#1376);
#1009=LINE('',#6421,#1377);
#1010=LINE('',#6423,#1378);
#1011=LINE('',#6425,#1379);
#1012=LINE('',#6427,#1380);
#1013=LINE('',#6428,#1381);
#1014=LINE('',#6432,#1382);
#1015=LINE('',#6433,#1383);
#1016=LINE('',#6437,#1384);
#1017=LINE('',#6443,#1385);
#1018=LINE('',#6445,#1386);
#1019=LINE('',#6452,#1387);
#1020=LINE('',#6454,#1388);
#1021=LINE('',#6456,#1389);
#1022=LINE('',#6465,#1390);
#1023=LINE('',#6467,#1391);
#1024=LINE('',#6469,#1392);
#1025=LINE('',#6471,#1393);
#1026=LINE('',#6473,#1394);
#1027=LINE('',#6478,#1395);
#1028=LINE('',#6481,#1396);
#1029=VECTOR('',#4101,4.455);
#1030=VECTOR('',#4110,4.255);
#1031=VECTOR('',#4113,10.);
#1032=VECTOR('',#4116,10.);
#1033=VECTOR('',#4117,10.);
#1034=VECTOR('',#4118,10.);
#1035=VECTOR('',#4119,10.);
#1036=VECTOR('',#4122,10.);
#1037=VECTOR('',#4123,10.);
#1038=VECTOR('',#4124,10.);
#1039=VECTOR('',#4129,4.455);
#1040=VECTOR('',#4132,10.);
#1041=VECTOR('',#4139,10.);
#1042=VECTOR('',#4142,10.);
#1043=VECTOR('',#4149,10.);
#1044=VECTOR('',#4154,10.);
#1045=VECTOR('',#4155,10.);
#1046=VECTOR('',#4162,10.);
#1047=VECTOR('',#4163,10.);
#1048=VECTOR('',#4168,10.);
#1049=VECTOR('',#4171,10.);
#1050=VECTOR('',#4178,10.);
#1051=VECTOR('',#4181,10.);
#1052=VECTOR('',#4190,10.);
#1053=VECTOR('',#4193,10.);
#1054=VECTOR('',#4200,10.);
#1055=VECTOR('',#4203,10.);
#1056=VECTOR('',#4206,10.);
#1057=VECTOR('',#4209,10.);
#1058=VECTOR('',#4212,10.);
#1059=VECTOR('',#4213,10.);
#1060=VECTOR('',#4214,10.);
#1061=VECTOR('',#4215,10.);
#1062=VECTOR('',#4216,10.);
#1063=VECTOR('',#4217,10.);
#1064=VECTOR('',#4218,10.);
#1065=VECTOR('',#4219,10.);
#1066=VECTOR('',#4220,10.);
#1067=VECTOR('',#4221,10.);
#1068=VECTOR('',#4224,10.);
#1069=VECTOR('',#4229,10.);
#1070=VECTOR('',#4238,10.);
#1071=VECTOR('',#4243,10.);
#1072=VECTOR('',#4244,10.);
#1073=VECTOR('',#4245,10.);
#1074=VECTOR('',#4246,10.);
#1075=VECTOR('',#4247,10.);
#1076=VECTOR('',#4248,10.);
#1077=VECTOR('',#4249,10.);
#1078=VECTOR('',#4250,10.);
#1079=VECTOR('',#4251,10.);
#1080=VECTOR('',#4252,10.);
#1081=VECTOR('',#4257,10.);
#1082=VECTOR('',#4258,10.);
#1083=VECTOR('',#4259,10.);
#1084=VECTOR('',#4266,10.);
#1085=VECTOR('',#4271,10.);
#1086=VECTOR('',#4280,10.);
#1087=VECTOR('',#4285,10.);
#1088=VECTOR('',#4294,10.);
#1089=VECTOR('',#4299,10.);
#1090=VECTOR('',#4300,10.);
#1091=VECTOR('',#4301,10.);
#1092=VECTOR('',#4306,10.);
#1093=VECTOR('',#4311,10.);
#1094=VECTOR('',#4320,10.);
#1095=VECTOR('',#4325,10.);
#1096=VECTOR('',#4328,10.);
#1097=VECTOR('',#4333,10.);
#1098=VECTOR('',#4338,10.);
#1099=VECTOR('',#4343,10.);
#1100=VECTOR('',#4344,10.);
#1101=VECTOR('',#4347,10.);
#1102=VECTOR('',#4352,10.);
#1103=VECTOR('',#4357,10.);
#1104=VECTOR('',#4362,10.);
#1105=VECTOR('',#4367,10.);
#1106=VECTOR('',#4372,10.);
#1107=VECTOR('',#4373,10.);
#1108=VECTOR('',#4374,10.);
#1109=VECTOR('',#4375,10.);
#1110=VECTOR('',#4376,10.);
#1111=VECTOR('',#4377,10.);
#1112=VECTOR('',#4378,10.);
#1113=VECTOR('',#4379,10.);
#1114=VECTOR('',#4382,10.);
#1115=VECTOR('',#4383,10.);
#1116=VECTOR('',#4388,10.);
#1117=VECTOR('',#4393,10.);
#1118=VECTOR('',#4402,10.);
#1119=VECTOR('',#4407,10.);
#1120=VECTOR('',#4416,10.);
#1121=VECTOR('',#4421,10.);
#1122=VECTOR('',#4422,10.);
#1123=VECTOR('',#4423,10.);
#1124=VECTOR('',#4428,10.);
#1125=VECTOR('',#4433,10.);
#1126=VECTOR('',#4442,10.);
#1127=VECTOR('',#4449,10.);
#1128=VECTOR('',#4450,10.);
#1129=VECTOR('',#4455,10.);
#1130=VECTOR('',#4456,10.);
#1131=VECTOR('',#4457,10.);
#1132=VECTOR('',#4458,10.);
#1133=VECTOR('',#4459,10.);
#1134=VECTOR('',#4460,10.);
#1135=VECTOR('',#4461,10.);
#1136=VECTOR('',#4462,10.);
#1137=VECTOR('',#4463,10.);
#1138=VECTOR('',#4464,10.);
#1139=VECTOR('',#4467,10.);
#1140=VECTOR('',#4472,10.);
#1141=VECTOR('',#4477,10.);
#1142=VECTOR('',#4482,10.);
#1143=VECTOR('',#4483,10.);
#1144=VECTOR('',#4486,10.);
#1145=VECTOR('',#4491,10.);
#1146=VECTOR('',#4496,10.);
#1147=VECTOR('',#4501,10.);
#1148=VECTOR('',#4510,10.);
#1149=VECTOR('',#4511,10.);
#1150=VECTOR('',#4512,10.);
#1151=VECTOR('',#4513,10.);
#1152=VECTOR('',#4518,10.);
#1153=VECTOR('',#4523,10.);
#1154=VECTOR('',#4524,10.);
#1155=VECTOR('',#4525,10.);
#1156=VECTOR('',#4530,10.);
#1157=VECTOR('',#4535,10.);
#1158=VECTOR('',#4536,10.);
#1159=VECTOR('',#4537,10.);
#1160=VECTOR('',#4540,10.);
#1161=VECTOR('',#4547,10.);
#1162=VECTOR('',#4548,10.);
#1163=VECTOR('',#4549,10.);
#1164=VECTOR('',#4554,10.);
#1165=VECTOR('',#4559,10.);
#1166=VECTOR('',#4560,10.);
#1167=VECTOR('',#4561,10.);
#1168=VECTOR('',#4566,10.);
#1169=VECTOR('',#4571,10.);
#1170=VECTOR('',#4572,10.);
#1171=VECTOR('',#4573,10.);
#1172=VECTOR('',#4576,10.);
#1173=VECTOR('',#4583,10.);
#1174=VECTOR('',#4584,10.);
#1175=VECTOR('',#4585,10.);
#1176=VECTOR('',#4590,10.);
#1177=VECTOR('',#4595,10.);
#1178=VECTOR('',#4596,10.);
#1179=VECTOR('',#4597,10.);
#1180=VECTOR('',#4602,10.);
#1181=VECTOR('',#4607,10.);
#1182=VECTOR('',#4608,10.);
#1183=VECTOR('',#4609,10.);
#1184=VECTOR('',#4614,10.);
#1185=VECTOR('',#4619,10.);
#1186=VECTOR('',#4620,10.);
#1187=VECTOR('',#4621,10.);
#1188=VECTOR('',#4624,10.);
#1189=VECTOR('',#4631,10.);
#1190=VECTOR('',#4632,10.);
#1191=VECTOR('',#4633,10.);
#1192=VECTOR('',#4638,10.);
#1193=VECTOR('',#4643,10.);
#1194=VECTOR('',#4644,10.);
#1195=VECTOR('',#4645,10.);
#1196=VECTOR('',#4650,10.);
#1197=VECTOR('',#4655,10.);
#1198=VECTOR('',#4656,10.);
#1199=VECTOR('',#4657,10.);
#1200=VECTOR('',#4660,10.);
#1201=VECTOR('',#4667,10.);
#1202=VECTOR('',#4668,10.);
#1203=VECTOR('',#4669,10.);
#1204=VECTOR('',#4678,10.);
#1205=VECTOR('',#4681,10.);
#1206=VECTOR('',#4684,10.);
#1207=VECTOR('',#4685,10.);
#1208=VECTOR('',#4686,10.);
#1209=VECTOR('',#4687,10.);
#1210=VECTOR('',#4690,10.);
#1211=VECTOR('',#4695,10.);
#1212=VECTOR('',#4696,10.);
#1213=VECTOR('',#4697,10.);
#1214=VECTOR('',#4698,10.);
#1215=VECTOR('',#4701,10.);
#1216=VECTOR('',#4706,10.);
#1217=VECTOR('',#4707,10.);
#1218=VECTOR('',#4710,10.);
#1219=VECTOR('',#4715,10.);
#1220=VECTOR('',#4716,10.);
#1221=VECTOR('',#4717,10.);
#1222=VECTOR('',#4718,10.);
#1223=VECTOR('',#4721,10.);
#1224=VECTOR('',#4726,10.);
#1225=VECTOR('',#4727,10.);
#1226=VECTOR('',#4728,10.);
#1227=VECTOR('',#4729,10.);
#1228=VECTOR('',#4732,10.);
#1229=VECTOR('',#4737,10.);
#1230=VECTOR('',#4738,10.);
#1231=VECTOR('',#4739,10.);
#1232=VECTOR('',#4740,10.);
#1233=VECTOR('',#4743,10.);
#1234=VECTOR('',#4748,10.);
#1235=VECTOR('',#4749,10.);
#1236=VECTOR('',#4750,10.);
#1237=VECTOR('',#4751,10.);
#1238=VECTOR('',#4758,10.);
#1239=VECTOR('',#4759,10.);
#1240=VECTOR('',#4760,10.);
#1241=VECTOR('',#4761,10.);
#1242=VECTOR('',#4764,10.);
#1243=VECTOR('',#4765,10.);
#1244=VECTOR('',#4766,10.);
#1245=VECTOR('',#4769,10.);
#1246=VECTOR('',#4772,10.);
#1247=VECTOR('',#4773,10.);
#1248=VECTOR('',#4774,10.);
#1249=VECTOR('',#4775,10.);
#1250=VECTOR('',#4778,10.);
#1251=VECTOR('',#4779,10.);
#1252=VECTOR('',#4782,10.);
#1253=VECTOR('',#4783,10.);
#1254=VECTOR('',#4784,10.);
#1255=VECTOR('',#4787,10.);
#1256=VECTOR('',#4792,10.);
#1257=VECTOR('',#4795,10.);
#1258=VECTOR('',#4800,10.);
#1259=VECTOR('',#4801,10.);
#1260=VECTOR('',#4802,10.);
#1261=VECTOR('',#4805,10.);
#1262=VECTOR('',#4806,10.);
#1263=VECTOR('',#4807,10.);
#1264=VECTOR('',#4810,10.);
#1265=VECTOR('',#4813,10.);
#1266=VECTOR('',#4814,10.);
#1267=VECTOR('',#4815,10.);
#1268=VECTOR('',#4818,10.);
#1269=VECTOR('',#4819,10.);
#1270=VECTOR('',#4820,10.);
#1271=VECTOR('',#4821,10.);
#1272=VECTOR('',#4824,10.);
#1273=VECTOR('',#4829,10.);
#1274=VECTOR('',#4830,10.);
#1275=VECTOR('',#4831,10.);
#1276=VECTOR('',#4834,10.);
#1277=VECTOR('',#4835,10.);
#1278=VECTOR('',#4838,10.);
#1279=VECTOR('',#4839,10.);
#1280=VECTOR('',#4840,10.);
#1281=VECTOR('',#4843,10.);
#1282=VECTOR('',#4846,10.);
#1283=VECTOR('',#4847,10.);
#1284=VECTOR('',#4850,10.);
#1285=VECTOR('',#4855,10.);
#1286=VECTOR('',#4858,10.);
#1287=VECTOR('',#4859,10.);
#1288=VECTOR('',#4860,10.);
#1289=VECTOR('',#4863,10.);
#1290=VECTOR('',#4866,10.);
#1291=VECTOR('',#4867,10.);
#1292=VECTOR('',#4870,10.);
#1293=VECTOR('',#4871,10.);
#1294=VECTOR('',#4874,10.);
#1295=VECTOR('',#4879,10.);
#1296=VECTOR('',#4880,10.);
#1297=VECTOR('',#4883,10.);
#1298=VECTOR('',#4888,10.);
#1299=VECTOR('',#4891,10.);
#1300=VECTOR('',#4896,10.);
#1301=VECTOR('',#4899,10.);
#1302=VECTOR('',#4900,10.);
#1303=VECTOR('',#4907,10.);
#1304=VECTOR('',#4910,10.);
#1305=VECTOR('',#4917,10.);
#1306=VECTOR('',#4918,10.);
#1307=VECTOR('',#4919,10.);
#1308=VECTOR('',#4920,10.);
#1309=VECTOR('',#4923,10.);
#1310=VECTOR('',#4930,10.);
#1311=VECTOR('',#4931,10.);
#1312=VECTOR('',#4932,10.);
#1313=VECTOR('',#4933,10.);
#1314=VECTOR('',#4936,10.);
#1315=VECTOR('',#4937,10.);
#1316=VECTOR('',#4938,10.);
#1317=VECTOR('',#4941,10.);
#1318=VECTOR('',#4942,10.);
#1319=VECTOR('',#4945,10.);
#1320=VECTOR('',#4946,10.);
#1321=VECTOR('',#4947,10.);
#1322=VECTOR('',#4950,10.);
#1323=VECTOR('',#4951,10.);
#1324=VECTOR('',#4952,10.);
#1325=VECTOR('',#4953,10.);
#1326=VECTOR('',#4954,10.);
#1327=VECTOR('',#4957,10.);
#1328=VECTOR('',#4964,10.);
#1329=VECTOR('',#4965,10.);
#1330=VECTOR('',#4966,10.);
#1331=VECTOR('',#4967,10.);
#1332=VECTOR('',#4970,10.);
#1333=VECTOR('',#4971,10.);
#1334=VECTOR('',#4972,10.);
#1335=VECTOR('',#4975,10.);
#1336=VECTOR('',#4976,10.);
#1337=VECTOR('',#4977,10.);
#1338=VECTOR('',#4980,10.);
#1339=VECTOR('',#4981,10.);
#1340=VECTOR('',#4984,10.);
#1341=VECTOR('',#4985,10.);
#1342=VECTOR('',#4986,10.);
#1343=VECTOR('',#4991,10.);
#1344=VECTOR('',#4996,10.);
#1345=VECTOR('',#4997,10.);
#1346=VECTOR('',#5000,10.);
#1347=VECTOR('',#5001,10.);
#1348=VECTOR('',#5002,10.);
#1349=VECTOR('',#5005,10.);
#1350=VECTOR('',#5006,10.);
#1351=VECTOR('',#5009,10.);
#1352=VECTOR('',#5010,10.);
#1353=VECTOR('',#5013,10.);
#1354=VECTOR('',#5014,10.);
#1355=VECTOR('',#5015,10.);
#1356=VECTOR('',#5020,10.);
#1357=VECTOR('',#5025,10.);
#1358=VECTOR('',#5026,10.);
#1359=VECTOR('',#5027,10.);
#1360=VECTOR('',#5032,10.);
#1361=VECTOR('',#5037,10.);
#1362=VECTOR('',#5038,10.);
#1363=VECTOR('',#5041,10.);
#1364=VECTOR('',#5048,10.);
#1365=VECTOR('',#5051,10.);
#1366=VECTOR('',#5052,10.);
#1367=VECTOR('',#5053,10.);
#1368=VECTOR('',#5054,10.);
#1369=VECTOR('',#5055,10.);
#1370=VECTOR('',#5058,10.);
#1371=VECTOR('',#5061,10.);
#1372=VECTOR('',#5062,10.);
#1373=VECTOR('',#5067,10.);
#1374=VECTOR('',#5072,10.);
#1375=VECTOR('',#5073,10.);
#1376=VECTOR('',#5076,10.);
#1377=VECTOR('',#5077,10.);
#1378=VECTOR('',#5080,10.);
#1379=VECTOR('',#5083,10.);
#1380=VECTOR('',#5086,10.);
#1381=VECTOR('',#5087,10.);
#1382=VECTOR('',#5094,10.);
#1383=VECTOR('',#5095,10.);
#1384=VECTOR('',#5102,10.);
#1385=VECTOR('',#5111,10.);
#1386=VECTOR('',#5114,10.);
#1387=VECTOR('',#5125,10.);
#1388=VECTOR('',#5128,10.);
#1389=VECTOR('',#5131,10.);
#1390=VECTOR('',#5148,10.);
#1391=VECTOR('',#5151,10.);
#1392=VECTOR('',#5154,10.);
#1393=VECTOR('',#5157,10.);
#1394=VECTOR('',#5160,10.);
#1395=VECTOR('',#5169,10.);
#1396=VECTOR('',#5174,20.);
#1397=CIRCLE('',#3741,4.255);
#1398=CIRCLE('',#3742,4.655);
#1399=CIRCLE('',#3744,4.255);
#1400=CIRCLE('',#3745,4.255);
#1401=CIRCLE('',#3747,5.85);
#1402=CIRCLE('',#3748,5.85);
#1403=CIRCLE('',#3750,4.655);
#1404=CIRCLE('',#3752,0.0999999999999995);
#1405=CIRCLE('',#3753,7.725);
#1406=CIRCLE('',#3754,0.1);
#1407=CIRCLE('',#3755,5.85);
#1408=CIRCLE('',#3756,0.1);
#1409=CIRCLE('',#3757,7.725);
#1410=CIRCLE('',#3758,0.0999999999999995);
#1411=CIRCLE('',#3759,5.85);
#1412=CIRCLE('',#3762,6.25);
#1413=CIRCLE('',#3765,0.5);
#1414=CIRCLE('',#3767,8.125);
#1415=CIRCLE('',#3769,0.5);
#1416=CIRCLE('',#3772,6.25);
#1417=CIRCLE('',#3774,0.5);
#1418=CIRCLE('',#3776,8.125);
#1419=CIRCLE('',#3778,0.5);
#1420=CIRCLE('',#3781,6.25);
#1421=CIRCLE('',#3787,8.125);
#1422=CIRCLE('',#3796,0.25);
#1423=CIRCLE('',#3797,0.65);
#1424=CIRCLE('',#3799,10.45);
#1425=CIRCLE('',#3800,10.05);
#1426=CIRCLE('',#3802,0.75);
#1427=CIRCLE('',#3803,0.349999999999999);
#1428=CIRCLE('',#3805,11.15);
#1429=CIRCLE('',#3806,11.55);
#1430=CIRCLE('',#3808,0.25);
#1431=CIRCLE('',#3809,0.65);
#1432=CIRCLE('',#3812,0.5);
#1433=CIRCLE('',#3813,0.899999999999999);
#1434=CIRCLE('',#3815,14.75);
#1435=CIRCLE('',#3816,14.35);
#1436=CIRCLE('',#3818,0.5);
#1437=CIRCLE('',#3819,0.900000000000001);
#1438=CIRCLE('',#3822,0.5);
#1439=CIRCLE('',#3824,14.35);
#1440=CIRCLE('',#3826,0.5);
#1441=CIRCLE('',#3829,0.25);
#1442=CIRCLE('',#3831,11.55);
#1443=CIRCLE('',#3833,0.75);
#1444=CIRCLE('',#3835,10.05);
#1445=CIRCLE('',#3837,0.25);
#1446=CIRCLE('',#3841,0.25);
#1447=CIRCLE('',#3842,0.65);
#1448=CIRCLE('',#3844,10.45);
#1449=CIRCLE('',#3845,10.05);
#1450=CIRCLE('',#3847,0.75);
#1451=CIRCLE('',#3848,0.35);
#1452=CIRCLE('',#3850,11.15);
#1453=CIRCLE('',#3851,11.55);
#1454=CIRCLE('',#3853,0.25);
#1455=CIRCLE('',#3854,0.65);
#1456=CIRCLE('',#3857,0.5);
#1457=CIRCLE('',#3858,0.899999999999999);
#1458=CIRCLE('',#3860,14.75);
#1459=CIRCLE('',#3861,14.35);
#1460=CIRCLE('',#3863,0.5);
#1461=CIRCLE('',#3864,0.899999999999999);
#1462=CIRCLE('',#3870,0.5);
#1463=CIRCLE('',#3872,14.35);
#1464=CIRCLE('',#3874,0.5);
#1465=CIRCLE('',#3877,0.25);
#1466=CIRCLE('',#3879,11.55);
#1467=CIRCLE('',#3881,0.75);
#1468=CIRCLE('',#3883,10.05);
#1469=CIRCLE('',#3885,0.25);
#1470=CIRCLE('',#3888,0.5);
#1471=CIRCLE('',#3889,0.9);
#1472=CIRCLE('',#3892,0.5);
#1473=CIRCLE('',#3893,0.0999999999999997);
#1474=CIRCLE('',#3896,1.9);
#1475=CIRCLE('',#3897,1.5);
#1476=CIRCLE('',#3900,0.5);
#1477=CIRCLE('',#3901,0.0999999999999994);
#1478=CIRCLE('',#3904,0.5);
#1479=CIRCLE('',#3905,0.1);
#1480=CIRCLE('',#3908,1.9);
#1481=CIRCLE('',#3909,1.5);
#1482=CIRCLE('',#3912,0.5);
#1483=CIRCLE('',#3913,0.0999999999999997);
#1484=CIRCLE('',#3916,0.5);
#1485=CIRCLE('',#3917,0.9);
#1486=CIRCLE('',#3920,0.5);
#1487=CIRCLE('',#3921,0.0999999999999997);
#1488=CIRCLE('',#3924,1.9);
#1489=CIRCLE('',#3925,1.5);
#1490=CIRCLE('',#3928,0.5);
#1491=CIRCLE('',#3929,0.0999999999999993);
#1492=CIRCLE('',#3932,0.5);
#1493=CIRCLE('',#3933,0.0999999999999998);
#1494=CIRCLE('',#3936,1.9);
#1495=CIRCLE('',#3937,1.5);
#1496=CIRCLE('',#3940,0.5);
#1497=CIRCLE('',#3941,0.0999999999999997);
#1498=CIRCLE('',#3943,0.5);
#1499=CIRCLE('',#3946,1.5);
#1500=CIRCLE('',#3949,0.5);
#1501=CIRCLE('',#3952,0.5);
#1502=CIRCLE('',#3955,1.5);
#1503=CIRCLE('',#3958,0.5);
#1504=CIRCLE('',#3961,0.5);
#1505=CIRCLE('',#3964,20.);
#1506=CIRCLE('',#3972,0.0999999999999997);
#1507=CIRCLE('',#3975,1.9);
#1508=CIRCLE('',#3982,1.9);
#1509=CIRCLE('',#3989,0.0999999999999997);
#1510=CIRCLE('',#3996,0.0999999999999999);
#1511=CIRCLE('',#3999,0.0999999999999995);
#1512=CIRCLE('',#4006,0.499999999999999);
#1513=CIRCLE('',#4013,1.9);
#1514=CIRCLE('',#4014,1.5);
#1515=CIRCLE('',#4021,1.9);
#1516=CIRCLE('',#4022,1.5);
#1517=CIRCLE('',#4029,0.5);
#1518=CIRCLE('',#4030,0.0999999999999997);
#1519=CIRCLE('',#4037,0.5);
#1520=CIRCLE('',#4038,0.0999999999999998);
#1521=CIRCLE('',#4041,0.5);
#1522=CIRCLE('',#4042,0.0999999999999997);
#1523=CIRCLE('',#4046,6.25);
#1524=CIRCLE('',#4052,0.5);
#1525=CIRCLE('',#4053,0.0999999999999997);
#1526=CIRCLE('',#4066,20.);
#1527=CIRCLE('',#4067,8.125);
#1528=CIRCLE('',#4072,0.5);
#1529=CIRCLE('',#4073,0.500000000000001);
#1530=CIRCLE('',#4078,0.5);
#1531=CIRCLE('',#4079,0.5);
#1532=VERTEX_POINT('',#5177);
#1533=VERTEX_POINT('',#5179);
#1534=VERTEX_POINT('',#5183);
#1535=VERTEX_POINT('',#5184);
#1536=VERTEX_POINT('',#5189);
#1537=VERTEX_POINT('',#5190);
#1538=VERTEX_POINT('',#5195);
#1539=VERTEX_POINT('',#5197);
#1540=VERTEX_POINT('',#5199);
#1541=VERTEX_POINT('',#5201);
#1542=VERTEX_POINT('',#5206);
#1543=VERTEX_POINT('',#5208);
#1544=VERTEX_POINT('',#5210);
#1545=VERTEX_POINT('',#5215);
#1546=VERTEX_POINT('',#5217);
#1547=VERTEX_POINT('',#5219);
#1548=VERTEX_POINT('',#5221);
#1549=VERTEX_POINT('',#5226);
#1550=VERTEX_POINT('',#5230);
#1551=VERTEX_POINT('',#5234);
#1552=VERTEX_POINT('',#5235);
#1553=VERTEX_POINT('',#5237);
#1554=VERTEX_POINT('',#5239);
#1555=VERTEX_POINT('',#5241);
#1556=VERTEX_POINT('',#5243);
#1557=VERTEX_POINT('',#5245);
#1558=VERTEX_POINT('',#5247);
#1559=VERTEX_POINT('',#5249);
#1560=VERTEX_POINT('',#5251);
#1561=VERTEX_POINT('',#5253);
#1562=VERTEX_POINT('',#5255);
#1563=VERTEX_POINT('',#5259);
#1564=VERTEX_POINT('',#5260);
#1565=VERTEX_POINT('',#5268);
#1566=VERTEX_POINT('',#5275);
#1567=VERTEX_POINT('',#5276);
#1568=VERTEX_POINT('',#5284);
#1569=VERTEX_POINT('',#5288);
#1570=VERTEX_POINT('',#5292);
#1571=VERTEX_POINT('',#5298);
#1572=VERTEX_POINT('',#5305);
#1573=VERTEX_POINT('',#5309);
#1574=VERTEX_POINT('',#5313);
#1575=VERTEX_POINT('',#5319);
#1576=VERTEX_POINT('',#5321);
#1577=VERTEX_POINT('',#5325);
#1578=VERTEX_POINT('',#5327);
#1579=VERTEX_POINT('',#5329);
#1580=VERTEX_POINT('',#5331);
#1581=VERTEX_POINT('',#5333);
#1582=VERTEX_POINT('',#5335);
#1583=VERTEX_POINT('',#5337);
#1584=VERTEX_POINT('',#5339);
#1585=VERTEX_POINT('',#5341);
#1586=VERTEX_POINT('',#5343);
#1587=VERTEX_POINT('',#5350);
#1588=VERTEX_POINT('',#5357);
#1589=VERTEX_POINT('',#5361);
#1590=VERTEX_POINT('',#5363);
#1591=VERTEX_POINT('',#5365);
#1592=VERTEX_POINT('',#5369);
#1593=VERTEX_POINT('',#5373);
#1594=VERTEX_POINT('',#5375);
#1595=VERTEX_POINT('',#5377);
#1596=VERTEX_POINT('',#5382);
#1597=VERTEX_POINT('',#5388);
#1598=VERTEX_POINT('',#5390);
#1599=VERTEX_POINT('',#5392);
#1600=VERTEX_POINT('',#5394);
#1601=VERTEX_POINT('',#5396);
#1602=VERTEX_POINT('',#5398);
#1603=VERTEX_POINT('',#5400);
#1604=VERTEX_POINT('',#5404);
#1605=VERTEX_POINT('',#5405);
#1606=VERTEX_POINT('',#5407);
#1607=VERTEX_POINT('',#5409);
#1608=VERTEX_POINT('',#5411);
#1609=VERTEX_POINT('',#5415);
#1610=VERTEX_POINT('',#5417);
#1611=VERTEX_POINT('',#5421);
#1612=VERTEX_POINT('',#5422);
#1613=VERTEX_POINT('',#5427);
#1614=VERTEX_POINT('',#5429);
#1615=VERTEX_POINT('',#5433);
#1616=VERTEX_POINT('',#5434);
#1617=VERTEX_POINT('',#5439);
#1618=VERTEX_POINT('',#5441);
#1619=VERTEX_POINT('',#5445);
#1620=VERTEX_POINT('',#5446);
#1621=VERTEX_POINT('',#5451);
#1622=VERTEX_POINT('',#5453);
#1623=VERTEX_POINT('',#5457);
#1624=VERTEX_POINT('',#5458);
#1625=VERTEX_POINT('',#5464);
#1626=VERTEX_POINT('',#5470);
#1627=VERTEX_POINT('',#5474);
#1628=VERTEX_POINT('',#5478);
#1629=VERTEX_POINT('',#5482);
#1630=VERTEX_POINT('',#5486);
#1631=VERTEX_POINT('',#5490);
#1632=VERTEX_POINT('',#5494);
#1633=VERTEX_POINT('',#5498);
#1634=VERTEX_POINT('',#5502);
#1635=VERTEX_POINT('',#5506);
#1636=VERTEX_POINT('',#5508);
#1637=VERTEX_POINT('',#5513);
#1638=VERTEX_POINT('',#5519);
#1639=VERTEX_POINT('',#5521);
#1640=VERTEX_POINT('',#5523);
#1641=VERTEX_POINT('',#5525);
#1642=VERTEX_POINT('',#5527);
#1643=VERTEX_POINT('',#5532);
#1644=VERTEX_POINT('',#5536);
#1645=VERTEX_POINT('',#5538);
#1646=VERTEX_POINT('',#5542);
#1647=VERTEX_POINT('',#5543);
#1648=VERTEX_POINT('',#5548);
#1649=VERTEX_POINT('',#5550);
#1650=VERTEX_POINT('',#5554);
#1651=VERTEX_POINT('',#5555);
#1652=VERTEX_POINT('',#5560);
#1653=VERTEX_POINT('',#5562);
#1654=VERTEX_POINT('',#5566);
#1655=VERTEX_POINT('',#5567);
#1656=VERTEX_POINT('',#5572);
#1657=VERTEX_POINT('',#5574);
#1658=VERTEX_POINT('',#5578);
#1659=VERTEX_POINT('',#5579);
#1660=VERTEX_POINT('',#5584);
#1661=VERTEX_POINT('',#5586);
#1662=VERTEX_POINT('',#5590);
#1663=VERTEX_POINT('',#5591);
#1664=VERTEX_POINT('',#5594);
#1665=VERTEX_POINT('',#5599);
#1666=VERTEX_POINT('',#5601);
#1667=VERTEX_POINT('',#5603);
#1668=VERTEX_POINT('',#5605);
#1669=VERTEX_POINT('',#5607);
#1670=VERTEX_POINT('',#5609);
#1671=VERTEX_POINT('',#5611);
#1672=VERTEX_POINT('',#5613);
#1673=VERTEX_POINT('',#5620);
#1674=VERTEX_POINT('',#5625);
#1675=VERTEX_POINT('',#5629);
#1676=VERTEX_POINT('',#5633);
#1677=VERTEX_POINT('',#5637);
#1678=VERTEX_POINT('',#5641);
#1679=VERTEX_POINT('',#5645);
#1680=VERTEX_POINT('',#5649);
#1681=VERTEX_POINT('',#5653);
#1682=VERTEX_POINT('',#5657);
#1683=VERTEX_POINT('',#5663);
#1684=VERTEX_POINT('',#5664);
#1685=VERTEX_POINT('',#5666);
#1686=VERTEX_POINT('',#5668);
#1687=VERTEX_POINT('',#5672);
#1688=VERTEX_POINT('',#5674);
#1689=VERTEX_POINT('',#5678);
#1690=VERTEX_POINT('',#5679);
#1691=VERTEX_POINT('',#5684);
#1692=VERTEX_POINT('',#5686);
#1693=VERTEX_POINT('',#5690);
#1694=VERTEX_POINT('',#5691);
#1695=VERTEX_POINT('',#5696);
#1696=VERTEX_POINT('',#5697);
#1697=VERTEX_POINT('',#5702);
#1698=VERTEX_POINT('',#5703);
#1699=VERTEX_POINT('',#5708);
#1700=VERTEX_POINT('',#5710);
#1701=VERTEX_POINT('',#5714);
#1702=VERTEX_POINT('',#5715);
#1703=VERTEX_POINT('',#5720);
#1704=VERTEX_POINT('',#5722);
#1705=VERTEX_POINT('',#5726);
#1706=VERTEX_POINT('',#5727);
#1707=VERTEX_POINT('',#5732);
#1708=VERTEX_POINT('',#5733);
#1709=VERTEX_POINT('',#5738);
#1710=VERTEX_POINT('',#5739);
#1711=VERTEX_POINT('',#5744);
#1712=VERTEX_POINT('',#5746);
#1713=VERTEX_POINT('',#5750);
#1714=VERTEX_POINT('',#5751);
#1715=VERTEX_POINT('',#5756);
#1716=VERTEX_POINT('',#5758);
#1717=VERTEX_POINT('',#5762);
#1718=VERTEX_POINT('',#5763);
#1719=VERTEX_POINT('',#5768);
#1720=VERTEX_POINT('',#5770);
#1721=VERTEX_POINT('',#5774);
#1722=VERTEX_POINT('',#5775);
#1723=VERTEX_POINT('',#5780);
#1724=VERTEX_POINT('',#5781);
#1725=VERTEX_POINT('',#5786);
#1726=VERTEX_POINT('',#5787);
#1727=VERTEX_POINT('',#5792);
#1728=VERTEX_POINT('',#5794);
#1729=VERTEX_POINT('',#5798);
#1730=VERTEX_POINT('',#5799);
#1731=VERTEX_POINT('',#5804);
#1732=VERTEX_POINT('',#5806);
#1733=VERTEX_POINT('',#5810);
#1734=VERTEX_POINT('',#5811);
#1735=VERTEX_POINT('',#5816);
#1736=VERTEX_POINT('',#5817);
#1737=VERTEX_POINT('',#5822);
#1738=VERTEX_POINT('',#5823);
#1739=VERTEX_POINT('',#5831);
#1740=VERTEX_POINT('',#5833);
#1741=VERTEX_POINT('',#5837);
#1742=VERTEX_POINT('',#5839);
#1743=VERTEX_POINT('',#5841);
#1744=VERTEX_POINT('',#5845);
#1745=VERTEX_POINT('',#5849);
#1746=VERTEX_POINT('',#5851);
#1747=VERTEX_POINT('',#5853);
#1748=VERTEX_POINT('',#5857);
#1749=VERTEX_POINT('',#5861);
#1750=VERTEX_POINT('',#5865);
#1751=VERTEX_POINT('',#5869);
#1752=VERTEX_POINT('',#5871);
#1753=VERTEX_POINT('',#5873);
#1754=VERTEX_POINT('',#5877);
#1755=VERTEX_POINT('',#5881);
#1756=VERTEX_POINT('',#5883);
#1757=VERTEX_POINT('',#5885);
#1758=VERTEX_POINT('',#5889);
#1759=VERTEX_POINT('',#5893);
#1760=VERTEX_POINT('',#5895);
#1761=VERTEX_POINT('',#5897);
#1762=VERTEX_POINT('',#5901);
#1763=VERTEX_POINT('',#5905);
#1764=VERTEX_POINT('',#5907);
#1765=VERTEX_POINT('',#5909);
#1766=VERTEX_POINT('',#5913);
#1767=VERTEX_POINT('',#5916);
#1768=VERTEX_POINT('',#5918);
#1769=VERTEX_POINT('',#5920);
#1770=VERTEX_POINT('',#5924);
#1771=VERTEX_POINT('',#5926);
#1772=VERTEX_POINT('',#5955);
#1773=VERTEX_POINT('',#5963);
#1774=VERTEX_POINT('',#5968);
#1775=VERTEX_POINT('',#5972);
#1776=VERTEX_POINT('',#5978);
#1777=VERTEX_POINT('',#5982);
#1778=VERTEX_POINT('',#5984);
#1779=VERTEX_POINT('',#5988);
#1780=VERTEX_POINT('',#5989);
#1781=VERTEX_POINT('',#5996);
#1782=VERTEX_POINT('',#5998);
#1783=VERTEX_POINT('',#6002);
#1784=VERTEX_POINT('',#6004);
#1785=VERTEX_POINT('',#6006);
#1786=VERTEX_POINT('',#6010);
#1787=VERTEX_POINT('',#6014);
#1788=VERTEX_POINT('',#6016);
#1789=VERTEX_POINT('',#6023);
#1790=VERTEX_POINT('',#6024);
#1791=VERTEX_POINT('',#6031);
#1792=VERTEX_POINT('',#6035);
#1793=VERTEX_POINT('',#6084);
#1794=VERTEX_POINT('',#6088);
#1795=VERTEX_POINT('',#6092);
#1796=VERTEX_POINT('',#6096);
#1797=VERTEX_POINT('',#6147);
#1798=VERTEX_POINT('',#6159);
#1799=VERTEX_POINT('',#6160);
#1800=VERTEX_POINT('',#6162);
#1801=VERTEX_POINT('',#6164);
#1802=VERTEX_POINT('',#6168);
#1803=VERTEX_POINT('',#6169);
#1804=VERTEX_POINT('',#6174);
#1805=VERTEX_POINT('',#6176);
#1806=VERTEX_POINT('',#6178);
#1807=VERTEX_POINT('',#6182);
#1808=VERTEX_POINT('',#6183);
#1809=VERTEX_POINT('',#6185);
#1810=VERTEX_POINT('',#6192);
#1811=VERTEX_POINT('',#6193);
#1812=VERTEX_POINT('',#6195);
#1813=VERTEX_POINT('',#6199);
#1814=VERTEX_POINT('',#6200);
#1815=VERTEX_POINT('',#6202);
#1816=VERTEX_POINT('',#6204);
#1817=VERTEX_POINT('',#6206);
#1818=VERTEX_POINT('',#6210);
#1819=VERTEX_POINT('',#6211);
#1820=VERTEX_POINT('',#6216);
#1821=VERTEX_POINT('',#6218);
#1822=VERTEX_POINT('',#6220);
#1823=VERTEX_POINT('',#6224);
#1824=VERTEX_POINT('',#6225);
#1825=VERTEX_POINT('',#6230);
#1826=VERTEX_POINT('',#6231);
#1827=VERTEX_POINT('',#6233);
#1828=VERTEX_POINT('',#6240);
#1829=VERTEX_POINT('',#6241);
#1830=VERTEX_POINT('',#6246);
#1831=VERTEX_POINT('',#6248);
#1832=VERTEX_POINT('',#6299);
#1833=VERTEX_POINT('',#6300);
#1834=VERTEX_POINT('',#6305);
#1835=VERTEX_POINT('',#6307);
#1836=VERTEX_POINT('',#6311);
#1837=VERTEX_POINT('',#6312);
#1838=VERTEX_POINT('',#6317);
#1839=VERTEX_POINT('',#6319);
#1840=VERTEX_POINT('',#6356);
#1841=VERTEX_POINT('',#6358);
#1842=VERTEX_POINT('',#6391);
#1843=VERTEX_POINT('',#6395);
#1844=VERTEX_POINT('',#6397);
#1845=VERTEX_POINT('',#6439);
#1846=VERTEX_POINT('',#6448);
#1847=EDGE_CURVE('',#1532,#1532,#1397,.T.);
#1848=EDGE_CURVE('',#1532,#1533,#661,.T.);
#1849=EDGE_CURVE('',#1533,#1533,#1398,.T.);
#1850=EDGE_CURVE('',#1534,#1535,#1399,.T.);
#1851=EDGE_CURVE('',#1535,#1534,#1400,.T.);
#1852=EDGE_CURVE('',#1535,#1532,#662,.T.);
#1853=EDGE_CURVE('',#1536,#1537,#37,.T.);
#1854=EDGE_CURVE('',#1538,#1536,#663,.T.);
#1855=EDGE_CURVE('',#1539,#1538,#1401,.T.);
#1856=EDGE_CURVE('',#1540,#1539,#664,.T.);
#1857=EDGE_CURVE('',#1541,#1540,#38,.T.);
#1858=EDGE_CURVE('',#1542,#1541,#665,.T.);
#1859=EDGE_CURVE('',#1543,#1542,#666,.T.);
#1860=EDGE_CURVE('',#1544,#1543,#39,.T.);
#1861=EDGE_CURVE('',#1545,#1544,#667,.T.);
#1862=EDGE_CURVE('',#1546,#1545,#1402,.T.);
#1863=EDGE_CURVE('',#1547,#1546,#668,.T.);
#1864=EDGE_CURVE('',#1548,#1547,#40,.T.);
#1865=EDGE_CURVE('',#1549,#1548,#669,.T.);
#1866=EDGE_CURVE('',#1537,#1549,#670,.T.);
#1867=EDGE_CURVE('',#1550,#1550,#1403,.T.);
#1868=EDGE_CURVE('',#1550,#1534,#671,.T.);
#1869=EDGE_CURVE('',#1551,#1552,#672,.T.);
#1870=EDGE_CURVE('',#1553,#1551,#1404,.T.);
#1871=EDGE_CURVE('',#1554,#1553,#1405,.T.);
#1872=EDGE_CURVE('',#1555,#1554,#1406,.T.);
#1873=EDGE_CURVE('',#1556,#1555,#673,.T.);
#1874=EDGE_CURVE('',#1557,#1556,#1407,.T.);
#1875=EDGE_CURVE('',#1558,#1557,#674,.T.);
#1876=EDGE_CURVE('',#1559,#1558,#1408,.T.);
#1877=EDGE_CURVE('',#1560,#1559,#1409,.T.);
#1878=EDGE_CURVE('',#1561,#1560,#1410,.T.);
#1879=EDGE_CURVE('',#1562,#1561,#675,.T.);
#1880=EDGE_CURVE('',#1552,#1562,#1411,.T.);
#1881=EDGE_CURVE('',#1563,#1564,#676,.T.);
#1882=EDGE_CURVE('',#1564,#1558,#677,.T.);
#1883=EDGE_CURVE('',#1557,#1563,#41,.T.);
#1884=EDGE_CURVE('',#1556,#1565,#42,.T.);
#1885=EDGE_CURVE('',#1565,#1563,#1412,.T.);
#1886=EDGE_CURVE('',#1566,#1567,#678,.T.);
#1887=EDGE_CURVE('',#1567,#1551,#679,.T.);
#1888=EDGE_CURVE('',#1552,#1566,#43,.T.);
#1889=EDGE_CURVE('',#1567,#1568,#1413,.T.);
#1890=EDGE_CURVE('',#1568,#1553,#680,.T.);
#1891=EDGE_CURVE('',#1569,#1554,#681,.T.);
#1892=EDGE_CURVE('',#1568,#1569,#1414,.T.);
#1893=EDGE_CURVE('',#1569,#1570,#1415,.T.);
#1894=EDGE_CURVE('',#1570,#1555,#682,.T.);
#1895=EDGE_CURVE('',#1570,#1565,#683,.T.);
#1896=EDGE_CURVE('',#1571,#1566,#1416,.T.);
#1897=EDGE_CURVE('',#1562,#1571,#44,.T.);
#1898=EDGE_CURVE('',#1564,#1572,#1417,.T.);
#1899=EDGE_CURVE('',#1572,#1559,#684,.T.);
#1900=EDGE_CURVE('',#1573,#1560,#685,.T.);
#1901=EDGE_CURVE('',#1572,#1573,#1418,.T.);
#1902=EDGE_CURVE('',#1573,#1574,#1419,.T.);
#1903=EDGE_CURVE('',#1574,#1561,#686,.T.);
#1904=EDGE_CURVE('',#1574,#1571,#687,.T.);
#1905=EDGE_CURVE('',#1575,#1565,#688,.T.);
#1906=EDGE_CURVE('',#1576,#1575,#1420,.T.);
#1907=EDGE_CURVE('',#1576,#1563,#689,.T.);
#1908=EDGE_CURVE('',#1577,#1570,#690,.T.);
#1909=EDGE_CURVE('',#1578,#1577,#691,.T.);
#1910=EDGE_CURVE('',#1579,#1578,#692,.T.);
#1911=EDGE_CURVE('',#1580,#1579,#693,.T.);
#1912=EDGE_CURVE('',#1580,#1581,#694,.T.);
#1913=EDGE_CURVE('',#1582,#1581,#695,.F.);
#1914=EDGE_CURVE('',#1582,#1583,#696,.T.);
#1915=EDGE_CURVE('',#1584,#1583,#697,.T.);
#1916=EDGE_CURVE('',#1585,#1584,#698,.T.);
#1917=EDGE_CURVE('',#1586,#1585,#45,.T.);
#1918=EDGE_CURVE('',#1587,#1586,#46,.T.);
#1919=EDGE_CURVE('',#1575,#1587,#699,.T.);
#1920=EDGE_CURVE('',#1569,#1588,#700,.T.);
#1921=EDGE_CURVE('',#1577,#1588,#25,.F.);
#1922=EDGE_CURVE('',#1589,#1568,#701,.T.);
#1923=EDGE_CURVE('',#1589,#1590,#26,.T.);
#1924=EDGE_CURVE('',#1591,#1590,#1421,.T.);
#1925=EDGE_CURVE('',#1588,#1591,#27,.F.);
#1926=EDGE_CURVE('',#1592,#1567,#702,.T.);
#1927=EDGE_CURVE('',#1592,#1589,#28,.T.);
#1928=EDGE_CURVE('',#1593,#1566,#703,.T.);
#1929=EDGE_CURVE('',#1594,#1593,#704,.T.);
#1930=EDGE_CURVE('',#1595,#1594,#47,.T.);
#1931=EDGE_CURVE('',#1596,#1595,#48,.T.);
#1932=EDGE_CURVE('',#1597,#1596,#705,.T.);
#1933=EDGE_CURVE('',#1598,#1597,#706,.T.);
#1934=EDGE_CURVE('',#1598,#1599,#707,.T.);
#1935=EDGE_CURVE('',#1600,#1599,#708,.F.);
#1936=EDGE_CURVE('',#1600,#1601,#709,.T.);
#1937=EDGE_CURVE('',#1602,#1601,#710,.T.);
#1938=EDGE_CURVE('',#1603,#1602,#711,.T.);
#1939=EDGE_CURVE('',#1592,#1603,#712,.T.);
#1940=EDGE_CURVE('',#1604,#1605,#29,.T.);
#1941=EDGE_CURVE('',#1604,#1606,#713,.T.);
#1942=EDGE_CURVE('',#1606,#1607,#714,.T.);
#1943=EDGE_CURVE('',#1607,#1608,#715,.T.);
#1944=EDGE_CURVE('',#1605,#1608,#30,.T.);
#1945=EDGE_CURVE('',#1606,#1609,#1422,.T.);
#1946=EDGE_CURVE('',#1609,#1610,#716,.T.);
#1947=EDGE_CURVE('',#1610,#1607,#1423,.T.);
#1948=EDGE_CURVE('',#1611,#1612,#717,.T.);
#1949=EDGE_CURVE('',#1612,#1610,#1424,.T.);
#1950=EDGE_CURVE('',#1609,#1611,#1425,.T.);
#1951=EDGE_CURVE('',#1611,#1613,#1426,.T.);
#1952=EDGE_CURVE('',#1613,#1614,#718,.T.);
#1953=EDGE_CURVE('',#1614,#1612,#1427,.T.);
#1954=EDGE_CURVE('',#1615,#1616,#719,.T.);
#1955=EDGE_CURVE('',#1616,#1614,#1428,.T.);
#1956=EDGE_CURVE('',#1613,#1615,#1429,.T.);
#1957=EDGE_CURVE('',#1615,#1617,#1430,.T.);
#1958=EDGE_CURVE('',#1617,#1618,#720,.T.);
#1959=EDGE_CURVE('',#1618,#1616,#1431,.T.);
#1960=EDGE_CURVE('',#1619,#1620,#721,.T.);
#1961=EDGE_CURVE('',#1620,#1618,#722,.T.);
#1962=EDGE_CURVE('',#1617,#1619,#723,.T.);
#1963=EDGE_CURVE('',#1619,#1621,#1432,.T.);
#1964=EDGE_CURVE('',#1621,#1622,#724,.T.);
#1965=EDGE_CURVE('',#1622,#1620,#1433,.T.);
#1966=EDGE_CURVE('',#1623,#1624,#725,.T.);
#1967=EDGE_CURVE('',#1624,#1622,#1434,.T.);
#1968=EDGE_CURVE('',#1621,#1623,#1435,.T.);
#1969=EDGE_CURVE('',#1623,#1578,#1436,.T.);
#1970=EDGE_CURVE('',#1578,#1625,#726,.T.);
#1971=EDGE_CURVE('',#1625,#1624,#1437,.T.);
#1972=EDGE_CURVE('',#1591,#1625,#727,.T.);
#1973=EDGE_CURVE('',#1623,#1626,#728,.T.);
#1974=EDGE_CURVE('',#1579,#1626,#1438,.T.);
#1975=EDGE_CURVE('',#1627,#1621,#729,.T.);
#1976=EDGE_CURVE('',#1626,#1627,#1439,.T.);
#1977=EDGE_CURVE('',#1619,#1628,#730,.T.);
#1978=EDGE_CURVE('',#1627,#1628,#1440,.T.);
#1979=EDGE_CURVE('',#1629,#1617,#731,.T.);
#1980=EDGE_CURVE('',#1628,#1629,#732,.T.);
#1981=EDGE_CURVE('',#1615,#1630,#733,.T.);
#1982=EDGE_CURVE('',#1629,#1630,#1441,.T.);
#1983=EDGE_CURVE('',#1631,#1613,#734,.T.);
#1984=EDGE_CURVE('',#1630,#1631,#1442,.T.);
#1985=EDGE_CURVE('',#1611,#1632,#735,.T.);
#1986=EDGE_CURVE('',#1632,#1631,#1443,.F.);
#1987=EDGE_CURVE('',#1633,#1609,#736,.T.);
#1988=EDGE_CURVE('',#1632,#1633,#1444,.T.);
#1989=EDGE_CURVE('',#1606,#1634,#737,.T.);
#1990=EDGE_CURVE('',#1633,#1634,#1445,.T.);
#1991=EDGE_CURVE('',#1635,#1576,#738,.T.);
#1992=EDGE_CURVE('',#1636,#1635,#49,.T.);
#1993=EDGE_CURVE('',#1637,#1636,#50,.T.);
#1994=EDGE_CURVE('',#1638,#1637,#739,.T.);
#1995=EDGE_CURVE('',#1639,#1638,#740,.T.);
#1996=EDGE_CURVE('',#1639,#1640,#741,.T.);
#1997=EDGE_CURVE('',#1641,#1640,#742,.F.);
#1998=EDGE_CURVE('',#1641,#1642,#743,.T.);
#1999=EDGE_CURVE('',#1634,#1642,#744,.T.);
#2000=EDGE_CURVE('',#1604,#1564,#745,.T.);
#2001=EDGE_CURVE('',#1603,#1643,#746,.T.);
#2002=EDGE_CURVE('',#1643,#1590,#747,.T.);
#2003=EDGE_CURVE('',#1603,#1644,#1446,.T.);
#2004=EDGE_CURVE('',#1644,#1645,#748,.T.);
#2005=EDGE_CURVE('',#1645,#1643,#1447,.T.);
#2006=EDGE_CURVE('',#1646,#1647,#749,.T.);
#2007=EDGE_CURVE('',#1647,#1645,#1448,.T.);
#2008=EDGE_CURVE('',#1644,#1646,#1449,.T.);
#2009=EDGE_CURVE('',#1646,#1648,#1450,.T.);
#2010=EDGE_CURVE('',#1648,#1649,#750,.T.);
#2011=EDGE_CURVE('',#1649,#1647,#1451,.T.);
#2012=EDGE_CURVE('',#1650,#1651,#751,.T.);
#2013=EDGE_CURVE('',#1651,#1649,#1452,.T.);
#2014=EDGE_CURVE('',#1648,#1650,#1453,.T.);
#2015=EDGE_CURVE('',#1650,#1652,#1454,.T.);
#2016=EDGE_CURVE('',#1652,#1653,#752,.T.);
#2017=EDGE_CURVE('',#1653,#1651,#1455,.T.);
#2018=EDGE_CURVE('',#1654,#1655,#753,.T.);
#2019=EDGE_CURVE('',#1655,#1653,#754,.T.);
#2020=EDGE_CURVE('',#1652,#1654,#755,.T.);
#2021=EDGE_CURVE('',#1654,#1656,#1456,.T.);
#2022=EDGE_CURVE('',#1656,#1657,#756,.T.);
#2023=EDGE_CURVE('',#1657,#1655,#1457,.T.);
#2024=EDGE_CURVE('',#1658,#1659,#757,.T.);
#2025=EDGE_CURVE('',#1659,#1657,#1458,.T.);
#2026=EDGE_CURVE('',#1656,#1658,#1459,.T.);
#2027=EDGE_CURVE('',#1658,#1660,#1460,.T.);
#2028=EDGE_CURVE('',#1660,#1661,#758,.T.);
#2029=EDGE_CURVE('',#1661,#1659,#1461,.T.);
#2030=EDGE_CURVE('',#1662,#1663,#31,.F.);
#2031=EDGE_CURVE('',#1663,#1661,#759,.T.);
#2032=EDGE_CURVE('',#1660,#1664,#760,.T.);
#2033=EDGE_CURVE('',#1664,#1662,#32,.F.);
#2034=EDGE_CURVE('',#1664,#1574,#761,.T.);
#2035=EDGE_CURVE('',#1665,#1660,#762,.T.);
#2036=EDGE_CURVE('',#1666,#1665,#763,.T.);
#2037=EDGE_CURVE('',#1666,#1667,#764,.T.);
#2038=EDGE_CURVE('',#1668,#1667,#765,.F.);
#2039=EDGE_CURVE('',#1668,#1669,#766,.T.);
#2040=EDGE_CURVE('',#1670,#1669,#767,.T.);
#2041=EDGE_CURVE('',#1671,#1670,#768,.T.);
#2042=EDGE_CURVE('',#1672,#1671,#51,.T.);
#2043=EDGE_CURVE('',#1673,#1672,#52,.T.);
#2044=EDGE_CURVE('',#1674,#1673,#769,.T.);
#2045=EDGE_CURVE('',#1674,#1571,#770,.T.);
#2046=EDGE_CURVE('',#1658,#1675,#771,.T.);
#2047=EDGE_CURVE('',#1665,#1675,#1462,.T.);
#2048=EDGE_CURVE('',#1676,#1656,#772,.T.);
#2049=EDGE_CURVE('',#1675,#1676,#1463,.T.);
#2050=EDGE_CURVE('',#1654,#1677,#773,.T.);
#2051=EDGE_CURVE('',#1676,#1677,#1464,.T.);
#2052=EDGE_CURVE('',#1678,#1652,#774,.T.);
#2053=EDGE_CURVE('',#1677,#1678,#775,.T.);
#2054=EDGE_CURVE('',#1650,#1679,#776,.T.);
#2055=EDGE_CURVE('',#1678,#1679,#1465,.T.);
#2056=EDGE_CURVE('',#1680,#1648,#777,.T.);
#2057=EDGE_CURVE('',#1679,#1680,#1466,.T.);
#2058=EDGE_CURVE('',#1646,#1681,#778,.T.);
#2059=EDGE_CURVE('',#1681,#1680,#1467,.F.);
#2060=EDGE_CURVE('',#1682,#1644,#779,.T.);
#2061=EDGE_CURVE('',#1681,#1682,#1468,.T.);
#2062=EDGE_CURVE('',#1682,#1602,#1469,.T.);
#2063=EDGE_CURVE('',#1683,#1684,#780,.T.);
#2064=EDGE_CURVE('',#1684,#1685,#781,.T.);
#2065=EDGE_CURVE('',#1685,#1686,#782,.T.);
#2066=EDGE_CURVE('',#1686,#1683,#783,.T.);
#2067=EDGE_CURVE('',#1683,#1687,#1470,.T.);
#2068=EDGE_CURVE('',#1687,#1688,#784,.T.);
#2069=EDGE_CURVE('',#1688,#1684,#1471,.T.);
#2070=EDGE_CURVE('',#1689,#1690,#785,.T.);
#2071=EDGE_CURVE('',#1690,#1688,#786,.T.);
#2072=EDGE_CURVE('',#1687,#1689,#787,.T.);
#2073=EDGE_CURVE('',#1689,#1691,#1472,.T.);
#2074=EDGE_CURVE('',#1691,#1692,#788,.T.);
#2075=EDGE_CURVE('',#1692,#1690,#1473,.T.);
#2076=EDGE_CURVE('',#1693,#1694,#789,.T.);
#2077=EDGE_CURVE('',#1694,#1692,#790,.T.);
#2078=EDGE_CURVE('',#1691,#1693,#791,.T.);
#2079=EDGE_CURVE('',#1695,#1696,#792,.T.);
#2080=EDGE_CURVE('',#1696,#1694,#1474,.T.);
#2081=EDGE_CURVE('',#1693,#1695,#1475,.T.);
#2082=EDGE_CURVE('',#1697,#1698,#793,.T.);
#2083=EDGE_CURVE('',#1698,#1696,#794,.T.);
#2084=EDGE_CURVE('',#1695,#1697,#795,.T.);
#2085=EDGE_CURVE('',#1697,#1699,#1476,.T.);
#2086=EDGE_CURVE('',#1699,#1700,#796,.T.);
#2087=EDGE_CURVE('',#1700,#1698,#1477,.T.);
#2088=EDGE_CURVE('',#1701,#1702,#797,.T.);
#2089=EDGE_CURVE('',#1702,#1700,#798,.T.);
#2090=EDGE_CURVE('',#1699,#1701,#799,.T.);
#2091=EDGE_CURVE('',#1701,#1703,#1478,.T.);
#2092=EDGE_CURVE('',#1703,#1704,#800,.T.);
#2093=EDGE_CURVE('',#1704,#1702,#1479,.T.);
#2094=EDGE_CURVE('',#1705,#1706,#801,.T.);
#2095=EDGE_CURVE('',#1706,#1704,#802,.T.);
#2096=EDGE_CURVE('',#1703,#1705,#803,.T.);
#2097=EDGE_CURVE('',#1707,#1708,#804,.T.);
#2098=EDGE_CURVE('',#1708,#1706,#1480,.T.);
#2099=EDGE_CURVE('',#1705,#1707,#1481,.T.);
#2100=EDGE_CURVE('',#1709,#1710,#805,.T.);
#2101=EDGE_CURVE('',#1710,#1708,#806,.T.);
#2102=EDGE_CURVE('',#1707,#1709,#807,.T.);
#2103=EDGE_CURVE('',#1709,#1711,#1482,.T.);
#2104=EDGE_CURVE('',#1711,#1712,#808,.T.);
#2105=EDGE_CURVE('',#1712,#1710,#1483,.T.);
#2106=EDGE_CURVE('',#1713,#1714,#809,.T.);
#2107=EDGE_CURVE('',#1714,#1712,#810,.T.);
#2108=EDGE_CURVE('',#1711,#1713,#811,.T.);
#2109=EDGE_CURVE('',#1713,#1715,#1484,.T.);
#2110=EDGE_CURVE('',#1715,#1716,#812,.T.);
#2111=EDGE_CURVE('',#1716,#1714,#1485,.T.);
#2112=EDGE_CURVE('',#1717,#1718,#813,.T.);
#2113=EDGE_CURVE('',#1718,#1716,#814,.T.);
#2114=EDGE_CURVE('',#1715,#1717,#815,.T.);
#2115=EDGE_CURVE('',#1717,#1719,#1486,.T.);
#2116=EDGE_CURVE('',#1719,#1720,#816,.T.);
#2117=EDGE_CURVE('',#1720,#1718,#1487,.T.);
#2118=EDGE_CURVE('',#1721,#1722,#817,.T.);
#2119=EDGE_CURVE('',#1722,#1720,#818,.T.);
#2120=EDGE_CURVE('',#1719,#1721,#819,.T.);
#2121=EDGE_CURVE('',#1723,#1724,#820,.T.);
#2122=EDGE_CURVE('',#1724,#1722,#1488,.T.);
#2123=EDGE_CURVE('',#1721,#1723,#1489,.T.);
#2124=EDGE_CURVE('',#1725,#1726,#821,.T.);
#2125=EDGE_CURVE('',#1726,#1724,#822,.T.);
#2126=EDGE_CURVE('',#1723,#1725,#823,.T.);
#2127=EDGE_CURVE('',#1725,#1727,#1490,.T.);
#2128=EDGE_CURVE('',#1727,#1728,#824,.T.);
#2129=EDGE_CURVE('',#1728,#1726,#1491,.T.);
#2130=EDGE_CURVE('',#1729,#1730,#825,.T.);
#2131=EDGE_CURVE('',#1730,#1728,#826,.T.);
#2132=EDGE_CURVE('',#1727,#1729,#827,.T.);
#2133=EDGE_CURVE('',#1729,#1731,#1492,.T.);
#2134=EDGE_CURVE('',#1731,#1732,#828,.T.);
#2135=EDGE_CURVE('',#1732,#1730,#1493,.T.);
#2136=EDGE_CURVE('',#1733,#1734,#829,.T.);
#2137=EDGE_CURVE('',#1734,#1732,#830,.T.);
#2138=EDGE_CURVE('',#1731,#1733,#831,.T.);
#2139=EDGE_CURVE('',#1735,#1736,#832,.T.);
#2140=EDGE_CURVE('',#1736,#1734,#1494,.T.);
#2141=EDGE_CURVE('',#1733,#1735,#1495,.T.);
#2142=EDGE_CURVE('',#1737,#1738,#833,.T.);
#2143=EDGE_CURVE('',#1738,#1736,#834,.T.);
#2144=EDGE_CURVE('',#1735,#1737,#835,.T.);
#2145=EDGE_CURVE('',#1737,#1686,#1496,.T.);
#2146=EDGE_CURVE('',#1685,#1738,#1497,.T.);
#2147=EDGE_CURVE('',#1709,#1739,#836,.T.);
#2148=EDGE_CURVE('',#1740,#1739,#1498,.T.);
#2149=EDGE_CURVE('',#1740,#1711,#837,.T.);
#2150=EDGE_CURVE('',#1707,#1741,#838,.T.);
#2151=EDGE_CURVE('',#1742,#1741,#839,.T.);
#2152=EDGE_CURVE('',#1743,#1742,#840,.T.);
#2153=EDGE_CURVE('',#1739,#1743,#841,.T.);
#2154=EDGE_CURVE('',#1705,#1744,#842,.T.);
#2155=EDGE_CURVE('',#1741,#1744,#1499,.T.);
#2156=EDGE_CURVE('',#1745,#1703,#843,.T.);
#2157=EDGE_CURVE('',#1746,#1745,#844,.T.);
#2158=EDGE_CURVE('',#1747,#1746,#845,.T.);
#2159=EDGE_CURVE('',#1744,#1747,#846,.T.);
#2160=EDGE_CURVE('',#1701,#1748,#847,.T.);
#2161=EDGE_CURVE('',#1745,#1748,#1500,.T.);
#2162=EDGE_CURVE('',#1749,#1699,#848,.T.);
#2163=EDGE_CURVE('',#1748,#1749,#849,.T.);
#2164=EDGE_CURVE('',#1697,#1750,#850,.T.);
#2165=EDGE_CURVE('',#1749,#1750,#1501,.T.);
#2166=EDGE_CURVE('',#1695,#1751,#851,.T.);
#2167=EDGE_CURVE('',#1752,#1751,#852,.T.);
#2168=EDGE_CURVE('',#1753,#1752,#853,.T.);
#2169=EDGE_CURVE('',#1750,#1753,#854,.T.);
#2170=EDGE_CURVE('',#1693,#1754,#855,.T.);
#2171=EDGE_CURVE('',#1751,#1754,#1502,.T.);
#2172=EDGE_CURVE('',#1755,#1691,#856,.T.);
#2173=EDGE_CURVE('',#1756,#1755,#857,.T.);
#2174=EDGE_CURVE('',#1757,#1756,#858,.T.);
#2175=EDGE_CURVE('',#1754,#1757,#859,.T.);
#2176=EDGE_CURVE('',#1689,#1758,#860,.T.);
#2177=EDGE_CURVE('',#1755,#1758,#1503,.T.);
#2178=EDGE_CURVE('',#1759,#1687,#861,.T.);
#2179=EDGE_CURVE('',#1760,#1759,#862,.T.);
#2180=EDGE_CURVE('',#1761,#1760,#863,.T.);
#2181=EDGE_CURVE('',#1758,#1761,#864,.T.);
#2182=EDGE_CURVE('',#1683,#1762,#865,.T.);
#2183=EDGE_CURVE('',#1762,#1759,#1504,.F.);
#2184=EDGE_CURVE('',#1763,#1686,#866,.T.);
#2185=EDGE_CURVE('',#1764,#1763,#867,.T.);
#2186=EDGE_CURVE('',#1765,#1764,#868,.T.);
#2187=EDGE_CURVE('',#1762,#1765,#869,.T.);
#2188=EDGE_CURVE('',#1766,#1766,#1505,.T.);
#2189=EDGE_CURVE('',#1741,#1767,#870,.T.);
#2190=EDGE_CURVE('',#1767,#1768,#871,.T.);
#2191=EDGE_CURVE('',#1768,#1769,#872,.T.);
#2192=EDGE_CURVE('',#1769,#1742,#873,.T.);
#2193=EDGE_CURVE('',#1743,#1770,#874,.T.);
#2194=EDGE_CURVE('',#1771,#1743,#875,.T.);
#2195=EDGE_CURVE('',#1770,#1771,#876,.T.);
#2196=EDGE_CURVE('',#1769,#1771,#877,.T.);
#2197=EDGE_CURVE('',#1640,#1770,#878,.T.);
#2198=EDGE_CURVE('',#1771,#1641,#879,.T.);
#2199=EDGE_CURVE('',#1636,#1537,#880,.T.);
#2200=EDGE_CURVE('',#1537,#1772,#53,.T.);
#2201=EDGE_CURVE('',#1772,#1637,#881,.T.);
#2202=EDGE_CURVE('',#1772,#1773,#882,.T.);
#2203=EDGE_CURVE('',#1773,#1638,#883,.T.);
#2204=EDGE_CURVE('',#1773,#1740,#884,.T.);
#2205=EDGE_CURVE('',#1740,#1774,#885,.T.);
#2206=EDGE_CURVE('',#1774,#1639,#886,.T.);
#2207=EDGE_CURVE('',#1739,#1775,#887,.T.);
#2208=EDGE_CURVE('',#1775,#1774,#1506,.T.);
#2209=EDGE_CURVE('',#1770,#1775,#888,.T.);
#2210=EDGE_CURVE('',#1744,#1776,#889,.T.);
#2211=EDGE_CURVE('',#1776,#1767,#1507,.T.);
#2212=EDGE_CURVE('',#1777,#1776,#890,.T.);
#2213=EDGE_CURVE('',#1747,#1778,#891,.T.);
#2214=EDGE_CURVE('',#1778,#1777,#892,.T.);
#2215=EDGE_CURVE('',#1779,#1780,#893,.T.);
#2216=EDGE_CURVE('',#1746,#1779,#894,.T.);
#2217=EDGE_CURVE('',#1780,#1746,#895,.T.);
#2218=EDGE_CURVE('',#1779,#1778,#896,.T.);
#2219=EDGE_CURVE('',#1753,#1781,#897,.T.);
#2220=EDGE_CURVE('',#1782,#1753,#898,.T.);
#2221=EDGE_CURVE('',#1781,#1782,#899,.T.);
#2222=EDGE_CURVE('',#1751,#1783,#900,.T.);
#2223=EDGE_CURVE('',#1783,#1784,#901,.T.);
#2224=EDGE_CURVE('',#1784,#1785,#902,.T.);
#2225=EDGE_CURVE('',#1785,#1752,#903,.T.);
#2226=EDGE_CURVE('',#1754,#1786,#904,.T.);
#2227=EDGE_CURVE('',#1786,#1783,#1508,.T.);
#2228=EDGE_CURVE('',#1787,#1786,#905,.T.);
#2229=EDGE_CURVE('',#1757,#1788,#906,.T.);
#2230=EDGE_CURVE('',#1788,#1787,#907,.T.);
#2231=EDGE_CURVE('',#1760,#1585,#908,.T.);
#2232=EDGE_CURVE('',#1584,#1761,#909,.T.);
#2233=EDGE_CURVE('',#1789,#1790,#910,.T.);
#2234=EDGE_CURVE('',#1756,#1789,#911,.T.);
#2235=EDGE_CURVE('',#1790,#1756,#912,.T.);
#2236=EDGE_CURVE('',#1789,#1788,#913,.T.);
#2237=EDGE_CURVE('',#1755,#1791,#914,.T.);
#2238=EDGE_CURVE('',#1791,#1790,#915,.T.);
#2239=EDGE_CURVE('',#1758,#1792,#916,.T.);
#2240=EDGE_CURVE('',#1792,#1791,#1509,.T.);
#2241=EDGE_CURVE('',#1583,#1792,#917,.T.);
#2242=EDGE_CURVE('',#1581,#1789,#918,.T.);
#2243=EDGE_CURVE('',#1790,#1582,#919,.T.);
#2244=EDGE_CURVE('',#1541,#1586,#920,.T.);
#2245=EDGE_CURVE('',#1760,#1541,#54,.T.);
#2246=EDGE_CURVE('',#1785,#1782,#921,.T.);
#2247=EDGE_CURVE('',#1780,#1781,#922,.T.);
#2248=EDGE_CURVE('',#1782,#1779,#923,.T.);
#2249=EDGE_CURVE('',#1745,#1793,#924,.T.);
#2250=EDGE_CURVE('',#1793,#1780,#925,.T.);
#2251=EDGE_CURVE('',#1748,#1794,#926,.T.);
#2252=EDGE_CURVE('',#1794,#1793,#1510,.T.);
#2253=EDGE_CURVE('',#1749,#1795,#927,.T.);
#2254=EDGE_CURVE('',#1795,#1794,#928,.T.);
#2255=EDGE_CURVE('',#1750,#1796,#929,.T.);
#2256=EDGE_CURVE('',#1796,#1795,#1511,.T.);
#2257=EDGE_CURVE('',#1781,#1796,#930,.T.);
#2258=EDGE_CURVE('',#1587,#1540,#931,.T.);
#2259=EDGE_CURVE('',#1539,#1575,#55,.T.);
#2260=EDGE_CURVE('',#1538,#1576,#56,.T.);
#2261=EDGE_CURVE('',#1536,#1635,#932,.T.);
#2262=EDGE_CURVE('',#1797,#1772,#933,.T.);
#2263=EDGE_CURVE('',#1713,#1797,#934,.T.);
#2264=EDGE_CURVE('',#1549,#1797,#1512,.F.);
#2265=EDGE_CURVE('',#1777,#1784,#935,.T.);
#2266=EDGE_CURVE('',#1787,#1580,#936,.T.);
#2267=EDGE_CURVE('',#1798,#1799,#937,.F.);
#2268=EDGE_CURVE('',#1799,#1800,#938,.T.);
#2269=EDGE_CURVE('',#1800,#1801,#939,.T.);
#2270=EDGE_CURVE('',#1801,#1798,#940,.T.);
#2271=EDGE_CURVE('',#1802,#1803,#941,.T.);
#2272=EDGE_CURVE('',#1803,#1801,#1513,.T.);
#2273=EDGE_CURVE('',#1800,#1802,#1514,.T.);
#2274=EDGE_CURVE('',#1804,#1803,#942,.T.);
#2275=EDGE_CURVE('',#1802,#1805,#943,.T.);
#2276=EDGE_CURVE('',#1805,#1806,#944,.T.);
#2277=EDGE_CURVE('',#1806,#1804,#945,.T.);
#2278=EDGE_CURVE('',#1807,#1808,#946,.T.);
#2279=EDGE_CURVE('',#1809,#1807,#947,.T.);
#2280=EDGE_CURVE('',#1808,#1809,#948,.T.);
#2281=EDGE_CURVE('',#1805,#1809,#949,.T.);
#2282=EDGE_CURVE('',#1807,#1806,#950,.T.);
#2283=EDGE_CURVE('',#1810,#1811,#951,.T.);
#2284=EDGE_CURVE('',#1812,#1810,#952,.T.);
#2285=EDGE_CURVE('',#1811,#1812,#953,.T.);
#2286=EDGE_CURVE('',#1813,#1814,#954,.T.);
#2287=EDGE_CURVE('',#1814,#1815,#955,.T.);
#2288=EDGE_CURVE('',#1815,#1816,#956,.T.);
#2289=EDGE_CURVE('',#1816,#1817,#957,.T.);
#2290=EDGE_CURVE('',#1817,#1813,#958,.T.);
#2291=EDGE_CURVE('',#1818,#1819,#959,.T.);
#2292=EDGE_CURVE('',#1819,#1815,#1515,.T.);
#2293=EDGE_CURVE('',#1814,#1818,#1516,.T.);
#2294=EDGE_CURVE('',#1820,#1819,#960,.T.);
#2295=EDGE_CURVE('',#1818,#1821,#961,.T.);
#2296=EDGE_CURVE('',#1821,#1822,#962,.T.);
#2297=EDGE_CURVE('',#1822,#1820,#963,.T.);
#2298=EDGE_CURVE('',#1823,#1824,#964,.T.);
#2299=EDGE_CURVE('',#1824,#1671,#965,.T.);
#2300=EDGE_CURVE('',#1670,#1823,#966,.T.);
#2301=EDGE_CURVE('',#1825,#1826,#967,.T.);
#2302=EDGE_CURVE('',#1827,#1825,#968,.T.);
#2303=EDGE_CURVE('',#1826,#1827,#969,.T.);
#2304=EDGE_CURVE('',#1821,#1827,#970,.T.);
#2305=EDGE_CURVE('',#1825,#1822,#971,.T.);
#2306=EDGE_CURVE('',#1828,#1829,#972,.T.);
#2307=EDGE_CURVE('',#1829,#1826,#973,.T.);
#2308=EDGE_CURVE('',#1827,#1828,#974,.T.);
#2309=EDGE_CURVE('',#1828,#1830,#1517,.T.);
#2310=EDGE_CURVE('',#1830,#1831,#975,.T.);
#2311=EDGE_CURVE('',#1831,#1829,#1518,.T.);
#2312=EDGE_CURVE('',#1669,#1831,#976,.T.);
#2313=EDGE_CURVE('',#1830,#1823,#977,.T.);
#2314=EDGE_CURVE('',#1667,#1825,#978,.T.);
#2315=EDGE_CURVE('',#1826,#1668,#979,.T.);
#2316=EDGE_CURVE('',#1548,#1672,#980,.T.);
#2317=EDGE_CURVE('',#1824,#1548,#57,.T.);
#2318=EDGE_CURVE('',#1817,#1812,#981,.T.);
#2319=EDGE_CURVE('',#1810,#1813,#982,.T.);
#2320=EDGE_CURVE('',#1808,#1811,#983,.T.);
#2321=EDGE_CURVE('',#1812,#1807,#984,.T.);
#2322=EDGE_CURVE('',#1832,#1833,#985,.T.);
#2323=EDGE_CURVE('',#1833,#1808,#986,.T.);
#2324=EDGE_CURVE('',#1809,#1832,#987,.T.);
#2325=EDGE_CURVE('',#1832,#1834,#1519,.T.);
#2326=EDGE_CURVE('',#1834,#1835,#988,.T.);
#2327=EDGE_CURVE('',#1835,#1833,#1520,.T.);
#2328=EDGE_CURVE('',#1836,#1837,#989,.T.);
#2329=EDGE_CURVE('',#1837,#1835,#990,.T.);
#2330=EDGE_CURVE('',#1834,#1836,#991,.T.);
#2331=EDGE_CURVE('',#1836,#1838,#1521,.T.);
#2332=EDGE_CURVE('',#1838,#1839,#992,.T.);
#2333=EDGE_CURVE('',#1839,#1837,#1522,.T.);
#2334=EDGE_CURVE('',#1838,#1810,#993,.T.);
#2335=EDGE_CURVE('',#1811,#1839,#994,.T.);
#2336=EDGE_CURVE('',#1673,#1547,#995,.T.);
#2337=EDGE_CURVE('',#1546,#1674,#58,.T.);
#2338=EDGE_CURVE('',#1593,#1674,#1523,.T.);
#2339=EDGE_CURVE('',#1545,#1593,#59,.T.);
#2340=EDGE_CURVE('',#1544,#1594,#996,.T.);
#2341=EDGE_CURVE('',#1840,#1600,#997,.T.);
#2342=EDGE_CURVE('',#1599,#1841,#998,.T.);
#2343=EDGE_CURVE('',#1841,#1840,#999,.T.);
#2344=EDGE_CURVE('',#1595,#1543,#1000,.T.);
#2345=EDGE_CURVE('',#1543,#1765,#60,.T.);
#2346=EDGE_CURVE('',#1765,#1596,#1001,.T.);
#2347=EDGE_CURVE('',#1764,#1597,#1002,.T.);
#2348=EDGE_CURVE('',#1763,#1842,#1003,.T.);
#2349=EDGE_CURVE('',#1842,#1598,#1004,.T.);
#2350=EDGE_CURVE('',#1763,#1843,#1524,.T.);
#2351=EDGE_CURVE('',#1843,#1844,#1005,.T.);
#2352=EDGE_CURVE('',#1844,#1842,#1525,.T.);
#2353=EDGE_CURVE('',#1841,#1844,#1006,.T.);
#2354=EDGE_CURVE('',#1843,#1840,#1007,.T.);
#2355=EDGE_CURVE('',#1832,#1731,#1008,.T.);
#2356=EDGE_CURVE('',#1733,#1802,#1009,.T.);
#2357=EDGE_CURVE('',#1735,#1800,#1010,.T.);
#2358=EDGE_CURVE('',#1804,#1816,#1011,.T.);
#2359=EDGE_CURVE('',#1820,#1666,#1012,.T.);
#2360=EDGE_CURVE('',#1601,#1798,#1013,.T.);
#2361=EDGE_CURVE('',#1799,#1840,#1014,.T.);
#2362=EDGE_CURVE('',#1737,#1843,#1015,.T.);
#2363=EDGE_CURVE('',#1642,#1768,#1016,.T.);
#2364=EDGE_CURVE('',#1845,#1845,#1526,.T.);
#2365=EDGE_CURVE('',#1663,#1608,#1527,.T.);
#2366=EDGE_CURVE('',#1605,#1572,#1017,.T.);
#2367=EDGE_CURVE('',#1573,#1662,#1018,.T.);
#2368=EDGE_CURVE('',#1846,#1549,#1528,.F.);
#2369=EDGE_CURVE('',#1797,#1846,#1529,.F.);
#2370=EDGE_CURVE('',#1846,#1715,#1019,.T.);
#2371=EDGE_CURVE('',#1824,#1846,#1020,.T.);
#2372=EDGE_CURVE('',#1717,#1830,#1021,.T.);
#2373=EDGE_CURVE('',#1759,#1542,#1530,.F.);
#2374=EDGE_CURVE('',#1542,#1762,#1531,.F.);
#2375=EDGE_CURVE('',#1729,#1834,#1022,.T.);
#2376=EDGE_CURVE('',#1836,#1727,#1023,.T.);
#2377=EDGE_CURVE('',#1725,#1838,#1024,.T.);
#2378=EDGE_CURVE('',#1828,#1719,#1025,.T.);
#2379=EDGE_CURVE('',#1721,#1818,#1026,.T.);
#2380=EDGE_CURVE('',#1723,#1814,#1027,.T.);
#2381=EDGE_CURVE('',#1845,#1766,#1028,.T.);
#2382=ORIENTED_EDGE('',*,*,#1847,.T.);
#2383=ORIENTED_EDGE('',*,*,#1848,.T.);
#2384=ORIENTED_EDGE('',*,*,#1849,.T.);
#2385=ORIENTED_EDGE('',*,*,#1848,.F.);
#2386=ORIENTED_EDGE('',*,*,#1850,.F.);
#2387=ORIENTED_EDGE('',*,*,#1851,.F.);
#2388=ORIENTED_EDGE('',*,*,#1852,.T.);
#2389=ORIENTED_EDGE('',*,*,#1847,.F.);
#2390=ORIENTED_EDGE('',*,*,#1852,.F.);
#2391=ORIENTED_EDGE('',*,*,#1853,.F.);
#2392=ORIENTED_EDGE('',*,*,#1854,.F.);
#2393=ORIENTED_EDGE('',*,*,#1855,.F.);
#2394=ORIENTED_EDGE('',*,*,#1856,.F.);
#2395=ORIENTED_EDGE('',*,*,#1857,.F.);
#2396=ORIENTED_EDGE('',*,*,#1858,.F.);
#2397=ORIENTED_EDGE('',*,*,#1859,.F.);
#2398=ORIENTED_EDGE('',*,*,#1860,.F.);
#2399=ORIENTED_EDGE('',*,*,#1861,.F.);
#2400=ORIENTED_EDGE('',*,*,#1862,.F.);
#2401=ORIENTED_EDGE('',*,*,#1863,.F.);
#2402=ORIENTED_EDGE('',*,*,#1864,.F.);
#2403=ORIENTED_EDGE('',*,*,#1865,.F.);
#2404=ORIENTED_EDGE('',*,*,#1866,.F.);
#2405=ORIENTED_EDGE('',*,*,#1849,.F.);
#2406=ORIENTED_EDGE('',*,*,#1867,.T.);
#2407=ORIENTED_EDGE('',*,*,#1868,.T.);
#2408=ORIENTED_EDGE('',*,*,#1850,.T.);
#2409=ORIENTED_EDGE('',*,*,#1851,.T.);
#2410=ORIENTED_EDGE('',*,*,#1868,.F.);
#2411=ORIENTED_EDGE('',*,*,#1869,.F.);
#2412=ORIENTED_EDGE('',*,*,#1870,.F.);
#2413=ORIENTED_EDGE('',*,*,#1871,.F.);
#2414=ORIENTED_EDGE('',*,*,#1872,.F.);
#2415=ORIENTED_EDGE('',*,*,#1873,.F.);
#2416=ORIENTED_EDGE('',*,*,#1874,.F.);
#2417=ORIENTED_EDGE('',*,*,#1875,.F.);
#2418=ORIENTED_EDGE('',*,*,#1876,.F.);
#2419=ORIENTED_EDGE('',*,*,#1877,.F.);
#2420=ORIENTED_EDGE('',*,*,#1878,.F.);
#2421=ORIENTED_EDGE('',*,*,#1879,.F.);
#2422=ORIENTED_EDGE('',*,*,#1880,.F.);
#2423=ORIENTED_EDGE('',*,*,#1867,.F.);
#2424=ORIENTED_EDGE('',*,*,#1881,.T.);
#2425=ORIENTED_EDGE('',*,*,#1882,.T.);
#2426=ORIENTED_EDGE('',*,*,#1875,.T.);
#2427=ORIENTED_EDGE('',*,*,#1883,.T.);
#2428=ORIENTED_EDGE('',*,*,#1874,.T.);
#2429=ORIENTED_EDGE('',*,*,#1884,.T.);
#2430=ORIENTED_EDGE('',*,*,#1885,.T.);
#2431=ORIENTED_EDGE('',*,*,#1883,.F.);
#2432=ORIENTED_EDGE('',*,*,#1886,.T.);
#2433=ORIENTED_EDGE('',*,*,#1887,.T.);
#2434=ORIENTED_EDGE('',*,*,#1869,.T.);
#2435=ORIENTED_EDGE('',*,*,#1888,.T.);
#2436=ORIENTED_EDGE('',*,*,#1887,.F.);
#2437=ORIENTED_EDGE('',*,*,#1889,.T.);
#2438=ORIENTED_EDGE('',*,*,#1890,.T.);
#2439=ORIENTED_EDGE('',*,*,#1870,.T.);
#2440=ORIENTED_EDGE('',*,*,#1891,.T.);
#2441=ORIENTED_EDGE('',*,*,#1871,.T.);
#2442=ORIENTED_EDGE('',*,*,#1890,.F.);
#2443=ORIENTED_EDGE('',*,*,#1892,.T.);
#2444=ORIENTED_EDGE('',*,*,#1891,.F.);
#2445=ORIENTED_EDGE('',*,*,#1893,.T.);
#2446=ORIENTED_EDGE('',*,*,#1894,.T.);
#2447=ORIENTED_EDGE('',*,*,#1872,.T.);
#2448=ORIENTED_EDGE('',*,*,#1873,.T.);
#2449=ORIENTED_EDGE('',*,*,#1894,.F.);
#2450=ORIENTED_EDGE('',*,*,#1895,.T.);
#2451=ORIENTED_EDGE('',*,*,#1884,.F.);
#2452=ORIENTED_EDGE('',*,*,#1896,.T.);
#2453=ORIENTED_EDGE('',*,*,#1888,.F.);
#2454=ORIENTED_EDGE('',*,*,#1880,.T.);
#2455=ORIENTED_EDGE('',*,*,#1897,.T.);
#2456=ORIENTED_EDGE('',*,*,#1882,.F.);
#2457=ORIENTED_EDGE('',*,*,#1898,.T.);
#2458=ORIENTED_EDGE('',*,*,#1899,.T.);
#2459=ORIENTED_EDGE('',*,*,#1876,.T.);
#2460=ORIENTED_EDGE('',*,*,#1900,.T.);
#2461=ORIENTED_EDGE('',*,*,#1877,.T.);
#2462=ORIENTED_EDGE('',*,*,#1899,.F.);
#2463=ORIENTED_EDGE('',*,*,#1901,.T.);
#2464=ORIENTED_EDGE('',*,*,#1900,.F.);
#2465=ORIENTED_EDGE('',*,*,#1902,.T.);
#2466=ORIENTED_EDGE('',*,*,#1903,.T.);
#2467=ORIENTED_EDGE('',*,*,#1878,.T.);
#2468=ORIENTED_EDGE('',*,*,#1879,.T.);
#2469=ORIENTED_EDGE('',*,*,#1903,.F.);
#2470=ORIENTED_EDGE('',*,*,#1904,.T.);
#2471=ORIENTED_EDGE('',*,*,#1897,.F.);
#2472=ORIENTED_EDGE('',*,*,#1885,.F.);
#2473=ORIENTED_EDGE('',*,*,#1905,.F.);
#2474=ORIENTED_EDGE('',*,*,#1906,.F.);
#2475=ORIENTED_EDGE('',*,*,#1907,.T.);
#2476=ORIENTED_EDGE('',*,*,#1895,.F.);
#2477=ORIENTED_EDGE('',*,*,#1908,.F.);
#2478=ORIENTED_EDGE('',*,*,#1909,.F.);
#2479=ORIENTED_EDGE('',*,*,#1910,.F.);
#2480=ORIENTED_EDGE('',*,*,#1911,.F.);
#2481=ORIENTED_EDGE('',*,*,#1912,.T.);
#2482=ORIENTED_EDGE('',*,*,#1913,.F.);
#2483=ORIENTED_EDGE('',*,*,#1914,.T.);
#2484=ORIENTED_EDGE('',*,*,#1915,.F.);
#2485=ORIENTED_EDGE('',*,*,#1916,.F.);
#2486=ORIENTED_EDGE('',*,*,#1917,.F.);
#2487=ORIENTED_EDGE('',*,*,#1918,.F.);
#2488=ORIENTED_EDGE('',*,*,#1919,.F.);
#2489=ORIENTED_EDGE('',*,*,#1905,.T.);
#2490=ORIENTED_EDGE('',*,*,#1893,.F.);
#2491=ORIENTED_EDGE('',*,*,#1920,.T.);
#2492=ORIENTED_EDGE('',*,*,#1921,.F.);
#2493=ORIENTED_EDGE('',*,*,#1908,.T.);
#2494=ORIENTED_EDGE('',*,*,#1892,.F.);
#2495=ORIENTED_EDGE('',*,*,#1922,.F.);
#2496=ORIENTED_EDGE('',*,*,#1923,.T.);
#2497=ORIENTED_EDGE('',*,*,#1924,.F.);
#2498=ORIENTED_EDGE('',*,*,#1925,.F.);
#2499=ORIENTED_EDGE('',*,*,#1920,.F.);
#2500=ORIENTED_EDGE('',*,*,#1889,.F.);
#2501=ORIENTED_EDGE('',*,*,#1926,.F.);
#2502=ORIENTED_EDGE('',*,*,#1927,.T.);
#2503=ORIENTED_EDGE('',*,*,#1922,.T.);
#2504=ORIENTED_EDGE('',*,*,#1886,.F.);
#2505=ORIENTED_EDGE('',*,*,#1928,.F.);
#2506=ORIENTED_EDGE('',*,*,#1929,.F.);
#2507=ORIENTED_EDGE('',*,*,#1930,.F.);
#2508=ORIENTED_EDGE('',*,*,#1931,.F.);
#2509=ORIENTED_EDGE('',*,*,#1932,.F.);
#2510=ORIENTED_EDGE('',*,*,#1933,.F.);
#2511=ORIENTED_EDGE('',*,*,#1934,.T.);
#2512=ORIENTED_EDGE('',*,*,#1935,.F.);
#2513=ORIENTED_EDGE('',*,*,#1936,.T.);
#2514=ORIENTED_EDGE('',*,*,#1937,.F.);
#2515=ORIENTED_EDGE('',*,*,#1938,.F.);
#2516=ORIENTED_EDGE('',*,*,#1939,.F.);
#2517=ORIENTED_EDGE('',*,*,#1926,.T.);
#2518=ORIENTED_EDGE('',*,*,#1940,.F.);
#2519=ORIENTED_EDGE('',*,*,#1941,.T.);
#2520=ORIENTED_EDGE('',*,*,#1942,.T.);
#2521=ORIENTED_EDGE('',*,*,#1943,.T.);
#2522=ORIENTED_EDGE('',*,*,#1944,.F.);
#2523=ORIENTED_EDGE('',*,*,#1942,.F.);
#2524=ORIENTED_EDGE('',*,*,#1945,.T.);
#2525=ORIENTED_EDGE('',*,*,#1946,.T.);
#2526=ORIENTED_EDGE('',*,*,#1947,.T.);
#2527=ORIENTED_EDGE('',*,*,#1948,.T.);
#2528=ORIENTED_EDGE('',*,*,#1949,.T.);
#2529=ORIENTED_EDGE('',*,*,#1946,.F.);
#2530=ORIENTED_EDGE('',*,*,#1950,.T.);
#2531=ORIENTED_EDGE('',*,*,#1948,.F.);
#2532=ORIENTED_EDGE('',*,*,#1951,.T.);
#2533=ORIENTED_EDGE('',*,*,#1952,.T.);
#2534=ORIENTED_EDGE('',*,*,#1953,.T.);
#2535=ORIENTED_EDGE('',*,*,#1954,.T.);
#2536=ORIENTED_EDGE('',*,*,#1955,.T.);
#2537=ORIENTED_EDGE('',*,*,#1952,.F.);
#2538=ORIENTED_EDGE('',*,*,#1956,.T.);
#2539=ORIENTED_EDGE('',*,*,#1954,.F.);
#2540=ORIENTED_EDGE('',*,*,#1957,.T.);
#2541=ORIENTED_EDGE('',*,*,#1958,.T.);
#2542=ORIENTED_EDGE('',*,*,#1959,.T.);
#2543=ORIENTED_EDGE('',*,*,#1960,.T.);
#2544=ORIENTED_EDGE('',*,*,#1961,.T.);
#2545=ORIENTED_EDGE('',*,*,#1958,.F.);
#2546=ORIENTED_EDGE('',*,*,#1962,.T.);
#2547=ORIENTED_EDGE('',*,*,#1960,.F.);
#2548=ORIENTED_EDGE('',*,*,#1963,.T.);
#2549=ORIENTED_EDGE('',*,*,#1964,.T.);
#2550=ORIENTED_EDGE('',*,*,#1965,.T.);
#2551=ORIENTED_EDGE('',*,*,#1966,.T.);
#2552=ORIENTED_EDGE('',*,*,#1967,.T.);
#2553=ORIENTED_EDGE('',*,*,#1964,.F.);
#2554=ORIENTED_EDGE('',*,*,#1968,.T.);
#2555=ORIENTED_EDGE('',*,*,#1966,.F.);
#2556=ORIENTED_EDGE('',*,*,#1969,.T.);
#2557=ORIENTED_EDGE('',*,*,#1970,.T.);
#2558=ORIENTED_EDGE('',*,*,#1971,.T.);
#2559=ORIENTED_EDGE('',*,*,#1925,.T.);
#2560=ORIENTED_EDGE('',*,*,#1972,.T.);
#2561=ORIENTED_EDGE('',*,*,#1970,.F.);
#2562=ORIENTED_EDGE('',*,*,#1909,.T.);
#2563=ORIENTED_EDGE('',*,*,#1921,.T.);
#2564=ORIENTED_EDGE('',*,*,#1969,.F.);
#2565=ORIENTED_EDGE('',*,*,#1973,.T.);
#2566=ORIENTED_EDGE('',*,*,#1974,.F.);
#2567=ORIENTED_EDGE('',*,*,#1910,.T.);
#2568=ORIENTED_EDGE('',*,*,#1968,.F.);
#2569=ORIENTED_EDGE('',*,*,#1975,.F.);
#2570=ORIENTED_EDGE('',*,*,#1976,.F.);
#2571=ORIENTED_EDGE('',*,*,#1973,.F.);
#2572=ORIENTED_EDGE('',*,*,#1963,.F.);
#2573=ORIENTED_EDGE('',*,*,#1977,.T.);
#2574=ORIENTED_EDGE('',*,*,#1978,.F.);
#2575=ORIENTED_EDGE('',*,*,#1975,.T.);
#2576=ORIENTED_EDGE('',*,*,#1962,.F.);
#2577=ORIENTED_EDGE('',*,*,#1979,.F.);
#2578=ORIENTED_EDGE('',*,*,#1980,.F.);
#2579=ORIENTED_EDGE('',*,*,#1977,.F.);
#2580=ORIENTED_EDGE('',*,*,#1957,.F.);
#2581=ORIENTED_EDGE('',*,*,#1981,.T.);
#2582=ORIENTED_EDGE('',*,*,#1982,.F.);
#2583=ORIENTED_EDGE('',*,*,#1979,.T.);
#2584=ORIENTED_EDGE('',*,*,#1956,.F.);
#2585=ORIENTED_EDGE('',*,*,#1983,.F.);
#2586=ORIENTED_EDGE('',*,*,#1984,.F.);
#2587=ORIENTED_EDGE('',*,*,#1981,.F.);
#2588=ORIENTED_EDGE('',*,*,#1951,.F.);
#2589=ORIENTED_EDGE('',*,*,#1985,.T.);
#2590=ORIENTED_EDGE('',*,*,#1986,.T.);
#2591=ORIENTED_EDGE('',*,*,#1983,.T.);
#2592=ORIENTED_EDGE('',*,*,#1950,.F.);
#2593=ORIENTED_EDGE('',*,*,#1987,.F.);
#2594=ORIENTED_EDGE('',*,*,#1988,.F.);
#2595=ORIENTED_EDGE('',*,*,#1985,.F.);
#2596=ORIENTED_EDGE('',*,*,#1945,.F.);
#2597=ORIENTED_EDGE('',*,*,#1989,.T.);
#2598=ORIENTED_EDGE('',*,*,#1990,.F.);
#2599=ORIENTED_EDGE('',*,*,#1987,.T.);
#2600=ORIENTED_EDGE('',*,*,#1881,.F.);
#2601=ORIENTED_EDGE('',*,*,#1907,.F.);
#2602=ORIENTED_EDGE('',*,*,#1991,.F.);
#2603=ORIENTED_EDGE('',*,*,#1992,.F.);
#2604=ORIENTED_EDGE('',*,*,#1993,.F.);
#2605=ORIENTED_EDGE('',*,*,#1994,.F.);
#2606=ORIENTED_EDGE('',*,*,#1995,.F.);
#2607=ORIENTED_EDGE('',*,*,#1996,.T.);
#2608=ORIENTED_EDGE('',*,*,#1997,.F.);
#2609=ORIENTED_EDGE('',*,*,#1998,.T.);
#2610=ORIENTED_EDGE('',*,*,#1999,.F.);
#2611=ORIENTED_EDGE('',*,*,#1989,.F.);
#2612=ORIENTED_EDGE('',*,*,#1941,.F.);
#2613=ORIENTED_EDGE('',*,*,#2000,.T.);
#2614=ORIENTED_EDGE('',*,*,#1927,.F.);
#2615=ORIENTED_EDGE('',*,*,#1939,.T.);
#2616=ORIENTED_EDGE('',*,*,#2001,.T.);
#2617=ORIENTED_EDGE('',*,*,#2002,.T.);
#2618=ORIENTED_EDGE('',*,*,#1923,.F.);
#2619=ORIENTED_EDGE('',*,*,#2001,.F.);
#2620=ORIENTED_EDGE('',*,*,#2003,.T.);
#2621=ORIENTED_EDGE('',*,*,#2004,.T.);
#2622=ORIENTED_EDGE('',*,*,#2005,.T.);
#2623=ORIENTED_EDGE('',*,*,#2006,.T.);
#2624=ORIENTED_EDGE('',*,*,#2007,.T.);
#2625=ORIENTED_EDGE('',*,*,#2004,.F.);
#2626=ORIENTED_EDGE('',*,*,#2008,.T.);
#2627=ORIENTED_EDGE('',*,*,#2006,.F.);
#2628=ORIENTED_EDGE('',*,*,#2009,.T.);
#2629=ORIENTED_EDGE('',*,*,#2010,.T.);
#2630=ORIENTED_EDGE('',*,*,#2011,.T.);
#2631=ORIENTED_EDGE('',*,*,#2012,.T.);
#2632=ORIENTED_EDGE('',*,*,#2013,.T.);
#2633=ORIENTED_EDGE('',*,*,#2010,.F.);
#2634=ORIENTED_EDGE('',*,*,#2014,.T.);
#2635=ORIENTED_EDGE('',*,*,#2012,.F.);
#2636=ORIENTED_EDGE('',*,*,#2015,.T.);
#2637=ORIENTED_EDGE('',*,*,#2016,.T.);
#2638=ORIENTED_EDGE('',*,*,#2017,.T.);
#2639=ORIENTED_EDGE('',*,*,#2018,.T.);
#2640=ORIENTED_EDGE('',*,*,#2019,.T.);
#2641=ORIENTED_EDGE('',*,*,#2016,.F.);
#2642=ORIENTED_EDGE('',*,*,#2020,.T.);
#2643=ORIENTED_EDGE('',*,*,#2018,.F.);
#2644=ORIENTED_EDGE('',*,*,#2021,.T.);
#2645=ORIENTED_EDGE('',*,*,#2022,.T.);
#2646=ORIENTED_EDGE('',*,*,#2023,.T.);
#2647=ORIENTED_EDGE('',*,*,#2024,.T.);
#2648=ORIENTED_EDGE('',*,*,#2025,.T.);
#2649=ORIENTED_EDGE('',*,*,#2022,.F.);
#2650=ORIENTED_EDGE('',*,*,#2026,.T.);
#2651=ORIENTED_EDGE('',*,*,#2024,.F.);
#2652=ORIENTED_EDGE('',*,*,#2027,.T.);
#2653=ORIENTED_EDGE('',*,*,#2028,.T.);
#2654=ORIENTED_EDGE('',*,*,#2029,.T.);
#2655=ORIENTED_EDGE('',*,*,#2030,.T.);
#2656=ORIENTED_EDGE('',*,*,#2031,.T.);
#2657=ORIENTED_EDGE('',*,*,#2028,.F.);
#2658=ORIENTED_EDGE('',*,*,#2032,.T.);
#2659=ORIENTED_EDGE('',*,*,#2033,.T.);
#2660=ORIENTED_EDGE('',*,*,#1904,.F.);
#2661=ORIENTED_EDGE('',*,*,#2034,.F.);
#2662=ORIENTED_EDGE('',*,*,#2032,.F.);
#2663=ORIENTED_EDGE('',*,*,#2035,.F.);
#2664=ORIENTED_EDGE('',*,*,#2036,.F.);
#2665=ORIENTED_EDGE('',*,*,#2037,.T.);
#2666=ORIENTED_EDGE('',*,*,#2038,.F.);
#2667=ORIENTED_EDGE('',*,*,#2039,.T.);
#2668=ORIENTED_EDGE('',*,*,#2040,.F.);
#2669=ORIENTED_EDGE('',*,*,#2041,.F.);
#2670=ORIENTED_EDGE('',*,*,#2042,.F.);
#2671=ORIENTED_EDGE('',*,*,#2043,.F.);
#2672=ORIENTED_EDGE('',*,*,#2044,.F.);
#2673=ORIENTED_EDGE('',*,*,#2045,.T.);
#2674=ORIENTED_EDGE('',*,*,#2027,.F.);
#2675=ORIENTED_EDGE('',*,*,#2046,.T.);
#2676=ORIENTED_EDGE('',*,*,#2047,.F.);
#2677=ORIENTED_EDGE('',*,*,#2035,.T.);
#2678=ORIENTED_EDGE('',*,*,#2026,.F.);
#2679=ORIENTED_EDGE('',*,*,#2048,.F.);
#2680=ORIENTED_EDGE('',*,*,#2049,.F.);
#2681=ORIENTED_EDGE('',*,*,#2046,.F.);
#2682=ORIENTED_EDGE('',*,*,#2021,.F.);
#2683=ORIENTED_EDGE('',*,*,#2050,.T.);
#2684=ORIENTED_EDGE('',*,*,#2051,.F.);
#2685=ORIENTED_EDGE('',*,*,#2048,.T.);
#2686=ORIENTED_EDGE('',*,*,#2020,.F.);
#2687=ORIENTED_EDGE('',*,*,#2052,.F.);
#2688=ORIENTED_EDGE('',*,*,#2053,.F.);
#2689=ORIENTED_EDGE('',*,*,#2050,.F.);
#2690=ORIENTED_EDGE('',*,*,#2015,.F.);
#2691=ORIENTED_EDGE('',*,*,#2054,.T.);
#2692=ORIENTED_EDGE('',*,*,#2055,.F.);
#2693=ORIENTED_EDGE('',*,*,#2052,.T.);
#2694=ORIENTED_EDGE('',*,*,#2014,.F.);
#2695=ORIENTED_EDGE('',*,*,#2056,.F.);
#2696=ORIENTED_EDGE('',*,*,#2057,.F.);
#2697=ORIENTED_EDGE('',*,*,#2054,.F.);
#2698=ORIENTED_EDGE('',*,*,#2009,.F.);
#2699=ORIENTED_EDGE('',*,*,#2058,.T.);
#2700=ORIENTED_EDGE('',*,*,#2059,.T.);
#2701=ORIENTED_EDGE('',*,*,#2056,.T.);
#2702=ORIENTED_EDGE('',*,*,#2008,.F.);
#2703=ORIENTED_EDGE('',*,*,#2060,.F.);
#2704=ORIENTED_EDGE('',*,*,#2061,.F.);
#2705=ORIENTED_EDGE('',*,*,#2058,.F.);
#2706=ORIENTED_EDGE('',*,*,#2003,.F.);
#2707=ORIENTED_EDGE('',*,*,#1938,.T.);
#2708=ORIENTED_EDGE('',*,*,#2062,.F.);
#2709=ORIENTED_EDGE('',*,*,#2060,.T.);
#2710=ORIENTED_EDGE('',*,*,#2063,.T.);
#2711=ORIENTED_EDGE('',*,*,#2064,.T.);
#2712=ORIENTED_EDGE('',*,*,#2065,.T.);
#2713=ORIENTED_EDGE('',*,*,#2066,.T.);
#2714=ORIENTED_EDGE('',*,*,#2063,.F.);
#2715=ORIENTED_EDGE('',*,*,#2067,.T.);
#2716=ORIENTED_EDGE('',*,*,#2068,.T.);
#2717=ORIENTED_EDGE('',*,*,#2069,.T.);
#2718=ORIENTED_EDGE('',*,*,#2070,.T.);
#2719=ORIENTED_EDGE('',*,*,#2071,.T.);
#2720=ORIENTED_EDGE('',*,*,#2068,.F.);
#2721=ORIENTED_EDGE('',*,*,#2072,.T.);
#2722=ORIENTED_EDGE('',*,*,#2070,.F.);
#2723=ORIENTED_EDGE('',*,*,#2073,.T.);
#2724=ORIENTED_EDGE('',*,*,#2074,.T.);
#2725=ORIENTED_EDGE('',*,*,#2075,.T.);
#2726=ORIENTED_EDGE('',*,*,#2076,.T.);
#2727=ORIENTED_EDGE('',*,*,#2077,.T.);
#2728=ORIENTED_EDGE('',*,*,#2074,.F.);
#2729=ORIENTED_EDGE('',*,*,#2078,.T.);
#2730=ORIENTED_EDGE('',*,*,#2079,.T.);
#2731=ORIENTED_EDGE('',*,*,#2080,.T.);
#2732=ORIENTED_EDGE('',*,*,#2076,.F.);
#2733=ORIENTED_EDGE('',*,*,#2081,.T.);
#2734=ORIENTED_EDGE('',*,*,#2082,.T.);
#2735=ORIENTED_EDGE('',*,*,#2083,.T.);
#2736=ORIENTED_EDGE('',*,*,#2079,.F.);
#2737=ORIENTED_EDGE('',*,*,#2084,.T.);
#2738=ORIENTED_EDGE('',*,*,#2082,.F.);
#2739=ORIENTED_EDGE('',*,*,#2085,.T.);
#2740=ORIENTED_EDGE('',*,*,#2086,.T.);
#2741=ORIENTED_EDGE('',*,*,#2087,.T.);
#2742=ORIENTED_EDGE('',*,*,#2088,.T.);
#2743=ORIENTED_EDGE('',*,*,#2089,.T.);
#2744=ORIENTED_EDGE('',*,*,#2086,.F.);
#2745=ORIENTED_EDGE('',*,*,#2090,.T.);
#2746=ORIENTED_EDGE('',*,*,#2088,.F.);
#2747=ORIENTED_EDGE('',*,*,#2091,.T.);
#2748=ORIENTED_EDGE('',*,*,#2092,.T.);
#2749=ORIENTED_EDGE('',*,*,#2093,.T.);
#2750=ORIENTED_EDGE('',*,*,#2094,.T.);
#2751=ORIENTED_EDGE('',*,*,#2095,.T.);
#2752=ORIENTED_EDGE('',*,*,#2092,.F.);
#2753=ORIENTED_EDGE('',*,*,#2096,.T.);
#2754=ORIENTED_EDGE('',*,*,#2097,.T.);
#2755=ORIENTED_EDGE('',*,*,#2098,.T.);
#2756=ORIENTED_EDGE('',*,*,#2094,.F.);
#2757=ORIENTED_EDGE('',*,*,#2099,.T.);
#2758=ORIENTED_EDGE('',*,*,#2100,.T.);
#2759=ORIENTED_EDGE('',*,*,#2101,.T.);
#2760=ORIENTED_EDGE('',*,*,#2097,.F.);
#2761=ORIENTED_EDGE('',*,*,#2102,.T.);
#2762=ORIENTED_EDGE('',*,*,#2100,.F.);
#2763=ORIENTED_EDGE('',*,*,#2103,.T.);
#2764=ORIENTED_EDGE('',*,*,#2104,.T.);
#2765=ORIENTED_EDGE('',*,*,#2105,.T.);
#2766=ORIENTED_EDGE('',*,*,#2106,.T.);
#2767=ORIENTED_EDGE('',*,*,#2107,.T.);
#2768=ORIENTED_EDGE('',*,*,#2104,.F.);
#2769=ORIENTED_EDGE('',*,*,#2108,.T.);
#2770=ORIENTED_EDGE('',*,*,#2106,.F.);
#2771=ORIENTED_EDGE('',*,*,#2109,.T.);
#2772=ORIENTED_EDGE('',*,*,#2110,.T.);
#2773=ORIENTED_EDGE('',*,*,#2111,.T.);
#2774=ORIENTED_EDGE('',*,*,#2112,.T.);
#2775=ORIENTED_EDGE('',*,*,#2113,.T.);
#2776=ORIENTED_EDGE('',*,*,#2110,.F.);
#2777=ORIENTED_EDGE('',*,*,#2114,.T.);
#2778=ORIENTED_EDGE('',*,*,#2112,.F.);
#2779=ORIENTED_EDGE('',*,*,#2115,.T.);
#2780=ORIENTED_EDGE('',*,*,#2116,.T.);
#2781=ORIENTED_EDGE('',*,*,#2117,.T.);
#2782=ORIENTED_EDGE('',*,*,#2118,.T.);
#2783=ORIENTED_EDGE('',*,*,#2119,.T.);
#2784=ORIENTED_EDGE('',*,*,#2116,.F.);
#2785=ORIENTED_EDGE('',*,*,#2120,.T.);
#2786=ORIENTED_EDGE('',*,*,#2121,.T.);
#2787=ORIENTED_EDGE('',*,*,#2122,.T.);
#2788=ORIENTED_EDGE('',*,*,#2118,.F.);
#2789=ORIENTED_EDGE('',*,*,#2123,.T.);
#2790=ORIENTED_EDGE('',*,*,#2124,.T.);
#2791=ORIENTED_EDGE('',*,*,#2125,.T.);
#2792=ORIENTED_EDGE('',*,*,#2121,.F.);
#2793=ORIENTED_EDGE('',*,*,#2126,.T.);
#2794=ORIENTED_EDGE('',*,*,#2124,.F.);
#2795=ORIENTED_EDGE('',*,*,#2127,.T.);
#2796=ORIENTED_EDGE('',*,*,#2128,.T.);
#2797=ORIENTED_EDGE('',*,*,#2129,.T.);
#2798=ORIENTED_EDGE('',*,*,#2130,.T.);
#2799=ORIENTED_EDGE('',*,*,#2131,.T.);
#2800=ORIENTED_EDGE('',*,*,#2128,.F.);
#2801=ORIENTED_EDGE('',*,*,#2132,.T.);
#2802=ORIENTED_EDGE('',*,*,#2130,.F.);
#2803=ORIENTED_EDGE('',*,*,#2133,.T.);
#2804=ORIENTED_EDGE('',*,*,#2134,.T.);
#2805=ORIENTED_EDGE('',*,*,#2135,.T.);
#2806=ORIENTED_EDGE('',*,*,#2136,.T.);
#2807=ORIENTED_EDGE('',*,*,#2137,.T.);
#2808=ORIENTED_EDGE('',*,*,#2134,.F.);
#2809=ORIENTED_EDGE('',*,*,#2138,.T.);
#2810=ORIENTED_EDGE('',*,*,#2139,.T.);
#2811=ORIENTED_EDGE('',*,*,#2140,.T.);
#2812=ORIENTED_EDGE('',*,*,#2136,.F.);
#2813=ORIENTED_EDGE('',*,*,#2141,.T.);
#2814=ORIENTED_EDGE('',*,*,#2142,.T.);
#2815=ORIENTED_EDGE('',*,*,#2143,.T.);
#2816=ORIENTED_EDGE('',*,*,#2139,.F.);
#2817=ORIENTED_EDGE('',*,*,#2144,.T.);
#2818=ORIENTED_EDGE('',*,*,#2142,.F.);
#2819=ORIENTED_EDGE('',*,*,#2145,.T.);
#2820=ORIENTED_EDGE('',*,*,#2065,.F.);
#2821=ORIENTED_EDGE('',*,*,#2146,.T.);
#2822=ORIENTED_EDGE('',*,*,#2103,.F.);
#2823=ORIENTED_EDGE('',*,*,#2147,.T.);
#2824=ORIENTED_EDGE('',*,*,#2148,.F.);
#2825=ORIENTED_EDGE('',*,*,#2149,.T.);
#2826=ORIENTED_EDGE('',*,*,#2102,.F.);
#2827=ORIENTED_EDGE('',*,*,#2150,.T.);
#2828=ORIENTED_EDGE('',*,*,#2151,.F.);
#2829=ORIENTED_EDGE('',*,*,#2152,.F.);
#2830=ORIENTED_EDGE('',*,*,#2153,.F.);
#2831=ORIENTED_EDGE('',*,*,#2147,.F.);
#2832=ORIENTED_EDGE('',*,*,#2099,.F.);
#2833=ORIENTED_EDGE('',*,*,#2154,.T.);
#2834=ORIENTED_EDGE('',*,*,#2155,.F.);
#2835=ORIENTED_EDGE('',*,*,#2150,.F.);
#2836=ORIENTED_EDGE('',*,*,#2096,.F.);
#2837=ORIENTED_EDGE('',*,*,#2156,.F.);
#2838=ORIENTED_EDGE('',*,*,#2157,.F.);
#2839=ORIENTED_EDGE('',*,*,#2158,.F.);
#2840=ORIENTED_EDGE('',*,*,#2159,.F.);
#2841=ORIENTED_EDGE('',*,*,#2154,.F.);
#2842=ORIENTED_EDGE('',*,*,#2091,.F.);
#2843=ORIENTED_EDGE('',*,*,#2160,.T.);
#2844=ORIENTED_EDGE('',*,*,#2161,.F.);
#2845=ORIENTED_EDGE('',*,*,#2156,.T.);
#2846=ORIENTED_EDGE('',*,*,#2090,.F.);
#2847=ORIENTED_EDGE('',*,*,#2162,.F.);
#2848=ORIENTED_EDGE('',*,*,#2163,.F.);
#2849=ORIENTED_EDGE('',*,*,#2160,.F.);
#2850=ORIENTED_EDGE('',*,*,#2085,.F.);
#2851=ORIENTED_EDGE('',*,*,#2164,.T.);
#2852=ORIENTED_EDGE('',*,*,#2165,.F.);
#2853=ORIENTED_EDGE('',*,*,#2162,.T.);
#2854=ORIENTED_EDGE('',*,*,#2084,.F.);
#2855=ORIENTED_EDGE('',*,*,#2166,.T.);
#2856=ORIENTED_EDGE('',*,*,#2167,.F.);
#2857=ORIENTED_EDGE('',*,*,#2168,.F.);
#2858=ORIENTED_EDGE('',*,*,#2169,.F.);
#2859=ORIENTED_EDGE('',*,*,#2164,.F.);
#2860=ORIENTED_EDGE('',*,*,#2081,.F.);
#2861=ORIENTED_EDGE('',*,*,#2170,.T.);
#2862=ORIENTED_EDGE('',*,*,#2171,.F.);
#2863=ORIENTED_EDGE('',*,*,#2166,.F.);
#2864=ORIENTED_EDGE('',*,*,#2078,.F.);
#2865=ORIENTED_EDGE('',*,*,#2172,.F.);
#2866=ORIENTED_EDGE('',*,*,#2173,.F.);
#2867=ORIENTED_EDGE('',*,*,#2174,.F.);
#2868=ORIENTED_EDGE('',*,*,#2175,.F.);
#2869=ORIENTED_EDGE('',*,*,#2170,.F.);
#2870=ORIENTED_EDGE('',*,*,#2073,.F.);
#2871=ORIENTED_EDGE('',*,*,#2176,.T.);
#2872=ORIENTED_EDGE('',*,*,#2177,.F.);
#2873=ORIENTED_EDGE('',*,*,#2172,.T.);
#2874=ORIENTED_EDGE('',*,*,#2072,.F.);
#2875=ORIENTED_EDGE('',*,*,#2178,.F.);
#2876=ORIENTED_EDGE('',*,*,#2179,.F.);
#2877=ORIENTED_EDGE('',*,*,#2180,.F.);
#2878=ORIENTED_EDGE('',*,*,#2181,.F.);
#2879=ORIENTED_EDGE('',*,*,#2176,.F.);
#2880=ORIENTED_EDGE('',*,*,#2067,.F.);
#2881=ORIENTED_EDGE('',*,*,#2182,.T.);
#2882=ORIENTED_EDGE('',*,*,#2183,.T.);
#2883=ORIENTED_EDGE('',*,*,#2178,.T.);
#2884=ORIENTED_EDGE('',*,*,#2066,.F.);
#2885=ORIENTED_EDGE('',*,*,#2184,.F.);
#2886=ORIENTED_EDGE('',*,*,#2185,.F.);
#2887=ORIENTED_EDGE('',*,*,#2186,.F.);
#2888=ORIENTED_EDGE('',*,*,#2187,.F.);
#2889=ORIENTED_EDGE('',*,*,#2182,.F.);
#2890=ORIENTED_EDGE('',*,*,#2188,.F.);
#2891=ORIENTED_EDGE('',*,*,#2064,.F.);
#2892=ORIENTED_EDGE('',*,*,#2069,.F.);
#2893=ORIENTED_EDGE('',*,*,#2071,.F.);
#2894=ORIENTED_EDGE('',*,*,#2075,.F.);
#2895=ORIENTED_EDGE('',*,*,#2077,.F.);
#2896=ORIENTED_EDGE('',*,*,#2080,.F.);
#2897=ORIENTED_EDGE('',*,*,#2083,.F.);
#2898=ORIENTED_EDGE('',*,*,#2087,.F.);
#2899=ORIENTED_EDGE('',*,*,#2089,.F.);
#2900=ORIENTED_EDGE('',*,*,#2093,.F.);
#2901=ORIENTED_EDGE('',*,*,#2095,.F.);
#2902=ORIENTED_EDGE('',*,*,#2098,.F.);
#2903=ORIENTED_EDGE('',*,*,#2101,.F.);
#2904=ORIENTED_EDGE('',*,*,#2105,.F.);
#2905=ORIENTED_EDGE('',*,*,#2107,.F.);
#2906=ORIENTED_EDGE('',*,*,#2111,.F.);
#2907=ORIENTED_EDGE('',*,*,#2113,.F.);
#2908=ORIENTED_EDGE('',*,*,#2117,.F.);
#2909=ORIENTED_EDGE('',*,*,#2119,.F.);
#2910=ORIENTED_EDGE('',*,*,#2122,.F.);
#2911=ORIENTED_EDGE('',*,*,#2125,.F.);
#2912=ORIENTED_EDGE('',*,*,#2129,.F.);
#2913=ORIENTED_EDGE('',*,*,#2131,.F.);
#2914=ORIENTED_EDGE('',*,*,#2135,.F.);
#2915=ORIENTED_EDGE('',*,*,#2137,.F.);
#2916=ORIENTED_EDGE('',*,*,#2140,.F.);
#2917=ORIENTED_EDGE('',*,*,#2143,.F.);
#2918=ORIENTED_EDGE('',*,*,#2146,.F.);
#2919=ORIENTED_EDGE('',*,*,#2151,.T.);
#2920=ORIENTED_EDGE('',*,*,#2189,.T.);
#2921=ORIENTED_EDGE('',*,*,#2190,.T.);
#2922=ORIENTED_EDGE('',*,*,#2191,.T.);
#2923=ORIENTED_EDGE('',*,*,#2192,.T.);
#2924=ORIENTED_EDGE('',*,*,#2193,.F.);
#2925=ORIENTED_EDGE('',*,*,#2194,.F.);
#2926=ORIENTED_EDGE('',*,*,#2195,.F.);
#2927=ORIENTED_EDGE('',*,*,#2196,.T.);
#2928=ORIENTED_EDGE('',*,*,#2194,.T.);
#2929=ORIENTED_EDGE('',*,*,#2152,.T.);
#2930=ORIENTED_EDGE('',*,*,#2192,.F.);
#2931=ORIENTED_EDGE('',*,*,#1997,.T.);
#2932=ORIENTED_EDGE('',*,*,#2197,.T.);
#2933=ORIENTED_EDGE('',*,*,#2195,.T.);
#2934=ORIENTED_EDGE('',*,*,#2198,.T.);
#2935=ORIENTED_EDGE('',*,*,#2199,.T.);
#2936=ORIENTED_EDGE('',*,*,#2200,.T.);
#2937=ORIENTED_EDGE('',*,*,#2201,.T.);
#2938=ORIENTED_EDGE('',*,*,#1993,.T.);
#2939=ORIENTED_EDGE('',*,*,#1994,.T.);
#2940=ORIENTED_EDGE('',*,*,#2201,.F.);
#2941=ORIENTED_EDGE('',*,*,#2202,.T.);
#2942=ORIENTED_EDGE('',*,*,#2203,.T.);
#2943=ORIENTED_EDGE('',*,*,#2204,.T.);
#2944=ORIENTED_EDGE('',*,*,#2205,.T.);
#2945=ORIENTED_EDGE('',*,*,#2206,.T.);
#2946=ORIENTED_EDGE('',*,*,#1995,.T.);
#2947=ORIENTED_EDGE('',*,*,#2203,.F.);
#2948=ORIENTED_EDGE('',*,*,#2205,.F.);
#2949=ORIENTED_EDGE('',*,*,#2148,.T.);
#2950=ORIENTED_EDGE('',*,*,#2207,.T.);
#2951=ORIENTED_EDGE('',*,*,#2208,.T.);
#2952=ORIENTED_EDGE('',*,*,#2207,.F.);
#2953=ORIENTED_EDGE('',*,*,#2153,.T.);
#2954=ORIENTED_EDGE('',*,*,#2193,.T.);
#2955=ORIENTED_EDGE('',*,*,#2209,.T.);
#2956=ORIENTED_EDGE('',*,*,#2210,.T.);
#2957=ORIENTED_EDGE('',*,*,#2211,.T.);
#2958=ORIENTED_EDGE('',*,*,#2189,.F.);
#2959=ORIENTED_EDGE('',*,*,#2155,.T.);
#2960=ORIENTED_EDGE('',*,*,#2212,.T.);
#2961=ORIENTED_EDGE('',*,*,#2210,.F.);
#2962=ORIENTED_EDGE('',*,*,#2159,.T.);
#2963=ORIENTED_EDGE('',*,*,#2213,.T.);
#2964=ORIENTED_EDGE('',*,*,#2214,.T.);
#2965=ORIENTED_EDGE('',*,*,#2215,.F.);
#2966=ORIENTED_EDGE('',*,*,#2216,.F.);
#2967=ORIENTED_EDGE('',*,*,#2217,.F.);
#2968=ORIENTED_EDGE('',*,*,#2158,.T.);
#2969=ORIENTED_EDGE('',*,*,#2216,.T.);
#2970=ORIENTED_EDGE('',*,*,#2218,.T.);
#2971=ORIENTED_EDGE('',*,*,#2213,.F.);
#2972=ORIENTED_EDGE('',*,*,#2219,.F.);
#2973=ORIENTED_EDGE('',*,*,#2220,.F.);
#2974=ORIENTED_EDGE('',*,*,#2221,.F.);
#2975=ORIENTED_EDGE('',*,*,#2167,.T.);
#2976=ORIENTED_EDGE('',*,*,#2222,.T.);
#2977=ORIENTED_EDGE('',*,*,#2223,.T.);
#2978=ORIENTED_EDGE('',*,*,#2224,.T.);
#2979=ORIENTED_EDGE('',*,*,#2225,.T.);
#2980=ORIENTED_EDGE('',*,*,#2226,.T.);
#2981=ORIENTED_EDGE('',*,*,#2227,.T.);
#2982=ORIENTED_EDGE('',*,*,#2222,.F.);
#2983=ORIENTED_EDGE('',*,*,#2171,.T.);
#2984=ORIENTED_EDGE('',*,*,#2228,.T.);
#2985=ORIENTED_EDGE('',*,*,#2226,.F.);
#2986=ORIENTED_EDGE('',*,*,#2175,.T.);
#2987=ORIENTED_EDGE('',*,*,#2229,.T.);
#2988=ORIENTED_EDGE('',*,*,#2230,.T.);
#2989=ORIENTED_EDGE('',*,*,#2180,.T.);
#2990=ORIENTED_EDGE('',*,*,#2231,.T.);
#2991=ORIENTED_EDGE('',*,*,#1916,.T.);
#2992=ORIENTED_EDGE('',*,*,#2232,.T.);
#2993=ORIENTED_EDGE('',*,*,#2233,.F.);
#2994=ORIENTED_EDGE('',*,*,#2234,.F.);
#2995=ORIENTED_EDGE('',*,*,#2235,.F.);
#2996=ORIENTED_EDGE('',*,*,#2174,.T.);
#2997=ORIENTED_EDGE('',*,*,#2234,.T.);
#2998=ORIENTED_EDGE('',*,*,#2236,.T.);
#2999=ORIENTED_EDGE('',*,*,#2229,.F.);
#3000=ORIENTED_EDGE('',*,*,#2237,.T.);
#3001=ORIENTED_EDGE('',*,*,#2238,.T.);
#3002=ORIENTED_EDGE('',*,*,#2235,.T.);
#3003=ORIENTED_EDGE('',*,*,#2173,.T.);
#3004=ORIENTED_EDGE('',*,*,#2237,.F.);
#3005=ORIENTED_EDGE('',*,*,#2177,.T.);
#3006=ORIENTED_EDGE('',*,*,#2239,.T.);
#3007=ORIENTED_EDGE('',*,*,#2240,.T.);
#3008=ORIENTED_EDGE('',*,*,#2241,.T.);
#3009=ORIENTED_EDGE('',*,*,#2239,.F.);
#3010=ORIENTED_EDGE('',*,*,#2181,.T.);
#3011=ORIENTED_EDGE('',*,*,#2232,.F.);
#3012=ORIENTED_EDGE('',*,*,#1915,.T.);
#3013=ORIENTED_EDGE('',*,*,#1913,.T.);
#3014=ORIENTED_EDGE('',*,*,#2242,.T.);
#3015=ORIENTED_EDGE('',*,*,#2233,.T.);
#3016=ORIENTED_EDGE('',*,*,#2243,.T.);
#3017=ORIENTED_EDGE('',*,*,#2244,.T.);
#3018=ORIENTED_EDGE('',*,*,#1917,.T.);
#3019=ORIENTED_EDGE('',*,*,#2231,.F.);
#3020=ORIENTED_EDGE('',*,*,#2245,.T.);
#3021=ORIENTED_EDGE('',*,*,#2246,.T.);
#3022=ORIENTED_EDGE('',*,*,#2220,.T.);
#3023=ORIENTED_EDGE('',*,*,#2168,.T.);
#3024=ORIENTED_EDGE('',*,*,#2225,.F.);
#3025=ORIENTED_EDGE('',*,*,#2215,.T.);
#3026=ORIENTED_EDGE('',*,*,#2247,.T.);
#3027=ORIENTED_EDGE('',*,*,#2221,.T.);
#3028=ORIENTED_EDGE('',*,*,#2248,.T.);
#3029=ORIENTED_EDGE('',*,*,#2249,.T.);
#3030=ORIENTED_EDGE('',*,*,#2250,.T.);
#3031=ORIENTED_EDGE('',*,*,#2217,.T.);
#3032=ORIENTED_EDGE('',*,*,#2157,.T.);
#3033=ORIENTED_EDGE('',*,*,#2249,.F.);
#3034=ORIENTED_EDGE('',*,*,#2161,.T.);
#3035=ORIENTED_EDGE('',*,*,#2251,.T.);
#3036=ORIENTED_EDGE('',*,*,#2252,.T.);
#3037=ORIENTED_EDGE('',*,*,#2253,.T.);
#3038=ORIENTED_EDGE('',*,*,#2254,.T.);
#3039=ORIENTED_EDGE('',*,*,#2251,.F.);
#3040=ORIENTED_EDGE('',*,*,#2163,.T.);
#3041=ORIENTED_EDGE('',*,*,#2253,.F.);
#3042=ORIENTED_EDGE('',*,*,#2165,.T.);
#3043=ORIENTED_EDGE('',*,*,#2255,.T.);
#3044=ORIENTED_EDGE('',*,*,#2256,.T.);
#3045=ORIENTED_EDGE('',*,*,#2255,.F.);
#3046=ORIENTED_EDGE('',*,*,#2169,.T.);
#3047=ORIENTED_EDGE('',*,*,#2219,.T.);
#3048=ORIENTED_EDGE('',*,*,#2257,.T.);
#3049=ORIENTED_EDGE('',*,*,#1919,.T.);
#3050=ORIENTED_EDGE('',*,*,#2258,.T.);
#3051=ORIENTED_EDGE('',*,*,#1856,.T.);
#3052=ORIENTED_EDGE('',*,*,#2259,.T.);
#3053=ORIENTED_EDGE('',*,*,#1906,.T.);
#3054=ORIENTED_EDGE('',*,*,#2259,.F.);
#3055=ORIENTED_EDGE('',*,*,#1855,.T.);
#3056=ORIENTED_EDGE('',*,*,#2260,.T.);
#3057=ORIENTED_EDGE('',*,*,#1854,.T.);
#3058=ORIENTED_EDGE('',*,*,#2261,.T.);
#3059=ORIENTED_EDGE('',*,*,#1991,.T.);
#3060=ORIENTED_EDGE('',*,*,#2260,.F.);
#3061=ORIENTED_EDGE('',*,*,#2258,.F.);
#3062=ORIENTED_EDGE('',*,*,#1918,.T.);
#3063=ORIENTED_EDGE('',*,*,#2244,.F.);
#3064=ORIENTED_EDGE('',*,*,#1857,.T.);
#3065=ORIENTED_EDGE('',*,*,#2199,.F.);
#3066=ORIENTED_EDGE('',*,*,#1992,.T.);
#3067=ORIENTED_EDGE('',*,*,#2261,.F.);
#3068=ORIENTED_EDGE('',*,*,#1853,.T.);
#3069=ORIENTED_EDGE('',*,*,#2108,.F.);
#3070=ORIENTED_EDGE('',*,*,#2149,.F.);
#3071=ORIENTED_EDGE('',*,*,#2204,.F.);
#3072=ORIENTED_EDGE('',*,*,#2202,.F.);
#3073=ORIENTED_EDGE('',*,*,#2262,.F.);
#3074=ORIENTED_EDGE('',*,*,#2263,.F.);
#3075=ORIENTED_EDGE('',*,*,#2200,.F.);
#3076=ORIENTED_EDGE('',*,*,#1866,.T.);
#3077=ORIENTED_EDGE('',*,*,#2264,.T.);
#3078=ORIENTED_EDGE('',*,*,#2262,.T.);
#3079=ORIENTED_EDGE('',*,*,#2218,.F.);
#3080=ORIENTED_EDGE('',*,*,#2248,.F.);
#3081=ORIENTED_EDGE('',*,*,#2246,.F.);
#3082=ORIENTED_EDGE('',*,*,#2224,.F.);
#3083=ORIENTED_EDGE('',*,*,#2265,.F.);
#3084=ORIENTED_EDGE('',*,*,#2214,.F.);
#3085=ORIENTED_EDGE('',*,*,#2236,.F.);
#3086=ORIENTED_EDGE('',*,*,#2242,.F.);
#3087=ORIENTED_EDGE('',*,*,#1912,.F.);
#3088=ORIENTED_EDGE('',*,*,#2266,.F.);
#3089=ORIENTED_EDGE('',*,*,#2230,.F.);
#3090=ORIENTED_EDGE('',*,*,#2243,.F.);
#3091=ORIENTED_EDGE('',*,*,#2238,.F.);
#3092=ORIENTED_EDGE('',*,*,#2240,.F.);
#3093=ORIENTED_EDGE('',*,*,#2241,.F.);
#3094=ORIENTED_EDGE('',*,*,#1914,.F.);
#3095=ORIENTED_EDGE('',*,*,#2247,.F.);
#3096=ORIENTED_EDGE('',*,*,#2250,.F.);
#3097=ORIENTED_EDGE('',*,*,#2252,.F.);
#3098=ORIENTED_EDGE('',*,*,#2254,.F.);
#3099=ORIENTED_EDGE('',*,*,#2256,.F.);
#3100=ORIENTED_EDGE('',*,*,#2257,.F.);
#3101=ORIENTED_EDGE('',*,*,#2267,.T.);
#3102=ORIENTED_EDGE('',*,*,#2268,.T.);
#3103=ORIENTED_EDGE('',*,*,#2269,.T.);
#3104=ORIENTED_EDGE('',*,*,#2270,.T.);
#3105=ORIENTED_EDGE('',*,*,#2271,.T.);
#3106=ORIENTED_EDGE('',*,*,#2272,.T.);
#3107=ORIENTED_EDGE('',*,*,#2269,.F.);
#3108=ORIENTED_EDGE('',*,*,#2273,.T.);
#3109=ORIENTED_EDGE('',*,*,#2274,.T.);
#3110=ORIENTED_EDGE('',*,*,#2271,.F.);
#3111=ORIENTED_EDGE('',*,*,#2275,.T.);
#3112=ORIENTED_EDGE('',*,*,#2276,.T.);
#3113=ORIENTED_EDGE('',*,*,#2277,.T.);
#3114=ORIENTED_EDGE('',*,*,#2278,.F.);
#3115=ORIENTED_EDGE('',*,*,#2279,.F.);
#3116=ORIENTED_EDGE('',*,*,#2280,.F.);
#3117=ORIENTED_EDGE('',*,*,#2281,.T.);
#3118=ORIENTED_EDGE('',*,*,#2279,.T.);
#3119=ORIENTED_EDGE('',*,*,#2282,.T.);
#3120=ORIENTED_EDGE('',*,*,#2276,.F.);
#3121=ORIENTED_EDGE('',*,*,#2283,.F.);
#3122=ORIENTED_EDGE('',*,*,#2284,.F.);
#3123=ORIENTED_EDGE('',*,*,#2285,.F.);
#3124=ORIENTED_EDGE('',*,*,#2286,.T.);
#3125=ORIENTED_EDGE('',*,*,#2287,.T.);
#3126=ORIENTED_EDGE('',*,*,#2288,.T.);
#3127=ORIENTED_EDGE('',*,*,#2289,.T.);
#3128=ORIENTED_EDGE('',*,*,#2290,.T.);
#3129=ORIENTED_EDGE('',*,*,#2291,.T.);
#3130=ORIENTED_EDGE('',*,*,#2292,.T.);
#3131=ORIENTED_EDGE('',*,*,#2287,.F.);
#3132=ORIENTED_EDGE('',*,*,#2293,.T.);
#3133=ORIENTED_EDGE('',*,*,#2294,.T.);
#3134=ORIENTED_EDGE('',*,*,#2291,.F.);
#3135=ORIENTED_EDGE('',*,*,#2295,.T.);
#3136=ORIENTED_EDGE('',*,*,#2296,.T.);
#3137=ORIENTED_EDGE('',*,*,#2297,.T.);
#3138=ORIENTED_EDGE('',*,*,#2298,.T.);
#3139=ORIENTED_EDGE('',*,*,#2299,.T.);
#3140=ORIENTED_EDGE('',*,*,#2041,.T.);
#3141=ORIENTED_EDGE('',*,*,#2300,.T.);
#3142=ORIENTED_EDGE('',*,*,#2301,.F.);
#3143=ORIENTED_EDGE('',*,*,#2302,.F.);
#3144=ORIENTED_EDGE('',*,*,#2303,.F.);
#3145=ORIENTED_EDGE('',*,*,#2304,.T.);
#3146=ORIENTED_EDGE('',*,*,#2302,.T.);
#3147=ORIENTED_EDGE('',*,*,#2305,.T.);
#3148=ORIENTED_EDGE('',*,*,#2296,.F.);
#3149=ORIENTED_EDGE('',*,*,#2306,.T.);
#3150=ORIENTED_EDGE('',*,*,#2307,.T.);
#3151=ORIENTED_EDGE('',*,*,#2303,.T.);
#3152=ORIENTED_EDGE('',*,*,#2308,.T.);
#3153=ORIENTED_EDGE('',*,*,#2306,.F.);
#3154=ORIENTED_EDGE('',*,*,#2309,.T.);
#3155=ORIENTED_EDGE('',*,*,#2310,.T.);
#3156=ORIENTED_EDGE('',*,*,#2311,.T.);
#3157=ORIENTED_EDGE('',*,*,#2312,.T.);
#3158=ORIENTED_EDGE('',*,*,#2310,.F.);
#3159=ORIENTED_EDGE('',*,*,#2313,.T.);
#3160=ORIENTED_EDGE('',*,*,#2300,.F.);
#3161=ORIENTED_EDGE('',*,*,#2040,.T.);
#3162=ORIENTED_EDGE('',*,*,#2038,.T.);
#3163=ORIENTED_EDGE('',*,*,#2314,.T.);
#3164=ORIENTED_EDGE('',*,*,#2301,.T.);
#3165=ORIENTED_EDGE('',*,*,#2315,.T.);
#3166=ORIENTED_EDGE('',*,*,#2316,.T.);
#3167=ORIENTED_EDGE('',*,*,#2042,.T.);
#3168=ORIENTED_EDGE('',*,*,#2299,.F.);
#3169=ORIENTED_EDGE('',*,*,#2317,.T.);
#3170=ORIENTED_EDGE('',*,*,#2318,.T.);
#3171=ORIENTED_EDGE('',*,*,#2284,.T.);
#3172=ORIENTED_EDGE('',*,*,#2319,.T.);
#3173=ORIENTED_EDGE('',*,*,#2290,.F.);
#3174=ORIENTED_EDGE('',*,*,#2278,.T.);
#3175=ORIENTED_EDGE('',*,*,#2320,.T.);
#3176=ORIENTED_EDGE('',*,*,#2285,.T.);
#3177=ORIENTED_EDGE('',*,*,#2321,.T.);
#3178=ORIENTED_EDGE('',*,*,#2322,.T.);
#3179=ORIENTED_EDGE('',*,*,#2323,.T.);
#3180=ORIENTED_EDGE('',*,*,#2280,.T.);
#3181=ORIENTED_EDGE('',*,*,#2324,.T.);
#3182=ORIENTED_EDGE('',*,*,#2322,.F.);
#3183=ORIENTED_EDGE('',*,*,#2325,.T.);
#3184=ORIENTED_EDGE('',*,*,#2326,.T.);
#3185=ORIENTED_EDGE('',*,*,#2327,.T.);
#3186=ORIENTED_EDGE('',*,*,#2328,.T.);
#3187=ORIENTED_EDGE('',*,*,#2329,.T.);
#3188=ORIENTED_EDGE('',*,*,#2326,.F.);
#3189=ORIENTED_EDGE('',*,*,#2330,.T.);
#3190=ORIENTED_EDGE('',*,*,#2328,.F.);
#3191=ORIENTED_EDGE('',*,*,#2331,.T.);
#3192=ORIENTED_EDGE('',*,*,#2332,.T.);
#3193=ORIENTED_EDGE('',*,*,#2333,.T.);
#3194=ORIENTED_EDGE('',*,*,#2332,.F.);
#3195=ORIENTED_EDGE('',*,*,#2334,.T.);
#3196=ORIENTED_EDGE('',*,*,#2283,.T.);
#3197=ORIENTED_EDGE('',*,*,#2335,.T.);
#3198=ORIENTED_EDGE('',*,*,#2044,.T.);
#3199=ORIENTED_EDGE('',*,*,#2336,.T.);
#3200=ORIENTED_EDGE('',*,*,#1863,.T.);
#3201=ORIENTED_EDGE('',*,*,#2337,.T.);
#3202=ORIENTED_EDGE('',*,*,#2338,.T.);
#3203=ORIENTED_EDGE('',*,*,#2337,.F.);
#3204=ORIENTED_EDGE('',*,*,#1862,.T.);
#3205=ORIENTED_EDGE('',*,*,#2339,.T.);
#3206=ORIENTED_EDGE('',*,*,#1861,.T.);
#3207=ORIENTED_EDGE('',*,*,#2340,.T.);
#3208=ORIENTED_EDGE('',*,*,#1929,.T.);
#3209=ORIENTED_EDGE('',*,*,#2339,.F.);
#3210=ORIENTED_EDGE('',*,*,#2336,.F.);
#3211=ORIENTED_EDGE('',*,*,#2043,.T.);
#3212=ORIENTED_EDGE('',*,*,#2316,.F.);
#3213=ORIENTED_EDGE('',*,*,#1864,.T.);
#3214=ORIENTED_EDGE('',*,*,#2341,.T.);
#3215=ORIENTED_EDGE('',*,*,#1935,.T.);
#3216=ORIENTED_EDGE('',*,*,#2342,.T.);
#3217=ORIENTED_EDGE('',*,*,#2343,.T.);
#3218=ORIENTED_EDGE('',*,*,#2344,.T.);
#3219=ORIENTED_EDGE('',*,*,#2345,.T.);
#3220=ORIENTED_EDGE('',*,*,#2346,.T.);
#3221=ORIENTED_EDGE('',*,*,#1931,.T.);
#3222=ORIENTED_EDGE('',*,*,#1932,.T.);
#3223=ORIENTED_EDGE('',*,*,#2346,.F.);
#3224=ORIENTED_EDGE('',*,*,#2186,.T.);
#3225=ORIENTED_EDGE('',*,*,#2347,.T.);
#3226=ORIENTED_EDGE('',*,*,#2185,.T.);
#3227=ORIENTED_EDGE('',*,*,#2348,.T.);
#3228=ORIENTED_EDGE('',*,*,#2349,.T.);
#3229=ORIENTED_EDGE('',*,*,#1933,.T.);
#3230=ORIENTED_EDGE('',*,*,#2347,.F.);
#3231=ORIENTED_EDGE('',*,*,#2348,.F.);
#3232=ORIENTED_EDGE('',*,*,#2350,.T.);
#3233=ORIENTED_EDGE('',*,*,#2351,.T.);
#3234=ORIENTED_EDGE('',*,*,#2352,.T.);
#3235=ORIENTED_EDGE('',*,*,#2353,.T.);
#3236=ORIENTED_EDGE('',*,*,#2351,.F.);
#3237=ORIENTED_EDGE('',*,*,#2354,.T.);
#3238=ORIENTED_EDGE('',*,*,#2343,.F.);
#3239=ORIENTED_EDGE('',*,*,#2344,.F.);
#3240=ORIENTED_EDGE('',*,*,#1930,.T.);
#3241=ORIENTED_EDGE('',*,*,#2340,.F.);
#3242=ORIENTED_EDGE('',*,*,#1860,.T.);
#3243=ORIENTED_EDGE('',*,*,#2138,.F.);
#3244=ORIENTED_EDGE('',*,*,#2355,.F.);
#3245=ORIENTED_EDGE('',*,*,#2324,.F.);
#3246=ORIENTED_EDGE('',*,*,#2281,.F.);
#3247=ORIENTED_EDGE('',*,*,#2275,.F.);
#3248=ORIENTED_EDGE('',*,*,#2356,.F.);
#3249=ORIENTED_EDGE('',*,*,#2141,.F.);
#3250=ORIENTED_EDGE('',*,*,#2356,.T.);
#3251=ORIENTED_EDGE('',*,*,#2273,.F.);
#3252=ORIENTED_EDGE('',*,*,#2357,.F.);
#3253=ORIENTED_EDGE('',*,*,#2282,.F.);
#3254=ORIENTED_EDGE('',*,*,#2321,.F.);
#3255=ORIENTED_EDGE('',*,*,#2318,.F.);
#3256=ORIENTED_EDGE('',*,*,#2289,.F.);
#3257=ORIENTED_EDGE('',*,*,#2358,.F.);
#3258=ORIENTED_EDGE('',*,*,#2277,.F.);
#3259=ORIENTED_EDGE('',*,*,#2270,.F.);
#3260=ORIENTED_EDGE('',*,*,#2272,.F.);
#3261=ORIENTED_EDGE('',*,*,#2274,.F.);
#3262=ORIENTED_EDGE('',*,*,#2358,.T.);
#3263=ORIENTED_EDGE('',*,*,#2288,.F.);
#3264=ORIENTED_EDGE('',*,*,#2292,.F.);
#3265=ORIENTED_EDGE('',*,*,#2294,.F.);
#3266=ORIENTED_EDGE('',*,*,#2359,.T.);
#3267=ORIENTED_EDGE('',*,*,#2036,.T.);
#3268=ORIENTED_EDGE('',*,*,#2047,.T.);
#3269=ORIENTED_EDGE('',*,*,#2049,.T.);
#3270=ORIENTED_EDGE('',*,*,#2051,.T.);
#3271=ORIENTED_EDGE('',*,*,#2053,.T.);
#3272=ORIENTED_EDGE('',*,*,#2055,.T.);
#3273=ORIENTED_EDGE('',*,*,#2057,.T.);
#3274=ORIENTED_EDGE('',*,*,#2059,.F.);
#3275=ORIENTED_EDGE('',*,*,#2061,.T.);
#3276=ORIENTED_EDGE('',*,*,#2062,.T.);
#3277=ORIENTED_EDGE('',*,*,#1937,.T.);
#3278=ORIENTED_EDGE('',*,*,#2360,.T.);
#3279=ORIENTED_EDGE('',*,*,#2305,.F.);
#3280=ORIENTED_EDGE('',*,*,#2314,.F.);
#3281=ORIENTED_EDGE('',*,*,#2037,.F.);
#3282=ORIENTED_EDGE('',*,*,#2359,.F.);
#3283=ORIENTED_EDGE('',*,*,#2297,.F.);
#3284=ORIENTED_EDGE('',*,*,#2315,.F.);
#3285=ORIENTED_EDGE('',*,*,#2307,.F.);
#3286=ORIENTED_EDGE('',*,*,#2311,.F.);
#3287=ORIENTED_EDGE('',*,*,#2312,.F.);
#3288=ORIENTED_EDGE('',*,*,#2039,.F.);
#3289=ORIENTED_EDGE('',*,*,#2144,.F.);
#3290=ORIENTED_EDGE('',*,*,#2357,.T.);
#3291=ORIENTED_EDGE('',*,*,#2268,.F.);
#3292=ORIENTED_EDGE('',*,*,#2361,.T.);
#3293=ORIENTED_EDGE('',*,*,#2354,.F.);
#3294=ORIENTED_EDGE('',*,*,#2362,.F.);
#3295=ORIENTED_EDGE('',*,*,#1896,.F.);
#3296=ORIENTED_EDGE('',*,*,#2045,.F.);
#3297=ORIENTED_EDGE('',*,*,#2338,.F.);
#3298=ORIENTED_EDGE('',*,*,#1928,.T.);
#3299=ORIENTED_EDGE('',*,*,#2320,.F.);
#3300=ORIENTED_EDGE('',*,*,#2323,.F.);
#3301=ORIENTED_EDGE('',*,*,#2327,.F.);
#3302=ORIENTED_EDGE('',*,*,#2329,.F.);
#3303=ORIENTED_EDGE('',*,*,#2333,.F.);
#3304=ORIENTED_EDGE('',*,*,#2335,.F.);
#3305=ORIENTED_EDGE('',*,*,#2212,.F.);
#3306=ORIENTED_EDGE('',*,*,#2265,.T.);
#3307=ORIENTED_EDGE('',*,*,#2223,.F.);
#3308=ORIENTED_EDGE('',*,*,#2227,.F.);
#3309=ORIENTED_EDGE('',*,*,#2228,.F.);
#3310=ORIENTED_EDGE('',*,*,#2266,.T.);
#3311=ORIENTED_EDGE('',*,*,#1911,.T.);
#3312=ORIENTED_EDGE('',*,*,#1974,.T.);
#3313=ORIENTED_EDGE('',*,*,#1976,.T.);
#3314=ORIENTED_EDGE('',*,*,#1978,.T.);
#3315=ORIENTED_EDGE('',*,*,#1980,.T.);
#3316=ORIENTED_EDGE('',*,*,#1982,.T.);
#3317=ORIENTED_EDGE('',*,*,#1984,.T.);
#3318=ORIENTED_EDGE('',*,*,#1986,.F.);
#3319=ORIENTED_EDGE('',*,*,#1988,.T.);
#3320=ORIENTED_EDGE('',*,*,#1990,.T.);
#3321=ORIENTED_EDGE('',*,*,#1999,.T.);
#3322=ORIENTED_EDGE('',*,*,#2363,.T.);
#3323=ORIENTED_EDGE('',*,*,#2190,.F.);
#3324=ORIENTED_EDGE('',*,*,#2211,.F.);
#3325=ORIENTED_EDGE('',*,*,#2364,.T.);
#3326=ORIENTED_EDGE('',*,*,#1972,.F.);
#3327=ORIENTED_EDGE('',*,*,#1924,.T.);
#3328=ORIENTED_EDGE('',*,*,#2002,.F.);
#3329=ORIENTED_EDGE('',*,*,#2005,.F.);
#3330=ORIENTED_EDGE('',*,*,#2007,.F.);
#3331=ORIENTED_EDGE('',*,*,#2011,.F.);
#3332=ORIENTED_EDGE('',*,*,#2013,.F.);
#3333=ORIENTED_EDGE('',*,*,#2017,.F.);
#3334=ORIENTED_EDGE('',*,*,#2019,.F.);
#3335=ORIENTED_EDGE('',*,*,#2023,.F.);
#3336=ORIENTED_EDGE('',*,*,#2025,.F.);
#3337=ORIENTED_EDGE('',*,*,#2029,.F.);
#3338=ORIENTED_EDGE('',*,*,#2031,.F.);
#3339=ORIENTED_EDGE('',*,*,#2365,.T.);
#3340=ORIENTED_EDGE('',*,*,#1943,.F.);
#3341=ORIENTED_EDGE('',*,*,#1947,.F.);
#3342=ORIENTED_EDGE('',*,*,#1949,.F.);
#3343=ORIENTED_EDGE('',*,*,#1953,.F.);
#3344=ORIENTED_EDGE('',*,*,#1955,.F.);
#3345=ORIENTED_EDGE('',*,*,#1959,.F.);
#3346=ORIENTED_EDGE('',*,*,#1961,.F.);
#3347=ORIENTED_EDGE('',*,*,#1965,.F.);
#3348=ORIENTED_EDGE('',*,*,#1967,.F.);
#3349=ORIENTED_EDGE('',*,*,#1971,.F.);
#3350=ORIENTED_EDGE('',*,*,#1898,.F.);
#3351=ORIENTED_EDGE('',*,*,#2000,.F.);
#3352=ORIENTED_EDGE('',*,*,#1940,.T.);
#3353=ORIENTED_EDGE('',*,*,#2366,.T.);
#3354=ORIENTED_EDGE('',*,*,#1901,.F.);
#3355=ORIENTED_EDGE('',*,*,#2366,.F.);
#3356=ORIENTED_EDGE('',*,*,#1944,.T.);
#3357=ORIENTED_EDGE('',*,*,#2365,.F.);
#3358=ORIENTED_EDGE('',*,*,#2030,.F.);
#3359=ORIENTED_EDGE('',*,*,#2367,.F.);
#3360=ORIENTED_EDGE('',*,*,#1902,.F.);
#3361=ORIENTED_EDGE('',*,*,#2367,.T.);
#3362=ORIENTED_EDGE('',*,*,#2033,.F.);
#3363=ORIENTED_EDGE('',*,*,#2034,.T.);
#3364=ORIENTED_EDGE('',*,*,#2368,.F.);
#3365=ORIENTED_EDGE('',*,*,#2369,.F.);
#3366=ORIENTED_EDGE('',*,*,#2264,.F.);
#3367=ORIENTED_EDGE('',*,*,#2109,.F.);
#3368=ORIENTED_EDGE('',*,*,#2263,.T.);
#3369=ORIENTED_EDGE('',*,*,#2369,.T.);
#3370=ORIENTED_EDGE('',*,*,#2370,.T.);
#3371=ORIENTED_EDGE('',*,*,#2317,.F.);
#3372=ORIENTED_EDGE('',*,*,#2371,.T.);
#3373=ORIENTED_EDGE('',*,*,#2368,.T.);
#3374=ORIENTED_EDGE('',*,*,#1865,.T.);
#3375=ORIENTED_EDGE('',*,*,#2114,.F.);
#3376=ORIENTED_EDGE('',*,*,#2370,.F.);
#3377=ORIENTED_EDGE('',*,*,#2371,.F.);
#3378=ORIENTED_EDGE('',*,*,#2298,.F.);
#3379=ORIENTED_EDGE('',*,*,#2313,.F.);
#3380=ORIENTED_EDGE('',*,*,#2372,.F.);
#3381=ORIENTED_EDGE('',*,*,#2373,.F.);
#3382=ORIENTED_EDGE('',*,*,#2183,.F.);
#3383=ORIENTED_EDGE('',*,*,#2374,.F.);
#3384=ORIENTED_EDGE('',*,*,#2345,.F.);
#3385=ORIENTED_EDGE('',*,*,#1859,.T.);
#3386=ORIENTED_EDGE('',*,*,#2374,.T.);
#3387=ORIENTED_EDGE('',*,*,#2187,.T.);
#3388=ORIENTED_EDGE('',*,*,#2245,.F.);
#3389=ORIENTED_EDGE('',*,*,#2179,.T.);
#3390=ORIENTED_EDGE('',*,*,#2373,.T.);
#3391=ORIENTED_EDGE('',*,*,#1858,.T.);
#3392=ORIENTED_EDGE('',*,*,#2145,.F.);
#3393=ORIENTED_EDGE('',*,*,#2362,.T.);
#3394=ORIENTED_EDGE('',*,*,#2350,.F.);
#3395=ORIENTED_EDGE('',*,*,#2184,.T.);
#3396=ORIENTED_EDGE('',*,*,#2342,.F.);
#3397=ORIENTED_EDGE('',*,*,#1934,.F.);
#3398=ORIENTED_EDGE('',*,*,#2349,.F.);
#3399=ORIENTED_EDGE('',*,*,#2352,.F.);
#3400=ORIENTED_EDGE('',*,*,#2353,.F.);
#3401=ORIENTED_EDGE('',*,*,#2133,.F.);
#3402=ORIENTED_EDGE('',*,*,#2375,.T.);
#3403=ORIENTED_EDGE('',*,*,#2325,.F.);
#3404=ORIENTED_EDGE('',*,*,#2355,.T.);
#3405=ORIENTED_EDGE('',*,*,#2132,.F.);
#3406=ORIENTED_EDGE('',*,*,#2376,.F.);
#3407=ORIENTED_EDGE('',*,*,#2330,.F.);
#3408=ORIENTED_EDGE('',*,*,#2375,.F.);
#3409=ORIENTED_EDGE('',*,*,#2127,.F.);
#3410=ORIENTED_EDGE('',*,*,#2377,.T.);
#3411=ORIENTED_EDGE('',*,*,#2331,.F.);
#3412=ORIENTED_EDGE('',*,*,#2376,.T.);
#3413=ORIENTED_EDGE('',*,*,#2115,.F.);
#3414=ORIENTED_EDGE('',*,*,#2372,.T.);
#3415=ORIENTED_EDGE('',*,*,#2309,.F.);
#3416=ORIENTED_EDGE('',*,*,#2378,.T.);
#3417=ORIENTED_EDGE('',*,*,#2120,.F.);
#3418=ORIENTED_EDGE('',*,*,#2378,.F.);
#3419=ORIENTED_EDGE('',*,*,#2308,.F.);
#3420=ORIENTED_EDGE('',*,*,#2304,.F.);
#3421=ORIENTED_EDGE('',*,*,#2295,.F.);
#3422=ORIENTED_EDGE('',*,*,#2379,.F.);
#3423=ORIENTED_EDGE('',*,*,#2197,.F.);
#3424=ORIENTED_EDGE('',*,*,#1996,.F.);
#3425=ORIENTED_EDGE('',*,*,#2206,.F.);
#3426=ORIENTED_EDGE('',*,*,#2208,.F.);
#3427=ORIENTED_EDGE('',*,*,#2209,.F.);
#3428=ORIENTED_EDGE('',*,*,#2341,.F.);
#3429=ORIENTED_EDGE('',*,*,#2361,.F.);
#3430=ORIENTED_EDGE('',*,*,#2267,.F.);
#3431=ORIENTED_EDGE('',*,*,#2360,.F.);
#3432=ORIENTED_EDGE('',*,*,#1936,.F.);
#3433=ORIENTED_EDGE('',*,*,#2196,.F.);
#3434=ORIENTED_EDGE('',*,*,#2191,.F.);
#3435=ORIENTED_EDGE('',*,*,#2363,.F.);
#3436=ORIENTED_EDGE('',*,*,#1998,.F.);
#3437=ORIENTED_EDGE('',*,*,#2198,.F.);
#3438=ORIENTED_EDGE('',*,*,#2126,.F.);
#3439=ORIENTED_EDGE('',*,*,#2380,.T.);
#3440=ORIENTED_EDGE('',*,*,#2286,.F.);
#3441=ORIENTED_EDGE('',*,*,#2319,.F.);
#3442=ORIENTED_EDGE('',*,*,#2334,.F.);
#3443=ORIENTED_EDGE('',*,*,#2377,.F.);
#3444=ORIENTED_EDGE('',*,*,#2123,.F.);
#3445=ORIENTED_EDGE('',*,*,#2379,.T.);
#3446=ORIENTED_EDGE('',*,*,#2293,.F.);
#3447=ORIENTED_EDGE('',*,*,#2380,.F.);
#3448=ORIENTED_EDGE('',*,*,#2364,.F.);
#3449=ORIENTED_EDGE('',*,*,#2381,.T.);
#3450=ORIENTED_EDGE('',*,*,#2188,.T.);
#3451=ORIENTED_EDGE('',*,*,#2381,.F.);
#3452=CONICAL_SURFACE('',#3740,4.455,0.785398163397448);
#3453=CONICAL_SURFACE('',#3749,4.455,0.785398163397448);
#3454=CONICAL_SURFACE('',#3761,6.05,0.785398163397448);
#3455=CONICAL_SURFACE('',#3764,0.3,0.785398163397449);
#3456=CONICAL_SURFACE('',#3766,7.925,0.785398163397448);
#3457=CONICAL_SURFACE('',#3768,0.3,0.785398163397448);
#3458=CONICAL_SURFACE('',#3771,6.05,0.785398163397448);
#3459=CONICAL_SURFACE('',#3773,0.3,0.785398163397448);
#3460=CONICAL_SURFACE('',#3775,7.925,0.785398163397448);
#3461=CONICAL_SURFACE('',#3777,0.3,0.785398163397448);
#3462=CONICAL_SURFACE('',#3795,0.45,0.785398163397448);
#3463=CONICAL_SURFACE('',#3798,10.25,0.785398163397448);
#3464=CONICAL_SURFACE('',#3801,0.55,0.785398163397449);
#3465=CONICAL_SURFACE('',#3804,11.35,0.785398163397448);
#3466=CONICAL_SURFACE('',#3807,0.45,0.785398163397447);
#3467=CONICAL_SURFACE('',#3811,0.7,0.785398163397447);
#3468=CONICAL_SURFACE('',#3814,14.55,0.785398163397448);
#3469=CONICAL_SURFACE('',#3817,0.700000000000001,0.785398163397449);
#3470=CONICAL_SURFACE('',#3840,0.45,0.785398163397448);
#3471=CONICAL_SURFACE('',#3843,10.25,0.785398163397448);
#3472=CONICAL_SURFACE('',#3846,0.55,0.785398163397448);
#3473=CONICAL_SURFACE('',#3849,11.35,0.785398163397443);
#3474=CONICAL_SURFACE('',#3852,0.45,0.785398163397448);
#3475=CONICAL_SURFACE('',#3856,0.7,0.785398163397447);
#3476=CONICAL_SURFACE('',#3859,14.55,0.785398163397448);
#3477=CONICAL_SURFACE('',#3862,0.7,0.785398163397447);
#3478=CONICAL_SURFACE('',#3887,0.7,0.785398163397449);
#3479=CONICAL_SURFACE('',#3891,0.3,0.785398163397449);
#3480=CONICAL_SURFACE('',#3895,1.7,0.785398163397448);
#3481=CONICAL_SURFACE('',#3899,0.3,0.785398163397449);
#3482=CONICAL_SURFACE('',#3903,0.3,0.785398163397448);
#3483=CONICAL_SURFACE('',#3907,1.7,0.785398163397448);
#3484=CONICAL_SURFACE('',#3911,0.3,0.785398163397449);
#3485=CONICAL_SURFACE('',#3915,0.7,0.785398163397449);
#3486=CONICAL_SURFACE('',#3919,0.3,0.785398163397449);
#3487=CONICAL_SURFACE('',#3923,1.7,0.785398163397448);
#3488=CONICAL_SURFACE('',#3927,0.3,0.785398163397449);
#3489=CONICAL_SURFACE('',#3931,0.3,0.785398163397449);
#3490=CONICAL_SURFACE('',#3935,1.7,0.785398163397448);
#3491=CONICAL_SURFACE('',#3939,0.3,0.785398163397449);
#3492=CONICAL_SURFACE('',#3971,0.3,0.785398163397449);
#3493=CONICAL_SURFACE('',#3974,1.7,0.785398163397448);
#3494=CONICAL_SURFACE('',#3981,1.7,0.785398163397448);
#3495=CONICAL_SURFACE('',#3988,0.3,0.785398163397449);
#3496=CONICAL_SURFACE('',#3995,0.3,0.785398163397448);
#3497=CONICAL_SURFACE('',#3998,0.3,0.785398163397449);
#3498=CONICAL_SURFACE('',#4002,6.05,0.785398163397448);
#3499=CONICAL_SURFACE('',#4012,1.7,0.785398163397448);
#3500=CONICAL_SURFACE('',#4020,1.7,0.785398163397448);
#3501=CONICAL_SURFACE('',#4028,0.3,0.785398163397449);
#3502=CONICAL_SURFACE('',#4036,0.3,0.785398163397449);
#3503=CONICAL_SURFACE('',#4040,0.3,0.785398163397449);
#3504=CONICAL_SURFACE('',#4045,6.05,0.785398163397448);
#3505=CONICAL_SURFACE('',#4051,0.3,0.785398163397449);
#3506=ADVANCED_FACE('',(#217),#3452,.F.);
#3507=ADVANCED_FACE('',(#218),#173,.F.);
#3508=ADVANCED_FACE('',(#219,#33),#61,.T.);
#3509=ADVANCED_FACE('',(#220),#3453,.F.);
#3510=ADVANCED_FACE('',(#221,#34),#62,.T.);
#3511=ADVANCED_FACE('',(#222),#63,.T.);
#3512=ADVANCED_FACE('',(#223),#3454,.T.);
#3513=ADVANCED_FACE('',(#224),#64,.T.);
#3514=ADVANCED_FACE('',(#225),#3455,.T.);
#3515=ADVANCED_FACE('',(#226),#3456,.T.);
#3516=ADVANCED_FACE('',(#227),#3457,.T.);
#3517=ADVANCED_FACE('',(#228),#65,.T.);
#3518=ADVANCED_FACE('',(#229),#3458,.T.);
#3519=ADVANCED_FACE('',(#230),#3459,.T.);
#3520=ADVANCED_FACE('',(#231),#3460,.T.);
#3521=ADVANCED_FACE('',(#232),#3461,.T.);
#3522=ADVANCED_FACE('',(#233),#66,.T.);
#3523=ADVANCED_FACE('',(#234),#174,.T.);
#3524=ADVANCED_FACE('',(#235),#67,.T.);
#3525=ADVANCED_FACE('',(#236),#175,.T.);
#3526=ADVANCED_FACE('',(#237),#176,.T.);
#3527=ADVANCED_FACE('',(#238),#177,.T.);
#3528=ADVANCED_FACE('',(#239),#68,.T.);
#3529=ADVANCED_FACE('',(#240),#69,.T.);
#3530=ADVANCED_FACE('',(#241),#3462,.F.);
#3531=ADVANCED_FACE('',(#242),#3463,.F.);
#3532=ADVANCED_FACE('',(#243),#3464,.T.);
#3533=ADVANCED_FACE('',(#244),#3465,.T.);
#3534=ADVANCED_FACE('',(#245),#3466,.F.);
#3535=ADVANCED_FACE('',(#246),#70,.T.);
#3536=ADVANCED_FACE('',(#247),#3467,.F.);
#3537=ADVANCED_FACE('',(#248),#3468,.F.);
#3538=ADVANCED_FACE('',(#249),#3469,.F.);
#3539=ADVANCED_FACE('',(#250),#71,.T.);
#3540=ADVANCED_FACE('',(#251),#178,.F.);
#3541=ADVANCED_FACE('',(#252),#179,.F.);
#3542=ADVANCED_FACE('',(#253),#180,.F.);
#3543=ADVANCED_FACE('',(#254),#72,.T.);
#3544=ADVANCED_FACE('',(#255),#181,.F.);
#3545=ADVANCED_FACE('',(#256),#182,.T.);
#3546=ADVANCED_FACE('',(#257),#183,.T.);
#3547=ADVANCED_FACE('',(#258),#184,.F.);
#3548=ADVANCED_FACE('',(#259),#185,.F.);
#3549=ADVANCED_FACE('',(#260),#73,.T.);
#3550=ADVANCED_FACE('',(#261),#74,.T.);
#3551=ADVANCED_FACE('',(#262),#3470,.F.);
#3552=ADVANCED_FACE('',(#263),#3471,.F.);
#3553=ADVANCED_FACE('',(#264),#3472,.T.);
#3554=ADVANCED_FACE('',(#265),#3473,.T.);
#3555=ADVANCED_FACE('',(#266),#3474,.F.);
#3556=ADVANCED_FACE('',(#267),#75,.T.);
#3557=ADVANCED_FACE('',(#268),#3475,.F.);
#3558=ADVANCED_FACE('',(#269),#3476,.F.);
#3559=ADVANCED_FACE('',(#270),#3477,.F.);
#3560=ADVANCED_FACE('',(#271),#76,.T.);
#3561=ADVANCED_FACE('',(#272),#77,.T.);
#3562=ADVANCED_FACE('',(#273),#186,.F.);
#3563=ADVANCED_FACE('',(#274),#187,.F.);
#3564=ADVANCED_FACE('',(#275),#188,.F.);
#3565=ADVANCED_FACE('',(#276),#78,.T.);
#3566=ADVANCED_FACE('',(#277),#189,.F.);
#3567=ADVANCED_FACE('',(#278),#190,.T.);
#3568=ADVANCED_FACE('',(#279),#191,.T.);
#3569=ADVANCED_FACE('',(#280),#192,.F.);
#3570=ADVANCED_FACE('',(#281),#193,.F.);
#3571=ADVANCED_FACE('',(#282),#79,.T.);
#3572=ADVANCED_FACE('',(#283),#3478,.F.);
#3573=ADVANCED_FACE('',(#284),#80,.T.);
#3574=ADVANCED_FACE('',(#285),#3479,.T.);
#3575=ADVANCED_FACE('',(#286),#81,.T.);
#3576=ADVANCED_FACE('',(#287),#3480,.F.);
#3577=ADVANCED_FACE('',(#288),#82,.T.);
#3578=ADVANCED_FACE('',(#289),#3481,.T.);
#3579=ADVANCED_FACE('',(#290),#83,.T.);
#3580=ADVANCED_FACE('',(#291),#3482,.T.);
#3581=ADVANCED_FACE('',(#292),#84,.T.);
#3582=ADVANCED_FACE('',(#293),#3483,.F.);
#3583=ADVANCED_FACE('',(#294),#85,.T.);
#3584=ADVANCED_FACE('',(#295),#3484,.T.);
#3585=ADVANCED_FACE('',(#296),#86,.T.);
#3586=ADVANCED_FACE('',(#297),#3485,.F.);
#3587=ADVANCED_FACE('',(#298),#87,.T.);
#3588=ADVANCED_FACE('',(#299),#3486,.T.);
#3589=ADVANCED_FACE('',(#300),#88,.T.);
#3590=ADVANCED_FACE('',(#301),#3487,.F.);
#3591=ADVANCED_FACE('',(#302),#89,.T.);
#3592=ADVANCED_FACE('',(#303),#3488,.T.);
#3593=ADVANCED_FACE('',(#304),#90,.T.);
#3594=ADVANCED_FACE('',(#305),#3489,.T.);
#3595=ADVANCED_FACE('',(#306),#91,.T.);
#3596=ADVANCED_FACE('',(#307),#3490,.F.);
#3597=ADVANCED_FACE('',(#308),#92,.T.);
#3598=ADVANCED_FACE('',(#309),#3491,.T.);
#3599=ADVANCED_FACE('',(#310),#194,.T.);
#3600=ADVANCED_FACE('',(#311),#93,.F.);
#3601=ADVANCED_FACE('',(#312),#195,.F.);
#3602=ADVANCED_FACE('',(#313),#94,.F.);
#3603=ADVANCED_FACE('',(#314),#196,.T.);
#3604=ADVANCED_FACE('',(#315),#95,.F.);
#3605=ADVANCED_FACE('',(#316),#197,.T.);
#3606=ADVANCED_FACE('',(#317),#96,.F.);
#3607=ADVANCED_FACE('',(#318),#198,.F.);
#3608=ADVANCED_FACE('',(#319),#97,.F.);
#3609=ADVANCED_FACE('',(#320),#199,.T.);
#3610=ADVANCED_FACE('',(#321),#98,.F.);
#3611=ADVANCED_FACE('',(#322),#200,.F.);
#3612=ADVANCED_FACE('',(#323),#99,.F.);
#3613=ADVANCED_FACE('',(#324,#35),#100,.F.);
#3614=ADVANCED_FACE('',(#325),#101,.T.);
#3615=ADVANCED_FACE('',(#326),#102,.T.);
#3616=ADVANCED_FACE('',(#327),#103,.T.);
#3617=ADVANCED_FACE('',(#328),#104,.T.);
#3618=ADVANCED_FACE('',(#329),#17,.T.);
#3619=ADVANCED_FACE('',(#330),#105,.T.);
#3620=ADVANCED_FACE('',(#331),#106,.T.);
#3621=ADVANCED_FACE('',(#332),#3492,.T.);
#3622=ADVANCED_FACE('',(#333),#107,.T.);
#3623=ADVANCED_FACE('',(#334),#3493,.F.);
#3624=ADVANCED_FACE('',(#335),#108,.T.);
#3625=ADVANCED_FACE('',(#336),#109,.T.);
#3626=ADVANCED_FACE('',(#337),#110,.T.);
#3627=ADVANCED_FACE('',(#338),#111,.T.);
#3628=ADVANCED_FACE('',(#339),#112,.T.);
#3629=ADVANCED_FACE('',(#340),#3494,.F.);
#3630=ADVANCED_FACE('',(#341),#113,.T.);
#3631=ADVANCED_FACE('',(#342),#114,.T.);
#3632=ADVANCED_FACE('',(#343),#115,.T.);
#3633=ADVANCED_FACE('',(#344),#116,.T.);
#3634=ADVANCED_FACE('',(#345),#117,.T.);
#3635=ADVANCED_FACE('',(#346),#3495,.T.);
#3636=ADVANCED_FACE('',(#347),#118,.T.);
#3637=ADVANCED_FACE('',(#348),#119,.T.);
#3638=ADVANCED_FACE('',(#349),#18,.T.);
#3639=ADVANCED_FACE('',(#350),#120,.T.);
#3640=ADVANCED_FACE('',(#351),#121,.T.);
#3641=ADVANCED_FACE('',(#352),#122,.T.);
#3642=ADVANCED_FACE('',(#353),#3496,.T.);
#3643=ADVANCED_FACE('',(#354),#123,.T.);
#3644=ADVANCED_FACE('',(#355),#3497,.T.);
#3645=ADVANCED_FACE('',(#356),#124,.T.);
#3646=ADVANCED_FACE('',(#357),#125,.T.);
#3647=ADVANCED_FACE('',(#358),#3498,.T.);
#3648=ADVANCED_FACE('',(#359),#126,.T.);
#3649=ADVANCED_FACE('',(#360),#19,.T.);
#3650=ADVANCED_FACE('',(#361),#20,.T.);
#3651=ADVANCED_FACE('',(#362),#127,.F.);
#3652=ADVANCED_FACE('',(#363),#201,.F.);
#3653=ADVANCED_FACE('',(#364),#128,.T.);
#3654=ADVANCED_FACE('',(#365),#129,.T.);
#3655=ADVANCED_FACE('',(#366),#130,.T.);
#3656=ADVANCED_FACE('',(#367),#131,.T.);
#3657=ADVANCED_FACE('',(#368),#132,.T.);
#3658=ADVANCED_FACE('',(#369),#3499,.F.);
#3659=ADVANCED_FACE('',(#370),#133,.T.);
#3660=ADVANCED_FACE('',(#371),#134,.T.);
#3661=ADVANCED_FACE('',(#372),#135,.T.);
#3662=ADVANCED_FACE('',(#373),#136,.T.);
#3663=ADVANCED_FACE('',(#374),#137,.T.);
#3664=ADVANCED_FACE('',(#375),#3500,.F.);
#3665=ADVANCED_FACE('',(#376),#138,.T.);
#3666=ADVANCED_FACE('',(#377),#139,.T.);
#3667=ADVANCED_FACE('',(#378),#140,.T.);
#3668=ADVANCED_FACE('',(#379),#141,.T.);
#3669=ADVANCED_FACE('',(#380),#142,.T.);
#3670=ADVANCED_FACE('',(#381),#3501,.T.);
#3671=ADVANCED_FACE('',(#382),#143,.T.);
#3672=ADVANCED_FACE('',(#383),#144,.T.);
#3673=ADVANCED_FACE('',(#384),#21,.T.);
#3674=ADVANCED_FACE('',(#385),#145,.T.);
#3675=ADVANCED_FACE('',(#386),#146,.T.);
#3676=ADVANCED_FACE('',(#387),#147,.T.);
#3677=ADVANCED_FACE('',(#388),#3502,.T.);
#3678=ADVANCED_FACE('',(#389),#148,.T.);
#3679=ADVANCED_FACE('',(#390),#3503,.T.);
#3680=ADVANCED_FACE('',(#391),#149,.T.);
#3681=ADVANCED_FACE('',(#392),#150,.T.);
#3682=ADVANCED_FACE('',(#393),#3504,.T.);
#3683=ADVANCED_FACE('',(#394),#151,.T.);
#3684=ADVANCED_FACE('',(#395),#22,.T.);
#3685=ADVANCED_FACE('',(#396),#152,.T.);
#3686=ADVANCED_FACE('',(#397),#23,.T.);
#3687=ADVANCED_FACE('',(#398),#153,.T.);
#3688=ADVANCED_FACE('',(#399),#154,.T.);
#3689=ADVANCED_FACE('',(#400),#3505,.T.);
#3690=ADVANCED_FACE('',(#401),#155,.T.);
#3691=ADVANCED_FACE('',(#402),#24,.T.);
#3692=ADVANCED_FACE('',(#403),#156,.F.);
#3693=ADVANCED_FACE('',(#404),#202,.F.);
#3694=ADVANCED_FACE('',(#405),#157,.T.);
#3695=ADVANCED_FACE('',(#406),#158,.T.);
#3696=ADVANCED_FACE('',(#407),#159,.T.);
#3697=ADVANCED_FACE('',(#408),#160,.T.);
#3698=ADVANCED_FACE('',(#409),#161,.F.);
#3699=ADVANCED_FACE('',(#410),#203,.T.);
#3700=ADVANCED_FACE('',(#411),#162,.T.);
#3701=ADVANCED_FACE('',(#412),#163,.T.);
#3702=ADVANCED_FACE('',(#413,#36),#164,.T.);
#3703=ADVANCED_FACE('',(#414),#204,.T.);
#3704=ADVANCED_FACE('',(#415),#205,.T.);
#3705=ADVANCED_FACE('',(#416),#206,.T.);
#3706=ADVANCED_FACE('',(#417),#15,.F.);
#3707=ADVANCED_FACE('',(#418),#207,.F.);
#3708=ADVANCED_FACE('',(#419),#208,.F.);
#3709=ADVANCED_FACE('',(#420),#165,.F.);
#3710=ADVANCED_FACE('',(#421),#16,.F.);
#3711=ADVANCED_FACE('',(#422),#209,.F.);
#3712=ADVANCED_FACE('',(#423),#210,.F.);
#3713=ADVANCED_FACE('',(#424),#211,.T.);
#3714=ADVANCED_FACE('',(#425),#166,.T.);
#3715=ADVANCED_FACE('',(#426),#212,.T.);
#3716=ADVANCED_FACE('',(#427),#167,.F.);
#3717=ADVANCED_FACE('',(#428),#213,.T.);
#3718=ADVANCED_FACE('',(#429),#214,.T.);
#3719=ADVANCED_FACE('',(#430),#168,.F.);
#3720=ADVANCED_FACE('',(#431),#169,.T.);
#3721=ADVANCED_FACE('',(#432),#170,.T.);
#3722=ADVANCED_FACE('',(#433),#171,.T.);
#3723=ADVANCED_FACE('',(#434),#172,.F.);
#3724=ADVANCED_FACE('',(#435),#215,.F.);
#3725=ADVANCED_FACE('',(#436),#216,.T.);
#3726=CLOSED_SHELL('',(#3506,#3507,#3508,#3509,#3510,#3511,#3512,#3513,
#3514,#3515,#3516,#3517,#3518,#3519,#3520,#3521,#3522,#3523,#3524,#3525,
#3526,#3527,#3528,#3529,#3530,#3531,#3532,#3533,#3534,#3535,#3536,#3537,
#3538,#3539,#3540,#3541,#3542,#3543,#3544,#3545,#3546,#3547,#3548,#3549,
#3550,#3551,#3552,#3553,#3554,#3555,#3556,#3557,#3558,#3559,#3560,#3561,
#3562,#3563,#3564,#3565,#3566,#3567,#3568,#3569,#3570,#3571,#3572,#3573,
#3574,#3575,#3576,#3577,#3578,#3579,#3580,#3581,#3582,#3583,#3584,#3585,
#3586,#3587,#3588,#3589,#3590,#3591,#3592,#3593,#3594,#3595,#3596,#3597,
#3598,#3599,#3600,#3601,#3602,#3603,#3604,#3605,#3606,#3607,#3608,#3609,
#3610,#3611,#3612,#3613,#3614,#3615,#3616,#3617,#3618,#3619,#3620,#3621,
#3622,#3623,#3624,#3625,#3626,#3627,#3628,#3629,#3630,#3631,#3632,#3633,
#3634,#3635,#3636,#3637,#3638,#3639,#3640,#3641,#3642,#3643,#3644,#3645,
#3646,#3647,#3648,#3649,#3650,#3651,#3652,#3653,#3654,#3655,#3656,#3657,
#3658,#3659,#3660,#3661,#3662,#3663,#3664,#3665,#3666,#3667,#3668,#3669,
#3670,#3671,#3672,#3673,#3674,#3675,#3676,#3677,#3678,#3679,#3680,#3681,
#3682,#3683,#3684,#3685,#3686,#3687,#3688,#3689,#3690,#3691,#3692,#3693,
#3694,#3695,#3696,#3697,#3698,#3699,#3700,#3701,#3702,#3703,#3704,#3705,
#3706,#3707,#3708,#3709,#3710,#3711,#3712,#3713,#3714,#3715,#3716,#3717,
#3718,#3719,#3720,#3721,#3722,#3723,#3724,#3725));
#3727=DERIVED_UNIT_ELEMENT(#3729,1.);
#3728=DERIVED_UNIT_ELEMENT(#6487,-3.);
#3729=(
MASS_UNIT()
NAMED_UNIT(*)
SI_UNIT(.KILO.,.GRAM.)
);
#3730=DERIVED_UNIT((#3727,#3728));
#3731=MEASURE_REPRESENTATION_ITEM('density measure',
POSITIVE_RATIO_MEASURE(7850.),#3730);
#3732=PROPERTY_DEFINITION_REPRESENTATION(#3737,#3734);
#3733=PROPERTY_DEFINITION_REPRESENTATION(#3738,#3735);
#3734=REPRESENTATION('material name',(#3736),#6484);
#3735=REPRESENTATION('density',(#3731),#6484);
#3736=DESCRIPTIVE_REPRESENTATION_ITEM('Steel','Steel');
#3737=PROPERTY_DEFINITION('material property','material name',#6494);
#3738=PROPERTY_DEFINITION('material property','density of part',#6494);
#3739=AXIS2_PLACEMENT_3D('',#5175,#4095,#4096);
#3740=AXIS2_PLACEMENT_3D('',#5176,#4097,#4098);
#3741=AXIS2_PLACEMENT_3D('',#5178,#4099,#4100);
#3742=AXIS2_PLACEMENT_3D('',#5181,#4102,#4103);
#3743=AXIS2_PLACEMENT_3D('',#5182,#4104,#4105);
#3744=AXIS2_PLACEMENT_3D('',#5185,#4106,#4107);
#3745=AXIS2_PLACEMENT_3D('',#5186,#4108,#4109);
#3746=AXIS2_PLACEMENT_3D('',#5188,#4111,#4112);
#3747=AXIS2_PLACEMENT_3D('',#5198,#4114,#4115);
#3748=AXIS2_PLACEMENT_3D('',#5218,#4120,#4121);
#3749=AXIS2_PLACEMENT_3D('',#5229,#4125,#4126);
#3750=AXIS2_PLACEMENT_3D('',#5231,#4127,#4128);
#3751=AXIS2_PLACEMENT_3D('',#5233,#4130,#4131);
#3752=AXIS2_PLACEMENT_3D('',#5238,#4133,#4134);
#3753=AXIS2_PLACEMENT_3D('',#5240,#4135,#4136);
#3754=AXIS2_PLACEMENT_3D('',#5242,#4137,#4138);
#3755=AXIS2_PLACEMENT_3D('',#5246,#4140,#4141);
#3756=AXIS2_PLACEMENT_3D('',#5250,#4143,#4144);
#3757=AXIS2_PLACEMENT_3D('',#5252,#4145,#4146);
#3758=AXIS2_PLACEMENT_3D('',#5254,#4147,#4148);
#3759=AXIS2_PLACEMENT_3D('',#5257,#4150,#4151);
#3760=AXIS2_PLACEMENT_3D('',#5258,#4152,#4153);
#3761=AXIS2_PLACEMENT_3D('',#5267,#4156,#4157);
#3762=AXIS2_PLACEMENT_3D('',#5273,#4158,#4159);
#3763=AXIS2_PLACEMENT_3D('',#5274,#4160,#4161);
#3764=AXIS2_PLACEMENT_3D('',#5283,#4164,#4165);
#3765=AXIS2_PLACEMENT_3D('',#5285,#4166,#4167);
#3766=AXIS2_PLACEMENT_3D('',#5287,#4169,#4170);
#3767=AXIS2_PLACEMENT_3D('',#5290,#4172,#4173);
#3768=AXIS2_PLACEMENT_3D('',#5291,#4174,#4175);
#3769=AXIS2_PLACEMENT_3D('',#5293,#4176,#4177);
#3770=AXIS2_PLACEMENT_3D('',#5295,#4179,#4180);
#3771=AXIS2_PLACEMENT_3D('',#5297,#4182,#4183);
#3772=AXIS2_PLACEMENT_3D('',#5299,#4184,#4185);
#3773=AXIS2_PLACEMENT_3D('',#5304,#4186,#4187);
#3774=AXIS2_PLACEMENT_3D('',#5306,#4188,#4189);
#3775=AXIS2_PLACEMENT_3D('',#5308,#4191,#4192);
#3776=AXIS2_PLACEMENT_3D('',#5311,#4194,#4195);
#3777=AXIS2_PLACEMENT_3D('',#5312,#4196,#4197);
#3778=AXIS2_PLACEMENT_3D('',#5314,#4198,#4199);
#3779=AXIS2_PLACEMENT_3D('',#5316,#4201,#4202);
#3780=AXIS2_PLACEMENT_3D('',#5318,#4204,#4205);
#3781=AXIS2_PLACEMENT_3D('',#5322,#4207,#4208);
#3782=AXIS2_PLACEMENT_3D('',#5324,#4210,#4211);
#3783=AXIS2_PLACEMENT_3D('',#5356,#4222,#4223);
#3784=AXIS2_PLACEMENT_3D('',#5359,#4225,#4226);
#3785=AXIS2_PLACEMENT_3D('',#5360,#4227,#4228);
#3786=AXIS2_PLACEMENT_3D('',#5364,#4230,#4231);
#3787=AXIS2_PLACEMENT_3D('',#5366,#4232,#4233);
#3788=AXIS2_PLACEMENT_3D('',#5367,#4234,#4235);
#3789=AXIS2_PLACEMENT_3D('',#5368,#4236,#4237);
#3790=AXIS2_PLACEMENT_3D('',#5371,#4239,#4240);
#3791=AXIS2_PLACEMENT_3D('',#5372,#4241,#4242);
#3792=AXIS2_PLACEMENT_3D('',#5403,#4253,#4254);
#3793=AXIS2_PLACEMENT_3D('',#5406,#4255,#4256);
#3794=AXIS2_PLACEMENT_3D('',#5413,#4260,#4261);
#3795=AXIS2_PLACEMENT_3D('',#5414,#4262,#4263);
#3796=AXIS2_PLACEMENT_3D('',#5416,#4264,#4265);
#3797=AXIS2_PLACEMENT_3D('',#5419,#4267,#4268);
#3798=AXIS2_PLACEMENT_3D('',#5420,#4269,#4270);
#3799=AXIS2_PLACEMENT_3D('',#5424,#4272,#4273);
#3800=AXIS2_PLACEMENT_3D('',#5425,#4274,#4275);
#3801=AXIS2_PLACEMENT_3D('',#5426,#4276,#4277);
#3802=AXIS2_PLACEMENT_3D('',#5428,#4278,#4279);
#3803=AXIS2_PLACEMENT_3D('',#5431,#4281,#4282);
#3804=AXIS2_PLACEMENT_3D('',#5432,#4283,#4284);
#3805=AXIS2_PLACEMENT_3D('',#5436,#4286,#4287);
#3806=AXIS2_PLACEMENT_3D('',#5437,#4288,#4289);
#3807=AXIS2_PLACEMENT_3D('',#5438,#4290,#4291);
#3808=AXIS2_PLACEMENT_3D('',#5440,#4292,#4293);
#3809=AXIS2_PLACEMENT_3D('',#5443,#4295,#4296);
#3810=AXIS2_PLACEMENT_3D('',#5444,#4297,#4298);
#3811=AXIS2_PLACEMENT_3D('',#5450,#4302,#4303);
#3812=AXIS2_PLACEMENT_3D('',#5452,#4304,#4305);
#3813=AXIS2_PLACEMENT_3D('',#5455,#4307,#4308);
#3814=AXIS2_PLACEMENT_3D('',#5456,#4309,#4310);
#3815=AXIS2_PLACEMENT_3D('',#5460,#4312,#4313);
#3816=AXIS2_PLACEMENT_3D('',#5461,#4314,#4315);
#3817=AXIS2_PLACEMENT_3D('',#5462,#4316,#4317);
#3818=AXIS2_PLACEMENT_3D('',#5463,#4318,#4319);
#3819=AXIS2_PLACEMENT_3D('',#5466,#4321,#4322);
#3820=AXIS2_PLACEMENT_3D('',#5467,#4323,#4324);
#3821=AXIS2_PLACEMENT_3D('',#5469,#4326,#4327);
#3822=AXIS2_PLACEMENT_3D('',#5472,#4329,#4330);
#3823=AXIS2_PLACEMENT_3D('',#5473,#4331,#4332);
#3824=AXIS2_PLACEMENT_3D('',#5476,#4334,#4335);
#3825=AXIS2_PLACEMENT_3D('',#5477,#4336,#4337);
#3826=AXIS2_PLACEMENT_3D('',#5480,#4339,#4340);
#3827=AXIS2_PLACEMENT_3D('',#5481,#4341,#4342);
#3828=AXIS2_PLACEMENT_3D('',#5485,#4345,#4346);
#3829=AXIS2_PLACEMENT_3D('',#5488,#4348,#4349);
#3830=AXIS2_PLACEMENT_3D('',#5489,#4350,#4351);
#3831=AXIS2_PLACEMENT_3D('',#5492,#4353,#4354);
#3832=AXIS2_PLACEMENT_3D('',#5493,#4355,#4356);
#3833=AXIS2_PLACEMENT_3D('',#5496,#4358,#4359);
#3834=AXIS2_PLACEMENT_3D('',#5497,#4360,#4361);
#3835=AXIS2_PLACEMENT_3D('',#5500,#4363,#4364);
#3836=AXIS2_PLACEMENT_3D('',#5501,#4365,#4366);
#3837=AXIS2_PLACEMENT_3D('',#5504,#4368,#4369);
#3838=AXIS2_PLACEMENT_3D('',#5505,#4370,#4371);
#3839=AXIS2_PLACEMENT_3D('',#5531,#4380,#4381);
#3840=AXIS2_PLACEMENT_3D('',#5535,#4384,#4385);
#3841=AXIS2_PLACEMENT_3D('',#5537,#4386,#4387);
#3842=AXIS2_PLACEMENT_3D('',#5540,#4389,#4390);
#3843=AXIS2_PLACEMENT_3D('',#5541,#4391,#4392);
#3844=AXIS2_PLACEMENT_3D('',#5545,#4394,#4395);
#3845=AXIS2_PLACEMENT_3D('',#5546,#4396,#4397);
#3846=AXIS2_PLACEMENT_3D('',#5547,#4398,#4399);
#3847=AXIS2_PLACEMENT_3D('',#5549,#4400,#4401);
#3848=AXIS2_PLACEMENT_3D('',#5552,#4403,#4404);
#3849=AXIS2_PLACEMENT_3D('',#5553,#4405,#4406);
#3850=AXIS2_PLACEMENT_3D('',#5557,#4408,#4409);
#3851=AXIS2_PLACEMENT_3D('',#5558,#4410,#4411);
#3852=AXIS2_PLACEMENT_3D('',#5559,#4412,#4413);
#3853=AXIS2_PLACEMENT_3D('',#5561,#4414,#4415);
#3854=AXIS2_PLACEMENT_3D('',#5564,#4417,#4418);
#3855=AXIS2_PLACEMENT_3D('',#5565,#4419,#4420);
#3856=AXIS2_PLACEMENT_3D('',#5571,#4424,#4425);
#3857=AXIS2_PLACEMENT_3D('',#5573,#4426,#4427);
#3858=AXIS2_PLACEMENT_3D('',#5576,#4429,#4430);
#3859=AXIS2_PLACEMENT_3D('',#5577,#4431,#4432);
#3860=AXIS2_PLACEMENT_3D('',#5581,#4434,#4435);
#3861=AXIS2_PLACEMENT_3D('',#5582,#4436,#4437);
#3862=AXIS2_PLACEMENT_3D('',#5583,#4438,#4439);
#3863=AXIS2_PLACEMENT_3D('',#5585,#4440,#4441);
#3864=AXIS2_PLACEMENT_3D('',#5588,#4443,#4444);
#3865=AXIS2_PLACEMENT_3D('',#5589,#4445,#4446);
#3866=AXIS2_PLACEMENT_3D('',#5592,#4447,#4448);
#3867=AXIS2_PLACEMENT_3D('',#5596,#4451,#4452);
#3868=AXIS2_PLACEMENT_3D('',#5597,#4453,#4454);
#3869=AXIS2_PLACEMENT_3D('',#5628,#4465,#4466);
#3870=AXIS2_PLACEMENT_3D('',#5631,#4468,#4469);
#3871=AXIS2_PLACEMENT_3D('',#5632,#4470,#4471);
#3872=AXIS2_PLACEMENT_3D('',#5635,#4473,#4474);
#3873=AXIS2_PLACEMENT_3D('',#5636,#4475,#4476);
#3874=AXIS2_PLACEMENT_3D('',#5639,#4478,#4479);
#3875=AXIS2_PLACEMENT_3D('',#5640,#4480,#4481);
#3876=AXIS2_PLACEMENT_3D('',#5644,#4484,#4485);
#3877=AXIS2_PLACEMENT_3D('',#5647,#4487,#4488);
#3878=AXIS2_PLACEMENT_3D('',#5648,#4489,#4490);
#3879=AXIS2_PLACEMENT_3D('',#5651,#4492,#4493);
#3880=AXIS2_PLACEMENT_3D('',#5652,#4494,#4495);
#3881=AXIS2_PLACEMENT_3D('',#5655,#4497,#4498);
#3882=AXIS2_PLACEMENT_3D('',#5656,#4499,#4500);
#3883=AXIS2_PLACEMENT_3D('',#5659,#4502,#4503);
#3884=AXIS2_PLACEMENT_3D('',#5660,#4504,#4505);
#3885=AXIS2_PLACEMENT_3D('',#5661,#4506,#4507);
#3886=AXIS2_PLACEMENT_3D('',#5662,#4508,#4509);
#3887=AXIS2_PLACEMENT_3D('',#5671,#4514,#4515);
#3888=AXIS2_PLACEMENT_3D('',#5673,#4516,#4517);
#3889=AXIS2_PLACEMENT_3D('',#5676,#4519,#4520);
#3890=AXIS2_PLACEMENT_3D('',#5677,#4521,#4522);
#3891=AXIS2_PLACEMENT_3D('',#5683,#4526,#4527);
#3892=AXIS2_PLACEMENT_3D('',#5685,#4528,#4529);
#3893=AXIS2_PLACEMENT_3D('',#5688,#4531,#4532);
#3894=AXIS2_PLACEMENT_3D('',#5689,#4533,#4534);
#3895=AXIS2_PLACEMENT_3D('',#5695,#4538,#4539);
#3896=AXIS2_PLACEMENT_3D('',#5699,#4541,#4542);
#3897=AXIS2_PLACEMENT_3D('',#5700,#4543,#4544);
#3898=AXIS2_PLACEMENT_3D('',#5701,#4545,#4546);
#3899=AXIS2_PLACEMENT_3D('',#5707,#4550,#4551);
#3900=AXIS2_PLACEMENT_3D('',#5709,#4552,#4553);
#3901=AXIS2_PLACEMENT_3D('',#5712,#4555,#4556);
#3902=AXIS2_PLACEMENT_3D('',#5713,#4557,#4558);
#3903=AXIS2_PLACEMENT_3D('',#5719,#4562,#4563);
#3904=AXIS2_PLACEMENT_3D('',#5721,#4564,#4565);
#3905=AXIS2_PLACEMENT_3D('',#5724,#4567,#4568);
#3906=AXIS2_PLACEMENT_3D('',#5725,#4569,#4570);
#3907=AXIS2_PLACEMENT_3D('',#5731,#4574,#4575);
#3908=AXIS2_PLACEMENT_3D('',#5735,#4577,#4578);
#3909=AXIS2_PLACEMENT_3D('',#5736,#4579,#4580);
#3910=AXIS2_PLACEMENT_3D('',#5737,#4581,#4582);
#3911=AXIS2_PLACEMENT_3D('',#5743,#4586,#4587);
#3912=AXIS2_PLACEMENT_3D('',#5745,#4588,#4589);
#3913=AXIS2_PLACEMENT_3D('',#5748,#4591,#4592);
#3914=AXIS2_PLACEMENT_3D('',#5749,#4593,#4594);
#3915=AXIS2_PLACEMENT_3D('',#5755,#4598,#4599);
#3916=AXIS2_PLACEMENT_3D('',#5757,#4600,#4601);
#3917=AXIS2_PLACEMENT_3D('',#5760,#4603,#4604);
#3918=AXIS2_PLACEMENT_3D('',#5761,#4605,#4606);
#3919=AXIS2_PLACEMENT_3D('',#5767,#4610,#4611);
#3920=AXIS2_PLACEMENT_3D('',#5769,#4612,#4613);
#3921=AXIS2_PLACEMENT_3D('',#5772,#4615,#4616);
#3922=AXIS2_PLACEMENT_3D('',#5773,#4617,#4618);
#3923=AXIS2_PLACEMENT_3D('',#5779,#4622,#4623);
#3924=AXIS2_PLACEMENT_3D('',#5783,#4625,#4626);
#3925=AXIS2_PLACEMENT_3D('',#5784,#4627,#4628);
#3926=AXIS2_PLACEMENT_3D('',#5785,#4629,#4630);
#3927=AXIS2_PLACEMENT_3D('',#5791,#4634,#4635);
#3928=AXIS2_PLACEMENT_3D('',#5793,#4636,#4637);
#3929=AXIS2_PLACEMENT_3D('',#5796,#4639,#4640);
#3930=AXIS2_PLACEMENT_3D('',#5797,#4641,#4642);
#3931=AXIS2_PLACEMENT_3D('',#5803,#4646,#4647);
#3932=AXIS2_PLACEMENT_3D('',#5805,#4648,#4649);
#3933=AXIS2_PLACEMENT_3D('',#5808,#4651,#4652);
#3934=AXIS2_PLACEMENT_3D('',#5809,#4653,#4654);
#3935=AXIS2_PLACEMENT_3D('',#5815,#4658,#4659);
#3936=AXIS2_PLACEMENT_3D('',#5819,#4661,#4662);
#3937=AXIS2_PLACEMENT_3D('',#5820,#4663,#4664);
#3938=AXIS2_PLACEMENT_3D('',#5821,#4665,#4666);
#3939=AXIS2_PLACEMENT_3D('',#5827,#4670,#4671);
#3940=AXIS2_PLACEMENT_3D('',#5828,#4672,#4673);
#3941=AXIS2_PLACEMENT_3D('',#5829,#4674,#4675);
#3942=AXIS2_PLACEMENT_3D('',#5830,#4676,#4677);
#3943=AXIS2_PLACEMENT_3D('',#5834,#4679,#4680);
#3944=AXIS2_PLACEMENT_3D('',#5836,#4682,#4683);
#3945=AXIS2_PLACEMENT_3D('',#5844,#4688,#4689);
#3946=AXIS2_PLACEMENT_3D('',#5847,#4691,#4692);
#3947=AXIS2_PLACEMENT_3D('',#5848,#4693,#4694);
#3948=AXIS2_PLACEMENT_3D('',#5856,#4699,#4700);
#3949=AXIS2_PLACEMENT_3D('',#5859,#4702,#4703);
#3950=AXIS2_PLACEMENT_3D('',#5860,#4704,#4705);
#3951=AXIS2_PLACEMENT_3D('',#5864,#4708,#4709);
#3952=AXIS2_PLACEMENT_3D('',#5867,#4711,#4712);
#3953=AXIS2_PLACEMENT_3D('',#5868,#4713,#4714);
#3954=AXIS2_PLACEMENT_3D('',#5876,#4719,#4720);
#3955=AXIS2_PLACEMENT_3D('',#5879,#4722,#4723);
#3956=AXIS2_PLACEMENT_3D('',#5880,#4724,#4725);
#3957=AXIS2_PLACEMENT_3D('',#5888,#4730,#4731);
#3958=AXIS2_PLACEMENT_3D('',#5891,#4733,#4734);
#3959=AXIS2_PLACEMENT_3D('',#5892,#4735,#4736);
#3960=AXIS2_PLACEMENT_3D('',#5900,#4741,#4742);
#3961=AXIS2_PLACEMENT_3D('',#5903,#4744,#4745);
#3962=AXIS2_PLACEMENT_3D('',#5904,#4746,#4747);
#3963=AXIS2_PLACEMENT_3D('',#5912,#4752,#4753);
#3964=AXIS2_PLACEMENT_3D('',#5914,#4754,#4755);
#3965=AXIS2_PLACEMENT_3D('',#5915,#4756,#4757);
#3966=AXIS2_PLACEMENT_3D('',#5923,#4762,#4763);
#3967=AXIS2_PLACEMENT_3D('',#5929,#4767,#4768);
#3968=AXIS2_PLACEMENT_3D('',#5931,#4770,#4771);
#3969=AXIS2_PLACEMENT_3D('',#5962,#4776,#4777);
#3970=AXIS2_PLACEMENT_3D('',#5966,#4780,#4781);
#3971=AXIS2_PLACEMENT_3D('',#5971,#4785,#4786);
#3972=AXIS2_PLACEMENT_3D('',#5974,#4788,#4789);
#3973=AXIS2_PLACEMENT_3D('',#5975,#4790,#4791);
#3974=AXIS2_PLACEMENT_3D('',#5977,#4793,#4794);
#3975=AXIS2_PLACEMENT_3D('',#5980,#4796,#4797);
#3976=AXIS2_PLACEMENT_3D('',#5981,#4798,#4799);
#3977=AXIS2_PLACEMENT_3D('',#5987,#4803,#4804);
#3978=AXIS2_PLACEMENT_3D('',#5993,#4808,#4809);
#3979=AXIS2_PLACEMENT_3D('',#5995,#4811,#4812);
#3980=AXIS2_PLACEMENT_3D('',#6001,#4816,#4817);
#3981=AXIS2_PLACEMENT_3D('',#6009,#4822,#4823);
#3982=AXIS2_PLACEMENT_3D('',#6012,#4825,#4826);
#3983=AXIS2_PLACEMENT_3D('',#6013,#4827,#4828);
#3984=AXIS2_PLACEMENT_3D('',#6019,#4832,#4833);
#3985=AXIS2_PLACEMENT_3D('',#6022,#4836,#4837);
#3986=AXIS2_PLACEMENT_3D('',#6028,#4841,#4842);
#3987=AXIS2_PLACEMENT_3D('',#6030,#4844,#4845);
#3988=AXIS2_PLACEMENT_3D('',#6034,#4848,#4849);
#3989=AXIS2_PLACEMENT_3D('',#6037,#4851,#4852);
#3990=AXIS2_PLACEMENT_3D('',#6038,#4853,#4854);
#3991=AXIS2_PLACEMENT_3D('',#6040,#4856,#4857);
#3992=AXIS2_PLACEMENT_3D('',#6078,#4861,#4862);
#3993=AXIS2_PLACEMENT_3D('',#6080,#4864,#4865);
#3994=AXIS2_PLACEMENT_3D('',#6083,#4868,#4869);
#3995=AXIS2_PLACEMENT_3D('',#6087,#4872,#4873);
#3996=AXIS2_PLACEMENT_3D('',#6090,#4875,#4876);
#3997=AXIS2_PLACEMENT_3D('',#6091,#4877,#4878);
#3998=AXIS2_PLACEMENT_3D('',#6095,#4881,#4882);
#3999=AXIS2_PLACEMENT_3D('',#6098,#4884,#4885);
#4000=AXIS2_PLACEMENT_3D('',#6099,#4886,#4887);
#4001=AXIS2_PLACEMENT_3D('',#6101,#4889,#4890);
#4002=AXIS2_PLACEMENT_3D('',#6107,#4892,#4893);
#4003=AXIS2_PLACEMENT_3D('',#6112,#4894,#4895);
#4004=AXIS2_PLACEMENT_3D('',#6146,#4897,#4898);
#4005=AXIS2_PLACEMENT_3D('',#6150,#4901,#4902);
#4006=AXIS2_PLACEMENT_3D('',#6151,#4903,#4904);
#4007=AXIS2_PLACEMENT_3D('',#6152,#4905,#4906);
#4008=AXIS2_PLACEMENT_3D('',#6154,#4908,#4909);
#4009=AXIS2_PLACEMENT_3D('',#6156,#4911,#4912);
#4010=AXIS2_PLACEMENT_3D('',#6157,#4913,#4914);
#4011=AXIS2_PLACEMENT_3D('',#6158,#4915,#4916);
#4012=AXIS2_PLACEMENT_3D('',#6167,#4921,#4922);
#4013=AXIS2_PLACEMENT_3D('',#6171,#4924,#4925);
#4014=AXIS2_PLACEMENT_3D('',#6172,#4926,#4927);
#4015=AXIS2_PLACEMENT_3D('',#6173,#4928,#4929);
#4016=AXIS2_PLACEMENT_3D('',#6181,#4934,#4935);
#4017=AXIS2_PLACEMENT_3D('',#6188,#4939,#4940);
#4018=AXIS2_PLACEMENT_3D('',#6191,#4943,#4944);
#4019=AXIS2_PLACEMENT_3D('',#6198,#4948,#4949);
#4020=AXIS2_PLACEMENT_3D('',#6209,#4955,#4956);
#4021=AXIS2_PLACEMENT_3D('',#6213,#4958,#4959);
#4022=AXIS2_PLACEMENT_3D('',#6214,#4960,#4961);
#4023=AXIS2_PLACEMENT_3D('',#6215,#4962,#4963);
#4024=AXIS2_PLACEMENT_3D('',#6223,#4968,#4969);
#4025=AXIS2_PLACEMENT_3D('',#6229,#4973,#4974);
#4026=AXIS2_PLACEMENT_3D('',#6236,#4978,#4979);
#4027=AXIS2_PLACEMENT_3D('',#6239,#4982,#4983);
#4028=AXIS2_PLACEMENT_3D('',#6245,#4987,#4988);
#4029=AXIS2_PLACEMENT_3D('',#6247,#4989,#4990);
#4030=AXIS2_PLACEMENT_3D('',#6250,#4992,#4993);
#4031=AXIS2_PLACEMENT_3D('',#6251,#4994,#4995);
#4032=AXIS2_PLACEMENT_3D('',#6254,#4998,#4999);
#4033=AXIS2_PLACEMENT_3D('',#6292,#5003,#5004);
#4034=AXIS2_PLACEMENT_3D('',#6295,#5007,#5008);
#4035=AXIS2_PLACEMENT_3D('',#6298,#5011,#5012);
#4036=AXIS2_PLACEMENT_3D('',#6304,#5016,#5017);
#4037=AXIS2_PLACEMENT_3D('',#6306,#5018,#5019);
#4038=AXIS2_PLACEMENT_3D('',#6309,#5021,#5022);
#4039=AXIS2_PLACEMENT_3D('',#6310,#5023,#5024);
#4040=AXIS2_PLACEMENT_3D('',#6316,#5028,#5029);
#4041=AXIS2_PLACEMENT_3D('',#6318,#5030,#5031);
#4042=AXIS2_PLACEMENT_3D('',#6321,#5033,#5034);
#4043=AXIS2_PLACEMENT_3D('',#6322,#5035,#5036);
#4044=AXIS2_PLACEMENT_3D('',#6325,#5039,#5040);
#4045=AXIS2_PLACEMENT_3D('',#6331,#5042,#5043);
#4046=AXIS2_PLACEMENT_3D('',#6332,#5044,#5045);
#4047=AXIS2_PLACEMENT_3D('',#6337,#5046,#5047);
#4048=AXIS2_PLACEMENT_3D('',#6355,#5049,#5050);
#4049=AXIS2_PLACEMENT_3D('',#6388,#5056,#5057);
#4050=AXIS2_PLACEMENT_3D('',#6390,#5059,#5060);
#4051=AXIS2_PLACEMENT_3D('',#6394,#5063,#5064);
#4052=AXIS2_PLACEMENT_3D('',#6396,#5065,#5066);
#4053=AXIS2_PLACEMENT_3D('',#6399,#5068,#5069);
#4054=AXIS2_PLACEMENT_3D('',#6400,#5070,#5071);
#4055=AXIS2_PLACEMENT_3D('',#6419,#5074,#5075);
#4056=AXIS2_PLACEMENT_3D('',#6422,#5078,#5079);
#4057=AXIS2_PLACEMENT_3D('',#6424,#5081,#5082);
#4058=AXIS2_PLACEMENT_3D('',#6426,#5084,#5085);
#4059=AXIS2_PLACEMENT_3D('',#6429,#5088,#5089);
#4060=AXIS2_PLACEMENT_3D('',#6430,#5090,#5091);
#4061=AXIS2_PLACEMENT_3D('',#6431,#5092,#5093);
#4062=AXIS2_PLACEMENT_3D('',#6434,#5096,#5097);
#4063=AXIS2_PLACEMENT_3D('',#6435,#5098,#5099);
#4064=AXIS2_PLACEMENT_3D('',#6436,#5100,#5101);
#4065=AXIS2_PLACEMENT_3D('',#6438,#5103,#5104);
#4066=AXIS2_PLACEMENT_3D('',#6440,#5105,#5106);
#4067=AXIS2_PLACEMENT_3D('',#6441,#5107,#5108);
#4068=AXIS2_PLACEMENT_3D('',#6442,#5109,#5110);
#4069=AXIS2_PLACEMENT_3D('',#6444,#5112,#5113);
#4070=AXIS2_PLACEMENT_3D('',#6446,#5115,#5116);
#4071=AXIS2_PLACEMENT_3D('',#6447,#5117,#5118);
#4072=AXIS2_PLACEMENT_3D('',#6449,#5119,#5120);
#4073=AXIS2_PLACEMENT_3D('',#6450,#5121,#5122);
#4074=AXIS2_PLACEMENT_3D('',#6451,#5123,#5124);
#4075=AXIS2_PLACEMENT_3D('',#6453,#5126,#5127);
#4076=AXIS2_PLACEMENT_3D('',#6455,#5129,#5130);
#4077=AXIS2_PLACEMENT_3D('',#6457,#5132,#5133);
#4078=AXIS2_PLACEMENT_3D('',#6458,#5134,#5135);
#4079=AXIS2_PLACEMENT_3D('',#6459,#5136,#5137);
#4080=AXIS2_PLACEMENT_3D('',#6460,#5138,#5139);
#4081=AXIS2_PLACEMENT_3D('',#6461,#5140,#5141);
#4082=AXIS2_PLACEMENT_3D('',#6462,#5142,#5143);
#4083=AXIS2_PLACEMENT_3D('',#6463,#5144,#5145);
#4084=AXIS2_PLACEMENT_3D('',#6464,#5146,#5147);
#4085=AXIS2_PLACEMENT_3D('',#6466,#5149,#5150);
#4086=AXIS2_PLACEMENT_3D('',#6468,#5152,#5153);
#4087=AXIS2_PLACEMENT_3D('',#6470,#5155,#5156);
#4088=AXIS2_PLACEMENT_3D('',#6472,#5158,#5159);
#4089=AXIS2_PLACEMENT_3D('',#6474,#5161,#5162);
#4090=AXIS2_PLACEMENT_3D('',#6475,#5163,#5164);
#4091=AXIS2_PLACEMENT_3D('',#6476,#5165,#5166);
#4092=AXIS2_PLACEMENT_3D('',#6477,#5167,#5168);
#4093=AXIS2_PLACEMENT_3D('',#6479,#5170,#5171);
#4094=AXIS2_PLACEMENT_3D('',#6480,#5172,#5173);
#4095=DIRECTION('axis',(0.,0.,1.));
#4096=DIRECTION('refdir',(1.,0.,0.));
#4097=DIRECTION('center_axis',(0.,0.,-1.));
#4098=DIRECTION('ref_axis',(1.,0.,0.));
#4099=DIRECTION('center_axis',(0.,0.,1.));
#4100=DIRECTION('ref_axis',(1.,0.,0.));
#4101=DIRECTION('',(-0.707106781186547,-8.65956056235493E-17,-0.707106781186548));
#4102=DIRECTION('center_axis',(0.,0.,-1.));
#4103=DIRECTION('ref_axis',(1.,0.,0.));
#4104=DIRECTION('center_axis',(0.,0.,1.));
#4105=DIRECTION('ref_axis',(1.,0.,0.));
#4106=DIRECTION('center_axis',(0.,0.,-1.));
#4107=DIRECTION('ref_axis',(-1.,0.,0.));
#4108=DIRECTION('center_axis',(0.,0.,-1.));
#4109=DIRECTION('ref_axis',(-1.,0.,0.));
#4110=DIRECTION('',(0.,0.,-1.));
#4111=DIRECTION('center_axis',(0.,0.,-1.));
#4112=DIRECTION('ref_axis',(1.,0.,0.));
#4113=DIRECTION('',(1.,-1.39831013488869E-17,0.));
#4114=DIRECTION('center_axis',(0.,0.,1.));
#4115=DIRECTION('ref_axis',(1.,0.,0.));
#4116=DIRECTION('',(1.,-1.39831013488869E-17,0.));
#4117=DIRECTION('',(0.500000000000001,-0.866025403784438,0.));
#4118=DIRECTION('',(-0.499999999999999,-0.866025403784439,0.));
#4119=DIRECTION('',(-1.,0.,0.));
#4120=DIRECTION('center_axis',(0.,0.,1.));
#4121=DIRECTION('ref_axis',(1.,0.,0.));
#4122=DIRECTION('',(-1.,0.,0.));
#4123=DIRECTION('',(-0.5,0.866025403784438,0.));
#4124=DIRECTION('',(0.499999999999999,0.866025403784439,0.));
#4125=DIRECTION('center_axis',(0.,0.,1.));
#4126=DIRECTION('ref_axis',(-1.,0.,0.));
#4127=DIRECTION('center_axis',(0.,0.,1.));
#4128=DIRECTION('ref_axis',(-1.,0.,0.));
#4129=DIRECTION('',(-0.707106781186547,-8.65956056235493E-17,-0.707106781186548));
#4130=DIRECTION('center_axis',(0.,0.,1.));
#4131=DIRECTION('ref_axis',(-1.,0.,0.));
#4132=DIRECTION('',(1.,0.,0.));
#4133=DIRECTION('center_axis',(0.,0.,-1.));
#4134=DIRECTION('ref_axis',(-0.610025530237042,0.792381759292209,0.));
#4135=DIRECTION('center_axis',(0.,0.,-1.));
#4136=DIRECTION('ref_axis',(-1.,0.,0.));
#4137=DIRECTION('center_axis',(0.,0.,-1.));
#4138=DIRECTION('ref_axis',(-0.610025530237041,-0.792381759292209,0.));
#4139=DIRECTION('',(-1.,1.39831013488869E-17,0.));
#4140=DIRECTION('center_axis',(0.,0.,-1.));
#4141=DIRECTION('ref_axis',(1.,0.,0.));
#4142=DIRECTION('',(-1.,1.39831013488869E-17,0.));
#4143=DIRECTION('center_axis',(0.,0.,-1.));
#4144=DIRECTION('ref_axis',(0.610025530237039,-0.792381759292211,0.));
#4145=DIRECTION('center_axis',(0.,0.,-1.));
#4146=DIRECTION('ref_axis',(1.,0.,0.));
#4147=DIRECTION('center_axis',(0.,0.,-1.));
#4148=DIRECTION('ref_axis',(0.610025530237041,0.792381759292209,0.));
#4149=DIRECTION('',(1.,0.,0.));
#4150=DIRECTION('center_axis',(0.,0.,-1.));
#4151=DIRECTION('ref_axis',(1.,0.,0.));
#4152=DIRECTION('center_axis',(-9.88754578581671E-18,-0.707106781186548,
0.707106781186547));
#4153=DIRECTION('ref_axis',(1.,0.,1.3983101348887E-17));
#4154=DIRECTION('',(1.,-1.39831013488869E-17,0.));
#4155=DIRECTION('',(0.,0.707106781186547,0.707106781186548));
#4156=DIRECTION('center_axis',(0.,0.,-1.));
#4157=DIRECTION('ref_axis',(1.,0.,0.));
#4158=DIRECTION('center_axis',(0.,0.,1.));
#4159=DIRECTION('ref_axis',(1.,0.,0.));
#4160=DIRECTION('center_axis',(0.,0.707106781186546,0.707106781186549));
#4161=DIRECTION('ref_axis',(1.,0.,0.));
#4162=DIRECTION('',(-1.,0.,0.));
#4163=DIRECTION('',(0.,-0.707106781186549,0.707106781186546));
#4164=DIRECTION('center_axis',(0.,0.,-1.));
#4165=DIRECTION('ref_axis',(-0.610025530237042,0.792381759292209,0.));
#4166=DIRECTION('center_axis',(0.,0.,1.));
#4167=DIRECTION('ref_axis',(-0.610025530237042,0.792381759292209,0.));
#4168=DIRECTION('',(0.683592797754358,-0.180833865352625,0.707106781186546));
#4169=DIRECTION('center_axis',(0.,0.,-1.));
#4170=DIRECTION('ref_axis',(-1.,0.,0.));
#4171=DIRECTION('',(0.683592797754357,0.180833865352626,0.707106781186547));
#4172=DIRECTION('center_axis',(0.,0.,1.));
#4173=DIRECTION('ref_axis',(-1.,0.,0.));
#4174=DIRECTION('center_axis',(0.,0.,-1.));
#4175=DIRECTION('ref_axis',(-0.610025530237041,-0.792381759292209,0.));
#4176=DIRECTION('center_axis',(0.,0.,1.));
#4177=DIRECTION('ref_axis',(-0.610025530237041,-0.792381759292209,0.));
#4178=DIRECTION('',(0.,0.707106781186547,0.707106781186548));
#4179=DIRECTION('center_axis',(-9.88754578581669E-18,-0.707106781186547,
0.707106781186548));
#4180=DIRECTION('ref_axis',(1.,0.,1.39831013488869E-17));
#4181=DIRECTION('',(1.,-1.39831013488869E-17,0.));
#4182=DIRECTION('center_axis',(0.,0.,-1.));
#4183=DIRECTION('ref_axis',(1.,0.,0.));
#4184=DIRECTION('center_axis',(0.,0.,1.));
#4185=DIRECTION('ref_axis',(1.,0.,0.));
#4186=DIRECTION('center_axis',(0.,0.,-1.));
#4187=DIRECTION('ref_axis',(0.610025530237039,-0.792381759292211,0.));
#4188=DIRECTION('center_axis',(0.,0.,1.));
#4189=DIRECTION('ref_axis',(0.610025530237039,-0.792381759292211,0.));
#4190=DIRECTION('',(-0.683592797754356,0.180833865352625,0.707106781186548));
#4191=DIRECTION('center_axis',(0.,0.,-1.));
#4192=DIRECTION('ref_axis',(1.,0.,0.));
#4193=DIRECTION('',(-0.683592797754356,-0.180833865352624,0.707106781186548));
#4194=DIRECTION('center_axis',(0.,0.,1.));
#4195=DIRECTION('ref_axis',(1.,0.,0.));
#4196=DIRECTION('center_axis',(0.,0.,-1.));
#4197=DIRECTION('ref_axis',(0.610025530237041,0.79238175929221,0.));
#4198=DIRECTION('center_axis',(0.,0.,1.));
#4199=DIRECTION('ref_axis',(0.610025530237041,0.79238175929221,0.));
#4200=DIRECTION('',(0.,-0.707106781186549,0.707106781186546));
#4201=DIRECTION('center_axis',(0.,0.707106781186548,0.707106781186547));
#4202=DIRECTION('ref_axis',(1.,0.,0.));
#4203=DIRECTION('',(-1.,0.,0.));
#4204=DIRECTION('center_axis',(0.,0.,1.));
#4205=DIRECTION('ref_axis',(1.,0.,0.));
#4206=DIRECTION('',(0.,0.,1.));
#4207=DIRECTION('center_axis',(0.,0.,-1.));
#4208=DIRECTION('ref_axis',(1.,0.,0.));
#4209=DIRECTION('',(0.,0.,1.));
#4210=DIRECTION('center_axis',(-1.39831013488869E-17,-1.,0.));
#4211=DIRECTION('ref_axis',(1.,-1.39831013488869E-17,0.));
#4212=DIRECTION('',(0.,0.,1.));
#4213=DIRECTION('',(1.,-1.39831013488869E-17,0.));
#4214=DIRECTION('',(0.,0.,1.));
#4215=DIRECTION('',(-1.,1.39831013488869E-17,0.));
#4216=DIRECTION('',(0.,0.,1.));
#4217=DIRECTION('',(0.755928946018455,-1.05702310647333E-17,0.654653670707976));
#4218=DIRECTION('',(1.,-1.39831013488869E-17,0.));
#4219=DIRECTION('',(-0.755928946018457,1.05702310647334E-17,0.654653670707974));
#4220=DIRECTION('',(0.,0.,-1.));
#4221=DIRECTION('',(-1.,1.39831013488869E-17,0.));
#4222=DIRECTION('center_axis',(0.,0.,1.));
#4223=DIRECTION('ref_axis',(-0.610025530237041,-0.792381759292209,0.));
#4224=DIRECTION('',(0.,0.,-1.));
#4225=DIRECTION('center_axis',(-9.8875457858167E-18,-0.707106781186548,
0.707106781186547));
#4226=DIRECTION('ref_axis',(0.,-0.707106781186547,-0.707106781186548));
#4227=DIRECTION('center_axis',(0.,0.,1.));
#4228=DIRECTION('ref_axis',(-1.,0.,0.));
#4229=DIRECTION('',(0.,0.,1.));
#4230=DIRECTION('center_axis',(0.,0.707106781186548,0.707106781186547));
#4231=DIRECTION('ref_axis',(0.,-0.707106781186547,0.707106781186548));
#4232=DIRECTION('center_axis',(0.,0.,-1.));
#4233=DIRECTION('ref_axis',(-1.,0.,0.));
#4234=DIRECTION('center_axis',(-9.8875457858167E-18,-0.707106781186548,
0.707106781186547));
#4235=DIRECTION('ref_axis',(0.,-0.707106781186547,-0.707106781186548));
#4236=DIRECTION('center_axis',(0.,0.,1.));
#4237=DIRECTION('ref_axis',(-0.610025530237042,0.792381759292209,0.));
#4238=DIRECTION('',(0.,0.,1.));
#4239=DIRECTION('center_axis',(0.,0.707106781186548,0.707106781186547));
#4240=DIRECTION('ref_axis',(-4.9065389333868E-17,0.707106781186547,-0.707106781186548));
#4241=DIRECTION('center_axis',(0.,1.,0.));
#4242=DIRECTION('ref_axis',(-1.,0.,0.));
#4243=DIRECTION('',(0.,0.,1.));
#4244=DIRECTION('',(1.,0.,0.));
#4245=DIRECTION('',(0.,0.,1.));
#4246=DIRECTION('',(0.755928946018453,0.,-0.654653670707978));
#4247=DIRECTION('',(-1.,0.,0.));
#4248=DIRECTION('',(-0.755928946018454,0.,-0.654653670707978));
#4249=DIRECTION('',(0.,0.,-1.));
#4250=DIRECTION('',(1.,0.,0.));
#4251=DIRECTION('',(0.,0.,-1.));
#4252=DIRECTION('',(-1.,0.,0.));
#4253=DIRECTION('center_axis',(-9.8875457858167E-18,-0.707106781186548,
0.707106781186547));
#4254=DIRECTION('ref_axis',(1.,0.,1.39831013488869E-17));
#4255=DIRECTION('center_axis',(-9.8875457858167E-18,-0.707106781186548,
0.707106781186547));
#4256=DIRECTION('ref_axis',(0.,-0.707106781186547,-0.707106781186548));
#4257=DIRECTION('',(1.,-1.39831013488869E-17,0.));
#4258=DIRECTION('',(0.,0.707106781186547,0.707106781186548));
#4259=DIRECTION('',(-1.,1.39831013488869E-17,0.));
#4260=DIRECTION('center_axis',(-9.8875457858167E-18,-0.707106781186548,
0.707106781186547));
#4261=DIRECTION('ref_axis',(0.,-0.707106781186547,-0.707106781186548));
#4262=DIRECTION('center_axis',(0.,0.,1.));
#4263=DIRECTION('ref_axis',(0.798595706249926,0.601867840941168,0.));
#4264=DIRECTION('center_axis',(0.,0.,-1.));
#4265=DIRECTION('ref_axis',(0.798595706249926,0.601867840941168,0.));
#4266=DIRECTION('',(0.679740438493582,-0.194815133592212,0.707106781186548));
#4267=DIRECTION('center_axis',(0.,0.,1.));
#4268=DIRECTION('ref_axis',(0.798595706249926,0.601867840941168,0.));
#4269=DIRECTION('center_axis',(0.,0.,1.));
#4270=DIRECTION('ref_axis',(1.,0.,0.));
#4271=DIRECTION('',(0.592909156559263,-0.385303428570504,0.707106781186546));
#4272=DIRECTION('center_axis',(0.,0.,1.));
#4273=DIRECTION('ref_axis',(1.,0.,0.));
#4274=DIRECTION('center_axis',(0.,0.,-1.));
#4275=DIRECTION('ref_axis',(1.,0.,0.));
#4276=DIRECTION('center_axis',(0.,0.,-1.));
#4277=DIRECTION('ref_axis',(-0.984834898486514,-0.173494157604969,0.));
#4278=DIRECTION('center_axis',(0.,0.,1.));
#4279=DIRECTION('ref_axis',(-0.984834898486514,-0.173494157604969,0.));
#4280=DIRECTION('',(-0.592909156559263,0.385303428570504,0.707106781186546));
#4281=DIRECTION('center_axis',(0.,0.,-1.));
#4282=DIRECTION('ref_axis',(-0.984834898486514,-0.173494157604969,0.));
#4283=DIRECTION('center_axis',(0.,0.,-1.));
#4284=DIRECTION('ref_axis',(1.,0.,0.));
#4285=DIRECTION('',(-0.688347425022561,0.161795619424042,0.707106781186548));
#4286=DIRECTION('center_axis',(0.,0.,-1.));
#4287=DIRECTION('ref_axis',(1.,0.,0.));
#4288=DIRECTION('center_axis',(0.,0.,1.));
#4289=DIRECTION('ref_axis',(1.,0.,0.));
#4290=DIRECTION('center_axis',(0.,0.,1.));
#4291=DIRECTION('ref_axis',(-0.620961528871942,0.783841042342783,0.));
#4292=DIRECTION('center_axis',(0.,0.,-1.));
#4293=DIRECTION('ref_axis',(-0.620961528871942,0.783841042342783,0.));
#4294=DIRECTION('',(0.,0.707106781186547,0.707106781186548));
#4295=DIRECTION('center_axis',(0.,0.,1.));
#4296=DIRECTION('ref_axis',(-0.620961528871942,0.783841042342783,0.));
#4297=DIRECTION('center_axis',(-9.8875457858167E-18,-0.707106781186548,
0.707106781186547));
#4298=DIRECTION('ref_axis',(1.,0.,1.39831013488869E-17));
#4299=DIRECTION('',(0.,0.707106781186547,0.707106781186548));
#4300=DIRECTION('',(-1.,1.39831013488869E-17,0.));
#4301=DIRECTION('',(1.,-1.39831013488869E-17,0.));
#4302=DIRECTION('center_axis',(0.,0.,1.));
#4303=DIRECTION('ref_axis',(0.778779939999644,0.627297222259234,0.));
#4304=DIRECTION('center_axis',(0.,0.,-1.));
#4305=DIRECTION('ref_axis',(0.778779939999644,0.627297222259234,0.));
#4306=DIRECTION('',(0.690880792138954,-0.150611191660673,0.70710678118655));
#4307=DIRECTION('center_axis',(0.,0.,1.));
#4308=DIRECTION('ref_axis',(0.778779939999644,0.627297222259234,0.));
#4309=DIRECTION('center_axis',(0.,0.,1.));
#4310=DIRECTION('ref_axis',(1.,0.,0.));
#4311=DIRECTION('',(-0.690880792138956,-0.150611191660673,0.707106781186548));
#4312=DIRECTION('center_axis',(0.,0.,1.));
#4313=DIRECTION('ref_axis',(1.,0.,0.));
#4314=DIRECTION('center_axis',(0.,0.,-1.));
#4315=DIRECTION('ref_axis',(1.,0.,0.));
#4316=DIRECTION('center_axis',(0.,0.,1.));
#4317=DIRECTION('ref_axis',(-0.778779939999644,0.627297222259234,0.));
#4318=DIRECTION('center_axis',(0.,0.,-1.));
#4319=DIRECTION('ref_axis',(-0.778779939999644,0.627297222259234,0.));
#4320=DIRECTION('',(0.,0.707106781186548,0.707106781186547));
#4321=DIRECTION('center_axis',(0.,0.,1.));
#4322=DIRECTION('ref_axis',(-0.778779939999644,0.627297222259234,0.));
#4323=DIRECTION('center_axis',(-9.8875457858167E-18,-0.707106781186548,
0.707106781186547));
#4324=DIRECTION('ref_axis',(1.,0.,1.39831013488869E-17));
#4325=DIRECTION('',(-1.,1.39831013488869E-17,0.));
#4326=DIRECTION('center_axis',(0.,0.,1.));
#4327=DIRECTION('ref_axis',(-0.778779939999644,0.627297222259234,0.));
#4328=DIRECTION('',(0.,0.,-1.));
#4329=DIRECTION('center_axis',(0.,0.,1.));
#4330=DIRECTION('ref_axis',(-0.778779939999644,0.627297222259234,0.));
#4331=DIRECTION('center_axis',(0.,0.,1.));
#4332=DIRECTION('ref_axis',(1.,0.,0.));
#4333=DIRECTION('',(0.,0.,1.));
#4334=DIRECTION('center_axis',(0.,0.,1.));
#4335=DIRECTION('ref_axis',(1.,0.,0.));
#4336=DIRECTION('center_axis',(0.,0.,1.));
#4337=DIRECTION('ref_axis',(0.778779939999644,0.627297222259234,0.));
#4338=DIRECTION('',(0.,0.,-1.));
#4339=DIRECTION('center_axis',(0.,0.,1.));
#4340=DIRECTION('ref_axis',(0.778779939999644,0.627297222259234,0.));
#4341=DIRECTION('center_axis',(-1.39831013488869E-17,-1.,0.));
#4342=DIRECTION('ref_axis',(1.,-1.39831013488869E-17,0.));
#4343=DIRECTION('',(0.,0.,1.));
#4344=DIRECTION('',(-1.,1.39831013488869E-17,0.));
#4345=DIRECTION('center_axis',(0.,0.,1.));
#4346=DIRECTION('ref_axis',(-0.620961528871942,0.783841042342783,0.));
#4347=DIRECTION('',(0.,0.,-1.));
#4348=DIRECTION('center_axis',(0.,0.,1.));
#4349=DIRECTION('ref_axis',(-0.620961528871942,0.783841042342783,0.));
#4350=DIRECTION('center_axis',(0.,0.,1.));
#4351=DIRECTION('ref_axis',(1.,0.,0.));
#4352=DIRECTION('',(0.,0.,1.));
#4353=DIRECTION('center_axis',(0.,0.,-1.));
#4354=DIRECTION('ref_axis',(1.,0.,0.));
#4355=DIRECTION('center_axis',(0.,0.,1.));
#4356=DIRECTION('ref_axis',(-0.984834898486514,-0.173494157604969,0.));
#4357=DIRECTION('',(0.,0.,-1.));
#4358=DIRECTION('center_axis',(0.,0.,-1.));
#4359=DIRECTION('ref_axis',(-0.984834898486514,-0.173494157604969,0.));
#4360=DIRECTION('center_axis',(0.,0.,1.));
#4361=DIRECTION('ref_axis',(1.,0.,0.));
#4362=DIRECTION('',(0.,0.,1.));
#4363=DIRECTION('center_axis',(0.,0.,1.));
#4364=DIRECTION('ref_axis',(1.,0.,0.));
#4365=DIRECTION('center_axis',(0.,0.,1.));
#4366=DIRECTION('ref_axis',(0.798595706249926,0.601867840941168,0.));
#4367=DIRECTION('',(0.,0.,-1.));
#4368=DIRECTION('center_axis',(0.,0.,1.));
#4369=DIRECTION('ref_axis',(0.798595706249926,0.601867840941168,0.));
#4370=DIRECTION('center_axis',(-1.39831013488869E-17,-1.,0.));
#4371=DIRECTION('ref_axis',(1.,-1.39831013488869E-17,0.));
#4372=DIRECTION('',(-1.,1.39831013488869E-17,0.));
#4373=DIRECTION('',(0.,0.,1.));
#4374=DIRECTION('',(-0.755928946018456,1.05702310647333E-17,-0.654653670707976));
#4375=DIRECTION('',(1.,-1.39831013488869E-17,0.));
#4376=DIRECTION('',(0.755928946018454,-1.05702310647333E-17,-0.654653670707977));
#4377=DIRECTION('',(0.,0.,-1.));
#4378=DIRECTION('',(-1.,1.39831013488869E-17,0.));
#4379=DIRECTION('',(0.,0.,1.));
#4380=DIRECTION('center_axis',(0.,0.707106781186548,0.707106781186547));
#4381=DIRECTION('ref_axis',(1.,0.,0.));
#4382=DIRECTION('',(0.,-0.707106781186547,0.707106781186548));
#4383=DIRECTION('',(1.,0.,0.));
#4384=DIRECTION('center_axis',(0.,0.,1.));
#4385=DIRECTION('ref_axis',(-0.798595706249922,-0.601867840941172,0.));
#4386=DIRECTION('center_axis',(0.,0.,-1.));
#4387=DIRECTION('ref_axis',(-0.798595706249922,-0.601867840941172,0.));
#4388=DIRECTION('',(-0.679740438493582,0.194815133592212,0.707106781186548));
#4389=DIRECTION('center_axis',(0.,0.,1.));
#4390=DIRECTION('ref_axis',(-0.798595706249922,-0.601867840941172,0.));
#4391=DIRECTION('center_axis',(0.,0.,1.));
#4392=DIRECTION('ref_axis',(-1.,0.,0.));
#4393=DIRECTION('',(-0.592909156559261,0.385303428570504,0.707106781186547));
#4394=DIRECTION('center_axis',(0.,0.,1.));
#4395=DIRECTION('ref_axis',(-1.,0.,0.));
#4396=DIRECTION('center_axis',(0.,0.,-1.));
#4397=DIRECTION('ref_axis',(-1.,0.,0.));
#4398=DIRECTION('center_axis',(0.,0.,-1.));
#4399=DIRECTION('ref_axis',(-0.173494157604969,0.984834898486514,0.));
#4400=DIRECTION('center_axis',(0.,0.,1.));
#4401=DIRECTION('ref_axis',(-0.173494157604969,0.984834898486514,0.));
#4402=DIRECTION('',(0.592909156559262,-0.385303428570501,0.707106781186548));
#4403=DIRECTION('center_axis',(0.,0.,-1.));
#4404=DIRECTION('ref_axis',(-0.173494157604969,0.984834898486514,0.));
#4405=DIRECTION('center_axis',(0.,0.,-1.));
#4406=DIRECTION('ref_axis',(-1.,0.,0.));
#4407=DIRECTION('',(0.688347425022559,-0.161795619424039,0.70710678118655));
#4408=DIRECTION('center_axis',(0.,0.,-1.));
#4409=DIRECTION('ref_axis',(-1.,0.,0.));
#4410=DIRECTION('center_axis',(0.,0.,1.));
#4411=DIRECTION('ref_axis',(-1.,0.,0.));
#4412=DIRECTION('center_axis',(0.,0.,1.));
#4413=DIRECTION('ref_axis',(0.620961528871945,-0.783841042342781,0.));
#4414=DIRECTION('center_axis',(0.,0.,-1.));
#4415=DIRECTION('ref_axis',(0.620961528871945,-0.783841042342781,0.));
#4416=DIRECTION('',(0.,-0.707106781186549,0.707106781186546));
#4417=DIRECTION('center_axis',(0.,0.,1.));
#4418=DIRECTION('ref_axis',(0.620961528871945,-0.783841042342781,0.));
#4419=DIRECTION('center_axis',(0.,0.707106781186548,0.707106781186547));
#4420=DIRECTION('ref_axis',(1.,0.,0.));
#4421=DIRECTION('',(0.,-0.707106781186547,0.707106781186548));
#4422=DIRECTION('',(1.,0.,0.));
#4423=DIRECTION('',(-1.,0.,0.));
#4424=DIRECTION('center_axis',(0.,0.,1.));
#4425=DIRECTION('ref_axis',(-0.778779939999644,-0.627297222259234,0.));
#4426=DIRECTION('center_axis',(0.,0.,-1.));
#4427=DIRECTION('ref_axis',(-0.778779939999644,-0.627297222259234,0.));
#4428=DIRECTION('',(-0.690880792138954,0.150611191660672,0.70710678118655));
#4429=DIRECTION('center_axis',(0.,0.,1.));
#4430=DIRECTION('ref_axis',(-0.778779939999644,-0.627297222259234,0.));
#4431=DIRECTION('center_axis',(0.,0.,1.));
#4432=DIRECTION('ref_axis',(1.,0.,0.));
#4433=DIRECTION('',(0.690880792138956,0.150611191660673,0.707106781186548));
#4434=DIRECTION('center_axis',(0.,0.,1.));
#4435=DIRECTION('ref_axis',(1.,0.,0.));
#4436=DIRECTION('center_axis',(0.,0.,-1.));
#4437=DIRECTION('ref_axis',(1.,0.,0.));
#4438=DIRECTION('center_axis',(0.,0.,1.));
#4439=DIRECTION('ref_axis',(0.778779939999644,-0.627297222259234,0.));
#4440=DIRECTION('center_axis',(0.,0.,-1.));
#4441=DIRECTION('ref_axis',(0.778779939999644,-0.627297222259234,0.));
#4442=DIRECTION('',(0.,-0.707106781186546,0.707106781186549));
#4443=DIRECTION('center_axis',(0.,0.,1.));
#4444=DIRECTION('ref_axis',(0.778779939999644,-0.627297222259234,0.));
#4445=DIRECTION('center_axis',(0.,0.707106781186548,0.707106781186547));
#4446=DIRECTION('ref_axis',(1.,0.,0.));
#4447=DIRECTION('center_axis',(0.,0.707106781186548,0.707106781186547));
#4448=DIRECTION('ref_axis',(0.,-0.707106781186547,0.707106781186548));
#4449=DIRECTION('',(1.,0.,0.));
#4450=DIRECTION('',(-1.,0.,0.));
#4451=DIRECTION('center_axis',(0.,0.707106781186548,0.707106781186547));
#4452=DIRECTION('ref_axis',(-4.9065389333868E-17,0.707106781186547,-0.707106781186548));
#4453=DIRECTION('center_axis',(0.,1.,0.));
#4454=DIRECTION('ref_axis',(-1.,0.,0.));
#4455=DIRECTION('',(0.,0.,1.));
#4456=DIRECTION('',(0.,0.,1.));
#4457=DIRECTION('',(1.,0.,0.));
#4458=DIRECTION('',(0.,0.,1.));
#4459=DIRECTION('',(-0.755928946018455,0.,0.654653670707977));
#4460=DIRECTION('',(-1.,0.,0.));
#4461=DIRECTION('',(0.755928946018457,0.,0.654653670707974));
#4462=DIRECTION('',(0.,0.,-1.));
#4463=DIRECTION('',(1.,0.,0.));
#4464=DIRECTION('',(0.,0.,1.));
#4465=DIRECTION('center_axis',(0.,0.,1.));
#4466=DIRECTION('ref_axis',(0.778779939999644,-0.627297222259234,0.));
#4467=DIRECTION('',(0.,0.,-1.));
#4468=DIRECTION('center_axis',(0.,0.,1.));
#4469=DIRECTION('ref_axis',(0.778779939999644,-0.627297222259234,0.));
#4470=DIRECTION('center_axis',(0.,0.,1.));
#4471=DIRECTION('ref_axis',(1.,0.,0.));
#4472=DIRECTION('',(0.,0.,1.));
#4473=DIRECTION('center_axis',(0.,0.,1.));
#4474=DIRECTION('ref_axis',(1.,0.,0.));
#4475=DIRECTION('center_axis',(0.,0.,1.));
#4476=DIRECTION('ref_axis',(-0.778779939999644,-0.627297222259234,0.));
#4477=DIRECTION('',(0.,0.,-1.));
#4478=DIRECTION('center_axis',(0.,0.,1.));
#4479=DIRECTION('ref_axis',(-0.778779939999644,-0.627297222259234,0.));
#4480=DIRECTION('center_axis',(0.,1.,0.));
#4481=DIRECTION('ref_axis',(-1.,0.,0.));
#4482=DIRECTION('',(0.,0.,1.));
#4483=DIRECTION('',(1.,0.,0.));
#4484=DIRECTION('center_axis',(0.,0.,1.));
#4485=DIRECTION('ref_axis',(0.620961528871945,-0.783841042342781,0.));
#4486=DIRECTION('',(0.,0.,-1.));
#4487=DIRECTION('center_axis',(0.,0.,1.));
#4488=DIRECTION('ref_axis',(0.620961528871945,-0.783841042342781,0.));
#4489=DIRECTION('center_axis',(0.,0.,1.));
#4490=DIRECTION('ref_axis',(1.,0.,0.));
#4491=DIRECTION('',(0.,0.,1.));
#4492=DIRECTION('center_axis',(0.,0.,-1.));
#4493=DIRECTION('ref_axis',(1.,0.,0.));
#4494=DIRECTION('center_axis',(0.,0.,1.));
#4495=DIRECTION('ref_axis',(-0.173494157604969,0.984834898486514,0.));
#4496=DIRECTION('',(0.,0.,-1.));
#4497=DIRECTION('center_axis',(0.,0.,-1.));
#4498=DIRECTION('ref_axis',(0.984834898486514,0.17349415760497,0.));
#4499=DIRECTION('center_axis',(0.,0.,1.));
#4500=DIRECTION('ref_axis',(1.,0.,0.));
#4501=DIRECTION('',(0.,0.,1.));
#4502=DIRECTION('center_axis',(0.,0.,1.));
#4503=DIRECTION('ref_axis',(1.,0.,0.));
#4504=DIRECTION('center_axis',(0.,0.,1.));
#4505=DIRECTION('ref_axis',(-0.798595706249922,-0.601867840941172,0.));
#4506=DIRECTION('center_axis',(0.,0.,1.));
#4507=DIRECTION('ref_axis',(-0.798595706249922,-0.601867840941172,0.));
#4508=DIRECTION('center_axis',(0.612372435695795,-0.353553390593273,-0.707106781186548));
#4509=DIRECTION('ref_axis',(-0.755928946018455,0.,-0.654653670707977));
#4510=DIRECTION('',(-0.612372435695795,0.353553390593274,-0.707106781186547));
#4511=DIRECTION('',(0.499999999999999,0.866025403784439,0.));
#4512=DIRECTION('',(0.612372435695795,-0.353553390593274,0.707106781186547));
#4513=DIRECTION('',(-0.499999999999999,-0.866025403784439,0.));
#4514=DIRECTION('center_axis',(0.,0.,-1.));
#4515=DIRECTION('ref_axis',(-1.,-8.0123445265982E-17,0.));
#4516=DIRECTION('center_axis',(0.,0.,1.));
#4517=DIRECTION('ref_axis',(-1.,-8.01234452659821E-17,0.));
#4518=DIRECTION('',(-0.612372435695796,-0.353553390593276,-0.707106781186545));
#4519=DIRECTION('center_axis',(0.,0.,-1.));
#4520=DIRECTION('ref_axis',(-1.,-8.0123445265982E-17,0.));
#4521=DIRECTION('center_axis',(0.612372435695794,0.353553390593274,-0.707106781186548));
#4522=DIRECTION('ref_axis',(-0.755928946018455,0.,-0.654653670707976));
#4523=DIRECTION('',(-0.612372435695794,-0.353553390593274,-0.707106781186548));
#4524=DIRECTION('',(-0.500000000000001,0.866025403784438,0.));
#4525=DIRECTION('',(0.500000000000001,-0.866025403784438,0.));
#4526=DIRECTION('center_axis',(0.,0.,1.));
#4527=DIRECTION('ref_axis',(1.,0.,0.));
#4528=DIRECTION('center_axis',(0.,0.,-1.));
#4529=DIRECTION('ref_axis',(1.,0.,0.));
#4530=DIRECTION('',(-0.612372435695795,0.353553390593274,-0.707106781186547));
#4531=DIRECTION('center_axis',(0.,0.,1.));
#4532=DIRECTION('ref_axis',(1.,0.,0.));
#4533=DIRECTION('center_axis',(0.612372435695794,-0.353553390593274,-0.707106781186548));
#4534=DIRECTION('ref_axis',(-0.755928946018455,0.,-0.654653670707977));
#4535=DIRECTION('',(-0.612372435695795,0.353553390593276,-0.707106781186547));
#4536=DIRECTION('',(0.5,0.866025403784438,0.));
#4537=DIRECTION('',(-0.5,-0.866025403784438,0.));
#4538=DIRECTION('center_axis',(0.,0.,-1.));
#4539=DIRECTION('ref_axis',(-1.,0.,0.));
#4540=DIRECTION('',(0.612372435695794,-0.353553390593274,-0.707106781186548));
#4541=DIRECTION('center_axis',(0.,0.,-1.));
#4542=DIRECTION('ref_axis',(-1.,0.,0.));
#4543=DIRECTION('center_axis',(0.,0.,1.));
#4544=DIRECTION('ref_axis',(-1.,0.,0.));
#4545=DIRECTION('center_axis',(-0.612372435695794,0.353553390593275,-0.707106781186547));
#4546=DIRECTION('ref_axis',(-0.755928946018455,0.,0.654653670707977));
#4547=DIRECTION('',(0.612372435695794,-0.353553390593274,-0.707106781186548));
#4548=DIRECTION('',(-0.500000000000001,-0.866025403784438,0.));
#4549=DIRECTION('',(0.500000000000001,0.866025403784438,0.));
#4550=DIRECTION('center_axis',(0.,0.,1.));
#4551=DIRECTION('ref_axis',(-0.5,0.866025403784439,0.));
#4552=DIRECTION('center_axis',(0.,0.,-1.));
#4553=DIRECTION('ref_axis',(-0.5,0.866025403784439,0.));
#4554=DIRECTION('',(9.81307786677357E-16,-0.707106781186549,-0.707106781186546));
#4555=DIRECTION('center_axis',(0.,0.,1.));
#4556=DIRECTION('ref_axis',(-0.5,0.866025403784439,0.));
#4557=DIRECTION('center_axis',(-5.03607390929821E-16,0.707106781186547,
-0.707106781186548));
#4558=DIRECTION('ref_axis',(-1.,0.,7.12208402364282E-16));
#4559=DIRECTION('',(9.81307786677359E-16,-0.707106781186548,-0.707106781186547));
#4560=DIRECTION('',(-1.,-7.12208402364283E-16,0.));
#4561=DIRECTION('',(1.,7.12208402364283E-16,0.));
#4562=DIRECTION('center_axis',(0.,0.,1.));
#4563=DIRECTION('ref_axis',(0.499999999999999,0.866025403784439,0.));
#4564=DIRECTION('center_axis',(0.,0.,-1.));
#4565=DIRECTION('ref_axis',(0.499999999999999,0.866025403784439,0.));
#4566=DIRECTION('',(-0.612372435695794,-0.353553390593274,-0.707106781186548));
#4567=DIRECTION('center_axis',(0.,0.,1.));
#4568=DIRECTION('ref_axis',(0.499999999999999,0.866025403784439,0.));
#4569=DIRECTION('center_axis',(0.612372435695794,0.353553390593274,-0.707106781186548));
#4570=DIRECTION('ref_axis',(-0.755928946018455,0.,-0.654653670707977));
#4571=DIRECTION('',(-0.612372435695792,-0.353553390593278,-0.707106781186547));
#4572=DIRECTION('',(-0.500000000000001,0.866025403784438,0.));
#4573=DIRECTION('',(0.500000000000001,-0.866025403784438,0.));
#4574=DIRECTION('center_axis',(0.,0.,-1.));
#4575=DIRECTION('ref_axis',(1.,0.,0.));
#4576=DIRECTION('',(0.612372435695794,0.353553390593274,-0.707106781186548));
#4577=DIRECTION('center_axis',(0.,0.,-1.));
#4578=DIRECTION('ref_axis',(1.,0.,0.));
#4579=DIRECTION('center_axis',(0.,0.,1.));
#4580=DIRECTION('ref_axis',(1.,0.,0.));
#4581=DIRECTION('center_axis',(-0.612372435695795,-0.353553390593275,-0.707106781186547));
#4582=DIRECTION('ref_axis',(-0.755928946018454,0.,0.654653670707978));
#4583=DIRECTION('',(0.612372435695794,0.353553390593274,-0.707106781186548));
#4584=DIRECTION('',(0.500000000000001,-0.866025403784438,0.));
#4585=DIRECTION('',(-0.500000000000001,0.866025403784438,0.));
#4586=DIRECTION('center_axis',(0.,0.,1.));
#4587=DIRECTION('ref_axis',(-1.,0.,0.));
#4588=DIRECTION('center_axis',(0.,0.,-1.));
#4589=DIRECTION('ref_axis',(-1.,0.,0.));
#4590=DIRECTION('',(0.612372435695795,-0.353553390593274,-0.707106781186547));
#4591=DIRECTION('center_axis',(0.,0.,1.));
#4592=DIRECTION('ref_axis',(-1.,0.,0.));
#4593=DIRECTION('center_axis',(-0.612372435695794,0.353553390593273,-0.707106781186549));
#4594=DIRECTION('ref_axis',(-0.755928946018456,0.,0.654653670707976));
#4595=DIRECTION('',(0.612372435695797,-0.353553390593271,-0.707106781186547));
#4596=DIRECTION('',(-0.499999999999999,-0.866025403784439,0.));
#4597=DIRECTION('',(0.499999999999999,0.866025403784439,0.));
#4598=DIRECTION('center_axis',(0.,0.,-1.));
#4599=DIRECTION('ref_axis',(1.,4.8074067159589E-16,0.));
#4600=DIRECTION('center_axis',(0.,0.,1.));
#4601=DIRECTION('ref_axis',(1.,4.8074067159589E-16,0.));
#4602=DIRECTION('',(0.612372435695795,0.353553390593274,-0.707106781186547));
#4603=DIRECTION('center_axis',(0.,0.,-1.));
#4604=DIRECTION('ref_axis',(1.,4.8074067159589E-16,0.));
#4605=DIRECTION('center_axis',(-0.612372435695794,-0.353553390593274,-0.707106781186548));
#4606=DIRECTION('ref_axis',(-0.755928946018455,0.,0.654653670707976));
#4607=DIRECTION('',(0.612372435695793,0.353553390593276,-0.707106781186547));
#4608=DIRECTION('',(0.5,-0.866025403784438,0.));
#4609=DIRECTION('',(-0.5,0.866025403784438,0.));
#4610=DIRECTION('center_axis',(0.,0.,1.));
#4611=DIRECTION('ref_axis',(-1.,0.,0.));
#4612=DIRECTION('center_axis',(0.,0.,-1.));
#4613=DIRECTION('ref_axis',(-1.,0.,0.));
#4614=DIRECTION('',(0.612372435695795,-0.353553390593276,-0.707106781186547));
#4615=DIRECTION('center_axis',(0.,0.,1.));
#4616=DIRECTION('ref_axis',(-1.,0.,0.));
#4617=DIRECTION('center_axis',(-0.612372435695794,0.353553390593275,-0.707106781186547));
#4618=DIRECTION('ref_axis',(-0.755928946018454,0.,0.654653670707977));
#4619=DIRECTION('',(0.612372435695794,-0.353553390593274,-0.707106781186548));
#4620=DIRECTION('',(-0.500000000000001,-0.866025403784438,0.));
#4621=DIRECTION('',(0.500000000000001,0.866025403784438,0.));
#4622=DIRECTION('center_axis',(0.,0.,-1.));
#4623=DIRECTION('ref_axis',(1.,0.,0.));
#4624=DIRECTION('',(-0.612372435695794,0.353553390593274,-0.707106781186548));
#4625=DIRECTION('center_axis',(0.,0.,-1.));
#4626=DIRECTION('ref_axis',(1.,0.,0.));
#4627=DIRECTION('center_axis',(0.,0.,1.));
#4628=DIRECTION('ref_axis',(1.,0.,0.));
#4629=DIRECTION('center_axis',(0.612372435695793,-0.353553390593274,-0.707106781186549));
#4630=DIRECTION('ref_axis',(-0.755928946018456,0.,-0.654653670707976));
#4631=DIRECTION('',(-0.612372435695794,0.353553390593277,-0.707106781186547));
#4632=DIRECTION('',(0.500000000000001,0.866025403784438,0.));
#4633=DIRECTION('',(-0.500000000000001,-0.866025403784438,0.));
#4634=DIRECTION('center_axis',(0.,0.,1.));
#4635=DIRECTION('ref_axis',(0.5,-0.866025403784439,0.));
#4636=DIRECTION('center_axis',(0.,0.,-1.));
#4637=DIRECTION('ref_axis',(0.5,-0.866025403784439,0.));
#4638=DIRECTION('',(-9.81307786677357E-16,0.707106781186549,-0.707106781186546));
#4639=DIRECTION('center_axis',(0.,0.,1.));
#4640=DIRECTION('ref_axis',(0.5,-0.866025403784439,0.));
#4641=DIRECTION('center_axis',(4.19672825774851E-16,-0.707106781186547,
-0.707106781186548));
#4642=DIRECTION('ref_axis',(-1.,0.,-5.93507001970235E-16));
#4643=DIRECTION('',(0.,0.707106781186548,-0.707106781186547));
#4644=DIRECTION('',(1.,5.93507001970235E-16,0.));
#4645=DIRECTION('',(-1.,-5.93507001970235E-16,0.));
#4646=DIRECTION('center_axis',(0.,0.,1.));
#4647=DIRECTION('ref_axis',(-0.499999999999999,-0.866025403784439,0.));
#4648=DIRECTION('center_axis',(0.,0.,-1.));
#4649=DIRECTION('ref_axis',(-0.499999999999999,-0.866025403784439,0.));
#4650=DIRECTION('',(0.612372435695794,0.353553390593274,-0.707106781186547));
#4651=DIRECTION('center_axis',(0.,0.,1.));
#4652=DIRECTION('ref_axis',(-0.499999999999999,-0.866025403784439,0.));
#4653=DIRECTION('center_axis',(-0.612372435695794,-0.353553390593274,-0.707106781186548));
#4654=DIRECTION('ref_axis',(-0.755928946018455,0.,0.654653670707977));
#4655=DIRECTION('',(0.612372435695792,0.353553390593278,-0.707106781186547));
#4656=DIRECTION('',(0.500000000000001,-0.866025403784438,0.));
#4657=DIRECTION('',(-0.500000000000001,0.866025403784438,0.));
#4658=DIRECTION('center_axis',(0.,0.,-1.));
#4659=DIRECTION('ref_axis',(-1.,0.,0.));
#4660=DIRECTION('',(-0.612372435695795,-0.353553390593274,-0.707106781186547));
#4661=DIRECTION('center_axis',(0.,0.,-1.));
#4662=DIRECTION('ref_axis',(-1.,0.,0.));
#4663=DIRECTION('center_axis',(0.,0.,1.));
#4664=DIRECTION('ref_axis',(-1.,0.,0.));
#4665=DIRECTION('center_axis',(0.612372435695795,0.353553390593275,-0.707106781186547));
#4666=DIRECTION('ref_axis',(-0.755928946018454,0.,-0.654653670707978));
#4667=DIRECTION('',(-0.612372435695793,-0.353553390593275,-0.707106781186549));
#4668=DIRECTION('',(-0.500000000000001,0.866025403784438,0.));
#4669=DIRECTION('',(0.500000000000001,-0.866025403784438,0.));
#4670=DIRECTION('center_axis',(0.,0.,1.));
#4671=DIRECTION('ref_axis',(1.,0.,0.));
#4672=DIRECTION('center_axis',(0.,0.,-1.));
#4673=DIRECTION('ref_axis',(1.,0.,0.));
#4674=DIRECTION('center_axis',(0.,0.,1.));
#4675=DIRECTION('ref_axis',(1.,0.,0.));
#4676=DIRECTION('center_axis',(0.,0.,1.));
#4677=DIRECTION('ref_axis',(-1.,0.,0.));
#4678=DIRECTION('',(0.,0.,1.));
#4679=DIRECTION('center_axis',(0.,0.,1.));
#4680=DIRECTION('ref_axis',(-1.,0.,0.));
#4681=DIRECTION('',(0.,0.,-1.));
#4682=DIRECTION('center_axis',(0.866025403784438,0.500000000000001,0.));
#4683=DIRECTION('ref_axis',(-0.500000000000001,0.866025403784438,0.));
#4684=DIRECTION('',(0.,0.,1.));
#4685=DIRECTION('',(0.500000000000001,-0.866025403784438,0.));
#4686=DIRECTION('',(0.,0.,-1.));
#4687=DIRECTION('',(0.500000000000001,-0.866025403784438,0.));
#4688=DIRECTION('center_axis',(0.,0.,1.));
#4689=DIRECTION('ref_axis',(1.,0.,0.));
#4690=DIRECTION('',(0.,0.,1.));
#4691=DIRECTION('center_axis',(0.,0.,-1.));
#4692=DIRECTION('ref_axis',(1.,0.,0.));
#4693=DIRECTION('center_axis',(-0.866025403784438,-0.500000000000001,0.));
#4694=DIRECTION('ref_axis',(0.500000000000001,-0.866025403784438,0.));
#4695=DIRECTION('',(0.,0.,-1.));
#4696=DIRECTION('',(-0.500000000000001,0.866025403784438,0.));
#4697=DIRECTION('',(0.,0.,1.));
#4698=DIRECTION('',(-0.500000000000001,0.866025403784438,0.));
#4699=DIRECTION('center_axis',(0.,0.,1.));
#4700=DIRECTION('ref_axis',(0.499999999999999,0.866025403784439,0.));
#4701=DIRECTION('',(0.,0.,1.));
#4702=DIRECTION('center_axis',(0.,0.,1.));
#4703=DIRECTION('ref_axis',(0.499999999999999,0.866025403784439,0.));
#4704=DIRECTION('center_axis',(7.12208402364283E-16,-1.,0.));
#4705=DIRECTION('ref_axis',(1.,7.12208402364283E-16,0.));
#4706=DIRECTION('',(0.,0.,-1.));
#4707=DIRECTION('',(-1.,-7.12208402364283E-16,0.));
#4708=DIRECTION('center_axis',(0.,0.,1.));
#4709=DIRECTION('ref_axis',(-0.5,0.866025403784439,0.));
#4710=DIRECTION('',(0.,0.,1.));
#4711=DIRECTION('center_axis',(0.,0.,1.));
#4712=DIRECTION('ref_axis',(-0.5,0.866025403784439,0.));
#4713=DIRECTION('center_axis',(0.866025403784438,-0.500000000000001,0.));
#4714=DIRECTION('ref_axis',(0.500000000000001,0.866025403784438,0.));
#4715=DIRECTION('',(0.,0.,1.));
#4716=DIRECTION('',(-0.500000000000001,-0.866025403784438,0.));
#4717=DIRECTION('',(0.,0.,-1.));
#4718=DIRECTION('',(-0.500000000000001,-0.866025403784438,0.));
#4719=DIRECTION('center_axis',(0.,0.,1.));
#4720=DIRECTION('ref_axis',(-0.500000000000001,-0.866025403784438,0.));
#4721=DIRECTION('',(0.,0.,1.));
#4722=DIRECTION('center_axis',(0.,0.,-1.));
#4723=DIRECTION('ref_axis',(-1.,0.,0.));
#4724=DIRECTION('center_axis',(-0.866025403784438,0.5,0.));
#4725=DIRECTION('ref_axis',(-0.5,-0.866025403784438,0.));
#4726=DIRECTION('',(0.,0.,-1.));
#4727=DIRECTION('',(0.5,0.866025403784438,0.));
#4728=DIRECTION('',(0.,0.,1.));
#4729=DIRECTION('',(0.5,0.866025403784438,0.));
#4730=DIRECTION('center_axis',(0.,0.,1.));
#4731=DIRECTION('ref_axis',(1.,0.,0.));
#4732=DIRECTION('',(0.,0.,1.));
#4733=DIRECTION('center_axis',(0.,0.,1.));
#4734=DIRECTION('ref_axis',(1.,0.,0.));
#4735=DIRECTION('center_axis',(-0.866025403784438,-0.500000000000001,0.));
#4736=DIRECTION('ref_axis',(0.500000000000001,-0.866025403784438,0.));
#4737=DIRECTION('',(0.,0.,-1.));
#4738=DIRECTION('',(-0.500000000000001,0.866025403784438,0.));
#4739=DIRECTION('',(0.,0.,1.));
#4740=DIRECTION('',(-0.500000000000001,0.866025403784438,0.));
#4741=DIRECTION('center_axis',(0.,0.,1.));
#4742=DIRECTION('ref_axis',(-1.,-8.01234452659821E-17,0.));
#4743=DIRECTION('',(0.,0.,1.));
#4744=DIRECTION('center_axis',(0.,0.,-1.));
#4745=DIRECTION('ref_axis',(-0.866025403784439,0.499999999999999,0.));
#4746=DIRECTION('center_axis',(-0.866025403784439,0.499999999999999,0.));
#4747=DIRECTION('ref_axis',(-0.499999999999999,-0.866025403784439,0.));
#4748=DIRECTION('',(0.,0.,-1.));
#4749=DIRECTION('',(0.499999999999999,0.866025403784439,0.));
#4750=DIRECTION('',(0.,0.,-1.));
#4751=DIRECTION('',(0.499999999999999,0.866025403784439,0.));
#4752=DIRECTION('center_axis',(0.,0.,1.));
#4753=DIRECTION('ref_axis',(1.,0.,0.));
#4754=DIRECTION('center_axis',(0.,0.,1.));
#4755=DIRECTION('ref_axis',(1.,0.,0.));
#4756=DIRECTION('center_axis',(-0.612372435695795,-0.353553390593275,0.707106781186547));
#4757=DIRECTION('ref_axis',(0.755928946018454,0.,0.654653670707978));
#4758=DIRECTION('',(0.612372435695793,0.353553390593275,0.707106781186549));
#4759=DIRECTION('',(-0.500000000000001,0.866025403784438,0.));
#4760=DIRECTION('',(-0.377964473009227,-0.654653670707976,-0.654653670707979));
#4761=DIRECTION('',(-0.755928946018454,0.,-0.654653670707977));
#4762=DIRECTION('center_axis',(0.,-0.66141119215689,0.750023489558561));
#4763=DIRECTION('ref_axis',(1.,0.,0.));
#4764=DIRECTION('',(0.313981515099779,0.712094123608839,0.627963030199555));
#4765=DIRECTION('',(-1.,0.,0.));
#4766=DIRECTION('',(0.313981515099776,-0.71209412360884,-0.627963030199555));
#4767=DIRECTION('center_axis',(0.,-1.,0.));
#4768=DIRECTION('ref_axis',(0.,0.,-1.));
#4769=DIRECTION('',(0.,0.,1.));
#4770=DIRECTION('center_axis',(0.612372435695794,-0.353553390593275,0.707106781186547));
#4771=DIRECTION('ref_axis',(0.755928946018454,0.,-0.654653670707977));
#4772=DIRECTION('',(-0.500000000000001,-0.866025403784438,0.));
#4773=DIRECTION('',(0.500000000000001,0.866025403784438,0.));
#4774=DIRECTION('',(-0.222643010122334,0.740647559477227,-0.63393318471594));
#4775=DIRECTION('',(0.500000000000001,-0.866025403784438,0.));
#4776=DIRECTION('center_axis',(-0.866025403784439,-0.5,0.));
#4777=DIRECTION('ref_axis',(0.,0.,1.));
#4778=DIRECTION('',(0.,0.,-1.));
#4779=DIRECTION('',(0.377964473009229,-0.654653670707978,0.654653670707975));
#4780=DIRECTION('center_axis',(-0.612372435695794,0.353553390593273,0.707106781186549));
#4781=DIRECTION('ref_axis',(0.755928946018456,0.,0.654653670707976));
#4782=DIRECTION('',(-0.499999999999999,-0.866025403784439,0.));
#4783=DIRECTION('',(0.612372435695796,-0.353553390593273,0.707106781186546));
#4784=DIRECTION('',(0.499999999999999,0.866025403784439,0.));
#4785=DIRECTION('center_axis',(0.,0.,-1.));
#4786=DIRECTION('ref_axis',(-1.,0.,0.));
#4787=DIRECTION('',(0.612372435695795,0.353553390593274,0.707106781186547));
#4788=DIRECTION('center_axis',(0.,0.,-1.));
#4789=DIRECTION('ref_axis',(-1.,0.,0.));
#4790=DIRECTION('center_axis',(-0.612372435695794,-0.353553390593274,0.707106781186548));
#4791=DIRECTION('ref_axis',(0.755928946018455,0.,0.654653670707976));
#4792=DIRECTION('',(-0.500000000000001,0.866025403784438,0.));
#4793=DIRECTION('center_axis',(0.,0.,1.));
#4794=DIRECTION('ref_axis',(1.,0.,0.));
#4795=DIRECTION('',(-0.612372435695794,-0.353553390593274,0.707106781186548));
#4796=DIRECTION('center_axis',(0.,0.,1.));
#4797=DIRECTION('ref_axis',(1.,0.,0.));
#4798=DIRECTION('center_axis',(0.612372435695794,0.353553390593274,0.707106781186548));
#4799=DIRECTION('ref_axis',(0.755928946018455,0.,-0.654653670707977));
#4800=DIRECTION('',(0.500000000000001,-0.866025403784438,0.));
#4801=DIRECTION('',(-0.377964473009226,-0.654653670707978,0.654653670707977));
#4802=DIRECTION('',(-0.755928946018455,3.19477616868295E-16,0.654653670707977));
#4803=DIRECTION('center_axis',(0.572798894755217,-0.330705596078444,0.750023489558562));
#4804=DIRECTION('ref_axis',(0.79474037420506,0.,-0.606949534647157));
#4805=DIRECTION('',(-0.459700843380984,0.627963030199554,0.627963030199554));
#4806=DIRECTION('',(-0.499999999999999,-0.866025403784439,0.));
#4807=DIRECTION('',(0.773682358480761,-0.0841310934092853,-0.627963030199554));
#4808=DIRECTION('center_axis',(0.866025403784439,-0.499999999999999,0.));
#4809=DIRECTION('ref_axis',(0.,0.,-1.));
#4810=DIRECTION('',(0.,0.,-1.));
#4811=DIRECTION('center_axis',(-0.572798894755217,-0.330705596078445,0.750023489558562));
#4812=DIRECTION('ref_axis',(0.79474037420506,0.,0.606949534647157));
#4813=DIRECTION('',(0.77368235848076,0.0841310934092853,0.627963030199555));
#4814=DIRECTION('',(-0.5,0.866025403784439,0.));
#4815=DIRECTION('',(-0.459700843380984,-0.627963030199553,-0.627963030199555));
#4816=DIRECTION('center_axis',(-0.612372435695793,0.353553390593274,0.707106781186549));
#4817=DIRECTION('ref_axis',(0.755928946018456,0.,0.654653670707976));
#4818=DIRECTION('',(0.612372435695795,-0.353553390593274,0.707106781186547));
#4819=DIRECTION('',(0.500000000000001,0.866025403784438,0.));
#4820=DIRECTION('',(-0.755928946018456,3.19477616868296E-16,-0.654653670707976));
#4821=DIRECTION('',(-0.377964473009227,0.654653670707977,-0.654653670707977));
#4822=DIRECTION('center_axis',(0.,0.,1.));
#4823=DIRECTION('ref_axis',(-1.,0.,0.));
#4824=DIRECTION('',(-0.612372435695794,0.353553390593274,0.707106781186548));
#4825=DIRECTION('center_axis',(0.,0.,1.));
#4826=DIRECTION('ref_axis',(-1.,0.,0.));
#4827=DIRECTION('center_axis',(0.612372435695795,-0.353553390593274,0.707106781186547));
#4828=DIRECTION('ref_axis',(0.755928946018454,0.,-0.654653670707977));
#4829=DIRECTION('',(-0.5,-0.866025403784438,0.));
#4830=DIRECTION('',(-0.755928946018455,0.,0.654653670707977));
#4831=DIRECTION('',(-0.377964473009227,0.654653670707977,0.654653670707978));
#4832=DIRECTION('center_axis',(0.866025403784439,-0.499999999999999,0.));
#4833=DIRECTION('ref_axis',(0.,0.,-1.));
#4834=DIRECTION('',(-0.499999999999999,-0.866025403784439,0.));
#4835=DIRECTION('',(0.377964473009228,0.65465367070798,-0.654653670707973));
#4836=DIRECTION('center_axis',(0.,-0.661411192156888,0.750023489558563));
#4837=DIRECTION('ref_axis',(1.,0.,0.));
#4838=DIRECTION('',(0.313981515099775,0.712094123608841,0.627963030199554));
#4839=DIRECTION('',(-1.,0.,0.));
#4840=DIRECTION('',(0.313981515099775,-0.712094123608842,-0.627963030199553));
#4841=DIRECTION('center_axis',(0.,-1.,0.));
#4842=DIRECTION('ref_axis',(0.,0.,-1.));
#4843=DIRECTION('',(0.,0.,-1.));
#4844=DIRECTION('center_axis',(0.612372435695795,-0.353553390593274,0.707106781186547));
#4845=DIRECTION('ref_axis',(0.755928946018454,0.,-0.654653670707977));
#4846=DIRECTION('',(-0.612372435695794,0.353553390593274,0.707106781186548));
#4847=DIRECTION('',(-0.5,-0.866025403784438,0.));
#4848=DIRECTION('center_axis',(0.,0.,-1.));
#4849=DIRECTION('ref_axis',(1.,0.,0.));
#4850=DIRECTION('',(-0.612372435695794,-0.353553390593274,0.707106781186548));
#4851=DIRECTION('center_axis',(0.,0.,-1.));
#4852=DIRECTION('ref_axis',(1.,0.,0.));
#4853=DIRECTION('center_axis',(0.612372435695792,0.353553390593273,0.70710678118655));
#4854=DIRECTION('ref_axis',(0.755928946018457,0.,-0.654653670707974));
#4855=DIRECTION('',(0.500000000000001,-0.866025403784438,0.));
#4856=DIRECTION('center_axis',(-0.612372435695794,-0.353553390593273,0.707106781186548));
#4857=DIRECTION('ref_axis',(0.755928946018455,0.,0.654653670707976));
#4858=DIRECTION('',(0.5,-0.866025403784439,0.));
#4859=DIRECTION('',(-0.5,0.866025403784439,0.));
#4860=DIRECTION('',(-0.222643010122336,-0.740647559477228,0.633933184715939));
#4861=DIRECTION('center_axis',(-0.866025403784439,-0.5,0.));
#4862=DIRECTION('ref_axis',(0.,0.,1.));
#4863=DIRECTION('',(0.,0.,1.));
#4864=DIRECTION('center_axis',(-2.98843946266048E-16,-0.707106781186547,
0.707106781186548));
#4865=DIRECTION('ref_axis',(1.,0.,4.22629161842541E-16));
#4866=DIRECTION('',(-1.,4.22629161842541E-16,0.));
#4867=DIRECTION('',(1.,-4.22629161842541E-16,0.));
#4868=DIRECTION('center_axis',(0.612372435695794,0.353553390593275,0.707106781186547));
#4869=DIRECTION('ref_axis',(0.755928946018455,0.,-0.654653670707977));
#4870=DIRECTION('',(-0.612372435695794,-0.353553390593274,0.707106781186547));
#4871=DIRECTION('',(0.500000000000001,-0.866025403784438,0.));
#4872=DIRECTION('center_axis',(0.,0.,-1.));
#4873=DIRECTION('ref_axis',(0.499999999999999,0.866025403784439,0.));
#4874=DIRECTION('',(0.,-0.70710678118655,0.707106781186545));
#4875=DIRECTION('center_axis',(0.,0.,-1.));
#4876=DIRECTION('ref_axis',(0.499999999999999,0.866025403784439,0.));
#4877=DIRECTION('center_axis',(-5.03607390929824E-16,0.707106781186551,
0.707106781186544));
#4878=DIRECTION('ref_axis',(1.,0.,7.1220840236429E-16));
#4879=DIRECTION('',(9.81307786677364E-16,-0.707106781186544,0.707106781186551));
#4880=DIRECTION('',(1.,7.12208402364283E-16,0.));
#4881=DIRECTION('center_axis',(0.,0.,-1.));
#4882=DIRECTION('ref_axis',(-0.5,0.866025403784438,0.));
#4883=DIRECTION('',(0.612372435695795,-0.353553390593274,0.707106781186547));
#4884=DIRECTION('center_axis',(0.,0.,-1.));
#4885=DIRECTION('ref_axis',(-0.5,0.866025403784439,0.));
#4886=DIRECTION('center_axis',(-0.612372435695794,0.353553390593275,0.707106781186547));
#4887=DIRECTION('ref_axis',(0.755928946018454,0.,0.654653670707977));
#4888=DIRECTION('',(0.500000000000001,0.866025403784438,0.));
#4889=DIRECTION('center_axis',(-9.88754578581671E-18,-0.707106781186548,
-0.707106781186547));
#4890=DIRECTION('ref_axis',(-1.,0.,1.39831013488869E-17));
#4891=DIRECTION('',(0.,0.707106781186547,-0.707106781186548));
#4892=DIRECTION('center_axis',(0.,0.,1.));
#4893=DIRECTION('ref_axis',(1.,0.,0.));
#4894=DIRECTION('center_axis',(-9.8875457858167E-18,-0.707106781186548,
-0.707106781186547));
#4895=DIRECTION('ref_axis',(-1.,0.,1.39831013488869E-17));
#4896=DIRECTION('',(0.,-0.707106781186547,0.707106781186548));
#4897=DIRECTION('center_axis',(0.866025403784439,-0.5,0.));
#4898=DIRECTION('ref_axis',(0.499999999999999,0.866025403784439,0.));
#4899=DIRECTION('',(-0.499999999999999,-0.866025403784439,0.));
#4900=DIRECTION('',(0.,0.,1.));
#4901=DIRECTION('center_axis',(0.5,0.866025403784439,0.));
#4902=DIRECTION('ref_axis',(0.612372435695795,-0.353553390593273,0.707106781186547));
#4903=DIRECTION('center_axis',(-0.499999999999999,-0.866025403784439,0.));
#4904=DIRECTION('ref_axis',(0.,0.,1.));
#4905=DIRECTION('center_axis',(-4.22629161842541E-16,-1.,0.));
#4906=DIRECTION('ref_axis',(1.,-4.22629161842541E-16,0.));
#4907=DIRECTION('',(-1.,4.22629161842541E-16,0.));
#4908=DIRECTION('center_axis',(-0.866025403784439,-0.5,0.));
#4909=DIRECTION('ref_axis',(0.5,-0.866025403784439,0.));
#4910=DIRECTION('',(-0.5,0.866025403784439,0.));
#4911=DIRECTION('center_axis',(0.,0.,1.));
#4912=DIRECTION('ref_axis',(1.,0.,0.));
#4913=DIRECTION('center_axis',(0.,0.,1.));
#4914=DIRECTION('ref_axis',(1.,0.,0.));
#4915=DIRECTION('center_axis',(0.612372435695795,0.353553390593275,0.707106781186547));
#4916=DIRECTION('ref_axis',(0.755928946018454,0.,-0.654653670707978));
#4917=DIRECTION('',(-0.377964473009227,-0.654653670707976,0.654653670707978));
#4918=DIRECTION('',(-0.500000000000001,0.866025403784438,0.));
#4919=DIRECTION('',(-0.612372435695793,-0.353553390593275,0.707106781186549));
#4920=DIRECTION('',(0.500000000000001,-0.866025403784438,0.));
#4921=DIRECTION('center_axis',(0.,0.,1.));
#4922=DIRECTION('ref_axis',(-1.,0.,0.));
#4923=DIRECTION('',(0.612372435695793,0.353553390593275,0.707106781186549));
#4924=DIRECTION('center_axis',(0.,0.,1.));
#4925=DIRECTION('ref_axis',(-1.,0.,0.));
#4926=DIRECTION('center_axis',(0.,0.,-1.));
#4927=DIRECTION('ref_axis',(-1.,0.,0.));
#4928=DIRECTION('center_axis',(-0.612372435695793,-0.353553390593274,0.707106781186549));
#4929=DIRECTION('ref_axis',(0.755928946018456,0.,0.654653670707976));
#4930=DIRECTION('',(-0.500000000000001,0.866025403784438,0.));
#4931=DIRECTION('',(0.500000000000001,-0.866025403784438,0.));
#4932=DIRECTION('',(0.377964473009226,0.65465367070798,0.654653670707975));
#4933=DIRECTION('',(0.755928946018456,-4.79216425302443E-16,0.654653670707975));
#4934=DIRECTION('center_axis',(-0.572798894755217,0.330705596078443,0.750023489558563));
#4935=DIRECTION('ref_axis',(0.794740374205061,0.,0.606949534647157));
#4936=DIRECTION('',(0.459700843380985,-0.627963030199554,0.627963030199553));
#4937=DIRECTION('',(0.499999999999998,0.86602540378444,0.));
#4938=DIRECTION('',(-0.77368235848076,0.084131093409287,-0.627963030199554));
#4939=DIRECTION('center_axis',(-0.86602540378444,0.499999999999998,0.));
#4940=DIRECTION('ref_axis',(0.,0.,1.));
#4941=DIRECTION('',(0.,0.,1.));
#4942=DIRECTION('',(0.,0.,-1.));
#4943=DIRECTION('center_axis',(0.572798894755216,0.330705596078445,0.750023489558563));
#4944=DIRECTION('ref_axis',(0.794740374205061,0.,-0.606949534647156));
#4945=DIRECTION('',(-0.773682358480761,-0.084131093409287,0.627963030199554));
#4946=DIRECTION('',(0.500000000000001,-0.866025403784438,0.));
#4947=DIRECTION('',(0.459700843380984,0.627963030199554,-0.627963030199554));
#4948=DIRECTION('center_axis',(0.612372435695793,-0.353553390593274,0.707106781186549));
#4949=DIRECTION('ref_axis',(0.755928946018456,0.,-0.654653670707976));
#4950=DIRECTION('',(0.500000000000001,0.866025403784438,0.));
#4951=DIRECTION('',(-0.612372435695795,0.353553390593274,0.707106781186547));
#4952=DIRECTION('',(-0.500000000000001,-0.866025403784438,0.));
#4953=DIRECTION('',(0.755928946018456,-4.79216425302443E-16,-0.654653670707976));
#4954=DIRECTION('',(0.377964473009228,-0.654653670707977,-0.654653670707977));
#4955=DIRECTION('center_axis',(0.,0.,1.));
#4956=DIRECTION('ref_axis',(1.,0.,0.));
#4957=DIRECTION('',(0.612372435695794,-0.353553390593274,0.707106781186548));
#4958=DIRECTION('center_axis',(0.,0.,1.));
#4959=DIRECTION('ref_axis',(1.,0.,0.));
#4960=DIRECTION('center_axis',(0.,0.,-1.));
#4961=DIRECTION('ref_axis',(1.,0.,0.));
#4962=DIRECTION('center_axis',(-0.612372435695794,0.353553390593275,0.707106781186547));
#4963=DIRECTION('ref_axis',(0.755928946018454,0.,0.654653670707977));
#4964=DIRECTION('',(0.500000000000001,0.866025403784438,0.));
#4965=DIRECTION('',(-0.500000000000001,-0.866025403784438,0.));
#4966=DIRECTION('',(0.755928946018454,-2.09812430212578E-15,0.654653670707978));
#4967=DIRECTION('',(0.377964473009227,-0.654653670707977,0.654653670707978));
#4968=DIRECTION('center_axis',(-0.866025403784439,0.5,0.));
#4969=DIRECTION('ref_axis',(0.,0.,1.));
#4970=DIRECTION('',(0.,0.,1.));
#4971=DIRECTION('',(0.499999999999999,0.866025403784439,0.));
#4972=DIRECTION('',(-0.377964473009228,-0.65465367070798,-0.654653670707974));
#4973=DIRECTION('center_axis',(1.83578483569338E-15,0.661411192156891,0.750023489558561));
#4974=DIRECTION('ref_axis',(1.,0.,-2.44763645572469E-15));
#4975=DIRECTION('',(-0.313981515099781,-0.712094123608838,0.627963030199555));
#4976=DIRECTION('',(1.,-2.77555756156288E-15,0.));
#4977=DIRECTION('',(-0.313981515099778,0.712094123608839,-0.627963030199555));
#4978=DIRECTION('center_axis',(2.77555756156288E-15,1.,0.));
#4979=DIRECTION('ref_axis',(0.,0.,1.));
#4980=DIRECTION('',(0.,0.,1.));
#4981=DIRECTION('',(0.,0.,-1.));
#4982=DIRECTION('center_axis',(-0.612372435695794,0.353553390593275,0.707106781186547));
#4983=DIRECTION('ref_axis',(0.755928946018454,0.,0.654653670707977));
#4984=DIRECTION('',(0.612372435695793,-0.353553390593275,0.707106781186549));
#4985=DIRECTION('',(0.500000000000001,0.866025403784438,0.));
#4986=DIRECTION('',(-0.500000000000001,-0.866025403784438,0.));
#4987=DIRECTION('center_axis',(0.,0.,-1.));
#4988=DIRECTION('ref_axis',(-1.,0.,0.));
#4989=DIRECTION('center_axis',(0.,0.,1.));
#4990=DIRECTION('ref_axis',(-1.,0.,0.));
#4991=DIRECTION('',(0.612372435695796,0.353553390593273,0.707106781186546));
#4992=DIRECTION('center_axis',(0.,0.,-1.));
#4993=DIRECTION('ref_axis',(-1.,0.,0.));
#4994=DIRECTION('center_axis',(-0.612372435695792,-0.353553390593273,0.70710678118655));
#4995=DIRECTION('ref_axis',(0.755928946018457,0.,0.654653670707974));
#4996=DIRECTION('',(-0.5,0.866025403784438,0.));
#4997=DIRECTION('',(0.5,-0.866025403784438,0.));
#4998=DIRECTION('center_axis',(0.612372435695794,0.353553390593273,0.707106781186548));
#4999=DIRECTION('ref_axis',(0.755928946018455,0.,-0.654653670707977));
#5000=DIRECTION('',(-0.499999999999999,0.866025403784439,0.));
#5001=DIRECTION('',(0.499999999999999,-0.866025403784439,0.));
#5002=DIRECTION('',(0.222643010122336,0.740647559477228,0.633933184715938));
#5003=DIRECTION('center_axis',(0.866025403784438,0.500000000000001,0.));
#5004=DIRECTION('ref_axis',(0.,0.,-1.));
#5005=DIRECTION('',(0.,0.,1.));
#5006=DIRECTION('',(0.,0.,-1.));
#5007=DIRECTION('center_axis',(4.48265919399072E-16,0.707106781186547,0.707106781186548));
#5008=DIRECTION('ref_axis',(1.,0.,-6.33943742763811E-16));
#5009=DIRECTION('',(1.,-6.33943742763812E-16,0.));
#5010=DIRECTION('',(-1.,6.33943742763812E-16,0.));
#5011=DIRECTION('center_axis',(-0.612372435695794,-0.353553390593275,0.707106781186547));
#5012=DIRECTION('ref_axis',(0.755928946018455,0.,0.654653670707977));
#5013=DIRECTION('',(0.612372435695794,0.353553390593274,0.707106781186548));
#5014=DIRECTION('',(-0.500000000000001,0.866025403784438,0.));
#5015=DIRECTION('',(0.500000000000001,-0.866025403784438,0.));
#5016=DIRECTION('center_axis',(0.,0.,-1.));
#5017=DIRECTION('ref_axis',(-0.499999999999999,-0.866025403784439,0.));
#5018=DIRECTION('center_axis',(0.,0.,1.));
#5019=DIRECTION('ref_axis',(-0.499999999999999,-0.866025403784439,0.));
#5020=DIRECTION('',(-9.81307786677357E-16,0.707106781186549,0.707106781186546));
#5021=DIRECTION('center_axis',(0.,0.,-1.));
#5022=DIRECTION('ref_axis',(-0.499999999999999,-0.866025403784439,0.));
#5023=DIRECTION('center_axis',(4.19672825774851E-16,-0.707106781186548,
0.707106781186547));
#5024=DIRECTION('ref_axis',(1.,0.,-5.93507001970237E-16));
#5025=DIRECTION('',(-9.8130778667736E-16,0.707106781186547,0.707106781186548));
#5026=DIRECTION('',(-1.,-5.93507001970235E-16,0.));
#5027=DIRECTION('',(1.,5.93507001970235E-16,0.));
#5028=DIRECTION('center_axis',(0.,0.,-1.));
#5029=DIRECTION('ref_axis',(0.5,-0.866025403784439,0.));
#5030=DIRECTION('center_axis',(0.,0.,1.));
#5031=DIRECTION('ref_axis',(0.5,-0.866025403784439,0.));
#5032=DIRECTION('',(-0.612372435695795,0.353553390593275,0.707106781186546));
#5033=DIRECTION('center_axis',(0.,0.,-1.));
#5034=DIRECTION('ref_axis',(0.5,-0.866025403784439,0.));
#5035=DIRECTION('center_axis',(0.612372435695794,-0.353553390593274,0.707106781186547));
#5036=DIRECTION('ref_axis',(0.755928946018455,0.,-0.654653670707977));
#5037=DIRECTION('',(0.500000000000001,0.866025403784438,0.));
#5038=DIRECTION('',(-0.500000000000001,-0.866025403784438,0.));
#5039=DIRECTION('center_axis',(0.,0.707106781186548,-0.707106781186547));
#5040=DIRECTION('ref_axis',(-1.,0.,0.));
#5041=DIRECTION('',(0.,-0.707106781186547,-0.707106781186548));
#5042=DIRECTION('center_axis',(0.,0.,1.));
#5043=DIRECTION('ref_axis',(1.,0.,0.));
#5044=DIRECTION('center_axis',(0.,0.,-1.));
#5045=DIRECTION('ref_axis',(1.,0.,0.));
#5046=DIRECTION('center_axis',(0.,0.707106781186548,-0.707106781186547));
#5047=DIRECTION('ref_axis',(-1.,0.,0.));
#5048=DIRECTION('',(0.,0.707106781186547,0.707106781186548));
#5049=DIRECTION('center_axis',(-0.612372435695795,0.353553390593274,0.707106781186547));
#5050=DIRECTION('ref_axis',(0.755928946018454,0.,0.654653670707977));
#5051=DIRECTION('',(-0.5,-0.866025403784438,0.));
#5052=DIRECTION('',(0.5,0.866025403784438,0.));
#5053=DIRECTION('',(0.,0.894427190999916,-0.447213595499959));
#5054=DIRECTION('',(0.222643010122336,-0.740647559477227,-0.63393318471594));
#5055=DIRECTION('',(-0.500000000000001,0.866025403784438,0.));
#5056=DIRECTION('center_axis',(0.866025403784438,0.500000000000001,0.));
#5057=DIRECTION('ref_axis',(0.,0.,-1.));
#5058=DIRECTION('',(-0.377964473009227,0.654653670707976,0.654653670707978));
#5059=DIRECTION('center_axis',(0.612372435695796,-0.353553390593274,0.707106781186547));
#5060=DIRECTION('ref_axis',(0.755928946018453,0.,-0.654653670707978));
#5061=DIRECTION('',(-0.612372435695794,0.353553390593273,0.707106781186548));
#5062=DIRECTION('',(-0.499999999999999,-0.866025403784439,0.));
#5063=DIRECTION('center_axis',(0.,0.,-1.));
#5064=DIRECTION('ref_axis',(1.,0.,0.));
#5065=DIRECTION('center_axis',(0.,0.,1.));
#5066=DIRECTION('ref_axis',(1.,0.,0.));
#5067=DIRECTION('',(-0.612372435695794,-0.353553390593274,0.707106781186548));
#5068=DIRECTION('center_axis',(0.,0.,-1.));
#5069=DIRECTION('ref_axis',(1.,0.,0.));
#5070=DIRECTION('center_axis',(0.612372435695794,0.353553390593275,0.707106781186547));
#5071=DIRECTION('ref_axis',(0.755928946018454,0.,-0.654653670707977));
#5072=DIRECTION('',(0.500000000000001,-0.866025403784438,0.));
#5073=DIRECTION('',(-0.500000000000001,0.866025403784438,0.));
#5074=DIRECTION('center_axis',(0.866025403784438,0.500000000000001,0.));
#5075=DIRECTION('ref_axis',(-0.500000000000001,0.866025403784438,0.));
#5076=DIRECTION('',(0.,0.,-1.));
#5077=DIRECTION('',(0.,0.,1.));
#5078=DIRECTION('center_axis',(0.,0.,1.));
#5079=DIRECTION('ref_axis',(-0.500000000000001,0.866025403784438,0.));
#5080=DIRECTION('',(0.,0.,1.));
#5081=DIRECTION('center_axis',(6.33943742763812E-16,1.,0.));
#5082=DIRECTION('ref_axis',(-1.,6.33943742763812E-16,0.));
#5083=DIRECTION('',(1.,-6.33943742763812E-16,0.));
#5084=DIRECTION('center_axis',(0.,0.,1.));
#5085=DIRECTION('ref_axis',(1.,0.,0.));
#5086=DIRECTION('',(0.499999999999999,-0.866025403784439,0.));
#5087=DIRECTION('',(0.5,0.866025403784438,0.));
#5088=DIRECTION('center_axis',(0.866025403784439,0.5,0.));
#5089=DIRECTION('ref_axis',(-0.499999999999999,0.866025403784439,0.));
#5090=DIRECTION('center_axis',(0.,0.,1.));
#5091=DIRECTION('ref_axis',(1.,0.,0.));
#5092=DIRECTION('center_axis',(-0.866025403784438,-0.500000000000001,0.));
#5093=DIRECTION('ref_axis',(0.500000000000001,-0.866025403784438,0.));
#5094=DIRECTION('',(0.,0.,1.));
#5095=DIRECTION('',(0.,0.,1.));
#5096=DIRECTION('center_axis',(0.,0.,1.));
#5097=DIRECTION('ref_axis',(1.,0.,0.));
#5098=DIRECTION('center_axis',(0.,0.,1.));
#5099=DIRECTION('ref_axis',(1.,0.,0.));
#5100=DIRECTION('center_axis',(0.,0.,1.));
#5101=DIRECTION('ref_axis',(1.,0.,0.));
#5102=DIRECTION('',(-0.500000000000001,-0.866025403784438,0.));
#5103=DIRECTION('center_axis',(0.,0.,1.));
#5104=DIRECTION('ref_axis',(1.,0.,0.));
#5105=DIRECTION('center_axis',(0.,0.,1.));
#5106=DIRECTION('ref_axis',(1.,0.,0.));
#5107=DIRECTION('center_axis',(0.,0.,-1.));
#5108=DIRECTION('ref_axis',(-1.,0.,0.));
#5109=DIRECTION('center_axis',(0.,0.,1.));
#5110=DIRECTION('ref_axis',(0.610025530237039,-0.792381759292211,0.));
#5111=DIRECTION('',(0.,0.,1.));
#5112=DIRECTION('center_axis',(0.,0.,1.));
#5113=DIRECTION('ref_axis',(1.,-1.01064309961486E-15,0.));
#5114=DIRECTION('',(0.,0.,-1.));
#5115=DIRECTION('center_axis',(0.,0.,1.));
#5116=DIRECTION('ref_axis',(0.610025530237041,0.792381759292209,0.));
#5117=DIRECTION('center_axis',(0.499999999999999,4.20648087646402E-16,-0.866025403784439));
#5118=DIRECTION('ref_axis',(0.866025403784439,7.28583859910258E-16,0.499999999999999));
#5119=DIRECTION('center_axis',(-0.5,0.866025403784438,1.44222201478767E-15));
#5120=DIRECTION('ref_axis',(0.866025403784438,0.5,0.));
#5121=DIRECTION('center_axis',(0.,0.,-1.));
#5122=DIRECTION('ref_axis',(0.866025403784439,-0.499999999999999,0.));
#5123=DIRECTION('center_axis',(0.,0.,1.));
#5124=DIRECTION('ref_axis',(1.,4.8074067159589E-16,0.));
#5125=DIRECTION('',(0.,0.,-1.));
#5126=DIRECTION('center_axis',(-0.5,0.866025403784438,0.));
#5127=DIRECTION('ref_axis',(0.612372435695795,0.353553390593274,0.707106781186547));
#5128=DIRECTION('',(0.5,-0.866025403784438,0.));
#5129=DIRECTION('center_axis',(0.866025403784438,0.5,0.));
#5130=DIRECTION('ref_axis',(-0.5,0.866025403784438,0.));
#5131=DIRECTION('',(0.,0.,1.));
#5132=DIRECTION('center_axis',(-0.500000000000001,1.32203684688871E-15,
-0.866025403784438));
#5133=DIRECTION('ref_axis',(-0.866025403784438,2.28983498828939E-15,0.500000000000001));
#5134=DIRECTION('center_axis',(0.500000000000001,-0.866025403784438,1.92296268638356E-15));
#5135=DIRECTION('ref_axis',(-0.866025403784438,-0.5,0.));
#5136=DIRECTION('center_axis',(0.499999999999997,0.86602540378444,0.));
#5137=DIRECTION('ref_axis',(0.,0.,1.));
#5138=DIRECTION('center_axis',(-0.499999999999999,-0.866025403784439,0.));
#5139=DIRECTION('ref_axis',(-0.612372435695795,0.353553390593273,0.707106781186547));
#5140=DIRECTION('center_axis',(0.500000000000001,-0.866025403784438,0.));
#5141=DIRECTION('ref_axis',(-0.612372435695795,-0.353553390593274,0.707106781186547));
#5142=DIRECTION('center_axis',(0.,0.,1.));
#5143=DIRECTION('ref_axis',(1.,0.,0.));
#5144=DIRECTION('center_axis',(0.,0.,1.));
#5145=DIRECTION('ref_axis',(1.,0.,0.));
#5146=DIRECTION('center_axis',(0.,0.,1.));
#5147=DIRECTION('ref_axis',(-0.499999999999999,-0.866025403784439,0.));
#5148=DIRECTION('',(0.,0.,1.));
#5149=DIRECTION('center_axis',(-5.93507001970235E-16,1.,0.));
#5150=DIRECTION('ref_axis',(-1.,-5.93507001970235E-16,0.));
#5151=DIRECTION('',(0.,0.,-1.));
#5152=DIRECTION('center_axis',(0.,0.,1.));
#5153=DIRECTION('ref_axis',(0.5,-0.866025403784439,0.));
#5154=DIRECTION('',(0.,0.,1.));
#5155=DIRECTION('center_axis',(0.,0.,1.));
#5156=DIRECTION('ref_axis',(-1.,0.,0.));
#5157=DIRECTION('',(0.,0.,-1.));
#5158=DIRECTION('center_axis',(0.866025403784438,-0.500000000000001,0.));
#5159=DIRECTION('ref_axis',(0.500000000000001,0.866025403784438,0.));
#5160=DIRECTION('',(0.,0.,1.));
#5161=DIRECTION('center_axis',(0.,0.,1.));
#5162=DIRECTION('ref_axis',(1.,0.,0.));
#5163=DIRECTION('center_axis',(-0.866025403784438,0.5,0.));
#5164=DIRECTION('ref_axis',(-0.5,-0.866025403784438,0.));
#5165=DIRECTION('center_axis',(0.866025403784438,-0.500000000000001,0.));
#5166=DIRECTION('ref_axis',(0.500000000000001,0.866025403784438,0.));
#5167=DIRECTION('center_axis',(-0.866025403784438,0.500000000000001,0.));
#5168=DIRECTION('ref_axis',(-0.500000000000001,-0.866025403784438,0.));
#5169=DIRECTION('',(0.,0.,1.));
#5170=DIRECTION('center_axis',(0.,0.,1.));
#5171=DIRECTION('ref_axis',(1.,0.,0.));
#5172=DIRECTION('center_axis',(0.,0.,1.));
#5173=DIRECTION('ref_axis',(1.,0.,0.));
#5174=DIRECTION('',(0.,0.,-1.));
#5175=CARTESIAN_POINT('',(0.,0.,0.));
#5176=CARTESIAN_POINT('Origin',(0.,0.,3.67));
#5177=CARTESIAN_POINT('',(-4.255,-5.21087213037199E-16,3.87));
#5178=CARTESIAN_POINT('Origin',(0.,0.,3.87));
#5179=CARTESIAN_POINT('',(-4.655,5.70073085003093E-16,3.47));
#5180=CARTESIAN_POINT('',(-4.455,-5.45580149020146E-16,3.67));
#5181=CARTESIAN_POINT('Origin',(0.,0.,3.47));
#5182=CARTESIAN_POINT('Origin',(0.,0.,1.));
#5183=CARTESIAN_POINT('',(4.255,-5.21087213037199E-16,6.1));
#5184=CARTESIAN_POINT('',(-4.255,-5.21087213037199E-16,6.1));
#5185=CARTESIAN_POINT('Origin',(0.,0.,6.1));
#5186=CARTESIAN_POINT('Origin',(0.,0.,6.1));
#5187=CARTESIAN_POINT('',(-4.255,-5.21087213037199E-16,1.));
#5188=CARTESIAN_POINT('Origin',(-1.11022302462516E-15,0.,3.47));
#5189=CARTESIAN_POINT('',(7.36121593216772,-2.05000000000001,3.47));
#5190=CARTESIAN_POINT('',(7.59106436560511,-2.05189083528132,3.47));
#5191=CARTESIAN_POINT('Ctrl Pts',(7.36121593216772,-2.05000000000001,3.47));
#5192=CARTESIAN_POINT('Ctrl Pts',(7.43536196714474,-2.05000000000001,3.47));
#5193=CARTESIAN_POINT('Ctrl Pts',(7.50913139591558,-2.04924158499015,3.47));
#5194=CARTESIAN_POINT('Ctrl Pts',(7.59106436560511,-2.05189083528957,3.47));
#5195=CARTESIAN_POINT('',(5.47905101272109,-2.05000000000001,3.47));
#5196=CARTESIAN_POINT('',(2.87489130229301,-2.05000000000001,3.47));
#5197=CARTESIAN_POINT('',(-5.47905101272109,-2.05000000000001,3.47));
#5198=CARTESIAN_POINT('Origin',(0.,0.,3.47));
#5199=CARTESIAN_POINT('',(-7.36121593216773,-2.05000000000001,3.47));
#5200=CARTESIAN_POINT('',(-7.06965345685345,-2.05000000000001,3.47));
#5201=CARTESIAN_POINT('',(-7.59106436560511,-2.05189083528132,3.47));
#5202=CARTESIAN_POINT('Ctrl Pts',(-7.59106436560511,-2.05189083528957,3.47));
#5203=CARTESIAN_POINT('Ctrl Pts',(-7.50913139591558,-2.04924158499015,3.47));
#5204=CARTESIAN_POINT('Ctrl Pts',(-7.43536196714474,-2.05000000000001,3.47));
#5205=CARTESIAN_POINT('Ctrl Pts',(-7.36121593216773,-2.05000000000001,3.47));
#5206=CARTESIAN_POINT('',(-8.77572409168231,-6.93889390390723E-15,3.47));
#5207=CARTESIAN_POINT('',(-7.75092736387073,-1.77500000000001,3.47));
#5208=CARTESIAN_POINT('',(-7.59106436560512,2.05189083528131,3.47));
#5209=CARTESIAN_POINT('',(-5.84567147554497,5.075,3.47));
#5210=CARTESIAN_POINT('',(-7.36121593216773,2.04999999999999,3.47));
#5211=CARTESIAN_POINT('Ctrl Pts',(-7.36121593216773,2.04999999999999,3.47));
#5212=CARTESIAN_POINT('Ctrl Pts',(-7.43536196714475,2.04999999999999,3.47));
#5213=CARTESIAN_POINT('Ctrl Pts',(-7.50913139591558,2.04924158499014,3.47));
#5214=CARTESIAN_POINT('Ctrl Pts',(-7.59106436560512,2.05189083528956,3.47));
#5215=CARTESIAN_POINT('',(-5.47905101272109,2.04999999999999,3.47));
#5216=CARTESIAN_POINT('',(-2.87489130229301,2.04999999999999,3.47));
#5217=CARTESIAN_POINT('',(5.47905101272109,2.04999999999999,3.47));
#5218=CARTESIAN_POINT('Origin',(0.,0.,3.47));
#5219=CARTESIAN_POINT('',(7.36121593216773,2.04999999999999,3.47));
#5220=CARTESIAN_POINT('',(7.06965345685345,2.04999999999999,3.47));
#5221=CARTESIAN_POINT('',(7.59106436560512,2.05189083528131,3.47));
#5222=CARTESIAN_POINT('Ctrl Pts',(7.59106436560512,2.05189083528956,3.47));
#5223=CARTESIAN_POINT('Ctrl Pts',(7.50913139591559,2.04924158499014,3.47));
#5224=CARTESIAN_POINT('Ctrl Pts',(7.43536196714475,2.04999999999999,3.47));
#5225=CARTESIAN_POINT('Ctrl Pts',(7.36121593216773,2.04999999999999,3.47));
#5226=CARTESIAN_POINT('',(8.77572409168231,2.77555756156289E-15,3.47));
#5227=CARTESIAN_POINT('',(7.75092736387073,1.775,3.47));
#5228=CARTESIAN_POINT('',(5.84567147554497,-5.075,3.47));
#5229=CARTESIAN_POINT('Origin',(0.,0.,6.3));
#5230=CARTESIAN_POINT('',(4.655,5.70073085003093E-16,6.5));
#5231=CARTESIAN_POINT('Origin',(0.,0.,6.5));
#5232=CARTESIAN_POINT('',(4.455,5.45580149020146E-16,6.3));
#5233=CARTESIAN_POINT('Origin',(0.,0.,6.5));
#5234=CARTESIAN_POINT('',(-7.37143981865144,2.04999999999999,6.5));
#5235=CARTESIAN_POINT('',(-5.47905101272109,2.04999999999999,6.5));
#5236=CARTESIAN_POINT('',(-2.87489130229301,2.04999999999999,6.5));
#5237=CARTESIAN_POINT('',(-7.46811443922392,1.9755737704918,6.5));
#5238=CARTESIAN_POINT('Origin',(-7.37143981865144,1.94999999999999,6.5));
#5239=CARTESIAN_POINT('',(-7.46811443922392,-1.97557377049181,6.5));
#5240=CARTESIAN_POINT('Origin',(0.,0.,6.5));
#5241=CARTESIAN_POINT('',(-7.37143981865144,-2.05000000000001,6.5));
#5242=CARTESIAN_POINT('Origin',(-7.37143981865144,-1.95000000000001,6.5));
#5243=CARTESIAN_POINT('',(-5.47905101272109,-2.05000000000001,6.5));
#5244=CARTESIAN_POINT('',(-7.06965345685345,-2.05000000000001,6.5));
#5245=CARTESIAN_POINT('',(5.47905101272109,-2.05000000000001,6.5));
#5246=CARTESIAN_POINT('Origin',(0.,0.,6.5));
#5247=CARTESIAN_POINT('',(7.37143981865144,-2.05000000000001,6.5));
#5248=CARTESIAN_POINT('',(2.87489130229301,-2.05000000000001,6.5));
#5249=CARTESIAN_POINT('',(7.46811443922392,-1.97557377049181,6.5));
#5250=CARTESIAN_POINT('Origin',(7.37143981865144,-1.95000000000001,6.5));
#5251=CARTESIAN_POINT('',(7.46811443922392,1.9755737704918,6.5));
#5252=CARTESIAN_POINT('Origin',(0.,0.,6.5));
#5253=CARTESIAN_POINT('',(7.37143981865144,2.04999999999999,6.5));
#5254=CARTESIAN_POINT('Origin',(7.37143981865144,1.94999999999999,6.5));
#5255=CARTESIAN_POINT('',(5.47905101272109,2.04999999999999,6.5));
#5256=CARTESIAN_POINT('',(7.06965345685345,2.04999999999999,6.5));
#5257=CARTESIAN_POINT('Origin',(0.,0.,6.5));
#5258=CARTESIAN_POINT('Origin',(2.87489130229301,-2.25000000000001,6.3));
#5259=CARTESIAN_POINT('',(5.74978260458602,-2.45000000000001,6.1));
#5260=CARTESIAN_POINT('',(7.37143981865144,-2.45000000000001,6.1));
#5261=CARTESIAN_POINT('',(2.87489130229301,-2.45000000000001,6.1));
#5262=CARTESIAN_POINT('',(7.37143981865144,-2.45000000000001,6.1));
#5263=CARTESIAN_POINT('Ctrl Pts',(5.47905101272109,-2.05000000000001,6.5));
#5264=CARTESIAN_POINT('Ctrl Pts',(5.57105635618599,-2.18265841323346,6.36734158676655));
#5265=CARTESIAN_POINT('Ctrl Pts',(5.66131775536883,-2.31614377601414,6.23385622398587));
#5266=CARTESIAN_POINT('Ctrl Pts',(5.74978260458602,-2.45000000000001,6.1));
#5267=CARTESIAN_POINT('Origin',(0.,0.,6.3));
#5268=CARTESIAN_POINT('',(-5.74978260458602,-2.45,6.1));
#5269=CARTESIAN_POINT('Ctrl Pts',(-5.47905101272109,-2.05,6.5));
#5270=CARTESIAN_POINT('Ctrl Pts',(-5.57105635618593,-2.18265841323337,6.36734158676663));
#5271=CARTESIAN_POINT('Ctrl Pts',(-5.66131775536871,-2.31614377601395,6.23385622398606));
#5272=CARTESIAN_POINT('Ctrl Pts',(-5.74978260458602,-2.45000000000001,6.1));
#5273=CARTESIAN_POINT('Origin',(0.,0.,6.1));
#5274=CARTESIAN_POINT('Origin',(-2.87489130229301,2.24999999999999,6.3));
#5275=CARTESIAN_POINT('',(-5.74978260458602,2.44999999999999,6.1));
#5276=CARTESIAN_POINT('',(-7.37143981865144,2.44999999999999,6.1));
#5277=CARTESIAN_POINT('',(-2.87489130229301,2.44999999999999,6.1));
#5278=CARTESIAN_POINT('',(-7.37143981865144,2.44999999999999,6.1));
#5279=CARTESIAN_POINT('Ctrl Pts',(-5.47905101272109,2.04999999999999,6.5));
#5280=CARTESIAN_POINT('Ctrl Pts',(-5.57105635618599,2.18265841323344,6.36734158676655));
#5281=CARTESIAN_POINT('Ctrl Pts',(-5.66131775536883,2.31614377601411,6.23385622398588));
#5282=CARTESIAN_POINT('Ctrl Pts',(-5.74978260458602,2.44999999999999,6.1));
#5283=CARTESIAN_POINT('Origin',(-7.37143981865144,1.94999999999999,6.3));
#5284=CARTESIAN_POINT('',(-7.85481292151383,2.07786885245901,6.1));
#5285=CARTESIAN_POINT('Origin',(-7.37143981865144,1.94999999999999,6.1));
#5286=CARTESIAN_POINT('',(-7.85481292151383,2.07786885245901,6.1));
#5287=CARTESIAN_POINT('Origin',(0.,0.,6.3));
#5288=CARTESIAN_POINT('',(-7.85481292151383,-2.07786885245902,6.1));
#5289=CARTESIAN_POINT('',(-7.85481292151383,-2.07786885245902,6.1));
#5290=CARTESIAN_POINT('Origin',(0.,0.,6.1));
#5291=CARTESIAN_POINT('Origin',(-7.37143981865144,-1.95000000000001,6.3));
#5292=CARTESIAN_POINT('',(-7.37143981865144,-2.45000000000001,6.1));
#5293=CARTESIAN_POINT('Origin',(-7.37143981865144,-1.95000000000001,6.1));
#5294=CARTESIAN_POINT('',(-7.37143981865144,-2.45000000000001,6.1));
#5295=CARTESIAN_POINT('Origin',(-7.06965345685345,-2.25000000000001,6.3));
#5296=CARTESIAN_POINT('',(-7.06965345685345,-2.45000000000001,6.1));
#5297=CARTESIAN_POINT('Origin',(0.,0.,6.3));
#5298=CARTESIAN_POINT('',(5.74978260458602,2.44999999999999,6.1));
#5299=CARTESIAN_POINT('Origin',(0.,0.,6.1));
#5300=CARTESIAN_POINT('Ctrl Pts',(5.47905101272109,2.04999999999999,6.5));
#5301=CARTESIAN_POINT('Ctrl Pts',(5.57105635618603,2.18265841323349,6.3673415867665));
#5302=CARTESIAN_POINT('Ctrl Pts',(5.66131775536891,2.31614377601423,6.23385622398576));
#5303=CARTESIAN_POINT('Ctrl Pts',(5.74978260458602,2.44999999999999,6.1));
#5304=CARTESIAN_POINT('Origin',(7.37143981865144,-1.95000000000001,6.3));
#5305=CARTESIAN_POINT('',(7.85481292151383,-2.07786885245902,6.1));
#5306=CARTESIAN_POINT('Origin',(7.37143981865144,-1.95000000000001,6.1));
#5307=CARTESIAN_POINT('',(7.85481292151383,-2.07786885245902,6.1));
#5308=CARTESIAN_POINT('Origin',(0.,0.,6.3));
#5309=CARTESIAN_POINT('',(7.85481292151383,2.07786885245901,6.1));
#5310=CARTESIAN_POINT('',(7.85481292151383,2.07786885245901,6.1));
#5311=CARTESIAN_POINT('Origin',(0.,0.,6.1));
#5312=CARTESIAN_POINT('Origin',(7.37143981865144,1.94999999999999,6.3));
#5313=CARTESIAN_POINT('',(7.37143981865144,2.44999999999999,6.1));
#5314=CARTESIAN_POINT('Origin',(7.37143981865144,1.94999999999999,6.1));
#5315=CARTESIAN_POINT('',(7.37143981865144,2.44999999999999,6.1));
#5316=CARTESIAN_POINT('Origin',(7.06965345685345,2.24999999999999,6.3));
#5317=CARTESIAN_POINT('',(7.06965345685345,2.44999999999999,6.1));
#5318=CARTESIAN_POINT('Origin',(0.,0.,1.));
#5319=CARTESIAN_POINT('',(-5.74978260458602,-2.45,3.87));
#5320=CARTESIAN_POINT('',(-5.74978260458602,-2.45,1.));
#5321=CARTESIAN_POINT('',(5.74978260458602,-2.45000000000001,3.87));
#5322=CARTESIAN_POINT('Origin',(0.,0.,3.87));
#5323=CARTESIAN_POINT('',(5.74978260458602,-2.45000000000001,1.));
#5324=CARTESIAN_POINT('Origin',(-14.1393069137069,-2.45000000000001,1.));
#5325=CARTESIAN_POINT('',(-7.37143981865144,-2.45000000000001,5.6));
#5326=CARTESIAN_POINT('',(-7.37143981865144,-2.45000000000001,6.));
#5327=CARTESIAN_POINT('',(-13.5321838592298,-2.45000000000001,5.6));
#5328=CARTESIAN_POINT('',(-7.06965345685345,-2.45000000000001,5.6));
#5329=CARTESIAN_POINT('',(-13.5321838592298,-2.45000000000001,1.));
#5330=CARTESIAN_POINT('',(-13.5321838592298,-2.45000000000001,1.));
#5331=CARTESIAN_POINT('',(-9.0932667397366,-2.45000000000001,1.));
#5332=CARTESIAN_POINT('',(-7.06965345685345,-2.45000000000001,1.));
#5333=CARTESIAN_POINT('',(-9.09326673973661,-2.45000000000001,1.1));
#5334=CARTESIAN_POINT('',(-9.09326673973661,-2.45000000000001,1.));
#5335=CARTESIAN_POINT('',(-8.6313865243849,-2.45000000000001,1.5));
#5336=CARTESIAN_POINT('',(-10.2380695081449,-2.45000000000001,0.108571720235678));
#5337=CARTESIAN_POINT('',(-8.40044641670906,-2.45000000000001,1.5));
#5338=CARTESIAN_POINT('',(-10.7286107878427,-2.45000000000001,1.5));
#5339=CARTESIAN_POINT('',(-8.33856620135735,-2.45000000000001,1.44641016151377));
#5340=CARTESIAN_POINT('',(-9.80505680625268,-2.45000000000001,2.71642827976432));
#5341=CARTESIAN_POINT('',(-8.33856620135735,-2.45000000000001,2.97));
#5342=CARTESIAN_POINT('',(-8.33856620135735,-2.45000000000001,0.5));
#5343=CARTESIAN_POINT('',(-7.71073832072193,-2.45000000000001,3.81074858875233));
#5344=CARTESIAN_POINT('Ctrl Pts',(-7.71073832072193,-2.45000000000001,3.81074858875233));
#5345=CARTESIAN_POINT('Ctrl Pts',(-7.85873032969654,-2.45000000000001,3.75877247021706));
#5346=CARTESIAN_POINT('Ctrl Pts',(-8.08724172340603,-2.45000000000001,3.61466451208501));
#5347=CARTESIAN_POINT('Ctrl Pts',(-8.29509615652672,-2.45000000000001,3.29549477883237));
#5348=CARTESIAN_POINT('Ctrl Pts',(-8.33856620135736,-2.45000000000001,3.0786028929054));
#5349=CARTESIAN_POINT('Ctrl Pts',(-8.33856620135736,-2.45000000000001,2.97));
#5350=CARTESIAN_POINT('',(-7.36121593216773,-2.45000000000001,3.87));
#5351=CARTESIAN_POINT('Ctrl Pts',(-7.36121593216773,-2.45000000000001,3.87));
#5352=CARTESIAN_POINT('Ctrl Pts',(-7.47984958813095,-2.45000000000001,3.87));
#5353=CARTESIAN_POINT('Ctrl Pts',(-7.59851705472808,-2.45000000000001,3.85016170209469));
#5354=CARTESIAN_POINT('Ctrl Pts',(-7.7107383207223,-2.45000000000001,3.8107485887522));
#5355=CARTESIAN_POINT('',(-7.06965345685345,-2.45000000000001,3.87));
#5356=CARTESIAN_POINT('Origin',(-7.37143981865144,-1.95000000000001,6.));
#5357=CARTESIAN_POINT('',(-7.85481292151383,-2.07786885245902,5.97213114754098));
#5358=CARTESIAN_POINT('',(-7.85481292151383,-2.07786885245902,6.));
#5359=CARTESIAN_POINT('Origin',(-7.37143981865144,-1.95000000000001,6.1));
#5360=CARTESIAN_POINT('Origin',(0.,0.,6.));
#5361=CARTESIAN_POINT('',(-7.85481292151383,2.07786885245901,5.97213114754098));
#5362=CARTESIAN_POINT('',(-7.85481292151383,2.07786885245901,6.));
#5363=CARTESIAN_POINT('',(-7.86213234434527,2.04999999999999,6.));
#5364=CARTESIAN_POINT('Origin',(0.,0.,8.05));
#5365=CARTESIAN_POINT('',(-7.86213234434527,-2.05000000000001,6.));
#5366=CARTESIAN_POINT('Origin',(0.,0.,6.));
#5367=CARTESIAN_POINT('Origin',(0.,0.,8.05000000000001));
#5368=CARTESIAN_POINT('Origin',(-7.37143981865144,1.94999999999999,6.));
#5369=CARTESIAN_POINT('',(-7.37143981865144,2.44999999999999,5.6));
#5370=CARTESIAN_POINT('',(-7.37143981865144,2.44999999999999,6.));
#5371=CARTESIAN_POINT('Origin',(-7.37143981865144,1.94999999999999,6.1));
#5372=CARTESIAN_POINT('Origin',(-5.74978260458602,2.44999999999999,1.));
#5373=CARTESIAN_POINT('',(-5.74978260458602,2.44999999999999,3.87));
#5374=CARTESIAN_POINT('',(-5.74978260458602,2.44999999999999,1.));
#5375=CARTESIAN_POINT('',(-7.36121593216773,2.44999999999999,3.87));
#5376=CARTESIAN_POINT('',(-2.87489130229301,2.44999999999999,3.87));
#5377=CARTESIAN_POINT('',(-7.71073832072194,2.44999999999999,3.81074858875233));
#5378=CARTESIAN_POINT('Ctrl Pts',(-7.7107383207223,2.44999999999999,3.8107485887522));
#5379=CARTESIAN_POINT('Ctrl Pts',(-7.59851705472809,2.44999999999999,3.85016170209469));
#5380=CARTESIAN_POINT('Ctrl Pts',(-7.47984958813096,2.44999999999999,3.87));
#5381=CARTESIAN_POINT('Ctrl Pts',(-7.36121593216773,2.44999999999999,3.87));
#5382=CARTESIAN_POINT('',(-8.33856620135736,2.44999999999999,2.97));
#5383=CARTESIAN_POINT('Ctrl Pts',(-8.33856620135736,2.44999999999999,2.97));
#5384=CARTESIAN_POINT('Ctrl Pts',(-8.33856620135736,2.44999999999999,3.13290433935811));
#5385=CARTESIAN_POINT('Ctrl Pts',(-8.22102741456023,2.44999999999999,3.51058969633533));
#5386=CARTESIAN_POINT('Ctrl Pts',(-7.90806099935475,2.44999999999999,3.74144709737198));
#5387=CARTESIAN_POINT('Ctrl Pts',(-7.71073832072193,2.44999999999999,3.81074858875233));
#5388=CARTESIAN_POINT('',(-8.33856620135736,2.44999999999999,1.44641016151378));
#5389=CARTESIAN_POINT('',(-8.33856620135736,2.44999999999999,0.5));
#5390=CARTESIAN_POINT('',(-8.40044641670906,2.44999999999999,1.5));
#5391=CARTESIAN_POINT('',(-6.86369103555363,2.44999999999999,0.169130800516958));
#5392=CARTESIAN_POINT('',(-8.63138652438491,2.44999999999999,1.5));
#5393=CARTESIAN_POINT('',(-6.53384863328227,2.44999999999999,1.5));
#5394=CARTESIAN_POINT('',(-9.09326673973661,2.44999999999999,1.1));
#5395=CARTESIAN_POINT('',(-7.41629772177799,2.44999999999999,2.55229777091162));
#5396=CARTESIAN_POINT('',(-9.09326673973661,2.44999999999999,1.));
#5397=CARTESIAN_POINT('',(-9.09326673973661,2.44999999999999,1.));
#5398=CARTESIAN_POINT('',(-9.42072184070839,2.44999999999999,1.));
#5399=CARTESIAN_POINT('',(-2.87489130229301,2.44999999999999,1.));
#5400=CARTESIAN_POINT('',(-9.42072184070839,2.44999999999999,5.6));
#5401=CARTESIAN_POINT('',(-9.42072184070839,2.44999999999999,1.));
#5402=CARTESIAN_POINT('',(-2.87489130229301,2.44999999999999,5.6));
#5403=CARTESIAN_POINT('Origin',(2.87489130229301,-2.25000000000001,5.8));
#5404=CARTESIAN_POINT('',(7.37143981865144,-2.45000000000001,5.6));
#5405=CARTESIAN_POINT('',(7.85481292151383,-2.07786885245902,5.97213114754098));
#5406=CARTESIAN_POINT('Origin',(7.37143981865144,-1.95000000000001,6.1));
#5407=CARTESIAN_POINT('',(9.42072184070839,-2.45000000000001,5.6));
#5408=CARTESIAN_POINT('',(2.87489130229301,-2.45000000000001,5.6));
#5409=CARTESIAN_POINT('',(9.42072184070839,-2.05000000000001,6.));
#5410=CARTESIAN_POINT('',(9.42072184070839,-2.45000000000001,5.6));
#5411=CARTESIAN_POINT('',(7.86213234434527,-2.05000000000001,6.));
#5412=CARTESIAN_POINT('',(2.87489130229301,-2.05000000000001,6.));
#5413=CARTESIAN_POINT('Origin',(0.,0.,8.05000000000001));
#5414=CARTESIAN_POINT('Origin',(9.42072184070839,-2.70000000000001,5.8));
#5415=CARTESIAN_POINT('',(9.66104637746115,-2.76887755102041,5.6));
#5416=CARTESIAN_POINT('Origin',(9.42072184070839,-2.70000000000001,5.6));
#5417=CARTESIAN_POINT('',(10.0455656362656,-2.87908163265307,6.));
#5418=CARTESIAN_POINT('',(9.66104637746115,-2.76887755102041,5.6));
#5419=CARTESIAN_POINT('Origin',(9.42072184070839,-2.70000000000001,6.));
#5420=CARTESIAN_POINT('Origin',(0.,0.,5.8));
#5421=CARTESIAN_POINT('',(8.42692671313607,-5.47625840984825,5.6));
#5422=CARTESIAN_POINT('',(8.76232678132059,-5.69421894357355,6.));
#5423=CARTESIAN_POINT('',(8.42692671313607,-5.47625840984825,5.6));
#5424=CARTESIAN_POINT('Origin',(0.,0.,6.));
#5425=CARTESIAN_POINT('Origin',(0.,0.,5.6));
#5426=CARTESIAN_POINT('Origin',(9.05580184098205,-5.88493441058319,5.8));
#5427=CARTESIAN_POINT('',(9.68467696882802,-6.29361041131814,5.6));
#5428=CARTESIAN_POINT('Origin',(9.05580184098205,-5.88493441058319,5.6));
#5429=CARTESIAN_POINT('',(9.3492769006435,-6.07564987759283,6.));
#5430=CARTESIAN_POINT('',(9.68467696882802,-6.29361041131814,5.6));
#5431=CARTESIAN_POINT('Origin',(9.05580184098205,-5.88493441058319,6.));
#5432=CARTESIAN_POINT('Origin',(0.,0.,5.8));
#5433=CARTESIAN_POINT('',(11.2435815502569,-2.6427966101695,5.6));
#5434=CARTESIAN_POINT('',(10.8541934446203,-2.55127118644068,6.));
#5435=CARTESIAN_POINT('',(11.2435815502569,-2.6427966101695,5.6));
#5436=CARTESIAN_POINT('Origin',(0.,0.,6.));
#5437=CARTESIAN_POINT('Origin',(0.,0.,5.6));
#5438=CARTESIAN_POINT('Origin',(11.4869491162797,-2.70000000000001,5.8));
#5439=CARTESIAN_POINT('',(11.4869491162797,-2.45000000000001,5.6));
#5440=CARTESIAN_POINT('Origin',(11.4869491162797,-2.70000000000001,5.6));
#5441=CARTESIAN_POINT('',(11.4869491162797,-2.05000000000001,6.));
#5442=CARTESIAN_POINT('',(11.4869491162797,-2.45000000000001,5.6));
#5443=CARTESIAN_POINT('Origin',(11.4869491162797,-2.70000000000001,6.));
#5444=CARTESIAN_POINT('Origin',(5.64358042380898,-2.25000000000001,5.8));
#5445=CARTESIAN_POINT('',(13.5321838592298,-2.45000000000001,5.6));
#5446=CARTESIAN_POINT('',(13.5321838592298,-2.05000000000001,6.));
#5447=CARTESIAN_POINT('',(13.5321838592298,-2.45000000000001,5.6));
#5448=CARTESIAN_POINT('',(5.64358042380898,-2.05000000000001,6.));
#5449=CARTESIAN_POINT('',(5.64358042380898,-2.45000000000001,5.6));
#5450=CARTESIAN_POINT('Origin',(13.5321838592298,-2.95000000000001,5.8));
#5451=CARTESIAN_POINT('',(14.0207103523428,-3.05649819494586,5.6));
#5452=CARTESIAN_POINT('Origin',(13.5321838592298,-2.95000000000001,5.6));
#5453=CARTESIAN_POINT('',(14.4115315468332,-3.14169675090253,6.));
#5454=CARTESIAN_POINT('',(14.0207103523428,-3.05649819494586,5.6));
#5455=CARTESIAN_POINT('Origin',(13.5321838592298,-2.95000000000001,6.));
#5456=CARTESIAN_POINT('Origin',(0.,0.,5.8));
#5457=CARTESIAN_POINT('',(-14.0207103523428,-3.05649819494586,5.6));
#5458=CARTESIAN_POINT('',(-14.4115315468332,-3.14169675090253,6.));
#5459=CARTESIAN_POINT('',(-14.0207103523428,-3.05649819494586,5.6));
#5460=CARTESIAN_POINT('Origin',(0.,0.,6.));
#5461=CARTESIAN_POINT('Origin',(0.,0.,5.6));
#5462=CARTESIAN_POINT('Origin',(-13.5321838592298,-2.95000000000001,5.8));
#5463=CARTESIAN_POINT('Origin',(-13.5321838592298,-2.95000000000001,5.6));
#5464=CARTESIAN_POINT('',(-13.5321838592298,-2.05000000000001,6.));
#5465=CARTESIAN_POINT('',(-13.5321838592298,-2.45000000000001,5.6));
#5466=CARTESIAN_POINT('Origin',(-13.5321838592298,-2.95000000000001,6.));
#5467=CARTESIAN_POINT('Origin',(-7.06965345685345,-2.25000000000001,5.8));
#5468=CARTESIAN_POINT('',(-7.06965345685345,-2.05000000000001,6.));
#5469=CARTESIAN_POINT('Origin',(-13.5321838592298,-2.95000000000001,1.));
#5470=CARTESIAN_POINT('',(-14.0207103523428,-3.05649819494586,1.));
#5471=CARTESIAN_POINT('',(-14.0207103523428,-3.05649819494586,1.));
#5472=CARTESIAN_POINT('Origin',(-13.5321838592298,-2.95000000000001,1.));
#5473=CARTESIAN_POINT('Origin',(0.,0.,1.));
#5474=CARTESIAN_POINT('',(14.0207103523428,-3.05649819494586,1.));
#5475=CARTESIAN_POINT('',(14.0207103523428,-3.05649819494586,1.));
#5476=CARTESIAN_POINT('Origin',(0.,0.,1.));
#5477=CARTESIAN_POINT('Origin',(13.5321838592298,-2.95000000000001,1.));
#5478=CARTESIAN_POINT('',(13.5321838592298,-2.45000000000001,1.));
#5479=CARTESIAN_POINT('',(13.5321838592298,-2.45000000000001,1.));
#5480=CARTESIAN_POINT('Origin',(13.5321838592298,-2.95000000000001,1.));
#5481=CARTESIAN_POINT('Origin',(11.287160847618,-2.45000000000001,1.));
#5482=CARTESIAN_POINT('',(11.4869491162797,-2.45000000000001,1.));
#5483=CARTESIAN_POINT('',(11.4869491162797,-2.45000000000001,1.));
#5484=CARTESIAN_POINT('',(5.64358042380898,-2.45000000000001,1.));
#5485=CARTESIAN_POINT('Origin',(11.4869491162797,-2.70000000000001,1.));
#5486=CARTESIAN_POINT('',(11.2435815502569,-2.6427966101695,1.));
#5487=CARTESIAN_POINT('',(11.2435815502569,-2.6427966101695,1.));
#5488=CARTESIAN_POINT('Origin',(11.4869491162797,-2.70000000000001,1.));
#5489=CARTESIAN_POINT('Origin',(0.,0.,1.));
#5490=CARTESIAN_POINT('',(9.68467696882802,-6.29361041131814,1.));
#5491=CARTESIAN_POINT('',(9.68467696882802,-6.29361041131814,1.));
#5492=CARTESIAN_POINT('Origin',(0.,0.,1.));
#5493=CARTESIAN_POINT('Origin',(9.05580184098205,-5.88493441058319,1.));
#5494=CARTESIAN_POINT('',(8.42692671313607,-5.47625840984825,1.));
#5495=CARTESIAN_POINT('',(8.42692671313607,-5.47625840984825,1.));
#5496=CARTESIAN_POINT('Origin',(9.05580184098205,-5.88493441058319,1.));
#5497=CARTESIAN_POINT('Origin',(0.,0.,1.));
#5498=CARTESIAN_POINT('',(9.66104637746115,-2.76887755102041,1.));
#5499=CARTESIAN_POINT('',(9.66104637746115,-2.76887755102041,1.));
#5500=CARTESIAN_POINT('Origin',(0.,0.,1.));
#5501=CARTESIAN_POINT('Origin',(9.42072184070839,-2.70000000000001,1.));
#5502=CARTESIAN_POINT('',(9.42072184070839,-2.45000000000001,1.));
#5503=CARTESIAN_POINT('',(9.42072184070839,-2.45000000000001,1.));
#5504=CARTESIAN_POINT('Origin',(9.42072184070839,-2.70000000000001,1.));
#5505=CARTESIAN_POINT('Origin',(5.74978260458602,-2.45000000000001,1.));
#5506=CARTESIAN_POINT('',(7.36121593216772,-2.45000000000001,3.87));
#5507=CARTESIAN_POINT('',(2.87489130229301,-2.45000000000001,3.87));
#5508=CARTESIAN_POINT('',(7.71073832072193,-2.45000000000001,3.81074858875233));
#5509=CARTESIAN_POINT('Ctrl Pts',(7.71073832072229,-2.45000000000001,3.8107485887522));
#5510=CARTESIAN_POINT('Ctrl Pts',(7.59851705472808,-2.45000000000001,3.85016170209469));
#5511=CARTESIAN_POINT('Ctrl Pts',(7.47984958813095,-2.45000000000001,3.87));
#5512=CARTESIAN_POINT('Ctrl Pts',(7.36121593216772,-2.45000000000001,3.87));
#5513=CARTESIAN_POINT('',(8.33856620135735,-2.45000000000001,2.97));
#5514=CARTESIAN_POINT('Ctrl Pts',(8.33856620135735,-2.45000000000001,2.97));
#5515=CARTESIAN_POINT('Ctrl Pts',(8.33856620135735,-2.45000000000001,3.13290433935811));
#5516=CARTESIAN_POINT('Ctrl Pts',(8.22102741456023,-2.45000000000001,3.51058969633533));
#5517=CARTESIAN_POINT('Ctrl Pts',(7.90806099935474,-2.45000000000001,3.74144709737198));
#5518=CARTESIAN_POINT('Ctrl Pts',(7.71073832072193,-2.45000000000001,3.81074858875233));
#5519=CARTESIAN_POINT('',(8.33856620135735,-2.45000000000001,1.44641016151377));
#5520=CARTESIAN_POINT('',(8.33856620135735,-2.45000000000001,0.5));
#5521=CARTESIAN_POINT('',(8.40044641670905,-2.45000000000001,1.5));
#5522=CARTESIAN_POINT('',(6.86369103555362,-2.45000000000001,0.169130800516959));
#5523=CARTESIAN_POINT('',(8.63138652438491,-2.45000000000001,1.5));
#5524=CARTESIAN_POINT('',(6.53384863328226,-2.45000000000001,1.5));
#5525=CARTESIAN_POINT('',(9.09326673973661,-2.45000000000001,1.1));
#5526=CARTESIAN_POINT('',(7.41629772177798,-2.45000000000001,2.55229777091162));
#5527=CARTESIAN_POINT('',(9.09326673973661,-2.45000000000001,1.));
#5528=CARTESIAN_POINT('',(9.09326673973661,-2.45000000000001,1.));
#5529=CARTESIAN_POINT('',(2.87489130229301,-2.45000000000001,1.));
#5530=CARTESIAN_POINT('',(7.37143981865144,-2.45000000000001,6.));
#5531=CARTESIAN_POINT('Origin',(-2.87489130229301,2.24999999999999,5.8));
#5532=CARTESIAN_POINT('',(-9.42072184070839,2.04999999999999,6.));
#5533=CARTESIAN_POINT('',(-9.42072184070839,2.44999999999999,5.6));
#5534=CARTESIAN_POINT('',(-2.87489130229301,2.04999999999999,6.));
#5535=CARTESIAN_POINT('Origin',(-9.42072184070839,2.7,5.8));
#5536=CARTESIAN_POINT('',(-9.66104637746115,2.7688775510204,5.6));
#5537=CARTESIAN_POINT('Origin',(-9.42072184070839,2.7,5.6));
#5538=CARTESIAN_POINT('',(-10.0455656362656,2.87908163265306,6.));
#5539=CARTESIAN_POINT('',(-9.66104637746115,2.7688775510204,5.6));
#5540=CARTESIAN_POINT('Origin',(-9.42072184070839,2.7,6.));
#5541=CARTESIAN_POINT('Origin',(0.,0.,5.8));
#5542=CARTESIAN_POINT('',(-8.42692671313607,5.47625840984825,5.6));
#5543=CARTESIAN_POINT('',(-8.76232678132059,5.69421894357355,6.));
#5544=CARTESIAN_POINT('',(-8.42692671313607,5.47625840984825,5.6));
#5545=CARTESIAN_POINT('Origin',(0.,0.,6.));
#5546=CARTESIAN_POINT('Origin',(0.,0.,5.6));
#5547=CARTESIAN_POINT('Origin',(-9.05580184098205,5.88493441058319,5.8));
#5548=CARTESIAN_POINT('',(-9.68467696882803,6.29361041131813,5.6));
#5549=CARTESIAN_POINT('Origin',(-9.05580184098205,5.88493441058319,5.6));
#5550=CARTESIAN_POINT('',(-9.3492769006435,6.07564987759283,6.));
#5551=CARTESIAN_POINT('',(-9.68467696882803,6.29361041131813,5.6));
#5552=CARTESIAN_POINT('Origin',(-9.05580184098205,5.88493441058319,6.));
#5553=CARTESIAN_POINT('Origin',(0.,0.,5.8));
#5554=CARTESIAN_POINT('',(-11.2435815502569,2.64279661016948,5.6));
#5555=CARTESIAN_POINT('',(-10.8541934446203,2.55127118644067,6.));
#5556=CARTESIAN_POINT('',(-11.2435815502569,2.64279661016948,5.6));
#5557=CARTESIAN_POINT('Origin',(0.,0.,6.));
#5558=CARTESIAN_POINT('Origin',(0.,0.,5.6));
#5559=CARTESIAN_POINT('Origin',(-11.4869491162797,2.69999999999999,5.8));
#5560=CARTESIAN_POINT('',(-11.4869491162797,2.44999999999999,5.6));
#5561=CARTESIAN_POINT('Origin',(-11.4869491162797,2.69999999999999,5.6));
#5562=CARTESIAN_POINT('',(-11.4869491162797,2.04999999999999,6.));
#5563=CARTESIAN_POINT('',(-11.4869491162797,2.44999999999999,5.6));
#5564=CARTESIAN_POINT('Origin',(-11.4869491162797,2.69999999999999,6.));
#5565=CARTESIAN_POINT('Origin',(-5.64358042380898,2.24999999999999,5.8));
#5566=CARTESIAN_POINT('',(-13.5321838592298,2.44999999999999,5.6));
#5567=CARTESIAN_POINT('',(-13.5321838592298,2.04999999999999,6.));
#5568=CARTESIAN_POINT('',(-13.5321838592298,2.44999999999999,5.6));
#5569=CARTESIAN_POINT('',(-5.64358042380898,2.04999999999999,6.));
#5570=CARTESIAN_POINT('',(-5.64358042380898,2.44999999999999,5.6));
#5571=CARTESIAN_POINT('Origin',(-13.5321838592298,2.94999999999999,5.8));
#5572=CARTESIAN_POINT('',(-14.0207103523428,3.05649819494584,5.6));
#5573=CARTESIAN_POINT('Origin',(-13.5321838592298,2.94999999999999,5.6));
#5574=CARTESIAN_POINT('',(-14.4115315468332,3.14169675090252,6.));
#5575=CARTESIAN_POINT('',(-14.0207103523428,3.05649819494584,5.6));
#5576=CARTESIAN_POINT('Origin',(-13.5321838592298,2.94999999999999,6.));
#5577=CARTESIAN_POINT('Origin',(0.,0.,5.8));
#5578=CARTESIAN_POINT('',(14.0207103523428,3.05649819494584,5.6));
#5579=CARTESIAN_POINT('',(14.4115315468332,3.14169675090252,6.));
#5580=CARTESIAN_POINT('',(14.0207103523428,3.05649819494584,5.6));
#5581=CARTESIAN_POINT('Origin',(0.,0.,6.));
#5582=CARTESIAN_POINT('Origin',(0.,0.,5.6));
#5583=CARTESIAN_POINT('Origin',(13.5321838592298,2.94999999999999,5.8));
#5584=CARTESIAN_POINT('',(13.5321838592298,2.44999999999999,5.6));
#5585=CARTESIAN_POINT('Origin',(13.5321838592298,2.94999999999999,5.6));
#5586=CARTESIAN_POINT('',(13.5321838592298,2.05,6.));
#5587=CARTESIAN_POINT('',(13.5321838592298,2.44999999999999,5.6));
#5588=CARTESIAN_POINT('Origin',(13.5321838592298,2.94999999999999,6.));
#5589=CARTESIAN_POINT('Origin',(7.06965345685345,2.24999999999999,5.8));
#5590=CARTESIAN_POINT('',(7.85481292151383,2.07786885245901,5.97213114754099));
#5591=CARTESIAN_POINT('',(7.86213234434527,2.04999999999999,6.));
#5592=CARTESIAN_POINT('Origin',(0.,0.,8.05));
#5593=CARTESIAN_POINT('',(7.06965345685345,2.04999999999999,6.));
#5594=CARTESIAN_POINT('',(7.37143981865144,2.44999999999999,5.6));
#5595=CARTESIAN_POINT('',(7.06965345685345,2.44999999999999,5.6));
#5596=CARTESIAN_POINT('Origin',(7.37143981865144,1.94999999999999,6.1));
#5597=CARTESIAN_POINT('Origin',(14.1393069137069,2.44999999999999,1.));
#5598=CARTESIAN_POINT('',(7.37143981865144,2.44999999999999,6.));
#5599=CARTESIAN_POINT('',(13.5321838592298,2.44999999999999,1.));
#5600=CARTESIAN_POINT('',(13.5321838592298,2.44999999999999,1.));
#5601=CARTESIAN_POINT('',(9.09326673973661,2.44999999999999,1.));
#5602=CARTESIAN_POINT('',(7.06965345685345,2.44999999999999,1.));
#5603=CARTESIAN_POINT('',(9.09326673973661,2.44999999999999,1.1));
#5604=CARTESIAN_POINT('',(9.09326673973661,2.44999999999999,1.));
#5605=CARTESIAN_POINT('',(8.63138652438491,2.44999999999999,1.5));
#5606=CARTESIAN_POINT('',(10.2380695081449,2.44999999999999,0.108571720235678));
#5607=CARTESIAN_POINT('',(8.40044641670906,2.44999999999999,1.5));
#5608=CARTESIAN_POINT('',(10.7286107878427,2.44999999999999,1.5));
#5609=CARTESIAN_POINT('',(8.33856620135736,2.44999999999999,1.44641016151377));
#5610=CARTESIAN_POINT('',(9.80505680625268,2.44999999999999,2.71642827976432));
#5611=CARTESIAN_POINT('',(8.33856620135736,2.44999999999999,2.97));
#5612=CARTESIAN_POINT('',(8.33856620135736,2.44999999999999,0.5));
#5613=CARTESIAN_POINT('',(7.71073832072194,2.44999999999999,3.81074858875233));
#5614=CARTESIAN_POINT('Ctrl Pts',(7.71073832072194,2.44999999999999,3.81074858875233));
#5615=CARTESIAN_POINT('Ctrl Pts',(7.85873032969655,2.44999999999999,3.75877247021706));
#5616=CARTESIAN_POINT('Ctrl Pts',(8.08724172340603,2.44999999999999,3.61466451208501));
#5617=CARTESIAN_POINT('Ctrl Pts',(8.29509615652672,2.44999999999999,3.29549477883237));
#5618=CARTESIAN_POINT('Ctrl Pts',(8.33856620135736,2.44999999999999,3.07860289290541));
#5619=CARTESIAN_POINT('Ctrl Pts',(8.33856620135736,2.44999999999999,2.97));
#5620=CARTESIAN_POINT('',(7.36121593216773,2.44999999999999,3.87));
#5621=CARTESIAN_POINT('Ctrl Pts',(7.36121593216773,2.44999999999999,3.87));
#5622=CARTESIAN_POINT('Ctrl Pts',(7.47984958813096,2.44999999999999,3.87));
#5623=CARTESIAN_POINT('Ctrl Pts',(7.59851705472809,2.44999999999999,3.85016170209469));
#5624=CARTESIAN_POINT('Ctrl Pts',(7.7107383207223,2.44999999999999,3.8107485887522));
#5625=CARTESIAN_POINT('',(5.74978260458602,2.44999999999999,3.87));
#5626=CARTESIAN_POINT('',(7.06965345685345,2.44999999999999,3.87));
#5627=CARTESIAN_POINT('',(5.74978260458602,2.44999999999999,1.));
#5628=CARTESIAN_POINT('Origin',(13.5321838592298,2.94999999999999,1.));
#5629=CARTESIAN_POINT('',(14.0207103523428,3.05649819494584,1.));
#5630=CARTESIAN_POINT('',(14.0207103523428,3.05649819494584,1.));
#5631=CARTESIAN_POINT('Origin',(13.5321838592298,2.94999999999999,1.));
#5632=CARTESIAN_POINT('Origin',(0.,0.,1.));
#5633=CARTESIAN_POINT('',(-14.0207103523428,3.05649819494584,1.));
#5634=CARTESIAN_POINT('',(-14.0207103523428,3.05649819494584,1.));
#5635=CARTESIAN_POINT('Origin',(0.,0.,1.));
#5636=CARTESIAN_POINT('Origin',(-13.5321838592298,2.94999999999999,1.));
#5637=CARTESIAN_POINT('',(-13.5321838592298,2.44999999999999,1.));
#5638=CARTESIAN_POINT('',(-13.5321838592298,2.44999999999999,1.));
#5639=CARTESIAN_POINT('Origin',(-13.5321838592298,2.94999999999999,1.));
#5640=CARTESIAN_POINT('Origin',(-11.287160847618,2.44999999999999,1.));
#5641=CARTESIAN_POINT('',(-11.4869491162797,2.44999999999999,1.));
#5642=CARTESIAN_POINT('',(-11.4869491162797,2.44999999999999,1.));
#5643=CARTESIAN_POINT('',(-5.64358042380898,2.44999999999999,1.));
#5644=CARTESIAN_POINT('Origin',(-11.4869491162797,2.69999999999999,1.));
#5645=CARTESIAN_POINT('',(-11.2435815502569,2.64279661016948,1.));
#5646=CARTESIAN_POINT('',(-11.2435815502569,2.64279661016948,1.));
#5647=CARTESIAN_POINT('Origin',(-11.4869491162797,2.69999999999999,1.));
#5648=CARTESIAN_POINT('Origin',(0.,0.,1.));
#5649=CARTESIAN_POINT('',(-9.68467696882803,6.29361041131813,1.));
#5650=CARTESIAN_POINT('',(-9.68467696882803,6.29361041131813,1.));
#5651=CARTESIAN_POINT('Origin',(0.,0.,1.));
#5652=CARTESIAN_POINT('Origin',(-9.05580184098205,5.88493441058319,1.));
#5653=CARTESIAN_POINT('',(-8.42692671313607,5.47625840984825,1.));
#5654=CARTESIAN_POINT('',(-8.42692671313607,5.47625840984825,1.));
#5655=CARTESIAN_POINT('Origin',(-9.05580184098205,5.88493441058319,1.));
#5656=CARTESIAN_POINT('Origin',(0.,0.,1.));
#5657=CARTESIAN_POINT('',(-9.66104637746115,2.7688775510204,1.));
#5658=CARTESIAN_POINT('',(-9.66104637746115,2.7688775510204,1.));
#5659=CARTESIAN_POINT('Origin',(0.,0.,1.));
#5660=CARTESIAN_POINT('Origin',(-9.42072184070839,2.7,1.));
#5661=CARTESIAN_POINT('Origin',(-9.42072184070839,2.7,1.));
#5662=CARTESIAN_POINT('Origin',(-6.45188925819407,5.425,0.2));
#5663=CARTESIAN_POINT('',(-9.20873679357453,0.24999999999999,0.4));
#5664=CARTESIAN_POINT('',(-9.55514695508831,0.44999999999999,0.));
#5665=CARTESIAN_POINT('',(-9.20873679357453,0.24999999999999,0.4));
#5666=CARTESIAN_POINT('',(-6.0333103130316,6.55,0.));
#5667=CARTESIAN_POINT('',(-6.62509433895096,5.525,0.));
#5668=CARTESIAN_POINT('',(-5.68690015151782,6.35,0.4));
#5669=CARTESIAN_POINT('',(-6.0333103130316,6.55,0.));
#5670=CARTESIAN_POINT('',(-6.27868417743719,5.325,0.4));
#5671=CARTESIAN_POINT('Origin',(-8.77572409168232,-9.15933995315754E-15,
0.2));
#5672=CARTESIAN_POINT('',(-9.20873679357453,-0.250000000000008,0.4));
#5673=CARTESIAN_POINT('Origin',(-8.77572409168232,-9.15933995315754E-15,
0.4));
#5674=CARTESIAN_POINT('',(-9.55514695508831,-0.45000000000001,0.));
#5675=CARTESIAN_POINT('',(-9.20873679357453,-0.250000000000008,0.4));
#5676=CARTESIAN_POINT('Origin',(-8.77572409168232,-9.15933995315754E-15,
0.));
#5677=CARTESIAN_POINT('Origin',(-8.35714514651983,-2.12500000000001,0.2));
#5678=CARTESIAN_POINT('',(-5.68690015151782,-6.34999999999999,0.4));
#5679=CARTESIAN_POINT('',(-6.03331031303159,-6.54999999999999,0.));
#5680=CARTESIAN_POINT('',(-5.68690015151782,-6.34999999999999,0.4));
#5681=CARTESIAN_POINT('',(-8.53035022727672,-2.22500000000001,0.));
#5682=CARTESIAN_POINT('',(-8.18394006576295,-2.02500000000001,0.4));
#5683=CARTESIAN_POINT('Origin',(-6.11991285341004,-6.59999999999999,0.2));
#5684=CARTESIAN_POINT('',(-5.68690015151782,-6.84999999999999,0.4));
#5685=CARTESIAN_POINT('Origin',(-6.11991285341004,-6.59999999999999,0.4));
#5686=CARTESIAN_POINT('',(-6.03331031303159,-6.64999999999999,0.));
#5687=CARTESIAN_POINT('',(-5.68690015151782,-6.84999999999999,0.4));
#5688=CARTESIAN_POINT('Origin',(-6.11991285341004,-6.59999999999999,0.));
#5689=CARTESIAN_POINT('Origin',(-3.59400542570543,-2.825,0.2));
#5690=CARTESIAN_POINT('',(-7.09903810567667,-9.29589468389948,0.4));
#5691=CARTESIAN_POINT('',(-7.44544826719044,-9.09589468389948,0.));
#5692=CARTESIAN_POINT('',(-7.09903810567667,-9.29589468389948,0.4));
#5693=CARTESIAN_POINT('',(-3.76721050646231,-2.725,0.));
#5694=CARTESIAN_POINT('',(-3.42080034494854,-2.925,0.4));
#5695=CARTESIAN_POINT('Origin',(-5.80000000000001,-10.0458946838995,0.2));
#5696=CARTESIAN_POINT('',(-4.50096189432335,-10.7958946838995,0.4));
#5697=CARTESIAN_POINT('',(-4.15455173280958,-10.9958946838995,0.));
#5698=CARTESIAN_POINT('',(-4.50096189432335,-10.7958946838995,0.4));
#5699=CARTESIAN_POINT('Origin',(-5.80000000000001,-10.0458946838995,0.));
#5700=CARTESIAN_POINT('Origin',(-5.80000000000001,-10.0458946838995,0.4));
#5701=CARTESIAN_POINT('Origin',(-1.42775681356646,-5.87294734194974,0.2));
#5702=CARTESIAN_POINT('',(-3.08882394016451,-8.35,0.4));
#5703=CARTESIAN_POINT('',(-2.74241377865073,-8.55,0.));
#5704=CARTESIAN_POINT('',(-3.08882394016451,-8.35,0.4));
#5705=CARTESIAN_POINT('',(-1.25455173280957,-5.97294734194974,0.));
#5706=CARTESIAN_POINT('',(-1.60096189432335,-5.77294734194974,0.4));
#5707=CARTESIAN_POINT('Origin',(-2.65581123827229,-8.6,0.2));
#5708=CARTESIAN_POINT('',(-2.65581123827229,-8.1,0.4));
#5709=CARTESIAN_POINT('Origin',(-2.65581123827229,-8.6,0.4));
#5710=CARTESIAN_POINT('',(-2.65581123827229,-8.50000000000001,0.));
#5711=CARTESIAN_POINT('',(-2.65581123827229,-8.1,0.4));
#5712=CARTESIAN_POINT('Origin',(-2.65581123827229,-8.6,0.));
#5713=CARTESIAN_POINT('Origin',(-1.47224318643355,-8.3,0.2));
#5714=CARTESIAN_POINT('',(2.65581123827229,-8.1,0.4));
#5715=CARTESIAN_POINT('',(2.65581123827229,-8.5,0.));
#5716=CARTESIAN_POINT('',(2.65581123827229,-8.1,0.4));
#5717=CARTESIAN_POINT('',(-1.47224318643354,-8.5,0.));
#5718=CARTESIAN_POINT('',(-1.47224318643355,-8.1,0.4));
#5719=CARTESIAN_POINT('Origin',(2.65581123827229,-8.6,0.2));
#5720=CARTESIAN_POINT('',(3.08882394016451,-8.35,0.4));
#5721=CARTESIAN_POINT('Origin',(2.65581123827229,-8.6,0.4));
#5722=CARTESIAN_POINT('',(2.74241377865073,-8.55,0.));
#5723=CARTESIAN_POINT('',(3.08882394016451,-8.35,0.4));
#5724=CARTESIAN_POINT('Origin',(2.65581123827229,-8.6,0.));
#5725=CARTESIAN_POINT('Origin',(0.64951905283833,-4.525,0.2));
#5726=CARTESIAN_POINT('',(4.50096189432335,-10.7958946838995,0.4));
#5727=CARTESIAN_POINT('',(4.15455173280958,-10.9958946838995,0.));
#5728=CARTESIAN_POINT('',(4.50096189432335,-10.7958946838995,0.4));
#5729=CARTESIAN_POINT('',(0.476313972081443,-4.625,0.));
#5730=CARTESIAN_POINT('',(0.822724133595218,-4.425,0.4));
#5731=CARTESIAN_POINT('Origin',(5.80000000000001,-10.0458946838995,0.2));
#5732=CARTESIAN_POINT('',(7.09903810567667,-9.29589468389948,0.4));
#5733=CARTESIAN_POINT('',(7.44544826719044,-9.09589468389948,0.));
#5734=CARTESIAN_POINT('',(7.09903810567667,-9.29589468389948,0.4));
#5735=CARTESIAN_POINT('Origin',(5.80000000000001,-10.0458946838995,0.));
#5736=CARTESIAN_POINT('Origin',(5.80000000000001,-10.0458946838995,0.4));
#5737=CARTESIAN_POINT('Origin',(4.37224318643355,-4.17294734194974,0.2));
#5738=CARTESIAN_POINT('',(5.68690015151782,-6.85,0.4));
#5739=CARTESIAN_POINT('',(6.03331031303159,-6.65,0.));
#5740=CARTESIAN_POINT('',(5.68690015151782,-6.85,0.4));
#5741=CARTESIAN_POINT('',(4.54544826719044,-4.07294734194974,0.));
#5742=CARTESIAN_POINT('',(4.19903810567666,-4.27294734194974,0.4));
#5743=CARTESIAN_POINT('Origin',(6.11991285341004,-6.6,0.2));
#5744=CARTESIAN_POINT('',(5.68690015151782,-6.35,0.4));
#5745=CARTESIAN_POINT('Origin',(6.11991285341004,-6.6,0.4));
#5746=CARTESIAN_POINT('',(6.0333103130316,-6.55,0.));
#5747=CARTESIAN_POINT('',(5.68690015151782,-6.35,0.4));
#5748=CARTESIAN_POINT('Origin',(6.11991285341004,-6.6,0.));
#5749=CARTESIAN_POINT('Origin',(6.45188925819407,-5.425,0.2));
#5750=CARTESIAN_POINT('',(9.20873679357453,-0.249999999999996,0.4));
#5751=CARTESIAN_POINT('',(9.55514695508831,-0.449999999999995,0.));
#5752=CARTESIAN_POINT('',(9.20873679357453,-0.249999999999996,0.4));
#5753=CARTESIAN_POINT('',(6.62509433895096,-5.525,0.));
#5754=CARTESIAN_POINT('',(6.27868417743719,-5.325,0.4));
#5755=CARTESIAN_POINT('Origin',(8.77572409168231,3.88578058618805E-15,0.2));
#5756=CARTESIAN_POINT('',(9.20873679357453,0.250000000000004,0.4));
#5757=CARTESIAN_POINT('Origin',(8.77572409168231,3.88578058618805E-15,0.4));
#5758=CARTESIAN_POINT('',(9.55514695508831,0.450000000000005,0.));
#5759=CARTESIAN_POINT('',(9.20873679357453,0.250000000000004,0.4));
#5760=CARTESIAN_POINT('Origin',(8.77572409168231,3.88578058618805E-15,0.));
#5761=CARTESIAN_POINT('Origin',(8.35714514651983,2.125,0.2));
#5762=CARTESIAN_POINT('',(5.68690015151782,6.34999999999999,0.4));
#5763=CARTESIAN_POINT('',(6.03331031303159,6.54999999999999,0.));
#5764=CARTESIAN_POINT('',(5.68690015151782,6.34999999999999,0.4));
#5765=CARTESIAN_POINT('',(8.53035022727672,2.225,0.));
#5766=CARTESIAN_POINT('',(8.18394006576295,2.025,0.4));
#5767=CARTESIAN_POINT('Origin',(6.11991285341004,6.59999999999999,0.2));
#5768=CARTESIAN_POINT('',(5.68690015151782,6.84999999999999,0.4));
#5769=CARTESIAN_POINT('Origin',(6.11991285341004,6.59999999999999,0.4));
#5770=CARTESIAN_POINT('',(6.03331031303159,6.64999999999999,0.));
#5771=CARTESIAN_POINT('',(5.68690015151782,6.84999999999999,0.4));
#5772=CARTESIAN_POINT('Origin',(6.11991285341004,6.59999999999999,0.));
#5773=CARTESIAN_POINT('Origin',(3.59400542570542,2.825,0.2));
#5774=CARTESIAN_POINT('',(7.09903810567667,9.29589468389948,0.4));
#5775=CARTESIAN_POINT('',(7.44544826719044,9.09589468389948,0.));
#5776=CARTESIAN_POINT('',(7.09903810567667,9.29589468389948,0.4));
#5777=CARTESIAN_POINT('',(3.76721050646231,2.725,0.));
#5778=CARTESIAN_POINT('',(3.42080034494853,2.925,0.4));
#5779=CARTESIAN_POINT('Origin',(5.80000000000001,10.0458946838995,0.2));
#5780=CARTESIAN_POINT('',(4.50096189432335,10.7958946838995,0.4));
#5781=CARTESIAN_POINT('',(4.15455173280958,10.9958946838995,0.));
#5782=CARTESIAN_POINT('',(4.50096189432335,10.7958946838995,0.4));
#5783=CARTESIAN_POINT('Origin',(5.80000000000001,10.0458946838995,0.));
#5784=CARTESIAN_POINT('Origin',(5.80000000000001,10.0458946838995,0.4));
#5785=CARTESIAN_POINT('Origin',(1.42775681356646,5.87294734194974,0.2));
#5786=CARTESIAN_POINT('',(3.08882394016451,8.35,0.4));
#5787=CARTESIAN_POINT('',(2.74241377865073,8.55,0.));
#5788=CARTESIAN_POINT('',(3.08882394016451,8.35,0.4));
#5789=CARTESIAN_POINT('',(1.25455173280957,5.97294734194974,0.));
#5790=CARTESIAN_POINT('',(1.60096189432335,5.77294734194974,0.4));
#5791=CARTESIAN_POINT('Origin',(2.65581123827229,8.6,0.2));
#5792=CARTESIAN_POINT('',(2.65581123827229,8.1,0.4));
#5793=CARTESIAN_POINT('Origin',(2.65581123827229,8.6,0.4));
#5794=CARTESIAN_POINT('',(2.65581123827229,8.5,0.));
#5795=CARTESIAN_POINT('',(2.65581123827229,8.1,0.4));
#5796=CARTESIAN_POINT('Origin',(2.65581123827229,8.6,0.));
#5797=CARTESIAN_POINT('Origin',(1.47224318643355,8.3,0.2));
#5798=CARTESIAN_POINT('',(-2.65581123827228,8.1,0.4));
#5799=CARTESIAN_POINT('',(-2.65581123827228,8.5,0.));
#5800=CARTESIAN_POINT('',(-2.65581123827228,8.1,0.4));
#5801=CARTESIAN_POINT('',(1.47224318643355,8.5,0.));
#5802=CARTESIAN_POINT('',(1.47224318643355,8.1,0.4));
#5803=CARTESIAN_POINT('Origin',(-2.65581123827228,8.6,0.2));
#5804=CARTESIAN_POINT('',(-3.0888239401645,8.35,0.4));
#5805=CARTESIAN_POINT('Origin',(-2.65581123827228,8.6,0.4));
#5806=CARTESIAN_POINT('',(-2.74241377865073,8.55,0.));
#5807=CARTESIAN_POINT('',(-3.0888239401645,8.35,0.4));
#5808=CARTESIAN_POINT('Origin',(-2.65581123827228,8.6,0.));
#5809=CARTESIAN_POINT('Origin',(-0.64951905283833,4.525,0.2));
#5810=CARTESIAN_POINT('',(-4.50096189432335,10.7958946838995,0.4));
#5811=CARTESIAN_POINT('',(-4.15455173280958,10.9958946838995,0.));
#5812=CARTESIAN_POINT('',(-4.50096189432335,10.7958946838995,0.4));
#5813=CARTESIAN_POINT('',(-0.476313972081443,4.625,0.));
#5814=CARTESIAN_POINT('',(-0.822724133595218,4.425,0.4));
#5815=CARTESIAN_POINT('Origin',(-5.80000000000001,10.0458946838995,0.2));
#5816=CARTESIAN_POINT('',(-7.09903810567667,9.29589468389948,0.4));
#5817=CARTESIAN_POINT('',(-7.44544826719044,9.09589468389948,0.));
#5818=CARTESIAN_POINT('',(-7.09903810567667,9.29589468389948,0.4));
#5819=CARTESIAN_POINT('Origin',(-5.80000000000001,10.0458946838995,0.));
#5820=CARTESIAN_POINT('Origin',(-5.80000000000001,10.0458946838995,0.4));
#5821=CARTESIAN_POINT('Origin',(-4.37224318643355,4.17294734194974,0.2));
#5822=CARTESIAN_POINT('',(-5.68690015151782,6.85,0.4));
#5823=CARTESIAN_POINT('',(-6.03331031303159,6.65,0.));
#5824=CARTESIAN_POINT('',(-5.68690015151782,6.85,0.4));
#5825=CARTESIAN_POINT('',(-4.54544826719044,4.07294734194974,0.));
#5826=CARTESIAN_POINT('',(-4.19903810567666,4.27294734194974,0.4));
#5827=CARTESIAN_POINT('Origin',(-6.11991285341004,6.6,0.2));
#5828=CARTESIAN_POINT('Origin',(-6.11991285341004,6.6,0.4));
#5829=CARTESIAN_POINT('Origin',(-6.11991285341004,6.6,0.));
#5830=CARTESIAN_POINT('Origin',(6.11991285341004,-6.6,0.));
#5831=CARTESIAN_POINT('',(5.68690015151782,-6.85,1.1));
#5832=CARTESIAN_POINT('',(5.68690015151782,-6.85,0.));
#5833=CARTESIAN_POINT('',(5.68690015151782,-6.35,1.1));
#5834=CARTESIAN_POINT('Origin',(6.11991285341004,-6.6,1.1));
#5835=CARTESIAN_POINT('',(5.68690015151782,-6.35,0.));
#5836=CARTESIAN_POINT('Origin',(7.09903810567667,-9.29589468389948,0.));
#5837=CARTESIAN_POINT('',(7.09903810567667,-9.29589468389948,0.6));
#5838=CARTESIAN_POINT('',(7.09903810567667,-9.29589468389948,0.));
#5839=CARTESIAN_POINT('',(5.91991285341004,-7.25358983848622,0.6));
#5840=CARTESIAN_POINT('',(4.19903810567666,-4.27294734194974,0.6));
#5841=CARTESIAN_POINT('',(5.91991285341004,-7.25358983848622,1.1));
#5842=CARTESIAN_POINT('',(5.91991285341004,-7.25358983848622,0.5));
#5843=CARTESIAN_POINT('',(6.20172185192818,-7.74169734194974,1.1));
#5844=CARTESIAN_POINT('Origin',(5.80000000000001,-10.0458946838995,0.));
#5845=CARTESIAN_POINT('',(4.50096189432335,-10.7958946838995,0.6));
#5846=CARTESIAN_POINT('',(4.50096189432335,-10.7958946838995,0.));
#5847=CARTESIAN_POINT('Origin',(5.80000000000001,-10.0458946838995,0.6));
#5848=CARTESIAN_POINT('Origin',(2.9444863728671,-8.1,0.));
#5849=CARTESIAN_POINT('',(3.08882394016451,-8.35,1.1));
#5850=CARTESIAN_POINT('',(3.08882394016451,-8.35,0.));
#5851=CARTESIAN_POINT('',(3.32183664205673,-8.75358983848623,1.1));
#5852=CARTESIAN_POINT('',(2.68467875173176,-7.65,1.1));
#5853=CARTESIAN_POINT('',(3.32183664205673,-8.75358983848623,0.6));
#5854=CARTESIAN_POINT('',(3.32183664205673,-8.75358983848623,0.5));
#5855=CARTESIAN_POINT('',(0.822724133595218,-4.425,0.6));
#5856=CARTESIAN_POINT('Origin',(2.65581123827229,-8.6,0.));
#5857=CARTESIAN_POINT('',(2.65581123827229,-8.1,1.1));
#5858=CARTESIAN_POINT('',(2.65581123827229,-8.1,0.));
#5859=CARTESIAN_POINT('Origin',(2.65581123827229,-8.6,1.1));
#5860=CARTESIAN_POINT('Origin',(-2.9444863728671,-8.1,0.));
#5861=CARTESIAN_POINT('',(-2.65581123827229,-8.1,1.1));
#5862=CARTESIAN_POINT('',(-2.65581123827229,-8.1,0.));
#5863=CARTESIAN_POINT('',(-1.47224318643355,-8.1,1.1));
#5864=CARTESIAN_POINT('Origin',(-2.65581123827229,-8.6,0.));
#5865=CARTESIAN_POINT('',(-3.08882394016451,-8.35,1.1));
#5866=CARTESIAN_POINT('',(-3.08882394016451,-8.35,0.));
#5867=CARTESIAN_POINT('Origin',(-2.65581123827229,-8.6,1.1));
#5868=CARTESIAN_POINT('Origin',(-4.50096189432335,-10.7958946838995,0.));
#5869=CARTESIAN_POINT('',(-4.50096189432335,-10.7958946838995,0.6));
#5870=CARTESIAN_POINT('',(-4.50096189432335,-10.7958946838995,0.));
#5871=CARTESIAN_POINT('',(-3.32183664205672,-8.75358983848622,0.6));
#5872=CARTESIAN_POINT('',(-1.60096189432335,-5.77294734194974,0.6));
#5873=CARTESIAN_POINT('',(-3.32183664205672,-8.75358983848622,1.1));
#5874=CARTESIAN_POINT('',(-3.32183664205672,-8.75358983848622,0.5));
#5875=CARTESIAN_POINT('',(-3.46291651245989,-8.99794734194974,1.1));
#5876=CARTESIAN_POINT('Origin',(-5.80000000000001,-10.0458946838995,0.));
#5877=CARTESIAN_POINT('',(-7.09903810567667,-9.29589468389948,0.6));
#5878=CARTESIAN_POINT('',(-7.09903810567667,-9.29589468389948,0.));
#5879=CARTESIAN_POINT('Origin',(-5.80000000000001,-10.0458946838995,0.6));
#5880=CARTESIAN_POINT('Origin',(-5.54256258422042,-6.6,0.));
#5881=CARTESIAN_POINT('',(-5.68690015151782,-6.84999999999999,1.1));
#5882=CARTESIAN_POINT('',(-5.68690015151782,-6.84999999999999,0.));
#5883=CARTESIAN_POINT('',(-5.91991285341004,-7.25358983848622,1.1));
#5884=CARTESIAN_POINT('',(-5.42348409120006,-6.39375,1.1));
#5885=CARTESIAN_POINT('',(-5.91991285341004,-7.25358983848622,0.6));
#5886=CARTESIAN_POINT('',(-5.91991285341004,-7.25358983848622,0.5));
#5887=CARTESIAN_POINT('',(-3.42080034494854,-2.925,0.6));
#5888=CARTESIAN_POINT('Origin',(-6.11991285341004,-6.59999999999999,0.));
#5889=CARTESIAN_POINT('',(-5.68690015151782,-6.34999999999999,1.1));
#5890=CARTESIAN_POINT('',(-5.68690015151782,-6.34999999999999,0.));
#5891=CARTESIAN_POINT('Origin',(-6.11991285341004,-6.59999999999999,1.1));
#5892=CARTESIAN_POINT('Origin',(-9.35307436087194,-8.88178419700125E-15,
0.));
#5893=CARTESIAN_POINT('',(-9.20873679357453,-0.250000000000008,2.97));
#5894=CARTESIAN_POINT('',(-9.20873679357453,-0.250000000000008,0.));
#5895=CARTESIAN_POINT('',(-8.13856620135735,-2.10358983848623,2.97));
#5896=CARTESIAN_POINT('',(-8.18394006576295,-2.02500000000001,2.97));
#5897=CARTESIAN_POINT('',(-8.13856620135735,-2.10358983848623,1.1));
#5898=CARTESIAN_POINT('',(-8.13856620135735,-2.10358983848623,0.5));
#5899=CARTESIAN_POINT('',(-8.01073498500606,-2.325,1.1));
#5900=CARTESIAN_POINT('Origin',(-8.77572409168232,-9.15933995315754E-15,
0.));
#5901=CARTESIAN_POINT('',(-9.20873679357453,0.24999999999999,2.97));
#5902=CARTESIAN_POINT('',(-9.20873679357453,0.24999999999999,0.));
#5903=CARTESIAN_POINT('Origin',(-8.77572409168232,-9.15933995315754E-15,
2.97));
#5904=CARTESIAN_POINT('Origin',(-5.54256258422041,6.6,0.));
#5905=CARTESIAN_POINT('',(-5.68690015151782,6.35,1.1));
#5906=CARTESIAN_POINT('',(-5.68690015151782,6.35,0.));
#5907=CARTESIAN_POINT('',(-8.13856620135736,2.10358983848622,1.1));
#5908=CARTESIAN_POINT('',(-6.1054790966803,5.625,1.1));
#5909=CARTESIAN_POINT('',(-8.13856620135736,2.10358983848622,2.97));
#5910=CARTESIAN_POINT('',(-8.13856620135736,2.10358983848622,0.5));
#5911=CARTESIAN_POINT('',(-6.27868417743719,5.325,2.97));
#5912=CARTESIAN_POINT('Origin',(0.,0.,0.));
#5913=CARTESIAN_POINT('',(-20.,-2.44929359829471E-15,0.));
#5914=CARTESIAN_POINT('Origin',(0.,0.,0.));
#5915=CARTESIAN_POINT('Origin',(4.37224318643355,-4.17294734194974,0.8));
#5916=CARTESIAN_POINT('',(7.44544826719044,-9.09589468389948,1.));
#5917=CARTESIAN_POINT('',(7.09903810567667,-9.29589468389948,0.6));
#5918=CARTESIAN_POINT('',(6.35085296108589,-7.19999999999999,1.));
#5919=CARTESIAN_POINT('',(4.54544826719044,-4.07294734194974,1.));
#5920=CARTESIAN_POINT('',(6.31991285341004,-7.25358983848622,0.946410161513776));
#5921=CARTESIAN_POINT('',(6.49329786351874,-6.9532781917071,1.24672180829289));
#5922=CARTESIAN_POINT('',(6.31991285341004,-7.25358983848622,0.946410161513776));
#5923=CARTESIAN_POINT('Origin',(6.31991285341004,-7.25358983848622,1.1));
#5924=CARTESIAN_POINT('',(6.11991285341004,-6.79999999999999,1.5));
#5925=CARTESIAN_POINT('',(5.91991285341004,-7.25358983848622,1.1));
#5926=CARTESIAN_POINT('',(6.31991285341004,-7.25358983848622,1.1));
#5927=CARTESIAN_POINT('',(6.31991285341004,-7.25358983848622,1.1));
#5928=CARTESIAN_POINT('',(6.11991285341004,-6.79999999999999,1.5));
#5929=CARTESIAN_POINT('Origin',(6.11991285341004,-7.25358983848622,0.5));
#5930=CARTESIAN_POINT('',(6.31991285341004,-7.25358983848622,0.5));
#5931=CARTESIAN_POINT('Origin',(6.65396185241044,-6.275,1.3));
#5932=CARTESIAN_POINT('',(6.48075677165355,-6.175,1.5));
#5933=CARTESIAN_POINT('',(6.82716693316733,-6.375,1.1));
#5934=CARTESIAN_POINT('Ctrl Pts',(8.13856620135735,-2.10358983848623,2.97));
#5935=CARTESIAN_POINT('Ctrl Pts',(8.13856620135735,-2.10358983848623,3.09379224923318));
#5936=CARTESIAN_POINT('Ctrl Pts',(8.01351503247436,-2.08333991014956,3.37802761564558));
#5937=CARTESIAN_POINT('Ctrl Pts',(7.73513004606236,-2.05654910714877,3.46999999999457));
#5938=CARTESIAN_POINT('Ctrl Pts',(7.59106436560484,-2.05189083528956,3.47));
#5939=CARTESIAN_POINT('Ctrl Pts',(8.20523286802402,-2.21905989232416,2.97));
#5940=CARTESIAN_POINT('Ctrl Pts',(8.20523286802402,-2.21905989232416,3.10682961260815));
#5941=CARTESIAN_POINT('Ctrl Pts',(8.08268582650298,-2.20555994009971,3.42221497587549));
#5942=CARTESIAN_POINT('Ctrl Pts',(7.79277369715982,-2.18769940476585,3.56048236578704));
#5943=CARTESIAN_POINT('Ctrl Pts',(7.6309556839772,-2.18459389019304,3.58358286291744));
#5944=CARTESIAN_POINT('Ctrl Pts',(8.27189953469069,-2.33452994616208,2.97));
#5945=CARTESIAN_POINT('Ctrl Pts',(8.27189953469069,-2.33452994616208,3.11986697598313));
#5946=CARTESIAN_POINT('Ctrl Pts',(8.15185662053161,-2.32777997004986,3.46640233610541));
#5947=CARTESIAN_POINT('Ctrl Pts',(7.85041734825728,-2.31884970238293,3.65096473157951));
#5948=CARTESIAN_POINT('Ctrl Pts',(7.67084700234957,-2.31729694509653,3.69716572583489));
#5949=CARTESIAN_POINT('Ctrl Pts',(8.33856620135735,-2.45000000000001,2.97));
#5950=CARTESIAN_POINT('Ctrl Pts',(8.33856620135735,-2.45000000000001,3.13290433935811));
#5951=CARTESIAN_POINT('Ctrl Pts',(8.22102741456023,-2.45000000000001,3.51058969633533));
#5952=CARTESIAN_POINT('Ctrl Pts',(7.90806099935474,-2.45000000000001,3.74144709737198));
#5953=CARTESIAN_POINT('Ctrl Pts',(7.71073832072193,-2.45000000000001,3.81074858875233));
#5954=CARTESIAN_POINT('',(7.71073832072193,-2.45000000000001,3.81074858875233));
#5955=CARTESIAN_POINT('',(8.13856620135735,-2.10358983848623,2.97));
#5956=CARTESIAN_POINT('Ctrl Pts',(7.59106436560484,-2.05189083528956,3.47));
#5957=CARTESIAN_POINT('Ctrl Pts',(7.73513004606236,-2.05654910714877,3.46999999999457));
#5958=CARTESIAN_POINT('Ctrl Pts',(8.01351503247436,-2.08333991014956,3.37802761564558));
#5959=CARTESIAN_POINT('Ctrl Pts',(8.13856620135735,-2.10358983848623,3.09379224923318));
#5960=CARTESIAN_POINT('Ctrl Pts',(8.13856620135735,-2.10358983848623,2.97));
#5961=CARTESIAN_POINT('',(8.13856620135735,-2.10358983848623,2.97));
#5962=CARTESIAN_POINT('Origin',(8.23856620135735,-2.27679491924312,0.5));
#5963=CARTESIAN_POINT('',(8.13856620135735,-2.10358983848623,1.1));
#5964=CARTESIAN_POINT('',(8.13856620135735,-2.10358983848623,0.5));
#5965=CARTESIAN_POINT('',(8.13856620135735,-2.10358983848623,1.1));
#5966=CARTESIAN_POINT('Origin',(6.27868417743719,-5.725,1.3));
#5967=CARTESIAN_POINT('',(6.1054790966803,-5.625,1.1));
#5968=CARTESIAN_POINT('',(6.0333103130316,-6.55,1.5));
#5969=CARTESIAN_POINT('',(5.68690015151782,-6.35,1.1));
#5970=CARTESIAN_POINT('',(6.45188925819407,-5.825,1.5));
#5971=CARTESIAN_POINT('Origin',(6.11991285341004,-6.6,1.3));
#5972=CARTESIAN_POINT('',(6.0333103130316,-6.65,1.5));
#5973=CARTESIAN_POINT('',(5.68690015151782,-6.85,1.1));
#5974=CARTESIAN_POINT('Origin',(6.11991285341004,-6.6,1.5));
#5975=CARTESIAN_POINT('Origin',(6.37492693268507,-7.64169734194974,1.3));
#5976=CARTESIAN_POINT('',(6.54813201344196,-7.54169734194974,1.5));
#5977=CARTESIAN_POINT('Origin',(5.80000000000001,-10.0458946838995,0.8));
#5978=CARTESIAN_POINT('',(4.15455173280958,-10.9958946838995,1.));
#5979=CARTESIAN_POINT('',(4.50096189432335,-10.7958946838995,0.6));
#5980=CARTESIAN_POINT('Origin',(5.80000000000001,-10.0458946838995,1.));
#5981=CARTESIAN_POINT('Origin',(0.64951905283833,-4.525,0.8));
#5982=CARTESIAN_POINT('',(3.05995642670502,-9.1,1.));
#5983=CARTESIAN_POINT('',(0.476313972081443,-4.625,1.));
#5984=CARTESIAN_POINT('',(3.12183664205673,-9.1,0.946410161513776));
#5985=CARTESIAN_POINT('',(3.32183664205673,-8.75358983848623,0.6));
#5986=CARTESIAN_POINT('',(0.540234894741719,-9.1,3.18214285714286));
#5987=CARTESIAN_POINT('Origin',(3.32183664205673,-8.75358983848623,1.1));
#5988=CARTESIAN_POINT('',(3.12183664205673,-9.1,1.1));
#5989=CARTESIAN_POINT('',(2.82901631902917,-8.7,1.5));
#5990=CARTESIAN_POINT('',(3.12183664205673,-9.1,1.1));
#5991=CARTESIAN_POINT('',(3.32183664205673,-8.75358983848623,1.1));
#5992=CARTESIAN_POINT('',(2.82901631902917,-8.7,1.5));
#5993=CARTESIAN_POINT('Origin',(3.22183664205673,-8.92679491924311,0.5));
#5994=CARTESIAN_POINT('',(3.12183664205673,-9.1,0.5));
#5995=CARTESIAN_POINT('Origin',(-3.12183664205672,-9.1,1.1));
#5996=CARTESIAN_POINT('',(-2.82901631902917,-8.7,1.5));
#5997=CARTESIAN_POINT('',(-3.32183664205672,-8.75358983848622,1.1));
#5998=CARTESIAN_POINT('',(-3.12183664205672,-9.1,1.1));
#5999=CARTESIAN_POINT('',(-3.12183664205672,-9.1,1.1));
#6000=CARTESIAN_POINT('',(-2.82901631902917,-8.7,1.5));
#6001=CARTESIAN_POINT('Origin',(-1.42775681356646,-5.87294734194974,0.8));
#6002=CARTESIAN_POINT('',(-4.15455173280957,-10.9958946838995,1.));
#6003=CARTESIAN_POINT('',(-4.50096189432335,-10.7958946838995,0.6));
#6004=CARTESIAN_POINT('',(-3.05995642670502,-9.1,1.));
#6005=CARTESIAN_POINT('',(-1.25455173280957,-5.97294734194974,1.));
#6006=CARTESIAN_POINT('',(-3.12183664205672,-9.1,0.946410161513775));
#6007=CARTESIAN_POINT('',(-2.77506662183931,-9.1,1.24672180829289));
#6008=CARTESIAN_POINT('',(-3.12183664205672,-9.1,0.946410161513775));
#6009=CARTESIAN_POINT('Origin',(-5.80000000000001,-10.0458946838995,0.8));
#6010=CARTESIAN_POINT('',(-7.44544826719044,-9.09589468389948,1.));
#6011=CARTESIAN_POINT('',(-7.09903810567667,-9.29589468389948,0.6));
#6012=CARTESIAN_POINT('Origin',(-5.80000000000001,-10.0458946838995,1.));
#6013=CARTESIAN_POINT('Origin',(-3.59400542570543,-2.825,0.8));
#6014=CARTESIAN_POINT('',(-6.35085296108589,-7.19999999999999,1.));
#6015=CARTESIAN_POINT('',(-3.76721050646231,-2.725,1.));
#6016=CARTESIAN_POINT('',(-6.31991285341004,-7.25358983848622,0.946410161513774));
#6017=CARTESIAN_POINT('',(-5.91991285341004,-7.25358983848622,0.6));
#6018=CARTESIAN_POINT('',(-7.45400436828749,-5.28928571428571,2.91071428571428));
#6019=CARTESIAN_POINT('Origin',(-8.23856620135735,-2.27679491924312,0.5));
#6020=CARTESIAN_POINT('',(-8.13856620135735,-2.10358983848623,2.97));
#6021=CARTESIAN_POINT('',(-8.33856620135735,-2.45000000000001,1.44641016151377));
#6022=CARTESIAN_POINT('Origin',(-5.91991285341004,-7.25358983848622,1.1));
#6023=CARTESIAN_POINT('',(-6.31991285341004,-7.25358983848622,1.1));
#6024=CARTESIAN_POINT('',(-6.11991285341004,-6.79999999999999,1.5));
#6025=CARTESIAN_POINT('',(-6.31991285341004,-7.25358983848622,1.1));
#6026=CARTESIAN_POINT('',(-5.91991285341004,-7.25358983848622,1.1));
#6027=CARTESIAN_POINT('',(-6.11991285341004,-6.79999999999999,1.5));
#6028=CARTESIAN_POINT('Origin',(-6.11991285341004,-7.25358983848622,0.5));
#6029=CARTESIAN_POINT('',(-6.31991285341004,-7.25358983848622,0.5));
#6030=CARTESIAN_POINT('Origin',(-5.59668917195694,-6.29375,1.3));
#6031=CARTESIAN_POINT('',(-6.03331031303159,-6.64999999999999,1.5));
#6032=CARTESIAN_POINT('',(-5.68690015151782,-6.84999999999999,1.1));
#6033=CARTESIAN_POINT('',(-5.76989425271383,-6.19375,1.5));
#6034=CARTESIAN_POINT('Origin',(-6.11991285341004,-6.59999999999999,1.3));
#6035=CARTESIAN_POINT('',(-6.03331031303159,-6.54999999999999,1.5));
#6036=CARTESIAN_POINT('',(-5.68690015151782,-6.34999999999999,1.1));
#6037=CARTESIAN_POINT('Origin',(-6.11991285341004,-6.59999999999999,1.5));
#6038=CARTESIAN_POINT('Origin',(-8.18394006576295,-2.425,1.3));
#6039=CARTESIAN_POINT('',(-8.35714514651984,-2.52500000000001,1.5));
#6040=CARTESIAN_POINT('Origin',(-8.14063879557372,-3.7,1.3));
#6041=CARTESIAN_POINT('',(-8.31384387633061,-3.8,1.1));
#6042=CARTESIAN_POINT('',(-7.96743371481683,-3.6,1.5));
#6043=CARTESIAN_POINT('Ctrl Pts',(-7.59106436560485,-2.05189083528956,3.47));
#6044=CARTESIAN_POINT('Ctrl Pts',(-7.69911362594799,-2.05538453918397,3.46999999999592));
#6045=CARTESIAN_POINT('Ctrl Pts',(-7.89103280517812,-2.07024467721857,3.42302930492653));
#6046=CARTESIAN_POINT('Ctrl Pts',(-8.09347891967178,-2.09667312531525,3.21702111382188));
#6047=CARTESIAN_POINT('Ctrl Pts',(-8.13856620135736,-2.10358983848623,3.05252816615545));
#6048=CARTESIAN_POINT('Ctrl Pts',(-8.13856620135736,-2.10358983848623,2.97));
#6049=CARTESIAN_POINT('Ctrl Pts',(-7.63095568397721,-2.18459389019304,3.58358286291744));
#6050=CARTESIAN_POINT('Ctrl Pts',(-7.75231919386417,-2.18692302612265,3.56625749006964));
#6051=CARTESIAN_POINT('Ctrl Pts',(-7.95643577792075,-2.19682978481238,3.48690770731269));
#6052=CARTESIAN_POINT('Ctrl Pts',(-8.16068466529009,-2.21444875021017,3.24317900215871));
#6053=CARTESIAN_POINT('Ctrl Pts',(-8.20523286802402,-2.21905989232416,3.06121974173877));
#6054=CARTESIAN_POINT('Ctrl Pts',(-8.20523286802402,-2.21905989232416,2.97));
#6055=CARTESIAN_POINT('Ctrl Pts',(-7.67084700234957,-2.31729694509652,3.69716572583489));
#6056=CARTESIAN_POINT('Ctrl Pts',(-7.80552476178036,-2.31846151306133,3.66251498014335));
#6057=CARTESIAN_POINT('Ctrl Pts',(-8.02183875066339,-2.32341489240619,3.55078610969885));
#6058=CARTESIAN_POINT('Ctrl Pts',(-8.22789041090841,-2.33222437510509,3.26933689049554));
#6059=CARTESIAN_POINT('Ctrl Pts',(-8.27189953469069,-2.33452994616208,3.06991131732209));
#6060=CARTESIAN_POINT('Ctrl Pts',(-8.27189953469069,-2.33452994616208,2.97));
#6061=CARTESIAN_POINT('Ctrl Pts',(-7.71073832072193,-2.45000000000001,3.81074858875233));
#6062=CARTESIAN_POINT('Ctrl Pts',(-7.85873032969654,-2.45000000000001,3.75877247021706));
#6063=CARTESIAN_POINT('Ctrl Pts',(-8.08724172340603,-2.45000000000001,3.61466451208501));
#6064=CARTESIAN_POINT('Ctrl Pts',(-8.29509615652672,-2.45000000000001,3.29549477883237));
#6065=CARTESIAN_POINT('Ctrl Pts',(-8.33856620135736,-2.45000000000001,3.0786028929054));
#6066=CARTESIAN_POINT('Ctrl Pts',(-8.33856620135736,-2.45000000000001,2.97));
#6067=CARTESIAN_POINT('',(-7.59106436560511,-2.05189083528132,3.47));
#6068=CARTESIAN_POINT('Ctrl Pts',(-8.13856620135736,-2.10358983848623,2.97));
#6069=CARTESIAN_POINT('Ctrl Pts',(-8.13856620135736,-2.10358983848623,3.05252816615545));
#6070=CARTESIAN_POINT('Ctrl Pts',(-8.11602256051457,-2.10013148190074,3.13477463998867));
#6071=CARTESIAN_POINT('Ctrl Pts',(-8.07582986659408,-2.09462681102275,3.20532761849165));
#6072=CARTESIAN_POINT('Ctrl Pts',(-8.03563717267359,-2.08912214014477,3.27588059699464));
#6073=CARTESIAN_POINT('Ctrl Pts',(-7.9777954256754,-2.08157115497429,3.33474008016739));
#6074=CARTESIAN_POINT('Ctrl Pts',(-7.91238330879967,-2.07466294178647,3.37757108128215));
#6075=CARTESIAN_POINT('Ctrl Pts',(-7.81426513348606,-2.06430062200473,3.44181758295429));
#6076=CARTESIAN_POINT('Ctrl Pts',(-7.69911362594799,-2.05538453918397,3.46999999999592));
#6077=CARTESIAN_POINT('Ctrl Pts',(-7.59106436560485,-2.05189083528956,3.47));
#6078=CARTESIAN_POINT('Origin',(-3.22183664205672,-8.92679491924311,0.5));
#6079=CARTESIAN_POINT('',(-3.12183664205672,-9.1,0.5));
#6080=CARTESIAN_POINT('Origin',(-1.76091832102836,-8.9,1.3));
#6081=CARTESIAN_POINT('',(-1.76091832102836,-8.7,1.5));
#6082=CARTESIAN_POINT('',(-1.76091832102836,-9.1,1.1));
#6083=CARTESIAN_POINT('Origin',(2.51147367097488,-7.75,1.3));
#6084=CARTESIAN_POINT('',(2.74241377865073,-8.55,1.5));
#6085=CARTESIAN_POINT('',(3.08882394016451,-8.35,1.1));
#6086=CARTESIAN_POINT('',(2.33826859021799,-7.85,1.5));
#6087=CARTESIAN_POINT('Origin',(2.65581123827229,-8.6,1.3));
#6088=CARTESIAN_POINT('',(2.65581123827229,-8.5,1.5));
#6089=CARTESIAN_POINT('',(2.65581123827229,-8.1,1.1));
#6090=CARTESIAN_POINT('Origin',(2.65581123827229,-8.6,1.5));
#6091=CARTESIAN_POINT('Origin',(-1.47224318643355,-8.3,1.3));
#6092=CARTESIAN_POINT('',(-2.65581123827229,-8.5,1.5));
#6093=CARTESIAN_POINT('',(-2.65581123827229,-8.1,1.1));
#6094=CARTESIAN_POINT('',(-1.47224318643355,-8.5,1.5));
#6095=CARTESIAN_POINT('Origin',(-2.65581123827229,-8.6,1.3));
#6096=CARTESIAN_POINT('',(-2.74241377865073,-8.55,1.5));
#6097=CARTESIAN_POINT('',(-3.08882394016451,-8.35,1.1));
#6098=CARTESIAN_POINT('Origin',(-2.65581123827229,-8.6,1.5));
#6099=CARTESIAN_POINT('Origin',(-3.289711431703,-9.09794734194974,1.3));
#6100=CARTESIAN_POINT('',(-3.11650635094612,-9.19794734194974,1.5));
#6101=CARTESIAN_POINT('Origin',(-7.06965345685345,-2.25000000000001,3.67));
#6102=CARTESIAN_POINT('',(-7.36121593216773,-2.45000000000001,3.87));
#6103=CARTESIAN_POINT('Ctrl Pts',(-5.47905101272109,-2.05000000000001,3.47));
#6104=CARTESIAN_POINT('Ctrl Pts',(-5.57105635618596,-2.18265841323342,3.60265841323342));
#6105=CARTESIAN_POINT('Ctrl Pts',(-5.66131775536878,-2.31614377601406,3.73614377601405));
#6106=CARTESIAN_POINT('Ctrl Pts',(-5.74978260458602,-2.45000000000001,3.87));
#6107=CARTESIAN_POINT('Origin',(0.,0.,3.67));
#6108=CARTESIAN_POINT('Ctrl Pts',(5.47905101272109,-2.05000000000001,3.47));
#6109=CARTESIAN_POINT('Ctrl Pts',(5.57105635618599,-2.18265841323345,3.60265841323345));
#6110=CARTESIAN_POINT('Ctrl Pts',(5.66131775536882,-2.31614377601412,3.73614377601412));
#6111=CARTESIAN_POINT('Ctrl Pts',(5.74978260458602,-2.45000000000001,3.87));
#6112=CARTESIAN_POINT('Origin',(2.87489130229301,-2.25000000000001,3.67));
#6113=CARTESIAN_POINT('',(7.36121593216772,-2.05000000000001,3.47));
#6114=CARTESIAN_POINT('Ctrl Pts',(-7.7107383207223,-2.45000000000001,3.8107485887522));
#6115=CARTESIAN_POINT('Ctrl Pts',(-7.59851705472808,-2.45000000000001,3.85016170209469));
#6116=CARTESIAN_POINT('Ctrl Pts',(-7.47984958813095,-2.45000000000001,3.87));
#6117=CARTESIAN_POINT('Ctrl Pts',(-7.36121593216773,-2.45000000000001,3.87));
#6118=CARTESIAN_POINT('Ctrl Pts',(-7.6708470023499,-2.31729694509653,3.6971657258348));
#6119=CARTESIAN_POINT('Ctrl Pts',(-7.56872183512392,-2.31641386166339,3.72344113472979));
#6120=CARTESIAN_POINT('Ctrl Pts',(-7.46502038113555,-2.31666666666667,3.73666666666667));
#6121=CARTESIAN_POINT('Ctrl Pts',(-7.36121593216773,-2.31666666666667,3.73666666666667));
#6122=CARTESIAN_POINT('Ctrl Pts',(-7.63095568397751,-2.18459389019305,3.5835828629174));
#6123=CARTESIAN_POINT('Ctrl Pts',(-7.53892661551975,-2.18282772332677,3.5967205673649));
#6124=CARTESIAN_POINT('Ctrl Pts',(-7.45019117414015,-2.18333333333334,3.60333333333333));
#6125=CARTESIAN_POINT('Ctrl Pts',(-7.36121593216773,-2.18333333333334,3.60333333333333));
#6126=CARTESIAN_POINT('Ctrl Pts',(-7.59106436560511,-2.05189083528957,3.47));
#6127=CARTESIAN_POINT('Ctrl Pts',(-7.50913139591558,-2.04924158499015,3.47));
#6128=CARTESIAN_POINT('Ctrl Pts',(-7.43536196714474,-2.05000000000001,3.47));
#6129=CARTESIAN_POINT('Ctrl Pts',(-7.36121593216773,-2.05000000000001,3.47));
#6130=CARTESIAN_POINT('Ctrl Pts',(7.36121593216772,-2.45000000000001,3.87));
#6131=CARTESIAN_POINT('Ctrl Pts',(7.47984958813095,-2.45000000000001,3.87));
#6132=CARTESIAN_POINT('Ctrl Pts',(7.59851705472808,-2.45000000000001,3.85016170209469));
#6133=CARTESIAN_POINT('Ctrl Pts',(7.71073832072229,-2.45000000000001,3.8107485887522));
#6134=CARTESIAN_POINT('Ctrl Pts',(7.36121593216772,-2.31666666666667,3.73666666666667));
#6135=CARTESIAN_POINT('Ctrl Pts',(7.46502038113554,-2.31666666666667,3.73666666666667));
#6136=CARTESIAN_POINT('Ctrl Pts',(7.56872183512391,-2.31641386166339,3.72344113472979));
#6137=CARTESIAN_POINT('Ctrl Pts',(7.6708470023499,-2.31729694509653,3.6971657258348));
#6138=CARTESIAN_POINT('Ctrl Pts',(7.36121593216772,-2.18333333333334,3.60333333333333));
#6139=CARTESIAN_POINT('Ctrl Pts',(7.45019117414014,-2.18333333333334,3.60333333333333));
#6140=CARTESIAN_POINT('Ctrl Pts',(7.53892661551974,-2.18282772332677,3.5967205673649));
#6141=CARTESIAN_POINT('Ctrl Pts',(7.6309556839775,-2.18459389019305,3.5835828629174));
#6142=CARTESIAN_POINT('Ctrl Pts',(7.36121593216772,-2.05000000000001,3.47));
#6143=CARTESIAN_POINT('Ctrl Pts',(7.43536196714474,-2.05000000000001,3.47));
#6144=CARTESIAN_POINT('Ctrl Pts',(7.50913139591558,-2.04924158499015,3.47));
#6145=CARTESIAN_POINT('Ctrl Pts',(7.59106436560511,-2.05189083528957,3.47));
#6146=CARTESIAN_POINT('Origin',(5.54256258422041,-6.6,0.));
#6147=CARTESIAN_POINT('',(9.20873679357453,-0.249999999999995,2.97));
#6148=CARTESIAN_POINT('',(6.27868417743719,-5.325,2.97));
#6149=CARTESIAN_POINT('',(9.20873679357453,-0.249999999999996,0.));
#6150=CARTESIAN_POINT('Origin',(5.84567147554497,-5.075,2.97));
#6151=CARTESIAN_POINT('Origin',(8.77572409168231,4.44089209850063E-15,2.97));
#6152=CARTESIAN_POINT('Origin',(-3.52183664205672,-9.1,1.));
#6153=CARTESIAN_POINT('',(-1.76091832102836,-9.1,1.));
#6154=CARTESIAN_POINT('Origin',(-9.0932667397366,-2.45000000000001,1.));
#6155=CARTESIAN_POINT('',(-8.4870489570875,-3.5,1.));
#6156=CARTESIAN_POINT('Origin',(-7.31791466197851,-5.025,1.5));
#6157=CARTESIAN_POINT('Origin',(1.11022302462516E-15,-8.6,1.5));
#6158=CARTESIAN_POINT('Origin',(-4.37224318643355,4.17294734194974,0.8));
#6159=CARTESIAN_POINT('',(-6.35085296108589,7.19999999999999,1.));
#6160=CARTESIAN_POINT('',(-6.11991285341004,7.59999999999999,0.6));
#6161=CARTESIAN_POINT('',(-6.49329786351874,6.9532781917071,1.24672180829289));
#6162=CARTESIAN_POINT('',(-7.09903810567667,9.29589468389948,0.6));
#6163=CARTESIAN_POINT('',(-4.19903810567666,4.27294734194974,0.6));
#6164=CARTESIAN_POINT('',(-7.44544826719044,9.09589468389948,1.));
#6165=CARTESIAN_POINT('',(-7.09903810567667,9.29589468389948,0.6));
#6166=CARTESIAN_POINT('',(-4.54544826719044,4.07294734194974,1.));
#6167=CARTESIAN_POINT('Origin',(-5.80000000000001,10.0458946838995,0.8));
#6168=CARTESIAN_POINT('',(-4.50096189432335,10.7958946838995,0.6));
#6169=CARTESIAN_POINT('',(-4.15455173280958,10.9958946838995,1.));
#6170=CARTESIAN_POINT('',(-4.50096189432335,10.7958946838995,0.6));
#6171=CARTESIAN_POINT('Origin',(-5.80000000000001,10.0458946838995,1.));
#6172=CARTESIAN_POINT('Origin',(-5.80000000000001,10.0458946838995,0.6));
#6173=CARTESIAN_POINT('Origin',(-0.64951905283833,4.525,0.8));
#6174=CARTESIAN_POINT('',(-3.05995642670502,9.1,1.));
#6175=CARTESIAN_POINT('',(-0.476313972081442,4.625,1.));
#6176=CARTESIAN_POINT('',(-3.32183664205672,8.75358983848622,0.6));
#6177=CARTESIAN_POINT('',(-0.822724133595218,4.425,0.6));
#6178=CARTESIAN_POINT('',(-3.12183664205673,9.1,0.946410161513774));
#6179=CARTESIAN_POINT('',(-3.32183664205672,8.75358983848622,0.6));
#6180=CARTESIAN_POINT('',(-0.540234894741711,9.1,3.18214285714286));
#6181=CARTESIAN_POINT('Origin',(-3.32183664205672,8.75358983848622,1.1));
#6182=CARTESIAN_POINT('',(-3.12183664205673,9.1,1.1));
#6183=CARTESIAN_POINT('',(-2.82901631902917,8.7,1.5));
#6184=CARTESIAN_POINT('',(-3.12183664205673,9.1,1.1));
#6185=CARTESIAN_POINT('',(-3.32183664205672,8.75358983848622,1.1));
#6186=CARTESIAN_POINT('',(-3.32183664205672,8.75358983848622,1.1));
#6187=CARTESIAN_POINT('',(-2.82901631902917,8.7,1.5));
#6188=CARTESIAN_POINT('Origin',(-3.22183664205673,8.92679491924311,0.5));
#6189=CARTESIAN_POINT('',(-3.32183664205672,8.75358983848622,0.5));
#6190=CARTESIAN_POINT('',(-3.12183664205673,9.1,0.5));
#6191=CARTESIAN_POINT('Origin',(3.12183664205672,9.09999999999999,1.1));
#6192=CARTESIAN_POINT('',(3.32183664205672,8.75358983848622,1.1));
#6193=CARTESIAN_POINT('',(2.82901631902917,8.69999999999999,1.5));
#6194=CARTESIAN_POINT('',(3.32183664205672,8.75358983848622,1.1));
#6195=CARTESIAN_POINT('',(3.12183664205672,9.09999999999999,1.1));
#6196=CARTESIAN_POINT('',(3.12183664205672,9.09999999999999,1.1));
#6197=CARTESIAN_POINT('',(2.82901631902917,8.69999999999999,1.5));
#6198=CARTESIAN_POINT('Origin',(1.42775681356646,5.87294734194974,0.8));
#6199=CARTESIAN_POINT('',(3.32183664205672,8.75358983848622,0.6));
#6200=CARTESIAN_POINT('',(4.50096189432335,10.7958946838995,0.6));
#6201=CARTESIAN_POINT('',(1.60096189432335,5.77294734194974,0.6));
#6202=CARTESIAN_POINT('',(4.15455173280957,10.9958946838995,1.));
#6203=CARTESIAN_POINT('',(4.50096189432335,10.7958946838995,0.6));
#6204=CARTESIAN_POINT('',(3.05995642670502,9.09999999999999,1.));
#6205=CARTESIAN_POINT('',(1.25455173280957,5.97294734194974,1.));
#6206=CARTESIAN_POINT('',(3.12183664205672,9.09999999999999,0.946410161513775));
#6207=CARTESIAN_POINT('',(2.77506662183931,9.1,1.24672180829289));
#6208=CARTESIAN_POINT('',(3.12183664205672,9.09999999999999,0.946410161513775));
#6209=CARTESIAN_POINT('Origin',(5.80000000000001,10.0458946838995,0.8));
#6210=CARTESIAN_POINT('',(7.09903810567667,9.29589468389948,0.6));
#6211=CARTESIAN_POINT('',(7.44544826719044,9.09589468389948,1.));
#6212=CARTESIAN_POINT('',(7.09903810567667,9.29589468389948,0.6));
#6213=CARTESIAN_POINT('Origin',(5.80000000000001,10.0458946838995,1.));
#6214=CARTESIAN_POINT('Origin',(5.80000000000001,10.0458946838995,0.6));
#6215=CARTESIAN_POINT('Origin',(3.59400542570542,2.825,0.8));
#6216=CARTESIAN_POINT('',(6.35085296108589,7.2,1.));
#6217=CARTESIAN_POINT('',(3.76721050646231,2.725,1.));
#6218=CARTESIAN_POINT('',(5.91991285341004,7.25358983848622,0.6));
#6219=CARTESIAN_POINT('',(3.42080034494853,2.925,0.6));
#6220=CARTESIAN_POINT('',(6.31991285341004,7.25358983848622,0.946410161513777));
#6221=CARTESIAN_POINT('',(5.91991285341004,7.25358983848622,0.6));
#6222=CARTESIAN_POINT('',(7.45400436828749,5.28928571428571,2.91071428571429));
#6223=CARTESIAN_POINT('Origin',(8.23856620135736,2.27679491924311,0.5));
#6224=CARTESIAN_POINT('',(8.13856620135736,2.10358983848622,1.1));
#6225=CARTESIAN_POINT('',(8.13856620135736,2.10358983848622,2.97));
#6226=CARTESIAN_POINT('',(8.13856620135736,2.10358983848622,0.5));
#6227=CARTESIAN_POINT('',(8.13856620135736,2.10358983848622,2.97));
#6228=CARTESIAN_POINT('',(8.33856620135736,2.44999999999999,1.44641016151377));
#6229=CARTESIAN_POINT('Origin',(5.91991285341004,7.25358983848622,1.1));
#6230=CARTESIAN_POINT('',(6.31991285341004,7.25358983848622,1.1));
#6231=CARTESIAN_POINT('',(6.11991285341004,6.8,1.5));
#6232=CARTESIAN_POINT('',(6.31991285341004,7.25358983848622,1.1));
#6233=CARTESIAN_POINT('',(5.91991285341004,7.25358983848622,1.1));
#6234=CARTESIAN_POINT('',(5.91991285341004,7.25358983848622,1.1));
#6235=CARTESIAN_POINT('',(6.11991285341004,6.8,1.5));
#6236=CARTESIAN_POINT('Origin',(6.11991285341004,7.25358983848622,0.5));
#6237=CARTESIAN_POINT('',(5.91991285341004,7.25358983848622,0.5));
#6238=CARTESIAN_POINT('',(6.31991285341004,7.25358983848622,0.5));
#6239=CARTESIAN_POINT('Origin',(5.59668917195694,6.29375,1.3));
#6240=CARTESIAN_POINT('',(5.68690015151782,6.84999999999999,1.1));
#6241=CARTESIAN_POINT('',(6.03331031303159,6.64999999999999,1.5));
#6242=CARTESIAN_POINT('',(5.68690015151782,6.84999999999999,1.1));
#6243=CARTESIAN_POINT('',(5.76989425271383,6.19375,1.5));
#6244=CARTESIAN_POINT('',(5.42348409120005,6.39375,1.1));
#6245=CARTESIAN_POINT('Origin',(6.11991285341004,6.59999999999999,1.3));
#6246=CARTESIAN_POINT('',(5.68690015151782,6.34999999999999,1.1));
#6247=CARTESIAN_POINT('Origin',(6.11991285341004,6.59999999999999,1.1));
#6248=CARTESIAN_POINT('',(6.03331031303159,6.54999999999999,1.5));
#6249=CARTESIAN_POINT('',(5.68690015151782,6.34999999999999,1.1));
#6250=CARTESIAN_POINT('Origin',(6.11991285341004,6.59999999999999,1.5));
#6251=CARTESIAN_POINT('Origin',(8.18394006576295,2.425,1.3));
#6252=CARTESIAN_POINT('',(8.35714514651984,2.525,1.5));
#6253=CARTESIAN_POINT('',(8.01073498500606,2.325,1.1));
#6254=CARTESIAN_POINT('Origin',(8.14063879557373,3.69999999999999,1.3));
#6255=CARTESIAN_POINT('',(8.31384387633062,3.79999999999999,1.1));
#6256=CARTESIAN_POINT('',(7.96743371481684,3.59999999999999,1.5));
#6257=CARTESIAN_POINT('Ctrl Pts',(7.59106436560485,2.05189083528955,3.47));
#6258=CARTESIAN_POINT('Ctrl Pts',(7.69911362594799,2.05538453918396,3.46999999999592));
#6259=CARTESIAN_POINT('Ctrl Pts',(7.89103280517812,2.07024467721856,3.42302930492653));
#6260=CARTESIAN_POINT('Ctrl Pts',(8.09347891967178,2.09667312531524,3.21702111382188));
#6261=CARTESIAN_POINT('Ctrl Pts',(8.13856620135736,2.10358983848622,3.05252816615545));
#6262=CARTESIAN_POINT('Ctrl Pts',(8.13856620135736,2.10358983848622,2.97));
#6263=CARTESIAN_POINT('Ctrl Pts',(7.63095568397721,2.18459389019303,3.58358286291744));
#6264=CARTESIAN_POINT('Ctrl Pts',(7.75231919386418,2.18692302612264,3.56625749006964));
#6265=CARTESIAN_POINT('Ctrl Pts',(7.95643577792076,2.19682978481237,3.48690770731269));
#6266=CARTESIAN_POINT('Ctrl Pts',(8.16068466529009,2.21444875021016,3.24317900215871));
#6267=CARTESIAN_POINT('Ctrl Pts',(8.20523286802403,2.21905989232414,3.06121974173877));
#6268=CARTESIAN_POINT('Ctrl Pts',(8.20523286802403,2.21905989232414,2.97));
#6269=CARTESIAN_POINT('Ctrl Pts',(7.67084700234957,2.31729694509651,3.69716572583489));
#6270=CARTESIAN_POINT('Ctrl Pts',(7.80552476178036,2.31846151306131,3.66251498014335));
#6271=CARTESIAN_POINT('Ctrl Pts',(8.02183875066339,2.32341489240618,3.55078610969885));
#6272=CARTESIAN_POINT('Ctrl Pts',(8.22789041090841,2.33222437510507,3.26933689049554));
#6273=CARTESIAN_POINT('Ctrl Pts',(8.27189953469069,2.33452994616207,3.06991131732209));
#6274=CARTESIAN_POINT('Ctrl Pts',(8.27189953469069,2.33452994616207,2.97));
#6275=CARTESIAN_POINT('Ctrl Pts',(7.71073832072194,2.44999999999999,3.81074858875233));
#6276=CARTESIAN_POINT('Ctrl Pts',(7.85873032969655,2.44999999999999,3.75877247021706));
#6277=CARTESIAN_POINT('Ctrl Pts',(8.08724172340603,2.44999999999999,3.61466451208501));
#6278=CARTESIAN_POINT('Ctrl Pts',(8.29509615652672,2.44999999999999,3.29549477883237));
#6279=CARTESIAN_POINT('Ctrl Pts',(8.33856620135736,2.44999999999999,3.07860289290541));
#6280=CARTESIAN_POINT('Ctrl Pts',(8.33856620135736,2.44999999999999,2.97));
#6281=CARTESIAN_POINT('',(7.59106436560512,2.05189083528131,3.47));
#6282=CARTESIAN_POINT('Ctrl Pts',(8.13856620135736,2.10358983848622,2.97));
#6283=CARTESIAN_POINT('Ctrl Pts',(8.13856620135736,2.10358983848622,3.05252816615545));
#6284=CARTESIAN_POINT('Ctrl Pts',(8.11602256051457,2.10013148190073,3.13477463998867));
#6285=CARTESIAN_POINT('Ctrl Pts',(8.07582986659408,2.09462681102274,3.20532761849165));
#6286=CARTESIAN_POINT('Ctrl Pts',(8.03563717267359,2.08912214014476,3.27588059699464));
#6287=CARTESIAN_POINT('Ctrl Pts',(7.9777954256754,2.08157115497428,3.33474008016739));
#6288=CARTESIAN_POINT('Ctrl Pts',(7.91238330879967,2.07466294178645,3.37757108128215));
#6289=CARTESIAN_POINT('Ctrl Pts',(7.81426513348607,2.06430062200472,3.44181758295429));
#6290=CARTESIAN_POINT('Ctrl Pts',(7.69911362594799,2.05538453918396,3.46999999999592));
#6291=CARTESIAN_POINT('Ctrl Pts',(7.59106436560485,2.05189083528955,3.47));
#6292=CARTESIAN_POINT('Origin',(3.22183664205672,8.92679491924311,0.5));
#6293=CARTESIAN_POINT('',(3.12183664205672,9.09999999999999,0.5));
#6294=CARTESIAN_POINT('',(3.32183664205672,8.75358983848622,0.5));
#6295=CARTESIAN_POINT('Origin',(1.76091832102836,8.9,1.3));
#6296=CARTESIAN_POINT('',(1.76091832102836,8.7,1.5));
#6297=CARTESIAN_POINT('',(1.76091832102836,9.1,1.1));
#6298=CARTESIAN_POINT('Origin',(-2.51147367097488,7.75,1.3));
#6299=CARTESIAN_POINT('',(-3.0888239401645,8.35,1.1));
#6300=CARTESIAN_POINT('',(-2.74241377865073,8.55,1.5));
#6301=CARTESIAN_POINT('',(-3.0888239401645,8.35,1.1));
#6302=CARTESIAN_POINT('',(-2.33826859021799,7.85,1.5));
#6303=CARTESIAN_POINT('',(-2.68467875173176,7.65,1.1));
#6304=CARTESIAN_POINT('Origin',(-2.65581123827228,8.6,1.3));
#6305=CARTESIAN_POINT('',(-2.65581123827228,8.1,1.1));
#6306=CARTESIAN_POINT('Origin',(-2.65581123827228,8.6,1.1));
#6307=CARTESIAN_POINT('',(-2.65581123827228,8.5,1.5));
#6308=CARTESIAN_POINT('',(-2.65581123827228,8.1,1.1));
#6309=CARTESIAN_POINT('Origin',(-2.65581123827228,8.6,1.5));
#6310=CARTESIAN_POINT('Origin',(1.47224318643355,8.3,1.3));
#6311=CARTESIAN_POINT('',(2.65581123827229,8.1,1.1));
#6312=CARTESIAN_POINT('',(2.65581123827229,8.5,1.5));
#6313=CARTESIAN_POINT('',(2.65581123827229,8.1,1.1));
#6314=CARTESIAN_POINT('',(1.47224318643355,8.5,1.5));
#6315=CARTESIAN_POINT('',(1.47224318643355,8.1,1.1));
#6316=CARTESIAN_POINT('Origin',(2.65581123827229,8.6,1.3));
#6317=CARTESIAN_POINT('',(3.08882394016451,8.35,1.1));
#6318=CARTESIAN_POINT('Origin',(2.65581123827229,8.6,1.1));
#6319=CARTESIAN_POINT('',(2.74241377865073,8.55,1.5));
#6320=CARTESIAN_POINT('',(3.08882394016451,8.35,1.1));
#6321=CARTESIAN_POINT('Origin',(2.65581123827229,8.6,1.5));
#6322=CARTESIAN_POINT('Origin',(3.289711431703,9.09794734194974,1.3));
#6323=CARTESIAN_POINT('',(3.46291651245989,8.99794734194974,1.1));
#6324=CARTESIAN_POINT('',(3.11650635094612,9.19794734194974,1.5));
#6325=CARTESIAN_POINT('Origin',(7.06965345685345,2.24999999999999,3.67));
#6326=CARTESIAN_POINT('',(7.36121593216773,2.44999999999999,3.87));
#6327=CARTESIAN_POINT('Ctrl Pts',(5.47905101272109,2.04999999999999,3.47));
#6328=CARTESIAN_POINT('Ctrl Pts',(5.57105635618602,2.18265841323349,3.60265841323349));
#6329=CARTESIAN_POINT('Ctrl Pts',(5.6613177553689,2.31614377601422,3.73614377601422));
#6330=CARTESIAN_POINT('Ctrl Pts',(5.74978260458602,2.44999999999999,3.87));
#6331=CARTESIAN_POINT('Origin',(0.,0.,3.67));
#6332=CARTESIAN_POINT('Origin',(0.,0.,3.87));
#6333=CARTESIAN_POINT('Ctrl Pts',(-5.47905101272109,2.04999999999999,3.47));
#6334=CARTESIAN_POINT('Ctrl Pts',(-5.57105635618598,2.18265841323342,3.60265841323343));
#6335=CARTESIAN_POINT('Ctrl Pts',(-5.6613177553688,2.31614377601407,3.73614377601408));
#6336=CARTESIAN_POINT('Ctrl Pts',(-5.74978260458602,2.44999999999999,3.87));
#6337=CARTESIAN_POINT('Origin',(-2.87489130229301,2.24999999999999,3.67));
#6338=CARTESIAN_POINT('',(-7.36121593216773,2.04999999999999,3.47));
#6339=CARTESIAN_POINT('Ctrl Pts',(7.7107383207223,2.44999999999999,3.8107485887522));
#6340=CARTESIAN_POINT('Ctrl Pts',(7.59851705472809,2.44999999999999,3.85016170209469));
#6341=CARTESIAN_POINT('Ctrl Pts',(7.47984958813096,2.44999999999999,3.87));
#6342=CARTESIAN_POINT('Ctrl Pts',(7.36121593216773,2.44999999999999,3.87));
#6343=CARTESIAN_POINT('Ctrl Pts',(7.67084700234991,2.31729694509652,3.6971657258348));
#6344=CARTESIAN_POINT('Ctrl Pts',(7.56872183512392,2.31641386166338,3.72344113472979));
#6345=CARTESIAN_POINT('Ctrl Pts',(7.46502038113555,2.31666666666666,3.73666666666667));
#6346=CARTESIAN_POINT('Ctrl Pts',(7.36121593216773,2.31666666666666,3.73666666666667));
#6347=CARTESIAN_POINT('Ctrl Pts',(7.63095568397751,2.18459389019304,3.5835828629174));
#6348=CARTESIAN_POINT('Ctrl Pts',(7.53892661551975,2.18282772332676,3.5967205673649));
#6349=CARTESIAN_POINT('Ctrl Pts',(7.45019117414015,2.18333333333333,3.60333333333333));
#6350=CARTESIAN_POINT('Ctrl Pts',(7.36121593216773,2.18333333333333,3.60333333333333));
#6351=CARTESIAN_POINT('Ctrl Pts',(7.59106436560512,2.05189083528956,3.47));
#6352=CARTESIAN_POINT('Ctrl Pts',(7.50913139591559,2.04924158499014,3.47));
#6353=CARTESIAN_POINT('Ctrl Pts',(7.43536196714475,2.04999999999999,3.47));
#6354=CARTESIAN_POINT('Ctrl Pts',(7.36121593216773,2.04999999999999,3.47));
#6355=CARTESIAN_POINT('Origin',(-6.65396185241044,6.27499999999999,1.3));
#6356=CARTESIAN_POINT('',(-6.11991285341004,7.59999999999999,1.1));
#6357=CARTESIAN_POINT('',(-6.82716693316733,6.37499999999999,1.1));
#6358=CARTESIAN_POINT('',(-6.11991285341004,6.79999999999999,1.5));
#6359=CARTESIAN_POINT('',(-6.48075677165355,6.17499999999999,1.5));
#6360=CARTESIAN_POINT('',(-6.11991285341004,6.79999999999999,1.5));
#6361=CARTESIAN_POINT('Ctrl Pts',(-8.13856620135736,2.10358983848622,2.97));
#6362=CARTESIAN_POINT('Ctrl Pts',(-8.13856620135736,2.10358983848622,3.09379224923318));
#6363=CARTESIAN_POINT('Ctrl Pts',(-8.01351503247437,2.08333991014955,3.37802761564557));
#6364=CARTESIAN_POINT('Ctrl Pts',(-7.73513004606237,2.05654910714876,3.46999999999457));
#6365=CARTESIAN_POINT('Ctrl Pts',(-7.59106436560485,2.05189083528955,3.47));
#6366=CARTESIAN_POINT('Ctrl Pts',(-8.20523286802403,2.21905989232414,2.97));
#6367=CARTESIAN_POINT('Ctrl Pts',(-8.20523286802403,2.21905989232414,3.10682961260815));
#6368=CARTESIAN_POINT('Ctrl Pts',(-8.08268582650299,2.2055599400997,3.42221497587549));
#6369=CARTESIAN_POINT('Ctrl Pts',(-7.79277369715983,2.18769940476584,3.56048236578704));
#6370=CARTESIAN_POINT('Ctrl Pts',(-7.63095568397721,2.18459389019303,3.58358286291744));
#6371=CARTESIAN_POINT('Ctrl Pts',(-8.27189953469069,2.33452994616207,2.97));
#6372=CARTESIAN_POINT('Ctrl Pts',(-8.27189953469069,2.33452994616207,3.11986697598313));
#6373=CARTESIAN_POINT('Ctrl Pts',(-8.15185662053161,2.32777997004985,3.46640233610541));
#6374=CARTESIAN_POINT('Ctrl Pts',(-7.85041734825729,2.31884970238292,3.65096473157951));
#6375=CARTESIAN_POINT('Ctrl Pts',(-7.67084700234957,2.31729694509651,3.69716572583489));
#6376=CARTESIAN_POINT('Ctrl Pts',(-8.33856620135736,2.44999999999999,2.97));
#6377=CARTESIAN_POINT('Ctrl Pts',(-8.33856620135736,2.44999999999999,3.13290433935811));
#6378=CARTESIAN_POINT('Ctrl Pts',(-8.22102741456023,2.44999999999999,3.51058969633533));
#6379=CARTESIAN_POINT('Ctrl Pts',(-7.90806099935475,2.44999999999999,3.74144709737198));
#6380=CARTESIAN_POINT('Ctrl Pts',(-7.71073832072193,2.44999999999999,3.81074858875233));
#6381=CARTESIAN_POINT('',(-7.71073832072194,2.44999999999999,3.81074858875233));
#6382=CARTESIAN_POINT('Ctrl Pts',(-7.59106436560485,2.05189083528955,3.47));
#6383=CARTESIAN_POINT('Ctrl Pts',(-7.73513004606237,2.05654910714876,3.46999999999457));
#6384=CARTESIAN_POINT('Ctrl Pts',(-8.01351503247437,2.08333991014955,3.37802761564557));
#6385=CARTESIAN_POINT('Ctrl Pts',(-8.13856620135736,2.10358983848622,3.09379224923318));
#6386=CARTESIAN_POINT('Ctrl Pts',(-8.13856620135736,2.10358983848622,2.97));
#6387=CARTESIAN_POINT('',(-8.13856620135736,2.10358983848622,2.97));
#6388=CARTESIAN_POINT('Origin',(-8.23856620135736,2.27679491924311,0.5));
#6389=CARTESIAN_POINT('',(-8.13856620135736,2.10358983848622,1.1));
#6390=CARTESIAN_POINT('Origin',(-6.27868417743719,5.725,1.3));
#6391=CARTESIAN_POINT('',(-6.0333103130316,6.55,1.5));
#6392=CARTESIAN_POINT('',(-5.68690015151782,6.35,1.1));
#6393=CARTESIAN_POINT('',(-6.45188925819407,5.825,1.5));
#6394=CARTESIAN_POINT('Origin',(-6.11991285341004,6.6,1.3));
#6395=CARTESIAN_POINT('',(-5.68690015151782,6.85,1.1));
#6396=CARTESIAN_POINT('Origin',(-6.11991285341004,6.6,1.1));
#6397=CARTESIAN_POINT('',(-6.0333103130316,6.65,1.5));
#6398=CARTESIAN_POINT('',(-5.68690015151782,6.85,1.1));
#6399=CARTESIAN_POINT('Origin',(-6.11991285341004,6.6,1.5));
#6400=CARTESIAN_POINT('Origin',(-6.37492693268507,7.64169734194974,1.3));
#6401=CARTESIAN_POINT('',(-6.54813201344195,7.54169734194974,1.5));
#6402=CARTESIAN_POINT('',(-6.20172185192818,7.74169734194974,1.1));
#6403=CARTESIAN_POINT('Ctrl Pts',(-7.36121593216773,2.44999999999999,3.87));
#6404=CARTESIAN_POINT('Ctrl Pts',(-7.47984958813096,2.44999999999999,3.87));
#6405=CARTESIAN_POINT('Ctrl Pts',(-7.59851705472809,2.44999999999999,3.85016170209469));
#6406=CARTESIAN_POINT('Ctrl Pts',(-7.7107383207223,2.44999999999999,3.8107485887522));
#6407=CARTESIAN_POINT('Ctrl Pts',(-7.36121593216773,2.31666666666666,3.73666666666667));
#6408=CARTESIAN_POINT('Ctrl Pts',(-7.46502038113555,2.31666666666666,3.73666666666667));
#6409=CARTESIAN_POINT('Ctrl Pts',(-7.56872183512392,2.31641386166338,3.72344113472979));
#6410=CARTESIAN_POINT('Ctrl Pts',(-7.67084700234991,2.31729694509652,3.6971657258348));
#6411=CARTESIAN_POINT('Ctrl Pts',(-7.36121593216773,2.18333333333333,3.60333333333333));
#6412=CARTESIAN_POINT('Ctrl Pts',(-7.45019117414015,2.18333333333333,3.60333333333333));
#6413=CARTESIAN_POINT('Ctrl Pts',(-7.53892661551975,2.18282772332676,3.5967205673649));
#6414=CARTESIAN_POINT('Ctrl Pts',(-7.63095568397751,2.18459389019304,3.5835828629174));
#6415=CARTESIAN_POINT('Ctrl Pts',(-7.36121593216773,2.04999999999999,3.47));
#6416=CARTESIAN_POINT('Ctrl Pts',(-7.43536196714475,2.04999999999999,3.47));
#6417=CARTESIAN_POINT('Ctrl Pts',(-7.50913139591558,2.04924158499014,3.47));
#6418=CARTESIAN_POINT('Ctrl Pts',(-7.59106436560512,2.05189083528956,3.47));
#6419=CARTESIAN_POINT('Origin',(-2.9444863728671,8.1,0.));
#6420=CARTESIAN_POINT('',(-3.0888239401645,8.35,0.));
#6421=CARTESIAN_POINT('',(-4.50096189432335,10.7958946838995,0.));
#6422=CARTESIAN_POINT('Origin',(-5.80000000000001,10.0458946838995,0.));
#6423=CARTESIAN_POINT('',(-7.09903810567667,9.29589468389948,0.));
#6424=CARTESIAN_POINT('Origin',(3.52183664205672,9.09999999999999,1.));
#6425=CARTESIAN_POINT('',(1.76091832102836,9.1,1.));
#6426=CARTESIAN_POINT('Origin',(0.,0.,1.));
#6427=CARTESIAN_POINT('',(8.4870489570875,3.49999999999999,1.));
#6428=CARTESIAN_POINT('',(-7.00037201392421,6.075,1.));
#6429=CARTESIAN_POINT('Origin',(9.09326673973661,2.44999999999999,1.));
#6430=CARTESIAN_POINT('Origin',(7.31791466197851,5.025,1.5));
#6431=CARTESIAN_POINT('Origin',(-7.09903810567667,9.29589468389948,0.));
#6432=CARTESIAN_POINT('',(-6.11991285341004,7.59999999999999,1.));
#6433=CARTESIAN_POINT('',(-5.68690015151782,6.85,0.));
#6434=CARTESIAN_POINT('Origin',(0.,0.,1.));
#6435=CARTESIAN_POINT('Origin',(-1.66533453693773E-15,8.6,1.5));
#6436=CARTESIAN_POINT('Origin',(0.,0.,1.));
#6437=CARTESIAN_POINT('',(7.00037201392421,-6.075,1.));
#6438=CARTESIAN_POINT('Origin',(0.,0.,6.));
#6439=CARTESIAN_POINT('',(-20.,-2.44929359829471E-15,6.));
#6440=CARTESIAN_POINT('Origin',(0.,0.,6.));
#6441=CARTESIAN_POINT('Origin',(0.,0.,6.));
#6442=CARTESIAN_POINT('Origin',(7.37143981865144,-1.95000000000001,6.));
#6443=CARTESIAN_POINT('',(7.85481292151383,-2.07786885245902,6.));
#6444=CARTESIAN_POINT('Origin',(0.,0.,6.));
#6445=CARTESIAN_POINT('',(7.85481292151383,2.07786885245901,6.));
#6446=CARTESIAN_POINT('Origin',(7.37143981865144,1.94999999999999,6.));
#6447=CARTESIAN_POINT('Origin',(8.77572409168231,3.88578058618805E-15,2.97));
#6448=CARTESIAN_POINT('',(9.20873679357453,0.250000000000004,2.97));
#6449=CARTESIAN_POINT('Origin',(8.77572409168231,3.60822483003176E-15,2.97));
#6450=CARTESIAN_POINT('Origin',(8.77572409168231,3.88578058618805E-15,2.97));
#6451=CARTESIAN_POINT('Origin',(8.77572409168231,3.88578058618805E-15,0.));
#6452=CARTESIAN_POINT('',(9.20873679357453,0.250000000000004,0.));
#6453=CARTESIAN_POINT('Origin',(7.75092736387073,1.775,2.97));
#6454=CARTESIAN_POINT('',(8.18394006576295,2.025,2.97));
#6455=CARTESIAN_POINT('Origin',(9.35307436087194,4.44089209850063E-15,0.));
#6456=CARTESIAN_POINT('',(5.68690015151782,6.34999999999999,0.));
#6457=CARTESIAN_POINT('Origin',(-8.77572409168232,-9.15933995315754E-15,
2.97));
#6458=CARTESIAN_POINT('Origin',(-8.77572409168231,-8.04911692853238E-15,
2.97));
#6459=CARTESIAN_POINT('Origin',(-8.77572409168232,-7.7715611723761E-15,
2.97));
#6460=CARTESIAN_POINT('Origin',(-5.84567147554497,5.075,2.97));
#6461=CARTESIAN_POINT('Origin',(-7.75092736387073,-1.77500000000001,2.97));
#6462=CARTESIAN_POINT('Origin',(-6.11991285341004,6.6,0.));
#6463=CARTESIAN_POINT('Origin',(-7.31791466197851,5.02499999999999,1.5));
#6464=CARTESIAN_POINT('Origin',(-2.65581123827228,8.6,0.));
#6465=CARTESIAN_POINT('',(-2.65581123827228,8.1,0.));
#6466=CARTESIAN_POINT('Origin',(2.9444863728671,8.1,0.));
#6467=CARTESIAN_POINT('',(2.65581123827229,8.1,0.));
#6468=CARTESIAN_POINT('Origin',(2.65581123827229,8.6,0.));
#6469=CARTESIAN_POINT('',(3.08882394016451,8.35,0.));
#6470=CARTESIAN_POINT('Origin',(6.11991285341004,6.59999999999999,0.));
#6471=CARTESIAN_POINT('',(5.68690015151782,6.84999999999999,0.));
#6472=CARTESIAN_POINT('Origin',(5.54256258422041,6.6,0.));
#6473=CARTESIAN_POINT('',(7.09903810567667,9.29589468389948,0.));
#6474=CARTESIAN_POINT('Origin',(7.31791466197851,-5.025,1.5));
#6475=CARTESIAN_POINT('Origin',(-6.11991285341004,7.59999999999999,1.));
#6476=CARTESIAN_POINT('Origin',(6.11991285341004,-7.59999999999999,1.));
#6477=CARTESIAN_POINT('Origin',(4.50096189432335,10.7958946838995,0.));
#6478=CARTESIAN_POINT('',(4.50096189432335,10.7958946838995,0.));
#6479=CARTESIAN_POINT('Origin',(5.80000000000001,10.0458946838995,0.));
#6480=CARTESIAN_POINT('Origin',(0.,0.,0.));
#6481=CARTESIAN_POINT('',(-20.,-2.44929359829471E-15,0.));
#6482=UNCERTAINTY_MEASURE_WITH_UNIT(LENGTH_MEASURE(0.01),#6486,
'DISTANCE_ACCURACY_VALUE',
'Maximum model space distance between geometric entities at asserted c
onnectivities');
#6483=UNCERTAINTY_MEASURE_WITH_UNIT(LENGTH_MEASURE(0.01),#6486,
'DISTANCE_ACCURACY_VALUE',
'Maximum model space distance between geometric entities at asserted c
onnectivities');
#6484=(
GEOMETRIC_REPRESENTATION_CONTEXT(3)
GLOBAL_UNCERTAINTY_ASSIGNED_CONTEXT((#6482))
GLOBAL_UNIT_ASSIGNED_CONTEXT((#6486,#6488,#6489))
REPRESENTATION_CONTEXT('','3D')
);
#6485=(
GEOMETRIC_REPRESENTATION_CONTEXT(3)
GLOBAL_UNCERTAINTY_ASSIGNED_CONTEXT((#6483))
GLOBAL_UNIT_ASSIGNED_CONTEXT((#6486,#6488,#6489))
REPRESENTATION_CONTEXT('','3D')
);
#6486=(
LENGTH_UNIT()
NAMED_UNIT(*)
SI_UNIT(.MILLI.,.METRE.)
);
#6487=(
LENGTH_UNIT()
NAMED_UNIT(*)
SI_UNIT($,.METRE.)
);
#6488=(
NAMED_UNIT(*)
PLANE_ANGLE_UNIT()
SI_UNIT($,.RADIAN.)
);
#6489=(
NAMED_UNIT(*)
SI_UNIT($,.STERADIAN.)
SOLID_ANGLE_UNIT()
);
#6490=SHAPE_DEFINITION_REPRESENTATION(#6491,#6492);
#6491=PRODUCT_DEFINITION_SHAPE('',$,#6494);
#6492=SHAPE_REPRESENTATION('',(#3739),#6484);
#6493=PRODUCT_DEFINITION_CONTEXT('part definition',#6498,'design');
#6494=PRODUCT_DEFINITION('MFB MW Template','MFB MW Template v2',#6495,#6493);
#6495=PRODUCT_DEFINITION_FORMATION('',$,#6500);
#6496=PRODUCT_RELATED_PRODUCT_CATEGORY('MFB MW Template v2',
'MFB MW Template v2',(#6500));
#6497=APPLICATION_PROTOCOL_DEFINITION('international standard',
'automotive_design',2009,#6498);
#6498=APPLICATION_CONTEXT(
'Core Data for Automotive Mechanical Design Process');
#6499=PRODUCT_CONTEXT('part definition',#6498,'mechanical');
#6500=PRODUCT('MFB MW Template','MFB MW Template v2',$,(#6499));
#6501=PRESENTATION_STYLE_ASSIGNMENT((#6502));
#6502=SURFACE_STYLE_USAGE(.BOTH.,#6503);
#6503=SURFACE_SIDE_STYLE('',(#6504));
#6504=SURFACE_STYLE_FILL_AREA(#6505);
#6505=FILL_AREA_STYLE('Steel - Satin',(#6506));
#6506=FILL_AREA_STYLE_COLOUR('Steel - Satin',#6507);
#6507=COLOUR_RGB('Steel - Satin',0.627450980392157,0.627450980392157,0.627450980392157);
ENDSEC;
END-ISO-10303-21;
