ISO-10303-21;
HEADER;
/* Generated by software containing ST-Developer
 * from STEP Tools, Inc. (www.steptools.com) 
 */

FILE_DESCRIPTION(
/* description */ (''),
/* implementation_level */ '2;1');

FILE_NAME(
/* name */ 'Bit (16 Teeth).step',
/* time_stamp */ '2026-09-29T13:21:42-04:00',
/* author */ (''),
/* organization */ (''),
/* preprocessor_version */ 'ST-DEVELOPER v20.2',
/* originating_system */ 'Autodesk Translation Framework v15.15.0.0',
/* authorisation */ '');

FILE_SCHEMA (('AUTOMOTIVE_DESIGN { 1 0 10303 214 3 1 1 }'));
ENDSEC;

DATA;
#10=MECHANICAL_DESIGN_GEOMETRIC_PRESENTATION_REPRESENTATION('',(#15,#16),
#6044);
#11=SHAPE_REPRESENTATION_RELATIONSHIP('SRR','None',#6051,#12);
#12=ADVANCED_BREP_SHAPE_REPRESENTATION('',(#17,#18),#6043);
#13=TOROIDAL_SURFACE('',#3610,4.4,0.25);
#14=TOROIDAL_SURFACE('',#3619,7.7,0.25);
#15=STYLED_ITEM('',(#6061),#17);
#16=STYLED_ITEM('',(#6061),#18);
#17=MANIFOLD_SOLID_BREP('Body1',#3381);
#18=MANIFOLD_SOLID_BREP('Body4',#3382);
#19=(
BOUNDED_CURVE()
B_SPLINE_CURVE(2,(#4799,#4800,#4801),.UNSPECIFIED.,.F.,.F.)
B_SPLINE_CURVE_WITH_KNOTS((3,3),(5.41968473887198E-5,0.203734406597877),
 .UNSPECIFIED.)
CURVE()
GEOMETRIC_REPRESENTATION_ITEM()
RATIONAL_B_SPLINE_CURVE((1.0000162499138,1.03054480054801,1.01368091674628))
REPRESENTATION_ITEM('')
);
#20=(
BOUNDED_CURVE()
B_SPLINE_CURVE(2,(#4803,#4804,#4805),.UNSPECIFIED.,.F.,.F.)
B_SPLINE_CURVE_WITH_KNOTS((3,3),(0.0587813384204652,0.262461548171101),
 .UNSPECIFIED.)
CURVE()
GEOMETRIC_REPRESENTATION_ITEM()
RATIONAL_B_SPLINE_CURVE((1.01368091674628,1.03054480054799,1.00001624991375))
REPRESENTATION_ITEM('')
);
#21=(
BOUNDED_CURVE()
B_SPLINE_CURVE(2,(#4807,#4808,#4809),.UNSPECIFIED.,.F.,.F.)
B_SPLINE_CURVE_WITH_KNOTS((3,3),(0.0986570158923435,0.127617154087354),
 .UNSPECIFIED.)
CURVE()
GEOMETRIC_REPRESENTATION_ITEM()
RATIONAL_B_SPLINE_CURVE((1.01586482812367,1.01639323639249,1.01586482812367))
REPRESENTATION_ITEM('')
);
#22=(
BOUNDED_CURVE()
B_SPLINE_CURVE(2,(#4811,#4812,#4813),.UNSPECIFIED.,.F.,.F.)
B_SPLINE_CURVE_WITH_KNOTS((3,3),(5.41968473884575E-5,0.203734406597877),
 .UNSPECIFIED.)
CURVE()
GEOMETRIC_REPRESENTATION_ITEM()
RATIONAL_B_SPLINE_CURVE((1.0000162499138,1.03054480054799,1.01368091674628))
REPRESENTATION_ITEM('')
);
#23=(
BOUNDED_CURVE()
B_SPLINE_CURVE(2,(#4815,#4816,#4817),.UNSPECIFIED.,.F.,.F.)
B_SPLINE_CURVE_WITH_KNOTS((3,3),(0.0587813384204643,0.2624615481711),
 .UNSPECIFIED.)
CURVE()
GEOMETRIC_REPRESENTATION_ITEM()
RATIONAL_B_SPLINE_CURVE((1.01368091674629,1.03054480054802,1.00001624991375))
REPRESENTATION_ITEM('')
);
#24=(
BOUNDED_CURVE()
B_SPLINE_CURVE(2,(#4819,#4820,#4821),.UNSPECIFIED.,.F.,.F.)
B_SPLINE_CURVE_WITH_KNOTS((3,3),(0.0986570158923433,0.127617154087353),
 .UNSPECIFIED.)
CURVE()
GEOMETRIC_REPRESENTATION_ITEM()
RATIONAL_B_SPLINE_CURVE((1.01586482812365,1.01639323639247,1.01586482812365))
REPRESENTATION_ITEM('')
);
#25=(
BOUNDED_CURVE()
B_SPLINE_CURVE(2,(#4823,#4824,#4825),.UNSPECIFIED.,.F.,.F.)
B_SPLINE_CURVE_WITH_KNOTS((3,3),(5.41968473886063E-5,0.203734406597877),
 .UNSPECIFIED.)
CURVE()
GEOMETRIC_REPRESENTATION_ITEM()
RATIONAL_B_SPLINE_CURVE((1.0000162499138,1.03054480054799,1.01368091674628))
REPRESENTATION_ITEM('')
);
#26=(
BOUNDED_CURVE()
B_SPLINE_CURVE(2,(#4827,#4828,#4829),.UNSPECIFIED.,.F.,.F.)
B_SPLINE_CURVE_WITH_KNOTS((3,3),(0.0587813384204646,0.262461548171101),
 .UNSPECIFIED.)
CURVE()
GEOMETRIC_REPRESENTATION_ITEM()
RATIONAL_B_SPLINE_CURVE((1.01368091674628,1.03054480054801,1.00001624991375))
REPRESENTATION_ITEM('')
);
#27=(
BOUNDED_CURVE()
B_SPLINE_CURVE(2,(#4831,#4832,#4833),.UNSPECIFIED.,.F.,.F.)
B_SPLINE_CURVE_WITH_KNOTS((3,3),(0.0986570158923432,0.127617154087353),
 .UNSPECIFIED.)
CURVE()
GEOMETRIC_REPRESENTATION_ITEM()
RATIONAL_B_SPLINE_CURVE((1.01586482812365,1.01639323639247,1.01586482812365))
REPRESENTATION_ITEM('')
);
#28=(
BOUNDED_CURVE()
B_SPLINE_CURVE(2,(#4835,#4836,#4837),.UNSPECIFIED.,.F.,.F.)
B_SPLINE_CURVE_WITH_KNOTS((3,3),(5.41968473883604E-5,0.203734406597877),
 .UNSPECIFIED.)
CURVE()
GEOMETRIC_REPRESENTATION_ITEM()
RATIONAL_B_SPLINE_CURVE((1.0000162499138,1.03054480054799,1.01368091674628))
REPRESENTATION_ITEM('')
);
#29=(
BOUNDED_CURVE()
B_SPLINE_CURVE(2,(#4839,#4840,#4841),.UNSPECIFIED.,.F.,.F.)
B_SPLINE_CURVE_WITH_KNOTS((3,3),(0.058781338420464,0.2624615481711),
 .UNSPECIFIED.)
CURVE()
GEOMETRIC_REPRESENTATION_ITEM()
RATIONAL_B_SPLINE_CURVE((1.01368091674629,1.03054480054803,1.00001624991375))
REPRESENTATION_ITEM('')
);
#30=(
BOUNDED_CURVE()
B_SPLINE_CURVE(2,(#4843,#4844,#4845),.UNSPECIFIED.,.F.,.F.)
B_SPLINE_CURVE_WITH_KNOTS((3,3),(0.0986570158923431,0.127617154087353),
 .UNSPECIFIED.)
CURVE()
GEOMETRIC_REPRESENTATION_ITEM()
RATIONAL_B_SPLINE_CURVE((1.01586482812365,1.01639323639247,1.01586482812365))
REPRESENTATION_ITEM('')
);
#31=(
BOUNDED_CURVE()
B_SPLINE_CURVE(2,(#4847,#4848,#4849),.UNSPECIFIED.,.F.,.F.)
B_SPLINE_CURVE_WITH_KNOTS((3,3),(5.41968473880281E-5,0.203734406597875),
 .UNSPECIFIED.)
CURVE()
GEOMETRIC_REPRESENTATION_ITEM()
RATIONAL_B_SPLINE_CURVE((1.0000162499138,1.03054480054797,1.01368091674627))
REPRESENTATION_ITEM('')
);
#32=(
BOUNDED_CURVE()
B_SPLINE_CURVE(2,(#4851,#4852,#4853),.UNSPECIFIED.,.F.,.F.)
B_SPLINE_CURVE_WITH_KNOTS((3,3),(0.0587813384204646,0.262461548171101),
 .UNSPECIFIED.)
CURVE()
GEOMETRIC_REPRESENTATION_ITEM()
RATIONAL_B_SPLINE_CURVE((1.01368091674629,1.03054480054801,1.00001624991375))
REPRESENTATION_ITEM('')
);
#33=(
BOUNDED_CURVE()
B_SPLINE_CURVE(2,(#4855,#4856,#4857),.UNSPECIFIED.,.F.,.F.)
B_SPLINE_CURVE_WITH_KNOTS((3,3),(0.0986570158923431,0.127617154087353),
 .UNSPECIFIED.)
CURVE()
GEOMETRIC_REPRESENTATION_ITEM()
RATIONAL_B_SPLINE_CURVE((1.01586482812365,1.01639323639247,1.01586482812365))
REPRESENTATION_ITEM('')
);
#34=(
BOUNDED_CURVE()
B_SPLINE_CURVE(2,(#4859,#4860,#4861),.UNSPECIFIED.,.F.,.F.)
B_SPLINE_CURVE_WITH_KNOTS((3,3),(5.41968473881344E-5,0.203734406597876),
 .UNSPECIFIED.)
CURVE()
GEOMETRIC_REPRESENTATION_ITEM()
RATIONAL_B_SPLINE_CURVE((1.0000162499138,1.03054480054798,1.01368091674627))
REPRESENTATION_ITEM('')
);
#35=(
BOUNDED_CURVE()
B_SPLINE_CURVE(2,(#4863,#4864,#4865),.UNSPECIFIED.,.F.,.F.)
B_SPLINE_CURVE_WITH_KNOTS((3,3),(0.0587813384204647,0.262461548171101),
 .UNSPECIFIED.)
CURVE()
GEOMETRIC_REPRESENTATION_ITEM()
RATIONAL_B_SPLINE_CURVE((1.01368091674629,1.03054480054802,1.00001624991375))
REPRESENTATION_ITEM('')
);
#36=(
BOUNDED_CURVE()
B_SPLINE_CURVE(2,(#4867,#4868,#4869),.UNSPECIFIED.,.F.,.F.)
B_SPLINE_CURVE_WITH_KNOTS((3,3),(0.0986570158923425,0.113137084989847),
 .UNSPECIFIED.)
CURVE()
GEOMETRIC_REPRESENTATION_ITEM()
RATIONAL_B_SPLINE_CURVE((1.01586482812366,1.01612903225807,1.01612903225807))
REPRESENTATION_ITEM('')
);
#37=(
BOUNDED_CURVE()
B_SPLINE_CURVE(2,(#4872,#4873,#4874),.UNSPECIFIED.,.F.,.F.)
B_SPLINE_CURVE_WITH_KNOTS((3,3),(0.113137084989847,0.127617154087353),
 .UNSPECIFIED.)
CURVE()
GEOMETRIC_REPRESENTATION_ITEM()
RATIONAL_B_SPLINE_CURVE((1.01612903225807,1.01612903225807,1.01586482812366))
REPRESENTATION_ITEM('')
);
#38=(
BOUNDED_CURVE()
B_SPLINE_CURVE(2,(#4876,#4877,#4878),.UNSPECIFIED.,.F.,.F.)
B_SPLINE_CURVE_WITH_KNOTS((3,3),(5.41968473879806E-5,0.203734406597877),
 .UNSPECIFIED.)
CURVE()
GEOMETRIC_REPRESENTATION_ITEM()
RATIONAL_B_SPLINE_CURVE((1.0000162499138,1.03054480054799,1.01368091674628))
REPRESENTATION_ITEM('')
);
#39=(
BOUNDED_CURVE()
B_SPLINE_CURVE(2,(#4880,#4881,#4882),.UNSPECIFIED.,.F.,.F.)
B_SPLINE_CURVE_WITH_KNOTS((3,3),(0.0587813384204653,0.262461548171101),
 .UNSPECIFIED.)
CURVE()
GEOMETRIC_REPRESENTATION_ITEM()
RATIONAL_B_SPLINE_CURVE((1.01368091674628,1.03054480054799,1.00001624991375))
REPRESENTATION_ITEM('')
);
#40=(
BOUNDED_CURVE()
B_SPLINE_CURVE(2,(#4884,#4885,#4886),.UNSPECIFIED.,.F.,.F.)
B_SPLINE_CURVE_WITH_KNOTS((3,3),(0.0986570158923441,0.127617154087354),
 .UNSPECIFIED.)
CURVE()
GEOMETRIC_REPRESENTATION_ITEM()
RATIONAL_B_SPLINE_CURVE((1.01586482812366,1.01639323639248,1.01586482812366))
REPRESENTATION_ITEM('')
);
#41=(
BOUNDED_CURVE()
B_SPLINE_CURVE(2,(#4888,#4889,#4890),.UNSPECIFIED.,.F.,.F.)
B_SPLINE_CURVE_WITH_KNOTS((3,3),(5.41968473881E-5,0.203734406597876),
 .UNSPECIFIED.)
CURVE()
GEOMETRIC_REPRESENTATION_ITEM()
RATIONAL_B_SPLINE_CURVE((1.0000162499138,1.03054480054798,1.01368091674627))
REPRESENTATION_ITEM('')
);
#42=(
BOUNDED_CURVE()
B_SPLINE_CURVE(2,(#4892,#4893,#4894),.UNSPECIFIED.,.F.,.F.)
B_SPLINE_CURVE_WITH_KNOTS((3,3),(0.0587813384204651,0.262461548171101),
 .UNSPECIFIED.)
CURVE()
GEOMETRIC_REPRESENTATION_ITEM()
RATIONAL_B_SPLINE_CURVE((1.01368091674628,1.03054480054799,1.00001624991375))
REPRESENTATION_ITEM('')
);
#43=(
BOUNDED_CURVE()
B_SPLINE_CURVE(2,(#4895,#4896,#4897),.UNSPECIFIED.,.F.,.F.)
B_SPLINE_CURVE_WITH_KNOTS((3,3),(0.0986570158923425,0.127617154087353),
 .UNSPECIFIED.)
CURVE()
GEOMETRIC_REPRESENTATION_ITEM()
RATIONAL_B_SPLINE_CURVE((1.01586482812366,1.01639323639248,1.01586482812366))
REPRESENTATION_ITEM('')
);
#44=(
BOUNDED_CURVE()
B_SPLINE_CURVE(2,(#5524,#5525,#5526),.UNSPECIFIED.,.F.,.F.)
B_SPLINE_CURVE_WITH_KNOTS((3,3),(0.182497150922386,0.328522061263744),
 .UNSPECIFIED.)
CURVE()
GEOMETRIC_REPRESENTATION_ITEM()
RATIONAL_B_SPLINE_CURVE((1.01845325702767,1.02233491840782,1.02061391086229))
REPRESENTATION_ITEM('')
);
#45=(
BOUNDED_CURVE()
B_SPLINE_CURVE(2,(#5530,#5531,#5532),.UNSPECIFIED.,.F.,.F.)
B_SPLINE_CURVE_WITH_KNOTS((3,3),(0.238811255265391,0.384836165606748),
 .UNSPECIFIED.)
CURVE()
GEOMETRIC_REPRESENTATION_ITEM()
RATIONAL_B_SPLINE_CURVE((1.02061391086228,1.02233491840781,1.01845325702766))
REPRESENTATION_ITEM('')
);
#46=(
BOUNDED_CURVE()
B_SPLINE_CURVE(2,(#5535,#5536,#5537),.UNSPECIFIED.,.F.,.F.)
B_SPLINE_CURVE_WITH_KNOTS((3,3),(0.182497150922396,0.328522061263759),
 .UNSPECIFIED.)
CURVE()
GEOMETRIC_REPRESENTATION_ITEM()
RATIONAL_B_SPLINE_CURVE((1.0184532570277,1.02233491840786,1.02061391086233))
REPRESENTATION_ITEM('')
);
#47=(
BOUNDED_CURVE()
B_SPLINE_CURVE(2,(#5541,#5542,#5543),.UNSPECIFIED.,.F.,.F.)
B_SPLINE_CURVE_WITH_KNOTS((3,3),(0.238811255265413,0.384836165606763),
 .UNSPECIFIED.)
CURVE()
GEOMETRIC_REPRESENTATION_ITEM()
RATIONAL_B_SPLINE_CURVE((1.02061391086224,1.02233491840776,1.01845325702762))
REPRESENTATION_ITEM('')
);
#48=(
BOUNDED_CURVE()
B_SPLINE_CURVE(2,(#5546,#5547,#5548),.UNSPECIFIED.,.F.,.F.)
B_SPLINE_CURVE_WITH_KNOTS((3,3),(0.182497150922363,0.32852206126372),
 .UNSPECIFIED.)
CURVE()
GEOMETRIC_REPRESENTATION_ITEM()
RATIONAL_B_SPLINE_CURVE((1.01845325702765,1.0223349184078,1.02061391086228))
REPRESENTATION_ITEM('')
);
#49=(
BOUNDED_CURVE()
B_SPLINE_CURVE(2,(#5552,#5553,#5554),.UNSPECIFIED.,.F.,.F.)
B_SPLINE_CURVE_WITH_KNOTS((3,3),(0.238811255265405,0.384836165606765),
 .UNSPECIFIED.)
CURVE()
GEOMETRIC_REPRESENTATION_ITEM()
RATIONAL_B_SPLINE_CURVE((1.02061391086231,1.02233491840783,1.01845325702768))
REPRESENTATION_ITEM('')
);
#50=(
BOUNDED_CURVE()
B_SPLINE_CURVE(2,(#5557,#5558,#5559),.UNSPECIFIED.,.F.,.F.)
B_SPLINE_CURVE_WITH_KNOTS((3,3),(0.182497150922387,0.32852206126375),
 .UNSPECIFIED.)
CURVE()
GEOMETRIC_REPRESENTATION_ITEM()
RATIONAL_B_SPLINE_CURVE((1.0184532570277,1.02233491840786,1.02061391086233))
REPRESENTATION_ITEM('')
);
#51=(
BOUNDED_CURVE()
B_SPLINE_CURVE(2,(#5563,#5564,#5565),.UNSPECIFIED.,.F.,.F.)
B_SPLINE_CURVE_WITH_KNOTS((3,3),(0.238811255265426,0.38483616560678),
 .UNSPECIFIED.)
CURVE()
GEOMETRIC_REPRESENTATION_ITEM()
RATIONAL_B_SPLINE_CURVE((1.02061391086225,1.02233491840777,1.01845325702763))
REPRESENTATION_ITEM('')
);
#52=(
BOUNDED_CURVE()
B_SPLINE_CURVE(2,(#5568,#5569,#5570),.UNSPECIFIED.,.F.,.F.)
B_SPLINE_CURVE_WITH_KNOTS((3,3),(0.182497150922367,0.328522061263715),
 .UNSPECIFIED.)
CURVE()
GEOMETRIC_REPRESENTATION_ITEM()
RATIONAL_B_SPLINE_CURVE((1.01845325702759,1.02233491840773,1.02061391086221))
REPRESENTATION_ITEM('')
);
#53=(
BOUNDED_CURVE()
B_SPLINE_CURVE(2,(#5574,#5575,#5576),.UNSPECIFIED.,.F.,.F.)
B_SPLINE_CURVE_WITH_KNOTS((3,3),(0.238811255265409,0.384836165606771),
 .UNSPECIFIED.)
CURVE()
GEOMETRIC_REPRESENTATION_ITEM()
RATIONAL_B_SPLINE_CURVE((1.02061391086233,1.02233491840786,1.0184532570277))
REPRESENTATION_ITEM('')
);
#54=(
BOUNDED_CURVE()
B_SPLINE_CURVE(2,(#5579,#5580,#5581),.UNSPECIFIED.,.F.,.F.)
B_SPLINE_CURVE_WITH_KNOTS((3,3),(0.182497150922388,0.328522061263753),
 .UNSPECIFIED.)
CURVE()
GEOMETRIC_REPRESENTATION_ITEM()
RATIONAL_B_SPLINE_CURVE((1.01845325702772,1.02233491840788,1.02061391086235))
REPRESENTATION_ITEM('')
);
#55=(
BOUNDED_CURVE()
B_SPLINE_CURVE(2,(#5585,#5586,#5587),.UNSPECIFIED.,.F.,.F.)
B_SPLINE_CURVE_WITH_KNOTS((3,3),(0.238811255265413,0.384836165606769),
 .UNSPECIFIED.)
CURVE()
GEOMETRIC_REPRESENTATION_ITEM()
RATIONAL_B_SPLINE_CURVE((1.02061391086227,1.0223349184078,1.01845325702765))
REPRESENTATION_ITEM('')
);
#56=(
BOUNDED_CURVE()
B_SPLINE_CURVE(2,(#5590,#5591,#5592),.UNSPECIFIED.,.F.,.F.)
B_SPLINE_CURVE_WITH_KNOTS((3,3),(0.182497150922375,0.328522061263739),
 .UNSPECIFIED.)
CURVE()
GEOMETRIC_REPRESENTATION_ITEM()
RATIONAL_B_SPLINE_CURVE((1.0184532570277,1.02233491840786,1.02061391086233))
REPRESENTATION_ITEM('')
);
#57=(
BOUNDED_CURVE()
B_SPLINE_CURVE(2,(#5596,#5597,#5598),.UNSPECIFIED.,.F.,.F.)
B_SPLINE_CURVE_WITH_KNOTS((3,3),(0.238811255265393,0.384836165606752),
 .UNSPECIFIED.)
CURVE()
GEOMETRIC_REPRESENTATION_ITEM()
RATIONAL_B_SPLINE_CURVE((1.0206139108623,1.02233491840783,1.01845325702767))
REPRESENTATION_ITEM('')
);
#58=(
BOUNDED_CURVE()
B_SPLINE_CURVE(2,(#5601,#5602,#5603),.UNSPECIFIED.,.F.,.F.)
B_SPLINE_CURVE_WITH_KNOTS((3,3),(0.182497150922381,0.328522061263747),
 .UNSPECIFIED.)
CURVE()
GEOMETRIC_REPRESENTATION_ITEM()
RATIONAL_B_SPLINE_CURVE((1.01845325702772,1.02233491840788,1.02061391086235))
REPRESENTATION_ITEM('')
);
#59=(
BOUNDED_CURVE()
B_SPLINE_CURVE(2,(#5607,#5608,#5609),.UNSPECIFIED.,.F.,.F.)
B_SPLINE_CURVE_WITH_KNOTS((3,3),(0.238811255265407,0.384836165606763),
 .UNSPECIFIED.)
CURVE()
GEOMETRIC_REPRESENTATION_ITEM()
RATIONAL_B_SPLINE_CURVE((1.02061391086228,1.0223349184078,1.01845325702765))
REPRESENTATION_ITEM('')
);
#60=(
BOUNDED_CURVE()
B_SPLINE_CURVE(2,(#5612,#5613,#5614),.UNSPECIFIED.,.F.,.F.)
B_SPLINE_CURVE_WITH_KNOTS((3,3),(0.182497150922361,0.328522061263713),
 .UNSPECIFIED.)
CURVE()
GEOMETRIC_REPRESENTATION_ITEM()
RATIONAL_B_SPLINE_CURVE((1.01845325702762,1.02233491840776,1.02061391086224))
REPRESENTATION_ITEM('')
);
#61=(
BOUNDED_CURVE()
B_SPLINE_CURVE(2,(#5618,#5619,#5620),.UNSPECIFIED.,.F.,.F.)
B_SPLINE_CURVE_WITH_KNOTS((3,3),(0.238811255265418,0.384836165606778),
 .UNSPECIFIED.)
CURVE()
GEOMETRIC_REPRESENTATION_ITEM()
RATIONAL_B_SPLINE_CURVE((1.02061391086231,1.02233491840783,1.01845325702768))
REPRESENTATION_ITEM('')
);
#62=(
BOUNDED_CURVE()
B_SPLINE_CURVE(2,(#5623,#5624,#5625),.UNSPECIFIED.,.F.,.F.)
B_SPLINE_CURVE_WITH_KNOTS((3,3),(0.182497150922397,0.328522061263759),
 .UNSPECIFIED.)
CURVE()
GEOMETRIC_REPRESENTATION_ITEM()
RATIONAL_B_SPLINE_CURVE((1.0184532570277,1.02233491840786,1.02061391086233))
REPRESENTATION_ITEM('')
);
#63=(
BOUNDED_CURVE()
B_SPLINE_CURVE(2,(#5629,#5630,#5631),.UNSPECIFIED.,.F.,.F.)
B_SPLINE_CURVE_WITH_KNOTS((3,3),(0.2388112552654,0.384836165606766),
 .UNSPECIFIED.)
CURVE()
GEOMETRIC_REPRESENTATION_ITEM()
RATIONAL_B_SPLINE_CURVE((1.02061391086235,1.02233491840788,1.01845325702772))
REPRESENTATION_ITEM('')
);
#64=(
BOUNDED_CURVE()
B_SPLINE_CURVE(2,(#5634,#5635,#5636),.UNSPECIFIED.,.F.,.F.)
B_SPLINE_CURVE_WITH_KNOTS((3,3),(0.182497150922387,0.328522061263743),
 .UNSPECIFIED.)
CURVE()
GEOMETRIC_REPRESENTATION_ITEM()
RATIONAL_B_SPLINE_CURVE((1.01845325702766,1.0223349184078,1.02061391086228))
REPRESENTATION_ITEM('')
);
#65=(
BOUNDED_CURVE()
B_SPLINE_CURVE(2,(#5640,#5641,#5642),.UNSPECIFIED.,.F.,.F.)
B_SPLINE_CURVE_WITH_KNOTS((3,3),(0.238811255265393,0.384836165606752),
 .UNSPECIFIED.)
CURVE()
GEOMETRIC_REPRESENTATION_ITEM()
RATIONAL_B_SPLINE_CURVE((1.0206139108623,1.02233491840783,1.01845325702767))
REPRESENTATION_ITEM('')
);
#66=(
BOUNDED_CURVE()
B_SPLINE_CURVE(2,(#5645,#5646,#5647),.UNSPECIFIED.,.F.,.F.)
B_SPLINE_CURVE_WITH_KNOTS((3,3),(0.182497150922385,0.328522061263742),
 .UNSPECIFIED.)
CURVE()
GEOMETRIC_REPRESENTATION_ITEM()
RATIONAL_B_SPLINE_CURVE((1.01845325702766,1.02233491840781,1.02061391086228))
REPRESENTATION_ITEM('')
);
#67=(
BOUNDED_CURVE()
B_SPLINE_CURVE(2,(#5651,#5652,#5653),.UNSPECIFIED.,.F.,.F.)
B_SPLINE_CURVE_WITH_KNOTS((3,3),(0.238811255265424,0.384836165606781),
 .UNSPECIFIED.)
CURVE()
GEOMETRIC_REPRESENTATION_ITEM()
RATIONAL_B_SPLINE_CURVE((1.02061391086228,1.02233491840781,1.01845325702766))
REPRESENTATION_ITEM('')
);
#68=(
BOUNDED_CURVE()
B_SPLINE_CURVE(2,(#5656,#5657,#5658),.UNSPECIFIED.,.F.,.F.)
B_SPLINE_CURVE_WITH_KNOTS((3,3),(0.182497150922388,0.328522061263751),
 .UNSPECIFIED.)
CURVE()
GEOMETRIC_REPRESENTATION_ITEM()
RATIONAL_B_SPLINE_CURVE((1.0184532570277,1.02233491840786,1.02061391086233))
REPRESENTATION_ITEM('')
);
#69=(
BOUNDED_CURVE()
B_SPLINE_CURVE(2,(#5662,#5663,#5664),.UNSPECIFIED.,.F.,.F.)
B_SPLINE_CURVE_WITH_KNOTS((3,3),(0.23881125526542,0.384836165606775),
 .UNSPECIFIED.)
CURVE()
GEOMETRIC_REPRESENTATION_ITEM()
RATIONAL_B_SPLINE_CURVE((1.02061391086226,1.02233491840779,1.01845325702764))
REPRESENTATION_ITEM('')
);
#70=(
BOUNDED_CURVE()
B_SPLINE_CURVE(2,(#5667,#5668,#5669),.UNSPECIFIED.,.F.,.F.)
B_SPLINE_CURVE_WITH_KNOTS((3,3),(0.18249715092239,0.328522061263753),
 .UNSPECIFIED.)
CURVE()
GEOMETRIC_REPRESENTATION_ITEM()
RATIONAL_B_SPLINE_CURVE((1.0184532570277,1.02233491840786,1.02061391086233))
REPRESENTATION_ITEM('')
);
#71=(
BOUNDED_CURVE()
B_SPLINE_CURVE(2,(#5673,#5674,#5675),.UNSPECIFIED.,.F.,.F.)
B_SPLINE_CURVE_WITH_KNOTS((3,3),(0.238811255265387,0.384836165606752),
 .UNSPECIFIED.)
CURVE()
GEOMETRIC_REPRESENTATION_ITEM()
RATIONAL_B_SPLINE_CURVE((1.02061391086235,1.02233491840788,1.01845325702772))
REPRESENTATION_ITEM('')
);
#72=(
BOUNDED_CURVE()
B_SPLINE_CURVE(2,(#5678,#5679,#5680),.UNSPECIFIED.,.F.,.F.)
B_SPLINE_CURVE_WITH_KNOTS((3,3),(0.182497150922387,0.328522061263743),
 .UNSPECIFIED.)
CURVE()
GEOMETRIC_REPRESENTATION_ITEM()
RATIONAL_B_SPLINE_CURVE((1.01845325702766,1.0223349184078,1.02061391086228))
REPRESENTATION_ITEM('')
);
#73=(
BOUNDED_CURVE()
B_SPLINE_CURVE(2,(#5684,#5685,#5686),.UNSPECIFIED.,.F.,.F.)
B_SPLINE_CURVE_WITH_KNOTS((3,3),(0.238811255265402,0.384836165606759),
 .UNSPECIFIED.)
CURVE()
GEOMETRIC_REPRESENTATION_ITEM()
RATIONAL_B_SPLINE_CURVE((1.02061391086229,1.02233491840781,1.01845325702766))
REPRESENTATION_ITEM('')
);
#74=(
BOUNDED_CURVE()
B_SPLINE_CURVE(2,(#5689,#5690,#5691),.UNSPECIFIED.,.F.,.F.)
B_SPLINE_CURVE_WITH_KNOTS((3,3),(0.182497150922366,0.328522061263727),
 .UNSPECIFIED.)
CURVE()
GEOMETRIC_REPRESENTATION_ITEM()
RATIONAL_B_SPLINE_CURVE((1.01845325702768,1.02233491840783,1.02061391086231))
REPRESENTATION_ITEM('')
);
#75=(
BOUNDED_CURVE()
B_SPLINE_CURVE(2,(#5695,#5696,#5697),.UNSPECIFIED.,.F.,.F.)
B_SPLINE_CURVE_WITH_KNOTS((3,3),(0.238811255265382,0.384836165606747),
 .UNSPECIFIED.)
CURVE()
GEOMETRIC_REPRESENTATION_ITEM()
RATIONAL_B_SPLINE_CURVE((1.02061391086234,1.02233491840788,1.01845325702771))
REPRESENTATION_ITEM('')
);
#76=B_SPLINE_CURVE_WITH_KNOTS('',3,(#4761,#4762,#4763,#4764),
 .UNSPECIFIED.,.F.,.F.,(4,4),(-0.0307163779642733,0.),.UNSPECIFIED.);
#77=B_SPLINE_CURVE_WITH_KNOTS('',3,(#4765,#4766,#4767,#4768),
 .UNSPECIFIED.,.F.,.F.,(4,4),(-0.0306821693791023,0.),.UNSPECIFIED.);
#78=B_SPLINE_CURVE_WITH_KNOTS('',3,(#4771,#4772,#4773,#4774),
 .UNSPECIFIED.,.F.,.F.,(4,4),(-0.0306821693791012,0.),.UNSPECIFIED.);
#79=B_SPLINE_CURVE_WITH_KNOTS('',3,(#4779,#4780,#4781,#4782),
 .UNSPECIFIED.,.F.,.F.,(4,4),(-0.0306821693790884,0.),.UNSPECIFIED.);
#80=B_SPLINE_CURVE_WITH_KNOTS('',3,(#5005,#5006,#5007,#5008,#5009,#5010,
#5011,#5012,#5013,#5014,#5015,#5016,#5017,#5018,#5019,#5020,#5021,#5022),
 .UNSPECIFIED.,.F.,.F.,(4,2,2,2,2,2,2,2,4),(0.,0.0317699095195974,0.0635398190391947,
0.08498552154525,0.106431224051305,0.127876926557361,0.149322629063416,
0.181092538583013,0.212862448102611),.UNSPECIFIED.);
#81=B_SPLINE_CURVE_WITH_KNOTS('',3,(#5031,#5032,#5033,#5034,#5035,#5036,
#5037,#5038,#5039,#5040,#5041,#5042,#5043,#5044,#5045,#5046,#5047,#5048),
 .UNSPECIFIED.,.F.,.F.,(4,2,2,2,2,2,2,2,4),(0.,0.0317699095195973,0.0635398190391946,
0.08498552154525,0.106431224051305,0.127876926557361,0.149322629063416,
0.181092538583013,0.21286244810261),.UNSPECIFIED.);
#82=B_SPLINE_CURVE_WITH_KNOTS('',3,(#5063,#5064,#5065,#5066,#5067,#5068,
#5069,#5070,#5071,#5072,#5073,#5074,#5075,#5076,#5077,#5078,#5079,#5080),
 .UNSPECIFIED.,.F.,.F.,(4,2,2,2,2,2,2,2,4),(0.,0.0317699095195975,0.063539819039195,
0.0849855215452502,0.106431224051305,0.127876926557361,0.149322629063416,
0.181092538583013,0.212862448102611),.UNSPECIFIED.);
#83=B_SPLINE_CURVE_WITH_KNOTS('',3,(#5095,#5096,#5097,#5098,#5099,#5100,
#5101,#5102,#5103,#5104,#5105,#5106,#5107,#5108,#5109,#5110,#5111,#5112),
 .UNSPECIFIED.,.F.,.F.,(4,2,2,2,2,2,2,2,4),(0.,0.0317699095195975,0.0635398190391949,
0.0849855215452501,0.106431224051305,0.12787692655736,0.149322629063416,
0.181092538583013,0.212862448102611),.UNSPECIFIED.);
#84=B_SPLINE_CURVE_WITH_KNOTS('',3,(#5127,#5128,#5129,#5130,#5131,#5132,
#5133,#5134,#5135,#5136,#5137,#5138,#5139,#5140,#5141,#5142,#5143,#5144),
 .UNSPECIFIED.,.F.,.F.,(4,2,2,2,2,2,2,2,4),(0.,0.0317699095195974,0.0635398190391949,
0.0849855215452501,0.106431224051305,0.12787692655736,0.149322629063416,
0.181092538583013,0.212862448102611),.UNSPECIFIED.);
#85=B_SPLINE_CURVE_WITH_KNOTS('',3,(#5159,#5160,#5161,#5162,#5163,#5164,
#5165,#5166,#5167,#5168,#5169,#5170,#5171,#5172,#5173,#5174,#5175,#5176),
 .UNSPECIFIED.,.F.,.F.,(4,2,2,2,2,2,2,2,4),(0.,0.0317699095195975,0.063539819039195,
0.0849855215452502,0.106431224051305,0.127876926557361,0.149322629063416,
0.181092538583013,0.212862448102611),.UNSPECIFIED.);
#86=B_SPLINE_CURVE_WITH_KNOTS('',3,(#5191,#5192,#5193,#5194,#5195,#5196,
#5197,#5198,#5199,#5200,#5201,#5202,#5203,#5204,#5205,#5206,#5207,#5208),
 .UNSPECIFIED.,.F.,.F.,(4,2,2,2,2,2,2,2,4),(0.,0.0317699095195973,0.0635398190391946,
0.0849855215452499,0.106431224051305,0.12787692655736,0.149322629063416,
0.181092538583013,0.21286244810261),.UNSPECIFIED.);
#87=B_SPLINE_CURVE_WITH_KNOTS('',3,(#5223,#5224,#5225,#5226,#5227,#5228,
#5229,#5230,#5231,#5232,#5233,#5234,#5235,#5236,#5237,#5238,#5239,#5240),
 .UNSPECIFIED.,.F.,.F.,(4,2,2,2,2,2,2,2,4),(0.,0.0317699095195973,0.0635398190391946,
0.0849855215452498,0.106431224051305,0.12787692655736,0.149322629063415,
0.181092538583013,0.21286244810261),.UNSPECIFIED.);
#88=B_SPLINE_CURVE_WITH_KNOTS('',3,(#5255,#5256,#5257,#5258,#5259,#5260,
#5261,#5262,#5263,#5264,#5265,#5266,#5267,#5268,#5269,#5270,#5271,#5272),
 .UNSPECIFIED.,.F.,.F.,(4,2,2,2,2,2,2,2,4),(0.,0.0317699095195973,0.0635398190391946,
0.0849855215452499,0.106431224051305,0.12787692655736,0.149322629063416,
0.181092538583013,0.21286244810261),.UNSPECIFIED.);
#89=B_SPLINE_CURVE_WITH_KNOTS('',3,(#5293,#5294,#5295,#5296,#5297,#5298,
#5299,#5300,#5301,#5302,#5303,#5304,#5305,#5306,#5307,#5308,#5309,#5310),
 .UNSPECIFIED.,.F.,.F.,(4,2,2,2,2,2,2,2,4),(0.,0.0317699095195975,0.063539819039195,
0.0849855215452502,0.106431224051305,0.127876926557361,0.149322629063416,
0.181092538583013,0.212862448102611),.UNSPECIFIED.);
#90=B_SPLINE_CURVE_WITH_KNOTS('',3,(#5325,#5326,#5327,#5328,#5329,#5330,
#5331,#5332,#5333,#5334,#5335,#5336,#5337,#5338,#5339,#5340,#5341,#5342),
 .UNSPECIFIED.,.F.,.F.,(4,2,2,2,2,2,2,2,4),(0.,0.0317699095195973,0.0635398190391946,
0.0849855215452498,0.106431224051305,0.12787692655736,0.149322629063415,
0.181092538583013,0.21286244810261),.UNSPECIFIED.);
#91=B_SPLINE_CURVE_WITH_KNOTS('',3,(#5357,#5358,#5359,#5360,#5361,#5362,
#5363,#5364,#5365,#5366,#5367,#5368,#5369,#5370,#5371,#5372,#5373,#5374),
 .UNSPECIFIED.,.F.,.F.,(4,2,2,2,2,2,2,2,4),(0.,0.0317699095195975,0.0635398190391949,
0.0849855215452502,0.106431224051305,0.127876926557361,0.149322629063416,
0.181092538583013,0.212862448102611),.UNSPECIFIED.);
#92=B_SPLINE_CURVE_WITH_KNOTS('',3,(#5389,#5390,#5391,#5392,#5393,#5394,
#5395,#5396,#5397,#5398,#5399,#5400,#5401,#5402,#5403,#5404,#5405,#5406),
 .UNSPECIFIED.,.F.,.F.,(4,2,2,2,2,2,2,2,4),(0.,0.0317699095195975,0.0635398190391949,
0.0849855215452501,0.106431224051305,0.12787692655736,0.149322629063416,
0.181092538583013,0.212862448102611),.UNSPECIFIED.);
#93=B_SPLINE_CURVE_WITH_KNOTS('',3,(#5421,#5422,#5423,#5424,#5425,#5426,
#5427,#5428,#5429,#5430,#5431,#5432,#5433,#5434,#5435,#5436,#5437,#5438),
 .UNSPECIFIED.,.F.,.F.,(4,2,2,2,2,2,2,2,4),(0.,0.0317699095195973,0.0635398190391946,
0.0849855215452499,0.106431224051305,0.12787692655736,0.149322629063416,
0.181092538583013,0.21286244810261),.UNSPECIFIED.);
#94=B_SPLINE_CURVE_WITH_KNOTS('',3,(#5453,#5454,#5455,#5456,#5457,#5458,
#5459,#5460,#5461,#5462,#5463,#5464,#5465,#5466,#5467,#5468,#5469,#5470),
 .UNSPECIFIED.,.F.,.F.,(4,2,2,2,2,2,2,2,4),(0.,0.0317699095195973,0.0635398190391946,
0.0849855215452498,0.106431224051305,0.12787692655736,0.149322629063415,
0.181092538583013,0.21286244810261),.UNSPECIFIED.);
#95=B_SPLINE_CURVE_WITH_KNOTS('',3,(#5485,#5486,#5487,#5488,#5489,#5490,
#5491,#5492,#5493,#5494,#5495,#5496,#5497,#5498,#5499,#5500,#5501,#5502),
 .UNSPECIFIED.,.F.,.F.,(4,2,2,2,2,2,2,2,4),(0.,0.0317699095195973,0.0635398190391945,
0.0849855215452498,0.106431224051305,0.12787692655736,0.149322629063416,
0.181092538583013,0.21286244810261),.UNSPECIFIED.);
#96=CONICAL_SURFACE('',#3403,2.45,0.785398163397448);
#97=CONICAL_SURFACE('',#3435,4.575,0.785398163397448);
#98=CONICAL_SURFACE('',#3450,3.65,0.785398163397449);
#99=CONICAL_SURFACE('',#3452,0.9,0.785398163397449);
#100=CONICAL_SURFACE('',#3454,3.65,0.785398163397449);
#101=CONICAL_SURFACE('',#3456,0.9,0.785398163397449);
#102=CONICAL_SURFACE('',#3460,4.72928932188134,0.392699081698726);
#103=CONICAL_SURFACE('',#3463,4.13175,0.785398163397447);
#104=CONICAL_SURFACE('',#3543,7.33992377301696,0.785398163397448);
#105=CONICAL_SURFACE('',#3712,7.65,0.785398163397447);
#106=LINE('',#4649,#397);
#107=LINE('',#4652,#398);
#108=LINE('',#4658,#399);
#109=LINE('',#4664,#400);
#110=LINE('',#4679,#401);
#111=LINE('',#4681,#402);
#112=LINE('',#4683,#403);
#113=LINE('',#4684,#404);
#114=LINE('',#4688,#405);
#115=LINE('',#4690,#406);
#116=LINE('',#4692,#407);
#117=LINE('',#4693,#408);
#118=LINE('',#4697,#409);
#119=LINE('',#4699,#410);
#120=LINE('',#4701,#411);
#121=LINE('',#4702,#412);
#122=LINE('',#4706,#413);
#123=LINE('',#4708,#414);
#124=LINE('',#4710,#415);
#125=LINE('',#4711,#416);
#126=LINE('',#4729,#417);
#127=LINE('',#4735,#418);
#128=LINE('',#4756,#419);
#129=LINE('',#4786,#420);
#130=LINE('',#4787,#421);
#131=LINE('',#4789,#422);
#132=LINE('',#4795,#423);
#133=LINE('',#4870,#424);
#134=LINE('',#4901,#425);
#135=LINE('',#4902,#426);
#136=LINE('',#4903,#427);
#137=LINE('',#4906,#428);
#138=LINE('',#4907,#429);
#139=LINE('',#4910,#430);
#140=LINE('',#4912,#431);
#141=LINE('',#4914,#432);
#142=LINE('',#4916,#433);
#143=LINE('',#4918,#434);
#144=LINE('',#4920,#435);
#145=LINE('',#4922,#436);
#146=LINE('',#4924,#437);
#147=LINE('',#4926,#438);
#148=LINE('',#4928,#439);
#149=LINE('',#4930,#440);
#150=LINE('',#4932,#441);
#151=LINE('',#4934,#442);
#152=LINE('',#4936,#443);
#153=LINE('',#4938,#444);
#154=LINE('',#4940,#445);
#155=LINE('',#4942,#446);
#156=LINE('',#4944,#447);
#157=LINE('',#4946,#448);
#158=LINE('',#4948,#449);
#159=LINE('',#4950,#450);
#160=LINE('',#4951,#451);
#161=LINE('',#4953,#452);
#162=LINE('',#4954,#453);
#163=LINE('',#4956,#454);
#164=LINE('',#4958,#455);
#165=LINE('',#4959,#456);
#166=LINE('',#4962,#457);
#167=LINE('',#4963,#458);
#168=LINE('',#4965,#459);
#169=LINE('',#4967,#460);
#170=LINE('',#4968,#461);
#171=LINE('',#4970,#462);
#172=LINE('',#4972,#463);
#173=LINE('',#4973,#464);
#174=LINE('',#4975,#465);
#175=LINE('',#4977,#466);
#176=LINE('',#4978,#467);
#177=LINE('',#4980,#468);
#178=LINE('',#4982,#469);
#179=LINE('',#4983,#470);
#180=LINE('',#4985,#471);
#181=LINE('',#4987,#472);
#182=LINE('',#4996,#473);
#183=LINE('',#5003,#474);
#184=LINE('',#5023,#475);
#185=LINE('',#5029,#476);
#186=LINE('',#5049,#477);
#187=LINE('',#5052,#478);
#188=LINE('',#5054,#479);
#189=LINE('',#5055,#480);
#190=LINE('',#5061,#481);
#191=LINE('',#5081,#482);
#192=LINE('',#5084,#483);
#193=LINE('',#5086,#484);
#194=LINE('',#5087,#485);
#195=LINE('',#5093,#486);
#196=LINE('',#5113,#487);
#197=LINE('',#5116,#488);
#198=LINE('',#5118,#489);
#199=LINE('',#5119,#490);
#200=LINE('',#5125,#491);
#201=LINE('',#5145,#492);
#202=LINE('',#5148,#493);
#203=LINE('',#5150,#494);
#204=LINE('',#5151,#495);
#205=LINE('',#5157,#496);
#206=LINE('',#5177,#497);
#207=LINE('',#5180,#498);
#208=LINE('',#5182,#499);
#209=LINE('',#5183,#500);
#210=LINE('',#5189,#501);
#211=LINE('',#5209,#502);
#212=LINE('',#5212,#503);
#213=LINE('',#5214,#504);
#214=LINE('',#5215,#505);
#215=LINE('',#5221,#506);
#216=LINE('',#5241,#507);
#217=LINE('',#5244,#508);
#218=LINE('',#5246,#509);
#219=LINE('',#5247,#510);
#220=LINE('',#5253,#511);
#221=LINE('',#5273,#512);
#222=LINE('',#5276,#513);
#223=LINE('',#5278,#514);
#224=LINE('',#5279,#515);
#225=LINE('',#5282,#516);
#226=LINE('',#5284,#517);
#227=LINE('',#5285,#518);
#228=LINE('',#5291,#519);
#229=LINE('',#5311,#520);
#230=LINE('',#5314,#521);
#231=LINE('',#5316,#522);
#232=LINE('',#5317,#523);
#233=LINE('',#5323,#524);
#234=LINE('',#5343,#525);
#235=LINE('',#5346,#526);
#236=LINE('',#5348,#527);
#237=LINE('',#5349,#528);
#238=LINE('',#5355,#529);
#239=LINE('',#5375,#530);
#240=LINE('',#5378,#531);
#241=LINE('',#5380,#532);
#242=LINE('',#5381,#533);
#243=LINE('',#5387,#534);
#244=LINE('',#5407,#535);
#245=LINE('',#5410,#536);
#246=LINE('',#5412,#537);
#247=LINE('',#5413,#538);
#248=LINE('',#5419,#539);
#249=LINE('',#5439,#540);
#250=LINE('',#5442,#541);
#251=LINE('',#5444,#542);
#252=LINE('',#5445,#543);
#253=LINE('',#5451,#544);
#254=LINE('',#5471,#545);
#255=LINE('',#5474,#546);
#256=LINE('',#5476,#547);
#257=LINE('',#5477,#548);
#258=LINE('',#5483,#549);
#259=LINE('',#5503,#550);
#260=LINE('',#5506,#551);
#261=LINE('',#5508,#552);
#262=LINE('',#5509,#553);
#263=LINE('',#5514,#554);
#264=LINE('',#5521,#555);
#265=LINE('',#5528,#556);
#266=LINE('',#5539,#557);
#267=LINE('',#5550,#558);
#268=LINE('',#5561,#559);
#269=LINE('',#5572,#560);
#270=LINE('',#5583,#561);
#271=LINE('',#5594,#562);
#272=LINE('',#5605,#563);
#273=LINE('',#5616,#564);
#274=LINE('',#5627,#565);
#275=LINE('',#5638,#566);
#276=LINE('',#5649,#567);
#277=LINE('',#5660,#568);
#278=LINE('',#5671,#569);
#279=LINE('',#5682,#570);
#280=LINE('',#5693,#571);
#281=LINE('',#5701,#572);
#282=LINE('',#5704,#573);
#283=LINE('',#5707,#574);
#284=LINE('',#5708,#575);
#285=LINE('',#5711,#576);
#286=LINE('',#5713,#577);
#287=LINE('',#5714,#578);
#288=LINE('',#5716,#579);
#289=LINE('',#5719,#580);
#290=LINE('',#5722,#581);
#291=LINE('',#5724,#582);
#292=LINE('',#5727,#583);
#293=LINE('',#5728,#584);
#294=LINE('',#5731,#585);
#295=LINE('',#5733,#586);
#296=LINE('',#5734,#587);
#297=LINE('',#5736,#588);
#298=LINE('',#5739,#589);
#299=LINE('',#5742,#590);
#300=LINE('',#5744,#591);
#301=LINE('',#5747,#592);
#302=LINE('',#5748,#593);
#303=LINE('',#5751,#594);
#304=LINE('',#5753,#595);
#305=LINE('',#5754,#596);
#306=LINE('',#5756,#597);
#307=LINE('',#5758,#598);
#308=LINE('',#5761,#599);
#309=LINE('',#5764,#600);
#310=LINE('',#5767,#601);
#311=LINE('',#5769,#602);
#312=LINE('',#5770,#603);
#313=LINE('',#5773,#604);
#314=LINE('',#5774,#605);
#315=LINE('',#5776,#606);
#316=LINE('',#5778,#607);
#317=LINE('',#5781,#608);
#318=LINE('',#5784,#609);
#319=LINE('',#5787,#610);
#320=LINE('',#5789,#611);
#321=LINE('',#5790,#612);
#322=LINE('',#5793,#613);
#323=LINE('',#5794,#614);
#324=LINE('',#5796,#615);
#325=LINE('',#5798,#616);
#326=LINE('',#5801,#617);
#327=LINE('',#5804,#618);
#328=LINE('',#5807,#619);
#329=LINE('',#5809,#620);
#330=LINE('',#5810,#621);
#331=LINE('',#5813,#622);
#332=LINE('',#5814,#623);
#333=LINE('',#5816,#624);
#334=LINE('',#5818,#625);
#335=LINE('',#5821,#626);
#336=LINE('',#5824,#627);
#337=LINE('',#5827,#628);
#338=LINE('',#5829,#629);
#339=LINE('',#5830,#630);
#340=LINE('',#5833,#631);
#341=LINE('',#5834,#632);
#342=LINE('',#5836,#633);
#343=LINE('',#5838,#634);
#344=LINE('',#5841,#635);
#345=LINE('',#5843,#636);
#346=LINE('',#5844,#637);
#347=LINE('',#5847,#638);
#348=LINE('',#5850,#639);
#349=LINE('',#5852,#640);
#350=LINE('',#5855,#641);
#351=LINE('',#5856,#642);
#352=LINE('',#5858,#643);
#353=LINE('',#5870,#644);
#354=LINE('',#5885,#645);
#355=LINE('',#5890,#646);
#356=LINE('',#5892,#647);
#357=LINE('',#5894,#648);
#358=LINE('',#5895,#649);
#359=LINE('',#5899,#650);
#360=LINE('',#5901,#651);
#361=LINE('',#5903,#652);
#362=LINE('',#5904,#653);
#363=LINE('',#5908,#654);
#364=LINE('',#5910,#655);
#365=LINE('',#5912,#656);
#366=LINE('',#5913,#657);
#367=LINE('',#5917,#658);
#368=LINE('',#5919,#659);
#369=LINE('',#5921,#660);
#370=LINE('',#5922,#661);
#371=LINE('',#5939,#662);
#372=LINE('',#5942,#663);
#373=LINE('',#5943,#664);
#374=LINE('',#5948,#665);
#375=LINE('',#5949,#666);
#376=LINE('',#5954,#667);
#377=LINE('',#5955,#668);
#378=LINE('',#5960,#669);
#379=LINE('',#5961,#670);
#380=LINE('',#5968,#671);
#381=LINE('',#5969,#672);
#382=LINE('',#5974,#673);
#383=LINE('',#5975,#674);
#384=LINE('',#5980,#675);
#385=LINE('',#5981,#676);
#386=LINE('',#5986,#677);
#387=LINE('',#5987,#678);
#388=LINE('',#5991,#679);
#389=LINE('',#5993,#680);
#390=LINE('',#5995,#681);
#391=LINE('',#5997,#682);
#392=LINE('',#5999,#683);
#393=LINE('',#6001,#684);
#394=LINE('',#6003,#685);
#395=LINE('',#6005,#686);
#396=LINE('',#6040,#687);
#397=VECTOR('',#3725,2.);
#398=VECTOR('',#3728,1.);
#399=VECTOR('',#3735,2.45);
#400=VECTOR('',#3742,2.35);
#401=VECTOR('',#3759,10.);
#402=VECTOR('',#3760,10.);
#403=VECTOR('',#3761,10.);
#404=VECTOR('',#3762,10.);
#405=VECTOR('',#3765,10.);
#406=VECTOR('',#3766,10.);
#407=VECTOR('',#3767,10.);
#408=VECTOR('',#3768,10.);
#409=VECTOR('',#3771,10.);
#410=VECTOR('',#3772,10.);
#411=VECTOR('',#3773,10.);
#412=VECTOR('',#3774,10.);
#413=VECTOR('',#3777,10.);
#414=VECTOR('',#3778,10.);
#415=VECTOR('',#3779,10.);
#416=VECTOR('',#3780,10.);
#417=VECTOR('',#3811,3.25);
#418=VECTOR('',#3818,4.575);
#419=VECTOR('',#3845,4.8);
#420=VECTOR('',#3864,10.);
#421=VECTOR('',#3865,10.);
#422=VECTOR('',#3868,10.);
#423=VECTOR('',#3875,4.72928932188134);
#424=VECTOR('',#3878,4.13175);
#425=VECTOR('',#3881,10.);
#426=VECTOR('',#3882,10.);
#427=VECTOR('',#3883,10.);
#428=VECTOR('',#3886,10.);
#429=VECTOR('',#3887,10.);
#430=VECTOR('',#3890,10.);
#431=VECTOR('',#3891,10.);
#432=VECTOR('',#3892,10.);
#433=VECTOR('',#3893,10.);
#434=VECTOR('',#3894,10.);
#435=VECTOR('',#3895,10.);
#436=VECTOR('',#3896,10.);
#437=VECTOR('',#3897,10.);
#438=VECTOR('',#3898,10.);
#439=VECTOR('',#3899,10.);
#440=VECTOR('',#3900,10.);
#441=VECTOR('',#3901,10.);
#442=VECTOR('',#3902,10.);
#443=VECTOR('',#3903,10.);
#444=VECTOR('',#3904,10.);
#445=VECTOR('',#3905,10.);
#446=VECTOR('',#3906,10.);
#447=VECTOR('',#3907,10.);
#448=VECTOR('',#3908,10.);
#449=VECTOR('',#3909,10.);
#450=VECTOR('',#3910,10.);
#451=VECTOR('',#3911,10.);
#452=VECTOR('',#3914,10.);
#453=VECTOR('',#3915,10.);
#454=VECTOR('',#3918,10.);
#455=VECTOR('',#3921,10.);
#456=VECTOR('',#3922,10.);
#457=VECTOR('',#3927,10.);
#458=VECTOR('',#3928,10.);
#459=VECTOR('',#3931,10.);
#460=VECTOR('',#3934,10.);
#461=VECTOR('',#3935,10.);
#462=VECTOR('',#3938,10.);
#463=VECTOR('',#3941,10.);
#464=VECTOR('',#3942,10.);
#465=VECTOR('',#3945,10.);
#466=VECTOR('',#3948,10.);
#467=VECTOR('',#3949,10.);
#468=VECTOR('',#3952,10.);
#469=VECTOR('',#3955,10.);
#470=VECTOR('',#3956,10.);
#471=VECTOR('',#3959,10.);
#472=VECTOR('',#3962,10.);
#473=VECTOR('',#3979,10.);
#474=VECTOR('',#3986,0.62);
#475=VECTOR('',#3987,0.62);
#476=VECTOR('',#3992,0.62);
#477=VECTOR('',#3993,0.62);
#478=VECTOR('',#3996,10.);
#479=VECTOR('',#3997,10.);
#480=VECTOR('',#3998,10.);
#481=VECTOR('',#4003,0.62);
#482=VECTOR('',#4004,0.62);
#483=VECTOR('',#4007,10.);
#484=VECTOR('',#4008,10.);
#485=VECTOR('',#4009,10.);
#486=VECTOR('',#4014,0.62);
#487=VECTOR('',#4015,0.62);
#488=VECTOR('',#4018,10.);
#489=VECTOR('',#4019,10.);
#490=VECTOR('',#4020,10.);
#491=VECTOR('',#4025,0.62);
#492=VECTOR('',#4026,0.62);
#493=VECTOR('',#4029,10.);
#494=VECTOR('',#4030,10.);
#495=VECTOR('',#4031,10.);
#496=VECTOR('',#4036,0.62);
#497=VECTOR('',#4037,0.62);
#498=VECTOR('',#4040,10.);
#499=VECTOR('',#4041,10.);
#500=VECTOR('',#4042,10.);
#501=VECTOR('',#4047,0.62);
#502=VECTOR('',#4048,0.62);
#503=VECTOR('',#4051,10.);
#504=VECTOR('',#4052,10.);
#505=VECTOR('',#4053,10.);
#506=VECTOR('',#4058,0.62);
#507=VECTOR('',#4059,0.62);
#508=VECTOR('',#4062,10.);
#509=VECTOR('',#4063,10.);
#510=VECTOR('',#4064,10.);
#511=VECTOR('',#4069,0.62);
#512=VECTOR('',#4070,0.62);
#513=VECTOR('',#4073,10.);
#514=VECTOR('',#4074,10.);
#515=VECTOR('',#4075,10.);
#516=VECTOR('',#4078,10.);
#517=VECTOR('',#4079,10.);
#518=VECTOR('',#4080,10.);
#519=VECTOR('',#4085,0.62);
#520=VECTOR('',#4086,0.62);
#521=VECTOR('',#4089,10.);
#522=VECTOR('',#4090,10.);
#523=VECTOR('',#4091,10.);
#524=VECTOR('',#4096,0.62);
#525=VECTOR('',#4097,0.62);
#526=VECTOR('',#4100,10.);
#527=VECTOR('',#4101,10.);
#528=VECTOR('',#4102,10.);
#529=VECTOR('',#4107,0.62);
#530=VECTOR('',#4108,0.62);
#531=VECTOR('',#4111,10.);
#532=VECTOR('',#4112,10.);
#533=VECTOR('',#4113,10.);
#534=VECTOR('',#4118,0.62);
#535=VECTOR('',#4119,0.62);
#536=VECTOR('',#4122,10.);
#537=VECTOR('',#4123,10.);
#538=VECTOR('',#4124,10.);
#539=VECTOR('',#4129,0.62);
#540=VECTOR('',#4130,0.62);
#541=VECTOR('',#4133,10.);
#542=VECTOR('',#4134,10.);
#543=VECTOR('',#4135,10.);
#544=VECTOR('',#4140,0.62);
#545=VECTOR('',#4141,0.62);
#546=VECTOR('',#4144,10.);
#547=VECTOR('',#4145,10.);
#548=VECTOR('',#4146,10.);
#549=VECTOR('',#4151,0.62);
#550=VECTOR('',#4152,0.62);
#551=VECTOR('',#4155,10.);
#552=VECTOR('',#4156,10.);
#553=VECTOR('',#4157,10.);
#554=VECTOR('',#4162,1.);
#555=VECTOR('',#4171,7.33992377301696);
#556=VECTOR('',#4174,10.);
#557=VECTOR('',#4177,10.);
#558=VECTOR('',#4180,10.);
#559=VECTOR('',#4183,10.);
#560=VECTOR('',#4186,10.);
#561=VECTOR('',#4189,10.);
#562=VECTOR('',#4192,10.);
#563=VECTOR('',#4195,10.);
#564=VECTOR('',#4198,10.);
#565=VECTOR('',#4201,10.);
#566=VECTOR('',#4204,10.);
#567=VECTOR('',#4207,10.);
#568=VECTOR('',#4210,10.);
#569=VECTOR('',#4213,10.);
#570=VECTOR('',#4216,10.);
#571=VECTOR('',#4219,10.);
#572=VECTOR('',#4224,10.);
#573=VECTOR('',#4227,10.);
#574=VECTOR('',#4230,10.);
#575=VECTOR('',#4231,10.);
#576=VECTOR('',#4234,10.);
#577=VECTOR('',#4235,10.);
#578=VECTOR('',#4236,10.);
#579=VECTOR('',#4239,10.);
#580=VECTOR('',#4242,10.);
#581=VECTOR('',#4245,10.);
#582=VECTOR('',#4248,10.);
#583=VECTOR('',#4251,10.);
#584=VECTOR('',#4252,10.);
#585=VECTOR('',#4255,10.);
#586=VECTOR('',#4256,10.);
#587=VECTOR('',#4257,10.);
#588=VECTOR('',#4260,10.);
#589=VECTOR('',#4263,10.);
#590=VECTOR('',#4266,10.);
#591=VECTOR('',#4269,10.);
#592=VECTOR('',#4272,10.);
#593=VECTOR('',#4273,10.);
#594=VECTOR('',#4276,10.);
#595=VECTOR('',#4277,10.);
#596=VECTOR('',#4278,10.);
#597=VECTOR('',#4281,10.);
#598=VECTOR('',#4284,10.);
#599=VECTOR('',#4287,10.);
#600=VECTOR('',#4290,10.);
#601=VECTOR('',#4293,10.);
#602=VECTOR('',#4294,10.);
#603=VECTOR('',#4295,10.);
#604=VECTOR('',#4298,10.);
#605=VECTOR('',#4299,10.);
#606=VECTOR('',#4302,10.);
#607=VECTOR('',#4305,10.);
#608=VECTOR('',#4308,10.);
#609=VECTOR('',#4311,10.);
#610=VECTOR('',#4314,10.);
#611=VECTOR('',#4315,10.);
#612=VECTOR('',#4316,10.);
#613=VECTOR('',#4319,10.);
#614=VECTOR('',#4320,10.);
#615=VECTOR('',#4323,10.);
#616=VECTOR('',#4326,10.);
#617=VECTOR('',#4329,10.);
#618=VECTOR('',#4332,10.);
#619=VECTOR('',#4335,10.);
#620=VECTOR('',#4336,10.);
#621=VECTOR('',#4337,10.);
#622=VECTOR('',#4340,10.);
#623=VECTOR('',#4341,10.);
#624=VECTOR('',#4344,10.);
#625=VECTOR('',#4347,10.);
#626=VECTOR('',#4350,10.);
#627=VECTOR('',#4353,10.);
#628=VECTOR('',#4356,10.);
#629=VECTOR('',#4357,10.);
#630=VECTOR('',#4358,10.);
#631=VECTOR('',#4361,10.);
#632=VECTOR('',#4362,10.);
#633=VECTOR('',#4365,10.);
#634=VECTOR('',#4368,10.);
#635=VECTOR('',#4371,10.);
#636=VECTOR('',#4372,10.);
#637=VECTOR('',#4373,10.);
#638=VECTOR('',#4376,10.);
#639=VECTOR('',#4379,10.);
#640=VECTOR('',#4382,10.);
#641=VECTOR('',#4385,10.);
#642=VECTOR('',#4386,10.);
#643=VECTOR('',#4389,10.);
#644=VECTOR('',#4404,4.65);
#645=VECTOR('',#4423,7.95);
#646=VECTOR('',#4428,10.);
#647=VECTOR('',#4429,10.);
#648=VECTOR('',#4430,10.);
#649=VECTOR('',#4431,10.);
#650=VECTOR('',#4434,10.);
#651=VECTOR('',#4435,10.);
#652=VECTOR('',#4436,10.);
#653=VECTOR('',#4437,10.);
#654=VECTOR('',#4440,10.);
#655=VECTOR('',#4441,10.);
#656=VECTOR('',#4442,10.);
#657=VECTOR('',#4443,10.);
#658=VECTOR('',#4446,10.);
#659=VECTOR('',#4447,10.);
#660=VECTOR('',#4448,10.);
#661=VECTOR('',#4449,10.);
#662=VECTOR('',#4480,3.35);
#663=VECTOR('',#4483,10.);
#664=VECTOR('',#4484,10.);
#665=VECTOR('',#4491,10.);
#666=VECTOR('',#4492,10.);
#667=VECTOR('',#4499,10.);
#668=VECTOR('',#4500,10.);
#669=VECTOR('',#4507,10.);
#670=VECTOR('',#4508,10.);
#671=VECTOR('',#4517,10.);
#672=VECTOR('',#4518,10.);
#673=VECTOR('',#4525,10.);
#674=VECTOR('',#4526,10.);
#675=VECTOR('',#4533,10.);
#676=VECTOR('',#4534,10.);
#677=VECTOR('',#4541,10.);
#678=VECTOR('',#4542,10.);
#679=VECTOR('',#4549,10.);
#680=VECTOR('',#4552,10.);
#681=VECTOR('',#4555,10.);
#682=VECTOR('',#4558,10.);
#683=VECTOR('',#4561,10.);
#684=VECTOR('',#4564,10.);
#685=VECTOR('',#4567,10.);
#686=VECTOR('',#4570,10.);
#687=VECTOR('',#4639,7.65);
#688=CYLINDRICAL_SURFACE('',#3399,2.);
#689=CYLINDRICAL_SURFACE('',#3401,1.);
#690=CYLINDRICAL_SURFACE('',#3407,2.35);
#691=CYLINDRICAL_SURFACE('',#3433,3.25);
#692=CYLINDRICAL_SURFACE('',#3448,4.8);
#693=CYLINDRICAL_SURFACE('',#3458,1.);
#694=CYLINDRICAL_SURFACE('',#3459,3.75);
#695=CYLINDRICAL_SURFACE('',#3489,3.75);
#696=CYLINDRICAL_SURFACE('',#3490,1.);
#697=CYLINDRICAL_SURFACE('',#3491,0.620000000000001);
#698=CYLINDRICAL_SURFACE('',#3493,0.62);
#699=CYLINDRICAL_SURFACE('',#3496,0.62);
#700=CYLINDRICAL_SURFACE('',#3499,0.62);
#701=CYLINDRICAL_SURFACE('',#3502,0.62);
#702=CYLINDRICAL_SURFACE('',#3505,0.62);
#703=CYLINDRICAL_SURFACE('',#3508,0.62);
#704=CYLINDRICAL_SURFACE('',#3511,0.62);
#705=CYLINDRICAL_SURFACE('',#3514,0.62);
#706=CYLINDRICAL_SURFACE('',#3518,0.62);
#707=CYLINDRICAL_SURFACE('',#3521,0.62);
#708=CYLINDRICAL_SURFACE('',#3524,0.62);
#709=CYLINDRICAL_SURFACE('',#3527,0.62);
#710=CYLINDRICAL_SURFACE('',#3530,0.62);
#711=CYLINDRICAL_SURFACE('',#3533,0.62);
#712=CYLINDRICAL_SURFACE('',#3536,0.62);
#713=CYLINDRICAL_SURFACE('',#3539,1.);
#714=CYLINDRICAL_SURFACE('',#3562,7.35);
#715=CYLINDRICAL_SURFACE('',#3567,7.35);
#716=CYLINDRICAL_SURFACE('',#3573,7.35);
#717=CYLINDRICAL_SURFACE('',#3580,7.35);
#718=CYLINDRICAL_SURFACE('',#3586,7.35);
#719=CYLINDRICAL_SURFACE('',#3592,7.35);
#720=CYLINDRICAL_SURFACE('',#3598,7.35);
#721=CYLINDRICAL_SURFACE('',#3605,7.35);
#722=CYLINDRICAL_SURFACE('',#3615,4.65);
#723=CYLINDRICAL_SURFACE('',#3624,7.95);
#724=CYLINDRICAL_SURFACE('',#3645,3.35);
#725=CYLINDRICAL_SURFACE('',#3647,7.35);
#726=CYLINDRICAL_SURFACE('',#3650,7.35);
#727=CYLINDRICAL_SURFACE('',#3653,7.35);
#728=CYLINDRICAL_SURFACE('',#3656,7.35);
#729=CYLINDRICAL_SURFACE('',#3660,7.35);
#730=CYLINDRICAL_SURFACE('',#3663,7.35);
#731=CYLINDRICAL_SURFACE('',#3666,7.35);
#732=CYLINDRICAL_SURFACE('',#3669,7.35);
#733=FACE_BOUND('',#931,.T.);
#734=FACE_BOUND('',#937,.T.);
#735=FACE_BOUND('',#939,.T.);
#736=FACE_BOUND('',#945,.T.);
#737=FACE_BOUND('',#966,.T.);
#738=FACE_BOUND('',#1069,.T.);
#739=FACE_BOUND('',#1073,.T.);
#740=FACE_BOUND('',#1079,.T.);
#741=FACE_OUTER_BOUND('',#930,.T.);
#742=FACE_OUTER_BOUND('',#932,.T.);
#743=FACE_OUTER_BOUND('',#933,.T.);
#744=FACE_OUTER_BOUND('',#934,.T.);
#745=FACE_OUTER_BOUND('',#935,.T.);
#746=FACE_OUTER_BOUND('',#936,.T.);
#747=FACE_OUTER_BOUND('',#938,.T.);
#748=FACE_OUTER_BOUND('',#940,.T.);
#749=FACE_OUTER_BOUND('',#941,.T.);
#750=FACE_OUTER_BOUND('',#942,.T.);
#751=FACE_OUTER_BOUND('',#943,.T.);
#752=FACE_OUTER_BOUND('',#944,.T.);
#753=FACE_OUTER_BOUND('',#946,.T.);
#754=FACE_OUTER_BOUND('',#947,.T.);
#755=FACE_OUTER_BOUND('',#948,.T.);
#756=FACE_OUTER_BOUND('',#949,.T.);
#757=FACE_OUTER_BOUND('',#950,.T.);
#758=FACE_OUTER_BOUND('',#951,.T.);
#759=FACE_OUTER_BOUND('',#952,.T.);
#760=FACE_OUTER_BOUND('',#953,.T.);
#761=FACE_OUTER_BOUND('',#954,.T.);
#762=FACE_OUTER_BOUND('',#955,.T.);
#763=FACE_OUTER_BOUND('',#956,.T.);
#764=FACE_OUTER_BOUND('',#957,.T.);
#765=FACE_OUTER_BOUND('',#958,.T.);
#766=FACE_OUTER_BOUND('',#959,.T.);
#767=FACE_OUTER_BOUND('',#960,.T.);
#768=FACE_OUTER_BOUND('',#961,.T.);
#769=FACE_OUTER_BOUND('',#962,.T.);
#770=FACE_OUTER_BOUND('',#963,.T.);
#771=FACE_OUTER_BOUND('',#964,.T.);
#772=FACE_OUTER_BOUND('',#965,.T.);
#773=FACE_OUTER_BOUND('',#967,.T.);
#774=FACE_OUTER_BOUND('',#968,.T.);
#775=FACE_OUTER_BOUND('',#969,.T.);
#776=FACE_OUTER_BOUND('',#970,.T.);
#777=FACE_OUTER_BOUND('',#971,.T.);
#778=FACE_OUTER_BOUND('',#972,.T.);
#779=FACE_OUTER_BOUND('',#973,.T.);
#780=FACE_OUTER_BOUND('',#974,.T.);
#781=FACE_OUTER_BOUND('',#975,.T.);
#782=FACE_OUTER_BOUND('',#976,.T.);
#783=FACE_OUTER_BOUND('',#977,.T.);
#784=FACE_OUTER_BOUND('',#978,.T.);
#785=FACE_OUTER_BOUND('',#979,.T.);
#786=FACE_OUTER_BOUND('',#980,.T.);
#787=FACE_OUTER_BOUND('',#981,.T.);
#788=FACE_OUTER_BOUND('',#982,.T.);
#789=FACE_OUTER_BOUND('',#983,.T.);
#790=FACE_OUTER_BOUND('',#984,.T.);
#791=FACE_OUTER_BOUND('',#985,.T.);
#792=FACE_OUTER_BOUND('',#986,.T.);
#793=FACE_OUTER_BOUND('',#987,.T.);
#794=FACE_OUTER_BOUND('',#988,.T.);
#795=FACE_OUTER_BOUND('',#989,.T.);
#796=FACE_OUTER_BOUND('',#990,.T.);
#797=FACE_OUTER_BOUND('',#991,.T.);
#798=FACE_OUTER_BOUND('',#992,.T.);
#799=FACE_OUTER_BOUND('',#993,.T.);
#800=FACE_OUTER_BOUND('',#994,.T.);
#801=FACE_OUTER_BOUND('',#995,.T.);
#802=FACE_OUTER_BOUND('',#996,.T.);
#803=FACE_OUTER_BOUND('',#997,.T.);
#804=FACE_OUTER_BOUND('',#998,.T.);
#805=FACE_OUTER_BOUND('',#999,.T.);
#806=FACE_OUTER_BOUND('',#1000,.T.);
#807=FACE_OUTER_BOUND('',#1001,.T.);
#808=FACE_OUTER_BOUND('',#1002,.T.);
#809=FACE_OUTER_BOUND('',#1003,.T.);
#810=FACE_OUTER_BOUND('',#1004,.T.);
#811=FACE_OUTER_BOUND('',#1005,.T.);
#812=FACE_OUTER_BOUND('',#1006,.T.);
#813=FACE_OUTER_BOUND('',#1007,.T.);
#814=FACE_OUTER_BOUND('',#1008,.T.);
#815=FACE_OUTER_BOUND('',#1009,.T.);
#816=FACE_OUTER_BOUND('',#1010,.T.);
#817=FACE_OUTER_BOUND('',#1011,.T.);
#818=FACE_OUTER_BOUND('',#1012,.T.);
#819=FACE_OUTER_BOUND('',#1013,.T.);
#820=FACE_OUTER_BOUND('',#1014,.T.);
#821=FACE_OUTER_BOUND('',#1015,.T.);
#822=FACE_OUTER_BOUND('',#1016,.T.);
#823=FACE_OUTER_BOUND('',#1017,.T.);
#824=FACE_OUTER_BOUND('',#1018,.T.);
#825=FACE_OUTER_BOUND('',#1019,.T.);
#826=FACE_OUTER_BOUND('',#1020,.T.);
#827=FACE_OUTER_BOUND('',#1021,.T.);
#828=FACE_OUTER_BOUND('',#1022,.T.);
#829=FACE_OUTER_BOUND('',#1023,.T.);
#830=FACE_OUTER_BOUND('',#1024,.T.);
#831=FACE_OUTER_BOUND('',#1025,.T.);
#832=FACE_OUTER_BOUND('',#1026,.T.);
#833=FACE_OUTER_BOUND('',#1027,.T.);
#834=FACE_OUTER_BOUND('',#1028,.T.);
#835=FACE_OUTER_BOUND('',#1029,.T.);
#836=FACE_OUTER_BOUND('',#1030,.T.);
#837=FACE_OUTER_BOUND('',#1031,.T.);
#838=FACE_OUTER_BOUND('',#1032,.T.);
#839=FACE_OUTER_BOUND('',#1033,.T.);
#840=FACE_OUTER_BOUND('',#1034,.T.);
#841=FACE_OUTER_BOUND('',#1035,.T.);
#842=FACE_OUTER_BOUND('',#1036,.T.);
#843=FACE_OUTER_BOUND('',#1037,.T.);
#844=FACE_OUTER_BOUND('',#1038,.T.);
#845=FACE_OUTER_BOUND('',#1039,.T.);
#846=FACE_OUTER_BOUND('',#1040,.T.);
#847=FACE_OUTER_BOUND('',#1041,.T.);
#848=FACE_OUTER_BOUND('',#1042,.T.);
#849=FACE_OUTER_BOUND('',#1043,.T.);
#850=FACE_OUTER_BOUND('',#1044,.T.);
#851=FACE_OUTER_BOUND('',#1045,.T.);
#852=FACE_OUTER_BOUND('',#1046,.T.);
#853=FACE_OUTER_BOUND('',#1047,.T.);
#854=FACE_OUTER_BOUND('',#1048,.T.);
#855=FACE_OUTER_BOUND('',#1049,.T.);
#856=FACE_OUTER_BOUND('',#1050,.T.);
#857=FACE_OUTER_BOUND('',#1051,.T.);
#858=FACE_OUTER_BOUND('',#1052,.T.);
#859=FACE_OUTER_BOUND('',#1053,.T.);
#860=FACE_OUTER_BOUND('',#1054,.T.);
#861=FACE_OUTER_BOUND('',#1055,.T.);
#862=FACE_OUTER_BOUND('',#1056,.T.);
#863=FACE_OUTER_BOUND('',#1057,.T.);
#864=FACE_OUTER_BOUND('',#1058,.T.);
#865=FACE_OUTER_BOUND('',#1059,.T.);
#866=FACE_OUTER_BOUND('',#1060,.T.);
#867=FACE_OUTER_BOUND('',#1061,.T.);
#868=FACE_OUTER_BOUND('',#1062,.T.);
#869=FACE_OUTER_BOUND('',#1063,.T.);
#870=FACE_OUTER_BOUND('',#1064,.T.);
#871=FACE_OUTER_BOUND('',#1065,.T.);
#872=FACE_OUTER_BOUND('',#1066,.T.);
#873=FACE_OUTER_BOUND('',#1067,.T.);
#874=FACE_OUTER_BOUND('',#1068,.T.);
#875=FACE_OUTER_BOUND('',#1070,.T.);
#876=FACE_OUTER_BOUND('',#1071,.T.);
#877=FACE_OUTER_BOUND('',#1072,.T.);
#878=FACE_OUTER_BOUND('',#1074,.T.);
#879=FACE_OUTER_BOUND('',#1075,.T.);
#880=FACE_OUTER_BOUND('',#1076,.T.);
#881=FACE_OUTER_BOUND('',#1077,.T.);
#882=FACE_OUTER_BOUND('',#1078,.T.);
#883=FACE_OUTER_BOUND('',#1080,.T.);
#884=FACE_OUTER_BOUND('',#1081,.T.);
#885=FACE_OUTER_BOUND('',#1082,.T.);
#886=FACE_OUTER_BOUND('',#1083,.T.);
#887=FACE_OUTER_BOUND('',#1084,.T.);
#888=FACE_OUTER_BOUND('',#1085,.T.);
#889=FACE_OUTER_BOUND('',#1086,.T.);
#890=FACE_OUTER_BOUND('',#1087,.T.);
#891=FACE_OUTER_BOUND('',#1088,.T.);
#892=FACE_OUTER_BOUND('',#1089,.T.);
#893=FACE_OUTER_BOUND('',#1090,.T.);
#894=FACE_OUTER_BOUND('',#1091,.T.);
#895=FACE_OUTER_BOUND('',#1092,.T.);
#896=FACE_OUTER_BOUND('',#1093,.T.);
#897=FACE_OUTER_BOUND('',#1094,.T.);
#898=FACE_OUTER_BOUND('',#1095,.T.);
#899=FACE_OUTER_BOUND('',#1096,.T.);
#900=FACE_OUTER_BOUND('',#1097,.T.);
#901=FACE_OUTER_BOUND('',#1098,.T.);
#902=FACE_OUTER_BOUND('',#1099,.T.);
#903=FACE_OUTER_BOUND('',#1100,.T.);
#904=FACE_OUTER_BOUND('',#1101,.T.);
#905=FACE_OUTER_BOUND('',#1102,.T.);
#906=FACE_OUTER_BOUND('',#1103,.T.);
#907=FACE_OUTER_BOUND('',#1104,.T.);
#908=FACE_OUTER_BOUND('',#1105,.T.);
#909=FACE_OUTER_BOUND('',#1106,.T.);
#910=FACE_OUTER_BOUND('',#1107,.T.);
#911=FACE_OUTER_BOUND('',#1108,.T.);
#912=FACE_OUTER_BOUND('',#1109,.T.);
#913=FACE_OUTER_BOUND('',#1110,.T.);
#914=FACE_OUTER_BOUND('',#1111,.T.);
#915=FACE_OUTER_BOUND('',#1112,.T.);
#916=FACE_OUTER_BOUND('',#1113,.T.);
#917=FACE_OUTER_BOUND('',#1114,.T.);
#918=FACE_OUTER_BOUND('',#1115,.T.);
#919=FACE_OUTER_BOUND('',#1116,.T.);
#920=FACE_OUTER_BOUND('',#1117,.T.);
#921=FACE_OUTER_BOUND('',#1118,.T.);
#922=FACE_OUTER_BOUND('',#1119,.T.);
#923=FACE_OUTER_BOUND('',#1120,.T.);
#924=FACE_OUTER_BOUND('',#1121,.T.);
#925=FACE_OUTER_BOUND('',#1122,.T.);
#926=FACE_OUTER_BOUND('',#1123,.T.);
#927=FACE_OUTER_BOUND('',#1124,.T.);
#928=FACE_OUTER_BOUND('',#1125,.T.);
#929=FACE_OUTER_BOUND('',#1126,.T.);
#930=EDGE_LOOP('',(#2068));
#931=EDGE_LOOP('',(#2069));
#932=EDGE_LOOP('',(#2070,#2071,#2072,#2073));
#933=EDGE_LOOP('',(#2074,#2075,#2076,#2077));
#934=EDGE_LOOP('',(#2078,#2079,#2080,#2081,#2082));
#935=EDGE_LOOP('',(#2083,#2084,#2085,#2086,#2087));
#936=EDGE_LOOP('',(#2088,#2089,#2090,#2091));
#937=EDGE_LOOP('',(#2092));
#938=EDGE_LOOP('',(#2093));
#939=EDGE_LOOP('',(#2094));
#940=EDGE_LOOP('',(#2095,#2096,#2097,#2098));
#941=EDGE_LOOP('',(#2099,#2100,#2101,#2102));
#942=EDGE_LOOP('',(#2103,#2104,#2105,#2106));
#943=EDGE_LOOP('',(#2107,#2108,#2109,#2110));
#944=EDGE_LOOP('',(#2111,#2112,#2113,#2114,#2115,#2116,#2117,#2118));
#945=EDGE_LOOP('',(#2119));
#946=EDGE_LOOP('',(#2120,#2121,#2122));
#947=EDGE_LOOP('',(#2123,#2124));
#948=EDGE_LOOP('',(#2125,#2126));
#949=EDGE_LOOP('',(#2127,#2128));
#950=EDGE_LOOP('',(#2129,#2130,#2131,#2132,#2133,#2134,#2135,#2136,#2137,
#2138,#2139,#2140,#2141,#2142,#2143,#2144,#2145,#2146,#2147,#2148));
#951=EDGE_LOOP('',(#2149,#2150,#2151,#2152,#2153,#2154));
#952=EDGE_LOOP('',(#2155,#2156,#2157,#2158,#2159));
#953=EDGE_LOOP('',(#2160,#2161,#2162,#2163));
#954=EDGE_LOOP('',(#2164,#2165,#2166,#2167));
#955=EDGE_LOOP('',(#2168,#2169,#2170,#2171));
#956=EDGE_LOOP('',(#2172,#2173,#2174,#2175));
#957=EDGE_LOOP('',(#2176,#2177,#2178,#2179));
#958=EDGE_LOOP('',(#2180,#2181,#2182,#2183));
#959=EDGE_LOOP('',(#2184,#2185,#2186,#2187,#2188));
#960=EDGE_LOOP('',(#2189,#2190,#2191,#2192));
#961=EDGE_LOOP('',(#2193,#2194,#2195,#2196,#2197));
#962=EDGE_LOOP('',(#2198,#2199,#2200,#2201,#2202,#2203,#2204,#2205,#2206,
#2207,#2208,#2209,#2210,#2211,#2212,#2213,#2214,#2215,#2216,#2217,#2218,
#2219,#2220,#2221,#2222,#2223,#2224,#2225,#2226));
#963=EDGE_LOOP('',(#2227,#2228,#2229,#2230));
#964=EDGE_LOOP('',(#2231,#2232,#2233,#2234));
#965=EDGE_LOOP('',(#2235,#2236,#2237,#2238,#2239,#2240,#2241,#2242,#2243,
#2244,#2245,#2246,#2247,#2248,#2249,#2250,#2251,#2252,#2253,#2254,#2255,
#2256,#2257,#2258));
#966=EDGE_LOOP('',(#2259));
#967=EDGE_LOOP('',(#2260,#2261,#2262,#2263,#2264));
#968=EDGE_LOOP('',(#2265,#2266,#2267,#2268));
#969=EDGE_LOOP('',(#2269,#2270,#2271,#2272));
#970=EDGE_LOOP('',(#2273,#2274,#2275,#2276));
#971=EDGE_LOOP('',(#2277,#2278,#2279,#2280));
#972=EDGE_LOOP('',(#2281,#2282,#2283,#2284));
#973=EDGE_LOOP('',(#2285,#2286,#2287,#2288));
#974=EDGE_LOOP('',(#2289,#2290,#2291,#2292));
#975=EDGE_LOOP('',(#2293,#2294,#2295,#2296));
#976=EDGE_LOOP('',(#2297,#2298,#2299,#2300));
#977=EDGE_LOOP('',(#2301,#2302,#2303,#2304));
#978=EDGE_LOOP('',(#2305,#2306,#2307,#2308));
#979=EDGE_LOOP('',(#2309,#2310,#2311,#2312));
#980=EDGE_LOOP('',(#2313,#2314,#2315,#2316));
#981=EDGE_LOOP('',(#2317,#2318,#2319,#2320));
#982=EDGE_LOOP('',(#2321,#2322,#2323,#2324));
#983=EDGE_LOOP('',(#2325,#2326,#2327,#2328));
#984=EDGE_LOOP('',(#2329,#2330,#2331,#2332));
#985=EDGE_LOOP('',(#2333,#2334,#2335,#2336));
#986=EDGE_LOOP('',(#2337,#2338,#2339,#2340));
#987=EDGE_LOOP('',(#2341,#2342,#2343,#2344));
#988=EDGE_LOOP('',(#2345,#2346,#2347,#2348));
#989=EDGE_LOOP('',(#2349,#2350,#2351,#2352));
#990=EDGE_LOOP('',(#2353,#2354,#2355,#2356,#2357));
#991=EDGE_LOOP('',(#2358,#2359,#2360,#2361));
#992=EDGE_LOOP('',(#2362,#2363,#2364,#2365));
#993=EDGE_LOOP('',(#2366,#2367,#2368,#2369));
#994=EDGE_LOOP('',(#2370,#2371,#2372,#2373));
#995=EDGE_LOOP('',(#2374,#2375,#2376,#2377));
#996=EDGE_LOOP('',(#2378,#2379,#2380,#2381));
#997=EDGE_LOOP('',(#2382,#2383,#2384,#2385));
#998=EDGE_LOOP('',(#2386,#2387,#2388,#2389));
#999=EDGE_LOOP('',(#2390,#2391,#2392,#2393));
#1000=EDGE_LOOP('',(#2394,#2395,#2396,#2397));
#1001=EDGE_LOOP('',(#2398,#2399,#2400,#2401));
#1002=EDGE_LOOP('',(#2402,#2403,#2404,#2405));
#1003=EDGE_LOOP('',(#2406,#2407,#2408,#2409));
#1004=EDGE_LOOP('',(#2410,#2411,#2412,#2413));
#1005=EDGE_LOOP('',(#2414,#2415,#2416,#2417));
#1006=EDGE_LOOP('',(#2418,#2419,#2420,#2421));
#1007=EDGE_LOOP('',(#2422,#2423,#2424,#2425));
#1008=EDGE_LOOP('',(#2426,#2427,#2428,#2429));
#1009=EDGE_LOOP('',(#2430,#2431,#2432,#2433));
#1010=EDGE_LOOP('',(#2434,#2435,#2436,#2437));
#1011=EDGE_LOOP('',(#2438,#2439,#2440,#2441));
#1012=EDGE_LOOP('',(#2442,#2443,#2444,#2445));
#1013=EDGE_LOOP('',(#2446,#2447,#2448,#2449));
#1014=EDGE_LOOP('',(#2450,#2451,#2452,#2453));
#1015=EDGE_LOOP('',(#2454,#2455,#2456,#2457));
#1016=EDGE_LOOP('',(#2458,#2459,#2460,#2461));
#1017=EDGE_LOOP('',(#2462,#2463,#2464,#2465));
#1018=EDGE_LOOP('',(#2466,#2467,#2468,#2469));
#1019=EDGE_LOOP('',(#2470,#2471,#2472,#2473));
#1020=EDGE_LOOP('',(#2474,#2475,#2476,#2477));
#1021=EDGE_LOOP('',(#2478,#2479,#2480,#2481));
#1022=EDGE_LOOP('',(#2482,#2483,#2484,#2485));
#1023=EDGE_LOOP('',(#2486,#2487,#2488,#2489));
#1024=EDGE_LOOP('',(#2490));
#1025=EDGE_LOOP('',(#2491,#2492,#2493,#2494,#2495,#2496,#2497,#2498,#2499,
#2500,#2501,#2502,#2503,#2504,#2505,#2506,#2507,#2508,#2509,#2510,#2511,
#2512,#2513,#2514,#2515,#2516,#2517,#2518,#2519,#2520,#2521,#2522,#2523,
#2524,#2525,#2526,#2527,#2528,#2529,#2530,#2531,#2532,#2533,#2534,#2535,
#2536,#2537,#2538,#2539,#2540,#2541,#2542,#2543,#2544,#2545,#2546,#2547,
#2548,#2549,#2550,#2551,#2552,#2553,#2554,#2555,#2556,#2557,#2558,#2559,
#2560,#2561,#2562,#2563,#2564,#2565,#2566,#2567,#2568,#2569,#2570,#2571,
#2572,#2573,#2574,#2575,#2576,#2577,#2578,#2579,#2580,#2581,#2582,#2583,
#2584,#2585,#2586,#2587,#2588,#2589,#2590));
#1026=EDGE_LOOP('',(#2591,#2592,#2593,#2594));
#1027=EDGE_LOOP('',(#2595,#2596,#2597,#2598));
#1028=EDGE_LOOP('',(#2599,#2600,#2601,#2602));
#1029=EDGE_LOOP('',(#2603,#2604,#2605,#2606));
#1030=EDGE_LOOP('',(#2607,#2608,#2609,#2610));
#1031=EDGE_LOOP('',(#2611,#2612,#2613,#2614));
#1032=EDGE_LOOP('',(#2615,#2616,#2617,#2618));
#1033=EDGE_LOOP('',(#2619,#2620,#2621,#2622));
#1034=EDGE_LOOP('',(#2623,#2624,#2625,#2626));
#1035=EDGE_LOOP('',(#2627,#2628,#2629,#2630));
#1036=EDGE_LOOP('',(#2631,#2632,#2633,#2634));
#1037=EDGE_LOOP('',(#2635,#2636,#2637,#2638));
#1038=EDGE_LOOP('',(#2639,#2640,#2641,#2642));
#1039=EDGE_LOOP('',(#2643,#2644,#2645,#2646));
#1040=EDGE_LOOP('',(#2647,#2648,#2649,#2650));
#1041=EDGE_LOOP('',(#2651,#2652,#2653,#2654));
#1042=EDGE_LOOP('',(#2655,#2656,#2657,#2658));
#1043=EDGE_LOOP('',(#2659,#2660,#2661,#2662));
#1044=EDGE_LOOP('',(#2663,#2664,#2665,#2666));
#1045=EDGE_LOOP('',(#2667,#2668,#2669,#2670));
#1046=EDGE_LOOP('',(#2671,#2672,#2673,#2674));
#1047=EDGE_LOOP('',(#2675,#2676,#2677,#2678));
#1048=EDGE_LOOP('',(#2679,#2680,#2681,#2682));
#1049=EDGE_LOOP('',(#2683,#2684,#2685,#2686));
#1050=EDGE_LOOP('',(#2687,#2688,#2689,#2690));
#1051=EDGE_LOOP('',(#2691,#2692,#2693,#2694));
#1052=EDGE_LOOP('',(#2695,#2696,#2697,#2698));
#1053=EDGE_LOOP('',(#2699,#2700,#2701,#2702));
#1054=EDGE_LOOP('',(#2703,#2704,#2705,#2706));
#1055=EDGE_LOOP('',(#2707,#2708,#2709,#2710));
#1056=EDGE_LOOP('',(#2711,#2712,#2713,#2714));
#1057=EDGE_LOOP('',(#2715,#2716,#2717,#2718));
#1058=EDGE_LOOP('',(#2719,#2720,#2721,#2722));
#1059=EDGE_LOOP('',(#2723,#2724,#2725,#2726));
#1060=EDGE_LOOP('',(#2727,#2728,#2729,#2730));
#1061=EDGE_LOOP('',(#2731,#2732,#2733,#2734));
#1062=EDGE_LOOP('',(#2735,#2736,#2737,#2738));
#1063=EDGE_LOOP('',(#2739,#2740,#2741,#2742));
#1064=EDGE_LOOP('',(#2743,#2744,#2745,#2746));
#1065=EDGE_LOOP('',(#2747,#2748,#2749,#2750));
#1066=EDGE_LOOP('',(#2751,#2752,#2753,#2754,#2755));
#1067=EDGE_LOOP('',(#2756,#2757,#2758,#2759,#2760));
#1068=EDGE_LOOP('',(#2761));
#1069=EDGE_LOOP('',(#2762));
#1070=EDGE_LOOP('',(#2763,#2764,#2765,#2766,#2767));
#1071=EDGE_LOOP('',(#2768,#2769,#2770,#2771,#2772));
#1072=EDGE_LOOP('',(#2773));
#1073=EDGE_LOOP('',(#2774));
#1074=EDGE_LOOP('',(#2775,#2776,#2777,#2778));
#1075=EDGE_LOOP('',(#2779,#2780,#2781,#2782));
#1076=EDGE_LOOP('',(#2783,#2784,#2785,#2786));
#1077=EDGE_LOOP('',(#2787,#2788,#2789,#2790));
#1078=EDGE_LOOP('',(#2791,#2792,#2793,#2794,#2795,#2796,#2797,#2798));
#1079=EDGE_LOOP('',(#2799));
#1080=EDGE_LOOP('',(#2800,#2801));
#1081=EDGE_LOOP('',(#2802,#2803));
#1082=EDGE_LOOP('',(#2804,#2805));
#1083=EDGE_LOOP('',(#2806,#2807,#2808));
#1084=EDGE_LOOP('',(#2809,#2810,#2811,#2812,#2813,#2814,#2815,#2816,#2817,
#2818,#2819,#2820,#2821,#2822,#2823,#2824,#2825,#2826,#2827,#2828));
#1085=EDGE_LOOP('',(#2829,#2830,#2831,#2832));
#1086=EDGE_LOOP('',(#2833,#2834,#2835,#2836));
#1087=EDGE_LOOP('',(#2837,#2838,#2839,#2840));
#1088=EDGE_LOOP('',(#2841,#2842,#2843,#2844));
#1089=EDGE_LOOP('',(#2845,#2846,#2847,#2848));
#1090=EDGE_LOOP('',(#2849,#2850,#2851,#2852));
#1091=EDGE_LOOP('',(#2853,#2854,#2855,#2856));
#1092=EDGE_LOOP('',(#2857,#2858,#2859,#2860,#2861,#2862));
#1093=EDGE_LOOP('',(#2863,#2864,#2865,#2866));
#1094=EDGE_LOOP('',(#2867,#2868,#2869,#2870));
#1095=EDGE_LOOP('',(#2871,#2872,#2873,#2874));
#1096=EDGE_LOOP('',(#2875,#2876,#2877,#2878));
#1097=EDGE_LOOP('',(#2879,#2880,#2881,#2882));
#1098=EDGE_LOOP('',(#2883,#2884,#2885,#2886));
#1099=EDGE_LOOP('',(#2887,#2888,#2889,#2890));
#1100=EDGE_LOOP('',(#2891,#2892,#2893,#2894));
#1101=EDGE_LOOP('',(#2895,#2896,#2897,#2898));
#1102=EDGE_LOOP('',(#2899,#2900,#2901,#2902));
#1103=EDGE_LOOP('',(#2903,#2904,#2905,#2906));
#1104=EDGE_LOOP('',(#2907,#2908,#2909,#2910));
#1105=EDGE_LOOP('',(#2911,#2912,#2913,#2914));
#1106=EDGE_LOOP('',(#2915,#2916,#2917,#2918));
#1107=EDGE_LOOP('',(#2919,#2920,#2921,#2922));
#1108=EDGE_LOOP('',(#2923,#2924,#2925,#2926));
#1109=EDGE_LOOP('',(#2927));
#1110=EDGE_LOOP('',(#2928,#2929,#2930,#2931,#2932,#2933));
#1111=EDGE_LOOP('',(#2934,#2935,#2936,#2937,#2938,#2939));
#1112=EDGE_LOOP('',(#2940,#2941,#2942,#2943,#2944,#2945));
#1113=EDGE_LOOP('',(#2946,#2947,#2948,#2949,#2950,#2951));
#1114=EDGE_LOOP('',(#2952,#2953,#2954,#2955,#2956,#2957));
#1115=EDGE_LOOP('',(#2958,#2959,#2960,#2961,#2962,#2963));
#1116=EDGE_LOOP('',(#2964,#2965,#2966,#2967,#2968,#2969));
#1117=EDGE_LOOP('',(#2970,#2971,#2972,#2973,#2974,#2975));
#1118=EDGE_LOOP('',(#2976,#2977,#2978,#2979,#2980,#2981));
#1119=EDGE_LOOP('',(#2982,#2983,#2984,#2985,#2986,#2987));
#1120=EDGE_LOOP('',(#2988,#2989,#2990,#2991,#2992,#2993));
#1121=EDGE_LOOP('',(#2994,#2995,#2996,#2997,#2998,#2999));
#1122=EDGE_LOOP('',(#3000,#3001,#3002,#3003,#3004,#3005));
#1123=EDGE_LOOP('',(#3006,#3007,#3008,#3009,#3010,#3011));
#1124=EDGE_LOOP('',(#3012,#3013,#3014,#3015,#3016,#3017));
#1125=EDGE_LOOP('',(#3018,#3019,#3020,#3021,#3022,#3023));
#1126=EDGE_LOOP('',(#3024,#3025,#3026,#3027,#3028,#3029,#3030,#3031,#3032,
#3033,#3034,#3035,#3036,#3037,#3038,#3039,#3040,#3041,#3042,#3043,#3044,
#3045,#3046,#3047,#3048,#3049,#3050,#3051,#3052,#3053,#3054,#3055,#3056,
#3057,#3058,#3059));
#1127=CIRCLE('',#3397,2.);
#1128=CIRCLE('',#3398,1.);
#1129=CIRCLE('',#3400,2.);
#1130=CIRCLE('',#3402,1.);
#1131=CIRCLE('',#3404,2.55);
#1132=CIRCLE('',#3405,2.35);
#1133=CIRCLE('',#3406,2.35);
#1134=CIRCLE('',#3408,2.35);
#1135=CIRCLE('',#3410,3.55);
#1136=CIRCLE('',#3411,0.8);
#1137=CIRCLE('',#3412,3.55);
#1138=CIRCLE('',#3413,0.8);
#1139=CIRCLE('',#3420,3.25);
#1140=CIRCLE('',#3421,3.25);
#1141=CIRCLE('',#3422,3.25);
#1142=CIRCLE('',#3423,3.25);
#1143=CIRCLE('',#3425,3.25);
#1144=CIRCLE('',#3426,3.25);
#1145=CIRCLE('',#3428,3.25);
#1146=CIRCLE('',#3430,3.25);
#1147=CIRCLE('',#3432,3.25);
#1148=CIRCLE('',#3434,3.25);
#1149=CIRCLE('',#3436,4.8);
#1150=CIRCLE('',#3437,4.35);
#1151=CIRCLE('',#3438,4.35);
#1152=CIRCLE('',#3439,4.35);
#1153=CIRCLE('',#3441,1.);
#1154=CIRCLE('',#3442,3.75);
#1155=CIRCLE('',#3443,1.);
#1156=CIRCLE('',#3445,1.);
#1157=CIRCLE('',#3446,3.75);
#1158=CIRCLE('',#3447,1.);
#1159=CIRCLE('',#3449,4.8);
#1160=CIRCLE('',#3451,3.75);
#1161=CIRCLE('',#3453,1.);
#1162=CIRCLE('',#3455,3.75);
#1163=CIRCLE('',#3457,1.);
#1164=CIRCLE('',#3461,4.65857864376269);
#1165=CIRCLE('',#3462,4.65857864376269);
#1166=CIRCLE('',#3492,0.620000000000001);
#1167=CIRCLE('',#3494,0.62);
#1168=CIRCLE('',#3497,0.62);
#1169=CIRCLE('',#3500,0.62);
#1170=CIRCLE('',#3503,0.62);
#1171=CIRCLE('',#3506,0.62);
#1172=CIRCLE('',#3509,0.62);
#1173=CIRCLE('',#3512,0.62);
#1174=CIRCLE('',#3515,0.62);
#1175=CIRCLE('',#3519,0.62);
#1176=CIRCLE('',#3522,0.62);
#1177=CIRCLE('',#3525,0.62);
#1178=CIRCLE('',#3528,0.62);
#1179=CIRCLE('',#3531,0.62);
#1180=CIRCLE('',#3534,0.62);
#1181=CIRCLE('',#3537,0.62);
#1182=CIRCLE('',#3540,1.);
#1183=CIRCLE('',#3541,1.);
#1184=CIRCLE('',#3544,5.4);
#1185=CIRCLE('',#3545,7.35);
#1186=CIRCLE('',#3546,7.35);
#1187=CIRCLE('',#3547,7.35);
#1188=CIRCLE('',#3548,7.35);
#1189=CIRCLE('',#3549,7.35);
#1190=CIRCLE('',#3550,7.35);
#1191=CIRCLE('',#3551,7.35);
#1192=CIRCLE('',#3552,7.35);
#1193=CIRCLE('',#3553,7.35);
#1194=CIRCLE('',#3554,7.35);
#1195=CIRCLE('',#3555,7.35);
#1196=CIRCLE('',#3556,7.35);
#1197=CIRCLE('',#3557,7.35);
#1198=CIRCLE('',#3558,7.35);
#1199=CIRCLE('',#3559,7.35);
#1200=CIRCLE('',#3560,7.35);
#1201=CIRCLE('',#3561,7.35);
#1202=CIRCLE('',#3563,7.35);
#1203=CIRCLE('',#3568,7.35);
#1204=CIRCLE('',#3574,7.35);
#1205=CIRCLE('',#3581,7.35);
#1206=CIRCLE('',#3587,7.35);
#1207=CIRCLE('',#3593,7.35);
#1208=CIRCLE('',#3599,7.35);
#1209=CIRCLE('',#3606,7.35);
#1210=CIRCLE('',#3611,4.65);
#1211=CIRCLE('',#3612,0.25);
#1212=CIRCLE('',#3613,4.4);
#1213=CIRCLE('',#3614,4.65);
#1214=CIRCLE('',#3616,4.65);
#1215=CIRCLE('',#3618,3.35);
#1216=CIRCLE('',#3620,7.95);
#1217=CIRCLE('',#3621,0.25);
#1218=CIRCLE('',#3622,7.7);
#1219=CIRCLE('',#3623,7.95);
#1220=CIRCLE('',#3625,7.95);
#1221=CIRCLE('',#3632,3.35);
#1222=CIRCLE('',#3633,3.34999999999998);
#1223=CIRCLE('',#3634,3.35);
#1224=CIRCLE('',#3635,3.35000000000002);
#1225=CIRCLE('',#3637,3.35);
#1226=CIRCLE('',#3639,3.35);
#1227=CIRCLE('',#3641,3.35);
#1228=CIRCLE('',#3643,3.35);
#1229=CIRCLE('',#3644,3.35);
#1230=CIRCLE('',#3648,7.35);
#1231=CIRCLE('',#3651,7.35);
#1232=CIRCLE('',#3654,7.35);
#1233=CIRCLE('',#3657,7.35);
#1234=CIRCLE('',#3658,7.35);
#1235=CIRCLE('',#3661,7.35);
#1236=CIRCLE('',#3664,7.35);
#1237=CIRCLE('',#3667,7.35);
#1238=CIRCLE('',#3670,7.35);
#1239=CIRCLE('',#3681,7.35);
#1240=CIRCLE('',#3683,7.35);
#1241=CIRCLE('',#3685,7.35);
#1242=CIRCLE('',#3687,7.35);
#1243=CIRCLE('',#3689,7.35);
#1244=CIRCLE('',#3691,7.35);
#1245=CIRCLE('',#3693,7.35);
#1246=CIRCLE('',#3695,7.35);
#1247=CIRCLE('',#3697,7.35);
#1248=CIRCLE('',#3699,7.35);
#1249=CIRCLE('',#3701,7.35);
#1250=CIRCLE('',#3703,7.35);
#1251=CIRCLE('',#3705,7.35);
#1252=CIRCLE('',#3707,7.35);
#1253=CIRCLE('',#3709,7.35);
#1254=CIRCLE('',#3711,7.35);
#1255=VERTEX_POINT('',#4642);
#1256=VERTEX_POINT('',#4644);
#1257=VERTEX_POINT('',#4647);
#1258=VERTEX_POINT('',#4651);
#1259=VERTEX_POINT('',#4655);
#1260=VERTEX_POINT('',#4657);
#1261=VERTEX_POINT('',#4659);
#1262=VERTEX_POINT('',#4663);
#1263=VERTEX_POINT('',#4667);
#1264=VERTEX_POINT('',#4668);
#1265=VERTEX_POINT('',#4670);
#1266=VERTEX_POINT('',#4672);
#1267=VERTEX_POINT('',#4677);
#1268=VERTEX_POINT('',#4678);
#1269=VERTEX_POINT('',#4680);
#1270=VERTEX_POINT('',#4682);
#1271=VERTEX_POINT('',#4686);
#1272=VERTEX_POINT('',#4687);
#1273=VERTEX_POINT('',#4689);
#1274=VERTEX_POINT('',#4691);
#1275=VERTEX_POINT('',#4695);
#1276=VERTEX_POINT('',#4696);
#1277=VERTEX_POINT('',#4698);
#1278=VERTEX_POINT('',#4700);
#1279=VERTEX_POINT('',#4704);
#1280=VERTEX_POINT('',#4705);
#1281=VERTEX_POINT('',#4707);
#1282=VERTEX_POINT('',#4709);
#1283=VERTEX_POINT('',#4718);
#1284=VERTEX_POINT('',#4728);
#1285=VERTEX_POINT('',#4732);
#1286=VERTEX_POINT('',#4734);
#1287=VERTEX_POINT('',#4736);
#1288=VERTEX_POINT('',#4738);
#1289=VERTEX_POINT('',#4742);
#1290=VERTEX_POINT('',#4744);
#1291=VERTEX_POINT('',#4748);
#1292=VERTEX_POINT('',#4750);
#1293=VERTEX_POINT('',#4754);
#1294=VERTEX_POINT('',#4758);
#1295=VERTEX_POINT('',#4759);
#1296=VERTEX_POINT('',#4770);
#1297=VERTEX_POINT('',#4777);
#1298=VERTEX_POINT('',#4791);
#1299=VERTEX_POINT('',#4792);
#1300=VERTEX_POINT('',#4797);
#1301=VERTEX_POINT('',#4798);
#1302=VERTEX_POINT('',#4802);
#1303=VERTEX_POINT('',#4806);
#1304=VERTEX_POINT('',#4810);
#1305=VERTEX_POINT('',#4814);
#1306=VERTEX_POINT('',#4818);
#1307=VERTEX_POINT('',#4822);
#1308=VERTEX_POINT('',#4826);
#1309=VERTEX_POINT('',#4830);
#1310=VERTEX_POINT('',#4834);
#1311=VERTEX_POINT('',#4838);
#1312=VERTEX_POINT('',#4842);
#1313=VERTEX_POINT('',#4846);
#1314=VERTEX_POINT('',#4850);
#1315=VERTEX_POINT('',#4854);
#1316=VERTEX_POINT('',#4858);
#1317=VERTEX_POINT('',#4862);
#1318=VERTEX_POINT('',#4866);
#1319=VERTEX_POINT('',#4871);
#1320=VERTEX_POINT('',#4875);
#1321=VERTEX_POINT('',#4879);
#1322=VERTEX_POINT('',#4883);
#1323=VERTEX_POINT('',#4887);
#1324=VERTEX_POINT('',#4891);
#1325=VERTEX_POINT('',#4899);
#1326=VERTEX_POINT('',#4900);
#1327=VERTEX_POINT('',#4905);
#1328=VERTEX_POINT('',#4909);
#1329=VERTEX_POINT('',#4911);
#1330=VERTEX_POINT('',#4913);
#1331=VERTEX_POINT('',#4915);
#1332=VERTEX_POINT('',#4917);
#1333=VERTEX_POINT('',#4919);
#1334=VERTEX_POINT('',#4921);
#1335=VERTEX_POINT('',#4923);
#1336=VERTEX_POINT('',#4925);
#1337=VERTEX_POINT('',#4927);
#1338=VERTEX_POINT('',#4929);
#1339=VERTEX_POINT('',#4931);
#1340=VERTEX_POINT('',#4933);
#1341=VERTEX_POINT('',#4935);
#1342=VERTEX_POINT('',#4937);
#1343=VERTEX_POINT('',#4939);
#1344=VERTEX_POINT('',#4941);
#1345=VERTEX_POINT('',#4943);
#1346=VERTEX_POINT('',#4945);
#1347=VERTEX_POINT('',#4947);
#1348=VERTEX_POINT('',#4949);
#1349=VERTEX_POINT('',#4999);
#1350=VERTEX_POINT('',#5000);
#1351=VERTEX_POINT('',#5002);
#1352=VERTEX_POINT('',#5004);
#1353=VERTEX_POINT('',#5025);
#1354=VERTEX_POINT('',#5026);
#1355=VERTEX_POINT('',#5028);
#1356=VERTEX_POINT('',#5030);
#1357=VERTEX_POINT('',#5051);
#1358=VERTEX_POINT('',#5053);
#1359=VERTEX_POINT('',#5057);
#1360=VERTEX_POINT('',#5058);
#1361=VERTEX_POINT('',#5060);
#1362=VERTEX_POINT('',#5062);
#1363=VERTEX_POINT('',#5083);
#1364=VERTEX_POINT('',#5085);
#1365=VERTEX_POINT('',#5089);
#1366=VERTEX_POINT('',#5090);
#1367=VERTEX_POINT('',#5092);
#1368=VERTEX_POINT('',#5094);
#1369=VERTEX_POINT('',#5115);
#1370=VERTEX_POINT('',#5117);
#1371=VERTEX_POINT('',#5121);
#1372=VERTEX_POINT('',#5122);
#1373=VERTEX_POINT('',#5124);
#1374=VERTEX_POINT('',#5126);
#1375=VERTEX_POINT('',#5147);
#1376=VERTEX_POINT('',#5149);
#1377=VERTEX_POINT('',#5153);
#1378=VERTEX_POINT('',#5154);
#1379=VERTEX_POINT('',#5156);
#1380=VERTEX_POINT('',#5158);
#1381=VERTEX_POINT('',#5179);
#1382=VERTEX_POINT('',#5181);
#1383=VERTEX_POINT('',#5185);
#1384=VERTEX_POINT('',#5186);
#1385=VERTEX_POINT('',#5188);
#1386=VERTEX_POINT('',#5190);
#1387=VERTEX_POINT('',#5211);
#1388=VERTEX_POINT('',#5213);
#1389=VERTEX_POINT('',#5217);
#1390=VERTEX_POINT('',#5218);
#1391=VERTEX_POINT('',#5220);
#1392=VERTEX_POINT('',#5222);
#1393=VERTEX_POINT('',#5243);
#1394=VERTEX_POINT('',#5245);
#1395=VERTEX_POINT('',#5249);
#1396=VERTEX_POINT('',#5250);
#1397=VERTEX_POINT('',#5252);
#1398=VERTEX_POINT('',#5254);
#1399=VERTEX_POINT('',#5275);
#1400=VERTEX_POINT('',#5277);
#1401=VERTEX_POINT('',#5281);
#1402=VERTEX_POINT('',#5283);
#1403=VERTEX_POINT('',#5287);
#1404=VERTEX_POINT('',#5288);
#1405=VERTEX_POINT('',#5290);
#1406=VERTEX_POINT('',#5292);
#1407=VERTEX_POINT('',#5313);
#1408=VERTEX_POINT('',#5315);
#1409=VERTEX_POINT('',#5319);
#1410=VERTEX_POINT('',#5320);
#1411=VERTEX_POINT('',#5322);
#1412=VERTEX_POINT('',#5324);
#1413=VERTEX_POINT('',#5345);
#1414=VERTEX_POINT('',#5347);
#1415=VERTEX_POINT('',#5351);
#1416=VERTEX_POINT('',#5352);
#1417=VERTEX_POINT('',#5354);
#1418=VERTEX_POINT('',#5356);
#1419=VERTEX_POINT('',#5377);
#1420=VERTEX_POINT('',#5379);
#1421=VERTEX_POINT('',#5383);
#1422=VERTEX_POINT('',#5384);
#1423=VERTEX_POINT('',#5386);
#1424=VERTEX_POINT('',#5388);
#1425=VERTEX_POINT('',#5409);
#1426=VERTEX_POINT('',#5411);
#1427=VERTEX_POINT('',#5415);
#1428=VERTEX_POINT('',#5416);
#1429=VERTEX_POINT('',#5418);
#1430=VERTEX_POINT('',#5420);
#1431=VERTEX_POINT('',#5441);
#1432=VERTEX_POINT('',#5443);
#1433=VERTEX_POINT('',#5447);
#1434=VERTEX_POINT('',#5448);
#1435=VERTEX_POINT('',#5450);
#1436=VERTEX_POINT('',#5452);
#1437=VERTEX_POINT('',#5473);
#1438=VERTEX_POINT('',#5475);
#1439=VERTEX_POINT('',#5479);
#1440=VERTEX_POINT('',#5480);
#1441=VERTEX_POINT('',#5482);
#1442=VERTEX_POINT('',#5484);
#1443=VERTEX_POINT('',#5505);
#1444=VERTEX_POINT('',#5507);
#1445=VERTEX_POINT('',#5511);
#1446=VERTEX_POINT('',#5513);
#1447=VERTEX_POINT('',#5518);
#1448=VERTEX_POINT('',#5520);
#1449=VERTEX_POINT('',#5522);
#1450=VERTEX_POINT('',#5527);
#1451=VERTEX_POINT('',#5529);
#1452=VERTEX_POINT('',#5533);
#1453=VERTEX_POINT('',#5538);
#1454=VERTEX_POINT('',#5540);
#1455=VERTEX_POINT('',#5544);
#1456=VERTEX_POINT('',#5549);
#1457=VERTEX_POINT('',#5551);
#1458=VERTEX_POINT('',#5555);
#1459=VERTEX_POINT('',#5560);
#1460=VERTEX_POINT('',#5562);
#1461=VERTEX_POINT('',#5566);
#1462=VERTEX_POINT('',#5571);
#1463=VERTEX_POINT('',#5573);
#1464=VERTEX_POINT('',#5577);
#1465=VERTEX_POINT('',#5582);
#1466=VERTEX_POINT('',#5584);
#1467=VERTEX_POINT('',#5588);
#1468=VERTEX_POINT('',#5593);
#1469=VERTEX_POINT('',#5595);
#1470=VERTEX_POINT('',#5599);
#1471=VERTEX_POINT('',#5604);
#1472=VERTEX_POINT('',#5606);
#1473=VERTEX_POINT('',#5610);
#1474=VERTEX_POINT('',#5615);
#1475=VERTEX_POINT('',#5617);
#1476=VERTEX_POINT('',#5621);
#1477=VERTEX_POINT('',#5626);
#1478=VERTEX_POINT('',#5628);
#1479=VERTEX_POINT('',#5632);
#1480=VERTEX_POINT('',#5637);
#1481=VERTEX_POINT('',#5639);
#1482=VERTEX_POINT('',#5643);
#1483=VERTEX_POINT('',#5648);
#1484=VERTEX_POINT('',#5650);
#1485=VERTEX_POINT('',#5654);
#1486=VERTEX_POINT('',#5659);
#1487=VERTEX_POINT('',#5661);
#1488=VERTEX_POINT('',#5665);
#1489=VERTEX_POINT('',#5670);
#1490=VERTEX_POINT('',#5672);
#1491=VERTEX_POINT('',#5676);
#1492=VERTEX_POINT('',#5681);
#1493=VERTEX_POINT('',#5683);
#1494=VERTEX_POINT('',#5687);
#1495=VERTEX_POINT('',#5692);
#1496=VERTEX_POINT('',#5694);
#1497=VERTEX_POINT('',#5700);
#1498=VERTEX_POINT('',#5702);
#1499=VERTEX_POINT('',#5706);
#1500=VERTEX_POINT('',#5710);
#1501=VERTEX_POINT('',#5712);
#1502=VERTEX_POINT('',#5718);
#1503=VERTEX_POINT('',#5720);
#1504=VERTEX_POINT('',#5726);
#1505=VERTEX_POINT('',#5730);
#1506=VERTEX_POINT('',#5732);
#1507=VERTEX_POINT('',#5738);
#1508=VERTEX_POINT('',#5740);
#1509=VERTEX_POINT('',#5746);
#1510=VERTEX_POINT('',#5750);
#1511=VERTEX_POINT('',#5752);
#1512=VERTEX_POINT('',#5760);
#1513=VERTEX_POINT('',#5762);
#1514=VERTEX_POINT('',#5766);
#1515=VERTEX_POINT('',#5768);
#1516=VERTEX_POINT('',#5772);
#1517=VERTEX_POINT('',#5780);
#1518=VERTEX_POINT('',#5782);
#1519=VERTEX_POINT('',#5786);
#1520=VERTEX_POINT('',#5788);
#1521=VERTEX_POINT('',#5792);
#1522=VERTEX_POINT('',#5800);
#1523=VERTEX_POINT('',#5802);
#1524=VERTEX_POINT('',#5806);
#1525=VERTEX_POINT('',#5808);
#1526=VERTEX_POINT('',#5812);
#1527=VERTEX_POINT('',#5820);
#1528=VERTEX_POINT('',#5822);
#1529=VERTEX_POINT('',#5826);
#1530=VERTEX_POINT('',#5828);
#1531=VERTEX_POINT('',#5832);
#1532=VERTEX_POINT('',#5840);
#1533=VERTEX_POINT('',#5842);
#1534=VERTEX_POINT('',#5846);
#1535=VERTEX_POINT('',#5848);
#1536=VERTEX_POINT('',#5854);
#1537=VERTEX_POINT('',#5860);
#1538=VERTEX_POINT('',#5861);
#1539=VERTEX_POINT('',#5863);
#1540=VERTEX_POINT('',#5868);
#1541=VERTEX_POINT('',#5872);
#1542=VERTEX_POINT('',#5875);
#1543=VERTEX_POINT('',#5876);
#1544=VERTEX_POINT('',#5878);
#1545=VERTEX_POINT('',#5883);
#1546=VERTEX_POINT('',#5888);
#1547=VERTEX_POINT('',#5889);
#1548=VERTEX_POINT('',#5891);
#1549=VERTEX_POINT('',#5893);
#1550=VERTEX_POINT('',#5897);
#1551=VERTEX_POINT('',#5898);
#1552=VERTEX_POINT('',#5900);
#1553=VERTEX_POINT('',#5902);
#1554=VERTEX_POINT('',#5906);
#1555=VERTEX_POINT('',#5907);
#1556=VERTEX_POINT('',#5909);
#1557=VERTEX_POINT('',#5911);
#1558=VERTEX_POINT('',#5915);
#1559=VERTEX_POINT('',#5916);
#1560=VERTEX_POINT('',#5918);
#1561=VERTEX_POINT('',#5920);
#1562=VERTEX_POINT('',#5935);
#1563=VERTEX_POINT('',#5941);
#1564=VERTEX_POINT('',#5947);
#1565=VERTEX_POINT('',#5953);
#1566=VERTEX_POINT('',#5959);
#1567=VERTEX_POINT('',#5963);
#1568=VERTEX_POINT('',#5967);
#1569=VERTEX_POINT('',#5973);
#1570=VERTEX_POINT('',#5979);
#1571=VERTEX_POINT('',#5985);
#1572=EDGE_CURVE('',#1255,#1255,#1127,.T.);
#1573=EDGE_CURVE('',#1256,#1256,#1128,.T.);
#1574=EDGE_CURVE('',#1257,#1257,#1129,.T.);
#1575=EDGE_CURVE('',#1257,#1255,#106,.T.);
#1576=EDGE_CURVE('',#1256,#1258,#107,.T.);
#1577=EDGE_CURVE('',#1258,#1258,#1130,.T.);
#1578=EDGE_CURVE('',#1259,#1259,#1131,.T.);
#1579=EDGE_CURVE('',#1259,#1260,#108,.T.);
#1580=EDGE_CURVE('',#1260,#1261,#1132,.T.);
#1581=EDGE_CURVE('',#1261,#1260,#1133,.T.);
#1582=EDGE_CURVE('',#1261,#1262,#109,.T.);
#1583=EDGE_CURVE('',#1262,#1262,#1134,.T.);
#1584=EDGE_CURVE('',#1263,#1264,#1135,.T.);
#1585=EDGE_CURVE('',#1265,#1263,#1136,.T.);
#1586=EDGE_CURVE('',#1266,#1265,#1137,.T.);
#1587=EDGE_CURVE('',#1264,#1266,#1138,.T.);
#1588=EDGE_CURVE('',#1267,#1268,#110,.T.);
#1589=EDGE_CURVE('',#1267,#1269,#111,.T.);
#1590=EDGE_CURVE('',#1270,#1269,#112,.T.);
#1591=EDGE_CURVE('',#1268,#1270,#113,.T.);
#1592=EDGE_CURVE('',#1271,#1272,#114,.T.);
#1593=EDGE_CURVE('',#1271,#1273,#115,.T.);
#1594=EDGE_CURVE('',#1274,#1273,#116,.T.);
#1595=EDGE_CURVE('',#1272,#1274,#117,.T.);
#1596=EDGE_CURVE('',#1275,#1276,#118,.T.);
#1597=EDGE_CURVE('',#1275,#1277,#119,.T.);
#1598=EDGE_CURVE('',#1278,#1277,#120,.T.);
#1599=EDGE_CURVE('',#1276,#1278,#121,.T.);
#1600=EDGE_CURVE('',#1279,#1280,#122,.T.);
#1601=EDGE_CURVE('',#1279,#1281,#123,.T.);
#1602=EDGE_CURVE('',#1282,#1281,#124,.T.);
#1603=EDGE_CURVE('',#1280,#1282,#125,.T.);
#1604=EDGE_CURVE('',#1269,#1282,#1139,.T.);
#1605=EDGE_CURVE('',#1281,#1278,#1140,.T.);
#1606=EDGE_CURVE('',#1277,#1274,#1141,.T.);
#1607=EDGE_CURVE('',#1273,#1270,#1142,.T.);
#1608=EDGE_CURVE('',#1280,#1283,#1143,.T.);
#1609=EDGE_CURVE('',#1283,#1279,#1144,.T.);
#1610=EDGE_CURVE('',#1268,#1267,#1145,.T.);
#1611=EDGE_CURVE('',#1272,#1271,#1146,.T.);
#1612=EDGE_CURVE('',#1276,#1275,#1147,.T.);
#1613=EDGE_CURVE('',#1283,#1284,#126,.T.);
#1614=EDGE_CURVE('',#1284,#1284,#1148,.T.);
#1615=EDGE_CURVE('',#1285,#1285,#1149,.T.);
#1616=EDGE_CURVE('',#1285,#1286,#127,.T.);
#1617=EDGE_CURVE('',#1286,#1287,#1150,.T.);
#1618=EDGE_CURVE('',#1287,#1288,#1151,.T.);
#1619=EDGE_CURVE('',#1288,#1286,#1152,.T.);
#1620=EDGE_CURVE('',#1288,#1289,#1153,.T.);
#1621=EDGE_CURVE('',#1289,#1290,#1154,.T.);
#1622=EDGE_CURVE('',#1290,#1287,#1155,.T.);
#1623=EDGE_CURVE('',#1287,#1291,#1156,.T.);
#1624=EDGE_CURVE('',#1291,#1292,#1157,.T.);
#1625=EDGE_CURVE('',#1292,#1288,#1158,.T.);
#1626=EDGE_CURVE('',#1293,#1293,#1159,.T.);
#1627=EDGE_CURVE('',#1293,#1285,#128,.T.);
#1628=EDGE_CURVE('',#1294,#1295,#1160,.T.);
#1629=EDGE_CURVE('',#1295,#1263,#76,.T.);
#1630=EDGE_CURVE('',#1264,#1294,#77,.T.);
#1631=EDGE_CURVE('',#1266,#1296,#78,.T.);
#1632=EDGE_CURVE('',#1296,#1294,#1161,.T.);
#1633=EDGE_CURVE('',#1297,#1296,#1162,.T.);
#1634=EDGE_CURVE('',#1265,#1297,#79,.T.);
#1635=EDGE_CURVE('',#1295,#1297,#1163,.T.);
#1636=EDGE_CURVE('',#1295,#1289,#129,.T.);
#1637=EDGE_CURVE('',#1297,#1292,#130,.T.);
#1638=EDGE_CURVE('',#1294,#1290,#131,.T.);
#1639=EDGE_CURVE('',#1298,#1299,#1164,.T.);
#1640=EDGE_CURVE('',#1299,#1298,#1165,.T.);
#1641=EDGE_CURVE('',#1298,#1293,#132,.T.);
#1642=EDGE_CURVE('',#1300,#1301,#19,.T.);
#1643=EDGE_CURVE('',#1302,#1300,#20,.T.);
#1644=EDGE_CURVE('',#1303,#1302,#21,.F.);
#1645=EDGE_CURVE('',#1304,#1303,#22,.T.);
#1646=EDGE_CURVE('',#1305,#1304,#23,.T.);
#1647=EDGE_CURVE('',#1306,#1305,#24,.F.);
#1648=EDGE_CURVE('',#1307,#1306,#25,.T.);
#1649=EDGE_CURVE('',#1308,#1307,#26,.T.);
#1650=EDGE_CURVE('',#1309,#1308,#27,.F.);
#1651=EDGE_CURVE('',#1310,#1309,#28,.T.);
#1652=EDGE_CURVE('',#1311,#1310,#29,.T.);
#1653=EDGE_CURVE('',#1312,#1311,#30,.F.);
#1654=EDGE_CURVE('',#1313,#1312,#31,.T.);
#1655=EDGE_CURVE('',#1314,#1313,#32,.T.);
#1656=EDGE_CURVE('',#1315,#1314,#33,.F.);
#1657=EDGE_CURVE('',#1316,#1315,#34,.T.);
#1658=EDGE_CURVE('',#1317,#1316,#35,.T.);
#1659=EDGE_CURVE('',#1318,#1317,#36,.F.);
#1660=EDGE_CURVE('',#1318,#1299,#133,.T.);
#1661=EDGE_CURVE('',#1319,#1318,#37,.F.);
#1662=EDGE_CURVE('',#1320,#1319,#38,.T.);
#1663=EDGE_CURVE('',#1321,#1320,#39,.T.);
#1664=EDGE_CURVE('',#1322,#1321,#40,.F.);
#1665=EDGE_CURVE('',#1323,#1322,#41,.T.);
#1666=EDGE_CURVE('',#1324,#1323,#42,.T.);
#1667=EDGE_CURVE('',#1301,#1324,#43,.F.);
#1668=EDGE_CURVE('',#1325,#1326,#134,.T.);
#1669=EDGE_CURVE('',#1326,#1315,#135,.T.);
#1670=EDGE_CURVE('',#1314,#1325,#136,.T.);
#1671=EDGE_CURVE('',#1327,#1326,#137,.T.);
#1672=EDGE_CURVE('',#1316,#1327,#138,.T.);
#1673=EDGE_CURVE('',#1325,#1328,#139,.T.);
#1674=EDGE_CURVE('',#1328,#1329,#140,.T.);
#1675=EDGE_CURVE('',#1330,#1329,#141,.T.);
#1676=EDGE_CURVE('',#1330,#1331,#142,.T.);
#1677=EDGE_CURVE('',#1331,#1332,#143,.T.);
#1678=EDGE_CURVE('',#1333,#1332,#144,.T.);
#1679=EDGE_CURVE('',#1333,#1334,#145,.T.);
#1680=EDGE_CURVE('',#1334,#1335,#146,.T.);
#1681=EDGE_CURVE('',#1336,#1335,#147,.T.);
#1682=EDGE_CURVE('',#1336,#1337,#148,.T.);
#1683=EDGE_CURVE('',#1337,#1338,#149,.T.);
#1684=EDGE_CURVE('',#1339,#1338,#150,.T.);
#1685=EDGE_CURVE('',#1339,#1340,#151,.T.);
#1686=EDGE_CURVE('',#1340,#1341,#152,.T.);
#1687=EDGE_CURVE('',#1342,#1341,#153,.T.);
#1688=EDGE_CURVE('',#1342,#1343,#154,.T.);
#1689=EDGE_CURVE('',#1343,#1344,#155,.T.);
#1690=EDGE_CURVE('',#1345,#1344,#156,.T.);
#1691=EDGE_CURVE('',#1345,#1346,#157,.T.);
#1692=EDGE_CURVE('',#1346,#1347,#158,.T.);
#1693=EDGE_CURVE('',#1348,#1347,#159,.T.);
#1694=EDGE_CURVE('',#1348,#1327,#160,.T.);
#1695=EDGE_CURVE('',#1347,#1319,#161,.T.);
#1696=EDGE_CURVE('',#1317,#1348,#162,.T.);
#1697=EDGE_CURVE('',#1320,#1346,#163,.T.);
#1698=EDGE_CURVE('',#1344,#1322,#164,.T.);
#1699=EDGE_CURVE('',#1321,#1345,#165,.T.);
#1700=EDGE_CURVE('',#1341,#1301,#166,.T.);
#1701=EDGE_CURVE('',#1324,#1342,#167,.T.);
#1702=EDGE_CURVE('',#1323,#1343,#168,.T.);
#1703=EDGE_CURVE('',#1338,#1303,#169,.T.);
#1704=EDGE_CURVE('',#1302,#1339,#170,.T.);
#1705=EDGE_CURVE('',#1300,#1340,#171,.T.);
#1706=EDGE_CURVE('',#1335,#1306,#172,.T.);
#1707=EDGE_CURVE('',#1305,#1336,#173,.T.);
#1708=EDGE_CURVE('',#1304,#1337,#174,.T.);
#1709=EDGE_CURVE('',#1332,#1309,#175,.T.);
#1710=EDGE_CURVE('',#1308,#1333,#176,.T.);
#1711=EDGE_CURVE('',#1307,#1334,#177,.T.);
#1712=EDGE_CURVE('',#1329,#1312,#178,.T.);
#1713=EDGE_CURVE('',#1311,#1330,#179,.T.);
#1714=EDGE_CURVE('',#1310,#1331,#180,.T.);
#1715=EDGE_CURVE('',#1313,#1328,#181,.T.);
#1716=EDGE_CURVE('',#1296,#1291,#182,.T.);
#1717=EDGE_CURVE('',#1349,#1350,#1166,.T.);
#1718=EDGE_CURVE('',#1349,#1351,#183,.T.);
#1719=EDGE_CURVE('',#1351,#1352,#80,.T.);
#1720=EDGE_CURVE('',#1352,#1350,#184,.T.);
#1721=EDGE_CURVE('',#1353,#1354,#1167,.T.);
#1722=EDGE_CURVE('',#1353,#1355,#185,.T.);
#1723=EDGE_CURVE('',#1355,#1356,#81,.T.);
#1724=EDGE_CURVE('',#1356,#1354,#186,.T.);
#1725=EDGE_CURVE('',#1356,#1357,#187,.T.);
#1726=EDGE_CURVE('',#1358,#1357,#188,.T.);
#1727=EDGE_CURVE('',#1354,#1358,#189,.T.);
#1728=EDGE_CURVE('',#1359,#1360,#1168,.T.);
#1729=EDGE_CURVE('',#1359,#1361,#190,.T.);
#1730=EDGE_CURVE('',#1361,#1362,#82,.T.);
#1731=EDGE_CURVE('',#1362,#1360,#191,.T.);
#1732=EDGE_CURVE('',#1362,#1363,#192,.T.);
#1733=EDGE_CURVE('',#1364,#1363,#193,.T.);
#1734=EDGE_CURVE('',#1360,#1364,#194,.T.);
#1735=EDGE_CURVE('',#1365,#1366,#1169,.T.);
#1736=EDGE_CURVE('',#1365,#1367,#195,.T.);
#1737=EDGE_CURVE('',#1367,#1368,#83,.T.);
#1738=EDGE_CURVE('',#1368,#1366,#196,.T.);
#1739=EDGE_CURVE('',#1368,#1369,#197,.T.);
#1740=EDGE_CURVE('',#1370,#1369,#198,.T.);
#1741=EDGE_CURVE('',#1366,#1370,#199,.T.);
#1742=EDGE_CURVE('',#1371,#1372,#1170,.T.);
#1743=EDGE_CURVE('',#1371,#1373,#200,.T.);
#1744=EDGE_CURVE('',#1373,#1374,#84,.T.);
#1745=EDGE_CURVE('',#1374,#1372,#201,.T.);
#1746=EDGE_CURVE('',#1374,#1375,#202,.T.);
#1747=EDGE_CURVE('',#1376,#1375,#203,.T.);
#1748=EDGE_CURVE('',#1372,#1376,#204,.T.);
#1749=EDGE_CURVE('',#1377,#1378,#1171,.T.);
#1750=EDGE_CURVE('',#1377,#1379,#205,.T.);
#1751=EDGE_CURVE('',#1379,#1380,#85,.T.);
#1752=EDGE_CURVE('',#1380,#1378,#206,.T.);
#1753=EDGE_CURVE('',#1380,#1381,#207,.T.);
#1754=EDGE_CURVE('',#1382,#1381,#208,.T.);
#1755=EDGE_CURVE('',#1378,#1382,#209,.T.);
#1756=EDGE_CURVE('',#1383,#1384,#1172,.T.);
#1757=EDGE_CURVE('',#1383,#1385,#210,.T.);
#1758=EDGE_CURVE('',#1385,#1386,#86,.T.);
#1759=EDGE_CURVE('',#1386,#1384,#211,.T.);
#1760=EDGE_CURVE('',#1386,#1387,#212,.T.);
#1761=EDGE_CURVE('',#1388,#1387,#213,.T.);
#1762=EDGE_CURVE('',#1384,#1388,#214,.T.);
#1763=EDGE_CURVE('',#1389,#1390,#1173,.T.);
#1764=EDGE_CURVE('',#1389,#1391,#215,.T.);
#1765=EDGE_CURVE('',#1391,#1392,#87,.T.);
#1766=EDGE_CURVE('',#1392,#1390,#216,.T.);
#1767=EDGE_CURVE('',#1392,#1393,#217,.T.);
#1768=EDGE_CURVE('',#1394,#1393,#218,.T.);
#1769=EDGE_CURVE('',#1390,#1394,#219,.T.);
#1770=EDGE_CURVE('',#1395,#1396,#1174,.T.);
#1771=EDGE_CURVE('',#1395,#1397,#220,.T.);
#1772=EDGE_CURVE('',#1397,#1398,#88,.T.);
#1773=EDGE_CURVE('',#1398,#1396,#221,.T.);
#1774=EDGE_CURVE('',#1398,#1399,#222,.T.);
#1775=EDGE_CURVE('',#1400,#1399,#223,.T.);
#1776=EDGE_CURVE('',#1396,#1400,#224,.T.);
#1777=EDGE_CURVE('',#1352,#1401,#225,.T.);
#1778=EDGE_CURVE('',#1402,#1401,#226,.T.);
#1779=EDGE_CURVE('',#1350,#1402,#227,.T.);
#1780=EDGE_CURVE('',#1403,#1404,#1175,.T.);
#1781=EDGE_CURVE('',#1403,#1405,#228,.T.);
#1782=EDGE_CURVE('',#1405,#1406,#89,.T.);
#1783=EDGE_CURVE('',#1406,#1404,#229,.T.);
#1784=EDGE_CURVE('',#1406,#1407,#230,.T.);
#1785=EDGE_CURVE('',#1408,#1407,#231,.T.);
#1786=EDGE_CURVE('',#1404,#1408,#232,.T.);
#1787=EDGE_CURVE('',#1409,#1410,#1176,.T.);
#1788=EDGE_CURVE('',#1409,#1411,#233,.T.);
#1789=EDGE_CURVE('',#1411,#1412,#90,.T.);
#1790=EDGE_CURVE('',#1412,#1410,#234,.T.);
#1791=EDGE_CURVE('',#1412,#1413,#235,.T.);
#1792=EDGE_CURVE('',#1414,#1413,#236,.T.);
#1793=EDGE_CURVE('',#1410,#1414,#237,.T.);
#1794=EDGE_CURVE('',#1415,#1416,#1177,.T.);
#1795=EDGE_CURVE('',#1415,#1417,#238,.T.);
#1796=EDGE_CURVE('',#1417,#1418,#91,.T.);
#1797=EDGE_CURVE('',#1418,#1416,#239,.T.);
#1798=EDGE_CURVE('',#1418,#1419,#240,.T.);
#1799=EDGE_CURVE('',#1420,#1419,#241,.T.);
#1800=EDGE_CURVE('',#1416,#1420,#242,.T.);
#1801=EDGE_CURVE('',#1421,#1422,#1178,.T.);
#1802=EDGE_CURVE('',#1421,#1423,#243,.T.);
#1803=EDGE_CURVE('',#1423,#1424,#92,.T.);
#1804=EDGE_CURVE('',#1424,#1422,#244,.T.);
#1805=EDGE_CURVE('',#1424,#1425,#245,.T.);
#1806=EDGE_CURVE('',#1426,#1425,#246,.T.);
#1807=EDGE_CURVE('',#1422,#1426,#247,.T.);
#1808=EDGE_CURVE('',#1427,#1428,#1179,.T.);
#1809=EDGE_CURVE('',#1427,#1429,#248,.T.);
#1810=EDGE_CURVE('',#1429,#1430,#93,.T.);
#1811=EDGE_CURVE('',#1430,#1428,#249,.T.);
#1812=EDGE_CURVE('',#1430,#1431,#250,.T.);
#1813=EDGE_CURVE('',#1432,#1431,#251,.T.);
#1814=EDGE_CURVE('',#1428,#1432,#252,.T.);
#1815=EDGE_CURVE('',#1433,#1434,#1180,.T.);
#1816=EDGE_CURVE('',#1433,#1435,#253,.T.);
#1817=EDGE_CURVE('',#1435,#1436,#94,.T.);
#1818=EDGE_CURVE('',#1436,#1434,#254,.T.);
#1819=EDGE_CURVE('',#1436,#1437,#255,.T.);
#1820=EDGE_CURVE('',#1438,#1437,#256,.T.);
#1821=EDGE_CURVE('',#1434,#1438,#257,.T.);
#1822=EDGE_CURVE('',#1439,#1440,#1181,.T.);
#1823=EDGE_CURVE('',#1439,#1441,#258,.T.);
#1824=EDGE_CURVE('',#1441,#1442,#95,.T.);
#1825=EDGE_CURVE('',#1442,#1440,#259,.T.);
#1826=EDGE_CURVE('',#1442,#1443,#260,.T.);
#1827=EDGE_CURVE('',#1444,#1443,#261,.T.);
#1828=EDGE_CURVE('',#1440,#1444,#262,.T.);
#1829=EDGE_CURVE('',#1445,#1445,#1182,.T.);
#1830=EDGE_CURVE('',#1445,#1446,#263,.T.);
#1831=EDGE_CURVE('',#1446,#1446,#1183,.T.);
#1832=EDGE_CURVE('',#1447,#1447,#1184,.T.);
#1833=EDGE_CURVE('',#1447,#1448,#264,.T.);
#1834=EDGE_CURVE('',#1449,#1448,#1185,.T.);
#1835=EDGE_CURVE('',#1369,#1449,#44,.T.);
#1836=EDGE_CURVE('',#1450,#1367,#265,.T.);
#1837=EDGE_CURVE('',#1451,#1450,#45,.T.);
#1838=EDGE_CURVE('',#1452,#1451,#1186,.T.);
#1839=EDGE_CURVE('',#1375,#1452,#46,.T.);
#1840=EDGE_CURVE('',#1453,#1373,#266,.T.);
#1841=EDGE_CURVE('',#1454,#1453,#47,.T.);
#1842=EDGE_CURVE('',#1455,#1454,#1187,.T.);
#1843=EDGE_CURVE('',#1381,#1455,#48,.T.);
#1844=EDGE_CURVE('',#1456,#1379,#267,.T.);
#1845=EDGE_CURVE('',#1457,#1456,#49,.T.);
#1846=EDGE_CURVE('',#1458,#1457,#1188,.T.);
#1847=EDGE_CURVE('',#1387,#1458,#50,.T.);
#1848=EDGE_CURVE('',#1459,#1385,#268,.T.);
#1849=EDGE_CURVE('',#1460,#1459,#51,.T.);
#1850=EDGE_CURVE('',#1461,#1460,#1189,.T.);
#1851=EDGE_CURVE('',#1393,#1461,#52,.T.);
#1852=EDGE_CURVE('',#1462,#1391,#269,.T.);
#1853=EDGE_CURVE('',#1463,#1462,#53,.T.);
#1854=EDGE_CURVE('',#1464,#1463,#1190,.T.);
#1855=EDGE_CURVE('',#1399,#1464,#54,.T.);
#1856=EDGE_CURVE('',#1465,#1397,#270,.T.);
#1857=EDGE_CURVE('',#1466,#1465,#55,.T.);
#1858=EDGE_CURVE('',#1467,#1466,#1191,.T.);
#1859=EDGE_CURVE('',#1401,#1467,#56,.T.);
#1860=EDGE_CURVE('',#1468,#1351,#271,.T.);
#1861=EDGE_CURVE('',#1469,#1468,#57,.T.);
#1862=EDGE_CURVE('',#1470,#1469,#1192,.T.);
#1863=EDGE_CURVE('',#1407,#1470,#58,.T.);
#1864=EDGE_CURVE('',#1471,#1405,#272,.T.);
#1865=EDGE_CURVE('',#1472,#1471,#59,.T.);
#1866=EDGE_CURVE('',#1473,#1472,#1193,.T.);
#1867=EDGE_CURVE('',#1413,#1473,#60,.T.);
#1868=EDGE_CURVE('',#1474,#1411,#273,.T.);
#1869=EDGE_CURVE('',#1475,#1474,#61,.T.);
#1870=EDGE_CURVE('',#1476,#1475,#1194,.T.);
#1871=EDGE_CURVE('',#1419,#1476,#62,.T.);
#1872=EDGE_CURVE('',#1477,#1417,#274,.T.);
#1873=EDGE_CURVE('',#1478,#1477,#63,.T.);
#1874=EDGE_CURVE('',#1479,#1478,#1195,.T.);
#1875=EDGE_CURVE('',#1425,#1479,#64,.T.);
#1876=EDGE_CURVE('',#1480,#1423,#275,.T.);
#1877=EDGE_CURVE('',#1481,#1480,#65,.T.);
#1878=EDGE_CURVE('',#1482,#1481,#1196,.T.);
#1879=EDGE_CURVE('',#1443,#1482,#66,.T.);
#1880=EDGE_CURVE('',#1483,#1441,#276,.T.);
#1881=EDGE_CURVE('',#1484,#1483,#67,.T.);
#1882=EDGE_CURVE('',#1485,#1484,#1197,.T.);
#1883=EDGE_CURVE('',#1437,#1485,#68,.T.);
#1884=EDGE_CURVE('',#1486,#1435,#277,.T.);
#1885=EDGE_CURVE('',#1487,#1486,#69,.T.);
#1886=EDGE_CURVE('',#1488,#1487,#1198,.T.);
#1887=EDGE_CURVE('',#1431,#1488,#70,.T.);
#1888=EDGE_CURVE('',#1489,#1429,#278,.T.);
#1889=EDGE_CURVE('',#1490,#1489,#71,.T.);
#1890=EDGE_CURVE('',#1491,#1490,#1199,.T.);
#1891=EDGE_CURVE('',#1357,#1491,#72,.T.);
#1892=EDGE_CURVE('',#1492,#1355,#279,.T.);
#1893=EDGE_CURVE('',#1493,#1492,#73,.T.);
#1894=EDGE_CURVE('',#1494,#1493,#1200,.T.);
#1895=EDGE_CURVE('',#1363,#1494,#74,.T.);
#1896=EDGE_CURVE('',#1495,#1361,#280,.T.);
#1897=EDGE_CURVE('',#1496,#1495,#75,.T.);
#1898=EDGE_CURVE('',#1448,#1496,#1201,.T.);
#1899=EDGE_CURVE('',#1497,#1481,#281,.T.);
#1900=EDGE_CURVE('',#1498,#1497,#1202,.T.);
#1901=EDGE_CURVE('',#1498,#1482,#282,.T.);
#1902=EDGE_CURVE('',#1499,#1480,#283,.T.);
#1903=EDGE_CURVE('',#1497,#1499,#284,.T.);
#1904=EDGE_CURVE('',#1500,#1483,#285,.T.);
#1905=EDGE_CURVE('',#1501,#1500,#286,.T.);
#1906=EDGE_CURVE('',#1501,#1484,#287,.T.);
#1907=EDGE_CURVE('',#1499,#1421,#288,.T.);
#1908=EDGE_CURVE('',#1502,#1478,#289,.T.);
#1909=EDGE_CURVE('',#1503,#1502,#1203,.T.);
#1910=EDGE_CURVE('',#1503,#1479,#290,.T.);
#1911=EDGE_CURVE('',#1500,#1439,#291,.T.);
#1912=EDGE_CURVE('',#1504,#1477,#292,.T.);
#1913=EDGE_CURVE('',#1502,#1504,#293,.T.);
#1914=EDGE_CURVE('',#1505,#1486,#294,.T.);
#1915=EDGE_CURVE('',#1506,#1505,#295,.T.);
#1916=EDGE_CURVE('',#1506,#1487,#296,.T.);
#1917=EDGE_CURVE('',#1504,#1415,#297,.T.);
#1918=EDGE_CURVE('',#1507,#1475,#298,.T.);
#1919=EDGE_CURVE('',#1508,#1507,#1204,.T.);
#1920=EDGE_CURVE('',#1508,#1476,#299,.T.);
#1921=EDGE_CURVE('',#1505,#1433,#300,.T.);
#1922=EDGE_CURVE('',#1509,#1474,#301,.T.);
#1923=EDGE_CURVE('',#1507,#1509,#302,.T.);
#1924=EDGE_CURVE('',#1510,#1489,#303,.T.);
#1925=EDGE_CURVE('',#1511,#1510,#304,.T.);
#1926=EDGE_CURVE('',#1511,#1490,#305,.T.);
#1927=EDGE_CURVE('',#1509,#1409,#306,.T.);
#1928=EDGE_CURVE('',#1510,#1427,#307,.T.);
#1929=EDGE_CURVE('',#1512,#1472,#308,.T.);
#1930=EDGE_CURVE('',#1513,#1512,#1205,.T.);
#1931=EDGE_CURVE('',#1513,#1473,#309,.T.);
#1932=EDGE_CURVE('',#1514,#1492,#310,.T.);
#1933=EDGE_CURVE('',#1515,#1514,#311,.T.);
#1934=EDGE_CURVE('',#1515,#1493,#312,.T.);
#1935=EDGE_CURVE('',#1516,#1471,#313,.T.);
#1936=EDGE_CURVE('',#1512,#1516,#314,.T.);
#1937=EDGE_CURVE('',#1514,#1353,#315,.T.);
#1938=EDGE_CURVE('',#1516,#1403,#316,.T.);
#1939=EDGE_CURVE('',#1517,#1469,#317,.T.);
#1940=EDGE_CURVE('',#1518,#1517,#1206,.T.);
#1941=EDGE_CURVE('',#1518,#1470,#318,.T.);
#1942=EDGE_CURVE('',#1519,#1495,#319,.T.);
#1943=EDGE_CURVE('',#1520,#1519,#320,.T.);
#1944=EDGE_CURVE('',#1520,#1496,#321,.T.);
#1945=EDGE_CURVE('',#1521,#1468,#322,.T.);
#1946=EDGE_CURVE('',#1517,#1521,#323,.T.);
#1947=EDGE_CURVE('',#1519,#1359,#324,.T.);
#1948=EDGE_CURVE('',#1521,#1349,#325,.T.);
#1949=EDGE_CURVE('',#1522,#1466,#326,.T.);
#1950=EDGE_CURVE('',#1523,#1522,#1207,.T.);
#1951=EDGE_CURVE('',#1523,#1467,#327,.T.);
#1952=EDGE_CURVE('',#1524,#1450,#328,.T.);
#1953=EDGE_CURVE('',#1525,#1524,#329,.T.);
#1954=EDGE_CURVE('',#1525,#1451,#330,.T.);
#1955=EDGE_CURVE('',#1526,#1465,#331,.T.);
#1956=EDGE_CURVE('',#1522,#1526,#332,.T.);
#1957=EDGE_CURVE('',#1524,#1365,#333,.T.);
#1958=EDGE_CURVE('',#1526,#1395,#334,.T.);
#1959=EDGE_CURVE('',#1527,#1463,#335,.T.);
#1960=EDGE_CURVE('',#1528,#1527,#1208,.T.);
#1961=EDGE_CURVE('',#1528,#1464,#336,.T.);
#1962=EDGE_CURVE('',#1529,#1453,#337,.T.);
#1963=EDGE_CURVE('',#1530,#1529,#338,.T.);
#1964=EDGE_CURVE('',#1530,#1454,#339,.T.);
#1965=EDGE_CURVE('',#1531,#1462,#340,.T.);
#1966=EDGE_CURVE('',#1527,#1531,#341,.T.);
#1967=EDGE_CURVE('',#1529,#1371,#342,.T.);
#1968=EDGE_CURVE('',#1531,#1389,#343,.T.);
#1969=EDGE_CURVE('',#1532,#1456,#344,.T.);
#1970=EDGE_CURVE('',#1533,#1532,#345,.T.);
#1971=EDGE_CURVE('',#1533,#1457,#346,.T.);
#1972=EDGE_CURVE('',#1534,#1460,#347,.T.);
#1973=EDGE_CURVE('',#1535,#1534,#1209,.T.);
#1974=EDGE_CURVE('',#1535,#1461,#348,.T.);
#1975=EDGE_CURVE('',#1532,#1377,#349,.T.);
#1976=EDGE_CURVE('',#1536,#1459,#350,.T.);
#1977=EDGE_CURVE('',#1534,#1536,#351,.T.);
#1978=EDGE_CURVE('',#1536,#1383,#352,.T.);
#1979=EDGE_CURVE('',#1537,#1538,#1210,.T.);
#1980=EDGE_CURVE('',#1538,#1539,#1211,.T.);
#1981=EDGE_CURVE('',#1539,#1539,#1212,.T.);
#1982=EDGE_CURVE('',#1538,#1537,#1213,.T.);
#1983=EDGE_CURVE('',#1540,#1540,#1214,.T.);
#1984=EDGE_CURVE('',#1540,#1537,#353,.T.);
#1985=EDGE_CURVE('',#1541,#1541,#1215,.T.);
#1986=EDGE_CURVE('',#1542,#1543,#1216,.T.);
#1987=EDGE_CURVE('',#1543,#1544,#1217,.T.);
#1988=EDGE_CURVE('',#1544,#1544,#1218,.T.);
#1989=EDGE_CURVE('',#1543,#1542,#1219,.T.);
#1990=EDGE_CURVE('',#1545,#1545,#1220,.T.);
#1991=EDGE_CURVE('',#1545,#1542,#354,.T.);
#1992=EDGE_CURVE('',#1546,#1547,#355,.T.);
#1993=EDGE_CURVE('',#1546,#1548,#356,.T.);
#1994=EDGE_CURVE('',#1548,#1549,#357,.T.);
#1995=EDGE_CURVE('',#1547,#1549,#358,.T.);
#1996=EDGE_CURVE('',#1550,#1551,#359,.T.);
#1997=EDGE_CURVE('',#1550,#1552,#360,.T.);
#1998=EDGE_CURVE('',#1552,#1553,#361,.T.);
#1999=EDGE_CURVE('',#1551,#1553,#362,.T.);
#2000=EDGE_CURVE('',#1554,#1555,#363,.T.);
#2001=EDGE_CURVE('',#1554,#1556,#364,.T.);
#2002=EDGE_CURVE('',#1556,#1557,#365,.T.);
#2003=EDGE_CURVE('',#1555,#1557,#366,.T.);
#2004=EDGE_CURVE('',#1558,#1559,#367,.T.);
#2005=EDGE_CURVE('',#1558,#1560,#368,.T.);
#2006=EDGE_CURVE('',#1560,#1561,#369,.T.);
#2007=EDGE_CURVE('',#1559,#1561,#370,.T.);
#2008=EDGE_CURVE('',#1549,#1560,#1221,.T.);
#2009=EDGE_CURVE('',#1553,#1548,#1222,.T.);
#2010=EDGE_CURVE('',#1557,#1552,#1223,.T.);
#2011=EDGE_CURVE('',#1561,#1556,#1224,.T.);
#2012=EDGE_CURVE('',#1550,#1551,#1225,.T.);
#2013=EDGE_CURVE('',#1546,#1547,#1226,.T.);
#2014=EDGE_CURVE('',#1558,#1559,#1227,.T.);
#2015=EDGE_CURVE('',#1562,#1555,#1228,.T.);
#2016=EDGE_CURVE('',#1554,#1562,#1229,.T.);
#2017=EDGE_CURVE('',#1541,#1562,#371,.T.);
#2018=EDGE_CURVE('',#1563,#1458,#372,.T.);
#2019=EDGE_CURVE('',#1388,#1563,#373,.T.);
#2020=EDGE_CURVE('',#1563,#1533,#1230,.T.);
#2021=EDGE_CURVE('',#1564,#1455,#374,.T.);
#2022=EDGE_CURVE('',#1382,#1564,#375,.T.);
#2023=EDGE_CURVE('',#1564,#1530,#1231,.T.);
#2024=EDGE_CURVE('',#1565,#1452,#376,.T.);
#2025=EDGE_CURVE('',#1376,#1565,#377,.T.);
#2026=EDGE_CURVE('',#1565,#1525,#1232,.T.);
#2027=EDGE_CURVE('',#1566,#1449,#378,.T.);
#2028=EDGE_CURVE('',#1370,#1566,#379,.T.);
#2029=EDGE_CURVE('',#1567,#1520,#1233,.T.);
#2030=EDGE_CURVE('',#1566,#1567,#1234,.T.);
#2031=EDGE_CURVE('',#1568,#1494,#380,.T.);
#2032=EDGE_CURVE('',#1364,#1568,#381,.T.);
#2033=EDGE_CURVE('',#1568,#1515,#1235,.T.);
#2034=EDGE_CURVE('',#1569,#1491,#382,.T.);
#2035=EDGE_CURVE('',#1358,#1569,#383,.T.);
#2036=EDGE_CURVE('',#1569,#1511,#1236,.T.);
#2037=EDGE_CURVE('',#1570,#1488,#384,.T.);
#2038=EDGE_CURVE('',#1432,#1570,#385,.T.);
#2039=EDGE_CURVE('',#1570,#1506,#1237,.T.);
#2040=EDGE_CURVE('',#1571,#1485,#386,.T.);
#2041=EDGE_CURVE('',#1438,#1571,#387,.T.);
#2042=EDGE_CURVE('',#1571,#1501,#1238,.T.);
#2043=EDGE_CURVE('',#1444,#1498,#388,.T.);
#2044=EDGE_CURVE('',#1426,#1503,#389,.T.);
#2045=EDGE_CURVE('',#1420,#1508,#390,.T.);
#2046=EDGE_CURVE('',#1414,#1513,#391,.T.);
#2047=EDGE_CURVE('',#1408,#1518,#392,.T.);
#2048=EDGE_CURVE('',#1402,#1523,#393,.T.);
#2049=EDGE_CURVE('',#1400,#1528,#394,.T.);
#2050=EDGE_CURVE('',#1394,#1535,#395,.T.);
#2051=EDGE_CURVE('',#1497,#1503,#1239,.T.);
#2052=EDGE_CURVE('',#1502,#1508,#1240,.T.);
#2053=EDGE_CURVE('',#1507,#1513,#1241,.T.);
#2054=EDGE_CURVE('',#1512,#1518,#1242,.T.);
#2055=EDGE_CURVE('',#1517,#1523,#1243,.T.);
#2056=EDGE_CURVE('',#1522,#1528,#1244,.T.);
#2057=EDGE_CURVE('',#1527,#1535,#1245,.T.);
#2058=EDGE_CURVE('',#1534,#1563,#1246,.T.);
#2059=EDGE_CURVE('',#1533,#1564,#1247,.T.);
#2060=EDGE_CURVE('',#1530,#1565,#1248,.T.);
#2061=EDGE_CURVE('',#1525,#1566,#1249,.T.);
#2062=EDGE_CURVE('',#1520,#1568,#1250,.T.);
#2063=EDGE_CURVE('',#1515,#1569,#1251,.T.);
#2064=EDGE_CURVE('',#1511,#1570,#1252,.T.);
#2065=EDGE_CURVE('',#1506,#1571,#1253,.T.);
#2066=EDGE_CURVE('',#1501,#1498,#1254,.T.);
#2067=EDGE_CURVE('',#1567,#1545,#396,.T.);
#2068=ORIENTED_EDGE('',*,*,#1572,.F.);
#2069=ORIENTED_EDGE('',*,*,#1573,.T.);
#2070=ORIENTED_EDGE('',*,*,#1574,.F.);
#2071=ORIENTED_EDGE('',*,*,#1575,.T.);
#2072=ORIENTED_EDGE('',*,*,#1572,.T.);
#2073=ORIENTED_EDGE('',*,*,#1575,.F.);
#2074=ORIENTED_EDGE('',*,*,#1573,.F.);
#2075=ORIENTED_EDGE('',*,*,#1576,.T.);
#2076=ORIENTED_EDGE('',*,*,#1577,.F.);
#2077=ORIENTED_EDGE('',*,*,#1576,.F.);
#2078=ORIENTED_EDGE('',*,*,#1578,.T.);
#2079=ORIENTED_EDGE('',*,*,#1579,.T.);
#2080=ORIENTED_EDGE('',*,*,#1580,.T.);
#2081=ORIENTED_EDGE('',*,*,#1581,.T.);
#2082=ORIENTED_EDGE('',*,*,#1579,.F.);
#2083=ORIENTED_EDGE('',*,*,#1580,.F.);
#2084=ORIENTED_EDGE('',*,*,#1581,.F.);
#2085=ORIENTED_EDGE('',*,*,#1582,.T.);
#2086=ORIENTED_EDGE('',*,*,#1583,.T.);
#2087=ORIENTED_EDGE('',*,*,#1582,.F.);
#2088=ORIENTED_EDGE('',*,*,#1584,.F.);
#2089=ORIENTED_EDGE('',*,*,#1585,.F.);
#2090=ORIENTED_EDGE('',*,*,#1586,.F.);
#2091=ORIENTED_EDGE('',*,*,#1587,.F.);
#2092=ORIENTED_EDGE('',*,*,#1578,.F.);
#2093=ORIENTED_EDGE('',*,*,#1583,.F.);
#2094=ORIENTED_EDGE('',*,*,#1574,.T.);
#2095=ORIENTED_EDGE('',*,*,#1588,.F.);
#2096=ORIENTED_EDGE('',*,*,#1589,.T.);
#2097=ORIENTED_EDGE('',*,*,#1590,.F.);
#2098=ORIENTED_EDGE('',*,*,#1591,.F.);
#2099=ORIENTED_EDGE('',*,*,#1592,.F.);
#2100=ORIENTED_EDGE('',*,*,#1593,.T.);
#2101=ORIENTED_EDGE('',*,*,#1594,.F.);
#2102=ORIENTED_EDGE('',*,*,#1595,.F.);
#2103=ORIENTED_EDGE('',*,*,#1596,.F.);
#2104=ORIENTED_EDGE('',*,*,#1597,.T.);
#2105=ORIENTED_EDGE('',*,*,#1598,.F.);
#2106=ORIENTED_EDGE('',*,*,#1599,.F.);
#2107=ORIENTED_EDGE('',*,*,#1600,.F.);
#2108=ORIENTED_EDGE('',*,*,#1601,.T.);
#2109=ORIENTED_EDGE('',*,*,#1602,.F.);
#2110=ORIENTED_EDGE('',*,*,#1603,.F.);
#2111=ORIENTED_EDGE('',*,*,#1604,.T.);
#2112=ORIENTED_EDGE('',*,*,#1602,.T.);
#2113=ORIENTED_EDGE('',*,*,#1605,.T.);
#2114=ORIENTED_EDGE('',*,*,#1598,.T.);
#2115=ORIENTED_EDGE('',*,*,#1606,.T.);
#2116=ORIENTED_EDGE('',*,*,#1594,.T.);
#2117=ORIENTED_EDGE('',*,*,#1607,.T.);
#2118=ORIENTED_EDGE('',*,*,#1590,.T.);
#2119=ORIENTED_EDGE('',*,*,#1577,.T.);
#2120=ORIENTED_EDGE('',*,*,#1600,.T.);
#2121=ORIENTED_EDGE('',*,*,#1608,.T.);
#2122=ORIENTED_EDGE('',*,*,#1609,.T.);
#2123=ORIENTED_EDGE('',*,*,#1588,.T.);
#2124=ORIENTED_EDGE('',*,*,#1610,.T.);
#2125=ORIENTED_EDGE('',*,*,#1592,.T.);
#2126=ORIENTED_EDGE('',*,*,#1611,.T.);
#2127=ORIENTED_EDGE('',*,*,#1596,.T.);
#2128=ORIENTED_EDGE('',*,*,#1612,.T.);
#2129=ORIENTED_EDGE('',*,*,#1608,.F.);
#2130=ORIENTED_EDGE('',*,*,#1603,.T.);
#2131=ORIENTED_EDGE('',*,*,#1604,.F.);
#2132=ORIENTED_EDGE('',*,*,#1589,.F.);
#2133=ORIENTED_EDGE('',*,*,#1610,.F.);
#2134=ORIENTED_EDGE('',*,*,#1591,.T.);
#2135=ORIENTED_EDGE('',*,*,#1607,.F.);
#2136=ORIENTED_EDGE('',*,*,#1593,.F.);
#2137=ORIENTED_EDGE('',*,*,#1611,.F.);
#2138=ORIENTED_EDGE('',*,*,#1595,.T.);
#2139=ORIENTED_EDGE('',*,*,#1606,.F.);
#2140=ORIENTED_EDGE('',*,*,#1597,.F.);
#2141=ORIENTED_EDGE('',*,*,#1612,.F.);
#2142=ORIENTED_EDGE('',*,*,#1599,.T.);
#2143=ORIENTED_EDGE('',*,*,#1605,.F.);
#2144=ORIENTED_EDGE('',*,*,#1601,.F.);
#2145=ORIENTED_EDGE('',*,*,#1609,.F.);
#2146=ORIENTED_EDGE('',*,*,#1613,.T.);
#2147=ORIENTED_EDGE('',*,*,#1614,.F.);
#2148=ORIENTED_EDGE('',*,*,#1613,.F.);
#2149=ORIENTED_EDGE('',*,*,#1615,.T.);
#2150=ORIENTED_EDGE('',*,*,#1616,.T.);
#2151=ORIENTED_EDGE('',*,*,#1617,.T.);
#2152=ORIENTED_EDGE('',*,*,#1618,.T.);
#2153=ORIENTED_EDGE('',*,*,#1619,.T.);
#2154=ORIENTED_EDGE('',*,*,#1616,.F.);
#2155=ORIENTED_EDGE('',*,*,#1619,.F.);
#2156=ORIENTED_EDGE('',*,*,#1620,.T.);
#2157=ORIENTED_EDGE('',*,*,#1621,.T.);
#2158=ORIENTED_EDGE('',*,*,#1622,.T.);
#2159=ORIENTED_EDGE('',*,*,#1617,.F.);
#2160=ORIENTED_EDGE('',*,*,#1618,.F.);
#2161=ORIENTED_EDGE('',*,*,#1623,.T.);
#2162=ORIENTED_EDGE('',*,*,#1624,.T.);
#2163=ORIENTED_EDGE('',*,*,#1625,.T.);
#2164=ORIENTED_EDGE('',*,*,#1626,.F.);
#2165=ORIENTED_EDGE('',*,*,#1627,.T.);
#2166=ORIENTED_EDGE('',*,*,#1615,.F.);
#2167=ORIENTED_EDGE('',*,*,#1627,.F.);
#2168=ORIENTED_EDGE('',*,*,#1628,.T.);
#2169=ORIENTED_EDGE('',*,*,#1629,.T.);
#2170=ORIENTED_EDGE('',*,*,#1584,.T.);
#2171=ORIENTED_EDGE('',*,*,#1630,.T.);
#2172=ORIENTED_EDGE('',*,*,#1587,.T.);
#2173=ORIENTED_EDGE('',*,*,#1631,.T.);
#2174=ORIENTED_EDGE('',*,*,#1632,.T.);
#2175=ORIENTED_EDGE('',*,*,#1630,.F.);
#2176=ORIENTED_EDGE('',*,*,#1633,.T.);
#2177=ORIENTED_EDGE('',*,*,#1631,.F.);
#2178=ORIENTED_EDGE('',*,*,#1586,.T.);
#2179=ORIENTED_EDGE('',*,*,#1634,.T.);
#2180=ORIENTED_EDGE('',*,*,#1635,.T.);
#2181=ORIENTED_EDGE('',*,*,#1634,.F.);
#2182=ORIENTED_EDGE('',*,*,#1585,.T.);
#2183=ORIENTED_EDGE('',*,*,#1629,.F.);
#2184=ORIENTED_EDGE('',*,*,#1635,.F.);
#2185=ORIENTED_EDGE('',*,*,#1636,.T.);
#2186=ORIENTED_EDGE('',*,*,#1620,.F.);
#2187=ORIENTED_EDGE('',*,*,#1625,.F.);
#2188=ORIENTED_EDGE('',*,*,#1637,.F.);
#2189=ORIENTED_EDGE('',*,*,#1628,.F.);
#2190=ORIENTED_EDGE('',*,*,#1638,.T.);
#2191=ORIENTED_EDGE('',*,*,#1621,.F.);
#2192=ORIENTED_EDGE('',*,*,#1636,.F.);
#2193=ORIENTED_EDGE('',*,*,#1639,.T.);
#2194=ORIENTED_EDGE('',*,*,#1640,.T.);
#2195=ORIENTED_EDGE('',*,*,#1641,.T.);
#2196=ORIENTED_EDGE('',*,*,#1626,.T.);
#2197=ORIENTED_EDGE('',*,*,#1641,.F.);
#2198=ORIENTED_EDGE('',*,*,#1642,.F.);
#2199=ORIENTED_EDGE('',*,*,#1643,.F.);
#2200=ORIENTED_EDGE('',*,*,#1644,.F.);
#2201=ORIENTED_EDGE('',*,*,#1645,.F.);
#2202=ORIENTED_EDGE('',*,*,#1646,.F.);
#2203=ORIENTED_EDGE('',*,*,#1647,.F.);
#2204=ORIENTED_EDGE('',*,*,#1648,.F.);
#2205=ORIENTED_EDGE('',*,*,#1649,.F.);
#2206=ORIENTED_EDGE('',*,*,#1650,.F.);
#2207=ORIENTED_EDGE('',*,*,#1651,.F.);
#2208=ORIENTED_EDGE('',*,*,#1652,.F.);
#2209=ORIENTED_EDGE('',*,*,#1653,.F.);
#2210=ORIENTED_EDGE('',*,*,#1654,.F.);
#2211=ORIENTED_EDGE('',*,*,#1655,.F.);
#2212=ORIENTED_EDGE('',*,*,#1656,.F.);
#2213=ORIENTED_EDGE('',*,*,#1657,.F.);
#2214=ORIENTED_EDGE('',*,*,#1658,.F.);
#2215=ORIENTED_EDGE('',*,*,#1659,.F.);
#2216=ORIENTED_EDGE('',*,*,#1660,.T.);
#2217=ORIENTED_EDGE('',*,*,#1639,.F.);
#2218=ORIENTED_EDGE('',*,*,#1640,.F.);
#2219=ORIENTED_EDGE('',*,*,#1660,.F.);
#2220=ORIENTED_EDGE('',*,*,#1661,.F.);
#2221=ORIENTED_EDGE('',*,*,#1662,.F.);
#2222=ORIENTED_EDGE('',*,*,#1663,.F.);
#2223=ORIENTED_EDGE('',*,*,#1664,.F.);
#2224=ORIENTED_EDGE('',*,*,#1665,.F.);
#2225=ORIENTED_EDGE('',*,*,#1666,.F.);
#2226=ORIENTED_EDGE('',*,*,#1667,.F.);
#2227=ORIENTED_EDGE('',*,*,#1668,.T.);
#2228=ORIENTED_EDGE('',*,*,#1669,.T.);
#2229=ORIENTED_EDGE('',*,*,#1656,.T.);
#2230=ORIENTED_EDGE('',*,*,#1670,.T.);
#2231=ORIENTED_EDGE('',*,*,#1669,.F.);
#2232=ORIENTED_EDGE('',*,*,#1671,.F.);
#2233=ORIENTED_EDGE('',*,*,#1672,.F.);
#2234=ORIENTED_EDGE('',*,*,#1657,.T.);
#2235=ORIENTED_EDGE('',*,*,#1668,.F.);
#2236=ORIENTED_EDGE('',*,*,#1673,.T.);
#2237=ORIENTED_EDGE('',*,*,#1674,.T.);
#2238=ORIENTED_EDGE('',*,*,#1675,.F.);
#2239=ORIENTED_EDGE('',*,*,#1676,.T.);
#2240=ORIENTED_EDGE('',*,*,#1677,.T.);
#2241=ORIENTED_EDGE('',*,*,#1678,.F.);
#2242=ORIENTED_EDGE('',*,*,#1679,.T.);
#2243=ORIENTED_EDGE('',*,*,#1680,.T.);
#2244=ORIENTED_EDGE('',*,*,#1681,.F.);
#2245=ORIENTED_EDGE('',*,*,#1682,.T.);
#2246=ORIENTED_EDGE('',*,*,#1683,.T.);
#2247=ORIENTED_EDGE('',*,*,#1684,.F.);
#2248=ORIENTED_EDGE('',*,*,#1685,.T.);
#2249=ORIENTED_EDGE('',*,*,#1686,.T.);
#2250=ORIENTED_EDGE('',*,*,#1687,.F.);
#2251=ORIENTED_EDGE('',*,*,#1688,.T.);
#2252=ORIENTED_EDGE('',*,*,#1689,.T.);
#2253=ORIENTED_EDGE('',*,*,#1690,.F.);
#2254=ORIENTED_EDGE('',*,*,#1691,.T.);
#2255=ORIENTED_EDGE('',*,*,#1692,.T.);
#2256=ORIENTED_EDGE('',*,*,#1693,.F.);
#2257=ORIENTED_EDGE('',*,*,#1694,.T.);
#2258=ORIENTED_EDGE('',*,*,#1671,.T.);
#2259=ORIENTED_EDGE('',*,*,#1614,.T.);
#2260=ORIENTED_EDGE('',*,*,#1693,.T.);
#2261=ORIENTED_EDGE('',*,*,#1695,.T.);
#2262=ORIENTED_EDGE('',*,*,#1661,.T.);
#2263=ORIENTED_EDGE('',*,*,#1659,.T.);
#2264=ORIENTED_EDGE('',*,*,#1696,.T.);
#2265=ORIENTED_EDGE('',*,*,#1695,.F.);
#2266=ORIENTED_EDGE('',*,*,#1692,.F.);
#2267=ORIENTED_EDGE('',*,*,#1697,.F.);
#2268=ORIENTED_EDGE('',*,*,#1662,.T.);
#2269=ORIENTED_EDGE('',*,*,#1690,.T.);
#2270=ORIENTED_EDGE('',*,*,#1698,.T.);
#2271=ORIENTED_EDGE('',*,*,#1664,.T.);
#2272=ORIENTED_EDGE('',*,*,#1699,.T.);
#2273=ORIENTED_EDGE('',*,*,#1699,.F.);
#2274=ORIENTED_EDGE('',*,*,#1663,.T.);
#2275=ORIENTED_EDGE('',*,*,#1697,.T.);
#2276=ORIENTED_EDGE('',*,*,#1691,.F.);
#2277=ORIENTED_EDGE('',*,*,#1687,.T.);
#2278=ORIENTED_EDGE('',*,*,#1700,.T.);
#2279=ORIENTED_EDGE('',*,*,#1667,.T.);
#2280=ORIENTED_EDGE('',*,*,#1701,.T.);
#2281=ORIENTED_EDGE('',*,*,#1701,.F.);
#2282=ORIENTED_EDGE('',*,*,#1666,.T.);
#2283=ORIENTED_EDGE('',*,*,#1702,.T.);
#2284=ORIENTED_EDGE('',*,*,#1688,.F.);
#2285=ORIENTED_EDGE('',*,*,#1684,.T.);
#2286=ORIENTED_EDGE('',*,*,#1703,.T.);
#2287=ORIENTED_EDGE('',*,*,#1644,.T.);
#2288=ORIENTED_EDGE('',*,*,#1704,.T.);
#2289=ORIENTED_EDGE('',*,*,#1704,.F.);
#2290=ORIENTED_EDGE('',*,*,#1643,.T.);
#2291=ORIENTED_EDGE('',*,*,#1705,.T.);
#2292=ORIENTED_EDGE('',*,*,#1685,.F.);
#2293=ORIENTED_EDGE('',*,*,#1681,.T.);
#2294=ORIENTED_EDGE('',*,*,#1706,.T.);
#2295=ORIENTED_EDGE('',*,*,#1647,.T.);
#2296=ORIENTED_EDGE('',*,*,#1707,.T.);
#2297=ORIENTED_EDGE('',*,*,#1707,.F.);
#2298=ORIENTED_EDGE('',*,*,#1646,.T.);
#2299=ORIENTED_EDGE('',*,*,#1708,.T.);
#2300=ORIENTED_EDGE('',*,*,#1682,.F.);
#2301=ORIENTED_EDGE('',*,*,#1678,.T.);
#2302=ORIENTED_EDGE('',*,*,#1709,.T.);
#2303=ORIENTED_EDGE('',*,*,#1650,.T.);
#2304=ORIENTED_EDGE('',*,*,#1710,.T.);
#2305=ORIENTED_EDGE('',*,*,#1710,.F.);
#2306=ORIENTED_EDGE('',*,*,#1649,.T.);
#2307=ORIENTED_EDGE('',*,*,#1711,.T.);
#2308=ORIENTED_EDGE('',*,*,#1679,.F.);
#2309=ORIENTED_EDGE('',*,*,#1675,.T.);
#2310=ORIENTED_EDGE('',*,*,#1712,.T.);
#2311=ORIENTED_EDGE('',*,*,#1653,.T.);
#2312=ORIENTED_EDGE('',*,*,#1713,.T.);
#2313=ORIENTED_EDGE('',*,*,#1713,.F.);
#2314=ORIENTED_EDGE('',*,*,#1652,.T.);
#2315=ORIENTED_EDGE('',*,*,#1714,.T.);
#2316=ORIENTED_EDGE('',*,*,#1676,.F.);
#2317=ORIENTED_EDGE('',*,*,#1712,.F.);
#2318=ORIENTED_EDGE('',*,*,#1674,.F.);
#2319=ORIENTED_EDGE('',*,*,#1715,.F.);
#2320=ORIENTED_EDGE('',*,*,#1654,.T.);
#2321=ORIENTED_EDGE('',*,*,#1709,.F.);
#2322=ORIENTED_EDGE('',*,*,#1677,.F.);
#2323=ORIENTED_EDGE('',*,*,#1714,.F.);
#2324=ORIENTED_EDGE('',*,*,#1651,.T.);
#2325=ORIENTED_EDGE('',*,*,#1706,.F.);
#2326=ORIENTED_EDGE('',*,*,#1680,.F.);
#2327=ORIENTED_EDGE('',*,*,#1711,.F.);
#2328=ORIENTED_EDGE('',*,*,#1648,.T.);
#2329=ORIENTED_EDGE('',*,*,#1703,.F.);
#2330=ORIENTED_EDGE('',*,*,#1683,.F.);
#2331=ORIENTED_EDGE('',*,*,#1708,.F.);
#2332=ORIENTED_EDGE('',*,*,#1645,.T.);
#2333=ORIENTED_EDGE('',*,*,#1700,.F.);
#2334=ORIENTED_EDGE('',*,*,#1686,.F.);
#2335=ORIENTED_EDGE('',*,*,#1705,.F.);
#2336=ORIENTED_EDGE('',*,*,#1642,.T.);
#2337=ORIENTED_EDGE('',*,*,#1670,.F.);
#2338=ORIENTED_EDGE('',*,*,#1655,.T.);
#2339=ORIENTED_EDGE('',*,*,#1715,.T.);
#2340=ORIENTED_EDGE('',*,*,#1673,.F.);
#2341=ORIENTED_EDGE('',*,*,#1696,.F.);
#2342=ORIENTED_EDGE('',*,*,#1658,.T.);
#2343=ORIENTED_EDGE('',*,*,#1672,.T.);
#2344=ORIENTED_EDGE('',*,*,#1694,.F.);
#2345=ORIENTED_EDGE('',*,*,#1698,.F.);
#2346=ORIENTED_EDGE('',*,*,#1689,.F.);
#2347=ORIENTED_EDGE('',*,*,#1702,.F.);
#2348=ORIENTED_EDGE('',*,*,#1665,.T.);
#2349=ORIENTED_EDGE('',*,*,#1633,.F.);
#2350=ORIENTED_EDGE('',*,*,#1637,.T.);
#2351=ORIENTED_EDGE('',*,*,#1624,.F.);
#2352=ORIENTED_EDGE('',*,*,#1716,.F.);
#2353=ORIENTED_EDGE('',*,*,#1632,.F.);
#2354=ORIENTED_EDGE('',*,*,#1716,.T.);
#2355=ORIENTED_EDGE('',*,*,#1623,.F.);
#2356=ORIENTED_EDGE('',*,*,#1622,.F.);
#2357=ORIENTED_EDGE('',*,*,#1638,.F.);
#2358=ORIENTED_EDGE('',*,*,#1717,.F.);
#2359=ORIENTED_EDGE('',*,*,#1718,.T.);
#2360=ORIENTED_EDGE('',*,*,#1719,.T.);
#2361=ORIENTED_EDGE('',*,*,#1720,.T.);
#2362=ORIENTED_EDGE('',*,*,#1721,.F.);
#2363=ORIENTED_EDGE('',*,*,#1722,.T.);
#2364=ORIENTED_EDGE('',*,*,#1723,.T.);
#2365=ORIENTED_EDGE('',*,*,#1724,.T.);
#2366=ORIENTED_EDGE('',*,*,#1724,.F.);
#2367=ORIENTED_EDGE('',*,*,#1725,.T.);
#2368=ORIENTED_EDGE('',*,*,#1726,.F.);
#2369=ORIENTED_EDGE('',*,*,#1727,.F.);
#2370=ORIENTED_EDGE('',*,*,#1728,.F.);
#2371=ORIENTED_EDGE('',*,*,#1729,.T.);
#2372=ORIENTED_EDGE('',*,*,#1730,.T.);
#2373=ORIENTED_EDGE('',*,*,#1731,.T.);
#2374=ORIENTED_EDGE('',*,*,#1731,.F.);
#2375=ORIENTED_EDGE('',*,*,#1732,.T.);
#2376=ORIENTED_EDGE('',*,*,#1733,.F.);
#2377=ORIENTED_EDGE('',*,*,#1734,.F.);
#2378=ORIENTED_EDGE('',*,*,#1735,.F.);
#2379=ORIENTED_EDGE('',*,*,#1736,.T.);
#2380=ORIENTED_EDGE('',*,*,#1737,.T.);
#2381=ORIENTED_EDGE('',*,*,#1738,.T.);
#2382=ORIENTED_EDGE('',*,*,#1738,.F.);
#2383=ORIENTED_EDGE('',*,*,#1739,.T.);
#2384=ORIENTED_EDGE('',*,*,#1740,.F.);
#2385=ORIENTED_EDGE('',*,*,#1741,.F.);
#2386=ORIENTED_EDGE('',*,*,#1742,.F.);
#2387=ORIENTED_EDGE('',*,*,#1743,.T.);
#2388=ORIENTED_EDGE('',*,*,#1744,.T.);
#2389=ORIENTED_EDGE('',*,*,#1745,.T.);
#2390=ORIENTED_EDGE('',*,*,#1745,.F.);
#2391=ORIENTED_EDGE('',*,*,#1746,.T.);
#2392=ORIENTED_EDGE('',*,*,#1747,.F.);
#2393=ORIENTED_EDGE('',*,*,#1748,.F.);
#2394=ORIENTED_EDGE('',*,*,#1749,.F.);
#2395=ORIENTED_EDGE('',*,*,#1750,.T.);
#2396=ORIENTED_EDGE('',*,*,#1751,.T.);
#2397=ORIENTED_EDGE('',*,*,#1752,.T.);
#2398=ORIENTED_EDGE('',*,*,#1752,.F.);
#2399=ORIENTED_EDGE('',*,*,#1753,.T.);
#2400=ORIENTED_EDGE('',*,*,#1754,.F.);
#2401=ORIENTED_EDGE('',*,*,#1755,.F.);
#2402=ORIENTED_EDGE('',*,*,#1756,.F.);
#2403=ORIENTED_EDGE('',*,*,#1757,.T.);
#2404=ORIENTED_EDGE('',*,*,#1758,.T.);
#2405=ORIENTED_EDGE('',*,*,#1759,.T.);
#2406=ORIENTED_EDGE('',*,*,#1759,.F.);
#2407=ORIENTED_EDGE('',*,*,#1760,.T.);
#2408=ORIENTED_EDGE('',*,*,#1761,.F.);
#2409=ORIENTED_EDGE('',*,*,#1762,.F.);
#2410=ORIENTED_EDGE('',*,*,#1763,.F.);
#2411=ORIENTED_EDGE('',*,*,#1764,.T.);
#2412=ORIENTED_EDGE('',*,*,#1765,.T.);
#2413=ORIENTED_EDGE('',*,*,#1766,.T.);
#2414=ORIENTED_EDGE('',*,*,#1766,.F.);
#2415=ORIENTED_EDGE('',*,*,#1767,.T.);
#2416=ORIENTED_EDGE('',*,*,#1768,.F.);
#2417=ORIENTED_EDGE('',*,*,#1769,.F.);
#2418=ORIENTED_EDGE('',*,*,#1770,.F.);
#2419=ORIENTED_EDGE('',*,*,#1771,.T.);
#2420=ORIENTED_EDGE('',*,*,#1772,.T.);
#2421=ORIENTED_EDGE('',*,*,#1773,.T.);
#2422=ORIENTED_EDGE('',*,*,#1773,.F.);
#2423=ORIENTED_EDGE('',*,*,#1774,.T.);
#2424=ORIENTED_EDGE('',*,*,#1775,.F.);
#2425=ORIENTED_EDGE('',*,*,#1776,.F.);
#2426=ORIENTED_EDGE('',*,*,#1720,.F.);
#2427=ORIENTED_EDGE('',*,*,#1777,.T.);
#2428=ORIENTED_EDGE('',*,*,#1778,.F.);
#2429=ORIENTED_EDGE('',*,*,#1779,.F.);
#2430=ORIENTED_EDGE('',*,*,#1780,.F.);
#2431=ORIENTED_EDGE('',*,*,#1781,.T.);
#2432=ORIENTED_EDGE('',*,*,#1782,.T.);
#2433=ORIENTED_EDGE('',*,*,#1783,.T.);
#2434=ORIENTED_EDGE('',*,*,#1783,.F.);
#2435=ORIENTED_EDGE('',*,*,#1784,.T.);
#2436=ORIENTED_EDGE('',*,*,#1785,.F.);
#2437=ORIENTED_EDGE('',*,*,#1786,.F.);
#2438=ORIENTED_EDGE('',*,*,#1787,.F.);
#2439=ORIENTED_EDGE('',*,*,#1788,.T.);
#2440=ORIENTED_EDGE('',*,*,#1789,.T.);
#2441=ORIENTED_EDGE('',*,*,#1790,.T.);
#2442=ORIENTED_EDGE('',*,*,#1790,.F.);
#2443=ORIENTED_EDGE('',*,*,#1791,.T.);
#2444=ORIENTED_EDGE('',*,*,#1792,.F.);
#2445=ORIENTED_EDGE('',*,*,#1793,.F.);
#2446=ORIENTED_EDGE('',*,*,#1794,.F.);
#2447=ORIENTED_EDGE('',*,*,#1795,.T.);
#2448=ORIENTED_EDGE('',*,*,#1796,.T.);
#2449=ORIENTED_EDGE('',*,*,#1797,.T.);
#2450=ORIENTED_EDGE('',*,*,#1797,.F.);
#2451=ORIENTED_EDGE('',*,*,#1798,.T.);
#2452=ORIENTED_EDGE('',*,*,#1799,.F.);
#2453=ORIENTED_EDGE('',*,*,#1800,.F.);
#2454=ORIENTED_EDGE('',*,*,#1801,.F.);
#2455=ORIENTED_EDGE('',*,*,#1802,.T.);
#2456=ORIENTED_EDGE('',*,*,#1803,.T.);
#2457=ORIENTED_EDGE('',*,*,#1804,.T.);
#2458=ORIENTED_EDGE('',*,*,#1804,.F.);
#2459=ORIENTED_EDGE('',*,*,#1805,.T.);
#2460=ORIENTED_EDGE('',*,*,#1806,.F.);
#2461=ORIENTED_EDGE('',*,*,#1807,.F.);
#2462=ORIENTED_EDGE('',*,*,#1808,.F.);
#2463=ORIENTED_EDGE('',*,*,#1809,.T.);
#2464=ORIENTED_EDGE('',*,*,#1810,.T.);
#2465=ORIENTED_EDGE('',*,*,#1811,.T.);
#2466=ORIENTED_EDGE('',*,*,#1811,.F.);
#2467=ORIENTED_EDGE('',*,*,#1812,.T.);
#2468=ORIENTED_EDGE('',*,*,#1813,.F.);
#2469=ORIENTED_EDGE('',*,*,#1814,.F.);
#2470=ORIENTED_EDGE('',*,*,#1815,.F.);
#2471=ORIENTED_EDGE('',*,*,#1816,.T.);
#2472=ORIENTED_EDGE('',*,*,#1817,.T.);
#2473=ORIENTED_EDGE('',*,*,#1818,.T.);
#2474=ORIENTED_EDGE('',*,*,#1818,.F.);
#2475=ORIENTED_EDGE('',*,*,#1819,.T.);
#2476=ORIENTED_EDGE('',*,*,#1820,.F.);
#2477=ORIENTED_EDGE('',*,*,#1821,.F.);
#2478=ORIENTED_EDGE('',*,*,#1822,.F.);
#2479=ORIENTED_EDGE('',*,*,#1823,.T.);
#2480=ORIENTED_EDGE('',*,*,#1824,.T.);
#2481=ORIENTED_EDGE('',*,*,#1825,.T.);
#2482=ORIENTED_EDGE('',*,*,#1825,.F.);
#2483=ORIENTED_EDGE('',*,*,#1826,.T.);
#2484=ORIENTED_EDGE('',*,*,#1827,.F.);
#2485=ORIENTED_EDGE('',*,*,#1828,.F.);
#2486=ORIENTED_EDGE('',*,*,#1829,.F.);
#2487=ORIENTED_EDGE('',*,*,#1830,.T.);
#2488=ORIENTED_EDGE('',*,*,#1831,.T.);
#2489=ORIENTED_EDGE('',*,*,#1830,.F.);
#2490=ORIENTED_EDGE('',*,*,#1831,.F.);
#2491=ORIENTED_EDGE('',*,*,#1832,.F.);
#2492=ORIENTED_EDGE('',*,*,#1833,.T.);
#2493=ORIENTED_EDGE('',*,*,#1834,.F.);
#2494=ORIENTED_EDGE('',*,*,#1835,.F.);
#2495=ORIENTED_EDGE('',*,*,#1739,.F.);
#2496=ORIENTED_EDGE('',*,*,#1737,.F.);
#2497=ORIENTED_EDGE('',*,*,#1836,.F.);
#2498=ORIENTED_EDGE('',*,*,#1837,.F.);
#2499=ORIENTED_EDGE('',*,*,#1838,.F.);
#2500=ORIENTED_EDGE('',*,*,#1839,.F.);
#2501=ORIENTED_EDGE('',*,*,#1746,.F.);
#2502=ORIENTED_EDGE('',*,*,#1744,.F.);
#2503=ORIENTED_EDGE('',*,*,#1840,.F.);
#2504=ORIENTED_EDGE('',*,*,#1841,.F.);
#2505=ORIENTED_EDGE('',*,*,#1842,.F.);
#2506=ORIENTED_EDGE('',*,*,#1843,.F.);
#2507=ORIENTED_EDGE('',*,*,#1753,.F.);
#2508=ORIENTED_EDGE('',*,*,#1751,.F.);
#2509=ORIENTED_EDGE('',*,*,#1844,.F.);
#2510=ORIENTED_EDGE('',*,*,#1845,.F.);
#2511=ORIENTED_EDGE('',*,*,#1846,.F.);
#2512=ORIENTED_EDGE('',*,*,#1847,.F.);
#2513=ORIENTED_EDGE('',*,*,#1760,.F.);
#2514=ORIENTED_EDGE('',*,*,#1758,.F.);
#2515=ORIENTED_EDGE('',*,*,#1848,.F.);
#2516=ORIENTED_EDGE('',*,*,#1849,.F.);
#2517=ORIENTED_EDGE('',*,*,#1850,.F.);
#2518=ORIENTED_EDGE('',*,*,#1851,.F.);
#2519=ORIENTED_EDGE('',*,*,#1767,.F.);
#2520=ORIENTED_EDGE('',*,*,#1765,.F.);
#2521=ORIENTED_EDGE('',*,*,#1852,.F.);
#2522=ORIENTED_EDGE('',*,*,#1853,.F.);
#2523=ORIENTED_EDGE('',*,*,#1854,.F.);
#2524=ORIENTED_EDGE('',*,*,#1855,.F.);
#2525=ORIENTED_EDGE('',*,*,#1774,.F.);
#2526=ORIENTED_EDGE('',*,*,#1772,.F.);
#2527=ORIENTED_EDGE('',*,*,#1856,.F.);
#2528=ORIENTED_EDGE('',*,*,#1857,.F.);
#2529=ORIENTED_EDGE('',*,*,#1858,.F.);
#2530=ORIENTED_EDGE('',*,*,#1859,.F.);
#2531=ORIENTED_EDGE('',*,*,#1777,.F.);
#2532=ORIENTED_EDGE('',*,*,#1719,.F.);
#2533=ORIENTED_EDGE('',*,*,#1860,.F.);
#2534=ORIENTED_EDGE('',*,*,#1861,.F.);
#2535=ORIENTED_EDGE('',*,*,#1862,.F.);
#2536=ORIENTED_EDGE('',*,*,#1863,.F.);
#2537=ORIENTED_EDGE('',*,*,#1784,.F.);
#2538=ORIENTED_EDGE('',*,*,#1782,.F.);
#2539=ORIENTED_EDGE('',*,*,#1864,.F.);
#2540=ORIENTED_EDGE('',*,*,#1865,.F.);
#2541=ORIENTED_EDGE('',*,*,#1866,.F.);
#2542=ORIENTED_EDGE('',*,*,#1867,.F.);
#2543=ORIENTED_EDGE('',*,*,#1791,.F.);
#2544=ORIENTED_EDGE('',*,*,#1789,.F.);
#2545=ORIENTED_EDGE('',*,*,#1868,.F.);
#2546=ORIENTED_EDGE('',*,*,#1869,.F.);
#2547=ORIENTED_EDGE('',*,*,#1870,.F.);
#2548=ORIENTED_EDGE('',*,*,#1871,.F.);
#2549=ORIENTED_EDGE('',*,*,#1798,.F.);
#2550=ORIENTED_EDGE('',*,*,#1796,.F.);
#2551=ORIENTED_EDGE('',*,*,#1872,.F.);
#2552=ORIENTED_EDGE('',*,*,#1873,.F.);
#2553=ORIENTED_EDGE('',*,*,#1874,.F.);
#2554=ORIENTED_EDGE('',*,*,#1875,.F.);
#2555=ORIENTED_EDGE('',*,*,#1805,.F.);
#2556=ORIENTED_EDGE('',*,*,#1803,.F.);
#2557=ORIENTED_EDGE('',*,*,#1876,.F.);
#2558=ORIENTED_EDGE('',*,*,#1877,.F.);
#2559=ORIENTED_EDGE('',*,*,#1878,.F.);
#2560=ORIENTED_EDGE('',*,*,#1879,.F.);
#2561=ORIENTED_EDGE('',*,*,#1826,.F.);
#2562=ORIENTED_EDGE('',*,*,#1824,.F.);
#2563=ORIENTED_EDGE('',*,*,#1880,.F.);
#2564=ORIENTED_EDGE('',*,*,#1881,.F.);
#2565=ORIENTED_EDGE('',*,*,#1882,.F.);
#2566=ORIENTED_EDGE('',*,*,#1883,.F.);
#2567=ORIENTED_EDGE('',*,*,#1819,.F.);
#2568=ORIENTED_EDGE('',*,*,#1817,.F.);
#2569=ORIENTED_EDGE('',*,*,#1884,.F.);
#2570=ORIENTED_EDGE('',*,*,#1885,.F.);
#2571=ORIENTED_EDGE('',*,*,#1886,.F.);
#2572=ORIENTED_EDGE('',*,*,#1887,.F.);
#2573=ORIENTED_EDGE('',*,*,#1812,.F.);
#2574=ORIENTED_EDGE('',*,*,#1810,.F.);
#2575=ORIENTED_EDGE('',*,*,#1888,.F.);
#2576=ORIENTED_EDGE('',*,*,#1889,.F.);
#2577=ORIENTED_EDGE('',*,*,#1890,.F.);
#2578=ORIENTED_EDGE('',*,*,#1891,.F.);
#2579=ORIENTED_EDGE('',*,*,#1725,.F.);
#2580=ORIENTED_EDGE('',*,*,#1723,.F.);
#2581=ORIENTED_EDGE('',*,*,#1892,.F.);
#2582=ORIENTED_EDGE('',*,*,#1893,.F.);
#2583=ORIENTED_EDGE('',*,*,#1894,.F.);
#2584=ORIENTED_EDGE('',*,*,#1895,.F.);
#2585=ORIENTED_EDGE('',*,*,#1732,.F.);
#2586=ORIENTED_EDGE('',*,*,#1730,.F.);
#2587=ORIENTED_EDGE('',*,*,#1896,.F.);
#2588=ORIENTED_EDGE('',*,*,#1897,.F.);
#2589=ORIENTED_EDGE('',*,*,#1898,.F.);
#2590=ORIENTED_EDGE('',*,*,#1833,.F.);
#2591=ORIENTED_EDGE('',*,*,#1878,.T.);
#2592=ORIENTED_EDGE('',*,*,#1899,.F.);
#2593=ORIENTED_EDGE('',*,*,#1900,.F.);
#2594=ORIENTED_EDGE('',*,*,#1901,.T.);
#2595=ORIENTED_EDGE('',*,*,#1877,.T.);
#2596=ORIENTED_EDGE('',*,*,#1902,.F.);
#2597=ORIENTED_EDGE('',*,*,#1903,.F.);
#2598=ORIENTED_EDGE('',*,*,#1899,.T.);
#2599=ORIENTED_EDGE('',*,*,#1881,.T.);
#2600=ORIENTED_EDGE('',*,*,#1904,.F.);
#2601=ORIENTED_EDGE('',*,*,#1905,.F.);
#2602=ORIENTED_EDGE('',*,*,#1906,.T.);
#2603=ORIENTED_EDGE('',*,*,#1802,.F.);
#2604=ORIENTED_EDGE('',*,*,#1907,.F.);
#2605=ORIENTED_EDGE('',*,*,#1902,.T.);
#2606=ORIENTED_EDGE('',*,*,#1876,.T.);
#2607=ORIENTED_EDGE('',*,*,#1874,.T.);
#2608=ORIENTED_EDGE('',*,*,#1908,.F.);
#2609=ORIENTED_EDGE('',*,*,#1909,.F.);
#2610=ORIENTED_EDGE('',*,*,#1910,.T.);
#2611=ORIENTED_EDGE('',*,*,#1823,.F.);
#2612=ORIENTED_EDGE('',*,*,#1911,.F.);
#2613=ORIENTED_EDGE('',*,*,#1904,.T.);
#2614=ORIENTED_EDGE('',*,*,#1880,.T.);
#2615=ORIENTED_EDGE('',*,*,#1873,.T.);
#2616=ORIENTED_EDGE('',*,*,#1912,.F.);
#2617=ORIENTED_EDGE('',*,*,#1913,.F.);
#2618=ORIENTED_EDGE('',*,*,#1908,.T.);
#2619=ORIENTED_EDGE('',*,*,#1885,.T.);
#2620=ORIENTED_EDGE('',*,*,#1914,.F.);
#2621=ORIENTED_EDGE('',*,*,#1915,.F.);
#2622=ORIENTED_EDGE('',*,*,#1916,.T.);
#2623=ORIENTED_EDGE('',*,*,#1795,.F.);
#2624=ORIENTED_EDGE('',*,*,#1917,.F.);
#2625=ORIENTED_EDGE('',*,*,#1912,.T.);
#2626=ORIENTED_EDGE('',*,*,#1872,.T.);
#2627=ORIENTED_EDGE('',*,*,#1870,.T.);
#2628=ORIENTED_EDGE('',*,*,#1918,.F.);
#2629=ORIENTED_EDGE('',*,*,#1919,.F.);
#2630=ORIENTED_EDGE('',*,*,#1920,.T.);
#2631=ORIENTED_EDGE('',*,*,#1816,.F.);
#2632=ORIENTED_EDGE('',*,*,#1921,.F.);
#2633=ORIENTED_EDGE('',*,*,#1914,.T.);
#2634=ORIENTED_EDGE('',*,*,#1884,.T.);
#2635=ORIENTED_EDGE('',*,*,#1869,.T.);
#2636=ORIENTED_EDGE('',*,*,#1922,.F.);
#2637=ORIENTED_EDGE('',*,*,#1923,.F.);
#2638=ORIENTED_EDGE('',*,*,#1918,.T.);
#2639=ORIENTED_EDGE('',*,*,#1889,.T.);
#2640=ORIENTED_EDGE('',*,*,#1924,.F.);
#2641=ORIENTED_EDGE('',*,*,#1925,.F.);
#2642=ORIENTED_EDGE('',*,*,#1926,.T.);
#2643=ORIENTED_EDGE('',*,*,#1788,.F.);
#2644=ORIENTED_EDGE('',*,*,#1927,.F.);
#2645=ORIENTED_EDGE('',*,*,#1922,.T.);
#2646=ORIENTED_EDGE('',*,*,#1868,.T.);
#2647=ORIENTED_EDGE('',*,*,#1809,.F.);
#2648=ORIENTED_EDGE('',*,*,#1928,.F.);
#2649=ORIENTED_EDGE('',*,*,#1924,.T.);
#2650=ORIENTED_EDGE('',*,*,#1888,.T.);
#2651=ORIENTED_EDGE('',*,*,#1866,.T.);
#2652=ORIENTED_EDGE('',*,*,#1929,.F.);
#2653=ORIENTED_EDGE('',*,*,#1930,.F.);
#2654=ORIENTED_EDGE('',*,*,#1931,.T.);
#2655=ORIENTED_EDGE('',*,*,#1893,.T.);
#2656=ORIENTED_EDGE('',*,*,#1932,.F.);
#2657=ORIENTED_EDGE('',*,*,#1933,.F.);
#2658=ORIENTED_EDGE('',*,*,#1934,.T.);
#2659=ORIENTED_EDGE('',*,*,#1865,.T.);
#2660=ORIENTED_EDGE('',*,*,#1935,.F.);
#2661=ORIENTED_EDGE('',*,*,#1936,.F.);
#2662=ORIENTED_EDGE('',*,*,#1929,.T.);
#2663=ORIENTED_EDGE('',*,*,#1722,.F.);
#2664=ORIENTED_EDGE('',*,*,#1937,.F.);
#2665=ORIENTED_EDGE('',*,*,#1932,.T.);
#2666=ORIENTED_EDGE('',*,*,#1892,.T.);
#2667=ORIENTED_EDGE('',*,*,#1781,.F.);
#2668=ORIENTED_EDGE('',*,*,#1938,.F.);
#2669=ORIENTED_EDGE('',*,*,#1935,.T.);
#2670=ORIENTED_EDGE('',*,*,#1864,.T.);
#2671=ORIENTED_EDGE('',*,*,#1862,.T.);
#2672=ORIENTED_EDGE('',*,*,#1939,.F.);
#2673=ORIENTED_EDGE('',*,*,#1940,.F.);
#2674=ORIENTED_EDGE('',*,*,#1941,.T.);
#2675=ORIENTED_EDGE('',*,*,#1897,.T.);
#2676=ORIENTED_EDGE('',*,*,#1942,.F.);
#2677=ORIENTED_EDGE('',*,*,#1943,.F.);
#2678=ORIENTED_EDGE('',*,*,#1944,.T.);
#2679=ORIENTED_EDGE('',*,*,#1861,.T.);
#2680=ORIENTED_EDGE('',*,*,#1945,.F.);
#2681=ORIENTED_EDGE('',*,*,#1946,.F.);
#2682=ORIENTED_EDGE('',*,*,#1939,.T.);
#2683=ORIENTED_EDGE('',*,*,#1729,.F.);
#2684=ORIENTED_EDGE('',*,*,#1947,.F.);
#2685=ORIENTED_EDGE('',*,*,#1942,.T.);
#2686=ORIENTED_EDGE('',*,*,#1896,.T.);
#2687=ORIENTED_EDGE('',*,*,#1718,.F.);
#2688=ORIENTED_EDGE('',*,*,#1948,.F.);
#2689=ORIENTED_EDGE('',*,*,#1945,.T.);
#2690=ORIENTED_EDGE('',*,*,#1860,.T.);
#2691=ORIENTED_EDGE('',*,*,#1858,.T.);
#2692=ORIENTED_EDGE('',*,*,#1949,.F.);
#2693=ORIENTED_EDGE('',*,*,#1950,.F.);
#2694=ORIENTED_EDGE('',*,*,#1951,.T.);
#2695=ORIENTED_EDGE('',*,*,#1837,.T.);
#2696=ORIENTED_EDGE('',*,*,#1952,.F.);
#2697=ORIENTED_EDGE('',*,*,#1953,.F.);
#2698=ORIENTED_EDGE('',*,*,#1954,.T.);
#2699=ORIENTED_EDGE('',*,*,#1857,.T.);
#2700=ORIENTED_EDGE('',*,*,#1955,.F.);
#2701=ORIENTED_EDGE('',*,*,#1956,.F.);
#2702=ORIENTED_EDGE('',*,*,#1949,.T.);
#2703=ORIENTED_EDGE('',*,*,#1736,.F.);
#2704=ORIENTED_EDGE('',*,*,#1957,.F.);
#2705=ORIENTED_EDGE('',*,*,#1952,.T.);
#2706=ORIENTED_EDGE('',*,*,#1836,.T.);
#2707=ORIENTED_EDGE('',*,*,#1771,.F.);
#2708=ORIENTED_EDGE('',*,*,#1958,.F.);
#2709=ORIENTED_EDGE('',*,*,#1955,.T.);
#2710=ORIENTED_EDGE('',*,*,#1856,.T.);
#2711=ORIENTED_EDGE('',*,*,#1854,.T.);
#2712=ORIENTED_EDGE('',*,*,#1959,.F.);
#2713=ORIENTED_EDGE('',*,*,#1960,.F.);
#2714=ORIENTED_EDGE('',*,*,#1961,.T.);
#2715=ORIENTED_EDGE('',*,*,#1841,.T.);
#2716=ORIENTED_EDGE('',*,*,#1962,.F.);
#2717=ORIENTED_EDGE('',*,*,#1963,.F.);
#2718=ORIENTED_EDGE('',*,*,#1964,.T.);
#2719=ORIENTED_EDGE('',*,*,#1853,.T.);
#2720=ORIENTED_EDGE('',*,*,#1965,.F.);
#2721=ORIENTED_EDGE('',*,*,#1966,.F.);
#2722=ORIENTED_EDGE('',*,*,#1959,.T.);
#2723=ORIENTED_EDGE('',*,*,#1743,.F.);
#2724=ORIENTED_EDGE('',*,*,#1967,.F.);
#2725=ORIENTED_EDGE('',*,*,#1962,.T.);
#2726=ORIENTED_EDGE('',*,*,#1840,.T.);
#2727=ORIENTED_EDGE('',*,*,#1764,.F.);
#2728=ORIENTED_EDGE('',*,*,#1968,.F.);
#2729=ORIENTED_EDGE('',*,*,#1965,.T.);
#2730=ORIENTED_EDGE('',*,*,#1852,.T.);
#2731=ORIENTED_EDGE('',*,*,#1845,.T.);
#2732=ORIENTED_EDGE('',*,*,#1969,.F.);
#2733=ORIENTED_EDGE('',*,*,#1970,.F.);
#2734=ORIENTED_EDGE('',*,*,#1971,.T.);
#2735=ORIENTED_EDGE('',*,*,#1850,.T.);
#2736=ORIENTED_EDGE('',*,*,#1972,.F.);
#2737=ORIENTED_EDGE('',*,*,#1973,.F.);
#2738=ORIENTED_EDGE('',*,*,#1974,.T.);
#2739=ORIENTED_EDGE('',*,*,#1750,.F.);
#2740=ORIENTED_EDGE('',*,*,#1975,.F.);
#2741=ORIENTED_EDGE('',*,*,#1969,.T.);
#2742=ORIENTED_EDGE('',*,*,#1844,.T.);
#2743=ORIENTED_EDGE('',*,*,#1849,.T.);
#2744=ORIENTED_EDGE('',*,*,#1976,.F.);
#2745=ORIENTED_EDGE('',*,*,#1977,.F.);
#2746=ORIENTED_EDGE('',*,*,#1972,.T.);
#2747=ORIENTED_EDGE('',*,*,#1757,.F.);
#2748=ORIENTED_EDGE('',*,*,#1978,.F.);
#2749=ORIENTED_EDGE('',*,*,#1976,.T.);
#2750=ORIENTED_EDGE('',*,*,#1848,.T.);
#2751=ORIENTED_EDGE('',*,*,#1979,.T.);
#2752=ORIENTED_EDGE('',*,*,#1980,.T.);
#2753=ORIENTED_EDGE('',*,*,#1981,.T.);
#2754=ORIENTED_EDGE('',*,*,#1980,.F.);
#2755=ORIENTED_EDGE('',*,*,#1982,.T.);
#2756=ORIENTED_EDGE('',*,*,#1983,.F.);
#2757=ORIENTED_EDGE('',*,*,#1984,.T.);
#2758=ORIENTED_EDGE('',*,*,#1982,.F.);
#2759=ORIENTED_EDGE('',*,*,#1979,.F.);
#2760=ORIENTED_EDGE('',*,*,#1984,.F.);
#2761=ORIENTED_EDGE('',*,*,#1981,.F.);
#2762=ORIENTED_EDGE('',*,*,#1985,.T.);
#2763=ORIENTED_EDGE('',*,*,#1986,.T.);
#2764=ORIENTED_EDGE('',*,*,#1987,.T.);
#2765=ORIENTED_EDGE('',*,*,#1988,.T.);
#2766=ORIENTED_EDGE('',*,*,#1987,.F.);
#2767=ORIENTED_EDGE('',*,*,#1989,.T.);
#2768=ORIENTED_EDGE('',*,*,#1990,.F.);
#2769=ORIENTED_EDGE('',*,*,#1991,.T.);
#2770=ORIENTED_EDGE('',*,*,#1989,.F.);
#2771=ORIENTED_EDGE('',*,*,#1986,.F.);
#2772=ORIENTED_EDGE('',*,*,#1991,.F.);
#2773=ORIENTED_EDGE('',*,*,#1988,.F.);
#2774=ORIENTED_EDGE('',*,*,#1983,.T.);
#2775=ORIENTED_EDGE('',*,*,#1992,.F.);
#2776=ORIENTED_EDGE('',*,*,#1993,.T.);
#2777=ORIENTED_EDGE('',*,*,#1994,.T.);
#2778=ORIENTED_EDGE('',*,*,#1995,.F.);
#2779=ORIENTED_EDGE('',*,*,#1996,.F.);
#2780=ORIENTED_EDGE('',*,*,#1997,.T.);
#2781=ORIENTED_EDGE('',*,*,#1998,.T.);
#2782=ORIENTED_EDGE('',*,*,#1999,.F.);
#2783=ORIENTED_EDGE('',*,*,#2000,.F.);
#2784=ORIENTED_EDGE('',*,*,#2001,.T.);
#2785=ORIENTED_EDGE('',*,*,#2002,.T.);
#2786=ORIENTED_EDGE('',*,*,#2003,.F.);
#2787=ORIENTED_EDGE('',*,*,#2004,.F.);
#2788=ORIENTED_EDGE('',*,*,#2005,.T.);
#2789=ORIENTED_EDGE('',*,*,#2006,.T.);
#2790=ORIENTED_EDGE('',*,*,#2007,.F.);
#2791=ORIENTED_EDGE('',*,*,#2008,.F.);
#2792=ORIENTED_EDGE('',*,*,#1994,.F.);
#2793=ORIENTED_EDGE('',*,*,#2009,.F.);
#2794=ORIENTED_EDGE('',*,*,#1998,.F.);
#2795=ORIENTED_EDGE('',*,*,#2010,.F.);
#2796=ORIENTED_EDGE('',*,*,#2002,.F.);
#2797=ORIENTED_EDGE('',*,*,#2011,.F.);
#2798=ORIENTED_EDGE('',*,*,#2006,.F.);
#2799=ORIENTED_EDGE('',*,*,#1829,.T.);
#2800=ORIENTED_EDGE('',*,*,#1996,.T.);
#2801=ORIENTED_EDGE('',*,*,#2012,.F.);
#2802=ORIENTED_EDGE('',*,*,#1992,.T.);
#2803=ORIENTED_EDGE('',*,*,#2013,.F.);
#2804=ORIENTED_EDGE('',*,*,#2004,.T.);
#2805=ORIENTED_EDGE('',*,*,#2014,.F.);
#2806=ORIENTED_EDGE('',*,*,#2000,.T.);
#2807=ORIENTED_EDGE('',*,*,#2015,.F.);
#2808=ORIENTED_EDGE('',*,*,#2016,.F.);
#2809=ORIENTED_EDGE('',*,*,#1985,.F.);
#2810=ORIENTED_EDGE('',*,*,#2017,.T.);
#2811=ORIENTED_EDGE('',*,*,#2015,.T.);
#2812=ORIENTED_EDGE('',*,*,#2003,.T.);
#2813=ORIENTED_EDGE('',*,*,#2010,.T.);
#2814=ORIENTED_EDGE('',*,*,#1997,.F.);
#2815=ORIENTED_EDGE('',*,*,#2012,.T.);
#2816=ORIENTED_EDGE('',*,*,#1999,.T.);
#2817=ORIENTED_EDGE('',*,*,#2009,.T.);
#2818=ORIENTED_EDGE('',*,*,#1993,.F.);
#2819=ORIENTED_EDGE('',*,*,#2013,.T.);
#2820=ORIENTED_EDGE('',*,*,#1995,.T.);
#2821=ORIENTED_EDGE('',*,*,#2008,.T.);
#2822=ORIENTED_EDGE('',*,*,#2005,.F.);
#2823=ORIENTED_EDGE('',*,*,#2014,.T.);
#2824=ORIENTED_EDGE('',*,*,#2007,.T.);
#2825=ORIENTED_EDGE('',*,*,#2011,.T.);
#2826=ORIENTED_EDGE('',*,*,#2001,.F.);
#2827=ORIENTED_EDGE('',*,*,#2016,.T.);
#2828=ORIENTED_EDGE('',*,*,#2017,.F.);
#2829=ORIENTED_EDGE('',*,*,#1847,.T.);
#2830=ORIENTED_EDGE('',*,*,#2018,.F.);
#2831=ORIENTED_EDGE('',*,*,#2019,.F.);
#2832=ORIENTED_EDGE('',*,*,#1761,.T.);
#2833=ORIENTED_EDGE('',*,*,#1846,.T.);
#2834=ORIENTED_EDGE('',*,*,#1971,.F.);
#2835=ORIENTED_EDGE('',*,*,#2020,.F.);
#2836=ORIENTED_EDGE('',*,*,#2018,.T.);
#2837=ORIENTED_EDGE('',*,*,#1843,.T.);
#2838=ORIENTED_EDGE('',*,*,#2021,.F.);
#2839=ORIENTED_EDGE('',*,*,#2022,.F.);
#2840=ORIENTED_EDGE('',*,*,#1754,.T.);
#2841=ORIENTED_EDGE('',*,*,#1842,.T.);
#2842=ORIENTED_EDGE('',*,*,#1964,.F.);
#2843=ORIENTED_EDGE('',*,*,#2023,.F.);
#2844=ORIENTED_EDGE('',*,*,#2021,.T.);
#2845=ORIENTED_EDGE('',*,*,#1839,.T.);
#2846=ORIENTED_EDGE('',*,*,#2024,.F.);
#2847=ORIENTED_EDGE('',*,*,#2025,.F.);
#2848=ORIENTED_EDGE('',*,*,#1747,.T.);
#2849=ORIENTED_EDGE('',*,*,#1838,.T.);
#2850=ORIENTED_EDGE('',*,*,#1954,.F.);
#2851=ORIENTED_EDGE('',*,*,#2026,.F.);
#2852=ORIENTED_EDGE('',*,*,#2024,.T.);
#2853=ORIENTED_EDGE('',*,*,#1835,.T.);
#2854=ORIENTED_EDGE('',*,*,#2027,.F.);
#2855=ORIENTED_EDGE('',*,*,#2028,.F.);
#2856=ORIENTED_EDGE('',*,*,#1740,.T.);
#2857=ORIENTED_EDGE('',*,*,#1834,.T.);
#2858=ORIENTED_EDGE('',*,*,#1898,.T.);
#2859=ORIENTED_EDGE('',*,*,#1944,.F.);
#2860=ORIENTED_EDGE('',*,*,#2029,.F.);
#2861=ORIENTED_EDGE('',*,*,#2030,.F.);
#2862=ORIENTED_EDGE('',*,*,#2027,.T.);
#2863=ORIENTED_EDGE('',*,*,#1895,.T.);
#2864=ORIENTED_EDGE('',*,*,#2031,.F.);
#2865=ORIENTED_EDGE('',*,*,#2032,.F.);
#2866=ORIENTED_EDGE('',*,*,#1733,.T.);
#2867=ORIENTED_EDGE('',*,*,#1894,.T.);
#2868=ORIENTED_EDGE('',*,*,#1934,.F.);
#2869=ORIENTED_EDGE('',*,*,#2033,.F.);
#2870=ORIENTED_EDGE('',*,*,#2031,.T.);
#2871=ORIENTED_EDGE('',*,*,#1891,.T.);
#2872=ORIENTED_EDGE('',*,*,#2034,.F.);
#2873=ORIENTED_EDGE('',*,*,#2035,.F.);
#2874=ORIENTED_EDGE('',*,*,#1726,.T.);
#2875=ORIENTED_EDGE('',*,*,#1890,.T.);
#2876=ORIENTED_EDGE('',*,*,#1926,.F.);
#2877=ORIENTED_EDGE('',*,*,#2036,.F.);
#2878=ORIENTED_EDGE('',*,*,#2034,.T.);
#2879=ORIENTED_EDGE('',*,*,#1887,.T.);
#2880=ORIENTED_EDGE('',*,*,#2037,.F.);
#2881=ORIENTED_EDGE('',*,*,#2038,.F.);
#2882=ORIENTED_EDGE('',*,*,#1813,.T.);
#2883=ORIENTED_EDGE('',*,*,#1886,.T.);
#2884=ORIENTED_EDGE('',*,*,#1916,.F.);
#2885=ORIENTED_EDGE('',*,*,#2039,.F.);
#2886=ORIENTED_EDGE('',*,*,#2037,.T.);
#2887=ORIENTED_EDGE('',*,*,#1883,.T.);
#2888=ORIENTED_EDGE('',*,*,#2040,.F.);
#2889=ORIENTED_EDGE('',*,*,#2041,.F.);
#2890=ORIENTED_EDGE('',*,*,#1820,.T.);
#2891=ORIENTED_EDGE('',*,*,#1882,.T.);
#2892=ORIENTED_EDGE('',*,*,#1906,.F.);
#2893=ORIENTED_EDGE('',*,*,#2042,.F.);
#2894=ORIENTED_EDGE('',*,*,#2040,.T.);
#2895=ORIENTED_EDGE('',*,*,#1879,.T.);
#2896=ORIENTED_EDGE('',*,*,#1901,.F.);
#2897=ORIENTED_EDGE('',*,*,#2043,.F.);
#2898=ORIENTED_EDGE('',*,*,#1827,.T.);
#2899=ORIENTED_EDGE('',*,*,#1875,.T.);
#2900=ORIENTED_EDGE('',*,*,#1910,.F.);
#2901=ORIENTED_EDGE('',*,*,#2044,.F.);
#2902=ORIENTED_EDGE('',*,*,#1806,.T.);
#2903=ORIENTED_EDGE('',*,*,#1871,.T.);
#2904=ORIENTED_EDGE('',*,*,#1920,.F.);
#2905=ORIENTED_EDGE('',*,*,#2045,.F.);
#2906=ORIENTED_EDGE('',*,*,#1799,.T.);
#2907=ORIENTED_EDGE('',*,*,#1867,.T.);
#2908=ORIENTED_EDGE('',*,*,#1931,.F.);
#2909=ORIENTED_EDGE('',*,*,#2046,.F.);
#2910=ORIENTED_EDGE('',*,*,#1792,.T.);
#2911=ORIENTED_EDGE('',*,*,#1863,.T.);
#2912=ORIENTED_EDGE('',*,*,#1941,.F.);
#2913=ORIENTED_EDGE('',*,*,#2047,.F.);
#2914=ORIENTED_EDGE('',*,*,#1785,.T.);
#2915=ORIENTED_EDGE('',*,*,#1859,.T.);
#2916=ORIENTED_EDGE('',*,*,#1951,.F.);
#2917=ORIENTED_EDGE('',*,*,#2048,.F.);
#2918=ORIENTED_EDGE('',*,*,#1778,.T.);
#2919=ORIENTED_EDGE('',*,*,#1855,.T.);
#2920=ORIENTED_EDGE('',*,*,#1961,.F.);
#2921=ORIENTED_EDGE('',*,*,#2049,.F.);
#2922=ORIENTED_EDGE('',*,*,#1775,.T.);
#2923=ORIENTED_EDGE('',*,*,#1851,.T.);
#2924=ORIENTED_EDGE('',*,*,#1974,.F.);
#2925=ORIENTED_EDGE('',*,*,#2050,.F.);
#2926=ORIENTED_EDGE('',*,*,#1768,.T.);
#2927=ORIENTED_EDGE('',*,*,#1832,.T.);
#2928=ORIENTED_EDGE('',*,*,#1801,.T.);
#2929=ORIENTED_EDGE('',*,*,#1807,.T.);
#2930=ORIENTED_EDGE('',*,*,#2044,.T.);
#2931=ORIENTED_EDGE('',*,*,#2051,.F.);
#2932=ORIENTED_EDGE('',*,*,#1903,.T.);
#2933=ORIENTED_EDGE('',*,*,#1907,.T.);
#2934=ORIENTED_EDGE('',*,*,#1794,.T.);
#2935=ORIENTED_EDGE('',*,*,#1800,.T.);
#2936=ORIENTED_EDGE('',*,*,#2045,.T.);
#2937=ORIENTED_EDGE('',*,*,#2052,.F.);
#2938=ORIENTED_EDGE('',*,*,#1913,.T.);
#2939=ORIENTED_EDGE('',*,*,#1917,.T.);
#2940=ORIENTED_EDGE('',*,*,#1787,.T.);
#2941=ORIENTED_EDGE('',*,*,#1793,.T.);
#2942=ORIENTED_EDGE('',*,*,#2046,.T.);
#2943=ORIENTED_EDGE('',*,*,#2053,.F.);
#2944=ORIENTED_EDGE('',*,*,#1923,.T.);
#2945=ORIENTED_EDGE('',*,*,#1927,.T.);
#2946=ORIENTED_EDGE('',*,*,#1780,.T.);
#2947=ORIENTED_EDGE('',*,*,#1786,.T.);
#2948=ORIENTED_EDGE('',*,*,#2047,.T.);
#2949=ORIENTED_EDGE('',*,*,#2054,.F.);
#2950=ORIENTED_EDGE('',*,*,#1936,.T.);
#2951=ORIENTED_EDGE('',*,*,#1938,.T.);
#2952=ORIENTED_EDGE('',*,*,#1717,.T.);
#2953=ORIENTED_EDGE('',*,*,#1779,.T.);
#2954=ORIENTED_EDGE('',*,*,#2048,.T.);
#2955=ORIENTED_EDGE('',*,*,#2055,.F.);
#2956=ORIENTED_EDGE('',*,*,#1946,.T.);
#2957=ORIENTED_EDGE('',*,*,#1948,.T.);
#2958=ORIENTED_EDGE('',*,*,#1770,.T.);
#2959=ORIENTED_EDGE('',*,*,#1776,.T.);
#2960=ORIENTED_EDGE('',*,*,#2049,.T.);
#2961=ORIENTED_EDGE('',*,*,#2056,.F.);
#2962=ORIENTED_EDGE('',*,*,#1956,.T.);
#2963=ORIENTED_EDGE('',*,*,#1958,.T.);
#2964=ORIENTED_EDGE('',*,*,#1763,.T.);
#2965=ORIENTED_EDGE('',*,*,#1769,.T.);
#2966=ORIENTED_EDGE('',*,*,#2050,.T.);
#2967=ORIENTED_EDGE('',*,*,#2057,.F.);
#2968=ORIENTED_EDGE('',*,*,#1966,.T.);
#2969=ORIENTED_EDGE('',*,*,#1968,.T.);
#2970=ORIENTED_EDGE('',*,*,#1756,.T.);
#2971=ORIENTED_EDGE('',*,*,#1762,.T.);
#2972=ORIENTED_EDGE('',*,*,#2019,.T.);
#2973=ORIENTED_EDGE('',*,*,#2058,.F.);
#2974=ORIENTED_EDGE('',*,*,#1977,.T.);
#2975=ORIENTED_EDGE('',*,*,#1978,.T.);
#2976=ORIENTED_EDGE('',*,*,#1749,.T.);
#2977=ORIENTED_EDGE('',*,*,#1755,.T.);
#2978=ORIENTED_EDGE('',*,*,#2022,.T.);
#2979=ORIENTED_EDGE('',*,*,#2059,.F.);
#2980=ORIENTED_EDGE('',*,*,#1970,.T.);
#2981=ORIENTED_EDGE('',*,*,#1975,.T.);
#2982=ORIENTED_EDGE('',*,*,#1742,.T.);
#2983=ORIENTED_EDGE('',*,*,#1748,.T.);
#2984=ORIENTED_EDGE('',*,*,#2025,.T.);
#2985=ORIENTED_EDGE('',*,*,#2060,.F.);
#2986=ORIENTED_EDGE('',*,*,#1963,.T.);
#2987=ORIENTED_EDGE('',*,*,#1967,.T.);
#2988=ORIENTED_EDGE('',*,*,#1735,.T.);
#2989=ORIENTED_EDGE('',*,*,#1741,.T.);
#2990=ORIENTED_EDGE('',*,*,#2028,.T.);
#2991=ORIENTED_EDGE('',*,*,#2061,.F.);
#2992=ORIENTED_EDGE('',*,*,#1953,.T.);
#2993=ORIENTED_EDGE('',*,*,#1957,.T.);
#2994=ORIENTED_EDGE('',*,*,#1728,.T.);
#2995=ORIENTED_EDGE('',*,*,#1734,.T.);
#2996=ORIENTED_EDGE('',*,*,#2032,.T.);
#2997=ORIENTED_EDGE('',*,*,#2062,.F.);
#2998=ORIENTED_EDGE('',*,*,#1943,.T.);
#2999=ORIENTED_EDGE('',*,*,#1947,.T.);
#3000=ORIENTED_EDGE('',*,*,#1721,.T.);
#3001=ORIENTED_EDGE('',*,*,#1727,.T.);
#3002=ORIENTED_EDGE('',*,*,#2035,.T.);
#3003=ORIENTED_EDGE('',*,*,#2063,.F.);
#3004=ORIENTED_EDGE('',*,*,#1933,.T.);
#3005=ORIENTED_EDGE('',*,*,#1937,.T.);
#3006=ORIENTED_EDGE('',*,*,#1808,.T.);
#3007=ORIENTED_EDGE('',*,*,#1814,.T.);
#3008=ORIENTED_EDGE('',*,*,#2038,.T.);
#3009=ORIENTED_EDGE('',*,*,#2064,.F.);
#3010=ORIENTED_EDGE('',*,*,#1925,.T.);
#3011=ORIENTED_EDGE('',*,*,#1928,.T.);
#3012=ORIENTED_EDGE('',*,*,#1815,.T.);
#3013=ORIENTED_EDGE('',*,*,#1821,.T.);
#3014=ORIENTED_EDGE('',*,*,#2041,.T.);
#3015=ORIENTED_EDGE('',*,*,#2065,.F.);
#3016=ORIENTED_EDGE('',*,*,#1915,.T.);
#3017=ORIENTED_EDGE('',*,*,#1921,.T.);
#3018=ORIENTED_EDGE('',*,*,#1822,.T.);
#3019=ORIENTED_EDGE('',*,*,#1828,.T.);
#3020=ORIENTED_EDGE('',*,*,#2043,.T.);
#3021=ORIENTED_EDGE('',*,*,#2066,.F.);
#3022=ORIENTED_EDGE('',*,*,#1905,.T.);
#3023=ORIENTED_EDGE('',*,*,#1911,.T.);
#3024=ORIENTED_EDGE('',*,*,#2030,.T.);
#3025=ORIENTED_EDGE('',*,*,#2067,.T.);
#3026=ORIENTED_EDGE('',*,*,#1990,.T.);
#3027=ORIENTED_EDGE('',*,*,#2067,.F.);
#3028=ORIENTED_EDGE('',*,*,#2029,.T.);
#3029=ORIENTED_EDGE('',*,*,#2062,.T.);
#3030=ORIENTED_EDGE('',*,*,#2033,.T.);
#3031=ORIENTED_EDGE('',*,*,#2063,.T.);
#3032=ORIENTED_EDGE('',*,*,#2036,.T.);
#3033=ORIENTED_EDGE('',*,*,#2064,.T.);
#3034=ORIENTED_EDGE('',*,*,#2039,.T.);
#3035=ORIENTED_EDGE('',*,*,#2065,.T.);
#3036=ORIENTED_EDGE('',*,*,#2042,.T.);
#3037=ORIENTED_EDGE('',*,*,#2066,.T.);
#3038=ORIENTED_EDGE('',*,*,#1900,.T.);
#3039=ORIENTED_EDGE('',*,*,#2051,.T.);
#3040=ORIENTED_EDGE('',*,*,#1909,.T.);
#3041=ORIENTED_EDGE('',*,*,#2052,.T.);
#3042=ORIENTED_EDGE('',*,*,#1919,.T.);
#3043=ORIENTED_EDGE('',*,*,#2053,.T.);
#3044=ORIENTED_EDGE('',*,*,#1930,.T.);
#3045=ORIENTED_EDGE('',*,*,#2054,.T.);
#3046=ORIENTED_EDGE('',*,*,#1940,.T.);
#3047=ORIENTED_EDGE('',*,*,#2055,.T.);
#3048=ORIENTED_EDGE('',*,*,#1950,.T.);
#3049=ORIENTED_EDGE('',*,*,#2056,.T.);
#3050=ORIENTED_EDGE('',*,*,#1960,.T.);
#3051=ORIENTED_EDGE('',*,*,#2057,.T.);
#3052=ORIENTED_EDGE('',*,*,#1973,.T.);
#3053=ORIENTED_EDGE('',*,*,#2058,.T.);
#3054=ORIENTED_EDGE('',*,*,#2020,.T.);
#3055=ORIENTED_EDGE('',*,*,#2059,.T.);
#3056=ORIENTED_EDGE('',*,*,#2023,.T.);
#3057=ORIENTED_EDGE('',*,*,#2060,.T.);
#3058=ORIENTED_EDGE('',*,*,#2026,.T.);
#3059=ORIENTED_EDGE('',*,*,#2061,.T.);
#3060=PLANE('',#3396);
#3061=PLANE('',#3409);
#3062=PLANE('',#3414);
#3063=PLANE('',#3415);
#3064=PLANE('',#3416);
#3065=PLANE('',#3417);
#3066=PLANE('',#3418);
#3067=PLANE('',#3419);
#3068=PLANE('',#3424);
#3069=PLANE('',#3427);
#3070=PLANE('',#3429);
#3071=PLANE('',#3431);
#3072=PLANE('',#3440);
#3073=PLANE('',#3444);
#3074=PLANE('',#3464);
#3075=PLANE('',#3465);
#3076=PLANE('',#3466);
#3077=PLANE('',#3467);
#3078=PLANE('',#3468);
#3079=PLANE('',#3469);
#3080=PLANE('',#3470);
#3081=PLANE('',#3471);
#3082=PLANE('',#3472);
#3083=PLANE('',#3473);
#3084=PLANE('',#3474);
#3085=PLANE('',#3475);
#3086=PLANE('',#3476);
#3087=PLANE('',#3477);
#3088=PLANE('',#3478);
#3089=PLANE('',#3479);
#3090=PLANE('',#3480);
#3091=PLANE('',#3481);
#3092=PLANE('',#3482);
#3093=PLANE('',#3483);
#3094=PLANE('',#3484);
#3095=PLANE('',#3485);
#3096=PLANE('',#3486);
#3097=PLANE('',#3487);
#3098=PLANE('',#3488);
#3099=PLANE('',#3495);
#3100=PLANE('',#3498);
#3101=PLANE('',#3501);
#3102=PLANE('',#3504);
#3103=PLANE('',#3507);
#3104=PLANE('',#3510);
#3105=PLANE('',#3513);
#3106=PLANE('',#3516);
#3107=PLANE('',#3517);
#3108=PLANE('',#3520);
#3109=PLANE('',#3523);
#3110=PLANE('',#3526);
#3111=PLANE('',#3529);
#3112=PLANE('',#3532);
#3113=PLANE('',#3535);
#3114=PLANE('',#3538);
#3115=PLANE('',#3542);
#3116=PLANE('',#3564);
#3117=PLANE('',#3565);
#3118=PLANE('',#3566);
#3119=PLANE('',#3569);
#3120=PLANE('',#3570);
#3121=PLANE('',#3571);
#3122=PLANE('',#3572);
#3123=PLANE('',#3575);
#3124=PLANE('',#3576);
#3125=PLANE('',#3577);
#3126=PLANE('',#3578);
#3127=PLANE('',#3579);
#3128=PLANE('',#3582);
#3129=PLANE('',#3583);
#3130=PLANE('',#3584);
#3131=PLANE('',#3585);
#3132=PLANE('',#3588);
#3133=PLANE('',#3589);
#3134=PLANE('',#3590);
#3135=PLANE('',#3591);
#3136=PLANE('',#3594);
#3137=PLANE('',#3595);
#3138=PLANE('',#3596);
#3139=PLANE('',#3597);
#3140=PLANE('',#3600);
#3141=PLANE('',#3601);
#3142=PLANE('',#3602);
#3143=PLANE('',#3603);
#3144=PLANE('',#3604);
#3145=PLANE('',#3607);
#3146=PLANE('',#3608);
#3147=PLANE('',#3609);
#3148=PLANE('',#3617);
#3149=PLANE('',#3626);
#3150=PLANE('',#3627);
#3151=PLANE('',#3628);
#3152=PLANE('',#3629);
#3153=PLANE('',#3630);
#3154=PLANE('',#3631);
#3155=PLANE('',#3636);
#3156=PLANE('',#3638);
#3157=PLANE('',#3640);
#3158=PLANE('',#3642);
#3159=PLANE('',#3646);
#3160=PLANE('',#3649);
#3161=PLANE('',#3652);
#3162=PLANE('',#3655);
#3163=PLANE('',#3659);
#3164=PLANE('',#3662);
#3165=PLANE('',#3665);
#3166=PLANE('',#3668);
#3167=PLANE('',#3671);
#3168=PLANE('',#3672);
#3169=PLANE('',#3673);
#3170=PLANE('',#3674);
#3171=PLANE('',#3675);
#3172=PLANE('',#3676);
#3173=PLANE('',#3677);
#3174=PLANE('',#3678);
#3175=PLANE('',#3679);
#3176=PLANE('',#3680);
#3177=PLANE('',#3682);
#3178=PLANE('',#3684);
#3179=PLANE('',#3686);
#3180=PLANE('',#3688);
#3181=PLANE('',#3690);
#3182=PLANE('',#3692);
#3183=PLANE('',#3694);
#3184=PLANE('',#3696);
#3185=PLANE('',#3698);
#3186=PLANE('',#3700);
#3187=PLANE('',#3702);
#3188=PLANE('',#3704);
#3189=PLANE('',#3706);
#3190=PLANE('',#3708);
#3191=PLANE('',#3710);
#3192=ADVANCED_FACE('',(#741,#733),#3060,.F.);
#3193=ADVANCED_FACE('',(#742),#688,.F.);
#3194=ADVANCED_FACE('',(#743),#689,.F.);
#3195=ADVANCED_FACE('',(#744),#96,.F.);
#3196=ADVANCED_FACE('',(#745),#690,.F.);
#3197=ADVANCED_FACE('',(#746,#734),#3061,.F.);
#3198=ADVANCED_FACE('',(#747,#735),#3062,.F.);
#3199=ADVANCED_FACE('',(#748),#3063,.T.);
#3200=ADVANCED_FACE('',(#749),#3064,.T.);
#3201=ADVANCED_FACE('',(#750),#3065,.T.);
#3202=ADVANCED_FACE('',(#751),#3066,.T.);
#3203=ADVANCED_FACE('',(#752,#736),#3067,.T.);
#3204=ADVANCED_FACE('',(#753),#3068,.T.);
#3205=ADVANCED_FACE('',(#754),#3069,.T.);
#3206=ADVANCED_FACE('',(#755),#3070,.T.);
#3207=ADVANCED_FACE('',(#756),#3071,.T.);
#3208=ADVANCED_FACE('',(#757),#691,.T.);
#3209=ADVANCED_FACE('',(#758),#97,.T.);
#3210=ADVANCED_FACE('',(#759),#3072,.F.);
#3211=ADVANCED_FACE('',(#760),#3073,.F.);
#3212=ADVANCED_FACE('',(#761),#692,.T.);
#3213=ADVANCED_FACE('',(#762),#98,.T.);
#3214=ADVANCED_FACE('',(#763),#99,.T.);
#3215=ADVANCED_FACE('',(#764),#100,.T.);
#3216=ADVANCED_FACE('',(#765),#101,.T.);
#3217=ADVANCED_FACE('',(#766),#693,.T.);
#3218=ADVANCED_FACE('',(#767),#694,.T.);
#3219=ADVANCED_FACE('',(#768),#102,.T.);
#3220=ADVANCED_FACE('',(#769),#103,.T.);
#3221=ADVANCED_FACE('',(#770),#3074,.T.);
#3222=ADVANCED_FACE('',(#771),#3075,.T.);
#3223=ADVANCED_FACE('',(#772,#737),#3076,.T.);
#3224=ADVANCED_FACE('',(#773),#3077,.T.);
#3225=ADVANCED_FACE('',(#774),#3078,.T.);
#3226=ADVANCED_FACE('',(#775),#3079,.T.);
#3227=ADVANCED_FACE('',(#776),#3080,.T.);
#3228=ADVANCED_FACE('',(#777),#3081,.T.);
#3229=ADVANCED_FACE('',(#778),#3082,.T.);
#3230=ADVANCED_FACE('',(#779),#3083,.T.);
#3231=ADVANCED_FACE('',(#780),#3084,.T.);
#3232=ADVANCED_FACE('',(#781),#3085,.T.);
#3233=ADVANCED_FACE('',(#782),#3086,.T.);
#3234=ADVANCED_FACE('',(#783),#3087,.T.);
#3235=ADVANCED_FACE('',(#784),#3088,.T.);
#3236=ADVANCED_FACE('',(#785),#3089,.T.);
#3237=ADVANCED_FACE('',(#786),#3090,.T.);
#3238=ADVANCED_FACE('',(#787),#3091,.T.);
#3239=ADVANCED_FACE('',(#788),#3092,.T.);
#3240=ADVANCED_FACE('',(#789),#3093,.T.);
#3241=ADVANCED_FACE('',(#790),#3094,.T.);
#3242=ADVANCED_FACE('',(#791),#3095,.T.);
#3243=ADVANCED_FACE('',(#792),#3096,.T.);
#3244=ADVANCED_FACE('',(#793),#3097,.T.);
#3245=ADVANCED_FACE('',(#794),#3098,.T.);
#3246=ADVANCED_FACE('',(#795),#695,.T.);
#3247=ADVANCED_FACE('',(#796),#696,.T.);
#3248=ADVANCED_FACE('',(#797),#697,.F.);
#3249=ADVANCED_FACE('',(#798),#698,.F.);
#3250=ADVANCED_FACE('',(#799),#3099,.T.);
#3251=ADVANCED_FACE('',(#800),#699,.F.);
#3252=ADVANCED_FACE('',(#801),#3100,.T.);
#3253=ADVANCED_FACE('',(#802),#700,.F.);
#3254=ADVANCED_FACE('',(#803),#3101,.T.);
#3255=ADVANCED_FACE('',(#804),#701,.F.);
#3256=ADVANCED_FACE('',(#805),#3102,.T.);
#3257=ADVANCED_FACE('',(#806),#702,.F.);
#3258=ADVANCED_FACE('',(#807),#3103,.T.);
#3259=ADVANCED_FACE('',(#808),#703,.F.);
#3260=ADVANCED_FACE('',(#809),#3104,.T.);
#3261=ADVANCED_FACE('',(#810),#704,.F.);
#3262=ADVANCED_FACE('',(#811),#3105,.T.);
#3263=ADVANCED_FACE('',(#812),#705,.F.);
#3264=ADVANCED_FACE('',(#813),#3106,.T.);
#3265=ADVANCED_FACE('',(#814),#3107,.T.);
#3266=ADVANCED_FACE('',(#815),#706,.F.);
#3267=ADVANCED_FACE('',(#816),#3108,.T.);
#3268=ADVANCED_FACE('',(#817),#707,.F.);
#3269=ADVANCED_FACE('',(#818),#3109,.T.);
#3270=ADVANCED_FACE('',(#819),#708,.F.);
#3271=ADVANCED_FACE('',(#820),#3110,.T.);
#3272=ADVANCED_FACE('',(#821),#709,.F.);
#3273=ADVANCED_FACE('',(#822),#3111,.T.);
#3274=ADVANCED_FACE('',(#823),#710,.F.);
#3275=ADVANCED_FACE('',(#824),#3112,.T.);
#3276=ADVANCED_FACE('',(#825),#711,.F.);
#3277=ADVANCED_FACE('',(#826),#3113,.T.);
#3278=ADVANCED_FACE('',(#827),#712,.F.);
#3279=ADVANCED_FACE('',(#828),#3114,.T.);
#3280=ADVANCED_FACE('',(#829),#713,.F.);
#3281=ADVANCED_FACE('',(#830),#3115,.F.);
#3282=ADVANCED_FACE('',(#831),#104,.T.);
#3283=ADVANCED_FACE('',(#832),#714,.T.);
#3284=ADVANCED_FACE('',(#833),#3116,.T.);
#3285=ADVANCED_FACE('',(#834),#3117,.T.);
#3286=ADVANCED_FACE('',(#835),#3118,.T.);
#3287=ADVANCED_FACE('',(#836),#715,.T.);
#3288=ADVANCED_FACE('',(#837),#3119,.T.);
#3289=ADVANCED_FACE('',(#838),#3120,.T.);
#3290=ADVANCED_FACE('',(#839),#3121,.T.);
#3291=ADVANCED_FACE('',(#840),#3122,.T.);
#3292=ADVANCED_FACE('',(#841),#716,.T.);
#3293=ADVANCED_FACE('',(#842),#3123,.T.);
#3294=ADVANCED_FACE('',(#843),#3124,.T.);
#3295=ADVANCED_FACE('',(#844),#3125,.T.);
#3296=ADVANCED_FACE('',(#845),#3126,.T.);
#3297=ADVANCED_FACE('',(#846),#3127,.T.);
#3298=ADVANCED_FACE('',(#847),#717,.T.);
#3299=ADVANCED_FACE('',(#848),#3128,.T.);
#3300=ADVANCED_FACE('',(#849),#3129,.T.);
#3301=ADVANCED_FACE('',(#850),#3130,.T.);
#3302=ADVANCED_FACE('',(#851),#3131,.T.);
#3303=ADVANCED_FACE('',(#852),#718,.T.);
#3304=ADVANCED_FACE('',(#853),#3132,.T.);
#3305=ADVANCED_FACE('',(#854),#3133,.T.);
#3306=ADVANCED_FACE('',(#855),#3134,.T.);
#3307=ADVANCED_FACE('',(#856),#3135,.T.);
#3308=ADVANCED_FACE('',(#857),#719,.T.);
#3309=ADVANCED_FACE('',(#858),#3136,.T.);
#3310=ADVANCED_FACE('',(#859),#3137,.T.);
#3311=ADVANCED_FACE('',(#860),#3138,.T.);
#3312=ADVANCED_FACE('',(#861),#3139,.T.);
#3313=ADVANCED_FACE('',(#862),#720,.T.);
#3314=ADVANCED_FACE('',(#863),#3140,.T.);
#3315=ADVANCED_FACE('',(#864),#3141,.T.);
#3316=ADVANCED_FACE('',(#865),#3142,.T.);
#3317=ADVANCED_FACE('',(#866),#3143,.T.);
#3318=ADVANCED_FACE('',(#867),#3144,.T.);
#3319=ADVANCED_FACE('',(#868),#721,.T.);
#3320=ADVANCED_FACE('',(#869),#3145,.T.);
#3321=ADVANCED_FACE('',(#870),#3146,.T.);
#3322=ADVANCED_FACE('',(#871),#3147,.T.);
#3323=ADVANCED_FACE('',(#872),#13,.T.);
#3324=ADVANCED_FACE('',(#873),#722,.T.);
#3325=ADVANCED_FACE('',(#874,#738),#3148,.F.);
#3326=ADVANCED_FACE('',(#875),#14,.T.);
#3327=ADVANCED_FACE('',(#876),#723,.T.);
#3328=ADVANCED_FACE('',(#877,#739),#3149,.F.);
#3329=ADVANCED_FACE('',(#878),#3150,.F.);
#3330=ADVANCED_FACE('',(#879),#3151,.F.);
#3331=ADVANCED_FACE('',(#880),#3152,.F.);
#3332=ADVANCED_FACE('',(#881),#3153,.F.);
#3333=ADVANCED_FACE('',(#882,#740),#3154,.T.);
#3334=ADVANCED_FACE('',(#883),#3155,.T.);
#3335=ADVANCED_FACE('',(#884),#3156,.T.);
#3336=ADVANCED_FACE('',(#885),#3157,.T.);
#3337=ADVANCED_FACE('',(#886),#3158,.T.);
#3338=ADVANCED_FACE('',(#887),#724,.F.);
#3339=ADVANCED_FACE('',(#888),#3159,.T.);
#3340=ADVANCED_FACE('',(#889),#725,.T.);
#3341=ADVANCED_FACE('',(#890),#3160,.T.);
#3342=ADVANCED_FACE('',(#891),#726,.T.);
#3343=ADVANCED_FACE('',(#892),#3161,.T.);
#3344=ADVANCED_FACE('',(#893),#727,.T.);
#3345=ADVANCED_FACE('',(#894),#3162,.T.);
#3346=ADVANCED_FACE('',(#895),#728,.T.);
#3347=ADVANCED_FACE('',(#896),#3163,.T.);
#3348=ADVANCED_FACE('',(#897),#729,.T.);
#3349=ADVANCED_FACE('',(#898),#3164,.T.);
#3350=ADVANCED_FACE('',(#899),#730,.T.);
#3351=ADVANCED_FACE('',(#900),#3165,.T.);
#3352=ADVANCED_FACE('',(#901),#731,.T.);
#3353=ADVANCED_FACE('',(#902),#3166,.T.);
#3354=ADVANCED_FACE('',(#903),#732,.T.);
#3355=ADVANCED_FACE('',(#904),#3167,.T.);
#3356=ADVANCED_FACE('',(#905),#3168,.T.);
#3357=ADVANCED_FACE('',(#906),#3169,.T.);
#3358=ADVANCED_FACE('',(#907),#3170,.T.);
#3359=ADVANCED_FACE('',(#908),#3171,.T.);
#3360=ADVANCED_FACE('',(#909),#3172,.T.);
#3361=ADVANCED_FACE('',(#910),#3173,.T.);
#3362=ADVANCED_FACE('',(#911),#3174,.T.);
#3363=ADVANCED_FACE('',(#912),#3175,.T.);
#3364=ADVANCED_FACE('',(#913),#3176,.T.);
#3365=ADVANCED_FACE('',(#914),#3177,.T.);
#3366=ADVANCED_FACE('',(#915),#3178,.T.);
#3367=ADVANCED_FACE('',(#916),#3179,.T.);
#3368=ADVANCED_FACE('',(#917),#3180,.T.);
#3369=ADVANCED_FACE('',(#918),#3181,.T.);
#3370=ADVANCED_FACE('',(#919),#3182,.T.);
#3371=ADVANCED_FACE('',(#920),#3183,.T.);
#3372=ADVANCED_FACE('',(#921),#3184,.T.);
#3373=ADVANCED_FACE('',(#922),#3185,.T.);
#3374=ADVANCED_FACE('',(#923),#3186,.T.);
#3375=ADVANCED_FACE('',(#924),#3187,.T.);
#3376=ADVANCED_FACE('',(#925),#3188,.T.);
#3377=ADVANCED_FACE('',(#926),#3189,.T.);
#3378=ADVANCED_FACE('',(#927),#3190,.T.);
#3379=ADVANCED_FACE('',(#928),#3191,.T.);
#3380=ADVANCED_FACE('',(#929),#105,.T.);
#3381=CLOSED_SHELL('',(#3192,#3193,#3194,#3195,#3196,#3197,#3198,#3199,
#3200,#3201,#3202,#3203,#3204,#3205,#3206,#3207,#3208,#3209,#3210,#3211,
#3212,#3213,#3214,#3215,#3216,#3217,#3218,#3219,#3220,#3221,#3222,#3223,
#3224,#3225,#3226,#3227,#3228,#3229,#3230,#3231,#3232,#3233,#3234,#3235,
#3236,#3237,#3238,#3239,#3240,#3241,#3242,#3243,#3244,#3245,#3246,#3247));
#3382=CLOSED_SHELL('',(#3248,#3249,#3250,#3251,#3252,#3253,#3254,#3255,
#3256,#3257,#3258,#3259,#3260,#3261,#3262,#3263,#3264,#3265,#3266,#3267,
#3268,#3269,#3270,#3271,#3272,#3273,#3274,#3275,#3276,#3277,#3278,#3279,
#3280,#3281,#3282,#3283,#3284,#3285,#3286,#3287,#3288,#3289,#3290,#3291,
#3292,#3293,#3294,#3295,#3296,#3297,#3298,#3299,#3300,#3301,#3302,#3303,
#3304,#3305,#3306,#3307,#3308,#3309,#3310,#3311,#3312,#3313,#3314,#3315,
#3316,#3317,#3318,#3319,#3320,#3321,#3322,#3323,#3324,#3325,#3326,#3327,
#3328,#3329,#3330,#3331,#3332,#3333,#3334,#3335,#3336,#3337,#3338,#3339,
#3340,#3341,#3342,#3343,#3344,#3345,#3346,#3347,#3348,#3349,#3350,#3351,
#3352,#3353,#3354,#3355,#3356,#3357,#3358,#3359,#3360,#3361,#3362,#3363,
#3364,#3365,#3366,#3367,#3368,#3369,#3370,#3371,#3372,#3373,#3374,#3375,
#3376,#3377,#3378,#3379,#3380));
#3383=DERIVED_UNIT_ELEMENT(#3385,1.);
#3384=DERIVED_UNIT_ELEMENT(#6046,-3.);
#3385=(
MASS_UNIT()
NAMED_UNIT(*)
SI_UNIT(.KILO.,.GRAM.)
);
#3386=DERIVED_UNIT((#3383,#3384));
#3387=MEASURE_REPRESENTATION_ITEM('density measure',
POSITIVE_RATIO_MEASURE(7850.),#3386);
#3388=PROPERTY_DEFINITION_REPRESENTATION(#3393,#3390);
#3389=PROPERTY_DEFINITION_REPRESENTATION(#3394,#3391);
#3390=REPRESENTATION('material name',(#3392),#6043);
#3391=REPRESENTATION('density',(#3387),#6043);
#3392=DESCRIPTIVE_REPRESENTATION_ITEM('Steel','Steel');
#3393=PROPERTY_DEFINITION('material property','material name',#6053);
#3394=PROPERTY_DEFINITION('material property','density of part',#6053);
#3395=AXIS2_PLACEMENT_3D('',#4640,#3713,#3714);
#3396=AXIS2_PLACEMENT_3D('',#4641,#3715,#3716);
#3397=AXIS2_PLACEMENT_3D('',#4643,#3717,#3718);
#3398=AXIS2_PLACEMENT_3D('',#4645,#3719,#3720);
#3399=AXIS2_PLACEMENT_3D('',#4646,#3721,#3722);
#3400=AXIS2_PLACEMENT_3D('',#4648,#3723,#3724);
#3401=AXIS2_PLACEMENT_3D('',#4650,#3726,#3727);
#3402=AXIS2_PLACEMENT_3D('',#4653,#3729,#3730);
#3403=AXIS2_PLACEMENT_3D('',#4654,#3731,#3732);
#3404=AXIS2_PLACEMENT_3D('',#4656,#3733,#3734);
#3405=AXIS2_PLACEMENT_3D('',#4660,#3736,#3737);
#3406=AXIS2_PLACEMENT_3D('',#4661,#3738,#3739);
#3407=AXIS2_PLACEMENT_3D('',#4662,#3740,#3741);
#3408=AXIS2_PLACEMENT_3D('',#4665,#3743,#3744);
#3409=AXIS2_PLACEMENT_3D('',#4666,#3745,#3746);
#3410=AXIS2_PLACEMENT_3D('',#4669,#3747,#3748);
#3411=AXIS2_PLACEMENT_3D('',#4671,#3749,#3750);
#3412=AXIS2_PLACEMENT_3D('',#4673,#3751,#3752);
#3413=AXIS2_PLACEMENT_3D('',#4674,#3753,#3754);
#3414=AXIS2_PLACEMENT_3D('',#4675,#3755,#3756);
#3415=AXIS2_PLACEMENT_3D('',#4676,#3757,#3758);
#3416=AXIS2_PLACEMENT_3D('',#4685,#3763,#3764);
#3417=AXIS2_PLACEMENT_3D('',#4694,#3769,#3770);
#3418=AXIS2_PLACEMENT_3D('',#4703,#3775,#3776);
#3419=AXIS2_PLACEMENT_3D('',#4712,#3781,#3782);
#3420=AXIS2_PLACEMENT_3D('',#4713,#3783,#3784);
#3421=AXIS2_PLACEMENT_3D('',#4714,#3785,#3786);
#3422=AXIS2_PLACEMENT_3D('',#4715,#3787,#3788);
#3423=AXIS2_PLACEMENT_3D('',#4716,#3789,#3790);
#3424=AXIS2_PLACEMENT_3D('',#4717,#3791,#3792);
#3425=AXIS2_PLACEMENT_3D('',#4719,#3793,#3794);
#3426=AXIS2_PLACEMENT_3D('',#4720,#3795,#3796);
#3427=AXIS2_PLACEMENT_3D('',#4721,#3797,#3798);
#3428=AXIS2_PLACEMENT_3D('',#4722,#3799,#3800);
#3429=AXIS2_PLACEMENT_3D('',#4723,#3801,#3802);
#3430=AXIS2_PLACEMENT_3D('',#4724,#3803,#3804);
#3431=AXIS2_PLACEMENT_3D('',#4725,#3805,#3806);
#3432=AXIS2_PLACEMENT_3D('',#4726,#3807,#3808);
#3433=AXIS2_PLACEMENT_3D('',#4727,#3809,#3810);
#3434=AXIS2_PLACEMENT_3D('',#4730,#3812,#3813);
#3435=AXIS2_PLACEMENT_3D('',#4731,#3814,#3815);
#3436=AXIS2_PLACEMENT_3D('',#4733,#3816,#3817);
#3437=AXIS2_PLACEMENT_3D('',#4737,#3819,#3820);
#3438=AXIS2_PLACEMENT_3D('',#4739,#3821,#3822);
#3439=AXIS2_PLACEMENT_3D('',#4740,#3823,#3824);
#3440=AXIS2_PLACEMENT_3D('',#4741,#3825,#3826);
#3441=AXIS2_PLACEMENT_3D('',#4743,#3827,#3828);
#3442=AXIS2_PLACEMENT_3D('',#4745,#3829,#3830);
#3443=AXIS2_PLACEMENT_3D('',#4746,#3831,#3832);
#3444=AXIS2_PLACEMENT_3D('',#4747,#3833,#3834);
#3445=AXIS2_PLACEMENT_3D('',#4749,#3835,#3836);
#3446=AXIS2_PLACEMENT_3D('',#4751,#3837,#3838);
#3447=AXIS2_PLACEMENT_3D('',#4752,#3839,#3840);
#3448=AXIS2_PLACEMENT_3D('',#4753,#3841,#3842);
#3449=AXIS2_PLACEMENT_3D('',#4755,#3843,#3844);
#3450=AXIS2_PLACEMENT_3D('',#4757,#3846,#3847);
#3451=AXIS2_PLACEMENT_3D('',#4760,#3848,#3849);
#3452=AXIS2_PLACEMENT_3D('',#4769,#3850,#3851);
#3453=AXIS2_PLACEMENT_3D('',#4775,#3852,#3853);
#3454=AXIS2_PLACEMENT_3D('',#4776,#3854,#3855);
#3455=AXIS2_PLACEMENT_3D('',#4778,#3856,#3857);
#3456=AXIS2_PLACEMENT_3D('',#4783,#3858,#3859);
#3457=AXIS2_PLACEMENT_3D('',#4784,#3860,#3861);
#3458=AXIS2_PLACEMENT_3D('',#4785,#3862,#3863);
#3459=AXIS2_PLACEMENT_3D('',#4788,#3866,#3867);
#3460=AXIS2_PLACEMENT_3D('',#4790,#3869,#3870);
#3461=AXIS2_PLACEMENT_3D('',#4793,#3871,#3872);
#3462=AXIS2_PLACEMENT_3D('',#4794,#3873,#3874);
#3463=AXIS2_PLACEMENT_3D('',#4796,#3876,#3877);
#3464=AXIS2_PLACEMENT_3D('',#4898,#3879,#3880);
#3465=AXIS2_PLACEMENT_3D('',#4904,#3884,#3885);
#3466=AXIS2_PLACEMENT_3D('',#4908,#3888,#3889);
#3467=AXIS2_PLACEMENT_3D('',#4952,#3912,#3913);
#3468=AXIS2_PLACEMENT_3D('',#4955,#3916,#3917);
#3469=AXIS2_PLACEMENT_3D('',#4957,#3919,#3920);
#3470=AXIS2_PLACEMENT_3D('',#4960,#3923,#3924);
#3471=AXIS2_PLACEMENT_3D('',#4961,#3925,#3926);
#3472=AXIS2_PLACEMENT_3D('',#4964,#3929,#3930);
#3473=AXIS2_PLACEMENT_3D('',#4966,#3932,#3933);
#3474=AXIS2_PLACEMENT_3D('',#4969,#3936,#3937);
#3475=AXIS2_PLACEMENT_3D('',#4971,#3939,#3940);
#3476=AXIS2_PLACEMENT_3D('',#4974,#3943,#3944);
#3477=AXIS2_PLACEMENT_3D('',#4976,#3946,#3947);
#3478=AXIS2_PLACEMENT_3D('',#4979,#3950,#3951);
#3479=AXIS2_PLACEMENT_3D('',#4981,#3953,#3954);
#3480=AXIS2_PLACEMENT_3D('',#4984,#3957,#3958);
#3481=AXIS2_PLACEMENT_3D('',#4986,#3960,#3961);
#3482=AXIS2_PLACEMENT_3D('',#4988,#3963,#3964);
#3483=AXIS2_PLACEMENT_3D('',#4989,#3965,#3966);
#3484=AXIS2_PLACEMENT_3D('',#4990,#3967,#3968);
#3485=AXIS2_PLACEMENT_3D('',#4991,#3969,#3970);
#3486=AXIS2_PLACEMENT_3D('',#4992,#3971,#3972);
#3487=AXIS2_PLACEMENT_3D('',#4993,#3973,#3974);
#3488=AXIS2_PLACEMENT_3D('',#4994,#3975,#3976);
#3489=AXIS2_PLACEMENT_3D('',#4995,#3977,#3978);
#3490=AXIS2_PLACEMENT_3D('',#4997,#3980,#3981);
#3491=AXIS2_PLACEMENT_3D('',#4998,#3982,#3983);
#3492=AXIS2_PLACEMENT_3D('',#5001,#3984,#3985);
#3493=AXIS2_PLACEMENT_3D('',#5024,#3988,#3989);
#3494=AXIS2_PLACEMENT_3D('',#5027,#3990,#3991);
#3495=AXIS2_PLACEMENT_3D('',#5050,#3994,#3995);
#3496=AXIS2_PLACEMENT_3D('',#5056,#3999,#4000);
#3497=AXIS2_PLACEMENT_3D('',#5059,#4001,#4002);
#3498=AXIS2_PLACEMENT_3D('',#5082,#4005,#4006);
#3499=AXIS2_PLACEMENT_3D('',#5088,#4010,#4011);
#3500=AXIS2_PLACEMENT_3D('',#5091,#4012,#4013);
#3501=AXIS2_PLACEMENT_3D('',#5114,#4016,#4017);
#3502=AXIS2_PLACEMENT_3D('',#5120,#4021,#4022);
#3503=AXIS2_PLACEMENT_3D('',#5123,#4023,#4024);
#3504=AXIS2_PLACEMENT_3D('',#5146,#4027,#4028);
#3505=AXIS2_PLACEMENT_3D('',#5152,#4032,#4033);
#3506=AXIS2_PLACEMENT_3D('',#5155,#4034,#4035);
#3507=AXIS2_PLACEMENT_3D('',#5178,#4038,#4039);
#3508=AXIS2_PLACEMENT_3D('',#5184,#4043,#4044);
#3509=AXIS2_PLACEMENT_3D('',#5187,#4045,#4046);
#3510=AXIS2_PLACEMENT_3D('',#5210,#4049,#4050);
#3511=AXIS2_PLACEMENT_3D('',#5216,#4054,#4055);
#3512=AXIS2_PLACEMENT_3D('',#5219,#4056,#4057);
#3513=AXIS2_PLACEMENT_3D('',#5242,#4060,#4061);
#3514=AXIS2_PLACEMENT_3D('',#5248,#4065,#4066);
#3515=AXIS2_PLACEMENT_3D('',#5251,#4067,#4068);
#3516=AXIS2_PLACEMENT_3D('',#5274,#4071,#4072);
#3517=AXIS2_PLACEMENT_3D('',#5280,#4076,#4077);
#3518=AXIS2_PLACEMENT_3D('',#5286,#4081,#4082);
#3519=AXIS2_PLACEMENT_3D('',#5289,#4083,#4084);
#3520=AXIS2_PLACEMENT_3D('',#5312,#4087,#4088);
#3521=AXIS2_PLACEMENT_3D('',#5318,#4092,#4093);
#3522=AXIS2_PLACEMENT_3D('',#5321,#4094,#4095);
#3523=AXIS2_PLACEMENT_3D('',#5344,#4098,#4099);
#3524=AXIS2_PLACEMENT_3D('',#5350,#4103,#4104);
#3525=AXIS2_PLACEMENT_3D('',#5353,#4105,#4106);
#3526=AXIS2_PLACEMENT_3D('',#5376,#4109,#4110);
#3527=AXIS2_PLACEMENT_3D('',#5382,#4114,#4115);
#3528=AXIS2_PLACEMENT_3D('',#5385,#4116,#4117);
#3529=AXIS2_PLACEMENT_3D('',#5408,#4120,#4121);
#3530=AXIS2_PLACEMENT_3D('',#5414,#4125,#4126);
#3531=AXIS2_PLACEMENT_3D('',#5417,#4127,#4128);
#3532=AXIS2_PLACEMENT_3D('',#5440,#4131,#4132);
#3533=AXIS2_PLACEMENT_3D('',#5446,#4136,#4137);
#3534=AXIS2_PLACEMENT_3D('',#5449,#4138,#4139);
#3535=AXIS2_PLACEMENT_3D('',#5472,#4142,#4143);
#3536=AXIS2_PLACEMENT_3D('',#5478,#4147,#4148);
#3537=AXIS2_PLACEMENT_3D('',#5481,#4149,#4150);
#3538=AXIS2_PLACEMENT_3D('',#5504,#4153,#4154);
#3539=AXIS2_PLACEMENT_3D('',#5510,#4158,#4159);
#3540=AXIS2_PLACEMENT_3D('',#5512,#4160,#4161);
#3541=AXIS2_PLACEMENT_3D('',#5515,#4163,#4164);
#3542=AXIS2_PLACEMENT_3D('',#5516,#4165,#4166);
#3543=AXIS2_PLACEMENT_3D('',#5517,#4167,#4168);
#3544=AXIS2_PLACEMENT_3D('',#5519,#4169,#4170);
#3545=AXIS2_PLACEMENT_3D('',#5523,#4172,#4173);
#3546=AXIS2_PLACEMENT_3D('',#5534,#4175,#4176);
#3547=AXIS2_PLACEMENT_3D('',#5545,#4178,#4179);
#3548=AXIS2_PLACEMENT_3D('',#5556,#4181,#4182);
#3549=AXIS2_PLACEMENT_3D('',#5567,#4184,#4185);
#3550=AXIS2_PLACEMENT_3D('',#5578,#4187,#4188);
#3551=AXIS2_PLACEMENT_3D('',#5589,#4190,#4191);
#3552=AXIS2_PLACEMENT_3D('',#5600,#4193,#4194);
#3553=AXIS2_PLACEMENT_3D('',#5611,#4196,#4197);
#3554=AXIS2_PLACEMENT_3D('',#5622,#4199,#4200);
#3555=AXIS2_PLACEMENT_3D('',#5633,#4202,#4203);
#3556=AXIS2_PLACEMENT_3D('',#5644,#4205,#4206);
#3557=AXIS2_PLACEMENT_3D('',#5655,#4208,#4209);
#3558=AXIS2_PLACEMENT_3D('',#5666,#4211,#4212);
#3559=AXIS2_PLACEMENT_3D('',#5677,#4214,#4215);
#3560=AXIS2_PLACEMENT_3D('',#5688,#4217,#4218);
#3561=AXIS2_PLACEMENT_3D('',#5698,#4220,#4221);
#3562=AXIS2_PLACEMENT_3D('',#5699,#4222,#4223);
#3563=AXIS2_PLACEMENT_3D('',#5703,#4225,#4226);
#3564=AXIS2_PLACEMENT_3D('',#5705,#4228,#4229);
#3565=AXIS2_PLACEMENT_3D('',#5709,#4232,#4233);
#3566=AXIS2_PLACEMENT_3D('',#5715,#4237,#4238);
#3567=AXIS2_PLACEMENT_3D('',#5717,#4240,#4241);
#3568=AXIS2_PLACEMENT_3D('',#5721,#4243,#4244);
#3569=AXIS2_PLACEMENT_3D('',#5723,#4246,#4247);
#3570=AXIS2_PLACEMENT_3D('',#5725,#4249,#4250);
#3571=AXIS2_PLACEMENT_3D('',#5729,#4253,#4254);
#3572=AXIS2_PLACEMENT_3D('',#5735,#4258,#4259);
#3573=AXIS2_PLACEMENT_3D('',#5737,#4261,#4262);
#3574=AXIS2_PLACEMENT_3D('',#5741,#4264,#4265);
#3575=AXIS2_PLACEMENT_3D('',#5743,#4267,#4268);
#3576=AXIS2_PLACEMENT_3D('',#5745,#4270,#4271);
#3577=AXIS2_PLACEMENT_3D('',#5749,#4274,#4275);
#3578=AXIS2_PLACEMENT_3D('',#5755,#4279,#4280);
#3579=AXIS2_PLACEMENT_3D('',#5757,#4282,#4283);
#3580=AXIS2_PLACEMENT_3D('',#5759,#4285,#4286);
#3581=AXIS2_PLACEMENT_3D('',#5763,#4288,#4289);
#3582=AXIS2_PLACEMENT_3D('',#5765,#4291,#4292);
#3583=AXIS2_PLACEMENT_3D('',#5771,#4296,#4297);
#3584=AXIS2_PLACEMENT_3D('',#5775,#4300,#4301);
#3585=AXIS2_PLACEMENT_3D('',#5777,#4303,#4304);
#3586=AXIS2_PLACEMENT_3D('',#5779,#4306,#4307);
#3587=AXIS2_PLACEMENT_3D('',#5783,#4309,#4310);
#3588=AXIS2_PLACEMENT_3D('',#5785,#4312,#4313);
#3589=AXIS2_PLACEMENT_3D('',#5791,#4317,#4318);
#3590=AXIS2_PLACEMENT_3D('',#5795,#4321,#4322);
#3591=AXIS2_PLACEMENT_3D('',#5797,#4324,#4325);
#3592=AXIS2_PLACEMENT_3D('',#5799,#4327,#4328);
#3593=AXIS2_PLACEMENT_3D('',#5803,#4330,#4331);
#3594=AXIS2_PLACEMENT_3D('',#5805,#4333,#4334);
#3595=AXIS2_PLACEMENT_3D('',#5811,#4338,#4339);
#3596=AXIS2_PLACEMENT_3D('',#5815,#4342,#4343);
#3597=AXIS2_PLACEMENT_3D('',#5817,#4345,#4346);
#3598=AXIS2_PLACEMENT_3D('',#5819,#4348,#4349);
#3599=AXIS2_PLACEMENT_3D('',#5823,#4351,#4352);
#3600=AXIS2_PLACEMENT_3D('',#5825,#4354,#4355);
#3601=AXIS2_PLACEMENT_3D('',#5831,#4359,#4360);
#3602=AXIS2_PLACEMENT_3D('',#5835,#4363,#4364);
#3603=AXIS2_PLACEMENT_3D('',#5837,#4366,#4367);
#3604=AXIS2_PLACEMENT_3D('',#5839,#4369,#4370);
#3605=AXIS2_PLACEMENT_3D('',#5845,#4374,#4375);
#3606=AXIS2_PLACEMENT_3D('',#5849,#4377,#4378);
#3607=AXIS2_PLACEMENT_3D('',#5851,#4380,#4381);
#3608=AXIS2_PLACEMENT_3D('',#5853,#4383,#4384);
#3609=AXIS2_PLACEMENT_3D('',#5857,#4387,#4388);
#3610=AXIS2_PLACEMENT_3D('',#5859,#4390,#4391);
#3611=AXIS2_PLACEMENT_3D('',#5862,#4392,#4393);
#3612=AXIS2_PLACEMENT_3D('',#5864,#4394,#4395);
#3613=AXIS2_PLACEMENT_3D('',#5865,#4396,#4397);
#3614=AXIS2_PLACEMENT_3D('',#5866,#4398,#4399);
#3615=AXIS2_PLACEMENT_3D('',#5867,#4400,#4401);
#3616=AXIS2_PLACEMENT_3D('',#5869,#4402,#4403);
#3617=AXIS2_PLACEMENT_3D('',#5871,#4405,#4406);
#3618=AXIS2_PLACEMENT_3D('',#5873,#4407,#4408);
#3619=AXIS2_PLACEMENT_3D('',#5874,#4409,#4410);
#3620=AXIS2_PLACEMENT_3D('',#5877,#4411,#4412);
#3621=AXIS2_PLACEMENT_3D('',#5879,#4413,#4414);
#3622=AXIS2_PLACEMENT_3D('',#5880,#4415,#4416);
#3623=AXIS2_PLACEMENT_3D('',#5881,#4417,#4418);
#3624=AXIS2_PLACEMENT_3D('',#5882,#4419,#4420);
#3625=AXIS2_PLACEMENT_3D('',#5884,#4421,#4422);
#3626=AXIS2_PLACEMENT_3D('',#5886,#4424,#4425);
#3627=AXIS2_PLACEMENT_3D('',#5887,#4426,#4427);
#3628=AXIS2_PLACEMENT_3D('',#5896,#4432,#4433);
#3629=AXIS2_PLACEMENT_3D('',#5905,#4438,#4439);
#3630=AXIS2_PLACEMENT_3D('',#5914,#4444,#4445);
#3631=AXIS2_PLACEMENT_3D('',#5923,#4450,#4451);
#3632=AXIS2_PLACEMENT_3D('',#5924,#4452,#4453);
#3633=AXIS2_PLACEMENT_3D('',#5925,#4454,#4455);
#3634=AXIS2_PLACEMENT_3D('',#5926,#4456,#4457);
#3635=AXIS2_PLACEMENT_3D('',#5927,#4458,#4459);
#3636=AXIS2_PLACEMENT_3D('',#5928,#4460,#4461);
#3637=AXIS2_PLACEMENT_3D('',#5929,#4462,#4463);
#3638=AXIS2_PLACEMENT_3D('',#5930,#4464,#4465);
#3639=AXIS2_PLACEMENT_3D('',#5931,#4466,#4467);
#3640=AXIS2_PLACEMENT_3D('',#5932,#4468,#4469);
#3641=AXIS2_PLACEMENT_3D('',#5933,#4470,#4471);
#3642=AXIS2_PLACEMENT_3D('',#5934,#4472,#4473);
#3643=AXIS2_PLACEMENT_3D('',#5936,#4474,#4475);
#3644=AXIS2_PLACEMENT_3D('',#5937,#4476,#4477);
#3645=AXIS2_PLACEMENT_3D('',#5938,#4478,#4479);
#3646=AXIS2_PLACEMENT_3D('',#5940,#4481,#4482);
#3647=AXIS2_PLACEMENT_3D('',#5944,#4485,#4486);
#3648=AXIS2_PLACEMENT_3D('',#5945,#4487,#4488);
#3649=AXIS2_PLACEMENT_3D('',#5946,#4489,#4490);
#3650=AXIS2_PLACEMENT_3D('',#5950,#4493,#4494);
#3651=AXIS2_PLACEMENT_3D('',#5951,#4495,#4496);
#3652=AXIS2_PLACEMENT_3D('',#5952,#4497,#4498);
#3653=AXIS2_PLACEMENT_3D('',#5956,#4501,#4502);
#3654=AXIS2_PLACEMENT_3D('',#5957,#4503,#4504);
#3655=AXIS2_PLACEMENT_3D('',#5958,#4505,#4506);
#3656=AXIS2_PLACEMENT_3D('',#5962,#4509,#4510);
#3657=AXIS2_PLACEMENT_3D('',#5964,#4511,#4512);
#3658=AXIS2_PLACEMENT_3D('',#5965,#4513,#4514);
#3659=AXIS2_PLACEMENT_3D('',#5966,#4515,#4516);
#3660=AXIS2_PLACEMENT_3D('',#5970,#4519,#4520);
#3661=AXIS2_PLACEMENT_3D('',#5971,#4521,#4522);
#3662=AXIS2_PLACEMENT_3D('',#5972,#4523,#4524);
#3663=AXIS2_PLACEMENT_3D('',#5976,#4527,#4528);
#3664=AXIS2_PLACEMENT_3D('',#5977,#4529,#4530);
#3665=AXIS2_PLACEMENT_3D('',#5978,#4531,#4532);
#3666=AXIS2_PLACEMENT_3D('',#5982,#4535,#4536);
#3667=AXIS2_PLACEMENT_3D('',#5983,#4537,#4538);
#3668=AXIS2_PLACEMENT_3D('',#5984,#4539,#4540);
#3669=AXIS2_PLACEMENT_3D('',#5988,#4543,#4544);
#3670=AXIS2_PLACEMENT_3D('',#5989,#4545,#4546);
#3671=AXIS2_PLACEMENT_3D('',#5990,#4547,#4548);
#3672=AXIS2_PLACEMENT_3D('',#5992,#4550,#4551);
#3673=AXIS2_PLACEMENT_3D('',#5994,#4553,#4554);
#3674=AXIS2_PLACEMENT_3D('',#5996,#4556,#4557);
#3675=AXIS2_PLACEMENT_3D('',#5998,#4559,#4560);
#3676=AXIS2_PLACEMENT_3D('',#6000,#4562,#4563);
#3677=AXIS2_PLACEMENT_3D('',#6002,#4565,#4566);
#3678=AXIS2_PLACEMENT_3D('',#6004,#4568,#4569);
#3679=AXIS2_PLACEMENT_3D('',#6006,#4571,#4572);
#3680=AXIS2_PLACEMENT_3D('',#6007,#4573,#4574);
#3681=AXIS2_PLACEMENT_3D('',#6008,#4575,#4576);
#3682=AXIS2_PLACEMENT_3D('',#6009,#4577,#4578);
#3683=AXIS2_PLACEMENT_3D('',#6010,#4579,#4580);
#3684=AXIS2_PLACEMENT_3D('',#6011,#4581,#4582);
#3685=AXIS2_PLACEMENT_3D('',#6012,#4583,#4584);
#3686=AXIS2_PLACEMENT_3D('',#6013,#4585,#4586);
#3687=AXIS2_PLACEMENT_3D('',#6014,#4587,#4588);
#3688=AXIS2_PLACEMENT_3D('',#6015,#4589,#4590);
#3689=AXIS2_PLACEMENT_3D('',#6016,#4591,#4592);
#3690=AXIS2_PLACEMENT_3D('',#6017,#4593,#4594);
#3691=AXIS2_PLACEMENT_3D('',#6018,#4595,#4596);
#3692=AXIS2_PLACEMENT_3D('',#6019,#4597,#4598);
#3693=AXIS2_PLACEMENT_3D('',#6020,#4599,#4600);
#3694=AXIS2_PLACEMENT_3D('',#6021,#4601,#4602);
#3695=AXIS2_PLACEMENT_3D('',#6022,#4603,#4604);
#3696=AXIS2_PLACEMENT_3D('',#6023,#4605,#4606);
#3697=AXIS2_PLACEMENT_3D('',#6024,#4607,#4608);
#3698=AXIS2_PLACEMENT_3D('',#6025,#4609,#4610);
#3699=AXIS2_PLACEMENT_3D('',#6026,#4611,#4612);
#3700=AXIS2_PLACEMENT_3D('',#6027,#4613,#4614);
#3701=AXIS2_PLACEMENT_3D('',#6028,#4615,#4616);
#3702=AXIS2_PLACEMENT_3D('',#6029,#4617,#4618);
#3703=AXIS2_PLACEMENT_3D('',#6030,#4619,#4620);
#3704=AXIS2_PLACEMENT_3D('',#6031,#4621,#4622);
#3705=AXIS2_PLACEMENT_3D('',#6032,#4623,#4624);
#3706=AXIS2_PLACEMENT_3D('',#6033,#4625,#4626);
#3707=AXIS2_PLACEMENT_3D('',#6034,#4627,#4628);
#3708=AXIS2_PLACEMENT_3D('',#6035,#4629,#4630);
#3709=AXIS2_PLACEMENT_3D('',#6036,#4631,#4632);
#3710=AXIS2_PLACEMENT_3D('',#6037,#4633,#4634);
#3711=AXIS2_PLACEMENT_3D('',#6038,#4635,#4636);
#3712=AXIS2_PLACEMENT_3D('',#6039,#4637,#4638);
#3713=DIRECTION('axis',(0.,0.,1.));
#3714=DIRECTION('refdir',(1.,0.,0.));
#3715=DIRECTION('center_axis',(0.,0.,1.));
#3716=DIRECTION('ref_axis',(-1.,0.,0.));
#3717=DIRECTION('center_axis',(0.,0.,1.));
#3718=DIRECTION('ref_axis',(-1.,0.,0.));
#3719=DIRECTION('center_axis',(0.,0.,1.));
#3720=DIRECTION('ref_axis',(-1.,0.,0.));
#3721=DIRECTION('center_axis',(0.,0.,1.));
#3722=DIRECTION('ref_axis',(-1.,0.,0.));
#3723=DIRECTION('center_axis',(0.,0.,1.));
#3724=DIRECTION('ref_axis',(-1.,0.,0.));
#3725=DIRECTION('',(0.,0.,1.));
#3726=DIRECTION('center_axis',(0.,0.,1.));
#3727=DIRECTION('ref_axis',(-1.,0.,0.));
#3728=DIRECTION('',(0.,0.,1.));
#3729=DIRECTION('center_axis',(0.,0.,-1.));
#3730=DIRECTION('ref_axis',(-1.,0.,0.));
#3731=DIRECTION('center_axis',(0.,0.,-1.));
#3732=DIRECTION('ref_axis',(1.,0.,0.));
#3733=DIRECTION('center_axis',(0.,0.,-1.));
#3734=DIRECTION('ref_axis',(1.,0.,0.));
#3735=DIRECTION('',(0.707106781186547,-8.65956056235493E-17,0.707106781186548));
#3736=DIRECTION('center_axis',(0.,0.,1.));
#3737=DIRECTION('ref_axis',(1.,0.,0.));
#3738=DIRECTION('center_axis',(0.,0.,1.));
#3739=DIRECTION('ref_axis',(1.,0.,0.));
#3740=DIRECTION('center_axis',(0.,0.,1.));
#3741=DIRECTION('ref_axis',(-1.,0.,0.));
#3742=DIRECTION('',(0.,0.,1.));
#3743=DIRECTION('center_axis',(0.,0.,1.));
#3744=DIRECTION('ref_axis',(-1.,0.,0.));
#3745=DIRECTION('center_axis',(0.,0.,1.));
#3746=DIRECTION('ref_axis',(1.,0.,0.));
#3747=DIRECTION('center_axis',(0.,0.,1.));
#3748=DIRECTION('ref_axis',(1.,0.,0.));
#3749=DIRECTION('center_axis',(0.,0.,1.));
#3750=DIRECTION('ref_axis',(1.,0.,0.));
#3751=DIRECTION('center_axis',(0.,0.,1.));
#3752=DIRECTION('ref_axis',(-1.,0.,0.));
#3753=DIRECTION('center_axis',(0.,0.,1.));
#3754=DIRECTION('ref_axis',(1.,0.,0.));
#3755=DIRECTION('center_axis',(0.,0.,1.));
#3756=DIRECTION('ref_axis',(-1.,0.,0.));
#3757=DIRECTION('center_axis',(5.62294363348103E-17,-1.,0.));
#3758=DIRECTION('ref_axis',(1.,5.62294363348103E-17,0.));
#3759=DIRECTION('',(-1.,-5.62294363348103E-17,0.));
#3760=DIRECTION('',(0.,0.,1.));
#3761=DIRECTION('',(1.,5.62294363348103E-17,0.));
#3762=DIRECTION('',(0.,0.,1.));
#3763=DIRECTION('center_axis',(-1.,0.,0.));
#3764=DIRECTION('ref_axis',(0.,-1.,0.));
#3765=DIRECTION('',(0.,1.,0.));
#3766=DIRECTION('',(0.,0.,1.));
#3767=DIRECTION('',(0.,-1.,0.));
#3768=DIRECTION('',(0.,0.,1.));
#3769=DIRECTION('center_axis',(-5.62294363348103E-17,1.,0.));
#3770=DIRECTION('ref_axis',(-1.,-5.62294363348103E-17,0.));
#3771=DIRECTION('',(1.,5.62294363348103E-17,0.));
#3772=DIRECTION('',(0.,0.,1.));
#3773=DIRECTION('',(-1.,-5.62294363348103E-17,0.));
#3774=DIRECTION('',(0.,0.,1.));
#3775=DIRECTION('center_axis',(1.,-5.62294363348103E-17,0.));
#3776=DIRECTION('ref_axis',(5.62294363348103E-17,1.,0.));
#3777=DIRECTION('',(-5.62294363348103E-17,-1.,0.));
#3778=DIRECTION('',(0.,0.,1.));
#3779=DIRECTION('',(5.62294363348103E-17,1.,0.));
#3780=DIRECTION('',(0.,0.,1.));
#3781=DIRECTION('center_axis',(0.,0.,1.));
#3782=DIRECTION('ref_axis',(-1.,0.,0.));
#3783=DIRECTION('center_axis',(0.,0.,1.));
#3784=DIRECTION('ref_axis',(-1.,0.,0.));
#3785=DIRECTION('center_axis',(0.,0.,1.));
#3786=DIRECTION('ref_axis',(-1.,0.,0.));
#3787=DIRECTION('center_axis',(0.,0.,1.));
#3788=DIRECTION('ref_axis',(-1.,0.,0.));
#3789=DIRECTION('center_axis',(0.,0.,1.));
#3790=DIRECTION('ref_axis',(-1.,0.,0.));
#3791=DIRECTION('center_axis',(0.,0.,1.));
#3792=DIRECTION('ref_axis',(-1.,0.,0.));
#3793=DIRECTION('center_axis',(0.,0.,1.));
#3794=DIRECTION('ref_axis',(-1.,0.,0.));
#3795=DIRECTION('center_axis',(0.,0.,1.));
#3796=DIRECTION('ref_axis',(-1.,0.,0.));
#3797=DIRECTION('center_axis',(0.,0.,1.));
#3798=DIRECTION('ref_axis',(-1.,0.,0.));
#3799=DIRECTION('center_axis',(0.,0.,1.));
#3800=DIRECTION('ref_axis',(-1.,0.,0.));
#3801=DIRECTION('center_axis',(0.,0.,1.));
#3802=DIRECTION('ref_axis',(-1.,0.,0.));
#3803=DIRECTION('center_axis',(0.,0.,1.));
#3804=DIRECTION('ref_axis',(-1.,0.,0.));
#3805=DIRECTION('center_axis',(0.,0.,1.));
#3806=DIRECTION('ref_axis',(-1.,0.,0.));
#3807=DIRECTION('center_axis',(0.,0.,1.));
#3808=DIRECTION('ref_axis',(-1.,0.,0.));
#3809=DIRECTION('center_axis',(0.,0.,1.));
#3810=DIRECTION('ref_axis',(-1.,0.,0.));
#3811=DIRECTION('',(0.,0.,-1.));
#3812=DIRECTION('center_axis',(0.,0.,-1.));
#3813=DIRECTION('ref_axis',(-1.,0.,0.));
#3814=DIRECTION('center_axis',(0.,0.,1.));
#3815=DIRECTION('ref_axis',(-1.,0.,0.));
#3816=DIRECTION('center_axis',(0.,0.,-1.));
#3817=DIRECTION('ref_axis',(-1.,0.,0.));
#3818=DIRECTION('',(-0.707106781186547,-8.65956056235493E-17,-0.707106781186548));
#3819=DIRECTION('center_axis',(0.,0.,1.));
#3820=DIRECTION('ref_axis',(-1.,0.,0.));
#3821=DIRECTION('center_axis',(0.,0.,1.));
#3822=DIRECTION('ref_axis',(-1.,0.,0.));
#3823=DIRECTION('center_axis',(0.,0.,1.));
#3824=DIRECTION('ref_axis',(-1.,0.,0.));
#3825=DIRECTION('center_axis',(0.,0.,1.));
#3826=DIRECTION('ref_axis',(-1.,0.,0.));
#3827=DIRECTION('center_axis',(0.,0.,1.));
#3828=DIRECTION('ref_axis',(1.,0.,0.));
#3829=DIRECTION('center_axis',(0.,0.,1.));
#3830=DIRECTION('ref_axis',(1.,0.,0.));
#3831=DIRECTION('center_axis',(0.,0.,1.));
#3832=DIRECTION('ref_axis',(1.,0.,0.));
#3833=DIRECTION('center_axis',(0.,0.,1.));
#3834=DIRECTION('ref_axis',(-1.,0.,0.));
#3835=DIRECTION('center_axis',(0.,0.,1.));
#3836=DIRECTION('ref_axis',(1.,0.,0.));
#3837=DIRECTION('center_axis',(0.,0.,1.));
#3838=DIRECTION('ref_axis',(1.,0.,0.));
#3839=DIRECTION('center_axis',(0.,0.,1.));
#3840=DIRECTION('ref_axis',(1.,0.,0.));
#3841=DIRECTION('center_axis',(0.,0.,1.));
#3842=DIRECTION('ref_axis',(-1.,0.,0.));
#3843=DIRECTION('center_axis',(0.,0.,1.));
#3844=DIRECTION('ref_axis',(-1.,0.,0.));
#3845=DIRECTION('',(0.,0.,-1.));
#3846=DIRECTION('center_axis',(0.,0.,1.));
#3847=DIRECTION('ref_axis',(1.,0.,0.));
#3848=DIRECTION('center_axis',(0.,0.,-1.));
#3849=DIRECTION('ref_axis',(1.,0.,0.));
#3850=DIRECTION('center_axis',(0.,0.,1.));
#3851=DIRECTION('ref_axis',(1.,0.,0.));
#3852=DIRECTION('center_axis',(0.,0.,-1.));
#3853=DIRECTION('ref_axis',(1.,0.,0.));
#3854=DIRECTION('center_axis',(0.,0.,1.));
#3855=DIRECTION('ref_axis',(-1.,0.,0.));
#3856=DIRECTION('center_axis',(0.,0.,-1.));
#3857=DIRECTION('ref_axis',(-1.,0.,0.));
#3858=DIRECTION('center_axis',(0.,0.,1.));
#3859=DIRECTION('ref_axis',(1.,0.,0.));
#3860=DIRECTION('center_axis',(0.,0.,-1.));
#3861=DIRECTION('ref_axis',(1.,0.,0.));
#3862=DIRECTION('center_axis',(0.,0.,1.));
#3863=DIRECTION('ref_axis',(1.,0.,0.));
#3864=DIRECTION('',(0.,0.,1.));
#3865=DIRECTION('',(0.,0.,1.));
#3866=DIRECTION('center_axis',(0.,0.,1.));
#3867=DIRECTION('ref_axis',(1.,0.,0.));
#3868=DIRECTION('',(0.,0.,1.));
#3869=DIRECTION('center_axis',(0.,8.3549451732228E-16,-1.));
#3870=DIRECTION('ref_axis',(-1.,-3.01584077245176E-17,0.));
#3871=DIRECTION('center_axis',(0.,0.,-1.));
#3872=DIRECTION('ref_axis',(-1.,-6.12323399573677E-17,0.));
#3873=DIRECTION('center_axis',(0.,0.,-1.));
#3874=DIRECTION('ref_axis',(-1.,-6.12323399573677E-17,0.));
#3875=DIRECTION('',(0.382683432365092,8.30302611115398E-16,-0.923879532511286));
#3876=DIRECTION('center_axis',(0.,0.,-1.));
#3877=DIRECTION('ref_axis',(1.,0.,0.));
#3878=DIRECTION('',(-0.707106781186546,-8.65956056235492E-17,-0.707106781186549));
#3879=DIRECTION('center_axis',(-0.707106781186548,-0.707106781186548,0.));
#3880=DIRECTION('ref_axis',(0.,0.,1.));
#3881=DIRECTION('',(-0.707106781186548,0.707106781186548,0.));
#3882=DIRECTION('',(0.,0.,-1.));
#3883=DIRECTION('',(0.,0.,1.));
#3884=DIRECTION('center_axis',(-1.,1.73472347597681E-16,0.));
#3885=DIRECTION('ref_axis',(-1.73472347597681E-16,-1.,0.));
#3886=DIRECTION('',(-1.73472347597681E-16,-1.,0.));
#3887=DIRECTION('',(0.,0.,1.));
#3888=DIRECTION('center_axis',(0.,0.,1.));
#3889=DIRECTION('ref_axis',(1.,0.,0.));
#3890=DIRECTION('',(1.,-1.73472347597681E-16,0.));
#3891=DIRECTION('',(0.707106781186547,-0.707106781186548,0.));
#3892=DIRECTION('',(-1.,0.,0.));
#3893=DIRECTION('',(0.707106781186548,0.707106781186547,0.));
#3894=DIRECTION('',(1.,-1.73472347597681E-16,0.));
#3895=DIRECTION('',(-0.707106781186548,-0.707106781186548,0.));
#3896=DIRECTION('',(2.60208521396521E-16,1.,0.));
#3897=DIRECTION('',(0.707106781186548,0.707106781186547,0.));
#3898=DIRECTION('',(0.,-1.,0.));
#3899=DIRECTION('',(-0.707106781186547,0.707106781186548,0.));
#3900=DIRECTION('',(2.60208521396521E-16,1.,0.));
#3901=DIRECTION('',(0.707106781186548,-0.707106781186546,0.));
#3902=DIRECTION('',(-1.,1.73472347597681E-16,0.));
#3903=DIRECTION('',(-0.707106781186547,0.707106781186548,0.));
#3904=DIRECTION('',(1.,-1.96261557335472E-15,0.));
#3905=DIRECTION('',(-0.707106781186548,-0.707106781186548,0.));
#3906=DIRECTION('',(-1.,1.73472347597681E-16,0.));
#3907=DIRECTION('',(0.707106781186547,0.707106781186548,0.));
#3908=DIRECTION('',(-1.73472347597681E-16,-1.,0.));
#3909=DIRECTION('',(-0.707106781186548,-0.707106781186548,0.));
#3910=DIRECTION('',(0.,1.,0.));
#3911=DIRECTION('',(0.707106781186547,-0.707106781186548,0.));
#3912=DIRECTION('center_axis',(-1.,0.,0.));
#3913=DIRECTION('ref_axis',(0.,0.,1.));
#3914=DIRECTION('',(0.,0.,-1.));
#3915=DIRECTION('',(0.,0.,1.));
#3916=DIRECTION('center_axis',(-0.707106781186548,0.707106781186548,0.));
#3917=DIRECTION('ref_axis',(-0.707106781186548,-0.707106781186548,0.));
#3918=DIRECTION('',(0.,0.,1.));
#3919=DIRECTION('center_axis',(-0.707106781186548,0.707106781186547,0.));
#3920=DIRECTION('ref_axis',(0.,0.,1.));
#3921=DIRECTION('',(0.,0.,-1.));
#3922=DIRECTION('',(0.,0.,1.));
#3923=DIRECTION('center_axis',(-1.,1.73472347597681E-16,0.));
#3924=DIRECTION('ref_axis',(-1.73472347597681E-16,-1.,0.));
#3925=DIRECTION('center_axis',(1.96261557335472E-15,1.,0.));
#3926=DIRECTION('ref_axis',(0.,0.,1.));
#3927=DIRECTION('',(0.,0.,-1.));
#3928=DIRECTION('',(0.,0.,1.));
#3929=DIRECTION('center_axis',(-0.707106781186548,0.707106781186548,0.));
#3930=DIRECTION('ref_axis',(-0.707106781186548,-0.707106781186548,0.));
#3931=DIRECTION('',(0.,0.,1.));
#3932=DIRECTION('center_axis',(0.707106781186547,0.707106781186549,0.));
#3933=DIRECTION('ref_axis',(0.,0.,-1.));
#3934=DIRECTION('',(0.,0.,-1.));
#3935=DIRECTION('',(0.,0.,1.));
#3936=DIRECTION('center_axis',(1.73472347597681E-16,1.,0.));
#3937=DIRECTION('ref_axis',(-1.,1.73472347597681E-16,0.));
#3938=DIRECTION('',(0.,0.,1.));
#3939=DIRECTION('center_axis',(1.,0.,0.));
#3940=DIRECTION('ref_axis',(0.,0.,-1.));
#3941=DIRECTION('',(0.,0.,-1.));
#3942=DIRECTION('',(0.,0.,1.));
#3943=DIRECTION('center_axis',(0.707106781186548,0.707106781186547,0.));
#3944=DIRECTION('ref_axis',(-0.707106781186547,0.707106781186548,0.));
#3945=DIRECTION('',(0.,0.,1.));
#3946=DIRECTION('center_axis',(0.707106781186548,-0.707106781186548,0.));
#3947=DIRECTION('ref_axis',(0.,0.,-1.));
#3948=DIRECTION('',(0.,0.,-1.));
#3949=DIRECTION('',(0.,0.,1.));
#3950=DIRECTION('center_axis',(1.,-2.60208521396521E-16,0.));
#3951=DIRECTION('ref_axis',(2.60208521396521E-16,1.,0.));
#3952=DIRECTION('',(0.,0.,1.));
#3953=DIRECTION('center_axis',(0.,-1.,0.));
#3954=DIRECTION('ref_axis',(0.,0.,-1.));
#3955=DIRECTION('',(0.,0.,-1.));
#3956=DIRECTION('',(0.,0.,1.));
#3957=DIRECTION('center_axis',(0.707106781186547,-0.707106781186548,0.));
#3958=DIRECTION('ref_axis',(0.707106781186548,0.707106781186547,0.));
#3959=DIRECTION('',(0.,0.,1.));
#3960=DIRECTION('center_axis',(-0.707106781186548,-0.707106781186547,0.));
#3961=DIRECTION('ref_axis',(0.707106781186547,-0.707106781186548,0.));
#3962=DIRECTION('',(0.,0.,1.));
#3963=DIRECTION('center_axis',(-1.73472347597681E-16,-1.,0.));
#3964=DIRECTION('ref_axis',(1.,-1.73472347597681E-16,0.));
#3965=DIRECTION('center_axis',(0.707106781186547,-0.707106781186548,0.));
#3966=DIRECTION('ref_axis',(0.707106781186548,0.707106781186547,0.));
#3967=DIRECTION('center_axis',(1.,-2.60208521396521E-16,0.));
#3968=DIRECTION('ref_axis',(2.60208521396521E-16,1.,0.));
#3969=DIRECTION('center_axis',(0.707106781186548,0.707106781186547,0.));
#3970=DIRECTION('ref_axis',(-0.707106781186547,0.707106781186548,0.));
#3971=DIRECTION('center_axis',(-1.73472347597681E-16,-1.,0.));
#3972=DIRECTION('ref_axis',(1.,-1.73472347597681E-16,0.));
#3973=DIRECTION('center_axis',(-0.707106781186548,-0.707106781186547,0.));
#3974=DIRECTION('ref_axis',(0.707106781186547,-0.707106781186548,0.));
#3975=DIRECTION('center_axis',(1.73472347597681E-16,1.,0.));
#3976=DIRECTION('ref_axis',(-1.,1.73472347597681E-16,0.));
#3977=DIRECTION('center_axis',(0.,0.,1.));
#3978=DIRECTION('ref_axis',(-1.,1.22464679914735E-16,0.));
#3979=DIRECTION('',(0.,0.,1.));
#3980=DIRECTION('center_axis',(0.,0.,1.));
#3981=DIRECTION('ref_axis',(1.,0.,0.));
#3982=DIRECTION('center_axis',(0.,0.,-1.));
#3983=DIRECTION('ref_axis',(0.637701259643062,0.770283781115539,0.));
#3984=DIRECTION('center_axis',(0.,0.,1.));
#3985=DIRECTION('ref_axis',(0.637701259643062,0.770283781115539,0.));
#3986=DIRECTION('',(0.,0.,1.));
#3987=DIRECTION('',(0.,0.,-1.));
#3988=DIRECTION('center_axis',(0.,0.,-1.));
#3989=DIRECTION('ref_axis',(-0.637701259643062,-0.770283781115539,0.));
#3990=DIRECTION('center_axis',(0.,0.,1.));
#3991=DIRECTION('ref_axis',(-0.637701259643062,-0.770283781115539,0.));
#3992=DIRECTION('',(0.,0.,1.));
#3993=DIRECTION('',(0.,0.,-1.));
#3994=DIRECTION('center_axis',(0.637701259643062,0.770283781115539,0.));
#3995=DIRECTION('ref_axis',(-0.770283781115539,0.637701259643062,0.));
#3996=DIRECTION('',(0.544672885064812,-0.450922885064812,-0.707106781186548));
#3997=DIRECTION('',(0.,0.,1.));
#3998=DIRECTION('',(0.770283781115539,-0.637701259643062,0.));
#3999=DIRECTION('center_axis',(0.,0.,-1.));
#4000=DIRECTION('ref_axis',(-0.294384300388437,-0.955687126461799,0.));
#4001=DIRECTION('center_axis',(0.,0.,1.));
#4002=DIRECTION('ref_axis',(-0.294384300388437,-0.955687126461799,0.));
#4003=DIRECTION('',(0.,0.,1.));
#4004=DIRECTION('',(0.,0.,-1.));
#4005=DIRECTION('center_axis',(0.294384300388437,0.955687126461799,0.));
#4006=DIRECTION('ref_axis',(-0.955687126461799,0.294384300388437,0.));
#4007=DIRECTION('',(0.675772847813823,-0.208161135079521,-0.707106781186548));
#4008=DIRECTION('',(0.,0.,1.));
#4009=DIRECTION('',(0.955687126461799,-0.294384300388437,0.));
#4010=DIRECTION('center_axis',(0.,0.,-1.));
#4011=DIRECTION('ref_axis',(0.0937499999999999,-0.995595770129624,0.));
#4012=DIRECTION('center_axis',(0.,0.,1.));
#4013=DIRECTION('ref_axis',(0.0937499999999999,-0.995595770129624,0.));
#4014=DIRECTION('',(0.,0.,1.));
#4015=DIRECTION('',(0.,0.,-1.));
#4016=DIRECTION('center_axis',(-0.0937499999999997,0.995595770129625,0.));
#4017=DIRECTION('ref_axis',(-0.995595770129624,-0.0937499999999997,0.));
#4018=DIRECTION('',(0.7039925203793,0.0662912607362386,-0.707106781186548));
#4019=DIRECTION('',(0.,0.,1.));
#4020=DIRECTION('',(0.995595770129624,0.0937499999999997,0.));
#4021=DIRECTION('center_axis',(0.,0.,-1.));
#4022=DIRECTION('ref_axis',(0.467611712734302,-0.883933982893345,0.));
#4023=DIRECTION('center_axis',(0.,0.,1.));
#4024=DIRECTION('ref_axis',(0.467611712734302,-0.883933982893345,0.));
#4025=DIRECTION('',(0.,0.,1.));
#4026=DIRECTION('',(0.,0.,-1.));
#4027=DIRECTION('center_axis',(-0.467611712734303,0.883933982893345,0.));
#4028=DIRECTION('ref_axis',(-0.883933982893345,-0.467611712734303,0.));
#4029=DIRECTION('',(0.625035713425117,0.330651413036681,-0.707106781186548));
#4030=DIRECTION('',(0.,0.,1.));
#4031=DIRECTION('',(0.883933982893345,0.467611712734303,0.));
#4032=DIRECTION('center_axis',(0.,0.,-1.));
#4033=DIRECTION('ref_axis',(0.770283781115539,-0.637701259643062,0.));
#4034=DIRECTION('center_axis',(0.,0.,1.));
#4035=DIRECTION('ref_axis',(0.770283781115539,-0.637701259643062,0.));
#4036=DIRECTION('',(0.,0.,1.));
#4037=DIRECTION('',(0.,0.,-1.));
#4038=DIRECTION('center_axis',(-0.770283781115539,0.637701259643062,0.));
#4039=DIRECTION('ref_axis',(-0.637701259643062,-0.770283781115539,0.));
#4040=DIRECTION('',(0.450922885064812,0.544672885064811,-0.707106781186548));
#4041=DIRECTION('',(0.,0.,1.));
#4042=DIRECTION('',(0.637701259643062,0.770283781115539,0.));
#4043=DIRECTION('center_axis',(0.,0.,-1.));
#4044=DIRECTION('ref_axis',(0.955687126461799,-0.294384300388437,0.));
#4045=DIRECTION('center_axis',(0.,0.,1.));
#4046=DIRECTION('ref_axis',(0.955687126461799,-0.294384300388437,0.));
#4047=DIRECTION('',(0.,0.,1.));
#4048=DIRECTION('',(0.,0.,-1.));
#4049=DIRECTION('center_axis',(-0.955687126461799,0.294384300388437,0.));
#4050=DIRECTION('ref_axis',(-0.294384300388437,-0.955687126461799,0.));
#4051=DIRECTION('',(0.208161135079521,0.675772847813823,-0.707106781186548));
#4052=DIRECTION('',(0.,0.,1.));
#4053=DIRECTION('',(0.294384300388437,0.955687126461799,0.));
#4054=DIRECTION('center_axis',(0.,0.,-1.));
#4055=DIRECTION('ref_axis',(0.995595770129624,0.0937499999999999,0.));
#4056=DIRECTION('center_axis',(0.,0.,1.));
#4057=DIRECTION('ref_axis',(0.995595770129624,0.0937499999999999,0.));
#4058=DIRECTION('',(0.,0.,1.));
#4059=DIRECTION('',(0.,0.,-1.));
#4060=DIRECTION('center_axis',(-0.995595770129625,-0.0937499999999999,0.));
#4061=DIRECTION('ref_axis',(0.0937499999999999,-0.995595770129624,0.));
#4062=DIRECTION('',(-0.0662912607362387,0.7039925203793,-0.707106781186548));
#4063=DIRECTION('',(0.,0.,1.));
#4064=DIRECTION('',(-0.0937499999999999,0.995595770129624,0.));
#4065=DIRECTION('center_axis',(0.,0.,-1.));
#4066=DIRECTION('ref_axis',(0.883933982893345,0.467611712734302,0.));
#4067=DIRECTION('center_axis',(0.,0.,1.));
#4068=DIRECTION('ref_axis',(0.883933982893345,0.467611712734302,0.));
#4069=DIRECTION('',(0.,0.,1.));
#4070=DIRECTION('',(0.,0.,-1.));
#4071=DIRECTION('center_axis',(-0.883933982893345,-0.467611712734303,0.));
#4072=DIRECTION('ref_axis',(0.467611712734303,-0.883933982893345,0.));
#4073=DIRECTION('',(-0.330651413036681,0.625035713425117,-0.707106781186548));
#4074=DIRECTION('',(0.,0.,1.));
#4075=DIRECTION('',(-0.467611712734303,0.883933982893345,0.));
#4076=DIRECTION('center_axis',(-0.637701259643062,-0.770283781115539,0.));
#4077=DIRECTION('ref_axis',(0.770283781115539,-0.637701259643062,0.));
#4078=DIRECTION('',(-0.544672885064812,0.450922885064812,-0.707106781186548));
#4079=DIRECTION('',(0.,0.,1.));
#4080=DIRECTION('',(-0.770283781115539,0.637701259643062,0.));
#4081=DIRECTION('center_axis',(0.,0.,-1.));
#4082=DIRECTION('ref_axis',(0.294384300388437,0.955687126461799,0.));
#4083=DIRECTION('center_axis',(0.,0.,1.));
#4084=DIRECTION('ref_axis',(0.294384300388437,0.955687126461799,0.));
#4085=DIRECTION('',(0.,0.,1.));
#4086=DIRECTION('',(0.,0.,-1.));
#4087=DIRECTION('center_axis',(-0.294384300388437,-0.955687126461799,0.));
#4088=DIRECTION('ref_axis',(0.955687126461799,-0.294384300388437,0.));
#4089=DIRECTION('',(-0.675772847813823,0.208161135079521,-0.707106781186548));
#4090=DIRECTION('',(0.,0.,1.));
#4091=DIRECTION('',(-0.955687126461799,0.294384300388437,0.));
#4092=DIRECTION('center_axis',(0.,0.,-1.));
#4093=DIRECTION('ref_axis',(-0.09375,0.995595770129624,0.));
#4094=DIRECTION('center_axis',(0.,0.,1.));
#4095=DIRECTION('ref_axis',(-0.09375,0.995595770129624,0.));
#4096=DIRECTION('',(0.,0.,1.));
#4097=DIRECTION('',(0.,0.,-1.));
#4098=DIRECTION('center_axis',(0.0937500000000001,-0.995595770129625,0.));
#4099=DIRECTION('ref_axis',(0.995595770129624,0.0937500000000001,0.));
#4100=DIRECTION('',(-0.7039925203793,-0.0662912607362389,-0.707106781186548));
#4101=DIRECTION('',(0.,0.,1.));
#4102=DIRECTION('',(-0.995595770129624,-0.0937500000000001,0.));
#4103=DIRECTION('center_axis',(0.,0.,-1.));
#4104=DIRECTION('ref_axis',(-0.467611712734302,0.883933982893345,0.));
#4105=DIRECTION('center_axis',(0.,0.,1.));
#4106=DIRECTION('ref_axis',(-0.467611712734302,0.883933982893345,0.));
#4107=DIRECTION('',(0.,0.,1.));
#4108=DIRECTION('',(0.,0.,-1.));
#4109=DIRECTION('center_axis',(0.467611712734302,-0.883933982893345,0.));
#4110=DIRECTION('ref_axis',(0.883933982893345,0.467611712734302,0.));
#4111=DIRECTION('',(-0.625035713425117,-0.330651413036681,-0.707106781186548));
#4112=DIRECTION('',(0.,0.,1.));
#4113=DIRECTION('',(-0.883933982893345,-0.467611712734302,0.));
#4114=DIRECTION('center_axis',(0.,0.,-1.));
#4115=DIRECTION('ref_axis',(-0.770283781115539,0.637701259643062,0.));
#4116=DIRECTION('center_axis',(0.,0.,1.));
#4117=DIRECTION('ref_axis',(-0.770283781115539,0.637701259643062,0.));
#4118=DIRECTION('',(0.,0.,1.));
#4119=DIRECTION('',(0.,0.,-1.));
#4120=DIRECTION('center_axis',(0.770283781115539,-0.637701259643062,0.));
#4121=DIRECTION('ref_axis',(0.637701259643062,0.770283781115539,0.));
#4122=DIRECTION('',(-0.450922885064812,-0.544672885064812,-0.707106781186548));
#4123=DIRECTION('',(0.,0.,1.));
#4124=DIRECTION('',(-0.637701259643062,-0.770283781115539,0.));
#4125=DIRECTION('center_axis',(0.,0.,-1.));
#4126=DIRECTION('ref_axis',(-0.883933982893345,-0.467611712734302,0.));
#4127=DIRECTION('center_axis',(0.,0.,1.));
#4128=DIRECTION('ref_axis',(-0.883933982893345,-0.467611712734302,0.));
#4129=DIRECTION('',(0.,0.,1.));
#4130=DIRECTION('',(0.,0.,-1.));
#4131=DIRECTION('center_axis',(0.883933982893345,0.467611712734303,0.));
#4132=DIRECTION('ref_axis',(-0.467611712734303,0.883933982893345,0.));
#4133=DIRECTION('',(0.330651413036681,-0.625035713425117,-0.707106781186548));
#4134=DIRECTION('',(0.,0.,1.));
#4135=DIRECTION('',(0.467611712734303,-0.883933982893345,0.));
#4136=DIRECTION('center_axis',(0.,0.,-1.));
#4137=DIRECTION('ref_axis',(-0.995595770129624,-0.0937499999999999,0.));
#4138=DIRECTION('center_axis',(0.,0.,1.));
#4139=DIRECTION('ref_axis',(-0.995595770129624,-0.0937499999999999,0.));
#4140=DIRECTION('',(0.,0.,1.));
#4141=DIRECTION('',(0.,0.,-1.));
#4142=DIRECTION('center_axis',(0.995595770129625,0.0937499999999998,0.));
#4143=DIRECTION('ref_axis',(-0.0937499999999998,0.995595770129624,0.));
#4144=DIRECTION('',(0.0662912607362386,-0.7039925203793,-0.707106781186548));
#4145=DIRECTION('',(0.,0.,1.));
#4146=DIRECTION('',(0.0937499999999998,-0.995595770129624,0.));
#4147=DIRECTION('center_axis',(0.,0.,-1.));
#4148=DIRECTION('ref_axis',(-0.955687126461799,0.294384300388437,0.));
#4149=DIRECTION('center_axis',(0.,0.,1.));
#4150=DIRECTION('ref_axis',(-0.955687126461799,0.294384300388437,0.));
#4151=DIRECTION('',(0.,0.,1.));
#4152=DIRECTION('',(0.,0.,-1.));
#4153=DIRECTION('center_axis',(0.955687126461799,-0.294384300388437,0.));
#4154=DIRECTION('ref_axis',(0.294384300388437,0.955687126461799,0.));
#4155=DIRECTION('',(-0.208161135079521,-0.675772847813823,-0.707106781186548));
#4156=DIRECTION('',(0.,0.,1.));
#4157=DIRECTION('',(-0.294384300388437,-0.955687126461799,0.));
#4158=DIRECTION('center_axis',(0.,0.,1.));
#4159=DIRECTION('ref_axis',(-1.,0.,0.));
#4160=DIRECTION('center_axis',(0.,0.,1.));
#4161=DIRECTION('ref_axis',(-1.,0.,0.));
#4162=DIRECTION('',(0.,0.,1.));
#4163=DIRECTION('center_axis',(0.,0.,1.));
#4164=DIRECTION('ref_axis',(-1.,0.,0.));
#4165=DIRECTION('center_axis',(0.,0.,1.));
#4166=DIRECTION('ref_axis',(-1.,0.,0.));
#4167=DIRECTION('center_axis',(0.,0.,-1.));
#4168=DIRECTION('ref_axis',(-1.,0.,0.));
#4169=DIRECTION('center_axis',(0.,0.,1.));
#4170=DIRECTION('ref_axis',(-1.,0.,0.));
#4171=DIRECTION('',(0.707106781186547,-8.65956056235493E-17,-0.707106781186548));
#4172=DIRECTION('center_axis',(0.,0.,-1.));
#4173=DIRECTION('ref_axis',(-1.,0.,0.));
#4174=DIRECTION('',(-0.675772847813823,-0.208161135079521,0.707106781186548));
#4175=DIRECTION('center_axis',(0.,0.,-1.));
#4176=DIRECTION('ref_axis',(-1.,0.,0.));
#4177=DIRECTION('',(-0.544672885064812,-0.450922885064812,0.707106781186548));
#4178=DIRECTION('center_axis',(0.,0.,-1.));
#4179=DIRECTION('ref_axis',(-1.,0.,0.));
#4180=DIRECTION('',(-0.330651413036681,-0.625035713425117,0.707106781186548));
#4181=DIRECTION('center_axis',(0.,0.,-1.));
#4182=DIRECTION('ref_axis',(-1.,0.,0.));
#4183=DIRECTION('',(-0.0662912607362387,-0.7039925203793,0.707106781186548));
#4184=DIRECTION('center_axis',(0.,0.,-1.));
#4185=DIRECTION('ref_axis',(-1.,0.,0.));
#4186=DIRECTION('',(0.208161135079521,-0.675772847813823,0.707106781186548));
#4187=DIRECTION('center_axis',(0.,0.,-1.));
#4188=DIRECTION('ref_axis',(-1.,0.,0.));
#4189=DIRECTION('',(0.450922885064812,-0.544672885064812,0.707106781186548));
#4190=DIRECTION('center_axis',(0.,0.,-1.));
#4191=DIRECTION('ref_axis',(-1.,0.,0.));
#4192=DIRECTION('',(0.625035713425117,-0.330651413036681,0.707106781186548));
#4193=DIRECTION('center_axis',(0.,0.,-1.));
#4194=DIRECTION('ref_axis',(-1.,0.,0.));
#4195=DIRECTION('',(0.7039925203793,-0.0662912607362386,0.707106781186548));
#4196=DIRECTION('center_axis',(0.,0.,-1.));
#4197=DIRECTION('ref_axis',(-1.,0.,0.));
#4198=DIRECTION('',(0.675772847813823,0.208161135079521,0.707106781186548));
#4199=DIRECTION('center_axis',(0.,0.,-1.));
#4200=DIRECTION('ref_axis',(-1.,0.,0.));
#4201=DIRECTION('',(0.544672885064812,0.450922885064812,0.707106781186548));
#4202=DIRECTION('center_axis',(0.,0.,-1.));
#4203=DIRECTION('ref_axis',(-1.,0.,0.));
#4204=DIRECTION('',(0.330651413036681,0.625035713425117,0.707106781186548));
#4205=DIRECTION('center_axis',(0.,0.,-1.));
#4206=DIRECTION('ref_axis',(-1.,0.,0.));
#4207=DIRECTION('',(0.0662912607362388,0.7039925203793,0.707106781186548));
#4208=DIRECTION('center_axis',(0.,0.,-1.));
#4209=DIRECTION('ref_axis',(-1.,0.,0.));
#4210=DIRECTION('',(-0.208161135079521,0.675772847813823,0.707106781186548));
#4211=DIRECTION('center_axis',(0.,0.,-1.));
#4212=DIRECTION('ref_axis',(-1.,0.,0.));
#4213=DIRECTION('',(-0.450922885064812,0.544672885064812,0.707106781186548));
#4214=DIRECTION('center_axis',(0.,0.,-1.));
#4215=DIRECTION('ref_axis',(-1.,0.,0.));
#4216=DIRECTION('',(-0.625035713425117,0.330651413036681,0.707106781186548));
#4217=DIRECTION('center_axis',(0.,0.,-1.));
#4218=DIRECTION('ref_axis',(-1.,0.,0.));
#4219=DIRECTION('',(-0.7039925203793,0.0662912607362389,0.707106781186548));
#4220=DIRECTION('center_axis',(0.,0.,-1.));
#4221=DIRECTION('ref_axis',(-1.,0.,0.));
#4222=DIRECTION('center_axis',(0.,0.,1.));
#4223=DIRECTION('ref_axis',(-1.,0.,0.));
#4224=DIRECTION('',(0.,0.,1.));
#4225=DIRECTION('center_axis',(0.,0.,-1.));
#4226=DIRECTION('ref_axis',(-1.,0.,0.));
#4227=DIRECTION('',(0.,0.,1.));
#4228=DIRECTION('center_axis',(-0.995645973443409,0.0932153183008394,0.));
#4229=DIRECTION('ref_axis',(-0.0932153183008394,-0.995645973443409,0.));
#4230=DIRECTION('',(0.,0.,1.));
#4231=DIRECTION('',(0.0932153183008394,0.995645973443409,0.));
#4232=DIRECTION('center_axis',(-0.955528894448011,-0.294897493843135,0.));
#4233=DIRECTION('ref_axis',(0.294897493843135,-0.955528894448011,0.));
#4234=DIRECTION('',(0.,0.,1.));
#4235=DIRECTION('',(-0.294897493843135,0.955528894448011,0.));
#4236=DIRECTION('',(0.,0.,1.));
#4237=DIRECTION('center_axis',(-0.883933982893345,0.467611712734303,0.));
#4238=DIRECTION('ref_axis',(-0.467611712734303,-0.883933982893345,0.));
#4239=DIRECTION('',(0.467611712734303,0.883933982893345,0.));
#4240=DIRECTION('center_axis',(0.,0.,1.));
#4241=DIRECTION('ref_axis',(-1.,0.,0.));
#4242=DIRECTION('',(0.,0.,1.));
#4243=DIRECTION('center_axis',(0.,0.,-1.));
#4244=DIRECTION('ref_axis',(-1.,0.,0.));
#4245=DIRECTION('',(0.,0.,1.));
#4246=DIRECTION('center_axis',(-0.995595770129625,0.0937500000000001,0.));
#4247=DIRECTION('ref_axis',(-0.0937500000000001,-0.995595770129624,0.));
#4248=DIRECTION('',(0.0937500000000001,0.995595770129624,0.));
#4249=DIRECTION('center_axis',(-0.884184978535272,0.467136943232475,0.));
#4250=DIRECTION('ref_axis',(-0.467136943232475,-0.884184978535272,0.));
#4251=DIRECTION('',(0.,0.,1.));
#4252=DIRECTION('',(0.467136943232475,0.884184978535272,0.));
#4253=DIRECTION('center_axis',(-0.769941203163902,-0.63811483580193,0.));
#4254=DIRECTION('ref_axis',(0.63811483580193,-0.769941203163901,0.));
#4255=DIRECTION('',(0.,0.,1.));
#4256=DIRECTION('',(-0.63811483580193,0.769941203163902,0.));
#4257=DIRECTION('',(0.,0.,1.));
#4258=DIRECTION('center_axis',(-0.637701259643062,0.77028378111554,0.));
#4259=DIRECTION('ref_axis',(-0.77028378111554,-0.637701259643062,0.));
#4260=DIRECTION('',(0.77028378111554,0.637701259643062,0.));
#4261=DIRECTION('center_axis',(0.,0.,1.));
#4262=DIRECTION('ref_axis',(-1.,0.,0.));
#4263=DIRECTION('',(0.,0.,1.));
#4264=DIRECTION('center_axis',(0.,0.,-1.));
#4265=DIRECTION('ref_axis',(-1.,0.,0.));
#4266=DIRECTION('',(0.,0.,1.));
#4267=DIRECTION('center_axis',(-0.955687126461799,-0.294384300388436,0.));
#4268=DIRECTION('ref_axis',(0.294384300388436,-0.955687126461799,0.));
#4269=DIRECTION('',(-0.294384300388436,0.955687126461799,0.));
#4270=DIRECTION('center_axis',(-0.63811483580193,0.769941203163902,0.));
#4271=DIRECTION('ref_axis',(-0.769941203163901,-0.63811483580193,0.));
#4272=DIRECTION('',(0.,0.,1.));
#4273=DIRECTION('',(0.769941203163902,0.63811483580193,0.));
#4274=DIRECTION('center_axis',(-0.467136943232475,-0.884184978535272,0.));
#4275=DIRECTION('ref_axis',(0.884184978535272,-0.467136943232475,0.));
#4276=DIRECTION('',(0.,0.,1.));
#4277=DIRECTION('',(-0.884184978535272,0.467136943232475,0.));
#4278=DIRECTION('',(0.,0.,1.));
#4279=DIRECTION('center_axis',(-0.294384300388437,0.955687126461799,0.));
#4280=DIRECTION('ref_axis',(-0.955687126461799,-0.294384300388437,0.));
#4281=DIRECTION('',(0.955687126461799,0.294384300388437,0.));
#4282=DIRECTION('center_axis',(-0.770283781115539,-0.637701259643062,0.));
#4283=DIRECTION('ref_axis',(0.637701259643062,-0.770283781115539,0.));
#4284=DIRECTION('',(-0.637701259643062,0.770283781115539,0.));
#4285=DIRECTION('center_axis',(0.,0.,1.));
#4286=DIRECTION('ref_axis',(-1.,0.,0.));
#4287=DIRECTION('',(0.,0.,1.));
#4288=DIRECTION('center_axis',(0.,0.,-1.));
#4289=DIRECTION('ref_axis',(-1.,0.,0.));
#4290=DIRECTION('',(0.,0.,1.));
#4291=DIRECTION('center_axis',(-0.0932153183008394,-0.995645973443409,0.));
#4292=DIRECTION('ref_axis',(0.995645973443409,-0.0932153183008394,0.));
#4293=DIRECTION('',(0.,0.,1.));
#4294=DIRECTION('',(-0.995645973443409,0.0932153183008394,0.));
#4295=DIRECTION('',(0.,0.,1.));
#4296=DIRECTION('center_axis',(-0.294897493843135,0.955528894448011,0.));
#4297=DIRECTION('ref_axis',(-0.955528894448011,-0.294897493843135,0.));
#4298=DIRECTION('',(0.,0.,1.));
#4299=DIRECTION('',(0.955528894448011,0.294897493843135,0.));
#4300=DIRECTION('center_axis',(-0.467611712734303,-0.883933982893345,0.));
#4301=DIRECTION('ref_axis',(0.883933982893345,-0.467611712734303,0.));
#4302=DIRECTION('',(-0.883933982893345,0.467611712734303,0.));
#4303=DIRECTION('center_axis',(0.0937499999999997,0.995595770129625,0.));
#4304=DIRECTION('ref_axis',(-0.995595770129624,0.0937499999999997,0.));
#4305=DIRECTION('',(0.995595770129624,-0.0937499999999997,0.));
#4306=DIRECTION('center_axis',(0.,0.,1.));
#4307=DIRECTION('ref_axis',(-1.,0.,0.));
#4308=DIRECTION('',(0.,0.,1.));
#4309=DIRECTION('center_axis',(0.,0.,-1.));
#4310=DIRECTION('ref_axis',(-1.,0.,0.));
#4311=DIRECTION('',(0.,0.,1.));
#4312=DIRECTION('center_axis',(0.294897493843134,-0.955528894448011,0.));
#4313=DIRECTION('ref_axis',(0.955528894448011,0.294897493843134,0.));
#4314=DIRECTION('',(0.,0.,1.));
#4315=DIRECTION('',(-0.955528894448011,-0.294897493843134,0.));
#4316=DIRECTION('',(0.,0.,1.));
#4317=DIRECTION('center_axis',(0.0932153183008394,0.995645973443409,0.));
#4318=DIRECTION('ref_axis',(-0.995645973443409,0.0932153183008394,0.));
#4319=DIRECTION('',(0.,0.,1.));
#4320=DIRECTION('',(0.995645973443409,-0.0932153183008394,0.));
#4321=DIRECTION('center_axis',(-0.0937500000000001,-0.995595770129625,0.));
#4322=DIRECTION('ref_axis',(0.995595770129624,-0.0937500000000001,0.));
#4323=DIRECTION('',(-0.995595770129624,0.0937500000000001,0.));
#4324=DIRECTION('center_axis',(0.467611712734303,0.883933982893345,0.));
#4325=DIRECTION('ref_axis',(-0.883933982893345,0.467611712734303,0.));
#4326=DIRECTION('',(0.883933982893345,-0.467611712734303,0.));
#4327=DIRECTION('center_axis',(0.,0.,1.));
#4328=DIRECTION('ref_axis',(-1.,0.,0.));
#4329=DIRECTION('',(0.,0.,1.));
#4330=DIRECTION('center_axis',(0.,0.,-1.));
#4331=DIRECTION('ref_axis',(-1.,0.,0.));
#4332=DIRECTION('',(0.,0.,1.));
#4333=DIRECTION('center_axis',(0.63811483580193,-0.769941203163901,0.));
#4334=DIRECTION('ref_axis',(0.769941203163901,0.63811483580193,0.));
#4335=DIRECTION('',(0.,0.,1.));
#4336=DIRECTION('',(-0.769941203163901,-0.63811483580193,0.));
#4337=DIRECTION('',(0.,0.,1.));
#4338=DIRECTION('center_axis',(0.467136943232475,0.884184978535272,0.));
#4339=DIRECTION('ref_axis',(-0.884184978535272,0.467136943232475,0.));
#4340=DIRECTION('',(0.,0.,1.));
#4341=DIRECTION('',(0.884184978535272,-0.467136943232475,0.));
#4342=DIRECTION('center_axis',(0.294384300388436,-0.955687126461799,0.));
#4343=DIRECTION('ref_axis',(0.955687126461799,0.294384300388436,0.));
#4344=DIRECTION('',(-0.955687126461799,-0.294384300388436,0.));
#4345=DIRECTION('center_axis',(0.770283781115539,0.637701259643062,0.));
#4346=DIRECTION('ref_axis',(-0.637701259643062,0.770283781115539,0.));
#4347=DIRECTION('',(0.637701259643062,-0.770283781115539,0.));
#4348=DIRECTION('center_axis',(0.,0.,1.));
#4349=DIRECTION('ref_axis',(-1.,0.,0.));
#4350=DIRECTION('',(0.,0.,1.));
#4351=DIRECTION('center_axis',(0.,0.,-1.));
#4352=DIRECTION('ref_axis',(-1.,0.,0.));
#4353=DIRECTION('',(0.,0.,1.));
#4354=DIRECTION('center_axis',(0.884184978535272,-0.467136943232475,0.));
#4355=DIRECTION('ref_axis',(0.467136943232475,0.884184978535272,0.));
#4356=DIRECTION('',(0.,0.,1.));
#4357=DIRECTION('',(-0.467136943232475,-0.884184978535272,0.));
#4358=DIRECTION('',(0.,0.,1.));
#4359=DIRECTION('center_axis',(0.769941203163902,0.63811483580193,0.));
#4360=DIRECTION('ref_axis',(-0.638114835801929,0.769941203163902,0.));
#4361=DIRECTION('',(0.,0.,1.));
#4362=DIRECTION('',(0.638114835801929,-0.769941203163902,0.));
#4363=DIRECTION('center_axis',(0.637701259643062,-0.77028378111554,0.));
#4364=DIRECTION('ref_axis',(0.77028378111554,0.637701259643062,0.));
#4365=DIRECTION('',(-0.77028378111554,-0.637701259643062,0.));
#4366=DIRECTION('center_axis',(0.955687126461799,0.294384300388437,0.));
#4367=DIRECTION('ref_axis',(-0.294384300388437,0.955687126461799,0.));
#4368=DIRECTION('',(0.294384300388437,-0.955687126461799,0.));
#4369=DIRECTION('center_axis',(0.995645973443409,-0.0932153183008404,0.));
#4370=DIRECTION('ref_axis',(0.0932153183008404,0.995645973443409,0.));
#4371=DIRECTION('',(0.,0.,1.));
#4372=DIRECTION('',(-0.0932153183008404,-0.995645973443409,0.));
#4373=DIRECTION('',(0.,0.,1.));
#4374=DIRECTION('center_axis',(0.,0.,1.));
#4375=DIRECTION('ref_axis',(-1.,0.,0.));
#4376=DIRECTION('',(0.,0.,1.));
#4377=DIRECTION('center_axis',(0.,0.,-1.));
#4378=DIRECTION('ref_axis',(-1.,0.,0.));
#4379=DIRECTION('',(0.,0.,1.));
#4380=DIRECTION('center_axis',(0.883933982893345,-0.467611712734303,0.));
#4381=DIRECTION('ref_axis',(0.467611712734303,0.883933982893345,0.));
#4382=DIRECTION('',(-0.467611712734303,-0.883933982893345,0.));
#4383=DIRECTION('center_axis',(0.955528894448011,0.294897493843135,0.));
#4384=DIRECTION('ref_axis',(-0.294897493843135,0.955528894448011,0.));
#4385=DIRECTION('',(0.,0.,1.));
#4386=DIRECTION('',(0.294897493843135,-0.955528894448011,0.));
#4387=DIRECTION('center_axis',(0.995595770129625,-0.0937499999999999,0.));
#4388=DIRECTION('ref_axis',(0.0937499999999999,0.995595770129624,0.));
#4389=DIRECTION('',(-0.0937499999999999,-0.995595770129624,0.));
#4390=DIRECTION('center_axis',(0.,0.,1.));
#4391=DIRECTION('ref_axis',(1.,0.,0.));
#4392=DIRECTION('center_axis',(0.,0.,-1.));
#4393=DIRECTION('ref_axis',(-1.,0.,0.));
#4394=DIRECTION('center_axis',(1.22464679914735E-16,-1.,0.));
#4395=DIRECTION('ref_axis',(-1.,-1.22464679914735E-16,0.));
#4396=DIRECTION('center_axis',(0.,0.,1.));
#4397=DIRECTION('ref_axis',(-1.,0.,0.));
#4398=DIRECTION('center_axis',(0.,0.,-1.));
#4399=DIRECTION('ref_axis',(-1.,0.,0.));
#4400=DIRECTION('center_axis',(0.,0.,1.));
#4401=DIRECTION('ref_axis',(-1.,0.,0.));
#4402=DIRECTION('center_axis',(0.,0.,1.));
#4403=DIRECTION('ref_axis',(-1.,0.,0.));
#4404=DIRECTION('',(0.,0.,-1.));
#4405=DIRECTION('center_axis',(0.,0.,1.));
#4406=DIRECTION('ref_axis',(-1.,0.,0.));
#4407=DIRECTION('center_axis',(0.,0.,1.));
#4408=DIRECTION('ref_axis',(1.,0.,0.));
#4409=DIRECTION('center_axis',(0.,0.,1.));
#4410=DIRECTION('ref_axis',(1.,0.,0.));
#4411=DIRECTION('center_axis',(0.,0.,-1.));
#4412=DIRECTION('ref_axis',(-1.,0.,0.));
#4413=DIRECTION('center_axis',(1.22464679914735E-16,-1.,0.));
#4414=DIRECTION('ref_axis',(-1.,-1.22464679914735E-16,0.));
#4415=DIRECTION('center_axis',(0.,0.,1.));
#4416=DIRECTION('ref_axis',(-1.,0.,0.));
#4417=DIRECTION('center_axis',(0.,0.,-1.));
#4418=DIRECTION('ref_axis',(-1.,0.,0.));
#4419=DIRECTION('center_axis',(0.,0.,1.));
#4420=DIRECTION('ref_axis',(-1.,0.,0.));
#4421=DIRECTION('center_axis',(0.,0.,1.));
#4422=DIRECTION('ref_axis',(-1.,0.,0.));
#4423=DIRECTION('',(0.,0.,-1.));
#4424=DIRECTION('center_axis',(0.,0.,1.));
#4425=DIRECTION('ref_axis',(-1.,0.,0.));
#4426=DIRECTION('center_axis',(1.,-2.58050634980778E-16,0.));
#4427=DIRECTION('ref_axis',(2.58050634980778E-16,1.,0.));
#4428=DIRECTION('',(2.58050634980778E-16,1.,0.));
#4429=DIRECTION('',(0.,0.,1.));
#4430=DIRECTION('',(2.58050634980778E-16,1.,0.));
#4431=DIRECTION('',(0.,0.,1.));
#4432=DIRECTION('center_axis',(1.29025317490389E-16,-1.,0.));
#4433=DIRECTION('ref_axis',(1.,1.29025317490389E-16,0.));
#4434=DIRECTION('',(1.,1.29025317490389E-16,0.));
#4435=DIRECTION('',(0.,0.,1.));
#4436=DIRECTION('',(1.,1.29025317490389E-16,0.));
#4437=DIRECTION('',(0.,0.,1.));
#4438=DIRECTION('center_axis',(-1.,1.29025317490389E-16,0.));
#4439=DIRECTION('ref_axis',(-1.29025317490389E-16,-1.,0.));
#4440=DIRECTION('',(-1.29025317490389E-16,-1.,0.));
#4441=DIRECTION('',(0.,0.,1.));
#4442=DIRECTION('',(-1.29025317490389E-16,-1.,0.));
#4443=DIRECTION('',(0.,0.,1.));
#4444=DIRECTION('center_axis',(1.29025317490389E-16,1.,0.));
#4445=DIRECTION('ref_axis',(-1.,1.29025317490389E-16,0.));
#4446=DIRECTION('',(-1.,1.29025317490389E-16,0.));
#4447=DIRECTION('',(0.,0.,1.));
#4448=DIRECTION('',(-1.,1.29025317490389E-16,0.));
#4449=DIRECTION('',(0.,0.,1.));
#4450=DIRECTION('center_axis',(0.,0.,-1.));
#4451=DIRECTION('ref_axis',(1.,0.,0.));
#4452=DIRECTION('center_axis',(0.,0.,1.));
#4453=DIRECTION('ref_axis',(0.642141140481488,0.766586430678977,0.));
#4454=DIRECTION('center_axis',(0.,0.,1.));
#4455=DIRECTION('ref_axis',(0.766586430678972,-0.642141140481494,0.));
#4456=DIRECTION('center_axis',(0.,0.,1.));
#4457=DIRECTION('ref_axis',(-0.6421411404815,-0.766586430678967,0.));
#4458=DIRECTION('center_axis',(0.,0.,1.));
#4459=DIRECTION('ref_axis',(-0.766586430678971,0.642141140481494,0.));
#4460=DIRECTION('center_axis',(0.,0.,-1.));
#4461=DIRECTION('ref_axis',(1.,0.,0.));
#4462=DIRECTION('center_axis',(0.,0.,1.));
#4463=DIRECTION('ref_axis',(1.,0.,0.));
#4464=DIRECTION('center_axis',(0.,0.,-1.));
#4465=DIRECTION('ref_axis',(1.,0.,0.));
#4466=DIRECTION('center_axis',(0.,0.,1.));
#4467=DIRECTION('ref_axis',(1.,0.,0.));
#4468=DIRECTION('center_axis',(0.,0.,-1.));
#4469=DIRECTION('ref_axis',(1.,0.,0.));
#4470=DIRECTION('center_axis',(0.,0.,1.));
#4471=DIRECTION('ref_axis',(1.,0.,0.));
#4472=DIRECTION('center_axis',(0.,0.,-1.));
#4473=DIRECTION('ref_axis',(1.,0.,0.));
#4474=DIRECTION('center_axis',(0.,0.,1.));
#4475=DIRECTION('ref_axis',(1.,0.,0.));
#4476=DIRECTION('center_axis',(0.,0.,1.));
#4477=DIRECTION('ref_axis',(1.,0.,0.));
#4478=DIRECTION('center_axis',(0.,0.,1.));
#4479=DIRECTION('ref_axis',(1.,0.,0.));
#4480=DIRECTION('',(0.,0.,1.));
#4481=DIRECTION('center_axis',(-0.769941203163901,0.63811483580193,0.));
#4482=DIRECTION('ref_axis',(-0.63811483580193,-0.769941203163901,0.));
#4483=DIRECTION('',(0.,0.,1.));
#4484=DIRECTION('',(0.63811483580193,0.769941203163901,0.));
#4485=DIRECTION('center_axis',(0.,0.,1.));
#4486=DIRECTION('ref_axis',(-1.,0.,0.));
#4487=DIRECTION('center_axis',(0.,0.,-1.));
#4488=DIRECTION('ref_axis',(-1.,0.,0.));
#4489=DIRECTION('center_axis',(-0.467136943232475,0.884184978535272,0.));
#4490=DIRECTION('ref_axis',(-0.884184978535272,-0.467136943232475,0.));
#4491=DIRECTION('',(0.,0.,1.));
#4492=DIRECTION('',(0.884184978535272,0.467136943232475,0.));
#4493=DIRECTION('center_axis',(0.,0.,1.));
#4494=DIRECTION('ref_axis',(-1.,0.,0.));
#4495=DIRECTION('center_axis',(0.,0.,-1.));
#4496=DIRECTION('ref_axis',(-1.,0.,0.));
#4497=DIRECTION('center_axis',(-0.0932153183008393,0.995645973443409,0.));
#4498=DIRECTION('ref_axis',(-0.995645973443409,-0.0932153183008393,0.));
#4499=DIRECTION('',(0.,0.,1.));
#4500=DIRECTION('',(0.995645973443409,0.0932153183008393,0.));
#4501=DIRECTION('center_axis',(0.,0.,1.));
#4502=DIRECTION('ref_axis',(-1.,0.,0.));
#4503=DIRECTION('center_axis',(0.,0.,-1.));
#4504=DIRECTION('ref_axis',(-1.,0.,0.));
#4505=DIRECTION('center_axis',(0.294897493843135,0.955528894448011,0.));
#4506=DIRECTION('ref_axis',(-0.955528894448011,0.294897493843135,0.));
#4507=DIRECTION('',(0.,0.,1.));
#4508=DIRECTION('',(0.955528894448011,-0.294897493843135,0.));
#4509=DIRECTION('center_axis',(0.,0.,1.));
#4510=DIRECTION('ref_axis',(1.,1.22464679914735E-16,0.));
#4511=DIRECTION('center_axis',(0.,0.,-1.));
#4512=DIRECTION('ref_axis',(-1.,0.,0.));
#4513=DIRECTION('center_axis',(0.,0.,-1.));
#4514=DIRECTION('ref_axis',(-1.,0.,0.));
#4515=DIRECTION('center_axis',(0.63811483580193,0.769941203163901,0.));
#4516=DIRECTION('ref_axis',(-0.769941203163901,0.63811483580193,0.));
#4517=DIRECTION('',(0.,0.,1.));
#4518=DIRECTION('',(0.769941203163901,-0.63811483580193,0.));
#4519=DIRECTION('center_axis',(0.,0.,1.));
#4520=DIRECTION('ref_axis',(-1.,0.,0.));
#4521=DIRECTION('center_axis',(0.,0.,-1.));
#4522=DIRECTION('ref_axis',(-1.,0.,0.));
#4523=DIRECTION('center_axis',(0.884184978535272,0.467136943232475,0.));
#4524=DIRECTION('ref_axis',(-0.467136943232475,0.884184978535272,0.));
#4525=DIRECTION('',(0.,0.,1.));
#4526=DIRECTION('',(0.467136943232475,-0.884184978535272,0.));
#4527=DIRECTION('center_axis',(0.,0.,1.));
#4528=DIRECTION('ref_axis',(-1.,0.,0.));
#4529=DIRECTION('center_axis',(0.,0.,-1.));
#4530=DIRECTION('ref_axis',(-1.,0.,0.));
#4531=DIRECTION('center_axis',(0.995645973443409,0.0932153183008394,0.));
#4532=DIRECTION('ref_axis',(-0.0932153183008394,0.995645973443409,0.));
#4533=DIRECTION('',(0.,0.,1.));
#4534=DIRECTION('',(0.0932153183008394,-0.995645973443409,0.));
#4535=DIRECTION('center_axis',(0.,0.,1.));
#4536=DIRECTION('ref_axis',(-1.,0.,0.));
#4537=DIRECTION('center_axis',(0.,0.,-1.));
#4538=DIRECTION('ref_axis',(-1.,0.,0.));
#4539=DIRECTION('center_axis',(0.955528894448011,-0.294897493843135,0.));
#4540=DIRECTION('ref_axis',(0.294897493843135,0.955528894448011,0.));
#4541=DIRECTION('',(0.,0.,1.));
#4542=DIRECTION('',(-0.294897493843135,-0.955528894448011,0.));
#4543=DIRECTION('center_axis',(0.,0.,1.));
#4544=DIRECTION('ref_axis',(-1.,0.,0.));
#4545=DIRECTION('center_axis',(0.,0.,-1.));
#4546=DIRECTION('ref_axis',(-1.,0.,0.));
#4547=DIRECTION('center_axis',(0.769941203163902,-0.63811483580193,0.));
#4548=DIRECTION('ref_axis',(0.63811483580193,0.769941203163901,0.));
#4549=DIRECTION('',(-0.63811483580193,-0.769941203163902,0.));
#4550=DIRECTION('center_axis',(0.467136943232475,-0.884184978535272,0.));
#4551=DIRECTION('ref_axis',(0.884184978535272,0.467136943232475,0.));
#4552=DIRECTION('',(-0.884184978535272,-0.467136943232475,0.));
#4553=DIRECTION('center_axis',(0.0932153183008393,-0.995645973443409,0.));
#4554=DIRECTION('ref_axis',(0.995645973443409,0.0932153183008393,0.));
#4555=DIRECTION('',(-0.995645973443409,-0.0932153183008393,0.));
#4556=DIRECTION('center_axis',(-0.294897493843134,-0.955528894448011,0.));
#4557=DIRECTION('ref_axis',(0.955528894448011,-0.294897493843134,0.));
#4558=DIRECTION('',(-0.955528894448011,0.294897493843134,0.));
#4559=DIRECTION('center_axis',(-0.63811483580193,-0.769941203163901,0.));
#4560=DIRECTION('ref_axis',(0.769941203163901,-0.63811483580193,0.));
#4561=DIRECTION('',(-0.769941203163901,0.63811483580193,0.));
#4562=DIRECTION('center_axis',(-0.884184978535272,-0.467136943232475,0.));
#4563=DIRECTION('ref_axis',(0.467136943232475,-0.884184978535272,0.));
#4564=DIRECTION('',(-0.467136943232475,0.884184978535272,0.));
#4565=DIRECTION('center_axis',(-0.995645973443409,-0.0932153183008394,0.));
#4566=DIRECTION('ref_axis',(0.0932153183008394,-0.995645973443409,0.));
#4567=DIRECTION('',(-0.0932153183008394,0.995645973443409,0.));
#4568=DIRECTION('center_axis',(-0.955528894448011,0.294897493843135,0.));
#4569=DIRECTION('ref_axis',(-0.294897493843135,-0.955528894448011,0.));
#4570=DIRECTION('',(0.294897493843135,0.955528894448011,0.));
#4571=DIRECTION('center_axis',(0.,0.,1.));
#4572=DIRECTION('ref_axis',(-1.,0.,0.));
#4573=DIRECTION('center_axis',(0.,0.,1.));
#4574=DIRECTION('ref_axis',(-1.,0.,0.));
#4575=DIRECTION('center_axis',(0.,0.,-1.));
#4576=DIRECTION('ref_axis',(-1.,0.,0.));
#4577=DIRECTION('center_axis',(0.,0.,1.));
#4578=DIRECTION('ref_axis',(-1.,0.,0.));
#4579=DIRECTION('center_axis',(0.,0.,-1.));
#4580=DIRECTION('ref_axis',(-1.,0.,0.));
#4581=DIRECTION('center_axis',(0.,0.,1.));
#4582=DIRECTION('ref_axis',(-1.,0.,0.));
#4583=DIRECTION('center_axis',(0.,0.,-1.));
#4584=DIRECTION('ref_axis',(-1.,0.,0.));
#4585=DIRECTION('center_axis',(0.,0.,1.));
#4586=DIRECTION('ref_axis',(-1.,0.,0.));
#4587=DIRECTION('center_axis',(0.,0.,-1.));
#4588=DIRECTION('ref_axis',(-1.,0.,0.));
#4589=DIRECTION('center_axis',(0.,0.,1.));
#4590=DIRECTION('ref_axis',(-1.,0.,0.));
#4591=DIRECTION('center_axis',(0.,0.,-1.));
#4592=DIRECTION('ref_axis',(-1.,0.,0.));
#4593=DIRECTION('center_axis',(0.,0.,1.));
#4594=DIRECTION('ref_axis',(-1.,0.,0.));
#4595=DIRECTION('center_axis',(0.,0.,-1.));
#4596=DIRECTION('ref_axis',(-1.,0.,0.));
#4597=DIRECTION('center_axis',(0.,0.,1.));
#4598=DIRECTION('ref_axis',(-1.,0.,0.));
#4599=DIRECTION('center_axis',(0.,0.,-1.));
#4600=DIRECTION('ref_axis',(-1.,0.,0.));
#4601=DIRECTION('center_axis',(0.,0.,1.));
#4602=DIRECTION('ref_axis',(-1.,0.,0.));
#4603=DIRECTION('center_axis',(0.,0.,-1.));
#4604=DIRECTION('ref_axis',(-1.,0.,0.));
#4605=DIRECTION('center_axis',(0.,0.,1.));
#4606=DIRECTION('ref_axis',(-1.,0.,0.));
#4607=DIRECTION('center_axis',(0.,0.,-1.));
#4608=DIRECTION('ref_axis',(-1.,0.,0.));
#4609=DIRECTION('center_axis',(0.,0.,1.));
#4610=DIRECTION('ref_axis',(-1.,0.,0.));
#4611=DIRECTION('center_axis',(0.,0.,-1.));
#4612=DIRECTION('ref_axis',(-1.,0.,0.));
#4613=DIRECTION('center_axis',(0.,0.,1.));
#4614=DIRECTION('ref_axis',(-1.,0.,0.));
#4615=DIRECTION('center_axis',(0.,0.,-1.));
#4616=DIRECTION('ref_axis',(-1.,0.,0.));
#4617=DIRECTION('center_axis',(0.,0.,1.));
#4618=DIRECTION('ref_axis',(-1.,0.,0.));
#4619=DIRECTION('center_axis',(0.,0.,-1.));
#4620=DIRECTION('ref_axis',(-1.,0.,0.));
#4621=DIRECTION('center_axis',(0.,0.,1.));
#4622=DIRECTION('ref_axis',(-1.,0.,0.));
#4623=DIRECTION('center_axis',(0.,0.,-1.));
#4624=DIRECTION('ref_axis',(-1.,0.,0.));
#4625=DIRECTION('center_axis',(0.,0.,1.));
#4626=DIRECTION('ref_axis',(-1.,0.,0.));
#4627=DIRECTION('center_axis',(0.,0.,-1.));
#4628=DIRECTION('ref_axis',(-1.,0.,0.));
#4629=DIRECTION('center_axis',(0.,0.,1.));
#4630=DIRECTION('ref_axis',(-1.,0.,0.));
#4631=DIRECTION('center_axis',(0.,0.,-1.));
#4632=DIRECTION('ref_axis',(-1.,0.,0.));
#4633=DIRECTION('center_axis',(0.,0.,1.));
#4634=DIRECTION('ref_axis',(-1.,0.,0.));
#4635=DIRECTION('center_axis',(0.,0.,-1.));
#4636=DIRECTION('ref_axis',(-1.,0.,0.));
#4637=DIRECTION('center_axis',(0.,0.,-1.));
#4638=DIRECTION('ref_axis',(-1.,0.,0.));
#4639=DIRECTION('',(0.707106781186547,8.65956056235492E-17,-0.707106781186548));
#4640=CARTESIAN_POINT('',(0.,0.,0.));
#4641=CARTESIAN_POINT('Origin',(9.16070380642053E-17,0.,14.8));
#4642=CARTESIAN_POINT('',(2.,2.44929359829471E-16,14.8));
#4643=CARTESIAN_POINT('Origin',(9.16070380642053E-17,0.,14.8));
#4644=CARTESIAN_POINT('',(1.,1.22464679914735E-16,14.8));
#4645=CARTESIAN_POINT('Origin',(9.16070380642053E-17,0.,14.8));
#4646=CARTESIAN_POINT('Origin',(9.16070380642053E-17,0.,13.8));
#4647=CARTESIAN_POINT('',(2.,2.44929359829471E-16,12.8));
#4648=CARTESIAN_POINT('Origin',(9.16070380642053E-17,0.,12.8));
#4649=CARTESIAN_POINT('',(2.,2.44929359829471E-16,13.8));
#4650=CARTESIAN_POINT('Origin',(9.16070380642053E-17,0.,17.8));
#4651=CARTESIAN_POINT('',(1.,-1.22464679914735E-16,20.7));
#4652=CARTESIAN_POINT('',(1.,1.22464679914735E-16,17.8));
#4653=CARTESIAN_POINT('Origin',(9.16070380642053E-17,0.,20.7));
#4654=CARTESIAN_POINT('Origin',(0.,0.,0.1));
#4655=CARTESIAN_POINT('',(-2.55,3.12284933782575E-16,0.));
#4656=CARTESIAN_POINT('Origin',(0.,0.,0.));
#4657=CARTESIAN_POINT('',(-2.35,-2.87791997799628E-16,0.2));
#4658=CARTESIAN_POINT('',(-2.45,3.00038465791102E-16,0.1));
#4659=CARTESIAN_POINT('',(2.35,2.87791997799628E-16,0.2));
#4660=CARTESIAN_POINT('Origin',(0.,0.,0.2));
#4661=CARTESIAN_POINT('Origin',(0.,0.,0.2));
#4662=CARTESIAN_POINT('Origin',(0.,0.,6.4));
#4663=CARTESIAN_POINT('',(2.35,2.87791997799628E-16,12.8));
#4664=CARTESIAN_POINT('',(2.35,2.87791997799628E-16,6.4));
#4665=CARTESIAN_POINT('Origin',(0.,0.,12.8));
#4666=CARTESIAN_POINT('Origin',(0.,0.,0.));
#4667=CARTESIAN_POINT('',(0.792339126919292,-3.46044776119403,0.));
#4668=CARTESIAN_POINT('',(0.792339126919292,3.46044776119403,0.));
#4669=CARTESIAN_POINT('Origin',(0.,0.,0.));
#4670=CARTESIAN_POINT('',(-0.792339126919293,-3.46044776119403,0.));
#4671=CARTESIAN_POINT('Origin',(-4.10256677714363E-16,-3.35,0.));
#4672=CARTESIAN_POINT('',(-0.792339126919292,3.46044776119403,0.));
#4673=CARTESIAN_POINT('Origin',(0.,0.,0.));
#4674=CARTESIAN_POINT('Origin',(0.,3.35,0.));
#4675=CARTESIAN_POINT('Origin',(0.,0.,12.8));
#4676=CARTESIAN_POINT('Origin',(-2.11451115218128,-2.46806454277456,17.2));
#4677=CARTESIAN_POINT('',(2.11451115218128,-2.46806454277456,17.2));
#4678=CARTESIAN_POINT('',(-2.11451115218128,-2.46806454277456,17.2));
#4679=CARTESIAN_POINT('',(-1.05725557609064,-2.46806454277456,17.2));
#4680=CARTESIAN_POINT('',(2.11451115218128,-2.46806454277456,20.7));
#4681=CARTESIAN_POINT('',(2.11451115218128,-2.46806454277456,17.2));
#4682=CARTESIAN_POINT('',(-2.11451115218128,-2.46806454277456,20.7));
#4683=CARTESIAN_POINT('',(-2.46806454277456,-2.46806454277456,20.7));
#4684=CARTESIAN_POINT('',(-2.11451115218128,-2.46806454277456,17.2));
#4685=CARTESIAN_POINT('Origin',(-2.46806454277456,2.11451115218128,17.2));
#4686=CARTESIAN_POINT('',(-2.46806454277456,-2.11451115218128,17.2));
#4687=CARTESIAN_POINT('',(-2.46806454277456,2.11451115218128,17.2));
#4688=CARTESIAN_POINT('',(-2.46806454277456,1.05725557609064,17.2));
#4689=CARTESIAN_POINT('',(-2.46806454277456,-2.11451115218128,20.7));
#4690=CARTESIAN_POINT('',(-2.46806454277456,-2.11451115218128,17.2));
#4691=CARTESIAN_POINT('',(-2.46806454277456,2.11451115218128,20.7));
#4692=CARTESIAN_POINT('',(-2.46806454277456,2.46806454277456,20.7));
#4693=CARTESIAN_POINT('',(-2.46806454277456,2.11451115218128,17.2));
#4694=CARTESIAN_POINT('Origin',(2.11451115218128,2.46806454277456,17.2));
#4695=CARTESIAN_POINT('',(-2.11451115218128,2.46806454277456,17.2));
#4696=CARTESIAN_POINT('',(2.11451115218128,2.46806454277456,17.2));
#4697=CARTESIAN_POINT('',(1.05725557609064,2.46806454277456,17.2));
#4698=CARTESIAN_POINT('',(-2.11451115218128,2.46806454277456,20.7));
#4699=CARTESIAN_POINT('',(-2.11451115218128,2.46806454277456,17.2));
#4700=CARTESIAN_POINT('',(2.11451115218128,2.46806454277456,20.7));
#4701=CARTESIAN_POINT('',(2.46806454277456,2.46806454277456,20.7));
#4702=CARTESIAN_POINT('',(2.11451115218128,2.46806454277456,17.2));
#4703=CARTESIAN_POINT('Origin',(2.46806454277456,-2.11451115218128,17.2));
#4704=CARTESIAN_POINT('',(2.46806454277456,2.11451115218128,17.2));
#4705=CARTESIAN_POINT('',(2.46806454277456,-2.11451115218128,17.2));
#4706=CARTESIAN_POINT('',(2.46806454277456,-1.05725557609064,17.2));
#4707=CARTESIAN_POINT('',(2.46806454277456,2.11451115218128,20.7));
#4708=CARTESIAN_POINT('',(2.46806454277456,2.11451115218128,17.2));
#4709=CARTESIAN_POINT('',(2.46806454277456,-2.11451115218128,20.7));
#4710=CARTESIAN_POINT('',(2.46806454277456,-2.46806454277456,20.7));
#4711=CARTESIAN_POINT('',(2.46806454277456,-2.11451115218128,17.2));
#4712=CARTESIAN_POINT('Origin',(0.,0.,20.7));
#4713=CARTESIAN_POINT('Origin',(0.,0.,20.7));
#4714=CARTESIAN_POINT('Origin',(0.,0.,20.7));
#4715=CARTESIAN_POINT('Origin',(0.,0.,20.7));
#4716=CARTESIAN_POINT('Origin',(0.,0.,20.7));
#4717=CARTESIAN_POINT('Origin',(0.,0.,17.2));
#4718=CARTESIAN_POINT('',(3.25,3.9801020972289E-16,17.2));
#4719=CARTESIAN_POINT('Origin',(0.,0.,17.2));
#4720=CARTESIAN_POINT('Origin',(0.,0.,17.2));
#4721=CARTESIAN_POINT('Origin',(0.,0.,17.2));
#4722=CARTESIAN_POINT('Origin',(0.,0.,17.2));
#4723=CARTESIAN_POINT('Origin',(0.,0.,17.2));
#4724=CARTESIAN_POINT('Origin',(0.,0.,17.2));
#4725=CARTESIAN_POINT('Origin',(0.,0.,17.2));
#4726=CARTESIAN_POINT('Origin',(0.,0.,17.2));
#4727=CARTESIAN_POINT('Origin',(0.,0.,15.7));
#4728=CARTESIAN_POINT('',(3.25,3.9801020972289E-16,15.7));
#4729=CARTESIAN_POINT('',(3.25,3.9801020972289E-16,15.7));
#4730=CARTESIAN_POINT('Origin',(0.,0.,15.7));
#4731=CARTESIAN_POINT('Origin',(0.,0.,6.225));
#4732=CARTESIAN_POINT('',(4.8,-5.87830463590729E-16,6.45));
#4733=CARTESIAN_POINT('Origin',(0.,0.,6.45));
#4734=CARTESIAN_POINT('',(4.35,5.32721357629099E-16,6.));
#4735=CARTESIAN_POINT('',(4.575,5.60275910609914E-16,6.225));
#4736=CARTESIAN_POINT('',(0.,4.35,6.));
#4737=CARTESIAN_POINT('Origin',(0.,0.,6.));
#4738=CARTESIAN_POINT('',(-5.32721357629099E-16,-4.35,6.));
#4739=CARTESIAN_POINT('Origin',(0.,0.,6.));
#4740=CARTESIAN_POINT('Origin',(0.,0.,6.));
#4741=CARTESIAN_POINT('Origin',(0.,0.,6.));
#4742=CARTESIAN_POINT('',(0.961550874707817,-3.62462686567164,6.));
#4743=CARTESIAN_POINT('Origin',(-4.10256677714363E-16,-3.35,6.));
#4744=CARTESIAN_POINT('',(0.961550874707818,3.62462686567164,6.));
#4745=CARTESIAN_POINT('Origin',(0.,0.,6.));
#4746=CARTESIAN_POINT('Origin',(0.,3.35,6.));
#4747=CARTESIAN_POINT('Origin',(0.,0.,6.));
#4748=CARTESIAN_POINT('',(-0.961550874707818,3.62462686567164,6.));
#4749=CARTESIAN_POINT('Origin',(0.,3.35,6.));
#4750=CARTESIAN_POINT('',(-0.961550874707818,-3.62462686567164,6.));
#4751=CARTESIAN_POINT('Origin',(0.,0.,6.));
#4752=CARTESIAN_POINT('Origin',(-4.10256677714363E-16,-3.35,6.));
#4753=CARTESIAN_POINT('Origin',(0.,0.,6.));
#4754=CARTESIAN_POINT('',(4.8,5.87830463590729E-16,11.8));
#4755=CARTESIAN_POINT('Origin',(0.,0.,11.8));
#4756=CARTESIAN_POINT('',(4.8,5.87830463590729E-16,6.));
#4757=CARTESIAN_POINT('Origin',(0.,0.,0.1));
#4758=CARTESIAN_POINT('',(0.961550874707818,3.62462686567164,0.2));
#4759=CARTESIAN_POINT('',(0.961550874707817,-3.62462686567164,0.2));
#4760=CARTESIAN_POINT('Origin',(0.,0.,0.2));
#4761=CARTESIAN_POINT('Ctrl Pts',(0.961550874707818,-3.62462686567164,0.2));
#4762=CARTESIAN_POINT('Ctrl Pts',(0.907494580657886,-3.56953958465118,0.132893675847803));
#4763=CARTESIAN_POINT('Ctrl Pts',(0.850599370048754,-3.51386981118963,0.0650777699946422));
#4764=CARTESIAN_POINT('Ctrl Pts',(0.792339126919292,-3.46044776119403,1.90819582357449E-16));
#4765=CARTESIAN_POINT('Ctrl Pts',(0.792339126919292,3.46044776119403,-1.73472347597681E-17));
#4766=CARTESIAN_POINT('Ctrl Pts',(0.850599370048749,3.51386981118963,0.0650777699946355));
#4767=CARTESIAN_POINT('Ctrl Pts',(0.90749458065787,3.56953958465116,0.132893675847783));
#4768=CARTESIAN_POINT('Ctrl Pts',(0.961550874707818,3.62462686567164,0.2));
#4769=CARTESIAN_POINT('Origin',(0.,3.35,0.1));
#4770=CARTESIAN_POINT('',(-0.961550874707818,3.62462686567164,0.2));
#4771=CARTESIAN_POINT('Ctrl Pts',(-0.792339126919292,3.46044776119403,-6.93889390390723E-17));
#4772=CARTESIAN_POINT('Ctrl Pts',(-0.850599370048749,3.51386981118963,0.065077769994636));
#4773=CARTESIAN_POINT('Ctrl Pts',(-0.907494580657872,3.56953958465117,0.132893675847786));
#4774=CARTESIAN_POINT('Ctrl Pts',(-0.961550874707818,3.62462686567164,0.2));
#4775=CARTESIAN_POINT('Origin',(0.,3.35,0.2));
#4776=CARTESIAN_POINT('Origin',(0.,0.,0.1));
#4777=CARTESIAN_POINT('',(-0.961550874707818,-3.62462686567164,0.2));
#4778=CARTESIAN_POINT('Origin',(0.,0.,0.2));
#4779=CARTESIAN_POINT('Ctrl Pts',(-0.792339126919293,-3.46044776119403,
-5.20417042793042E-17));
#4780=CARTESIAN_POINT('Ctrl Pts',(-0.850599370048758,-3.51386981118963,
0.0650777699946448));
#4781=CARTESIAN_POINT('Ctrl Pts',(-0.907494580657895,-3.56953958465119,
0.132893675847814));
#4782=CARTESIAN_POINT('Ctrl Pts',(-0.961550874707818,-3.62462686567164,
0.2));
#4783=CARTESIAN_POINT('Origin',(-4.10256677714363E-16,-3.35,0.1));
#4784=CARTESIAN_POINT('Origin',(-4.10256677714363E-16,-3.35,0.2));
#4785=CARTESIAN_POINT('Origin',(-4.10256677714363E-16,-3.35,0.));
#4786=CARTESIAN_POINT('',(0.961550874707817,-3.62462686567164,0.));
#4787=CARTESIAN_POINT('',(-0.961550874707818,-3.62462686567164,0.));
#4788=CARTESIAN_POINT('Origin',(0.,0.,0.));
#4789=CARTESIAN_POINT('',(0.961550874707818,3.62462686567164,0.));
#4790=CARTESIAN_POINT('Origin',(0.,-1.42627835616505E-16,11.9707106781187));
#4791=CARTESIAN_POINT('',(4.65857864376269,-5.70511342466019E-16,12.1414213562373));
#4792=CARTESIAN_POINT('',(-4.65857864376269,-5.7051134246602E-16,12.1414213562373));
#4793=CARTESIAN_POINT('Origin',(0.,-2.8525567123301E-16,12.1414213562373));
#4794=CARTESIAN_POINT('Origin',(0.,-2.8525567123301E-16,12.1414213562373));
#4795=CARTESIAN_POINT('',(4.72928932188134,5.79170903028375E-16,11.9707106781187));
#4796=CARTESIAN_POINT('Origin',(0.,0.,12.66825));
#4797=CARTESIAN_POINT('',(1.3254833995939,3.2,13.3363449590643));
#4798=CARTESIAN_POINT('',(0.141421356237311,4.38406204335659,12.4136575601077));
#4799=CARTESIAN_POINT('Ctrl Pts',(1.32548339959391,3.2,13.3363449590643));
#4800=CARTESIAN_POINT('Ctrl Pts',(0.803039605787933,3.72244379380597,13.053600415311));
#4801=CARTESIAN_POINT('Ctrl Pts',(0.141421356237868,4.38406204335604,12.4136575601083));
#4802=CARTESIAN_POINT('',(3.,3.2,12.4136575601078));
#4803=CARTESIAN_POINT('Ctrl Pts',(2.99999999999921,3.2,12.4136575601083));
#4804=CARTESIAN_POINT('Ctrl Pts',(2.06433049837237,3.2,13.053600415311));
#4805=CARTESIAN_POINT('Ctrl Pts',(1.3254833995939,3.2,13.3363449590643));
#4806=CARTESIAN_POINT('',(3.2,3.,12.4136575601077));
#4807=CARTESIAN_POINT('Ctrl Pts',(3.00000000000046,3.19999999999953,12.4136575601078));
#4808=CARTESIAN_POINT('Ctrl Pts',(3.1,3.1,12.4182171676336));
#4809=CARTESIAN_POINT('Ctrl Pts',(3.19999999999954,3.00000000000046,12.4136575601078));
#4810=CARTESIAN_POINT('',(3.2,1.3254833995939,13.3363449590643));
#4811=CARTESIAN_POINT('Ctrl Pts',(3.2,1.3254833995939,13.3363449590643));
#4812=CARTESIAN_POINT('Ctrl Pts',(3.2,2.06433049837195,13.053600415311));
#4813=CARTESIAN_POINT('Ctrl Pts',(3.2,2.99999999999921,12.4136575601083));
#4814=CARTESIAN_POINT('',(4.38406204335659,0.141421356237308,12.4136575601078));
#4815=CARTESIAN_POINT('Ctrl Pts',(4.38406204335604,0.141421356237864,12.4136575601083));
#4816=CARTESIAN_POINT('Ctrl Pts',(3.72244379380627,0.803039605787633,13.053600415311));
#4817=CARTESIAN_POINT('Ctrl Pts',(3.2,1.3254833995939,13.3363449590643));
#4818=CARTESIAN_POINT('',(4.38406204335659,-0.141421356237311,12.4136575601077));
#4819=CARTESIAN_POINT('Ctrl Pts',(4.3840620433566,0.14142135623665,12.4136575601078));
#4820=CARTESIAN_POINT('Ctrl Pts',(4.3840620433566,-2.56739074444567E-15,
12.4182171676336));
#4821=CARTESIAN_POINT('Ctrl Pts',(4.38406204335659,-0.141421356236655,12.4136575601078));
#4822=CARTESIAN_POINT('',(3.2,-1.32548339959391,13.3363449590643));
#4823=CARTESIAN_POINT('Ctrl Pts',(3.2,-1.32548339959391,13.3363449590643));
#4824=CARTESIAN_POINT('Ctrl Pts',(3.72244379380597,-0.803039605787939,13.053600415311));
#4825=CARTESIAN_POINT('Ctrl Pts',(4.38406204335604,-0.141421356237867,12.4136575601083));
#4826=CARTESIAN_POINT('',(3.2,-3.,12.4136575601078));
#4827=CARTESIAN_POINT('Ctrl Pts',(3.2,-2.99999999999922,12.4136575601083));
#4828=CARTESIAN_POINT('Ctrl Pts',(3.2,-2.06433049837238,13.053600415311));
#4829=CARTESIAN_POINT('Ctrl Pts',(3.2,-1.32548339959391,13.3363449590643));
#4830=CARTESIAN_POINT('',(3.,-3.2,12.4136575601077));
#4831=CARTESIAN_POINT('Ctrl Pts',(3.19999999999954,-3.00000000000047,12.4136575601078));
#4832=CARTESIAN_POINT('Ctrl Pts',(3.1,-3.1,12.4182171676336));
#4833=CARTESIAN_POINT('Ctrl Pts',(3.00000000000046,-3.19999999999954,12.4136575601078));
#4834=CARTESIAN_POINT('',(1.3254833995939,-3.2,13.3363449590643));
#4835=CARTESIAN_POINT('Ctrl Pts',(1.3254833995939,-3.2,13.3363449590643));
#4836=CARTESIAN_POINT('Ctrl Pts',(2.06433049837195,-3.2,13.053600415311));
#4837=CARTESIAN_POINT('Ctrl Pts',(2.99999999999921,-3.2,12.4136575601083));
#4838=CARTESIAN_POINT('',(0.14142135623731,-4.38406204335659,12.4136575601078));
#4839=CARTESIAN_POINT('Ctrl Pts',(0.141421356237867,-4.38406204335604,12.4136575601083));
#4840=CARTESIAN_POINT('Ctrl Pts',(0.803039605787634,-3.72244379380627,13.053600415311));
#4841=CARTESIAN_POINT('Ctrl Pts',(1.3254833995939,-3.2,13.3363449590643));
#4842=CARTESIAN_POINT('',(-0.141421356237309,-4.38406204335659,12.4136575601077));
#4843=CARTESIAN_POINT('Ctrl Pts',(0.141421356236653,-4.38406204335659,12.4136575601078));
#4844=CARTESIAN_POINT('Ctrl Pts',(-4.9960036108132E-16,-4.38406204335659,
12.4182171676336));
#4845=CARTESIAN_POINT('Ctrl Pts',(-0.141421356236654,-4.38406204335659,
12.4136575601078));
#4846=CARTESIAN_POINT('',(-1.3254833995939,-3.2,13.3363449590643));
#4847=CARTESIAN_POINT('Ctrl Pts',(-1.3254833995939,-3.2,13.3363449590643));
#4848=CARTESIAN_POINT('Ctrl Pts',(-0.803039605787942,-3.72244379380596,
13.053600415311));
#4849=CARTESIAN_POINT('Ctrl Pts',(-0.141421356237866,-4.38406204335604,
12.4136575601083));
#4850=CARTESIAN_POINT('',(-3.,-3.2,12.4136575601078));
#4851=CARTESIAN_POINT('Ctrl Pts',(-2.99999999999921,-3.2,12.4136575601083));
#4852=CARTESIAN_POINT('Ctrl Pts',(-2.06433049837238,-3.2,13.053600415311));
#4853=CARTESIAN_POINT('Ctrl Pts',(-1.3254833995939,-3.2,13.3363449590643));
#4854=CARTESIAN_POINT('',(-3.2,-3.,12.4136575601077));
#4855=CARTESIAN_POINT('Ctrl Pts',(-3.00000000000047,-3.19999999999954,12.4136575601078));
#4856=CARTESIAN_POINT('Ctrl Pts',(-3.1,-3.1,12.4182171676336));
#4857=CARTESIAN_POINT('Ctrl Pts',(-3.19999999999954,-3.00000000000046,12.4136575601078));
#4858=CARTESIAN_POINT('',(-3.2,-1.3254833995939,13.3363449590643));
#4859=CARTESIAN_POINT('Ctrl Pts',(-3.2,-1.3254833995939,13.3363449590643));
#4860=CARTESIAN_POINT('Ctrl Pts',(-3.2,-2.06433049837195,13.053600415311));
#4861=CARTESIAN_POINT('Ctrl Pts',(-3.2,-2.99999999999921,12.4136575601083));
#4862=CARTESIAN_POINT('',(-4.38406204335659,-0.141421356237309,12.4136575601078));
#4863=CARTESIAN_POINT('Ctrl Pts',(-4.38406204335604,-0.141421356237866,
12.4136575601083));
#4864=CARTESIAN_POINT('Ctrl Pts',(-3.72244379380627,-0.803039605787634,
13.053600415311));
#4865=CARTESIAN_POINT('Ctrl Pts',(-3.2,-1.3254833995939,13.3363449590643));
#4866=CARTESIAN_POINT('',(-4.38406204335659,-6.09884013974468E-16,12.4159379566434));
#4867=CARTESIAN_POINT('Ctrl Pts',(-4.38406204335659,-0.141421356236652,
12.4136575601078));
#4868=CARTESIAN_POINT('Ctrl Pts',(-4.38406204335659,-0.0706922926053521,
12.4159379566434));
#4869=CARTESIAN_POINT('Ctrl Pts',(-4.38406204335659,-6.8287527308293E-16,
12.4159379566434));
#4870=CARTESIAN_POINT('',(-4.13175,-5.05993441237708E-16,12.66825));
#4871=CARTESIAN_POINT('',(-4.38406204335659,0.14142135623731,12.4136575601077));
#4872=CARTESIAN_POINT('Ctrl Pts',(-4.38406204335659,-6.8287527308293E-16,
12.4159379566434));
#4873=CARTESIAN_POINT('Ctrl Pts',(-4.38406204335659,0.0706922926053527,
12.4159379566434));
#4874=CARTESIAN_POINT('Ctrl Pts',(-4.38406204335659,0.141421356236654,12.4136575601078));
#4875=CARTESIAN_POINT('',(-3.2,1.3254833995939,13.3363449590643));
#4876=CARTESIAN_POINT('Ctrl Pts',(-3.2,1.3254833995939,13.3363449590643));
#4877=CARTESIAN_POINT('Ctrl Pts',(-3.72244379380597,0.803039605787937,13.053600415311));
#4878=CARTESIAN_POINT('Ctrl Pts',(-4.38406204335604,0.141421356237865,12.4136575601083));
#4879=CARTESIAN_POINT('',(-3.2,3.,12.4136575601078));
#4880=CARTESIAN_POINT('Ctrl Pts',(-3.2,2.99999999999921,12.4136575601084));
#4881=CARTESIAN_POINT('Ctrl Pts',(-3.2,2.06433049837237,13.053600415311));
#4882=CARTESIAN_POINT('Ctrl Pts',(-3.2,1.3254833995939,13.3363449590643));
#4883=CARTESIAN_POINT('',(-3.,3.2,12.4136575601077));
#4884=CARTESIAN_POINT('Ctrl Pts',(-3.19999999999953,3.00000000000047,12.4136575601078));
#4885=CARTESIAN_POINT('Ctrl Pts',(-3.1,3.1,12.4182171676336));
#4886=CARTESIAN_POINT('Ctrl Pts',(-3.00000000000046,3.19999999999954,12.4136575601078));
#4887=CARTESIAN_POINT('',(-1.3254833995939,3.2,13.3363449590643));
#4888=CARTESIAN_POINT('Ctrl Pts',(-1.3254833995939,3.2,13.3363449590643));
#4889=CARTESIAN_POINT('Ctrl Pts',(-2.06433049837195,3.2,13.053600415311));
#4890=CARTESIAN_POINT('Ctrl Pts',(-2.99999999999921,3.2,12.4136575601083));
#4891=CARTESIAN_POINT('',(-0.141421356237309,4.3840620433566,12.4136575601078));
#4892=CARTESIAN_POINT('Ctrl Pts',(-0.141421356237865,4.38406204335604,12.4136575601083));
#4893=CARTESIAN_POINT('Ctrl Pts',(-0.803039605787642,3.72244379380626,13.053600415311));
#4894=CARTESIAN_POINT('Ctrl Pts',(-1.3254833995939,3.2,13.3363449590643));
#4895=CARTESIAN_POINT('Ctrl Pts',(-0.141421356236652,4.3840620433566,12.4136575601078));
#4896=CARTESIAN_POINT('Ctrl Pts',(1.95676808090184E-15,4.38406204335659,
12.4182171676336));
#4897=CARTESIAN_POINT('Ctrl Pts',(0.141421356236655,4.3840620433566,12.4136575601078));
#4898=CARTESIAN_POINT('Origin',(-3.1,-3.1,12.));
#4899=CARTESIAN_POINT('',(-3.,-3.2,15.7));
#4900=CARTESIAN_POINT('',(-3.2,-3.,15.7));
#4901=CARTESIAN_POINT('',(-3.1,-3.1,15.7));
#4902=CARTESIAN_POINT('',(-3.2,-3.,12.));
#4903=CARTESIAN_POINT('',(-3.,-3.2,12.));
#4904=CARTESIAN_POINT('Origin',(-3.2,-1.3254833995939,12.));
#4905=CARTESIAN_POINT('',(-3.2,-1.3254833995939,15.7));
#4906=CARTESIAN_POINT('',(-3.2,3.2,15.7));
#4907=CARTESIAN_POINT('',(-3.2,-1.3254833995939,12.));
#4908=CARTESIAN_POINT('Origin',(0.,0.,15.7));
#4909=CARTESIAN_POINT('',(-1.3254833995939,-3.2,15.7));
#4910=CARTESIAN_POINT('',(-3.2,-3.2,15.7));
#4911=CARTESIAN_POINT('',(-0.141421356237309,-4.38406204335659,15.7));
#4912=CARTESIAN_POINT('',(-4.5254833995939,5.55111512312578E-16,15.7));
#4913=CARTESIAN_POINT('',(0.14142135623731,-4.38406204335659,15.7));
#4914=CARTESIAN_POINT('',(3.68628738645072E-16,-4.38406204335659,15.7));
#4915=CARTESIAN_POINT('',(1.3254833995939,-3.2,15.7));
#4916=CARTESIAN_POINT('',(2.77555756156289E-16,-4.5254833995939,15.7));
#4917=CARTESIAN_POINT('',(3.,-3.2,15.7));
#4918=CARTESIAN_POINT('',(-3.2,-3.2,15.7));
#4919=CARTESIAN_POINT('',(3.2,-3.,15.7));
#4920=CARTESIAN_POINT('',(3.1,-3.1,15.7));
#4921=CARTESIAN_POINT('',(3.2,-1.32548339959391,15.7));
#4922=CARTESIAN_POINT('',(3.2,-3.2,15.7));
#4923=CARTESIAN_POINT('',(4.38406204335659,-0.141421356237311,15.7));
#4924=CARTESIAN_POINT('',(2.77555756156289E-16,-4.5254833995939,15.7));
#4925=CARTESIAN_POINT('',(4.38406204335659,0.141421356237308,15.7));
#4926=CARTESIAN_POINT('',(4.38406204335659,-5.24753851482984E-16,15.7));
#4927=CARTESIAN_POINT('',(3.2,1.3254833995939,15.7));
#4928=CARTESIAN_POINT('',(4.5254833995939,-1.38777878078145E-15,15.7));
#4929=CARTESIAN_POINT('',(3.2,3.,15.7));
#4930=CARTESIAN_POINT('',(3.2,-3.2,15.7));
#4931=CARTESIAN_POINT('',(3.,3.2,15.7));
#4932=CARTESIAN_POINT('',(3.1,3.1,15.7));
#4933=CARTESIAN_POINT('',(1.3254833995939,3.2,15.7));
#4934=CARTESIAN_POINT('',(3.2,3.2,15.7));
#4935=CARTESIAN_POINT('',(0.14142135623731,4.3840620433566,15.7));
#4936=CARTESIAN_POINT('',(4.5254833995939,-1.38777878078145E-15,15.7));
#4937=CARTESIAN_POINT('',(-0.141421356237309,4.38406204335659,15.7));
#4938=CARTESIAN_POINT('',(4.64905891561785E-15,4.38406204335659,15.7));
#4939=CARTESIAN_POINT('',(-1.3254833995939,3.2,15.7));
#4940=CARTESIAN_POINT('',(8.32667268468867E-16,4.5254833995939,15.7));
#4941=CARTESIAN_POINT('',(-3.,3.2,15.7));
#4942=CARTESIAN_POINT('',(3.2,3.2,15.7));
#4943=CARTESIAN_POINT('',(-3.2,3.,15.7));
#4944=CARTESIAN_POINT('',(-3.1,3.1,15.7));
#4945=CARTESIAN_POINT('',(-3.2,1.3254833995939,15.7));
#4946=CARTESIAN_POINT('',(-3.2,3.2,15.7));
#4947=CARTESIAN_POINT('',(-4.38406204335659,0.14142135623731,15.7));
#4948=CARTESIAN_POINT('',(8.32667268468867E-16,4.5254833995939,15.7));
#4949=CARTESIAN_POINT('',(-4.38406204335659,-0.14142135623731,15.7));
#4950=CARTESIAN_POINT('',(-4.38406204335659,5.20417042793042E-17,15.7));
#4951=CARTESIAN_POINT('',(-4.5254833995939,5.55111512312578E-16,15.7));
#4952=CARTESIAN_POINT('Origin',(-4.38406204335659,1.04083408558608E-16,
12.));
#4953=CARTESIAN_POINT('',(-4.38406204335659,0.14142135623731,12.));
#4954=CARTESIAN_POINT('',(-4.38406204335659,-0.141421356237309,12.));
#4955=CARTESIAN_POINT('Origin',(-3.2,1.3254833995939,12.));
#4956=CARTESIAN_POINT('',(-3.2,1.3254833995939,12.));
#4957=CARTESIAN_POINT('Origin',(-3.1,3.1,12.));
#4958=CARTESIAN_POINT('',(-3.,3.2,12.));
#4959=CARTESIAN_POINT('',(-3.2,3.,12.));
#4960=CARTESIAN_POINT('Origin',(-3.2,3.2,12.));
#4961=CARTESIAN_POINT('Origin',(6.93889390390723E-16,4.38406204335659,12.));
#4962=CARTESIAN_POINT('',(0.14142135623731,4.38406204335659,12.));
#4963=CARTESIAN_POINT('',(-0.141421356237309,4.38406204335659,12.));
#4964=CARTESIAN_POINT('Origin',(8.32667268468867E-16,4.5254833995939,12.));
#4965=CARTESIAN_POINT('',(-1.3254833995939,3.2,12.));
#4966=CARTESIAN_POINT('Origin',(3.1,3.1,12.));
#4967=CARTESIAN_POINT('',(3.2,3.,12.));
#4968=CARTESIAN_POINT('',(3.,3.2,12.));
#4969=CARTESIAN_POINT('Origin',(3.2,3.2,12.));
#4970=CARTESIAN_POINT('',(1.3254833995939,3.2,12.));
#4971=CARTESIAN_POINT('Origin',(4.38406204335659,-1.04950770296597E-15,
12.));
#4972=CARTESIAN_POINT('',(4.38406204335659,-0.141421356237311,12.));
#4973=CARTESIAN_POINT('',(4.38406204335659,0.141421356237309,12.));
#4974=CARTESIAN_POINT('Origin',(4.5254833995939,-1.2490009027033E-15,12.));
#4975=CARTESIAN_POINT('',(3.2,1.3254833995939,12.));
#4976=CARTESIAN_POINT('Origin',(3.1,-3.1,12.));
#4977=CARTESIAN_POINT('',(3.,-3.2,12.));
#4978=CARTESIAN_POINT('',(3.2,-3.,12.));
#4979=CARTESIAN_POINT('Origin',(3.2,-3.2,12.));
#4980=CARTESIAN_POINT('',(3.2,-1.32548339959391,12.));
#4981=CARTESIAN_POINT('Origin',(7.37257477290143E-16,-4.38406204335659,
12.));
#4982=CARTESIAN_POINT('',(-0.141421356237309,-4.38406204335659,12.));
#4983=CARTESIAN_POINT('',(0.14142135623731,-4.38406204335659,12.));
#4984=CARTESIAN_POINT('Origin',(4.16333634234434E-16,-4.5254833995939,12.));
#4985=CARTESIAN_POINT('',(1.3254833995939,-3.2,12.));
#4986=CARTESIAN_POINT('Origin',(-1.3254833995939,-3.2,12.));
#4987=CARTESIAN_POINT('',(-1.3254833995939,-3.2,12.));
#4988=CARTESIAN_POINT('Origin',(1.3254833995939,-3.2,12.));
#4989=CARTESIAN_POINT('Origin',(3.2,-1.32548339959391,12.));
#4990=CARTESIAN_POINT('Origin',(3.2,1.3254833995939,12.));
#4991=CARTESIAN_POINT('Origin',(1.3254833995939,3.2,12.));
#4992=CARTESIAN_POINT('Origin',(-3.2,-3.2,12.));
#4993=CARTESIAN_POINT('Origin',(-4.5254833995939,0.,12.));
#4994=CARTESIAN_POINT('Origin',(-1.3254833995939,3.2,12.));
#4995=CARTESIAN_POINT('Origin',(0.,0.,0.));
#4996=CARTESIAN_POINT('',(-0.961550874707818,3.62462686567164,0.));
#4997=CARTESIAN_POINT('Origin',(0.,3.35,0.));
#4998=CARTESIAN_POINT('Origin',(-5.04007297124624,3.36766909294119,20.));
#4999=CARTESIAN_POINT('',(-5.32999223314151,2.81963002354731,20.));
#5000=CARTESIAN_POINT('',(-4.64469819026754,3.84524503723282,20.));
#5001=CARTESIAN_POINT('Origin',(-5.04007297124624,3.36766909294119,20.));
#5002=CARTESIAN_POINT('',(-5.32999223314151,2.81963002354731,25.2701467119806));
#5003=CARTESIAN_POINT('',(-5.32999223314151,2.81963002354731,20.));
#5004=CARTESIAN_POINT('',(-4.64469819026754,3.84524503723282,25.2701467119806));
#5005=CARTESIAN_POINT('Ctrl Pts',(-5.32999223314151,2.81963002354731,25.2701467119806));
#5006=CARTESIAN_POINT('Ctrl Pts',(-5.2638011396014,2.78461413863164,25.3450291068439));
#5007=CARTESIAN_POINT('Ctrl Pts',(-5.18534770765029,2.7591652677428,25.4263474226256));
#5008=CARTESIAN_POINT('Ctrl Pts',(-5.01907637767517,2.74241648220337,25.5806515567365));
#5009=CARTESIAN_POINT('Ctrl Pts',(-4.93128659919033,2.75098250797507,25.653653093281));
#5010=CARTESIAN_POINT('Ctrl Pts',(-4.79122609251455,2.79670442480936,25.7524363484089));
#5011=CARTESIAN_POINT('Ctrl Pts',(-4.72970762251426,2.82634384377267,25.7905445602867));
#5012=CARTESIAN_POINT('Ctrl Pts',(-4.61620392747357,2.90974469519287,25.8436552214416));
#5013=CARTESIAN_POINT('Ctrl Pts',(-4.56427712474719,2.96377738197482,25.8583557779231));
#5014=CARTESIAN_POINT('Ctrl Pts',(-4.48484649849014,3.08265371496325,25.8583557779231));
#5015=CARTESIAN_POINT('Ctrl Pts',(-4.45479833218477,3.15130523922853,25.8436552214416));
#5016=CARTESIAN_POINT('Ctrl Pts',(-4.42118197616794,3.28808510402468,25.7905445602867));
#5017=CARTESIAN_POINT('Ctrl Pts',(-4.41734082288577,3.35626327391154,25.7524363484089));
#5018=CARTESIAN_POINT('Ctrl Pts',(-4.42869811516886,3.50315932941091,25.653653093281));
#5019=CARTESIAN_POINT('Ctrl Pts',(-4.45437983304057,3.5875445850608,25.5806515567365));
#5020=CARTESIAN_POINT('Ctrl Pts',(-4.53348297645366,3.73474978093007,25.4263474226256));
#5021=CARTESIAN_POINT('Ctrl Pts',(-4.58701749601325,3.79749243970341,25.3450291068439));
#5022=CARTESIAN_POINT('Ctrl Pts',(-4.64469819026754,3.84524503723282,25.2701467119806));
#5023=CARTESIAN_POINT('',(-4.64469819026754,3.84524503723282,20.));
#5024=CARTESIAN_POINT('Origin',(5.04007297124625,-3.36766909294119,20.));
#5025=CARTESIAN_POINT('',(5.32999223314152,-2.81963002354732,20.));
#5026=CARTESIAN_POINT('',(4.64469819026755,-3.84524503723283,20.));
#5027=CARTESIAN_POINT('Origin',(5.04007297124625,-3.36766909294119,20.));
#5028=CARTESIAN_POINT('',(5.32999223314152,-2.81963002354732,25.2701467119806));
#5029=CARTESIAN_POINT('',(5.32999223314152,-2.81963002354732,20.));
#5030=CARTESIAN_POINT('',(4.64469819026755,-3.84524503723283,25.2701467119806));
#5031=CARTESIAN_POINT('Ctrl Pts',(5.32999223314152,-2.81963002354732,25.2701467119806));
#5032=CARTESIAN_POINT('Ctrl Pts',(5.26380113960141,-2.78461413863165,25.3450291068439));
#5033=CARTESIAN_POINT('Ctrl Pts',(5.1853477076503,-2.7591652677428,25.4263474226256));
#5034=CARTESIAN_POINT('Ctrl Pts',(5.01907637767518,-2.74241648220337,25.5806515567365));
#5035=CARTESIAN_POINT('Ctrl Pts',(4.93128659919033,-2.75098250797508,25.653653093281));
#5036=CARTESIAN_POINT('Ctrl Pts',(4.79122609251456,-2.79670442480937,25.7524363484089));
#5037=CARTESIAN_POINT('Ctrl Pts',(4.72970762251427,-2.82634384377268,25.7905445602867));
#5038=CARTESIAN_POINT('Ctrl Pts',(4.61620392747357,-2.90974469519287,25.8436552214416));
#5039=CARTESIAN_POINT('Ctrl Pts',(4.5642771247472,-2.96377738197482,25.8583557779231));
#5040=CARTESIAN_POINT('Ctrl Pts',(4.48484649849014,-3.08265371496326,25.8583557779231));
#5041=CARTESIAN_POINT('Ctrl Pts',(4.45479833218478,-3.15130523922853,25.8436552214416));
#5042=CARTESIAN_POINT('Ctrl Pts',(4.42118197616794,-3.28808510402468,25.7905445602867));
#5043=CARTESIAN_POINT('Ctrl Pts',(4.41734082288578,-3.35626327391155,25.7524363484089));
#5044=CARTESIAN_POINT('Ctrl Pts',(4.42869811516887,-3.50315932941091,25.653653093281));
#5045=CARTESIAN_POINT('Ctrl Pts',(4.45437983304058,-3.5875445850608,25.5806515567365));
#5046=CARTESIAN_POINT('Ctrl Pts',(4.53348297645367,-3.73474978093007,25.4263474226256));
#5047=CARTESIAN_POINT('Ctrl Pts',(4.58701749601326,-3.79749243970341,25.3450291068439));
#5048=CARTESIAN_POINT('Ctrl Pts',(4.64469819026755,-3.84524503723283,25.2701467119806));
#5049=CARTESIAN_POINT('',(4.64469819026755,-3.84524503723283,20.));
#5050=CARTESIAN_POINT('Origin',(4.92981619913945,-4.0812880617156,20.));
#5051=CARTESIAN_POINT('',(4.92981619913945,-4.0812880617156,24.9));
#5052=CARTESIAN_POINT('',(5.65382423697934,-4.68067863573697,23.960076226983));
#5053=CARTESIAN_POINT('',(4.92981619913945,-4.0812880617156,20.));
#5054=CARTESIAN_POINT('',(4.92981619913945,-4.0812880617156,20.));
#5055=CARTESIAN_POINT('',(2.46490809956973,-2.0406440308578,20.));
#5056=CARTESIAN_POINT('Origin',(5.9451714280543,-1.18256812323219,20.));
#5057=CARTESIAN_POINT('',(6.0032964280543,-0.565298745751818,20.));
#5058=CARTESIAN_POINT('',(5.76265316181347,-1.7750941416385,20.));
#5059=CARTESIAN_POINT('Origin',(5.9451714280543,-1.18256812323219,20.));
#5060=CARTESIAN_POINT('',(6.0032964280543,-0.565298745751818,25.2701467119806));
#5061=CARTESIAN_POINT('',(6.0032964280543,-0.565298745751818,20.));
#5062=CARTESIAN_POINT('',(5.76265316181347,-1.7750941416385,25.2701467119806));
#5063=CARTESIAN_POINT('Ctrl Pts',(6.0032964280543,-0.565298745751818,25.2701467119806));
#5064=CARTESIAN_POINT('Ctrl Pts',(5.92874383247122,-0.558278521233383,25.3450291068439));
#5065=CARTESIAN_POINT('Ctrl Pts',(5.84652345117477,-0.564789658913532,25.4263474226257));
#5066=CARTESIAN_POINT('Ctrl Pts',(5.68649928982915,-0.612945082018018,25.5806515567365));
#5067=CARTESIAN_POINT('Ctrl Pts',(5.60867018646735,-0.654454751660614,25.653653093281));
#5068=CARTESIAN_POINT('Ctrl Pts',(5.49676817110489,-0.750295130244477,25.7524363484089));
#5069=CARTESIAN_POINT('Ctrl Pts',(5.4512750303824,-0.801220482033765,25.7905445602867));
#5070=CARTESIAN_POINT('Ctrl Pts',(5.37832741375355,-0.921708805259191,25.8436552214417));
#5071=CARTESIAN_POINT('Ctrl Pts',(5.35103071756353,-0.9915000257627,25.8583557779231));
#5072=CARTESIAN_POINT('Ctrl Pts',(5.32313839084507,-1.13172422140167,25.8583557779231));
#5073=CARTESIAN_POINT('Ctrl Pts',(5.32164930594898,-1.20664889496407,25.8436552214417));
#5074=CARTESIAN_POINT('Ctrl Pts',(5.34293523080604,-1.34588143501303,25.7905445602867));
#5075=CARTESIAN_POINT('Ctrl Pts',(5.36547712397208,-1.41033979645784,25.7524363484089));
#5076=CARTESIAN_POINT('Ctrl Pts',(5.43218458057657,-1.54170780794708,25.653653093281));
#5077=CARTESIAN_POINT('Ctrl Pts',(5.48820423335107,-1.60984165054357,25.5806515567365));
#5078=CARTESIAN_POINT('Ctrl Pts',(5.61761899812496,-1.71557005565431,25.4263474226257));
#5079=CARTESIAN_POINT('Ctrl Pts',(5.69108902104398,-1.75304994021526,25.3450291068439));
#5080=CARTESIAN_POINT('Ctrl Pts',(5.76265316181347,-1.7750941416385,25.2701467119806));
#5081=CARTESIAN_POINT('',(5.76265316181347,-1.7750941416385,20.));
#5082=CARTESIAN_POINT('Origin',(6.11639760935551,-1.884059522486,20.));
#5083=CARTESIAN_POINT('',(6.11639760935551,-1.884059522486,24.9));
#5084=CARTESIAN_POINT('',(7.01467065908323,-2.16075832482405,23.960076226983));
#5085=CARTESIAN_POINT('',(6.11639760935551,-1.884059522486,20.));
#5086=CARTESIAN_POINT('',(6.11639760935551,-1.884059522486,20.));
#5087=CARTESIAN_POINT('',(3.05819880467776,-0.942029761242998,20.));
#5088=CARTESIAN_POINT('Origin',(5.9451714280543,1.18256812323218,20.));
#5089=CARTESIAN_POINT('',(5.76265316181347,1.7750941416385,20.));
#5090=CARTESIAN_POINT('',(6.0032964280543,0.565298745751815,20.));
#5091=CARTESIAN_POINT('Origin',(5.9451714280543,1.18256812323218,20.));
#5092=CARTESIAN_POINT('',(5.76265316181347,1.7750941416385,25.2701467119806));
#5093=CARTESIAN_POINT('',(5.76265316181347,1.7750941416385,20.));
#5094=CARTESIAN_POINT('',(6.0032964280543,0.565298745751815,25.2701467119806));
#5095=CARTESIAN_POINT('Ctrl Pts',(5.76265316181347,1.7750941416385,25.2701467119806));
#5096=CARTESIAN_POINT('Ctrl Pts',(5.69108902104398,1.75304994021525,25.3450291068439));
#5097=CARTESIAN_POINT('Ctrl Pts',(5.61761899812496,1.71557005565431,25.4263474226257));
#5098=CARTESIAN_POINT('Ctrl Pts',(5.48820423335107,1.60984165054357,25.5806515567365));
#5099=CARTESIAN_POINT('Ctrl Pts',(5.43218458057657,1.54170780794707,25.653653093281));
#5100=CARTESIAN_POINT('Ctrl Pts',(5.36547712397208,1.41033979645784,25.7524363484089));
#5101=CARTESIAN_POINT('Ctrl Pts',(5.34293523080603,1.34588143501302,25.7905445602867));
#5102=CARTESIAN_POINT('Ctrl Pts',(5.32164930594898,1.20664889496407,25.8436552214417));
#5103=CARTESIAN_POINT('Ctrl Pts',(5.32313839084507,1.13172422140167,25.8583557779231));
#5104=CARTESIAN_POINT('Ctrl Pts',(5.35103071756353,0.991500025762698,25.8583557779231));
#5105=CARTESIAN_POINT('Ctrl Pts',(5.37832741375355,0.921708805259186,25.8436552214417));
#5106=CARTESIAN_POINT('Ctrl Pts',(5.4512750303824,0.80122048203376,25.7905445602867));
#5107=CARTESIAN_POINT('Ctrl Pts',(5.49676817110489,0.750295130244474,25.7524363484089));
#5108=CARTESIAN_POINT('Ctrl Pts',(5.60867018646735,0.654454751660612,25.653653093281));
#5109=CARTESIAN_POINT('Ctrl Pts',(5.68649928982915,0.612945082018015,25.5806515567365));
#5110=CARTESIAN_POINT('Ctrl Pts',(5.84652345117477,0.564789658913529,25.4263474226257));
#5111=CARTESIAN_POINT('Ctrl Pts',(5.92874383247122,0.558278521233381,25.3450291068439));
#5112=CARTESIAN_POINT('Ctrl Pts',(6.0032964280543,0.565298745751815,25.2701467119806));
#5113=CARTESIAN_POINT('',(6.0032964280543,0.565298745751815,20.));
#5114=CARTESIAN_POINT('Origin',(6.3718129288296,0.599999999999999,20.));
#5115=CARTESIAN_POINT('',(6.3718129288296,0.599999999999999,24.9));
#5116=CARTESIAN_POINT('',(7.30759706148956,0.688117853720338,23.960076226983));
#5117=CARTESIAN_POINT('',(6.3718129288296,0.599999999999999,20.));
#5118=CARTESIAN_POINT('',(6.3718129288296,0.599999999999999,20.));
#5119=CARTESIAN_POINT('',(3.1859064644148,0.299999999999999,20.));
#5120=CARTESIAN_POINT('Origin',(5.04007297124624,3.36766909294119,20.));
#5121=CARTESIAN_POINT('',(4.64469819026755,3.84524503723282,20.));
#5122=CARTESIAN_POINT('',(5.32999223314151,2.81963002354732,20.));
#5123=CARTESIAN_POINT('Origin',(5.04007297124624,3.36766909294119,20.));
#5124=CARTESIAN_POINT('',(4.64469819026755,3.84524503723282,25.2701467119806));
#5125=CARTESIAN_POINT('',(4.64469819026755,3.84524503723282,20.));
#5126=CARTESIAN_POINT('',(5.32999223314151,2.81963002354731,25.2701467119806));
#5127=CARTESIAN_POINT('Ctrl Pts',(4.64469819026755,3.84524503723282,25.2701467119806));
#5128=CARTESIAN_POINT('Ctrl Pts',(4.58701749601325,3.79749243970341,25.3450291068439));
#5129=CARTESIAN_POINT('Ctrl Pts',(4.53348297645366,3.73474978093007,25.4263474226256));
#5130=CARTESIAN_POINT('Ctrl Pts',(4.45437983304057,3.5875445850608,25.5806515567365));
#5131=CARTESIAN_POINT('Ctrl Pts',(4.42869811516887,3.50315932941091,25.653653093281));
#5132=CARTESIAN_POINT('Ctrl Pts',(4.41734082288577,3.35626327391154,25.7524363484089));
#5133=CARTESIAN_POINT('Ctrl Pts',(4.42118197616794,3.28808510402468,25.7905445602867));
#5134=CARTESIAN_POINT('Ctrl Pts',(4.45479833218478,3.15130523922852,25.8436552214416));
#5135=CARTESIAN_POINT('Ctrl Pts',(4.48484649849014,3.08265371496325,25.8583557779231));
#5136=CARTESIAN_POINT('Ctrl Pts',(4.56427712474719,2.96377738197482,25.8583557779231));
#5137=CARTESIAN_POINT('Ctrl Pts',(4.61620392747357,2.90974469519287,25.8436552214416));
#5138=CARTESIAN_POINT('Ctrl Pts',(4.72970762251426,2.82634384377268,25.7905445602867));
#5139=CARTESIAN_POINT('Ctrl Pts',(4.79122609251455,2.79670442480937,25.7524363484089));
#5140=CARTESIAN_POINT('Ctrl Pts',(4.93128659919033,2.75098250797508,25.653653093281));
#5141=CARTESIAN_POINT('Ctrl Pts',(5.01907637767517,2.74241648220337,25.5806515567365));
#5142=CARTESIAN_POINT('Ctrl Pts',(5.1853477076503,2.7591652677428,25.4263474226256));
#5143=CARTESIAN_POINT('Ctrl Pts',(5.2638011396014,2.78461413863164,25.3450291068439));
#5144=CARTESIAN_POINT('Ctrl Pts',(5.32999223314151,2.81963002354731,25.2701467119806));
#5145=CARTESIAN_POINT('',(5.32999223314151,2.81963002354731,20.));
#5146=CARTESIAN_POINT('Origin',(5.65717749051741,2.99271496149954,20.));
#5147=CARTESIAN_POINT('',(5.65717749051741,2.99271496149954,24.9));
#5148=CARTESIAN_POINT('',(6.48800805481643,3.43223432683969,23.960076226983));
#5149=CARTESIAN_POINT('',(5.65717749051741,2.99271496149954,20.));
#5150=CARTESIAN_POINT('',(5.65717749051741,2.99271496149954,20.));
#5151=CARTESIAN_POINT('',(2.8285887452587,1.49635748074977,20.));
#5152=CARTESIAN_POINT('Origin',(3.36766909294119,5.04007297124625,20.));
#5153=CARTESIAN_POINT('',(2.81963002354732,5.32999223314151,20.));
#5154=CARTESIAN_POINT('',(3.84524503723283,4.64469819026755,20.));
#5155=CARTESIAN_POINT('Origin',(3.36766909294119,5.04007297124625,20.));
#5156=CARTESIAN_POINT('',(2.81963002354732,5.32999223314151,25.2701467119806));
#5157=CARTESIAN_POINT('',(2.81963002354732,5.32999223314151,20.));
#5158=CARTESIAN_POINT('',(3.84524503723283,4.64469819026755,25.2701467119806));
#5159=CARTESIAN_POINT('Ctrl Pts',(2.81963002354732,5.32999223314152,25.2701467119806));
#5160=CARTESIAN_POINT('Ctrl Pts',(2.78461413863165,5.26380113960141,25.3450291068439));
#5161=CARTESIAN_POINT('Ctrl Pts',(2.75916526774281,5.1853477076503,25.4263474226256));
#5162=CARTESIAN_POINT('Ctrl Pts',(2.74241648220337,5.01907637767518,25.5806515567365));
#5163=CARTESIAN_POINT('Ctrl Pts',(2.75098250797508,4.93128659919033,25.653653093281));
#5164=CARTESIAN_POINT('Ctrl Pts',(2.79670442480937,4.79122609251455,25.7524363484089));
#5165=CARTESIAN_POINT('Ctrl Pts',(2.82634384377268,4.72970762251427,25.7905445602867));
#5166=CARTESIAN_POINT('Ctrl Pts',(2.90974469519287,4.61620392747357,25.8436552214416));
#5167=CARTESIAN_POINT('Ctrl Pts',(2.96377738197482,4.5642771247472,25.8583557779231));
#5168=CARTESIAN_POINT('Ctrl Pts',(3.08265371496326,4.48484649849014,25.8583557779231));
#5169=CARTESIAN_POINT('Ctrl Pts',(3.15130523922853,4.45479833218478,25.8436552214416));
#5170=CARTESIAN_POINT('Ctrl Pts',(3.28808510402468,4.42118197616794,25.7905445602867));
#5171=CARTESIAN_POINT('Ctrl Pts',(3.35626327391155,4.41734082288577,25.7524363484089));
#5172=CARTESIAN_POINT('Ctrl Pts',(3.50315932941091,4.42869811516887,25.653653093281));
#5173=CARTESIAN_POINT('Ctrl Pts',(3.58754458506081,4.45437983304057,25.5806515567365));
#5174=CARTESIAN_POINT('Ctrl Pts',(3.73474978093008,4.53348297645366,25.4263474226256));
#5175=CARTESIAN_POINT('Ctrl Pts',(3.79749243970341,4.58701749601326,25.3450291068439));
#5176=CARTESIAN_POINT('Ctrl Pts',(3.84524503723283,4.64469819026755,25.2701467119806));
#5177=CARTESIAN_POINT('',(3.84524503723283,4.64469819026755,20.));
#5178=CARTESIAN_POINT('Origin',(4.0812880617156,4.92981619913945,20.));
#5179=CARTESIAN_POINT('',(4.0812880617156,4.92981619913945,24.9));
#5180=CARTESIAN_POINT('',(4.68067863573697,5.65382423697934,23.960076226983));
#5181=CARTESIAN_POINT('',(4.0812880617156,4.92981619913945,20.));
#5182=CARTESIAN_POINT('',(4.0812880617156,4.92981619913945,20.));
#5183=CARTESIAN_POINT('',(2.0406440308578,2.46490809956973,20.));
#5184=CARTESIAN_POINT('Origin',(1.18256812323218,5.94517142805429,20.));
#5185=CARTESIAN_POINT('',(0.565298745751815,6.00329642805429,20.));
#5186=CARTESIAN_POINT('',(1.7750941416385,5.76265316181345,20.));
#5187=CARTESIAN_POINT('Origin',(1.18256812323218,5.94517142805429,20.));
#5188=CARTESIAN_POINT('',(0.565298745751815,6.00329642805429,25.2701467119806));
#5189=CARTESIAN_POINT('',(0.565298745751815,6.00329642805429,20.));
#5190=CARTESIAN_POINT('',(1.7750941416385,5.76265316181345,25.2701467119806));
#5191=CARTESIAN_POINT('Ctrl Pts',(0.565298745751815,6.00329642805429,25.2701467119806));
#5192=CARTESIAN_POINT('Ctrl Pts',(0.558278521233381,5.92874383247121,25.3450291068439));
#5193=CARTESIAN_POINT('Ctrl Pts',(0.564789658913529,5.84652345117475,25.4263474226257));
#5194=CARTESIAN_POINT('Ctrl Pts',(0.612945082018015,5.68649928982913,25.5806515567365));
#5195=CARTESIAN_POINT('Ctrl Pts',(0.654454751660612,5.60867018646733,25.653653093281));
#5196=CARTESIAN_POINT('Ctrl Pts',(0.750295130244474,5.49676817110488,25.7524363484089));
#5197=CARTESIAN_POINT('Ctrl Pts',(0.801220482033762,5.45127503038239,25.7905445602867));
#5198=CARTESIAN_POINT('Ctrl Pts',(0.921708805259189,5.37832741375353,25.8436552214417));
#5199=CARTESIAN_POINT('Ctrl Pts',(0.991500025762697,5.35103071756351,25.8583557779231));
#5200=CARTESIAN_POINT('Ctrl Pts',(1.13172422140167,5.32313839084505,25.8583557779231));
#5201=CARTESIAN_POINT('Ctrl Pts',(1.20664889496407,5.32164930594896,25.8436552214417));
#5202=CARTESIAN_POINT('Ctrl Pts',(1.34588143501302,5.34293523080602,25.7905445602867));
#5203=CARTESIAN_POINT('Ctrl Pts',(1.41033979645784,5.36547712397206,25.7524363484089));
#5204=CARTESIAN_POINT('Ctrl Pts',(1.54170780794707,5.43218458057655,25.653653093281));
#5205=CARTESIAN_POINT('Ctrl Pts',(1.60984165054356,5.48820423335106,25.5806515567365));
#5206=CARTESIAN_POINT('Ctrl Pts',(1.71557005565431,5.61761899812494,25.4263474226257));
#5207=CARTESIAN_POINT('Ctrl Pts',(1.75304994021525,5.69108902104397,25.3450291068439));
#5208=CARTESIAN_POINT('Ctrl Pts',(1.7750941416385,5.76265316181345,25.2701467119806));
#5209=CARTESIAN_POINT('',(1.7750941416385,5.76265316181345,20.));
#5210=CARTESIAN_POINT('Origin',(1.884059522486,6.11639760935551,20.));
#5211=CARTESIAN_POINT('',(1.884059522486,6.11639760935551,24.9));
#5212=CARTESIAN_POINT('',(2.16075832482406,7.01467065908322,23.960076226983));
#5213=CARTESIAN_POINT('',(1.884059522486,6.11639760935551,20.));
#5214=CARTESIAN_POINT('',(1.884059522486,6.11639760935551,20.));
#5215=CARTESIAN_POINT('',(0.942029761242999,3.05819880467776,20.));
#5216=CARTESIAN_POINT('Origin',(-1.18256812323218,5.94517142805431,20.));
#5217=CARTESIAN_POINT('',(-1.7750941416385,5.76265316181348,20.));
#5218=CARTESIAN_POINT('',(-0.565298745751817,6.00329642805431,20.));
#5219=CARTESIAN_POINT('Origin',(-1.18256812323218,5.94517142805431,20.));
#5220=CARTESIAN_POINT('',(-1.7750941416385,5.76265316181348,25.2701467119806));
#5221=CARTESIAN_POINT('',(-1.7750941416385,5.76265316181348,20.));
#5222=CARTESIAN_POINT('',(-0.565298745751817,6.00329642805431,25.2701467119806));
#5223=CARTESIAN_POINT('Ctrl Pts',(-1.7750941416385,5.76265316181348,25.2701467119806));
#5224=CARTESIAN_POINT('Ctrl Pts',(-1.75304994021526,5.69108902104399,25.3450291068439));
#5225=CARTESIAN_POINT('Ctrl Pts',(-1.71557005565431,5.61761899812497,25.4263474226256));
#5226=CARTESIAN_POINT('Ctrl Pts',(-1.60984165054357,5.48820423335108,25.5806515567365));
#5227=CARTESIAN_POINT('Ctrl Pts',(-1.54170780794708,5.43218458057658,25.653653093281));
#5228=CARTESIAN_POINT('Ctrl Pts',(-1.41033979645784,5.36547712397208,25.7524363484089));
#5229=CARTESIAN_POINT('Ctrl Pts',(-1.34588143501303,5.34293523080604,25.7905445602867));
#5230=CARTESIAN_POINT('Ctrl Pts',(-1.20664889496407,5.32164930594899,25.8436552214417));
#5231=CARTESIAN_POINT('Ctrl Pts',(-1.13172422140167,5.32313839084508,25.8583557779231));
#5232=CARTESIAN_POINT('Ctrl Pts',(-0.991500025762699,5.35103071756353,25.8583557779231));
#5233=CARTESIAN_POINT('Ctrl Pts',(-0.921708805259188,5.37832741375356,25.8436552214417));
#5234=CARTESIAN_POINT('Ctrl Pts',(-0.801220482033763,5.45127503038241,25.7905445602867));
#5235=CARTESIAN_POINT('Ctrl Pts',(-0.750295130244476,5.4967681711049,25.7524363484089));
#5236=CARTESIAN_POINT('Ctrl Pts',(-0.654454751660614,5.60867018646735,25.653653093281));
#5237=CARTESIAN_POINT('Ctrl Pts',(-0.612945082018016,5.68649928982916,25.5806515567365));
#5238=CARTESIAN_POINT('Ctrl Pts',(-0.564789658913531,5.84652345117478,25.4263474226256));
#5239=CARTESIAN_POINT('Ctrl Pts',(-0.558278521233383,5.92874383247123,25.3450291068439));
#5240=CARTESIAN_POINT('Ctrl Pts',(-0.565298745751817,6.00329642805431,25.2701467119806));
#5241=CARTESIAN_POINT('',(-0.565298745751817,6.00329642805431,20.));
#5242=CARTESIAN_POINT('Origin',(-0.6,6.3718129288296,20.));
#5243=CARTESIAN_POINT('',(-0.6,6.3718129288296,24.9));
#5244=CARTESIAN_POINT('',(-0.68811785372034,7.30759706148956,23.960076226983));
#5245=CARTESIAN_POINT('',(-0.6,6.3718129288296,20.));
#5246=CARTESIAN_POINT('',(-0.6,6.3718129288296,20.));
#5247=CARTESIAN_POINT('',(-0.3,3.1859064644148,20.));
#5248=CARTESIAN_POINT('Origin',(-3.36766909294118,5.04007297124623,20.));
#5249=CARTESIAN_POINT('',(-3.84524503723282,4.64469819026754,20.));
#5250=CARTESIAN_POINT('',(-2.81963002354731,5.3299922331415,20.));
#5251=CARTESIAN_POINT('Origin',(-3.36766909294118,5.04007297124623,20.));
#5252=CARTESIAN_POINT('',(-3.84524503723282,4.64469819026754,25.2701467119806));
#5253=CARTESIAN_POINT('',(-3.84524503723282,4.64469819026754,20.));
#5254=CARTESIAN_POINT('',(-2.81963002354731,5.3299922331415,25.2701467119806));
#5255=CARTESIAN_POINT('Ctrl Pts',(-3.84524503723282,4.64469819026754,25.2701467119806));
#5256=CARTESIAN_POINT('Ctrl Pts',(-3.7974924397034,4.58701749601325,25.3450291068439));
#5257=CARTESIAN_POINT('Ctrl Pts',(-3.73474978093006,4.53348297645365,25.4263474226257));
#5258=CARTESIAN_POINT('Ctrl Pts',(-3.58754458506079,4.45437983304056,25.5806515567365));
#5259=CARTESIAN_POINT('Ctrl Pts',(-3.5031593294109,4.42869811516886,25.653653093281));
#5260=CARTESIAN_POINT('Ctrl Pts',(-3.35626327391154,4.41734082288576,25.7524363484089));
#5261=CARTESIAN_POINT('Ctrl Pts',(-3.28808510402467,4.42118197616793,25.7905445602867));
#5262=CARTESIAN_POINT('Ctrl Pts',(-3.15130523922852,4.45479833218477,25.8436552214417));
#5263=CARTESIAN_POINT('Ctrl Pts',(-3.08265371496325,4.48484649849013,25.8583557779231));
#5264=CARTESIAN_POINT('Ctrl Pts',(-2.96377738197481,4.56427712474718,25.8583557779231));
#5265=CARTESIAN_POINT('Ctrl Pts',(-2.90974469519286,4.61620392747356,25.8436552214417));
#5266=CARTESIAN_POINT('Ctrl Pts',(-2.82634384377267,4.72970762251425,25.7905445602867));
#5267=CARTESIAN_POINT('Ctrl Pts',(-2.79670442480936,4.79122609251454,25.7524363484089));
#5268=CARTESIAN_POINT('Ctrl Pts',(-2.75098250797507,4.93128659919032,25.653653093281));
#5269=CARTESIAN_POINT('Ctrl Pts',(-2.74241648220336,5.01907637767516,25.5806515567365));
#5270=CARTESIAN_POINT('Ctrl Pts',(-2.75916526774279,5.18534770765028,25.4263474226257));
#5271=CARTESIAN_POINT('Ctrl Pts',(-2.78461413863163,5.26380113960139,25.3450291068439));
#5272=CARTESIAN_POINT('Ctrl Pts',(-2.81963002354731,5.3299922331415,25.2701467119806));
#5273=CARTESIAN_POINT('',(-2.81963002354731,5.3299922331415,20.));
#5274=CARTESIAN_POINT('Origin',(-2.99271496149954,5.65717749051741,20.));
#5275=CARTESIAN_POINT('',(-2.99271496149954,5.65717749051741,24.9));
#5276=CARTESIAN_POINT('',(-3.43223432683969,6.48800805481643,23.960076226983));
#5277=CARTESIAN_POINT('',(-2.99271496149954,5.65717749051741,20.));
#5278=CARTESIAN_POINT('',(-2.99271496149954,5.65717749051741,20.));
#5279=CARTESIAN_POINT('',(-1.49635748074977,2.8285887452587,20.));
#5280=CARTESIAN_POINT('Origin',(-4.92981619913945,4.0812880617156,20.));
#5281=CARTESIAN_POINT('',(-4.92981619913945,4.0812880617156,24.9));
#5282=CARTESIAN_POINT('',(-5.65382423697934,4.68067863573697,23.960076226983));
#5283=CARTESIAN_POINT('',(-4.92981619913945,4.0812880617156,20.));
#5284=CARTESIAN_POINT('',(-4.92981619913945,4.0812880617156,20.));
#5285=CARTESIAN_POINT('',(-2.46490809956973,2.0406440308578,20.));
#5286=CARTESIAN_POINT('Origin',(-5.9451714280543,1.18256812323218,20.));
#5287=CARTESIAN_POINT('',(-6.0032964280543,0.565298745751815,20.));
#5288=CARTESIAN_POINT('',(-5.76265316181347,1.7750941416385,20.));
#5289=CARTESIAN_POINT('Origin',(-5.9451714280543,1.18256812323218,20.));
#5290=CARTESIAN_POINT('',(-6.0032964280543,0.565298745751815,25.2701467119806));
#5291=CARTESIAN_POINT('',(-6.0032964280543,0.565298745751815,20.));
#5292=CARTESIAN_POINT('',(-5.76265316181347,1.7750941416385,25.2701467119806));
#5293=CARTESIAN_POINT('Ctrl Pts',(-6.0032964280543,0.565298745751815,25.2701467119806));
#5294=CARTESIAN_POINT('Ctrl Pts',(-5.92874383247122,0.55827852123338,25.3450291068439));
#5295=CARTESIAN_POINT('Ctrl Pts',(-5.84652345117477,0.564789658913529,25.4263474226257));
#5296=CARTESIAN_POINT('Ctrl Pts',(-5.68649928982914,0.612945082018016,25.5806515567365));
#5297=CARTESIAN_POINT('Ctrl Pts',(-5.60867018646734,0.654454751660611,25.653653093281));
#5298=CARTESIAN_POINT('Ctrl Pts',(-5.49676817110489,0.750295130244474,25.7524363484089));
#5299=CARTESIAN_POINT('Ctrl Pts',(-5.4512750303824,0.801220482033764,25.7905445602867));
#5300=CARTESIAN_POINT('Ctrl Pts',(-5.37832741375355,0.921708805259191,25.8436552214417));
#5301=CARTESIAN_POINT('Ctrl Pts',(-5.35103071756352,0.991500025762698,25.8583557779231));
#5302=CARTESIAN_POINT('Ctrl Pts',(-5.32313839084507,1.13172422140167,25.8583557779231));
#5303=CARTESIAN_POINT('Ctrl Pts',(-5.32164930594898,1.20664889496407,25.8436552214417));
#5304=CARTESIAN_POINT('Ctrl Pts',(-5.34293523080603,1.34588143501303,25.7905445602867));
#5305=CARTESIAN_POINT('Ctrl Pts',(-5.36547712397207,1.41033979645784,25.7524363484089));
#5306=CARTESIAN_POINT('Ctrl Pts',(-5.43218458057657,1.54170780794707,25.653653093281));
#5307=CARTESIAN_POINT('Ctrl Pts',(-5.48820423335107,1.60984165054357,25.5806515567365));
#5308=CARTESIAN_POINT('Ctrl Pts',(-5.61761899812496,1.71557005565431,25.4263474226257));
#5309=CARTESIAN_POINT('Ctrl Pts',(-5.69108902104398,1.75304994021525,25.3450291068439));
#5310=CARTESIAN_POINT('Ctrl Pts',(-5.76265316181347,1.7750941416385,25.2701467119806));
#5311=CARTESIAN_POINT('',(-5.76265316181347,1.7750941416385,20.));
#5312=CARTESIAN_POINT('Origin',(-6.11639760935551,1.88405952248599,20.));
#5313=CARTESIAN_POINT('',(-6.11639760935551,1.88405952248599,24.9));
#5314=CARTESIAN_POINT('',(-7.01467065908323,2.16075832482405,23.960076226983));
#5315=CARTESIAN_POINT('',(-6.11639760935551,1.88405952248599,20.));
#5316=CARTESIAN_POINT('',(-6.11639760935551,1.88405952248599,20.));
#5317=CARTESIAN_POINT('',(-3.05819880467776,0.942029761242997,20.));
#5318=CARTESIAN_POINT('Origin',(-5.94517142805431,-1.18256812323219,20.));
#5319=CARTESIAN_POINT('',(-5.76265316181348,-1.7750941416385,20.));
#5320=CARTESIAN_POINT('',(-6.00329642805431,-0.565298745751819,20.));
#5321=CARTESIAN_POINT('Origin',(-5.94517142805431,-1.18256812323219,20.));
#5322=CARTESIAN_POINT('',(-5.76265316181348,-1.7750941416385,25.2701467119806));
#5323=CARTESIAN_POINT('',(-5.76265316181348,-1.7750941416385,20.));
#5324=CARTESIAN_POINT('',(-6.00329642805431,-0.565298745751819,25.2701467119806));
#5325=CARTESIAN_POINT('Ctrl Pts',(-5.76265316181348,-1.7750941416385,25.2701467119806));
#5326=CARTESIAN_POINT('Ctrl Pts',(-5.691089021044,-1.75304994021526,25.3450291068439));
#5327=CARTESIAN_POINT('Ctrl Pts',(-5.61761899812497,-1.71557005565431,25.4263474226256));
#5328=CARTESIAN_POINT('Ctrl Pts',(-5.48820423335108,-1.60984165054357,25.5806515567365));
#5329=CARTESIAN_POINT('Ctrl Pts',(-5.43218458057658,-1.54170780794708,25.653653093281));
#5330=CARTESIAN_POINT('Ctrl Pts',(-5.36547712397209,-1.41033979645784,25.7524363484089));
#5331=CARTESIAN_POINT('Ctrl Pts',(-5.34293523080605,-1.34588143501303,25.7905445602867));
#5332=CARTESIAN_POINT('Ctrl Pts',(-5.32164930594899,-1.20664889496407,25.8436552214416));
#5333=CARTESIAN_POINT('Ctrl Pts',(-5.32313839084508,-1.13172422140167,25.8583557779231));
#5334=CARTESIAN_POINT('Ctrl Pts',(-5.35103071756354,-0.991500025762701,
25.8583557779231));
#5335=CARTESIAN_POINT('Ctrl Pts',(-5.37832741375356,-0.921708805259193,
25.8436552214416));
#5336=CARTESIAN_POINT('Ctrl Pts',(-5.45127503038241,-0.801220482033766,
25.7905445602867));
#5337=CARTESIAN_POINT('Ctrl Pts',(-5.4967681711049,-0.750295130244478,25.7524363484089));
#5338=CARTESIAN_POINT('Ctrl Pts',(-5.60867018646736,-0.654454751660616,
25.653653093281));
#5339=CARTESIAN_POINT('Ctrl Pts',(-5.68649928982916,-0.612945082018019,
25.5806515567365));
#5340=CARTESIAN_POINT('Ctrl Pts',(-5.84652345117478,-0.564789658913533,
25.4263474226256));
#5341=CARTESIAN_POINT('Ctrl Pts',(-5.92874383247123,-0.558278521233385,
25.3450291068439));
#5342=CARTESIAN_POINT('Ctrl Pts',(-6.00329642805431,-0.565298745751819,
25.2701467119806));
#5343=CARTESIAN_POINT('',(-6.00329642805431,-0.565298745751819,20.));
#5344=CARTESIAN_POINT('Origin',(-6.3718129288296,-0.600000000000002,20.));
#5345=CARTESIAN_POINT('',(-6.3718129288296,-0.600000000000002,24.9));
#5346=CARTESIAN_POINT('',(-7.30759706148956,-0.688117853720342,23.960076226983));
#5347=CARTESIAN_POINT('',(-6.3718129288296,-0.600000000000002,20.));
#5348=CARTESIAN_POINT('',(-6.3718129288296,-0.600000000000002,20.));
#5349=CARTESIAN_POINT('',(-3.1859064644148,-0.300000000000001,20.));
#5350=CARTESIAN_POINT('Origin',(-5.04007297124624,-3.36766909294119,20.));
#5351=CARTESIAN_POINT('',(-4.64469819026755,-3.84524503723282,20.));
#5352=CARTESIAN_POINT('',(-5.32999223314151,-2.81963002354731,20.));
#5353=CARTESIAN_POINT('Origin',(-5.04007297124624,-3.36766909294119,20.));
#5354=CARTESIAN_POINT('',(-4.64469819026755,-3.84524503723282,25.2701467119806));
#5355=CARTESIAN_POINT('',(-4.64469819026755,-3.84524503723282,20.));
#5356=CARTESIAN_POINT('',(-5.32999223314151,-2.81963002354731,25.2701467119806));
#5357=CARTESIAN_POINT('Ctrl Pts',(-4.64469819026754,-3.84524503723282,25.2701467119806));
#5358=CARTESIAN_POINT('Ctrl Pts',(-4.58701749601325,-3.79749243970341,25.3450291068439));
#5359=CARTESIAN_POINT('Ctrl Pts',(-4.53348297645366,-3.73474978093007,25.4263474226256));
#5360=CARTESIAN_POINT('Ctrl Pts',(-4.45437983304057,-3.5875445850608,25.5806515567365));
#5361=CARTESIAN_POINT('Ctrl Pts',(-4.42869811516887,-3.50315932941091,25.653653093281));
#5362=CARTESIAN_POINT('Ctrl Pts',(-4.41734082288577,-3.35626327391154,25.7524363484089));
#5363=CARTESIAN_POINT('Ctrl Pts',(-4.42118197616794,-3.28808510402467,25.7905445602867));
#5364=CARTESIAN_POINT('Ctrl Pts',(-4.45479833218478,-3.15130523922852,25.8436552214416));
#5365=CARTESIAN_POINT('Ctrl Pts',(-4.48484649849014,-3.08265371496325,25.8583557779231));
#5366=CARTESIAN_POINT('Ctrl Pts',(-4.56427712474719,-2.96377738197482,25.8583557779231));
#5367=CARTESIAN_POINT('Ctrl Pts',(-4.61620392747357,-2.90974469519287,25.8436552214416));
#5368=CARTESIAN_POINT('Ctrl Pts',(-4.72970762251426,-2.82634384377267,25.7905445602867));
#5369=CARTESIAN_POINT('Ctrl Pts',(-4.79122609251455,-2.79670442480937,25.7524363484089));
#5370=CARTESIAN_POINT('Ctrl Pts',(-4.93128659919033,-2.75098250797508,25.653653093281));
#5371=CARTESIAN_POINT('Ctrl Pts',(-5.01907637767517,-2.74241648220337,25.5806515567365));
#5372=CARTESIAN_POINT('Ctrl Pts',(-5.1853477076503,-2.7591652677428,25.4263474226256));
#5373=CARTESIAN_POINT('Ctrl Pts',(-5.2638011396014,-2.78461413863164,25.3450291068439));
#5374=CARTESIAN_POINT('Ctrl Pts',(-5.32999223314151,-2.81963002354731,25.2701467119806));
#5375=CARTESIAN_POINT('',(-5.32999223314151,-2.81963002354731,20.));
#5376=CARTESIAN_POINT('Origin',(-5.65717749051741,-2.99271496149954,20.));
#5377=CARTESIAN_POINT('',(-5.65717749051741,-2.99271496149954,24.9));
#5378=CARTESIAN_POINT('',(-6.48800805481643,-3.43223432683969,23.960076226983));
#5379=CARTESIAN_POINT('',(-5.65717749051741,-2.99271496149954,20.));
#5380=CARTESIAN_POINT('',(-5.65717749051741,-2.99271496149954,20.));
#5381=CARTESIAN_POINT('',(-2.8285887452587,-1.49635748074977,20.));
#5382=CARTESIAN_POINT('Origin',(-3.36766909294119,-5.04007297124624,20.));
#5383=CARTESIAN_POINT('',(-2.81963002354731,-5.32999223314151,20.));
#5384=CARTESIAN_POINT('',(-3.84524503723282,-4.64469819026754,20.));
#5385=CARTESIAN_POINT('Origin',(-3.36766909294119,-5.04007297124624,20.));
#5386=CARTESIAN_POINT('',(-2.81963002354731,-5.32999223314151,25.2701467119806));
#5387=CARTESIAN_POINT('',(-2.81963002354731,-5.32999223314151,20.));
#5388=CARTESIAN_POINT('',(-3.84524503723282,-4.64469819026754,25.2701467119806));
#5389=CARTESIAN_POINT('Ctrl Pts',(-2.81963002354731,-5.32999223314151,25.2701467119806));
#5390=CARTESIAN_POINT('Ctrl Pts',(-2.78461413863164,-5.2638011396014,25.3450291068439));
#5391=CARTESIAN_POINT('Ctrl Pts',(-2.7591652677428,-5.18534770765029,25.4263474226256));
#5392=CARTESIAN_POINT('Ctrl Pts',(-2.74241648220337,-5.01907637767517,25.5806515567365));
#5393=CARTESIAN_POINT('Ctrl Pts',(-2.75098250797508,-4.93128659919032,25.653653093281));
#5394=CARTESIAN_POINT('Ctrl Pts',(-2.79670442480936,-4.79122609251455,25.7524363484089));
#5395=CARTESIAN_POINT('Ctrl Pts',(-2.82634384377267,-4.72970762251426,25.7905445602867));
#5396=CARTESIAN_POINT('Ctrl Pts',(-2.90974469519287,-4.61620392747356,25.8436552214416));
#5397=CARTESIAN_POINT('Ctrl Pts',(-2.96377738197482,-4.56427712474719,25.8583557779231));
#5398=CARTESIAN_POINT('Ctrl Pts',(-3.08265371496325,-4.48484649849014,25.8583557779231));
#5399=CARTESIAN_POINT('Ctrl Pts',(-3.15130523922853,-4.45479833218477,25.8436552214416));
#5400=CARTESIAN_POINT('Ctrl Pts',(-3.28808510402468,-4.42118197616793,25.7905445602867));
#5401=CARTESIAN_POINT('Ctrl Pts',(-3.35626327391154,-4.41734082288577,25.7524363484089));
#5402=CARTESIAN_POINT('Ctrl Pts',(-3.50315932941091,-4.42869811516886,25.653653093281));
#5403=CARTESIAN_POINT('Ctrl Pts',(-3.5875445850608,-4.45437983304057,25.5806515567365));
#5404=CARTESIAN_POINT('Ctrl Pts',(-3.73474978093007,-4.53348297645366,25.4263474226256));
#5405=CARTESIAN_POINT('Ctrl Pts',(-3.79749243970341,-4.58701749601325,25.3450291068439));
#5406=CARTESIAN_POINT('Ctrl Pts',(-3.84524503723282,-4.64469819026754,25.2701467119806));
#5407=CARTESIAN_POINT('',(-3.84524503723282,-4.64469819026754,20.));
#5408=CARTESIAN_POINT('Origin',(-4.0812880617156,-4.92981619913945,20.));
#5409=CARTESIAN_POINT('',(-4.0812880617156,-4.92981619913945,24.9));
#5410=CARTESIAN_POINT('',(-4.68067863573697,-5.65382423697934,23.960076226983));
#5411=CARTESIAN_POINT('',(-4.0812880617156,-4.92981619913945,20.));
#5412=CARTESIAN_POINT('',(-4.0812880617156,-4.92981619913945,20.));
#5413=CARTESIAN_POINT('',(-2.0406440308578,-2.46490809956973,20.));
#5414=CARTESIAN_POINT('Origin',(3.36766909294118,-5.04007297124623,20.));
#5415=CARTESIAN_POINT('',(3.84524503723282,-4.64469819026754,20.));
#5416=CARTESIAN_POINT('',(2.81963002354731,-5.3299922331415,20.));
#5417=CARTESIAN_POINT('Origin',(3.36766909294118,-5.04007297124623,20.));
#5418=CARTESIAN_POINT('',(3.84524503723282,-4.64469819026754,25.2701467119806));
#5419=CARTESIAN_POINT('',(3.84524503723282,-4.64469819026754,20.));
#5420=CARTESIAN_POINT('',(2.81963002354731,-5.3299922331415,25.2701467119806));
#5421=CARTESIAN_POINT('Ctrl Pts',(3.84524503723282,-4.64469819026754,25.2701467119806));
#5422=CARTESIAN_POINT('Ctrl Pts',(3.7974924397034,-4.58701749601325,25.3450291068439));
#5423=CARTESIAN_POINT('Ctrl Pts',(3.73474978093006,-4.53348297645365,25.4263474226257));
#5424=CARTESIAN_POINT('Ctrl Pts',(3.58754458506079,-4.45437983304056,25.5806515567365));
#5425=CARTESIAN_POINT('Ctrl Pts',(3.5031593294109,-4.42869811516886,25.653653093281));
#5426=CARTESIAN_POINT('Ctrl Pts',(3.35626327391154,-4.41734082288576,25.7524363484089));
#5427=CARTESIAN_POINT('Ctrl Pts',(3.28808510402467,-4.42118197616793,25.7905445602867));
#5428=CARTESIAN_POINT('Ctrl Pts',(3.15130523922852,-4.45479833218477,25.8436552214417));
#5429=CARTESIAN_POINT('Ctrl Pts',(3.08265371496325,-4.48484649849013,25.8583557779231));
#5430=CARTESIAN_POINT('Ctrl Pts',(2.96377738197481,-4.56427712474718,25.8583557779231));
#5431=CARTESIAN_POINT('Ctrl Pts',(2.90974469519286,-4.61620392747356,25.8436552214417));
#5432=CARTESIAN_POINT('Ctrl Pts',(2.82634384377267,-4.72970762251425,25.7905445602867));
#5433=CARTESIAN_POINT('Ctrl Pts',(2.79670442480936,-4.79122609251454,25.7524363484089));
#5434=CARTESIAN_POINT('Ctrl Pts',(2.75098250797507,-4.93128659919032,25.653653093281));
#5435=CARTESIAN_POINT('Ctrl Pts',(2.74241648220336,-5.01907637767516,25.5806515567365));
#5436=CARTESIAN_POINT('Ctrl Pts',(2.75916526774279,-5.18534770765028,25.4263474226257));
#5437=CARTESIAN_POINT('Ctrl Pts',(2.78461413863163,-5.26380113960139,25.3450291068439));
#5438=CARTESIAN_POINT('Ctrl Pts',(2.81963002354731,-5.3299922331415,25.2701467119806));
#5439=CARTESIAN_POINT('',(2.81963002354731,-5.3299922331415,20.));
#5440=CARTESIAN_POINT('Origin',(2.99271496149954,-5.65717749051741,20.));
#5441=CARTESIAN_POINT('',(2.99271496149954,-5.65717749051741,24.9));
#5442=CARTESIAN_POINT('',(3.43223432683969,-6.48800805481643,23.960076226983));
#5443=CARTESIAN_POINT('',(2.99271496149954,-5.65717749051741,20.));
#5444=CARTESIAN_POINT('',(2.99271496149954,-5.65717749051741,20.));
#5445=CARTESIAN_POINT('',(1.49635748074977,-2.8285887452587,20.));
#5446=CARTESIAN_POINT('Origin',(1.18256812323218,-5.94517142805431,20.));
#5447=CARTESIAN_POINT('',(1.7750941416385,-5.76265316181348,20.));
#5448=CARTESIAN_POINT('',(0.565298745751817,-6.00329642805431,20.));
#5449=CARTESIAN_POINT('Origin',(1.18256812323218,-5.94517142805431,20.));
#5450=CARTESIAN_POINT('',(1.7750941416385,-5.76265316181348,25.2701467119806));
#5451=CARTESIAN_POINT('',(1.7750941416385,-5.76265316181348,20.));
#5452=CARTESIAN_POINT('',(0.565298745751816,-6.00329642805431,25.2701467119806));
#5453=CARTESIAN_POINT('Ctrl Pts',(1.7750941416385,-5.76265316181348,25.2701467119806));
#5454=CARTESIAN_POINT('Ctrl Pts',(1.75304994021526,-5.69108902104399,25.3450291068439));
#5455=CARTESIAN_POINT('Ctrl Pts',(1.71557005565431,-5.61761899812497,25.4263474226256));
#5456=CARTESIAN_POINT('Ctrl Pts',(1.60984165054357,-5.48820423335108,25.5806515567365));
#5457=CARTESIAN_POINT('Ctrl Pts',(1.54170780794708,-5.43218458057658,25.653653093281));
#5458=CARTESIAN_POINT('Ctrl Pts',(1.41033979645784,-5.36547712397208,25.7524363484089));
#5459=CARTESIAN_POINT('Ctrl Pts',(1.34588143501303,-5.34293523080604,25.7905445602867));
#5460=CARTESIAN_POINT('Ctrl Pts',(1.20664889496407,-5.32164930594899,25.8436552214416));
#5461=CARTESIAN_POINT('Ctrl Pts',(1.13172422140167,-5.32313839084508,25.8583557779231));
#5462=CARTESIAN_POINT('Ctrl Pts',(0.991500025762699,-5.35103071756353,25.8583557779231));
#5463=CARTESIAN_POINT('Ctrl Pts',(0.92170880525919,-5.37832741375356,25.8436552214417));
#5464=CARTESIAN_POINT('Ctrl Pts',(0.801220482033764,-5.45127503038241,25.7905445602867));
#5465=CARTESIAN_POINT('Ctrl Pts',(0.750295130244476,-5.4967681711049,25.7524363484089));
#5466=CARTESIAN_POINT('Ctrl Pts',(0.654454751660613,-5.60867018646735,25.653653093281));
#5467=CARTESIAN_POINT('Ctrl Pts',(0.612945082018016,-5.68649928982916,25.5806515567365));
#5468=CARTESIAN_POINT('Ctrl Pts',(0.56478965891353,-5.84652345117478,25.4263474226256));
#5469=CARTESIAN_POINT('Ctrl Pts',(0.558278521233382,-5.92874383247123,25.3450291068439));
#5470=CARTESIAN_POINT('Ctrl Pts',(0.565298745751817,-6.00329642805431,25.2701467119806));
#5471=CARTESIAN_POINT('',(0.565298745751816,-6.00329642805431,20.));
#5472=CARTESIAN_POINT('Origin',(0.599999999999999,-6.3718129288296,20.));
#5473=CARTESIAN_POINT('',(0.599999999999999,-6.3718129288296,24.9));
#5474=CARTESIAN_POINT('',(0.688117853720339,-7.30759706148956,23.960076226983));
#5475=CARTESIAN_POINT('',(0.599999999999999,-6.3718129288296,20.));
#5476=CARTESIAN_POINT('',(0.599999999999999,-6.3718129288296,20.));
#5477=CARTESIAN_POINT('',(0.3,-3.1859064644148,20.));
#5478=CARTESIAN_POINT('Origin',(-1.18256812323219,-5.94517142805431,20.));
#5479=CARTESIAN_POINT('',(-0.565298745751818,-6.00329642805431,20.));
#5480=CARTESIAN_POINT('',(-1.7750941416385,-5.76265316181348,20.));
#5481=CARTESIAN_POINT('Origin',(-1.18256812323219,-5.94517142805431,20.));
#5482=CARTESIAN_POINT('',(-0.565298745751818,-6.00329642805431,25.2701467119806));
#5483=CARTESIAN_POINT('',(-0.565298745751818,-6.00329642805431,20.));
#5484=CARTESIAN_POINT('',(-1.7750941416385,-5.76265316181348,25.2701467119806));
#5485=CARTESIAN_POINT('Ctrl Pts',(-0.565298745751818,-6.00329642805431,
25.2701467119806));
#5486=CARTESIAN_POINT('Ctrl Pts',(-0.558278521233383,-5.92874383247123,
25.3450291068439));
#5487=CARTESIAN_POINT('Ctrl Pts',(-0.564789658913531,-5.84652345117478,
25.4263474226256));
#5488=CARTESIAN_POINT('Ctrl Pts',(-0.612945082018017,-5.68649928982916,
25.5806515567365));
#5489=CARTESIAN_POINT('Ctrl Pts',(-0.654454751660615,-5.60867018646735,
25.653653093281));
#5490=CARTESIAN_POINT('Ctrl Pts',(-0.750295130244477,-5.4967681711049,25.7524363484089));
#5491=CARTESIAN_POINT('Ctrl Pts',(-0.801220482033766,-5.4512750303824,25.7905445602867));
#5492=CARTESIAN_POINT('Ctrl Pts',(-0.921708805259194,-5.37832741375355,
25.8436552214416));
#5493=CARTESIAN_POINT('Ctrl Pts',(-0.9915000257627,-5.35103071756353,25.8583557779231));
#5494=CARTESIAN_POINT('Ctrl Pts',(-1.13172422140167,-5.32313839084508,25.8583557779231));
#5495=CARTESIAN_POINT('Ctrl Pts',(-1.20664889496407,-5.32164930594899,25.8436552214417));
#5496=CARTESIAN_POINT('Ctrl Pts',(-1.34588143501303,-5.34293523080604,25.7905445602867));
#5497=CARTESIAN_POINT('Ctrl Pts',(-1.41033979645784,-5.36547712397208,25.7524363484089));
#5498=CARTESIAN_POINT('Ctrl Pts',(-1.54170780794708,-5.43218458057657,25.653653093281));
#5499=CARTESIAN_POINT('Ctrl Pts',(-1.60984165054357,-5.48820423335108,25.5806515567365));
#5500=CARTESIAN_POINT('Ctrl Pts',(-1.71557005565431,-5.61761899812497,25.4263474226257));
#5501=CARTESIAN_POINT('Ctrl Pts',(-1.75304994021526,-5.69108902104399,25.3450291068439));
#5502=CARTESIAN_POINT('Ctrl Pts',(-1.7750941416385,-5.76265316181348,25.2701467119806));
#5503=CARTESIAN_POINT('',(-1.7750941416385,-5.76265316181348,20.));
#5504=CARTESIAN_POINT('Origin',(-1.88405952248599,-6.11639760935551,20.));
#5505=CARTESIAN_POINT('',(-1.884059522486,-6.11639760935551,24.9));
#5506=CARTESIAN_POINT('',(-2.16075832482405,-7.01467065908323,23.960076226983));
#5507=CARTESIAN_POINT('',(-1.88405952248599,-6.11639760935551,20.));
#5508=CARTESIAN_POINT('',(-1.88405952248599,-6.11639760935551,20.));
#5509=CARTESIAN_POINT('',(-0.942029761242998,-3.05819880467776,20.));
#5510=CARTESIAN_POINT('Origin',(9.16070380642053E-17,0.,17.8));
#5511=CARTESIAN_POINT('',(1.,1.22464679914735E-16,20.8));
#5512=CARTESIAN_POINT('Origin',(9.16070380642053E-17,0.,20.8));
#5513=CARTESIAN_POINT('',(1.,1.22464679914735E-16,22.8));
#5514=CARTESIAN_POINT('',(1.,1.22464679914735E-16,17.8));
#5515=CARTESIAN_POINT('Origin',(9.16070380642053E-17,0.,22.8));
#5516=CARTESIAN_POINT('Origin',(9.16070380642053E-17,0.,22.8));
#5517=CARTESIAN_POINT('Origin',(0.,0.,23.960076226983));
#5518=CARTESIAN_POINT('',(5.4,-6.61309271539571E-16,25.9));
#5519=CARTESIAN_POINT('Origin',(0.,0.,25.9));
#5520=CARTESIAN_POINT('',(7.35,-9.00115397373305E-16,23.95));
#5521=CARTESIAN_POINT('',(7.33992377301696,-8.98881415461078E-16,23.960076226983));
#5522=CARTESIAN_POINT('',(7.34387499893619,0.299999999999998,23.95));
#5523=CARTESIAN_POINT('Origin',(0.,0.,23.95));
#5524=CARTESIAN_POINT('Ctrl Pts',(6.3718129288296,0.599999999999998,24.9));
#5525=CARTESIAN_POINT('Ctrl Pts',(6.82426363782466,0.460363636363636,24.4626328970233));
#5526=CARTESIAN_POINT('Ctrl Pts',(7.34387499893619,0.299999999999998,23.95));
#5527=CARTESIAN_POINT('',(6.11639760935552,1.88405952248599,24.9));
#5528=CARTESIAN_POINT('',(7.01467065908323,2.16075832482405,23.960076226983));
#5529=CARTESIAN_POINT('',(6.89966083054802,2.53321543169969,23.95));
#5530=CARTESIAN_POINT('Ctrl Pts',(6.89966083054802,2.53321543169969,23.95));
#5531=CARTESIAN_POINT('Ctrl Pts',(6.48097103594691,2.18621209113816,24.4626328970233));
#5532=CARTESIAN_POINT('Ctrl Pts',(6.11639760935552,1.88405952248599,24.9));
#5533=CARTESIAN_POINT('',(6.67005077112897,3.08754315120646,23.95));
#5534=CARTESIAN_POINT('Origin',(0.,0.,23.95));
#5535=CARTESIAN_POINT('Ctrl Pts',(5.65717749051741,2.99271496149954,24.9));
#5536=CARTESIAN_POINT('Ctrl Pts',(6.1286239629475,3.03685317343585,24.4626328970233));
#5537=CARTESIAN_POINT('Ctrl Pts',(6.67005077112897,3.08754315120646,23.95));
#5538=CARTESIAN_POINT('',(4.92981619913945,4.0812880617156,24.9));
#5539=CARTESIAN_POINT('',(5.65382423697934,4.68067863573697,23.960076226983));
#5540=CARTESIAN_POINT('',(5.40503584629009,4.98077177757816,23.95));
#5541=CARTESIAN_POINT('Ctrl Pts',(5.40503584629009,4.98077177757816,23.95));
#5542=CARTESIAN_POINT('Ctrl Pts',(5.15100934399502,4.49995684582617,24.4626328970233));
#5543=CARTESIAN_POINT('Ctrl Pts',(4.92981619913945,4.0812880617156,24.9));
#5544=CARTESIAN_POINT('',(4.98077177757817,5.40503584629009,23.95));
#5545=CARTESIAN_POINT('Origin',(0.,0.,23.95));
#5546=CARTESIAN_POINT('Ctrl Pts',(4.0812880617156,4.92981619913945,24.9));
#5547=CARTESIAN_POINT('Ctrl Pts',(4.4999568458262,5.15100934399503,24.4626328970232));
#5548=CARTESIAN_POINT('Ctrl Pts',(4.98077177757817,5.40503584629009,23.95));
#5549=CARTESIAN_POINT('',(2.99271496149954,5.65717749051741,24.9));
#5550=CARTESIAN_POINT('',(3.43223432683969,6.48800805481643,23.960076226983));
#5551=CARTESIAN_POINT('',(3.08754315120646,6.67005077112896,23.95));
#5552=CARTESIAN_POINT('Ctrl Pts',(3.08754315120646,6.67005077112896,23.95));
#5553=CARTESIAN_POINT('Ctrl Pts',(3.03685317343585,6.1286239629475,24.4626328970233));
#5554=CARTESIAN_POINT('Ctrl Pts',(2.99271496149954,5.65717749051741,24.9));
#5555=CARTESIAN_POINT('',(2.53321543169969,6.89966083054802,23.95));
#5556=CARTESIAN_POINT('Origin',(0.,0.,23.95));
#5557=CARTESIAN_POINT('Ctrl Pts',(1.884059522486,6.11639760935551,24.9));
#5558=CARTESIAN_POINT('Ctrl Pts',(2.18621209113819,6.48097103594693,24.4626328970233));
#5559=CARTESIAN_POINT('Ctrl Pts',(2.53321543169969,6.89966083054802,23.95));
#5560=CARTESIAN_POINT('',(0.6,6.3718129288296,24.9));
#5561=CARTESIAN_POINT('',(0.68811785372034,7.30759706148956,23.960076226983));
#5562=CARTESIAN_POINT('',(0.3,7.34387499893619,23.95));
#5563=CARTESIAN_POINT('Ctrl Pts',(0.3,7.34387499893619,23.95));
#5564=CARTESIAN_POINT('Ctrl Pts',(0.460363636363636,6.82426363782467,24.4626328970233));
#5565=CARTESIAN_POINT('Ctrl Pts',(0.6,6.3718129288296,24.9));
#5566=CARTESIAN_POINT('',(-0.300000000000001,7.34387499893619,23.95));
#5567=CARTESIAN_POINT('Origin',(0.,0.,23.95));
#5568=CARTESIAN_POINT('Ctrl Pts',(-0.6,6.3718129288296,24.9));
#5569=CARTESIAN_POINT('Ctrl Pts',(-0.46036363636363,6.82426363782469,24.4626328970232));
#5570=CARTESIAN_POINT('Ctrl Pts',(-0.300000000000001,7.34387499893619,23.95));
#5571=CARTESIAN_POINT('',(-1.88405952248599,6.11639760935551,24.9));
#5572=CARTESIAN_POINT('',(-2.16075832482405,7.01467065908323,23.960076226983));
#5573=CARTESIAN_POINT('',(-2.53321543169968,6.89966083054802,23.95));
#5574=CARTESIAN_POINT('Ctrl Pts',(-2.53321543169968,6.89966083054802,23.95));
#5575=CARTESIAN_POINT('Ctrl Pts',(-2.18621209113818,6.48097103594693,24.4626328970233));
#5576=CARTESIAN_POINT('Ctrl Pts',(-1.88405952248599,6.11639760935551,24.9));
#5577=CARTESIAN_POINT('',(-3.08754315120646,6.67005077112896,23.95));
#5578=CARTESIAN_POINT('Origin',(0.,0.,23.95));
#5579=CARTESIAN_POINT('Ctrl Pts',(-2.99271496149954,5.65717749051741,24.9));
#5580=CARTESIAN_POINT('Ctrl Pts',(-3.03685317343585,6.12862396294751,24.4626328970233));
#5581=CARTESIAN_POINT('Ctrl Pts',(-3.08754315120646,6.67005077112896,23.95));
#5582=CARTESIAN_POINT('',(-4.0812880617156,4.92981619913945,24.9));
#5583=CARTESIAN_POINT('',(-4.68067863573697,5.65382423697934,23.960076226983));
#5584=CARTESIAN_POINT('',(-4.98077177757816,5.40503584629009,23.95));
#5585=CARTESIAN_POINT('Ctrl Pts',(-4.98077177757816,5.40503584629009,23.95));
#5586=CARTESIAN_POINT('Ctrl Pts',(-4.49995684582617,5.15100934399502,24.4626328970233));
#5587=CARTESIAN_POINT('Ctrl Pts',(-4.0812880617156,4.92981619913945,24.9));
#5588=CARTESIAN_POINT('',(-5.40503584629009,4.98077177757816,23.95));
#5589=CARTESIAN_POINT('Origin',(0.,0.,23.95));
#5590=CARTESIAN_POINT('Ctrl Pts',(-4.92981619913945,4.0812880617156,24.9));
#5591=CARTESIAN_POINT('Ctrl Pts',(-5.15100934399503,4.49995684582618,24.4626328970233));
#5592=CARTESIAN_POINT('Ctrl Pts',(-5.40503584629009,4.98077177757816,23.95));
#5593=CARTESIAN_POINT('',(-5.65717749051741,2.99271496149954,24.9));
#5594=CARTESIAN_POINT('',(-6.48800805481643,3.43223432683969,23.960076226983));
#5595=CARTESIAN_POINT('',(-6.67005077112896,3.08754315120646,23.95));
#5596=CARTESIAN_POINT('Ctrl Pts',(-6.67005077112896,3.08754315120646,23.95));
#5597=CARTESIAN_POINT('Ctrl Pts',(-6.12862396294749,3.03685317343585,24.4626328970233));
#5598=CARTESIAN_POINT('Ctrl Pts',(-5.65717749051741,2.99271496149954,24.9));
#5599=CARTESIAN_POINT('',(-6.89966083054802,2.53321543169968,23.95));
#5600=CARTESIAN_POINT('Origin',(0.,0.,23.95));
#5601=CARTESIAN_POINT('Ctrl Pts',(-6.11639760935551,1.88405952248599,24.9));
#5602=CARTESIAN_POINT('Ctrl Pts',(-6.48097103594693,2.18621209113818,24.4626328970233));
#5603=CARTESIAN_POINT('Ctrl Pts',(-6.89966083054802,2.53321543169968,23.95));
#5604=CARTESIAN_POINT('',(-6.3718129288296,0.599999999999999,24.9));
#5605=CARTESIAN_POINT('',(-7.30759706148956,0.688117853720338,23.960076226983));
#5606=CARTESIAN_POINT('',(-7.34387499893619,0.299999999999999,23.95));
#5607=CARTESIAN_POINT('Ctrl Pts',(-7.34387499893619,0.299999999999999,23.95));
#5608=CARTESIAN_POINT('Ctrl Pts',(-6.82426363782465,0.46036363636364,24.4626328970233));
#5609=CARTESIAN_POINT('Ctrl Pts',(-6.3718129288296,0.599999999999999,24.9));
#5610=CARTESIAN_POINT('',(-7.34387499893619,-0.300000000000003,23.95));
#5611=CARTESIAN_POINT('Origin',(0.,0.,23.95));
#5612=CARTESIAN_POINT('Ctrl Pts',(-6.3718129288296,-0.600000000000002,24.9));
#5613=CARTESIAN_POINT('Ctrl Pts',(-6.82426363782469,-0.46036363636363,24.4626328970232));
#5614=CARTESIAN_POINT('Ctrl Pts',(-7.34387499893619,-0.300000000000003,
23.95));
#5615=CARTESIAN_POINT('',(-6.11639760935552,-1.88405952248599,24.9));
#5616=CARTESIAN_POINT('',(-7.01467065908323,-2.16075832482405,23.960076226983));
#5617=CARTESIAN_POINT('',(-6.89966083054802,-2.53321543169968,23.95));
#5618=CARTESIAN_POINT('Ctrl Pts',(-6.89966083054802,-2.53321543169968,23.95));
#5619=CARTESIAN_POINT('Ctrl Pts',(-6.48097103594693,-2.18621209113818,24.4626328970233));
#5620=CARTESIAN_POINT('Ctrl Pts',(-6.11639760935552,-1.88405952248599,24.9));
#5621=CARTESIAN_POINT('',(-6.67005077112896,-3.08754315120646,23.95));
#5622=CARTESIAN_POINT('Origin',(0.,0.,23.95));
#5623=CARTESIAN_POINT('Ctrl Pts',(-5.65717749051741,-2.99271496149954,24.9));
#5624=CARTESIAN_POINT('Ctrl Pts',(-6.1286239629475,-3.03685317343585,24.4626328970233));
#5625=CARTESIAN_POINT('Ctrl Pts',(-6.67005077112896,-3.08754315120646,23.95));
#5626=CARTESIAN_POINT('',(-4.92981619913945,-4.0812880617156,24.9));
#5627=CARTESIAN_POINT('',(-5.65382423697934,-4.68067863573697,23.960076226983));
#5628=CARTESIAN_POINT('',(-5.40503584629009,-4.98077177757816,23.95));
#5629=CARTESIAN_POINT('Ctrl Pts',(-5.40503584629009,-4.98077177757816,23.95));
#5630=CARTESIAN_POINT('Ctrl Pts',(-5.15100934399502,-4.49995684582616,24.4626328970233));
#5631=CARTESIAN_POINT('Ctrl Pts',(-4.92981619913945,-4.0812880617156,24.9));
#5632=CARTESIAN_POINT('',(-4.98077177757816,-5.40503584629009,23.95));
#5633=CARTESIAN_POINT('Origin',(0.,0.,23.95));
#5634=CARTESIAN_POINT('Ctrl Pts',(-4.0812880617156,-4.92981619913945,24.9));
#5635=CARTESIAN_POINT('Ctrl Pts',(-4.49995684582617,-5.15100934399502,24.4626328970233));
#5636=CARTESIAN_POINT('Ctrl Pts',(-4.98077177757817,-5.40503584629009,23.95));
#5637=CARTESIAN_POINT('',(-2.99271496149954,-5.65717749051741,24.9));
#5638=CARTESIAN_POINT('',(-3.43223432683969,-6.48800805481643,23.960076226983));
#5639=CARTESIAN_POINT('',(-3.08754315120646,-6.67005077112896,23.95));
#5640=CARTESIAN_POINT('Ctrl Pts',(-3.08754315120646,-6.67005077112896,23.95));
#5641=CARTESIAN_POINT('Ctrl Pts',(-3.03685317343585,-6.12862396294749,24.4626328970233));
#5642=CARTESIAN_POINT('Ctrl Pts',(-2.99271496149954,-5.65717749051741,24.9));
#5643=CARTESIAN_POINT('',(-2.53321543169968,-6.89966083054802,23.95));
#5644=CARTESIAN_POINT('Origin',(0.,0.,23.95));
#5645=CARTESIAN_POINT('Ctrl Pts',(-1.884059522486,-6.11639760935551,24.9));
#5646=CARTESIAN_POINT('Ctrl Pts',(-2.18621209113818,-6.48097103594693,24.4626328970233));
#5647=CARTESIAN_POINT('Ctrl Pts',(-2.53321543169968,-6.89966083054802,23.95));
#5648=CARTESIAN_POINT('',(-0.600000000000001,-6.3718129288296,24.9));
#5649=CARTESIAN_POINT('',(-0.688117853720341,-7.30759706148956,23.960076226983));
#5650=CARTESIAN_POINT('',(-0.300000000000001,-7.34387499893619,23.95));
#5651=CARTESIAN_POINT('Ctrl Pts',(-0.300000000000001,-7.34387499893619,
23.95));
#5652=CARTESIAN_POINT('Ctrl Pts',(-0.460363636363636,-6.82426363782467,
24.4626328970233));
#5653=CARTESIAN_POINT('Ctrl Pts',(-0.600000000000001,-6.3718129288296,24.9));
#5654=CARTESIAN_POINT('',(0.3,-7.34387499893619,23.95));
#5655=CARTESIAN_POINT('Origin',(0.,0.,23.95));
#5656=CARTESIAN_POINT('Ctrl Pts',(0.599999999999999,-6.3718129288296,24.9));
#5657=CARTESIAN_POINT('Ctrl Pts',(0.460363636363638,-6.82426363782466,24.4626328970233));
#5658=CARTESIAN_POINT('Ctrl Pts',(0.3,-7.34387499893619,23.95));
#5659=CARTESIAN_POINT('',(1.88405952248599,-6.11639760935551,24.9));
#5660=CARTESIAN_POINT('',(2.16075832482405,-7.01467065908323,23.960076226983));
#5661=CARTESIAN_POINT('',(2.53321543169968,-6.89966083054802,23.95));
#5662=CARTESIAN_POINT('Ctrl Pts',(2.53321543169968,-6.89966083054802,23.95));
#5663=CARTESIAN_POINT('Ctrl Pts',(2.18621209113818,-6.48097103594693,24.4626328970233));
#5664=CARTESIAN_POINT('Ctrl Pts',(1.88405952248599,-6.11639760935551,24.9));
#5665=CARTESIAN_POINT('',(3.08754315120646,-6.67005077112897,23.95));
#5666=CARTESIAN_POINT('Origin',(0.,0.,23.95));
#5667=CARTESIAN_POINT('Ctrl Pts',(2.99271496149954,-5.65717749051741,24.9));
#5668=CARTESIAN_POINT('Ctrl Pts',(3.03685317343585,-6.12862396294751,24.4626328970233));
#5669=CARTESIAN_POINT('Ctrl Pts',(3.08754315120646,-6.67005077112897,23.95));
#5670=CARTESIAN_POINT('',(4.0812880617156,-4.92981619913945,24.9));
#5671=CARTESIAN_POINT('',(4.68067863573697,-5.65382423697934,23.960076226983));
#5672=CARTESIAN_POINT('',(4.98077177757816,-5.40503584629009,23.95));
#5673=CARTESIAN_POINT('Ctrl Pts',(4.98077177757816,-5.40503584629009,23.95));
#5674=CARTESIAN_POINT('Ctrl Pts',(4.49995684582615,-5.15100934399501,24.4626328970233));
#5675=CARTESIAN_POINT('Ctrl Pts',(4.0812880617156,-4.92981619913945,24.9));
#5676=CARTESIAN_POINT('',(5.40503584629009,-4.98077177757816,23.95));
#5677=CARTESIAN_POINT('Origin',(0.,0.,23.95));
#5678=CARTESIAN_POINT('Ctrl Pts',(4.92981619913945,-4.0812880617156,24.9));
#5679=CARTESIAN_POINT('Ctrl Pts',(5.15100934399502,-4.49995684582617,24.4626328970233));
#5680=CARTESIAN_POINT('Ctrl Pts',(5.40503584629009,-4.98077177757816,23.95));
#5681=CARTESIAN_POINT('',(5.65717749051741,-2.99271496149954,24.9));
#5682=CARTESIAN_POINT('',(6.48800805481643,-3.43223432683969,23.960076226983));
#5683=CARTESIAN_POINT('',(6.67005077112896,-3.08754315120646,23.95));
#5684=CARTESIAN_POINT('Ctrl Pts',(6.67005077112896,-3.08754315120646,23.95));
#5685=CARTESIAN_POINT('Ctrl Pts',(6.1286239629475,-3.03685317343585,24.4626328970233));
#5686=CARTESIAN_POINT('Ctrl Pts',(5.65717749051741,-2.99271496149954,24.9));
#5687=CARTESIAN_POINT('',(6.89966083054802,-2.53321543169969,23.95));
#5688=CARTESIAN_POINT('Origin',(0.,0.,23.95));
#5689=CARTESIAN_POINT('Ctrl Pts',(6.11639760935551,-1.884059522486,24.9));
#5690=CARTESIAN_POINT('Ctrl Pts',(6.48097103594695,-2.1862120911382,24.4626328970232));
#5691=CARTESIAN_POINT('Ctrl Pts',(6.89966083054802,-2.53321543169969,23.95));
#5692=CARTESIAN_POINT('',(6.3718129288296,-0.600000000000001,24.9));
#5693=CARTESIAN_POINT('',(7.30759706148956,-0.688117853720342,23.960076226983));
#5694=CARTESIAN_POINT('',(7.34387499893619,-0.300000000000002,23.95));
#5695=CARTESIAN_POINT('Ctrl Pts',(7.34387499893619,-0.300000000000002,23.95));
#5696=CARTESIAN_POINT('Ctrl Pts',(6.82426363782463,-0.460363636363648,24.4626328970233));
#5697=CARTESIAN_POINT('Ctrl Pts',(6.3718129288296,-0.600000000000001,24.9));
#5698=CARTESIAN_POINT('Origin',(0.,0.,23.95));
#5699=CARTESIAN_POINT('Origin',(0.,0.,20.));
#5700=CARTESIAN_POINT('',(-3.08754315120646,-6.67005077112896,20.));
#5701=CARTESIAN_POINT('',(-3.08754315120646,-6.67005077112896,20.));
#5702=CARTESIAN_POINT('',(-2.53321543169968,-6.89966083054802,20.));
#5703=CARTESIAN_POINT('Origin',(0.,0.,20.));
#5704=CARTESIAN_POINT('',(-2.53321543169968,-6.89966083054802,20.));
#5705=CARTESIAN_POINT('Origin',(-2.99271496149954,-5.65717749051741,20.));
#5706=CARTESIAN_POINT('',(-2.99271496149954,-5.65717749051741,20.));
#5707=CARTESIAN_POINT('',(-2.99271496149954,-5.65717749051741,20.));
#5708=CARTESIAN_POINT('',(-2.71719318472138,-2.71429049892003,20.));
#5709=CARTESIAN_POINT('Origin',(-0.600000000000001,-6.3718129288296,20.));
#5710=CARTESIAN_POINT('',(-0.600000000000001,-6.3718129288296,20.));
#5711=CARTESIAN_POINT('',(-0.600000000000001,-6.3718129288296,20.));
#5712=CARTESIAN_POINT('',(-0.300000000000001,-7.34387499893619,20.));
#5713=CARTESIAN_POINT('',(-1.47164516468057,-3.54750225157027,20.));
#5714=CARTESIAN_POINT('',(-0.300000000000001,-7.34387499893619,20.));
#5715=CARTESIAN_POINT('Origin',(-2.52510324876524,-4.77324350762406,20.));
#5716=CARTESIAN_POINT('',(-1.26255162438262,-2.38662175381203,20.));
#5717=CARTESIAN_POINT('Origin',(0.,0.,20.));
#5718=CARTESIAN_POINT('',(-5.40503584629009,-4.98077177757816,20.));
#5719=CARTESIAN_POINT('',(-5.40503584629009,-4.98077177757816,20.));
#5720=CARTESIAN_POINT('',(-4.98077177757816,-5.40503584629009,20.));
#5721=CARTESIAN_POINT('Origin',(0.,0.,20.));
#5722=CARTESIAN_POINT('',(-4.98077177757816,-5.40503584629009,20.));
#5723=CARTESIAN_POINT('Origin',(-0.506250000000001,-5.37621715869997,20.));
#5724=CARTESIAN_POINT('',(-0.253125,-2.68810857934999,20.));
#5725=CARTESIAN_POINT('Origin',(-4.92981619913945,-4.0812880617156,20.));
#5726=CARTESIAN_POINT('',(-4.92981619913945,-4.0812880617156,20.));
#5727=CARTESIAN_POINT('',(-4.92981619913945,-4.0812880617156,20.));
#5728=CARTESIAN_POINT('',(-3.54907317380591,-1.46785262291386,20.));
#5729=CARTESIAN_POINT('Origin',(1.88405952248599,-6.11639760935552,20.));
#5730=CARTESIAN_POINT('',(1.88405952248599,-6.11639760935551,20.));
#5731=CARTESIAN_POINT('',(1.88405952248599,-6.11639760935551,20.));
#5732=CARTESIAN_POINT('',(2.53321543169968,-6.89966083054802,20.));
#5733=CARTESIAN_POINT('',(-0.00205250881378738,-3.84063894460693,20.));
#5734=CARTESIAN_POINT('',(2.53321543169968,-6.89966083054802,20.));
#5735=CARTESIAN_POINT('Origin',(-4.15953241802391,-3.44358680207253,20.));
#5736=CARTESIAN_POINT('',(-2.07976620901196,-1.72179340103627,20.));
#5737=CARTESIAN_POINT('Origin',(0.,0.,20.));
#5738=CARTESIAN_POINT('',(-6.89966083054802,-2.53321543169968,20.));
#5739=CARTESIAN_POINT('',(-6.89966083054802,-2.53321543169968,20.));
#5740=CARTESIAN_POINT('',(-6.67005077112896,-3.08754315120646,20.));
#5741=CARTESIAN_POINT('Origin',(0.,0.,20.));
#5742=CARTESIAN_POINT('',(-6.67005077112896,-3.08754315120646,20.));
#5743=CARTESIAN_POINT('Origin',(1.58967522209756,-5.16071048289372,20.));
#5744=CARTESIAN_POINT('',(0.794837611048778,-2.58035524144686,20.));
#5745=CARTESIAN_POINT('Origin',(-6.11639760935552,-1.88405952248599,20.));
#5746=CARTESIAN_POINT('',(-6.11639760935552,-1.88405952248599,20.));
#5747=CARTESIAN_POINT('',(-6.11639760935552,-1.88405952248599,20.));
#5748=CARTESIAN_POINT('',(-3.84063894460693,0.00205250881378641,20.));
#5749=CARTESIAN_POINT('Origin',(4.0812880617156,-4.92981619913945,20.));
#5750=CARTESIAN_POINT('',(4.0812880617156,-4.92981619913945,20.));
#5751=CARTESIAN_POINT('',(4.0812880617156,-4.92981619913945,20.));
#5752=CARTESIAN_POINT('',(4.98077177757816,-5.40503584629009,20.));
#5753=CARTESIAN_POINT('',(1.46785262291386,-3.54907317380591,20.));
#5754=CARTESIAN_POINT('',(4.98077177757816,-5.40503584629009,20.));
#5755=CARTESIAN_POINT('Origin',(-5.16071048289372,-1.58967522209756,20.));
#5756=CARTESIAN_POINT('',(-2.58035524144686,-0.794837611048779,20.));
#5757=CARTESIAN_POINT('Origin',(3.44358680207253,-4.15953241802391,20.));
#5758=CARTESIAN_POINT('',(1.72179340103627,-2.07976620901196,20.));
#5759=CARTESIAN_POINT('Origin',(0.,0.,20.));
#5760=CARTESIAN_POINT('',(-7.34387499893619,0.299999999999999,20.));
#5761=CARTESIAN_POINT('',(-7.34387499893619,0.299999999999999,20.));
#5762=CARTESIAN_POINT('',(-7.34387499893619,-0.300000000000003,20.));
#5763=CARTESIAN_POINT('Origin',(0.,0.,20.));
#5764=CARTESIAN_POINT('',(-7.34387499893619,-0.300000000000003,20.));
#5765=CARTESIAN_POINT('Origin',(5.65717749051741,-2.99271496149954,20.));
#5766=CARTESIAN_POINT('',(5.65717749051741,-2.99271496149954,20.));
#5767=CARTESIAN_POINT('',(5.65717749051741,-2.99271496149954,20.));
#5768=CARTESIAN_POINT('',(6.67005077112896,-3.08754315120646,20.));
#5769=CARTESIAN_POINT('',(2.71429049892003,-2.71719318472138,20.));
#5770=CARTESIAN_POINT('',(6.67005077112896,-3.08754315120646,20.));
#5771=CARTESIAN_POINT('Origin',(-6.3718129288296,0.599999999999999,20.));
#5772=CARTESIAN_POINT('',(-6.3718129288296,0.599999999999999,20.));
#5773=CARTESIAN_POINT('',(-6.3718129288296,0.599999999999999,20.));
#5774=CARTESIAN_POINT('',(-3.54750225157027,1.47164516468057,20.));
#5775=CARTESIAN_POINT('Origin',(4.77324350762406,-2.52510324876524,20.));
#5776=CARTESIAN_POINT('',(2.38662175381203,-1.26255162438262,20.));
#5777=CARTESIAN_POINT('Origin',(-5.37621715869997,0.506249999999999,20.));
#5778=CARTESIAN_POINT('',(-2.68810857934999,0.253125,20.));
#5779=CARTESIAN_POINT('Origin',(0.,0.,20.));
#5780=CARTESIAN_POINT('',(-6.67005077112896,3.08754315120646,20.));
#5781=CARTESIAN_POINT('',(-6.67005077112896,3.08754315120646,20.));
#5782=CARTESIAN_POINT('',(-6.89966083054802,2.53321543169968,20.));
#5783=CARTESIAN_POINT('Origin',(0.,0.,20.));
#5784=CARTESIAN_POINT('',(-6.89966083054802,2.53321543169968,20.));
#5785=CARTESIAN_POINT('Origin',(6.3718129288296,-0.600000000000001,20.));
#5786=CARTESIAN_POINT('',(6.3718129288296,-0.600000000000001,20.));
#5787=CARTESIAN_POINT('',(6.3718129288296,-0.600000000000001,20.));
#5788=CARTESIAN_POINT('',(7.34387499893619,-0.300000000000002,20.));
#5789=CARTESIAN_POINT('',(3.54750225157027,-1.47164516468057,20.));
#5790=CARTESIAN_POINT('',(7.34387499893619,-0.300000000000002,20.));
#5791=CARTESIAN_POINT('Origin',(-5.65717749051741,2.99271496149954,20.));
#5792=CARTESIAN_POINT('',(-5.65717749051741,2.99271496149954,20.));
#5793=CARTESIAN_POINT('',(-5.65717749051741,2.99271496149954,20.));
#5794=CARTESIAN_POINT('',(-2.71429049892003,2.71719318472138,20.));
#5795=CARTESIAN_POINT('Origin',(5.37621715869997,-0.506250000000001,20.));
#5796=CARTESIAN_POINT('',(2.68810857934999,-0.253125000000001,20.));
#5797=CARTESIAN_POINT('Origin',(-4.77324350762406,2.52510324876524,20.));
#5798=CARTESIAN_POINT('',(-2.38662175381203,1.26255162438262,20.));
#5799=CARTESIAN_POINT('Origin',(0.,0.,20.));
#5800=CARTESIAN_POINT('',(-4.98077177757816,5.40503584629009,20.));
#5801=CARTESIAN_POINT('',(-4.98077177757816,5.40503584629009,20.));
#5802=CARTESIAN_POINT('',(-5.40503584629009,4.98077177757816,20.));
#5803=CARTESIAN_POINT('Origin',(0.,0.,20.));
#5804=CARTESIAN_POINT('',(-5.40503584629009,4.98077177757816,20.));
#5805=CARTESIAN_POINT('Origin',(6.11639760935552,1.88405952248599,20.));
#5806=CARTESIAN_POINT('',(6.11639760935552,1.88405952248599,20.));
#5807=CARTESIAN_POINT('',(6.11639760935552,1.88405952248599,20.));
#5808=CARTESIAN_POINT('',(6.89966083054802,2.53321543169969,20.));
#5809=CARTESIAN_POINT('',(3.84063894460693,-0.0020525088137871,20.));
#5810=CARTESIAN_POINT('',(6.89966083054802,2.53321543169969,20.));
#5811=CARTESIAN_POINT('Origin',(-4.0812880617156,4.92981619913945,20.));
#5812=CARTESIAN_POINT('',(-4.0812880617156,4.92981619913945,20.));
#5813=CARTESIAN_POINT('',(-4.0812880617156,4.92981619913945,20.));
#5814=CARTESIAN_POINT('',(-1.46785262291386,3.54907317380591,20.));
#5815=CARTESIAN_POINT('Origin',(5.16071048289372,1.58967522209756,20.));
#5816=CARTESIAN_POINT('',(2.58035524144686,0.794837611048779,20.));
#5817=CARTESIAN_POINT('Origin',(-3.44358680207253,4.15953241802391,20.));
#5818=CARTESIAN_POINT('',(-1.72179340103627,2.07976620901196,20.));
#5819=CARTESIAN_POINT('Origin',(0.,0.,20.));
#5820=CARTESIAN_POINT('',(-2.53321543169968,6.89966083054802,20.));
#5821=CARTESIAN_POINT('',(-2.53321543169968,6.89966083054802,20.));
#5822=CARTESIAN_POINT('',(-3.08754315120646,6.67005077112896,20.));
#5823=CARTESIAN_POINT('Origin',(0.,0.,20.));
#5824=CARTESIAN_POINT('',(-3.08754315120646,6.67005077112896,20.));
#5825=CARTESIAN_POINT('Origin',(4.92981619913945,4.0812880617156,20.));
#5826=CARTESIAN_POINT('',(4.92981619913945,4.0812880617156,20.));
#5827=CARTESIAN_POINT('',(4.92981619913945,4.0812880617156,20.));
#5828=CARTESIAN_POINT('',(5.40503584629009,4.98077177757816,20.));
#5829=CARTESIAN_POINT('',(3.54907317380591,1.46785262291386,20.));
#5830=CARTESIAN_POINT('',(5.40503584629009,4.98077177757816,20.));
#5831=CARTESIAN_POINT('Origin',(-1.88405952248599,6.11639760935552,20.));
#5832=CARTESIAN_POINT('',(-1.88405952248599,6.11639760935551,20.));
#5833=CARTESIAN_POINT('',(-1.88405952248599,6.11639760935551,20.));
#5834=CARTESIAN_POINT('',(0.00205250881378641,3.84063894460693,20.));
#5835=CARTESIAN_POINT('Origin',(4.15953241802391,3.44358680207253,20.));
#5836=CARTESIAN_POINT('',(2.07976620901196,1.72179340103627,20.));
#5837=CARTESIAN_POINT('Origin',(-1.58967522209756,5.16071048289372,20.));
#5838=CARTESIAN_POINT('',(-0.794837611048778,2.58035524144686,20.));
#5839=CARTESIAN_POINT('Origin',(2.99271496149954,5.65717749051741,20.));
#5840=CARTESIAN_POINT('',(2.99271496149954,5.65717749051741,20.));
#5841=CARTESIAN_POINT('',(2.99271496149954,5.65717749051741,20.));
#5842=CARTESIAN_POINT('',(3.08754315120646,6.67005077112896,20.));
#5843=CARTESIAN_POINT('',(2.71719318472138,2.71429049892003,20.));
#5844=CARTESIAN_POINT('',(3.08754315120646,6.67005077112896,20.));
#5845=CARTESIAN_POINT('Origin',(0.,0.,20.));
#5846=CARTESIAN_POINT('',(0.3,7.34387499893619,20.));
#5847=CARTESIAN_POINT('',(0.3,7.34387499893619,20.));
#5848=CARTESIAN_POINT('',(-0.300000000000001,7.34387499893619,20.));
#5849=CARTESIAN_POINT('Origin',(0.,0.,20.));
#5850=CARTESIAN_POINT('',(-0.300000000000001,7.34387499893619,20.));
#5851=CARTESIAN_POINT('Origin',(2.52510324876524,4.77324350762406,20.));
#5852=CARTESIAN_POINT('',(1.26255162438262,2.38662175381203,20.));
#5853=CARTESIAN_POINT('Origin',(0.6,6.3718129288296,20.));
#5854=CARTESIAN_POINT('',(0.6,6.3718129288296,20.));
#5855=CARTESIAN_POINT('',(0.6,6.3718129288296,20.));
#5856=CARTESIAN_POINT('',(1.47164516468057,3.54750225157027,20.));
#5857=CARTESIAN_POINT('Origin',(0.50625,5.37621715869997,20.));
#5858=CARTESIAN_POINT('',(0.253125,2.68810857934999,20.));
#5859=CARTESIAN_POINT('Origin',(0.,0.,16.05));
#5860=CARTESIAN_POINT('',(4.65,-5.69460761603519E-16,16.05));
#5861=CARTESIAN_POINT('',(-4.65,-5.69460761603519E-16,16.05));
#5862=CARTESIAN_POINT('Origin',(0.,0.,16.05));
#5863=CARTESIAN_POINT('',(-4.4,-5.38844591624835E-16,15.8));
#5864=CARTESIAN_POINT('Origin',(-4.4,-5.38844591624835E-16,16.05));
#5865=CARTESIAN_POINT('Origin',(0.,0.,15.8));
#5866=CARTESIAN_POINT('Origin',(0.,0.,16.05));
#5867=CARTESIAN_POINT('Origin',(0.,0.,15.8));
#5868=CARTESIAN_POINT('',(4.65,5.69460761603519E-16,17.6));
#5869=CARTESIAN_POINT('Origin',(0.,0.,17.6));
#5870=CARTESIAN_POINT('',(4.65,5.69460761603519E-16,15.8));
#5871=CARTESIAN_POINT('Origin',(0.,0.,15.8));
#5872=CARTESIAN_POINT('',(-3.35,4.10256677714363E-16,15.8));
#5873=CARTESIAN_POINT('Origin',(0.,0.,15.8));
#5874=CARTESIAN_POINT('Origin',(0.,0.,17.85));
#5875=CARTESIAN_POINT('',(7.95,-9.73594205322146E-16,17.85));
#5876=CARTESIAN_POINT('',(-7.95,-9.73594205322146E-16,17.85));
#5877=CARTESIAN_POINT('Origin',(0.,0.,17.85));
#5878=CARTESIAN_POINT('',(-7.7,-9.42978035343462E-16,17.6));
#5879=CARTESIAN_POINT('Origin',(-7.7,-9.42978035343462E-16,17.85));
#5880=CARTESIAN_POINT('Origin',(0.,0.,17.6));
#5881=CARTESIAN_POINT('Origin',(0.,0.,17.85));
#5882=CARTESIAN_POINT('Origin',(0.,0.,17.6));
#5883=CARTESIAN_POINT('',(7.95,9.73594205322146E-16,19.4));
#5884=CARTESIAN_POINT('Origin',(0.,0.,19.4));
#5885=CARTESIAN_POINT('',(7.95,9.73594205322146E-16,17.6));
#5886=CARTESIAN_POINT('Origin',(0.,0.,17.6));
#5887=CARTESIAN_POINT('Origin',(2.56806454277456,-2.151172820613,17.3));
#5888=CARTESIAN_POINT('',(2.56806454277456,-2.151172820613,17.3));
#5889=CARTESIAN_POINT('',(2.56806454277456,2.15117282061301,17.3));
#5890=CARTESIAN_POINT('',(2.56806454277456,-1.0755864103065,17.3));
#5891=CARTESIAN_POINT('',(2.56806454277456,-2.15117282061301,20.8));
#5892=CARTESIAN_POINT('',(2.56806454277456,-2.151172820613,17.3));
#5893=CARTESIAN_POINT('',(2.56806454277456,2.15117282061301,20.8));
#5894=CARTESIAN_POINT('',(2.56806454277456,-2.151172820613,20.8));
#5895=CARTESIAN_POINT('',(2.56806454277456,2.15117282061301,17.3));
#5896=CARTESIAN_POINT('Origin',(-2.151172820613,-2.56806454277456,17.3));
#5897=CARTESIAN_POINT('',(-2.151172820613,-2.56806454277456,17.3));
#5898=CARTESIAN_POINT('',(2.151172820613,-2.56806454277456,17.3));
#5899=CARTESIAN_POINT('',(-1.0755864103065,-2.56806454277456,17.3));
#5900=CARTESIAN_POINT('',(-2.151172820613,-2.56806454277456,20.8));
#5901=CARTESIAN_POINT('',(-2.151172820613,-2.56806454277456,17.3));
#5902=CARTESIAN_POINT('',(2.151172820613,-2.56806454277456,20.8));
#5903=CARTESIAN_POINT('',(-2.151172820613,-2.56806454277456,20.8));
#5904=CARTESIAN_POINT('',(2.151172820613,-2.56806454277456,17.3));
#5905=CARTESIAN_POINT('Origin',(-2.56806454277456,2.151172820613,17.3));
#5906=CARTESIAN_POINT('',(-2.56806454277456,2.151172820613,17.3));
#5907=CARTESIAN_POINT('',(-2.56806454277456,-2.151172820613,17.3));
#5908=CARTESIAN_POINT('',(-2.56806454277456,1.0755864103065,17.3));
#5909=CARTESIAN_POINT('',(-2.56806454277456,2.151172820613,20.8));
#5910=CARTESIAN_POINT('',(-2.56806454277456,2.151172820613,17.3));
#5911=CARTESIAN_POINT('',(-2.56806454277456,-2.151172820613,20.8));
#5912=CARTESIAN_POINT('',(-2.56806454277456,2.151172820613,20.8));
#5913=CARTESIAN_POINT('',(-2.56806454277456,-2.151172820613,17.3));
#5914=CARTESIAN_POINT('Origin',(2.151172820613,2.56806454277456,17.3));
#5915=CARTESIAN_POINT('',(2.151172820613,2.56806454277456,17.3));
#5916=CARTESIAN_POINT('',(-2.151172820613,2.56806454277456,17.3));
#5917=CARTESIAN_POINT('',(1.0755864103065,2.56806454277456,17.3));
#5918=CARTESIAN_POINT('',(2.151172820613,2.56806454277456,20.8));
#5919=CARTESIAN_POINT('',(2.151172820613,2.56806454277456,17.3));
#5920=CARTESIAN_POINT('',(-2.151172820613,2.56806454277456,20.8));
#5921=CARTESIAN_POINT('',(2.151172820613,2.56806454277456,20.8));
#5922=CARTESIAN_POINT('',(-2.151172820613,2.56806454277456,17.3));
#5923=CARTESIAN_POINT('Origin',(0.,0.,20.8));
#5924=CARTESIAN_POINT('Origin',(1.72084568816899E-14,-1.74860126378462E-14,
20.8));
#5925=CARTESIAN_POINT('Origin',(1.72084568816899E-14,-1.74860126378462E-14,
20.8));
#5926=CARTESIAN_POINT('Origin',(1.72084568816899E-14,-1.74860126378462E-14,
20.8));
#5927=CARTESIAN_POINT('Origin',(1.72084568816899E-14,-1.74860126378462E-14,
20.8));
#5928=CARTESIAN_POINT('Origin',(0.,0.,17.3));
#5929=CARTESIAN_POINT('Origin',(0.,0.,17.3));
#5930=CARTESIAN_POINT('Origin',(0.,0.,17.3));
#5931=CARTESIAN_POINT('Origin',(0.,0.,17.3));
#5932=CARTESIAN_POINT('Origin',(0.,0.,17.3));
#5933=CARTESIAN_POINT('Origin',(0.,0.,17.3));
#5934=CARTESIAN_POINT('Origin',(0.,0.,17.3));
#5935=CARTESIAN_POINT('',(-3.35,-4.10256677714363E-16,17.3));
#5936=CARTESIAN_POINT('Origin',(0.,0.,17.3));
#5937=CARTESIAN_POINT('Origin',(0.,0.,17.3));
#5938=CARTESIAN_POINT('Origin',(0.,0.,15.8));
#5939=CARTESIAN_POINT('',(-3.35,-4.10256677714363E-16,15.8));
#5940=CARTESIAN_POINT('Origin',(2.53321543169969,6.89966083054802,20.));
#5941=CARTESIAN_POINT('',(2.53321543169969,6.89966083054802,20.));
#5942=CARTESIAN_POINT('',(2.53321543169969,6.89966083054802,20.));
#5943=CARTESIAN_POINT('',(0.322525445793063,4.23227055520318,20.));
#5944=CARTESIAN_POINT('Origin',(0.,0.,20.));
#5945=CARTESIAN_POINT('Origin',(0.,0.,20.));
#5946=CARTESIAN_POINT('Origin',(4.98077177757817,5.40503584629009,20.));
#5947=CARTESIAN_POINT('',(4.98077177757817,5.40503584629009,20.));
#5948=CARTESIAN_POINT('',(4.98077177757817,5.40503584629009,20.));
#5949=CARTESIAN_POINT('',(1.91759448084514,3.78668299738123,20.));
#5950=CARTESIAN_POINT('Origin',(0.,0.,20.));
#5951=CARTESIAN_POINT('Origin',(0.,0.,20.));
#5952=CARTESIAN_POINT('Origin',(6.67005077112897,3.08754315120646,20.));
#5953=CARTESIAN_POINT('',(6.67005077112897,3.08754315120646,20.));
#5954=CARTESIAN_POINT('',(6.67005077112897,3.08754315120646,20.));
#5955=CARTESIAN_POINT('',(3.22072713922581,2.76460727957484,20.));
#5956=CARTESIAN_POINT('Origin',(0.,0.,20.));
#5957=CARTESIAN_POINT('Origin',(0.,0.,20.));
#5958=CARTESIAN_POINT('Origin',(7.34387499893619,0.299999999999998,20.));
#5959=CARTESIAN_POINT('',(7.34387499893619,0.299999999999998,20.));
#5960=CARTESIAN_POINT('',(7.34387499893619,0.299999999999998,20.));
#5961=CARTESIAN_POINT('',(4.03353328662357,1.32164516468057,20.));
#5962=CARTESIAN_POINT('Origin',(0.,0.,20.));
#5963=CARTESIAN_POINT('',(7.35,9.00115397373305E-16,20.));
#5964=CARTESIAN_POINT('Origin',(0.,0.,20.));
#5965=CARTESIAN_POINT('Origin',(0.,0.,20.));
#5966=CARTESIAN_POINT('Origin',(6.89966083054802,-2.53321543169969,20.));
#5967=CARTESIAN_POINT('',(6.89966083054802,-2.53321543169969,20.));
#5968=CARTESIAN_POINT('',(6.89966083054802,-2.53321543169969,20.));
#5969=CARTESIAN_POINT('',(4.23227055520318,-0.32252544579306,20.));
#5970=CARTESIAN_POINT('Origin',(0.,0.,20.));
#5971=CARTESIAN_POINT('Origin',(0.,0.,20.));
#5972=CARTESIAN_POINT('Origin',(5.40503584629009,-4.98077177757816,20.));
#5973=CARTESIAN_POINT('',(5.40503584629009,-4.98077177757816,20.));
#5974=CARTESIAN_POINT('',(5.40503584629009,-4.98077177757816,20.));
#5975=CARTESIAN_POINT('',(3.78668299738123,-1.91759448084514,20.));
#5976=CARTESIAN_POINT('Origin',(0.,0.,20.));
#5977=CARTESIAN_POINT('Origin',(0.,0.,20.));
#5978=CARTESIAN_POINT('Origin',(3.08754315120646,-6.67005077112897,20.));
#5979=CARTESIAN_POINT('',(3.08754315120646,-6.67005077112897,20.));
#5980=CARTESIAN_POINT('',(3.08754315120646,-6.67005077112897,20.));
#5981=CARTESIAN_POINT('',(2.76460727957484,-3.22072713922581,20.));
#5982=CARTESIAN_POINT('Origin',(0.,0.,20.));
#5983=CARTESIAN_POINT('Origin',(0.,0.,20.));
#5984=CARTESIAN_POINT('Origin',(0.299999999999999,-7.34387499893619,20.));
#5985=CARTESIAN_POINT('',(0.3,-7.34387499893619,20.));
#5986=CARTESIAN_POINT('',(0.3,-7.34387499893619,20.));
#5987=CARTESIAN_POINT('',(1.32164516468057,-4.03353328662357,20.));
#5988=CARTESIAN_POINT('Origin',(0.,0.,20.));
#5989=CARTESIAN_POINT('Origin',(0.,0.,20.));
#5990=CARTESIAN_POINT('Origin',(-2.53321543169968,-6.89966083054802,20.));
#5991=CARTESIAN_POINT('',(-0.322525445793059,-4.23227055520318,20.));
#5992=CARTESIAN_POINT('Origin',(-4.98077177757816,-5.40503584629009,20.));
#5993=CARTESIAN_POINT('',(-1.91759448084514,-3.78668299738123,20.));
#5994=CARTESIAN_POINT('Origin',(-6.67005077112896,-3.08754315120646,20.));
#5995=CARTESIAN_POINT('',(-3.22072713922581,-2.76460727957484,20.));
#5996=CARTESIAN_POINT('Origin',(-7.34387499893619,-0.300000000000002,20.));
#5997=CARTESIAN_POINT('',(-4.03353328662357,-1.32164516468057,20.));
#5998=CARTESIAN_POINT('Origin',(-6.89966083054802,2.53321543169968,20.));
#5999=CARTESIAN_POINT('',(-4.23227055520318,0.322525445793059,20.));
#6000=CARTESIAN_POINT('Origin',(-5.40503584629009,4.98077177757816,20.));
#6001=CARTESIAN_POINT('',(-3.78668299738123,1.91759448084514,20.));
#6002=CARTESIAN_POINT('Origin',(-3.08754315120646,6.67005077112896,20.));
#6003=CARTESIAN_POINT('',(-2.76460727957484,3.22072713922581,20.));
#6004=CARTESIAN_POINT('Origin',(-0.3,7.34387499893619,20.));
#6005=CARTESIAN_POINT('',(-1.32164516468057,4.03353328662357,20.));
#6006=CARTESIAN_POINT('Origin',(0.,0.,25.9));
#6007=CARTESIAN_POINT('Origin',(0.,0.,20.));
#6008=CARTESIAN_POINT('Origin',(0.,0.,20.));
#6009=CARTESIAN_POINT('Origin',(0.,0.,20.));
#6010=CARTESIAN_POINT('Origin',(0.,0.,20.));
#6011=CARTESIAN_POINT('Origin',(0.,0.,20.));
#6012=CARTESIAN_POINT('Origin',(0.,0.,20.));
#6013=CARTESIAN_POINT('Origin',(0.,0.,20.));
#6014=CARTESIAN_POINT('Origin',(0.,0.,20.));
#6015=CARTESIAN_POINT('Origin',(0.,0.,20.));
#6016=CARTESIAN_POINT('Origin',(0.,0.,20.));
#6017=CARTESIAN_POINT('Origin',(0.,0.,20.));
#6018=CARTESIAN_POINT('Origin',(0.,0.,20.));
#6019=CARTESIAN_POINT('Origin',(0.,0.,20.));
#6020=CARTESIAN_POINT('Origin',(0.,0.,20.));
#6021=CARTESIAN_POINT('Origin',(0.,0.,20.));
#6022=CARTESIAN_POINT('Origin',(0.,0.,20.));
#6023=CARTESIAN_POINT('Origin',(0.,0.,20.));
#6024=CARTESIAN_POINT('Origin',(0.,0.,20.));
#6025=CARTESIAN_POINT('Origin',(0.,0.,20.));
#6026=CARTESIAN_POINT('Origin',(0.,0.,20.));
#6027=CARTESIAN_POINT('Origin',(0.,0.,20.));
#6028=CARTESIAN_POINT('Origin',(0.,0.,20.));
#6029=CARTESIAN_POINT('Origin',(0.,0.,20.));
#6030=CARTESIAN_POINT('Origin',(0.,0.,20.));
#6031=CARTESIAN_POINT('Origin',(0.,0.,20.));
#6032=CARTESIAN_POINT('Origin',(0.,0.,20.));
#6033=CARTESIAN_POINT('Origin',(0.,0.,20.));
#6034=CARTESIAN_POINT('Origin',(0.,0.,20.));
#6035=CARTESIAN_POINT('Origin',(0.,0.,20.));
#6036=CARTESIAN_POINT('Origin',(0.,0.,20.));
#6037=CARTESIAN_POINT('Origin',(0.,0.,20.));
#6038=CARTESIAN_POINT('Origin',(0.,0.,20.));
#6039=CARTESIAN_POINT('Origin',(0.,0.,19.7));
#6040=CARTESIAN_POINT('',(7.65,9.36854801347725E-16,19.7));
#6041=UNCERTAINTY_MEASURE_WITH_UNIT(LENGTH_MEASURE(0.01),#6045,
'DISTANCE_ACCURACY_VALUE',
'Maximum model space distance between geometric entities at asserted c
onnectivities');
#6042=UNCERTAINTY_MEASURE_WITH_UNIT(LENGTH_MEASURE(0.01),#6045,
'DISTANCE_ACCURACY_VALUE',
'Maximum model space distance between geometric entities at asserted c
onnectivities');
#6043=(
GEOMETRIC_REPRESENTATION_CONTEXT(3)
GLOBAL_UNCERTAINTY_ASSIGNED_CONTEXT((#6041))
GLOBAL_UNIT_ASSIGNED_CONTEXT((#6045,#6047,#6048))
REPRESENTATION_CONTEXT('','3D')
);
#6044=(
GEOMETRIC_REPRESENTATION_CONTEXT(3)
GLOBAL_UNCERTAINTY_ASSIGNED_CONTEXT((#6042))
GLOBAL_UNIT_ASSIGNED_CONTEXT((#6045,#6047,#6048))
REPRESENTATION_CONTEXT('','3D')
);
#6045=(
LENGTH_UNIT()
NAMED_UNIT(*)
SI_UNIT(.MILLI.,.METRE.)
);
#6046=(
LENGTH_UNIT()
NAMED_UNIT(*)
SI_UNIT($,.METRE.)
);
#6047=(
NAMED_UNIT(*)
PLANE_ANGLE_UNIT()
SI_UNIT($,.RADIAN.)
);
#6048=(
NAMED_UNIT(*)
SI_UNIT($,.STERADIAN.)
SOLID_ANGLE_UNIT()
);
#6049=SHAPE_DEFINITION_REPRESENTATION(#6050,#6051);
#6050=PRODUCT_DEFINITION_SHAPE('',$,#6053);
#6051=SHAPE_REPRESENTATION('',(#3395),#6043);
#6052=PRODUCT_DEFINITION_CONTEXT('part definition',#6057,'design');
#6053=PRODUCT_DEFINITION('16 Teeth Bit Template',
'16 Teeth Bit Template v2',#6054,#6052);
#6054=PRODUCT_DEFINITION_FORMATION('',$,#6059);
#6055=PRODUCT_RELATED_PRODUCT_CATEGORY('16 Teeth Bit Template v2',
'16 Teeth Bit Template v2',(#6059));
#6056=APPLICATION_PROTOCOL_DEFINITION('international standard',
'automotive_design',2009,#6057);
#6057=APPLICATION_CONTEXT(
'Core Data for Automotive Mechanical Design Process');
#6058=PRODUCT_CONTEXT('part definition',#6057,'mechanical');
#6059=PRODUCT('16 Teeth Bit Template','16 Teeth Bit Template v2',$,(#6058));
#6060=PRESENTATION_STYLE_ASSIGNMENT((#6062));
#6061=PRESENTATION_STYLE_ASSIGNMENT((#6063));
#6062=SURFACE_STYLE_USAGE(.BOTH.,#6064);
#6063=SURFACE_STYLE_USAGE(.BOTH.,#6065);
#6064=SURFACE_SIDE_STYLE('',(#6066));
#6065=SURFACE_SIDE_STYLE('',(#6067));
#6066=SURFACE_STYLE_FILL_AREA(#6068);
#6067=SURFACE_STYLE_FILL_AREA(#6069);
#6068=FILL_AREA_STYLE('Steel - Satin',(#6070));
#6069=FILL_AREA_STYLE('Nylon 6-6 (White)',(#6071));
#6070=FILL_AREA_STYLE_COLOUR('Steel - Satin',#6072);
#6071=FILL_AREA_STYLE_COLOUR('Nylon 6-6 (White)',#6073);
#6072=COLOUR_RGB('Steel - Satin',0.627450980392157,0.627450980392157,0.627450980392157);
#6073=COLOUR_RGB('Nylon 6-6 (White)',0.972549019607843,0.968627450980392,
0.929411764705882);
ENDSEC;
END-ISO-10303-21;
