ISO-10303-21;
HEADER;
/* Generated by software containing ST-Developer
 * from STEP Tools, Inc. (www.steptools.com) 
 */

FILE_DESCRIPTION(
/* description */ (''),
/* implementation_level */ '2;1');

FILE_NAME(
/* name */ 'Bit (Free).step',
/* time_stamp */ '2026-09-29T13:24:03-04:00',
/* author */ (''),
/* organization */ (''),
/* preprocessor_version */ 'ST-DEVELOPER v20.2',
/* originating_system */ 'Autodesk Translation Framework v15.15.0.0',
/* authorisation */ '');

FILE_SCHEMA (('AUTOMOTIVE_DESIGN { 1 0 10303 214 3 1 1 }'));
ENDSEC;

DATA;
#10=MECHANICAL_DESIGN_GEOMETRIC_PRESENTATION_REPRESENTATION('',(#159,#160),
#8113);
#11=SHAPE_REPRESENTATION_RELATIONSHIP('SRR','None',#8120,#12);
#12=ADVANCED_BREP_SHAPE_REPRESENTATION('',(#161,#162),#8112);
#13=(
BOUNDED_CURVE()
B_SPLINE_CURVE(2,(#7072,#7073,#7074),.UNSPECIFIED.,.F.,.F.)
B_SPLINE_CURVE_WITH_KNOTS((3,3),(0.11642700354158,0.209026500305141),
 .UNSPECIFIED.)
CURVE()
GEOMETRIC_REPRESENTATION_ITEM()
RATIONAL_B_SPLINE_CURVE((1.02446180291601,1.0308001946505,1.03174714148989))
REPRESENTATION_ITEM('')
);
#14=(
BOUNDED_CURVE()
B_SPLINE_CURVE(2,(#7085,#7086,#7087),.UNSPECIFIED.,.F.,.F.)
B_SPLINE_CURVE_WITH_KNOTS((3,3),(0.241554626807451,0.334154123573727),
 .UNSPECIFIED.)
CURVE()
GEOMETRIC_REPRESENTATION_ITEM()
RATIONAL_B_SPLINE_CURVE((1.03174714148987,1.03080019465045,1.02446180291563))
REPRESENTATION_ITEM('')
);
#15=(
BOUNDED_CURVE()
B_SPLINE_CURVE(2,(#7120,#7121,#7122),.UNSPECIFIED.,.F.,.F.)
B_SPLINE_CURVE_WITH_KNOTS((3,3),(0.116427003541583,0.209026500305142),
 .UNSPECIFIED.)
CURVE()
GEOMETRIC_REPRESENTATION_ITEM()
RATIONAL_B_SPLINE_CURVE((1.02446180291599,1.03080019465048,1.03174714148986))
REPRESENTATION_ITEM('')
);
#16=(
BOUNDED_CURVE()
B_SPLINE_CURVE(2,(#7130,#7131,#7132),.UNSPECIFIED.,.F.,.F.)
B_SPLINE_CURVE_WITH_KNOTS((3,3),(0.241554626807452,0.334154123573728),
 .UNSPECIFIED.)
CURVE()
GEOMETRIC_REPRESENTATION_ITEM()
RATIONAL_B_SPLINE_CURVE((1.03174714148987,1.03080019465046,1.02446180291563))
REPRESENTATION_ITEM('')
);
#17=(
BOUNDED_CURVE()
B_SPLINE_CURVE(2,(#7165,#7166,#7167),.UNSPECIFIED.,.F.,.F.)
B_SPLINE_CURVE_WITH_KNOTS((3,3),(0.116427003541584,0.209026500305141),
 .UNSPECIFIED.)
CURVE()
GEOMETRIC_REPRESENTATION_ITEM()
RATIONAL_B_SPLINE_CURVE((1.02446180291598,1.03080019465046,1.03174714148985))
REPRESENTATION_ITEM('')
);
#18=(
BOUNDED_CURVE()
B_SPLINE_CURVE(2,(#7175,#7176,#7177),.UNSPECIFIED.,.F.,.F.)
B_SPLINE_CURVE_WITH_KNOTS((3,3),(0.241554626807454,0.334154123573731),
 .UNSPECIFIED.)
CURVE()
GEOMETRIC_REPRESENTATION_ITEM()
RATIONAL_B_SPLINE_CURVE((1.03174714148989,1.03080019465047,1.02446180291564))
REPRESENTATION_ITEM('')
);
#19=(
BOUNDED_CURVE()
B_SPLINE_CURVE(2,(#7210,#7211,#7212),.UNSPECIFIED.,.F.,.F.)
B_SPLINE_CURVE_WITH_KNOTS((3,3),(0.116427003541582,0.20902650030514),
 .UNSPECIFIED.)
CURVE()
GEOMETRIC_REPRESENTATION_ITEM()
RATIONAL_B_SPLINE_CURVE((1.024461802916,1.03080019465048,1.03174714148987))
REPRESENTATION_ITEM('')
);
#20=(
BOUNDED_CURVE()
B_SPLINE_CURVE(2,(#7220,#7221,#7222),.UNSPECIFIED.,.F.,.F.)
B_SPLINE_CURVE_WITH_KNOTS((3,3),(0.241554626807453,0.33415412357373),
 .UNSPECIFIED.)
CURVE()
GEOMETRIC_REPRESENTATION_ITEM()
RATIONAL_B_SPLINE_CURVE((1.03174714148988,1.03080019465047,1.02446180291564))
REPRESENTATION_ITEM('')
);
#21=(
BOUNDED_CURVE()
B_SPLINE_CURVE(2,(#7255,#7256,#7257),.UNSPECIFIED.,.F.,.F.)
B_SPLINE_CURVE_WITH_KNOTS((3,3),(0.116427003541583,0.209026500305142),
 .UNSPECIFIED.)
CURVE()
GEOMETRIC_REPRESENTATION_ITEM()
RATIONAL_B_SPLINE_CURVE((1.024461802916,1.03080019465048,1.03174714148986))
REPRESENTATION_ITEM('')
);
#22=(
BOUNDED_CURVE()
B_SPLINE_CURVE(2,(#7265,#7266,#7267),.UNSPECIFIED.,.F.,.F.)
B_SPLINE_CURVE_WITH_KNOTS((3,3),(0.241554626807453,0.334154123573728),
 .UNSPECIFIED.)
CURVE()
GEOMETRIC_REPRESENTATION_ITEM()
RATIONAL_B_SPLINE_CURVE((1.03174714148986,1.03080019465045,1.02446180291562))
REPRESENTATION_ITEM('')
);
#23=(
BOUNDED_CURVE()
B_SPLINE_CURVE(2,(#7300,#7301,#7302),.UNSPECIFIED.,.F.,.F.)
B_SPLINE_CURVE_WITH_KNOTS((3,3),(0.116427003541582,0.209026500305141),
 .UNSPECIFIED.)
CURVE()
GEOMETRIC_REPRESENTATION_ITEM()
RATIONAL_B_SPLINE_CURVE((1.024461802916,1.03080019465048,1.03174714148987))
REPRESENTATION_ITEM('')
);
#24=(
BOUNDED_CURVE()
B_SPLINE_CURVE(2,(#7310,#7311,#7312),.UNSPECIFIED.,.F.,.F.)
B_SPLINE_CURVE_WITH_KNOTS((3,3),(0.241554626807453,0.334154123573729),
 .UNSPECIFIED.)
CURVE()
GEOMETRIC_REPRESENTATION_ITEM()
RATIONAL_B_SPLINE_CURVE((1.03174714148987,1.03080019465046,1.02446180291563))
REPRESENTATION_ITEM('')
);
#25=(
BOUNDED_CURVE()
B_SPLINE_CURVE(2,(#7584,#7585,#7586),.UNSPECIFIED.,.F.,.F.)
B_SPLINE_CURVE_WITH_KNOTS((3,3),(0.116427003541581,0.209026500305141),
 .UNSPECIFIED.)
CURVE()
GEOMETRIC_REPRESENTATION_ITEM()
RATIONAL_B_SPLINE_CURVE((1.024461802916,1.03080019465049,1.03174714148988))
REPRESENTATION_ITEM('')
);
#26=(
BOUNDED_CURVE()
B_SPLINE_CURVE(2,(#7589,#7590,#7591),.UNSPECIFIED.,.F.,.F.)
B_SPLINE_CURVE_WITH_KNOTS((3,3),(0.241554626807451,0.334154123573728),
 .UNSPECIFIED.)
CURVE()
GEOMETRIC_REPRESENTATION_ITEM()
RATIONAL_B_SPLINE_CURVE((1.03174714148988,1.03080019465046,1.02446180291563))
REPRESENTATION_ITEM('')
);
#27=(
BOUNDED_CURVE()
B_SPLINE_CURVE(2,(#7593,#7594,#7595),.UNSPECIFIED.,.F.,.F.)
B_SPLINE_CURVE_WITH_KNOTS((3,3),(0.116427003541581,0.209026500305139),
 .UNSPECIFIED.)
CURVE()
GEOMETRIC_REPRESENTATION_ITEM()
RATIONAL_B_SPLINE_CURVE((1.024461802916,1.03080019465048,1.03174714148987))
REPRESENTATION_ITEM('')
);
#28=(
BOUNDED_CURVE()
B_SPLINE_CURVE(2,(#7599,#7600,#7601),.UNSPECIFIED.,.F.,.F.)
B_SPLINE_CURVE_WITH_KNOTS((3,3),(0.241554626807453,0.334154123573729),
 .UNSPECIFIED.)
CURVE()
GEOMETRIC_REPRESENTATION_ITEM()
RATIONAL_B_SPLINE_CURVE((1.03174714148988,1.03080019465046,1.02446180291563))
REPRESENTATION_ITEM('')
);
#29=(
BOUNDED_CURVE()
B_SPLINE_CURVE(2,(#7604,#7605,#7606),.UNSPECIFIED.,.F.,.F.)
B_SPLINE_CURVE_WITH_KNOTS((3,3),(0.11642700354158,0.209026500305139),
 .UNSPECIFIED.)
CURVE()
GEOMETRIC_REPRESENTATION_ITEM()
RATIONAL_B_SPLINE_CURVE((1.02446180291601,1.03080019465049,1.03174714148988))
REPRESENTATION_ITEM('')
);
#30=(
BOUNDED_CURVE()
B_SPLINE_CURVE(2,(#7610,#7611,#7612),.UNSPECIFIED.,.F.,.F.)
B_SPLINE_CURVE_WITH_KNOTS((3,3),(0.241554626807454,0.334154123573731),
 .UNSPECIFIED.)
CURVE()
GEOMETRIC_REPRESENTATION_ITEM()
RATIONAL_B_SPLINE_CURVE((1.03174714148989,1.03080019465047,1.02446180291564))
REPRESENTATION_ITEM('')
);
#31=(
BOUNDED_CURVE()
B_SPLINE_CURVE(2,(#7615,#7616,#7617),.UNSPECIFIED.,.F.,.F.)
B_SPLINE_CURVE_WITH_KNOTS((3,3),(0.11642700354158,0.20902650030514),
 .UNSPECIFIED.)
CURVE()
GEOMETRIC_REPRESENTATION_ITEM()
RATIONAL_B_SPLINE_CURVE((1.02446180291601,1.0308001946505,1.03174714148989))
REPRESENTATION_ITEM('')
);
#32=(
BOUNDED_CURVE()
B_SPLINE_CURVE(2,(#7621,#7622,#7623),.UNSPECIFIED.,.F.,.F.)
B_SPLINE_CURVE_WITH_KNOTS((3,3),(0.241554626807453,0.334154123573728),
 .UNSPECIFIED.)
CURVE()
GEOMETRIC_REPRESENTATION_ITEM()
RATIONAL_B_SPLINE_CURVE((1.03174714148986,1.03080019465045,1.02446180291562))
REPRESENTATION_ITEM('')
);
#33=(
BOUNDED_CURVE()
B_SPLINE_CURVE(2,(#7626,#7627,#7628),.UNSPECIFIED.,.F.,.F.)
B_SPLINE_CURVE_WITH_KNOTS((3,3),(0.116427003541581,0.209026500305139),
 .UNSPECIFIED.)
CURVE()
GEOMETRIC_REPRESENTATION_ITEM()
RATIONAL_B_SPLINE_CURVE((1.024461802916,1.03080019465048,1.03174714148987))
REPRESENTATION_ITEM('')
);
#34=(
BOUNDED_CURVE()
B_SPLINE_CURVE(2,(#7632,#7633,#7634),.UNSPECIFIED.,.F.,.F.)
B_SPLINE_CURVE_WITH_KNOTS((3,3),(0.241554626807453,0.334154123573729),
 .UNSPECIFIED.)
CURVE()
GEOMETRIC_REPRESENTATION_ITEM()
RATIONAL_B_SPLINE_CURVE((1.03174714148988,1.03080019465046,1.02446180291563))
REPRESENTATION_ITEM('')
);
#35=(
BOUNDED_CURVE()
B_SPLINE_CURVE(2,(#7637,#7638,#7639),.UNSPECIFIED.,.F.,.F.)
B_SPLINE_CURVE_WITH_KNOTS((3,3),(0.11642700354158,0.209026500305139),
 .UNSPECIFIED.)
CURVE()
GEOMETRIC_REPRESENTATION_ITEM()
RATIONAL_B_SPLINE_CURVE((1.02446180291601,1.03080019465049,1.03174714148988))
REPRESENTATION_ITEM('')
);
#36=(
BOUNDED_CURVE()
B_SPLINE_CURVE(2,(#7643,#7644,#7645),.UNSPECIFIED.,.F.,.F.)
B_SPLINE_CURVE_WITH_KNOTS((3,3),(0.241554626807452,0.334154123573728),
 .UNSPECIFIED.)
CURVE()
GEOMETRIC_REPRESENTATION_ITEM()
RATIONAL_B_SPLINE_CURVE((1.03174714148987,1.03080019465046,1.02446180291563))
REPRESENTATION_ITEM('')
);
#37=(
BOUNDED_CURVE()
B_SPLINE_CURVE(2,(#7820,#7821,#7822),.UNSPECIFIED.,.F.,.F.)
B_SPLINE_CURVE_WITH_KNOTS((3,3),(-0.252952301097169,-0.251074349755955),
 .UNSPECIFIED.)
CURVE()
GEOMETRIC_REPRESENTATION_ITEM()
RATIONAL_B_SPLINE_CURVE((1.04896870799263,1.04889583686907,1.04882134871072))
REPRESENTATION_ITEM('')
);
#38=(
BOUNDED_CURVE()
B_SPLINE_CURVE(2,(#7825,#7826,#7827),.UNSPECIFIED.,.F.,.F.)
B_SPLINE_CURVE_WITH_KNOTS((3,3),(-0.42408873072231,-0.422210779381096),
 .UNSPECIFIED.)
CURVE()
GEOMETRIC_REPRESENTATION_ITEM()
RATIONAL_B_SPLINE_CURVE((1.04882134871072,1.04889583686907,1.04896870799262))
REPRESENTATION_ITEM('')
);
#39=(
BOUNDED_CURVE()
B_SPLINE_CURVE(2,(#7833,#7834,#7835),.UNSPECIFIED.,.F.,.F.)
B_SPLINE_CURVE_WITH_KNOTS((3,3),(0.367293636090423,0.369166385821575),
 .UNSPECIFIED.)
CURVE()
GEOMETRIC_REPRESENTATION_ITEM()
RATIONAL_B_SPLINE_CURVE((1.0755833700942,1.0756503671317,1.07571608239201))
REPRESENTATION_ITEM('')
);
#40=(
BOUNDED_CURVE()
B_SPLINE_CURVE(2,(#7837,#7838,#7839),.UNSPECIFIED.,.F.,.F.)
B_SPLINE_CURVE_WITH_KNOTS((3,3),(0.561193887391594,0.563066637122747),
 .UNSPECIFIED.)
CURVE()
GEOMETRIC_REPRESENTATION_ITEM()
RATIONAL_B_SPLINE_CURVE((1.07571608239202,1.07565036713171,1.0755833700942))
REPRESENTATION_ITEM('')
);
#41=(
BOUNDED_CURVE()
B_SPLINE_CURVE(2,(#7844,#7845,#7846),.UNSPECIFIED.,.F.,.F.)
B_SPLINE_CURVE_WITH_KNOTS((3,3),(0.,0.0679188272028739),.UNSPECIFIED.)
CURVE()
GEOMETRIC_REPRESENTATION_ITEM()
RATIONAL_B_SPLINE_CURVE((1.,1.00105764430412,1.))
REPRESENTATION_ITEM('')
);
#42=(
BOUNDED_CURVE()
B_SPLINE_CURVE(2,(#7852,#7853,#7854),.UNSPECIFIED.,.F.,.F.)
B_SPLINE_CURVE_WITH_KNOTS((3,3),(0.,0.0679188272028736),.UNSPECIFIED.)
CURVE()
GEOMETRIC_REPRESENTATION_ITEM()
RATIONAL_B_SPLINE_CURVE((1.,1.00105764430574,1.))
REPRESENTATION_ITEM('')
);
#43=(
BOUNDED_CURVE()
B_SPLINE_CURVE(2,(#7856,#7857,#7858),.UNSPECIFIED.,.F.,.F.)
B_SPLINE_CURVE_WITH_KNOTS((3,3),(0.561193887391597,0.56306663712275),
 .UNSPECIFIED.)
CURVE()
GEOMETRIC_REPRESENTATION_ITEM()
RATIONAL_B_SPLINE_CURVE((1.07571608239203,1.07565036713172,1.07558337009422))
REPRESENTATION_ITEM('')
);
#44=(
BOUNDED_CURVE()
B_SPLINE_CURVE(2,(#7875,#7876,#7877),.UNSPECIFIED.,.F.,.F.)
B_SPLINE_CURVE_WITH_KNOTS((3,3),(-0.25295230109717,-0.251074349755956),
 .UNSPECIFIED.)
CURVE()
GEOMETRIC_REPRESENTATION_ITEM()
RATIONAL_B_SPLINE_CURVE((1.04896870799262,1.04889583686907,1.04882134871072))
REPRESENTATION_ITEM('')
);
#45=(
BOUNDED_CURVE()
B_SPLINE_CURVE(2,(#7880,#7881,#7882),.UNSPECIFIED.,.F.,.F.)
B_SPLINE_CURVE_WITH_KNOTS((3,3),(-0.424088730722309,-0.422210779381095),
 .UNSPECIFIED.)
CURVE()
GEOMETRIC_REPRESENTATION_ITEM()
RATIONAL_B_SPLINE_CURVE((1.04882134871071,1.04889583686906,1.04896870799261))
REPRESENTATION_ITEM('')
);
#46=(
BOUNDED_CURVE()
B_SPLINE_CURVE(2,(#7886,#7887,#7888),.UNSPECIFIED.,.F.,.F.)
B_SPLINE_CURVE_WITH_KNOTS((3,3),(0.367293636090421,0.369166385821573),
 .UNSPECIFIED.)
CURVE()
GEOMETRIC_REPRESENTATION_ITEM()
RATIONAL_B_SPLINE_CURVE((1.0755833700942,1.07565036713171,1.07571608239202))
REPRESENTATION_ITEM('')
);
#47=(
BOUNDED_CURVE()
B_SPLINE_CURVE(2,(#7890,#7891,#7892),.UNSPECIFIED.,.F.,.F.)
B_SPLINE_CURVE_WITH_KNOTS((3,3),(0.561193887391596,0.563066637122855),
 .UNSPECIFIED.)
CURVE()
GEOMETRIC_REPRESENTATION_ITEM()
RATIONAL_B_SPLINE_CURVE((1.07571608239203,1.07565036713172,1.07558337009421))
REPRESENTATION_ITEM('')
);
#48=(
BOUNDED_CURVE()
B_SPLINE_CURVE(2,(#7897,#7898,#7899),.UNSPECIFIED.,.F.,.F.)
B_SPLINE_CURVE_WITH_KNOTS((3,3),(0.,0.067918827202874),.UNSPECIFIED.)
CURVE()
GEOMETRIC_REPRESENTATION_ITEM()
RATIONAL_B_SPLINE_CURVE((1.,1.00105764430521,1.))
REPRESENTATION_ITEM('')
);
#49=(
BOUNDED_CURVE()
B_SPLINE_CURVE(2,(#7905,#7906,#7907),.UNSPECIFIED.,.F.,.F.)
B_SPLINE_CURVE_WITH_KNOTS((3,3),(0.,0.0679188272028738),.UNSPECIFIED.)
CURVE()
GEOMETRIC_REPRESENTATION_ITEM()
RATIONAL_B_SPLINE_CURVE((1.,1.00105764430406,1.))
REPRESENTATION_ITEM('')
);
#50=(
BOUNDED_CURVE()
B_SPLINE_CURVE(2,(#7915,#7916,#7917),.UNSPECIFIED.,.F.,.F.)
B_SPLINE_CURVE_WITH_KNOTS((3,3),(0.384862723985251,0.386736888245597),
 .UNSPECIFIED.)
CURVE()
GEOMETRIC_REPRESENTATION_ITEM()
RATIONAL_B_SPLINE_CURVE((1.03534020619113,1.03529934975207,1.03525725734086))
REPRESENTATION_ITEM('')
);
#51=(
BOUNDED_CURVE()
B_SPLINE_CURVE(2,(#7934,#7935,#7936),.UNSPECIFIED.,.F.,.F.)
B_SPLINE_CURVE_WITH_KNOTS((3,3),(-0.252952301097171,-0.251074349755957),
 .UNSPECIFIED.)
CURVE()
GEOMETRIC_REPRESENTATION_ITEM()
RATIONAL_B_SPLINE_CURVE((1.04896870799261,1.04889583686905,1.0488213487107))
REPRESENTATION_ITEM('')
);
#52=(
BOUNDED_CURVE()
B_SPLINE_CURVE(2,(#7939,#7940,#7941),.UNSPECIFIED.,.F.,.F.)
B_SPLINE_CURVE_WITH_KNOTS((3,3),(-0.424088730722309,-0.422210779381096),
 .UNSPECIFIED.)
CURVE()
GEOMETRIC_REPRESENTATION_ITEM()
RATIONAL_B_SPLINE_CURVE((1.04882134871072,1.04889583686907,1.04896870799262))
REPRESENTATION_ITEM('')
);
#53=(
BOUNDED_CURVE()
B_SPLINE_CURVE(2,(#7945,#7946,#7947),.UNSPECIFIED.,.F.,.F.)
B_SPLINE_CURVE_WITH_KNOTS((3,3),(0.367293636090422,0.369166385821574),
 .UNSPECIFIED.)
CURVE()
GEOMETRIC_REPRESENTATION_ITEM()
RATIONAL_B_SPLINE_CURVE((1.07558337009421,1.07565036713171,1.07571608239202))
REPRESENTATION_ITEM('')
);
#54=(
BOUNDED_CURVE()
B_SPLINE_CURVE(2,(#7949,#7950,#7951),.UNSPECIFIED.,.F.,.F.)
B_SPLINE_CURVE_WITH_KNOTS((3,3),(0.561193887391581,0.563066637122734),
 .UNSPECIFIED.)
CURVE()
GEOMETRIC_REPRESENTATION_ITEM()
RATIONAL_B_SPLINE_CURVE((1.07571608239196,1.07565036713165,1.07558337009415))
REPRESENTATION_ITEM('')
);
#55=(
BOUNDED_CURVE()
B_SPLINE_CURVE(2,(#7956,#7957,#7958),.UNSPECIFIED.,.F.,.F.)
B_SPLINE_CURVE_WITH_KNOTS((3,3),(0.,0.0679188272028734),.UNSPECIFIED.)
CURVE()
GEOMETRIC_REPRESENTATION_ITEM()
RATIONAL_B_SPLINE_CURVE((1.,1.00105764430444,1.))
REPRESENTATION_ITEM('')
);
#56=(
BOUNDED_CURVE()
B_SPLINE_CURVE(2,(#7964,#7965,#7966),.UNSPECIFIED.,.F.,.F.)
B_SPLINE_CURVE_WITH_KNOTS((3,3),(0.,0.0679188272028735),.UNSPECIFIED.)
CURVE()
GEOMETRIC_REPRESENTATION_ITEM()
RATIONAL_B_SPLINE_CURVE((1.,1.00105764430399,1.))
REPRESENTATION_ITEM('')
);
#57=(
BOUNDED_CURVE()
B_SPLINE_CURVE(2,(#7984,#7985,#7986),.UNSPECIFIED.,.F.,.F.)
B_SPLINE_CURVE_WITH_KNOTS((3,3),(-0.25295230109717,-0.251074349755957),
 .UNSPECIFIED.)
CURVE()
GEOMETRIC_REPRESENTATION_ITEM()
RATIONAL_B_SPLINE_CURVE((1.04896870799262,1.04889583686906,1.04882134871071))
REPRESENTATION_ITEM('')
);
#58=(
BOUNDED_CURVE()
B_SPLINE_CURVE(2,(#7989,#7990,#7991),.UNSPECIFIED.,.F.,.F.)
B_SPLINE_CURVE_WITH_KNOTS((3,3),(-0.424088730722311,-0.422210779381097),
 .UNSPECIFIED.)
CURVE()
GEOMETRIC_REPRESENTATION_ITEM()
RATIONAL_B_SPLINE_CURVE((1.04882134871072,1.04889583686907,1.04896870799263))
REPRESENTATION_ITEM('')
);
#59=(
BOUNDED_CURVE()
B_SPLINE_CURVE(2,(#7995,#7996,#7997),.UNSPECIFIED.,.F.,.F.)
B_SPLINE_CURVE_WITH_KNOTS((3,3),(0.36729363609043,0.369166385821584),
 .UNSPECIFIED.)
CURVE()
GEOMETRIC_REPRESENTATION_ITEM()
RATIONAL_B_SPLINE_CURVE((1.07558337009417,1.07565036713167,1.07571608239198))
REPRESENTATION_ITEM('')
);
#60=(
BOUNDED_CURVE()
B_SPLINE_CURVE(2,(#7999,#8000,#8001),.UNSPECIFIED.,.F.,.F.)
B_SPLINE_CURVE_WITH_KNOTS((3,3),(0.561193887391596,0.563066637122749),
 .UNSPECIFIED.)
CURVE()
GEOMETRIC_REPRESENTATION_ITEM()
RATIONAL_B_SPLINE_CURVE((1.07571608239203,1.07565036713172,1.07558337009421))
REPRESENTATION_ITEM('')
);
#61=(
BOUNDED_CURVE()
B_SPLINE_CURVE(2,(#8006,#8007,#8008),.UNSPECIFIED.,.F.,.F.)
B_SPLINE_CURVE_WITH_KNOTS((3,3),(0.,0.0679188272028737),.UNSPECIFIED.)
CURVE()
GEOMETRIC_REPRESENTATION_ITEM()
RATIONAL_B_SPLINE_CURVE((1.,1.00105764430395,1.))
REPRESENTATION_ITEM('')
);
#62=(
BOUNDED_CURVE()
B_SPLINE_CURVE(2,(#8014,#8015,#8016),.UNSPECIFIED.,.F.,.F.)
B_SPLINE_CURVE_WITH_KNOTS((3,3),(0.,0.067918827202874),.UNSPECIFIED.)
CURVE()
GEOMETRIC_REPRESENTATION_ITEM()
RATIONAL_B_SPLINE_CURVE((1.,1.00105764430622,1.))
REPRESENTATION_ITEM('')
);
#63=(
BOUNDED_CURVE()
B_SPLINE_CURVE(2,(#8034,#8035,#8036),.UNSPECIFIED.,.F.,.F.)
B_SPLINE_CURVE_WITH_KNOTS((3,3),(-0.25295230109717,-0.251074349755957),
 .UNSPECIFIED.)
CURVE()
GEOMETRIC_REPRESENTATION_ITEM()
RATIONAL_B_SPLINE_CURVE((1.04896870799262,1.04889583686907,1.04882134871072))
REPRESENTATION_ITEM('')
);
#64=(
BOUNDED_CURVE()
B_SPLINE_CURVE(2,(#8039,#8040,#8041),.UNSPECIFIED.,.F.,.F.)
B_SPLINE_CURVE_WITH_KNOTS((3,3),(-0.424088730722311,-0.422210779381098),
 .UNSPECIFIED.)
CURVE()
GEOMETRIC_REPRESENTATION_ITEM()
RATIONAL_B_SPLINE_CURVE((1.04882134871072,1.04889583686907,1.04896870799262))
REPRESENTATION_ITEM('')
);
#65=(
BOUNDED_CURVE()
B_SPLINE_CURVE(2,(#8045,#8046,#8047),.UNSPECIFIED.,.F.,.F.)
B_SPLINE_CURVE_WITH_KNOTS((3,3),(0.36729363609042,0.369166385821572),
 .UNSPECIFIED.)
CURVE()
GEOMETRIC_REPRESENTATION_ITEM()
RATIONAL_B_SPLINE_CURVE((1.07558337009421,1.07565036713171,1.07571608239202))
REPRESENTATION_ITEM('')
);
#66=(
BOUNDED_CURVE()
B_SPLINE_CURVE(2,(#8049,#8050,#8051),.UNSPECIFIED.,.F.,.F.)
B_SPLINE_CURVE_WITH_KNOTS((3,3),(0.259083375931448,0.260957540191794),
 .UNSPECIFIED.)
CURVE()
GEOMETRIC_REPRESENTATION_ITEM()
RATIONAL_B_SPLINE_CURVE((1.03525725734087,1.03529934975207,1.03534020619114))
REPRESENTATION_ITEM('')
);
#67=(
BOUNDED_CURVE()
B_SPLINE_CURVE(2,(#8059,#8060,#8061),.UNSPECIFIED.,.F.,.F.)
B_SPLINE_CURVE_WITH_KNOTS((3,3),(0.,0.0679188272028738),.UNSPECIFIED.)
CURVE()
GEOMETRIC_REPRESENTATION_ITEM()
RATIONAL_B_SPLINE_CURVE((1.,1.00105764430465,1.))
REPRESENTATION_ITEM('')
);
#68=(
BOUNDED_CURVE()
B_SPLINE_CURVE(2,(#8067,#8068,#8069),.UNSPECIFIED.,.F.,.F.)
B_SPLINE_CURVE_WITH_KNOTS((3,3),(0.,0.0679188272028739),.UNSPECIFIED.)
CURVE()
GEOMETRIC_REPRESENTATION_ITEM()
RATIONAL_B_SPLINE_CURVE((1.,1.00105764430406,1.))
REPRESENTATION_ITEM('')
);
#69=(
BOUNDED_CURVE()
B_SPLINE_CURVE(2,(#8085,#8086,#8087),.UNSPECIFIED.,.F.,.F.)
B_SPLINE_CURVE_WITH_KNOTS((3,3),(-0.252952301097169,-0.251074349755955),
 .UNSPECIFIED.)
CURVE()
GEOMETRIC_REPRESENTATION_ITEM()
RATIONAL_B_SPLINE_CURVE((1.04896870799263,1.04889583686907,1.04882134871072))
REPRESENTATION_ITEM('')
);
#70=(
BOUNDED_CURVE()
B_SPLINE_CURVE(2,(#8090,#8091,#8092),.UNSPECIFIED.,.F.,.F.)
B_SPLINE_CURVE_WITH_KNOTS((3,3),(-0.424088730722311,-0.422210779381097),
 .UNSPECIFIED.)
CURVE()
GEOMETRIC_REPRESENTATION_ITEM()
RATIONAL_B_SPLINE_CURVE((1.04882134871072,1.04889583686907,1.04896870799263))
REPRESENTATION_ITEM('')
);
#71=(
BOUNDED_CURVE()
B_SPLINE_CURVE(2,(#8102,#8103,#8104),.UNSPECIFIED.,.F.,.F.)
B_SPLINE_CURVE_WITH_KNOTS((3,3),(0.,0.0679188272028737),.UNSPECIFIED.)
CURVE()
GEOMETRIC_REPRESENTATION_ITEM()
RATIONAL_B_SPLINE_CURVE((1.,1.00105764430459,1.))
REPRESENTATION_ITEM('')
);
#72=(
BOUNDED_CURVE()
B_SPLINE_CURVE(2,(#8106,#8107,#8108),.UNSPECIFIED.,.F.,.F.)
B_SPLINE_CURVE_WITH_KNOTS((3,3),(0.,0.0679188272028737),.UNSPECIFIED.)
CURVE()
GEOMETRIC_REPRESENTATION_ITEM()
RATIONAL_B_SPLINE_CURVE((1.,1.00105764430481,1.))
REPRESENTATION_ITEM('')
);
#73=(
BOUNDED_SURFACE()
B_SPLINE_SURFACE(2,2,((#6344,#6345,#6346,#6347,#6348),(#6349,#6350,#6351,
#6352,#6353),(#6354,#6355,#6356,#6357,#6358)),.UNSPECIFIED.,.F.,.F.,.F.)
B_SPLINE_SURFACE_WITH_KNOTS((3,3),(3,2,3),(-1.5707963267949,0.),(-1.45383268443809,
0.,1.45383268443809),.UNSPECIFIED.)
GEOMETRIC_REPRESENTATION_ITEM()
RATIONAL_B_SPLINE_SURFACE(((1.,0.747227253916193,1.,0.747227253916193,1.),
(0.707106781186546,0.528369458331541,0.707106781186546,0.528369458331541,
0.707106781186546),(1.,0.747227253916193,1.,0.747227253916193,1.)))
REPRESENTATION_ITEM('')
SURFACE()
);
#74=(
BOUNDED_SURFACE()
B_SPLINE_SURFACE(2,2,((#6408,#6409,#6410,#6411,#6412),(#6413,#6414,#6415,
#6416,#6417),(#6418,#6419,#6420,#6421,#6422)),.UNSPECIFIED.,.F.,.F.,.F.)
B_SPLINE_SURFACE_WITH_KNOTS((3,3),(3,2,3),(-1.5707963267949,0.),(-1.45383268443809,
0.,1.45383268443809),.UNSPECIFIED.)
GEOMETRIC_REPRESENTATION_ITEM()
RATIONAL_B_SPLINE_SURFACE(((1.,0.747227253916194,1.,0.747227253916194,1.),
(0.707106781186552,0.528369458331546,0.707106781186552,0.528369458331546,
0.707106781186552),(1.,0.747227253916194,1.,0.747227253916194,1.)))
REPRESENTATION_ITEM('')
SURFACE()
);
#75=(
BOUNDED_SURFACE()
B_SPLINE_SURFACE(2,2,((#6472,#6473,#6474,#6475,#6476),(#6477,#6478,#6479,
#6480,#6481),(#6482,#6483,#6484,#6485,#6486)),.UNSPECIFIED.,.F.,.F.,.F.)
B_SPLINE_SURFACE_WITH_KNOTS((3,3),(3,2,3),(-1.5707963267949,0.),(-1.45383268443809,
0.,1.45383268443809),.UNSPECIFIED.)
GEOMETRIC_REPRESENTATION_ITEM()
RATIONAL_B_SPLINE_SURFACE(((1.,0.747227253916193,1.,0.747227253916193,1.),
(0.707106781186548,0.528369458331543,0.707106781186548,0.528369458331543,
0.707106781186548),(1.,0.747227253916193,1.,0.747227253916193,1.)))
REPRESENTATION_ITEM('')
SURFACE()
);
#76=(
BOUNDED_SURFACE()
B_SPLINE_SURFACE(2,2,((#6536,#6537,#6538,#6539,#6540),(#6541,#6542,#6543,
#6544,#6545),(#6546,#6547,#6548,#6549,#6550)),.UNSPECIFIED.,.F.,.F.,.F.)
B_SPLINE_SURFACE_WITH_KNOTS((3,3),(3,2,3),(-1.5707963267949,0.),(-2.76282962343384,
-1.30899693899575,0.144835745442343),.UNSPECIFIED.)
GEOMETRIC_REPRESENTATION_ITEM()
RATIONAL_B_SPLINE_SURFACE(((1.,0.747227253916193,1.,0.747227253916193,1.),
(0.707106781186551,0.528369458331545,0.707106781186551,0.528369458331545,
0.707106781186551),(1.,0.747227253916193,1.,0.747227253916193,1.)))
REPRESENTATION_ITEM('')
SURFACE()
);
#77=(
BOUNDED_SURFACE()
B_SPLINE_SURFACE(2,2,((#6600,#6601,#6602,#6603,#6604),(#6605,#6606,#6607,
#6608,#6609),(#6610,#6611,#6612,#6613,#6614)),.UNSPECIFIED.,.F.,.F.,.F.)
B_SPLINE_SURFACE_WITH_KNOTS((3,3),(3,2,3),(-1.5707963267949,0.),(-2.23923084783554,
-0.785398163397448,0.668434521040641),.UNSPECIFIED.)
GEOMETRIC_REPRESENTATION_ITEM()
RATIONAL_B_SPLINE_SURFACE(((1.,0.747227253916193,1.,0.747227253916193,1.),
(0.707106781186551,0.528369458331545,0.707106781186551,0.528369458331545,
0.707106781186551),(1.,0.747227253916193,1.,0.747227253916193,1.)))
REPRESENTATION_ITEM('')
SURFACE()
);
#78=(
BOUNDED_SURFACE()
B_SPLINE_SURFACE(2,2,((#6666,#6667,#6668,#6669,#6670),(#6671,#6672,#6673,
#6674,#6675),(#6676,#6677,#6678,#6679,#6680)),.UNSPECIFIED.,.F.,.F.,.F.)
B_SPLINE_SURFACE_WITH_KNOTS((3,3),(3,2,3),(-1.5707963267949,0.),(-1.71563207223724,
-0.261799387799148,1.19203329663894),.UNSPECIFIED.)
GEOMETRIC_REPRESENTATION_ITEM()
RATIONAL_B_SPLINE_SURFACE(((1.,0.747227253916193,1.,0.747227253916193,1.),
(0.707106781186547,0.528369458331542,0.707106781186547,0.528369458331542,
0.707106781186547),(1.,0.747227253916193,1.,0.747227253916193,1.)))
REPRESENTATION_ITEM('')
SURFACE()
);
#79=(
BOUNDED_SURFACE()
B_SPLINE_SURFACE(2,2,((#6728,#6729,#6730,#6731,#6732),(#6733,#6734,#6735,
#6736,#6737),(#6738,#6739,#6740,#6741,#6742)),.UNSPECIFIED.,.F.,.F.,.F.)
B_SPLINE_SURFACE_WITH_KNOTS((3,3),(3,2,3),(-1.5707963267949,0.),(-1.19203329663894,
0.26179938779915,1.71563207223724),.UNSPECIFIED.)
GEOMETRIC_REPRESENTATION_ITEM()
RATIONAL_B_SPLINE_SURFACE(((1.,0.747227253916193,1.,0.747227253916193,1.),
(0.707106781186551,0.528369458331545,0.707106781186551,0.528369458331545,
0.707106781186551),(1.,0.747227253916193,1.,0.747227253916193,1.)))
REPRESENTATION_ITEM('')
SURFACE()
);
#80=(
BOUNDED_SURFACE()
B_SPLINE_SURFACE(2,2,((#6792,#6793,#6794,#6795,#6796),(#6797,#6798,#6799,
#6800,#6801),(#6802,#6803,#6804,#6805,#6806)),.UNSPECIFIED.,.F.,.F.,.F.)
B_SPLINE_SURFACE_WITH_KNOTS((3,3),(3,2,3),(-1.5707963267949,0.),(-0.66843452104064,
0.785398163397448,2.23923084783554),.UNSPECIFIED.)
GEOMETRIC_REPRESENTATION_ITEM()
RATIONAL_B_SPLINE_SURFACE(((1.,0.747227253916193,1.,0.747227253916193,1.),
(0.707106781186551,0.528369458331545,0.707106781186551,0.528369458331545,
0.707106781186551),(1.,0.747227253916193,1.,0.747227253916193,1.)))
REPRESENTATION_ITEM('')
SURFACE()
);
#81=(
BOUNDED_SURFACE()
B_SPLINE_SURFACE(2,2,((#6856,#6857,#6858,#6859,#6860),(#6861,#6862,#6863,
#6864,#6865),(#6866,#6867,#6868,#6869,#6870)),.UNSPECIFIED.,.F.,.F.,.F.)
B_SPLINE_SURFACE_WITH_KNOTS((3,3),(3,2,3),(-1.5707963267949,0.),(-0.144835745442341,
1.30899693899575,2.76282962343384),.UNSPECIFIED.)
GEOMETRIC_REPRESENTATION_ITEM()
RATIONAL_B_SPLINE_SURFACE(((1.,0.747227253916193,1.,0.747227253916193,1.),
(0.70710678118655,0.528369458331545,0.70710678118655,0.528369458331545,
0.70710678118655),(1.,0.747227253916193,1.,0.747227253916193,1.)))
REPRESENTATION_ITEM('')
SURFACE()
);
#82=(
BOUNDED_SURFACE()
B_SPLINE_SURFACE(2,2,((#6920,#6921,#6922,#6923,#6924),(#6925,#6926,#6927,
#6928,#6929),(#6930,#6931,#6932,#6933,#6934)),.UNSPECIFIED.,.F.,.F.,.F.)
B_SPLINE_SURFACE_WITH_KNOTS((3,3),(3,2,3),(-1.5707963267949,0.),(-1.45383268443809,
0.,1.45383268443809),.UNSPECIFIED.)
GEOMETRIC_REPRESENTATION_ITEM()
RATIONAL_B_SPLINE_SURFACE(((1.,0.747227253916193,1.,0.747227253916193,1.),
(0.707106781186546,0.528369458331541,0.707106781186546,0.528369458331541,
0.707106781186546),(1.,0.747227253916193,1.,0.747227253916193,1.)))
REPRESENTATION_ITEM('')
SURFACE()
);
#83=(
BOUNDED_SURFACE()
B_SPLINE_SURFACE(2,2,((#6984,#6985,#6986,#6987,#6988),(#6989,#6990,#6991,
#6992,#6993),(#6994,#6995,#6996,#6997,#6998)),.UNSPECIFIED.,.F.,.F.,.F.)
B_SPLINE_SURFACE_WITH_KNOTS((3,3),(3,2,3),(-1.5707963267949,0.),(-1.45383268443809,
2.22044604925031E-16,1.45383268443809),.UNSPECIFIED.)
GEOMETRIC_REPRESENTATION_ITEM()
RATIONAL_B_SPLINE_SURFACE(((1.,0.747227253916193,1.,0.747227253916193,1.),
(0.707106781186552,0.528369458331545,0.707106781186552,0.528369458331545,
0.707106781186552),(1.,0.747227253916193,1.,0.747227253916193,1.)))
REPRESENTATION_ITEM('')
SURFACE()
);
#84=(
BOUNDED_SURFACE()
B_SPLINE_SURFACE(2,2,((#7048,#7049,#7050,#7051,#7052),(#7053,#7054,#7055,
#7056,#7057),(#7058,#7059,#7060,#7061,#7062)),.UNSPECIFIED.,.F.,.F.,.F.)
B_SPLINE_SURFACE_WITH_KNOTS((3,3),(3,2,3),(-1.5707963267949,0.),(-1.45383268443809,
0.,1.45383268443809),.UNSPECIFIED.)
GEOMETRIC_REPRESENTATION_ITEM()
RATIONAL_B_SPLINE_SURFACE(((1.,0.747227253916193,1.,0.747227253916193,1.),
(0.707106781186548,0.528369458331543,0.707106781186548,0.528369458331543,
0.707106781186548),(1.,0.747227253916193,1.,0.747227253916193,1.)))
REPRESENTATION_ITEM('')
SURFACE()
);
#85=ELLIPSE('',#4350,0.260017972058223,0.25);
#86=ELLIPSE('',#4354,0.260017972058223,0.25);
#87=ELLIPSE('',#4360,0.260017972058223,0.25);
#88=ELLIPSE('',#4365,0.260017972058223,0.25);
#89=ELLIPSE('',#4371,0.260017972058223,0.25);
#90=ELLIPSE('',#4376,0.260017972058223,0.25);
#91=ELLIPSE('',#4382,0.260017972058223,0.25);
#92=ELLIPSE('',#4387,0.260017972058223,0.25);
#93=ELLIPSE('',#4393,0.260017972058223,0.25);
#94=ELLIPSE('',#4398,0.260017972058223,0.25);
#95=ELLIPSE('',#4404,0.260017972058223,0.25);
#96=ELLIPSE('',#4409,0.260017972058223,0.25);
#97=ELLIPSE('',#4412,0.260017972058223,0.25);
#98=ELLIPSE('',#4420,0.260017972058223,0.25);
#99=ELLIPSE('',#4426,0.260017972058223,0.25);
#100=ELLIPSE('',#4431,0.260017972058223,0.25);
#101=ELLIPSE('',#4437,0.260017972058223,0.25);
#102=ELLIPSE('',#4442,0.260017972058223,0.25);
#103=ELLIPSE('',#4448,0.260017972058223,0.25);
#104=ELLIPSE('',#4453,0.260017972058223,0.25);
#105=ELLIPSE('',#4459,0.260017972058223,0.25);
#106=ELLIPSE('',#4464,0.260017972058223,0.25);
#107=ELLIPSE('',#4470,0.260017972058223,0.25);
#108=ELLIPSE('',#4475,0.260017972058223,0.25);
#109=ELLIPSE('',#4623,25.1401073983387,7.95);
#110=ELLIPSE('',#4625,25.1401073983387,7.95);
#111=ELLIPSE('',#4627,25.1401073983386,7.95);
#112=ELLIPSE('',#4629,25.1401073983386,7.95);
#113=ELLIPSE('',#4631,25.1401073983386,7.95);
#114=ELLIPSE('',#4633,25.1401073983386,7.95);
#115=ELLIPSE('',#4635,25.1401073983387,7.95);
#116=ELLIPSE('',#4637,25.1401073983387,7.95);
#117=ELLIPSE('',#4639,25.1401073983386,7.95);
#118=ELLIPSE('',#4641,25.1401073983386,7.95);
#119=ELLIPSE('',#4643,25.1401073983387,7.95);
#120=ELLIPSE('',#4645,25.1401073983387,7.95);
#121=ELLIPSE('',#4647,25.1401073983387,7.95);
#122=ELLIPSE('',#4649,9.82394219810861,5.52440867427795);
#123=ELLIPSE('',#4653,9.8239421981086,5.52440867427777);
#124=ELLIPSE('',#4655,9.82394219810865,5.52440867427776);
#125=ELLIPSE('',#4657,23.7170824512629,7.5);
#126=ELLIPSE('',#4659,23.7170824512629,7.5);
#127=ELLIPSE('',#4664,9.82394219810859,5.52440867427776);
#128=ELLIPSE('',#4669,9.82394219810861,5.52440867427773);
#129=ELLIPSE('',#4671,23.7170824512628,7.5);
#130=ELLIPSE('',#4673,23.7170824512628,7.5);
#131=ELLIPSE('',#4679,9.82394219810862,5.52440867427776);
#132=ELLIPSE('',#4684,9.82394219810866,5.5244086742778);
#133=ELLIPSE('',#4686,23.7170824512629,7.5);
#134=ELLIPSE('',#4688,23.7170824512628,7.5);
#135=ELLIPSE('',#4693,9.82394219810856,5.5244086742779);
#136=ELLIPSE('',#4698,9.82394219810859,5.52440867427776);
#137=ELLIPSE('',#4700,23.7170824512629,7.5);
#138=ELLIPSE('',#4702,23.7170824512629,7.5);
#139=ELLIPSE('',#4707,9.82394219810861,5.52440867427776);
#140=ELLIPSE('',#4713,23.7170824512629,7.5);
#141=ELLIPSE('',#4715,23.7170824512629,7.5);
#142=ELLIPSE('',#4724,23.7170824512628,7.5);
#143=ELLIPSE('',#4726,23.7170824512629,7.5);
#144=TOROIDAL_SURFACE('',#4318,6.39644660940672,0.25);
#145=TOROIDAL_SURFACE('',#4351,5.75,0.25);
#146=TOROIDAL_SURFACE('',#4362,5.75,0.25);
#147=TOROIDAL_SURFACE('',#4373,5.75,0.25);
#148=TOROIDAL_SURFACE('',#4384,5.75,0.25);
#149=TOROIDAL_SURFACE('',#4395,5.75,0.25);
#150=TOROIDAL_SURFACE('',#4406,5.75,0.25);
#151=TOROIDAL_SURFACE('',#4417,5.75,0.25);
#152=TOROIDAL_SURFACE('',#4428,5.75,0.25);
#153=TOROIDAL_SURFACE('',#4439,5.75,0.25);
#154=TOROIDAL_SURFACE('',#4450,5.75,0.25);
#155=TOROIDAL_SURFACE('',#4461,5.75,0.25);
#156=TOROIDAL_SURFACE('',#4472,5.75,0.25);
#157=TOROIDAL_SURFACE('',#4524,4.9,0.25);
#158=TOROIDAL_SURFACE('',#4581,4.4,0.25);
#159=STYLED_ITEM('',(#8130),#161);
#160=STYLED_ITEM('',(#8130),#162);
#161=MANIFOLD_SOLID_BREP('Body1',#4228);
#162=MANIFOLD_SOLID_BREP('Body4',#4229);
#163=B_SPLINE_CURVE_WITH_KNOTS('',3,(#6096,#6097,#6098,#6099),
 .UNSPECIFIED.,.F.,.F.,(4,4),(-0.0307163779642733,0.),.UNSPECIFIED.);
#164=B_SPLINE_CURVE_WITH_KNOTS('',3,(#6100,#6101,#6102,#6103),
 .UNSPECIFIED.,.F.,.F.,(4,4),(-0.0306821693791023,0.),.UNSPECIFIED.);
#165=B_SPLINE_CURVE_WITH_KNOTS('',3,(#6106,#6107,#6108,#6109),
 .UNSPECIFIED.,.F.,.F.,(4,4),(-0.0306821693791012,0.),.UNSPECIFIED.);
#166=B_SPLINE_CURVE_WITH_KNOTS('',3,(#6114,#6115,#6116,#6117),
 .UNSPECIFIED.,.F.,.F.,(4,4),(-0.0306821693790884,0.),.UNSPECIFIED.);
#167=B_SPLINE_CURVE_WITH_KNOTS('',3,(#6302,#6303,#6304,#6305,#6306,#6307,
#6308,#6309,#6310,#6311,#6312,#6313,#6314,#6315),.UNSPECIFIED.,.F.,.F.,
(4,2,2,2,2,2,4),(-0.0425055894096592,-0.0422476833369026,-0.0350639168521664,
-0.0279789717303693,-0.0174913114048561,-0.00843296530398242,0.),
 .UNSPECIFIED.);
#168=B_SPLINE_CURVE_WITH_KNOTS('',3,(#6321,#6322,#6323,#6324,#6325,#6326,
#6327,#6328,#6329,#6330,#6331,#6332,#6333,#6334),.UNSPECIFIED.,.F.,.F.,
(4,2,2,2,2,2,4),(-0.000259120181851431,0.,0.00721758451827903,0.0143358824658273,
0.0248729141133991,0.0339739029495217,0.0424465669692288),.UNSPECIFIED.);
#169=B_SPLINE_CURVE_WITH_KNOTS('',3,(#6368,#6369,#6370,#6371,#6372,#6373,
#6374,#6375,#6376,#6377,#6378,#6379,#6380,#6381),.UNSPECIFIED.,.F.,.F.,
(4,2,2,2,2,2,4),(-0.0425055894096711,-0.0422476833369121,-0.035063916852177,
-0.0279789717303772,-0.0174913114048588,-0.00843296530398266,0.),
 .UNSPECIFIED.);
#170=B_SPLINE_CURVE_WITH_KNOTS('',3,(#6385,#6386,#6387,#6388,#6389,#6390,
#6391,#6392,#6393,#6394,#6395,#6396,#6397,#6398),.UNSPECIFIED.,.F.,.F.,
(4,2,2,2,2,2,4),(-0.000259120181852534,0.,0.00721758451829363,0.0143358824658548,
0.0248729141134457,0.0339739029495848,0.042446566969311),.UNSPECIFIED.);
#171=B_SPLINE_CURVE_WITH_KNOTS('',3,(#6432,#6433,#6434,#6435,#6436,#6437,
#6438,#6439,#6440,#6441,#6442,#6443,#6444,#6445),.UNSPECIFIED.,.F.,.F.,
(4,2,2,2,2,2,4),(-0.0425055894096587,-0.0422476833369011,-0.0350639168521676,
-0.0279789717303713,-0.0174913114048589,-0.00843296530398326,0.),
 .UNSPECIFIED.);
#172=B_SPLINE_CURVE_WITH_KNOTS('',3,(#6449,#6450,#6451,#6452,#6453,#6454,
#6455,#6456,#6457,#6458,#6459,#6460,#6461,#6462),.UNSPECIFIED.,.F.,.F.,
(4,2,2,2,2,2,4),(-0.000259120181851912,0.,0.00721758451829054,0.0143358824658483,
0.0248729141134356,0.0339739029495735,0.0424465669692912),.UNSPECIFIED.);
#173=B_SPLINE_CURVE_WITH_KNOTS('',3,(#6496,#6497,#6498,#6499,#6500,#6501,
#6502,#6503,#6504,#6505,#6506,#6507,#6508,#6509),.UNSPECIFIED.,.F.,.F.,
(4,2,2,2,2,2,4),(-0.0425055894096692,-0.0422476833369128,-0.0350639168521753,
-0.0279789717303767,-0.0174913114048597,-0.00843296530398324,0.),
 .UNSPECIFIED.);
#174=B_SPLINE_CURVE_WITH_KNOTS('',3,(#6513,#6514,#6515,#6516,#6517,#6518,
#6519,#6520,#6521,#6522,#6523,#6524,#6525,#6526),.UNSPECIFIED.,.F.,.F.,
(4,2,2,2,2,2,4),(-0.000259120181848185,0.,0.0072175845182476,0.014335882465755,
0.0248729141132667,0.0339739029493425,0.0424465669690081),.UNSPECIFIED.);
#175=B_SPLINE_CURVE_WITH_KNOTS('',3,(#6560,#6561,#6562,#6563,#6564,#6565,
#6566,#6567,#6568,#6569,#6570,#6571,#6572,#6573),.UNSPECIFIED.,.F.,.F.,
(4,2,2,2,2,2,4),(-0.0425055894096597,-0.0422476833369031,-0.0350639168521619,
-0.0279789717303658,-0.0174913114048519,-0.00843296530398078,0.),
 .UNSPECIFIED.);
#176=B_SPLINE_CURVE_WITH_KNOTS('',3,(#6577,#6578,#6579,#6580,#6581,#6582,
#6583,#6584,#6585,#6586,#6587,#6588,#6589,#6590),.UNSPECIFIED.,.F.,.F.,
(4,2,2,2,2,2,4),(-0.000259120181850138,0.,0.00721758451827821,0.0143358824658219,
0.024872914113388,0.0339739029495068,0.0424465669692132),.UNSPECIFIED.);
#177=B_SPLINE_CURVE_WITH_KNOTS('',3,(#6624,#6625,#6626,#6627,#6628,#6629,
#6630,#6631,#6632,#6633,#6634,#6635,#6636,#6637),.UNSPECIFIED.,.F.,.F.,
(4,2,2,2,2,2,4),(-0.0425055894096738,-0.0422476833369153,-0.0350639168521789,
-0.0279789717303791,-0.0174913114048604,-0.00843296530398316,0.),
 .UNSPECIFIED.);
#178=B_SPLINE_CURVE_WITH_KNOTS('',3,(#6641,#6642,#6643,#6644,#6645,#6646,
#6647,#6648,#6649,#6650,#6651,#6652,#6653,#6654),.UNSPECIFIED.,.F.,.F.,
(4,2,2,2,2,2,4),(-0.000259120181850206,0.,0.00721758451826483,0.0143358824657937,
0.0248729141133393,0.0339739029494361,0.0424465669691197),.UNSPECIFIED.);
#179=B_SPLINE_CURVE_WITH_KNOTS('',3,(#6689,#6690,#6691,#6692,#6693,#6694,
#6695,#6696,#6697,#6698,#6699,#6700,#6701,#6702),.UNSPECIFIED.,.F.,.F.,
(4,2,2,2,2,2,4),(-0.0425055894096706,-0.0422476833369143,-0.0350639168521737,
-0.0279789717303755,-0.0174913114048587,-0.00843296530398276,0.),
 .UNSPECIFIED.);
#180=B_SPLINE_CURVE_WITH_KNOTS('',3,(#6706,#6707,#6708,#6709,#6710,#6711,
#6712,#6713,#6714,#6715,#6716,#6717,#6718,#6719),.UNSPECIFIED.,.F.,.F.,
(4,2,2,2,2,2,4),(-0.000259120181851189,0.,0.00721758451828525,0.014335882465837,
0.0248729141134144,0.0339739029495439,0.042446566969256),.UNSPECIFIED.);
#181=B_SPLINE_CURVE_WITH_KNOTS('',3,(#6753,#6754,#6755,#6756,#6757,#6758,
#6759,#6760,#6761,#6762,#6763,#6764,#6765,#6766),.UNSPECIFIED.,.F.,.F.,
(4,2,2,2,2,2,4),(-0.0425055894096646,-0.0422476833369069,-0.0350639168521742,
-0.0279789717303748,-0.017491311404858,-0.00843296530398265,0.),
 .UNSPECIFIED.);
#182=B_SPLINE_CURVE_WITH_KNOTS('',3,(#6770,#6771,#6772,#6773,#6774,#6775,
#6776,#6777,#6778,#6779,#6780,#6781,#6782,#6783),.UNSPECIFIED.,.F.,.F.,
(4,2,2,2,2,2,4),(-0.000259120181850812,0.,0.00721758451827861,0.014335882465822,
0.0248729141133859,0.0339739029495042,0.0424465669692033),.UNSPECIFIED.);
#183=B_SPLINE_CURVE_WITH_KNOTS('',3,(#6817,#6818,#6819,#6820,#6821,#6822,
#6823,#6824,#6825,#6826,#6827,#6828,#6829,#6830),.UNSPECIFIED.,.F.,.F.,
(4,2,2,2,2,2,4),(-0.0425055894096606,-0.0422476833369031,-0.0350639168521679,
-0.0279789717303699,-0.0174913114048553,-0.00843296530398194,0.),
 .UNSPECIFIED.);
#184=B_SPLINE_CURVE_WITH_KNOTS('',3,(#6834,#6835,#6836,#6837,#6838,#6839,
#6840,#6841,#6842,#6843,#6844,#6845,#6846,#6847),.UNSPECIFIED.,.F.,.F.,
(4,2,2,2,2,2,4),(-0.00025912018185146,0.,0.007217584518282,0.0143358824658335,
0.0248729141134115,0.0339739029495408,0.0424465669692577),.UNSPECIFIED.);
#185=B_SPLINE_CURVE_WITH_KNOTS('',3,(#6881,#6882,#6883,#6884,#6885,#6886,
#6887,#6888,#6889,#6890,#6891,#6892,#6893,#6894),.UNSPECIFIED.,.F.,.F.,
(4,2,2,2,2,2,4),(-0.0425055894096429,-0.0422476833368853,-0.035063916852161,
-0.0279789717303671,-0.0174913114048529,-0.00843296530398116,0.),
 .UNSPECIFIED.);
#186=B_SPLINE_CURVE_WITH_KNOTS('',3,(#6898,#6899,#6900,#6901,#6902,#6903,
#6904,#6905,#6906,#6907,#6908,#6909,#6910,#6911),.UNSPECIFIED.,.F.,.F.,
(4,2,2,2,2,2,4),(-0.000259120181851366,0.,0.00721758451827997,0.0143358824658302,
0.0248729141134051,0.0339739029495303,0.0424465669692377),.UNSPECIFIED.);
#187=B_SPLINE_CURVE_WITH_KNOTS('',3,(#6945,#6946,#6947,#6948,#6949,#6950,
#6951,#6952,#6953,#6954,#6955,#6956,#6957,#6958),.UNSPECIFIED.,.F.,.F.,
(4,2,2,2,2,2,4),(-0.0425055894096695,-0.0422476833369114,-0.0350639168521752,
-0.0279789717303755,-0.0174913114048584,-0.00843296530398274,0.),
 .UNSPECIFIED.);
#188=B_SPLINE_CURVE_WITH_KNOTS('',3,(#6962,#6963,#6964,#6965,#6966,#6967,
#6968,#6969,#6970,#6971,#6972,#6973,#6974,#6975),.UNSPECIFIED.,.F.,.F.,
(4,2,2,2,2,2,4),(-0.000259120181854229,0.,0.00721758451832059,0.0143358824659154,
0.0248729141135557,0.0339739029497382,0.0424465669695077),.UNSPECIFIED.);
#189=B_SPLINE_CURVE_WITH_KNOTS('',3,(#7009,#7010,#7011,#7012,#7013,#7014,
#7015,#7016,#7017,#7018,#7019,#7020,#7021,#7022),.UNSPECIFIED.,.F.,.F.,
(4,2,2,2,2,2,4),(-0.0425055894096551,-0.0422476833368984,-0.0350639168521648,
-0.027978971730368,-0.0174913114048549,-0.00843296530398203,0.),
 .UNSPECIFIED.);
#190=B_SPLINE_CURVE_WITH_KNOTS('',3,(#7026,#7027,#7028,#7029,#7030,#7031,
#7032,#7033,#7034,#7035,#7036,#7037,#7038,#7039),.UNSPECIFIED.,.F.,.F.,
(4,2,2,2,2,2,4),(-0.000259120181851001,0.,0.00721758451827902,0.0143358824658252,
0.0248729141133944,0.0339739029495183,0.0424465669692344),.UNSPECIFIED.);
#191=B_SPLINE_CURVE_WITH_KNOTS('',3,(#7095,#7096,#7097,#7098,#7099,#7100,
#7101,#7102,#7103,#7104,#7105,#7106,#7107,#7108,#7109,#7110,#7111,#7112),
 .UNSPECIFIED.,.F.,.F.,(4,2,2,2,2,2,2,2,4),(0.196831304566845,0.222228048035345,
0.247624791503845,0.264733485887134,0.281842180270423,0.298950874653711,
0.316059569037,0.3414563125055,0.366853055974),.UNSPECIFIED.);
#192=B_SPLINE_CURVE_WITH_KNOTS('',3,(#7140,#7141,#7142,#7143,#7144,#7145,
#7146,#7147,#7148,#7149,#7150,#7151,#7152,#7153,#7154,#7155,#7156,#7157),
 .UNSPECIFIED.,.F.,.F.,(4,2,2,2,2,2,2,2,4),(0.196831304566845,0.222228048035345,
0.247624791503845,0.264733485887134,0.281842180270423,0.298950874653712,
0.316059569037001,0.341456312505501,0.366853055974001),.UNSPECIFIED.);
#193=B_SPLINE_CURVE_WITH_KNOTS('',3,(#7185,#7186,#7187,#7188,#7189,#7190,
#7191,#7192,#7193,#7194,#7195,#7196,#7197,#7198,#7199,#7200,#7201,#7202),
 .UNSPECIFIED.,.F.,.F.,(4,2,2,2,2,2,2,2,4),(0.,0.0253967434685,0.0507934869370001,
0.067902181320289,0.085010875703578,0.102119570086867,0.119228264470156,
0.144625007938656,0.170021751407156),.UNSPECIFIED.);
#194=B_SPLINE_CURVE_WITH_KNOTS('',3,(#7230,#7231,#7232,#7233,#7234,#7235,
#7236,#7237,#7238,#7239,#7240,#7241,#7242,#7243,#7244,#7245,#7246,#7247),
 .UNSPECIFIED.,.F.,.F.,(4,2,2,2,2,2,2,2,4),(0.196831304566845,0.222228048035345,
0.247624791503845,0.264733485887134,0.281842180270423,0.298950874653712,
0.316059569037,0.341456312505501,0.366853055974001),.UNSPECIFIED.);
#195=B_SPLINE_CURVE_WITH_KNOTS('',3,(#7275,#7276,#7277,#7278,#7279,#7280,
#7281,#7282,#7283,#7284,#7285,#7286,#7287,#7288,#7289,#7290,#7291,#7292),
 .UNSPECIFIED.,.F.,.F.,(4,2,2,2,2,2,2,2,4),(0.196831304566845,0.222228048035345,
0.247624791503845,0.264733485887134,0.281842180270423,0.298950874653712,
0.316059569037,0.341456312505501,0.366853055974001),.UNSPECIFIED.);
#196=B_SPLINE_CURVE_WITH_KNOTS('',3,(#7320,#7321,#7322,#7323,#7324,#7325,
#7326,#7327,#7328,#7329,#7330,#7331,#7332,#7333,#7334,#7335,#7336,#7337),
 .UNSPECIFIED.,.F.,.F.,(4,2,2,2,2,2,2,2,4),(0.196831304566845,0.222228048035345,
0.247624791503845,0.264733485887134,0.281842180270423,0.298950874653712,
0.316059569037001,0.341456312505501,0.366853055974001),.UNSPECIFIED.);
#197=B_SPLINE_CURVE_WITH_KNOTS('',3,(#7409,#7410,#7411,#7412,#7413,#7414,
#7415,#7416,#7417,#7418,#7419,#7420,#7421,#7422,#7423,#7424,#7425,#7426),
 .UNSPECIFIED.,.F.,.F.,(4,2,2,2,2,2,2,2,4),(0.196831304566845,0.222228048035345,
0.247624791503845,0.264733485887134,0.281842180270423,0.298950874653712,
0.316059569037,0.3414563125055,0.366853055974),.UNSPECIFIED.);
#198=B_SPLINE_CURVE_WITH_KNOTS('',3,(#7434,#7435,#7436,#7437,#7438,#7439,
#7440,#7441,#7442,#7443,#7444,#7445,#7446,#7447,#7448,#7449,#7450,#7451),
 .UNSPECIFIED.,.F.,.F.,(4,2,2,2,2,2,2,2,4),(0.196831304566845,0.222228048035345,
0.247624791503845,0.264733485887134,0.281842180270423,0.298950874653712,
0.316059569037001,0.341456312505501,0.366853055974001),.UNSPECIFIED.);
#199=B_SPLINE_CURVE_WITH_KNOTS('',3,(#7461,#7462,#7463,#7464,#7465,#7466,
#7467,#7468,#7469,#7470,#7471,#7472,#7473,#7474,#7475,#7476,#7477,#7478),
 .UNSPECIFIED.,.F.,.F.,(4,2,2,2,2,2,2,2,4),(0.196831304566845,0.222228048035345,
0.247624791503845,0.264733485887134,0.281842180270423,0.298950874653712,
0.316059569037001,0.341456312505501,0.366853055974001),.UNSPECIFIED.);
#200=B_SPLINE_CURVE_WITH_KNOTS('',3,(#7488,#7489,#7490,#7491,#7492,#7493,
#7494,#7495,#7496,#7497,#7498,#7499,#7500,#7501,#7502,#7503,#7504,#7505),
 .UNSPECIFIED.,.F.,.F.,(4,2,2,2,2,2,2,2,4),(0.196831304566845,0.222228048035345,
0.247624791503845,0.264733485887134,0.281842180270423,0.298950874653712,
0.316059569037,0.341456312505501,0.366853055974001),.UNSPECIFIED.);
#201=B_SPLINE_CURVE_WITH_KNOTS('',3,(#7515,#7516,#7517,#7518,#7519,#7520,
#7521,#7522,#7523,#7524,#7525,#7526,#7527,#7528,#7529,#7530,#7531,#7532),
 .UNSPECIFIED.,.F.,.F.,(4,2,2,2,2,2,2,2,4),(0.196831304566845,0.222228048035345,
0.247624791503845,0.264733485887133,0.281842180270422,0.298950874653711,
0.316059569037,0.3414563125055,0.366853055974),.UNSPECIFIED.);
#202=B_SPLINE_CURVE_WITH_KNOTS('',3,(#7542,#7543,#7544,#7545,#7546,#7547,
#7548,#7549,#7550,#7551,#7552,#7553,#7554,#7555,#7556,#7557,#7558,#7559),
 .UNSPECIFIED.,.F.,.F.,(4,2,2,2,2,2,2,2,4),(0.196831304566845,0.222228048035345,
0.247624791503845,0.264733485887134,0.281842180270423,0.298950874653711,
0.316059569037,0.3414563125055,0.366853055974001),.UNSPECIFIED.);
#203=B_SPLINE_CURVE_WITH_KNOTS('',3,(#7809,#7810,#7811,#7812),
 .UNSPECIFIED.,.F.,.F.,(4,4),(-0.0405882280510892,0.),.UNSPECIFIED.);
#204=B_SPLINE_CURVE_WITH_KNOTS('',3,(#7815,#7816,#7817,#7818),
 .UNSPECIFIED.,.F.,.F.,(4,4),(-0.040588228051138,0.),.UNSPECIFIED.);
#205=B_SPLINE_CURVE_WITH_KNOTS('',3,(#7864,#7865,#7866,#7867),
 .UNSPECIFIED.,.F.,.F.,(4,4),(-0.0405882280511339,0.),.UNSPECIFIED.);
#206=B_SPLINE_CURVE_WITH_KNOTS('',3,(#7870,#7871,#7872,#7873),
 .UNSPECIFIED.,.F.,.F.,(4,4),(-0.0405882280511496,0.),.UNSPECIFIED.);
#207=B_SPLINE_CURVE_WITH_KNOTS('',3,(#7911,#7912,#7913,#7914),
 .UNSPECIFIED.,.F.,.F.,(4,4),(0.,0.0405649617628863),.UNSPECIFIED.);
#208=B_SPLINE_CURVE_WITH_KNOTS('',3,(#7923,#7924,#7925,#7926),
 .UNSPECIFIED.,.F.,.F.,(4,4),(-0.0405882280511119,0.),.UNSPECIFIED.);
#209=B_SPLINE_CURVE_WITH_KNOTS('',3,(#7929,#7930,#7931,#7932),
 .UNSPECIFIED.,.F.,.F.,(4,4),(-0.0405882280511424,0.),.UNSPECIFIED.);
#210=B_SPLINE_CURVE_WITH_KNOTS('',3,(#7973,#7974,#7975,#7976),
 .UNSPECIFIED.,.F.,.F.,(4,4),(-0.0405882280511603,0.),.UNSPECIFIED.);
#211=B_SPLINE_CURVE_WITH_KNOTS('',3,(#7979,#7980,#7981,#7982),
 .UNSPECIFIED.,.F.,.F.,(4,4),(-0.040588228051151,0.),.UNSPECIFIED.);
#212=B_SPLINE_CURVE_WITH_KNOTS('',3,(#8023,#8024,#8025,#8026),
 .UNSPECIFIED.,.F.,.F.,(4,4),(-0.0405882280511248,0.),.UNSPECIFIED.);
#213=B_SPLINE_CURVE_WITH_KNOTS('',3,(#8029,#8030,#8031,#8032),
 .UNSPECIFIED.,.F.,.F.,(4,4),(-0.0405882280511667,0.),.UNSPECIFIED.);
#214=B_SPLINE_CURVE_WITH_KNOTS('',3,(#8052,#8053,#8054,#8055),
 .UNSPECIFIED.,.F.,.F.,(4,4),(0.,0.0405649617628702),.UNSPECIFIED.);
#215=B_SPLINE_CURVE_WITH_KNOTS('',3,(#8073,#8074,#8075,#8076),
 .UNSPECIFIED.,.F.,.F.,(4,4),(-0.040588228051099,0.),.UNSPECIFIED.);
#216=B_SPLINE_CURVE_WITH_KNOTS('',3,(#8080,#8081,#8082,#8083),
 .UNSPECIFIED.,.F.,.F.,(4,4),(-0.0405882280511268,0.),.UNSPECIFIED.);
#217=CONICAL_SURFACE('',#4250,2.45,0.785398163397448);
#218=CONICAL_SURFACE('',#4282,4.575,0.785398163397448);
#219=CONICAL_SURFACE('',#4297,3.65,0.785398163397449);
#220=CONICAL_SURFACE('',#4299,0.9,0.785398163397449);
#221=CONICAL_SURFACE('',#4301,3.65,0.785398163397449);
#222=CONICAL_SURFACE('',#4303,0.9,0.785398163397449);
#223=CONICAL_SURFACE('',#4307,4.72928932188135,0.392699081698721);
#224=CONICAL_SURFACE('',#4310,4.13175,0.785398163397447);
#225=CONICAL_SURFACE('',#4347,6.8,0.785398163397447);
#226=CONICAL_SURFACE('',#4564,5.05000004842877,0.785398163397449);
#227=CONICAL_SURFACE('',#4620,7.65,0.785398163397447);
#228=CONICAL_SURFACE('',#4650,7.375,0.785398163397447);
#229=CONICAL_SURFACE('',#4654,7.825,0.785398163397448);
#230=CONICAL_SURFACE('',#4661,7.725,0.982793723247329);
#231=CONICAL_SURFACE('',#4665,7.375,0.785398163397447);
#232=CONICAL_SURFACE('',#4668,7.825,0.785398163397448);
#233=CONICAL_SURFACE('',#4675,7.725,0.982793723247329);
#234=CONICAL_SURFACE('',#4677,7.825,0.785398163397448);
#235=CONICAL_SURFACE('',#4680,7.375,0.785398163397446);
#236=CONICAL_SURFACE('',#4683,7.825,0.785398163397448);
#237=CONICAL_SURFACE('',#4690,7.725,0.982793723247328);
#238=CONICAL_SURFACE('',#4694,7.375,0.785398163397448);
#239=CONICAL_SURFACE('',#4697,7.825,0.785398163397448);
#240=CONICAL_SURFACE('',#4704,7.725,0.982793723247329);
#241=CONICAL_SURFACE('',#4708,7.375,0.785398163397448);
#242=CONICAL_SURFACE('',#4711,7.825,0.785398163397448);
#243=CONICAL_SURFACE('',#4717,7.725,0.982793723247329);
#244=CONICAL_SURFACE('',#4720,7.375,0.785398163397446);
#245=CONICAL_SURFACE('',#4728,7.725,0.982793723247329);
#246=LINE('',#5984,#515);
#247=LINE('',#5987,#516);
#248=LINE('',#5993,#517);
#249=LINE('',#5999,#518);
#250=LINE('',#6014,#519);
#251=LINE('',#6016,#520);
#252=LINE('',#6018,#521);
#253=LINE('',#6019,#522);
#254=LINE('',#6023,#523);
#255=LINE('',#6025,#524);
#256=LINE('',#6027,#525);
#257=LINE('',#6028,#526);
#258=LINE('',#6032,#527);
#259=LINE('',#6034,#528);
#260=LINE('',#6036,#529);
#261=LINE('',#6037,#530);
#262=LINE('',#6041,#531);
#263=LINE('',#6043,#532);
#264=LINE('',#6045,#533);
#265=LINE('',#6046,#534);
#266=LINE('',#6064,#535);
#267=LINE('',#6070,#536);
#268=LINE('',#6091,#537);
#269=LINE('',#6121,#538);
#270=LINE('',#6122,#539);
#271=LINE('',#6124,#540);
#272=LINE('',#6130,#541);
#273=LINE('',#6136,#542);
#274=LINE('',#6140,#543);
#275=LINE('',#6143,#544);
#276=LINE('',#6154,#545);
#277=LINE('',#6158,#546);
#278=LINE('',#6160,#547);
#279=LINE('',#6164,#548);
#280=LINE('',#6166,#549);
#281=LINE('',#6170,#550);
#282=LINE('',#6172,#551);
#283=LINE('',#6176,#552);
#284=LINE('',#6178,#553);
#285=LINE('',#6182,#554);
#286=LINE('',#6184,#555);
#287=LINE('',#6188,#556);
#288=LINE('',#6190,#557);
#289=LINE('',#6194,#558);
#290=LINE('',#6196,#559);
#291=LINE('',#6200,#560);
#292=LINE('',#6202,#561);
#293=LINE('',#6206,#562);
#294=LINE('',#6208,#563);
#295=LINE('',#6212,#564);
#296=LINE('',#6214,#565);
#297=LINE('',#6218,#566);
#298=LINE('',#6220,#567);
#299=LINE('',#6224,#568);
#300=LINE('',#6226,#569);
#301=LINE('',#6230,#570);
#302=LINE('',#6232,#571);
#303=LINE('',#6236,#572);
#304=LINE('',#6238,#573);
#305=LINE('',#6242,#574);
#306=LINE('',#6244,#575);
#307=LINE('',#6248,#576);
#308=LINE('',#6250,#577);
#309=LINE('',#6254,#578);
#310=LINE('',#6256,#579);
#311=LINE('',#6260,#580);
#312=LINE('',#6262,#581);
#313=LINE('',#6266,#582);
#314=LINE('',#6268,#583);
#315=LINE('',#6272,#584);
#316=LINE('',#6274,#585);
#317=LINE('',#6278,#586);
#318=LINE('',#6280,#587);
#319=LINE('',#6284,#588);
#320=LINE('',#6286,#589);
#321=LINE('',#6290,#590);
#322=LINE('',#6292,#591);
#323=LINE('',#6295,#592);
#324=LINE('',#6299,#593);
#325=LINE('',#6317,#594);
#326=LINE('',#6339,#595);
#327=LINE('',#6343,#596);
#328=LINE('',#6364,#597);
#329=LINE('',#6382,#598);
#330=LINE('',#6403,#599);
#331=LINE('',#6407,#600);
#332=LINE('',#6428,#601);
#333=LINE('',#6446,#602);
#334=LINE('',#6467,#603);
#335=LINE('',#6471,#604);
#336=LINE('',#6492,#605);
#337=LINE('',#6510,#606);
#338=LINE('',#6531,#607);
#339=LINE('',#6535,#608);
#340=LINE('',#6556,#609);
#341=LINE('',#6574,#610);
#342=LINE('',#6595,#611);
#343=LINE('',#6599,#612);
#344=LINE('',#6620,#613);
#345=LINE('',#6638,#614);
#346=LINE('',#6659,#615);
#347=LINE('',#6663,#616);
#348=LINE('',#6685,#617);
#349=LINE('',#6688,#618);
#350=LINE('',#6722,#619);
#351=LINE('',#6727,#620);
#352=LINE('',#6748,#621);
#353=LINE('',#6752,#622);
#354=LINE('',#6786,#623);
#355=LINE('',#6791,#624);
#356=LINE('',#6812,#625);
#357=LINE('',#6816,#626);
#358=LINE('',#6850,#627);
#359=LINE('',#6855,#628);
#360=LINE('',#6876,#629);
#361=LINE('',#6880,#630);
#362=LINE('',#6914,#631);
#363=LINE('',#6919,#632);
#364=LINE('',#6940,#633);
#365=LINE('',#6944,#634);
#366=LINE('',#6978,#635);
#367=LINE('',#6983,#636);
#368=LINE('',#7004,#637);
#369=LINE('',#7008,#638);
#370=LINE('',#7042,#639);
#371=LINE('',#7047,#640);
#372=LINE('',#7067,#641);
#373=LINE('',#7070,#642);
#374=LINE('',#7075,#643);
#375=LINE('',#7078,#644);
#376=LINE('',#7084,#645);
#377=LINE('',#7090,#646);
#378=LINE('',#7091,#647);
#379=LINE('',#7094,#648);
#380=LINE('',#7115,#649);
#381=LINE('',#7116,#650);
#382=LINE('',#7119,#651);
#383=LINE('',#7125,#652);
#384=LINE('',#7129,#653);
#385=LINE('',#7135,#654);
#386=LINE('',#7136,#655);
#387=LINE('',#7139,#656);
#388=LINE('',#7160,#657);
#389=LINE('',#7161,#658);
#390=LINE('',#7164,#659);
#391=LINE('',#7170,#660);
#392=LINE('',#7174,#661);
#393=LINE('',#7180,#662);
#394=LINE('',#7181,#663);
#395=LINE('',#7184,#664);
#396=LINE('',#7205,#665);
#397=LINE('',#7206,#666);
#398=LINE('',#7209,#667);
#399=LINE('',#7215,#668);
#400=LINE('',#7219,#669);
#401=LINE('',#7225,#670);
#402=LINE('',#7226,#671);
#403=LINE('',#7229,#672);
#404=LINE('',#7250,#673);
#405=LINE('',#7251,#674);
#406=LINE('',#7254,#675);
#407=LINE('',#7260,#676);
#408=LINE('',#7264,#677);
#409=LINE('',#7270,#678);
#410=LINE('',#7271,#679);
#411=LINE('',#7274,#680);
#412=LINE('',#7295,#681);
#413=LINE('',#7296,#682);
#414=LINE('',#7299,#683);
#415=LINE('',#7305,#684);
#416=LINE('',#7309,#685);
#417=LINE('',#7315,#686);
#418=LINE('',#7316,#687);
#419=LINE('',#7319,#688);
#420=LINE('',#7340,#689);
#421=LINE('',#7341,#690);
#422=LINE('',#7352,#691);
#423=LINE('',#7359,#692);
#424=LINE('',#7363,#693);
#425=LINE('',#7367,#694);
#426=LINE('',#7371,#695);
#427=LINE('',#7375,#696);
#428=LINE('',#7379,#697);
#429=LINE('',#7383,#698);
#430=LINE('',#7387,#699);
#431=LINE('',#7391,#700);
#432=LINE('',#7395,#701);
#433=LINE('',#7399,#702);
#434=LINE('',#7403,#703);
#435=LINE('',#7407,#704);
#436=LINE('',#7427,#705);
#437=LINE('',#7429,#706);
#438=LINE('',#7432,#707);
#439=LINE('',#7452,#708);
#440=LINE('',#7455,#709);
#441=LINE('',#7456,#710);
#442=LINE('',#7459,#711);
#443=LINE('',#7479,#712);
#444=LINE('',#7482,#713);
#445=LINE('',#7483,#714);
#446=LINE('',#7486,#715);
#447=LINE('',#7506,#716);
#448=LINE('',#7509,#717);
#449=LINE('',#7510,#718);
#450=LINE('',#7513,#719);
#451=LINE('',#7533,#720);
#452=LINE('',#7536,#721);
#453=LINE('',#7537,#722);
#454=LINE('',#7540,#723);
#455=LINE('',#7560,#724);
#456=LINE('',#7563,#725);
#457=LINE('',#7564,#726);
#458=LINE('',#7567,#727);
#459=LINE('',#7568,#728);
#460=LINE('',#7573,#729);
#461=LINE('',#7582,#730);
#462=LINE('',#7602,#731);
#463=LINE('',#7613,#732);
#464=LINE('',#7624,#733);
#465=LINE('',#7635,#734);
#466=LINE('',#7646,#735);
#467=LINE('',#7648,#736);
#468=LINE('',#7649,#737);
#469=LINE('',#7652,#738);
#470=LINE('',#7654,#739);
#471=LINE('',#7655,#740);
#472=LINE('',#7658,#741);
#473=LINE('',#7660,#742);
#474=LINE('',#7661,#743);
#475=LINE('',#7663,#744);
#476=LINE('',#7675,#745);
#477=LINE('',#7677,#746);
#478=LINE('',#7679,#747);
#479=LINE('',#7680,#748);
#480=LINE('',#7684,#749);
#481=LINE('',#7686,#750);
#482=LINE('',#7688,#751);
#483=LINE('',#7689,#752);
#484=LINE('',#7693,#753);
#485=LINE('',#7695,#754);
#486=LINE('',#7697,#755);
#487=LINE('',#7698,#756);
#488=LINE('',#7702,#757);
#489=LINE('',#7704,#758);
#490=LINE('',#7706,#759);
#491=LINE('',#7707,#760);
#492=LINE('',#7724,#761);
#493=LINE('',#7726,#762);
#494=LINE('',#7728,#763);
#495=LINE('',#7731,#764);
#496=LINE('',#7733,#765);
#497=LINE('',#7736,#766);
#498=LINE('',#7738,#767);
#499=LINE('',#7741,#768);
#500=LINE('',#7744,#769);
#501=LINE('',#7750,#770);
#502=LINE('',#7754,#771);
#503=LINE('',#7807,#772);
#504=LINE('',#7831,#773);
#505=LINE('',#7862,#774);
#506=LINE('',#7884,#775);
#507=LINE('',#7921,#776);
#508=LINE('',#7943,#777);
#509=LINE('',#7971,#778);
#510=LINE('',#7993,#779);
#511=LINE('',#8021,#780);
#512=LINE('',#8043,#781);
#513=LINE('',#8077,#782);
#514=LINE('',#8094,#783);
#515=VECTOR('',#4742,2.);
#516=VECTOR('',#4745,1.);
#517=VECTOR('',#4752,2.45);
#518=VECTOR('',#4759,2.35);
#519=VECTOR('',#4776,10.);
#520=VECTOR('',#4777,10.);
#521=VECTOR('',#4778,10.);
#522=VECTOR('',#4779,10.);
#523=VECTOR('',#4782,10.);
#524=VECTOR('',#4783,10.);
#525=VECTOR('',#4784,10.);
#526=VECTOR('',#4785,10.);
#527=VECTOR('',#4788,10.);
#528=VECTOR('',#4789,10.);
#529=VECTOR('',#4790,10.);
#530=VECTOR('',#4791,10.);
#531=VECTOR('',#4794,10.);
#532=VECTOR('',#4795,10.);
#533=VECTOR('',#4796,10.);
#534=VECTOR('',#4797,10.);
#535=VECTOR('',#4828,3.25);
#536=VECTOR('',#4835,4.575);
#537=VECTOR('',#4862,4.8);
#538=VECTOR('',#4881,10.);
#539=VECTOR('',#4882,10.);
#540=VECTOR('',#4885,10.);
#541=VECTOR('',#4892,4.72928932188135);
#542=VECTOR('',#4899,4.13175);
#543=VECTOR('',#4904,3.55);
#544=VECTOR('',#4909,10.);
#545=VECTOR('',#4922,10.);
#546=VECTOR('',#4925,10.);
#547=VECTOR('',#4926,10.);
#548=VECTOR('',#4929,10.);
#549=VECTOR('',#4930,10.);
#550=VECTOR('',#4933,10.);
#551=VECTOR('',#4934,10.);
#552=VECTOR('',#4937,10.);
#553=VECTOR('',#4938,10.);
#554=VECTOR('',#4941,10.);
#555=VECTOR('',#4942,10.);
#556=VECTOR('',#4945,10.);
#557=VECTOR('',#4946,10.);
#558=VECTOR('',#4949,10.);
#559=VECTOR('',#4950,10.);
#560=VECTOR('',#4953,10.);
#561=VECTOR('',#4954,10.);
#562=VECTOR('',#4957,10.);
#563=VECTOR('',#4958,10.);
#564=VECTOR('',#4961,10.);
#565=VECTOR('',#4962,10.);
#566=VECTOR('',#4965,10.);
#567=VECTOR('',#4966,10.);
#568=VECTOR('',#4969,10.);
#569=VECTOR('',#4970,10.);
#570=VECTOR('',#4973,10.);
#571=VECTOR('',#4974,10.);
#572=VECTOR('',#4977,10.);
#573=VECTOR('',#4978,10.);
#574=VECTOR('',#4981,10.);
#575=VECTOR('',#4982,10.);
#576=VECTOR('',#4985,10.);
#577=VECTOR('',#4986,10.);
#578=VECTOR('',#4989,10.);
#579=VECTOR('',#4990,10.);
#580=VECTOR('',#4993,10.);
#581=VECTOR('',#4994,10.);
#582=VECTOR('',#4997,10.);
#583=VECTOR('',#4998,10.);
#584=VECTOR('',#5001,10.);
#585=VECTOR('',#5002,10.);
#586=VECTOR('',#5005,10.);
#587=VECTOR('',#5006,10.);
#588=VECTOR('',#5009,10.);
#589=VECTOR('',#5010,10.);
#590=VECTOR('',#5013,10.);
#591=VECTOR('',#5014,10.);
#592=VECTOR('',#5017,10.);
#593=VECTOR('',#5022,6.8);
#594=VECTOR('',#5025,10.);
#595=VECTOR('',#5036,10.);
#596=VECTOR('',#5041,10.);
#597=VECTOR('',#5048,10.);
#598=VECTOR('',#5053,10.);
#599=VECTOR('',#5062,10.);
#600=VECTOR('',#5067,10.);
#601=VECTOR('',#5074,10.);
#602=VECTOR('',#5079,10.);
#603=VECTOR('',#5088,10.);
#604=VECTOR('',#5093,10.);
#605=VECTOR('',#5100,10.);
#606=VECTOR('',#5105,10.);
#607=VECTOR('',#5114,10.);
#608=VECTOR('',#5119,10.);
#609=VECTOR('',#5126,10.);
#610=VECTOR('',#5131,10.);
#611=VECTOR('',#5140,10.);
#612=VECTOR('',#5145,10.);
#613=VECTOR('',#5152,10.);
#614=VECTOR('',#5157,10.);
#615=VECTOR('',#5166,10.);
#616=VECTOR('',#5169,10.);
#617=VECTOR('',#5180,10.);
#618=VECTOR('',#5183,10.);
#619=VECTOR('',#5190,10.);
#620=VECTOR('',#5197,10.);
#621=VECTOR('',#5204,10.);
#622=VECTOR('',#5209,10.);
#623=VECTOR('',#5216,10.);
#624=VECTOR('',#5223,10.);
#625=VECTOR('',#5230,10.);
#626=VECTOR('',#5235,10.);
#627=VECTOR('',#5242,10.);
#628=VECTOR('',#5249,10.);
#629=VECTOR('',#5256,10.);
#630=VECTOR('',#5261,10.);
#631=VECTOR('',#5268,10.);
#632=VECTOR('',#5275,10.);
#633=VECTOR('',#5282,10.);
#634=VECTOR('',#5287,10.);
#635=VECTOR('',#5294,10.);
#636=VECTOR('',#5301,10.);
#637=VECTOR('',#5308,10.);
#638=VECTOR('',#5313,10.);
#639=VECTOR('',#5320,10.);
#640=VECTOR('',#5327,10.);
#641=VECTOR('',#5334,10.);
#642=VECTOR('',#5337,10.);
#643=VECTOR('',#5338,10.);
#644=VECTOR('',#5341,10.);
#645=VECTOR('',#5348,10.);
#646=VECTOR('',#5351,0.5);
#647=VECTOR('',#5352,10.);
#648=VECTOR('',#5355,0.5);
#649=VECTOR('',#5358,10.);
#650=VECTOR('',#5359,10.);
#651=VECTOR('',#5362,10.);
#652=VECTOR('',#5365,10.);
#653=VECTOR('',#5370,10.);
#654=VECTOR('',#5373,0.5);
#655=VECTOR('',#5374,10.);
#656=VECTOR('',#5377,0.5);
#657=VECTOR('',#5380,10.);
#658=VECTOR('',#5381,10.);
#659=VECTOR('',#5384,10.);
#660=VECTOR('',#5387,10.);
#661=VECTOR('',#5392,10.);
#662=VECTOR('',#5395,0.5);
#663=VECTOR('',#5396,10.);
#664=VECTOR('',#5399,0.5);
#665=VECTOR('',#5402,10.);
#666=VECTOR('',#5403,10.);
#667=VECTOR('',#5406,10.);
#668=VECTOR('',#5409,10.);
#669=VECTOR('',#5414,10.);
#670=VECTOR('',#5417,0.5);
#671=VECTOR('',#5418,10.);
#672=VECTOR('',#5421,0.5);
#673=VECTOR('',#5424,10.);
#674=VECTOR('',#5425,10.);
#675=VECTOR('',#5428,10.);
#676=VECTOR('',#5431,10.);
#677=VECTOR('',#5436,10.);
#678=VECTOR('',#5439,0.5);
#679=VECTOR('',#5440,10.);
#680=VECTOR('',#5443,0.5);
#681=VECTOR('',#5446,10.);
#682=VECTOR('',#5447,10.);
#683=VECTOR('',#5450,10.);
#684=VECTOR('',#5453,10.);
#685=VECTOR('',#5458,10.);
#686=VECTOR('',#5461,0.5);
#687=VECTOR('',#5462,10.);
#688=VECTOR('',#5465,0.5);
#689=VECTOR('',#5468,10.);
#690=VECTOR('',#5469,10.);
#691=VECTOR('',#5482,4.65);
#692=VECTOR('',#5489,10.);
#693=VECTOR('',#5492,10.);
#694=VECTOR('',#5495,10.);
#695=VECTOR('',#5498,10.);
#696=VECTOR('',#5501,10.);
#697=VECTOR('',#5504,10.);
#698=VECTOR('',#5507,10.);
#699=VECTOR('',#5510,10.);
#700=VECTOR('',#5513,10.);
#701=VECTOR('',#5516,10.);
#702=VECTOR('',#5519,10.);
#703=VECTOR('',#5522,10.);
#704=VECTOR('',#5527,0.5);
#705=VECTOR('',#5528,0.5);
#706=VECTOR('',#5531,10.);
#707=VECTOR('',#5534,0.5);
#708=VECTOR('',#5535,0.5);
#709=VECTOR('',#5538,10.);
#710=VECTOR('',#5539,10.);
#711=VECTOR('',#5542,0.5);
#712=VECTOR('',#5543,0.5);
#713=VECTOR('',#5546,10.);
#714=VECTOR('',#5547,10.);
#715=VECTOR('',#5550,0.5);
#716=VECTOR('',#5551,0.5);
#717=VECTOR('',#5554,10.);
#718=VECTOR('',#5555,10.);
#719=VECTOR('',#5558,0.5);
#720=VECTOR('',#5559,0.5);
#721=VECTOR('',#5562,10.);
#722=VECTOR('',#5563,10.);
#723=VECTOR('',#5566,0.5);
#724=VECTOR('',#5567,0.5);
#725=VECTOR('',#5570,10.);
#726=VECTOR('',#5571,10.);
#727=VECTOR('',#5574,10.);
#728=VECTOR('',#5575,10.);
#729=VECTOR('',#5580,1.);
#730=VECTOR('',#5593,5.05000004842877);
#731=VECTOR('',#5598,10.);
#732=VECTOR('',#5601,10.);
#733=VECTOR('',#5604,10.);
#734=VECTOR('',#5607,10.);
#735=VECTOR('',#5610,10.);
#736=VECTOR('',#5613,10.);
#737=VECTOR('',#5614,10.);
#738=VECTOR('',#5619,10.);
#739=VECTOR('',#5622,10.);
#740=VECTOR('',#5623,10.);
#741=VECTOR('',#5628,10.);
#742=VECTOR('',#5631,10.);
#743=VECTOR('',#5632,10.);
#744=VECTOR('',#5635,10.);
#745=VECTOR('',#5650,10.);
#746=VECTOR('',#5651,10.);
#747=VECTOR('',#5652,10.);
#748=VECTOR('',#5653,10.);
#749=VECTOR('',#5656,10.);
#750=VECTOR('',#5657,10.);
#751=VECTOR('',#5658,10.);
#752=VECTOR('',#5659,10.);
#753=VECTOR('',#5662,10.);
#754=VECTOR('',#5663,10.);
#755=VECTOR('',#5664,10.);
#756=VECTOR('',#5665,10.);
#757=VECTOR('',#5668,10.);
#758=VECTOR('',#5669,10.);
#759=VECTOR('',#5670,10.);
#760=VECTOR('',#5671,10.);
#761=VECTOR('',#5702,3.35);
#762=VECTOR('',#5705,10.);
#763=VECTOR('',#5708,10.);
#764=VECTOR('',#5713,10.);
#765=VECTOR('',#5716,10.);
#766=VECTOR('',#5721,10.);
#767=VECTOR('',#5724,10.);
#768=VECTOR('',#5729,10.);
#769=VECTOR('',#5734,10.);
#770=VECTOR('',#5743,7.65);
#771=VECTOR('',#5748,7.95);
#772=VECTOR('',#5801,10.);
#773=VECTOR('',#5812,10.);
#774=VECTOR('',#5833,10.);
#775=VECTOR('',#5842,10.);
#776=VECTOR('',#5865,10.);
#777=VECTOR('',#5874,10.);
#778=VECTOR('',#5895,10.);
#779=VECTOR('',#5904,10.);
#780=VECTOR('',#5925,10.);
#781=VECTOR('',#5934,10.);
#782=VECTOR('',#5953,10.);
#783=VECTOR('',#5960,10.);
#784=CYLINDRICAL_SURFACE('',#4246,2.);
#785=CYLINDRICAL_SURFACE('',#4248,1.);
#786=CYLINDRICAL_SURFACE('',#4254,2.35);
#787=CYLINDRICAL_SURFACE('',#4280,3.25);
#788=CYLINDRICAL_SURFACE('',#4295,4.8);
#789=CYLINDRICAL_SURFACE('',#4305,1.);
#790=CYLINDRICAL_SURFACE('',#4306,3.75);
#791=CYLINDRICAL_SURFACE('',#4313,3.55);
#792=CYLINDRICAL_SURFACE('',#4316,3.75);
#793=CYLINDRICAL_SURFACE('',#4317,1.);
#794=CYLINDRICAL_SURFACE('',#4349,0.25);
#795=CYLINDRICAL_SURFACE('',#4353,0.25);
#796=CYLINDRICAL_SURFACE('',#4355,0.25);
#797=CYLINDRICAL_SURFACE('',#4359,0.25);
#798=CYLINDRICAL_SURFACE('',#4361,0.25);
#799=CYLINDRICAL_SURFACE('',#4364,0.25);
#800=CYLINDRICAL_SURFACE('',#4366,0.25);
#801=CYLINDRICAL_SURFACE('',#4370,0.25);
#802=CYLINDRICAL_SURFACE('',#4372,0.25);
#803=CYLINDRICAL_SURFACE('',#4375,0.25);
#804=CYLINDRICAL_SURFACE('',#4377,0.25);
#805=CYLINDRICAL_SURFACE('',#4381,0.25);
#806=CYLINDRICAL_SURFACE('',#4383,0.25);
#807=CYLINDRICAL_SURFACE('',#4386,0.25);
#808=CYLINDRICAL_SURFACE('',#4388,0.25);
#809=CYLINDRICAL_SURFACE('',#4392,0.25);
#810=CYLINDRICAL_SURFACE('',#4394,0.25);
#811=CYLINDRICAL_SURFACE('',#4397,0.25);
#812=CYLINDRICAL_SURFACE('',#4399,0.25);
#813=CYLINDRICAL_SURFACE('',#4403,0.25);
#814=CYLINDRICAL_SURFACE('',#4405,0.25);
#815=CYLINDRICAL_SURFACE('',#4408,0.25);
#816=CYLINDRICAL_SURFACE('',#4410,0.25);
#817=CYLINDRICAL_SURFACE('',#4415,0.25);
#818=CYLINDRICAL_SURFACE('',#4416,0.25);
#819=CYLINDRICAL_SURFACE('',#4419,0.25);
#820=CYLINDRICAL_SURFACE('',#4421,0.25);
#821=CYLINDRICAL_SURFACE('',#4425,0.25);
#822=CYLINDRICAL_SURFACE('',#4427,0.25);
#823=CYLINDRICAL_SURFACE('',#4430,0.25);
#824=CYLINDRICAL_SURFACE('',#4432,0.25);
#825=CYLINDRICAL_SURFACE('',#4436,0.25);
#826=CYLINDRICAL_SURFACE('',#4438,0.25);
#827=CYLINDRICAL_SURFACE('',#4441,0.25);
#828=CYLINDRICAL_SURFACE('',#4443,0.25);
#829=CYLINDRICAL_SURFACE('',#4447,0.25);
#830=CYLINDRICAL_SURFACE('',#4449,0.25);
#831=CYLINDRICAL_SURFACE('',#4452,0.25);
#832=CYLINDRICAL_SURFACE('',#4454,0.25);
#833=CYLINDRICAL_SURFACE('',#4458,0.25);
#834=CYLINDRICAL_SURFACE('',#4460,0.25);
#835=CYLINDRICAL_SURFACE('',#4463,0.25);
#836=CYLINDRICAL_SURFACE('',#4465,0.25);
#837=CYLINDRICAL_SURFACE('',#4469,0.25);
#838=CYLINDRICAL_SURFACE('',#4471,0.25);
#839=CYLINDRICAL_SURFACE('',#4474,0.25);
#840=CYLINDRICAL_SURFACE('',#4476,0.25);
#841=CYLINDRICAL_SURFACE('',#4480,0.25);
#842=CYLINDRICAL_SURFACE('',#4482,5.5);
#843=CYLINDRICAL_SURFACE('',#4487,0.5);
#844=CYLINDRICAL_SURFACE('',#4490,5.5);
#845=CYLINDRICAL_SURFACE('',#4494,0.5);
#846=CYLINDRICAL_SURFACE('',#4497,5.5);
#847=CYLINDRICAL_SURFACE('',#4501,0.5);
#848=CYLINDRICAL_SURFACE('',#4504,5.5);
#849=CYLINDRICAL_SURFACE('',#4508,0.5);
#850=CYLINDRICAL_SURFACE('',#4511,5.5);
#851=CYLINDRICAL_SURFACE('',#4515,0.5);
#852=CYLINDRICAL_SURFACE('',#4518,5.5);
#853=CYLINDRICAL_SURFACE('',#4522,0.5);
#854=CYLINDRICAL_SURFACE('',#4529,4.65);
#855=CYLINDRICAL_SURFACE('',#4545,0.5);
#856=CYLINDRICAL_SURFACE('',#4547,0.5);
#857=CYLINDRICAL_SURFACE('',#4549,0.5);
#858=CYLINDRICAL_SURFACE('',#4551,0.5);
#859=CYLINDRICAL_SURFACE('',#4553,0.5);
#860=CYLINDRICAL_SURFACE('',#4555,0.5);
#861=CYLINDRICAL_SURFACE('',#4558,1.);
#862=CYLINDRICAL_SURFACE('',#4572,5.5);
#863=CYLINDRICAL_SURFACE('',#4575,5.5);
#864=CYLINDRICAL_SURFACE('',#4578,5.5);
#865=CYLINDRICAL_SURFACE('',#4604,3.35);
#866=CYLINDRICAL_SURFACE('',#4607,5.5);
#867=CYLINDRICAL_SURFACE('',#4610,5.5);
#868=CYLINDRICAL_SURFACE('',#4613,5.5);
#869=CYLINDRICAL_SURFACE('',#4622,7.95);
#870=CYLINDRICAL_SURFACE('',#4658,7.5);
#871=CYLINDRICAL_SURFACE('',#4672,7.5);
#872=CYLINDRICAL_SURFACE('',#4687,7.5);
#873=CYLINDRICAL_SURFACE('',#4701,7.5);
#874=CYLINDRICAL_SURFACE('',#4714,7.5);
#875=CYLINDRICAL_SURFACE('',#4723,7.5);
#876=FACE_BOUND('',#1137,.T.);
#877=FACE_BOUND('',#1143,.T.);
#878=FACE_BOUND('',#1145,.T.);
#879=FACE_BOUND('',#1151,.T.);
#880=FACE_BOUND('',#1171,.T.);
#881=FACE_BOUND('',#1176,.T.);
#882=FACE_BOUND('',#1289,.T.);
#883=FACE_BOUND('',#1306,.T.);
#884=FACE_BOUND('',#1319,.T.);
#885=FACE_BOUND('',#1325,.T.);
#886=FACE_OUTER_BOUND('',#1136,.T.);
#887=FACE_OUTER_BOUND('',#1138,.T.);
#888=FACE_OUTER_BOUND('',#1139,.T.);
#889=FACE_OUTER_BOUND('',#1140,.T.);
#890=FACE_OUTER_BOUND('',#1141,.T.);
#891=FACE_OUTER_BOUND('',#1142,.T.);
#892=FACE_OUTER_BOUND('',#1144,.T.);
#893=FACE_OUTER_BOUND('',#1146,.T.);
#894=FACE_OUTER_BOUND('',#1147,.T.);
#895=FACE_OUTER_BOUND('',#1148,.T.);
#896=FACE_OUTER_BOUND('',#1149,.T.);
#897=FACE_OUTER_BOUND('',#1150,.T.);
#898=FACE_OUTER_BOUND('',#1152,.T.);
#899=FACE_OUTER_BOUND('',#1153,.T.);
#900=FACE_OUTER_BOUND('',#1154,.T.);
#901=FACE_OUTER_BOUND('',#1155,.T.);
#902=FACE_OUTER_BOUND('',#1156,.T.);
#903=FACE_OUTER_BOUND('',#1157,.T.);
#904=FACE_OUTER_BOUND('',#1158,.T.);
#905=FACE_OUTER_BOUND('',#1159,.T.);
#906=FACE_OUTER_BOUND('',#1160,.T.);
#907=FACE_OUTER_BOUND('',#1161,.T.);
#908=FACE_OUTER_BOUND('',#1162,.T.);
#909=FACE_OUTER_BOUND('',#1163,.T.);
#910=FACE_OUTER_BOUND('',#1164,.T.);
#911=FACE_OUTER_BOUND('',#1165,.T.);
#912=FACE_OUTER_BOUND('',#1166,.T.);
#913=FACE_OUTER_BOUND('',#1167,.T.);
#914=FACE_OUTER_BOUND('',#1168,.T.);
#915=FACE_OUTER_BOUND('',#1169,.T.);
#916=FACE_OUTER_BOUND('',#1170,.T.);
#917=FACE_OUTER_BOUND('',#1172,.T.);
#918=FACE_OUTER_BOUND('',#1173,.T.);
#919=FACE_OUTER_BOUND('',#1174,.T.);
#920=FACE_OUTER_BOUND('',#1175,.T.);
#921=FACE_OUTER_BOUND('',#1177,.T.);
#922=FACE_OUTER_BOUND('',#1178,.T.);
#923=FACE_OUTER_BOUND('',#1179,.T.);
#924=FACE_OUTER_BOUND('',#1180,.T.);
#925=FACE_OUTER_BOUND('',#1181,.T.);
#926=FACE_OUTER_BOUND('',#1182,.T.);
#927=FACE_OUTER_BOUND('',#1183,.T.);
#928=FACE_OUTER_BOUND('',#1184,.T.);
#929=FACE_OUTER_BOUND('',#1185,.T.);
#930=FACE_OUTER_BOUND('',#1186,.T.);
#931=FACE_OUTER_BOUND('',#1187,.T.);
#932=FACE_OUTER_BOUND('',#1188,.T.);
#933=FACE_OUTER_BOUND('',#1189,.T.);
#934=FACE_OUTER_BOUND('',#1190,.T.);
#935=FACE_OUTER_BOUND('',#1191,.T.);
#936=FACE_OUTER_BOUND('',#1192,.T.);
#937=FACE_OUTER_BOUND('',#1193,.T.);
#938=FACE_OUTER_BOUND('',#1194,.T.);
#939=FACE_OUTER_BOUND('',#1195,.T.);
#940=FACE_OUTER_BOUND('',#1196,.T.);
#941=FACE_OUTER_BOUND('',#1197,.T.);
#942=FACE_OUTER_BOUND('',#1198,.T.);
#943=FACE_OUTER_BOUND('',#1199,.T.);
#944=FACE_OUTER_BOUND('',#1200,.T.);
#945=FACE_OUTER_BOUND('',#1201,.T.);
#946=FACE_OUTER_BOUND('',#1202,.T.);
#947=FACE_OUTER_BOUND('',#1203,.T.);
#948=FACE_OUTER_BOUND('',#1204,.T.);
#949=FACE_OUTER_BOUND('',#1205,.T.);
#950=FACE_OUTER_BOUND('',#1206,.T.);
#951=FACE_OUTER_BOUND('',#1207,.T.);
#952=FACE_OUTER_BOUND('',#1208,.T.);
#953=FACE_OUTER_BOUND('',#1209,.T.);
#954=FACE_OUTER_BOUND('',#1210,.T.);
#955=FACE_OUTER_BOUND('',#1211,.T.);
#956=FACE_OUTER_BOUND('',#1212,.T.);
#957=FACE_OUTER_BOUND('',#1213,.T.);
#958=FACE_OUTER_BOUND('',#1214,.T.);
#959=FACE_OUTER_BOUND('',#1215,.T.);
#960=FACE_OUTER_BOUND('',#1216,.T.);
#961=FACE_OUTER_BOUND('',#1217,.T.);
#962=FACE_OUTER_BOUND('',#1218,.T.);
#963=FACE_OUTER_BOUND('',#1219,.T.);
#964=FACE_OUTER_BOUND('',#1220,.T.);
#965=FACE_OUTER_BOUND('',#1221,.T.);
#966=FACE_OUTER_BOUND('',#1222,.T.);
#967=FACE_OUTER_BOUND('',#1223,.T.);
#968=FACE_OUTER_BOUND('',#1224,.T.);
#969=FACE_OUTER_BOUND('',#1225,.T.);
#970=FACE_OUTER_BOUND('',#1226,.T.);
#971=FACE_OUTER_BOUND('',#1227,.T.);
#972=FACE_OUTER_BOUND('',#1228,.T.);
#973=FACE_OUTER_BOUND('',#1229,.T.);
#974=FACE_OUTER_BOUND('',#1230,.T.);
#975=FACE_OUTER_BOUND('',#1231,.T.);
#976=FACE_OUTER_BOUND('',#1232,.T.);
#977=FACE_OUTER_BOUND('',#1233,.T.);
#978=FACE_OUTER_BOUND('',#1234,.T.);
#979=FACE_OUTER_BOUND('',#1235,.T.);
#980=FACE_OUTER_BOUND('',#1236,.T.);
#981=FACE_OUTER_BOUND('',#1237,.T.);
#982=FACE_OUTER_BOUND('',#1238,.T.);
#983=FACE_OUTER_BOUND('',#1239,.T.);
#984=FACE_OUTER_BOUND('',#1240,.T.);
#985=FACE_OUTER_BOUND('',#1241,.T.);
#986=FACE_OUTER_BOUND('',#1242,.T.);
#987=FACE_OUTER_BOUND('',#1243,.T.);
#988=FACE_OUTER_BOUND('',#1244,.T.);
#989=FACE_OUTER_BOUND('',#1245,.T.);
#990=FACE_OUTER_BOUND('',#1246,.T.);
#991=FACE_OUTER_BOUND('',#1247,.T.);
#992=FACE_OUTER_BOUND('',#1248,.T.);
#993=FACE_OUTER_BOUND('',#1249,.T.);
#994=FACE_OUTER_BOUND('',#1250,.T.);
#995=FACE_OUTER_BOUND('',#1251,.T.);
#996=FACE_OUTER_BOUND('',#1252,.T.);
#997=FACE_OUTER_BOUND('',#1253,.T.);
#998=FACE_OUTER_BOUND('',#1254,.T.);
#999=FACE_OUTER_BOUND('',#1255,.T.);
#1000=FACE_OUTER_BOUND('',#1256,.T.);
#1001=FACE_OUTER_BOUND('',#1257,.T.);
#1002=FACE_OUTER_BOUND('',#1258,.T.);
#1003=FACE_OUTER_BOUND('',#1259,.T.);
#1004=FACE_OUTER_BOUND('',#1260,.T.);
#1005=FACE_OUTER_BOUND('',#1261,.T.);
#1006=FACE_OUTER_BOUND('',#1262,.T.);
#1007=FACE_OUTER_BOUND('',#1263,.T.);
#1008=FACE_OUTER_BOUND('',#1264,.T.);
#1009=FACE_OUTER_BOUND('',#1265,.T.);
#1010=FACE_OUTER_BOUND('',#1266,.T.);
#1011=FACE_OUTER_BOUND('',#1267,.T.);
#1012=FACE_OUTER_BOUND('',#1268,.T.);
#1013=FACE_OUTER_BOUND('',#1269,.T.);
#1014=FACE_OUTER_BOUND('',#1270,.T.);
#1015=FACE_OUTER_BOUND('',#1271,.T.);
#1016=FACE_OUTER_BOUND('',#1272,.T.);
#1017=FACE_OUTER_BOUND('',#1273,.T.);
#1018=FACE_OUTER_BOUND('',#1274,.T.);
#1019=FACE_OUTER_BOUND('',#1275,.T.);
#1020=FACE_OUTER_BOUND('',#1276,.T.);
#1021=FACE_OUTER_BOUND('',#1277,.T.);
#1022=FACE_OUTER_BOUND('',#1278,.T.);
#1023=FACE_OUTER_BOUND('',#1279,.T.);
#1024=FACE_OUTER_BOUND('',#1280,.T.);
#1025=FACE_OUTER_BOUND('',#1281,.T.);
#1026=FACE_OUTER_BOUND('',#1282,.T.);
#1027=FACE_OUTER_BOUND('',#1283,.T.);
#1028=FACE_OUTER_BOUND('',#1284,.T.);
#1029=FACE_OUTER_BOUND('',#1285,.T.);
#1030=FACE_OUTER_BOUND('',#1286,.T.);
#1031=FACE_OUTER_BOUND('',#1287,.T.);
#1032=FACE_OUTER_BOUND('',#1288,.T.);
#1033=FACE_OUTER_BOUND('',#1290,.T.);
#1034=FACE_OUTER_BOUND('',#1291,.T.);
#1035=FACE_OUTER_BOUND('',#1292,.T.);
#1036=FACE_OUTER_BOUND('',#1293,.T.);
#1037=FACE_OUTER_BOUND('',#1294,.T.);
#1038=FACE_OUTER_BOUND('',#1295,.T.);
#1039=FACE_OUTER_BOUND('',#1296,.T.);
#1040=FACE_OUTER_BOUND('',#1297,.T.);
#1041=FACE_OUTER_BOUND('',#1298,.T.);
#1042=FACE_OUTER_BOUND('',#1299,.T.);
#1043=FACE_OUTER_BOUND('',#1300,.T.);
#1044=FACE_OUTER_BOUND('',#1301,.T.);
#1045=FACE_OUTER_BOUND('',#1302,.T.);
#1046=FACE_OUTER_BOUND('',#1303,.T.);
#1047=FACE_OUTER_BOUND('',#1304,.T.);
#1048=FACE_OUTER_BOUND('',#1305,.T.);
#1049=FACE_OUTER_BOUND('',#1307,.T.);
#1050=FACE_OUTER_BOUND('',#1308,.T.);
#1051=FACE_OUTER_BOUND('',#1309,.T.);
#1052=FACE_OUTER_BOUND('',#1310,.T.);
#1053=FACE_OUTER_BOUND('',#1311,.T.);
#1054=FACE_OUTER_BOUND('',#1312,.T.);
#1055=FACE_OUTER_BOUND('',#1313,.T.);
#1056=FACE_OUTER_BOUND('',#1314,.T.);
#1057=FACE_OUTER_BOUND('',#1315,.T.);
#1058=FACE_OUTER_BOUND('',#1316,.T.);
#1059=FACE_OUTER_BOUND('',#1317,.T.);
#1060=FACE_OUTER_BOUND('',#1318,.T.);
#1061=FACE_OUTER_BOUND('',#1320,.T.);
#1062=FACE_OUTER_BOUND('',#1321,.T.);
#1063=FACE_OUTER_BOUND('',#1322,.T.);
#1064=FACE_OUTER_BOUND('',#1323,.T.);
#1065=FACE_OUTER_BOUND('',#1324,.T.);
#1066=FACE_OUTER_BOUND('',#1326,.T.);
#1067=FACE_OUTER_BOUND('',#1327,.T.);
#1068=FACE_OUTER_BOUND('',#1328,.T.);
#1069=FACE_OUTER_BOUND('',#1329,.T.);
#1070=FACE_OUTER_BOUND('',#1330,.T.);
#1071=FACE_OUTER_BOUND('',#1331,.T.);
#1072=FACE_OUTER_BOUND('',#1332,.T.);
#1073=FACE_OUTER_BOUND('',#1333,.T.);
#1074=FACE_OUTER_BOUND('',#1334,.T.);
#1075=FACE_OUTER_BOUND('',#1335,.T.);
#1076=FACE_OUTER_BOUND('',#1336,.T.);
#1077=FACE_OUTER_BOUND('',#1337,.T.);
#1078=FACE_OUTER_BOUND('',#1338,.T.);
#1079=FACE_OUTER_BOUND('',#1339,.T.);
#1080=FACE_OUTER_BOUND('',#1340,.T.);
#1081=FACE_OUTER_BOUND('',#1341,.T.);
#1082=FACE_OUTER_BOUND('',#1342,.T.);
#1083=FACE_OUTER_BOUND('',#1343,.T.);
#1084=FACE_OUTER_BOUND('',#1344,.T.);
#1085=FACE_OUTER_BOUND('',#1345,.T.);
#1086=FACE_OUTER_BOUND('',#1346,.T.);
#1087=FACE_OUTER_BOUND('',#1347,.T.);
#1088=FACE_OUTER_BOUND('',#1348,.T.);
#1089=FACE_OUTER_BOUND('',#1349,.T.);
#1090=FACE_OUTER_BOUND('',#1350,.T.);
#1091=FACE_OUTER_BOUND('',#1351,.T.);
#1092=FACE_OUTER_BOUND('',#1352,.T.);
#1093=FACE_OUTER_BOUND('',#1353,.T.);
#1094=FACE_OUTER_BOUND('',#1354,.T.);
#1095=FACE_OUTER_BOUND('',#1355,.T.);
#1096=FACE_OUTER_BOUND('',#1356,.T.);
#1097=FACE_OUTER_BOUND('',#1357,.T.);
#1098=FACE_OUTER_BOUND('',#1358,.T.);
#1099=FACE_OUTER_BOUND('',#1359,.T.);
#1100=FACE_OUTER_BOUND('',#1360,.T.);
#1101=FACE_OUTER_BOUND('',#1361,.T.);
#1102=FACE_OUTER_BOUND('',#1362,.T.);
#1103=FACE_OUTER_BOUND('',#1363,.T.);
#1104=FACE_OUTER_BOUND('',#1364,.T.);
#1105=FACE_OUTER_BOUND('',#1365,.T.);
#1106=FACE_OUTER_BOUND('',#1366,.T.);
#1107=FACE_OUTER_BOUND('',#1367,.T.);
#1108=FACE_OUTER_BOUND('',#1368,.T.);
#1109=FACE_OUTER_BOUND('',#1369,.T.);
#1110=FACE_OUTER_BOUND('',#1370,.T.);
#1111=FACE_OUTER_BOUND('',#1371,.T.);
#1112=FACE_OUTER_BOUND('',#1372,.T.);
#1113=FACE_OUTER_BOUND('',#1373,.T.);
#1114=FACE_OUTER_BOUND('',#1374,.T.);
#1115=FACE_OUTER_BOUND('',#1375,.T.);
#1116=FACE_OUTER_BOUND('',#1376,.T.);
#1117=FACE_OUTER_BOUND('',#1377,.T.);
#1118=FACE_OUTER_BOUND('',#1378,.T.);
#1119=FACE_OUTER_BOUND('',#1379,.T.);
#1120=FACE_OUTER_BOUND('',#1380,.T.);
#1121=FACE_OUTER_BOUND('',#1381,.T.);
#1122=FACE_OUTER_BOUND('',#1382,.T.);
#1123=FACE_OUTER_BOUND('',#1383,.T.);
#1124=FACE_OUTER_BOUND('',#1384,.T.);
#1125=FACE_OUTER_BOUND('',#1385,.T.);
#1126=FACE_OUTER_BOUND('',#1386,.T.);
#1127=FACE_OUTER_BOUND('',#1387,.T.);
#1128=FACE_OUTER_BOUND('',#1388,.T.);
#1129=FACE_OUTER_BOUND('',#1389,.T.);
#1130=FACE_OUTER_BOUND('',#1390,.T.);
#1131=FACE_OUTER_BOUND('',#1391,.T.);
#1132=FACE_OUTER_BOUND('',#1392,.T.);
#1133=FACE_OUTER_BOUND('',#1393,.T.);
#1134=FACE_OUTER_BOUND('',#1394,.T.);
#1135=FACE_OUTER_BOUND('',#1395,.T.);
#1136=EDGE_LOOP('',(#2612));
#1137=EDGE_LOOP('',(#2613));
#1138=EDGE_LOOP('',(#2614,#2615,#2616,#2617));
#1139=EDGE_LOOP('',(#2618,#2619,#2620,#2621));
#1140=EDGE_LOOP('',(#2622,#2623,#2624,#2625,#2626));
#1141=EDGE_LOOP('',(#2627,#2628,#2629,#2630,#2631));
#1142=EDGE_LOOP('',(#2632,#2633,#2634,#2635));
#1143=EDGE_LOOP('',(#2636));
#1144=EDGE_LOOP('',(#2637));
#1145=EDGE_LOOP('',(#2638));
#1146=EDGE_LOOP('',(#2639,#2640,#2641,#2642));
#1147=EDGE_LOOP('',(#2643,#2644,#2645,#2646));
#1148=EDGE_LOOP('',(#2647,#2648,#2649,#2650));
#1149=EDGE_LOOP('',(#2651,#2652,#2653,#2654));
#1150=EDGE_LOOP('',(#2655,#2656,#2657,#2658,#2659,#2660,#2661,#2662));
#1151=EDGE_LOOP('',(#2663));
#1152=EDGE_LOOP('',(#2664,#2665,#2666));
#1153=EDGE_LOOP('',(#2667,#2668));
#1154=EDGE_LOOP('',(#2669,#2670));
#1155=EDGE_LOOP('',(#2671,#2672));
#1156=EDGE_LOOP('',(#2673,#2674,#2675,#2676,#2677,#2678,#2679,#2680,#2681,
#2682,#2683,#2684,#2685,#2686,#2687,#2688,#2689,#2690,#2691,#2692));
#1157=EDGE_LOOP('',(#2693,#2694,#2695,#2696,#2697,#2698));
#1158=EDGE_LOOP('',(#2699,#2700,#2701,#2702,#2703));
#1159=EDGE_LOOP('',(#2704,#2705,#2706,#2707));
#1160=EDGE_LOOP('',(#2708,#2709,#2710,#2711));
#1161=EDGE_LOOP('',(#2712,#2713,#2714,#2715));
#1162=EDGE_LOOP('',(#2716,#2717,#2718,#2719));
#1163=EDGE_LOOP('',(#2720,#2721,#2722,#2723));
#1164=EDGE_LOOP('',(#2724,#2725,#2726,#2727));
#1165=EDGE_LOOP('',(#2728,#2729,#2730,#2731,#2732));
#1166=EDGE_LOOP('',(#2733,#2734,#2735,#2736));
#1167=EDGE_LOOP('',(#2737,#2738,#2739,#2740,#2741));
#1168=EDGE_LOOP('',(#2742,#2743,#2744,#2745,#2746,#2747));
#1169=EDGE_LOOP('',(#2748,#2749,#2750,#2751,#2752));
#1170=EDGE_LOOP('',(#2753));
#1171=EDGE_LOOP('',(#2754));
#1172=EDGE_LOOP('',(#2755,#2756,#2757,#2758));
#1173=EDGE_LOOP('',(#2759,#2760,#2761,#2762,#2763));
#1174=EDGE_LOOP('',(#2764,#2765,#2766,#2767));
#1175=EDGE_LOOP('',(#2768));
#1176=EDGE_LOOP('',(#2769,#2770,#2771,#2772,#2773,#2774,#2775,#2776,#2777,
#2778,#2779,#2780,#2781,#2782,#2783,#2784,#2785,#2786,#2787,#2788,#2789,
#2790,#2791,#2792,#2793,#2794,#2795,#2796,#2797,#2798,#2799,#2800,#2801,
#2802,#2803,#2804,#2805,#2806,#2807,#2808,#2809,#2810,#2811,#2812,#2813,
#2814,#2815,#2816,#2817,#2818,#2819,#2820,#2821,#2822,#2823,#2824,#2825,
#2826,#2827,#2828,#2829,#2830,#2831,#2832,#2833,#2834,#2835,#2836,#2837,
#2838,#2839,#2840));
#1177=EDGE_LOOP('',(#2841,#2842,#2843,#2844));
#1178=EDGE_LOOP('',(#2845,#2846,#2847,#2848));
#1179=EDGE_LOOP('',(#2849,#2850,#2851,#2852));
#1180=EDGE_LOOP('',(#2853,#2854,#2855,#2856));
#1181=EDGE_LOOP('',(#2857,#2858,#2859,#2860));
#1182=EDGE_LOOP('',(#2861,#2862,#2863,#2864));
#1183=EDGE_LOOP('',(#2865,#2866,#2867,#2868));
#1184=EDGE_LOOP('',(#2869,#2870,#2871,#2872));
#1185=EDGE_LOOP('',(#2873,#2874,#2875,#2876));
#1186=EDGE_LOOP('',(#2877,#2878,#2879,#2880));
#1187=EDGE_LOOP('',(#2881,#2882,#2883,#2884));
#1188=EDGE_LOOP('',(#2885,#2886,#2887,#2888));
#1189=EDGE_LOOP('',(#2889,#2890,#2891,#2892));
#1190=EDGE_LOOP('',(#2893,#2894,#2895,#2896));
#1191=EDGE_LOOP('',(#2897,#2898,#2899,#2900));
#1192=EDGE_LOOP('',(#2901,#2902,#2903,#2904));
#1193=EDGE_LOOP('',(#2905,#2906,#2907,#2908));
#1194=EDGE_LOOP('',(#2909,#2910,#2911,#2912));
#1195=EDGE_LOOP('',(#2913,#2914,#2915,#2916));
#1196=EDGE_LOOP('',(#2917,#2918,#2919,#2920));
#1197=EDGE_LOOP('',(#2921,#2922,#2923,#2924));
#1198=EDGE_LOOP('',(#2925,#2926,#2927,#2928));
#1199=EDGE_LOOP('',(#2929,#2930,#2931,#2932));
#1200=EDGE_LOOP('',(#2933,#2934,#2935,#2936));
#1201=EDGE_LOOP('',(#2937,#2938,#2939,#2940));
#1202=EDGE_LOOP('',(#2941,#2942,#2943,#2944));
#1203=EDGE_LOOP('',(#2945,#2946,#2947,#2948));
#1204=EDGE_LOOP('',(#2949,#2950,#2951,#2952));
#1205=EDGE_LOOP('',(#2953,#2954,#2955,#2956));
#1206=EDGE_LOOP('',(#2957,#2958,#2959,#2960));
#1207=EDGE_LOOP('',(#2961,#2962,#2963,#2964));
#1208=EDGE_LOOP('',(#2965,#2966,#2967,#2968));
#1209=EDGE_LOOP('',(#2969,#2970,#2971,#2972));
#1210=EDGE_LOOP('',(#2973,#2974,#2975,#2976));
#1211=EDGE_LOOP('',(#2977,#2978,#2979,#2980));
#1212=EDGE_LOOP('',(#2981,#2982,#2983,#2984));
#1213=EDGE_LOOP('',(#2985,#2986,#2987,#2988));
#1214=EDGE_LOOP('',(#2989,#2990,#2991,#2992));
#1215=EDGE_LOOP('',(#2993,#2994,#2995,#2996));
#1216=EDGE_LOOP('',(#2997,#2998,#2999,#3000));
#1217=EDGE_LOOP('',(#3001,#3002,#3003,#3004));
#1218=EDGE_LOOP('',(#3005,#3006,#3007,#3008));
#1219=EDGE_LOOP('',(#3009,#3010,#3011,#3012));
#1220=EDGE_LOOP('',(#3013,#3014,#3015,#3016));
#1221=EDGE_LOOP('',(#3017,#3018,#3019,#3020));
#1222=EDGE_LOOP('',(#3021,#3022,#3023,#3024));
#1223=EDGE_LOOP('',(#3025,#3026,#3027,#3028));
#1224=EDGE_LOOP('',(#3029,#3030,#3031,#3032));
#1225=EDGE_LOOP('',(#3033,#3034,#3035,#3036));
#1226=EDGE_LOOP('',(#3037,#3038,#3039,#3040));
#1227=EDGE_LOOP('',(#3041,#3042,#3043,#3044));
#1228=EDGE_LOOP('',(#3045,#3046,#3047,#3048));
#1229=EDGE_LOOP('',(#3049,#3050,#3051,#3052));
#1230=EDGE_LOOP('',(#3053,#3054,#3055,#3056));
#1231=EDGE_LOOP('',(#3057,#3058,#3059,#3060));
#1232=EDGE_LOOP('',(#3061,#3062,#3063,#3064));
#1233=EDGE_LOOP('',(#3065,#3066,#3067,#3068));
#1234=EDGE_LOOP('',(#3069,#3070,#3071,#3072));
#1235=EDGE_LOOP('',(#3073,#3074,#3075,#3076));
#1236=EDGE_LOOP('',(#3077,#3078,#3079,#3080));
#1237=EDGE_LOOP('',(#3081,#3082,#3083,#3084));
#1238=EDGE_LOOP('',(#3085,#3086,#3087,#3088));
#1239=EDGE_LOOP('',(#3089,#3090,#3091,#3092));
#1240=EDGE_LOOP('',(#3093,#3094,#3095,#3096));
#1241=EDGE_LOOP('',(#3097,#3098,#3099,#3100));
#1242=EDGE_LOOP('',(#3101,#3102,#3103,#3104));
#1243=EDGE_LOOP('',(#3105,#3106,#3107,#3108));
#1244=EDGE_LOOP('',(#3109,#3110,#3111,#3112));
#1245=EDGE_LOOP('',(#3113,#3114,#3115,#3116));
#1246=EDGE_LOOP('',(#3117,#3118,#3119,#3120));
#1247=EDGE_LOOP('',(#3121,#3122,#3123,#3124));
#1248=EDGE_LOOP('',(#3125,#3126,#3127,#3128));
#1249=EDGE_LOOP('',(#3129,#3130,#3131,#3132));
#1250=EDGE_LOOP('',(#3133,#3134,#3135,#3136));
#1251=EDGE_LOOP('',(#3137,#3138,#3139,#3140,#3141));
#1252=EDGE_LOOP('',(#3142,#3143,#3144,#3145));
#1253=EDGE_LOOP('',(#3146,#3147,#3148,#3149));
#1254=EDGE_LOOP('',(#3150,#3151,#3152,#3153));
#1255=EDGE_LOOP('',(#3154,#3155,#3156,#3157));
#1256=EDGE_LOOP('',(#3158,#3159,#3160,#3161));
#1257=EDGE_LOOP('',(#3162,#3163,#3164,#3165));
#1258=EDGE_LOOP('',(#3166,#3167,#3168,#3169));
#1259=EDGE_LOOP('',(#3170,#3171,#3172,#3173));
#1260=EDGE_LOOP('',(#3174,#3175,#3176,#3177));
#1261=EDGE_LOOP('',(#3178,#3179,#3180,#3181));
#1262=EDGE_LOOP('',(#3182,#3183,#3184,#3185));
#1263=EDGE_LOOP('',(#3186,#3187,#3188,#3189));
#1264=EDGE_LOOP('',(#3190,#3191,#3192,#3193));
#1265=EDGE_LOOP('',(#3194,#3195,#3196,#3197));
#1266=EDGE_LOOP('',(#3198,#3199,#3200,#3201));
#1267=EDGE_LOOP('',(#3202,#3203,#3204,#3205));
#1268=EDGE_LOOP('',(#3206,#3207,#3208,#3209));
#1269=EDGE_LOOP('',(#3210,#3211,#3212,#3213));
#1270=EDGE_LOOP('',(#3214,#3215,#3216,#3217));
#1271=EDGE_LOOP('',(#3218,#3219,#3220,#3221));
#1272=EDGE_LOOP('',(#3222,#3223,#3224,#3225));
#1273=EDGE_LOOP('',(#3226,#3227,#3228,#3229));
#1274=EDGE_LOOP('',(#3230,#3231,#3232,#3233));
#1275=EDGE_LOOP('',(#3234,#3235,#3236,#3237));
#1276=EDGE_LOOP('',(#3238,#3239,#3240,#3241));
#1277=EDGE_LOOP('',(#3242,#3243,#3244,#3245));
#1278=EDGE_LOOP('',(#3246,#3247,#3248,#3249));
#1279=EDGE_LOOP('',(#3250,#3251,#3252,#3253));
#1280=EDGE_LOOP('',(#3254,#3255,#3256,#3257));
#1281=EDGE_LOOP('',(#3258,#3259,#3260,#3261));
#1282=EDGE_LOOP('',(#3262,#3263,#3264,#3265));
#1283=EDGE_LOOP('',(#3266,#3267,#3268,#3269));
#1284=EDGE_LOOP('',(#3270,#3271,#3272,#3273));
#1285=EDGE_LOOP('',(#3274,#3275,#3276,#3277));
#1286=EDGE_LOOP('',(#3278,#3279,#3280,#3281,#3282));
#1287=EDGE_LOOP('',(#3283,#3284,#3285,#3286,#3287,#3288));
#1288=EDGE_LOOP('',(#3289,#3290,#3291,#3292,#3293,#3294,#3295,#3296,#3297,
#3298,#3299,#3300,#3301,#3302,#3303,#3304,#3305,#3306,#3307,#3308,#3309,
#3310,#3311,#3312));
#1289=EDGE_LOOP('',(#3313));
#1290=EDGE_LOOP('',(#3314,#3315,#3316,#3317));
#1291=EDGE_LOOP('',(#3318,#3319,#3320,#3321));
#1292=EDGE_LOOP('',(#3322,#3323,#3324,#3325));
#1293=EDGE_LOOP('',(#3326,#3327,#3328,#3329));
#1294=EDGE_LOOP('',(#3330,#3331,#3332,#3333));
#1295=EDGE_LOOP('',(#3334,#3335,#3336,#3337));
#1296=EDGE_LOOP('',(#3338,#3339,#3340,#3341));
#1297=EDGE_LOOP('',(#3342,#3343,#3344,#3345));
#1298=EDGE_LOOP('',(#3346,#3347,#3348,#3349));
#1299=EDGE_LOOP('',(#3350,#3351,#3352,#3353));
#1300=EDGE_LOOP('',(#3354,#3355,#3356,#3357));
#1301=EDGE_LOOP('',(#3358,#3359,#3360,#3361));
#1302=EDGE_LOOP('',(#3362,#3363,#3364,#3365));
#1303=EDGE_LOOP('',(#3366,#3367,#3368,#3369));
#1304=EDGE_LOOP('',(#3370));
#1305=EDGE_LOOP('',(#3371));
#1306=EDGE_LOOP('',(#3372));
#1307=EDGE_LOOP('',(#3373,#3374,#3375,#3376,#3377,#3378,#3379,#3380,#3381,
#3382,#3383,#3384,#3385,#3386,#3387,#3388,#3389,#3390,#3391,#3392,#3393,
#3394,#3395,#3396,#3397,#3398,#3399,#3400,#3401,#3402,#3403,#3404,#3405,
#3406,#3407,#3408,#3409,#3410,#3411,#3412,#3413,#3414,#3415,#3416,#3417,
#3418,#3419,#3420,#3421,#3422,#3423,#3424,#3425,#3426,#3427,#3428,#3429,
#3430,#3431,#3432,#3433,#3434,#3435,#3436,#3437,#3438,#3439,#3440,#3441,
#3442,#3443,#3444,#3445,#3446,#3447,#3448));
#1308=EDGE_LOOP('',(#3449,#3450,#3451,#3452));
#1309=EDGE_LOOP('',(#3453,#3454,#3455,#3456));
#1310=EDGE_LOOP('',(#3457,#3458,#3459,#3460));
#1311=EDGE_LOOP('',(#3461,#3462,#3463,#3464));
#1312=EDGE_LOOP('',(#3465,#3466,#3467,#3468));
#1313=EDGE_LOOP('',(#3469,#3470,#3471,#3472));
#1314=EDGE_LOOP('',(#3473,#3474,#3475,#3476));
#1315=EDGE_LOOP('',(#3477,#3478,#3479,#3480));
#1316=EDGE_LOOP('',(#3481,#3482,#3483,#3484));
#1317=EDGE_LOOP('',(#3485,#3486,#3487,#3488,#3489));
#1318=EDGE_LOOP('',(#3490));
#1319=EDGE_LOOP('',(#3491));
#1320=EDGE_LOOP('',(#3492,#3493,#3494,#3495));
#1321=EDGE_LOOP('',(#3496,#3497,#3498,#3499));
#1322=EDGE_LOOP('',(#3500,#3501,#3502,#3503));
#1323=EDGE_LOOP('',(#3504,#3505,#3506,#3507));
#1324=EDGE_LOOP('',(#3508,#3509,#3510,#3511,#3512,#3513,#3514,#3515));
#1325=EDGE_LOOP('',(#3516));
#1326=EDGE_LOOP('',(#3517,#3518));
#1327=EDGE_LOOP('',(#3519,#3520));
#1328=EDGE_LOOP('',(#3521,#3522));
#1329=EDGE_LOOP('',(#3523,#3524,#3525));
#1330=EDGE_LOOP('',(#3526,#3527,#3528,#3529,#3530,#3531,#3532,#3533,#3534,
#3535,#3536,#3537,#3538,#3539,#3540,#3541,#3542,#3543,#3544,#3545));
#1331=EDGE_LOOP('',(#3546,#3547,#3548,#3549));
#1332=EDGE_LOOP('',(#3550,#3551,#3552,#3553));
#1333=EDGE_LOOP('',(#3554,#3555,#3556,#3557));
#1334=EDGE_LOOP('',(#3558,#3559,#3560,#3561));
#1335=EDGE_LOOP('',(#3562,#3563,#3564,#3565));
#1336=EDGE_LOOP('',(#3566,#3567,#3568,#3569));
#1337=EDGE_LOOP('',(#3570,#3571,#3572,#3573));
#1338=EDGE_LOOP('',(#3574,#3575,#3576,#3577));
#1339=EDGE_LOOP('',(#3578,#3579,#3580,#3581));
#1340=EDGE_LOOP('',(#3582,#3583,#3584,#3585));
#1341=EDGE_LOOP('',(#3586,#3587,#3588,#3589));
#1342=EDGE_LOOP('',(#3590,#3591,#3592,#3593));
#1343=EDGE_LOOP('',(#3594,#3595,#3596,#3597));
#1344=EDGE_LOOP('',(#3598,#3599,#3600,#3601));
#1345=EDGE_LOOP('',(#3602));
#1346=EDGE_LOOP('',(#3603,#3604,#3605,#3606));
#1347=EDGE_LOOP('',(#3607,#3608,#3609,#3610,#3611,#3612,#3613,#3614,#3615,
#3616,#3617,#3618,#3619,#3620,#3621,#3622,#3623,#3624,#3625,#3626,#3627,
#3628,#3629,#3630,#3631,#3632,#3633,#3634));
#1348=EDGE_LOOP('',(#3635,#3636,#3637,#3638));
#1349=EDGE_LOOP('',(#3639,#3640,#3641,#3642,#3643,#3644));
#1350=EDGE_LOOP('',(#3645,#3646,#3647,#3648));
#1351=EDGE_LOOP('',(#3649,#3650,#3651,#3652,#3653,#3654));
#1352=EDGE_LOOP('',(#3655,#3656,#3657,#3658,#3659,#3660));
#1353=EDGE_LOOP('',(#3661,#3662,#3663,#3664));
#1354=EDGE_LOOP('',(#3665,#3666,#3667,#3668));
#1355=EDGE_LOOP('',(#3669,#3670,#3671,#3672,#3673,#3674));
#1356=EDGE_LOOP('',(#3675,#3676,#3677,#3678));
#1357=EDGE_LOOP('',(#3679,#3680,#3681,#3682,#3683,#3684));
#1358=EDGE_LOOP('',(#3685,#3686,#3687,#3688));
#1359=EDGE_LOOP('',(#3689,#3690,#3691,#3692,#3693,#3694));
#1360=EDGE_LOOP('',(#3695,#3696,#3697,#3698,#3699,#3700));
#1361=EDGE_LOOP('',(#3701,#3702,#3703,#3704));
#1362=EDGE_LOOP('',(#3705,#3706,#3707,#3708));
#1363=EDGE_LOOP('',(#3709,#3710,#3711,#3712,#3713,#3714));
#1364=EDGE_LOOP('',(#3715,#3716,#3717,#3718,#3719,#3720));
#1365=EDGE_LOOP('',(#3721,#3722,#3723,#3724));
#1366=EDGE_LOOP('',(#3725,#3726,#3727,#3728,#3729,#3730));
#1367=EDGE_LOOP('',(#3731,#3732,#3733,#3734));
#1368=EDGE_LOOP('',(#3735,#3736,#3737,#3738,#3739,#3740));
#1369=EDGE_LOOP('',(#3741,#3742,#3743,#3744,#3745,#3746));
#1370=EDGE_LOOP('',(#3747,#3748,#3749,#3750));
#1371=EDGE_LOOP('',(#3751,#3752,#3753,#3754));
#1372=EDGE_LOOP('',(#3755,#3756,#3757,#3758,#3759,#3760));
#1373=EDGE_LOOP('',(#3761,#3762,#3763,#3764));
#1374=EDGE_LOOP('',(#3765,#3766,#3767,#3768,#3769,#3770));
#1375=EDGE_LOOP('',(#3771,#3772,#3773,#3774));
#1376=EDGE_LOOP('',(#3775,#3776,#3777,#3778,#3779,#3780));
#1377=EDGE_LOOP('',(#3781,#3782,#3783,#3784,#3785,#3786,#3787));
#1378=EDGE_LOOP('',(#3788,#3789,#3790,#3791));
#1379=EDGE_LOOP('',(#3792,#3793,#3794,#3795));
#1380=EDGE_LOOP('',(#3796,#3797,#3798,#3799,#3800,#3801));
#1381=EDGE_LOOP('',(#3802,#3803,#3804,#3805));
#1382=EDGE_LOOP('',(#3806,#3807,#3808,#3809,#3810,#3811));
#1383=EDGE_LOOP('',(#3812,#3813,#3814,#3815));
#1384=EDGE_LOOP('',(#3816,#3817,#3818,#3819,#3820,#3821));
#1385=EDGE_LOOP('',(#3822,#3823,#3824,#3825,#3826,#3827));
#1386=EDGE_LOOP('',(#3828,#3829,#3830,#3831));
#1387=EDGE_LOOP('',(#3832,#3833,#3834,#3835));
#1388=EDGE_LOOP('',(#3836,#3837,#3838,#3839,#3840,#3841));
#1389=EDGE_LOOP('',(#3842,#3843,#3844,#3845));
#1390=EDGE_LOOP('',(#3846,#3847,#3848,#3849,#3850,#3851));
#1391=EDGE_LOOP('',(#3852,#3853,#3854,#3855));
#1392=EDGE_LOOP('',(#3856,#3857,#3858,#3859));
#1393=EDGE_LOOP('',(#3860,#3861,#3862,#3863,#3864,#3865));
#1394=EDGE_LOOP('',(#3866,#3867,#3868,#3869));
#1395=EDGE_LOOP('',(#3870,#3871,#3872,#3873,#3874,#3875));
#1396=CIRCLE('',#4244,2.);
#1397=CIRCLE('',#4245,1.);
#1398=CIRCLE('',#4247,2.);
#1399=CIRCLE('',#4249,1.);
#1400=CIRCLE('',#4251,2.55);
#1401=CIRCLE('',#4252,2.35);
#1402=CIRCLE('',#4253,2.35);
#1403=CIRCLE('',#4255,2.35);
#1404=CIRCLE('',#4257,3.55);
#1405=CIRCLE('',#4258,0.8);
#1406=CIRCLE('',#4259,3.55);
#1407=CIRCLE('',#4260,0.8);
#1408=CIRCLE('',#4267,3.25);
#1409=CIRCLE('',#4268,3.25);
#1410=CIRCLE('',#4269,3.25);
#1411=CIRCLE('',#4270,3.25);
#1412=CIRCLE('',#4272,3.25);
#1413=CIRCLE('',#4273,3.25);
#1414=CIRCLE('',#4275,3.25);
#1415=CIRCLE('',#4277,3.25);
#1416=CIRCLE('',#4279,3.25);
#1417=CIRCLE('',#4281,3.25);
#1418=CIRCLE('',#4283,4.8);
#1419=CIRCLE('',#4284,4.35);
#1420=CIRCLE('',#4285,4.35);
#1421=CIRCLE('',#4286,4.35);
#1422=CIRCLE('',#4288,1.);
#1423=CIRCLE('',#4289,3.75);
#1424=CIRCLE('',#4290,1.);
#1425=CIRCLE('',#4292,1.);
#1426=CIRCLE('',#4293,3.75);
#1427=CIRCLE('',#4294,1.);
#1428=CIRCLE('',#4296,4.8);
#1429=CIRCLE('',#4298,3.75);
#1430=CIRCLE('',#4300,1.);
#1431=CIRCLE('',#4302,3.75);
#1432=CIRCLE('',#4304,1.);
#1433=CIRCLE('',#4308,4.65857864376269);
#1434=CIRCLE('',#4309,4.65857864376269);
#1435=CIRCLE('',#4311,3.55);
#1436=CIRCLE('',#4312,3.55);
#1437=CIRCLE('',#4314,3.55);
#1438=CIRCLE('',#4319,6.39644660940672);
#1439=CIRCLE('',#4320,0.25);
#1440=CIRCLE('',#4321,6.57322330470336);
#1441=CIRCLE('',#4323,0.25);
#1442=CIRCLE('',#4324,5.75);
#1443=CIRCLE('',#4325,0.25);
#1444=CIRCLE('',#4326,5.75);
#1445=CIRCLE('',#4327,0.25);
#1446=CIRCLE('',#4328,5.75);
#1447=CIRCLE('',#4329,0.25);
#1448=CIRCLE('',#4330,5.75);
#1449=CIRCLE('',#4331,0.25);
#1450=CIRCLE('',#4332,5.75);
#1451=CIRCLE('',#4333,0.25);
#1452=CIRCLE('',#4334,5.75);
#1453=CIRCLE('',#4335,0.25);
#1454=CIRCLE('',#4336,5.75);
#1455=CIRCLE('',#4337,0.25);
#1456=CIRCLE('',#4338,5.75);
#1457=CIRCLE('',#4339,0.25);
#1458=CIRCLE('',#4340,5.75);
#1459=CIRCLE('',#4341,0.25);
#1460=CIRCLE('',#4342,5.75);
#1461=CIRCLE('',#4343,0.25);
#1462=CIRCLE('',#4344,5.75);
#1463=CIRCLE('',#4345,0.25);
#1464=CIRCLE('',#4346,5.75);
#1465=CIRCLE('',#4348,7.1);
#1466=CIRCLE('',#4352,5.5);
#1467=CIRCLE('',#4356,0.249999999999999);
#1468=CIRCLE('',#4357,0.249999999999999);
#1469=CIRCLE('',#4358,0.5);
#1470=CIRCLE('',#4363,5.5);
#1471=CIRCLE('',#4367,0.249999999999999);
#1472=CIRCLE('',#4368,0.249999999999999);
#1473=CIRCLE('',#4369,0.5);
#1474=CIRCLE('',#4374,5.5);
#1475=CIRCLE('',#4378,0.249999999999999);
#1476=CIRCLE('',#4379,0.249999999999999);
#1477=CIRCLE('',#4380,0.5);
#1478=CIRCLE('',#4385,5.5);
#1479=CIRCLE('',#4389,0.249999999999999);
#1480=CIRCLE('',#4390,0.249999999999999);
#1481=CIRCLE('',#4391,0.5);
#1482=CIRCLE('',#4396,5.5);
#1483=CIRCLE('',#4400,0.249999999999999);
#1484=CIRCLE('',#4401,0.249999999999999);
#1485=CIRCLE('',#4402,0.5);
#1486=CIRCLE('',#4407,5.5);
#1487=CIRCLE('',#4411,0.25);
#1488=CIRCLE('',#4413,0.25);
#1489=CIRCLE('',#4414,0.5);
#1490=CIRCLE('',#4418,5.5);
#1491=CIRCLE('',#4422,0.249999999999999);
#1492=CIRCLE('',#4423,0.249999999999999);
#1493=CIRCLE('',#4424,0.5);
#1494=CIRCLE('',#4429,5.5);
#1495=CIRCLE('',#4433,0.249999999999999);
#1496=CIRCLE('',#4434,0.249999999999999);
#1497=CIRCLE('',#4435,0.5);
#1498=CIRCLE('',#4440,5.5);
#1499=CIRCLE('',#4444,0.249999999999999);
#1500=CIRCLE('',#4445,0.249999999999999);
#1501=CIRCLE('',#4446,0.5);
#1502=CIRCLE('',#4451,5.5);
#1503=CIRCLE('',#4455,0.249999999999999);
#1504=CIRCLE('',#4456,0.249999999999999);
#1505=CIRCLE('',#4457,0.5);
#1506=CIRCLE('',#4462,5.5);
#1507=CIRCLE('',#4466,0.249999999999999);
#1508=CIRCLE('',#4467,0.249999999999999);
#1509=CIRCLE('',#4468,0.5);
#1510=CIRCLE('',#4473,5.5);
#1511=CIRCLE('',#4477,0.249999999999999);
#1512=CIRCLE('',#4478,0.249999999999999);
#1513=CIRCLE('',#4479,0.5);
#1514=CIRCLE('',#4483,5.5);
#1515=CIRCLE('',#4484,5.5);
#1516=CIRCLE('',#4491,5.5);
#1517=CIRCLE('',#4498,5.5);
#1518=CIRCLE('',#4505,5.5);
#1519=CIRCLE('',#4512,5.5);
#1520=CIRCLE('',#4519,5.5);
#1521=CIRCLE('',#4525,4.65);
#1522=CIRCLE('',#4526,0.25);
#1523=CIRCLE('',#4527,4.9);
#1524=CIRCLE('',#4528,4.65);
#1525=CIRCLE('',#4530,4.65);
#1526=CIRCLE('',#4531,4.65);
#1527=CIRCLE('',#4533,7.7);
#1528=CIRCLE('',#4534,7.25);
#1529=CIRCLE('',#4535,7.7);
#1530=CIRCLE('',#4536,7.25);
#1531=CIRCLE('',#4537,7.7);
#1532=CIRCLE('',#4538,7.25);
#1533=CIRCLE('',#4539,7.7);
#1534=CIRCLE('',#4540,7.25);
#1535=CIRCLE('',#4541,7.7);
#1536=CIRCLE('',#4542,7.25);
#1537=CIRCLE('',#4543,7.7);
#1538=CIRCLE('',#4544,7.25);
#1539=CIRCLE('',#4559,1.);
#1540=CIRCLE('',#4560,1.);
#1541=CIRCLE('',#4563,7.35);
#1542=CIRCLE('',#4565,3.6);
#1543=CIRCLE('',#4566,5.5);
#1544=CIRCLE('',#4567,5.5);
#1545=CIRCLE('',#4568,5.5);
#1546=CIRCLE('',#4569,5.5);
#1547=CIRCLE('',#4570,5.5);
#1548=CIRCLE('',#4571,5.5);
#1549=CIRCLE('',#4582,0.25);
#1550=CIRCLE('',#4583,4.4);
#1551=CIRCLE('',#4585,3.35);
#1552=CIRCLE('',#4591,3.35);
#1553=CIRCLE('',#4592,3.34999999999998);
#1554=CIRCLE('',#4593,3.35);
#1555=CIRCLE('',#4594,3.35000000000002);
#1556=CIRCLE('',#4596,3.35);
#1557=CIRCLE('',#4598,3.35);
#1558=CIRCLE('',#4600,3.35);
#1559=CIRCLE('',#4602,3.35);
#1560=CIRCLE('',#4603,3.35);
#1561=CIRCLE('',#4621,7.95);
#1562=CIRCLE('',#4624,7.95);
#1563=CIRCLE('',#4626,7.95);
#1564=CIRCLE('',#4628,7.95);
#1565=CIRCLE('',#4630,7.95);
#1566=CIRCLE('',#4632,7.95);
#1567=CIRCLE('',#4634,7.95);
#1568=CIRCLE('',#4636,7.95);
#1569=CIRCLE('',#4638,7.95);
#1570=CIRCLE('',#4640,7.95);
#1571=CIRCLE('',#4642,7.95);
#1572=CIRCLE('',#4644,7.95);
#1573=CIRCLE('',#4646,7.95);
#1574=CIRCLE('',#4651,7.5);
#1575=CIRCLE('',#4660,7.5);
#1576=CIRCLE('',#4666,7.5);
#1577=CIRCLE('',#4674,7.5);
#1578=CIRCLE('',#4681,7.5);
#1579=CIRCLE('',#4689,7.5);
#1580=CIRCLE('',#4695,7.5);
#1581=CIRCLE('',#4703,7.5);
#1582=CIRCLE('',#4709,7.5);
#1583=CIRCLE('',#4716,7.5);
#1584=CIRCLE('',#4721,7.5);
#1585=CIRCLE('',#4725,7.5);
#1586=VERTEX_POINT('',#5977);
#1587=VERTEX_POINT('',#5979);
#1588=VERTEX_POINT('',#5982);
#1589=VERTEX_POINT('',#5986);
#1590=VERTEX_POINT('',#5990);
#1591=VERTEX_POINT('',#5992);
#1592=VERTEX_POINT('',#5994);
#1593=VERTEX_POINT('',#5998);
#1594=VERTEX_POINT('',#6002);
#1595=VERTEX_POINT('',#6003);
#1596=VERTEX_POINT('',#6005);
#1597=VERTEX_POINT('',#6007);
#1598=VERTEX_POINT('',#6012);
#1599=VERTEX_POINT('',#6013);
#1600=VERTEX_POINT('',#6015);
#1601=VERTEX_POINT('',#6017);
#1602=VERTEX_POINT('',#6021);
#1603=VERTEX_POINT('',#6022);
#1604=VERTEX_POINT('',#6024);
#1605=VERTEX_POINT('',#6026);
#1606=VERTEX_POINT('',#6030);
#1607=VERTEX_POINT('',#6031);
#1608=VERTEX_POINT('',#6033);
#1609=VERTEX_POINT('',#6035);
#1610=VERTEX_POINT('',#6039);
#1611=VERTEX_POINT('',#6040);
#1612=VERTEX_POINT('',#6042);
#1613=VERTEX_POINT('',#6044);
#1614=VERTEX_POINT('',#6053);
#1615=VERTEX_POINT('',#6063);
#1616=VERTEX_POINT('',#6067);
#1617=VERTEX_POINT('',#6069);
#1618=VERTEX_POINT('',#6071);
#1619=VERTEX_POINT('',#6073);
#1620=VERTEX_POINT('',#6077);
#1621=VERTEX_POINT('',#6079);
#1622=VERTEX_POINT('',#6083);
#1623=VERTEX_POINT('',#6085);
#1624=VERTEX_POINT('',#6089);
#1625=VERTEX_POINT('',#6093);
#1626=VERTEX_POINT('',#6094);
#1627=VERTEX_POINT('',#6105);
#1628=VERTEX_POINT('',#6112);
#1629=VERTEX_POINT('',#6126);
#1630=VERTEX_POINT('',#6127);
#1631=VERTEX_POINT('',#6132);
#1632=VERTEX_POINT('',#6133);
#1633=VERTEX_POINT('',#6138);
#1634=VERTEX_POINT('',#6146);
#1635=VERTEX_POINT('',#6148);
#1636=VERTEX_POINT('',#6152);
#1637=VERTEX_POINT('',#6153);
#1638=VERTEX_POINT('',#6155);
#1639=VERTEX_POINT('',#6157);
#1640=VERTEX_POINT('',#6159);
#1641=VERTEX_POINT('',#6161);
#1642=VERTEX_POINT('',#6163);
#1643=VERTEX_POINT('',#6165);
#1644=VERTEX_POINT('',#6167);
#1645=VERTEX_POINT('',#6169);
#1646=VERTEX_POINT('',#6171);
#1647=VERTEX_POINT('',#6173);
#1648=VERTEX_POINT('',#6175);
#1649=VERTEX_POINT('',#6177);
#1650=VERTEX_POINT('',#6179);
#1651=VERTEX_POINT('',#6181);
#1652=VERTEX_POINT('',#6183);
#1653=VERTEX_POINT('',#6185);
#1654=VERTEX_POINT('',#6187);
#1655=VERTEX_POINT('',#6189);
#1656=VERTEX_POINT('',#6191);
#1657=VERTEX_POINT('',#6193);
#1658=VERTEX_POINT('',#6195);
#1659=VERTEX_POINT('',#6197);
#1660=VERTEX_POINT('',#6199);
#1661=VERTEX_POINT('',#6201);
#1662=VERTEX_POINT('',#6203);
#1663=VERTEX_POINT('',#6205);
#1664=VERTEX_POINT('',#6207);
#1665=VERTEX_POINT('',#6209);
#1666=VERTEX_POINT('',#6211);
#1667=VERTEX_POINT('',#6213);
#1668=VERTEX_POINT('',#6215);
#1669=VERTEX_POINT('',#6217);
#1670=VERTEX_POINT('',#6219);
#1671=VERTEX_POINT('',#6221);
#1672=VERTEX_POINT('',#6223);
#1673=VERTEX_POINT('',#6225);
#1674=VERTEX_POINT('',#6227);
#1675=VERTEX_POINT('',#6229);
#1676=VERTEX_POINT('',#6231);
#1677=VERTEX_POINT('',#6233);
#1678=VERTEX_POINT('',#6235);
#1679=VERTEX_POINT('',#6237);
#1680=VERTEX_POINT('',#6239);
#1681=VERTEX_POINT('',#6241);
#1682=VERTEX_POINT('',#6243);
#1683=VERTEX_POINT('',#6245);
#1684=VERTEX_POINT('',#6247);
#1685=VERTEX_POINT('',#6249);
#1686=VERTEX_POINT('',#6251);
#1687=VERTEX_POINT('',#6253);
#1688=VERTEX_POINT('',#6255);
#1689=VERTEX_POINT('',#6257);
#1690=VERTEX_POINT('',#6259);
#1691=VERTEX_POINT('',#6261);
#1692=VERTEX_POINT('',#6263);
#1693=VERTEX_POINT('',#6265);
#1694=VERTEX_POINT('',#6267);
#1695=VERTEX_POINT('',#6269);
#1696=VERTEX_POINT('',#6271);
#1697=VERTEX_POINT('',#6273);
#1698=VERTEX_POINT('',#6275);
#1699=VERTEX_POINT('',#6277);
#1700=VERTEX_POINT('',#6279);
#1701=VERTEX_POINT('',#6281);
#1702=VERTEX_POINT('',#6283);
#1703=VERTEX_POINT('',#6285);
#1704=VERTEX_POINT('',#6287);
#1705=VERTEX_POINT('',#6289);
#1706=VERTEX_POINT('',#6291);
#1707=VERTEX_POINT('',#6293);
#1708=VERTEX_POINT('',#6297);
#1709=VERTEX_POINT('',#6301);
#1710=VERTEX_POINT('',#6316);
#1711=VERTEX_POINT('',#6320);
#1712=VERTEX_POINT('',#6337);
#1713=VERTEX_POINT('',#6341);
#1714=VERTEX_POINT('',#6359);
#1715=VERTEX_POINT('',#6363);
#1716=VERTEX_POINT('',#6367);
#1717=VERTEX_POINT('',#6384);
#1718=VERTEX_POINT('',#6401);
#1719=VERTEX_POINT('',#6405);
#1720=VERTEX_POINT('',#6423);
#1721=VERTEX_POINT('',#6427);
#1722=VERTEX_POINT('',#6431);
#1723=VERTEX_POINT('',#6448);
#1724=VERTEX_POINT('',#6465);
#1725=VERTEX_POINT('',#6469);
#1726=VERTEX_POINT('',#6487);
#1727=VERTEX_POINT('',#6491);
#1728=VERTEX_POINT('',#6495);
#1729=VERTEX_POINT('',#6512);
#1730=VERTEX_POINT('',#6529);
#1731=VERTEX_POINT('',#6533);
#1732=VERTEX_POINT('',#6551);
#1733=VERTEX_POINT('',#6555);
#1734=VERTEX_POINT('',#6559);
#1735=VERTEX_POINT('',#6576);
#1736=VERTEX_POINT('',#6593);
#1737=VERTEX_POINT('',#6597);
#1738=VERTEX_POINT('',#6615);
#1739=VERTEX_POINT('',#6619);
#1740=VERTEX_POINT('',#6623);
#1741=VERTEX_POINT('',#6640);
#1742=VERTEX_POINT('',#6657);
#1743=VERTEX_POINT('',#6661);
#1744=VERTEX_POINT('',#6662);
#1745=VERTEX_POINT('',#6681);
#1746=VERTEX_POINT('',#6687);
#1747=VERTEX_POINT('',#6704);
#1748=VERTEX_POINT('',#6721);
#1749=VERTEX_POINT('',#6725);
#1750=VERTEX_POINT('',#6743);
#1751=VERTEX_POINT('',#6747);
#1752=VERTEX_POINT('',#6751);
#1753=VERTEX_POINT('',#6768);
#1754=VERTEX_POINT('',#6785);
#1755=VERTEX_POINT('',#6789);
#1756=VERTEX_POINT('',#6807);
#1757=VERTEX_POINT('',#6811);
#1758=VERTEX_POINT('',#6815);
#1759=VERTEX_POINT('',#6832);
#1760=VERTEX_POINT('',#6849);
#1761=VERTEX_POINT('',#6853);
#1762=VERTEX_POINT('',#6871);
#1763=VERTEX_POINT('',#6875);
#1764=VERTEX_POINT('',#6879);
#1765=VERTEX_POINT('',#6896);
#1766=VERTEX_POINT('',#6913);
#1767=VERTEX_POINT('',#6917);
#1768=VERTEX_POINT('',#6935);
#1769=VERTEX_POINT('',#6939);
#1770=VERTEX_POINT('',#6943);
#1771=VERTEX_POINT('',#6960);
#1772=VERTEX_POINT('',#6977);
#1773=VERTEX_POINT('',#6981);
#1774=VERTEX_POINT('',#6999);
#1775=VERTEX_POINT('',#7003);
#1776=VERTEX_POINT('',#7007);
#1777=VERTEX_POINT('',#7024);
#1778=VERTEX_POINT('',#7041);
#1779=VERTEX_POINT('',#7045);
#1780=VERTEX_POINT('',#7063);
#1781=VERTEX_POINT('',#7069);
#1782=VERTEX_POINT('',#7071);
#1783=VERTEX_POINT('',#7077);
#1784=VERTEX_POINT('',#7079);
#1785=VERTEX_POINT('',#7083);
#1786=VERTEX_POINT('',#7089);
#1787=VERTEX_POINT('',#7093);
#1788=VERTEX_POINT('',#7114);
#1789=VERTEX_POINT('',#7118);
#1790=VERTEX_POINT('',#7124);
#1791=VERTEX_POINT('',#7128);
#1792=VERTEX_POINT('',#7134);
#1793=VERTEX_POINT('',#7138);
#1794=VERTEX_POINT('',#7159);
#1795=VERTEX_POINT('',#7163);
#1796=VERTEX_POINT('',#7169);
#1797=VERTEX_POINT('',#7173);
#1798=VERTEX_POINT('',#7179);
#1799=VERTEX_POINT('',#7183);
#1800=VERTEX_POINT('',#7204);
#1801=VERTEX_POINT('',#7208);
#1802=VERTEX_POINT('',#7214);
#1803=VERTEX_POINT('',#7218);
#1804=VERTEX_POINT('',#7224);
#1805=VERTEX_POINT('',#7228);
#1806=VERTEX_POINT('',#7249);
#1807=VERTEX_POINT('',#7253);
#1808=VERTEX_POINT('',#7259);
#1809=VERTEX_POINT('',#7263);
#1810=VERTEX_POINT('',#7269);
#1811=VERTEX_POINT('',#7273);
#1812=VERTEX_POINT('',#7294);
#1813=VERTEX_POINT('',#7298);
#1814=VERTEX_POINT('',#7304);
#1815=VERTEX_POINT('',#7308);
#1816=VERTEX_POINT('',#7314);
#1817=VERTEX_POINT('',#7318);
#1818=VERTEX_POINT('',#7339);
#1819=VERTEX_POINT('',#7343);
#1820=VERTEX_POINT('',#7344);
#1821=VERTEX_POINT('',#7346);
#1822=VERTEX_POINT('',#7351);
#1823=VERTEX_POINT('',#7353);
#1824=VERTEX_POINT('',#7357);
#1825=VERTEX_POINT('',#7358);
#1826=VERTEX_POINT('',#7360);
#1827=VERTEX_POINT('',#7362);
#1828=VERTEX_POINT('',#7364);
#1829=VERTEX_POINT('',#7366);
#1830=VERTEX_POINT('',#7368);
#1831=VERTEX_POINT('',#7370);
#1832=VERTEX_POINT('',#7372);
#1833=VERTEX_POINT('',#7374);
#1834=VERTEX_POINT('',#7376);
#1835=VERTEX_POINT('',#7378);
#1836=VERTEX_POINT('',#7380);
#1837=VERTEX_POINT('',#7382);
#1838=VERTEX_POINT('',#7384);
#1839=VERTEX_POINT('',#7386);
#1840=VERTEX_POINT('',#7388);
#1841=VERTEX_POINT('',#7390);
#1842=VERTEX_POINT('',#7392);
#1843=VERTEX_POINT('',#7394);
#1844=VERTEX_POINT('',#7396);
#1845=VERTEX_POINT('',#7398);
#1846=VERTEX_POINT('',#7400);
#1847=VERTEX_POINT('',#7402);
#1848=VERTEX_POINT('',#7406);
#1849=VERTEX_POINT('',#7408);
#1850=VERTEX_POINT('',#7431);
#1851=VERTEX_POINT('',#7433);
#1852=VERTEX_POINT('',#7454);
#1853=VERTEX_POINT('',#7458);
#1854=VERTEX_POINT('',#7460);
#1855=VERTEX_POINT('',#7481);
#1856=VERTEX_POINT('',#7485);
#1857=VERTEX_POINT('',#7487);
#1858=VERTEX_POINT('',#7508);
#1859=VERTEX_POINT('',#7512);
#1860=VERTEX_POINT('',#7514);
#1861=VERTEX_POINT('',#7535);
#1862=VERTEX_POINT('',#7539);
#1863=VERTEX_POINT('',#7541);
#1864=VERTEX_POINT('',#7562);
#1865=VERTEX_POINT('',#7566);
#1866=VERTEX_POINT('',#7570);
#1867=VERTEX_POINT('',#7572);
#1868=VERTEX_POINT('',#7577);
#1869=VERTEX_POINT('',#7580);
#1870=VERTEX_POINT('',#7583);
#1871=VERTEX_POINT('',#7587);
#1872=VERTEX_POINT('',#7592);
#1873=VERTEX_POINT('',#7596);
#1874=VERTEX_POINT('',#7598);
#1875=VERTEX_POINT('',#7603);
#1876=VERTEX_POINT('',#7607);
#1877=VERTEX_POINT('',#7609);
#1878=VERTEX_POINT('',#7614);
#1879=VERTEX_POINT('',#7618);
#1880=VERTEX_POINT('',#7620);
#1881=VERTEX_POINT('',#7625);
#1882=VERTEX_POINT('',#7629);
#1883=VERTEX_POINT('',#7631);
#1884=VERTEX_POINT('',#7636);
#1885=VERTEX_POINT('',#7640);
#1886=VERTEX_POINT('',#7642);
#1887=VERTEX_POINT('',#7666);
#1888=VERTEX_POINT('',#7670);
#1889=VERTEX_POINT('',#7673);
#1890=VERTEX_POINT('',#7674);
#1891=VERTEX_POINT('',#7676);
#1892=VERTEX_POINT('',#7678);
#1893=VERTEX_POINT('',#7682);
#1894=VERTEX_POINT('',#7683);
#1895=VERTEX_POINT('',#7685);
#1896=VERTEX_POINT('',#7687);
#1897=VERTEX_POINT('',#7691);
#1898=VERTEX_POINT('',#7692);
#1899=VERTEX_POINT('',#7694);
#1900=VERTEX_POINT('',#7696);
#1901=VERTEX_POINT('',#7700);
#1902=VERTEX_POINT('',#7701);
#1903=VERTEX_POINT('',#7703);
#1904=VERTEX_POINT('',#7705);
#1905=VERTEX_POINT('',#7720);
#1906=VERTEX_POINT('',#7749);
#1907=VERTEX_POINT('',#7753);
#1908=VERTEX_POINT('',#7755);
#1909=VERTEX_POINT('',#7757);
#1910=VERTEX_POINT('',#7759);
#1911=VERTEX_POINT('',#7761);
#1912=VERTEX_POINT('',#7763);
#1913=VERTEX_POINT('',#7765);
#1914=VERTEX_POINT('',#7767);
#1915=VERTEX_POINT('',#7769);
#1916=VERTEX_POINT('',#7771);
#1917=VERTEX_POINT('',#7773);
#1918=VERTEX_POINT('',#7775);
#1919=VERTEX_POINT('',#7777);
#1920=VERTEX_POINT('',#7779);
#1921=VERTEX_POINT('',#7781);
#1922=VERTEX_POINT('',#7783);
#1923=VERTEX_POINT('',#7785);
#1924=VERTEX_POINT('',#7787);
#1925=VERTEX_POINT('',#7789);
#1926=VERTEX_POINT('',#7791);
#1927=VERTEX_POINT('',#7793);
#1928=VERTEX_POINT('',#7795);
#1929=VERTEX_POINT('',#7797);
#1930=VERTEX_POINT('',#7799);
#1931=VERTEX_POINT('',#7801);
#1932=VERTEX_POINT('',#7805);
#1933=VERTEX_POINT('',#7806);
#1934=VERTEX_POINT('',#7814);
#1935=VERTEX_POINT('',#7819);
#1936=VERTEX_POINT('',#7823);
#1937=VERTEX_POINT('',#7829);
#1938=VERTEX_POINT('',#7836);
#1939=VERTEX_POINT('',#7842);
#1940=VERTEX_POINT('',#7848);
#1941=VERTEX_POINT('',#7860);
#1942=VERTEX_POINT('',#7861);
#1943=VERTEX_POINT('',#7869);
#1944=VERTEX_POINT('',#7874);
#1945=VERTEX_POINT('',#7878);
#1946=VERTEX_POINT('',#7889);
#1947=VERTEX_POINT('',#7895);
#1948=VERTEX_POINT('',#7901);
#1949=VERTEX_POINT('',#7910);
#1950=VERTEX_POINT('',#7919);
#1951=VERTEX_POINT('',#7920);
#1952=VERTEX_POINT('',#7928);
#1953=VERTEX_POINT('',#7933);
#1954=VERTEX_POINT('',#7937);
#1955=VERTEX_POINT('',#7948);
#1956=VERTEX_POINT('',#7954);
#1957=VERTEX_POINT('',#7960);
#1958=VERTEX_POINT('',#7969);
#1959=VERTEX_POINT('',#7970);
#1960=VERTEX_POINT('',#7978);
#1961=VERTEX_POINT('',#7983);
#1962=VERTEX_POINT('',#7987);
#1963=VERTEX_POINT('',#7998);
#1964=VERTEX_POINT('',#8004);
#1965=VERTEX_POINT('',#8010);
#1966=VERTEX_POINT('',#8019);
#1967=VERTEX_POINT('',#8020);
#1968=VERTEX_POINT('',#8028);
#1969=VERTEX_POINT('',#8033);
#1970=VERTEX_POINT('',#8037);
#1971=VERTEX_POINT('',#8048);
#1972=VERTEX_POINT('',#8057);
#1973=VERTEX_POINT('',#8063);
#1974=VERTEX_POINT('',#8072);
#1975=VERTEX_POINT('',#8079);
#1976=VERTEX_POINT('',#8084);
#1977=VERTEX_POINT('',#8088);
#1978=VERTEX_POINT('',#8096);
#1979=VERTEX_POINT('',#8098);
#1980=EDGE_CURVE('',#1586,#1586,#1396,.T.);
#1981=EDGE_CURVE('',#1587,#1587,#1397,.T.);
#1982=EDGE_CURVE('',#1588,#1588,#1398,.T.);
#1983=EDGE_CURVE('',#1588,#1586,#246,.T.);
#1984=EDGE_CURVE('',#1587,#1589,#247,.T.);
#1985=EDGE_CURVE('',#1589,#1589,#1399,.T.);
#1986=EDGE_CURVE('',#1590,#1590,#1400,.T.);
#1987=EDGE_CURVE('',#1590,#1591,#248,.T.);
#1988=EDGE_CURVE('',#1591,#1592,#1401,.T.);
#1989=EDGE_CURVE('',#1592,#1591,#1402,.T.);
#1990=EDGE_CURVE('',#1592,#1593,#249,.T.);
#1991=EDGE_CURVE('',#1593,#1593,#1403,.T.);
#1992=EDGE_CURVE('',#1594,#1595,#1404,.T.);
#1993=EDGE_CURVE('',#1596,#1594,#1405,.T.);
#1994=EDGE_CURVE('',#1597,#1596,#1406,.T.);
#1995=EDGE_CURVE('',#1595,#1597,#1407,.T.);
#1996=EDGE_CURVE('',#1598,#1599,#250,.T.);
#1997=EDGE_CURVE('',#1598,#1600,#251,.T.);
#1998=EDGE_CURVE('',#1601,#1600,#252,.T.);
#1999=EDGE_CURVE('',#1599,#1601,#253,.T.);
#2000=EDGE_CURVE('',#1602,#1603,#254,.T.);
#2001=EDGE_CURVE('',#1602,#1604,#255,.T.);
#2002=EDGE_CURVE('',#1605,#1604,#256,.T.);
#2003=EDGE_CURVE('',#1603,#1605,#257,.T.);
#2004=EDGE_CURVE('',#1606,#1607,#258,.T.);
#2005=EDGE_CURVE('',#1606,#1608,#259,.T.);
#2006=EDGE_CURVE('',#1609,#1608,#260,.T.);
#2007=EDGE_CURVE('',#1607,#1609,#261,.T.);
#2008=EDGE_CURVE('',#1610,#1611,#262,.T.);
#2009=EDGE_CURVE('',#1610,#1612,#263,.T.);
#2010=EDGE_CURVE('',#1613,#1612,#264,.T.);
#2011=EDGE_CURVE('',#1611,#1613,#265,.T.);
#2012=EDGE_CURVE('',#1600,#1613,#1408,.T.);
#2013=EDGE_CURVE('',#1612,#1609,#1409,.T.);
#2014=EDGE_CURVE('',#1608,#1605,#1410,.T.);
#2015=EDGE_CURVE('',#1604,#1601,#1411,.T.);
#2016=EDGE_CURVE('',#1611,#1614,#1412,.T.);
#2017=EDGE_CURVE('',#1614,#1610,#1413,.T.);
#2018=EDGE_CURVE('',#1599,#1598,#1414,.T.);
#2019=EDGE_CURVE('',#1603,#1602,#1415,.T.);
#2020=EDGE_CURVE('',#1607,#1606,#1416,.T.);
#2021=EDGE_CURVE('',#1614,#1615,#266,.T.);
#2022=EDGE_CURVE('',#1615,#1615,#1417,.T.);
#2023=EDGE_CURVE('',#1616,#1616,#1418,.T.);
#2024=EDGE_CURVE('',#1616,#1617,#267,.T.);
#2025=EDGE_CURVE('',#1617,#1618,#1419,.T.);
#2026=EDGE_CURVE('',#1618,#1619,#1420,.T.);
#2027=EDGE_CURVE('',#1619,#1617,#1421,.T.);
#2028=EDGE_CURVE('',#1619,#1620,#1422,.T.);
#2029=EDGE_CURVE('',#1620,#1621,#1423,.T.);
#2030=EDGE_CURVE('',#1621,#1618,#1424,.T.);
#2031=EDGE_CURVE('',#1618,#1622,#1425,.T.);
#2032=EDGE_CURVE('',#1622,#1623,#1426,.T.);
#2033=EDGE_CURVE('',#1623,#1619,#1427,.T.);
#2034=EDGE_CURVE('',#1624,#1624,#1428,.T.);
#2035=EDGE_CURVE('',#1624,#1616,#268,.T.);
#2036=EDGE_CURVE('',#1625,#1626,#1429,.T.);
#2037=EDGE_CURVE('',#1626,#1594,#163,.T.);
#2038=EDGE_CURVE('',#1595,#1625,#164,.T.);
#2039=EDGE_CURVE('',#1597,#1627,#165,.T.);
#2040=EDGE_CURVE('',#1627,#1625,#1430,.T.);
#2041=EDGE_CURVE('',#1628,#1627,#1431,.T.);
#2042=EDGE_CURVE('',#1596,#1628,#166,.T.);
#2043=EDGE_CURVE('',#1626,#1628,#1432,.T.);
#2044=EDGE_CURVE('',#1626,#1620,#269,.T.);
#2045=EDGE_CURVE('',#1628,#1623,#270,.T.);
#2046=EDGE_CURVE('',#1625,#1621,#271,.T.);
#2047=EDGE_CURVE('',#1629,#1630,#1433,.T.);
#2048=EDGE_CURVE('',#1630,#1629,#1434,.T.);
#2049=EDGE_CURVE('',#1629,#1624,#272,.T.);
#2050=EDGE_CURVE('',#1631,#1632,#1435,.T.);
#2051=EDGE_CURVE('',#1632,#1631,#1436,.T.);
#2052=EDGE_CURVE('',#1632,#1630,#273,.T.);
#2053=EDGE_CURVE('',#1633,#1633,#1437,.T.);
#2054=EDGE_CURVE('',#1633,#1631,#274,.T.);
#2055=EDGE_CURVE('',#1627,#1622,#275,.T.);
#2056=EDGE_CURVE('',#1634,#1634,#1438,.T.);
#2057=EDGE_CURVE('',#1634,#1635,#1439,.T.);
#2058=EDGE_CURVE('',#1635,#1635,#1440,.T.);
#2059=EDGE_CURVE('',#1636,#1637,#276,.T.);
#2060=EDGE_CURVE('',#1638,#1636,#1441,.T.);
#2061=EDGE_CURVE('',#1639,#1638,#277,.T.);
#2062=EDGE_CURVE('',#1640,#1639,#278,.T.);
#2063=EDGE_CURVE('',#1641,#1640,#1442,.T.);
#2064=EDGE_CURVE('',#1642,#1641,#279,.T.);
#2065=EDGE_CURVE('',#1643,#1642,#280,.T.);
#2066=EDGE_CURVE('',#1644,#1643,#1443,.T.);
#2067=EDGE_CURVE('',#1645,#1644,#281,.T.);
#2068=EDGE_CURVE('',#1646,#1645,#282,.T.);
#2069=EDGE_CURVE('',#1647,#1646,#1444,.T.);
#2070=EDGE_CURVE('',#1648,#1647,#283,.T.);
#2071=EDGE_CURVE('',#1649,#1648,#284,.T.);
#2072=EDGE_CURVE('',#1650,#1649,#1445,.T.);
#2073=EDGE_CURVE('',#1651,#1650,#285,.T.);
#2074=EDGE_CURVE('',#1652,#1651,#286,.T.);
#2075=EDGE_CURVE('',#1653,#1652,#1446,.T.);
#2076=EDGE_CURVE('',#1654,#1653,#287,.T.);
#2077=EDGE_CURVE('',#1655,#1654,#288,.T.);
#2078=EDGE_CURVE('',#1656,#1655,#1447,.T.);
#2079=EDGE_CURVE('',#1657,#1656,#289,.T.);
#2080=EDGE_CURVE('',#1658,#1657,#290,.T.);
#2081=EDGE_CURVE('',#1659,#1658,#1448,.T.);
#2082=EDGE_CURVE('',#1660,#1659,#291,.T.);
#2083=EDGE_CURVE('',#1661,#1660,#292,.T.);
#2084=EDGE_CURVE('',#1662,#1661,#1449,.T.);
#2085=EDGE_CURVE('',#1663,#1662,#293,.T.);
#2086=EDGE_CURVE('',#1664,#1663,#294,.T.);
#2087=EDGE_CURVE('',#1665,#1664,#1450,.T.);
#2088=EDGE_CURVE('',#1666,#1665,#295,.T.);
#2089=EDGE_CURVE('',#1667,#1666,#296,.T.);
#2090=EDGE_CURVE('',#1668,#1667,#1451,.T.);
#2091=EDGE_CURVE('',#1669,#1668,#297,.T.);
#2092=EDGE_CURVE('',#1670,#1669,#298,.T.);
#2093=EDGE_CURVE('',#1671,#1670,#1452,.T.);
#2094=EDGE_CURVE('',#1672,#1671,#299,.T.);
#2095=EDGE_CURVE('',#1673,#1672,#300,.T.);
#2096=EDGE_CURVE('',#1674,#1673,#1453,.T.);
#2097=EDGE_CURVE('',#1675,#1674,#301,.T.);
#2098=EDGE_CURVE('',#1676,#1675,#302,.T.);
#2099=EDGE_CURVE('',#1677,#1676,#1454,.T.);
#2100=EDGE_CURVE('',#1678,#1677,#303,.T.);
#2101=EDGE_CURVE('',#1679,#1678,#304,.T.);
#2102=EDGE_CURVE('',#1680,#1679,#1455,.T.);
#2103=EDGE_CURVE('',#1681,#1680,#305,.T.);
#2104=EDGE_CURVE('',#1682,#1681,#306,.T.);
#2105=EDGE_CURVE('',#1683,#1682,#1456,.T.);
#2106=EDGE_CURVE('',#1684,#1683,#307,.T.);
#2107=EDGE_CURVE('',#1685,#1684,#308,.T.);
#2108=EDGE_CURVE('',#1686,#1685,#1457,.T.);
#2109=EDGE_CURVE('',#1687,#1686,#309,.T.);
#2110=EDGE_CURVE('',#1688,#1687,#310,.T.);
#2111=EDGE_CURVE('',#1689,#1688,#1458,.T.);
#2112=EDGE_CURVE('',#1690,#1689,#311,.T.);
#2113=EDGE_CURVE('',#1691,#1690,#312,.T.);
#2114=EDGE_CURVE('',#1692,#1691,#1459,.T.);
#2115=EDGE_CURVE('',#1693,#1692,#313,.T.);
#2116=EDGE_CURVE('',#1694,#1693,#314,.T.);
#2117=EDGE_CURVE('',#1695,#1694,#1460,.T.);
#2118=EDGE_CURVE('',#1696,#1695,#315,.T.);
#2119=EDGE_CURVE('',#1697,#1696,#316,.T.);
#2120=EDGE_CURVE('',#1698,#1697,#1461,.T.);
#2121=EDGE_CURVE('',#1699,#1698,#317,.T.);
#2122=EDGE_CURVE('',#1700,#1699,#318,.T.);
#2123=EDGE_CURVE('',#1701,#1700,#1462,.T.);
#2124=EDGE_CURVE('',#1702,#1701,#319,.T.);
#2125=EDGE_CURVE('',#1703,#1702,#320,.T.);
#2126=EDGE_CURVE('',#1704,#1703,#1463,.T.);
#2127=EDGE_CURVE('',#1705,#1704,#321,.T.);
#2128=EDGE_CURVE('',#1706,#1705,#322,.T.);
#2129=EDGE_CURVE('',#1707,#1706,#1464,.T.);
#2130=EDGE_CURVE('',#1637,#1707,#323,.T.);
#2131=EDGE_CURVE('',#1708,#1708,#1465,.T.);
#2132=EDGE_CURVE('',#1708,#1635,#324,.T.);
#2133=EDGE_CURVE('',#1671,#1709,#167,.T.);
#2134=EDGE_CURVE('',#1709,#1710,#325,.T.);
#2135=EDGE_CURVE('',#1672,#1710,#85,.T.);
#2136=EDGE_CURVE('',#1670,#1711,#168,.T.);
#2137=EDGE_CURVE('',#1711,#1709,#1466,.T.);
#2138=EDGE_CURVE('',#1669,#1712,#86,.T.);
#2139=EDGE_CURVE('',#1712,#1711,#326,.T.);
#2140=EDGE_CURVE('',#1668,#1713,#1467,.T.);
#2141=EDGE_CURVE('',#1713,#1712,#327,.T.);
#2142=EDGE_CURVE('',#1667,#1714,#1468,.T.);
#2143=EDGE_CURVE('',#1714,#1713,#1469,.T.);
#2144=EDGE_CURVE('',#1715,#1714,#328,.T.);
#2145=EDGE_CURVE('',#1666,#1715,#87,.T.);
#2146=EDGE_CURVE('',#1665,#1716,#169,.T.);
#2147=EDGE_CURVE('',#1716,#1715,#329,.T.);
#2148=EDGE_CURVE('',#1664,#1717,#170,.T.);
#2149=EDGE_CURVE('',#1717,#1716,#1470,.T.);
#2150=EDGE_CURVE('',#1663,#1718,#88,.T.);
#2151=EDGE_CURVE('',#1718,#1717,#330,.T.);
#2152=EDGE_CURVE('',#1662,#1719,#1471,.T.);
#2153=EDGE_CURVE('',#1719,#1718,#331,.T.);
#2154=EDGE_CURVE('',#1661,#1720,#1472,.T.);
#2155=EDGE_CURVE('',#1720,#1719,#1473,.T.);
#2156=EDGE_CURVE('',#1721,#1720,#332,.T.);
#2157=EDGE_CURVE('',#1660,#1721,#89,.T.);
#2158=EDGE_CURVE('',#1659,#1722,#171,.T.);
#2159=EDGE_CURVE('',#1722,#1721,#333,.T.);
#2160=EDGE_CURVE('',#1658,#1723,#172,.T.);
#2161=EDGE_CURVE('',#1723,#1722,#1474,.T.);
#2162=EDGE_CURVE('',#1657,#1724,#90,.T.);
#2163=EDGE_CURVE('',#1724,#1723,#334,.T.);
#2164=EDGE_CURVE('',#1656,#1725,#1475,.T.);
#2165=EDGE_CURVE('',#1725,#1724,#335,.T.);
#2166=EDGE_CURVE('',#1655,#1726,#1476,.T.);
#2167=EDGE_CURVE('',#1726,#1725,#1477,.T.);
#2168=EDGE_CURVE('',#1727,#1726,#336,.T.);
#2169=EDGE_CURVE('',#1654,#1727,#91,.T.);
#2170=EDGE_CURVE('',#1653,#1728,#173,.T.);
#2171=EDGE_CURVE('',#1728,#1727,#337,.T.);
#2172=EDGE_CURVE('',#1652,#1729,#174,.T.);
#2173=EDGE_CURVE('',#1729,#1728,#1478,.T.);
#2174=EDGE_CURVE('',#1651,#1730,#92,.T.);
#2175=EDGE_CURVE('',#1730,#1729,#338,.T.);
#2176=EDGE_CURVE('',#1650,#1731,#1479,.T.);
#2177=EDGE_CURVE('',#1731,#1730,#339,.T.);
#2178=EDGE_CURVE('',#1649,#1732,#1480,.T.);
#2179=EDGE_CURVE('',#1732,#1731,#1481,.T.);
#2180=EDGE_CURVE('',#1733,#1732,#340,.T.);
#2181=EDGE_CURVE('',#1648,#1733,#93,.T.);
#2182=EDGE_CURVE('',#1647,#1734,#175,.T.);
#2183=EDGE_CURVE('',#1734,#1733,#341,.T.);
#2184=EDGE_CURVE('',#1646,#1735,#176,.T.);
#2185=EDGE_CURVE('',#1735,#1734,#1482,.T.);
#2186=EDGE_CURVE('',#1645,#1736,#94,.T.);
#2187=EDGE_CURVE('',#1736,#1735,#342,.T.);
#2188=EDGE_CURVE('',#1644,#1737,#1483,.T.);
#2189=EDGE_CURVE('',#1737,#1736,#343,.T.);
#2190=EDGE_CURVE('',#1643,#1738,#1484,.T.);
#2191=EDGE_CURVE('',#1738,#1737,#1485,.T.);
#2192=EDGE_CURVE('',#1739,#1738,#344,.T.);
#2193=EDGE_CURVE('',#1642,#1739,#95,.T.);
#2194=EDGE_CURVE('',#1641,#1740,#177,.T.);
#2195=EDGE_CURVE('',#1740,#1739,#345,.T.);
#2196=EDGE_CURVE('',#1640,#1741,#178,.T.);
#2197=EDGE_CURVE('',#1741,#1740,#1486,.T.);
#2198=EDGE_CURVE('',#1639,#1742,#96,.T.);
#2199=EDGE_CURVE('',#1742,#1741,#346,.T.);
#2200=EDGE_CURVE('',#1743,#1744,#347,.T.);
#2201=EDGE_CURVE('',#1744,#1636,#1487,.T.);
#2202=EDGE_CURVE('',#1637,#1743,#97,.T.);
#2203=EDGE_CURVE('',#1745,#1638,#1488,.T.);
#2204=EDGE_CURVE('',#1744,#1745,#1489,.T.);
#2205=EDGE_CURVE('',#1745,#1742,#348,.T.);
#2206=EDGE_CURVE('',#1746,#1743,#349,.T.);
#2207=EDGE_CURVE('',#1707,#1746,#179,.T.);
#2208=EDGE_CURVE('',#1747,#1746,#1490,.T.);
#2209=EDGE_CURVE('',#1706,#1747,#180,.T.);
#2210=EDGE_CURVE('',#1748,#1747,#350,.T.);
#2211=EDGE_CURVE('',#1705,#1748,#98,.T.);
#2212=EDGE_CURVE('',#1704,#1749,#1491,.T.);
#2213=EDGE_CURVE('',#1749,#1748,#351,.T.);
#2214=EDGE_CURVE('',#1703,#1750,#1492,.T.);
#2215=EDGE_CURVE('',#1750,#1749,#1493,.T.);
#2216=EDGE_CURVE('',#1751,#1750,#352,.T.);
#2217=EDGE_CURVE('',#1702,#1751,#99,.T.);
#2218=EDGE_CURVE('',#1752,#1751,#353,.T.);
#2219=EDGE_CURVE('',#1701,#1752,#181,.T.);
#2220=EDGE_CURVE('',#1753,#1752,#1494,.T.);
#2221=EDGE_CURVE('',#1700,#1753,#182,.T.);
#2222=EDGE_CURVE('',#1754,#1753,#354,.T.);
#2223=EDGE_CURVE('',#1699,#1754,#100,.T.);
#2224=EDGE_CURVE('',#1698,#1755,#1495,.T.);
#2225=EDGE_CURVE('',#1755,#1754,#355,.T.);
#2226=EDGE_CURVE('',#1697,#1756,#1496,.T.);
#2227=EDGE_CURVE('',#1756,#1755,#1497,.T.);
#2228=EDGE_CURVE('',#1757,#1756,#356,.T.);
#2229=EDGE_CURVE('',#1696,#1757,#101,.T.);
#2230=EDGE_CURVE('',#1758,#1757,#357,.T.);
#2231=EDGE_CURVE('',#1695,#1758,#183,.T.);
#2232=EDGE_CURVE('',#1759,#1758,#1498,.T.);
#2233=EDGE_CURVE('',#1694,#1759,#184,.T.);
#2234=EDGE_CURVE('',#1760,#1759,#358,.T.);
#2235=EDGE_CURVE('',#1693,#1760,#102,.T.);
#2236=EDGE_CURVE('',#1692,#1761,#1499,.T.);
#2237=EDGE_CURVE('',#1761,#1760,#359,.T.);
#2238=EDGE_CURVE('',#1691,#1762,#1500,.T.);
#2239=EDGE_CURVE('',#1762,#1761,#1501,.T.);
#2240=EDGE_CURVE('',#1763,#1762,#360,.T.);
#2241=EDGE_CURVE('',#1690,#1763,#103,.T.);
#2242=EDGE_CURVE('',#1764,#1763,#361,.T.);
#2243=EDGE_CURVE('',#1689,#1764,#185,.T.);
#2244=EDGE_CURVE('',#1765,#1764,#1502,.T.);
#2245=EDGE_CURVE('',#1688,#1765,#186,.T.);
#2246=EDGE_CURVE('',#1766,#1765,#362,.T.);
#2247=EDGE_CURVE('',#1687,#1766,#104,.T.);
#2248=EDGE_CURVE('',#1686,#1767,#1503,.T.);
#2249=EDGE_CURVE('',#1767,#1766,#363,.T.);
#2250=EDGE_CURVE('',#1685,#1768,#1504,.T.);
#2251=EDGE_CURVE('',#1768,#1767,#1505,.T.);
#2252=EDGE_CURVE('',#1769,#1768,#364,.T.);
#2253=EDGE_CURVE('',#1684,#1769,#105,.T.);
#2254=EDGE_CURVE('',#1770,#1769,#365,.T.);
#2255=EDGE_CURVE('',#1683,#1770,#187,.T.);
#2256=EDGE_CURVE('',#1771,#1770,#1506,.T.);
#2257=EDGE_CURVE('',#1682,#1771,#188,.T.);
#2258=EDGE_CURVE('',#1772,#1771,#366,.T.);
#2259=EDGE_CURVE('',#1681,#1772,#106,.T.);
#2260=EDGE_CURVE('',#1680,#1773,#1507,.T.);
#2261=EDGE_CURVE('',#1773,#1772,#367,.T.);
#2262=EDGE_CURVE('',#1679,#1774,#1508,.T.);
#2263=EDGE_CURVE('',#1774,#1773,#1509,.T.);
#2264=EDGE_CURVE('',#1775,#1774,#368,.T.);
#2265=EDGE_CURVE('',#1678,#1775,#107,.T.);
#2266=EDGE_CURVE('',#1776,#1775,#369,.T.);
#2267=EDGE_CURVE('',#1677,#1776,#189,.T.);
#2268=EDGE_CURVE('',#1777,#1776,#1510,.T.);
#2269=EDGE_CURVE('',#1676,#1777,#190,.T.);
#2270=EDGE_CURVE('',#1778,#1777,#370,.T.);
#2271=EDGE_CURVE('',#1675,#1778,#108,.T.);
#2272=EDGE_CURVE('',#1674,#1779,#1511,.T.);
#2273=EDGE_CURVE('',#1779,#1778,#371,.T.);
#2274=EDGE_CURVE('',#1673,#1780,#1512,.T.);
#2275=EDGE_CURVE('',#1780,#1779,#1513,.T.);
#2276=EDGE_CURVE('',#1710,#1780,#372,.T.);
#2277=EDGE_CURVE('',#1781,#1709,#373,.T.);
#2278=EDGE_CURVE('',#1781,#1782,#13,.T.);
#2279=EDGE_CURVE('',#1782,#1710,#374,.T.);
#2280=EDGE_CURVE('',#1783,#1711,#375,.T.);
#2281=EDGE_CURVE('',#1783,#1784,#1514,.T.);
#2282=EDGE_CURVE('',#1784,#1781,#1515,.T.);
#2283=EDGE_CURVE('',#1785,#1712,#376,.T.);
#2284=EDGE_CURVE('',#1785,#1783,#14,.T.);
#2285=EDGE_CURVE('',#1786,#1713,#377,.T.);
#2286=EDGE_CURVE('',#1786,#1785,#378,.T.);
#2287=EDGE_CURVE('',#1714,#1787,#379,.T.);
#2288=EDGE_CURVE('',#1786,#1787,#191,.F.);
#2289=EDGE_CURVE('',#1788,#1715,#380,.T.);
#2290=EDGE_CURVE('',#1788,#1787,#381,.T.);
#2291=EDGE_CURVE('',#1789,#1716,#382,.T.);
#2292=EDGE_CURVE('',#1789,#1788,#15,.T.);
#2293=EDGE_CURVE('',#1790,#1717,#383,.T.);
#2294=EDGE_CURVE('',#1790,#1789,#1516,.T.);
#2295=EDGE_CURVE('',#1791,#1718,#384,.T.);
#2296=EDGE_CURVE('',#1791,#1790,#16,.T.);
#2297=EDGE_CURVE('',#1792,#1719,#385,.T.);
#2298=EDGE_CURVE('',#1792,#1791,#386,.T.);
#2299=EDGE_CURVE('',#1720,#1793,#387,.T.);
#2300=EDGE_CURVE('',#1792,#1793,#192,.F.);
#2301=EDGE_CURVE('',#1794,#1721,#388,.T.);
#2302=EDGE_CURVE('',#1794,#1793,#389,.T.);
#2303=EDGE_CURVE('',#1795,#1722,#390,.T.);
#2304=EDGE_CURVE('',#1795,#1794,#17,.T.);
#2305=EDGE_CURVE('',#1796,#1723,#391,.T.);
#2306=EDGE_CURVE('',#1796,#1795,#1517,.T.);
#2307=EDGE_CURVE('',#1797,#1724,#392,.T.);
#2308=EDGE_CURVE('',#1797,#1796,#18,.T.);
#2309=EDGE_CURVE('',#1798,#1725,#393,.T.);
#2310=EDGE_CURVE('',#1798,#1797,#394,.T.);
#2311=EDGE_CURVE('',#1726,#1799,#395,.T.);
#2312=EDGE_CURVE('',#1799,#1798,#193,.T.);
#2313=EDGE_CURVE('',#1800,#1727,#396,.T.);
#2314=EDGE_CURVE('',#1800,#1799,#397,.T.);
#2315=EDGE_CURVE('',#1801,#1728,#398,.T.);
#2316=EDGE_CURVE('',#1801,#1800,#19,.T.);
#2317=EDGE_CURVE('',#1802,#1729,#399,.T.);
#2318=EDGE_CURVE('',#1802,#1801,#1518,.T.);
#2319=EDGE_CURVE('',#1803,#1730,#400,.T.);
#2320=EDGE_CURVE('',#1803,#1802,#20,.T.);
#2321=EDGE_CURVE('',#1804,#1731,#401,.T.);
#2322=EDGE_CURVE('',#1804,#1803,#402,.T.);
#2323=EDGE_CURVE('',#1732,#1805,#403,.T.);
#2324=EDGE_CURVE('',#1804,#1805,#194,.F.);
#2325=EDGE_CURVE('',#1806,#1733,#404,.T.);
#2326=EDGE_CURVE('',#1806,#1805,#405,.T.);
#2327=EDGE_CURVE('',#1807,#1734,#406,.T.);
#2328=EDGE_CURVE('',#1807,#1806,#21,.T.);
#2329=EDGE_CURVE('',#1808,#1735,#407,.T.);
#2330=EDGE_CURVE('',#1808,#1807,#1519,.T.);
#2331=EDGE_CURVE('',#1809,#1736,#408,.T.);
#2332=EDGE_CURVE('',#1809,#1808,#22,.T.);
#2333=EDGE_CURVE('',#1810,#1737,#409,.T.);
#2334=EDGE_CURVE('',#1810,#1809,#410,.T.);
#2335=EDGE_CURVE('',#1738,#1811,#411,.T.);
#2336=EDGE_CURVE('',#1810,#1811,#195,.F.);
#2337=EDGE_CURVE('',#1812,#1739,#412,.T.);
#2338=EDGE_CURVE('',#1812,#1811,#413,.T.);
#2339=EDGE_CURVE('',#1813,#1740,#414,.T.);
#2340=EDGE_CURVE('',#1813,#1812,#23,.T.);
#2341=EDGE_CURVE('',#1814,#1741,#415,.T.);
#2342=EDGE_CURVE('',#1814,#1813,#1520,.T.);
#2343=EDGE_CURVE('',#1815,#1742,#416,.T.);
#2344=EDGE_CURVE('',#1815,#1814,#24,.T.);
#2345=EDGE_CURVE('',#1816,#1745,#417,.T.);
#2346=EDGE_CURVE('',#1816,#1815,#418,.T.);
#2347=EDGE_CURVE('',#1744,#1817,#419,.T.);
#2348=EDGE_CURVE('',#1816,#1817,#196,.F.);
#2349=EDGE_CURVE('',#1818,#1743,#420,.T.);
#2350=EDGE_CURVE('',#1818,#1817,#421,.T.);
#2351=EDGE_CURVE('',#1819,#1820,#1521,.T.);
#2352=EDGE_CURVE('',#1820,#1821,#1522,.T.);
#2353=EDGE_CURVE('',#1821,#1821,#1523,.T.);
#2354=EDGE_CURVE('',#1820,#1819,#1524,.T.);
#2355=EDGE_CURVE('',#1819,#1822,#422,.T.);
#2356=EDGE_CURVE('',#1823,#1822,#1525,.T.);
#2357=EDGE_CURVE('',#1822,#1823,#1526,.T.);
#2358=EDGE_CURVE('',#1824,#1825,#423,.T.);
#2359=EDGE_CURVE('',#1826,#1824,#1527,.T.);
#2360=EDGE_CURVE('',#1827,#1826,#424,.T.);
#2361=EDGE_CURVE('',#1828,#1827,#1528,.T.);
#2362=EDGE_CURVE('',#1829,#1828,#425,.T.);
#2363=EDGE_CURVE('',#1830,#1829,#1529,.T.);
#2364=EDGE_CURVE('',#1831,#1830,#426,.T.);
#2365=EDGE_CURVE('',#1832,#1831,#1530,.T.);
#2366=EDGE_CURVE('',#1833,#1832,#427,.T.);
#2367=EDGE_CURVE('',#1834,#1833,#1531,.T.);
#2368=EDGE_CURVE('',#1835,#1834,#428,.T.);
#2369=EDGE_CURVE('',#1836,#1835,#1532,.T.);
#2370=EDGE_CURVE('',#1837,#1836,#429,.T.);
#2371=EDGE_CURVE('',#1838,#1837,#1533,.T.);
#2372=EDGE_CURVE('',#1839,#1838,#430,.T.);
#2373=EDGE_CURVE('',#1840,#1839,#1534,.T.);
#2374=EDGE_CURVE('',#1841,#1840,#431,.T.);
#2375=EDGE_CURVE('',#1842,#1841,#1535,.T.);
#2376=EDGE_CURVE('',#1843,#1842,#432,.T.);
#2377=EDGE_CURVE('',#1844,#1843,#1536,.T.);
#2378=EDGE_CURVE('',#1845,#1844,#433,.T.);
#2379=EDGE_CURVE('',#1846,#1845,#1537,.T.);
#2380=EDGE_CURVE('',#1847,#1846,#434,.T.);
#2381=EDGE_CURVE('',#1825,#1847,#1538,.T.);
#2382=EDGE_CURVE('',#1780,#1848,#435,.T.);
#2383=EDGE_CURVE('',#1849,#1848,#197,.F.);
#2384=EDGE_CURVE('',#1849,#1779,#436,.T.);
#2385=EDGE_CURVE('',#1782,#1848,#437,.T.);
#2386=EDGE_CURVE('',#1774,#1850,#438,.T.);
#2387=EDGE_CURVE('',#1851,#1850,#198,.F.);
#2388=EDGE_CURVE('',#1851,#1773,#439,.T.);
#2389=EDGE_CURVE('',#1852,#1775,#440,.T.);
#2390=EDGE_CURVE('',#1852,#1850,#441,.T.);
#2391=EDGE_CURVE('',#1768,#1853,#442,.T.);
#2392=EDGE_CURVE('',#1854,#1853,#199,.F.);
#2393=EDGE_CURVE('',#1854,#1767,#443,.T.);
#2394=EDGE_CURVE('',#1855,#1769,#444,.T.);
#2395=EDGE_CURVE('',#1855,#1853,#445,.T.);
#2396=EDGE_CURVE('',#1762,#1856,#446,.T.);
#2397=EDGE_CURVE('',#1857,#1856,#200,.F.);
#2398=EDGE_CURVE('',#1857,#1761,#447,.T.);
#2399=EDGE_CURVE('',#1858,#1763,#448,.T.);
#2400=EDGE_CURVE('',#1858,#1856,#449,.T.);
#2401=EDGE_CURVE('',#1756,#1859,#450,.T.);
#2402=EDGE_CURVE('',#1860,#1859,#201,.F.);
#2403=EDGE_CURVE('',#1860,#1755,#451,.T.);
#2404=EDGE_CURVE('',#1861,#1757,#452,.T.);
#2405=EDGE_CURVE('',#1861,#1859,#453,.T.);
#2406=EDGE_CURVE('',#1750,#1862,#454,.T.);
#2407=EDGE_CURVE('',#1863,#1862,#202,.F.);
#2408=EDGE_CURVE('',#1863,#1749,#455,.T.);
#2409=EDGE_CURVE('',#1863,#1864,#456,.T.);
#2410=EDGE_CURVE('',#1864,#1748,#457,.T.);
#2411=EDGE_CURVE('',#1865,#1751,#458,.T.);
#2412=EDGE_CURVE('',#1865,#1862,#459,.T.);
#2413=EDGE_CURVE('',#1866,#1866,#1539,.T.);
#2414=EDGE_CURVE('',#1866,#1867,#460,.T.);
#2415=EDGE_CURVE('',#1867,#1867,#1540,.T.);
#2416=EDGE_CURVE('',#1868,#1868,#1541,.T.);
#2417=EDGE_CURVE('',#1869,#1869,#1542,.T.);
#2418=EDGE_CURVE('',#1869,#1784,#461,.T.);
#2419=EDGE_CURVE('',#1870,#1818,#25,.T.);
#2420=EDGE_CURVE('',#1871,#1870,#1543,.T.);
#2421=EDGE_CURVE('',#1864,#1871,#26,.T.);
#2422=EDGE_CURVE('',#1872,#1865,#27,.T.);
#2423=EDGE_CURVE('',#1873,#1872,#1544,.T.);
#2424=EDGE_CURVE('',#1874,#1873,#28,.T.);
#2425=EDGE_CURVE('',#1860,#1874,#462,.T.);
#2426=EDGE_CURVE('',#1875,#1861,#29,.T.);
#2427=EDGE_CURVE('',#1876,#1875,#1545,.T.);
#2428=EDGE_CURVE('',#1877,#1876,#30,.T.);
#2429=EDGE_CURVE('',#1857,#1877,#463,.T.);
#2430=EDGE_CURVE('',#1878,#1858,#31,.T.);
#2431=EDGE_CURVE('',#1879,#1878,#1546,.T.);
#2432=EDGE_CURVE('',#1880,#1879,#32,.T.);
#2433=EDGE_CURVE('',#1854,#1880,#464,.T.);
#2434=EDGE_CURVE('',#1881,#1855,#33,.T.);
#2435=EDGE_CURVE('',#1882,#1881,#1547,.T.);
#2436=EDGE_CURVE('',#1883,#1882,#34,.T.);
#2437=EDGE_CURVE('',#1851,#1883,#465,.T.);
#2438=EDGE_CURVE('',#1884,#1852,#35,.T.);
#2439=EDGE_CURVE('',#1885,#1884,#1548,.T.);
#2440=EDGE_CURVE('',#1886,#1885,#36,.T.);
#2441=EDGE_CURVE('',#1849,#1886,#466,.T.);
#2442=EDGE_CURVE('',#1876,#1759,#467,.T.);
#2443=EDGE_CURVE('',#1875,#1758,#468,.T.);
#2444=EDGE_CURVE('',#1878,#1764,#469,.T.);
#2445=EDGE_CURVE('',#1873,#1753,#470,.T.);
#2446=EDGE_CURVE('',#1872,#1752,#471,.T.);
#2447=EDGE_CURVE('',#1881,#1770,#472,.T.);
#2448=EDGE_CURVE('',#1871,#1747,#473,.T.);
#2449=EDGE_CURVE('',#1870,#1746,#474,.T.);
#2450=EDGE_CURVE('',#1884,#1776,#475,.T.);
#2451=EDGE_CURVE('',#1823,#1887,#1549,.T.);
#2452=EDGE_CURVE('',#1887,#1887,#1550,.T.);
#2453=EDGE_CURVE('',#1888,#1888,#1551,.T.);
#2454=EDGE_CURVE('',#1889,#1890,#476,.T.);
#2455=EDGE_CURVE('',#1889,#1891,#477,.T.);
#2456=EDGE_CURVE('',#1891,#1892,#478,.T.);
#2457=EDGE_CURVE('',#1890,#1892,#479,.T.);
#2458=EDGE_CURVE('',#1893,#1894,#480,.T.);
#2459=EDGE_CURVE('',#1893,#1895,#481,.T.);
#2460=EDGE_CURVE('',#1895,#1896,#482,.T.);
#2461=EDGE_CURVE('',#1894,#1896,#483,.T.);
#2462=EDGE_CURVE('',#1897,#1898,#484,.T.);
#2463=EDGE_CURVE('',#1897,#1899,#485,.T.);
#2464=EDGE_CURVE('',#1899,#1900,#486,.T.);
#2465=EDGE_CURVE('',#1898,#1900,#487,.T.);
#2466=EDGE_CURVE('',#1901,#1902,#488,.T.);
#2467=EDGE_CURVE('',#1901,#1903,#489,.T.);
#2468=EDGE_CURVE('',#1903,#1904,#490,.T.);
#2469=EDGE_CURVE('',#1902,#1904,#491,.T.);
#2470=EDGE_CURVE('',#1892,#1903,#1552,.T.);
#2471=EDGE_CURVE('',#1896,#1891,#1553,.T.);
#2472=EDGE_CURVE('',#1900,#1895,#1554,.T.);
#2473=EDGE_CURVE('',#1904,#1899,#1555,.T.);
#2474=EDGE_CURVE('',#1893,#1894,#1556,.T.);
#2475=EDGE_CURVE('',#1889,#1890,#1557,.T.);
#2476=EDGE_CURVE('',#1901,#1902,#1558,.T.);
#2477=EDGE_CURVE('',#1905,#1898,#1559,.T.);
#2478=EDGE_CURVE('',#1897,#1905,#1560,.T.);
#2479=EDGE_CURVE('',#1888,#1905,#492,.T.);
#2480=EDGE_CURVE('',#1886,#1778,#493,.T.);
#2481=EDGE_CURVE('',#1885,#1777,#494,.T.);
#2482=EDGE_CURVE('',#1883,#1772,#495,.T.);
#2483=EDGE_CURVE('',#1882,#1771,#496,.T.);
#2484=EDGE_CURVE('',#1880,#1766,#497,.T.);
#2485=EDGE_CURVE('',#1879,#1765,#498,.T.);
#2486=EDGE_CURVE('',#1877,#1760,#499,.T.);
#2487=EDGE_CURVE('',#1874,#1754,#500,.T.);
#2488=EDGE_CURVE('',#1868,#1906,#501,.T.);
#2489=EDGE_CURVE('',#1906,#1906,#1561,.T.);
#2490=EDGE_CURVE('',#1906,#1907,#502,.T.);
#2491=EDGE_CURVE('',#1908,#1907,#109,.T.);
#2492=EDGE_CURVE('',#1909,#1908,#1562,.T.);
#2493=EDGE_CURVE('',#1909,#1910,#110,.F.);
#2494=EDGE_CURVE('',#1910,#1911,#1563,.F.);
#2495=EDGE_CURVE('',#1912,#1911,#111,.T.);
#2496=EDGE_CURVE('',#1913,#1912,#1564,.T.);
#2497=EDGE_CURVE('',#1913,#1914,#112,.F.);
#2498=EDGE_CURVE('',#1914,#1915,#1565,.F.);
#2499=EDGE_CURVE('',#1916,#1915,#113,.T.);
#2500=EDGE_CURVE('',#1917,#1916,#1566,.T.);
#2501=EDGE_CURVE('',#1917,#1918,#114,.F.);
#2502=EDGE_CURVE('',#1918,#1919,#1567,.F.);
#2503=EDGE_CURVE('',#1920,#1919,#115,.T.);
#2504=EDGE_CURVE('',#1921,#1920,#1568,.T.);
#2505=EDGE_CURVE('',#1921,#1922,#116,.F.);
#2506=EDGE_CURVE('',#1922,#1923,#1569,.F.);
#2507=EDGE_CURVE('',#1924,#1923,#117,.T.);
#2508=EDGE_CURVE('',#1925,#1924,#1570,.T.);
#2509=EDGE_CURVE('',#1926,#1925,#118,.T.);
#2510=EDGE_CURVE('',#1927,#1926,#1571,.T.);
#2511=EDGE_CURVE('',#1928,#1927,#119,.T.);
#2512=EDGE_CURVE('',#1929,#1928,#1572,.T.);
#2513=EDGE_CURVE('',#1929,#1930,#120,.F.);
#2514=EDGE_CURVE('',#1931,#1930,#1573,.T.);
#2515=EDGE_CURVE('',#1907,#1931,#121,.T.);
#2516=EDGE_CURVE('',#1932,#1933,#503,.T.);
#2517=EDGE_CURVE('',#1933,#1824,#122,.T.);
#2518=EDGE_CURVE('',#1825,#1932,#203,.T.);
#2519=EDGE_CURVE('',#1847,#1934,#204,.T.);
#2520=EDGE_CURVE('',#1934,#1935,#37,.T.);
#2521=EDGE_CURVE('',#1935,#1936,#1574,.T.);
#2522=EDGE_CURVE('',#1936,#1932,#38,.T.);
#2523=EDGE_CURVE('',#1846,#1937,#123,.T.);
#2524=EDGE_CURVE('',#1937,#1934,#504,.T.);
#2525=EDGE_CURVE('',#1933,#1919,#39,.F.);
#2526=EDGE_CURVE('',#1938,#1918,#40,.T.);
#2527=EDGE_CURVE('',#1826,#1938,#124,.T.);
#2528=EDGE_CURVE('',#1939,#1936,#125,.T.);
#2529=EDGE_CURVE('',#1920,#1939,#41,.F.);
#2530=EDGE_CURVE('',#1935,#1940,#126,.T.);
#2531=EDGE_CURVE('',#1940,#1939,#1575,.T.);
#2532=EDGE_CURVE('',#1940,#1921,#42,.F.);
#2533=EDGE_CURVE('',#1937,#1922,#43,.T.);
#2534=EDGE_CURVE('',#1941,#1942,#505,.T.);
#2535=EDGE_CURVE('',#1942,#1829,#127,.T.);
#2536=EDGE_CURVE('',#1828,#1941,#205,.T.);
#2537=EDGE_CURVE('',#1827,#1943,#206,.T.);
#2538=EDGE_CURVE('',#1943,#1944,#44,.T.);
#2539=EDGE_CURVE('',#1944,#1945,#1576,.T.);
#2540=EDGE_CURVE('',#1945,#1941,#45,.T.);
#2541=EDGE_CURVE('',#1938,#1943,#506,.T.);
#2542=EDGE_CURVE('',#1942,#1915,#46,.F.);
#2543=EDGE_CURVE('',#1946,#1914,#47,.T.);
#2544=EDGE_CURVE('',#1830,#1946,#128,.T.);
#2545=EDGE_CURVE('',#1947,#1945,#129,.T.);
#2546=EDGE_CURVE('',#1916,#1947,#48,.F.);
#2547=EDGE_CURVE('',#1944,#1948,#130,.T.);
#2548=EDGE_CURVE('',#1948,#1947,#1577,.T.);
#2549=EDGE_CURVE('',#1948,#1917,#49,.F.);
#2550=EDGE_CURVE('',#1949,#1845,#207,.T.);
#2551=EDGE_CURVE('',#1949,#1923,#50,.T.);
#2552=EDGE_CURVE('',#1950,#1951,#507,.T.);
#2553=EDGE_CURVE('',#1951,#1833,#131,.T.);
#2554=EDGE_CURVE('',#1832,#1950,#208,.T.);
#2555=EDGE_CURVE('',#1831,#1952,#209,.T.);
#2556=EDGE_CURVE('',#1952,#1953,#51,.T.);
#2557=EDGE_CURVE('',#1953,#1954,#1578,.T.);
#2558=EDGE_CURVE('',#1954,#1950,#52,.T.);
#2559=EDGE_CURVE('',#1946,#1952,#508,.T.);
#2560=EDGE_CURVE('',#1951,#1911,#53,.F.);
#2561=EDGE_CURVE('',#1955,#1910,#54,.T.);
#2562=EDGE_CURVE('',#1834,#1955,#132,.T.);
#2563=EDGE_CURVE('',#1956,#1954,#133,.T.);
#2564=EDGE_CURVE('',#1912,#1956,#55,.F.);
#2565=EDGE_CURVE('',#1953,#1957,#134,.T.);
#2566=EDGE_CURVE('',#1957,#1956,#1579,.T.);
#2567=EDGE_CURVE('',#1957,#1913,#56,.F.);
#2568=EDGE_CURVE('',#1958,#1959,#509,.T.);
#2569=EDGE_CURVE('',#1959,#1837,#135,.T.);
#2570=EDGE_CURVE('',#1836,#1958,#210,.T.);
#2571=EDGE_CURVE('',#1835,#1960,#211,.T.);
#2572=EDGE_CURVE('',#1960,#1961,#57,.T.);
#2573=EDGE_CURVE('',#1961,#1962,#1580,.T.);
#2574=EDGE_CURVE('',#1962,#1958,#58,.T.);
#2575=EDGE_CURVE('',#1955,#1960,#510,.T.);
#2576=EDGE_CURVE('',#1959,#1931,#59,.F.);
#2577=EDGE_CURVE('',#1963,#1930,#60,.T.);
#2578=EDGE_CURVE('',#1838,#1963,#136,.T.);
#2579=EDGE_CURVE('',#1964,#1962,#137,.T.);
#2580=EDGE_CURVE('',#1908,#1964,#61,.F.);
#2581=EDGE_CURVE('',#1961,#1965,#138,.T.);
#2582=EDGE_CURVE('',#1965,#1964,#1581,.T.);
#2583=EDGE_CURVE('',#1965,#1909,#62,.F.);
#2584=EDGE_CURVE('',#1966,#1967,#511,.T.);
#2585=EDGE_CURVE('',#1967,#1841,#139,.T.);
#2586=EDGE_CURVE('',#1840,#1966,#212,.T.);
#2587=EDGE_CURVE('',#1839,#1968,#213,.T.);
#2588=EDGE_CURVE('',#1968,#1969,#63,.T.);
#2589=EDGE_CURVE('',#1969,#1970,#1582,.T.);
#2590=EDGE_CURVE('',#1970,#1966,#64,.T.);
#2591=EDGE_CURVE('',#1963,#1968,#512,.T.);
#2592=EDGE_CURVE('',#1967,#1927,#65,.F.);
#2593=EDGE_CURVE('',#1926,#1971,#66,.T.);
#2594=EDGE_CURVE('',#1971,#1842,#214,.T.);
#2595=EDGE_CURVE('',#1972,#1970,#140,.T.);
#2596=EDGE_CURVE('',#1928,#1972,#67,.F.);
#2597=EDGE_CURVE('',#1969,#1973,#141,.T.);
#2598=EDGE_CURVE('',#1973,#1972,#1583,.T.);
#2599=EDGE_CURVE('',#1973,#1929,#68,.F.);
#2600=EDGE_CURVE('',#1844,#1974,#215,.T.);
#2601=EDGE_CURVE('',#1974,#1949,#513,.T.);
#2602=EDGE_CURVE('',#1843,#1975,#216,.T.);
#2603=EDGE_CURVE('',#1975,#1976,#69,.T.);
#2604=EDGE_CURVE('',#1976,#1977,#1584,.T.);
#2605=EDGE_CURVE('',#1977,#1974,#70,.T.);
#2606=EDGE_CURVE('',#1971,#1975,#514,.T.);
#2607=EDGE_CURVE('',#1976,#1978,#142,.T.);
#2608=EDGE_CURVE('',#1978,#1979,#1585,.T.);
#2609=EDGE_CURVE('',#1979,#1977,#143,.T.);
#2610=EDGE_CURVE('',#1978,#1925,#71,.F.);
#2611=EDGE_CURVE('',#1924,#1979,#72,.F.);
#2612=ORIENTED_EDGE('',*,*,#1980,.F.);
#2613=ORIENTED_EDGE('',*,*,#1981,.T.);
#2614=ORIENTED_EDGE('',*,*,#1982,.F.);
#2615=ORIENTED_EDGE('',*,*,#1983,.T.);
#2616=ORIENTED_EDGE('',*,*,#1980,.T.);
#2617=ORIENTED_EDGE('',*,*,#1983,.F.);
#2618=ORIENTED_EDGE('',*,*,#1981,.F.);
#2619=ORIENTED_EDGE('',*,*,#1984,.T.);
#2620=ORIENTED_EDGE('',*,*,#1985,.F.);
#2621=ORIENTED_EDGE('',*,*,#1984,.F.);
#2622=ORIENTED_EDGE('',*,*,#1986,.T.);
#2623=ORIENTED_EDGE('',*,*,#1987,.T.);
#2624=ORIENTED_EDGE('',*,*,#1988,.T.);
#2625=ORIENTED_EDGE('',*,*,#1989,.T.);
#2626=ORIENTED_EDGE('',*,*,#1987,.F.);
#2627=ORIENTED_EDGE('',*,*,#1988,.F.);
#2628=ORIENTED_EDGE('',*,*,#1989,.F.);
#2629=ORIENTED_EDGE('',*,*,#1990,.T.);
#2630=ORIENTED_EDGE('',*,*,#1991,.T.);
#2631=ORIENTED_EDGE('',*,*,#1990,.F.);
#2632=ORIENTED_EDGE('',*,*,#1992,.F.);
#2633=ORIENTED_EDGE('',*,*,#1993,.F.);
#2634=ORIENTED_EDGE('',*,*,#1994,.F.);
#2635=ORIENTED_EDGE('',*,*,#1995,.F.);
#2636=ORIENTED_EDGE('',*,*,#1986,.F.);
#2637=ORIENTED_EDGE('',*,*,#1991,.F.);
#2638=ORIENTED_EDGE('',*,*,#1982,.T.);
#2639=ORIENTED_EDGE('',*,*,#1996,.F.);
#2640=ORIENTED_EDGE('',*,*,#1997,.T.);
#2641=ORIENTED_EDGE('',*,*,#1998,.F.);
#2642=ORIENTED_EDGE('',*,*,#1999,.F.);
#2643=ORIENTED_EDGE('',*,*,#2000,.F.);
#2644=ORIENTED_EDGE('',*,*,#2001,.T.);
#2645=ORIENTED_EDGE('',*,*,#2002,.F.);
#2646=ORIENTED_EDGE('',*,*,#2003,.F.);
#2647=ORIENTED_EDGE('',*,*,#2004,.F.);
#2648=ORIENTED_EDGE('',*,*,#2005,.T.);
#2649=ORIENTED_EDGE('',*,*,#2006,.F.);
#2650=ORIENTED_EDGE('',*,*,#2007,.F.);
#2651=ORIENTED_EDGE('',*,*,#2008,.F.);
#2652=ORIENTED_EDGE('',*,*,#2009,.T.);
#2653=ORIENTED_EDGE('',*,*,#2010,.F.);
#2654=ORIENTED_EDGE('',*,*,#2011,.F.);
#2655=ORIENTED_EDGE('',*,*,#2012,.T.);
#2656=ORIENTED_EDGE('',*,*,#2010,.T.);
#2657=ORIENTED_EDGE('',*,*,#2013,.T.);
#2658=ORIENTED_EDGE('',*,*,#2006,.T.);
#2659=ORIENTED_EDGE('',*,*,#2014,.T.);
#2660=ORIENTED_EDGE('',*,*,#2002,.T.);
#2661=ORIENTED_EDGE('',*,*,#2015,.T.);
#2662=ORIENTED_EDGE('',*,*,#1998,.T.);
#2663=ORIENTED_EDGE('',*,*,#1985,.T.);
#2664=ORIENTED_EDGE('',*,*,#2008,.T.);
#2665=ORIENTED_EDGE('',*,*,#2016,.T.);
#2666=ORIENTED_EDGE('',*,*,#2017,.T.);
#2667=ORIENTED_EDGE('',*,*,#1996,.T.);
#2668=ORIENTED_EDGE('',*,*,#2018,.T.);
#2669=ORIENTED_EDGE('',*,*,#2000,.T.);
#2670=ORIENTED_EDGE('',*,*,#2019,.T.);
#2671=ORIENTED_EDGE('',*,*,#2004,.T.);
#2672=ORIENTED_EDGE('',*,*,#2020,.T.);
#2673=ORIENTED_EDGE('',*,*,#2016,.F.);
#2674=ORIENTED_EDGE('',*,*,#2011,.T.);
#2675=ORIENTED_EDGE('',*,*,#2012,.F.);
#2676=ORIENTED_EDGE('',*,*,#1997,.F.);
#2677=ORIENTED_EDGE('',*,*,#2018,.F.);
#2678=ORIENTED_EDGE('',*,*,#1999,.T.);
#2679=ORIENTED_EDGE('',*,*,#2015,.F.);
#2680=ORIENTED_EDGE('',*,*,#2001,.F.);
#2681=ORIENTED_EDGE('',*,*,#2019,.F.);
#2682=ORIENTED_EDGE('',*,*,#2003,.T.);
#2683=ORIENTED_EDGE('',*,*,#2014,.F.);
#2684=ORIENTED_EDGE('',*,*,#2005,.F.);
#2685=ORIENTED_EDGE('',*,*,#2020,.F.);
#2686=ORIENTED_EDGE('',*,*,#2007,.T.);
#2687=ORIENTED_EDGE('',*,*,#2013,.F.);
#2688=ORIENTED_EDGE('',*,*,#2009,.F.);
#2689=ORIENTED_EDGE('',*,*,#2017,.F.);
#2690=ORIENTED_EDGE('',*,*,#2021,.T.);
#2691=ORIENTED_EDGE('',*,*,#2022,.F.);
#2692=ORIENTED_EDGE('',*,*,#2021,.F.);
#2693=ORIENTED_EDGE('',*,*,#2023,.T.);
#2694=ORIENTED_EDGE('',*,*,#2024,.T.);
#2695=ORIENTED_EDGE('',*,*,#2025,.T.);
#2696=ORIENTED_EDGE('',*,*,#2026,.T.);
#2697=ORIENTED_EDGE('',*,*,#2027,.T.);
#2698=ORIENTED_EDGE('',*,*,#2024,.F.);
#2699=ORIENTED_EDGE('',*,*,#2027,.F.);
#2700=ORIENTED_EDGE('',*,*,#2028,.T.);
#2701=ORIENTED_EDGE('',*,*,#2029,.T.);
#2702=ORIENTED_EDGE('',*,*,#2030,.T.);
#2703=ORIENTED_EDGE('',*,*,#2025,.F.);
#2704=ORIENTED_EDGE('',*,*,#2026,.F.);
#2705=ORIENTED_EDGE('',*,*,#2031,.T.);
#2706=ORIENTED_EDGE('',*,*,#2032,.T.);
#2707=ORIENTED_EDGE('',*,*,#2033,.T.);
#2708=ORIENTED_EDGE('',*,*,#2034,.F.);
#2709=ORIENTED_EDGE('',*,*,#2035,.T.);
#2710=ORIENTED_EDGE('',*,*,#2023,.F.);
#2711=ORIENTED_EDGE('',*,*,#2035,.F.);
#2712=ORIENTED_EDGE('',*,*,#2036,.T.);
#2713=ORIENTED_EDGE('',*,*,#2037,.T.);
#2714=ORIENTED_EDGE('',*,*,#1992,.T.);
#2715=ORIENTED_EDGE('',*,*,#2038,.T.);
#2716=ORIENTED_EDGE('',*,*,#1995,.T.);
#2717=ORIENTED_EDGE('',*,*,#2039,.T.);
#2718=ORIENTED_EDGE('',*,*,#2040,.T.);
#2719=ORIENTED_EDGE('',*,*,#2038,.F.);
#2720=ORIENTED_EDGE('',*,*,#2041,.T.);
#2721=ORIENTED_EDGE('',*,*,#2039,.F.);
#2722=ORIENTED_EDGE('',*,*,#1994,.T.);
#2723=ORIENTED_EDGE('',*,*,#2042,.T.);
#2724=ORIENTED_EDGE('',*,*,#2043,.T.);
#2725=ORIENTED_EDGE('',*,*,#2042,.F.);
#2726=ORIENTED_EDGE('',*,*,#1993,.T.);
#2727=ORIENTED_EDGE('',*,*,#2037,.F.);
#2728=ORIENTED_EDGE('',*,*,#2043,.F.);
#2729=ORIENTED_EDGE('',*,*,#2044,.T.);
#2730=ORIENTED_EDGE('',*,*,#2028,.F.);
#2731=ORIENTED_EDGE('',*,*,#2033,.F.);
#2732=ORIENTED_EDGE('',*,*,#2045,.F.);
#2733=ORIENTED_EDGE('',*,*,#2036,.F.);
#2734=ORIENTED_EDGE('',*,*,#2046,.T.);
#2735=ORIENTED_EDGE('',*,*,#2029,.F.);
#2736=ORIENTED_EDGE('',*,*,#2044,.F.);
#2737=ORIENTED_EDGE('',*,*,#2047,.T.);
#2738=ORIENTED_EDGE('',*,*,#2048,.T.);
#2739=ORIENTED_EDGE('',*,*,#2049,.T.);
#2740=ORIENTED_EDGE('',*,*,#2034,.T.);
#2741=ORIENTED_EDGE('',*,*,#2049,.F.);
#2742=ORIENTED_EDGE('',*,*,#2050,.F.);
#2743=ORIENTED_EDGE('',*,*,#2051,.F.);
#2744=ORIENTED_EDGE('',*,*,#2052,.T.);
#2745=ORIENTED_EDGE('',*,*,#2047,.F.);
#2746=ORIENTED_EDGE('',*,*,#2048,.F.);
#2747=ORIENTED_EDGE('',*,*,#2052,.F.);
#2748=ORIENTED_EDGE('',*,*,#2053,.F.);
#2749=ORIENTED_EDGE('',*,*,#2054,.T.);
#2750=ORIENTED_EDGE('',*,*,#2050,.T.);
#2751=ORIENTED_EDGE('',*,*,#2051,.T.);
#2752=ORIENTED_EDGE('',*,*,#2054,.F.);
#2753=ORIENTED_EDGE('',*,*,#2053,.T.);
#2754=ORIENTED_EDGE('',*,*,#2022,.T.);
#2755=ORIENTED_EDGE('',*,*,#2041,.F.);
#2756=ORIENTED_EDGE('',*,*,#2045,.T.);
#2757=ORIENTED_EDGE('',*,*,#2032,.F.);
#2758=ORIENTED_EDGE('',*,*,#2055,.F.);
#2759=ORIENTED_EDGE('',*,*,#2040,.F.);
#2760=ORIENTED_EDGE('',*,*,#2055,.T.);
#2761=ORIENTED_EDGE('',*,*,#2031,.F.);
#2762=ORIENTED_EDGE('',*,*,#2030,.F.);
#2763=ORIENTED_EDGE('',*,*,#2046,.F.);
#2764=ORIENTED_EDGE('',*,*,#2056,.T.);
#2765=ORIENTED_EDGE('',*,*,#2057,.T.);
#2766=ORIENTED_EDGE('',*,*,#2058,.T.);
#2767=ORIENTED_EDGE('',*,*,#2057,.F.);
#2768=ORIENTED_EDGE('',*,*,#2056,.F.);
#2769=ORIENTED_EDGE('',*,*,#2059,.F.);
#2770=ORIENTED_EDGE('',*,*,#2060,.F.);
#2771=ORIENTED_EDGE('',*,*,#2061,.F.);
#2772=ORIENTED_EDGE('',*,*,#2062,.F.);
#2773=ORIENTED_EDGE('',*,*,#2063,.F.);
#2774=ORIENTED_EDGE('',*,*,#2064,.F.);
#2775=ORIENTED_EDGE('',*,*,#2065,.F.);
#2776=ORIENTED_EDGE('',*,*,#2066,.F.);
#2777=ORIENTED_EDGE('',*,*,#2067,.F.);
#2778=ORIENTED_EDGE('',*,*,#2068,.F.);
#2779=ORIENTED_EDGE('',*,*,#2069,.F.);
#2780=ORIENTED_EDGE('',*,*,#2070,.F.);
#2781=ORIENTED_EDGE('',*,*,#2071,.F.);
#2782=ORIENTED_EDGE('',*,*,#2072,.F.);
#2783=ORIENTED_EDGE('',*,*,#2073,.F.);
#2784=ORIENTED_EDGE('',*,*,#2074,.F.);
#2785=ORIENTED_EDGE('',*,*,#2075,.F.);
#2786=ORIENTED_EDGE('',*,*,#2076,.F.);
#2787=ORIENTED_EDGE('',*,*,#2077,.F.);
#2788=ORIENTED_EDGE('',*,*,#2078,.F.);
#2789=ORIENTED_EDGE('',*,*,#2079,.F.);
#2790=ORIENTED_EDGE('',*,*,#2080,.F.);
#2791=ORIENTED_EDGE('',*,*,#2081,.F.);
#2792=ORIENTED_EDGE('',*,*,#2082,.F.);
#2793=ORIENTED_EDGE('',*,*,#2083,.F.);
#2794=ORIENTED_EDGE('',*,*,#2084,.F.);
#2795=ORIENTED_EDGE('',*,*,#2085,.F.);
#2796=ORIENTED_EDGE('',*,*,#2086,.F.);
#2797=ORIENTED_EDGE('',*,*,#2087,.F.);
#2798=ORIENTED_EDGE('',*,*,#2088,.F.);
#2799=ORIENTED_EDGE('',*,*,#2089,.F.);
#2800=ORIENTED_EDGE('',*,*,#2090,.F.);
#2801=ORIENTED_EDGE('',*,*,#2091,.F.);
#2802=ORIENTED_EDGE('',*,*,#2092,.F.);
#2803=ORIENTED_EDGE('',*,*,#2093,.F.);
#2804=ORIENTED_EDGE('',*,*,#2094,.F.);
#2805=ORIENTED_EDGE('',*,*,#2095,.F.);
#2806=ORIENTED_EDGE('',*,*,#2096,.F.);
#2807=ORIENTED_EDGE('',*,*,#2097,.F.);
#2808=ORIENTED_EDGE('',*,*,#2098,.F.);
#2809=ORIENTED_EDGE('',*,*,#2099,.F.);
#2810=ORIENTED_EDGE('',*,*,#2100,.F.);
#2811=ORIENTED_EDGE('',*,*,#2101,.F.);
#2812=ORIENTED_EDGE('',*,*,#2102,.F.);
#2813=ORIENTED_EDGE('',*,*,#2103,.F.);
#2814=ORIENTED_EDGE('',*,*,#2104,.F.);
#2815=ORIENTED_EDGE('',*,*,#2105,.F.);
#2816=ORIENTED_EDGE('',*,*,#2106,.F.);
#2817=ORIENTED_EDGE('',*,*,#2107,.F.);
#2818=ORIENTED_EDGE('',*,*,#2108,.F.);
#2819=ORIENTED_EDGE('',*,*,#2109,.F.);
#2820=ORIENTED_EDGE('',*,*,#2110,.F.);
#2821=ORIENTED_EDGE('',*,*,#2111,.F.);
#2822=ORIENTED_EDGE('',*,*,#2112,.F.);
#2823=ORIENTED_EDGE('',*,*,#2113,.F.);
#2824=ORIENTED_EDGE('',*,*,#2114,.F.);
#2825=ORIENTED_EDGE('',*,*,#2115,.F.);
#2826=ORIENTED_EDGE('',*,*,#2116,.F.);
#2827=ORIENTED_EDGE('',*,*,#2117,.F.);
#2828=ORIENTED_EDGE('',*,*,#2118,.F.);
#2829=ORIENTED_EDGE('',*,*,#2119,.F.);
#2830=ORIENTED_EDGE('',*,*,#2120,.F.);
#2831=ORIENTED_EDGE('',*,*,#2121,.F.);
#2832=ORIENTED_EDGE('',*,*,#2122,.F.);
#2833=ORIENTED_EDGE('',*,*,#2123,.F.);
#2834=ORIENTED_EDGE('',*,*,#2124,.F.);
#2835=ORIENTED_EDGE('',*,*,#2125,.F.);
#2836=ORIENTED_EDGE('',*,*,#2126,.F.);
#2837=ORIENTED_EDGE('',*,*,#2127,.F.);
#2838=ORIENTED_EDGE('',*,*,#2128,.F.);
#2839=ORIENTED_EDGE('',*,*,#2129,.F.);
#2840=ORIENTED_EDGE('',*,*,#2130,.F.);
#2841=ORIENTED_EDGE('',*,*,#2131,.T.);
#2842=ORIENTED_EDGE('',*,*,#2132,.T.);
#2843=ORIENTED_EDGE('',*,*,#2058,.F.);
#2844=ORIENTED_EDGE('',*,*,#2132,.F.);
#2845=ORIENTED_EDGE('',*,*,#2094,.T.);
#2846=ORIENTED_EDGE('',*,*,#2133,.T.);
#2847=ORIENTED_EDGE('',*,*,#2134,.T.);
#2848=ORIENTED_EDGE('',*,*,#2135,.F.);
#2849=ORIENTED_EDGE('',*,*,#2093,.T.);
#2850=ORIENTED_EDGE('',*,*,#2136,.T.);
#2851=ORIENTED_EDGE('',*,*,#2137,.T.);
#2852=ORIENTED_EDGE('',*,*,#2133,.F.);
#2853=ORIENTED_EDGE('',*,*,#2092,.T.);
#2854=ORIENTED_EDGE('',*,*,#2138,.T.);
#2855=ORIENTED_EDGE('',*,*,#2139,.T.);
#2856=ORIENTED_EDGE('',*,*,#2136,.F.);
#2857=ORIENTED_EDGE('',*,*,#2091,.T.);
#2858=ORIENTED_EDGE('',*,*,#2140,.T.);
#2859=ORIENTED_EDGE('',*,*,#2141,.T.);
#2860=ORIENTED_EDGE('',*,*,#2138,.F.);
#2861=ORIENTED_EDGE('',*,*,#2142,.T.);
#2862=ORIENTED_EDGE('',*,*,#2143,.T.);
#2863=ORIENTED_EDGE('',*,*,#2140,.F.);
#2864=ORIENTED_EDGE('',*,*,#2090,.T.);
#2865=ORIENTED_EDGE('',*,*,#2144,.T.);
#2866=ORIENTED_EDGE('',*,*,#2142,.F.);
#2867=ORIENTED_EDGE('',*,*,#2089,.T.);
#2868=ORIENTED_EDGE('',*,*,#2145,.T.);
#2869=ORIENTED_EDGE('',*,*,#2088,.T.);
#2870=ORIENTED_EDGE('',*,*,#2146,.T.);
#2871=ORIENTED_EDGE('',*,*,#2147,.T.);
#2872=ORIENTED_EDGE('',*,*,#2145,.F.);
#2873=ORIENTED_EDGE('',*,*,#2087,.T.);
#2874=ORIENTED_EDGE('',*,*,#2148,.T.);
#2875=ORIENTED_EDGE('',*,*,#2149,.T.);
#2876=ORIENTED_EDGE('',*,*,#2146,.F.);
#2877=ORIENTED_EDGE('',*,*,#2086,.T.);
#2878=ORIENTED_EDGE('',*,*,#2150,.T.);
#2879=ORIENTED_EDGE('',*,*,#2151,.T.);
#2880=ORIENTED_EDGE('',*,*,#2148,.F.);
#2881=ORIENTED_EDGE('',*,*,#2085,.T.);
#2882=ORIENTED_EDGE('',*,*,#2152,.T.);
#2883=ORIENTED_EDGE('',*,*,#2153,.T.);
#2884=ORIENTED_EDGE('',*,*,#2150,.F.);
#2885=ORIENTED_EDGE('',*,*,#2154,.T.);
#2886=ORIENTED_EDGE('',*,*,#2155,.T.);
#2887=ORIENTED_EDGE('',*,*,#2152,.F.);
#2888=ORIENTED_EDGE('',*,*,#2084,.T.);
#2889=ORIENTED_EDGE('',*,*,#2156,.T.);
#2890=ORIENTED_EDGE('',*,*,#2154,.F.);
#2891=ORIENTED_EDGE('',*,*,#2083,.T.);
#2892=ORIENTED_EDGE('',*,*,#2157,.T.);
#2893=ORIENTED_EDGE('',*,*,#2082,.T.);
#2894=ORIENTED_EDGE('',*,*,#2158,.T.);
#2895=ORIENTED_EDGE('',*,*,#2159,.T.);
#2896=ORIENTED_EDGE('',*,*,#2157,.F.);
#2897=ORIENTED_EDGE('',*,*,#2081,.T.);
#2898=ORIENTED_EDGE('',*,*,#2160,.T.);
#2899=ORIENTED_EDGE('',*,*,#2161,.T.);
#2900=ORIENTED_EDGE('',*,*,#2158,.F.);
#2901=ORIENTED_EDGE('',*,*,#2080,.T.);
#2902=ORIENTED_EDGE('',*,*,#2162,.T.);
#2903=ORIENTED_EDGE('',*,*,#2163,.T.);
#2904=ORIENTED_EDGE('',*,*,#2160,.F.);
#2905=ORIENTED_EDGE('',*,*,#2079,.T.);
#2906=ORIENTED_EDGE('',*,*,#2164,.T.);
#2907=ORIENTED_EDGE('',*,*,#2165,.T.);
#2908=ORIENTED_EDGE('',*,*,#2162,.F.);
#2909=ORIENTED_EDGE('',*,*,#2166,.T.);
#2910=ORIENTED_EDGE('',*,*,#2167,.T.);
#2911=ORIENTED_EDGE('',*,*,#2164,.F.);
#2912=ORIENTED_EDGE('',*,*,#2078,.T.);
#2913=ORIENTED_EDGE('',*,*,#2168,.T.);
#2914=ORIENTED_EDGE('',*,*,#2166,.F.);
#2915=ORIENTED_EDGE('',*,*,#2077,.T.);
#2916=ORIENTED_EDGE('',*,*,#2169,.T.);
#2917=ORIENTED_EDGE('',*,*,#2076,.T.);
#2918=ORIENTED_EDGE('',*,*,#2170,.T.);
#2919=ORIENTED_EDGE('',*,*,#2171,.T.);
#2920=ORIENTED_EDGE('',*,*,#2169,.F.);
#2921=ORIENTED_EDGE('',*,*,#2075,.T.);
#2922=ORIENTED_EDGE('',*,*,#2172,.T.);
#2923=ORIENTED_EDGE('',*,*,#2173,.T.);
#2924=ORIENTED_EDGE('',*,*,#2170,.F.);
#2925=ORIENTED_EDGE('',*,*,#2074,.T.);
#2926=ORIENTED_EDGE('',*,*,#2174,.T.);
#2927=ORIENTED_EDGE('',*,*,#2175,.T.);
#2928=ORIENTED_EDGE('',*,*,#2172,.F.);
#2929=ORIENTED_EDGE('',*,*,#2073,.T.);
#2930=ORIENTED_EDGE('',*,*,#2176,.T.);
#2931=ORIENTED_EDGE('',*,*,#2177,.T.);
#2932=ORIENTED_EDGE('',*,*,#2174,.F.);
#2933=ORIENTED_EDGE('',*,*,#2178,.T.);
#2934=ORIENTED_EDGE('',*,*,#2179,.T.);
#2935=ORIENTED_EDGE('',*,*,#2176,.F.);
#2936=ORIENTED_EDGE('',*,*,#2072,.T.);
#2937=ORIENTED_EDGE('',*,*,#2180,.T.);
#2938=ORIENTED_EDGE('',*,*,#2178,.F.);
#2939=ORIENTED_EDGE('',*,*,#2071,.T.);
#2940=ORIENTED_EDGE('',*,*,#2181,.T.);
#2941=ORIENTED_EDGE('',*,*,#2070,.T.);
#2942=ORIENTED_EDGE('',*,*,#2182,.T.);
#2943=ORIENTED_EDGE('',*,*,#2183,.T.);
#2944=ORIENTED_EDGE('',*,*,#2181,.F.);
#2945=ORIENTED_EDGE('',*,*,#2069,.T.);
#2946=ORIENTED_EDGE('',*,*,#2184,.T.);
#2947=ORIENTED_EDGE('',*,*,#2185,.T.);
#2948=ORIENTED_EDGE('',*,*,#2182,.F.);
#2949=ORIENTED_EDGE('',*,*,#2068,.T.);
#2950=ORIENTED_EDGE('',*,*,#2186,.T.);
#2951=ORIENTED_EDGE('',*,*,#2187,.T.);
#2952=ORIENTED_EDGE('',*,*,#2184,.F.);
#2953=ORIENTED_EDGE('',*,*,#2067,.T.);
#2954=ORIENTED_EDGE('',*,*,#2188,.T.);
#2955=ORIENTED_EDGE('',*,*,#2189,.T.);
#2956=ORIENTED_EDGE('',*,*,#2186,.F.);
#2957=ORIENTED_EDGE('',*,*,#2190,.T.);
#2958=ORIENTED_EDGE('',*,*,#2191,.T.);
#2959=ORIENTED_EDGE('',*,*,#2188,.F.);
#2960=ORIENTED_EDGE('',*,*,#2066,.T.);
#2961=ORIENTED_EDGE('',*,*,#2192,.T.);
#2962=ORIENTED_EDGE('',*,*,#2190,.F.);
#2963=ORIENTED_EDGE('',*,*,#2065,.T.);
#2964=ORIENTED_EDGE('',*,*,#2193,.T.);
#2965=ORIENTED_EDGE('',*,*,#2064,.T.);
#2966=ORIENTED_EDGE('',*,*,#2194,.T.);
#2967=ORIENTED_EDGE('',*,*,#2195,.T.);
#2968=ORIENTED_EDGE('',*,*,#2193,.F.);
#2969=ORIENTED_EDGE('',*,*,#2063,.T.);
#2970=ORIENTED_EDGE('',*,*,#2196,.T.);
#2971=ORIENTED_EDGE('',*,*,#2197,.T.);
#2972=ORIENTED_EDGE('',*,*,#2194,.F.);
#2973=ORIENTED_EDGE('',*,*,#2062,.T.);
#2974=ORIENTED_EDGE('',*,*,#2198,.T.);
#2975=ORIENTED_EDGE('',*,*,#2199,.T.);
#2976=ORIENTED_EDGE('',*,*,#2196,.F.);
#2977=ORIENTED_EDGE('',*,*,#2200,.T.);
#2978=ORIENTED_EDGE('',*,*,#2201,.T.);
#2979=ORIENTED_EDGE('',*,*,#2059,.T.);
#2980=ORIENTED_EDGE('',*,*,#2202,.T.);
#2981=ORIENTED_EDGE('',*,*,#2203,.T.);
#2982=ORIENTED_EDGE('',*,*,#2060,.T.);
#2983=ORIENTED_EDGE('',*,*,#2201,.F.);
#2984=ORIENTED_EDGE('',*,*,#2204,.T.);
#2985=ORIENTED_EDGE('',*,*,#2061,.T.);
#2986=ORIENTED_EDGE('',*,*,#2203,.F.);
#2987=ORIENTED_EDGE('',*,*,#2205,.T.);
#2988=ORIENTED_EDGE('',*,*,#2198,.F.);
#2989=ORIENTED_EDGE('',*,*,#2206,.T.);
#2990=ORIENTED_EDGE('',*,*,#2202,.F.);
#2991=ORIENTED_EDGE('',*,*,#2130,.T.);
#2992=ORIENTED_EDGE('',*,*,#2207,.T.);
#2993=ORIENTED_EDGE('',*,*,#2208,.T.);
#2994=ORIENTED_EDGE('',*,*,#2207,.F.);
#2995=ORIENTED_EDGE('',*,*,#2129,.T.);
#2996=ORIENTED_EDGE('',*,*,#2209,.T.);
#2997=ORIENTED_EDGE('',*,*,#2210,.T.);
#2998=ORIENTED_EDGE('',*,*,#2209,.F.);
#2999=ORIENTED_EDGE('',*,*,#2128,.T.);
#3000=ORIENTED_EDGE('',*,*,#2211,.T.);
#3001=ORIENTED_EDGE('',*,*,#2127,.T.);
#3002=ORIENTED_EDGE('',*,*,#2212,.T.);
#3003=ORIENTED_EDGE('',*,*,#2213,.T.);
#3004=ORIENTED_EDGE('',*,*,#2211,.F.);
#3005=ORIENTED_EDGE('',*,*,#2214,.T.);
#3006=ORIENTED_EDGE('',*,*,#2215,.T.);
#3007=ORIENTED_EDGE('',*,*,#2212,.F.);
#3008=ORIENTED_EDGE('',*,*,#2126,.T.);
#3009=ORIENTED_EDGE('',*,*,#2216,.T.);
#3010=ORIENTED_EDGE('',*,*,#2214,.F.);
#3011=ORIENTED_EDGE('',*,*,#2125,.T.);
#3012=ORIENTED_EDGE('',*,*,#2217,.T.);
#3013=ORIENTED_EDGE('',*,*,#2218,.T.);
#3014=ORIENTED_EDGE('',*,*,#2217,.F.);
#3015=ORIENTED_EDGE('',*,*,#2124,.T.);
#3016=ORIENTED_EDGE('',*,*,#2219,.T.);
#3017=ORIENTED_EDGE('',*,*,#2220,.T.);
#3018=ORIENTED_EDGE('',*,*,#2219,.F.);
#3019=ORIENTED_EDGE('',*,*,#2123,.T.);
#3020=ORIENTED_EDGE('',*,*,#2221,.T.);
#3021=ORIENTED_EDGE('',*,*,#2222,.T.);
#3022=ORIENTED_EDGE('',*,*,#2221,.F.);
#3023=ORIENTED_EDGE('',*,*,#2122,.T.);
#3024=ORIENTED_EDGE('',*,*,#2223,.T.);
#3025=ORIENTED_EDGE('',*,*,#2121,.T.);
#3026=ORIENTED_EDGE('',*,*,#2224,.T.);
#3027=ORIENTED_EDGE('',*,*,#2225,.T.);
#3028=ORIENTED_EDGE('',*,*,#2223,.F.);
#3029=ORIENTED_EDGE('',*,*,#2226,.T.);
#3030=ORIENTED_EDGE('',*,*,#2227,.T.);
#3031=ORIENTED_EDGE('',*,*,#2224,.F.);
#3032=ORIENTED_EDGE('',*,*,#2120,.T.);
#3033=ORIENTED_EDGE('',*,*,#2228,.T.);
#3034=ORIENTED_EDGE('',*,*,#2226,.F.);
#3035=ORIENTED_EDGE('',*,*,#2119,.T.);
#3036=ORIENTED_EDGE('',*,*,#2229,.T.);
#3037=ORIENTED_EDGE('',*,*,#2230,.T.);
#3038=ORIENTED_EDGE('',*,*,#2229,.F.);
#3039=ORIENTED_EDGE('',*,*,#2118,.T.);
#3040=ORIENTED_EDGE('',*,*,#2231,.T.);
#3041=ORIENTED_EDGE('',*,*,#2232,.T.);
#3042=ORIENTED_EDGE('',*,*,#2231,.F.);
#3043=ORIENTED_EDGE('',*,*,#2117,.T.);
#3044=ORIENTED_EDGE('',*,*,#2233,.T.);
#3045=ORIENTED_EDGE('',*,*,#2234,.T.);
#3046=ORIENTED_EDGE('',*,*,#2233,.F.);
#3047=ORIENTED_EDGE('',*,*,#2116,.T.);
#3048=ORIENTED_EDGE('',*,*,#2235,.T.);
#3049=ORIENTED_EDGE('',*,*,#2115,.T.);
#3050=ORIENTED_EDGE('',*,*,#2236,.T.);
#3051=ORIENTED_EDGE('',*,*,#2237,.T.);
#3052=ORIENTED_EDGE('',*,*,#2235,.F.);
#3053=ORIENTED_EDGE('',*,*,#2238,.T.);
#3054=ORIENTED_EDGE('',*,*,#2239,.T.);
#3055=ORIENTED_EDGE('',*,*,#2236,.F.);
#3056=ORIENTED_EDGE('',*,*,#2114,.T.);
#3057=ORIENTED_EDGE('',*,*,#2240,.T.);
#3058=ORIENTED_EDGE('',*,*,#2238,.F.);
#3059=ORIENTED_EDGE('',*,*,#2113,.T.);
#3060=ORIENTED_EDGE('',*,*,#2241,.T.);
#3061=ORIENTED_EDGE('',*,*,#2242,.T.);
#3062=ORIENTED_EDGE('',*,*,#2241,.F.);
#3063=ORIENTED_EDGE('',*,*,#2112,.T.);
#3064=ORIENTED_EDGE('',*,*,#2243,.T.);
#3065=ORIENTED_EDGE('',*,*,#2244,.T.);
#3066=ORIENTED_EDGE('',*,*,#2243,.F.);
#3067=ORIENTED_EDGE('',*,*,#2111,.T.);
#3068=ORIENTED_EDGE('',*,*,#2245,.T.);
#3069=ORIENTED_EDGE('',*,*,#2246,.T.);
#3070=ORIENTED_EDGE('',*,*,#2245,.F.);
#3071=ORIENTED_EDGE('',*,*,#2110,.T.);
#3072=ORIENTED_EDGE('',*,*,#2247,.T.);
#3073=ORIENTED_EDGE('',*,*,#2109,.T.);
#3074=ORIENTED_EDGE('',*,*,#2248,.T.);
#3075=ORIENTED_EDGE('',*,*,#2249,.T.);
#3076=ORIENTED_EDGE('',*,*,#2247,.F.);
#3077=ORIENTED_EDGE('',*,*,#2250,.T.);
#3078=ORIENTED_EDGE('',*,*,#2251,.T.);
#3079=ORIENTED_EDGE('',*,*,#2248,.F.);
#3080=ORIENTED_EDGE('',*,*,#2108,.T.);
#3081=ORIENTED_EDGE('',*,*,#2252,.T.);
#3082=ORIENTED_EDGE('',*,*,#2250,.F.);
#3083=ORIENTED_EDGE('',*,*,#2107,.T.);
#3084=ORIENTED_EDGE('',*,*,#2253,.T.);
#3085=ORIENTED_EDGE('',*,*,#2254,.T.);
#3086=ORIENTED_EDGE('',*,*,#2253,.F.);
#3087=ORIENTED_EDGE('',*,*,#2106,.T.);
#3088=ORIENTED_EDGE('',*,*,#2255,.T.);
#3089=ORIENTED_EDGE('',*,*,#2256,.T.);
#3090=ORIENTED_EDGE('',*,*,#2255,.F.);
#3091=ORIENTED_EDGE('',*,*,#2105,.T.);
#3092=ORIENTED_EDGE('',*,*,#2257,.T.);
#3093=ORIENTED_EDGE('',*,*,#2258,.T.);
#3094=ORIENTED_EDGE('',*,*,#2257,.F.);
#3095=ORIENTED_EDGE('',*,*,#2104,.T.);
#3096=ORIENTED_EDGE('',*,*,#2259,.T.);
#3097=ORIENTED_EDGE('',*,*,#2103,.T.);
#3098=ORIENTED_EDGE('',*,*,#2260,.T.);
#3099=ORIENTED_EDGE('',*,*,#2261,.T.);
#3100=ORIENTED_EDGE('',*,*,#2259,.F.);
#3101=ORIENTED_EDGE('',*,*,#2262,.T.);
#3102=ORIENTED_EDGE('',*,*,#2263,.T.);
#3103=ORIENTED_EDGE('',*,*,#2260,.F.);
#3104=ORIENTED_EDGE('',*,*,#2102,.T.);
#3105=ORIENTED_EDGE('',*,*,#2264,.T.);
#3106=ORIENTED_EDGE('',*,*,#2262,.F.);
#3107=ORIENTED_EDGE('',*,*,#2101,.T.);
#3108=ORIENTED_EDGE('',*,*,#2265,.T.);
#3109=ORIENTED_EDGE('',*,*,#2266,.T.);
#3110=ORIENTED_EDGE('',*,*,#2265,.F.);
#3111=ORIENTED_EDGE('',*,*,#2100,.T.);
#3112=ORIENTED_EDGE('',*,*,#2267,.T.);
#3113=ORIENTED_EDGE('',*,*,#2268,.T.);
#3114=ORIENTED_EDGE('',*,*,#2267,.F.);
#3115=ORIENTED_EDGE('',*,*,#2099,.T.);
#3116=ORIENTED_EDGE('',*,*,#2269,.T.);
#3117=ORIENTED_EDGE('',*,*,#2270,.T.);
#3118=ORIENTED_EDGE('',*,*,#2269,.F.);
#3119=ORIENTED_EDGE('',*,*,#2098,.T.);
#3120=ORIENTED_EDGE('',*,*,#2271,.T.);
#3121=ORIENTED_EDGE('',*,*,#2097,.T.);
#3122=ORIENTED_EDGE('',*,*,#2272,.T.);
#3123=ORIENTED_EDGE('',*,*,#2273,.T.);
#3124=ORIENTED_EDGE('',*,*,#2271,.F.);
#3125=ORIENTED_EDGE('',*,*,#2274,.T.);
#3126=ORIENTED_EDGE('',*,*,#2275,.T.);
#3127=ORIENTED_EDGE('',*,*,#2272,.F.);
#3128=ORIENTED_EDGE('',*,*,#2096,.T.);
#3129=ORIENTED_EDGE('',*,*,#2276,.T.);
#3130=ORIENTED_EDGE('',*,*,#2274,.F.);
#3131=ORIENTED_EDGE('',*,*,#2095,.T.);
#3132=ORIENTED_EDGE('',*,*,#2135,.T.);
#3133=ORIENTED_EDGE('',*,*,#2134,.F.);
#3134=ORIENTED_EDGE('',*,*,#2277,.F.);
#3135=ORIENTED_EDGE('',*,*,#2278,.T.);
#3136=ORIENTED_EDGE('',*,*,#2279,.T.);
#3137=ORIENTED_EDGE('',*,*,#2137,.F.);
#3138=ORIENTED_EDGE('',*,*,#2280,.F.);
#3139=ORIENTED_EDGE('',*,*,#2281,.T.);
#3140=ORIENTED_EDGE('',*,*,#2282,.T.);
#3141=ORIENTED_EDGE('',*,*,#2277,.T.);
#3142=ORIENTED_EDGE('',*,*,#2139,.F.);
#3143=ORIENTED_EDGE('',*,*,#2283,.F.);
#3144=ORIENTED_EDGE('',*,*,#2284,.T.);
#3145=ORIENTED_EDGE('',*,*,#2280,.T.);
#3146=ORIENTED_EDGE('',*,*,#2141,.F.);
#3147=ORIENTED_EDGE('',*,*,#2285,.F.);
#3148=ORIENTED_EDGE('',*,*,#2286,.T.);
#3149=ORIENTED_EDGE('',*,*,#2283,.T.);
#3150=ORIENTED_EDGE('',*,*,#2143,.F.);
#3151=ORIENTED_EDGE('',*,*,#2287,.T.);
#3152=ORIENTED_EDGE('',*,*,#2288,.F.);
#3153=ORIENTED_EDGE('',*,*,#2285,.T.);
#3154=ORIENTED_EDGE('',*,*,#2144,.F.);
#3155=ORIENTED_EDGE('',*,*,#2289,.F.);
#3156=ORIENTED_EDGE('',*,*,#2290,.T.);
#3157=ORIENTED_EDGE('',*,*,#2287,.F.);
#3158=ORIENTED_EDGE('',*,*,#2147,.F.);
#3159=ORIENTED_EDGE('',*,*,#2291,.F.);
#3160=ORIENTED_EDGE('',*,*,#2292,.T.);
#3161=ORIENTED_EDGE('',*,*,#2289,.T.);
#3162=ORIENTED_EDGE('',*,*,#2149,.F.);
#3163=ORIENTED_EDGE('',*,*,#2293,.F.);
#3164=ORIENTED_EDGE('',*,*,#2294,.T.);
#3165=ORIENTED_EDGE('',*,*,#2291,.T.);
#3166=ORIENTED_EDGE('',*,*,#2151,.F.);
#3167=ORIENTED_EDGE('',*,*,#2295,.F.);
#3168=ORIENTED_EDGE('',*,*,#2296,.T.);
#3169=ORIENTED_EDGE('',*,*,#2293,.T.);
#3170=ORIENTED_EDGE('',*,*,#2153,.F.);
#3171=ORIENTED_EDGE('',*,*,#2297,.F.);
#3172=ORIENTED_EDGE('',*,*,#2298,.T.);
#3173=ORIENTED_EDGE('',*,*,#2295,.T.);
#3174=ORIENTED_EDGE('',*,*,#2155,.F.);
#3175=ORIENTED_EDGE('',*,*,#2299,.T.);
#3176=ORIENTED_EDGE('',*,*,#2300,.F.);
#3177=ORIENTED_EDGE('',*,*,#2297,.T.);
#3178=ORIENTED_EDGE('',*,*,#2156,.F.);
#3179=ORIENTED_EDGE('',*,*,#2301,.F.);
#3180=ORIENTED_EDGE('',*,*,#2302,.T.);
#3181=ORIENTED_EDGE('',*,*,#2299,.F.);
#3182=ORIENTED_EDGE('',*,*,#2159,.F.);
#3183=ORIENTED_EDGE('',*,*,#2303,.F.);
#3184=ORIENTED_EDGE('',*,*,#2304,.T.);
#3185=ORIENTED_EDGE('',*,*,#2301,.T.);
#3186=ORIENTED_EDGE('',*,*,#2161,.F.);
#3187=ORIENTED_EDGE('',*,*,#2305,.F.);
#3188=ORIENTED_EDGE('',*,*,#2306,.T.);
#3189=ORIENTED_EDGE('',*,*,#2303,.T.);
#3190=ORIENTED_EDGE('',*,*,#2163,.F.);
#3191=ORIENTED_EDGE('',*,*,#2307,.F.);
#3192=ORIENTED_EDGE('',*,*,#2308,.T.);
#3193=ORIENTED_EDGE('',*,*,#2305,.T.);
#3194=ORIENTED_EDGE('',*,*,#2165,.F.);
#3195=ORIENTED_EDGE('',*,*,#2309,.F.);
#3196=ORIENTED_EDGE('',*,*,#2310,.T.);
#3197=ORIENTED_EDGE('',*,*,#2307,.T.);
#3198=ORIENTED_EDGE('',*,*,#2167,.F.);
#3199=ORIENTED_EDGE('',*,*,#2311,.T.);
#3200=ORIENTED_EDGE('',*,*,#2312,.T.);
#3201=ORIENTED_EDGE('',*,*,#2309,.T.);
#3202=ORIENTED_EDGE('',*,*,#2168,.F.);
#3203=ORIENTED_EDGE('',*,*,#2313,.F.);
#3204=ORIENTED_EDGE('',*,*,#2314,.T.);
#3205=ORIENTED_EDGE('',*,*,#2311,.F.);
#3206=ORIENTED_EDGE('',*,*,#2171,.F.);
#3207=ORIENTED_EDGE('',*,*,#2315,.F.);
#3208=ORIENTED_EDGE('',*,*,#2316,.T.);
#3209=ORIENTED_EDGE('',*,*,#2313,.T.);
#3210=ORIENTED_EDGE('',*,*,#2173,.F.);
#3211=ORIENTED_EDGE('',*,*,#2317,.F.);
#3212=ORIENTED_EDGE('',*,*,#2318,.T.);
#3213=ORIENTED_EDGE('',*,*,#2315,.T.);
#3214=ORIENTED_EDGE('',*,*,#2175,.F.);
#3215=ORIENTED_EDGE('',*,*,#2319,.F.);
#3216=ORIENTED_EDGE('',*,*,#2320,.T.);
#3217=ORIENTED_EDGE('',*,*,#2317,.T.);
#3218=ORIENTED_EDGE('',*,*,#2177,.F.);
#3219=ORIENTED_EDGE('',*,*,#2321,.F.);
#3220=ORIENTED_EDGE('',*,*,#2322,.T.);
#3221=ORIENTED_EDGE('',*,*,#2319,.T.);
#3222=ORIENTED_EDGE('',*,*,#2179,.F.);
#3223=ORIENTED_EDGE('',*,*,#2323,.T.);
#3224=ORIENTED_EDGE('',*,*,#2324,.F.);
#3225=ORIENTED_EDGE('',*,*,#2321,.T.);
#3226=ORIENTED_EDGE('',*,*,#2180,.F.);
#3227=ORIENTED_EDGE('',*,*,#2325,.F.);
#3228=ORIENTED_EDGE('',*,*,#2326,.T.);
#3229=ORIENTED_EDGE('',*,*,#2323,.F.);
#3230=ORIENTED_EDGE('',*,*,#2183,.F.);
#3231=ORIENTED_EDGE('',*,*,#2327,.F.);
#3232=ORIENTED_EDGE('',*,*,#2328,.T.);
#3233=ORIENTED_EDGE('',*,*,#2325,.T.);
#3234=ORIENTED_EDGE('',*,*,#2185,.F.);
#3235=ORIENTED_EDGE('',*,*,#2329,.F.);
#3236=ORIENTED_EDGE('',*,*,#2330,.T.);
#3237=ORIENTED_EDGE('',*,*,#2327,.T.);
#3238=ORIENTED_EDGE('',*,*,#2187,.F.);
#3239=ORIENTED_EDGE('',*,*,#2331,.F.);
#3240=ORIENTED_EDGE('',*,*,#2332,.T.);
#3241=ORIENTED_EDGE('',*,*,#2329,.T.);
#3242=ORIENTED_EDGE('',*,*,#2189,.F.);
#3243=ORIENTED_EDGE('',*,*,#2333,.F.);
#3244=ORIENTED_EDGE('',*,*,#2334,.T.);
#3245=ORIENTED_EDGE('',*,*,#2331,.T.);
#3246=ORIENTED_EDGE('',*,*,#2191,.F.);
#3247=ORIENTED_EDGE('',*,*,#2335,.T.);
#3248=ORIENTED_EDGE('',*,*,#2336,.F.);
#3249=ORIENTED_EDGE('',*,*,#2333,.T.);
#3250=ORIENTED_EDGE('',*,*,#2192,.F.);
#3251=ORIENTED_EDGE('',*,*,#2337,.F.);
#3252=ORIENTED_EDGE('',*,*,#2338,.T.);
#3253=ORIENTED_EDGE('',*,*,#2335,.F.);
#3254=ORIENTED_EDGE('',*,*,#2195,.F.);
#3255=ORIENTED_EDGE('',*,*,#2339,.F.);
#3256=ORIENTED_EDGE('',*,*,#2340,.T.);
#3257=ORIENTED_EDGE('',*,*,#2337,.T.);
#3258=ORIENTED_EDGE('',*,*,#2197,.F.);
#3259=ORIENTED_EDGE('',*,*,#2341,.F.);
#3260=ORIENTED_EDGE('',*,*,#2342,.T.);
#3261=ORIENTED_EDGE('',*,*,#2339,.T.);
#3262=ORIENTED_EDGE('',*,*,#2199,.F.);
#3263=ORIENTED_EDGE('',*,*,#2343,.F.);
#3264=ORIENTED_EDGE('',*,*,#2344,.T.);
#3265=ORIENTED_EDGE('',*,*,#2341,.T.);
#3266=ORIENTED_EDGE('',*,*,#2205,.F.);
#3267=ORIENTED_EDGE('',*,*,#2345,.F.);
#3268=ORIENTED_EDGE('',*,*,#2346,.T.);
#3269=ORIENTED_EDGE('',*,*,#2343,.T.);
#3270=ORIENTED_EDGE('',*,*,#2204,.F.);
#3271=ORIENTED_EDGE('',*,*,#2347,.T.);
#3272=ORIENTED_EDGE('',*,*,#2348,.F.);
#3273=ORIENTED_EDGE('',*,*,#2345,.T.);
#3274=ORIENTED_EDGE('',*,*,#2200,.F.);
#3275=ORIENTED_EDGE('',*,*,#2349,.F.);
#3276=ORIENTED_EDGE('',*,*,#2350,.T.);
#3277=ORIENTED_EDGE('',*,*,#2347,.F.);
#3278=ORIENTED_EDGE('',*,*,#2351,.T.);
#3279=ORIENTED_EDGE('',*,*,#2352,.T.);
#3280=ORIENTED_EDGE('',*,*,#2353,.T.);
#3281=ORIENTED_EDGE('',*,*,#2352,.F.);
#3282=ORIENTED_EDGE('',*,*,#2354,.T.);
#3283=ORIENTED_EDGE('',*,*,#2351,.F.);
#3284=ORIENTED_EDGE('',*,*,#2355,.T.);
#3285=ORIENTED_EDGE('',*,*,#2356,.F.);
#3286=ORIENTED_EDGE('',*,*,#2357,.F.);
#3287=ORIENTED_EDGE('',*,*,#2355,.F.);
#3288=ORIENTED_EDGE('',*,*,#2354,.F.);
#3289=ORIENTED_EDGE('',*,*,#2358,.F.);
#3290=ORIENTED_EDGE('',*,*,#2359,.F.);
#3291=ORIENTED_EDGE('',*,*,#2360,.F.);
#3292=ORIENTED_EDGE('',*,*,#2361,.F.);
#3293=ORIENTED_EDGE('',*,*,#2362,.F.);
#3294=ORIENTED_EDGE('',*,*,#2363,.F.);
#3295=ORIENTED_EDGE('',*,*,#2364,.F.);
#3296=ORIENTED_EDGE('',*,*,#2365,.F.);
#3297=ORIENTED_EDGE('',*,*,#2366,.F.);
#3298=ORIENTED_EDGE('',*,*,#2367,.F.);
#3299=ORIENTED_EDGE('',*,*,#2368,.F.);
#3300=ORIENTED_EDGE('',*,*,#2369,.F.);
#3301=ORIENTED_EDGE('',*,*,#2370,.F.);
#3302=ORIENTED_EDGE('',*,*,#2371,.F.);
#3303=ORIENTED_EDGE('',*,*,#2372,.F.);
#3304=ORIENTED_EDGE('',*,*,#2373,.F.);
#3305=ORIENTED_EDGE('',*,*,#2374,.F.);
#3306=ORIENTED_EDGE('',*,*,#2375,.F.);
#3307=ORIENTED_EDGE('',*,*,#2376,.F.);
#3308=ORIENTED_EDGE('',*,*,#2377,.F.);
#3309=ORIENTED_EDGE('',*,*,#2378,.F.);
#3310=ORIENTED_EDGE('',*,*,#2379,.F.);
#3311=ORIENTED_EDGE('',*,*,#2380,.F.);
#3312=ORIENTED_EDGE('',*,*,#2381,.F.);
#3313=ORIENTED_EDGE('',*,*,#2353,.F.);
#3314=ORIENTED_EDGE('',*,*,#2275,.F.);
#3315=ORIENTED_EDGE('',*,*,#2382,.T.);
#3316=ORIENTED_EDGE('',*,*,#2383,.F.);
#3317=ORIENTED_EDGE('',*,*,#2384,.T.);
#3318=ORIENTED_EDGE('',*,*,#2276,.F.);
#3319=ORIENTED_EDGE('',*,*,#2279,.F.);
#3320=ORIENTED_EDGE('',*,*,#2385,.T.);
#3321=ORIENTED_EDGE('',*,*,#2382,.F.);
#3322=ORIENTED_EDGE('',*,*,#2263,.F.);
#3323=ORIENTED_EDGE('',*,*,#2386,.T.);
#3324=ORIENTED_EDGE('',*,*,#2387,.F.);
#3325=ORIENTED_EDGE('',*,*,#2388,.T.);
#3326=ORIENTED_EDGE('',*,*,#2264,.F.);
#3327=ORIENTED_EDGE('',*,*,#2389,.F.);
#3328=ORIENTED_EDGE('',*,*,#2390,.T.);
#3329=ORIENTED_EDGE('',*,*,#2386,.F.);
#3330=ORIENTED_EDGE('',*,*,#2251,.F.);
#3331=ORIENTED_EDGE('',*,*,#2391,.T.);
#3332=ORIENTED_EDGE('',*,*,#2392,.F.);
#3333=ORIENTED_EDGE('',*,*,#2393,.T.);
#3334=ORIENTED_EDGE('',*,*,#2252,.F.);
#3335=ORIENTED_EDGE('',*,*,#2394,.F.);
#3336=ORIENTED_EDGE('',*,*,#2395,.T.);
#3337=ORIENTED_EDGE('',*,*,#2391,.F.);
#3338=ORIENTED_EDGE('',*,*,#2239,.F.);
#3339=ORIENTED_EDGE('',*,*,#2396,.T.);
#3340=ORIENTED_EDGE('',*,*,#2397,.F.);
#3341=ORIENTED_EDGE('',*,*,#2398,.T.);
#3342=ORIENTED_EDGE('',*,*,#2240,.F.);
#3343=ORIENTED_EDGE('',*,*,#2399,.F.);
#3344=ORIENTED_EDGE('',*,*,#2400,.T.);
#3345=ORIENTED_EDGE('',*,*,#2396,.F.);
#3346=ORIENTED_EDGE('',*,*,#2227,.F.);
#3347=ORIENTED_EDGE('',*,*,#2401,.T.);
#3348=ORIENTED_EDGE('',*,*,#2402,.F.);
#3349=ORIENTED_EDGE('',*,*,#2403,.T.);
#3350=ORIENTED_EDGE('',*,*,#2228,.F.);
#3351=ORIENTED_EDGE('',*,*,#2404,.F.);
#3352=ORIENTED_EDGE('',*,*,#2405,.T.);
#3353=ORIENTED_EDGE('',*,*,#2401,.F.);
#3354=ORIENTED_EDGE('',*,*,#2215,.F.);
#3355=ORIENTED_EDGE('',*,*,#2406,.T.);
#3356=ORIENTED_EDGE('',*,*,#2407,.F.);
#3357=ORIENTED_EDGE('',*,*,#2408,.T.);
#3358=ORIENTED_EDGE('',*,*,#2213,.F.);
#3359=ORIENTED_EDGE('',*,*,#2408,.F.);
#3360=ORIENTED_EDGE('',*,*,#2409,.T.);
#3361=ORIENTED_EDGE('',*,*,#2410,.T.);
#3362=ORIENTED_EDGE('',*,*,#2216,.F.);
#3363=ORIENTED_EDGE('',*,*,#2411,.F.);
#3364=ORIENTED_EDGE('',*,*,#2412,.T.);
#3365=ORIENTED_EDGE('',*,*,#2406,.F.);
#3366=ORIENTED_EDGE('',*,*,#2413,.F.);
#3367=ORIENTED_EDGE('',*,*,#2414,.T.);
#3368=ORIENTED_EDGE('',*,*,#2415,.T.);
#3369=ORIENTED_EDGE('',*,*,#2414,.F.);
#3370=ORIENTED_EDGE('',*,*,#2415,.F.);
#3371=ORIENTED_EDGE('',*,*,#2416,.F.);
#3372=ORIENTED_EDGE('',*,*,#2131,.F.);
#3373=ORIENTED_EDGE('',*,*,#2417,.F.);
#3374=ORIENTED_EDGE('',*,*,#2418,.T.);
#3375=ORIENTED_EDGE('',*,*,#2281,.F.);
#3376=ORIENTED_EDGE('',*,*,#2284,.F.);
#3377=ORIENTED_EDGE('',*,*,#2286,.F.);
#3378=ORIENTED_EDGE('',*,*,#2288,.T.);
#3379=ORIENTED_EDGE('',*,*,#2290,.F.);
#3380=ORIENTED_EDGE('',*,*,#2292,.F.);
#3381=ORIENTED_EDGE('',*,*,#2294,.F.);
#3382=ORIENTED_EDGE('',*,*,#2296,.F.);
#3383=ORIENTED_EDGE('',*,*,#2298,.F.);
#3384=ORIENTED_EDGE('',*,*,#2300,.T.);
#3385=ORIENTED_EDGE('',*,*,#2302,.F.);
#3386=ORIENTED_EDGE('',*,*,#2304,.F.);
#3387=ORIENTED_EDGE('',*,*,#2306,.F.);
#3388=ORIENTED_EDGE('',*,*,#2308,.F.);
#3389=ORIENTED_EDGE('',*,*,#2310,.F.);
#3390=ORIENTED_EDGE('',*,*,#2312,.F.);
#3391=ORIENTED_EDGE('',*,*,#2314,.F.);
#3392=ORIENTED_EDGE('',*,*,#2316,.F.);
#3393=ORIENTED_EDGE('',*,*,#2318,.F.);
#3394=ORIENTED_EDGE('',*,*,#2320,.F.);
#3395=ORIENTED_EDGE('',*,*,#2322,.F.);
#3396=ORIENTED_EDGE('',*,*,#2324,.T.);
#3397=ORIENTED_EDGE('',*,*,#2326,.F.);
#3398=ORIENTED_EDGE('',*,*,#2328,.F.);
#3399=ORIENTED_EDGE('',*,*,#2330,.F.);
#3400=ORIENTED_EDGE('',*,*,#2332,.F.);
#3401=ORIENTED_EDGE('',*,*,#2334,.F.);
#3402=ORIENTED_EDGE('',*,*,#2336,.T.);
#3403=ORIENTED_EDGE('',*,*,#2338,.F.);
#3404=ORIENTED_EDGE('',*,*,#2340,.F.);
#3405=ORIENTED_EDGE('',*,*,#2342,.F.);
#3406=ORIENTED_EDGE('',*,*,#2344,.F.);
#3407=ORIENTED_EDGE('',*,*,#2346,.F.);
#3408=ORIENTED_EDGE('',*,*,#2348,.T.);
#3409=ORIENTED_EDGE('',*,*,#2350,.F.);
#3410=ORIENTED_EDGE('',*,*,#2419,.F.);
#3411=ORIENTED_EDGE('',*,*,#2420,.F.);
#3412=ORIENTED_EDGE('',*,*,#2421,.F.);
#3413=ORIENTED_EDGE('',*,*,#2409,.F.);
#3414=ORIENTED_EDGE('',*,*,#2407,.T.);
#3415=ORIENTED_EDGE('',*,*,#2412,.F.);
#3416=ORIENTED_EDGE('',*,*,#2422,.F.);
#3417=ORIENTED_EDGE('',*,*,#2423,.F.);
#3418=ORIENTED_EDGE('',*,*,#2424,.F.);
#3419=ORIENTED_EDGE('',*,*,#2425,.F.);
#3420=ORIENTED_EDGE('',*,*,#2402,.T.);
#3421=ORIENTED_EDGE('',*,*,#2405,.F.);
#3422=ORIENTED_EDGE('',*,*,#2426,.F.);
#3423=ORIENTED_EDGE('',*,*,#2427,.F.);
#3424=ORIENTED_EDGE('',*,*,#2428,.F.);
#3425=ORIENTED_EDGE('',*,*,#2429,.F.);
#3426=ORIENTED_EDGE('',*,*,#2397,.T.);
#3427=ORIENTED_EDGE('',*,*,#2400,.F.);
#3428=ORIENTED_EDGE('',*,*,#2430,.F.);
#3429=ORIENTED_EDGE('',*,*,#2431,.F.);
#3430=ORIENTED_EDGE('',*,*,#2432,.F.);
#3431=ORIENTED_EDGE('',*,*,#2433,.F.);
#3432=ORIENTED_EDGE('',*,*,#2392,.T.);
#3433=ORIENTED_EDGE('',*,*,#2395,.F.);
#3434=ORIENTED_EDGE('',*,*,#2434,.F.);
#3435=ORIENTED_EDGE('',*,*,#2435,.F.);
#3436=ORIENTED_EDGE('',*,*,#2436,.F.);
#3437=ORIENTED_EDGE('',*,*,#2437,.F.);
#3438=ORIENTED_EDGE('',*,*,#2387,.T.);
#3439=ORIENTED_EDGE('',*,*,#2390,.F.);
#3440=ORIENTED_EDGE('',*,*,#2438,.F.);
#3441=ORIENTED_EDGE('',*,*,#2439,.F.);
#3442=ORIENTED_EDGE('',*,*,#2440,.F.);
#3443=ORIENTED_EDGE('',*,*,#2441,.F.);
#3444=ORIENTED_EDGE('',*,*,#2383,.T.);
#3445=ORIENTED_EDGE('',*,*,#2385,.F.);
#3446=ORIENTED_EDGE('',*,*,#2278,.F.);
#3447=ORIENTED_EDGE('',*,*,#2282,.F.);
#3448=ORIENTED_EDGE('',*,*,#2418,.F.);
#3449=ORIENTED_EDGE('',*,*,#2232,.F.);
#3450=ORIENTED_EDGE('',*,*,#2442,.F.);
#3451=ORIENTED_EDGE('',*,*,#2427,.T.);
#3452=ORIENTED_EDGE('',*,*,#2443,.T.);
#3453=ORIENTED_EDGE('',*,*,#2230,.F.);
#3454=ORIENTED_EDGE('',*,*,#2443,.F.);
#3455=ORIENTED_EDGE('',*,*,#2426,.T.);
#3456=ORIENTED_EDGE('',*,*,#2404,.T.);
#3457=ORIENTED_EDGE('',*,*,#2242,.F.);
#3458=ORIENTED_EDGE('',*,*,#2444,.F.);
#3459=ORIENTED_EDGE('',*,*,#2430,.T.);
#3460=ORIENTED_EDGE('',*,*,#2399,.T.);
#3461=ORIENTED_EDGE('',*,*,#2220,.F.);
#3462=ORIENTED_EDGE('',*,*,#2445,.F.);
#3463=ORIENTED_EDGE('',*,*,#2423,.T.);
#3464=ORIENTED_EDGE('',*,*,#2446,.T.);
#3465=ORIENTED_EDGE('',*,*,#2218,.F.);
#3466=ORIENTED_EDGE('',*,*,#2446,.F.);
#3467=ORIENTED_EDGE('',*,*,#2422,.T.);
#3468=ORIENTED_EDGE('',*,*,#2411,.T.);
#3469=ORIENTED_EDGE('',*,*,#2254,.F.);
#3470=ORIENTED_EDGE('',*,*,#2447,.F.);
#3471=ORIENTED_EDGE('',*,*,#2434,.T.);
#3472=ORIENTED_EDGE('',*,*,#2394,.T.);
#3473=ORIENTED_EDGE('',*,*,#2208,.F.);
#3474=ORIENTED_EDGE('',*,*,#2448,.F.);
#3475=ORIENTED_EDGE('',*,*,#2420,.T.);
#3476=ORIENTED_EDGE('',*,*,#2449,.T.);
#3477=ORIENTED_EDGE('',*,*,#2266,.F.);
#3478=ORIENTED_EDGE('',*,*,#2450,.F.);
#3479=ORIENTED_EDGE('',*,*,#2438,.T.);
#3480=ORIENTED_EDGE('',*,*,#2389,.T.);
#3481=ORIENTED_EDGE('',*,*,#2206,.F.);
#3482=ORIENTED_EDGE('',*,*,#2449,.F.);
#3483=ORIENTED_EDGE('',*,*,#2419,.T.);
#3484=ORIENTED_EDGE('',*,*,#2349,.T.);
#3485=ORIENTED_EDGE('',*,*,#2357,.T.);
#3486=ORIENTED_EDGE('',*,*,#2451,.T.);
#3487=ORIENTED_EDGE('',*,*,#2452,.T.);
#3488=ORIENTED_EDGE('',*,*,#2451,.F.);
#3489=ORIENTED_EDGE('',*,*,#2356,.T.);
#3490=ORIENTED_EDGE('',*,*,#2452,.F.);
#3491=ORIENTED_EDGE('',*,*,#2453,.T.);
#3492=ORIENTED_EDGE('',*,*,#2454,.F.);
#3493=ORIENTED_EDGE('',*,*,#2455,.T.);
#3494=ORIENTED_EDGE('',*,*,#2456,.T.);
#3495=ORIENTED_EDGE('',*,*,#2457,.F.);
#3496=ORIENTED_EDGE('',*,*,#2458,.F.);
#3497=ORIENTED_EDGE('',*,*,#2459,.T.);
#3498=ORIENTED_EDGE('',*,*,#2460,.T.);
#3499=ORIENTED_EDGE('',*,*,#2461,.F.);
#3500=ORIENTED_EDGE('',*,*,#2462,.F.);
#3501=ORIENTED_EDGE('',*,*,#2463,.T.);
#3502=ORIENTED_EDGE('',*,*,#2464,.T.);
#3503=ORIENTED_EDGE('',*,*,#2465,.F.);
#3504=ORIENTED_EDGE('',*,*,#2466,.F.);
#3505=ORIENTED_EDGE('',*,*,#2467,.T.);
#3506=ORIENTED_EDGE('',*,*,#2468,.T.);
#3507=ORIENTED_EDGE('',*,*,#2469,.F.);
#3508=ORIENTED_EDGE('',*,*,#2470,.F.);
#3509=ORIENTED_EDGE('',*,*,#2456,.F.);
#3510=ORIENTED_EDGE('',*,*,#2471,.F.);
#3511=ORIENTED_EDGE('',*,*,#2460,.F.);
#3512=ORIENTED_EDGE('',*,*,#2472,.F.);
#3513=ORIENTED_EDGE('',*,*,#2464,.F.);
#3514=ORIENTED_EDGE('',*,*,#2473,.F.);
#3515=ORIENTED_EDGE('',*,*,#2468,.F.);
#3516=ORIENTED_EDGE('',*,*,#2413,.T.);
#3517=ORIENTED_EDGE('',*,*,#2458,.T.);
#3518=ORIENTED_EDGE('',*,*,#2474,.F.);
#3519=ORIENTED_EDGE('',*,*,#2454,.T.);
#3520=ORIENTED_EDGE('',*,*,#2475,.F.);
#3521=ORIENTED_EDGE('',*,*,#2466,.T.);
#3522=ORIENTED_EDGE('',*,*,#2476,.F.);
#3523=ORIENTED_EDGE('',*,*,#2462,.T.);
#3524=ORIENTED_EDGE('',*,*,#2477,.F.);
#3525=ORIENTED_EDGE('',*,*,#2478,.F.);
#3526=ORIENTED_EDGE('',*,*,#2453,.F.);
#3527=ORIENTED_EDGE('',*,*,#2479,.T.);
#3528=ORIENTED_EDGE('',*,*,#2477,.T.);
#3529=ORIENTED_EDGE('',*,*,#2465,.T.);
#3530=ORIENTED_EDGE('',*,*,#2472,.T.);
#3531=ORIENTED_EDGE('',*,*,#2459,.F.);
#3532=ORIENTED_EDGE('',*,*,#2474,.T.);
#3533=ORIENTED_EDGE('',*,*,#2461,.T.);
#3534=ORIENTED_EDGE('',*,*,#2471,.T.);
#3535=ORIENTED_EDGE('',*,*,#2455,.F.);
#3536=ORIENTED_EDGE('',*,*,#2475,.T.);
#3537=ORIENTED_EDGE('',*,*,#2457,.T.);
#3538=ORIENTED_EDGE('',*,*,#2470,.T.);
#3539=ORIENTED_EDGE('',*,*,#2467,.F.);
#3540=ORIENTED_EDGE('',*,*,#2476,.T.);
#3541=ORIENTED_EDGE('',*,*,#2469,.T.);
#3542=ORIENTED_EDGE('',*,*,#2473,.T.);
#3543=ORIENTED_EDGE('',*,*,#2463,.F.);
#3544=ORIENTED_EDGE('',*,*,#2478,.T.);
#3545=ORIENTED_EDGE('',*,*,#2479,.F.);
#3546=ORIENTED_EDGE('',*,*,#2273,.F.);
#3547=ORIENTED_EDGE('',*,*,#2384,.F.);
#3548=ORIENTED_EDGE('',*,*,#2441,.T.);
#3549=ORIENTED_EDGE('',*,*,#2480,.T.);
#3550=ORIENTED_EDGE('',*,*,#2270,.F.);
#3551=ORIENTED_EDGE('',*,*,#2480,.F.);
#3552=ORIENTED_EDGE('',*,*,#2440,.T.);
#3553=ORIENTED_EDGE('',*,*,#2481,.T.);
#3554=ORIENTED_EDGE('',*,*,#2268,.F.);
#3555=ORIENTED_EDGE('',*,*,#2481,.F.);
#3556=ORIENTED_EDGE('',*,*,#2439,.T.);
#3557=ORIENTED_EDGE('',*,*,#2450,.T.);
#3558=ORIENTED_EDGE('',*,*,#2261,.F.);
#3559=ORIENTED_EDGE('',*,*,#2388,.F.);
#3560=ORIENTED_EDGE('',*,*,#2437,.T.);
#3561=ORIENTED_EDGE('',*,*,#2482,.T.);
#3562=ORIENTED_EDGE('',*,*,#2258,.F.);
#3563=ORIENTED_EDGE('',*,*,#2482,.F.);
#3564=ORIENTED_EDGE('',*,*,#2436,.T.);
#3565=ORIENTED_EDGE('',*,*,#2483,.T.);
#3566=ORIENTED_EDGE('',*,*,#2256,.F.);
#3567=ORIENTED_EDGE('',*,*,#2483,.F.);
#3568=ORIENTED_EDGE('',*,*,#2435,.T.);
#3569=ORIENTED_EDGE('',*,*,#2447,.T.);
#3570=ORIENTED_EDGE('',*,*,#2249,.F.);
#3571=ORIENTED_EDGE('',*,*,#2393,.F.);
#3572=ORIENTED_EDGE('',*,*,#2433,.T.);
#3573=ORIENTED_EDGE('',*,*,#2484,.T.);
#3574=ORIENTED_EDGE('',*,*,#2246,.F.);
#3575=ORIENTED_EDGE('',*,*,#2484,.F.);
#3576=ORIENTED_EDGE('',*,*,#2432,.T.);
#3577=ORIENTED_EDGE('',*,*,#2485,.T.);
#3578=ORIENTED_EDGE('',*,*,#2244,.F.);
#3579=ORIENTED_EDGE('',*,*,#2485,.F.);
#3580=ORIENTED_EDGE('',*,*,#2431,.T.);
#3581=ORIENTED_EDGE('',*,*,#2444,.T.);
#3582=ORIENTED_EDGE('',*,*,#2237,.F.);
#3583=ORIENTED_EDGE('',*,*,#2398,.F.);
#3584=ORIENTED_EDGE('',*,*,#2429,.T.);
#3585=ORIENTED_EDGE('',*,*,#2486,.T.);
#3586=ORIENTED_EDGE('',*,*,#2234,.F.);
#3587=ORIENTED_EDGE('',*,*,#2486,.F.);
#3588=ORIENTED_EDGE('',*,*,#2428,.T.);
#3589=ORIENTED_EDGE('',*,*,#2442,.T.);
#3590=ORIENTED_EDGE('',*,*,#2225,.F.);
#3591=ORIENTED_EDGE('',*,*,#2403,.F.);
#3592=ORIENTED_EDGE('',*,*,#2425,.T.);
#3593=ORIENTED_EDGE('',*,*,#2487,.T.);
#3594=ORIENTED_EDGE('',*,*,#2222,.F.);
#3595=ORIENTED_EDGE('',*,*,#2487,.F.);
#3596=ORIENTED_EDGE('',*,*,#2424,.T.);
#3597=ORIENTED_EDGE('',*,*,#2445,.T.);
#3598=ORIENTED_EDGE('',*,*,#2210,.F.);
#3599=ORIENTED_EDGE('',*,*,#2410,.F.);
#3600=ORIENTED_EDGE('',*,*,#2421,.T.);
#3601=ORIENTED_EDGE('',*,*,#2448,.T.);
#3602=ORIENTED_EDGE('',*,*,#2417,.T.);
#3603=ORIENTED_EDGE('',*,*,#2416,.T.);
#3604=ORIENTED_EDGE('',*,*,#2488,.T.);
#3605=ORIENTED_EDGE('',*,*,#2489,.T.);
#3606=ORIENTED_EDGE('',*,*,#2488,.F.);
#3607=ORIENTED_EDGE('',*,*,#2489,.F.);
#3608=ORIENTED_EDGE('',*,*,#2490,.T.);
#3609=ORIENTED_EDGE('',*,*,#2491,.F.);
#3610=ORIENTED_EDGE('',*,*,#2492,.F.);
#3611=ORIENTED_EDGE('',*,*,#2493,.T.);
#3612=ORIENTED_EDGE('',*,*,#2494,.T.);
#3613=ORIENTED_EDGE('',*,*,#2495,.F.);
#3614=ORIENTED_EDGE('',*,*,#2496,.F.);
#3615=ORIENTED_EDGE('',*,*,#2497,.T.);
#3616=ORIENTED_EDGE('',*,*,#2498,.T.);
#3617=ORIENTED_EDGE('',*,*,#2499,.F.);
#3618=ORIENTED_EDGE('',*,*,#2500,.F.);
#3619=ORIENTED_EDGE('',*,*,#2501,.T.);
#3620=ORIENTED_EDGE('',*,*,#2502,.T.);
#3621=ORIENTED_EDGE('',*,*,#2503,.F.);
#3622=ORIENTED_EDGE('',*,*,#2504,.F.);
#3623=ORIENTED_EDGE('',*,*,#2505,.T.);
#3624=ORIENTED_EDGE('',*,*,#2506,.T.);
#3625=ORIENTED_EDGE('',*,*,#2507,.F.);
#3626=ORIENTED_EDGE('',*,*,#2508,.F.);
#3627=ORIENTED_EDGE('',*,*,#2509,.F.);
#3628=ORIENTED_EDGE('',*,*,#2510,.F.);
#3629=ORIENTED_EDGE('',*,*,#2511,.F.);
#3630=ORIENTED_EDGE('',*,*,#2512,.F.);
#3631=ORIENTED_EDGE('',*,*,#2513,.T.);
#3632=ORIENTED_EDGE('',*,*,#2514,.F.);
#3633=ORIENTED_EDGE('',*,*,#2515,.F.);
#3634=ORIENTED_EDGE('',*,*,#2490,.F.);
#3635=ORIENTED_EDGE('',*,*,#2516,.T.);
#3636=ORIENTED_EDGE('',*,*,#2517,.T.);
#3637=ORIENTED_EDGE('',*,*,#2358,.T.);
#3638=ORIENTED_EDGE('',*,*,#2518,.T.);
#3639=ORIENTED_EDGE('',*,*,#2381,.T.);
#3640=ORIENTED_EDGE('',*,*,#2519,.T.);
#3641=ORIENTED_EDGE('',*,*,#2520,.T.);
#3642=ORIENTED_EDGE('',*,*,#2521,.T.);
#3643=ORIENTED_EDGE('',*,*,#2522,.T.);
#3644=ORIENTED_EDGE('',*,*,#2518,.F.);
#3645=ORIENTED_EDGE('',*,*,#2380,.T.);
#3646=ORIENTED_EDGE('',*,*,#2523,.T.);
#3647=ORIENTED_EDGE('',*,*,#2524,.T.);
#3648=ORIENTED_EDGE('',*,*,#2519,.F.);
#3649=ORIENTED_EDGE('',*,*,#2517,.F.);
#3650=ORIENTED_EDGE('',*,*,#2525,.T.);
#3651=ORIENTED_EDGE('',*,*,#2502,.F.);
#3652=ORIENTED_EDGE('',*,*,#2526,.F.);
#3653=ORIENTED_EDGE('',*,*,#2527,.F.);
#3654=ORIENTED_EDGE('',*,*,#2359,.T.);
#3655=ORIENTED_EDGE('',*,*,#2516,.F.);
#3656=ORIENTED_EDGE('',*,*,#2522,.F.);
#3657=ORIENTED_EDGE('',*,*,#2528,.F.);
#3658=ORIENTED_EDGE('',*,*,#2529,.F.);
#3659=ORIENTED_EDGE('',*,*,#2503,.T.);
#3660=ORIENTED_EDGE('',*,*,#2525,.F.);
#3661=ORIENTED_EDGE('',*,*,#2521,.F.);
#3662=ORIENTED_EDGE('',*,*,#2530,.T.);
#3663=ORIENTED_EDGE('',*,*,#2531,.T.);
#3664=ORIENTED_EDGE('',*,*,#2528,.T.);
#3665=ORIENTED_EDGE('',*,*,#2529,.T.);
#3666=ORIENTED_EDGE('',*,*,#2531,.F.);
#3667=ORIENTED_EDGE('',*,*,#2532,.T.);
#3668=ORIENTED_EDGE('',*,*,#2504,.T.);
#3669=ORIENTED_EDGE('',*,*,#2524,.F.);
#3670=ORIENTED_EDGE('',*,*,#2533,.T.);
#3671=ORIENTED_EDGE('',*,*,#2505,.F.);
#3672=ORIENTED_EDGE('',*,*,#2532,.F.);
#3673=ORIENTED_EDGE('',*,*,#2530,.F.);
#3674=ORIENTED_EDGE('',*,*,#2520,.F.);
#3675=ORIENTED_EDGE('',*,*,#2534,.T.);
#3676=ORIENTED_EDGE('',*,*,#2535,.T.);
#3677=ORIENTED_EDGE('',*,*,#2362,.T.);
#3678=ORIENTED_EDGE('',*,*,#2536,.T.);
#3679=ORIENTED_EDGE('',*,*,#2361,.T.);
#3680=ORIENTED_EDGE('',*,*,#2537,.T.);
#3681=ORIENTED_EDGE('',*,*,#2538,.T.);
#3682=ORIENTED_EDGE('',*,*,#2539,.T.);
#3683=ORIENTED_EDGE('',*,*,#2540,.T.);
#3684=ORIENTED_EDGE('',*,*,#2536,.F.);
#3685=ORIENTED_EDGE('',*,*,#2360,.T.);
#3686=ORIENTED_EDGE('',*,*,#2527,.T.);
#3687=ORIENTED_EDGE('',*,*,#2541,.T.);
#3688=ORIENTED_EDGE('',*,*,#2537,.F.);
#3689=ORIENTED_EDGE('',*,*,#2535,.F.);
#3690=ORIENTED_EDGE('',*,*,#2542,.T.);
#3691=ORIENTED_EDGE('',*,*,#2498,.F.);
#3692=ORIENTED_EDGE('',*,*,#2543,.F.);
#3693=ORIENTED_EDGE('',*,*,#2544,.F.);
#3694=ORIENTED_EDGE('',*,*,#2363,.T.);
#3695=ORIENTED_EDGE('',*,*,#2534,.F.);
#3696=ORIENTED_EDGE('',*,*,#2540,.F.);
#3697=ORIENTED_EDGE('',*,*,#2545,.F.);
#3698=ORIENTED_EDGE('',*,*,#2546,.F.);
#3699=ORIENTED_EDGE('',*,*,#2499,.T.);
#3700=ORIENTED_EDGE('',*,*,#2542,.F.);
#3701=ORIENTED_EDGE('',*,*,#2539,.F.);
#3702=ORIENTED_EDGE('',*,*,#2547,.T.);
#3703=ORIENTED_EDGE('',*,*,#2548,.T.);
#3704=ORIENTED_EDGE('',*,*,#2545,.T.);
#3705=ORIENTED_EDGE('',*,*,#2546,.T.);
#3706=ORIENTED_EDGE('',*,*,#2548,.F.);
#3707=ORIENTED_EDGE('',*,*,#2549,.T.);
#3708=ORIENTED_EDGE('',*,*,#2500,.T.);
#3709=ORIENTED_EDGE('',*,*,#2541,.F.);
#3710=ORIENTED_EDGE('',*,*,#2526,.T.);
#3711=ORIENTED_EDGE('',*,*,#2501,.F.);
#3712=ORIENTED_EDGE('',*,*,#2549,.F.);
#3713=ORIENTED_EDGE('',*,*,#2547,.F.);
#3714=ORIENTED_EDGE('',*,*,#2538,.F.);
#3715=ORIENTED_EDGE('',*,*,#2523,.F.);
#3716=ORIENTED_EDGE('',*,*,#2379,.T.);
#3717=ORIENTED_EDGE('',*,*,#2550,.F.);
#3718=ORIENTED_EDGE('',*,*,#2551,.T.);
#3719=ORIENTED_EDGE('',*,*,#2506,.F.);
#3720=ORIENTED_EDGE('',*,*,#2533,.F.);
#3721=ORIENTED_EDGE('',*,*,#2552,.T.);
#3722=ORIENTED_EDGE('',*,*,#2553,.T.);
#3723=ORIENTED_EDGE('',*,*,#2366,.T.);
#3724=ORIENTED_EDGE('',*,*,#2554,.T.);
#3725=ORIENTED_EDGE('',*,*,#2365,.T.);
#3726=ORIENTED_EDGE('',*,*,#2555,.T.);
#3727=ORIENTED_EDGE('',*,*,#2556,.T.);
#3728=ORIENTED_EDGE('',*,*,#2557,.T.);
#3729=ORIENTED_EDGE('',*,*,#2558,.T.);
#3730=ORIENTED_EDGE('',*,*,#2554,.F.);
#3731=ORIENTED_EDGE('',*,*,#2364,.T.);
#3732=ORIENTED_EDGE('',*,*,#2544,.T.);
#3733=ORIENTED_EDGE('',*,*,#2559,.T.);
#3734=ORIENTED_EDGE('',*,*,#2555,.F.);
#3735=ORIENTED_EDGE('',*,*,#2553,.F.);
#3736=ORIENTED_EDGE('',*,*,#2560,.T.);
#3737=ORIENTED_EDGE('',*,*,#2494,.F.);
#3738=ORIENTED_EDGE('',*,*,#2561,.F.);
#3739=ORIENTED_EDGE('',*,*,#2562,.F.);
#3740=ORIENTED_EDGE('',*,*,#2367,.T.);
#3741=ORIENTED_EDGE('',*,*,#2552,.F.);
#3742=ORIENTED_EDGE('',*,*,#2558,.F.);
#3743=ORIENTED_EDGE('',*,*,#2563,.F.);
#3744=ORIENTED_EDGE('',*,*,#2564,.F.);
#3745=ORIENTED_EDGE('',*,*,#2495,.T.);
#3746=ORIENTED_EDGE('',*,*,#2560,.F.);
#3747=ORIENTED_EDGE('',*,*,#2557,.F.);
#3748=ORIENTED_EDGE('',*,*,#2565,.T.);
#3749=ORIENTED_EDGE('',*,*,#2566,.T.);
#3750=ORIENTED_EDGE('',*,*,#2563,.T.);
#3751=ORIENTED_EDGE('',*,*,#2564,.T.);
#3752=ORIENTED_EDGE('',*,*,#2566,.F.);
#3753=ORIENTED_EDGE('',*,*,#2567,.T.);
#3754=ORIENTED_EDGE('',*,*,#2496,.T.);
#3755=ORIENTED_EDGE('',*,*,#2559,.F.);
#3756=ORIENTED_EDGE('',*,*,#2543,.T.);
#3757=ORIENTED_EDGE('',*,*,#2497,.F.);
#3758=ORIENTED_EDGE('',*,*,#2567,.F.);
#3759=ORIENTED_EDGE('',*,*,#2565,.F.);
#3760=ORIENTED_EDGE('',*,*,#2556,.F.);
#3761=ORIENTED_EDGE('',*,*,#2568,.T.);
#3762=ORIENTED_EDGE('',*,*,#2569,.T.);
#3763=ORIENTED_EDGE('',*,*,#2370,.T.);
#3764=ORIENTED_EDGE('',*,*,#2570,.T.);
#3765=ORIENTED_EDGE('',*,*,#2369,.T.);
#3766=ORIENTED_EDGE('',*,*,#2571,.T.);
#3767=ORIENTED_EDGE('',*,*,#2572,.T.);
#3768=ORIENTED_EDGE('',*,*,#2573,.T.);
#3769=ORIENTED_EDGE('',*,*,#2574,.T.);
#3770=ORIENTED_EDGE('',*,*,#2570,.F.);
#3771=ORIENTED_EDGE('',*,*,#2368,.T.);
#3772=ORIENTED_EDGE('',*,*,#2562,.T.);
#3773=ORIENTED_EDGE('',*,*,#2575,.T.);
#3774=ORIENTED_EDGE('',*,*,#2571,.F.);
#3775=ORIENTED_EDGE('',*,*,#2569,.F.);
#3776=ORIENTED_EDGE('',*,*,#2576,.T.);
#3777=ORIENTED_EDGE('',*,*,#2514,.T.);
#3778=ORIENTED_EDGE('',*,*,#2577,.F.);
#3779=ORIENTED_EDGE('',*,*,#2578,.F.);
#3780=ORIENTED_EDGE('',*,*,#2371,.T.);
#3781=ORIENTED_EDGE('',*,*,#2568,.F.);
#3782=ORIENTED_EDGE('',*,*,#2574,.F.);
#3783=ORIENTED_EDGE('',*,*,#2579,.F.);
#3784=ORIENTED_EDGE('',*,*,#2580,.F.);
#3785=ORIENTED_EDGE('',*,*,#2491,.T.);
#3786=ORIENTED_EDGE('',*,*,#2515,.T.);
#3787=ORIENTED_EDGE('',*,*,#2576,.F.);
#3788=ORIENTED_EDGE('',*,*,#2573,.F.);
#3789=ORIENTED_EDGE('',*,*,#2581,.T.);
#3790=ORIENTED_EDGE('',*,*,#2582,.T.);
#3791=ORIENTED_EDGE('',*,*,#2579,.T.);
#3792=ORIENTED_EDGE('',*,*,#2580,.T.);
#3793=ORIENTED_EDGE('',*,*,#2582,.F.);
#3794=ORIENTED_EDGE('',*,*,#2583,.T.);
#3795=ORIENTED_EDGE('',*,*,#2492,.T.);
#3796=ORIENTED_EDGE('',*,*,#2575,.F.);
#3797=ORIENTED_EDGE('',*,*,#2561,.T.);
#3798=ORIENTED_EDGE('',*,*,#2493,.F.);
#3799=ORIENTED_EDGE('',*,*,#2583,.F.);
#3800=ORIENTED_EDGE('',*,*,#2581,.F.);
#3801=ORIENTED_EDGE('',*,*,#2572,.F.);
#3802=ORIENTED_EDGE('',*,*,#2584,.T.);
#3803=ORIENTED_EDGE('',*,*,#2585,.T.);
#3804=ORIENTED_EDGE('',*,*,#2374,.T.);
#3805=ORIENTED_EDGE('',*,*,#2586,.T.);
#3806=ORIENTED_EDGE('',*,*,#2373,.T.);
#3807=ORIENTED_EDGE('',*,*,#2587,.T.);
#3808=ORIENTED_EDGE('',*,*,#2588,.T.);
#3809=ORIENTED_EDGE('',*,*,#2589,.T.);
#3810=ORIENTED_EDGE('',*,*,#2590,.T.);
#3811=ORIENTED_EDGE('',*,*,#2586,.F.);
#3812=ORIENTED_EDGE('',*,*,#2372,.T.);
#3813=ORIENTED_EDGE('',*,*,#2578,.T.);
#3814=ORIENTED_EDGE('',*,*,#2591,.T.);
#3815=ORIENTED_EDGE('',*,*,#2587,.F.);
#3816=ORIENTED_EDGE('',*,*,#2585,.F.);
#3817=ORIENTED_EDGE('',*,*,#2592,.T.);
#3818=ORIENTED_EDGE('',*,*,#2510,.T.);
#3819=ORIENTED_EDGE('',*,*,#2593,.T.);
#3820=ORIENTED_EDGE('',*,*,#2594,.T.);
#3821=ORIENTED_EDGE('',*,*,#2375,.T.);
#3822=ORIENTED_EDGE('',*,*,#2584,.F.);
#3823=ORIENTED_EDGE('',*,*,#2590,.F.);
#3824=ORIENTED_EDGE('',*,*,#2595,.F.);
#3825=ORIENTED_EDGE('',*,*,#2596,.F.);
#3826=ORIENTED_EDGE('',*,*,#2511,.T.);
#3827=ORIENTED_EDGE('',*,*,#2592,.F.);
#3828=ORIENTED_EDGE('',*,*,#2589,.F.);
#3829=ORIENTED_EDGE('',*,*,#2597,.T.);
#3830=ORIENTED_EDGE('',*,*,#2598,.T.);
#3831=ORIENTED_EDGE('',*,*,#2595,.T.);
#3832=ORIENTED_EDGE('',*,*,#2596,.T.);
#3833=ORIENTED_EDGE('',*,*,#2598,.F.);
#3834=ORIENTED_EDGE('',*,*,#2599,.T.);
#3835=ORIENTED_EDGE('',*,*,#2512,.T.);
#3836=ORIENTED_EDGE('',*,*,#2591,.F.);
#3837=ORIENTED_EDGE('',*,*,#2577,.T.);
#3838=ORIENTED_EDGE('',*,*,#2513,.F.);
#3839=ORIENTED_EDGE('',*,*,#2599,.F.);
#3840=ORIENTED_EDGE('',*,*,#2597,.F.);
#3841=ORIENTED_EDGE('',*,*,#2588,.F.);
#3842=ORIENTED_EDGE('',*,*,#2378,.T.);
#3843=ORIENTED_EDGE('',*,*,#2600,.T.);
#3844=ORIENTED_EDGE('',*,*,#2601,.T.);
#3845=ORIENTED_EDGE('',*,*,#2550,.T.);
#3846=ORIENTED_EDGE('',*,*,#2377,.T.);
#3847=ORIENTED_EDGE('',*,*,#2602,.T.);
#3848=ORIENTED_EDGE('',*,*,#2603,.T.);
#3849=ORIENTED_EDGE('',*,*,#2604,.T.);
#3850=ORIENTED_EDGE('',*,*,#2605,.T.);
#3851=ORIENTED_EDGE('',*,*,#2600,.F.);
#3852=ORIENTED_EDGE('',*,*,#2376,.T.);
#3853=ORIENTED_EDGE('',*,*,#2594,.F.);
#3854=ORIENTED_EDGE('',*,*,#2606,.T.);
#3855=ORIENTED_EDGE('',*,*,#2602,.F.);
#3856=ORIENTED_EDGE('',*,*,#2604,.F.);
#3857=ORIENTED_EDGE('',*,*,#2607,.T.);
#3858=ORIENTED_EDGE('',*,*,#2608,.T.);
#3859=ORIENTED_EDGE('',*,*,#2609,.T.);
#3860=ORIENTED_EDGE('',*,*,#2606,.F.);
#3861=ORIENTED_EDGE('',*,*,#2593,.F.);
#3862=ORIENTED_EDGE('',*,*,#2509,.T.);
#3863=ORIENTED_EDGE('',*,*,#2610,.F.);
#3864=ORIENTED_EDGE('',*,*,#2607,.F.);
#3865=ORIENTED_EDGE('',*,*,#2603,.F.);
#3866=ORIENTED_EDGE('',*,*,#2611,.T.);
#3867=ORIENTED_EDGE('',*,*,#2608,.F.);
#3868=ORIENTED_EDGE('',*,*,#2610,.T.);
#3869=ORIENTED_EDGE('',*,*,#2508,.T.);
#3870=ORIENTED_EDGE('',*,*,#2601,.F.);
#3871=ORIENTED_EDGE('',*,*,#2605,.F.);
#3872=ORIENTED_EDGE('',*,*,#2609,.F.);
#3873=ORIENTED_EDGE('',*,*,#2611,.F.);
#3874=ORIENTED_EDGE('',*,*,#2507,.T.);
#3875=ORIENTED_EDGE('',*,*,#2551,.F.);
#3876=PLANE('',#4243);
#3877=PLANE('',#4256);
#3878=PLANE('',#4261);
#3879=PLANE('',#4262);
#3880=PLANE('',#4263);
#3881=PLANE('',#4264);
#3882=PLANE('',#4265);
#3883=PLANE('',#4266);
#3884=PLANE('',#4271);
#3885=PLANE('',#4274);
#3886=PLANE('',#4276);
#3887=PLANE('',#4278);
#3888=PLANE('',#4287);
#3889=PLANE('',#4291);
#3890=PLANE('',#4315);
#3891=PLANE('',#4322);
#3892=PLANE('',#4481);
#3893=PLANE('',#4485);
#3894=PLANE('',#4486);
#3895=PLANE('',#4488);
#3896=PLANE('',#4489);
#3897=PLANE('',#4492);
#3898=PLANE('',#4493);
#3899=PLANE('',#4495);
#3900=PLANE('',#4496);
#3901=PLANE('',#4499);
#3902=PLANE('',#4500);
#3903=PLANE('',#4502);
#3904=PLANE('',#4503);
#3905=PLANE('',#4506);
#3906=PLANE('',#4507);
#3907=PLANE('',#4509);
#3908=PLANE('',#4510);
#3909=PLANE('',#4513);
#3910=PLANE('',#4514);
#3911=PLANE('',#4516);
#3912=PLANE('',#4517);
#3913=PLANE('',#4520);
#3914=PLANE('',#4521);
#3915=PLANE('',#4523);
#3916=PLANE('',#4532);
#3917=PLANE('',#4546);
#3918=PLANE('',#4548);
#3919=PLANE('',#4550);
#3920=PLANE('',#4552);
#3921=PLANE('',#4554);
#3922=PLANE('',#4556);
#3923=PLANE('',#4557);
#3924=PLANE('',#4561);
#3925=PLANE('',#4562);
#3926=PLANE('',#4573);
#3927=PLANE('',#4574);
#3928=PLANE('',#4576);
#3929=PLANE('',#4577);
#3930=PLANE('',#4579);
#3931=PLANE('',#4580);
#3932=PLANE('',#4584);
#3933=PLANE('',#4586);
#3934=PLANE('',#4587);
#3935=PLANE('',#4588);
#3936=PLANE('',#4589);
#3937=PLANE('',#4590);
#3938=PLANE('',#4595);
#3939=PLANE('',#4597);
#3940=PLANE('',#4599);
#3941=PLANE('',#4601);
#3942=PLANE('',#4605);
#3943=PLANE('',#4606);
#3944=PLANE('',#4608);
#3945=PLANE('',#4609);
#3946=PLANE('',#4611);
#3947=PLANE('',#4612);
#3948=PLANE('',#4614);
#3949=PLANE('',#4615);
#3950=PLANE('',#4616);
#3951=PLANE('',#4617);
#3952=PLANE('',#4618);
#3953=PLANE('',#4619);
#3954=PLANE('',#4648);
#3955=PLANE('',#4652);
#3956=PLANE('',#4656);
#3957=PLANE('',#4662);
#3958=PLANE('',#4663);
#3959=PLANE('',#4667);
#3960=PLANE('',#4670);
#3961=PLANE('',#4676);
#3962=PLANE('',#4678);
#3963=PLANE('',#4682);
#3964=PLANE('',#4685);
#3965=PLANE('',#4691);
#3966=PLANE('',#4692);
#3967=PLANE('',#4696);
#3968=PLANE('',#4699);
#3969=PLANE('',#4705);
#3970=PLANE('',#4706);
#3971=PLANE('',#4710);
#3972=PLANE('',#4712);
#3973=PLANE('',#4718);
#3974=PLANE('',#4719);
#3975=PLANE('',#4722);
#3976=PLANE('',#4727);
#3977=PLANE('',#4729);
#3978=ADVANCED_FACE('',(#886,#876),#3876,.F.);
#3979=ADVANCED_FACE('',(#887),#784,.F.);
#3980=ADVANCED_FACE('',(#888),#785,.F.);
#3981=ADVANCED_FACE('',(#889),#217,.F.);
#3982=ADVANCED_FACE('',(#890),#786,.F.);
#3983=ADVANCED_FACE('',(#891,#877),#3877,.F.);
#3984=ADVANCED_FACE('',(#892,#878),#3878,.F.);
#3985=ADVANCED_FACE('',(#893),#3879,.T.);
#3986=ADVANCED_FACE('',(#894),#3880,.T.);
#3987=ADVANCED_FACE('',(#895),#3881,.T.);
#3988=ADVANCED_FACE('',(#896),#3882,.T.);
#3989=ADVANCED_FACE('',(#897,#879),#3883,.T.);
#3990=ADVANCED_FACE('',(#898),#3884,.T.);
#3991=ADVANCED_FACE('',(#899),#3885,.T.);
#3992=ADVANCED_FACE('',(#900),#3886,.T.);
#3993=ADVANCED_FACE('',(#901),#3887,.T.);
#3994=ADVANCED_FACE('',(#902),#787,.T.);
#3995=ADVANCED_FACE('',(#903),#218,.T.);
#3996=ADVANCED_FACE('',(#904),#3888,.F.);
#3997=ADVANCED_FACE('',(#905),#3889,.F.);
#3998=ADVANCED_FACE('',(#906),#788,.T.);
#3999=ADVANCED_FACE('',(#907),#219,.T.);
#4000=ADVANCED_FACE('',(#908),#220,.T.);
#4001=ADVANCED_FACE('',(#909),#221,.T.);
#4002=ADVANCED_FACE('',(#910),#222,.T.);
#4003=ADVANCED_FACE('',(#911),#789,.T.);
#4004=ADVANCED_FACE('',(#912),#790,.T.);
#4005=ADVANCED_FACE('',(#913),#223,.T.);
#4006=ADVANCED_FACE('',(#914),#224,.T.);
#4007=ADVANCED_FACE('',(#915),#791,.T.);
#4008=ADVANCED_FACE('',(#916,#880),#3890,.T.);
#4009=ADVANCED_FACE('',(#917),#792,.T.);
#4010=ADVANCED_FACE('',(#918),#793,.T.);
#4011=ADVANCED_FACE('',(#919),#144,.F.);
#4012=ADVANCED_FACE('',(#920,#881),#3891,.T.);
#4013=ADVANCED_FACE('',(#921),#225,.F.);
#4014=ADVANCED_FACE('',(#922),#794,.F.);
#4015=ADVANCED_FACE('',(#923),#145,.F.);
#4016=ADVANCED_FACE('',(#924),#795,.F.);
#4017=ADVANCED_FACE('',(#925),#796,.F.);
#4018=ADVANCED_FACE('',(#926),#73,.T.);
#4019=ADVANCED_FACE('',(#927),#797,.F.);
#4020=ADVANCED_FACE('',(#928),#798,.F.);
#4021=ADVANCED_FACE('',(#929),#146,.F.);
#4022=ADVANCED_FACE('',(#930),#799,.F.);
#4023=ADVANCED_FACE('',(#931),#800,.F.);
#4024=ADVANCED_FACE('',(#932),#74,.T.);
#4025=ADVANCED_FACE('',(#933),#801,.F.);
#4026=ADVANCED_FACE('',(#934),#802,.F.);
#4027=ADVANCED_FACE('',(#935),#147,.F.);
#4028=ADVANCED_FACE('',(#936),#803,.F.);
#4029=ADVANCED_FACE('',(#937),#804,.F.);
#4030=ADVANCED_FACE('',(#938),#75,.T.);
#4031=ADVANCED_FACE('',(#939),#805,.F.);
#4032=ADVANCED_FACE('',(#940),#806,.F.);
#4033=ADVANCED_FACE('',(#941),#148,.F.);
#4034=ADVANCED_FACE('',(#942),#807,.F.);
#4035=ADVANCED_FACE('',(#943),#808,.F.);
#4036=ADVANCED_FACE('',(#944),#76,.T.);
#4037=ADVANCED_FACE('',(#945),#809,.F.);
#4038=ADVANCED_FACE('',(#946),#810,.F.);
#4039=ADVANCED_FACE('',(#947),#149,.F.);
#4040=ADVANCED_FACE('',(#948),#811,.F.);
#4041=ADVANCED_FACE('',(#949),#812,.F.);
#4042=ADVANCED_FACE('',(#950),#77,.T.);
#4043=ADVANCED_FACE('',(#951),#813,.F.);
#4044=ADVANCED_FACE('',(#952),#814,.F.);
#4045=ADVANCED_FACE('',(#953),#150,.F.);
#4046=ADVANCED_FACE('',(#954),#815,.F.);
#4047=ADVANCED_FACE('',(#955),#816,.F.);
#4048=ADVANCED_FACE('',(#956),#78,.T.);
#4049=ADVANCED_FACE('',(#957),#817,.F.);
#4050=ADVANCED_FACE('',(#958),#818,.F.);
#4051=ADVANCED_FACE('',(#959),#151,.F.);
#4052=ADVANCED_FACE('',(#960),#819,.F.);
#4053=ADVANCED_FACE('',(#961),#820,.F.);
#4054=ADVANCED_FACE('',(#962),#79,.T.);
#4055=ADVANCED_FACE('',(#963),#821,.F.);
#4056=ADVANCED_FACE('',(#964),#822,.F.);
#4057=ADVANCED_FACE('',(#965),#152,.F.);
#4058=ADVANCED_FACE('',(#966),#823,.F.);
#4059=ADVANCED_FACE('',(#967),#824,.F.);
#4060=ADVANCED_FACE('',(#968),#80,.T.);
#4061=ADVANCED_FACE('',(#969),#825,.F.);
#4062=ADVANCED_FACE('',(#970),#826,.F.);
#4063=ADVANCED_FACE('',(#971),#153,.F.);
#4064=ADVANCED_FACE('',(#972),#827,.F.);
#4065=ADVANCED_FACE('',(#973),#828,.F.);
#4066=ADVANCED_FACE('',(#974),#81,.T.);
#4067=ADVANCED_FACE('',(#975),#829,.F.);
#4068=ADVANCED_FACE('',(#976),#830,.F.);
#4069=ADVANCED_FACE('',(#977),#154,.F.);
#4070=ADVANCED_FACE('',(#978),#831,.F.);
#4071=ADVANCED_FACE('',(#979),#832,.F.);
#4072=ADVANCED_FACE('',(#980),#82,.T.);
#4073=ADVANCED_FACE('',(#981),#833,.F.);
#4074=ADVANCED_FACE('',(#982),#834,.F.);
#4075=ADVANCED_FACE('',(#983),#155,.F.);
#4076=ADVANCED_FACE('',(#984),#835,.F.);
#4077=ADVANCED_FACE('',(#985),#836,.F.);
#4078=ADVANCED_FACE('',(#986),#83,.T.);
#4079=ADVANCED_FACE('',(#987),#837,.F.);
#4080=ADVANCED_FACE('',(#988),#838,.F.);
#4081=ADVANCED_FACE('',(#989),#156,.F.);
#4082=ADVANCED_FACE('',(#990),#839,.F.);
#4083=ADVANCED_FACE('',(#991),#840,.F.);
#4084=ADVANCED_FACE('',(#992),#84,.T.);
#4085=ADVANCED_FACE('',(#993),#841,.F.);
#4086=ADVANCED_FACE('',(#994),#3892,.T.);
#4087=ADVANCED_FACE('',(#995),#842,.T.);
#4088=ADVANCED_FACE('',(#996),#3893,.T.);
#4089=ADVANCED_FACE('',(#997),#3894,.T.);
#4090=ADVANCED_FACE('',(#998),#843,.F.);
#4091=ADVANCED_FACE('',(#999),#3895,.T.);
#4092=ADVANCED_FACE('',(#1000),#3896,.T.);
#4093=ADVANCED_FACE('',(#1001),#844,.T.);
#4094=ADVANCED_FACE('',(#1002),#3897,.T.);
#4095=ADVANCED_FACE('',(#1003),#3898,.T.);
#4096=ADVANCED_FACE('',(#1004),#845,.F.);
#4097=ADVANCED_FACE('',(#1005),#3899,.T.);
#4098=ADVANCED_FACE('',(#1006),#3900,.T.);
#4099=ADVANCED_FACE('',(#1007),#846,.T.);
#4100=ADVANCED_FACE('',(#1008),#3901,.T.);
#4101=ADVANCED_FACE('',(#1009),#3902,.T.);
#4102=ADVANCED_FACE('',(#1010),#847,.F.);
#4103=ADVANCED_FACE('',(#1011),#3903,.T.);
#4104=ADVANCED_FACE('',(#1012),#3904,.T.);
#4105=ADVANCED_FACE('',(#1013),#848,.T.);
#4106=ADVANCED_FACE('',(#1014),#3905,.T.);
#4107=ADVANCED_FACE('',(#1015),#3906,.T.);
#4108=ADVANCED_FACE('',(#1016),#849,.F.);
#4109=ADVANCED_FACE('',(#1017),#3907,.T.);
#4110=ADVANCED_FACE('',(#1018),#3908,.T.);
#4111=ADVANCED_FACE('',(#1019),#850,.T.);
#4112=ADVANCED_FACE('',(#1020),#3909,.T.);
#4113=ADVANCED_FACE('',(#1021),#3910,.T.);
#4114=ADVANCED_FACE('',(#1022),#851,.F.);
#4115=ADVANCED_FACE('',(#1023),#3911,.T.);
#4116=ADVANCED_FACE('',(#1024),#3912,.T.);
#4117=ADVANCED_FACE('',(#1025),#852,.T.);
#4118=ADVANCED_FACE('',(#1026),#3913,.T.);
#4119=ADVANCED_FACE('',(#1027),#3914,.T.);
#4120=ADVANCED_FACE('',(#1028),#853,.F.);
#4121=ADVANCED_FACE('',(#1029),#3915,.T.);
#4122=ADVANCED_FACE('',(#1030),#157,.F.);
#4123=ADVANCED_FACE('',(#1031),#854,.T.);
#4124=ADVANCED_FACE('',(#1032,#882),#3916,.F.);
#4125=ADVANCED_FACE('',(#1033),#855,.F.);
#4126=ADVANCED_FACE('',(#1034),#3917,.T.);
#4127=ADVANCED_FACE('',(#1035),#856,.F.);
#4128=ADVANCED_FACE('',(#1036),#3918,.T.);
#4129=ADVANCED_FACE('',(#1037),#857,.F.);
#4130=ADVANCED_FACE('',(#1038),#3919,.T.);
#4131=ADVANCED_FACE('',(#1039),#858,.F.);
#4132=ADVANCED_FACE('',(#1040),#3920,.T.);
#4133=ADVANCED_FACE('',(#1041),#859,.F.);
#4134=ADVANCED_FACE('',(#1042),#3921,.T.);
#4135=ADVANCED_FACE('',(#1043),#860,.F.);
#4136=ADVANCED_FACE('',(#1044),#3922,.T.);
#4137=ADVANCED_FACE('',(#1045),#3923,.T.);
#4138=ADVANCED_FACE('',(#1046),#861,.F.);
#4139=ADVANCED_FACE('',(#1047),#3924,.F.);
#4140=ADVANCED_FACE('',(#1048,#883),#3925,.T.);
#4141=ADVANCED_FACE('',(#1049),#226,.T.);
#4142=ADVANCED_FACE('',(#1050),#862,.T.);
#4143=ADVANCED_FACE('',(#1051),#3926,.T.);
#4144=ADVANCED_FACE('',(#1052),#3927,.T.);
#4145=ADVANCED_FACE('',(#1053),#863,.T.);
#4146=ADVANCED_FACE('',(#1054),#3928,.T.);
#4147=ADVANCED_FACE('',(#1055),#3929,.T.);
#4148=ADVANCED_FACE('',(#1056),#864,.T.);
#4149=ADVANCED_FACE('',(#1057),#3930,.T.);
#4150=ADVANCED_FACE('',(#1058),#3931,.T.);
#4151=ADVANCED_FACE('',(#1059),#158,.T.);
#4152=ADVANCED_FACE('',(#1060,#884),#3932,.F.);
#4153=ADVANCED_FACE('',(#1061),#3933,.F.);
#4154=ADVANCED_FACE('',(#1062),#3934,.F.);
#4155=ADVANCED_FACE('',(#1063),#3935,.F.);
#4156=ADVANCED_FACE('',(#1064),#3936,.F.);
#4157=ADVANCED_FACE('',(#1065,#885),#3937,.T.);
#4158=ADVANCED_FACE('',(#1066),#3938,.T.);
#4159=ADVANCED_FACE('',(#1067),#3939,.T.);
#4160=ADVANCED_FACE('',(#1068),#3940,.T.);
#4161=ADVANCED_FACE('',(#1069),#3941,.T.);
#4162=ADVANCED_FACE('',(#1070),#865,.F.);
#4163=ADVANCED_FACE('',(#1071),#3942,.T.);
#4164=ADVANCED_FACE('',(#1072),#3943,.T.);
#4165=ADVANCED_FACE('',(#1073),#866,.T.);
#4166=ADVANCED_FACE('',(#1074),#3944,.T.);
#4167=ADVANCED_FACE('',(#1075),#3945,.T.);
#4168=ADVANCED_FACE('',(#1076),#867,.T.);
#4169=ADVANCED_FACE('',(#1077),#3946,.T.);
#4170=ADVANCED_FACE('',(#1078),#3947,.T.);
#4171=ADVANCED_FACE('',(#1079),#868,.T.);
#4172=ADVANCED_FACE('',(#1080),#3948,.T.);
#4173=ADVANCED_FACE('',(#1081),#3949,.T.);
#4174=ADVANCED_FACE('',(#1082),#3950,.T.);
#4175=ADVANCED_FACE('',(#1083),#3951,.T.);
#4176=ADVANCED_FACE('',(#1084),#3952,.T.);
#4177=ADVANCED_FACE('',(#1085),#3953,.T.);
#4178=ADVANCED_FACE('',(#1086),#227,.T.);
#4179=ADVANCED_FACE('',(#1087),#869,.T.);
#4180=ADVANCED_FACE('',(#1088),#3954,.T.);
#4181=ADVANCED_FACE('',(#1089),#228,.T.);
#4182=ADVANCED_FACE('',(#1090),#3955,.T.);
#4183=ADVANCED_FACE('',(#1091),#229,.T.);
#4184=ADVANCED_FACE('',(#1092),#3956,.T.);
#4185=ADVANCED_FACE('',(#1093),#870,.T.);
#4186=ADVANCED_FACE('',(#1094),#230,.T.);
#4187=ADVANCED_FACE('',(#1095),#3957,.T.);
#4188=ADVANCED_FACE('',(#1096),#3958,.T.);
#4189=ADVANCED_FACE('',(#1097),#231,.T.);
#4190=ADVANCED_FACE('',(#1098),#3959,.T.);
#4191=ADVANCED_FACE('',(#1099),#232,.T.);
#4192=ADVANCED_FACE('',(#1100),#3960,.T.);
#4193=ADVANCED_FACE('',(#1101),#871,.T.);
#4194=ADVANCED_FACE('',(#1102),#233,.T.);
#4195=ADVANCED_FACE('',(#1103),#3961,.T.);
#4196=ADVANCED_FACE('',(#1104),#234,.T.);
#4197=ADVANCED_FACE('',(#1105),#3962,.T.);
#4198=ADVANCED_FACE('',(#1106),#235,.T.);
#4199=ADVANCED_FACE('',(#1107),#3963,.T.);
#4200=ADVANCED_FACE('',(#1108),#236,.T.);
#4201=ADVANCED_FACE('',(#1109),#3964,.T.);
#4202=ADVANCED_FACE('',(#1110),#872,.T.);
#4203=ADVANCED_FACE('',(#1111),#237,.T.);
#4204=ADVANCED_FACE('',(#1112),#3965,.T.);
#4205=ADVANCED_FACE('',(#1113),#3966,.T.);
#4206=ADVANCED_FACE('',(#1114),#238,.T.);
#4207=ADVANCED_FACE('',(#1115),#3967,.T.);
#4208=ADVANCED_FACE('',(#1116),#239,.T.);
#4209=ADVANCED_FACE('',(#1117),#3968,.T.);
#4210=ADVANCED_FACE('',(#1118),#873,.T.);
#4211=ADVANCED_FACE('',(#1119),#240,.T.);
#4212=ADVANCED_FACE('',(#1120),#3969,.T.);
#4213=ADVANCED_FACE('',(#1121),#3970,.T.);
#4214=ADVANCED_FACE('',(#1122),#241,.T.);
#4215=ADVANCED_FACE('',(#1123),#3971,.T.);
#4216=ADVANCED_FACE('',(#1124),#242,.T.);
#4217=ADVANCED_FACE('',(#1125),#3972,.T.);
#4218=ADVANCED_FACE('',(#1126),#874,.T.);
#4219=ADVANCED_FACE('',(#1127),#243,.T.);
#4220=ADVANCED_FACE('',(#1128),#3973,.T.);
#4221=ADVANCED_FACE('',(#1129),#3974,.T.);
#4222=ADVANCED_FACE('',(#1130),#244,.T.);
#4223=ADVANCED_FACE('',(#1131),#3975,.T.);
#4224=ADVANCED_FACE('',(#1132),#875,.T.);
#4225=ADVANCED_FACE('',(#1133),#3976,.T.);
#4226=ADVANCED_FACE('',(#1134),#245,.T.);
#4227=ADVANCED_FACE('',(#1135),#3977,.T.);
#4228=CLOSED_SHELL('',(#3978,#3979,#3980,#3981,#3982,#3983,#3984,#3985,
#3986,#3987,#3988,#3989,#3990,#3991,#3992,#3993,#3994,#3995,#3996,#3997,
#3998,#3999,#4000,#4001,#4002,#4003,#4004,#4005,#4006,#4007,#4008,#4009,
#4010));
#4229=CLOSED_SHELL('',(#4011,#4012,#4013,#4014,#4015,#4016,#4017,#4018,
#4019,#4020,#4021,#4022,#4023,#4024,#4025,#4026,#4027,#4028,#4029,#4030,
#4031,#4032,#4033,#4034,#4035,#4036,#4037,#4038,#4039,#4040,#4041,#4042,
#4043,#4044,#4045,#4046,#4047,#4048,#4049,#4050,#4051,#4052,#4053,#4054,
#4055,#4056,#4057,#4058,#4059,#4060,#4061,#4062,#4063,#4064,#4065,#4066,
#4067,#4068,#4069,#4070,#4071,#4072,#4073,#4074,#4075,#4076,#4077,#4078,
#4079,#4080,#4081,#4082,#4083,#4084,#4085,#4086,#4087,#4088,#4089,#4090,
#4091,#4092,#4093,#4094,#4095,#4096,#4097,#4098,#4099,#4100,#4101,#4102,
#4103,#4104,#4105,#4106,#4107,#4108,#4109,#4110,#4111,#4112,#4113,#4114,
#4115,#4116,#4117,#4118,#4119,#4120,#4121,#4122,#4123,#4124,#4125,#4126,
#4127,#4128,#4129,#4130,#4131,#4132,#4133,#4134,#4135,#4136,#4137,#4138,
#4139,#4140,#4141,#4142,#4143,#4144,#4145,#4146,#4147,#4148,#4149,#4150,
#4151,#4152,#4153,#4154,#4155,#4156,#4157,#4158,#4159,#4160,#4161,#4162,
#4163,#4164,#4165,#4166,#4167,#4168,#4169,#4170,#4171,#4172,#4173,#4174,
#4175,#4176,#4177,#4178,#4179,#4180,#4181,#4182,#4183,#4184,#4185,#4186,
#4187,#4188,#4189,#4190,#4191,#4192,#4193,#4194,#4195,#4196,#4197,#4198,
#4199,#4200,#4201,#4202,#4203,#4204,#4205,#4206,#4207,#4208,#4209,#4210,
#4211,#4212,#4213,#4214,#4215,#4216,#4217,#4218,#4219,#4220,#4221,#4222,
#4223,#4224,#4225,#4226,#4227));
#4230=DERIVED_UNIT_ELEMENT(#4232,1.);
#4231=DERIVED_UNIT_ELEMENT(#8115,-3.);
#4232=(
MASS_UNIT()
NAMED_UNIT(*)
SI_UNIT(.KILO.,.GRAM.)
);
#4233=DERIVED_UNIT((#4230,#4231));
#4234=MEASURE_REPRESENTATION_ITEM('density measure',
POSITIVE_RATIO_MEASURE(7850.),#4233);
#4235=PROPERTY_DEFINITION_REPRESENTATION(#4240,#4237);
#4236=PROPERTY_DEFINITION_REPRESENTATION(#4241,#4238);
#4237=REPRESENTATION('material name',(#4239),#8112);
#4238=REPRESENTATION('density',(#4234),#8112);
#4239=DESCRIPTIVE_REPRESENTATION_ITEM('Steel','Steel');
#4240=PROPERTY_DEFINITION('material property','material name',#8122);
#4241=PROPERTY_DEFINITION('material property','density of part',#8122);
#4242=AXIS2_PLACEMENT_3D('',#5975,#4730,#4731);
#4243=AXIS2_PLACEMENT_3D('',#5976,#4732,#4733);
#4244=AXIS2_PLACEMENT_3D('',#5978,#4734,#4735);
#4245=AXIS2_PLACEMENT_3D('',#5980,#4736,#4737);
#4246=AXIS2_PLACEMENT_3D('',#5981,#4738,#4739);
#4247=AXIS2_PLACEMENT_3D('',#5983,#4740,#4741);
#4248=AXIS2_PLACEMENT_3D('',#5985,#4743,#4744);
#4249=AXIS2_PLACEMENT_3D('',#5988,#4746,#4747);
#4250=AXIS2_PLACEMENT_3D('',#5989,#4748,#4749);
#4251=AXIS2_PLACEMENT_3D('',#5991,#4750,#4751);
#4252=AXIS2_PLACEMENT_3D('',#5995,#4753,#4754);
#4253=AXIS2_PLACEMENT_3D('',#5996,#4755,#4756);
#4254=AXIS2_PLACEMENT_3D('',#5997,#4757,#4758);
#4255=AXIS2_PLACEMENT_3D('',#6000,#4760,#4761);
#4256=AXIS2_PLACEMENT_3D('',#6001,#4762,#4763);
#4257=AXIS2_PLACEMENT_3D('',#6004,#4764,#4765);
#4258=AXIS2_PLACEMENT_3D('',#6006,#4766,#4767);
#4259=AXIS2_PLACEMENT_3D('',#6008,#4768,#4769);
#4260=AXIS2_PLACEMENT_3D('',#6009,#4770,#4771);
#4261=AXIS2_PLACEMENT_3D('',#6010,#4772,#4773);
#4262=AXIS2_PLACEMENT_3D('',#6011,#4774,#4775);
#4263=AXIS2_PLACEMENT_3D('',#6020,#4780,#4781);
#4264=AXIS2_PLACEMENT_3D('',#6029,#4786,#4787);
#4265=AXIS2_PLACEMENT_3D('',#6038,#4792,#4793);
#4266=AXIS2_PLACEMENT_3D('',#6047,#4798,#4799);
#4267=AXIS2_PLACEMENT_3D('',#6048,#4800,#4801);
#4268=AXIS2_PLACEMENT_3D('',#6049,#4802,#4803);
#4269=AXIS2_PLACEMENT_3D('',#6050,#4804,#4805);
#4270=AXIS2_PLACEMENT_3D('',#6051,#4806,#4807);
#4271=AXIS2_PLACEMENT_3D('',#6052,#4808,#4809);
#4272=AXIS2_PLACEMENT_3D('',#6054,#4810,#4811);
#4273=AXIS2_PLACEMENT_3D('',#6055,#4812,#4813);
#4274=AXIS2_PLACEMENT_3D('',#6056,#4814,#4815);
#4275=AXIS2_PLACEMENT_3D('',#6057,#4816,#4817);
#4276=AXIS2_PLACEMENT_3D('',#6058,#4818,#4819);
#4277=AXIS2_PLACEMENT_3D('',#6059,#4820,#4821);
#4278=AXIS2_PLACEMENT_3D('',#6060,#4822,#4823);
#4279=AXIS2_PLACEMENT_3D('',#6061,#4824,#4825);
#4280=AXIS2_PLACEMENT_3D('',#6062,#4826,#4827);
#4281=AXIS2_PLACEMENT_3D('',#6065,#4829,#4830);
#4282=AXIS2_PLACEMENT_3D('',#6066,#4831,#4832);
#4283=AXIS2_PLACEMENT_3D('',#6068,#4833,#4834);
#4284=AXIS2_PLACEMENT_3D('',#6072,#4836,#4837);
#4285=AXIS2_PLACEMENT_3D('',#6074,#4838,#4839);
#4286=AXIS2_PLACEMENT_3D('',#6075,#4840,#4841);
#4287=AXIS2_PLACEMENT_3D('',#6076,#4842,#4843);
#4288=AXIS2_PLACEMENT_3D('',#6078,#4844,#4845);
#4289=AXIS2_PLACEMENT_3D('',#6080,#4846,#4847);
#4290=AXIS2_PLACEMENT_3D('',#6081,#4848,#4849);
#4291=AXIS2_PLACEMENT_3D('',#6082,#4850,#4851);
#4292=AXIS2_PLACEMENT_3D('',#6084,#4852,#4853);
#4293=AXIS2_PLACEMENT_3D('',#6086,#4854,#4855);
#4294=AXIS2_PLACEMENT_3D('',#6087,#4856,#4857);
#4295=AXIS2_PLACEMENT_3D('',#6088,#4858,#4859);
#4296=AXIS2_PLACEMENT_3D('',#6090,#4860,#4861);
#4297=AXIS2_PLACEMENT_3D('',#6092,#4863,#4864);
#4298=AXIS2_PLACEMENT_3D('',#6095,#4865,#4866);
#4299=AXIS2_PLACEMENT_3D('',#6104,#4867,#4868);
#4300=AXIS2_PLACEMENT_3D('',#6110,#4869,#4870);
#4301=AXIS2_PLACEMENT_3D('',#6111,#4871,#4872);
#4302=AXIS2_PLACEMENT_3D('',#6113,#4873,#4874);
#4303=AXIS2_PLACEMENT_3D('',#6118,#4875,#4876);
#4304=AXIS2_PLACEMENT_3D('',#6119,#4877,#4878);
#4305=AXIS2_PLACEMENT_3D('',#6120,#4879,#4880);
#4306=AXIS2_PLACEMENT_3D('',#6123,#4883,#4884);
#4307=AXIS2_PLACEMENT_3D('',#6125,#4886,#4887);
#4308=AXIS2_PLACEMENT_3D('',#6128,#4888,#4889);
#4309=AXIS2_PLACEMENT_3D('',#6129,#4890,#4891);
#4310=AXIS2_PLACEMENT_3D('',#6131,#4893,#4894);
#4311=AXIS2_PLACEMENT_3D('',#6134,#4895,#4896);
#4312=AXIS2_PLACEMENT_3D('',#6135,#4897,#4898);
#4313=AXIS2_PLACEMENT_3D('',#6137,#4900,#4901);
#4314=AXIS2_PLACEMENT_3D('',#6139,#4902,#4903);
#4315=AXIS2_PLACEMENT_3D('',#6141,#4905,#4906);
#4316=AXIS2_PLACEMENT_3D('',#6142,#4907,#4908);
#4317=AXIS2_PLACEMENT_3D('',#6144,#4910,#4911);
#4318=AXIS2_PLACEMENT_3D('',#6145,#4912,#4913);
#4319=AXIS2_PLACEMENT_3D('',#6147,#4914,#4915);
#4320=AXIS2_PLACEMENT_3D('',#6149,#4916,#4917);
#4321=AXIS2_PLACEMENT_3D('',#6150,#4918,#4919);
#4322=AXIS2_PLACEMENT_3D('',#6151,#4920,#4921);
#4323=AXIS2_PLACEMENT_3D('',#6156,#4923,#4924);
#4324=AXIS2_PLACEMENT_3D('',#6162,#4927,#4928);
#4325=AXIS2_PLACEMENT_3D('',#6168,#4931,#4932);
#4326=AXIS2_PLACEMENT_3D('',#6174,#4935,#4936);
#4327=AXIS2_PLACEMENT_3D('',#6180,#4939,#4940);
#4328=AXIS2_PLACEMENT_3D('',#6186,#4943,#4944);
#4329=AXIS2_PLACEMENT_3D('',#6192,#4947,#4948);
#4330=AXIS2_PLACEMENT_3D('',#6198,#4951,#4952);
#4331=AXIS2_PLACEMENT_3D('',#6204,#4955,#4956);
#4332=AXIS2_PLACEMENT_3D('',#6210,#4959,#4960);
#4333=AXIS2_PLACEMENT_3D('',#6216,#4963,#4964);
#4334=AXIS2_PLACEMENT_3D('',#6222,#4967,#4968);
#4335=AXIS2_PLACEMENT_3D('',#6228,#4971,#4972);
#4336=AXIS2_PLACEMENT_3D('',#6234,#4975,#4976);
#4337=AXIS2_PLACEMENT_3D('',#6240,#4979,#4980);
#4338=AXIS2_PLACEMENT_3D('',#6246,#4983,#4984);
#4339=AXIS2_PLACEMENT_3D('',#6252,#4987,#4988);
#4340=AXIS2_PLACEMENT_3D('',#6258,#4991,#4992);
#4341=AXIS2_PLACEMENT_3D('',#6264,#4995,#4996);
#4342=AXIS2_PLACEMENT_3D('',#6270,#4999,#5000);
#4343=AXIS2_PLACEMENT_3D('',#6276,#5003,#5004);
#4344=AXIS2_PLACEMENT_3D('',#6282,#5007,#5008);
#4345=AXIS2_PLACEMENT_3D('',#6288,#5011,#5012);
#4346=AXIS2_PLACEMENT_3D('',#6294,#5015,#5016);
#4347=AXIS2_PLACEMENT_3D('',#6296,#5018,#5019);
#4348=AXIS2_PLACEMENT_3D('',#6298,#5020,#5021);
#4349=AXIS2_PLACEMENT_3D('',#6300,#5023,#5024);
#4350=AXIS2_PLACEMENT_3D('',#6318,#5026,#5027);
#4351=AXIS2_PLACEMENT_3D('',#6319,#5028,#5029);
#4352=AXIS2_PLACEMENT_3D('',#6335,#5030,#5031);
#4353=AXIS2_PLACEMENT_3D('',#6336,#5032,#5033);
#4354=AXIS2_PLACEMENT_3D('',#6338,#5034,#5035);
#4355=AXIS2_PLACEMENT_3D('',#6340,#5037,#5038);
#4356=AXIS2_PLACEMENT_3D('',#6342,#5039,#5040);
#4357=AXIS2_PLACEMENT_3D('',#6360,#5042,#5043);
#4358=AXIS2_PLACEMENT_3D('',#6361,#5044,#5045);
#4359=AXIS2_PLACEMENT_3D('',#6362,#5046,#5047);
#4360=AXIS2_PLACEMENT_3D('',#6365,#5049,#5050);
#4361=AXIS2_PLACEMENT_3D('',#6366,#5051,#5052);
#4362=AXIS2_PLACEMENT_3D('',#6383,#5054,#5055);
#4363=AXIS2_PLACEMENT_3D('',#6399,#5056,#5057);
#4364=AXIS2_PLACEMENT_3D('',#6400,#5058,#5059);
#4365=AXIS2_PLACEMENT_3D('',#6402,#5060,#5061);
#4366=AXIS2_PLACEMENT_3D('',#6404,#5063,#5064);
#4367=AXIS2_PLACEMENT_3D('',#6406,#5065,#5066);
#4368=AXIS2_PLACEMENT_3D('',#6424,#5068,#5069);
#4369=AXIS2_PLACEMENT_3D('',#6425,#5070,#5071);
#4370=AXIS2_PLACEMENT_3D('',#6426,#5072,#5073);
#4371=AXIS2_PLACEMENT_3D('',#6429,#5075,#5076);
#4372=AXIS2_PLACEMENT_3D('',#6430,#5077,#5078);
#4373=AXIS2_PLACEMENT_3D('',#6447,#5080,#5081);
#4374=AXIS2_PLACEMENT_3D('',#6463,#5082,#5083);
#4375=AXIS2_PLACEMENT_3D('',#6464,#5084,#5085);
#4376=AXIS2_PLACEMENT_3D('',#6466,#5086,#5087);
#4377=AXIS2_PLACEMENT_3D('',#6468,#5089,#5090);
#4378=AXIS2_PLACEMENT_3D('',#6470,#5091,#5092);
#4379=AXIS2_PLACEMENT_3D('',#6488,#5094,#5095);
#4380=AXIS2_PLACEMENT_3D('',#6489,#5096,#5097);
#4381=AXIS2_PLACEMENT_3D('',#6490,#5098,#5099);
#4382=AXIS2_PLACEMENT_3D('',#6493,#5101,#5102);
#4383=AXIS2_PLACEMENT_3D('',#6494,#5103,#5104);
#4384=AXIS2_PLACEMENT_3D('',#6511,#5106,#5107);
#4385=AXIS2_PLACEMENT_3D('',#6527,#5108,#5109);
#4386=AXIS2_PLACEMENT_3D('',#6528,#5110,#5111);
#4387=AXIS2_PLACEMENT_3D('',#6530,#5112,#5113);
#4388=AXIS2_PLACEMENT_3D('',#6532,#5115,#5116);
#4389=AXIS2_PLACEMENT_3D('',#6534,#5117,#5118);
#4390=AXIS2_PLACEMENT_3D('',#6552,#5120,#5121);
#4391=AXIS2_PLACEMENT_3D('',#6553,#5122,#5123);
#4392=AXIS2_PLACEMENT_3D('',#6554,#5124,#5125);
#4393=AXIS2_PLACEMENT_3D('',#6557,#5127,#5128);
#4394=AXIS2_PLACEMENT_3D('',#6558,#5129,#5130);
#4395=AXIS2_PLACEMENT_3D('',#6575,#5132,#5133);
#4396=AXIS2_PLACEMENT_3D('',#6591,#5134,#5135);
#4397=AXIS2_PLACEMENT_3D('',#6592,#5136,#5137);
#4398=AXIS2_PLACEMENT_3D('',#6594,#5138,#5139);
#4399=AXIS2_PLACEMENT_3D('',#6596,#5141,#5142);
#4400=AXIS2_PLACEMENT_3D('',#6598,#5143,#5144);
#4401=AXIS2_PLACEMENT_3D('',#6616,#5146,#5147);
#4402=AXIS2_PLACEMENT_3D('',#6617,#5148,#5149);
#4403=AXIS2_PLACEMENT_3D('',#6618,#5150,#5151);
#4404=AXIS2_PLACEMENT_3D('',#6621,#5153,#5154);
#4405=AXIS2_PLACEMENT_3D('',#6622,#5155,#5156);
#4406=AXIS2_PLACEMENT_3D('',#6639,#5158,#5159);
#4407=AXIS2_PLACEMENT_3D('',#6655,#5160,#5161);
#4408=AXIS2_PLACEMENT_3D('',#6656,#5162,#5163);
#4409=AXIS2_PLACEMENT_3D('',#6658,#5164,#5165);
#4410=AXIS2_PLACEMENT_3D('',#6660,#5167,#5168);
#4411=AXIS2_PLACEMENT_3D('',#6664,#5170,#5171);
#4412=AXIS2_PLACEMENT_3D('',#6665,#5172,#5173);
#4413=AXIS2_PLACEMENT_3D('',#6682,#5174,#5175);
#4414=AXIS2_PLACEMENT_3D('',#6683,#5176,#5177);
#4415=AXIS2_PLACEMENT_3D('',#6684,#5178,#5179);
#4416=AXIS2_PLACEMENT_3D('',#6686,#5181,#5182);
#4417=AXIS2_PLACEMENT_3D('',#6703,#5184,#5185);
#4418=AXIS2_PLACEMENT_3D('',#6705,#5186,#5187);
#4419=AXIS2_PLACEMENT_3D('',#6720,#5188,#5189);
#4420=AXIS2_PLACEMENT_3D('',#6723,#5191,#5192);
#4421=AXIS2_PLACEMENT_3D('',#6724,#5193,#5194);
#4422=AXIS2_PLACEMENT_3D('',#6726,#5195,#5196);
#4423=AXIS2_PLACEMENT_3D('',#6744,#5198,#5199);
#4424=AXIS2_PLACEMENT_3D('',#6745,#5200,#5201);
#4425=AXIS2_PLACEMENT_3D('',#6746,#5202,#5203);
#4426=AXIS2_PLACEMENT_3D('',#6749,#5205,#5206);
#4427=AXIS2_PLACEMENT_3D('',#6750,#5207,#5208);
#4428=AXIS2_PLACEMENT_3D('',#6767,#5210,#5211);
#4429=AXIS2_PLACEMENT_3D('',#6769,#5212,#5213);
#4430=AXIS2_PLACEMENT_3D('',#6784,#5214,#5215);
#4431=AXIS2_PLACEMENT_3D('',#6787,#5217,#5218);
#4432=AXIS2_PLACEMENT_3D('',#6788,#5219,#5220);
#4433=AXIS2_PLACEMENT_3D('',#6790,#5221,#5222);
#4434=AXIS2_PLACEMENT_3D('',#6808,#5224,#5225);
#4435=AXIS2_PLACEMENT_3D('',#6809,#5226,#5227);
#4436=AXIS2_PLACEMENT_3D('',#6810,#5228,#5229);
#4437=AXIS2_PLACEMENT_3D('',#6813,#5231,#5232);
#4438=AXIS2_PLACEMENT_3D('',#6814,#5233,#5234);
#4439=AXIS2_PLACEMENT_3D('',#6831,#5236,#5237);
#4440=AXIS2_PLACEMENT_3D('',#6833,#5238,#5239);
#4441=AXIS2_PLACEMENT_3D('',#6848,#5240,#5241);
#4442=AXIS2_PLACEMENT_3D('',#6851,#5243,#5244);
#4443=AXIS2_PLACEMENT_3D('',#6852,#5245,#5246);
#4444=AXIS2_PLACEMENT_3D('',#6854,#5247,#5248);
#4445=AXIS2_PLACEMENT_3D('',#6872,#5250,#5251);
#4446=AXIS2_PLACEMENT_3D('',#6873,#5252,#5253);
#4447=AXIS2_PLACEMENT_3D('',#6874,#5254,#5255);
#4448=AXIS2_PLACEMENT_3D('',#6877,#5257,#5258);
#4449=AXIS2_PLACEMENT_3D('',#6878,#5259,#5260);
#4450=AXIS2_PLACEMENT_3D('',#6895,#5262,#5263);
#4451=AXIS2_PLACEMENT_3D('',#6897,#5264,#5265);
#4452=AXIS2_PLACEMENT_3D('',#6912,#5266,#5267);
#4453=AXIS2_PLACEMENT_3D('',#6915,#5269,#5270);
#4454=AXIS2_PLACEMENT_3D('',#6916,#5271,#5272);
#4455=AXIS2_PLACEMENT_3D('',#6918,#5273,#5274);
#4456=AXIS2_PLACEMENT_3D('',#6936,#5276,#5277);
#4457=AXIS2_PLACEMENT_3D('',#6937,#5278,#5279);
#4458=AXIS2_PLACEMENT_3D('',#6938,#5280,#5281);
#4459=AXIS2_PLACEMENT_3D('',#6941,#5283,#5284);
#4460=AXIS2_PLACEMENT_3D('',#6942,#5285,#5286);
#4461=AXIS2_PLACEMENT_3D('',#6959,#5288,#5289);
#4462=AXIS2_PLACEMENT_3D('',#6961,#5290,#5291);
#4463=AXIS2_PLACEMENT_3D('',#6976,#5292,#5293);
#4464=AXIS2_PLACEMENT_3D('',#6979,#5295,#5296);
#4465=AXIS2_PLACEMENT_3D('',#6980,#5297,#5298);
#4466=AXIS2_PLACEMENT_3D('',#6982,#5299,#5300);
#4467=AXIS2_PLACEMENT_3D('',#7000,#5302,#5303);
#4468=AXIS2_PLACEMENT_3D('',#7001,#5304,#5305);
#4469=AXIS2_PLACEMENT_3D('',#7002,#5306,#5307);
#4470=AXIS2_PLACEMENT_3D('',#7005,#5309,#5310);
#4471=AXIS2_PLACEMENT_3D('',#7006,#5311,#5312);
#4472=AXIS2_PLACEMENT_3D('',#7023,#5314,#5315);
#4473=AXIS2_PLACEMENT_3D('',#7025,#5316,#5317);
#4474=AXIS2_PLACEMENT_3D('',#7040,#5318,#5319);
#4475=AXIS2_PLACEMENT_3D('',#7043,#5321,#5322);
#4476=AXIS2_PLACEMENT_3D('',#7044,#5323,#5324);
#4477=AXIS2_PLACEMENT_3D('',#7046,#5325,#5326);
#4478=AXIS2_PLACEMENT_3D('',#7064,#5328,#5329);
#4479=AXIS2_PLACEMENT_3D('',#7065,#5330,#5331);
#4480=AXIS2_PLACEMENT_3D('',#7066,#5332,#5333);
#4481=AXIS2_PLACEMENT_3D('',#7068,#5335,#5336);
#4482=AXIS2_PLACEMENT_3D('',#7076,#5339,#5340);
#4483=AXIS2_PLACEMENT_3D('',#7080,#5342,#5343);
#4484=AXIS2_PLACEMENT_3D('',#7081,#5344,#5345);
#4485=AXIS2_PLACEMENT_3D('',#7082,#5346,#5347);
#4486=AXIS2_PLACEMENT_3D('',#7088,#5349,#5350);
#4487=AXIS2_PLACEMENT_3D('',#7092,#5353,#5354);
#4488=AXIS2_PLACEMENT_3D('',#7113,#5356,#5357);
#4489=AXIS2_PLACEMENT_3D('',#7117,#5360,#5361);
#4490=AXIS2_PLACEMENT_3D('',#7123,#5363,#5364);
#4491=AXIS2_PLACEMENT_3D('',#7126,#5366,#5367);
#4492=AXIS2_PLACEMENT_3D('',#7127,#5368,#5369);
#4493=AXIS2_PLACEMENT_3D('',#7133,#5371,#5372);
#4494=AXIS2_PLACEMENT_3D('',#7137,#5375,#5376);
#4495=AXIS2_PLACEMENT_3D('',#7158,#5378,#5379);
#4496=AXIS2_PLACEMENT_3D('',#7162,#5382,#5383);
#4497=AXIS2_PLACEMENT_3D('',#7168,#5385,#5386);
#4498=AXIS2_PLACEMENT_3D('',#7171,#5388,#5389);
#4499=AXIS2_PLACEMENT_3D('',#7172,#5390,#5391);
#4500=AXIS2_PLACEMENT_3D('',#7178,#5393,#5394);
#4501=AXIS2_PLACEMENT_3D('',#7182,#5397,#5398);
#4502=AXIS2_PLACEMENT_3D('',#7203,#5400,#5401);
#4503=AXIS2_PLACEMENT_3D('',#7207,#5404,#5405);
#4504=AXIS2_PLACEMENT_3D('',#7213,#5407,#5408);
#4505=AXIS2_PLACEMENT_3D('',#7216,#5410,#5411);
#4506=AXIS2_PLACEMENT_3D('',#7217,#5412,#5413);
#4507=AXIS2_PLACEMENT_3D('',#7223,#5415,#5416);
#4508=AXIS2_PLACEMENT_3D('',#7227,#5419,#5420);
#4509=AXIS2_PLACEMENT_3D('',#7248,#5422,#5423);
#4510=AXIS2_PLACEMENT_3D('',#7252,#5426,#5427);
#4511=AXIS2_PLACEMENT_3D('',#7258,#5429,#5430);
#4512=AXIS2_PLACEMENT_3D('',#7261,#5432,#5433);
#4513=AXIS2_PLACEMENT_3D('',#7262,#5434,#5435);
#4514=AXIS2_PLACEMENT_3D('',#7268,#5437,#5438);
#4515=AXIS2_PLACEMENT_3D('',#7272,#5441,#5442);
#4516=AXIS2_PLACEMENT_3D('',#7293,#5444,#5445);
#4517=AXIS2_PLACEMENT_3D('',#7297,#5448,#5449);
#4518=AXIS2_PLACEMENT_3D('',#7303,#5451,#5452);
#4519=AXIS2_PLACEMENT_3D('',#7306,#5454,#5455);
#4520=AXIS2_PLACEMENT_3D('',#7307,#5456,#5457);
#4521=AXIS2_PLACEMENT_3D('',#7313,#5459,#5460);
#4522=AXIS2_PLACEMENT_3D('',#7317,#5463,#5464);
#4523=AXIS2_PLACEMENT_3D('',#7338,#5466,#5467);
#4524=AXIS2_PLACEMENT_3D('',#7342,#5470,#5471);
#4525=AXIS2_PLACEMENT_3D('',#7345,#5472,#5473);
#4526=AXIS2_PLACEMENT_3D('',#7347,#5474,#5475);
#4527=AXIS2_PLACEMENT_3D('',#7348,#5476,#5477);
#4528=AXIS2_PLACEMENT_3D('',#7349,#5478,#5479);
#4529=AXIS2_PLACEMENT_3D('',#7350,#5480,#5481);
#4530=AXIS2_PLACEMENT_3D('',#7354,#5483,#5484);
#4531=AXIS2_PLACEMENT_3D('',#7355,#5485,#5486);
#4532=AXIS2_PLACEMENT_3D('',#7356,#5487,#5488);
#4533=AXIS2_PLACEMENT_3D('',#7361,#5490,#5491);
#4534=AXIS2_PLACEMENT_3D('',#7365,#5493,#5494);
#4535=AXIS2_PLACEMENT_3D('',#7369,#5496,#5497);
#4536=AXIS2_PLACEMENT_3D('',#7373,#5499,#5500);
#4537=AXIS2_PLACEMENT_3D('',#7377,#5502,#5503);
#4538=AXIS2_PLACEMENT_3D('',#7381,#5505,#5506);
#4539=AXIS2_PLACEMENT_3D('',#7385,#5508,#5509);
#4540=AXIS2_PLACEMENT_3D('',#7389,#5511,#5512);
#4541=AXIS2_PLACEMENT_3D('',#7393,#5514,#5515);
#4542=AXIS2_PLACEMENT_3D('',#7397,#5517,#5518);
#4543=AXIS2_PLACEMENT_3D('',#7401,#5520,#5521);
#4544=AXIS2_PLACEMENT_3D('',#7404,#5523,#5524);
#4545=AXIS2_PLACEMENT_3D('',#7405,#5525,#5526);
#4546=AXIS2_PLACEMENT_3D('',#7428,#5529,#5530);
#4547=AXIS2_PLACEMENT_3D('',#7430,#5532,#5533);
#4548=AXIS2_PLACEMENT_3D('',#7453,#5536,#5537);
#4549=AXIS2_PLACEMENT_3D('',#7457,#5540,#5541);
#4550=AXIS2_PLACEMENT_3D('',#7480,#5544,#5545);
#4551=AXIS2_PLACEMENT_3D('',#7484,#5548,#5549);
#4552=AXIS2_PLACEMENT_3D('',#7507,#5552,#5553);
#4553=AXIS2_PLACEMENT_3D('',#7511,#5556,#5557);
#4554=AXIS2_PLACEMENT_3D('',#7534,#5560,#5561);
#4555=AXIS2_PLACEMENT_3D('',#7538,#5564,#5565);
#4556=AXIS2_PLACEMENT_3D('',#7561,#5568,#5569);
#4557=AXIS2_PLACEMENT_3D('',#7565,#5572,#5573);
#4558=AXIS2_PLACEMENT_3D('',#7569,#5576,#5577);
#4559=AXIS2_PLACEMENT_3D('',#7571,#5578,#5579);
#4560=AXIS2_PLACEMENT_3D('',#7574,#5581,#5582);
#4561=AXIS2_PLACEMENT_3D('',#7575,#5583,#5584);
#4562=AXIS2_PLACEMENT_3D('',#7576,#5585,#5586);
#4563=AXIS2_PLACEMENT_3D('',#7578,#5587,#5588);
#4564=AXIS2_PLACEMENT_3D('',#7579,#5589,#5590);
#4565=AXIS2_PLACEMENT_3D('',#7581,#5591,#5592);
#4566=AXIS2_PLACEMENT_3D('',#7588,#5594,#5595);
#4567=AXIS2_PLACEMENT_3D('',#7597,#5596,#5597);
#4568=AXIS2_PLACEMENT_3D('',#7608,#5599,#5600);
#4569=AXIS2_PLACEMENT_3D('',#7619,#5602,#5603);
#4570=AXIS2_PLACEMENT_3D('',#7630,#5605,#5606);
#4571=AXIS2_PLACEMENT_3D('',#7641,#5608,#5609);
#4572=AXIS2_PLACEMENT_3D('',#7647,#5611,#5612);
#4573=AXIS2_PLACEMENT_3D('',#7650,#5615,#5616);
#4574=AXIS2_PLACEMENT_3D('',#7651,#5617,#5618);
#4575=AXIS2_PLACEMENT_3D('',#7653,#5620,#5621);
#4576=AXIS2_PLACEMENT_3D('',#7656,#5624,#5625);
#4577=AXIS2_PLACEMENT_3D('',#7657,#5626,#5627);
#4578=AXIS2_PLACEMENT_3D('',#7659,#5629,#5630);
#4579=AXIS2_PLACEMENT_3D('',#7662,#5633,#5634);
#4580=AXIS2_PLACEMENT_3D('',#7664,#5636,#5637);
#4581=AXIS2_PLACEMENT_3D('',#7665,#5638,#5639);
#4582=AXIS2_PLACEMENT_3D('',#7667,#5640,#5641);
#4583=AXIS2_PLACEMENT_3D('',#7668,#5642,#5643);
#4584=AXIS2_PLACEMENT_3D('',#7669,#5644,#5645);
#4585=AXIS2_PLACEMENT_3D('',#7671,#5646,#5647);
#4586=AXIS2_PLACEMENT_3D('',#7672,#5648,#5649);
#4587=AXIS2_PLACEMENT_3D('',#7681,#5654,#5655);
#4588=AXIS2_PLACEMENT_3D('',#7690,#5660,#5661);
#4589=AXIS2_PLACEMENT_3D('',#7699,#5666,#5667);
#4590=AXIS2_PLACEMENT_3D('',#7708,#5672,#5673);
#4591=AXIS2_PLACEMENT_3D('',#7709,#5674,#5675);
#4592=AXIS2_PLACEMENT_3D('',#7710,#5676,#5677);
#4593=AXIS2_PLACEMENT_3D('',#7711,#5678,#5679);
#4594=AXIS2_PLACEMENT_3D('',#7712,#5680,#5681);
#4595=AXIS2_PLACEMENT_3D('',#7713,#5682,#5683);
#4596=AXIS2_PLACEMENT_3D('',#7714,#5684,#5685);
#4597=AXIS2_PLACEMENT_3D('',#7715,#5686,#5687);
#4598=AXIS2_PLACEMENT_3D('',#7716,#5688,#5689);
#4599=AXIS2_PLACEMENT_3D('',#7717,#5690,#5691);
#4600=AXIS2_PLACEMENT_3D('',#7718,#5692,#5693);
#4601=AXIS2_PLACEMENT_3D('',#7719,#5694,#5695);
#4602=AXIS2_PLACEMENT_3D('',#7721,#5696,#5697);
#4603=AXIS2_PLACEMENT_3D('',#7722,#5698,#5699);
#4604=AXIS2_PLACEMENT_3D('',#7723,#5700,#5701);
#4605=AXIS2_PLACEMENT_3D('',#7725,#5703,#5704);
#4606=AXIS2_PLACEMENT_3D('',#7727,#5706,#5707);
#4607=AXIS2_PLACEMENT_3D('',#7729,#5709,#5710);
#4608=AXIS2_PLACEMENT_3D('',#7730,#5711,#5712);
#4609=AXIS2_PLACEMENT_3D('',#7732,#5714,#5715);
#4610=AXIS2_PLACEMENT_3D('',#7734,#5717,#5718);
#4611=AXIS2_PLACEMENT_3D('',#7735,#5719,#5720);
#4612=AXIS2_PLACEMENT_3D('',#7737,#5722,#5723);
#4613=AXIS2_PLACEMENT_3D('',#7739,#5725,#5726);
#4614=AXIS2_PLACEMENT_3D('',#7740,#5727,#5728);
#4615=AXIS2_PLACEMENT_3D('',#7742,#5730,#5731);
#4616=AXIS2_PLACEMENT_3D('',#7743,#5732,#5733);
#4617=AXIS2_PLACEMENT_3D('',#7745,#5735,#5736);
#4618=AXIS2_PLACEMENT_3D('',#7746,#5737,#5738);
#4619=AXIS2_PLACEMENT_3D('',#7747,#5739,#5740);
#4620=AXIS2_PLACEMENT_3D('',#7748,#5741,#5742);
#4621=AXIS2_PLACEMENT_3D('',#7751,#5744,#5745);
#4622=AXIS2_PLACEMENT_3D('',#7752,#5746,#5747);
#4623=AXIS2_PLACEMENT_3D('',#7756,#5749,#5750);
#4624=AXIS2_PLACEMENT_3D('',#7758,#5751,#5752);
#4625=AXIS2_PLACEMENT_3D('',#7760,#5753,#5754);
#4626=AXIS2_PLACEMENT_3D('',#7762,#5755,#5756);
#4627=AXIS2_PLACEMENT_3D('',#7764,#5757,#5758);
#4628=AXIS2_PLACEMENT_3D('',#7766,#5759,#5760);
#4629=AXIS2_PLACEMENT_3D('',#7768,#5761,#5762);
#4630=AXIS2_PLACEMENT_3D('',#7770,#5763,#5764);
#4631=AXIS2_PLACEMENT_3D('',#7772,#5765,#5766);
#4632=AXIS2_PLACEMENT_3D('',#7774,#5767,#5768);
#4633=AXIS2_PLACEMENT_3D('',#7776,#5769,#5770);
#4634=AXIS2_PLACEMENT_3D('',#7778,#5771,#5772);
#4635=AXIS2_PLACEMENT_3D('',#7780,#5773,#5774);
#4636=AXIS2_PLACEMENT_3D('',#7782,#5775,#5776);
#4637=AXIS2_PLACEMENT_3D('',#7784,#5777,#5778);
#4638=AXIS2_PLACEMENT_3D('',#7786,#5779,#5780);
#4639=AXIS2_PLACEMENT_3D('',#7788,#5781,#5782);
#4640=AXIS2_PLACEMENT_3D('',#7790,#5783,#5784);
#4641=AXIS2_PLACEMENT_3D('',#7792,#5785,#5786);
#4642=AXIS2_PLACEMENT_3D('',#7794,#5787,#5788);
#4643=AXIS2_PLACEMENT_3D('',#7796,#5789,#5790);
#4644=AXIS2_PLACEMENT_3D('',#7798,#5791,#5792);
#4645=AXIS2_PLACEMENT_3D('',#7800,#5793,#5794);
#4646=AXIS2_PLACEMENT_3D('',#7802,#5795,#5796);
#4647=AXIS2_PLACEMENT_3D('',#7803,#5797,#5798);
#4648=AXIS2_PLACEMENT_3D('',#7804,#5799,#5800);
#4649=AXIS2_PLACEMENT_3D('',#7808,#5802,#5803);
#4650=AXIS2_PLACEMENT_3D('',#7813,#5804,#5805);
#4651=AXIS2_PLACEMENT_3D('',#7824,#5806,#5807);
#4652=AXIS2_PLACEMENT_3D('',#7828,#5808,#5809);
#4653=AXIS2_PLACEMENT_3D('',#7830,#5810,#5811);
#4654=AXIS2_PLACEMENT_3D('',#7832,#5813,#5814);
#4655=AXIS2_PLACEMENT_3D('',#7840,#5815,#5816);
#4656=AXIS2_PLACEMENT_3D('',#7841,#5817,#5818);
#4657=AXIS2_PLACEMENT_3D('',#7843,#5819,#5820);
#4658=AXIS2_PLACEMENT_3D('',#7847,#5821,#5822);
#4659=AXIS2_PLACEMENT_3D('',#7849,#5823,#5824);
#4660=AXIS2_PLACEMENT_3D('',#7850,#5825,#5826);
#4661=AXIS2_PLACEMENT_3D('',#7851,#5827,#5828);
#4662=AXIS2_PLACEMENT_3D('',#7855,#5829,#5830);
#4663=AXIS2_PLACEMENT_3D('',#7859,#5831,#5832);
#4664=AXIS2_PLACEMENT_3D('',#7863,#5834,#5835);
#4665=AXIS2_PLACEMENT_3D('',#7868,#5836,#5837);
#4666=AXIS2_PLACEMENT_3D('',#7879,#5838,#5839);
#4667=AXIS2_PLACEMENT_3D('',#7883,#5840,#5841);
#4668=AXIS2_PLACEMENT_3D('',#7885,#5843,#5844);
#4669=AXIS2_PLACEMENT_3D('',#7893,#5845,#5846);
#4670=AXIS2_PLACEMENT_3D('',#7894,#5847,#5848);
#4671=AXIS2_PLACEMENT_3D('',#7896,#5849,#5850);
#4672=AXIS2_PLACEMENT_3D('',#7900,#5851,#5852);
#4673=AXIS2_PLACEMENT_3D('',#7902,#5853,#5854);
#4674=AXIS2_PLACEMENT_3D('',#7903,#5855,#5856);
#4675=AXIS2_PLACEMENT_3D('',#7904,#5857,#5858);
#4676=AXIS2_PLACEMENT_3D('',#7908,#5859,#5860);
#4677=AXIS2_PLACEMENT_3D('',#7909,#5861,#5862);
#4678=AXIS2_PLACEMENT_3D('',#7918,#5863,#5864);
#4679=AXIS2_PLACEMENT_3D('',#7922,#5866,#5867);
#4680=AXIS2_PLACEMENT_3D('',#7927,#5868,#5869);
#4681=AXIS2_PLACEMENT_3D('',#7938,#5870,#5871);
#4682=AXIS2_PLACEMENT_3D('',#7942,#5872,#5873);
#4683=AXIS2_PLACEMENT_3D('',#7944,#5875,#5876);
#4684=AXIS2_PLACEMENT_3D('',#7952,#5877,#5878);
#4685=AXIS2_PLACEMENT_3D('',#7953,#5879,#5880);
#4686=AXIS2_PLACEMENT_3D('',#7955,#5881,#5882);
#4687=AXIS2_PLACEMENT_3D('',#7959,#5883,#5884);
#4688=AXIS2_PLACEMENT_3D('',#7961,#5885,#5886);
#4689=AXIS2_PLACEMENT_3D('',#7962,#5887,#5888);
#4690=AXIS2_PLACEMENT_3D('',#7963,#5889,#5890);
#4691=AXIS2_PLACEMENT_3D('',#7967,#5891,#5892);
#4692=AXIS2_PLACEMENT_3D('',#7968,#5893,#5894);
#4693=AXIS2_PLACEMENT_3D('',#7972,#5896,#5897);
#4694=AXIS2_PLACEMENT_3D('',#7977,#5898,#5899);
#4695=AXIS2_PLACEMENT_3D('',#7988,#5900,#5901);
#4696=AXIS2_PLACEMENT_3D('',#7992,#5902,#5903);
#4697=AXIS2_PLACEMENT_3D('',#7994,#5905,#5906);
#4698=AXIS2_PLACEMENT_3D('',#8002,#5907,#5908);
#4699=AXIS2_PLACEMENT_3D('',#8003,#5909,#5910);
#4700=AXIS2_PLACEMENT_3D('',#8005,#5911,#5912);
#4701=AXIS2_PLACEMENT_3D('',#8009,#5913,#5914);
#4702=AXIS2_PLACEMENT_3D('',#8011,#5915,#5916);
#4703=AXIS2_PLACEMENT_3D('',#8012,#5917,#5918);
#4704=AXIS2_PLACEMENT_3D('',#8013,#5919,#5920);
#4705=AXIS2_PLACEMENT_3D('',#8017,#5921,#5922);
#4706=AXIS2_PLACEMENT_3D('',#8018,#5923,#5924);
#4707=AXIS2_PLACEMENT_3D('',#8022,#5926,#5927);
#4708=AXIS2_PLACEMENT_3D('',#8027,#5928,#5929);
#4709=AXIS2_PLACEMENT_3D('',#8038,#5930,#5931);
#4710=AXIS2_PLACEMENT_3D('',#8042,#5932,#5933);
#4711=AXIS2_PLACEMENT_3D('',#8044,#5935,#5936);
#4712=AXIS2_PLACEMENT_3D('',#8056,#5937,#5938);
#4713=AXIS2_PLACEMENT_3D('',#8058,#5939,#5940);
#4714=AXIS2_PLACEMENT_3D('',#8062,#5941,#5942);
#4715=AXIS2_PLACEMENT_3D('',#8064,#5943,#5944);
#4716=AXIS2_PLACEMENT_3D('',#8065,#5945,#5946);
#4717=AXIS2_PLACEMENT_3D('',#8066,#5947,#5948);
#4718=AXIS2_PLACEMENT_3D('',#8070,#5949,#5950);
#4719=AXIS2_PLACEMENT_3D('',#8071,#5951,#5952);
#4720=AXIS2_PLACEMENT_3D('',#8078,#5954,#5955);
#4721=AXIS2_PLACEMENT_3D('',#8089,#5956,#5957);
#4722=AXIS2_PLACEMENT_3D('',#8093,#5958,#5959);
#4723=AXIS2_PLACEMENT_3D('',#8095,#5961,#5962);
#4724=AXIS2_PLACEMENT_3D('',#8097,#5963,#5964);
#4725=AXIS2_PLACEMENT_3D('',#8099,#5965,#5966);
#4726=AXIS2_PLACEMENT_3D('',#8100,#5967,#5968);
#4727=AXIS2_PLACEMENT_3D('',#8101,#5969,#5970);
#4728=AXIS2_PLACEMENT_3D('',#8105,#5971,#5972);
#4729=AXIS2_PLACEMENT_3D('',#8109,#5973,#5974);
#4730=DIRECTION('axis',(0.,0.,1.));
#4731=DIRECTION('refdir',(1.,0.,0.));
#4732=DIRECTION('center_axis',(0.,0.,1.));
#4733=DIRECTION('ref_axis',(-1.,0.,0.));
#4734=DIRECTION('center_axis',(0.,0.,1.));
#4735=DIRECTION('ref_axis',(-1.,0.,0.));
#4736=DIRECTION('center_axis',(0.,0.,1.));
#4737=DIRECTION('ref_axis',(-1.,0.,0.));
#4738=DIRECTION('center_axis',(0.,0.,1.));
#4739=DIRECTION('ref_axis',(-1.,0.,0.));
#4740=DIRECTION('center_axis',(0.,0.,1.));
#4741=DIRECTION('ref_axis',(-1.,0.,0.));
#4742=DIRECTION('',(0.,0.,1.));
#4743=DIRECTION('center_axis',(0.,0.,1.));
#4744=DIRECTION('ref_axis',(-1.,0.,0.));
#4745=DIRECTION('',(0.,0.,1.));
#4746=DIRECTION('center_axis',(0.,0.,-1.));
#4747=DIRECTION('ref_axis',(-1.,0.,0.));
#4748=DIRECTION('center_axis',(0.,0.,-1.));
#4749=DIRECTION('ref_axis',(1.,0.,0.));
#4750=DIRECTION('center_axis',(0.,0.,-1.));
#4751=DIRECTION('ref_axis',(1.,0.,0.));
#4752=DIRECTION('',(0.707106781186547,-8.65956056235493E-17,0.707106781186548));
#4753=DIRECTION('center_axis',(0.,0.,1.));
#4754=DIRECTION('ref_axis',(1.,0.,0.));
#4755=DIRECTION('center_axis',(0.,0.,1.));
#4756=DIRECTION('ref_axis',(1.,0.,0.));
#4757=DIRECTION('center_axis',(0.,0.,1.));
#4758=DIRECTION('ref_axis',(-1.,0.,0.));
#4759=DIRECTION('',(0.,0.,1.));
#4760=DIRECTION('center_axis',(0.,0.,1.));
#4761=DIRECTION('ref_axis',(-1.,0.,0.));
#4762=DIRECTION('center_axis',(0.,0.,1.));
#4763=DIRECTION('ref_axis',(1.,0.,0.));
#4764=DIRECTION('center_axis',(0.,0.,1.));
#4765=DIRECTION('ref_axis',(1.,0.,0.));
#4766=DIRECTION('center_axis',(0.,0.,1.));
#4767=DIRECTION('ref_axis',(1.,0.,0.));
#4768=DIRECTION('center_axis',(0.,0.,1.));
#4769=DIRECTION('ref_axis',(-1.,0.,0.));
#4770=DIRECTION('center_axis',(0.,0.,1.));
#4771=DIRECTION('ref_axis',(1.,0.,0.));
#4772=DIRECTION('center_axis',(0.,0.,1.));
#4773=DIRECTION('ref_axis',(-1.,0.,0.));
#4774=DIRECTION('center_axis',(5.62294363348103E-17,-1.,0.));
#4775=DIRECTION('ref_axis',(1.,5.62294363348103E-17,0.));
#4776=DIRECTION('',(-1.,-5.62294363348103E-17,0.));
#4777=DIRECTION('',(0.,0.,1.));
#4778=DIRECTION('',(1.,5.62294363348103E-17,0.));
#4779=DIRECTION('',(0.,0.,1.));
#4780=DIRECTION('center_axis',(-1.,0.,0.));
#4781=DIRECTION('ref_axis',(0.,-1.,0.));
#4782=DIRECTION('',(0.,1.,0.));
#4783=DIRECTION('',(0.,0.,1.));
#4784=DIRECTION('',(0.,-1.,0.));
#4785=DIRECTION('',(0.,0.,1.));
#4786=DIRECTION('center_axis',(-5.62294363348103E-17,1.,0.));
#4787=DIRECTION('ref_axis',(-1.,-5.62294363348103E-17,0.));
#4788=DIRECTION('',(1.,5.62294363348103E-17,0.));
#4789=DIRECTION('',(0.,0.,1.));
#4790=DIRECTION('',(-1.,-5.62294363348103E-17,0.));
#4791=DIRECTION('',(0.,0.,1.));
#4792=DIRECTION('center_axis',(1.,-5.62294363348103E-17,0.));
#4793=DIRECTION('ref_axis',(5.62294363348103E-17,1.,0.));
#4794=DIRECTION('',(-5.62294363348103E-17,-1.,0.));
#4795=DIRECTION('',(0.,0.,1.));
#4796=DIRECTION('',(5.62294363348103E-17,1.,0.));
#4797=DIRECTION('',(0.,0.,1.));
#4798=DIRECTION('center_axis',(0.,0.,1.));
#4799=DIRECTION('ref_axis',(-1.,0.,0.));
#4800=DIRECTION('center_axis',(0.,0.,1.));
#4801=DIRECTION('ref_axis',(-1.,0.,0.));
#4802=DIRECTION('center_axis',(0.,0.,1.));
#4803=DIRECTION('ref_axis',(-1.,0.,0.));
#4804=DIRECTION('center_axis',(0.,0.,1.));
#4805=DIRECTION('ref_axis',(-1.,0.,0.));
#4806=DIRECTION('center_axis',(0.,0.,1.));
#4807=DIRECTION('ref_axis',(-1.,0.,0.));
#4808=DIRECTION('center_axis',(0.,0.,1.));
#4809=DIRECTION('ref_axis',(-1.,0.,0.));
#4810=DIRECTION('center_axis',(0.,0.,1.));
#4811=DIRECTION('ref_axis',(-1.,0.,0.));
#4812=DIRECTION('center_axis',(0.,0.,1.));
#4813=DIRECTION('ref_axis',(-1.,0.,0.));
#4814=DIRECTION('center_axis',(0.,0.,1.));
#4815=DIRECTION('ref_axis',(-1.,0.,0.));
#4816=DIRECTION('center_axis',(0.,0.,1.));
#4817=DIRECTION('ref_axis',(-1.,0.,0.));
#4818=DIRECTION('center_axis',(0.,0.,1.));
#4819=DIRECTION('ref_axis',(-1.,0.,0.));
#4820=DIRECTION('center_axis',(0.,0.,1.));
#4821=DIRECTION('ref_axis',(-1.,0.,0.));
#4822=DIRECTION('center_axis',(0.,0.,1.));
#4823=DIRECTION('ref_axis',(-1.,0.,0.));
#4824=DIRECTION('center_axis',(0.,0.,1.));
#4825=DIRECTION('ref_axis',(-1.,0.,0.));
#4826=DIRECTION('center_axis',(0.,0.,1.));
#4827=DIRECTION('ref_axis',(-1.,0.,0.));
#4828=DIRECTION('',(0.,0.,-1.));
#4829=DIRECTION('center_axis',(0.,0.,-1.));
#4830=DIRECTION('ref_axis',(-1.,0.,0.));
#4831=DIRECTION('center_axis',(0.,0.,1.));
#4832=DIRECTION('ref_axis',(-1.,0.,0.));
#4833=DIRECTION('center_axis',(0.,0.,-1.));
#4834=DIRECTION('ref_axis',(-1.,0.,0.));
#4835=DIRECTION('',(-0.707106781186547,-8.65956056235493E-17,-0.707106781186548));
#4836=DIRECTION('center_axis',(0.,0.,1.));
#4837=DIRECTION('ref_axis',(-1.,0.,0.));
#4838=DIRECTION('center_axis',(0.,0.,1.));
#4839=DIRECTION('ref_axis',(-1.,0.,0.));
#4840=DIRECTION('center_axis',(0.,0.,1.));
#4841=DIRECTION('ref_axis',(-1.,0.,0.));
#4842=DIRECTION('center_axis',(0.,0.,1.));
#4843=DIRECTION('ref_axis',(-1.,0.,0.));
#4844=DIRECTION('center_axis',(0.,0.,1.));
#4845=DIRECTION('ref_axis',(1.,0.,0.));
#4846=DIRECTION('center_axis',(0.,0.,1.));
#4847=DIRECTION('ref_axis',(1.,0.,0.));
#4848=DIRECTION('center_axis',(0.,0.,1.));
#4849=DIRECTION('ref_axis',(1.,0.,0.));
#4850=DIRECTION('center_axis',(0.,0.,1.));
#4851=DIRECTION('ref_axis',(-1.,0.,0.));
#4852=DIRECTION('center_axis',(0.,0.,1.));
#4853=DIRECTION('ref_axis',(1.,0.,0.));
#4854=DIRECTION('center_axis',(0.,0.,1.));
#4855=DIRECTION('ref_axis',(1.,0.,0.));
#4856=DIRECTION('center_axis',(0.,0.,1.));
#4857=DIRECTION('ref_axis',(1.,0.,0.));
#4858=DIRECTION('center_axis',(0.,0.,1.));
#4859=DIRECTION('ref_axis',(-1.,0.,0.));
#4860=DIRECTION('center_axis',(0.,0.,1.));
#4861=DIRECTION('ref_axis',(-1.,0.,0.));
#4862=DIRECTION('',(0.,0.,-1.));
#4863=DIRECTION('center_axis',(0.,0.,1.));
#4864=DIRECTION('ref_axis',(1.,0.,0.));
#4865=DIRECTION('center_axis',(0.,0.,-1.));
#4866=DIRECTION('ref_axis',(1.,0.,0.));
#4867=DIRECTION('center_axis',(0.,0.,1.));
#4868=DIRECTION('ref_axis',(1.,0.,0.));
#4869=DIRECTION('center_axis',(0.,0.,-1.));
#4870=DIRECTION('ref_axis',(1.,0.,0.));
#4871=DIRECTION('center_axis',(0.,0.,1.));
#4872=DIRECTION('ref_axis',(-1.,0.,0.));
#4873=DIRECTION('center_axis',(0.,0.,-1.));
#4874=DIRECTION('ref_axis',(-1.,0.,0.));
#4875=DIRECTION('center_axis',(0.,0.,1.));
#4876=DIRECTION('ref_axis',(1.,0.,0.));
#4877=DIRECTION('center_axis',(0.,0.,-1.));
#4878=DIRECTION('ref_axis',(1.,0.,0.));
#4879=DIRECTION('center_axis',(0.,0.,1.));
#4880=DIRECTION('ref_axis',(1.,0.,0.));
#4881=DIRECTION('',(0.,0.,1.));
#4882=DIRECTION('',(0.,0.,1.));
#4883=DIRECTION('center_axis',(0.,0.,1.));
#4884=DIRECTION('ref_axis',(1.,0.,0.));
#4885=DIRECTION('',(0.,0.,1.));
#4886=DIRECTION('center_axis',(0.,8.3549451732228E-16,-1.));
#4887=DIRECTION('ref_axis',(-1.,-3.01584077245176E-17,0.));
#4888=DIRECTION('center_axis',(0.,0.,-1.));
#4889=DIRECTION('ref_axis',(-1.,-6.12323399573676E-17,0.));
#4890=DIRECTION('center_axis',(0.,0.,-1.));
#4891=DIRECTION('ref_axis',(-1.,-6.12323399573676E-17,0.));
#4892=DIRECTION('',(0.382683432365087,8.30302611115399E-16,-0.923879532511288));
#4893=DIRECTION('center_axis',(0.,0.,-1.));
#4894=DIRECTION('ref_axis',(1.,0.,0.));
#4895=DIRECTION('center_axis',(0.,0.,1.));
#4896=DIRECTION('ref_axis',(-1.,0.,0.));
#4897=DIRECTION('center_axis',(0.,0.,1.));
#4898=DIRECTION('ref_axis',(-1.,0.,0.));
#4899=DIRECTION('',(-0.707106781186546,-8.65956056235492E-17,-0.707106781186549));
#4900=DIRECTION('center_axis',(0.,0.,1.));
#4901=DIRECTION('ref_axis',(-1.,0.,0.));
#4902=DIRECTION('center_axis',(0.,0.,1.));
#4903=DIRECTION('ref_axis',(-1.,0.,0.));
#4904=DIRECTION('',(0.,0.,-1.));
#4905=DIRECTION('center_axis',(0.,0.,1.));
#4906=DIRECTION('ref_axis',(-1.,0.,0.));
#4907=DIRECTION('center_axis',(0.,0.,1.));
#4908=DIRECTION('ref_axis',(-1.,1.22464679914735E-16,0.));
#4909=DIRECTION('',(0.,0.,1.));
#4910=DIRECTION('center_axis',(0.,0.,1.));
#4911=DIRECTION('ref_axis',(1.,0.,0.));
#4912=DIRECTION('center_axis',(0.,0.,-1.));
#4913=DIRECTION('ref_axis',(-1.,0.,0.));
#4914=DIRECTION('center_axis',(0.,0.,-1.));
#4915=DIRECTION('ref_axis',(-1.,0.,0.));
#4916=DIRECTION('center_axis',(-1.22464679914735E-16,-1.,0.));
#4917=DIRECTION('ref_axis',(1.,-1.22464679914735E-16,0.));
#4918=DIRECTION('center_axis',(0.,0.,1.));
#4919=DIRECTION('ref_axis',(-1.,-6.12323399573676E-17,0.));
#4920=DIRECTION('center_axis',(0.,0.,1.));
#4921=DIRECTION('ref_axis',(-1.,0.,0.));
#4922=DIRECTION('',(-0.989529626064198,0.144329896907216,0.));
#4923=DIRECTION('center_axis',(0.,0.,-1.));
#4924=DIRECTION('ref_axis',(0.965925826289068,-0.258819045102521,0.));
#4925=DIRECTION('',(0.92912274242252,-0.369771455784861,0.));
#4926=DIRECTION('',(0.593222540674892,-0.805038519100314,0.));
#4927=DIRECTION('center_axis',(0.,0.,1.));
#4928=DIRECTION('ref_axis',(-0.866025403784438,0.5,0.));
#4929=DIRECTION('',(-0.993795078903322,0.111226530771847,0.));
#4930=DIRECTION('',(-0.784792845515304,0.619758170279338,0.));
#4931=DIRECTION('center_axis',(0.,0.,-1.));
#4932=DIRECTION('ref_axis',(0.707106781186547,-0.707106781186548,0.));
#4933=DIRECTION('',(0.619758170279338,-0.784792845515304,0.));
#4934=DIRECTION('',(0.111226530771847,-0.993795078903322,0.));
#4935=DIRECTION('center_axis',(0.,0.,1.));
#4936=DIRECTION('ref_axis',(-0.5,0.866025403784439,0.));
#4937=DIRECTION('',(-0.805038519100313,0.593222540674893,0.));
#4938=DIRECTION('',(-0.369771455784861,0.92912274242252,0.));
#4939=DIRECTION('center_axis',(0.,0.,-1.));
#4940=DIRECTION('ref_axis',(0.258819045102521,-0.965925826289068,0.));
#4941=DIRECTION('',(0.144329896907216,-0.989529626064198,0.));
#4942=DIRECTION('',(-0.400572538228429,-0.916265049872161,0.));
#4943=DIRECTION('center_axis',(0.,0.,1.));
#4944=DIRECTION('ref_axis',(-1.64010219546898E-16,1.,0.));
#4945=DIRECTION('',(-0.400572538228429,0.916265049872161,0.));
#4946=DIRECTION('',(0.144329896907216,0.989529626064198,0.));
#4947=DIRECTION('center_axis',(0.,0.,-1.));
#4948=DIRECTION('ref_axis',(-0.258819045102521,-0.965925826289068,0.));
#4949=DIRECTION('',(-0.369771455784862,-0.92912274242252,0.));
#4950=DIRECTION('',(-0.805038519100314,-0.593222540674892,0.));
#4951=DIRECTION('center_axis',(0.,0.,1.));
#4952=DIRECTION('ref_axis',(0.500000000000001,0.866025403784438,0.));
#4953=DIRECTION('',(0.111226530771848,0.993795078903322,0.));
#4954=DIRECTION('',(0.619758170279338,0.784792845515304,0.));
#4955=DIRECTION('center_axis',(0.,0.,-1.));
#4956=DIRECTION('ref_axis',(-0.707106781186548,-0.707106781186547,0.));
#4957=DIRECTION('',(-0.784792845515304,-0.619758170279337,0.));
#4958=DIRECTION('',(-0.993795078903322,-0.111226530771846,0.));
#4959=DIRECTION('center_axis',(0.,0.,1.));
#4960=DIRECTION('ref_axis',(0.866025403784439,0.499999999999999,0.));
#4961=DIRECTION('',(0.593222540674893,0.805038519100313,0.));
#4962=DIRECTION('',(0.929122742422521,0.36977145578486,0.));
#4963=DIRECTION('center_axis',(0.,0.,-1.));
#4964=DIRECTION('ref_axis',(-0.965925826289069,-0.25881904510252,0.));
#4965=DIRECTION('',(-0.989529626064198,-0.144329896907216,0.));
#4966=DIRECTION('',(-0.916265049872161,0.400572538228429,0.));
#4967=DIRECTION('center_axis',(0.,0.,1.));
#4968=DIRECTION('ref_axis',(1.,-4.54182146437563E-16,0.));
#4969=DIRECTION('',(0.916265049872161,0.400572538228429,0.));
#4970=DIRECTION('',(0.989529626064198,-0.144329896907216,0.));
#4971=DIRECTION('center_axis',(0.,0.,-1.));
#4972=DIRECTION('ref_axis',(-0.965925826289068,0.258819045102521,0.));
#4973=DIRECTION('',(-0.92912274242252,0.369771455784861,0.));
#4974=DIRECTION('',(-0.593222540674892,0.805038519100314,0.));
#4975=DIRECTION('center_axis',(0.,0.,1.));
#4976=DIRECTION('ref_axis',(0.866025403784439,-0.499999999999999,0.));
#4977=DIRECTION('',(0.993795078903322,-0.111226530771848,0.));
#4978=DIRECTION('',(0.784792845515304,-0.619758170279338,0.));
#4979=DIRECTION('center_axis',(0.,0.,-1.));
#4980=DIRECTION('ref_axis',(-0.707106781186547,0.707106781186548,0.));
#4981=DIRECTION('',(-0.619758170279337,0.784792845515304,0.));
#4982=DIRECTION('',(-0.111226530771848,0.993795078903322,0.));
#4983=DIRECTION('center_axis',(0.,0.,1.));
#4984=DIRECTION('ref_axis',(0.5,-0.866025403784438,0.));
#4985=DIRECTION('',(0.805038519100313,-0.593222540674893,0.));
#4986=DIRECTION('',(0.369771455784861,-0.92912274242252,0.));
#4987=DIRECTION('center_axis',(0.,0.,-1.));
#4988=DIRECTION('ref_axis',(-0.258819045102521,0.965925826289068,0.));
#4989=DIRECTION('',(-0.144329896907216,0.989529626064198,0.));
#4990=DIRECTION('',(0.400572538228429,0.916265049872161,0.));
#4991=DIRECTION('center_axis',(0.,0.,1.));
#4992=DIRECTION('ref_axis',(-6.30808536718839E-16,-1.,0.));
#4993=DIRECTION('',(0.400572538228429,-0.916265049872161,0.));
#4994=DIRECTION('',(-0.144329896907216,-0.989529626064198,0.));
#4995=DIRECTION('center_axis',(0.,0.,-1.));
#4996=DIRECTION('ref_axis',(0.258819045102521,0.965925826289068,0.));
#4997=DIRECTION('',(0.369771455784861,0.92912274242252,0.));
#4998=DIRECTION('',(0.805038519100314,0.593222540674892,0.));
#4999=DIRECTION('center_axis',(0.,0.,1.));
#5000=DIRECTION('ref_axis',(-0.5,-0.866025403784439,0.));
#5001=DIRECTION('',(-0.111226530771848,-0.993795078903322,0.));
#5002=DIRECTION('',(-0.619758170279338,-0.784792845515303,0.));
#5003=DIRECTION('center_axis',(0.,0.,-1.));
#5004=DIRECTION('ref_axis',(0.707106781186549,0.707106781186546,0.));
#5005=DIRECTION('',(0.784792845515304,0.619758170279337,0.));
#5006=DIRECTION('',(0.993795078903322,0.111226530771848,0.));
#5007=DIRECTION('center_axis',(0.,0.,1.));
#5008=DIRECTION('ref_axis',(-0.866025403784439,-0.499999999999999,0.));
#5009=DIRECTION('',(-0.593222540674893,-0.805038519100313,0.));
#5010=DIRECTION('',(-0.92912274242252,-0.369771455784861,0.));
#5011=DIRECTION('center_axis',(0.,0.,-1.));
#5012=DIRECTION('ref_axis',(0.965925826289068,0.258819045102521,0.));
#5013=DIRECTION('',(0.989529626064198,0.144329896907216,0.));
#5014=DIRECTION('',(0.916265049872161,-0.400572538228429,0.));
#5015=DIRECTION('center_axis',(0.,0.,1.));
#5016=DIRECTION('ref_axis',(-1.,2.39707243953159E-16,0.));
#5017=DIRECTION('',(-0.916265049872161,-0.400572538228429,0.));
#5018=DIRECTION('center_axis',(0.,0.,1.));
#5019=DIRECTION('ref_axis',(-1.,0.,0.));
#5020=DIRECTION('center_axis',(0.,0.,1.));
#5021=DIRECTION('ref_axis',(-1.,0.,0.));
#5022=DIRECTION('',(-0.707106781186547,-8.65956056235492E-17,-0.707106781186548));
#5023=DIRECTION('center_axis',(0.916265049872161,0.400572538228429,0.));
#5024=DIRECTION('ref_axis',(-0.283247558138432,0.647897230128837,-0.707106781186545));
#5025=DIRECTION('',(-0.916265049872161,-0.400572538228429,0.));
#5026=DIRECTION('center_axis',(0.99108173359266,0.133255383902372,-7.39715976818389E-17));
#5027=DIRECTION('ref_axis',(-0.133255383902372,0.99108173359266,-2.58715446917501E-16));
#5028=DIRECTION('center_axis',(0.,0.,1.));
#5029=DIRECTION('ref_axis',(1.,0.,0.));
#5030=DIRECTION('center_axis',(0.,0.,-1.));
#5031=DIRECTION('ref_axis',(1.,-4.54182146437563E-16,0.));
#5032=DIRECTION('center_axis',(-0.916265049872161,0.40057253822843,0.));
#5033=DIRECTION('ref_axis',(-0.283247558138432,-0.647897230128836,-0.707106781186546));
#5034=DIRECTION('center_axis',(-0.99108173359266,0.133255383902365,-7.39715976818355E-17));
#5035=DIRECTION('ref_axis',(-0.133255383902365,-0.99108173359266,-2.58715446917489E-16));
#5036=DIRECTION('',(0.916265049872161,-0.400572538228429,0.));
#5037=DIRECTION('center_axis',(-0.989529626064199,-0.144329896907216,0.));
#5038=DIRECTION('ref_axis',(0.102056648831048,-0.699703108774985,-0.707106781186546));
#5039=DIRECTION('center_axis',(-0.989529626064199,-0.144329896907214,0.));
#5040=DIRECTION('ref_axis',(0.,0.,-1.));
#5041=DIRECTION('',(0.989529626064198,0.144329896907216,0.));
#5042=DIRECTION('center_axis',(0.929122742422521,0.369771455784859,0.));
#5043=DIRECTION('ref_axis',(0.,0.,-1.));
#5044=DIRECTION('center_axis',(0.,0.,1.));
#5045=DIRECTION('ref_axis',(-0.965925826289069,-0.25881904510252,0.));
#5046=DIRECTION('center_axis',(0.92912274242252,0.36977145578486,0.));
#5047=DIRECTION('ref_axis',(-0.261467903874696,0.656988991721608,-0.707106781186546));
#5048=DIRECTION('',(-0.929122742422521,-0.36977145578486,0.));
#5049=DIRECTION('center_axis',(0.791674266566782,0.610943414446828,-1.35656689092396E-15));
#5050=DIRECTION('ref_axis',(-0.610943414446828,0.791674266566782,-4.7445887402409E-15));
#5051=DIRECTION('center_axis',(0.593222540674893,0.805038519100313,0.));
#5052=DIRECTION('ref_axis',(-0.56924819597221,0.41947168126393,-0.707106781186545));
#5053=DIRECTION('',(-0.593222540674893,-0.805038519100313,0.));
#5054=DIRECTION('center_axis',(0.,0.,1.));
#5055=DIRECTION('ref_axis',(1.,0.,0.));
#5056=DIRECTION('center_axis',(0.,0.,-1.));
#5057=DIRECTION('ref_axis',(0.866025403784439,0.499999999999999,0.));
#5058=DIRECTION('center_axis',(-0.993795078903322,-0.111226530771846,0.));
#5059=DIRECTION('ref_axis',(0.0786490341566268,-0.702719239402361,-0.707106781186546));
#5060=DIRECTION('center_axis',(-0.924929650469149,-0.38013831914583,0.));
#5061=DIRECTION('ref_axis',(0.38013831914583,-0.924929650469149,0.));
#5062=DIRECTION('',(0.993795078903322,0.111226530771846,0.));
#5063=DIRECTION('center_axis',(-0.784792845515304,-0.619758170279337,0.));
#5064=DIRECTION('ref_axis',(0.438235204900288,-0.554932342890559,-0.707106781186546));
#5065=DIRECTION('center_axis',(-0.784792845515305,-0.619758170279336,0.));
#5066=DIRECTION('ref_axis',(0.,0.,-1.));
#5067=DIRECTION('',(0.784792845515304,0.619758170279337,0.));
#5068=DIRECTION('center_axis',(0.619758170279339,0.784792845515303,0.));
#5069=DIRECTION('ref_axis',(0.,0.,-1.));
#5070=DIRECTION('center_axis',(0.,0.,1.));
#5071=DIRECTION('ref_axis',(-0.707106781186548,-0.707106781186547,0.));
#5072=DIRECTION('center_axis',(0.619758170279338,0.784792845515304,0.));
#5073=DIRECTION('ref_axis',(-0.554932342890559,0.438235204900288,-0.707106781186546));
#5074=DIRECTION('',(-0.619758170279338,-0.784792845515304,0.));
#5075=DIRECTION('center_axis',(0.380138319145832,0.924929650469149,0.));
#5076=DIRECTION('ref_axis',(-0.924929650469149,0.380138319145832,0.));
#5077=DIRECTION('center_axis',(0.111226530771848,0.993795078903322,0.));
#5078=DIRECTION('ref_axis',(-0.702719239402361,0.0786490341566284,-0.707106781186546));
#5079=DIRECTION('',(-0.111226530771848,-0.993795078903322,0.));
#5080=DIRECTION('center_axis',(0.,0.,1.));
#5081=DIRECTION('ref_axis',(1.,0.,0.));
#5082=DIRECTION('center_axis',(0.,0.,-1.));
#5083=DIRECTION('ref_axis',(0.500000000000001,0.866025403784438,0.));
#5084=DIRECTION('center_axis',(-0.805038519100314,-0.593222540674892,0.));
#5085=DIRECTION('ref_axis',(0.41947168126393,-0.569248195972208,-0.707106781186547));
#5086=DIRECTION('center_axis',(-0.610943414446828,-0.791674266566782,0.));
#5087=DIRECTION('ref_axis',(0.791674266566782,-0.610943414446828,0.));
#5088=DIRECTION('',(0.805038519100314,0.593222540674892,0.));
#5089=DIRECTION('center_axis',(-0.369771455784862,-0.92912274242252,0.));
#5090=DIRECTION('ref_axis',(0.656988991721607,-0.261467903874698,-0.707106781186546));
#5091=DIRECTION('center_axis',(-0.369771455784863,-0.929122742422519,0.));
#5092=DIRECTION('ref_axis',(0.,0.,-1.));
#5093=DIRECTION('',(0.369771455784862,0.92912274242252,0.));
#5094=DIRECTION('center_axis',(0.144329896907216,0.989529626064198,0.));
#5095=DIRECTION('ref_axis',(0.,0.,-1.));
#5096=DIRECTION('center_axis',(0.,0.,1.));
#5097=DIRECTION('ref_axis',(-0.258819045102521,-0.965925826289068,0.));
#5098=DIRECTION('center_axis',(0.144329896907216,0.989529626064199,0.));
#5099=DIRECTION('ref_axis',(-0.699703108774985,0.102056648831048,-0.707106781186546));
#5100=DIRECTION('',(-0.144329896907216,-0.989529626064198,0.));
#5101=DIRECTION('center_axis',(-0.133255383902367,0.99108173359266,0.));
#5102=DIRECTION('ref_axis',(-0.99108173359266,-0.133255383902367,0.));
#5103=DIRECTION('center_axis',(-0.400572538228429,0.916265049872161,0.));
#5104=DIRECTION('ref_axis',(-0.647897230128836,-0.283247558138432,-0.707106781186546));
#5105=DIRECTION('',(0.400572538228429,-0.916265049872161,0.));
#5106=DIRECTION('center_axis',(0.,0.,1.));
#5107=DIRECTION('ref_axis',(1.,0.,0.));
#5108=DIRECTION('center_axis',(0.,0.,-1.));
#5109=DIRECTION('ref_axis',(-1.64010219546898E-16,1.,0.));
#5110=DIRECTION('center_axis',(-0.400572538228429,-0.916265049872161,0.));
#5111=DIRECTION('ref_axis',(0.647897230128837,-0.283247558138432,-0.707106781186545));
#5112=DIRECTION('center_axis',(-0.13325538390237,-0.99108173359266,1.47943195363676E-16));
#5113=DIRECTION('ref_axis',(0.99108173359266,-0.13325538390237,5.17430893835003E-16));
#5114=DIRECTION('',(0.400572538228429,0.916265049872161,0.));
#5115=DIRECTION('center_axis',(0.144329896907216,-0.989529626064199,0.));
#5116=DIRECTION('ref_axis',(0.699703108774985,0.102056648831048,-0.707106781186546));
#5117=DIRECTION('center_axis',(0.144329896907213,-0.989529626064199,0.));
#5118=DIRECTION('ref_axis',(0.,0.,-1.));
#5119=DIRECTION('',(-0.144329896907216,0.989529626064198,0.));
#5120=DIRECTION('center_axis',(-0.369771455784862,0.92912274242252,0.));
#5121=DIRECTION('ref_axis',(0.,0.,-1.));
#5122=DIRECTION('center_axis',(0.,0.,1.));
#5123=DIRECTION('ref_axis',(0.258819045102521,-0.965925826289068,0.));
#5124=DIRECTION('center_axis',(-0.369771455784861,0.92912274242252,0.));
#5125=DIRECTION('ref_axis',(-0.656988991721608,-0.261467903874696,-0.707106781186546));
#5126=DIRECTION('',(0.369771455784861,-0.92912274242252,0.));
#5127=DIRECTION('center_axis',(-0.610943414446828,0.791674266566782,1.75786999749136E-15));
#5128=DIRECTION('ref_axis',(-0.791674266566782,-0.610943414446828,6.14814518377652E-15));
#5129=DIRECTION('center_axis',(-0.805038519100313,0.593222540674893,0.));
#5130=DIRECTION('ref_axis',(-0.41947168126393,-0.56924819597221,-0.707106781186545));
#5131=DIRECTION('',(0.805038519100313,-0.593222540674893,0.));
#5132=DIRECTION('center_axis',(0.,0.,1.));
#5133=DIRECTION('ref_axis',(1.,0.,0.));
#5134=DIRECTION('center_axis',(0.,0.,-1.));
#5135=DIRECTION('ref_axis',(-0.5,0.866025403784439,0.));
#5136=DIRECTION('center_axis',(0.111226530771847,-0.993795078903322,0.));
#5137=DIRECTION('ref_axis',(0.702719239402359,0.078649034156627,-0.707106781186547));
#5138=DIRECTION('center_axis',(0.380138319145829,-0.92492965046915,0.));
#5139=DIRECTION('ref_axis',(0.92492965046915,0.380138319145829,0.));
#5140=DIRECTION('',(-0.111226530771847,0.993795078903322,0.));
#5141=DIRECTION('center_axis',(0.619758170279338,-0.784792845515304,0.));
#5142=DIRECTION('ref_axis',(0.554932342890559,0.438235204900287,-0.707106781186547));
#5143=DIRECTION('center_axis',(0.619758170279337,-0.784792845515304,0.));
#5144=DIRECTION('ref_axis',(0.,0.,-1.));
#5145=DIRECTION('',(-0.619758170279338,0.784792845515304,0.));
#5146=DIRECTION('center_axis',(-0.784792845515303,0.619758170279339,0.));
#5147=DIRECTION('ref_axis',(0.,0.,-1.));
#5148=DIRECTION('center_axis',(0.,0.,1.));
#5149=DIRECTION('ref_axis',(0.707106781186547,-0.707106781186548,0.));
#5150=DIRECTION('center_axis',(-0.784792845515304,0.619758170279338,0.));
#5151=DIRECTION('ref_axis',(-0.438235204900288,-0.554932342890559,-0.707106781186546));
#5152=DIRECTION('',(0.784792845515304,-0.619758170279338,0.));
#5153=DIRECTION('center_axis',(-0.924929650469149,0.380138319145832,0.));
#5154=DIRECTION('ref_axis',(-0.380138319145832,-0.924929650469149,0.));
#5155=DIRECTION('center_axis',(-0.993795078903322,0.111226530771847,0.));
#5156=DIRECTION('ref_axis',(-0.0786490341566268,-0.702719239402361,-0.707106781186546));
#5157=DIRECTION('',(0.993795078903322,-0.111226530771847,0.));
#5158=DIRECTION('center_axis',(0.,0.,1.));
#5159=DIRECTION('ref_axis',(1.,0.,0.));
#5160=DIRECTION('center_axis',(0.,0.,-1.));
#5161=DIRECTION('ref_axis',(-0.866025403784438,0.5,0.));
#5162=DIRECTION('center_axis',(0.593222540674892,-0.805038519100314,0.));
#5163=DIRECTION('ref_axis',(0.569248195972208,0.419471681263929,-0.707106781186547));
#5164=DIRECTION('center_axis',(0.791674266566782,-0.610943414446828,0.));
#5165=DIRECTION('ref_axis',(0.610943414446828,0.791674266566782,0.));
#5166=DIRECTION('',(-0.593222540674892,0.805038519100314,0.));
#5167=DIRECTION('center_axis',(-0.989529626064199,0.144329896907216,0.));
#5168=DIRECTION('ref_axis',(-0.102056648831048,-0.699703108774985,-0.707106781186546));
#5169=DIRECTION('',(0.989529626064198,-0.144329896907216,0.));
#5170=DIRECTION('center_axis',(0.989529626064198,-0.144329896907216,0.));
#5171=DIRECTION('ref_axis',(-0.144329896907216,-0.989529626064199,0.));
#5172=DIRECTION('center_axis',(-0.99108173359266,-0.133255383902367,2.20064351983998E-15));
#5173=DIRECTION('ref_axis',(0.133255383902367,-0.99108173359266,7.69674428542586E-15));
#5174=DIRECTION('center_axis',(-0.92912274242252,0.369771455784862,0.));
#5175=DIRECTION('ref_axis',(0.369771455784862,0.92912274242252,0.));
#5176=DIRECTION('center_axis',(0.,0.,1.));
#5177=DIRECTION('ref_axis',(0.965925826289068,-0.258819045102521,0.));
#5178=DIRECTION('center_axis',(0.92912274242252,-0.369771455784861,0.));
#5179=DIRECTION('ref_axis',(0.261467903874696,0.656988991721607,-0.707106781186547));
#5180=DIRECTION('',(-0.92912274242252,0.369771455784861,0.));
#5181=DIRECTION('center_axis',(-0.916265049872161,-0.400572538228429,0.));
#5182=DIRECTION('ref_axis',(0.283247558138432,-0.647897230128837,-0.707106781186545));
#5183=DIRECTION('',(0.916265049872161,0.400572538228429,0.));
#5184=DIRECTION('center_axis',(0.,0.,1.));
#5185=DIRECTION('ref_axis',(-1.,-1.22464679914735E-16,0.));
#5186=DIRECTION('center_axis',(0.,0.,-1.));
#5187=DIRECTION('ref_axis',(-1.,2.39707243953159E-16,0.));
#5188=DIRECTION('center_axis',(0.916265049872161,-0.400572538228429,0.));
#5189=DIRECTION('ref_axis',(0.283247558138429,0.647897230128836,-0.707106781186547));
#5190=DIRECTION('',(-0.916265049872161,0.400572538228429,0.));
#5191=DIRECTION('center_axis',(0.99108173359266,-0.13325538390237,1.47943195363676E-16));
#5192=DIRECTION('ref_axis',(0.13325538390237,0.99108173359266,5.17430893835003E-16));
#5193=DIRECTION('center_axis',(0.989529626064198,0.144329896907216,0.));
#5194=DIRECTION('ref_axis',(-0.102056648831048,0.699703108774985,-0.707106781186546));
#5195=DIRECTION('center_axis',(0.989529626064199,0.144329896907214,0.));
#5196=DIRECTION('ref_axis',(0.,0.,-1.));
#5197=DIRECTION('',(-0.989529626064198,-0.144329896907216,0.));
#5198=DIRECTION('center_axis',(-0.92912274242252,-0.369771455784862,0.));
#5199=DIRECTION('ref_axis',(0.,0.,-1.));
#5200=DIRECTION('center_axis',(0.,0.,1.));
#5201=DIRECTION('ref_axis',(0.965925826289068,0.258819045102521,0.));
#5202=DIRECTION('center_axis',(-0.92912274242252,-0.369771455784861,0.));
#5203=DIRECTION('ref_axis',(0.261467903874696,-0.656988991721607,-0.707106781186547));
#5204=DIRECTION('',(0.92912274242252,0.369771455784861,0.));
#5205=DIRECTION('center_axis',(-0.79167426656678,-0.61094341444683,-2.43615344295334E-15));
#5206=DIRECTION('ref_axis',(0.61094341444683,-0.79167426656678,-8.52043955389689E-15));
#5207=DIRECTION('center_axis',(-0.593222540674893,-0.805038519100313,0.));
#5208=DIRECTION('ref_axis',(0.569248195972208,-0.419471681263931,-0.707106781186547));
#5209=DIRECTION('',(0.593222540674893,0.805038519100313,0.));
#5210=DIRECTION('center_axis',(0.,0.,1.));
#5211=DIRECTION('ref_axis',(1.,0.,0.));
#5212=DIRECTION('center_axis',(0.,0.,-1.));
#5213=DIRECTION('ref_axis',(-0.866025403784439,-0.499999999999999,0.));
#5214=DIRECTION('center_axis',(0.993795078903322,0.111226530771848,0.));
#5215=DIRECTION('ref_axis',(-0.0786490341566284,0.702719239402361,-0.707106781186546));
#5216=DIRECTION('',(-0.993795078903322,-0.111226530771848,0.));
#5217=DIRECTION('center_axis',(0.924929650469149,0.380138319145832,0.));
#5218=DIRECTION('ref_axis',(-0.380138319145832,0.924929650469149,0.));
#5219=DIRECTION('center_axis',(0.784792845515304,0.619758170279337,0.));
#5220=DIRECTION('ref_axis',(-0.438235204900287,0.55493234289056,-0.707106781186546));
#5221=DIRECTION('center_axis',(0.784792845515304,0.619758170279338,0.));
#5222=DIRECTION('ref_axis',(0.,0.,-1.));
#5223=DIRECTION('',(-0.784792845515304,-0.619758170279337,0.));
#5224=DIRECTION('center_axis',(-0.619758170279339,-0.784792845515303,0.));
#5225=DIRECTION('ref_axis',(0.,0.,-1.));
#5226=DIRECTION('center_axis',(0.,0.,1.));
#5227=DIRECTION('ref_axis',(0.707106781186549,0.707106781186546,0.));
#5228=DIRECTION('center_axis',(-0.619758170279338,-0.784792845515303,0.));
#5229=DIRECTION('ref_axis',(0.554932342890559,-0.438235204900288,-0.707106781186546));
#5230=DIRECTION('',(0.619758170279338,0.784792845515303,0.));
#5231=DIRECTION('center_axis',(-0.380138319145832,-0.924929650469149,0.));
#5232=DIRECTION('ref_axis',(0.924929650469149,-0.380138319145832,0.));
#5233=DIRECTION('center_axis',(-0.111226530771848,-0.993795078903322,0.));
#5234=DIRECTION('ref_axis',(0.702719239402359,-0.0786490341566285,-0.707106781186547));
#5235=DIRECTION('',(0.111226530771848,0.993795078903322,0.));
#5236=DIRECTION('center_axis',(0.,0.,1.));
#5237=DIRECTION('ref_axis',(1.,0.,0.));
#5238=DIRECTION('center_axis',(0.,0.,-1.));
#5239=DIRECTION('ref_axis',(-0.5,-0.866025403784438,0.));
#5240=DIRECTION('center_axis',(0.805038519100314,0.593222540674892,0.));
#5241=DIRECTION('ref_axis',(-0.419471681263929,0.56924819597221,-0.707106781186545));
#5242=DIRECTION('',(-0.805038519100314,-0.593222540674892,0.));
#5243=DIRECTION('center_axis',(0.610943414446831,0.791674266566779,0.));
#5244=DIRECTION('ref_axis',(-0.791674266566779,0.610943414446831,0.));
#5245=DIRECTION('center_axis',(0.369771455784861,0.92912274242252,0.));
#5246=DIRECTION('ref_axis',(-0.656988991721607,0.261467903874698,-0.707106781186546));
#5247=DIRECTION('center_axis',(0.369771455784864,0.929122742422519,0.));
#5248=DIRECTION('ref_axis',(0.,0.,-1.));
#5249=DIRECTION('',(-0.369771455784861,-0.92912274242252,0.));
#5250=DIRECTION('center_axis',(-0.144329896907216,-0.989529626064198,0.));
#5251=DIRECTION('ref_axis',(0.,0.,-1.));
#5252=DIRECTION('center_axis',(0.,0.,1.));
#5253=DIRECTION('ref_axis',(0.258819045102521,0.965925826289068,0.));
#5254=DIRECTION('center_axis',(-0.144329896907216,-0.989529626064198,0.));
#5255=DIRECTION('ref_axis',(0.699703108774985,-0.102056648831048,-0.707106781186546));
#5256=DIRECTION('',(0.144329896907216,0.989529626064198,0.));
#5257=DIRECTION('center_axis',(0.133255383902367,-0.99108173359266,-7.39715976818366E-17));
#5258=DIRECTION('ref_axis',(0.99108173359266,0.133255383902367,-2.58715446917498E-16));
#5259=DIRECTION('center_axis',(0.400572538228429,-0.916265049872161,0.));
#5260=DIRECTION('ref_axis',(0.647897230128837,0.283247558138429,-0.707106781186546));
#5261=DIRECTION('',(-0.400572538228429,0.916265049872161,0.));
#5262=DIRECTION('center_axis',(0.,0.,1.));
#5263=DIRECTION('ref_axis',(1.,0.,0.));
#5264=DIRECTION('center_axis',(0.,0.,-1.));
#5265=DIRECTION('ref_axis',(-6.30808536718839E-16,-1.,0.));
#5266=DIRECTION('center_axis',(0.40057253822843,0.916265049872161,0.));
#5267=DIRECTION('ref_axis',(-0.647897230128836,0.283247558138432,-0.707106781186546));
#5268=DIRECTION('',(-0.400572538228429,-0.916265049872161,0.));
#5269=DIRECTION('center_axis',(0.133255383902365,0.99108173359266,-2.27461511752182E-15));
#5270=DIRECTION('ref_axis',(-0.99108173359266,0.133255383902365,-7.95545973234319E-15));
#5271=DIRECTION('center_axis',(-0.144329896907216,0.989529626064199,0.));
#5272=DIRECTION('ref_axis',(-0.699703108774985,-0.102056648831048,-0.707106781186546));
#5273=DIRECTION('center_axis',(-0.144329896907213,0.989529626064199,0.));
#5274=DIRECTION('ref_axis',(0.,0.,-1.));
#5275=DIRECTION('',(0.144329896907216,-0.989529626064198,0.));
#5276=DIRECTION('center_axis',(0.369771455784862,-0.92912274242252,0.));
#5277=DIRECTION('ref_axis',(0.,0.,-1.));
#5278=DIRECTION('center_axis',(0.,0.,1.));
#5279=DIRECTION('ref_axis',(-0.258819045102521,0.965925826289068,0.));
#5280=DIRECTION('center_axis',(0.369771455784861,-0.92912274242252,0.));
#5281=DIRECTION('ref_axis',(0.656988991721607,0.261467903874696,-0.707106781186547));
#5282=DIRECTION('',(-0.369771455784861,0.92912274242252,0.));
#5283=DIRECTION('center_axis',(0.61094341444683,-0.79167426656678,-2.43615344295334E-15));
#5284=DIRECTION('ref_axis',(0.79167426656678,0.61094341444683,-8.52043955389689E-15));
#5285=DIRECTION('center_axis',(0.805038519100313,-0.593222540674893,0.));
#5286=DIRECTION('ref_axis',(0.419471681263931,0.569248195972208,-0.707106781186547));
#5287=DIRECTION('',(-0.805038519100313,0.593222540674893,0.));
#5288=DIRECTION('center_axis',(0.,0.,1.));
#5289=DIRECTION('ref_axis',(1.,0.,0.));
#5290=DIRECTION('center_axis',(0.,0.,-1.));
#5291=DIRECTION('ref_axis',(0.5,-0.866025403784438,0.));
#5292=DIRECTION('center_axis',(-0.111226530771848,0.993795078903322,0.));
#5293=DIRECTION('ref_axis',(-0.702719239402361,-0.0786490341566284,-0.707106781186546));
#5294=DIRECTION('',(0.111226530771848,-0.993795078903322,0.));
#5295=DIRECTION('center_axis',(-0.380138319145832,0.924929650469149,0.));
#5296=DIRECTION('ref_axis',(-0.924929650469149,-0.380138319145832,0.));
#5297=DIRECTION('center_axis',(-0.619758170279337,0.784792845515304,0.));
#5298=DIRECTION('ref_axis',(-0.55493234289056,-0.438235204900287,-0.707106781186546));
#5299=DIRECTION('center_axis',(-0.619758170279336,0.784792845515305,0.));
#5300=DIRECTION('ref_axis',(0.,0.,-1.));
#5301=DIRECTION('',(0.619758170279337,-0.784792845515304,0.));
#5302=DIRECTION('center_axis',(0.784792845515304,-0.619758170279337,0.));
#5303=DIRECTION('ref_axis',(0.,0.,-1.));
#5304=DIRECTION('center_axis',(0.,0.,1.));
#5305=DIRECTION('ref_axis',(-0.707106781186547,0.707106781186548,0.));
#5306=DIRECTION('center_axis',(0.784792845515304,-0.619758170279338,0.));
#5307=DIRECTION('ref_axis',(0.438235204900288,0.554932342890559,-0.707106781186546));
#5308=DIRECTION('',(-0.784792845515304,0.619758170279338,0.));
#5309=DIRECTION('center_axis',(0.924929650469149,-0.380138319145832,0.));
#5310=DIRECTION('ref_axis',(0.380138319145832,0.924929650469149,0.));
#5311=DIRECTION('center_axis',(0.993795078903322,-0.111226530771848,0.));
#5312=DIRECTION('ref_axis',(0.0786490341566284,0.702719239402361,-0.707106781186546));
#5313=DIRECTION('',(-0.993795078903322,0.111226530771848,0.));
#5314=DIRECTION('center_axis',(0.,0.,1.));
#5315=DIRECTION('ref_axis',(1.,0.,0.));
#5316=DIRECTION('center_axis',(0.,0.,-1.));
#5317=DIRECTION('ref_axis',(0.866025403784439,-0.499999999999999,0.));
#5318=DIRECTION('center_axis',(-0.593222540674892,0.805038519100314,0.));
#5319=DIRECTION('ref_axis',(-0.56924819597221,-0.419471681263929,-0.707106781186545));
#5320=DIRECTION('',(0.593222540674892,-0.805038519100314,0.));
#5321=DIRECTION('center_axis',(-0.79167426656678,0.61094341444683,6.78283445461982E-16));
#5322=DIRECTION('ref_axis',(-0.61094341444683,-0.79167426656678,2.37229437012045E-15));
#5323=DIRECTION('center_axis',(-0.92912274242252,0.369771455784861,0.));
#5324=DIRECTION('ref_axis',(-0.261467903874698,-0.656988991721608,-0.707106781186546));
#5325=DIRECTION('center_axis',(-0.92912274242252,0.369771455784861,0.));
#5326=DIRECTION('ref_axis',(0.,0.,-1.));
#5327=DIRECTION('',(0.92912274242252,-0.369771455784861,0.));
#5328=DIRECTION('center_axis',(0.989529626064198,-0.144329896907216,0.));
#5329=DIRECTION('ref_axis',(0.,0.,-1.));
#5330=DIRECTION('center_axis',(0.,0.,1.));
#5331=DIRECTION('ref_axis',(-0.965925826289068,0.258819045102521,0.));
#5332=DIRECTION('center_axis',(0.989529626064198,-0.144329896907216,0.));
#5333=DIRECTION('ref_axis',(0.102056648831049,0.699703108774985,-0.707106781186546));
#5334=DIRECTION('',(-0.989529626064198,0.144329896907216,0.));
#5335=DIRECTION('center_axis',(0.400572538228429,-0.916265049872161,0.));
#5336=DIRECTION('ref_axis',(0.916265049872161,0.400572538228429,0.));
#5337=DIRECTION('',(0.,0.,-1.));
#5338=DIRECTION('',(0.,0.,-1.));
#5339=DIRECTION('center_axis',(0.,0.,1.));
#5340=DIRECTION('ref_axis',(1.,-1.22464679914735E-16,0.));
#5341=DIRECTION('',(0.,0.,-1.));
#5342=DIRECTION('center_axis',(0.,0.,-1.));
#5343=DIRECTION('ref_axis',(-1.,0.,0.));
#5344=DIRECTION('center_axis',(0.,0.,-1.));
#5345=DIRECTION('ref_axis',(-1.,0.,0.));
#5346=DIRECTION('center_axis',(0.40057253822843,0.916265049872161,0.));
#5347=DIRECTION('ref_axis',(-0.916265049872161,0.400572538228429,0.));
#5348=DIRECTION('',(0.,0.,-1.));
#5349=DIRECTION('center_axis',(-0.144329896907216,0.989529626064199,0.));
#5350=DIRECTION('ref_axis',(-0.989529626064198,-0.144329896907216,0.));
#5351=DIRECTION('',(0.,0.,-1.));
#5352=DIRECTION('',(0.699703108774983,0.102056648831048,-0.707106781186548));
#5353=DIRECTION('center_axis',(0.,0.,1.));
#5354=DIRECTION('ref_axis',(-0.36977145578486,0.929122742422521,0.));
#5355=DIRECTION('',(0.,0.,1.));
#5356=DIRECTION('center_axis',(0.36977145578486,-0.92912274242252,0.));
#5357=DIRECTION('ref_axis',(0.929122742422521,0.36977145578486,0.));
#5358=DIRECTION('',(0.,0.,-1.));
#5359=DIRECTION('',(-0.656988991721606,-0.261467903874696,0.707106781186548));
#5360=DIRECTION('center_axis',(0.805038519100313,-0.593222540674893,0.));
#5361=DIRECTION('ref_axis',(0.593222540674893,0.805038519100313,0.));
#5362=DIRECTION('',(0.,0.,-1.));
#5363=DIRECTION('center_axis',(0.,0.,1.));
#5364=DIRECTION('ref_axis',(-1.,0.,0.));
#5365=DIRECTION('',(0.,0.,-1.));
#5366=DIRECTION('center_axis',(0.,0.,-1.));
#5367=DIRECTION('ref_axis',(-1.,0.,0.));
#5368=DIRECTION('center_axis',(-0.111226530771846,0.993795078903322,0.));
#5369=DIRECTION('ref_axis',(-0.993795078903322,-0.111226530771846,0.));
#5370=DIRECTION('',(0.,0.,-1.));
#5371=DIRECTION('center_axis',(-0.619758170279337,0.784792845515304,0.));
#5372=DIRECTION('ref_axis',(-0.784792845515304,-0.619758170279337,0.));
#5373=DIRECTION('',(0.,0.,-1.));
#5374=DIRECTION('',(0.554932342890558,0.438235204900286,-0.707106781186548));
#5375=DIRECTION('center_axis',(0.,0.,1.));
#5376=DIRECTION('ref_axis',(-0.784792845515304,0.619758170279337,0.));
#5377=DIRECTION('',(0.,0.,1.));
#5378=DIRECTION('center_axis',(0.784792845515304,-0.619758170279338,0.));
#5379=DIRECTION('ref_axis',(0.619758170279338,0.784792845515304,0.));
#5380=DIRECTION('',(0.,0.,-1.));
#5381=DIRECTION('',(-0.438235204900287,-0.554932342890558,0.707106781186548));
#5382=DIRECTION('center_axis',(0.993795078903322,-0.111226530771848,0.));
#5383=DIRECTION('ref_axis',(0.111226530771848,0.993795078903322,0.));
#5384=DIRECTION('',(0.,0.,-1.));
#5385=DIRECTION('center_axis',(0.,0.,1.));
#5386=DIRECTION('ref_axis',(-1.,0.,0.));
#5387=DIRECTION('',(0.,0.,-1.));
#5388=DIRECTION('center_axis',(0.,0.,-1.));
#5389=DIRECTION('ref_axis',(-1.,0.,0.));
#5390=DIRECTION('center_axis',(-0.593222540674892,0.805038519100314,0.));
#5391=DIRECTION('ref_axis',(-0.805038519100314,-0.593222540674892,0.));
#5392=DIRECTION('',(0.,0.,-1.));
#5393=DIRECTION('center_axis',(-0.92912274242252,0.369771455784862,0.));
#5394=DIRECTION('ref_axis',(-0.369771455784862,-0.92912274242252,0.));
#5395=DIRECTION('',(0.,0.,-1.));
#5396=DIRECTION('',(0.261467903874697,0.656988991721606,-0.707106781186548));
#5397=DIRECTION('center_axis',(0.,0.,-1.));
#5398=DIRECTION('ref_axis',(0.92912274242252,-0.369771455784862,0.));
#5399=DIRECTION('',(0.,0.,1.));
#5400=DIRECTION('center_axis',(0.989529626064199,-0.144329896907216,0.));
#5401=DIRECTION('ref_axis',(0.144329896907216,0.989529626064198,0.));
#5402=DIRECTION('',(0.,0.,-1.));
#5403=DIRECTION('',(-0.102056648831048,-0.699703108774983,0.707106781186548));
#5404=DIRECTION('center_axis',(0.916265049872161,0.400572538228429,0.));
#5405=DIRECTION('ref_axis',(-0.400572538228429,0.916265049872161,0.));
#5406=DIRECTION('',(0.,0.,-1.));
#5407=DIRECTION('center_axis',(0.,0.,1.));
#5408=DIRECTION('ref_axis',(-1.,0.,0.));
#5409=DIRECTION('',(0.,0.,-1.));
#5410=DIRECTION('center_axis',(0.,0.,-1.));
#5411=DIRECTION('ref_axis',(-1.,0.,0.));
#5412=DIRECTION('center_axis',(-0.916265049872161,0.400572538228429,0.));
#5413=DIRECTION('ref_axis',(-0.400572538228429,-0.916265049872161,0.));
#5414=DIRECTION('',(0.,0.,-1.));
#5415=DIRECTION('center_axis',(-0.989529626064199,-0.144329896907216,0.));
#5416=DIRECTION('ref_axis',(0.144329896907216,-0.989529626064198,0.));
#5417=DIRECTION('',(0.,0.,-1.));
#5418=DIRECTION('',(-0.102056648831048,0.699703108774983,-0.707106781186548));
#5419=DIRECTION('center_axis',(0.,0.,1.));
#5420=DIRECTION('ref_axis',(-0.92912274242252,-0.369771455784861,0.));
#5421=DIRECTION('',(0.,0.,1.));
#5422=DIRECTION('center_axis',(0.92912274242252,0.369771455784861,0.));
#5423=DIRECTION('ref_axis',(-0.369771455784861,0.92912274242252,0.));
#5424=DIRECTION('',(0.,0.,-1.));
#5425=DIRECTION('',(0.261467903874697,-0.656988991721606,0.707106781186548));
#5426=DIRECTION('center_axis',(0.593222540674893,0.805038519100313,0.));
#5427=DIRECTION('ref_axis',(-0.805038519100313,0.593222540674893,0.));
#5428=DIRECTION('',(0.,0.,-1.));
#5429=DIRECTION('center_axis',(0.,0.,1.));
#5430=DIRECTION('ref_axis',(-1.,0.,0.));
#5431=DIRECTION('',(0.,0.,-1.));
#5432=DIRECTION('center_axis',(0.,0.,-1.));
#5433=DIRECTION('ref_axis',(-1.,0.,0.));
#5434=DIRECTION('center_axis',(-0.993795078903322,-0.111226530771847,0.));
#5435=DIRECTION('ref_axis',(0.111226530771847,-0.993795078903322,0.));
#5436=DIRECTION('',(0.,0.,-1.));
#5437=DIRECTION('center_axis',(-0.784792845515304,-0.619758170279338,0.));
#5438=DIRECTION('ref_axis',(0.619758170279338,-0.784792845515304,0.));
#5439=DIRECTION('',(0.,0.,-1.));
#5440=DIRECTION('',(-0.438235204900287,0.554932342890558,-0.707106781186548));
#5441=DIRECTION('center_axis',(0.,0.,1.));
#5442=DIRECTION('ref_axis',(-0.619758170279337,-0.784792845515304,0.));
#5443=DIRECTION('',(0.,0.,1.));
#5444=DIRECTION('center_axis',(0.619758170279338,0.784792845515304,0.));
#5445=DIRECTION('ref_axis',(-0.784792845515304,0.619758170279338,0.));
#5446=DIRECTION('',(0.,0.,-1.));
#5447=DIRECTION('',(0.554932342890558,-0.438235204900287,0.707106781186548));
#5448=DIRECTION('center_axis',(0.111226530771847,0.993795078903322,0.));
#5449=DIRECTION('ref_axis',(-0.993795078903322,0.111226530771847,0.));
#5450=DIRECTION('',(0.,0.,-1.));
#5451=DIRECTION('center_axis',(0.,0.,1.));
#5452=DIRECTION('ref_axis',(-1.,0.,0.));
#5453=DIRECTION('',(0.,0.,-1.));
#5454=DIRECTION('center_axis',(0.,0.,-1.));
#5455=DIRECTION('ref_axis',(-1.,0.,0.));
#5456=DIRECTION('center_axis',(-0.805038519100314,-0.593222540674892,0.));
#5457=DIRECTION('ref_axis',(0.593222540674892,-0.805038519100314,0.));
#5458=DIRECTION('',(0.,0.,-1.));
#5459=DIRECTION('center_axis',(-0.369771455784861,-0.92912274242252,0.));
#5460=DIRECTION('ref_axis',(0.92912274242252,-0.369771455784861,0.));
#5461=DIRECTION('',(0.,0.,-1.));
#5462=DIRECTION('',(-0.656988991721606,0.261467903874697,-0.707106781186548));
#5463=DIRECTION('center_axis',(0.,0.,1.));
#5464=DIRECTION('ref_axis',(-0.144329896907216,-0.989529626064199,0.));
#5465=DIRECTION('',(0.,0.,1.));
#5466=DIRECTION('center_axis',(0.144329896907216,0.989529626064199,0.));
#5467=DIRECTION('ref_axis',(-0.989529626064198,0.144329896907216,0.));
#5468=DIRECTION('',(0.,0.,-1.));
#5469=DIRECTION('',(0.699703108774983,-0.102056648831048,0.707106781186548));
#5470=DIRECTION('center_axis',(0.,0.,1.));
#5471=DIRECTION('ref_axis',(1.,0.,0.));
#5472=DIRECTION('center_axis',(0.,0.,1.));
#5473=DIRECTION('ref_axis',(-1.,0.,0.));
#5474=DIRECTION('center_axis',(1.22464679914735E-16,-1.,0.));
#5475=DIRECTION('ref_axis',(-1.,-1.22464679914735E-16,0.));
#5476=DIRECTION('center_axis',(0.,0.,-1.));
#5477=DIRECTION('ref_axis',(-1.,0.,0.));
#5478=DIRECTION('center_axis',(0.,0.,1.));
#5479=DIRECTION('ref_axis',(-1.,0.,0.));
#5480=DIRECTION('center_axis',(0.,0.,1.));
#5481=DIRECTION('ref_axis',(-1.,0.,0.));
#5482=DIRECTION('',(0.,0.,-1.));
#5483=DIRECTION('center_axis',(0.,0.,-1.));
#5484=DIRECTION('ref_axis',(-1.,0.,0.));
#5485=DIRECTION('center_axis',(0.,0.,-1.));
#5486=DIRECTION('ref_axis',(-1.,0.,0.));
#5487=DIRECTION('center_axis',(0.,0.,1.));
#5488=DIRECTION('ref_axis',(-1.,0.,0.));
#5489=DIRECTION('',(0.656059028990604,-0.754709580222688,0.));
#5490=DIRECTION('center_axis',(0.,0.,1.));
#5491=DIRECTION('ref_axis',(1.,0.,0.));
#5492=DIRECTION('',(-0.945518575599359,-0.325568154457033,0.));
#5493=DIRECTION('center_axis',(0.,0.,1.));
#5494=DIRECTION('ref_axis',(0.5,0.866025403784438,0.));
#5495=DIRECTION('',(-0.325568154457036,-0.945518575599358,0.));
#5496=DIRECTION('center_axis',(0.,0.,1.));
#5497=DIRECTION('ref_axis',(1.,0.,0.));
#5498=DIRECTION('',(-0.754709580222686,0.656059028990606,0.));
#5499=DIRECTION('center_axis',(0.,0.,1.));
#5500=DIRECTION('ref_axis',(1.,-1.22464679914735E-16,0.));
#5501=DIRECTION('',(-0.981627183447639,-0.190808995376671,0.));
#5502=DIRECTION('center_axis',(0.,0.,1.));
#5503=DIRECTION('ref_axis',(1.,0.,0.));
#5504=DIRECTION('',(0.190808995376673,0.981627183447639,0.));
#5505=DIRECTION('center_axis',(0.,0.,1.));
#5506=DIRECTION('ref_axis',(0.5,-0.866025403784439,0.));
#5507=DIRECTION('',(-0.656059028990604,0.754709580222688,0.));
#5508=DIRECTION('center_axis',(0.,0.,1.));
#5509=DIRECTION('ref_axis',(1.,0.,0.));
#5510=DIRECTION('',(0.945518575599359,0.325568154457033,0.));
#5511=DIRECTION('center_axis',(0.,0.,1.));
#5512=DIRECTION('ref_axis',(-0.5,-0.866025403784439,0.));
#5513=DIRECTION('',(0.325568154457035,0.945518575599359,0.));
#5514=DIRECTION('center_axis',(0.,0.,1.));
#5515=DIRECTION('ref_axis',(1.,0.,0.));
#5516=DIRECTION('',(0.754709580222686,-0.656059028990606,0.));
#5517=DIRECTION('center_axis',(0.,0.,1.));
#5518=DIRECTION('ref_axis',(-1.,0.,0.));
#5519=DIRECTION('',(0.981627183447639,0.190808995376671,0.));
#5520=DIRECTION('center_axis',(0.,0.,1.));
#5521=DIRECTION('ref_axis',(1.,0.,0.));
#5522=DIRECTION('',(-0.190808995376674,-0.981627183447639,0.));
#5523=DIRECTION('center_axis',(0.,0.,1.));
#5524=DIRECTION('ref_axis',(-0.499999999999999,0.866025403784439,0.));
#5525=DIRECTION('center_axis',(0.,0.,1.));
#5526=DIRECTION('ref_axis',(0.144329896907216,0.989529626064198,0.));
#5527=DIRECTION('',(0.,0.,1.));
#5528=DIRECTION('',(0.,0.,-1.));
#5529=DIRECTION('center_axis',(-0.144329896907216,-0.989529626064198,0.));
#5530=DIRECTION('ref_axis',(0.989529626064198,-0.144329896907216,0.));
#5531=DIRECTION('',(-0.699703108774983,0.102056648831048,0.707106781186548));
#5532=DIRECTION('center_axis',(0.,0.,1.));
#5533=DIRECTION('ref_axis',(0.619758170279338,0.784792845515303,0.));
#5534=DIRECTION('',(0.,0.,1.));
#5535=DIRECTION('',(0.,0.,-1.));
#5536=DIRECTION('center_axis',(-0.619758170279338,-0.784792845515304,0.));
#5537=DIRECTION('ref_axis',(0.784792845515304,-0.619758170279338,0.));
#5538=DIRECTION('',(0.,0.,-1.));
#5539=DIRECTION('',(-0.554932342890558,0.438235204900287,0.707106781186548));
#5540=DIRECTION('center_axis',(0.,0.,1.));
#5541=DIRECTION('ref_axis',(0.92912274242252,0.369771455784861,0.));
#5542=DIRECTION('',(0.,0.,1.));
#5543=DIRECTION('',(0.,0.,-1.));
#5544=DIRECTION('center_axis',(-0.92912274242252,-0.369771455784861,0.));
#5545=DIRECTION('ref_axis',(0.369771455784861,-0.92912274242252,0.));
#5546=DIRECTION('',(0.,0.,-1.));
#5547=DIRECTION('',(-0.261467903874697,0.656988991721606,0.707106781186548));
#5548=DIRECTION('center_axis',(0.,0.,1.));
#5549=DIRECTION('ref_axis',(0.989529626064198,-0.144329896907216,0.));
#5550=DIRECTION('',(0.,0.,1.));
#5551=DIRECTION('',(0.,0.,-1.));
#5552=DIRECTION('center_axis',(-0.989529626064198,0.144329896907216,0.));
#5553=DIRECTION('ref_axis',(-0.144329896907216,-0.989529626064198,0.));
#5554=DIRECTION('',(0.,0.,-1.));
#5555=DIRECTION('',(0.102056648831048,0.699703108774983,0.707106781186548));
#5556=DIRECTION('center_axis',(0.,0.,1.));
#5557=DIRECTION('ref_axis',(0.784792845515304,-0.619758170279338,0.));
#5558=DIRECTION('',(0.,0.,1.));
#5559=DIRECTION('',(0.,0.,-1.));
#5560=DIRECTION('center_axis',(-0.784792845515303,0.619758170279338,0.));
#5561=DIRECTION('ref_axis',(-0.619758170279338,-0.784792845515303,0.));
#5562=DIRECTION('',(0.,0.,-1.));
#5563=DIRECTION('',(0.438235204900287,0.554932342890558,0.707106781186548));
#5564=DIRECTION('center_axis',(0.,0.,1.));
#5565=DIRECTION('ref_axis',(0.369771455784861,-0.92912274242252,0.));
#5566=DIRECTION('',(0.,0.,1.));
#5567=DIRECTION('',(0.,0.,-1.));
#5568=DIRECTION('center_axis',(0.144329896907216,-0.989529626064198,0.));
#5569=DIRECTION('ref_axis',(0.989529626064198,0.144329896907216,0.));
#5570=DIRECTION('',(-0.699703108774983,-0.102056648831048,-0.707106781186548));
#5571=DIRECTION('',(0.,0.,-1.));
#5572=DIRECTION('center_axis',(-0.369771455784861,0.92912274242252,0.));
#5573=DIRECTION('ref_axis',(-0.92912274242252,-0.369771455784861,0.));
#5574=DIRECTION('',(0.,0.,-1.));
#5575=DIRECTION('',(0.656988991721606,0.261467903874697,0.707106781186548));
#5576=DIRECTION('center_axis',(0.,0.,1.));
#5577=DIRECTION('ref_axis',(-1.,0.,0.));
#5578=DIRECTION('center_axis',(0.,0.,1.));
#5579=DIRECTION('ref_axis',(-1.,0.,0.));
#5580=DIRECTION('',(0.,0.,1.));
#5581=DIRECTION('center_axis',(0.,0.,1.));
#5582=DIRECTION('ref_axis',(-1.,0.,0.));
#5583=DIRECTION('center_axis',(0.,0.,1.));
#5584=DIRECTION('ref_axis',(-1.,0.,0.));
#5585=DIRECTION('center_axis',(0.,0.,1.));
#5586=DIRECTION('ref_axis',(-1.,0.,0.));
#5587=DIRECTION('center_axis',(0.,0.,-1.));
#5588=DIRECTION('ref_axis',(-1.,0.,0.));
#5589=DIRECTION('center_axis',(0.,0.,-1.));
#5590=DIRECTION('ref_axis',(-1.,0.,0.));
#5591=DIRECTION('center_axis',(0.,0.,1.));
#5592=DIRECTION('ref_axis',(-1.,0.,0.));
#5593=DIRECTION('',(0.707106781186548,-8.65956056235494E-17,-0.707106781186547));
#5594=DIRECTION('center_axis',(0.,0.,-1.));
#5595=DIRECTION('ref_axis',(-1.,0.,0.));
#5596=DIRECTION('center_axis',(0.,0.,-1.));
#5597=DIRECTION('ref_axis',(-1.,0.,0.));
#5598=DIRECTION('',(-0.554932342890558,-0.438235204900286,-0.707106781186548));
#5599=DIRECTION('center_axis',(0.,0.,-1.));
#5600=DIRECTION('ref_axis',(-1.,0.,0.));
#5601=DIRECTION('',(-0.261467903874697,-0.656988991721606,-0.707106781186548));
#5602=DIRECTION('center_axis',(0.,0.,-1.));
#5603=DIRECTION('ref_axis',(-1.,0.,0.));
#5604=DIRECTION('',(0.102056648831048,-0.699703108774983,-0.707106781186548));
#5605=DIRECTION('center_axis',(0.,0.,-1.));
#5606=DIRECTION('ref_axis',(-1.,0.,0.));
#5607=DIRECTION('',(0.438235204900286,-0.554932342890558,-0.707106781186548));
#5608=DIRECTION('center_axis',(0.,0.,-1.));
#5609=DIRECTION('ref_axis',(-1.,0.,0.));
#5610=DIRECTION('',(0.656988991721606,-0.261467903874697,-0.707106781186548));
#5611=DIRECTION('center_axis',(0.,0.,1.));
#5612=DIRECTION('ref_axis',(-1.,0.,0.));
#5613=DIRECTION('',(0.,0.,-1.));
#5614=DIRECTION('',(0.,0.,-1.));
#5615=DIRECTION('center_axis',(-0.993795078903322,0.111226530771848,0.));
#5616=DIRECTION('ref_axis',(-0.111226530771848,-0.993795078903322,0.));
#5617=DIRECTION('center_axis',(-0.916265049872161,-0.400572538228429,0.));
#5618=DIRECTION('ref_axis',(0.400572538228429,-0.916265049872161,0.));
#5619=DIRECTION('',(0.,0.,-1.));
#5620=DIRECTION('center_axis',(0.,0.,1.));
#5621=DIRECTION('ref_axis',(-1.,0.,0.));
#5622=DIRECTION('',(0.,0.,-1.));
#5623=DIRECTION('',(0.,0.,-1.));
#5624=DIRECTION('center_axis',(-0.805038519100313,0.593222540674893,0.));
#5625=DIRECTION('ref_axis',(-0.593222540674893,-0.805038519100313,0.));
#5626=DIRECTION('center_axis',(-0.593222540674893,-0.805038519100313,0.));
#5627=DIRECTION('ref_axis',(0.805038519100313,-0.593222540674893,0.));
#5628=DIRECTION('',(0.,0.,-1.));
#5629=DIRECTION('center_axis',(0.,0.,1.));
#5630=DIRECTION('ref_axis',(-1.,0.,0.));
#5631=DIRECTION('',(0.,0.,-1.));
#5632=DIRECTION('',(0.,0.,-1.));
#5633=DIRECTION('center_axis',(-0.111226530771848,-0.993795078903322,0.));
#5634=DIRECTION('ref_axis',(0.993795078903322,-0.111226530771848,0.));
#5635=DIRECTION('',(0.,0.,-1.));
#5636=DIRECTION('center_axis',(-0.400572538228429,0.916265049872161,0.));
#5637=DIRECTION('ref_axis',(-0.916265049872161,-0.400572538228429,0.));
#5638=DIRECTION('center_axis',(0.,0.,1.));
#5639=DIRECTION('ref_axis',(1.,0.,0.));
#5640=DIRECTION('center_axis',(1.22464679914735E-16,-1.,0.));
#5641=DIRECTION('ref_axis',(-1.,-1.22464679914735E-16,0.));
#5642=DIRECTION('center_axis',(0.,0.,1.));
#5643=DIRECTION('ref_axis',(-1.,0.,0.));
#5644=DIRECTION('center_axis',(0.,0.,1.));
#5645=DIRECTION('ref_axis',(-1.,0.,0.));
#5646=DIRECTION('center_axis',(0.,0.,1.));
#5647=DIRECTION('ref_axis',(1.,0.,0.));
#5648=DIRECTION('center_axis',(1.,-2.58050634980778E-16,0.));
#5649=DIRECTION('ref_axis',(2.58050634980778E-16,1.,0.));
#5650=DIRECTION('',(2.58050634980778E-16,1.,0.));
#5651=DIRECTION('',(0.,0.,1.));
#5652=DIRECTION('',(2.58050634980778E-16,1.,0.));
#5653=DIRECTION('',(0.,0.,1.));
#5654=DIRECTION('center_axis',(1.29025317490389E-16,-1.,0.));
#5655=DIRECTION('ref_axis',(1.,1.29025317490389E-16,0.));
#5656=DIRECTION('',(1.,1.29025317490389E-16,0.));
#5657=DIRECTION('',(0.,0.,1.));
#5658=DIRECTION('',(1.,1.29025317490389E-16,0.));
#5659=DIRECTION('',(0.,0.,1.));
#5660=DIRECTION('center_axis',(-1.,1.29025317490389E-16,0.));
#5661=DIRECTION('ref_axis',(-1.29025317490389E-16,-1.,0.));
#5662=DIRECTION('',(-1.29025317490389E-16,-1.,0.));
#5663=DIRECTION('',(0.,0.,1.));
#5664=DIRECTION('',(-1.29025317490389E-16,-1.,0.));
#5665=DIRECTION('',(0.,0.,1.));
#5666=DIRECTION('center_axis',(1.29025317490389E-16,1.,0.));
#5667=DIRECTION('ref_axis',(-1.,1.29025317490389E-16,0.));
#5668=DIRECTION('',(-1.,1.29025317490389E-16,0.));
#5669=DIRECTION('',(0.,0.,1.));
#5670=DIRECTION('',(-1.,1.29025317490389E-16,0.));
#5671=DIRECTION('',(0.,0.,1.));
#5672=DIRECTION('center_axis',(0.,0.,-1.));
#5673=DIRECTION('ref_axis',(1.,0.,0.));
#5674=DIRECTION('center_axis',(0.,0.,1.));
#5675=DIRECTION('ref_axis',(0.642141140481488,0.766586430678977,0.));
#5676=DIRECTION('center_axis',(0.,0.,1.));
#5677=DIRECTION('ref_axis',(0.766586430678972,-0.642141140481494,0.));
#5678=DIRECTION('center_axis',(0.,0.,1.));
#5679=DIRECTION('ref_axis',(-0.6421411404815,-0.766586430678967,0.));
#5680=DIRECTION('center_axis',(0.,0.,1.));
#5681=DIRECTION('ref_axis',(-0.766586430678971,0.642141140481494,0.));
#5682=DIRECTION('center_axis',(0.,0.,-1.));
#5683=DIRECTION('ref_axis',(1.,0.,0.));
#5684=DIRECTION('center_axis',(0.,0.,1.));
#5685=DIRECTION('ref_axis',(1.,0.,0.));
#5686=DIRECTION('center_axis',(0.,0.,-1.));
#5687=DIRECTION('ref_axis',(1.,0.,0.));
#5688=DIRECTION('center_axis',(0.,0.,1.));
#5689=DIRECTION('ref_axis',(1.,0.,0.));
#5690=DIRECTION('center_axis',(0.,0.,-1.));
#5691=DIRECTION('ref_axis',(1.,0.,0.));
#5692=DIRECTION('center_axis',(0.,0.,1.));
#5693=DIRECTION('ref_axis',(1.,0.,0.));
#5694=DIRECTION('center_axis',(0.,0.,-1.));
#5695=DIRECTION('ref_axis',(1.,0.,0.));
#5696=DIRECTION('center_axis',(0.,0.,1.));
#5697=DIRECTION('ref_axis',(1.,0.,0.));
#5698=DIRECTION('center_axis',(0.,0.,1.));
#5699=DIRECTION('ref_axis',(1.,0.,0.));
#5700=DIRECTION('center_axis',(0.,0.,1.));
#5701=DIRECTION('ref_axis',(1.,0.,0.));
#5702=DIRECTION('',(0.,0.,1.));
#5703=DIRECTION('center_axis',(0.369771455784861,0.92912274242252,0.));
#5704=DIRECTION('ref_axis',(-0.92912274242252,0.369771455784861,0.));
#5705=DIRECTION('',(0.,0.,-1.));
#5706=DIRECTION('center_axis',(0.805038519100314,0.593222540674892,0.));
#5707=DIRECTION('ref_axis',(-0.593222540674892,0.805038519100314,0.));
#5708=DIRECTION('',(0.,0.,-1.));
#5709=DIRECTION('center_axis',(0.,0.,1.));
#5710=DIRECTION('ref_axis',(-1.,0.,0.));
#5711=DIRECTION('center_axis',(0.784792845515304,0.619758170279337,0.));
#5712=DIRECTION('ref_axis',(-0.619758170279337,0.784792845515304,0.));
#5713=DIRECTION('',(0.,0.,-1.));
#5714=DIRECTION('center_axis',(0.993795078903322,0.111226530771848,0.));
#5715=DIRECTION('ref_axis',(-0.111226530771848,0.993795078903322,0.));
#5716=DIRECTION('',(0.,0.,-1.));
#5717=DIRECTION('center_axis',(0.,0.,1.));
#5718=DIRECTION('ref_axis',(-1.,0.,0.));
#5719=DIRECTION('center_axis',(0.989529626064199,0.144329896907216,0.));
#5720=DIRECTION('ref_axis',(-0.144329896907216,0.989529626064198,0.));
#5721=DIRECTION('',(0.,0.,-1.));
#5722=DIRECTION('center_axis',(0.916265049872161,-0.40057253822843,0.));
#5723=DIRECTION('ref_axis',(0.400572538228429,0.916265049872161,0.));
#5724=DIRECTION('',(0.,0.,-1.));
#5725=DIRECTION('center_axis',(0.,0.,1.));
#5726=DIRECTION('ref_axis',(-1.,0.,0.));
#5727=DIRECTION('center_axis',(0.92912274242252,-0.369771455784861,0.));
#5728=DIRECTION('ref_axis',(0.369771455784861,0.92912274242252,0.));
#5729=DIRECTION('',(0.,0.,-1.));
#5730=DIRECTION('center_axis',(0.593222540674892,-0.805038519100314,0.));
#5731=DIRECTION('ref_axis',(0.805038519100314,0.593222540674892,0.));
#5732=DIRECTION('center_axis',(0.619758170279337,-0.784792845515304,0.));
#5733=DIRECTION('ref_axis',(0.784792845515304,0.619758170279337,0.));
#5734=DIRECTION('',(0.,0.,-1.));
#5735=DIRECTION('center_axis',(0.111226530771848,-0.993795078903322,0.));
#5736=DIRECTION('ref_axis',(0.993795078903322,0.111226530771848,0.));
#5737=DIRECTION('center_axis',(-0.400572538228429,-0.916265049872161,0.));
#5738=DIRECTION('ref_axis',(0.916265049872161,-0.400572538228429,0.));
#5739=DIRECTION('center_axis',(0.,0.,1.));
#5740=DIRECTION('ref_axis',(-1.,0.,0.));
#5741=DIRECTION('center_axis',(0.,0.,-1.));
#5742=DIRECTION('ref_axis',(-1.,0.,0.));
#5743=DIRECTION('',(0.707106781186547,8.65956056235493E-17,-0.707106781186548));
#5744=DIRECTION('center_axis',(0.,0.,1.));
#5745=DIRECTION('ref_axis',(-1.,0.,0.));
#5746=DIRECTION('center_axis',(0.,0.,1.));
#5747=DIRECTION('ref_axis',(-1.,0.,0.));
#5748=DIRECTION('',(0.,0.,-1.));
#5749=DIRECTION('center_axis',(0.715980373635979,0.622392243338624,-0.316227766016837));
#5750=DIRECTION('ref_axis',(-0.238660124545326,-0.207464081112874,-0.948683298050514));
#5751=DIRECTION('center_axis',(0.,0.,-1.));
#5752=DIRECTION('ref_axis',(1.,0.,0.));
#5753=DIRECTION('center_axis',(0.931253313849143,-0.181017307031648,-0.316227766016837));
#5754=DIRECTION('ref_axis',(-0.310417771283047,0.0603391023438824,-0.948683298050514));
#5755=DIRECTION('center_axis',(0.,0.,-1.));
#5756=DIRECTION('ref_axis',(-1.,0.,0.));
#5757=DIRECTION('center_axis',(-0.181017307031645,0.931253313849143,-0.316227766016838));
#5758=DIRECTION('ref_axis',(-0.0603391023438817,0.310417771283048,0.948683298050514));
#5759=DIRECTION('center_axis',(0.,0.,-1.));
#5760=DIRECTION('ref_axis',(1.,0.,0.));
#5761=DIRECTION('center_axis',(0.622392243338626,0.715980373635977,-0.316227766016838));
#5762=DIRECTION('ref_axis',(-0.207464081112875,-0.238660124545326,-0.948683298050514));
#5763=DIRECTION('center_axis',(0.,0.,-1.));
#5764=DIRECTION('ref_axis',(-1.,0.,0.));
#5765=DIRECTION('center_axis',(-0.896997680667624,0.30886107051052,-0.316227766016838));
#5766=DIRECTION('ref_axis',(-0.298999226889208,0.102953690170173,0.948683298050514));
#5767=DIRECTION('center_axis',(0.,0.,-1.));
#5768=DIRECTION('ref_axis',(-1.,0.,0.));
#5769=DIRECTION('center_axis',(-0.308861070510517,0.896997680667624,-0.316227766016838));
#5770=DIRECTION('ref_axis',(-0.102953690170172,0.298999226889208,0.948683298050514));
#5771=DIRECTION('center_axis',(0.,0.,-1.));
#5772=DIRECTION('ref_axis',(-1.,0.,0.));
#5773=DIRECTION('center_axis',(-0.715980373635979,-0.622392243338624,-0.316227766016837));
#5774=DIRECTION('ref_axis',(-0.238660124545326,-0.207464081112874,0.948683298050514));
#5775=DIRECTION('center_axis',(0.,0.,-1.));
#5776=DIRECTION('ref_axis',(-1.,0.,0.));
#5777=DIRECTION('center_axis',(-0.931253313849143,0.181017307031648,-0.316227766016837));
#5778=DIRECTION('ref_axis',(-0.310417771283047,0.0603391023438826,0.948683298050514));
#5779=DIRECTION('center_axis',(0.,0.,-1.));
#5780=DIRECTION('ref_axis',(-1.,0.,0.));
#5781=DIRECTION('center_axis',(0.181017307031645,-0.931253313849144,-0.316227766016838));
#5782=DIRECTION('ref_axis',(-0.0603391023438817,0.310417771283048,-0.948683298050514));
#5783=DIRECTION('center_axis',(0.,0.,-1.));
#5784=DIRECTION('ref_axis',(-1.,0.,0.));
#5785=DIRECTION('center_axis',(-0.622392243338626,-0.715980373635977,-0.316227766016838));
#5786=DIRECTION('ref_axis',(-0.207464081112875,-0.238660124545326,0.948683298050514));
#5787=DIRECTION('center_axis',(0.,0.,-1.));
#5788=DIRECTION('ref_axis',(1.,0.,0.));
#5789=DIRECTION('center_axis',(0.896997680667624,-0.308861070510519,-0.316227766016837));
#5790=DIRECTION('ref_axis',(-0.298999226889207,0.102953690170173,-0.948683298050514));
#5791=DIRECTION('center_axis',(0.,0.,-1.));
#5792=DIRECTION('ref_axis',(1.,0.,0.));
#5793=DIRECTION('center_axis',(0.308861070510517,-0.896997680667625,-0.316227766016837));
#5794=DIRECTION('ref_axis',(-0.102953690170172,0.298999226889207,-0.948683298050514));
#5795=DIRECTION('center_axis',(0.,0.,-1.));
#5796=DIRECTION('ref_axis',(1.,0.,0.));
#5797=DIRECTION('center_axis',(0.715980373635979,0.622392243338624,-0.316227766016837));
#5798=DIRECTION('ref_axis',(-0.238660124545326,-0.207464081112874,-0.948683298050514));
#5799=DIRECTION('center_axis',(-0.44128645349048,-0.38360446159733,-0.81124218517556));
#5800=DIRECTION('ref_axis',(-0.878445466858528,0.,0.477842611908673));
#5801=DIRECTION('',(-0.656059028990604,0.754709580222688,-1.75541673428835E-17));
#5802=DIRECTION('center_axis',(-0.44128645349048,-0.38360446159733,-0.81124218517556));
#5803=DIRECTION('ref_axis',(0.612252249032784,0.532222760282491,-0.584710284663768));
#5804=DIRECTION('center_axis',(0.,0.,1.));
#5805=DIRECTION('ref_axis',(-0.499999999999999,0.866025403784439,0.));
#5806=DIRECTION('center_axis',(0.,0.,-1.));
#5807=DIRECTION('ref_axis',(-0.499999999999999,0.866025403784439,0.));
#5808=DIRECTION('center_axis',(-0.573967509867359,0.111567982003102,-0.811242185175561));
#5809=DIRECTION('ref_axis',(-0.816338748024812,0.,0.577573413925263));
#5810=DIRECTION('center_axis',(-0.573967509867359,0.111567982003102,-0.811242185175561));
#5811=DIRECTION('ref_axis',(-0.796337381327793,0.154792306360526,0.584710284663766));
#5812=DIRECTION('',(0.190808995376674,0.981627183447639,0.));
#5813=DIRECTION('center_axis',(0.,0.,1.));
#5814=DIRECTION('ref_axis',(1.,0.,0.));
#5815=DIRECTION('center_axis',(-0.190363048270029,0.552854435493581,-0.811242185175559));
#5816=DIRECTION('ref_axis',(-0.264114621045297,0.767044555393307,0.584710284663767));
#5817=DIRECTION('center_axis',(-0.715980373635979,-0.622392243338624,-0.316227766016837));
#5818=DIRECTION('ref_axis',(-0.40401883866435,0.,0.914750664391292));
#5819=DIRECTION('center_axis',(-0.715980373635979,-0.622392243338624,-0.316227766016837));
#5820=DIRECTION('ref_axis',(-0.238660124545326,-0.207464081112874,0.948683298050514));
#5821=DIRECTION('center_axis',(0.,0.,1.));
#5822=DIRECTION('ref_axis',(0.499999999999999,-0.866025403784439,0.));
#5823=DIRECTION('center_axis',(-0.931253313849143,0.181017307031648,-0.316227766016837));
#5824=DIRECTION('ref_axis',(0.310417771283047,-0.0603391023438826,-0.948683298050514));
#5825=DIRECTION('center_axis',(0.,0.,-1.));
#5826=DIRECTION('ref_axis',(0.499999999999999,-0.866025403784439,0.));
#5827=DIRECTION('center_axis',(0.,0.,1.));
#5828=DIRECTION('ref_axis',(-1.,0.,0.));
#5829=DIRECTION('center_axis',(-0.931253313849143,0.181017307031648,-0.316227766016837));
#5830=DIRECTION('ref_axis',(-0.321539629440639,0.,0.946896122443838));
#5831=DIRECTION('center_axis',(-0.552854435493579,0.19036304827003,-0.81124218517556));
#5832=DIRECTION('ref_axis',(-0.826353074439026,0.,0.563152374020717));
#5833=DIRECTION('',(0.325568154457036,0.945518575599358,0.));
#5834=DIRECTION('center_axis',(-0.552854435493579,0.19036304827003,-0.81124218517556));
#5835=DIRECTION('ref_axis',(-0.767044555393307,0.264114621045301,0.584710284663766));
#5836=DIRECTION('center_axis',(0.,0.,1.));
#5837=DIRECTION('ref_axis',(0.5,0.866025403784438,0.));
#5838=DIRECTION('center_axis',(0.,0.,-1.));
#5839=DIRECTION('ref_axis',(0.5,0.866025403784438,0.));
#5840=DIRECTION('center_axis',(-0.190363048270029,0.552854435493581,-0.811242185175559));
#5841=DIRECTION('ref_axis',(-0.973555443036112,0.,0.228450868535795));
#5842=DIRECTION('',(0.945518575599359,0.325568154457033,0.));
#5843=DIRECTION('center_axis',(0.,0.,1.));
#5844=DIRECTION('ref_axis',(1.,0.,0.));
#5845=DIRECTION('center_axis',(0.383604461597331,0.441286453490478,-0.81124218517556));
#5846=DIRECTION('ref_axis',(0.53222276028245,0.61225224903282,0.584710284663767));
#5847=DIRECTION('center_axis',(-0.896997680667624,0.30886107051052,-0.316227766016838));
#5848=DIRECTION('ref_axis',(-0.332483843763562,0.,0.943108951095369));
#5849=DIRECTION('center_axis',(-0.896997680667624,0.30886107051052,-0.316227766016838));
#5850=DIRECTION('ref_axis',(-0.298999226889208,0.102953690170173,0.948683298050514));
#5851=DIRECTION('center_axis',(0.,0.,1.));
#5852=DIRECTION('ref_axis',(-0.5,-0.866025403784438,0.));
#5853=DIRECTION('center_axis',(-0.308861070510517,0.896997680667624,-0.316227766016838));
#5854=DIRECTION('ref_axis',(0.102953690170172,-0.298999226889208,-0.948683298050514));
#5855=DIRECTION('center_axis',(0.,0.,-1.));
#5856=DIRECTION('ref_axis',(-0.5,-0.866025403784438,0.));
#5857=DIRECTION('center_axis',(0.,0.,1.));
#5858=DIRECTION('ref_axis',(-1.,0.,0.));
#5859=DIRECTION('center_axis',(-0.308861070510517,0.896997680667624,-0.316227766016838));
#5860=DIRECTION('ref_axis',(0.,0.332483843763562,0.943108951095369));
#5861=DIRECTION('center_axis',(0.,0.,1.));
#5862=DIRECTION('ref_axis',(1.,0.,0.));
#5863=DIRECTION('center_axis',(-0.111567982003101,0.573967509867361,-0.81124218517556));
#5864=DIRECTION('ref_axis',(-0.9906751840377,0.,0.136244925527039));
#5865=DIRECTION('',(0.981627183447639,0.190808995376671,0.));
#5866=DIRECTION('center_axis',(-0.111567982003101,0.573967509867361,-0.81124218517556));
#5867=DIRECTION('ref_axis',(-0.154792306360523,0.796337381327793,0.584710284663767));
#5868=DIRECTION('center_axis',(0.,0.,1.));
#5869=DIRECTION('ref_axis',(1.,-1.22464679914735E-16,0.));
#5870=DIRECTION('center_axis',(0.,0.,-1.));
#5871=DIRECTION('ref_axis',(1.,-1.22464679914735E-16,0.));
#5872=DIRECTION('center_axis',(0.383604461597331,0.441286453490478,-0.81124218517556));
#5873=DIRECTION('ref_axis',(-0.904025692093779,0.,-0.427478125796355));
#5874=DIRECTION('',(0.754709580222686,-0.656059028990606,0.));
#5875=DIRECTION('center_axis',(0.,0.,1.));
#5876=DIRECTION('ref_axis',(1.,0.,0.));
#5877=DIRECTION('center_axis',(0.573967509867362,-0.111567982003102,-0.811242185175559));
#5878=DIRECTION('ref_axis',(-0.796337381327792,0.154792306360524,-0.584710284663768));
#5879=DIRECTION('center_axis',(-0.181017307031645,0.931253313849143,-0.316227766016838));
#5880=DIRECTION('ref_axis',(0.,0.321539629440639,0.946896122443838));
#5881=DIRECTION('center_axis',(-0.181017307031645,0.931253313849143,-0.316227766016838));
#5882=DIRECTION('ref_axis',(-0.0603391023438817,0.310417771283047,0.948683298050514));
#5883=DIRECTION('center_axis',(0.,0.,1.));
#5884=DIRECTION('ref_axis',(-1.,1.22464679914735E-16,0.));
#5885=DIRECTION('center_axis',(0.622392243338626,0.715980373635977,-0.316227766016838));
#5886=DIRECTION('ref_axis',(-0.207464081112875,-0.238660124545326,-0.948683298050514));
#5887=DIRECTION('center_axis',(0.,0.,-1.));
#5888=DIRECTION('ref_axis',(-1.,1.22464679914735E-16,0.));
#5889=DIRECTION('center_axis',(0.,0.,1.));
#5890=DIRECTION('ref_axis',(1.,0.,0.));
#5891=DIRECTION('center_axis',(0.622392243338626,0.715980373635977,-0.316227766016838));
#5892=DIRECTION('ref_axis',(-0.452970235836421,0.,-0.891525639253464));
#5893=DIRECTION('center_axis',(0.441286453490481,0.383604461597332,-0.811242185175558));
#5894=DIRECTION('ref_axis',(-0.878445466858527,0.,-0.477842611908675));
#5895=DIRECTION('',(0.656059028990604,-0.754709580222688,0.));
#5896=DIRECTION('center_axis',(0.441286453490481,0.383604461597332,-0.811242185175558));
#5897=DIRECTION('ref_axis',(0.612252249032642,0.532222760282654,0.584710284663769));
#5898=DIRECTION('center_axis',(0.,0.,1.));
#5899=DIRECTION('ref_axis',(0.5,-0.866025403784439,0.));
#5900=DIRECTION('center_axis',(0.,0.,-1.));
#5901=DIRECTION('ref_axis',(0.5,-0.866025403784439,0.));
#5902=DIRECTION('center_axis',(0.573967509867362,-0.111567982003102,-0.811242185175559));
#5903=DIRECTION('ref_axis',(-0.81633874802481,0.,-0.577573413925266));
#5904=DIRECTION('',(-0.190808995376673,-0.981627183447639,0.));
#5905=DIRECTION('center_axis',(0.,0.,1.));
#5906=DIRECTION('ref_axis',(1.,0.,0.));
#5907=DIRECTION('center_axis',(0.190363048270029,-0.55285443549358,-0.81124218517556));
#5908=DIRECTION('ref_axis',(-0.264114621045297,0.767044555393308,-0.584710284663765));
#5909=DIRECTION('center_axis',(0.715980373635979,0.622392243338624,-0.316227766016837));
#5910=DIRECTION('ref_axis',(-0.404018838664351,0.,-0.914750664391292));
#5911=DIRECTION('center_axis',(0.715980373635979,0.622392243338624,-0.316227766016837));
#5912=DIRECTION('ref_axis',(0.238660124545326,0.207464081112874,0.948683298050514));
#5913=DIRECTION('center_axis',(0.,0.,1.));
#5914=DIRECTION('ref_axis',(-0.5,0.866025403784439,0.));
#5915=DIRECTION('center_axis',(0.931253313849143,-0.181017307031648,-0.316227766016837));
#5916=DIRECTION('ref_axis',(-0.310417771283047,0.0603391023438823,-0.948683298050514));
#5917=DIRECTION('center_axis',(0.,0.,-1.));
#5918=DIRECTION('ref_axis',(-0.5,0.866025403784439,0.));
#5919=DIRECTION('center_axis',(0.,0.,1.));
#5920=DIRECTION('ref_axis',(1.,0.,0.));
#5921=DIRECTION('center_axis',(0.931253313849143,-0.181017307031648,-0.316227766016837));
#5922=DIRECTION('ref_axis',(-0.321539629440639,0.,-0.946896122443838));
#5923=DIRECTION('center_axis',(0.55285443549358,-0.19036304827003,-0.81124218517556));
#5924=DIRECTION('ref_axis',(-0.826353074439025,0.,-0.563152374020718));
#5925=DIRECTION('',(-0.325568154457035,-0.945518575599359,0.));
#5926=DIRECTION('center_axis',(0.55285443549358,-0.19036304827003,-0.81124218517556));
#5927=DIRECTION('ref_axis',(-0.767044555393306,0.2641146210453,-0.584710284663767));
#5928=DIRECTION('center_axis',(0.,0.,1.));
#5929=DIRECTION('ref_axis',(-0.5,-0.866025403784439,0.));
#5930=DIRECTION('center_axis',(0.,0.,-1.));
#5931=DIRECTION('ref_axis',(-0.5,-0.866025403784439,0.));
#5932=DIRECTION('center_axis',(0.190363048270029,-0.55285443549358,-0.81124218517556));
#5933=DIRECTION('ref_axis',(-0.973555443036113,0.,-0.228450868535794));
#5934=DIRECTION('',(-0.945518575599359,-0.325568154457033,0.));
#5935=DIRECTION('center_axis',(0.,0.,1.));
#5936=DIRECTION('ref_axis',(1.,0.,0.));
#5937=DIRECTION('center_axis',(0.896997680667624,-0.308861070510519,-0.316227766016837));
#5938=DIRECTION('ref_axis',(-0.332483843763562,0.,-0.943108951095369));
#5939=DIRECTION('center_axis',(0.896997680667624,-0.308861070510519,-0.316227766016837));
#5940=DIRECTION('ref_axis',(0.298999226889207,-0.102953690170173,0.948683298050514));
#5941=DIRECTION('center_axis',(0.,0.,1.));
#5942=DIRECTION('ref_axis',(0.5,0.866025403784439,0.));
#5943=DIRECTION('center_axis',(0.308861070510517,-0.896997680667625,-0.316227766016837));
#5944=DIRECTION('ref_axis',(-0.102953690170172,0.298999226889207,-0.948683298050514));
#5945=DIRECTION('center_axis',(0.,0.,-1.));
#5946=DIRECTION('ref_axis',(0.5,0.866025403784439,0.));
#5947=DIRECTION('center_axis',(0.,0.,1.));
#5948=DIRECTION('ref_axis',(1.,0.,0.));
#5949=DIRECTION('center_axis',(0.308861070510517,-0.896997680667625,-0.316227766016837));
#5950=DIRECTION('ref_axis',(0.,0.332483843763561,-0.94310895109537));
#5951=DIRECTION('center_axis',(0.111567982003101,-0.573967509867361,-0.81124218517556));
#5952=DIRECTION('ref_axis',(-0.9906751840377,0.,-0.136244925527039));
#5953=DIRECTION('',(-0.981627183447639,-0.190808995376671,-8.77708367144174E-18));
#5954=DIRECTION('center_axis',(0.,0.,1.));
#5955=DIRECTION('ref_axis',(-1.,0.,0.));
#5956=DIRECTION('center_axis',(0.,0.,-1.));
#5957=DIRECTION('ref_axis',(-1.,0.,0.));
#5958=DIRECTION('center_axis',(-0.383604461597331,-0.441286453490478,-0.81124218517556));
#5959=DIRECTION('ref_axis',(-0.904025692093778,0.,0.427478125796356));
#5960=DIRECTION('',(-0.754709580222686,0.656059028990606,0.));
#5961=DIRECTION('center_axis',(0.,0.,1.));
#5962=DIRECTION('ref_axis',(1.,0.,0.));
#5963=DIRECTION('center_axis',(-0.622392243338626,-0.715980373635977,-0.316227766016838));
#5964=DIRECTION('ref_axis',(0.207464081112875,0.238660124545326,-0.948683298050514));
#5965=DIRECTION('center_axis',(0.,0.,-1.));
#5966=DIRECTION('ref_axis',(1.,0.,0.));
#5967=DIRECTION('center_axis',(0.181017307031645,-0.931253313849144,-0.316227766016838));
#5968=DIRECTION('ref_axis',(0.0603391023438817,-0.310417771283047,0.948683298050514));
#5969=DIRECTION('center_axis',(-0.622392243338626,-0.715980373635977,-0.316227766016838));
#5970=DIRECTION('ref_axis',(-0.452970235836421,0.,0.891525639253464));
#5971=DIRECTION('center_axis',(0.,0.,1.));
#5972=DIRECTION('ref_axis',(-1.,0.,0.));
#5973=DIRECTION('center_axis',(0.181017307031645,-0.931253313849144,-0.316227766016838));
#5974=DIRECTION('ref_axis',(0.,0.321539629440639,-0.946896122443838));
#5975=CARTESIAN_POINT('',(0.,0.,0.));
#5976=CARTESIAN_POINT('Origin',(9.16070380642053E-17,0.,14.8));
#5977=CARTESIAN_POINT('',(2.,2.44929359829471E-16,14.8));
#5978=CARTESIAN_POINT('Origin',(9.16070380642053E-17,0.,14.8));
#5979=CARTESIAN_POINT('',(1.,1.22464679914735E-16,14.8));
#5980=CARTESIAN_POINT('Origin',(9.16070380642053E-17,0.,14.8));
#5981=CARTESIAN_POINT('Origin',(9.16070380642053E-17,0.,13.8));
#5982=CARTESIAN_POINT('',(2.,2.44929359829471E-16,12.8));
#5983=CARTESIAN_POINT('Origin',(9.16070380642053E-17,0.,12.8));
#5984=CARTESIAN_POINT('',(2.,2.44929359829471E-16,13.8));
#5985=CARTESIAN_POINT('Origin',(9.16070380642053E-17,0.,17.8));
#5986=CARTESIAN_POINT('',(1.,-1.22464679914735E-16,20.6));
#5987=CARTESIAN_POINT('',(1.,1.22464679914735E-16,17.8));
#5988=CARTESIAN_POINT('Origin',(9.16070380642053E-17,0.,20.6));
#5989=CARTESIAN_POINT('Origin',(0.,0.,0.1));
#5990=CARTESIAN_POINT('',(-2.55,3.12284933782575E-16,0.));
#5991=CARTESIAN_POINT('Origin',(0.,0.,0.));
#5992=CARTESIAN_POINT('',(-2.35,-2.87791997799628E-16,0.2));
#5993=CARTESIAN_POINT('',(-2.45,3.00038465791102E-16,0.1));
#5994=CARTESIAN_POINT('',(2.35,2.87791997799628E-16,0.2));
#5995=CARTESIAN_POINT('Origin',(0.,0.,0.2));
#5996=CARTESIAN_POINT('Origin',(0.,0.,0.2));
#5997=CARTESIAN_POINT('Origin',(0.,0.,6.4));
#5998=CARTESIAN_POINT('',(2.35,2.87791997799628E-16,12.8));
#5999=CARTESIAN_POINT('',(2.35,2.87791997799628E-16,6.4));
#6000=CARTESIAN_POINT('Origin',(0.,0.,12.8));
#6001=CARTESIAN_POINT('Origin',(0.,0.,0.));
#6002=CARTESIAN_POINT('',(0.792339126919292,-3.46044776119403,0.));
#6003=CARTESIAN_POINT('',(0.792339126919292,3.46044776119403,0.));
#6004=CARTESIAN_POINT('Origin',(0.,0.,0.));
#6005=CARTESIAN_POINT('',(-0.792339126919293,-3.46044776119403,0.));
#6006=CARTESIAN_POINT('Origin',(-4.10256677714363E-16,-3.35,0.));
#6007=CARTESIAN_POINT('',(-0.792339126919292,3.46044776119403,0.));
#6008=CARTESIAN_POINT('Origin',(0.,0.,0.));
#6009=CARTESIAN_POINT('Origin',(0.,3.35,0.));
#6010=CARTESIAN_POINT('Origin',(0.,0.,12.8));
#6011=CARTESIAN_POINT('Origin',(-2.11451115218128,-2.46806454277456,17.1));
#6012=CARTESIAN_POINT('',(2.11451115218128,-2.46806454277456,17.1));
#6013=CARTESIAN_POINT('',(-2.11451115218128,-2.46806454277456,17.1));
#6014=CARTESIAN_POINT('',(-1.05725557609064,-2.46806454277456,17.1));
#6015=CARTESIAN_POINT('',(2.11451115218128,-2.46806454277456,20.6));
#6016=CARTESIAN_POINT('',(2.11451115218128,-2.46806454277456,17.1));
#6017=CARTESIAN_POINT('',(-2.11451115218128,-2.46806454277456,20.6));
#6018=CARTESIAN_POINT('',(-2.46806454277456,-2.46806454277456,20.6));
#6019=CARTESIAN_POINT('',(-2.11451115218128,-2.46806454277456,17.1));
#6020=CARTESIAN_POINT('Origin',(-2.46806454277456,2.11451115218128,17.1));
#6021=CARTESIAN_POINT('',(-2.46806454277456,-2.11451115218128,17.1));
#6022=CARTESIAN_POINT('',(-2.46806454277456,2.11451115218128,17.1));
#6023=CARTESIAN_POINT('',(-2.46806454277456,1.05725557609064,17.1));
#6024=CARTESIAN_POINT('',(-2.46806454277456,-2.11451115218128,20.6));
#6025=CARTESIAN_POINT('',(-2.46806454277456,-2.11451115218128,17.1));
#6026=CARTESIAN_POINT('',(-2.46806454277456,2.11451115218128,20.6));
#6027=CARTESIAN_POINT('',(-2.46806454277456,2.46806454277456,20.6));
#6028=CARTESIAN_POINT('',(-2.46806454277456,2.11451115218128,17.1));
#6029=CARTESIAN_POINT('Origin',(2.11451115218128,2.46806454277456,17.1));
#6030=CARTESIAN_POINT('',(-2.11451115218128,2.46806454277456,17.1));
#6031=CARTESIAN_POINT('',(2.11451115218128,2.46806454277456,17.1));
#6032=CARTESIAN_POINT('',(1.05725557609064,2.46806454277456,17.1));
#6033=CARTESIAN_POINT('',(-2.11451115218128,2.46806454277456,20.6));
#6034=CARTESIAN_POINT('',(-2.11451115218128,2.46806454277456,17.1));
#6035=CARTESIAN_POINT('',(2.11451115218128,2.46806454277456,20.6));
#6036=CARTESIAN_POINT('',(2.46806454277456,2.46806454277456,20.6));
#6037=CARTESIAN_POINT('',(2.11451115218128,2.46806454277456,17.1));
#6038=CARTESIAN_POINT('Origin',(2.46806454277456,-2.11451115218128,17.1));
#6039=CARTESIAN_POINT('',(2.46806454277456,2.11451115218128,17.1));
#6040=CARTESIAN_POINT('',(2.46806454277456,-2.11451115218128,17.1));
#6041=CARTESIAN_POINT('',(2.46806454277456,-1.05725557609064,17.1));
#6042=CARTESIAN_POINT('',(2.46806454277456,2.11451115218128,20.6));
#6043=CARTESIAN_POINT('',(2.46806454277456,2.11451115218128,17.1));
#6044=CARTESIAN_POINT('',(2.46806454277456,-2.11451115218128,20.6));
#6045=CARTESIAN_POINT('',(2.46806454277456,-2.46806454277456,20.6));
#6046=CARTESIAN_POINT('',(2.46806454277456,-2.11451115218128,17.1));
#6047=CARTESIAN_POINT('Origin',(0.,0.,20.6));
#6048=CARTESIAN_POINT('Origin',(0.,0.,20.6));
#6049=CARTESIAN_POINT('Origin',(0.,0.,20.6));
#6050=CARTESIAN_POINT('Origin',(0.,0.,20.6));
#6051=CARTESIAN_POINT('Origin',(0.,0.,20.6));
#6052=CARTESIAN_POINT('Origin',(0.,0.,17.1));
#6053=CARTESIAN_POINT('',(3.25,3.9801020972289E-16,17.1));
#6054=CARTESIAN_POINT('Origin',(0.,0.,17.1));
#6055=CARTESIAN_POINT('Origin',(0.,0.,17.1));
#6056=CARTESIAN_POINT('Origin',(0.,0.,17.1));
#6057=CARTESIAN_POINT('Origin',(0.,0.,17.1));
#6058=CARTESIAN_POINT('Origin',(0.,0.,17.1));
#6059=CARTESIAN_POINT('Origin',(0.,0.,17.1));
#6060=CARTESIAN_POINT('Origin',(0.,0.,17.1));
#6061=CARTESIAN_POINT('Origin',(0.,0.,17.1));
#6062=CARTESIAN_POINT('Origin',(0.,0.,15.6));
#6063=CARTESIAN_POINT('',(3.25,3.9801020972289E-16,15.6));
#6064=CARTESIAN_POINT('',(3.25,3.9801020972289E-16,15.6));
#6065=CARTESIAN_POINT('Origin',(0.,0.,15.6));
#6066=CARTESIAN_POINT('Origin',(0.,0.,6.125));
#6067=CARTESIAN_POINT('',(4.8,-5.87830463590729E-16,6.35));
#6068=CARTESIAN_POINT('Origin',(0.,0.,6.35));
#6069=CARTESIAN_POINT('',(4.35,5.32721357629099E-16,5.9));
#6070=CARTESIAN_POINT('',(4.575,5.60275910609914E-16,6.125));
#6071=CARTESIAN_POINT('',(0.,4.35,5.9));
#6072=CARTESIAN_POINT('Origin',(0.,0.,5.9));
#6073=CARTESIAN_POINT('',(-5.32721357629099E-16,-4.35,5.9));
#6074=CARTESIAN_POINT('Origin',(0.,0.,5.9));
#6075=CARTESIAN_POINT('Origin',(0.,0.,5.9));
#6076=CARTESIAN_POINT('Origin',(0.,0.,5.9));
#6077=CARTESIAN_POINT('',(0.961550874707817,-3.62462686567164,5.9));
#6078=CARTESIAN_POINT('Origin',(-4.10256677714363E-16,-3.35,5.9));
#6079=CARTESIAN_POINT('',(0.961550874707818,3.62462686567164,5.9));
#6080=CARTESIAN_POINT('Origin',(0.,0.,5.9));
#6081=CARTESIAN_POINT('Origin',(0.,3.35,5.9));
#6082=CARTESIAN_POINT('Origin',(0.,0.,5.9));
#6083=CARTESIAN_POINT('',(-0.961550874707818,3.62462686567164,5.9));
#6084=CARTESIAN_POINT('Origin',(0.,3.35,5.9));
#6085=CARTESIAN_POINT('',(-0.961550874707818,-3.62462686567164,5.9));
#6086=CARTESIAN_POINT('Origin',(0.,0.,5.9));
#6087=CARTESIAN_POINT('Origin',(-4.10256677714363E-16,-3.35,5.9));
#6088=CARTESIAN_POINT('Origin',(0.,0.,5.9));
#6089=CARTESIAN_POINT('',(4.8,5.87830463590729E-16,11.7));
#6090=CARTESIAN_POINT('Origin',(0.,0.,11.7));
#6091=CARTESIAN_POINT('',(4.8,5.87830463590729E-16,5.9));
#6092=CARTESIAN_POINT('Origin',(0.,0.,0.1));
#6093=CARTESIAN_POINT('',(0.961550874707818,3.62462686567164,0.2));
#6094=CARTESIAN_POINT('',(0.961550874707817,-3.62462686567164,0.2));
#6095=CARTESIAN_POINT('Origin',(0.,0.,0.2));
#6096=CARTESIAN_POINT('Ctrl Pts',(0.961550874707818,-3.62462686567164,0.2));
#6097=CARTESIAN_POINT('Ctrl Pts',(0.907494580657886,-3.56953958465118,0.132893675847803));
#6098=CARTESIAN_POINT('Ctrl Pts',(0.850599370048754,-3.51386981118963,0.0650777699946422));
#6099=CARTESIAN_POINT('Ctrl Pts',(0.792339126919292,-3.46044776119403,1.90819582357449E-16));
#6100=CARTESIAN_POINT('Ctrl Pts',(0.792339126919292,3.46044776119403,-1.73472347597681E-17));
#6101=CARTESIAN_POINT('Ctrl Pts',(0.850599370048749,3.51386981118963,0.0650777699946355));
#6102=CARTESIAN_POINT('Ctrl Pts',(0.90749458065787,3.56953958465116,0.132893675847783));
#6103=CARTESIAN_POINT('Ctrl Pts',(0.961550874707818,3.62462686567164,0.2));
#6104=CARTESIAN_POINT('Origin',(0.,3.35,0.1));
#6105=CARTESIAN_POINT('',(-0.961550874707818,3.62462686567164,0.2));
#6106=CARTESIAN_POINT('Ctrl Pts',(-0.792339126919292,3.46044776119403,-6.93889390390723E-17));
#6107=CARTESIAN_POINT('Ctrl Pts',(-0.850599370048749,3.51386981118963,0.065077769994636));
#6108=CARTESIAN_POINT('Ctrl Pts',(-0.907494580657872,3.56953958465117,0.132893675847786));
#6109=CARTESIAN_POINT('Ctrl Pts',(-0.961550874707818,3.62462686567164,0.2));
#6110=CARTESIAN_POINT('Origin',(0.,3.35,0.2));
#6111=CARTESIAN_POINT('Origin',(0.,0.,0.1));
#6112=CARTESIAN_POINT('',(-0.961550874707818,-3.62462686567164,0.2));
#6113=CARTESIAN_POINT('Origin',(0.,0.,0.2));
#6114=CARTESIAN_POINT('Ctrl Pts',(-0.792339126919293,-3.46044776119403,
-5.20417042793042E-17));
#6115=CARTESIAN_POINT('Ctrl Pts',(-0.850599370048758,-3.51386981118963,
0.0650777699946448));
#6116=CARTESIAN_POINT('Ctrl Pts',(-0.907494580657895,-3.56953958465119,
0.132893675847814));
#6117=CARTESIAN_POINT('Ctrl Pts',(-0.961550874707818,-3.62462686567164,
0.2));
#6118=CARTESIAN_POINT('Origin',(-4.10256677714363E-16,-3.35,0.1));
#6119=CARTESIAN_POINT('Origin',(-4.10256677714363E-16,-3.35,0.2));
#6120=CARTESIAN_POINT('Origin',(-4.10256677714363E-16,-3.35,0.));
#6121=CARTESIAN_POINT('',(0.961550874707817,-3.62462686567164,0.));
#6122=CARTESIAN_POINT('',(-0.961550874707818,-3.62462686567164,0.));
#6123=CARTESIAN_POINT('Origin',(0.,0.,0.));
#6124=CARTESIAN_POINT('',(0.961550874707818,3.62462686567164,0.));
#6125=CARTESIAN_POINT('Origin',(0.,-1.42627835616505E-16,11.8707106781187));
#6126=CARTESIAN_POINT('',(4.65857864376269,-5.7051134246602E-16,12.0414213562373));
#6127=CARTESIAN_POINT('',(-4.65857864376269,-5.7051134246602E-16,12.0414213562373));
#6128=CARTESIAN_POINT('Origin',(0.,-2.8525567123301E-16,12.0414213562373));
#6129=CARTESIAN_POINT('Origin',(0.,-2.8525567123301E-16,12.0414213562373));
#6130=CARTESIAN_POINT('',(4.72928932188135,5.79170903028375E-16,11.8707106781187));
#6131=CARTESIAN_POINT('Origin',(0.,0.,12.56825));
#6132=CARTESIAN_POINT('',(3.55,4.3474961369731E-16,13.15));
#6133=CARTESIAN_POINT('',(-3.55,-4.3474961369731E-16,13.15));
#6134=CARTESIAN_POINT('Origin',(0.,0.,13.15));
#6135=CARTESIAN_POINT('Origin',(0.,0.,13.15));
#6136=CARTESIAN_POINT('',(-4.13175,-5.05993441237708E-16,12.56825));
#6137=CARTESIAN_POINT('Origin',(0.,0.,11.9));
#6138=CARTESIAN_POINT('',(3.55,4.3474961369731E-16,15.6));
#6139=CARTESIAN_POINT('Origin',(0.,0.,15.6));
#6140=CARTESIAN_POINT('',(3.55,4.3474961369731E-16,11.9));
#6141=CARTESIAN_POINT('Origin',(0.,0.,15.6));
#6142=CARTESIAN_POINT('Origin',(0.,0.,0.));
#6143=CARTESIAN_POINT('',(-0.961550874707818,3.62462686567164,0.));
#6144=CARTESIAN_POINT('Origin',(0.,3.35,0.));
#6145=CARTESIAN_POINT('Origin',(0.,0.,19.55));
#6146=CARTESIAN_POINT('',(6.39644660940672,-7.83338786612688E-16,19.3));
#6147=CARTESIAN_POINT('Origin',(0.,0.,19.3));
#6148=CARTESIAN_POINT('',(6.57322330470336,1.60997537603715E-15,19.3732233047034));
#6149=CARTESIAN_POINT('Origin',(6.39644660940672,-7.83338786612688E-16,
19.55));
#6150=CARTESIAN_POINT('Origin',(0.,4.02493844009288E-16,19.3732233047034));
#6151=CARTESIAN_POINT('Origin',(0.,0.,19.3));
#6152=CARTESIAN_POINT('',(-4.17468365555824,0.861552437816199,19.3));
#6153=CARTESIAN_POINT('',(-4.8338674810995,0.95769906251271,19.3));
#6154=CARTESIAN_POINT('',(-1.74507085268875,0.50717622094904,19.3));
#6155=CARTESIAN_POINT('',(-4.04615831738522,1.34121552993788,19.3));
#6156=CARTESIAN_POINT('Origin',(-4.13860118133143,1.10893484433225,19.3));
#6157=CARTESIAN_POINT('',(-4.66510156841601,1.5875420232332,19.3));
#6158=CARTESIAN_POINT('',(-2.34556551432083,0.664415094672657,19.3));
#6159=CARTESIAN_POINT('',(-5.23993092253971,2.36761988651307,19.3));
#6160=CARTESIAN_POINT('',(-3.70851000124624,0.289389970982971,19.3));
#6161=CARTESIAN_POINT('',(-4.6703844294954,3.35410334973848,19.3));
#6162=CARTESIAN_POINT('Origin',(0.,0.,19.3));
#6163=CARTESIAN_POINT('',(-3.7074025059033,3.2463254578663,19.3));
#6164=CARTESIAN_POINT('',(-1.73273357415246,3.02531855275668,19.3));
#6165=CARTESIAN_POINT('',(-3.18460587956903,2.83346812562037,19.3));
#6166=CARTESIAN_POINT('',(-1.25768757935771,1.31176291788163,19.3));
#6167=CARTESIAN_POINT('',(-2.83346812562036,3.18460587956903,19.3));
#6168=CARTESIAN_POINT('Origin',(-3.02966633699919,3.02966633699919,19.3));
#6169=CARTESIAN_POINT('',(-3.2463254578663,3.70740250590331,19.3));
#6170=CARTESIAN_POINT('',(-1.69911177430622,1.74818310780478,19.3));
#6171=CARTESIAN_POINT('',(-3.35410334973848,4.6703844294954,19.3));
#6172=CARTESIAN_POINT('',(-3.06696888577642,2.10487406709481,19.3));
#6173=CARTESIAN_POINT('',(-2.36761988651307,5.23993092253971,19.3));
#6174=CARTESIAN_POINT('Origin',(0.,0.,19.3));
#6175=CARTESIAN_POINT('',(-1.5875420232332,4.66510156841601,19.3));
#6176=CARTESIAN_POINT('',(0.0120679831721024,3.48636950830388,19.3));
#6177=CARTESIAN_POINT('',(-1.34121552993788,4.04615831738523,19.3));
#6178=CARTESIAN_POINT('',(-0.433307934807118,1.76486380030675,19.3));
#6179=CARTESIAN_POINT('',(-0.861552437816201,4.17468365555825,19.3));
#6180=CARTESIAN_POINT('Origin',(-1.10893484433225,4.13860118133144,19.3));
#6181=CARTESIAN_POINT('',(-0.957699062512712,4.8338674810995,19.3));
#6182=CARTESIAN_POINT('',(-0.597382406516051,2.36352686897888,19.3));
#6183=CARTESIAN_POINT('',(-0.569546493044304,5.72172323625155,19.3));
#6184=CARTESIAN_POINT('',(-1.60363593415142,3.35635885675939,19.3));
#6185=CARTESIAN_POINT('',(0.569546493044304,5.72172323625155,19.3));
#6186=CARTESIAN_POINT('Origin',(0.,0.,19.3));
#6187=CARTESIAN_POINT('',(0.957699062512711,4.8338674810995,19.3));
#6188=CARTESIAN_POINT('',(1.75363593415142,3.01325056958457,19.3));
#6189=CARTESIAN_POINT('',(0.861552437816199,4.17468365555824,19.3));
#6190=CARTESIAN_POINT('',(0.50717622094904,1.74507085268875,19.3));
#6191=CARTESIAN_POINT('',(1.34121552993788,4.04615831738522,19.3));
#6192=CARTESIAN_POINT('Origin',(1.10893484433225,4.13860118133143,19.3));
#6193=CARTESIAN_POINT('',(1.5875420232332,4.66510156841601,19.3));
#6194=CARTESIAN_POINT('',(0.664415094672657,2.34556551432083,19.3));
#6195=CARTESIAN_POINT('',(2.36761988651308,5.23993092253971,19.3));
#6196=CARTESIAN_POINT('',(0.289389970982972,3.70851000124624,19.3));
#6197=CARTESIAN_POINT('',(3.35410334973848,4.6703844294954,19.3));
#6198=CARTESIAN_POINT('Origin',(0.,0.,19.3));
#6199=CARTESIAN_POINT('',(3.2463254578663,3.7074025059033,19.3));
#6200=CARTESIAN_POINT('',(3.02531855275668,1.73273357415245,19.3));
#6201=CARTESIAN_POINT('',(2.83346812562036,3.18460587956902,19.3));
#6202=CARTESIAN_POINT('',(1.31176291788164,1.25768757935771,19.3));
#6203=CARTESIAN_POINT('',(3.18460587956902,2.83346812562036,19.3));
#6204=CARTESIAN_POINT('Origin',(3.02966633699919,3.02966633699918,19.3));
#6205=CARTESIAN_POINT('',(3.70740250590331,3.24632545786629,19.3));
#6206=CARTESIAN_POINT('',(1.74818310780478,1.69911177430622,19.3));
#6207=CARTESIAN_POINT('',(4.67038442949541,3.35410334973848,19.3));
#6208=CARTESIAN_POINT('',(2.10487406709482,3.06696888577642,19.3));
#6209=CARTESIAN_POINT('',(5.23993092253971,2.36761988651307,19.3));
#6210=CARTESIAN_POINT('Origin',(0.,0.,19.3));
#6211=CARTESIAN_POINT('',(4.66510156841602,1.58754202323319,19.3));
#6212=CARTESIAN_POINT('',(3.48636950830388,-0.0120679831721052,19.3));
#6213=CARTESIAN_POINT('',(4.04615831738524,1.34121552993788,19.3));
#6214=CARTESIAN_POINT('',(1.76486380030675,0.433307934807117,19.3));
#6215=CARTESIAN_POINT('',(4.17468365555826,0.861552437816201,19.3));
#6216=CARTESIAN_POINT('Origin',(4.13860118133145,1.10893484433225,19.3));
#6217=CARTESIAN_POINT('',(4.8338674810995,0.95769906251271,19.3));
#6218=CARTESIAN_POINT('',(2.36352686897888,0.59738240651605,19.3));
#6219=CARTESIAN_POINT('',(5.72172323625155,0.569546493044302,19.3));
#6220=CARTESIAN_POINT('',(3.35635885675939,1.60363593415142,19.3));
#6221=CARTESIAN_POINT('',(5.72172323625155,-0.569546493044305,19.3));
#6222=CARTESIAN_POINT('Origin',(0.,0.,19.3));
#6223=CARTESIAN_POINT('',(4.8338674810995,-0.957699062512712,19.3));
#6224=CARTESIAN_POINT('',(3.01325056958457,-1.75363593415142,19.3));
#6225=CARTESIAN_POINT('',(4.17468365555824,-0.861552437816201,19.3));
#6226=CARTESIAN_POINT('',(1.74507085268875,-0.507176220949041,19.3));
#6227=CARTESIAN_POINT('',(4.04615831738522,-1.34121552993788,19.3));
#6228=CARTESIAN_POINT('Origin',(4.13860118133144,-1.10893484433225,19.3));
#6229=CARTESIAN_POINT('',(4.66510156841601,-1.5875420232332,19.3));
#6230=CARTESIAN_POINT('',(2.34556551432083,-0.664415094672657,19.3));
#6231=CARTESIAN_POINT('',(5.23993092253971,-2.36761988651307,19.3));
#6232=CARTESIAN_POINT('',(3.70851000124624,-0.289389970982972,19.3));
#6233=CARTESIAN_POINT('',(4.6703844294954,-3.35410334973848,19.3));
#6234=CARTESIAN_POINT('Origin',(0.,0.,19.3));
#6235=CARTESIAN_POINT('',(3.7074025059033,-3.2463254578663,19.3));
#6236=CARTESIAN_POINT('',(1.73273357415246,-3.02531855275667,19.3));
#6237=CARTESIAN_POINT('',(3.18460587956903,-2.83346812562037,19.3));
#6238=CARTESIAN_POINT('',(1.25768757935771,-1.31176291788163,19.3));
#6239=CARTESIAN_POINT('',(2.83346812562036,-3.18460587956903,19.3));
#6240=CARTESIAN_POINT('Origin',(3.02966633699919,-3.02966633699919,19.3));
#6241=CARTESIAN_POINT('',(3.2463254578663,-3.7074025059033,19.3));
#6242=CARTESIAN_POINT('',(1.69911177430622,-1.74818310780478,19.3));
#6243=CARTESIAN_POINT('',(3.35410334973848,-4.67038442949541,19.3));
#6244=CARTESIAN_POINT('',(3.06696888577641,-2.10487406709481,19.3));
#6245=CARTESIAN_POINT('',(2.36761988651307,-5.23993092253971,19.3));
#6246=CARTESIAN_POINT('Origin',(0.,0.,19.3));
#6247=CARTESIAN_POINT('',(1.5875420232332,-4.66510156841601,19.3));
#6248=CARTESIAN_POINT('',(-0.0120679831721031,-3.48636950830388,19.3));
#6249=CARTESIAN_POINT('',(1.34121552993788,-4.04615831738523,19.3));
#6250=CARTESIAN_POINT('',(0.433307934807118,-1.76486380030675,19.3));
#6251=CARTESIAN_POINT('',(0.861552437816201,-4.17468365555825,19.3));
#6252=CARTESIAN_POINT('Origin',(1.10893484433225,-4.13860118133144,19.3));
#6253=CARTESIAN_POINT('',(0.957699062512711,-4.8338674810995,19.3));
#6254=CARTESIAN_POINT('',(0.59738240651605,-2.36352686897888,19.3));
#6255=CARTESIAN_POINT('',(0.569546493044303,-5.72172323625155,19.3));
#6256=CARTESIAN_POINT('',(1.60363593415142,-3.35635885675939,19.3));
#6257=CARTESIAN_POINT('',(-0.569546493044304,-5.72172323625155,19.3));
#6258=CARTESIAN_POINT('Origin',(0.,0.,19.3));
#6259=CARTESIAN_POINT('',(-0.957699062512712,-4.8338674810995,19.3));
#6260=CARTESIAN_POINT('',(-1.75363593415142,-3.01325056958457,19.3));
#6261=CARTESIAN_POINT('',(-0.8615524378162,-4.17468365555824,19.3));
#6262=CARTESIAN_POINT('',(-0.50717622094904,-1.74507085268875,19.3));
#6263=CARTESIAN_POINT('',(-1.34121552993788,-4.04615831738522,19.3));
#6264=CARTESIAN_POINT('Origin',(-1.10893484433225,-4.13860118133143,19.3));
#6265=CARTESIAN_POINT('',(-1.5875420232332,-4.66510156841602,19.3));
#6266=CARTESIAN_POINT('',(-0.664415094672657,-2.34556551432083,19.3));
#6267=CARTESIAN_POINT('',(-2.36761988651307,-5.23993092253971,19.3));
#6268=CARTESIAN_POINT('',(-0.289389970982972,-3.70851000124624,19.3));
#6269=CARTESIAN_POINT('',(-3.35410334973848,-4.6703844294954,19.3));
#6270=CARTESIAN_POINT('Origin',(0.,0.,19.3));
#6271=CARTESIAN_POINT('',(-3.2463254578663,-3.7074025059033,19.3));
#6272=CARTESIAN_POINT('',(-3.02531855275667,-1.73273357415246,19.3));
#6273=CARTESIAN_POINT('',(-2.83346812562037,-3.18460587956902,19.3));
#6274=CARTESIAN_POINT('',(-1.31176291788163,-1.25768757935771,19.3));
#6275=CARTESIAN_POINT('',(-3.18460587956903,-2.83346812562036,19.3));
#6276=CARTESIAN_POINT('Origin',(-3.02966633699919,-3.02966633699919,19.3));
#6277=CARTESIAN_POINT('',(-3.7074025059033,-3.2463254578663,19.3));
#6278=CARTESIAN_POINT('',(-1.74818310780478,-1.69911177430622,19.3));
#6279=CARTESIAN_POINT('',(-4.67038442949541,-3.35410334973848,19.3));
#6280=CARTESIAN_POINT('',(-2.10487406709481,-3.06696888577641,19.3));
#6281=CARTESIAN_POINT('',(-5.23993092253971,-2.36761988651307,19.3));
#6282=CARTESIAN_POINT('Origin',(0.,0.,19.3));
#6283=CARTESIAN_POINT('',(-4.66510156841601,-1.5875420232332,19.3));
#6284=CARTESIAN_POINT('',(-3.48636950830388,0.0120679831721031,19.3));
#6285=CARTESIAN_POINT('',(-4.04615831738523,-1.34121552993788,19.3));
#6286=CARTESIAN_POINT('',(-1.76486380030675,-0.433307934807118,19.3));
#6287=CARTESIAN_POINT('',(-4.17468365555825,-0.861552437816202,19.3));
#6288=CARTESIAN_POINT('Origin',(-4.13860118133145,-1.10893484433225,19.3));
#6289=CARTESIAN_POINT('',(-4.8338674810995,-0.957699062512713,19.3));
#6290=CARTESIAN_POINT('',(-2.36352686897888,-0.597382406516051,19.3));
#6291=CARTESIAN_POINT('',(-5.72172323625155,-0.569546493044305,19.3));
#6292=CARTESIAN_POINT('',(-3.35635885675939,-1.60363593415143,19.3));
#6293=CARTESIAN_POINT('',(-5.72172323625155,0.569546493044303,19.3));
#6294=CARTESIAN_POINT('Origin',(0.,0.,19.3));
#6295=CARTESIAN_POINT('',(-3.01325056958457,1.75363593415142,19.3));
#6296=CARTESIAN_POINT('Origin',(0.,0.,19.6));
#6297=CARTESIAN_POINT('',(7.1,8.69499227394621E-16,19.9));
#6298=CARTESIAN_POINT('Origin',(0.,0.,19.9));
#6299=CARTESIAN_POINT('',(6.8,8.327598234202E-16,19.6));
#6300=CARTESIAN_POINT('Origin',(3.01325056958457,-1.75363593415142,19.55));
#6301=CARTESIAN_POINT('',(5.48543526076099,-0.400000000000002,19.55));
#6302=CARTESIAN_POINT('Ctrl Pts',(5.72172323625155,-0.569546493044305,19.3));
#6303=CARTESIAN_POINT('Ctrl Pts',(5.72102477365917,-0.569038372659665,19.3));
#6304=CARTESIAN_POINT('Ctrl Pts',(5.72032628207581,-0.568530291989885,19.3000033333502));
#6305=CARTESIAN_POINT('Ctrl Pts',(5.70017163570777,-0.553871618325228,19.300195676457));
#6306=CARTESIAN_POINT('Ctrl Pts',(5.68070785630885,-0.539763356180923,19.3029670394006));
#6307=CARTESIAN_POINT('Ctrl Pts',(5.64294567532769,-0.512481228353926,19.3135786816218));
#6308=CARTESIAN_POINT('Ctrl Pts',(5.62463843311688,-0.499299709100265,19.3213481947511));
#6309=CARTESIAN_POINT('Ctrl Pts',(5.58154194108841,-0.468361362291342,19.346751317266));
#6310=CARTESIAN_POINT('Ctrl Pts',(5.55796297830551,-0.451521102785855,19.3672739739616));
#6311=CARTESIAN_POINT('Ctrl Pts',(5.5214709100758,-0.425537903906986,19.4147692677222));
#6312=CARTESIAN_POINT('Ctrl Pts',(5.50779577053585,-0.41583731399795,19.4401732148998));
#6313=CARTESIAN_POINT('Ctrl Pts',(5.48995342919971,-0.403194169673828,19.4942567883403));
#6314=CARTESIAN_POINT('Ctrl Pts',(5.48543526076099,-0.400000000000002,19.5218901156534));
#6315=CARTESIAN_POINT('Ctrl Pts',(5.48543526076099,-0.400000000000002,19.55));
#6316=CARTESIAN_POINT('',(4.79921868641136,-0.700000000000001,19.55));
#6317=CARTESIAN_POINT('',(2.91310743502746,-1.52456967168338,19.55));
#6318=CARTESIAN_POINT('Origin',(4.8338674810995,-0.957699062512713,19.55));
#6319=CARTESIAN_POINT('Origin',(0.,0.,19.55));
#6320=CARTESIAN_POINT('',(5.48543526076101,0.399999999999997,19.55));
#6321=CARTESIAN_POINT('Ctrl Pts',(5.72172323625155,0.569546493044302,19.3));
#6322=CARTESIAN_POINT('Ctrl Pts',(5.72102477365917,0.56903837265966,19.3));
#6323=CARTESIAN_POINT('Ctrl Pts',(5.72032628207582,0.568530291989881,19.3000033333502));
#6324=CARTESIAN_POINT('Ctrl Pts',(5.70017163570776,0.55387161832521,19.300195676457));
#6325=CARTESIAN_POINT('Ctrl Pts',(5.68070785630885,0.539763356180923,19.3029670394006));
#6326=CARTESIAN_POINT('Ctrl Pts',(5.64294567532769,0.512481228353924,19.3135786816218));
#6327=CARTESIAN_POINT('Ctrl Pts',(5.62463843311689,0.499299709100257,19.3213481947511));
#6328=CARTESIAN_POINT('Ctrl Pts',(5.58154194108841,0.468361362291335,19.346751317266));
#6329=CARTESIAN_POINT('Ctrl Pts',(5.55796297830551,0.451521102785854,19.3672739739616));
#6330=CARTESIAN_POINT('Ctrl Pts',(5.5214709100758,0.425537903906989,19.4147692677222));
#6331=CARTESIAN_POINT('Ctrl Pts',(5.50779577053585,0.415837313997949,19.4401732148998));
#6332=CARTESIAN_POINT('Ctrl Pts',(5.48995342919971,0.403194169673827,19.4942567883403));
#6333=CARTESIAN_POINT('Ctrl Pts',(5.48543526076099,0.399999999999998,19.5218901156534));
#6334=CARTESIAN_POINT('Ctrl Pts',(5.48543526076099,0.399999999999999,19.55));
#6335=CARTESIAN_POINT('Origin',(0.,0.,19.55));
#6336=CARTESIAN_POINT('Origin',(3.35635885675939,1.60363593415142,19.55));
#6337=CARTESIAN_POINT('',(4.79921868641136,0.699999999999999,19.55));
#6338=CARTESIAN_POINT('Origin',(4.8338674810995,0.95769906251271,19.55));
#6339=CARTESIAN_POINT('',(3.25621572220228,1.37456967168338,19.55));
#6340=CARTESIAN_POINT('Origin',(2.36352686897888,0.59738240651605,19.55));
#6341=CARTESIAN_POINT('',(4.21076612978506,0.614170031300151,19.55));
#6342=CARTESIAN_POINT('Origin',(4.17468365555826,0.861552437816201,19.55));
#6343=CARTESIAN_POINT('',(2.39960934320568,0.35,19.55));
#6344=CARTESIAN_POINT('Ctrl Pts',(4.04615831738524,1.34121552993788,19.3));
#6345=CARTESIAN_POINT('Ctrl Pts',(3.83957263620645,1.25899874136309,19.3));
#6346=CARTESIAN_POINT('Ctrl Pts',(3.89711972475918,1.04423008305662,19.3));
#6347=CARTESIAN_POINT('Ctrl Pts',(3.95466681331192,0.829461424750155,19.3));
#6348=CARTESIAN_POINT('Ctrl Pts',(4.17468365555826,0.861552437816201,19.3));
#6349=CARTESIAN_POINT('Ctrl Pts',(3.95371545343902,1.57349621554351,19.3));
#6350=CARTESIAN_POINT('Ctrl Pts',(3.54054409108145,1.40906263839392,19.3));
#6351=CARTESIAN_POINT('Ctrl Pts',(3.65563826818692,0.97952532178099,19.3));
#6352=CARTESIAN_POINT('Ctrl Pts',(3.77073244529238,0.549988005168059,19.3));
#6353=CARTESIAN_POINT('Ctrl Pts',(4.21076612978506,0.614170031300151,19.3));
#6354=CARTESIAN_POINT('Ctrl Pts',(3.95371545343902,1.57349621554351,19.55));
#6355=CARTESIAN_POINT('Ctrl Pts',(3.54054409108145,1.40906263839392,19.55));
#6356=CARTESIAN_POINT('Ctrl Pts',(3.65563826818692,0.97952532178099,19.55));
#6357=CARTESIAN_POINT('Ctrl Pts',(3.77073244529238,0.549988005168059,19.55));
#6358=CARTESIAN_POINT('Ctrl Pts',(4.21076612978506,0.614170031300151,19.55));
#6359=CARTESIAN_POINT('',(3.95371545343902,1.57349621554351,19.55));
#6360=CARTESIAN_POINT('Origin',(4.04615831738524,1.34121552993788,19.55));
#6361=CARTESIAN_POINT('Origin',(4.13860118133145,1.10893484433225,19.55));
#6362=CARTESIAN_POINT('Origin',(1.76486380030675,0.433307934807117,19.55));
#6363=CARTESIAN_POINT('',(4.50624530074923,1.79339156055657,19.55));
#6364=CARTESIAN_POINT('',(1.67242093636054,0.665588620412747,19.55));
#6365=CARTESIAN_POINT('Origin',(4.66510156841602,1.5875420232332,19.55));
#6366=CARTESIAN_POINT('Origin',(3.48636950830388,-0.0120679831721052,19.55));
#6367=CARTESIAN_POINT('',(4.95052628663394,2.39630746886672,19.55));
#6368=CARTESIAN_POINT('Ctrl Pts',(5.23993092253971,2.36761988651307,19.3));
#6369=CARTESIAN_POINT('Ctrl Pts',(5.23907197599878,2.36771070037816,19.3));
#6370=CARTESIAN_POINT('Ctrl Pts',(5.23821302420839,2.36780146535368,19.3000033333502));
#6371=CARTESIAN_POINT('Ctrl Pts',(5.21342925161695,2.37041892594901,19.300195676457));
#6372=CARTESIAN_POINT('Ctrl Pts',(5.18951899313175,2.37290514966979,19.3029670394006));
#6373=CARTESIAN_POINT('Ctrl Pts',(5.14317492118629,2.37765107494668,19.3135786816218));
#6374=CARTESIAN_POINT('Ctrl Pts',(5.12072962473166,2.37991298437543,19.3213481947511));
#6375=CARTESIAN_POINT('Ctrl Pts',(5.06793779441653,2.38515813264881,19.346751317266));
#6376=CARTESIAN_POINT('Ctrl Pts',(5.03909768389892,2.38795274379543,19.3672739739616));
#6377=CARTESIAN_POINT('Ctrl Pts',(4.99450302633593,2.39220881998126,19.4147692677222));
#6378=CARTESIAN_POINT('Ctrl Pts',(4.97780971313951,2.39377220750421,19.4401732148998));
#6379=CARTESIAN_POINT('Ctrl Pts',(4.95603622011736,2.39580032100454,19.4942567883403));
#6380=CARTESIAN_POINT('Ctrl Pts',(4.95052628663394,2.39630746886671,19.5218901156534));
#6381=CARTESIAN_POINT('Ctrl Pts',(4.95052628663394,2.39630746886671,19.55));
#6382=CARTESIAN_POINT('',(3.2851098785288,0.136237651996618,19.55));
#6383=CARTESIAN_POINT('Origin',(0.,0.,19.55));
#6384=CARTESIAN_POINT('',(4.55052628663394,3.08912779189428,19.55));
#6385=CARTESIAN_POINT('Ctrl Pts',(4.67038442949541,3.35410334973848,19.3));
#6386=CARTESIAN_POINT('Ctrl Pts',(4.67003360333913,3.353314073281,19.3));
#6387=CARTESIAN_POINT('Ctrl Pts',(4.66968273221851,3.35252481672213,19.3000033333502));
#6388=CARTESIAN_POINT('Ctrl Pts',(4.65955763329176,3.32975270975868,19.300195676457));
#6389=CARTESIAN_POINT('Ctrl Pts',(4.64975563695084,3.30780270663904,19.3029670394006));
#6390=CARTESIAN_POINT('Ctrl Pts',(4.63069369283236,3.26529460038101,19.3135786816218));
#6391=CARTESIAN_POINT('Ctrl Pts',(4.6214299156314,3.24472544874145,19.3213481947511));
#6392=CARTESIAN_POINT('Ctrl Pts',(4.5995764321252,3.19638380843958,19.346751317266));
#6393=CARTESIAN_POINT('Ctrl Pts',(4.58757658111306,3.17001023451007,19.3672739739616));
#6394=CARTESIAN_POINT('Ctrl Pts',(4.56896512242893,3.12926209009453,19.4147692677222));
#6395=CARTESIAN_POINT('Ctrl Pts',(4.56197239914156,3.11402356303163,19.4401732148998));
#6396=CARTESIAN_POINT('Ctrl Pts',(4.55284205044353,3.09415310819515,19.4942567883403));
#6397=CARTESIAN_POINT('Ctrl Pts',(4.55052628663393,3.08912779189427,19.5218901156534));
#6398=CARTESIAN_POINT('Ctrl Pts',(4.55052628663393,3.08912779189427,19.55));
#6399=CARTESIAN_POINT('Origin',(0.,0.,19.55));
#6400=CARTESIAN_POINT('Origin',(2.10487406709482,3.06696888577642,19.55));
#6401=CARTESIAN_POINT('',(3.80624530074923,3.00582712585479,19.55));
#6402=CARTESIAN_POINT('Origin',(3.70740250590331,3.24632545786629,19.55));
#6403=CARTESIAN_POINT('',(2.13268069978778,2.81852011605059,19.55));
#6404=CARTESIAN_POINT('Origin',(1.74818310780478,1.69911177430622,19.55));
#6405=CARTESIAN_POINT('',(3.33954542213886,2.63726991424153,19.55));
#6406=CARTESIAN_POINT('Origin',(3.18460587956902,2.83346812562036,19.55));
#6407=CARTESIAN_POINT('',(1.90312265037461,1.50291356292739,19.55));
#6408=CARTESIAN_POINT('Ctrl Pts',(2.83346812562036,3.18460587956902,19.3));
#6409=CARTESIAN_POINT('Ctrl Pts',(2.69566807194882,3.01011121145628,19.3));
#6410=CARTESIAN_POINT('Ctrl Pts',(2.85288964170255,2.85288964170255,19.3));
#6411=CARTESIAN_POINT('Ctrl Pts',(3.01011121145628,2.69566807194882,19.3));
#6412=CARTESIAN_POINT('Ctrl Pts',(3.18460587956902,2.83346812562036,19.3));
#6413=CARTESIAN_POINT('Ctrl Pts',(2.63726991424154,3.33954542213885,19.3));
#6414=CARTESIAN_POINT('Ctrl Pts',(2.36166980689845,2.99055608591337,19.3));
#6415=CARTESIAN_POINT('Ctrl Pts',(2.67611294640591,2.67611294640591,19.3));
#6416=CARTESIAN_POINT('Ctrl Pts',(2.99055608591338,2.36166980689845,19.3));
#6417=CARTESIAN_POINT('Ctrl Pts',(3.33954542213886,2.63726991424153,19.3));
#6418=CARTESIAN_POINT('Ctrl Pts',(2.63726991424154,3.33954542213885,19.55));
#6419=CARTESIAN_POINT('Ctrl Pts',(2.36166980689845,2.99055608591337,19.55));
#6420=CARTESIAN_POINT('Ctrl Pts',(2.67611294640591,2.67611294640591,19.55));
#6421=CARTESIAN_POINT('Ctrl Pts',(2.99055608591338,2.36166980689845,19.55));
#6422=CARTESIAN_POINT('Ctrl Pts',(3.33954542213886,2.63726991424153,19.55));
#6423=CARTESIAN_POINT('',(2.63726991424154,3.33954542213885,19.55));
#6424=CARTESIAN_POINT('Origin',(2.83346812562036,3.18460587956902,19.55));
#6425=CARTESIAN_POINT('Origin',(3.02966633699919,3.02966633699918,19.55));
#6426=CARTESIAN_POINT('Origin',(1.31176291788164,1.25768757935771,19.55));
#6427=CARTESIAN_POINT('',(3.00582712585479,3.80624530074922,19.55));
#6428=CARTESIAN_POINT('',(1.11556470650281,1.41262712192755,19.55));
#6429=CARTESIAN_POINT('Origin',(3.2463254578663,3.7074025059033,19.55));
#6430=CARTESIAN_POINT('Origin',(3.02531855275668,1.73273357415245,19.55));
#6431=CARTESIAN_POINT('',(3.08912779189427,4.55052628663393,19.55));
#6432=CARTESIAN_POINT('Ctrl Pts',(3.35410334973848,4.6703844294954,19.3));
#6433=CARTESIAN_POINT('Ctrl Pts',(3.35331407328101,4.67003360333912,19.3));
#6434=CARTESIAN_POINT('Ctrl Pts',(3.35252481672214,4.66968273221851,19.3000033333502));
#6435=CARTESIAN_POINT('Ctrl Pts',(3.32975270975868,4.65955763329175,19.300195676457));
#6436=CARTESIAN_POINT('Ctrl Pts',(3.30780270663905,4.64975563695084,19.3029670394006));
#6437=CARTESIAN_POINT('Ctrl Pts',(3.26529460038101,4.63069369283236,19.3135786816218));
#6438=CARTESIAN_POINT('Ctrl Pts',(3.24472544874145,4.6214299156314,19.3213481947511));
#6439=CARTESIAN_POINT('Ctrl Pts',(3.19638380843958,4.5995764321252,19.346751317266));
#6440=CARTESIAN_POINT('Ctrl Pts',(3.17001023451007,4.58757658111306,19.3672739739616));
#6441=CARTESIAN_POINT('Ctrl Pts',(3.12926209009453,4.56896512242893,19.4147692677222));
#6442=CARTESIAN_POINT('Ctrl Pts',(3.11402356303164,4.56197239914156,19.4401732148998));
#6443=CARTESIAN_POINT('Ctrl Pts',(3.09415310819517,4.55284205044353,19.4942567883403));
#6444=CARTESIAN_POINT('Ctrl Pts',(3.08912779189427,4.55052628663393,19.5218901156534));
#6445=CARTESIAN_POINT('Ctrl Pts',(3.08912779189427,4.55052628663393,19.55));
#6446=CARTESIAN_POINT('',(2.77686978303084,1.76054020684542,19.55));
#6447=CARTESIAN_POINT('Origin',(0.,0.,19.55));
#6448=CARTESIAN_POINT('',(2.39630746886673,4.95052628663394,19.55));
#6449=CARTESIAN_POINT('Ctrl Pts',(2.36761988651308,5.23993092253971,19.3));
#6450=CARTESIAN_POINT('Ctrl Pts',(2.36771070037816,5.23907197599879,19.3));
#6451=CARTESIAN_POINT('Ctrl Pts',(2.36780146535369,5.23821302420839,19.3000033333502));
#6452=CARTESIAN_POINT('Ctrl Pts',(2.37041892594902,5.21342925161698,19.300195676457));
#6453=CARTESIAN_POINT('Ctrl Pts',(2.3729051496698,5.18951899313176,19.3029670394006));
#6454=CARTESIAN_POINT('Ctrl Pts',(2.37765107494669,5.14317492118628,19.3135786816218));
#6455=CARTESIAN_POINT('Ctrl Pts',(2.37991298437544,5.12072962473166,19.3213481947511));
#6456=CARTESIAN_POINT('Ctrl Pts',(2.38515813264882,5.06793779441653,19.346751317266));
#6457=CARTESIAN_POINT('Ctrl Pts',(2.38795274379544,5.03909768389891,19.3672739739616));
#6458=CARTESIAN_POINT('Ctrl Pts',(2.39220881998127,4.99450302633592,19.4147692677222));
#6459=CARTESIAN_POINT('Ctrl Pts',(2.39377220750422,4.97780971313951,19.4401732148998));
#6460=CARTESIAN_POINT('Ctrl Pts',(2.39580032100455,4.95603622011736,19.4942567883403));
#6461=CARTESIAN_POINT('Ctrl Pts',(2.39630746886672,4.95052628663393,19.5218901156534));
#6462=CARTESIAN_POINT('Ctrl Pts',(2.39630746886672,4.95052628663393,19.55));
#6463=CARTESIAN_POINT('Origin',(0.,0.,19.55));
#6464=CARTESIAN_POINT('Origin',(0.289389970982972,3.70851000124624,19.55));
#6465=CARTESIAN_POINT('',(1.79339156055658,4.50624530074922,19.55));
#6466=CARTESIAN_POINT('Origin',(1.5875420232332,4.66510156841601,19.55));
#6467=CARTESIAN_POINT('',(0.437695606151695,3.50725037147116,19.55));
#6468=CARTESIAN_POINT('Origin',(0.664415094672657,2.34556551432083,19.55));
#6469=CARTESIAN_POINT('',(1.57349621554351,3.953715453439,19.55));
#6470=CARTESIAN_POINT('Origin',(1.34121552993788,4.04615831738522,19.55));
#6471=CARTESIAN_POINT('',(0.896695780278288,2.25312265037461,19.55));
#6472=CARTESIAN_POINT('Ctrl Pts',(0.861552437816199,4.17468365555824,19.3));
#6473=CARTESIAN_POINT('Ctrl Pts',(0.829461424750153,3.9546668133119,19.3));
#6474=CARTESIAN_POINT('Ctrl Pts',(1.04423008305662,3.89711972475916,19.3));
#6475=CARTESIAN_POINT('Ctrl Pts',(1.25899874136308,3.83957263620643,19.3));
#6476=CARTESIAN_POINT('Ctrl Pts',(1.34121552993788,4.04615831738522,19.3));
#6477=CARTESIAN_POINT('Ctrl Pts',(0.614170031300148,4.21076612978504,19.3));
#6478=CARTESIAN_POINT('Ctrl Pts',(0.549988005168057,3.77073244529236,19.3));
#6479=CARTESIAN_POINT('Ctrl Pts',(0.979525321780989,3.6556382681869,19.3));
#6480=CARTESIAN_POINT('Ctrl Pts',(1.40906263839392,3.54054409108143,19.3));
#6481=CARTESIAN_POINT('Ctrl Pts',(1.57349621554351,3.953715453439,19.3));
#6482=CARTESIAN_POINT('Ctrl Pts',(0.614170031300148,4.21076612978504,19.55));
#6483=CARTESIAN_POINT('Ctrl Pts',(0.549988005168058,3.77073244529236,19.55));
#6484=CARTESIAN_POINT('Ctrl Pts',(0.979525321780989,3.6556382681869,19.55));
#6485=CARTESIAN_POINT('Ctrl Pts',(1.40906263839392,3.54054409108143,19.55));
#6486=CARTESIAN_POINT('Ctrl Pts',(1.57349621554351,3.953715453439,19.55));
#6487=CARTESIAN_POINT('',(0.614170031300149,4.21076612978504,19.55));
#6488=CARTESIAN_POINT('Origin',(0.861552437816199,4.17468365555824,19.55));
#6489=CARTESIAN_POINT('Origin',(1.10893484433225,4.13860118133143,19.55));
#6490=CARTESIAN_POINT('Origin',(0.50717622094904,1.74507085268875,19.55));
#6491=CARTESIAN_POINT('',(0.7,4.79921868641136,19.55));
#6492=CARTESIAN_POINT('',(0.25979381443299,1.78115332691556,19.55));
#6493=CARTESIAN_POINT('Origin',(0.957699062512711,4.8338674810995,19.55));
#6494=CARTESIAN_POINT('Origin',(1.75363593415142,3.01325056958457,19.55));
#6495=CARTESIAN_POINT('',(0.400000000000001,5.48543526076099,19.55));
#6496=CARTESIAN_POINT('Ctrl Pts',(0.569546493044304,5.72172323625155,19.3));
#6497=CARTESIAN_POINT('Ctrl Pts',(0.569038372659664,5.72102477365917,19.3));
#6498=CARTESIAN_POINT('Ctrl Pts',(0.568530291989882,5.72032628207581,19.3000033333502));
#6499=CARTESIAN_POINT('Ctrl Pts',(0.553871618325238,5.70017163570783,19.300195676457));
#6500=CARTESIAN_POINT('Ctrl Pts',(0.539763356180934,5.68070785630885,19.3029670394006));
#6501=CARTESIAN_POINT('Ctrl Pts',(0.512481228353925,5.64294567532769,19.3135786816218));
#6502=CARTESIAN_POINT('Ctrl Pts',(0.49929970910026,5.62463843311688,19.3213481947511));
#6503=CARTESIAN_POINT('Ctrl Pts',(0.468361362291335,5.5815419410884,19.346751317266));
#6504=CARTESIAN_POINT('Ctrl Pts',(0.451521102785856,5.5579629783055,19.3672739739616));
#6505=CARTESIAN_POINT('Ctrl Pts',(0.42553790390699,5.5214709100758,19.4147692677222));
#6506=CARTESIAN_POINT('Ctrl Pts',(0.415837313997953,5.50779577053585,19.4401732148998));
#6507=CARTESIAN_POINT('Ctrl Pts',(0.403194169673832,5.48995342919971,19.4942567883403));
#6508=CARTESIAN_POINT('Ctrl Pts',(0.4,5.48543526076099,19.5218901156534));
#6509=CARTESIAN_POINT('Ctrl Pts',(0.4,5.48543526076099,19.55));
#6510=CARTESIAN_POINT('',(1.52456967168338,2.91310743502746,19.55));
#6511=CARTESIAN_POINT('Origin',(0.,0.,19.55));
#6512=CARTESIAN_POINT('',(-0.400000000000003,5.48543526076099,19.55));
#6513=CARTESIAN_POINT('Ctrl Pts',(-0.569546493044304,5.72172323625155,19.3));
#6514=CARTESIAN_POINT('Ctrl Pts',(-0.569038372659668,5.72102477365917,19.3));
#6515=CARTESIAN_POINT('Ctrl Pts',(-0.568530291989883,5.72032628207581,19.3000033333502));
#6516=CARTESIAN_POINT('Ctrl Pts',(-0.553871618325251,5.70017163570786,19.300195676457));
#6517=CARTESIAN_POINT('Ctrl Pts',(-0.539763356180932,5.68070785630887,19.3029670394006));
#6518=CARTESIAN_POINT('Ctrl Pts',(-0.512481228353928,5.6429456753277,19.3135786816218));
#6519=CARTESIAN_POINT('Ctrl Pts',(-0.499299709100261,5.62463843311689,19.3213481947511));
#6520=CARTESIAN_POINT('Ctrl Pts',(-0.468361362291333,5.5815419410884,19.346751317266));
#6521=CARTESIAN_POINT('Ctrl Pts',(-0.451521102785856,5.5579629783055,19.3672739739616));
#6522=CARTESIAN_POINT('Ctrl Pts',(-0.425537903906985,5.52147091007579,19.4147692677222));
#6523=CARTESIAN_POINT('Ctrl Pts',(-0.415837313997952,5.50779577053585,19.4401732148998));
#6524=CARTESIAN_POINT('Ctrl Pts',(-0.403194169673831,5.48995342919971,19.4942567883403));
#6525=CARTESIAN_POINT('Ctrl Pts',(-0.4,5.48543526076099,19.5218901156534));
#6526=CARTESIAN_POINT('Ctrl Pts',(-0.400000000000001,5.48543526076099,19.55));
#6527=CARTESIAN_POINT('Origin',(0.,0.,19.55));
#6528=CARTESIAN_POINT('Origin',(-1.60363593415142,3.35635885675939,19.55));
#6529=CARTESIAN_POINT('',(-0.7,4.79921868641136,19.55));
#6530=CARTESIAN_POINT('Origin',(-0.957699062512711,4.8338674810995,19.55));
#6531=CARTESIAN_POINT('',(-1.37456967168338,3.25621572220228,19.55));
#6532=CARTESIAN_POINT('Origin',(-0.597382406516051,2.36352686897888,19.55));
#6533=CARTESIAN_POINT('',(-0.614170031300151,4.21076612978505,19.55));
#6534=CARTESIAN_POINT('Origin',(-0.861552437816201,4.17468365555825,19.55));
#6535=CARTESIAN_POINT('',(-0.350000000000001,2.39960934320568,19.55));
#6536=CARTESIAN_POINT('Ctrl Pts',(-1.34121552993788,4.04615831738523,19.3));
#6537=CARTESIAN_POINT('Ctrl Pts',(-1.25899874136308,3.83957263620644,19.3));
#6538=CARTESIAN_POINT('Ctrl Pts',(-1.04423008305662,3.89711972475917,19.3));
#6539=CARTESIAN_POINT('Ctrl Pts',(-0.829461424750155,3.95466681331191,19.3));
#6540=CARTESIAN_POINT('Ctrl Pts',(-0.861552437816201,4.17468365555825,19.3));
#6541=CARTESIAN_POINT('Ctrl Pts',(-1.57349621554351,3.95371545343901,19.3));
#6542=CARTESIAN_POINT('Ctrl Pts',(-1.40906263839392,3.54054409108144,19.3));
#6543=CARTESIAN_POINT('Ctrl Pts',(-0.97952532178099,3.65563826818691,19.3));
#6544=CARTESIAN_POINT('Ctrl Pts',(-0.549988005168059,3.77073244529237,19.3));
#6545=CARTESIAN_POINT('Ctrl Pts',(-0.614170031300151,4.21076612978505,19.3));
#6546=CARTESIAN_POINT('Ctrl Pts',(-1.57349621554351,3.95371545343901,19.55));
#6547=CARTESIAN_POINT('Ctrl Pts',(-1.40906263839392,3.54054409108144,19.55));
#6548=CARTESIAN_POINT('Ctrl Pts',(-0.97952532178099,3.65563826818691,19.55));
#6549=CARTESIAN_POINT('Ctrl Pts',(-0.549988005168059,3.77073244529237,19.55));
#6550=CARTESIAN_POINT('Ctrl Pts',(-0.614170031300151,4.21076612978505,19.55));
#6551=CARTESIAN_POINT('',(-1.57349621554351,3.95371545343901,19.55));
#6552=CARTESIAN_POINT('Origin',(-1.34121552993788,4.04615831738523,19.55));
#6553=CARTESIAN_POINT('Origin',(-1.10893484433225,4.13860118133144,19.55));
#6554=CARTESIAN_POINT('Origin',(-0.433307934807118,1.76486380030675,19.55));
#6555=CARTESIAN_POINT('',(-1.79339156055657,4.50624530074922,19.55));
#6556=CARTESIAN_POINT('',(-0.665588620412748,1.67242093636054,19.55));
#6557=CARTESIAN_POINT('Origin',(-1.5875420232332,4.66510156841601,19.55));
#6558=CARTESIAN_POINT('Origin',(0.0120679831721024,3.48636950830388,19.55));
#6559=CARTESIAN_POINT('',(-2.39630746886672,4.95052628663394,19.55));
#6560=CARTESIAN_POINT('Ctrl Pts',(-2.36761988651307,5.23993092253971,19.3));
#6561=CARTESIAN_POINT('Ctrl Pts',(-2.36771070037816,5.23907197599879,19.3));
#6562=CARTESIAN_POINT('Ctrl Pts',(-2.36780146535368,5.23821302420838,19.3000033333502));
#6563=CARTESIAN_POINT('Ctrl Pts',(-2.37041892594905,5.21342925161709,19.300195676457));
#6564=CARTESIAN_POINT('Ctrl Pts',(-2.3729051496698,5.18951899313178,19.3029670394006));
#6565=CARTESIAN_POINT('Ctrl Pts',(-2.37765107494669,5.14317492118629,19.3135786816218));
#6566=CARTESIAN_POINT('Ctrl Pts',(-2.37991298437544,5.12072962473166,19.3213481947511));
#6567=CARTESIAN_POINT('Ctrl Pts',(-2.38515813264882,5.06793779441652,19.346751317266));
#6568=CARTESIAN_POINT('Ctrl Pts',(-2.38795274379543,5.03909768389891,19.3672739739616));
#6569=CARTESIAN_POINT('Ctrl Pts',(-2.39220881998126,4.99450302633593,19.4147692677222));
#6570=CARTESIAN_POINT('Ctrl Pts',(-2.39377220750422,4.97780971313951,19.4401732148998));
#6571=CARTESIAN_POINT('Ctrl Pts',(-2.39580032100455,4.95603622011735,19.4942567883404));
#6572=CARTESIAN_POINT('Ctrl Pts',(-2.39630746886672,4.95052628663394,19.5218901156534));
#6573=CARTESIAN_POINT('Ctrl Pts',(-2.39630746886672,4.95052628663394,19.55));
#6574=CARTESIAN_POINT('',(-0.136237651996621,3.2851098785288,19.55));
#6575=CARTESIAN_POINT('Origin',(0.,0.,19.55));
#6576=CARTESIAN_POINT('',(-3.08912779189427,4.55052628663393,19.55));
#6577=CARTESIAN_POINT('Ctrl Pts',(-3.35410334973848,4.6703844294954,19.3));
#6578=CARTESIAN_POINT('Ctrl Pts',(-3.35331407328101,4.67003360333913,19.3));
#6579=CARTESIAN_POINT('Ctrl Pts',(-3.35252481672213,4.6696827322185,19.3000033333502));
#6580=CARTESIAN_POINT('Ctrl Pts',(-3.32975270975872,4.65955763329181,19.300195676457));
#6581=CARTESIAN_POINT('Ctrl Pts',(-3.30780270663905,4.64975563695084,19.3029670394006));
#6582=CARTESIAN_POINT('Ctrl Pts',(-3.26529460038101,4.63069369283236,19.3135786816218));
#6583=CARTESIAN_POINT('Ctrl Pts',(-3.24472544874145,4.62142991563139,19.3213481947511));
#6584=CARTESIAN_POINT('Ctrl Pts',(-3.19638380843958,4.5995764321252,19.346751317266));
#6585=CARTESIAN_POINT('Ctrl Pts',(-3.17001023451007,4.58757658111306,19.3672739739616));
#6586=CARTESIAN_POINT('Ctrl Pts',(-3.12926209009454,4.56896512242893,19.4147692677222));
#6587=CARTESIAN_POINT('Ctrl Pts',(-3.11402356303164,4.56197239914156,19.4401732148998));
#6588=CARTESIAN_POINT('Ctrl Pts',(-3.09415310819516,4.55284205044353,19.4942567883403));
#6589=CARTESIAN_POINT('Ctrl Pts',(-3.08912779189427,4.55052628663394,19.5218901156534));
#6590=CARTESIAN_POINT('Ctrl Pts',(-3.08912779189427,4.55052628663394,19.55));
#6591=CARTESIAN_POINT('Origin',(0.,0.,19.55));
#6592=CARTESIAN_POINT('Origin',(-3.06696888577642,2.10487406709481,19.55));
#6593=CARTESIAN_POINT('',(-3.00582712585479,3.80624530074922,19.55));
#6594=CARTESIAN_POINT('Origin',(-3.2463254578663,3.70740250590331,19.55));
#6595=CARTESIAN_POINT('',(-2.81852011605059,2.13268069978777,19.55));
#6596=CARTESIAN_POINT('Origin',(-1.69911177430622,1.74818310780478,19.55));
#6597=CARTESIAN_POINT('',(-2.63726991424154,3.33954542213886,19.55));
#6598=CARTESIAN_POINT('Origin',(-2.83346812562036,3.18460587956903,19.55));
#6599=CARTESIAN_POINT('',(-1.50291356292739,1.90312265037461,19.55));
#6600=CARTESIAN_POINT('Ctrl Pts',(-3.18460587956903,2.83346812562037,19.3));
#6601=CARTESIAN_POINT('Ctrl Pts',(-3.01011121145629,2.69566807194882,19.3));
#6602=CARTESIAN_POINT('Ctrl Pts',(-2.85288964170255,2.85288964170255,19.3));
#6603=CARTESIAN_POINT('Ctrl Pts',(-2.69566807194882,3.01011121145629,19.3));
#6604=CARTESIAN_POINT('Ctrl Pts',(-2.83346812562037,3.18460587956903,19.3));
#6605=CARTESIAN_POINT('Ctrl Pts',(-3.33954542213886,2.63726991424154,19.3));
#6606=CARTESIAN_POINT('Ctrl Pts',(-2.99055608591338,2.36166980689845,19.3));
#6607=CARTESIAN_POINT('Ctrl Pts',(-2.67611294640592,2.67611294640592,19.3));
#6608=CARTESIAN_POINT('Ctrl Pts',(-2.36166980689845,2.99055608591338,19.3));
#6609=CARTESIAN_POINT('Ctrl Pts',(-2.63726991424154,3.33954542213886,19.3));
#6610=CARTESIAN_POINT('Ctrl Pts',(-3.33954542213886,2.63726991424154,19.55));
#6611=CARTESIAN_POINT('Ctrl Pts',(-2.99055608591338,2.36166980689845,19.55));
#6612=CARTESIAN_POINT('Ctrl Pts',(-2.67611294640592,2.67611294640592,19.55));
#6613=CARTESIAN_POINT('Ctrl Pts',(-2.36166980689845,2.99055608591338,19.55));
#6614=CARTESIAN_POINT('Ctrl Pts',(-2.63726991424154,3.33954542213886,19.55));
#6615=CARTESIAN_POINT('',(-3.33954542213886,2.63726991424154,19.55));
#6616=CARTESIAN_POINT('Origin',(-3.18460587956903,2.83346812562037,19.55));
#6617=CARTESIAN_POINT('Origin',(-3.02966633699919,3.02966633699919,19.55));
#6618=CARTESIAN_POINT('Origin',(-1.25768757935771,1.31176291788163,19.55));
#6619=CARTESIAN_POINT('',(-3.80624530074922,3.00582712585479,19.55));
#6620=CARTESIAN_POINT('',(-1.41262712192755,1.11556470650281,19.55));
#6621=CARTESIAN_POINT('Origin',(-3.7074025059033,3.2463254578663,19.55));
#6622=CARTESIAN_POINT('Origin',(-1.73273357415246,3.02531855275668,19.55));
#6623=CARTESIAN_POINT('',(-4.55052628663393,3.08912779189427,19.55));
#6624=CARTESIAN_POINT('Ctrl Pts',(-4.6703844294954,3.35410334973848,19.3));
#6625=CARTESIAN_POINT('Ctrl Pts',(-4.67003360333912,3.353314073281,19.3));
#6626=CARTESIAN_POINT('Ctrl Pts',(-4.66968273221851,3.35252481672213,19.3000033333502));
#6627=CARTESIAN_POINT('Ctrl Pts',(-4.65955763329176,3.32975270975868,19.300195676457));
#6628=CARTESIAN_POINT('Ctrl Pts',(-4.64975563695084,3.30780270663904,19.3029670394006));
#6629=CARTESIAN_POINT('Ctrl Pts',(-4.63069369283235,3.265294600381,19.3135786816218));
#6630=CARTESIAN_POINT('Ctrl Pts',(-4.62142991563139,3.24472544874145,19.3213481947511));
#6631=CARTESIAN_POINT('Ctrl Pts',(-4.59957643212519,3.19638380843958,19.346751317266));
#6632=CARTESIAN_POINT('Ctrl Pts',(-4.58757658111306,3.17001023451007,19.3672739739616));
#6633=CARTESIAN_POINT('Ctrl Pts',(-4.56896512242893,3.12926209009454,19.4147692677222));
#6634=CARTESIAN_POINT('Ctrl Pts',(-4.56197239914156,3.11402356303164,19.4401732148998));
#6635=CARTESIAN_POINT('Ctrl Pts',(-4.55284205044353,3.09415310819517,19.4942567883403));
#6636=CARTESIAN_POINT('Ctrl Pts',(-4.55052628663393,3.08912779189427,19.5218901156534));
#6637=CARTESIAN_POINT('Ctrl Pts',(-4.55052628663393,3.08912779189427,19.55));
#6638=CARTESIAN_POINT('',(-1.76054020684542,2.77686978303084,19.55));
#6639=CARTESIAN_POINT('Origin',(0.,0.,19.55));
#6640=CARTESIAN_POINT('',(-4.95052628663392,2.39630746886672,19.55));
#6641=CARTESIAN_POINT('Ctrl Pts',(-5.23993092253971,2.36761988651307,19.3));
#6642=CARTESIAN_POINT('Ctrl Pts',(-5.23907197599879,2.36771070037816,19.3));
#6643=CARTESIAN_POINT('Ctrl Pts',(-5.23821302420838,2.36780146535368,19.3000033333502));
#6644=CARTESIAN_POINT('Ctrl Pts',(-5.21342925161707,2.37041892594903,19.300195676457));
#6645=CARTESIAN_POINT('Ctrl Pts',(-5.18951899313178,2.3729051496698,19.3029670394006));
#6646=CARTESIAN_POINT('Ctrl Pts',(-5.14317492118628,2.37765107494669,19.3135786816218));
#6647=CARTESIAN_POINT('Ctrl Pts',(-5.12072962473166,2.37991298437544,19.3213481947511));
#6648=CARTESIAN_POINT('Ctrl Pts',(-5.06793779441653,2.38515813264882,19.346751317266));
#6649=CARTESIAN_POINT('Ctrl Pts',(-5.03909768389891,2.38795274379543,19.3672739739616));
#6650=CARTESIAN_POINT('Ctrl Pts',(-4.99450302633593,2.39220881998126,19.4147692677222));
#6651=CARTESIAN_POINT('Ctrl Pts',(-4.97780971313951,2.39377220750422,19.4401732148998));
#6652=CARTESIAN_POINT('Ctrl Pts',(-4.95603622011735,2.39580032100455,19.4942567883403));
#6653=CARTESIAN_POINT('Ctrl Pts',(-4.95052628663393,2.39630746886672,19.5218901156534));
#6654=CARTESIAN_POINT('Ctrl Pts',(-4.95052628663393,2.39630746886672,19.55));
#6655=CARTESIAN_POINT('Origin',(0.,0.,19.55));
#6656=CARTESIAN_POINT('Origin',(-3.70851000124624,0.289389970982971,19.55));
#6657=CARTESIAN_POINT('',(-4.50624530074922,1.79339156055658,19.55));
#6658=CARTESIAN_POINT('Origin',(-4.66510156841601,1.5875420232332,19.55));
#6659=CARTESIAN_POINT('',(-3.50725037147116,0.437695606151694,19.55));
#6660=CARTESIAN_POINT('Origin',(-1.74507085268875,0.50717622094904,19.55));
#6661=CARTESIAN_POINT('',(-4.79921868641136,0.699999999999999,19.55));
#6662=CARTESIAN_POINT('',(-4.21076612978504,0.614170031300149,19.55));
#6663=CARTESIAN_POINT('',(-1.78115332691556,0.25979381443299,19.55));
#6664=CARTESIAN_POINT('Origin',(-4.17468365555824,0.861552437816199,19.55));
#6665=CARTESIAN_POINT('Origin',(-4.8338674810995,0.95769906251271,19.55));
#6666=CARTESIAN_POINT('Ctrl Pts',(-4.17468365555824,0.861552437816199,19.3));
#6667=CARTESIAN_POINT('Ctrl Pts',(-3.9546668133119,0.829461424750154,19.3));
#6668=CARTESIAN_POINT('Ctrl Pts',(-3.89711972475917,1.04423008305662,19.3));
#6669=CARTESIAN_POINT('Ctrl Pts',(-3.83957263620644,1.25899874136308,19.3));
#6670=CARTESIAN_POINT('Ctrl Pts',(-4.04615831738522,1.34121552993788,19.3));
#6671=CARTESIAN_POINT('Ctrl Pts',(-4.21076612978504,0.614170031300149,19.3));
#6672=CARTESIAN_POINT('Ctrl Pts',(-3.77073244529237,0.549988005168058,19.3));
#6673=CARTESIAN_POINT('Ctrl Pts',(-3.6556382681869,0.979525321780988,19.3));
#6674=CARTESIAN_POINT('Ctrl Pts',(-3.54054409108143,1.40906263839392,19.3));
#6675=CARTESIAN_POINT('Ctrl Pts',(-3.95371545343901,1.57349621554351,19.3));
#6676=CARTESIAN_POINT('Ctrl Pts',(-4.21076612978504,0.614170031300149,19.55));
#6677=CARTESIAN_POINT('Ctrl Pts',(-3.77073244529237,0.549988005168058,19.55));
#6678=CARTESIAN_POINT('Ctrl Pts',(-3.6556382681869,0.979525321780988,19.55));
#6679=CARTESIAN_POINT('Ctrl Pts',(-3.54054409108143,1.40906263839392,19.55));
#6680=CARTESIAN_POINT('Ctrl Pts',(-3.95371545343901,1.57349621554351,19.55));
#6681=CARTESIAN_POINT('',(-3.953715453439,1.57349621554351,19.55));
#6682=CARTESIAN_POINT('Origin',(-4.04615831738522,1.34121552993788,19.55));
#6683=CARTESIAN_POINT('Origin',(-4.13860118133143,1.10893484433225,19.55));
#6684=CARTESIAN_POINT('Origin',(-2.34556551432083,0.664415094672657,19.55));
#6685=CARTESIAN_POINT('',(-2.25312265037461,0.896695780278287,19.55));
#6686=CARTESIAN_POINT('Origin',(-3.01325056958457,1.75363593415142,19.55));
#6687=CARTESIAN_POINT('',(-5.48543526076099,0.4,19.55));
#6688=CARTESIAN_POINT('',(-2.91310743502747,1.52456967168338,19.55));
#6689=CARTESIAN_POINT('Ctrl Pts',(-5.72172323625155,0.569546493044303,19.3));
#6690=CARTESIAN_POINT('Ctrl Pts',(-5.72102477365917,0.569038372659663,19.3));
#6691=CARTESIAN_POINT('Ctrl Pts',(-5.72032628207581,0.568530291989882,19.3000033333502));
#6692=CARTESIAN_POINT('Ctrl Pts',(-5.70017163570781,0.553871618325235,19.300195676457));
#6693=CARTESIAN_POINT('Ctrl Pts',(-5.68070785630886,0.539763356180928,19.3029670394006));
#6694=CARTESIAN_POINT('Ctrl Pts',(-5.6429456753277,0.512481228353929,19.3135786816218));
#6695=CARTESIAN_POINT('Ctrl Pts',(-5.62463843311689,0.499299709100262,19.3213481947511));
#6696=CARTESIAN_POINT('Ctrl Pts',(-5.5815419410884,0.468361362291332,19.346751317266));
#6697=CARTESIAN_POINT('Ctrl Pts',(-5.5579629783055,0.451521102785856,19.3672739739616));
#6698=CARTESIAN_POINT('Ctrl Pts',(-5.5214709100758,0.425537903906991,19.4147692677222));
#6699=CARTESIAN_POINT('Ctrl Pts',(-5.50779577053585,0.415837313997949,19.4401732148998));
#6700=CARTESIAN_POINT('Ctrl Pts',(-5.48995342919971,0.403194169673827,19.4942567883403));
#6701=CARTESIAN_POINT('Ctrl Pts',(-5.48543526076099,0.4,19.5218901156534));
#6702=CARTESIAN_POINT('Ctrl Pts',(-5.48543526076099,0.4,19.55));
#6703=CARTESIAN_POINT('Origin',(0.,0.,19.55));
#6704=CARTESIAN_POINT('',(-5.48543526076098,-0.399999999999997,19.55));
#6705=CARTESIAN_POINT('Origin',(0.,0.,19.55));
#6706=CARTESIAN_POINT('Ctrl Pts',(-5.72172323625155,-0.569546493044305,
19.3));
#6707=CARTESIAN_POINT('Ctrl Pts',(-5.72102477365917,-0.569038372659663,
19.3));
#6708=CARTESIAN_POINT('Ctrl Pts',(-5.72032628207582,-0.568530291989886,
19.3000033333502));
#6709=CARTESIAN_POINT('Ctrl Pts',(-5.70017163570773,-0.553871618325225,
19.300195676457));
#6710=CARTESIAN_POINT('Ctrl Pts',(-5.68070785630885,-0.539763356180922,
19.3029670394006));
#6711=CARTESIAN_POINT('Ctrl Pts',(-5.6429456753277,-0.512481228353932,19.3135786816218));
#6712=CARTESIAN_POINT('Ctrl Pts',(-5.62463843311689,-0.499299709100261,
19.3213481947511));
#6713=CARTESIAN_POINT('Ctrl Pts',(-5.5815419410884,-0.468361362291336,19.346751317266));
#6714=CARTESIAN_POINT('Ctrl Pts',(-5.55796297830551,-0.451521102785857,
19.3672739739616));
#6715=CARTESIAN_POINT('Ctrl Pts',(-5.5214709100758,-0.42553790390699,19.4147692677222));
#6716=CARTESIAN_POINT('Ctrl Pts',(-5.50779577053585,-0.415837313997951,
19.4401732148998));
#6717=CARTESIAN_POINT('Ctrl Pts',(-5.48995342919972,-0.403194169673832,
19.4942567883403));
#6718=CARTESIAN_POINT('Ctrl Pts',(-5.48543526076099,-0.400000000000002,
19.5218901156534));
#6719=CARTESIAN_POINT('Ctrl Pts',(-5.48543526076099,-0.400000000000002,
19.55));
#6720=CARTESIAN_POINT('Origin',(-3.35635885675939,-1.60363593415143,19.55));
#6721=CARTESIAN_POINT('',(-4.79921868641136,-0.700000000000001,19.55));
#6722=CARTESIAN_POINT('',(-3.25621572220228,-1.37456967168339,19.55));
#6723=CARTESIAN_POINT('Origin',(-4.8338674810995,-0.957699062512712,19.55));
#6724=CARTESIAN_POINT('Origin',(-2.36352686897888,-0.597382406516051,19.55));
#6725=CARTESIAN_POINT('',(-4.21076612978506,-0.614170031300153,19.55));
#6726=CARTESIAN_POINT('Origin',(-4.17468365555825,-0.861552437816202,19.55));
#6727=CARTESIAN_POINT('',(-2.39960934320568,-0.350000000000001,19.55));
#6728=CARTESIAN_POINT('Ctrl Pts',(-4.04615831738523,-1.34121552993788,19.3));
#6729=CARTESIAN_POINT('Ctrl Pts',(-3.83957263620645,-1.25899874136309,19.3));
#6730=CARTESIAN_POINT('Ctrl Pts',(-3.89711972475918,-1.04423008305662,19.3));
#6731=CARTESIAN_POINT('Ctrl Pts',(-3.95466681331192,-0.829461424750156,
19.3));
#6732=CARTESIAN_POINT('Ctrl Pts',(-4.17468365555825,-0.861552437816202,
19.3));
#6733=CARTESIAN_POINT('Ctrl Pts',(-3.95371545343902,-1.57349621554351,19.3));
#6734=CARTESIAN_POINT('Ctrl Pts',(-3.54054409108145,-1.40906263839392,19.3));
#6735=CARTESIAN_POINT('Ctrl Pts',(-3.65563826818691,-0.979525321780991,
19.3));
#6736=CARTESIAN_POINT('Ctrl Pts',(-3.77073244529238,-0.549988005168061,
19.3));
#6737=CARTESIAN_POINT('Ctrl Pts',(-4.21076612978506,-0.614170031300152,
19.3));
#6738=CARTESIAN_POINT('Ctrl Pts',(-3.95371545343902,-1.57349621554351,19.55));
#6739=CARTESIAN_POINT('Ctrl Pts',(-3.54054409108145,-1.40906263839392,19.55));
#6740=CARTESIAN_POINT('Ctrl Pts',(-3.65563826818691,-0.979525321780991,
19.55));
#6741=CARTESIAN_POINT('Ctrl Pts',(-3.77073244529238,-0.549988005168061,
19.55));
#6742=CARTESIAN_POINT('Ctrl Pts',(-4.21076612978506,-0.614170031300152,
19.55));
#6743=CARTESIAN_POINT('',(-3.95371545343902,-1.57349621554351,19.55));
#6744=CARTESIAN_POINT('Origin',(-4.04615831738523,-1.34121552993788,19.55));
#6745=CARTESIAN_POINT('Origin',(-4.13860118133145,-1.10893484433225,19.55));
#6746=CARTESIAN_POINT('Origin',(-1.76486380030675,-0.433307934807118,19.55));
#6747=CARTESIAN_POINT('',(-4.50624530074922,-1.79339156055657,19.55));
#6748=CARTESIAN_POINT('',(-1.67242093636054,-0.665588620412748,19.55));
#6749=CARTESIAN_POINT('Origin',(-4.66510156841602,-1.5875420232332,19.55));
#6750=CARTESIAN_POINT('Origin',(-3.48636950830388,0.0120679831721031,19.55));
#6751=CARTESIAN_POINT('',(-4.95052628663394,-2.39630746886672,19.55));
#6752=CARTESIAN_POINT('',(-3.2851098785288,-0.13623765199662,19.55));
#6753=CARTESIAN_POINT('Ctrl Pts',(-5.23993092253971,-2.36761988651307,19.3));
#6754=CARTESIAN_POINT('Ctrl Pts',(-5.23907197599878,-2.36771070037816,19.3));
#6755=CARTESIAN_POINT('Ctrl Pts',(-5.23821302420839,-2.36780146535369,19.3000033333502));
#6756=CARTESIAN_POINT('Ctrl Pts',(-5.21342925161692,-2.370418925949,19.300195676457));
#6757=CARTESIAN_POINT('Ctrl Pts',(-5.18951899313175,-2.3729051496698,19.3029670394006));
#6758=CARTESIAN_POINT('Ctrl Pts',(-5.14317492118629,-2.37765107494669,19.3135786816218));
#6759=CARTESIAN_POINT('Ctrl Pts',(-5.12072962473166,-2.37991298437544,19.3213481947511));
#6760=CARTESIAN_POINT('Ctrl Pts',(-5.06793779441653,-2.38515813264882,19.346751317266));
#6761=CARTESIAN_POINT('Ctrl Pts',(-5.03909768389892,-2.38795274379544,19.3672739739616));
#6762=CARTESIAN_POINT('Ctrl Pts',(-4.99450302633592,-2.39220881998127,19.4147692677222));
#6763=CARTESIAN_POINT('Ctrl Pts',(-4.97780971313951,-2.39377220750421,19.4401732148998));
#6764=CARTESIAN_POINT('Ctrl Pts',(-4.95603622011736,-2.39580032100455,19.4942567883403));
#6765=CARTESIAN_POINT('Ctrl Pts',(-4.95052628663394,-2.39630746886672,19.5218901156534));
#6766=CARTESIAN_POINT('Ctrl Pts',(-4.95052628663394,-2.39630746886672,19.55));
#6767=CARTESIAN_POINT('Origin',(0.,0.,19.55));
#6768=CARTESIAN_POINT('',(-4.55052628663393,-3.08912779189426,19.55));
#6769=CARTESIAN_POINT('Origin',(0.,0.,19.55));
#6770=CARTESIAN_POINT('Ctrl Pts',(-4.6703844294954,-3.35410334973848,19.3));
#6771=CARTESIAN_POINT('Ctrl Pts',(-4.67003360333913,-3.35331407328101,19.3));
#6772=CARTESIAN_POINT('Ctrl Pts',(-4.6696827322185,-3.35252481672213,19.3000033333502));
#6773=CARTESIAN_POINT('Ctrl Pts',(-4.6595576332918,-3.32975270975872,19.300195676457));
#6774=CARTESIAN_POINT('Ctrl Pts',(-4.64975563695085,-3.30780270663905,19.3029670394006));
#6775=CARTESIAN_POINT('Ctrl Pts',(-4.63069369283236,-3.26529460038101,19.3135786816218));
#6776=CARTESIAN_POINT('Ctrl Pts',(-4.6214299156314,-3.24472544874145,19.3213481947511));
#6777=CARTESIAN_POINT('Ctrl Pts',(-4.5995764321252,-3.19638380843958,19.346751317266));
#6778=CARTESIAN_POINT('Ctrl Pts',(-4.58757658111306,-3.17001023451007,19.3672739739616));
#6779=CARTESIAN_POINT('Ctrl Pts',(-4.56896512242893,-3.12926209009453,19.4147692677222));
#6780=CARTESIAN_POINT('Ctrl Pts',(-4.56197239914156,-3.11402356303164,19.4401732148998));
#6781=CARTESIAN_POINT('Ctrl Pts',(-4.55284205044353,-3.09415310819517,19.4942567883403));
#6782=CARTESIAN_POINT('Ctrl Pts',(-4.55052628663393,-3.08912779189427,19.5218901156534));
#6783=CARTESIAN_POINT('Ctrl Pts',(-4.55052628663393,-3.08912779189427,19.55));
#6784=CARTESIAN_POINT('Origin',(-2.10487406709481,-3.06696888577641,19.55));
#6785=CARTESIAN_POINT('',(-3.80624530074923,-3.00582712585479,19.55));
#6786=CARTESIAN_POINT('',(-2.13268069978777,-2.81852011605058,19.55));
#6787=CARTESIAN_POINT('Origin',(-3.7074025059033,-3.2463254578663,19.55));
#6788=CARTESIAN_POINT('Origin',(-1.74818310780478,-1.69911177430622,19.55));
#6789=CARTESIAN_POINT('',(-3.33954542213886,-2.63726991424154,19.55));
#6790=CARTESIAN_POINT('Origin',(-3.18460587956903,-2.83346812562036,19.55));
#6791=CARTESIAN_POINT('',(-1.90312265037461,-1.50291356292739,19.55));
#6792=CARTESIAN_POINT('Ctrl Pts',(-2.83346812562037,-3.18460587956902,19.3));
#6793=CARTESIAN_POINT('Ctrl Pts',(-2.69566807194882,-3.01011121145629,19.3));
#6794=CARTESIAN_POINT('Ctrl Pts',(-2.85288964170256,-2.85288964170255,19.3));
#6795=CARTESIAN_POINT('Ctrl Pts',(-3.01011121145629,-2.69566807194882,19.3));
#6796=CARTESIAN_POINT('Ctrl Pts',(-3.18460587956903,-2.83346812562036,19.3));
#6797=CARTESIAN_POINT('Ctrl Pts',(-2.63726991424154,-3.33954542213886,19.3));
#6798=CARTESIAN_POINT('Ctrl Pts',(-2.36166980689846,-2.99055608591338,19.3));
#6799=CARTESIAN_POINT('Ctrl Pts',(-2.67611294640592,-2.67611294640592,19.3));
#6800=CARTESIAN_POINT('Ctrl Pts',(-2.99055608591338,-2.36166980689845,19.3));
#6801=CARTESIAN_POINT('Ctrl Pts',(-3.33954542213886,-2.63726991424154,19.3));
#6802=CARTESIAN_POINT('Ctrl Pts',(-2.63726991424154,-3.33954542213886,19.55));
#6803=CARTESIAN_POINT('Ctrl Pts',(-2.36166980689846,-2.99055608591338,19.55));
#6804=CARTESIAN_POINT('Ctrl Pts',(-2.67611294640592,-2.67611294640592,19.55));
#6805=CARTESIAN_POINT('Ctrl Pts',(-2.99055608591338,-2.36166980689845,19.55));
#6806=CARTESIAN_POINT('Ctrl Pts',(-3.33954542213886,-2.63726991424154,19.55));
#6807=CARTESIAN_POINT('',(-2.63726991424154,-3.33954542213886,19.55));
#6808=CARTESIAN_POINT('Origin',(-2.83346812562037,-3.18460587956902,19.55));
#6809=CARTESIAN_POINT('Origin',(-3.02966633699919,-3.02966633699919,19.55));
#6810=CARTESIAN_POINT('Origin',(-1.31176291788163,-1.25768757935771,19.55));
#6811=CARTESIAN_POINT('',(-3.00582712585479,-3.80624530074922,19.55));
#6812=CARTESIAN_POINT('',(-1.11556470650281,-1.41262712192755,19.55));
#6813=CARTESIAN_POINT('Origin',(-3.2463254578663,-3.7074025059033,19.55));
#6814=CARTESIAN_POINT('Origin',(-3.02531855275667,-1.73273357415246,19.55));
#6815=CARTESIAN_POINT('',(-3.08912779189427,-4.55052628663393,19.55));
#6816=CARTESIAN_POINT('',(-2.77686978303084,-1.76054020684542,19.55));
#6817=CARTESIAN_POINT('Ctrl Pts',(-3.35410334973848,-4.6703844294954,19.3));
#6818=CARTESIAN_POINT('Ctrl Pts',(-3.35331407328101,-4.67003360333912,19.3));
#6819=CARTESIAN_POINT('Ctrl Pts',(-3.35252481672214,-4.6696827322185,19.3000033333502));
#6820=CARTESIAN_POINT('Ctrl Pts',(-3.32975270975868,-4.65955763329175,19.300195676457));
#6821=CARTESIAN_POINT('Ctrl Pts',(-3.30780270663905,-4.64975563695084,19.3029670394006));
#6822=CARTESIAN_POINT('Ctrl Pts',(-3.26529460038101,-4.63069369283235,19.3135786816218));
#6823=CARTESIAN_POINT('Ctrl Pts',(-3.24472544874145,-4.6214299156314,19.3213481947511));
#6824=CARTESIAN_POINT('Ctrl Pts',(-3.19638380843959,-4.5995764321252,19.346751317266));
#6825=CARTESIAN_POINT('Ctrl Pts',(-3.17001023451007,-4.58757658111306,19.3672739739616));
#6826=CARTESIAN_POINT('Ctrl Pts',(-3.12926209009454,-4.56896512242893,19.4147692677222));
#6827=CARTESIAN_POINT('Ctrl Pts',(-3.11402356303164,-4.56197239914156,19.4401732148998));
#6828=CARTESIAN_POINT('Ctrl Pts',(-3.09415310819516,-4.55284205044353,19.4942567883403));
#6829=CARTESIAN_POINT('Ctrl Pts',(-3.08912779189427,-4.55052628663393,19.5218901156534));
#6830=CARTESIAN_POINT('Ctrl Pts',(-3.08912779189427,-4.55052628663393,19.55));
#6831=CARTESIAN_POINT('Origin',(0.,0.,19.55));
#6832=CARTESIAN_POINT('',(-2.39630746886672,-4.95052628663393,19.55));
#6833=CARTESIAN_POINT('Origin',(0.,0.,19.55));
#6834=CARTESIAN_POINT('Ctrl Pts',(-2.36761988651307,-5.23993092253971,19.3));
#6835=CARTESIAN_POINT('Ctrl Pts',(-2.36771070037816,-5.23907197599879,19.3));
#6836=CARTESIAN_POINT('Ctrl Pts',(-2.36780146535369,-5.23821302420839,19.3000033333502));
#6837=CARTESIAN_POINT('Ctrl Pts',(-2.37041892594904,-5.21342925161701,19.300195676457));
#6838=CARTESIAN_POINT('Ctrl Pts',(-2.3729051496698,-5.18951899313176,19.3029670394006));
#6839=CARTESIAN_POINT('Ctrl Pts',(-2.3776510749467,-5.14317492118627,19.3135786816218));
#6840=CARTESIAN_POINT('Ctrl Pts',(-2.37991298437543,-5.12072962473165,19.3213481947511));
#6841=CARTESIAN_POINT('Ctrl Pts',(-2.38515813264882,-5.06793779441654,19.346751317266));
#6842=CARTESIAN_POINT('Ctrl Pts',(-2.38795274379544,-5.03909768389892,19.3672739739616));
#6843=CARTESIAN_POINT('Ctrl Pts',(-2.39220881998127,-4.99450302633592,19.4147692677222));
#6844=CARTESIAN_POINT('Ctrl Pts',(-2.39377220750422,-4.97780971313951,19.4401732148998));
#6845=CARTESIAN_POINT('Ctrl Pts',(-2.39580032100455,-4.95603622011735,19.4942567883403));
#6846=CARTESIAN_POINT('Ctrl Pts',(-2.39630746886672,-4.95052628663393,19.5218901156534));
#6847=CARTESIAN_POINT('Ctrl Pts',(-2.39630746886672,-4.95052628663393,19.55));
#6848=CARTESIAN_POINT('Origin',(-0.289389970982972,-3.70851000124624,19.55));
#6849=CARTESIAN_POINT('',(-1.79339156055658,-4.50624530074922,19.55));
#6850=CARTESIAN_POINT('',(-0.437695606151695,-3.50725037147116,19.55));
#6851=CARTESIAN_POINT('Origin',(-1.5875420232332,-4.66510156841601,19.55));
#6852=CARTESIAN_POINT('Origin',(-0.664415094672657,-2.34556551432083,19.55));
#6853=CARTESIAN_POINT('',(-1.57349621554351,-3.953715453439,19.55));
#6854=CARTESIAN_POINT('Origin',(-1.34121552993788,-4.04615831738522,19.55));
#6855=CARTESIAN_POINT('',(-0.896695780278288,-2.25312265037461,19.55));
#6856=CARTESIAN_POINT('Ctrl Pts',(-0.8615524378162,-4.17468365555824,19.3));
#6857=CARTESIAN_POINT('Ctrl Pts',(-0.829461424750155,-3.9546668133119,19.3));
#6858=CARTESIAN_POINT('Ctrl Pts',(-1.04423008305662,-3.89711972475917,19.3));
#6859=CARTESIAN_POINT('Ctrl Pts',(-1.25899874136308,-3.83957263620644,19.3));
#6860=CARTESIAN_POINT('Ctrl Pts',(-1.34121552993788,-4.04615831738522,19.3));
#6861=CARTESIAN_POINT('Ctrl Pts',(-0.61417003130015,-4.21076612978504,19.3));
#6862=CARTESIAN_POINT('Ctrl Pts',(-0.549988005168059,-3.77073244529237,
19.3));
#6863=CARTESIAN_POINT('Ctrl Pts',(-0.979525321780989,-3.6556382681869,19.3));
#6864=CARTESIAN_POINT('Ctrl Pts',(-1.40906263839392,-3.54054409108143,19.3));
#6865=CARTESIAN_POINT('Ctrl Pts',(-1.57349621554351,-3.95371545343901,19.3));
#6866=CARTESIAN_POINT('Ctrl Pts',(-0.61417003130015,-4.21076612978504,19.55));
#6867=CARTESIAN_POINT('Ctrl Pts',(-0.549988005168059,-3.77073244529237,
19.55));
#6868=CARTESIAN_POINT('Ctrl Pts',(-0.979525321780989,-3.6556382681869,19.55));
#6869=CARTESIAN_POINT('Ctrl Pts',(-1.40906263839392,-3.54054409108143,19.55));
#6870=CARTESIAN_POINT('Ctrl Pts',(-1.57349621554351,-3.95371545343901,19.55));
#6871=CARTESIAN_POINT('',(-0.61417003130015,-4.21076612978504,19.55));
#6872=CARTESIAN_POINT('Origin',(-0.8615524378162,-4.17468365555824,19.55));
#6873=CARTESIAN_POINT('Origin',(-1.10893484433225,-4.13860118133143,19.55));
#6874=CARTESIAN_POINT('Origin',(-0.50717622094904,-1.74507085268875,19.55));
#6875=CARTESIAN_POINT('',(-0.700000000000001,-4.79921868641136,19.55));
#6876=CARTESIAN_POINT('',(-0.259793814432991,-1.78115332691556,19.55));
#6877=CARTESIAN_POINT('Origin',(-0.957699062512712,-4.8338674810995,19.55));
#6878=CARTESIAN_POINT('Origin',(-1.75363593415142,-3.01325056958457,19.55));
#6879=CARTESIAN_POINT('',(-0.400000000000002,-5.48543526076099,19.55));
#6880=CARTESIAN_POINT('',(-1.52456967168338,-2.91310743502746,19.55));
#6881=CARTESIAN_POINT('Ctrl Pts',(-0.569546493044304,-5.72172323625155,
19.3));
#6882=CARTESIAN_POINT('Ctrl Pts',(-0.569038372659658,-5.72102477365916,
19.3));
#6883=CARTESIAN_POINT('Ctrl Pts',(-0.568530291989885,-5.72032628207582,
19.3000033333502));
#6884=CARTESIAN_POINT('Ctrl Pts',(-0.553871618325209,-5.70017163570767,
19.300195676457));
#6885=CARTESIAN_POINT('Ctrl Pts',(-0.539763356180921,-5.68070785630884,
19.3029670394006));
#6886=CARTESIAN_POINT('Ctrl Pts',(-0.512481228353922,-5.64294567532768,
19.3135786816218));
#6887=CARTESIAN_POINT('Ctrl Pts',(-0.499299709100259,-5.62463843311688,
19.3213481947511));
#6888=CARTESIAN_POINT('Ctrl Pts',(-0.468361362291335,-5.5815419410884,19.346751317266));
#6889=CARTESIAN_POINT('Ctrl Pts',(-0.451521102785859,-5.55796297830551,
19.3672739739616));
#6890=CARTESIAN_POINT('Ctrl Pts',(-0.425537903906996,-5.52147091007581,
19.4147692677222));
#6891=CARTESIAN_POINT('Ctrl Pts',(-0.41583731399795,-5.50779577053586,19.4401732148998));
#6892=CARTESIAN_POINT('Ctrl Pts',(-0.403194169673825,-5.48995342919971,
19.4942567883404));
#6893=CARTESIAN_POINT('Ctrl Pts',(-0.400000000000001,-5.48543526076099,
19.5218901156534));
#6894=CARTESIAN_POINT('Ctrl Pts',(-0.400000000000001,-5.48543526076099,
19.55));
#6895=CARTESIAN_POINT('Origin',(0.,0.,19.55));
#6896=CARTESIAN_POINT('',(0.399999999999995,-5.485435260761,19.55));
#6897=CARTESIAN_POINT('Origin',(0.,0.,19.55));
#6898=CARTESIAN_POINT('Ctrl Pts',(0.569546493044302,-5.72172323625155,19.3));
#6899=CARTESIAN_POINT('Ctrl Pts',(0.56903837265966,-5.72102477365917,19.3));
#6900=CARTESIAN_POINT('Ctrl Pts',(0.568530291989882,-5.72032628207582,19.3000033333502));
#6901=CARTESIAN_POINT('Ctrl Pts',(0.55387161832521,-5.70017163570776,19.300195676457));
#6902=CARTESIAN_POINT('Ctrl Pts',(0.539763356180922,-5.68070785630885,19.3029670394006));
#6903=CARTESIAN_POINT('Ctrl Pts',(0.512481228353921,-5.64294567532769,19.3135786816218));
#6904=CARTESIAN_POINT('Ctrl Pts',(0.499299709100257,-5.62463843311688,19.3213481947511));
#6905=CARTESIAN_POINT('Ctrl Pts',(0.468361362291338,-5.58154194108841,19.346751317266));
#6906=CARTESIAN_POINT('Ctrl Pts',(0.451521102785856,-5.55796297830551,19.3672739739616));
#6907=CARTESIAN_POINT('Ctrl Pts',(0.42553790390699,-5.5214709100758,19.4147692677222));
#6908=CARTESIAN_POINT('Ctrl Pts',(0.415837313997949,-5.50779577053585,19.4401732148998));
#6909=CARTESIAN_POINT('Ctrl Pts',(0.403194169673829,-5.48995342919971,19.4942567883403));
#6910=CARTESIAN_POINT('Ctrl Pts',(0.399999999999999,-5.48543526076099,19.5218901156534));
#6911=CARTESIAN_POINT('Ctrl Pts',(0.399999999999999,-5.48543526076099,19.55));
#6912=CARTESIAN_POINT('Origin',(1.60363593415142,-3.35635885675939,19.55));
#6913=CARTESIAN_POINT('',(0.699999999999999,-4.79921868641136,19.55));
#6914=CARTESIAN_POINT('',(1.37456967168338,-3.25621572220228,19.55));
#6915=CARTESIAN_POINT('Origin',(0.957699062512711,-4.8338674810995,19.55));
#6916=CARTESIAN_POINT('Origin',(0.59738240651605,-2.36352686897888,19.55));
#6917=CARTESIAN_POINT('',(0.61417003130015,-4.21076612978505,19.55));
#6918=CARTESIAN_POINT('Origin',(0.861552437816201,-4.17468365555825,19.55));
#6919=CARTESIAN_POINT('',(0.35,-2.39960934320568,19.55));
#6920=CARTESIAN_POINT('Ctrl Pts',(1.34121552993788,-4.04615831738523,19.3));
#6921=CARTESIAN_POINT('Ctrl Pts',(1.25899874136309,-3.83957263620644,19.3));
#6922=CARTESIAN_POINT('Ctrl Pts',(1.04423008305662,-3.89711972475918,19.3));
#6923=CARTESIAN_POINT('Ctrl Pts',(0.829461424750154,-3.95466681331191,19.3));
#6924=CARTESIAN_POINT('Ctrl Pts',(0.8615524378162,-4.17468365555825,19.3));
#6925=CARTESIAN_POINT('Ctrl Pts',(1.57349621554351,-3.95371545343901,19.3));
#6926=CARTESIAN_POINT('Ctrl Pts',(1.40906263839392,-3.54054409108144,19.3));
#6927=CARTESIAN_POINT('Ctrl Pts',(0.97952532178099,-3.65563826818691,19.3));
#6928=CARTESIAN_POINT('Ctrl Pts',(0.549988005168059,-3.77073244529238,19.3));
#6929=CARTESIAN_POINT('Ctrl Pts',(0.614170031300151,-4.21076612978505,19.3));
#6930=CARTESIAN_POINT('Ctrl Pts',(1.57349621554351,-3.95371545343901,19.55));
#6931=CARTESIAN_POINT('Ctrl Pts',(1.40906263839392,-3.54054409108144,19.55));
#6932=CARTESIAN_POINT('Ctrl Pts',(0.97952532178099,-3.65563826818691,19.55));
#6933=CARTESIAN_POINT('Ctrl Pts',(0.549988005168059,-3.77073244529238,19.55));
#6934=CARTESIAN_POINT('Ctrl Pts',(0.614170031300151,-4.21076612978505,19.55));
#6935=CARTESIAN_POINT('',(1.57349621554351,-3.95371545343901,19.55));
#6936=CARTESIAN_POINT('Origin',(1.34121552993788,-4.04615831738523,19.55));
#6937=CARTESIAN_POINT('Origin',(1.10893484433225,-4.13860118133144,19.55));
#6938=CARTESIAN_POINT('Origin',(0.433307934807118,-1.76486380030675,19.55));
#6939=CARTESIAN_POINT('',(1.79339156055657,-4.50624530074922,19.55));
#6940=CARTESIAN_POINT('',(0.665588620412748,-1.67242093636054,19.55));
#6941=CARTESIAN_POINT('Origin',(1.5875420232332,-4.66510156841602,19.55));
#6942=CARTESIAN_POINT('Origin',(-0.0120679831721031,-3.48636950830388,19.55));
#6943=CARTESIAN_POINT('',(2.39630746886672,-4.95052628663394,19.55));
#6944=CARTESIAN_POINT('',(0.13623765199662,-3.2851098785288,19.55));
#6945=CARTESIAN_POINT('Ctrl Pts',(2.36761988651307,-5.23993092253971,19.3));
#6946=CARTESIAN_POINT('Ctrl Pts',(2.36771070037816,-5.23907197599878,19.3));
#6947=CARTESIAN_POINT('Ctrl Pts',(2.36780146535368,-5.23821302420839,19.3000033333502));
#6948=CARTESIAN_POINT('Ctrl Pts',(2.37041892594902,-5.21342925161698,19.300195676457));
#6949=CARTESIAN_POINT('Ctrl Pts',(2.3729051496698,-5.18951899313176,19.3029670394006));
#6950=CARTESIAN_POINT('Ctrl Pts',(2.37765107494669,-5.14317492118629,19.3135786816218));
#6951=CARTESIAN_POINT('Ctrl Pts',(2.37991298437544,-5.12072962473166,19.3213481947511));
#6952=CARTESIAN_POINT('Ctrl Pts',(2.38515813264882,-5.06793779441653,19.346751317266));
#6953=CARTESIAN_POINT('Ctrl Pts',(2.38795274379544,-5.03909768389892,19.3672739739616));
#6954=CARTESIAN_POINT('Ctrl Pts',(2.39220881998126,-4.99450302633592,19.4147692677222));
#6955=CARTESIAN_POINT('Ctrl Pts',(2.39377220750421,-4.97780971313951,19.4401732148998));
#6956=CARTESIAN_POINT('Ctrl Pts',(2.39580032100455,-4.95603622011736,19.4942567883403));
#6957=CARTESIAN_POINT('Ctrl Pts',(2.39630746886672,-4.95052628663394,19.5218901156534));
#6958=CARTESIAN_POINT('Ctrl Pts',(2.39630746886672,-4.95052628663394,19.55));
#6959=CARTESIAN_POINT('Origin',(0.,0.,19.55));
#6960=CARTESIAN_POINT('',(3.08912779189428,-4.55052628663394,19.55));
#6961=CARTESIAN_POINT('Origin',(0.,0.,19.55));
#6962=CARTESIAN_POINT('Ctrl Pts',(3.35410334973848,-4.67038442949541,19.3));
#6963=CARTESIAN_POINT('Ctrl Pts',(3.353314073281,-4.67003360333912,19.3));
#6964=CARTESIAN_POINT('Ctrl Pts',(3.35252481672214,-4.66968273221851,19.3000033333502));
#6965=CARTESIAN_POINT('Ctrl Pts',(3.32975270975861,-4.6595576332917,19.300195676457));
#6966=CARTESIAN_POINT('Ctrl Pts',(3.30780270663903,-4.64975563695083,19.3029670394006));
#6967=CARTESIAN_POINT('Ctrl Pts',(3.265294600381,-4.63069369283235,19.3135786816218));
#6968=CARTESIAN_POINT('Ctrl Pts',(3.24472544874145,-4.62142991563139,19.3213481947511));
#6969=CARTESIAN_POINT('Ctrl Pts',(3.19638380843959,-4.5995764321252,19.346751317266));
#6970=CARTESIAN_POINT('Ctrl Pts',(3.17001023451007,-4.58757658111306,19.3672739739616));
#6971=CARTESIAN_POINT('Ctrl Pts',(3.12926209009453,-4.56896512242893,19.4147692677222));
#6972=CARTESIAN_POINT('Ctrl Pts',(3.11402356303164,-4.56197239914156,19.4401732148998));
#6973=CARTESIAN_POINT('Ctrl Pts',(3.09415310819516,-4.55284205044353,19.4942567883404));
#6974=CARTESIAN_POINT('Ctrl Pts',(3.08912779189427,-4.55052628663394,19.5218901156534));
#6975=CARTESIAN_POINT('Ctrl Pts',(3.08912779189427,-4.55052628663394,19.55));
#6976=CARTESIAN_POINT('Origin',(3.06696888577641,-2.10487406709481,19.55));
#6977=CARTESIAN_POINT('',(3.00582712585479,-3.80624530074923,19.55));
#6978=CARTESIAN_POINT('',(2.81852011605058,-2.13268069978777,19.55));
#6979=CARTESIAN_POINT('Origin',(3.2463254578663,-3.7074025059033,19.55));
#6980=CARTESIAN_POINT('Origin',(1.69911177430622,-1.74818310780478,19.55));
#6981=CARTESIAN_POINT('',(2.63726991424154,-3.33954542213886,19.55));
#6982=CARTESIAN_POINT('Origin',(2.83346812562036,-3.18460587956903,19.55));
#6983=CARTESIAN_POINT('',(1.50291356292739,-1.90312265037461,19.55));
#6984=CARTESIAN_POINT('Ctrl Pts',(3.18460587956902,-2.83346812562037,19.3));
#6985=CARTESIAN_POINT('Ctrl Pts',(3.01011121145629,-2.69566807194882,19.3));
#6986=CARTESIAN_POINT('Ctrl Pts',(2.85288964170255,-2.85288964170256,19.3));
#6987=CARTESIAN_POINT('Ctrl Pts',(2.69566807194882,-3.01011121145629,19.3));
#6988=CARTESIAN_POINT('Ctrl Pts',(2.83346812562036,-3.18460587956903,19.3));
#6989=CARTESIAN_POINT('Ctrl Pts',(3.33954542213886,-2.63726991424154,19.3));
#6990=CARTESIAN_POINT('Ctrl Pts',(2.99055608591338,-2.36166980689845,19.3));
#6991=CARTESIAN_POINT('Ctrl Pts',(2.67611294640592,-2.67611294640592,19.3));
#6992=CARTESIAN_POINT('Ctrl Pts',(2.36166980689845,-2.99055608591338,19.3));
#6993=CARTESIAN_POINT('Ctrl Pts',(2.63726991424154,-3.33954542213886,19.3));
#6994=CARTESIAN_POINT('Ctrl Pts',(3.33954542213886,-2.63726991424154,19.55));
#6995=CARTESIAN_POINT('Ctrl Pts',(2.99055608591338,-2.36166980689845,19.55));
#6996=CARTESIAN_POINT('Ctrl Pts',(2.67611294640592,-2.67611294640592,19.55));
#6997=CARTESIAN_POINT('Ctrl Pts',(2.36166980689845,-2.99055608591338,19.55));
#6998=CARTESIAN_POINT('Ctrl Pts',(2.63726991424154,-3.33954542213886,19.55));
#6999=CARTESIAN_POINT('',(3.33954542213886,-2.63726991424154,19.55));
#7000=CARTESIAN_POINT('Origin',(3.18460587956903,-2.83346812562037,19.55));
#7001=CARTESIAN_POINT('Origin',(3.02966633699919,-3.02966633699919,19.55));
#7002=CARTESIAN_POINT('Origin',(1.25768757935771,-1.31176291788163,19.55));
#7003=CARTESIAN_POINT('',(3.80624530074922,-3.00582712585479,19.55));
#7004=CARTESIAN_POINT('',(1.41262712192755,-1.11556470650281,19.55));
#7005=CARTESIAN_POINT('Origin',(3.7074025059033,-3.2463254578663,19.55));
#7006=CARTESIAN_POINT('Origin',(1.73273357415246,-3.02531855275667,19.55));
#7007=CARTESIAN_POINT('',(4.55052628663393,-3.08912779189427,19.55));
#7008=CARTESIAN_POINT('',(1.76054020684542,-2.77686978303084,19.55));
#7009=CARTESIAN_POINT('Ctrl Pts',(4.6703844294954,-3.35410334973848,19.3));
#7010=CARTESIAN_POINT('Ctrl Pts',(4.67003360333913,-3.35331407328101,19.3));
#7011=CARTESIAN_POINT('Ctrl Pts',(4.6696827322185,-3.35252481672213,19.3000033333502));
#7012=CARTESIAN_POINT('Ctrl Pts',(4.65955763329178,-3.3297527097587,19.300195676457));
#7013=CARTESIAN_POINT('Ctrl Pts',(4.64975563695084,-3.30780270663905,19.3029670394006));
#7014=CARTESIAN_POINT('Ctrl Pts',(4.63069369283235,-3.265294600381,19.3135786816218));
#7015=CARTESIAN_POINT('Ctrl Pts',(4.62142991563139,-3.24472544874145,19.3213481947511));
#7016=CARTESIAN_POINT('Ctrl Pts',(4.5995764321252,-3.19638380843959,19.346751317266));
#7017=CARTESIAN_POINT('Ctrl Pts',(4.58757658111306,-3.17001023451007,19.3672739739616));
#7018=CARTESIAN_POINT('Ctrl Pts',(4.56896512242893,-3.12926209009453,19.4147692677222));
#7019=CARTESIAN_POINT('Ctrl Pts',(4.56197239914156,-3.11402356303164,19.4401732148998));
#7020=CARTESIAN_POINT('Ctrl Pts',(4.55284205044353,-3.09415310819516,19.4942567883403));
#7021=CARTESIAN_POINT('Ctrl Pts',(4.55052628663393,-3.08912779189427,19.5218901156534));
#7022=CARTESIAN_POINT('Ctrl Pts',(4.55052628663393,-3.08912779189427,19.55));
#7023=CARTESIAN_POINT('Origin',(0.,0.,19.55));
#7024=CARTESIAN_POINT('',(4.95052628663395,-2.39630746886672,19.55));
#7025=CARTESIAN_POINT('Origin',(0.,0.,19.55));
#7026=CARTESIAN_POINT('Ctrl Pts',(5.23993092253971,-2.36761988651307,19.3));
#7027=CARTESIAN_POINT('Ctrl Pts',(5.23907197599879,-2.36771070037816,19.3));
#7028=CARTESIAN_POINT('Ctrl Pts',(5.23821302420839,-2.36780146535369,19.3000033333502));
#7029=CARTESIAN_POINT('Ctrl Pts',(5.21342925161702,-2.37041892594904,19.300195676457));
#7030=CARTESIAN_POINT('Ctrl Pts',(5.18951899313176,-2.3729051496698,19.3029670394006));
#7031=CARTESIAN_POINT('Ctrl Pts',(5.14317492118628,-2.37765107494669,19.3135786816218));
#7032=CARTESIAN_POINT('Ctrl Pts',(5.12072962473165,-2.37991298437544,19.3213481947511));
#7033=CARTESIAN_POINT('Ctrl Pts',(5.06793779441653,-2.38515813264882,19.346751317266));
#7034=CARTESIAN_POINT('Ctrl Pts',(5.03909768389892,-2.38795274379544,19.3672739739616));
#7035=CARTESIAN_POINT('Ctrl Pts',(4.99450302633591,-2.39220881998127,19.4147692677222));
#7036=CARTESIAN_POINT('Ctrl Pts',(4.97780971313951,-2.39377220750422,19.4401732148998));
#7037=CARTESIAN_POINT('Ctrl Pts',(4.95603622011735,-2.39580032100455,19.4942567883404));
#7038=CARTESIAN_POINT('Ctrl Pts',(4.95052628663393,-2.39630746886672,19.5218901156534));
#7039=CARTESIAN_POINT('Ctrl Pts',(4.95052628663393,-2.39630746886672,19.55));
#7040=CARTESIAN_POINT('Origin',(3.70851000124624,-0.289389970982972,19.55));
#7041=CARTESIAN_POINT('',(4.50624530074922,-1.79339156055658,19.55));
#7042=CARTESIAN_POINT('',(3.50725037147116,-0.437695606151695,19.55));
#7043=CARTESIAN_POINT('Origin',(4.66510156841601,-1.5875420232332,19.55));
#7044=CARTESIAN_POINT('Origin',(2.34556551432083,-0.664415094672657,19.55));
#7045=CARTESIAN_POINT('',(3.95371545343901,-1.57349621554351,19.55));
#7046=CARTESIAN_POINT('Origin',(4.04615831738522,-1.34121552993788,19.55));
#7047=CARTESIAN_POINT('',(2.25312265037461,-0.896695780278288,19.55));
#7048=CARTESIAN_POINT('Ctrl Pts',(4.17468365555824,-0.861552437816201,19.3));
#7049=CARTESIAN_POINT('Ctrl Pts',(3.9546668133119,-0.829461424750156,19.3));
#7050=CARTESIAN_POINT('Ctrl Pts',(3.89711972475917,-1.04423008305662,19.3));
#7051=CARTESIAN_POINT('Ctrl Pts',(3.83957263620644,-1.25899874136309,19.3));
#7052=CARTESIAN_POINT('Ctrl Pts',(4.04615831738522,-1.34121552993788,19.3));
#7053=CARTESIAN_POINT('Ctrl Pts',(4.21076612978505,-0.614170031300151,19.3));
#7054=CARTESIAN_POINT('Ctrl Pts',(3.77073244529237,-0.54998800516806,19.3));
#7055=CARTESIAN_POINT('Ctrl Pts',(3.6556382681869,-0.97952532178099,19.3));
#7056=CARTESIAN_POINT('Ctrl Pts',(3.54054409108144,-1.40906263839392,19.3));
#7057=CARTESIAN_POINT('Ctrl Pts',(3.95371545343901,-1.57349621554351,19.3));
#7058=CARTESIAN_POINT('Ctrl Pts',(4.21076612978505,-0.614170031300151,19.55));
#7059=CARTESIAN_POINT('Ctrl Pts',(3.77073244529237,-0.54998800516806,19.55));
#7060=CARTESIAN_POINT('Ctrl Pts',(3.6556382681869,-0.97952532178099,19.55));
#7061=CARTESIAN_POINT('Ctrl Pts',(3.54054409108144,-1.40906263839392,19.55));
#7062=CARTESIAN_POINT('Ctrl Pts',(3.95371545343901,-1.57349621554351,19.55));
#7063=CARTESIAN_POINT('',(4.21076612978505,-0.614170031300151,19.55));
#7064=CARTESIAN_POINT('Origin',(4.17468365555824,-0.861552437816201,19.55));
#7065=CARTESIAN_POINT('Origin',(4.13860118133144,-1.10893484433225,19.55));
#7066=CARTESIAN_POINT('Origin',(1.74507085268875,-0.507176220949041,19.55));
#7067=CARTESIAN_POINT('',(1.78115332691556,-0.259793814432991,19.55));
#7068=CARTESIAN_POINT('Origin',(4.79921868641136,-0.700000000000001,19.9));
#7069=CARTESIAN_POINT('',(5.48543526076099,-0.400000000000001,23.9));
#7070=CARTESIAN_POINT('',(5.48543526076099,-0.400000000000002,19.9));
#7071=CARTESIAN_POINT('',(4.79921868641136,-0.700000000000001,24.55));
#7072=CARTESIAN_POINT('Ctrl Pts',(5.48543526076099,-0.400000000000001,23.9));
#7073=CARTESIAN_POINT('Ctrl Pts',(5.12077911013904,-0.559420289855677,24.252096289224));
#7074=CARTESIAN_POINT('Ctrl Pts',(4.79921868641136,-0.700000000000001,24.55));
#7075=CARTESIAN_POINT('',(4.79921868641136,-0.700000000000001,19.9));
#7076=CARTESIAN_POINT('Origin',(0.,0.,19.9));
#7077=CARTESIAN_POINT('',(5.48543526076099,0.399999999999999,23.9));
#7078=CARTESIAN_POINT('',(5.48543526076101,0.399999999999997,19.9));
#7079=CARTESIAN_POINT('',(5.50000000000001,-6.73555739531045E-16,23.9));
#7080=CARTESIAN_POINT('Origin',(0.,0.,23.9));
#7081=CARTESIAN_POINT('Origin',(0.,0.,23.9));
#7082=CARTESIAN_POINT('Origin',(5.48543526076099,0.399999999999999,19.9));
#7083=CARTESIAN_POINT('',(4.79921868641136,0.699999999999999,24.55));
#7084=CARTESIAN_POINT('',(4.79921868641136,0.699999999999999,19.9));
#7085=CARTESIAN_POINT('Ctrl Pts',(4.79921868641136,0.699999999999999,24.55));
#7086=CARTESIAN_POINT('Ctrl Pts',(5.12077911012951,0.559420289859838,24.2520962892337));
#7087=CARTESIAN_POINT('Ctrl Pts',(5.48543526076099,0.399999999999999,23.9));
#7088=CARTESIAN_POINT('Origin',(4.79921868641136,0.699999999999999,19.9));
#7089=CARTESIAN_POINT('',(4.21076612978506,0.614170031300151,25.1446790688489));
#7090=CARTESIAN_POINT('',(4.21076612978506,0.614170031300151,19.9));
#7091=CARTESIAN_POINT('',(4.99712465954591,0.728865986371162,24.3499999515712));
#7092=CARTESIAN_POINT('Origin',(4.13860118133145,1.10893484433225,19.9));
#7093=CARTESIAN_POINT('',(3.95371545343902,1.57349621554351,25.1446790688489));
#7094=CARTESIAN_POINT('',(3.95371545343902,1.57349621554351,19.9));
#7095=CARTESIAN_POINT('Ctrl Pts',(3.95371545343902,1.57349621554351,25.144679068849));
#7096=CARTESIAN_POINT('Ctrl Pts',(3.89809751715775,1.55136143794367,25.2045397672711));
#7097=CARTESIAN_POINT('Ctrl Pts',(3.84189933793484,1.51689239167863,25.2695638572895));
#7098=CARTESIAN_POINT('Ctrl Pts',(3.74521872122854,1.42470628912561,25.3930309517056));
#7099=CARTESIAN_POINT('Ctrl Pts',(3.70466807701332,1.36707717443387,25.451486182764));
#7100=CARTESIAN_POINT('Ctrl Pts',(3.6591992022641,1.25864621896615,25.5305424275983));
#7101=CARTESIAN_POINT('Ctrl Pts',(3.64493095032677,1.20611997692709,25.5610490241472));
#7102=CARTESIAN_POINT('Ctrl Pts',(3.63567281489577,1.094158665013,25.6036073020724));
#7103=CARTESIAN_POINT('Ctrl Pts',(3.64087808170947,1.03461108764401,25.6154047767505));
#7104=CARTESIAN_POINT('Ctrl Pts',(3.67039845466436,0.924439555917972,25.6154047767505));
#7105=CARTESIAN_POINT('Ctrl Pts',(3.69566435005472,0.870267207775755,25.6036073020724));
#7106=CARTESIAN_POINT('Ctrl Pts',(3.75966278648668,0.777934935132619,25.5610490241472));
#7107=CARTESIAN_POINT('Ctrl Pts',(3.79828257615154,0.739580001130133,25.5305424275983));
#7108=CARTESIAN_POINT('Ctrl Pts',(3.89187525449972,0.668410476513074,25.451486182764));
#7109=CARTESIAN_POINT('Ctrl Pts',(3.95580769987579,0.638777521300031,25.3930309517056));
#7110=CARTESIAN_POINT('Ctrl Pts',(4.0856286212735,0.607282322966385,25.2695638572895));
#7111=CARTESIAN_POINT('Ctrl Pts',(4.15153219525949,0.605530342868095,25.2045397672711));
#7112=CARTESIAN_POINT('Ctrl Pts',(4.21076612978506,0.614170031300151,25.1446790688489));
#7113=CARTESIAN_POINT('Origin',(3.34484187272107,1.3311772408255,19.9));
#7114=CARTESIAN_POINT('',(4.50624530074923,1.79339156055657,24.55));
#7115=CARTESIAN_POINT('',(4.50624530074923,1.79339156055657,19.9));
#7116=CARTESIAN_POINT('',(4.69206989423,1.86734586962112,24.3499999515712));
#7117=CARTESIAN_POINT('Origin',(4.50624530074923,1.79339156055657,19.9));
#7118=CARTESIAN_POINT('',(4.95052628663394,2.39630746886672,23.9));
#7119=CARTESIAN_POINT('',(4.95052628663394,2.39630746886672,19.9));
#7120=CARTESIAN_POINT('Ctrl Pts',(4.95052628663394,2.39630746886672,23.9));
#7121=CARTESIAN_POINT('Ctrl Pts',(4.71443494147692,2.07591737266205,24.252096289224));
#7122=CARTESIAN_POINT('Ctrl Pts',(4.50624530074923,1.79339156055657,24.55));
#7123=CARTESIAN_POINT('Origin',(0.,0.,19.9));
#7124=CARTESIAN_POINT('',(4.55052628663394,3.08912779189427,23.9));
#7125=CARTESIAN_POINT('',(4.55052628663394,3.08912779189428,19.9));
#7126=CARTESIAN_POINT('Origin',(0.,0.,23.9));
#7127=CARTESIAN_POINT('Origin',(4.55052628663394,3.08912779189427,19.9));
#7128=CARTESIAN_POINT('',(3.80624530074923,3.00582712585479,24.55));
#7129=CARTESIAN_POINT('',(3.80624530074923,3.00582712585479,19.9));
#7130=CARTESIAN_POINT('Ctrl Pts',(3.80624530074923,3.00582712585479,24.55));
#7131=CARTESIAN_POINT('Ctrl Pts',(4.15501465161091,3.04486173747583,24.2520962892337));
#7132=CARTESIAN_POINT('Ctrl Pts',(4.55052628663394,3.08912779189427,23.9));
#7133=CARTESIAN_POINT('Origin',(3.80624530074923,3.00582712585479,19.9));
#7134=CARTESIAN_POINT('',(3.33954542213886,2.63726991424153,25.144679068849));
#7135=CARTESIAN_POINT('',(3.33954542213886,2.63726991424153,19.9));
#7136=CARTESIAN_POINT('',(3.96320390785884,3.12977878992478,24.3499999515712));
#7137=CARTESIAN_POINT('Origin',(3.02966633699919,3.02966633699918,19.9));
#7138=CARTESIAN_POINT('',(2.63726991424154,3.33954542213885,25.144679068849));
#7139=CARTESIAN_POINT('',(2.63726991424154,3.33954542213885,19.9));
#7140=CARTESIAN_POINT('Ctrl Pts',(2.63726991424154,3.33954542213885,25.144679068849));
#7141=CARTESIAN_POINT('Ctrl Pts',(2.60017075731581,3.29256717428964,25.2045397672711));
#7142=CARTESIAN_POINT('Ctrl Pts',(2.56873622959486,3.23461701496844,25.2695638572895));
#7143=CARTESIAN_POINT('Ctrl Pts',(2.53110141075017,3.1064411999285,25.3930309517057));
#7144=CARTESIAN_POINT('Ctrl Pts',(2.52479808006583,3.03625760050023,25.451486182764));
#7145=CARTESIAN_POINT('Ctrl Pts',(2.53963635718538,2.91961920113395,25.5305424275983));
#7146=CARTESIAN_POINT('Ctrl Pts',(2.55354280955958,2.86699601519413,25.5610490241473));
#7147=CARTESIAN_POINT('Ctrl Pts',(2.60150568504171,2.76540560712,25.6036073020724));
#7148=CARTESIAN_POINT('Ctrl Pts',(2.63578736702034,2.71643852579148,25.6154047767505));
#7149=CARTESIAN_POINT('Ctrl Pts',(2.71643852579149,2.63578736702034,25.6154047767505));
#7150=CARTESIAN_POINT('Ctrl Pts',(2.76540560712,2.6015056850417,25.6036073020724));
#7151=CARTESIAN_POINT('Ctrl Pts',(2.86699601519413,2.55354280955958,25.5610490241473));
#7152=CARTESIAN_POINT('Ctrl Pts',(2.91961920113395,2.53963635718538,25.5305424275983));
#7153=CARTESIAN_POINT('Ctrl Pts',(3.03625760050023,2.52479808006583,25.451486182764));
#7154=CARTESIAN_POINT('Ctrl Pts',(3.1064411999285,2.53110141075017,25.3930309517057));
#7155=CARTESIAN_POINT('Ctrl Pts',(3.23461701496844,2.56873622959486,25.2695638572895));
#7156=CARTESIAN_POINT('Ctrl Pts',(3.29256717428964,2.60017075731581,25.2045397672711));
#7157=CARTESIAN_POINT('Ctrl Pts',(3.33954542213886,2.63726991424153,25.144679068849));
#7158=CARTESIAN_POINT('Origin',(2.23112941300562,2.82525424385509,19.9));
#7159=CARTESIAN_POINT('',(3.00582712585479,3.80624530074922,24.55));
#7160=CARTESIAN_POINT('',(3.00582712585479,3.80624530074922,19.9));
#7161=CARTESIAN_POINT('',(3.12977878992479,3.96320390785884,24.3499999515712));
#7162=CARTESIAN_POINT('Origin',(3.00582712585479,3.80624530074922,19.9));
#7163=CARTESIAN_POINT('',(3.08912779189427,4.55052628663393,23.9));
#7164=CARTESIAN_POINT('',(3.08912779189427,4.55052628663393,19.9));
#7165=CARTESIAN_POINT('Ctrl Pts',(3.08912779189427,4.55052628663393,23.9));
#7166=CARTESIAN_POINT('Ctrl Pts',(3.04486173747699,4.15501465162124,24.252096289224));
#7167=CARTESIAN_POINT('Ctrl Pts',(3.00582712585479,3.80624530074922,24.55));
#7168=CARTESIAN_POINT('Origin',(0.,0.,19.9));
#7169=CARTESIAN_POINT('',(2.39630746886672,4.95052628663393,23.9));
#7170=CARTESIAN_POINT('',(2.39630746886673,4.95052628663394,19.9));
#7171=CARTESIAN_POINT('Origin',(0.,0.,23.9));
#7172=CARTESIAN_POINT('Origin',(2.39630746886672,4.95052628663393,19.9));
#7173=CARTESIAN_POINT('',(1.79339156055658,4.50624530074922,24.55));
#7174=CARTESIAN_POINT('',(1.79339156055658,4.50624530074922,19.9));
#7175=CARTESIAN_POINT('Ctrl Pts',(1.79339156055658,4.50624530074922,24.55));
#7176=CARTESIAN_POINT('Ctrl Pts',(2.07591737265368,4.71443494147074,24.2520962892337));
#7177=CARTESIAN_POINT('Ctrl Pts',(2.39630746886672,4.95052628663393,23.9));
#7178=CARTESIAN_POINT('Origin',(1.79339156055658,4.50624530074922,19.9));
#7179=CARTESIAN_POINT('',(1.57349621554351,3.953715453439,25.144679068849));
#7180=CARTESIAN_POINT('',(1.57349621554351,3.953715453439,19.9));
#7181=CARTESIAN_POINT('',(1.86734586962113,4.69206989423,24.3499999515712));
#7182=CARTESIAN_POINT('Origin',(1.10893484433225,4.13860118133143,19.9));
#7183=CARTESIAN_POINT('',(0.614170031300149,4.21076612978504,25.144679068849));
#7184=CARTESIAN_POINT('',(0.614170031300149,4.21076612978504,19.9));
#7185=CARTESIAN_POINT('Ctrl Pts',(0.614170031300149,4.21076612978504,25.144679068849));
#7186=CARTESIAN_POINT('Ctrl Pts',(0.605530342868092,4.15153219525947,25.2045397672711));
#7187=CARTESIAN_POINT('Ctrl Pts',(0.607282322966383,4.08562862127349,25.2695638572895));
#7188=CARTESIAN_POINT('Ctrl Pts',(0.638777521300028,3.95580769987577,25.3930309517057));
#7189=CARTESIAN_POINT('Ctrl Pts',(0.668410476513072,3.8918752544997,25.451486182764));
#7190=CARTESIAN_POINT('Ctrl Pts',(0.739580001130131,3.79828257615152,25.5305424275983));
#7191=CARTESIAN_POINT('Ctrl Pts',(0.777934935132617,3.75966278648666,25.5610490241473));
#7192=CARTESIAN_POINT('Ctrl Pts',(0.870267207775754,3.6956643500547,25.6036073020724));
#7193=CARTESIAN_POINT('Ctrl Pts',(0.92443955591797,3.67039845466434,25.6154047767505));
#7194=CARTESIAN_POINT('Ctrl Pts',(1.03461108764401,3.64087808170945,25.6154047767505));
#7195=CARTESIAN_POINT('Ctrl Pts',(1.094158665013,3.63567281489575,25.6036073020724));
#7196=CARTESIAN_POINT('Ctrl Pts',(1.20611997692709,3.64493095032675,25.5610490241473));
#7197=CARTESIAN_POINT('Ctrl Pts',(1.25864621896614,3.65919920226408,25.5305424275983));
#7198=CARTESIAN_POINT('Ctrl Pts',(1.36707717443387,3.7046680770133,25.451486182764));
#7199=CARTESIAN_POINT('Ctrl Pts',(1.42470628912561,3.74521872122852,25.3930309517057));
#7200=CARTESIAN_POINT('Ctrl Pts',(1.51689239167863,3.84189933793482,25.2695638572895));
#7201=CARTESIAN_POINT('Ctrl Pts',(1.55136143794367,3.89809751715773,25.2045397672711));
#7202=CARTESIAN_POINT('Ctrl Pts',(1.57349621554351,3.953715453439,25.144679068849));
#7203=CARTESIAN_POINT('Origin',(0.51958762886598,3.56230665383111,19.9));
#7204=CARTESIAN_POINT('',(0.7,4.79921868641136,24.55));
#7205=CARTESIAN_POINT('',(0.7,4.79921868641136,19.9));
#7206=CARTESIAN_POINT('',(0.728865986371163,4.99712465954591,24.3499999515712));
#7207=CARTESIAN_POINT('Origin',(0.7,4.79921868641136,19.9));
#7208=CARTESIAN_POINT('',(0.4,5.48543526076099,23.9));
#7209=CARTESIAN_POINT('',(0.400000000000001,5.48543526076099,19.9));
#7210=CARTESIAN_POINT('Ctrl Pts',(0.4,5.48543526076099,23.9));
#7211=CARTESIAN_POINT('Ctrl Pts',(0.559420289855675,5.12077911013904,24.252096289224));
#7212=CARTESIAN_POINT('Ctrl Pts',(0.7,4.79921868641136,24.55));
#7213=CARTESIAN_POINT('Origin',(0.,0.,19.9));
#7214=CARTESIAN_POINT('',(-0.4,5.48543526076099,23.9));
#7215=CARTESIAN_POINT('',(-0.400000000000003,5.48543526076099,19.9));
#7216=CARTESIAN_POINT('Origin',(0.,0.,23.9));
#7217=CARTESIAN_POINT('Origin',(-0.4,5.48543526076099,19.9));
#7218=CARTESIAN_POINT('',(-0.7,4.79921868641136,24.55));
#7219=CARTESIAN_POINT('',(-0.7,4.79921868641136,19.9));
#7220=CARTESIAN_POINT('Ctrl Pts',(-0.7,4.79921868641136,24.55));
#7221=CARTESIAN_POINT('Ctrl Pts',(-0.559420289859841,5.12077911012951,24.2520962892337));
#7222=CARTESIAN_POINT('Ctrl Pts',(-0.4,5.48543526076099,23.9));
#7223=CARTESIAN_POINT('Origin',(-0.7,4.79921868641136,19.9));
#7224=CARTESIAN_POINT('',(-0.614170031300151,4.21076612978505,25.144679068849));
#7225=CARTESIAN_POINT('',(-0.614170031300151,4.21076612978505,19.9));
#7226=CARTESIAN_POINT('',(-0.728865986371163,4.99712465954591,24.3499999515712));
#7227=CARTESIAN_POINT('Origin',(-1.10893484433225,4.13860118133144,19.9));
#7228=CARTESIAN_POINT('',(-1.57349621554351,3.95371545343901,25.144679068849));
#7229=CARTESIAN_POINT('',(-1.57349621554351,3.95371545343901,19.9));
#7230=CARTESIAN_POINT('Ctrl Pts',(-1.57349621554351,3.95371545343901,25.144679068849));
#7231=CARTESIAN_POINT('Ctrl Pts',(-1.55136143794367,3.89809751715774,25.2045397672711));
#7232=CARTESIAN_POINT('Ctrl Pts',(-1.51689239167863,3.84189933793483,25.2695638572895));
#7233=CARTESIAN_POINT('Ctrl Pts',(-1.42470628912561,3.74521872122853,25.3930309517057));
#7234=CARTESIAN_POINT('Ctrl Pts',(-1.36707717443387,3.70466807701331,25.451486182764));
#7235=CARTESIAN_POINT('Ctrl Pts',(-1.25864621896614,3.65919920226409,25.5305424275983));
#7236=CARTESIAN_POINT('Ctrl Pts',(-1.20611997692709,3.64493095032676,25.5610490241473));
#7237=CARTESIAN_POINT('Ctrl Pts',(-1.094158665013,3.63567281489576,25.6036073020724));
#7238=CARTESIAN_POINT('Ctrl Pts',(-1.03461108764401,3.64087808170946,25.6154047767505));
#7239=CARTESIAN_POINT('Ctrl Pts',(-0.924439555917971,3.67039845466435,25.6154047767505));
#7240=CARTESIAN_POINT('Ctrl Pts',(-0.870267207775755,3.69566435005471,25.6036073020724));
#7241=CARTESIAN_POINT('Ctrl Pts',(-0.777934935132619,3.75966278648667,25.5610490241473));
#7242=CARTESIAN_POINT('Ctrl Pts',(-0.739580001130133,3.79828257615153,25.5305424275983));
#7243=CARTESIAN_POINT('Ctrl Pts',(-0.668410476513073,3.89187525449971,25.451486182764));
#7244=CARTESIAN_POINT('Ctrl Pts',(-0.63877752130003,3.95580769987578,25.3930309517057));
#7245=CARTESIAN_POINT('Ctrl Pts',(-0.607282322966385,4.08562862127349,25.2695638572895));
#7246=CARTESIAN_POINT('Ctrl Pts',(-0.605530342868094,4.15153219525948,25.2045397672711));
#7247=CARTESIAN_POINT('Ctrl Pts',(-0.614170031300151,4.21076612978505,25.144679068849));
#7248=CARTESIAN_POINT('Origin',(-1.3311772408255,3.34484187272107,19.9));
#7249=CARTESIAN_POINT('',(-1.79339156055657,4.50624530074922,24.55));
#7250=CARTESIAN_POINT('',(-1.79339156055657,4.50624530074922,19.9));
#7251=CARTESIAN_POINT('',(-1.86734586962112,4.69206989423,24.3499999515712));
#7252=CARTESIAN_POINT('Origin',(-1.79339156055657,4.50624530074922,19.9));
#7253=CARTESIAN_POINT('',(-2.39630746886672,4.95052628663394,23.9));
#7254=CARTESIAN_POINT('',(-2.39630746886672,4.95052628663394,19.9));
#7255=CARTESIAN_POINT('Ctrl Pts',(-2.39630746886672,4.95052628663394,23.9));
#7256=CARTESIAN_POINT('Ctrl Pts',(-2.07591737266205,4.71443494147691,24.252096289224));
#7257=CARTESIAN_POINT('Ctrl Pts',(-1.79339156055657,4.50624530074922,24.55));
#7258=CARTESIAN_POINT('Origin',(0.,0.,19.9));
#7259=CARTESIAN_POINT('',(-3.08912779189427,4.55052628663393,23.9));
#7260=CARTESIAN_POINT('',(-3.08912779189427,4.55052628663393,19.9));
#7261=CARTESIAN_POINT('Origin',(0.,0.,23.9));
#7262=CARTESIAN_POINT('Origin',(-3.08912779189427,4.55052628663393,19.9));
#7263=CARTESIAN_POINT('',(-3.00582712585479,3.80624530074922,24.55));
#7264=CARTESIAN_POINT('',(-3.00582712585479,3.80624530074922,19.9));
#7265=CARTESIAN_POINT('Ctrl Pts',(-3.00582712585479,3.80624530074923,24.55));
#7266=CARTESIAN_POINT('Ctrl Pts',(-3.04486173747583,4.15501465161091,24.2520962892337));
#7267=CARTESIAN_POINT('Ctrl Pts',(-3.08912779189427,4.55052628663393,23.9));
#7268=CARTESIAN_POINT('Origin',(-3.00582712585479,3.80624530074922,19.9));
#7269=CARTESIAN_POINT('',(-2.63726991424154,3.33954542213886,25.144679068849));
#7270=CARTESIAN_POINT('',(-2.63726991424154,3.33954542213886,19.9));
#7271=CARTESIAN_POINT('',(-3.12977878992478,3.96320390785884,24.3499999515712));
#7272=CARTESIAN_POINT('Origin',(-3.02966633699919,3.02966633699919,19.9));
#7273=CARTESIAN_POINT('',(-3.33954542213886,2.63726991424154,25.144679068849));
#7274=CARTESIAN_POINT('',(-3.33954542213886,2.63726991424154,19.9));
#7275=CARTESIAN_POINT('Ctrl Pts',(-3.33954542213886,2.63726991424154,25.144679068849));
#7276=CARTESIAN_POINT('Ctrl Pts',(-3.29256717428964,2.60017075731581,25.2045397672711));
#7277=CARTESIAN_POINT('Ctrl Pts',(-3.23461701496844,2.56873622959486,25.2695638572895));
#7278=CARTESIAN_POINT('Ctrl Pts',(-3.1064411999285,2.53110141075017,25.3930309517057));
#7279=CARTESIAN_POINT('Ctrl Pts',(-3.03625760050024,2.52479808006584,25.451486182764));
#7280=CARTESIAN_POINT('Ctrl Pts',(-2.91961920113396,2.53963635718538,25.5305424275983));
#7281=CARTESIAN_POINT('Ctrl Pts',(-2.86699601519414,2.55354280955958,25.5610490241473));
#7282=CARTESIAN_POINT('Ctrl Pts',(-2.76540560712001,2.60150568504171,25.6036073020724));
#7283=CARTESIAN_POINT('Ctrl Pts',(-2.71643852579149,2.63578736702034,25.6154047767505));
#7284=CARTESIAN_POINT('Ctrl Pts',(-2.63578736702034,2.71643852579149,25.6154047767505));
#7285=CARTESIAN_POINT('Ctrl Pts',(-2.60150568504171,2.76540560712001,25.6036073020724));
#7286=CARTESIAN_POINT('Ctrl Pts',(-2.55354280955958,2.86699601519414,25.5610490241473));
#7287=CARTESIAN_POINT('Ctrl Pts',(-2.53963635718538,2.91961920113396,25.5305424275983));
#7288=CARTESIAN_POINT('Ctrl Pts',(-2.52479808006584,3.03625760050024,25.451486182764));
#7289=CARTESIAN_POINT('Ctrl Pts',(-2.53110141075017,3.1064411999285,25.3930309517057));
#7290=CARTESIAN_POINT('Ctrl Pts',(-2.56873622959486,3.23461701496845,25.2695638572895));
#7291=CARTESIAN_POINT('Ctrl Pts',(-2.60017075731581,3.29256717428964,25.2045397672711));
#7292=CARTESIAN_POINT('Ctrl Pts',(-2.63726991424154,3.33954542213886,25.144679068849));
#7293=CARTESIAN_POINT('Origin',(-2.82525424385509,2.23112941300562,19.9));
#7294=CARTESIAN_POINT('',(-3.80624530074922,3.00582712585479,24.55));
#7295=CARTESIAN_POINT('',(-3.80624530074922,3.00582712585479,19.9));
#7296=CARTESIAN_POINT('',(-3.96320390785884,3.12977878992478,24.3499999515712));
#7297=CARTESIAN_POINT('Origin',(-3.80624530074922,3.00582712585479,19.9));
#7298=CARTESIAN_POINT('',(-4.55052628663393,3.08912779189427,23.9));
#7299=CARTESIAN_POINT('',(-4.55052628663393,3.08912779189427,19.9));
#7300=CARTESIAN_POINT('Ctrl Pts',(-4.55052628663393,3.08912779189427,23.9));
#7301=CARTESIAN_POINT('Ctrl Pts',(-4.15501465162124,3.04486173747699,24.252096289224));
#7302=CARTESIAN_POINT('Ctrl Pts',(-3.80624530074922,3.00582712585479,24.55));
#7303=CARTESIAN_POINT('Origin',(0.,0.,19.9));
#7304=CARTESIAN_POINT('',(-4.95052628663394,2.39630746886672,23.9));
#7305=CARTESIAN_POINT('',(-4.95052628663392,2.39630746886672,19.9));
#7306=CARTESIAN_POINT('Origin',(0.,0.,23.9));
#7307=CARTESIAN_POINT('Origin',(-4.95052628663394,2.39630746886672,19.9));
#7308=CARTESIAN_POINT('',(-4.50624530074922,1.79339156055658,24.55));
#7309=CARTESIAN_POINT('',(-4.50624530074922,1.79339156055658,19.9));
#7310=CARTESIAN_POINT('Ctrl Pts',(-4.50624530074922,1.79339156055658,24.55));
#7311=CARTESIAN_POINT('Ctrl Pts',(-4.71443494147075,2.07591737265368,24.2520962892337));
#7312=CARTESIAN_POINT('Ctrl Pts',(-4.95052628663394,2.39630746886672,23.9));
#7313=CARTESIAN_POINT('Origin',(-4.50624530074922,1.79339156055658,19.9));
#7314=CARTESIAN_POINT('',(-3.953715453439,1.57349621554351,25.144679068849));
#7315=CARTESIAN_POINT('',(-3.953715453439,1.57349621554351,19.9));
#7316=CARTESIAN_POINT('',(-4.69206989423,1.86734586962112,24.3499999515712));
#7317=CARTESIAN_POINT('Origin',(-4.13860118133143,1.10893484433225,19.9));
#7318=CARTESIAN_POINT('',(-4.21076612978504,0.614170031300149,25.144679068849));
#7319=CARTESIAN_POINT('',(-4.21076612978504,0.614170031300149,19.9));
#7320=CARTESIAN_POINT('Ctrl Pts',(-4.21076612978504,0.614170031300149,25.144679068849));
#7321=CARTESIAN_POINT('Ctrl Pts',(-4.15153219525948,0.605530342868092,25.2045397672711));
#7322=CARTESIAN_POINT('Ctrl Pts',(-4.08562862127349,0.607282322966384,25.2695638572895));
#7323=CARTESIAN_POINT('Ctrl Pts',(-3.95580769987578,0.638777521300028,25.3930309517057));
#7324=CARTESIAN_POINT('Ctrl Pts',(-3.8918752544997,0.668410476513071,25.451486182764));
#7325=CARTESIAN_POINT('Ctrl Pts',(-3.79828257615152,0.739580001130131,25.5305424275983));
#7326=CARTESIAN_POINT('Ctrl Pts',(-3.75966278648666,0.777934935132617,25.5610490241473));
#7327=CARTESIAN_POINT('Ctrl Pts',(-3.6956643500547,0.870267207775754,25.6036073020724));
#7328=CARTESIAN_POINT('Ctrl Pts',(-3.67039845466435,0.92443955591797,25.6154047767505));
#7329=CARTESIAN_POINT('Ctrl Pts',(-3.64087808170946,1.03461108764401,25.6154047767505));
#7330=CARTESIAN_POINT('Ctrl Pts',(-3.63567281489576,1.094158665013,25.6036073020724));
#7331=CARTESIAN_POINT('Ctrl Pts',(-3.64493095032675,1.20611997692709,25.5610490241473));
#7332=CARTESIAN_POINT('Ctrl Pts',(-3.65919920226409,1.25864621896614,25.5305424275983));
#7333=CARTESIAN_POINT('Ctrl Pts',(-3.7046680770133,1.36707717443387,25.451486182764));
#7334=CARTESIAN_POINT('Ctrl Pts',(-3.74521872122853,1.42470628912561,25.3930309517057));
#7335=CARTESIAN_POINT('Ctrl Pts',(-3.84189933793482,1.51689239167863,25.2695638572895));
#7336=CARTESIAN_POINT('Ctrl Pts',(-3.89809751715773,1.55136143794367,25.2045397672711));
#7337=CARTESIAN_POINT('Ctrl Pts',(-3.953715453439,1.57349621554351,25.144679068849));
#7338=CARTESIAN_POINT('Origin',(-3.56230665383111,0.519587628865979,19.9));
#7339=CARTESIAN_POINT('',(-4.79921868641136,0.699999999999999,24.55));
#7340=CARTESIAN_POINT('',(-4.79921868641136,0.699999999999999,19.9));
#7341=CARTESIAN_POINT('',(-4.99712465954591,0.728865986371162,24.3499999515712));
#7342=CARTESIAN_POINT('Origin',(0.,0.,17.25));
#7343=CARTESIAN_POINT('',(4.65,5.69460761603519E-16,17.25));
#7344=CARTESIAN_POINT('',(-4.65,-5.69460761603519E-16,17.25));
#7345=CARTESIAN_POINT('Origin',(0.,0.,17.25));
#7346=CARTESIAN_POINT('',(-4.9,-6.00076931582203E-16,17.5));
#7347=CARTESIAN_POINT('Origin',(-4.9,-6.00076931582203E-16,17.25));
#7348=CARTESIAN_POINT('Origin',(0.,0.,17.5));
#7349=CARTESIAN_POINT('Origin',(0.,0.,17.25));
#7350=CARTESIAN_POINT('Origin',(0.,0.,15.7));
#7351=CARTESIAN_POINT('',(4.65,-5.69460761603519E-16,15.95));
#7352=CARTESIAN_POINT('',(4.65,5.69460761603519E-16,15.7));
#7353=CARTESIAN_POINT('',(-4.65,-5.69460761603519E-16,15.95));
#7354=CARTESIAN_POINT('Origin',(0.,0.,15.95));
#7355=CARTESIAN_POINT('Origin',(0.,0.,15.95));
#7356=CARTESIAN_POINT('Origin',(0.,0.,17.5));
#7357=CARTESIAN_POINT('',(-7.67322146104382,0.641617027343142,17.5));
#7358=CARTESIAN_POINT('',(-7.24838748607939,0.15290144423008,17.5));
#7359=CARTESIAN_POINT('',(-5.40618380752582,-1.96631146724374,17.5));
#7360=CARTESIAN_POINT('',(-6.96601322779945,3.2809540853421,17.5));
#7361=CARTESIAN_POINT('Origin',(0.,0.,17.5));
#7362=CARTESIAN_POINT('',(-6.35373842153301,3.49177720806113,17.5));
#7363=CARTESIAN_POINT('',(-3.84811903916173,4.35453114980499,17.5));
#7364=CARTESIAN_POINT('',(-3.49177720806112,6.35373842153302,17.5));
#7365=CARTESIAN_POINT('Origin',(0.,0.,17.5));
#7366=CARTESIAN_POINT('',(-3.28095408534209,6.96601322779946,17.5));
#7367=CARTESIAN_POINT('',(-4.40596758614864,3.69873678122356,17.5));
#7368=CARTESIAN_POINT('',(-0.641617027343131,7.67322146104382,17.5));
#7369=CARTESIAN_POINT('Origin',(0.,0.,17.5));
#7370=CARTESIAN_POINT('',(-0.15290144423007,7.24838748607939,17.5));
#7371=CARTESIAN_POINT('',(1.84707507772092,5.50983441960312,17.5));
#7372=CARTESIAN_POINT('',(3.75661027801827,6.20083697730294,17.5));
#7373=CARTESIAN_POINT('Origin',(0.,0.,17.5));
#7374=CARTESIAN_POINT('',(4.39226737570172,6.32439620045632,17.5));
#7375=CARTESIAN_POINT('',(1.00021622137717,5.66504824846731,17.5));
#7376=CARTESIAN_POINT('',(6.32439620045633,4.39226737570171,17.5));
#7377=CARTESIAN_POINT('Origin',(0.,0.,17.5));
#7378=CARTESIAN_POINT('',(6.20083697730295,3.75661027801827,17.5));
#7379=CARTESIAN_POINT('',(5.69519411688265,1.15530326979813,17.5));
#7380=CARTESIAN_POINT('',(7.2483874860794,-0.152901444230074,17.5));
#7381=CARTESIAN_POINT('Origin',(0.,0.,17.5));
#7382=CARTESIAN_POINT('',(7.67322146104382,-0.641617027343137,17.5));
#7383=CARTESIAN_POINT('',(5.40618380752581,1.96631146724375,17.5));
#7384=CARTESIAN_POINT('',(6.96601322779946,-3.2809540853421,17.5));
#7385=CARTESIAN_POINT('Origin',(0.,0.,17.5));
#7386=CARTESIAN_POINT('',(6.35373842153302,-3.49177720806113,17.5));
#7387=CARTESIAN_POINT('',(3.84811903916173,-4.35453114980499,17.5));
#7388=CARTESIAN_POINT('',(3.49177720806112,-6.35373842153302,17.5));
#7389=CARTESIAN_POINT('Origin',(0.,0.,17.5));
#7390=CARTESIAN_POINT('',(3.2809540853421,-6.96601322779946,17.5));
#7391=CARTESIAN_POINT('',(4.40596758614864,-3.69873678122356,17.5));
#7392=CARTESIAN_POINT('',(0.641617027343131,-7.67322146104382,17.5));
#7393=CARTESIAN_POINT('Origin',(0.,0.,17.5));
#7394=CARTESIAN_POINT('',(0.152901444230071,-7.2483874860794,17.5));
#7395=CARTESIAN_POINT('',(-1.84707507772092,-5.50983441960312,17.5));
#7396=CARTESIAN_POINT('',(-3.75661027801827,-6.20083697730294,17.5));
#7397=CARTESIAN_POINT('Origin',(0.,0.,17.5));
#7398=CARTESIAN_POINT('',(-4.39226737570172,-6.32439620045632,17.5));
#7399=CARTESIAN_POINT('',(-1.00021622137717,-5.66504824846731,17.5));
#7400=CARTESIAN_POINT('',(-6.32439620045633,-4.39226737570171,17.5));
#7401=CARTESIAN_POINT('Origin',(0.,0.,17.5));
#7402=CARTESIAN_POINT('',(-6.20083697730295,-3.75661027801826,17.5));
#7403=CARTESIAN_POINT('',(-5.69519411688265,-1.15530326979812,17.5));
#7404=CARTESIAN_POINT('Origin',(0.,0.,17.5));
#7405=CARTESIAN_POINT('Origin',(4.13860118133144,-1.10893484433225,19.9));
#7406=CARTESIAN_POINT('',(4.21076612978505,-0.614170031300151,25.144679068849));
#7407=CARTESIAN_POINT('',(4.21076612978505,-0.614170031300151,19.9));
#7408=CARTESIAN_POINT('',(3.95371545343901,-1.57349621554351,25.144679068849));
#7409=CARTESIAN_POINT('Ctrl Pts',(4.21076612978505,-0.614170031300151,25.144679068849));
#7410=CARTESIAN_POINT('Ctrl Pts',(4.15153219525948,-0.605530342868095,25.2045397672711));
#7411=CARTESIAN_POINT('Ctrl Pts',(4.08562862127349,-0.607282322966385,25.2695638572895));
#7412=CARTESIAN_POINT('Ctrl Pts',(3.95580769987578,-0.63877752130003,25.3930309517057));
#7413=CARTESIAN_POINT('Ctrl Pts',(3.8918752544997,-0.668410476513074,25.451486182764));
#7414=CARTESIAN_POINT('Ctrl Pts',(3.79828257615153,-0.739580001130133,25.5305424275983));
#7415=CARTESIAN_POINT('Ctrl Pts',(3.75966278648667,-0.77793493513262,25.5610490241473));
#7416=CARTESIAN_POINT('Ctrl Pts',(3.69566435005471,-0.870267207775757,25.6036073020724));
#7417=CARTESIAN_POINT('Ctrl Pts',(3.67039845466435,-0.924439555917972,25.6154047767505));
#7418=CARTESIAN_POINT('Ctrl Pts',(3.64087808170946,-1.03461108764401,25.6154047767505));
#7419=CARTESIAN_POINT('Ctrl Pts',(3.63567281489576,-1.094158665013,25.6036073020724));
#7420=CARTESIAN_POINT('Ctrl Pts',(3.64493095032675,-1.20611997692709,25.5610490241473));
#7421=CARTESIAN_POINT('Ctrl Pts',(3.65919920226409,-1.25864621896615,25.5305424275983));
#7422=CARTESIAN_POINT('Ctrl Pts',(3.70466807701331,-1.36707717443387,25.451486182764));
#7423=CARTESIAN_POINT('Ctrl Pts',(3.74521872122853,-1.42470628912561,25.3930309517057));
#7424=CARTESIAN_POINT('Ctrl Pts',(3.84189933793483,-1.51689239167863,25.2695638572895));
#7425=CARTESIAN_POINT('Ctrl Pts',(3.89809751715773,-1.55136143794367,25.2045397672711));
#7426=CARTESIAN_POINT('Ctrl Pts',(3.95371545343901,-1.57349621554351,25.144679068849));
#7427=CARTESIAN_POINT('',(3.95371545343901,-1.57349621554351,19.9));
#7428=CARTESIAN_POINT('Origin',(3.56230665383111,-0.51958762886598,19.9));
#7429=CARTESIAN_POINT('',(4.99712465954591,-0.728865986371164,24.3499999515712));
#7430=CARTESIAN_POINT('Origin',(3.02966633699919,-3.02966633699919,19.9));
#7431=CARTESIAN_POINT('',(3.33954542213886,-2.63726991424154,25.144679068849));
#7432=CARTESIAN_POINT('',(3.33954542213886,-2.63726991424154,19.9));
#7433=CARTESIAN_POINT('',(2.63726991424154,-3.33954542213886,25.144679068849));
#7434=CARTESIAN_POINT('Ctrl Pts',(3.33954542213886,-2.63726991424154,25.144679068849));
#7435=CARTESIAN_POINT('Ctrl Pts',(3.29256717428964,-2.60017075731581,25.2045397672711));
#7436=CARTESIAN_POINT('Ctrl Pts',(3.23461701496845,-2.56873622959486,25.2695638572895));
#7437=CARTESIAN_POINT('Ctrl Pts',(3.1064411999285,-2.53110141075017,25.3930309517057));
#7438=CARTESIAN_POINT('Ctrl Pts',(3.03625760050023,-2.52479808006584,25.451486182764));
#7439=CARTESIAN_POINT('Ctrl Pts',(2.91961920113396,-2.53963635718538,25.5305424275983));
#7440=CARTESIAN_POINT('Ctrl Pts',(2.86699601519414,-2.55354280955958,25.5610490241473));
#7441=CARTESIAN_POINT('Ctrl Pts',(2.76540560712001,-2.60150568504171,25.6036073020724));
#7442=CARTESIAN_POINT('Ctrl Pts',(2.71643852579149,-2.63578736702035,25.6154047767505));
#7443=CARTESIAN_POINT('Ctrl Pts',(2.63578736702034,-2.71643852579149,25.6154047767505));
#7444=CARTESIAN_POINT('Ctrl Pts',(2.60150568504171,-2.76540560712001,25.6036073020724));
#7445=CARTESIAN_POINT('Ctrl Pts',(2.55354280955958,-2.86699601519414,25.5610490241473));
#7446=CARTESIAN_POINT('Ctrl Pts',(2.53963635718538,-2.91961920113396,25.5305424275983));
#7447=CARTESIAN_POINT('Ctrl Pts',(2.52479808006583,-3.03625760050024,25.451486182764));
#7448=CARTESIAN_POINT('Ctrl Pts',(2.53110141075017,-3.1064411999285,25.3930309517057));
#7449=CARTESIAN_POINT('Ctrl Pts',(2.56873622959486,-3.23461701496845,25.2695638572895));
#7450=CARTESIAN_POINT('Ctrl Pts',(2.60017075731581,-3.29256717428964,25.2045397672711));
#7451=CARTESIAN_POINT('Ctrl Pts',(2.63726991424154,-3.33954542213886,25.144679068849));
#7452=CARTESIAN_POINT('',(2.63726991424154,-3.33954542213886,19.9));
#7453=CARTESIAN_POINT('Origin',(2.82525424385509,-2.23112941300562,19.9));
#7454=CARTESIAN_POINT('',(3.80624530074922,-3.00582712585479,24.55));
#7455=CARTESIAN_POINT('',(3.80624530074922,-3.00582712585479,19.9));
#7456=CARTESIAN_POINT('',(3.96320390785884,-3.12977878992478,24.3499999515712));
#7457=CARTESIAN_POINT('Origin',(1.10893484433225,-4.13860118133144,19.9));
#7458=CARTESIAN_POINT('',(1.57349621554351,-3.95371545343901,25.144679068849));
#7459=CARTESIAN_POINT('',(1.57349621554351,-3.95371545343901,19.9));
#7460=CARTESIAN_POINT('',(0.61417003130015,-4.21076612978505,25.144679068849));
#7461=CARTESIAN_POINT('Ctrl Pts',(1.57349621554351,-3.95371545343901,25.144679068849));
#7462=CARTESIAN_POINT('Ctrl Pts',(1.55136143794367,-3.89809751715774,25.2045397672711));
#7463=CARTESIAN_POINT('Ctrl Pts',(1.51689239167863,-3.84189933793483,25.2695638572895));
#7464=CARTESIAN_POINT('Ctrl Pts',(1.42470628912561,-3.74521872122854,25.3930309517057));
#7465=CARTESIAN_POINT('Ctrl Pts',(1.36707717443387,-3.70466807701331,25.451486182764));
#7466=CARTESIAN_POINT('Ctrl Pts',(1.25864621896615,-3.65919920226409,25.5305424275983));
#7467=CARTESIAN_POINT('Ctrl Pts',(1.20611997692709,-3.64493095032676,25.5610490241473));
#7468=CARTESIAN_POINT('Ctrl Pts',(1.094158665013,-3.63567281489577,25.6036073020724));
#7469=CARTESIAN_POINT('Ctrl Pts',(1.03461108764401,-3.64087808170946,25.6154047767505));
#7470=CARTESIAN_POINT('Ctrl Pts',(0.924439555917971,-3.67039845466436,25.6154047767505));
#7471=CARTESIAN_POINT('Ctrl Pts',(0.870267207775756,-3.69566435005471,25.6036073020724));
#7472=CARTESIAN_POINT('Ctrl Pts',(0.777934935132619,-3.75966278648667,25.5610490241473));
#7473=CARTESIAN_POINT('Ctrl Pts',(0.739580001130133,-3.79828257615153,25.5305424275983));
#7474=CARTESIAN_POINT('Ctrl Pts',(0.668410476513073,-3.89187525449971,25.451486182764));
#7475=CARTESIAN_POINT('Ctrl Pts',(0.63877752130003,-3.95580769987579,25.3930309517057));
#7476=CARTESIAN_POINT('Ctrl Pts',(0.607282322966386,-4.08562862127349,25.2695638572895));
#7477=CARTESIAN_POINT('Ctrl Pts',(0.605530342868094,-4.15153219525948,25.2045397672711));
#7478=CARTESIAN_POINT('Ctrl Pts',(0.614170031300151,-4.21076612978505,25.144679068849));
#7479=CARTESIAN_POINT('',(0.61417003130015,-4.21076612978505,19.9));
#7480=CARTESIAN_POINT('Origin',(1.3311772408255,-3.34484187272107,19.9));
#7481=CARTESIAN_POINT('',(1.79339156055657,-4.50624530074922,24.55));
#7482=CARTESIAN_POINT('',(1.79339156055657,-4.50624530074922,19.9));
#7483=CARTESIAN_POINT('',(1.86734586962112,-4.69206989423,24.3499999515712));
#7484=CARTESIAN_POINT('Origin',(-1.10893484433225,-4.13860118133143,19.9));
#7485=CARTESIAN_POINT('',(-0.61417003130015,-4.21076612978504,25.144679068849));
#7486=CARTESIAN_POINT('',(-0.61417003130015,-4.21076612978504,19.9));
#7487=CARTESIAN_POINT('',(-1.57349621554351,-3.953715453439,25.144679068849));
#7488=CARTESIAN_POINT('Ctrl Pts',(-0.61417003130015,-4.21076612978504,25.144679068849));
#7489=CARTESIAN_POINT('Ctrl Pts',(-0.605530342868094,-4.15153219525948,
25.2045397672711));
#7490=CARTESIAN_POINT('Ctrl Pts',(-0.607282322966385,-4.08562862127349,
25.2695638572895));
#7491=CARTESIAN_POINT('Ctrl Pts',(-0.638777521300029,-3.95580769987578,
25.3930309517057));
#7492=CARTESIAN_POINT('Ctrl Pts',(-0.668410476513073,-3.8918752544997,25.451486182764));
#7493=CARTESIAN_POINT('Ctrl Pts',(-0.739580001130132,-3.79828257615152,
25.5305424275983));
#7494=CARTESIAN_POINT('Ctrl Pts',(-0.777934935132618,-3.75966278648667,
25.5610490241473));
#7495=CARTESIAN_POINT('Ctrl Pts',(-0.870267207775755,-3.69566435005471,
25.6036073020724));
#7496=CARTESIAN_POINT('Ctrl Pts',(-0.924439555917971,-3.67039845466435,
25.6154047767505));
#7497=CARTESIAN_POINT('Ctrl Pts',(-1.03461108764401,-3.64087808170946,25.6154047767505));
#7498=CARTESIAN_POINT('Ctrl Pts',(-1.094158665013,-3.63567281489576,25.6036073020724));
#7499=CARTESIAN_POINT('Ctrl Pts',(-1.20611997692709,-3.64493095032675,25.5610490241473));
#7500=CARTESIAN_POINT('Ctrl Pts',(-1.25864621896614,-3.65919920226409,25.5305424275983));
#7501=CARTESIAN_POINT('Ctrl Pts',(-1.36707717443387,-3.7046680770133,25.451486182764));
#7502=CARTESIAN_POINT('Ctrl Pts',(-1.42470628912561,-3.74521872122853,25.3930309517057));
#7503=CARTESIAN_POINT('Ctrl Pts',(-1.51689239167863,-3.84189933793482,25.2695638572895));
#7504=CARTESIAN_POINT('Ctrl Pts',(-1.55136143794367,-3.89809751715773,25.2045397672711));
#7505=CARTESIAN_POINT('Ctrl Pts',(-1.57349621554351,-3.953715453439,25.144679068849));
#7506=CARTESIAN_POINT('',(-1.57349621554351,-3.953715453439,19.9));
#7507=CARTESIAN_POINT('Origin',(-0.51958762886598,-3.56230665383111,19.9));
#7508=CARTESIAN_POINT('',(-0.700000000000001,-4.79921868641136,24.55));
#7509=CARTESIAN_POINT('',(-0.700000000000001,-4.79921868641136,19.9));
#7510=CARTESIAN_POINT('',(-0.728865986371163,-4.99712465954591,24.3499999515712));
#7511=CARTESIAN_POINT('Origin',(-3.02966633699919,-3.02966633699919,19.9));
#7512=CARTESIAN_POINT('',(-2.63726991424154,-3.33954542213886,25.144679068849));
#7513=CARTESIAN_POINT('',(-2.63726991424154,-3.33954542213886,19.9));
#7514=CARTESIAN_POINT('',(-3.33954542213886,-2.63726991424154,25.144679068849));
#7515=CARTESIAN_POINT('Ctrl Pts',(-2.63726991424154,-3.33954542213886,25.144679068849));
#7516=CARTESIAN_POINT('Ctrl Pts',(-2.60017075731581,-3.29256717428964,25.2045397672711));
#7517=CARTESIAN_POINT('Ctrl Pts',(-2.56873622959486,-3.23461701496844,25.2695638572895));
#7518=CARTESIAN_POINT('Ctrl Pts',(-2.53110141075017,-3.1064411999285,25.3930309517057));
#7519=CARTESIAN_POINT('Ctrl Pts',(-2.52479808006584,-3.03625760050024,25.451486182764));
#7520=CARTESIAN_POINT('Ctrl Pts',(-2.53963635718538,-2.91961920113396,25.5305424275983));
#7521=CARTESIAN_POINT('Ctrl Pts',(-2.55354280955959,-2.86699601519414,25.5610490241473));
#7522=CARTESIAN_POINT('Ctrl Pts',(-2.60150568504171,-2.76540560712001,25.6036073020724));
#7523=CARTESIAN_POINT('Ctrl Pts',(-2.63578736702035,-2.71643852579149,25.6154047767505));
#7524=CARTESIAN_POINT('Ctrl Pts',(-2.71643852579149,-2.63578736702034,25.6154047767505));
#7525=CARTESIAN_POINT('Ctrl Pts',(-2.76540560712001,-2.60150568504171,25.6036073020724));
#7526=CARTESIAN_POINT('Ctrl Pts',(-2.86699601519414,-2.55354280955958,25.5610490241473));
#7527=CARTESIAN_POINT('Ctrl Pts',(-2.91961920113396,-2.53963635718538,25.5305424275983));
#7528=CARTESIAN_POINT('Ctrl Pts',(-3.03625760050024,-2.52479808006584,25.451486182764));
#7529=CARTESIAN_POINT('Ctrl Pts',(-3.10644119992851,-2.53110141075017,25.3930309517057));
#7530=CARTESIAN_POINT('Ctrl Pts',(-3.23461701496845,-2.56873622959486,25.2695638572895));
#7531=CARTESIAN_POINT('Ctrl Pts',(-3.29256717428964,-2.60017075731581,25.2045397672711));
#7532=CARTESIAN_POINT('Ctrl Pts',(-3.33954542213886,-2.63726991424154,25.144679068849));
#7533=CARTESIAN_POINT('',(-3.33954542213886,-2.63726991424154,19.9));
#7534=CARTESIAN_POINT('Origin',(-2.23112941300562,-2.82525424385509,19.9));
#7535=CARTESIAN_POINT('',(-3.00582712585479,-3.80624530074922,24.55));
#7536=CARTESIAN_POINT('',(-3.00582712585479,-3.80624530074922,19.9));
#7537=CARTESIAN_POINT('',(-3.12977878992478,-3.96320390785884,24.3499999515712));
#7538=CARTESIAN_POINT('Origin',(-4.13860118133145,-1.10893484433225,19.9));
#7539=CARTESIAN_POINT('',(-3.95371545343902,-1.57349621554351,25.1446790688489));
#7540=CARTESIAN_POINT('',(-3.95371545343902,-1.57349621554351,19.9));
#7541=CARTESIAN_POINT('',(-4.21076612978506,-0.614170031300153,25.1446790688489));
#7542=CARTESIAN_POINT('Ctrl Pts',(-3.95371545343902,-1.57349621554351,25.1446790688489));
#7543=CARTESIAN_POINT('Ctrl Pts',(-3.89809751715774,-1.55136143794367,25.2045397672711));
#7544=CARTESIAN_POINT('Ctrl Pts',(-3.84189933793484,-1.51689239167863,25.2695638572895));
#7545=CARTESIAN_POINT('Ctrl Pts',(-3.74521872122854,-1.42470628912561,25.3930309517057));
#7546=CARTESIAN_POINT('Ctrl Pts',(-3.70466807701332,-1.36707717443387,25.451486182764));
#7547=CARTESIAN_POINT('Ctrl Pts',(-3.6591992022641,-1.25864621896615,25.5305424275983));
#7548=CARTESIAN_POINT('Ctrl Pts',(-3.64493095032677,-1.20611997692709,25.5610490241472));
#7549=CARTESIAN_POINT('Ctrl Pts',(-3.63567281489577,-1.094158665013,25.6036073020724));
#7550=CARTESIAN_POINT('Ctrl Pts',(-3.64087808170947,-1.03461108764401,25.6154047767505));
#7551=CARTESIAN_POINT('Ctrl Pts',(-3.67039845466436,-0.924439555917973,
25.6154047767505));
#7552=CARTESIAN_POINT('Ctrl Pts',(-3.69566435005472,-0.870267207775757,
25.6036073020724));
#7553=CARTESIAN_POINT('Ctrl Pts',(-3.75966278648668,-0.777934935132621,
25.5610490241472));
#7554=CARTESIAN_POINT('Ctrl Pts',(-3.79828257615153,-0.739580001130135,
25.5305424275983));
#7555=CARTESIAN_POINT('Ctrl Pts',(-3.89187525449971,-0.668410476513076,
25.451486182764));
#7556=CARTESIAN_POINT('Ctrl Pts',(-3.95580769987579,-0.638777521300032,
25.3930309517057));
#7557=CARTESIAN_POINT('Ctrl Pts',(-4.0856286212735,-0.607282322966386,25.2695638572895));
#7558=CARTESIAN_POINT('Ctrl Pts',(-4.15153219525949,-0.605530342868096,
25.2045397672711));
#7559=CARTESIAN_POINT('Ctrl Pts',(-4.21076612978506,-0.614170031300153,
25.1446790688489));
#7560=CARTESIAN_POINT('',(-4.21076612978506,-0.614170031300153,19.9));
#7561=CARTESIAN_POINT('Origin',(-4.79921868641136,-0.700000000000001,19.9));
#7562=CARTESIAN_POINT('',(-4.79921868641136,-0.700000000000001,24.55));
#7563=CARTESIAN_POINT('',(-4.99712465954591,-0.728865986371164,24.3499999515712));
#7564=CARTESIAN_POINT('',(-4.79921868641136,-0.700000000000001,19.9));
#7565=CARTESIAN_POINT('Origin',(-3.34484187272107,-1.3311772408255,19.9));
#7566=CARTESIAN_POINT('',(-4.50624530074922,-1.79339156055657,24.55));
#7567=CARTESIAN_POINT('',(-4.50624530074922,-1.79339156055657,19.9));
#7568=CARTESIAN_POINT('',(-4.69206989423,-1.86734586962112,24.3499999515712));
#7569=CARTESIAN_POINT('Origin',(9.16070380642053E-17,0.,17.8));
#7570=CARTESIAN_POINT('',(1.,1.22464679914735E-16,20.7));
#7571=CARTESIAN_POINT('Origin',(9.16070380642053E-17,0.,20.7));
#7572=CARTESIAN_POINT('',(1.,1.22464679914735E-16,22.8));
#7573=CARTESIAN_POINT('',(1.,1.22464679914735E-16,17.8));
#7574=CARTESIAN_POINT('Origin',(9.16070380642053E-17,0.,22.8));
#7575=CARTESIAN_POINT('Origin',(9.16070380642053E-17,0.,22.8));
#7576=CARTESIAN_POINT('Origin',(0.,0.,19.9));
#7577=CARTESIAN_POINT('',(7.35,-9.00115397373305E-16,19.9));
#7578=CARTESIAN_POINT('Origin',(0.,0.,19.9));
#7579=CARTESIAN_POINT('Origin',(0.,0.,24.3499999515712));
#7580=CARTESIAN_POINT('',(3.6,-4.40872847693047E-16,25.8));
#7581=CARTESIAN_POINT('Origin',(0.,0.,25.8));
#7582=CARTESIAN_POINT('',(5.05000004842877,-6.18446639500228E-16,24.3499999515712));
#7583=CARTESIAN_POINT('',(-5.48543526076099,0.399999999999999,23.9));
#7584=CARTESIAN_POINT('Ctrl Pts',(-5.48543526076099,0.399999999999999,23.9));
#7585=CARTESIAN_POINT('Ctrl Pts',(-5.12077911013904,0.559420289855674,24.252096289224));
#7586=CARTESIAN_POINT('Ctrl Pts',(-4.79921868641136,0.699999999999999,24.55));
#7587=CARTESIAN_POINT('',(-5.48543526076099,-0.400000000000002,23.9));
#7588=CARTESIAN_POINT('Origin',(0.,0.,23.9));
#7589=CARTESIAN_POINT('Ctrl Pts',(-4.79921868641136,-0.700000000000001,
24.55));
#7590=CARTESIAN_POINT('Ctrl Pts',(-5.12077911012951,-0.559420289859843,
24.2520962892337));
#7591=CARTESIAN_POINT('Ctrl Pts',(-5.48543526076099,-0.400000000000002,
23.9));
#7592=CARTESIAN_POINT('',(-4.95052628663394,-2.39630746886672,23.9));
#7593=CARTESIAN_POINT('Ctrl Pts',(-4.95052628663394,-2.39630746886672,23.9));
#7594=CARTESIAN_POINT('Ctrl Pts',(-4.71443494147691,-2.07591737266205,24.252096289224));
#7595=CARTESIAN_POINT('Ctrl Pts',(-4.50624530074922,-1.79339156055657,24.55));
#7596=CARTESIAN_POINT('',(-4.55052628663394,-3.08912779189427,23.9));
#7597=CARTESIAN_POINT('Origin',(0.,0.,23.9));
#7598=CARTESIAN_POINT('',(-3.80624530074923,-3.00582712585479,24.55));
#7599=CARTESIAN_POINT('Ctrl Pts',(-3.80624530074923,-3.00582712585479,24.55));
#7600=CARTESIAN_POINT('Ctrl Pts',(-4.15501465161091,-3.04486173747583,24.2520962892337));
#7601=CARTESIAN_POINT('Ctrl Pts',(-4.55052628663394,-3.08912779189427,23.9));
#7602=CARTESIAN_POINT('',(-3.96320390785884,-3.12977878992478,24.3499999515712));
#7603=CARTESIAN_POINT('',(-3.08912779189427,-4.55052628663393,23.9));
#7604=CARTESIAN_POINT('Ctrl Pts',(-3.08912779189427,-4.55052628663393,23.9));
#7605=CARTESIAN_POINT('Ctrl Pts',(-3.04486173747699,-4.15501465162123,24.252096289224));
#7606=CARTESIAN_POINT('Ctrl Pts',(-3.00582712585479,-3.80624530074922,24.55));
#7607=CARTESIAN_POINT('',(-2.39630746886672,-4.95052628663393,23.9));
#7608=CARTESIAN_POINT('Origin',(0.,0.,23.9));
#7609=CARTESIAN_POINT('',(-1.79339156055658,-4.50624530074922,24.55));
#7610=CARTESIAN_POINT('Ctrl Pts',(-1.79339156055658,-4.50624530074922,24.55));
#7611=CARTESIAN_POINT('Ctrl Pts',(-2.07591737265368,-4.71443494147074,24.2520962892337));
#7612=CARTESIAN_POINT('Ctrl Pts',(-2.39630746886672,-4.95052628663393,23.9));
#7613=CARTESIAN_POINT('',(-1.86734586962113,-4.69206989423,24.3499999515712));
#7614=CARTESIAN_POINT('',(-0.400000000000001,-5.48543526076099,23.9));
#7615=CARTESIAN_POINT('Ctrl Pts',(-0.400000000000001,-5.48543526076099,
23.9));
#7616=CARTESIAN_POINT('Ctrl Pts',(-0.559420289855677,-5.12077911013903,
24.252096289224));
#7617=CARTESIAN_POINT('Ctrl Pts',(-0.700000000000001,-4.79921868641136,
24.55));
#7618=CARTESIAN_POINT('',(0.399999999999999,-5.48543526076099,23.9));
#7619=CARTESIAN_POINT('Origin',(0.,0.,23.9));
#7620=CARTESIAN_POINT('',(0.699999999999999,-4.79921868641136,24.55));
#7621=CARTESIAN_POINT('Ctrl Pts',(0.699999999999999,-4.79921868641136,24.55));
#7622=CARTESIAN_POINT('Ctrl Pts',(0.559420289859838,-5.12077911012952,24.2520962892337));
#7623=CARTESIAN_POINT('Ctrl Pts',(0.399999999999999,-5.48543526076099,23.9));
#7624=CARTESIAN_POINT('',(0.728865986371162,-4.99712465954591,24.3499999515712));
#7625=CARTESIAN_POINT('',(2.39630746886672,-4.95052628663394,23.9));
#7626=CARTESIAN_POINT('Ctrl Pts',(2.39630746886672,-4.95052628663394,23.9));
#7627=CARTESIAN_POINT('Ctrl Pts',(2.07591737266205,-4.71443494147691,24.252096289224));
#7628=CARTESIAN_POINT('Ctrl Pts',(1.79339156055657,-4.50624530074922,24.55));
#7629=CARTESIAN_POINT('',(3.08912779189427,-4.55052628663394,23.9));
#7630=CARTESIAN_POINT('Origin',(0.,0.,23.9));
#7631=CARTESIAN_POINT('',(3.00582712585479,-3.80624530074923,24.55));
#7632=CARTESIAN_POINT('Ctrl Pts',(3.00582712585479,-3.80624530074923,24.55));
#7633=CARTESIAN_POINT('Ctrl Pts',(3.04486173747583,-4.15501465161091,24.2520962892337));
#7634=CARTESIAN_POINT('Ctrl Pts',(3.08912779189427,-4.55052628663394,23.9));
#7635=CARTESIAN_POINT('',(3.12977878992478,-3.96320390785884,24.3499999515712));
#7636=CARTESIAN_POINT('',(4.55052628663393,-3.08912779189427,23.9));
#7637=CARTESIAN_POINT('Ctrl Pts',(4.55052628663393,-3.08912779189427,23.9));
#7638=CARTESIAN_POINT('Ctrl Pts',(4.15501465162123,-3.04486173747699,24.252096289224));
#7639=CARTESIAN_POINT('Ctrl Pts',(3.80624530074922,-3.00582712585479,24.55));
#7640=CARTESIAN_POINT('',(4.95052628663393,-2.39630746886672,23.9));
#7641=CARTESIAN_POINT('Origin',(0.,0.,23.9));
#7642=CARTESIAN_POINT('',(4.50624530074922,-1.79339156055658,24.55));
#7643=CARTESIAN_POINT('Ctrl Pts',(4.50624530074922,-1.79339156055658,24.55));
#7644=CARTESIAN_POINT('Ctrl Pts',(4.71443494147075,-2.07591737265368,24.2520962892337));
#7645=CARTESIAN_POINT('Ctrl Pts',(4.95052628663393,-2.39630746886672,23.9));
#7646=CARTESIAN_POINT('',(4.69206989423,-1.86734586962113,24.3499999515712));
#7647=CARTESIAN_POINT('Origin',(0.,0.,19.9));
#7648=CARTESIAN_POINT('',(-2.39630746886672,-4.95052628663393,19.9));
#7649=CARTESIAN_POINT('',(-3.08912779189427,-4.55052628663393,19.9));
#7650=CARTESIAN_POINT('Origin',(-3.00582712585479,-3.80624530074922,19.9));
#7651=CARTESIAN_POINT('Origin',(-0.700000000000001,-4.79921868641136,19.9));
#7652=CARTESIAN_POINT('',(-0.400000000000002,-5.48543526076099,19.9));
#7653=CARTESIAN_POINT('Origin',(0.,0.,19.9));
#7654=CARTESIAN_POINT('',(-4.55052628663393,-3.08912779189426,19.9));
#7655=CARTESIAN_POINT('',(-4.95052628663394,-2.39630746886672,19.9));
#7656=CARTESIAN_POINT('Origin',(-4.50624530074922,-1.79339156055657,19.9));
#7657=CARTESIAN_POINT('Origin',(1.79339156055657,-4.50624530074922,19.9));
#7658=CARTESIAN_POINT('',(2.39630746886672,-4.95052628663394,19.9));
#7659=CARTESIAN_POINT('Origin',(0.,0.,19.9));
#7660=CARTESIAN_POINT('',(-5.48543526076098,-0.399999999999997,19.9));
#7661=CARTESIAN_POINT('',(-5.48543526076099,0.4,19.9));
#7662=CARTESIAN_POINT('Origin',(3.80624530074922,-3.00582712585479,19.9));
#7663=CARTESIAN_POINT('',(4.55052628663393,-3.08912779189427,19.9));
#7664=CARTESIAN_POINT('Origin',(-4.79921868641136,0.699999999999999,19.9));
#7665=CARTESIAN_POINT('Origin',(0.,0.,15.95));
#7666=CARTESIAN_POINT('',(-4.4,-5.38844591624835E-16,15.7));
#7667=CARTESIAN_POINT('Origin',(-4.4,-5.38844591624835E-16,15.95));
#7668=CARTESIAN_POINT('Origin',(0.,0.,15.7));
#7669=CARTESIAN_POINT('Origin',(0.,0.,15.7));
#7670=CARTESIAN_POINT('',(-3.35,4.10256677714363E-16,15.7));
#7671=CARTESIAN_POINT('Origin',(0.,0.,15.7));
#7672=CARTESIAN_POINT('Origin',(2.56806454277456,-2.151172820613,17.2));
#7673=CARTESIAN_POINT('',(2.56806454277456,-2.151172820613,17.2));
#7674=CARTESIAN_POINT('',(2.56806454277456,2.15117282061301,17.2));
#7675=CARTESIAN_POINT('',(2.56806454277456,-1.0755864103065,17.2));
#7676=CARTESIAN_POINT('',(2.56806454277456,-2.15117282061301,20.7));
#7677=CARTESIAN_POINT('',(2.56806454277456,-2.151172820613,17.2));
#7678=CARTESIAN_POINT('',(2.56806454277456,2.15117282061301,20.7));
#7679=CARTESIAN_POINT('',(2.56806454277456,-2.151172820613,20.7));
#7680=CARTESIAN_POINT('',(2.56806454277456,2.15117282061301,17.2));
#7681=CARTESIAN_POINT('Origin',(-2.151172820613,-2.56806454277456,17.2));
#7682=CARTESIAN_POINT('',(-2.151172820613,-2.56806454277456,17.2));
#7683=CARTESIAN_POINT('',(2.151172820613,-2.56806454277456,17.2));
#7684=CARTESIAN_POINT('',(-1.0755864103065,-2.56806454277456,17.2));
#7685=CARTESIAN_POINT('',(-2.151172820613,-2.56806454277456,20.7));
#7686=CARTESIAN_POINT('',(-2.151172820613,-2.56806454277456,17.2));
#7687=CARTESIAN_POINT('',(2.151172820613,-2.56806454277456,20.7));
#7688=CARTESIAN_POINT('',(-2.151172820613,-2.56806454277456,20.7));
#7689=CARTESIAN_POINT('',(2.151172820613,-2.56806454277456,17.2));
#7690=CARTESIAN_POINT('Origin',(-2.56806454277456,2.151172820613,17.2));
#7691=CARTESIAN_POINT('',(-2.56806454277456,2.151172820613,17.2));
#7692=CARTESIAN_POINT('',(-2.56806454277456,-2.151172820613,17.2));
#7693=CARTESIAN_POINT('',(-2.56806454277456,1.0755864103065,17.2));
#7694=CARTESIAN_POINT('',(-2.56806454277456,2.151172820613,20.7));
#7695=CARTESIAN_POINT('',(-2.56806454277456,2.151172820613,17.2));
#7696=CARTESIAN_POINT('',(-2.56806454277456,-2.151172820613,20.7));
#7697=CARTESIAN_POINT('',(-2.56806454277456,2.151172820613,20.7));
#7698=CARTESIAN_POINT('',(-2.56806454277456,-2.151172820613,17.2));
#7699=CARTESIAN_POINT('Origin',(2.151172820613,2.56806454277456,17.2));
#7700=CARTESIAN_POINT('',(2.151172820613,2.56806454277456,17.2));
#7701=CARTESIAN_POINT('',(-2.151172820613,2.56806454277456,17.2));
#7702=CARTESIAN_POINT('',(1.0755864103065,2.56806454277456,17.2));
#7703=CARTESIAN_POINT('',(2.151172820613,2.56806454277456,20.7));
#7704=CARTESIAN_POINT('',(2.151172820613,2.56806454277456,17.2));
#7705=CARTESIAN_POINT('',(-2.151172820613,2.56806454277456,20.7));
#7706=CARTESIAN_POINT('',(2.151172820613,2.56806454277456,20.7));
#7707=CARTESIAN_POINT('',(-2.151172820613,2.56806454277456,17.2));
#7708=CARTESIAN_POINT('Origin',(0.,0.,20.7));
#7709=CARTESIAN_POINT('Origin',(1.72084568816899E-14,-1.74860126378462E-14,
20.7));
#7710=CARTESIAN_POINT('Origin',(1.72084568816899E-14,-1.74860126378462E-14,
20.7));
#7711=CARTESIAN_POINT('Origin',(1.72084568816899E-14,-1.74860126378462E-14,
20.7));
#7712=CARTESIAN_POINT('Origin',(1.72084568816899E-14,-1.74860126378462E-14,
20.7));
#7713=CARTESIAN_POINT('Origin',(0.,0.,17.2));
#7714=CARTESIAN_POINT('Origin',(0.,0.,17.2));
#7715=CARTESIAN_POINT('Origin',(0.,0.,17.2));
#7716=CARTESIAN_POINT('Origin',(0.,0.,17.2));
#7717=CARTESIAN_POINT('Origin',(0.,0.,17.2));
#7718=CARTESIAN_POINT('Origin',(0.,0.,17.2));
#7719=CARTESIAN_POINT('Origin',(0.,0.,17.2));
#7720=CARTESIAN_POINT('',(-3.35,-4.10256677714363E-16,17.2));
#7721=CARTESIAN_POINT('Origin',(0.,0.,17.2));
#7722=CARTESIAN_POINT('Origin',(0.,0.,17.2));
#7723=CARTESIAN_POINT('Origin',(0.,0.,15.7));
#7724=CARTESIAN_POINT('',(-3.35,-4.10256677714363E-16,15.7));
#7725=CARTESIAN_POINT('Origin',(4.50624530074922,-1.79339156055658,19.9));
#7726=CARTESIAN_POINT('',(4.50624530074922,-1.79339156055658,19.9));
#7727=CARTESIAN_POINT('Origin',(4.95052628663393,-2.39630746886672,19.9));
#7728=CARTESIAN_POINT('',(4.95052628663395,-2.39630746886672,19.9));
#7729=CARTESIAN_POINT('Origin',(0.,0.,19.9));
#7730=CARTESIAN_POINT('Origin',(3.00582712585479,-3.80624530074923,19.9));
#7731=CARTESIAN_POINT('',(3.00582712585479,-3.80624530074923,19.9));
#7732=CARTESIAN_POINT('Origin',(3.08912779189427,-4.55052628663394,19.9));
#7733=CARTESIAN_POINT('',(3.08912779189428,-4.55052628663394,19.9));
#7734=CARTESIAN_POINT('Origin',(0.,0.,19.9));
#7735=CARTESIAN_POINT('Origin',(0.699999999999999,-4.79921868641136,19.9));
#7736=CARTESIAN_POINT('',(0.699999999999999,-4.79921868641136,19.9));
#7737=CARTESIAN_POINT('Origin',(0.399999999999999,-5.48543526076099,19.9));
#7738=CARTESIAN_POINT('',(0.399999999999995,-5.485435260761,19.9));
#7739=CARTESIAN_POINT('Origin',(0.,0.,19.9));
#7740=CARTESIAN_POINT('Origin',(-1.79339156055658,-4.50624530074922,19.9));
#7741=CARTESIAN_POINT('',(-1.79339156055658,-4.50624530074922,19.9));
#7742=CARTESIAN_POINT('Origin',(-2.39630746886672,-4.95052628663393,19.9));
#7743=CARTESIAN_POINT('Origin',(-3.80624530074923,-3.00582712585479,19.9));
#7744=CARTESIAN_POINT('',(-3.80624530074923,-3.00582712585479,19.9));
#7745=CARTESIAN_POINT('Origin',(-4.55052628663394,-3.08912779189427,19.9));
#7746=CARTESIAN_POINT('Origin',(-5.48543526076099,-0.400000000000001,19.9));
#7747=CARTESIAN_POINT('Origin',(0.,0.,25.8));
#7748=CARTESIAN_POINT('Origin',(0.,0.,19.6));
#7749=CARTESIAN_POINT('',(7.95,9.73594205322146E-16,19.3));
#7750=CARTESIAN_POINT('',(7.65,9.36854801347725E-16,19.6));
#7751=CARTESIAN_POINT('Origin',(0.,0.,19.3));
#7752=CARTESIAN_POINT('Origin',(0.,0.,17.5));
#7753=CARTESIAN_POINT('',(7.95,-5.30881748433437E-16,18.6394781766786));
#7754=CARTESIAN_POINT('',(7.95,9.73594205322146E-16,17.5));
#7755=CARTESIAN_POINT('',(7.94783156923876,0.185669994915128,19.));
#7756=CARTESIAN_POINT('Origin',(0.,0.,0.639654688367408));
#7757=CARTESIAN_POINT('',(6.97585904141827,3.81312085230235,19.));
#7758=CARTESIAN_POINT('Origin',(0.,0.,19.));
#7759=CARTESIAN_POINT('',(6.65542453057892,4.34831281277789,17.75));
#7760=CARTESIAN_POINT('Origin',(0.,0.,0.639654688367413));
#7761=CARTESIAN_POINT('',(4.3483128127779,6.65542453057892,17.75));
#7762=CARTESIAN_POINT('Origin',(0.,0.,17.75));
#7763=CARTESIAN_POINT('',(3.81312085230235,6.97585904141827,19.));
#7764=CARTESIAN_POINT('Origin',(0.,0.,0.639654688367424));
#7765=CARTESIAN_POINT('',(0.185669994915136,7.94783156923876,19.));
#7766=CARTESIAN_POINT('Origin',(0.,0.,19.));
#7767=CARTESIAN_POINT('',(-0.438037094176474,7.93792312284047,17.7500000000023));
#7768=CARTESIAN_POINT('Origin',(0.,0.,0.639654688367475));
#7769=CARTESIAN_POINT('',(-3.58961031006251,7.09346162475649,17.75));
#7770=CARTESIAN_POINT('Origin',(0.,0.,17.75));
#7771=CARTESIAN_POINT('',(-4.13471071693641,6.79018904650314,19.));
#7772=CARTESIAN_POINT('Origin',(0.,0.,0.639654688367446));
#7773=CARTESIAN_POINT('',(-6.79018904650313,4.13471071693642,19.));
#7774=CARTESIAN_POINT('Origin',(0.,0.,19.));
#7775=CARTESIAN_POINT('',(-7.09346162475648,3.58961031006252,17.75));
#7776=CARTESIAN_POINT('Origin',(0.,0.,0.639654688367481));
#7777=CARTESIAN_POINT('',(-7.93792312284041,0.438037094177574,17.75));
#7778=CARTESIAN_POINT('Origin',(0.,0.,17.75));
#7779=CARTESIAN_POINT('',(-7.94783156923876,-0.185669994915122,19.));
#7780=CARTESIAN_POINT('Origin',(0.,0.,0.639654688367399));
#7781=CARTESIAN_POINT('',(-6.97585904141827,-3.81312085230234,19.));
#7782=CARTESIAN_POINT('Origin',(0.,0.,19.));
#7783=CARTESIAN_POINT('',(-6.65542453057892,-4.34831281277789,17.75));
#7784=CARTESIAN_POINT('Origin',(0.,0.,0.639654688367413));
#7785=CARTESIAN_POINT('',(-4.3483128127779,-6.65542453057892,17.75));
#7786=CARTESIAN_POINT('Origin',(0.,0.,17.75));
#7787=CARTESIAN_POINT('',(-3.81312085230235,-6.97585904141827,19.));
#7788=CARTESIAN_POINT('Origin',(0.,0.,0.639654688367421));
#7789=CARTESIAN_POINT('',(-0.185669994915136,-7.94783156923876,19.));
#7790=CARTESIAN_POINT('Origin',(0.,0.,19.));
#7791=CARTESIAN_POINT('',(0.438037094177563,-7.93792312284041,17.75));
#7792=CARTESIAN_POINT('Origin',(0.,0.,0.639654688367468));
#7793=CARTESIAN_POINT('',(3.58961031006252,-7.09346162475648,17.75));
#7794=CARTESIAN_POINT('Origin',(0.,0.,17.75));
#7795=CARTESIAN_POINT('',(4.13471071693641,-6.79018904650314,19.));
#7796=CARTESIAN_POINT('Origin',(0.,0.,0.639654688367408));
#7797=CARTESIAN_POINT('',(6.79018904650314,-4.13471071693641,19.));
#7798=CARTESIAN_POINT('Origin',(0.,0.,19.));
#7799=CARTESIAN_POINT('',(7.09346162475648,-3.58961031006252,17.75));
#7800=CARTESIAN_POINT('Origin',(0.,0.,0.639654688367417));
#7801=CARTESIAN_POINT('',(7.93792312284041,-0.438037094177571,17.75));
#7802=CARTESIAN_POINT('Origin',(0.,0.,17.75));
#7803=CARTESIAN_POINT('Origin',(0.,0.,0.639654688367408));
#7804=CARTESIAN_POINT('Origin',(-5.53035502062182,-2.07425185600668,17.6185854122563));
#7805=CARTESIAN_POINT('',(-7.48680114844023,-0.0744010695299256,17.7371708245126));
#7806=CARTESIAN_POINT('',(-7.9255001864643,0.430264444091082,17.7371708245126));
#7807=CARTESIAN_POINT('',(-5.65452623371782,-2.18219224476961,17.7371708245126));
#7808=CARTESIAN_POINT('Origin',(-4.33517261189883,-3.76850805766876,17.769596335832));
#7809=CARTESIAN_POINT('Ctrl Pts',(-7.24838748607939,0.152901444230082,17.5));
#7810=CARTESIAN_POINT('Ctrl Pts',(-7.329060466902,0.0784570345457422,17.5790850161247));
#7811=CARTESIAN_POINT('Ctrl Pts',(-7.40855630255655,0.0026713097126976,
17.6581639628645));
#7812=CARTESIAN_POINT('Ctrl Pts',(-7.48680114844023,-0.0744010695299214,
17.7371708245126));
#7813=CARTESIAN_POINT('Origin',(0.,0.,17.625));
#7814=CARTESIAN_POINT('',(-6.52096052239672,-3.67896735793845,17.7371708245126));
#7815=CARTESIAN_POINT('Ctrl Pts',(-6.20083697730295,-3.75661027801826,17.5));
#7816=CARTESIAN_POINT('Ctrl Pts',(-6.30792403293625,-3.73247601847325,17.5790850161245));
#7817=CARTESIAN_POINT('Ctrl Pts',(-6.41466230852481,-3.70659157335087,17.6581639628644));
#7818=CARTESIAN_POINT('Ctrl Pts',(-6.52096052239671,-3.67896735793846,17.7371708245126));
#7819=CARTESIAN_POINT('',(-6.52797380117984,-3.69263565100995,17.75));
#7820=CARTESIAN_POINT('Ctrl Pts',(-6.52096052239671,-3.67896735793845,17.7371708245126));
#7821=CARTESIAN_POINT('Ctrl Pts',(-6.52446254243733,-3.68579474054219,17.7435756806722));
#7822=CARTESIAN_POINT('Ctrl Pts',(-6.52797380117984,-3.69263565100994,17.75));
#7823=CARTESIAN_POINT('',(-7.49970897256598,-0.0660706198952016,17.75));
#7824=CARTESIAN_POINT('Origin',(0.,0.,17.75));
#7825=CARTESIAN_POINT('Ctrl Pts',(-7.49970897256598,-0.0660706198952021,
17.75));
#7826=CARTESIAN_POINT('Ctrl Pts',(-7.49324767806184,-0.0702393927740361,
17.7435756806722));
#7827=CARTESIAN_POINT('Ctrl Pts',(-7.48680114844023,-0.0744010695299247,
17.7371708245126));
#7828=CARTESIAN_POINT('Origin',(-5.85669973622398,-1.12390975758305,17.6185854122563));
#7829=CARTESIAN_POINT('',(-6.64855227713085,-4.33537003216019,17.7371708245126));
#7830=CARTESIAN_POINT('Origin',(-5.63862364052926,1.09603740635809,17.769596335832));
#7831=CARTESIAN_POINT('',(-6.01820535556532,-1.09251624536798,17.7371708245126));
#7832=CARTESIAN_POINT('Origin',(0.,0.,17.625));
#7833=CARTESIAN_POINT('Ctrl Pts',(-7.93792312283189,0.438037094172246,17.7499999999912));
#7834=CARTESIAN_POINT('Ctrl Pts',(-7.93170527199676,0.434147556042824,17.7435772850354));
#7835=CARTESIAN_POINT('Ctrl Pts',(-7.9255001864643,0.430264444091081,17.7371708245126));
#7836=CARTESIAN_POINT('',(-7.07881672122191,3.5901301543041,17.7371708245126));
#7837=CARTESIAN_POINT('Ctrl Pts',(-7.07881672122191,3.5901301543041,17.7371708245126));
#7838=CARTESIAN_POINT('Ctrl Pts',(-7.08613203890155,3.58986982347438,17.7435772850354));
#7839=CARTESIAN_POINT('Ctrl Pts',(-7.09346162474644,3.58961031006288,17.7499999999912));
#7840=CARTESIAN_POINT('Origin',(-1.87011558286053,5.43121001825693,17.769596335832));
#7841=CARTESIAN_POINT('Origin',(-7.09910961035692,-0.704736996915595,18.1));
#7842=CARTESIAN_POINT('',(-7.47802615707573,-0.573693989938223,18.7));
#7843=CARTESIAN_POINT('Origin',(0.,0.,0.639654688367399));
#7844=CARTESIAN_POINT('Ctrl Pts',(-7.47802615707573,-0.573693989938222,
18.7));
#7845=CARTESIAN_POINT('Ctrl Pts',(-7.70393906400483,-0.385225420730415,
18.8405563859369));
#7846=CARTESIAN_POINT('Ctrl Pts',(-7.94783156923876,-0.185669994915123,
19.));
#7847=CARTESIAN_POINT('Origin',(0.,0.,17.5));
#7848=CARTESIAN_POINT('',(-6.76300761716122,-3.2421795092529,18.7));
#7849=CARTESIAN_POINT('Origin',(0.,0.,0.639654688367413));
#7850=CARTESIAN_POINT('Origin',(0.,0.,18.7));
#7851=CARTESIAN_POINT('Origin',(0.,0.,18.85));
#7852=CARTESIAN_POINT('Ctrl Pts',(-6.97585904141827,-3.81312085230234,19.));
#7853=CARTESIAN_POINT('Ctrl Pts',(-6.86441964900066,-3.51835453146618,18.8405563859368));
#7854=CARTESIAN_POINT('Ctrl Pts',(-6.76300761716122,-3.24217950925289,18.7));
#7855=CARTESIAN_POINT('Origin',(-6.56066950210783,-3.24940875970471,18.1));
#7856=CARTESIAN_POINT('Ctrl Pts',(-6.64855227713085,-4.33537003216019,17.7371708245126));
#7857=CARTESIAN_POINT('Ctrl Pts',(-6.65198448285875,-4.34183544852237,17.7435772850354));
#7858=CARTESIAN_POINT('Ctrl Pts',(-6.65542453057421,-4.34831281276901,17.7499999999912));
#7859=CARTESIAN_POINT('Origin',(-4.56153231145971,3.75230201180197,17.6185854122563));
#7860=CARTESIAN_POINT('',(-3.80783379050176,6.44655945286679,17.7371708245126));
#7861=CARTESIAN_POINT('',(-3.59013015430409,7.07881672122193,17.7371708245126));
#7862=CARTESIAN_POINT('',(-4.71709703677078,3.80586724238037,17.7371708245126));
#7863=CARTESIAN_POINT('Origin',(-5.43121001825688,1.87011558286053,17.769596335832));
#7864=CARTESIAN_POINT('Ctrl Pts',(-3.49177720806112,6.35373842153302,17.5));
#7865=CARTESIAN_POINT('Ctrl Pts',(-3.59658444842856,6.38638106748217,17.5790850161245));
#7866=CARTESIAN_POINT('Ctrl Pts',(-3.70196472920559,6.4173336182376,17.6581639628644));
#7867=CARTESIAN_POINT('Ctrl Pts',(-3.80783379050176,6.44655945286679,17.7371708245126));
#7868=CARTESIAN_POINT('Origin',(0.,0.,17.625));
#7869=CARTESIAN_POINT('',(-6.44655945286678,3.80783379050177,17.7371708245126));
#7870=CARTESIAN_POINT('Ctrl Pts',(-6.35373842153301,3.49177720806113,17.5));
#7871=CARTESIAN_POINT('Ctrl Pts',(-6.38638106748214,3.59658444842849,17.5790850161244));
#7872=CARTESIAN_POINT('Ctrl Pts',(-6.41733361823758,3.70196472920556,17.6581639628644));
#7873=CARTESIAN_POINT('Ctrl Pts',(-6.44655945286678,3.80783379050177,17.7371708245126));
#7874=CARTESIAN_POINT('',(-6.46190318128462,3.80707332155603,17.75));
#7875=CARTESIAN_POINT('Ctrl Pts',(-6.44655945286678,3.80783379050177,17.7371708245126));
#7876=CARTESIAN_POINT('Ctrl Pts',(-6.45422314966328,3.80745293751964,17.7435756806722));
#7877=CARTESIAN_POINT('Ctrl Pts',(-6.46190318128462,3.80707332155603,17.75));
#7878=CARTESIAN_POINT('',(-3.80707332155602,6.46190318128463,17.75));
#7879=CARTESIAN_POINT('Origin',(0.,0.,17.75));
#7880=CARTESIAN_POINT('Ctrl Pts',(-3.80707332155602,6.46190318128463,17.75));
#7881=CARTESIAN_POINT('Ctrl Pts',(-3.80745293751963,6.45422314966329,17.7435756806722));
#7882=CARTESIAN_POINT('Ctrl Pts',(-3.80783379050176,6.44655945286678,17.7371708245126));
#7883=CARTESIAN_POINT('Origin',(-3.90168426974013,4.51009587511606,17.6185854122563));
#7884=CARTESIAN_POINT('',(-3.95524950031853,4.66566060042713,17.7371708245126));
#7885=CARTESIAN_POINT('Origin',(0.,0.,17.625));
#7886=CARTESIAN_POINT('Ctrl Pts',(-3.58961031006287,7.09346162474644,17.7499999999912));
#7887=CARTESIAN_POINT('Ctrl Pts',(-3.58986982347437,7.08613203890156,17.7435772850354));
#7888=CARTESIAN_POINT('Ctrl Pts',(-3.59013015430409,7.07881672122193,17.7371708245126));
#7889=CARTESIAN_POINT('',(-0.430264444091063,7.92550018646429,17.7371708245126));
#7890=CARTESIAN_POINT('Ctrl Pts',(-0.430264444091063,7.92550018646429,17.7371708245126));
#7891=CARTESIAN_POINT('Ctrl Pts',(-0.434147556043029,7.93170527199711,17.7435772850358));
#7892=CARTESIAN_POINT('Ctrl Pts',(-0.438037094172675,7.9379231228326,17.7499999999919));
#7893=CARTESIAN_POINT('Origin',(3.76850805766875,4.33517261189881,17.769596335832));
#7894=CARTESIAN_POINT('Origin',(-4.15987494749412,5.79564076836154,18.1));
#7895=CARTESIAN_POINT('',(-4.23584664782282,6.18931362722299,18.7));
#7896=CARTESIAN_POINT('Origin',(0.,0.,0.639654688367446));
#7897=CARTESIAN_POINT('Ctrl Pts',(-4.23584664782282,6.18931362722298,18.7));
#7898=CARTESIAN_POINT('Ctrl Pts',(-4.18558453253852,6.47919422827024,18.8405563859369));
#7899=CARTESIAN_POINT('Ctrl Pts',(-4.13471071693641,6.79018904650314,19.));
#7900=CARTESIAN_POINT('Origin',(0.,0.,17.5));
#7901=CARTESIAN_POINT('',(-6.18931362722298,4.23584664782283,18.7));
#7902=CARTESIAN_POINT('Origin',(0.,0.,0.639654688367481));
#7903=CARTESIAN_POINT('Origin',(0.,0.,18.7));
#7904=CARTESIAN_POINT('Origin',(0.,0.,18.85));
#7905=CARTESIAN_POINT('Ctrl Pts',(-6.79018904650313,4.13471071693642,19.));
#7906=CARTESIAN_POINT('Ctrl Pts',(-6.4791942282702,4.18558453253853,18.8405563859369));
#7907=CARTESIAN_POINT('Ctrl Pts',(-6.18931362722298,4.23584664782283,18.7));
#7908=CARTESIAN_POINT('Origin',(-6.09440528423788,4.05700207480683,18.1));
#7909=CARTESIAN_POINT('Origin',(0.,0.,17.625));
#7910=CARTESIAN_POINT('',(-4.3353700321602,-6.64855227713085,17.7371708245126));
#7911=CARTESIAN_POINT('Ctrl Pts',(-4.3353700321602,-6.64855227713085,17.7371708245126));
#7912=CARTESIAN_POINT('Ctrl Pts',(-4.35587905818978,-6.54079293307311,17.6581087217364));
#7913=CARTESIAN_POINT('Ctrl Pts',(-4.37485003665951,-6.43271804479614,17.5790348897042));
#7914=CARTESIAN_POINT('Ctrl Pts',(-4.39226737570172,-6.32439620045632,17.5));
#7915=CARTESIAN_POINT('Ctrl Pts',(-4.3353700321602,-6.64855227713085,17.7371708245126));
#7916=CARTESIAN_POINT('Ctrl Pts',(-4.3418354485268,-6.65198448286109,17.7435772850398));
#7917=CARTESIAN_POINT('Ctrl Pts',(-4.3483128127779,-6.65542453057892,17.75));
#7918=CARTESIAN_POINT('Origin',(0.968822709162101,5.82655386780864,17.6185854122563));
#7919=CARTESIAN_POINT('',(3.67896735793847,6.52096052239671,17.7371708245126));
#7920=CARTESIAN_POINT('',(4.3353700321602,6.64855227713085,17.7371708245126));
#7921=CARTESIAN_POINT('',(0.937429196947032,5.98805948714998,17.7371708245126));
#7922=CARTESIAN_POINT('Origin',(-1.09603740635808,5.6386236405293,17.769596335832));
#7923=CARTESIAN_POINT('Ctrl Pts',(3.75661027801828,6.20083697730294,17.5));
#7924=CARTESIAN_POINT('Ctrl Pts',(3.73247601847323,6.30792403293639,17.5790850161246));
#7925=CARTESIAN_POINT('Ctrl Pts',(3.70659157335086,6.41466230852488,17.6581639628644));
#7926=CARTESIAN_POINT('Ctrl Pts',(3.67896735793847,6.52096052239671,17.7371708245126));
#7927=CARTESIAN_POINT('Origin',(0.,0.,17.625));
#7928=CARTESIAN_POINT('',(0.0744010695299335,7.48680114844023,17.7371708245126));
#7929=CARTESIAN_POINT('Ctrl Pts',(-0.152901444230072,7.2483874860794,17.5));
#7930=CARTESIAN_POINT('Ctrl Pts',(-0.078457034545928,7.32906046690179,17.5790850161244));
#7931=CARTESIAN_POINT('Ctrl Pts',(-0.00267130971278856,7.40855630255645,
17.6581639628644));
#7932=CARTESIAN_POINT('Ctrl Pts',(0.0744010695299324,7.48680114844023,17.7371708245126));
#7933=CARTESIAN_POINT('',(0.0660706198952082,7.49970897256598,17.75));
#7934=CARTESIAN_POINT('Ctrl Pts',(0.0744010695299393,7.48680114844023,17.7371708245126));
#7935=CARTESIAN_POINT('Ctrl Pts',(0.0702393927740514,7.49324767806183,17.7435756806722));
#7936=CARTESIAN_POINT('Ctrl Pts',(0.066070619895218,7.49970897256598,17.75));
#7937=CARTESIAN_POINT('',(3.69263565100996,6.52797380117983,17.75));
#7938=CARTESIAN_POINT('Origin',(0.,0.,17.75));
#7939=CARTESIAN_POINT('Ctrl Pts',(3.69263565100995,6.52797380117983,17.75));
#7940=CARTESIAN_POINT('Ctrl Pts',(3.6857947405422,6.52446254243733,17.7435756806722));
#7941=CARTESIAN_POINT('Ctrl Pts',(3.67896735793846,6.52096052239671,17.7371708245126));
#7942=CARTESIAN_POINT('Origin',(1.95501546648385,5.63400563269912,17.6185854122563));
#7943=CARTESIAN_POINT('',(2.06295585524679,5.75817684579512,17.7371708245126));
#7944=CARTESIAN_POINT('Origin',(0.,0.,17.625));
#7945=CARTESIAN_POINT('Ctrl Pts',(4.34831281276902,6.6554245305742,17.7499999999912));
#7946=CARTESIAN_POINT('Ctrl Pts',(4.34183544852238,6.65198448285874,17.7435772850354));
#7947=CARTESIAN_POINT('Ctrl Pts',(4.3353700321602,6.64855227713085,17.7371708245126));
#7948=CARTESIAN_POINT('',(6.64855227713085,4.3353700321602,17.7371708245126));
#7949=CARTESIAN_POINT('Ctrl Pts',(6.64855227713085,4.3353700321602,17.7371708245126));
#7950=CARTESIAN_POINT('Ctrl Pts',(6.65198448285875,4.34183544852238,17.7435772850354));
#7951=CARTESIAN_POINT('Ctrl Pts',(6.65542453057421,4.34831281276902,17.7499999999912));
#7952=CARTESIAN_POINT('Origin',(5.63862364052934,-1.09603740635811,17.7695963358321));
#7953=CARTESIAN_POINT('Origin',(2.93923466286279,6.50037776527714,18.1));
#7954=CARTESIAN_POINT('',(3.2421795092529,6.76300761716121,18.7));
#7955=CARTESIAN_POINT('Origin',(0.,0.,0.639654688367424));
#7956=CARTESIAN_POINT('Ctrl Pts',(3.24217950925291,6.76300761716121,18.7));
#7957=CARTESIAN_POINT('Ctrl Pts',(3.51835453146621,6.86441964900066,18.8405563859368));
#7958=CARTESIAN_POINT('Ctrl Pts',(3.81312085230235,6.97585904141827,19.));
#7959=CARTESIAN_POINT('Origin',(0.,0.,17.5));
#7960=CARTESIAN_POINT('',(0.573693989938233,7.47802615707573,18.7));
#7961=CARTESIAN_POINT('Origin',(0.,0.,0.639654688367475));
#7962=CARTESIAN_POINT('Origin',(0.,0.,18.7));
#7963=CARTESIAN_POINT('Origin',(0.,0.,18.85));
#7964=CARTESIAN_POINT('Ctrl Pts',(0.185669994915141,7.94783156923876,19.));
#7965=CARTESIAN_POINT('Ctrl Pts',(0.385225420730446,7.70393906400481,18.8405563859369));
#7966=CARTESIAN_POINT('Ctrl Pts',(0.573693989938235,7.47802615707573,18.7));
#7967=CARTESIAN_POINT('Origin',(0.466264217869943,7.30641083451154,18.1));
#7968=CARTESIAN_POINT('Origin',(5.53035502062182,2.07425185600668,17.6185854122563));
#7969=CARTESIAN_POINT('',(7.48680114844023,0.0744010695299234,17.7371708245126));
#7970=CARTESIAN_POINT('',(7.92550018646429,-0.430264444091069,17.7371708245126));
#7971=CARTESIAN_POINT('',(5.65452623371782,2.18219224476961,17.7371708245126));
#7972=CARTESIAN_POINT('Origin',(4.33517261189881,3.76850805766878,17.769596335832));
#7973=CARTESIAN_POINT('Ctrl Pts',(7.2483874860794,-0.152901444230078,17.5));
#7974=CARTESIAN_POINT('Ctrl Pts',(7.32906046690172,-0.0784570345460038,
17.5790850161244));
#7975=CARTESIAN_POINT('Ctrl Pts',(7.40855630255641,-0.00267130971283234,
17.6581639628643));
#7976=CARTESIAN_POINT('Ctrl Pts',(7.48680114844023,0.0744010695299211,17.7371708245126));
#7977=CARTESIAN_POINT('Origin',(0.,0.,17.625));
#7978=CARTESIAN_POINT('',(6.52096052239672,3.67896735793846,17.7371708245126));
#7979=CARTESIAN_POINT('Ctrl Pts',(6.20083697730295,3.75661027801827,17.5));
#7980=CARTESIAN_POINT('Ctrl Pts',(6.30792403293618,3.73247601847327,17.5790850161244));
#7981=CARTESIAN_POINT('Ctrl Pts',(6.41466230852478,3.70659157335088,17.6581639628644));
#7982=CARTESIAN_POINT('Ctrl Pts',(6.52096052239672,3.67896735793846,17.7371708245126));
#7983=CARTESIAN_POINT('',(6.52797380117984,3.69263565100995,17.75));
#7984=CARTESIAN_POINT('Ctrl Pts',(6.52096052239671,3.67896735793846,17.7371708245126));
#7985=CARTESIAN_POINT('Ctrl Pts',(6.52446254243733,3.6857947405422,17.7435756806722));
#7986=CARTESIAN_POINT('Ctrl Pts',(6.52797380117984,3.69263565100995,17.75));
#7987=CARTESIAN_POINT('',(7.49970897256598,0.0660706198952038,17.75));
#7988=CARTESIAN_POINT('Origin',(0.,0.,17.75));
#7989=CARTESIAN_POINT('Ctrl Pts',(7.49970897256598,0.0660706198952055,17.75));
#7990=CARTESIAN_POINT('Ctrl Pts',(7.49324767806184,0.0702393927740391,17.7435756806722));
#7991=CARTESIAN_POINT('Ctrl Pts',(7.48680114844023,0.0744010695299275,17.7371708245126));
#7992=CARTESIAN_POINT('Origin',(5.85669973622398,1.12390975758306,17.6185854122563));
#7993=CARTESIAN_POINT('',(6.01820535556532,1.09251624536799,17.7371708245126));
#7994=CARTESIAN_POINT('Origin',(0.,0.,17.625));
#7995=CARTESIAN_POINT('Ctrl Pts',(7.9379231228319,-0.438037094172242,17.7499999999912));
#7996=CARTESIAN_POINT('Ctrl Pts',(7.93170527199675,-0.434147556042815,17.7435772850354));
#7997=CARTESIAN_POINT('Ctrl Pts',(7.92550018646429,-0.430264444091069,17.7371708245126));
#7998=CARTESIAN_POINT('',(7.07881672122191,-3.5901301543041,17.7371708245126));
#7999=CARTESIAN_POINT('Ctrl Pts',(7.07881672122191,-3.59013015430409,17.7371708245126));
#8000=CARTESIAN_POINT('Ctrl Pts',(7.08613203890155,-3.58986982347438,17.7435772850354));
#8001=CARTESIAN_POINT('Ctrl Pts',(7.09346162474644,-3.58961031006288,17.7499999999912));
#8002=CARTESIAN_POINT('Origin',(1.87011558286051,-5.43121001825689,17.769596335832));
#8003=CARTESIAN_POINT('Origin',(7.09910961035692,0.704736996915598,18.1));
#8004=CARTESIAN_POINT('',(7.47802615707573,0.573693989938224,18.7));
#8005=CARTESIAN_POINT('Origin',(0.,0.,0.639654688367408));
#8006=CARTESIAN_POINT('Ctrl Pts',(7.47802615707572,0.57369398993823,18.7));
#8007=CARTESIAN_POINT('Ctrl Pts',(7.70393906400477,0.385225420730475,18.8405563859369));
#8008=CARTESIAN_POINT('Ctrl Pts',(7.94783156923876,0.185669994915134,19.));
#8009=CARTESIAN_POINT('Origin',(0.,0.,17.5));
#8010=CARTESIAN_POINT('',(6.76300761716122,3.2421795092529,18.7));
#8011=CARTESIAN_POINT('Origin',(0.,0.,0.63965468836741));
#8012=CARTESIAN_POINT('Origin',(0.,0.,18.7));
#8013=CARTESIAN_POINT('Origin',(0.,0.,18.85));
#8014=CARTESIAN_POINT('Ctrl Pts',(6.97585904141827,3.81312085230234,19.));
#8015=CARTESIAN_POINT('Ctrl Pts',(6.8644196490007,3.51835453146629,18.8405563859369));
#8016=CARTESIAN_POINT('Ctrl Pts',(6.76300761716122,3.24217950925289,18.7));
#8017=CARTESIAN_POINT('Origin',(6.56066950210783,3.24940875970472,18.1));
#8018=CARTESIAN_POINT('Origin',(4.56153231145971,-3.75230201180196,17.6185854122563));
#8019=CARTESIAN_POINT('',(3.80783379050176,-6.44655945286679,17.7371708245126));
#8020=CARTESIAN_POINT('',(3.59013015430409,-7.07881672122192,17.7371708245126));
#8021=CARTESIAN_POINT('',(4.71709703677078,-3.80586724238036,17.7371708245126));
#8022=CARTESIAN_POINT('Origin',(5.4312100182569,-1.87011558286054,17.769596335832));
#8023=CARTESIAN_POINT('Ctrl Pts',(3.49177720806112,-6.35373842153302,17.5));
#8024=CARTESIAN_POINT('Ctrl Pts',(3.59658444842861,-6.38638106748219,17.5790850161245));
#8025=CARTESIAN_POINT('Ctrl Pts',(3.70196472920561,-6.41733361823761,17.6581639628644));
#8026=CARTESIAN_POINT('Ctrl Pts',(3.80783379050176,-6.44655945286679,17.7371708245126));
#8027=CARTESIAN_POINT('Origin',(0.,0.,17.625));
#8028=CARTESIAN_POINT('',(6.44655945286679,-3.80783379050177,17.7371708245126));
#8029=CARTESIAN_POINT('Ctrl Pts',(6.35373842153302,-3.49177720806113,17.5));
#8030=CARTESIAN_POINT('Ctrl Pts',(6.38638106748212,-3.5965844484284,17.5790850161243));
#8031=CARTESIAN_POINT('Ctrl Pts',(6.41733361823757,-3.70196472920551,17.6581639628643));
#8032=CARTESIAN_POINT('Ctrl Pts',(6.44655945286678,-3.80783379050177,17.7371708245126));
#8033=CARTESIAN_POINT('',(6.46190318128462,-3.80707332155603,17.75));
#8034=CARTESIAN_POINT('Ctrl Pts',(6.44655945286678,-3.80783379050177,17.7371708245126));
#8035=CARTESIAN_POINT('Ctrl Pts',(6.45422314966328,-3.80745293751963,17.7435756806722));
#8036=CARTESIAN_POINT('Ctrl Pts',(6.46190318128462,-3.80707332155603,17.75));
#8037=CARTESIAN_POINT('',(3.80707332155602,-6.46190318128463,17.75));
#8038=CARTESIAN_POINT('Origin',(0.,0.,17.75));
#8039=CARTESIAN_POINT('Ctrl Pts',(3.80707332155603,-6.46190318128462,17.75));
#8040=CARTESIAN_POINT('Ctrl Pts',(3.80745293751963,-6.45422314966328,17.7435756806722));
#8041=CARTESIAN_POINT('Ctrl Pts',(3.80783379050177,-6.44655945286678,17.7371708245126));
#8042=CARTESIAN_POINT('Origin',(3.90168426974013,-4.51009587511606,17.6185854122563));
#8043=CARTESIAN_POINT('',(3.95524950031853,-4.66566060042713,17.7371708245126));
#8044=CARTESIAN_POINT('Origin',(0.,0.,17.625));
#8045=CARTESIAN_POINT('Ctrl Pts',(3.58961031006287,-7.09346162474644,17.7499999999912));
#8046=CARTESIAN_POINT('Ctrl Pts',(3.58986982347437,-7.08613203890156,17.7435772850354));
#8047=CARTESIAN_POINT('Ctrl Pts',(3.59013015430409,-7.07881672122192,17.7371708245126));
#8048=CARTESIAN_POINT('',(0.430264444091063,-7.92550018646429,17.7371708245126));
#8049=CARTESIAN_POINT('Ctrl Pts',(0.438037094177563,-7.93792312284041,17.75));
#8050=CARTESIAN_POINT('Ctrl Pts',(0.434147556045475,-7.93170527200102,17.7435772850398));
#8051=CARTESIAN_POINT('Ctrl Pts',(0.430264444091063,-7.92550018646429,17.7371708245126));
#8052=CARTESIAN_POINT('Ctrl Pts',(0.430264444091063,-7.92550018646429,17.7371708245126));
#8053=CARTESIAN_POINT('Ctrl Pts',(0.501905453668392,-7.84243237002997,17.6581087217365));
#8054=CARTESIAN_POINT('Ctrl Pts',(0.572372247096331,-7.7583222605058,17.5790348897042));
#8055=CARTESIAN_POINT('Ctrl Pts',(0.641617027343131,-7.67322146104382,17.5));
#8056=CARTESIAN_POINT('Origin',(4.15987494749412,-5.79564076836154,18.1));
#8057=CARTESIAN_POINT('',(4.23584664782282,-6.18931362722299,18.7));
#8058=CARTESIAN_POINT('Origin',(0.,0.,0.639654688367408));
#8059=CARTESIAN_POINT('Ctrl Pts',(4.23584664782283,-6.18931362722298,18.7));
#8060=CARTESIAN_POINT('Ctrl Pts',(4.18558453253851,-6.47919422827028,18.8405563859369));
#8061=CARTESIAN_POINT('Ctrl Pts',(4.13471071693641,-6.79018904650313,19.));
#8062=CARTESIAN_POINT('Origin',(0.,0.,17.5));
#8063=CARTESIAN_POINT('',(6.18931362722299,-4.23584664782282,18.7));
#8064=CARTESIAN_POINT('Origin',(0.,0.,0.639654688367417));
#8065=CARTESIAN_POINT('Origin',(0.,0.,18.7));
#8066=CARTESIAN_POINT('Origin',(0.,0.,18.85));
#8067=CARTESIAN_POINT('Ctrl Pts',(6.79018904650314,-4.13471071693641,19.));
#8068=CARTESIAN_POINT('Ctrl Pts',(6.47919422827021,-4.18558453253853,18.8405563859369));
#8069=CARTESIAN_POINT('Ctrl Pts',(6.18931362722298,-4.23584664782283,18.7));
#8070=CARTESIAN_POINT('Origin',(6.09440528423788,-4.05700207480682,18.1));
#8071=CARTESIAN_POINT('Origin',(-0.9688227091621,-5.82655386780864,17.6185854122563));
#8072=CARTESIAN_POINT('',(-3.67896735793847,-6.52096052239671,17.7371708245126));
#8073=CARTESIAN_POINT('Ctrl Pts',(-3.75661027801827,-6.20083697730294,17.5));
#8074=CARTESIAN_POINT('Ctrl Pts',(-3.73247601847321,-6.30792403293645,17.5790850161246));
#8075=CARTESIAN_POINT('Ctrl Pts',(-3.70659157335085,-6.41466230852491,17.6581639628645));
#8076=CARTESIAN_POINT('Ctrl Pts',(-3.67896735793847,-6.52096052239671,17.7371708245126));
#8077=CARTESIAN_POINT('',(-0.937429196947031,-5.98805948714998,17.7371708245126));
#8078=CARTESIAN_POINT('Origin',(0.,0.,17.625));
#8079=CARTESIAN_POINT('',(-0.0744010695299346,-7.48680114844023,17.7371708245126));
#8080=CARTESIAN_POINT('Ctrl Pts',(0.152901444230073,-7.2483874860794,17.5));
#8081=CARTESIAN_POINT('Ctrl Pts',(0.0784570345458694,-7.32906046690185,
17.5790850161245));
#8082=CARTESIAN_POINT('Ctrl Pts',(0.00267130971275911,-7.40855630255648,
17.6581639628644));
#8083=CARTESIAN_POINT('Ctrl Pts',(-0.0744010695299318,-7.48680114844023,
17.7371708245126));
#8084=CARTESIAN_POINT('',(-0.0660706198952127,-7.49970897256598,17.75));
#8085=CARTESIAN_POINT('Ctrl Pts',(-0.0744010695299351,-7.48680114844022,
17.7371708245126));
#8086=CARTESIAN_POINT('Ctrl Pts',(-0.0702393927740472,-7.49324767806183,
17.7435756806722));
#8087=CARTESIAN_POINT('Ctrl Pts',(-0.066070619895214,-7.49970897256597,
17.75));
#8088=CARTESIAN_POINT('',(-3.69263565100996,-6.52797380117983,17.75));
#8089=CARTESIAN_POINT('Origin',(0.,0.,17.75));
#8090=CARTESIAN_POINT('Ctrl Pts',(-3.69263565100995,-6.52797380117983,17.75));
#8091=CARTESIAN_POINT('Ctrl Pts',(-3.6857947405422,-6.52446254243733,17.7435756806722));
#8092=CARTESIAN_POINT('Ctrl Pts',(-3.67896735793846,-6.52096052239671,17.7371708245126));
#8093=CARTESIAN_POINT('Origin',(-1.95501546648385,-5.63400563269912,17.6185854122563));
#8094=CARTESIAN_POINT('',(-2.06295585524679,-5.75817684579512,17.7371708245126));
#8095=CARTESIAN_POINT('Origin',(0.,0.,17.5));
#8096=CARTESIAN_POINT('',(-0.573693989938232,-7.47802615707573,18.7));
#8097=CARTESIAN_POINT('Origin',(0.,0.,0.639654688367468));
#8098=CARTESIAN_POINT('',(-3.2421795092529,-6.76300761716121,18.7));
#8099=CARTESIAN_POINT('Origin',(0.,0.,18.7));
#8100=CARTESIAN_POINT('Origin',(0.,0.,0.639654688367421));
#8101=CARTESIAN_POINT('Origin',(-0.466264217869942,-7.30641083451154,18.1));
#8102=CARTESIAN_POINT('Ctrl Pts',(-0.185669994915138,-7.94783156923876,
19.));
#8103=CARTESIAN_POINT('Ctrl Pts',(-0.385225420730409,-7.70393906400486,
18.8405563859369));
#8104=CARTESIAN_POINT('Ctrl Pts',(-0.573693989938232,-7.47802615707572,
18.7));
#8105=CARTESIAN_POINT('Origin',(0.,0.,18.85));
#8106=CARTESIAN_POINT('Ctrl Pts',(-3.2421795092529,-6.76300761716121,18.7));
#8107=CARTESIAN_POINT('Ctrl Pts',(-3.51835453146627,-6.86441964900069,18.8405563859369));
#8108=CARTESIAN_POINT('Ctrl Pts',(-3.81312085230234,-6.97585904141827,19.));
#8109=CARTESIAN_POINT('Origin',(-2.93923466286279,-6.50037776527714,18.1));
#8110=UNCERTAINTY_MEASURE_WITH_UNIT(LENGTH_MEASURE(0.01),#8114,
'DISTANCE_ACCURACY_VALUE',
'Maximum model space distance between geometric entities at asserted c
onnectivities');
#8111=UNCERTAINTY_MEASURE_WITH_UNIT(LENGTH_MEASURE(0.01),#8114,
'DISTANCE_ACCURACY_VALUE',
'Maximum model space distance between geometric entities at asserted c
onnectivities');
#8112=(
GEOMETRIC_REPRESENTATION_CONTEXT(3)
GLOBAL_UNCERTAINTY_ASSIGNED_CONTEXT((#8110))
GLOBAL_UNIT_ASSIGNED_CONTEXT((#8114,#8116,#8117))
REPRESENTATION_CONTEXT('','3D')
);
#8113=(
GEOMETRIC_REPRESENTATION_CONTEXT(3)
GLOBAL_UNCERTAINTY_ASSIGNED_CONTEXT((#8111))
GLOBAL_UNIT_ASSIGNED_CONTEXT((#8114,#8116,#8117))
REPRESENTATION_CONTEXT('','3D')
);
#8114=(
LENGTH_UNIT()
NAMED_UNIT(*)
SI_UNIT(.MILLI.,.METRE.)
);
#8115=(
LENGTH_UNIT()
NAMED_UNIT(*)
SI_UNIT($,.METRE.)
);
#8116=(
NAMED_UNIT(*)
PLANE_ANGLE_UNIT()
SI_UNIT($,.RADIAN.)
);
#8117=(
NAMED_UNIT(*)
SI_UNIT($,.STERADIAN.)
SOLID_ANGLE_UNIT()
);
#8118=SHAPE_DEFINITION_REPRESENTATION(#8119,#8120);
#8119=PRODUCT_DEFINITION_SHAPE('',$,#8122);
#8120=SHAPE_REPRESENTATION('',(#4242),#8112);
#8121=PRODUCT_DEFINITION_CONTEXT('part definition',#8126,'design');
#8122=PRODUCT_DEFINITION('Free Bit Template','Free Bit Template v2',#8123,
#8121);
#8123=PRODUCT_DEFINITION_FORMATION('',$,#8128);
#8124=PRODUCT_RELATED_PRODUCT_CATEGORY('Free Bit Template v2',
'Free Bit Template v2',(#8128));
#8125=APPLICATION_PROTOCOL_DEFINITION('international standard',
'automotive_design',2009,#8126);
#8126=APPLICATION_CONTEXT(
'Core Data for Automotive Mechanical Design Process');
#8127=PRODUCT_CONTEXT('part definition',#8126,'mechanical');
#8128=PRODUCT('Free Bit Template','Free Bit Template v2',$,(#8127));
#8129=PRESENTATION_STYLE_ASSIGNMENT((#8131));
#8130=PRESENTATION_STYLE_ASSIGNMENT((#8132));
#8131=SURFACE_STYLE_USAGE(.BOTH.,#8133);
#8132=SURFACE_STYLE_USAGE(.BOTH.,#8134);
#8133=SURFACE_SIDE_STYLE('',(#8135));
#8134=SURFACE_SIDE_STYLE('',(#8136));
#8135=SURFACE_STYLE_FILL_AREA(#8137);
#8136=SURFACE_STYLE_FILL_AREA(#8138);
#8137=FILL_AREA_STYLE('Steel - Satin',(#8139));
#8138=FILL_AREA_STYLE('Nylon 6-6 (White)',(#8140));
#8139=FILL_AREA_STYLE_COLOUR('Steel - Satin',#8141);
#8140=FILL_AREA_STYLE_COLOUR('Nylon 6-6 (White)',#8142);
#8141=COLOUR_RGB('Steel - Satin',0.627450980392157,0.627450980392157,0.627450980392157);
#8142=COLOUR_RGB('Nylon 6-6 (White)',0.972549019607843,0.968627450980392,
0.929411764705882);
ENDSEC;
END-ISO-10303-21;
