ISO-10303-21;
HEADER;
/* Generated by software containing ST-Developer
 * from STEP Tools, Inc. (www.steptools.com) 
 */

FILE_DESCRIPTION(
/* description */ (''),
/* implementation_level */ '2;1');

FILE_NAME(
/* name */ 'Bit (18 Teeth).step',
/* time_stamp */ '2026-09-29T13:23:08-04:00',
/* author */ (''),
/* organization */ (''),
/* preprocessor_version */ 'ST-DEVELOPER v20.2',
/* originating_system */ 'Autodesk Translation Framework v15.15.0.0',
/* authorisation */ '');

FILE_SCHEMA (('AUTOMOTIVE_DESIGN { 1 0 10303 214 3 1 1 }'));
ENDSEC;

DATA;
#10=MECHANICAL_DESIGN_GEOMETRIC_PRESENTATION_REPRESENTATION('',(#16,#17),
#6229);
#11=SHAPE_REPRESENTATION_RELATIONSHIP('SRR','None',#6236,#12);
#12=ADVANCED_BREP_SHAPE_REPRESENTATION('',(#18,#19),#6228);
#13=TOROIDAL_SURFACE('',#3607,4.75,0.1);
#14=TOROIDAL_SURFACE('',#3753,4.4,0.25);
#15=TOROIDAL_SURFACE('',#3758,7.7,0.25);
#16=STYLED_ITEM('',(#6246),#18);
#17=STYLED_ITEM('',(#6246),#19);
#18=MANIFOLD_SOLID_BREP('Body1',#3497);
#19=MANIFOLD_SOLID_BREP('Body4',#3498);
#20=(
BOUNDED_CURVE()
B_SPLINE_CURVE(2,(#4899,#4900,#4901),.UNSPECIFIED.,.F.,.F.)
B_SPLINE_CURVE_WITH_KNOTS((3,3),(5.41968473887198E-5,0.203734406597877),
 .UNSPECIFIED.)
CURVE()
GEOMETRIC_REPRESENTATION_ITEM()
RATIONAL_B_SPLINE_CURVE((1.0000162499138,1.03054480054801,1.01368091674628))
REPRESENTATION_ITEM('')
);
#21=(
BOUNDED_CURVE()
B_SPLINE_CURVE(2,(#4903,#4904,#4905),.UNSPECIFIED.,.F.,.F.)
B_SPLINE_CURVE_WITH_KNOTS((3,3),(0.0587813384204652,0.262461548171101),
 .UNSPECIFIED.)
CURVE()
GEOMETRIC_REPRESENTATION_ITEM()
RATIONAL_B_SPLINE_CURVE((1.01368091674628,1.03054480054799,1.00001624991375))
REPRESENTATION_ITEM('')
);
#22=(
BOUNDED_CURVE()
B_SPLINE_CURVE(2,(#4907,#4908,#4909),.UNSPECIFIED.,.F.,.F.)
B_SPLINE_CURVE_WITH_KNOTS((3,3),(0.0986570158923435,0.127617154087354),
 .UNSPECIFIED.)
CURVE()
GEOMETRIC_REPRESENTATION_ITEM()
RATIONAL_B_SPLINE_CURVE((1.01586482812367,1.01639323639249,1.01586482812367))
REPRESENTATION_ITEM('')
);
#23=(
BOUNDED_CURVE()
B_SPLINE_CURVE(2,(#4911,#4912,#4913),.UNSPECIFIED.,.F.,.F.)
B_SPLINE_CURVE_WITH_KNOTS((3,3),(5.41968473884575E-5,0.203734406597877),
 .UNSPECIFIED.)
CURVE()
GEOMETRIC_REPRESENTATION_ITEM()
RATIONAL_B_SPLINE_CURVE((1.0000162499138,1.03054480054799,1.01368091674628))
REPRESENTATION_ITEM('')
);
#24=(
BOUNDED_CURVE()
B_SPLINE_CURVE(2,(#4915,#4916,#4917),.UNSPECIFIED.,.F.,.F.)
B_SPLINE_CURVE_WITH_KNOTS((3,3),(0.0587813384204643,0.2624615481711),
 .UNSPECIFIED.)
CURVE()
GEOMETRIC_REPRESENTATION_ITEM()
RATIONAL_B_SPLINE_CURVE((1.01368091674629,1.03054480054802,1.00001624991375))
REPRESENTATION_ITEM('')
);
#25=(
BOUNDED_CURVE()
B_SPLINE_CURVE(2,(#4919,#4920,#4921),.UNSPECIFIED.,.F.,.F.)
B_SPLINE_CURVE_WITH_KNOTS((3,3),(0.0986570158923433,0.127617154087353),
 .UNSPECIFIED.)
CURVE()
GEOMETRIC_REPRESENTATION_ITEM()
RATIONAL_B_SPLINE_CURVE((1.01586482812365,1.01639323639247,1.01586482812365))
REPRESENTATION_ITEM('')
);
#26=(
BOUNDED_CURVE()
B_SPLINE_CURVE(2,(#4923,#4924,#4925),.UNSPECIFIED.,.F.,.F.)
B_SPLINE_CURVE_WITH_KNOTS((3,3),(5.41968473886063E-5,0.203734406597877),
 .UNSPECIFIED.)
CURVE()
GEOMETRIC_REPRESENTATION_ITEM()
RATIONAL_B_SPLINE_CURVE((1.0000162499138,1.03054480054799,1.01368091674628))
REPRESENTATION_ITEM('')
);
#27=(
BOUNDED_CURVE()
B_SPLINE_CURVE(2,(#4927,#4928,#4929),.UNSPECIFIED.,.F.,.F.)
B_SPLINE_CURVE_WITH_KNOTS((3,3),(0.0587813384204646,0.262461548171101),
 .UNSPECIFIED.)
CURVE()
GEOMETRIC_REPRESENTATION_ITEM()
RATIONAL_B_SPLINE_CURVE((1.01368091674628,1.03054480054801,1.00001624991375))
REPRESENTATION_ITEM('')
);
#28=(
BOUNDED_CURVE()
B_SPLINE_CURVE(2,(#4931,#4932,#4933),.UNSPECIFIED.,.F.,.F.)
B_SPLINE_CURVE_WITH_KNOTS((3,3),(0.0986570158923432,0.127617154087353),
 .UNSPECIFIED.)
CURVE()
GEOMETRIC_REPRESENTATION_ITEM()
RATIONAL_B_SPLINE_CURVE((1.01586482812365,1.01639323639247,1.01586482812365))
REPRESENTATION_ITEM('')
);
#29=(
BOUNDED_CURVE()
B_SPLINE_CURVE(2,(#4935,#4936,#4937),.UNSPECIFIED.,.F.,.F.)
B_SPLINE_CURVE_WITH_KNOTS((3,3),(5.41968473883604E-5,0.203734406597877),
 .UNSPECIFIED.)
CURVE()
GEOMETRIC_REPRESENTATION_ITEM()
RATIONAL_B_SPLINE_CURVE((1.0000162499138,1.03054480054799,1.01368091674628))
REPRESENTATION_ITEM('')
);
#30=(
BOUNDED_CURVE()
B_SPLINE_CURVE(2,(#4939,#4940,#4941),.UNSPECIFIED.,.F.,.F.)
B_SPLINE_CURVE_WITH_KNOTS((3,3),(0.058781338420464,0.2624615481711),
 .UNSPECIFIED.)
CURVE()
GEOMETRIC_REPRESENTATION_ITEM()
RATIONAL_B_SPLINE_CURVE((1.01368091674629,1.03054480054803,1.00001624991375))
REPRESENTATION_ITEM('')
);
#31=(
BOUNDED_CURVE()
B_SPLINE_CURVE(2,(#4943,#4944,#4945),.UNSPECIFIED.,.F.,.F.)
B_SPLINE_CURVE_WITH_KNOTS((3,3),(0.0986570158923431,0.127617154087353),
 .UNSPECIFIED.)
CURVE()
GEOMETRIC_REPRESENTATION_ITEM()
RATIONAL_B_SPLINE_CURVE((1.01586482812365,1.01639323639247,1.01586482812365))
REPRESENTATION_ITEM('')
);
#32=(
BOUNDED_CURVE()
B_SPLINE_CURVE(2,(#4947,#4948,#4949),.UNSPECIFIED.,.F.,.F.)
B_SPLINE_CURVE_WITH_KNOTS((3,3),(5.41968473880281E-5,0.203734406597875),
 .UNSPECIFIED.)
CURVE()
GEOMETRIC_REPRESENTATION_ITEM()
RATIONAL_B_SPLINE_CURVE((1.0000162499138,1.03054480054797,1.01368091674627))
REPRESENTATION_ITEM('')
);
#33=(
BOUNDED_CURVE()
B_SPLINE_CURVE(2,(#4951,#4952,#4953),.UNSPECIFIED.,.F.,.F.)
B_SPLINE_CURVE_WITH_KNOTS((3,3),(0.0587813384204646,0.262461548171101),
 .UNSPECIFIED.)
CURVE()
GEOMETRIC_REPRESENTATION_ITEM()
RATIONAL_B_SPLINE_CURVE((1.01368091674629,1.03054480054801,1.00001624991375))
REPRESENTATION_ITEM('')
);
#34=(
BOUNDED_CURVE()
B_SPLINE_CURVE(2,(#4955,#4956,#4957),.UNSPECIFIED.,.F.,.F.)
B_SPLINE_CURVE_WITH_KNOTS((3,3),(0.0986570158923431,0.127617154087353),
 .UNSPECIFIED.)
CURVE()
GEOMETRIC_REPRESENTATION_ITEM()
RATIONAL_B_SPLINE_CURVE((1.01586482812365,1.01639323639247,1.01586482812365))
REPRESENTATION_ITEM('')
);
#35=(
BOUNDED_CURVE()
B_SPLINE_CURVE(2,(#4959,#4960,#4961),.UNSPECIFIED.,.F.,.F.)
B_SPLINE_CURVE_WITH_KNOTS((3,3),(5.41968473881344E-5,0.203734406597876),
 .UNSPECIFIED.)
CURVE()
GEOMETRIC_REPRESENTATION_ITEM()
RATIONAL_B_SPLINE_CURVE((1.0000162499138,1.03054480054798,1.01368091674627))
REPRESENTATION_ITEM('')
);
#36=(
BOUNDED_CURVE()
B_SPLINE_CURVE(2,(#4963,#4964,#4965),.UNSPECIFIED.,.F.,.F.)
B_SPLINE_CURVE_WITH_KNOTS((3,3),(0.0587813384204647,0.262461548171101),
 .UNSPECIFIED.)
CURVE()
GEOMETRIC_REPRESENTATION_ITEM()
RATIONAL_B_SPLINE_CURVE((1.01368091674629,1.03054480054802,1.00001624991375))
REPRESENTATION_ITEM('')
);
#37=(
BOUNDED_CURVE()
B_SPLINE_CURVE(2,(#4967,#4968,#4969),.UNSPECIFIED.,.F.,.F.)
B_SPLINE_CURVE_WITH_KNOTS((3,3),(0.0986570158923425,0.113137084989847),
 .UNSPECIFIED.)
CURVE()
GEOMETRIC_REPRESENTATION_ITEM()
RATIONAL_B_SPLINE_CURVE((1.01586482812366,1.01612903225807,1.01612903225807))
REPRESENTATION_ITEM('')
);
#38=(
BOUNDED_CURVE()
B_SPLINE_CURVE(2,(#4972,#4973,#4974),.UNSPECIFIED.,.F.,.F.)
B_SPLINE_CURVE_WITH_KNOTS((3,3),(0.113137084989847,0.127617154087353),
 .UNSPECIFIED.)
CURVE()
GEOMETRIC_REPRESENTATION_ITEM()
RATIONAL_B_SPLINE_CURVE((1.01612903225807,1.01612903225807,1.01586482812366))
REPRESENTATION_ITEM('')
);
#39=(
BOUNDED_CURVE()
B_SPLINE_CURVE(2,(#4976,#4977,#4978),.UNSPECIFIED.,.F.,.F.)
B_SPLINE_CURVE_WITH_KNOTS((3,3),(5.41968473879806E-5,0.203734406597877),
 .UNSPECIFIED.)
CURVE()
GEOMETRIC_REPRESENTATION_ITEM()
RATIONAL_B_SPLINE_CURVE((1.0000162499138,1.03054480054799,1.01368091674628))
REPRESENTATION_ITEM('')
);
#40=(
BOUNDED_CURVE()
B_SPLINE_CURVE(2,(#4980,#4981,#4982),.UNSPECIFIED.,.F.,.F.)
B_SPLINE_CURVE_WITH_KNOTS((3,3),(0.0587813384204653,0.262461548171101),
 .UNSPECIFIED.)
CURVE()
GEOMETRIC_REPRESENTATION_ITEM()
RATIONAL_B_SPLINE_CURVE((1.01368091674628,1.03054480054799,1.00001624991375))
REPRESENTATION_ITEM('')
);
#41=(
BOUNDED_CURVE()
B_SPLINE_CURVE(2,(#4984,#4985,#4986),.UNSPECIFIED.,.F.,.F.)
B_SPLINE_CURVE_WITH_KNOTS((3,3),(0.0986570158923441,0.127617154087354),
 .UNSPECIFIED.)
CURVE()
GEOMETRIC_REPRESENTATION_ITEM()
RATIONAL_B_SPLINE_CURVE((1.01586482812366,1.01639323639248,1.01586482812366))
REPRESENTATION_ITEM('')
);
#42=(
BOUNDED_CURVE()
B_SPLINE_CURVE(2,(#4988,#4989,#4990),.UNSPECIFIED.,.F.,.F.)
B_SPLINE_CURVE_WITH_KNOTS((3,3),(5.41968473881E-5,0.203734406597876),
 .UNSPECIFIED.)
CURVE()
GEOMETRIC_REPRESENTATION_ITEM()
RATIONAL_B_SPLINE_CURVE((1.0000162499138,1.03054480054798,1.01368091674627))
REPRESENTATION_ITEM('')
);
#43=(
BOUNDED_CURVE()
B_SPLINE_CURVE(2,(#4992,#4993,#4994),.UNSPECIFIED.,.F.,.F.)
B_SPLINE_CURVE_WITH_KNOTS((3,3),(0.0587813384204651,0.262461548171101),
 .UNSPECIFIED.)
CURVE()
GEOMETRIC_REPRESENTATION_ITEM()
RATIONAL_B_SPLINE_CURVE((1.01368091674628,1.03054480054799,1.00001624991375))
REPRESENTATION_ITEM('')
);
#44=(
BOUNDED_CURVE()
B_SPLINE_CURVE(2,(#4995,#4996,#4997),.UNSPECIFIED.,.F.,.F.)
B_SPLINE_CURVE_WITH_KNOTS((3,3),(0.0986570158923425,0.127617154087353),
 .UNSPECIFIED.)
CURVE()
GEOMETRIC_REPRESENTATION_ITEM()
RATIONAL_B_SPLINE_CURVE((1.01586482812366,1.01639323639248,1.01586482812366))
REPRESENTATION_ITEM('')
);
#45=(
BOUNDED_CURVE()
B_SPLINE_CURVE(2,(#5708,#5709,#5710),.UNSPECIFIED.,.F.,.F.)
B_SPLINE_CURVE_WITH_KNOTS((3,3),(0.185550378754653,0.326668031342316),
 .UNSPECIFIED.)
CURVE()
GEOMETRIC_REPRESENTATION_ITEM()
RATIONAL_B_SPLINE_CURVE((1.013730688657,1.01589032903319,1.01339290959523))
REPRESENTATION_ITEM('')
);
#46=(
BOUNDED_CURVE()
B_SPLINE_CURVE(2,(#5713,#5714,#5715),.UNSPECIFIED.,.F.,.F.)
B_SPLINE_CURVE_WITH_KNOTS((3,3),(0.175315039250107,0.316432691839866),
 .UNSPECIFIED.)
CURVE()
GEOMETRIC_REPRESENTATION_ITEM()
RATIONAL_B_SPLINE_CURVE((1.0133929095952,1.01589032903319,1.01373068865691))
REPRESENTATION_ITEM('')
);
#47=(
BOUNDED_CURVE()
B_SPLINE_CURVE(2,(#5719,#5720,#5721),.UNSPECIFIED.,.F.,.F.)
B_SPLINE_CURVE_WITH_KNOTS((3,3),(0.185550378754642,0.326668031342301),
 .UNSPECIFIED.)
CURVE()
GEOMETRIC_REPRESENTATION_ITEM()
RATIONAL_B_SPLINE_CURVE((1.01373068865698,1.01589032903316,1.01339290959521))
REPRESENTATION_ITEM('')
);
#48=(
BOUNDED_CURVE()
B_SPLINE_CURVE(2,(#5724,#5725,#5726),.UNSPECIFIED.,.F.,.F.)
B_SPLINE_CURVE_WITH_KNOTS((3,3),(0.175315039250134,0.316432691839895),
 .UNSPECIFIED.)
CURVE()
GEOMETRIC_REPRESENTATION_ITEM()
RATIONAL_B_SPLINE_CURVE((1.01339290959523,1.01589032903323,1.01373068865694))
REPRESENTATION_ITEM('')
);
#49=(
BOUNDED_CURVE()
B_SPLINE_CURVE(2,(#5730,#5731,#5732),.UNSPECIFIED.,.F.,.F.)
B_SPLINE_CURVE_WITH_KNOTS((3,3),(0.185550378754673,0.326668031342323),
 .UNSPECIFIED.)
CURVE()
GEOMETRIC_REPRESENTATION_ITEM()
RATIONAL_B_SPLINE_CURVE((1.01373068865689,1.01589032903307,1.01339290959512))
REPRESENTATION_ITEM('')
);
#50=(
BOUNDED_CURVE()
B_SPLINE_CURVE(2,(#5735,#5736,#5737),.UNSPECIFIED.,.F.,.F.)
B_SPLINE_CURVE_WITH_KNOTS((3,3),(0.175315039250122,0.316432691839891),
 .UNSPECIFIED.)
CURVE()
GEOMETRIC_REPRESENTATION_ITEM()
RATIONAL_B_SPLINE_CURVE((1.01339290959528,1.01589032903329,1.01373068865699))
REPRESENTATION_ITEM('')
);
#51=(
BOUNDED_CURVE()
B_SPLINE_CURVE(2,(#5741,#5742,#5743),.UNSPECIFIED.,.F.,.F.)
B_SPLINE_CURVE_WITH_KNOTS((3,3),(0.185550378754659,0.326668031342321),
 .UNSPECIFIED.)
CURVE()
GEOMETRIC_REPRESENTATION_ITEM()
RATIONAL_B_SPLINE_CURVE((1.01373068865699,1.01589032903318,1.01339290959522))
REPRESENTATION_ITEM('')
);
#52=(
BOUNDED_CURVE()
B_SPLINE_CURVE(2,(#5746,#5747,#5748),.UNSPECIFIED.,.F.,.F.)
B_SPLINE_CURVE_WITH_KNOTS((3,3),(0.17531503925012,0.316432691839882),
 .UNSPECIFIED.)
CURVE()
GEOMETRIC_REPRESENTATION_ITEM()
RATIONAL_B_SPLINE_CURVE((1.01339290959523,1.01589032903323,1.01373068865694))
REPRESENTATION_ITEM('')
);
#53=(
BOUNDED_CURVE()
B_SPLINE_CURVE(2,(#5752,#5753,#5754),.UNSPECIFIED.,.F.,.F.)
B_SPLINE_CURVE_WITH_KNOTS((3,3),(0.185550378754631,0.326668031342304),
 .UNSPECIFIED.)
CURVE()
GEOMETRIC_REPRESENTATION_ITEM()
RATIONAL_B_SPLINE_CURVE((1.01373068865708,1.01589032903329,1.01339290959531))
REPRESENTATION_ITEM('')
);
#54=(
BOUNDED_CURVE()
B_SPLINE_CURVE(2,(#5757,#5758,#5759),.UNSPECIFIED.,.F.,.F.)
B_SPLINE_CURVE_WITH_KNOTS((3,3),(0.175315039250145,0.31643269183991),
 .UNSPECIFIED.)
CURVE()
GEOMETRIC_REPRESENTATION_ITEM()
RATIONAL_B_SPLINE_CURVE((1.01339290959527,1.01589032903328,1.01373068865698))
REPRESENTATION_ITEM('')
);
#55=(
BOUNDED_CURVE()
B_SPLINE_CURVE(2,(#5763,#5764,#5765),.UNSPECIFIED.,.F.,.F.)
B_SPLINE_CURVE_WITH_KNOTS((3,3),(0.185550378754659,0.326668031342323),
 .UNSPECIFIED.)
CURVE()
GEOMETRIC_REPRESENTATION_ITEM()
RATIONAL_B_SPLINE_CURVE((1.013730688657,1.01589032903319,1.01339290959523))
REPRESENTATION_ITEM('')
);
#56=(
BOUNDED_CURVE()
B_SPLINE_CURVE(2,(#5768,#5769,#5770),.UNSPECIFIED.,.F.,.F.)
B_SPLINE_CURVE_WITH_KNOTS((3,3),(0.175315039250121,0.316432691839874),
 .UNSPECIFIED.)
CURVE()
GEOMETRIC_REPRESENTATION_ITEM()
RATIONAL_B_SPLINE_CURVE((1.01339290959516,1.01589032903315,1.01373068865687))
REPRESENTATION_ITEM('')
);
#57=(
BOUNDED_CURVE()
B_SPLINE_CURVE(2,(#5774,#5775,#5776),.UNSPECIFIED.,.F.,.F.)
B_SPLINE_CURVE_WITH_KNOTS((3,3),(0.185550378754624,0.326668031342286),
 .UNSPECIFIED.)
CURVE()
GEOMETRIC_REPRESENTATION_ITEM()
RATIONAL_B_SPLINE_CURVE((1.01373068865702,1.01589032903321,1.01339290959524))
REPRESENTATION_ITEM('')
);
#58=(
BOUNDED_CURVE()
B_SPLINE_CURVE(2,(#5779,#5780,#5781),.UNSPECIFIED.,.F.,.F.)
B_SPLINE_CURVE_WITH_KNOTS((3,3),(0.175315039250131,0.316432691839887),
 .UNSPECIFIED.)
CURVE()
GEOMETRIC_REPRESENTATION_ITEM()
RATIONAL_B_SPLINE_CURVE((1.01339290959519,1.01589032903319,1.0137306886569))
REPRESENTATION_ITEM('')
);
#59=(
BOUNDED_CURVE()
B_SPLINE_CURVE(2,(#5785,#5786,#5787),.UNSPECIFIED.,.F.,.F.)
B_SPLINE_CURVE_WITH_KNOTS((3,3),(0.185550378754649,0.326668031342314),
 .UNSPECIFIED.)
CURVE()
GEOMETRIC_REPRESENTATION_ITEM()
RATIONAL_B_SPLINE_CURVE((1.01373068865702,1.01589032903321,1.01339290959524))
REPRESENTATION_ITEM('')
);
#60=(
BOUNDED_CURVE()
B_SPLINE_CURVE(2,(#5790,#5791,#5792),.UNSPECIFIED.,.F.,.F.)
B_SPLINE_CURVE_WITH_KNOTS((3,3),(0.175315039250143,0.316432691839906),
 .UNSPECIFIED.)
CURVE()
GEOMETRIC_REPRESENTATION_ITEM()
RATIONAL_B_SPLINE_CURVE((1.01339290959526,1.01589032903326,1.01373068865697))
REPRESENTATION_ITEM('')
);
#61=(
BOUNDED_CURVE()
B_SPLINE_CURVE(2,(#5796,#5797,#5798),.UNSPECIFIED.,.F.,.F.)
B_SPLINE_CURVE_WITH_KNOTS((3,3),(0.185550378754673,0.326668031342333),
 .UNSPECIFIED.)
CURVE()
GEOMETRIC_REPRESENTATION_ITEM()
RATIONAL_B_SPLINE_CURVE((1.01373068865697,1.01589032903315,1.0133929095952))
REPRESENTATION_ITEM('')
);
#62=(
BOUNDED_CURVE()
B_SPLINE_CURVE(2,(#5801,#5802,#5803),.UNSPECIFIED.,.F.,.F.)
B_SPLINE_CURVE_WITH_KNOTS((3,3),(0.175315039250124,0.316432691839891),
 .UNSPECIFIED.)
CURVE()
GEOMETRIC_REPRESENTATION_ITEM()
RATIONAL_B_SPLINE_CURVE((1.01339290959527,1.01589032903328,1.01373068865698))
REPRESENTATION_ITEM('')
);
#63=(
BOUNDED_CURVE()
B_SPLINE_CURVE(2,(#5807,#5808,#5809),.UNSPECIFIED.,.F.,.F.)
B_SPLINE_CURVE_WITH_KNOTS((3,3),(0.185550378754669,0.326668031342333),
 .UNSPECIFIED.)
CURVE()
GEOMETRIC_REPRESENTATION_ITEM()
RATIONAL_B_SPLINE_CURVE((1.013730688657,1.01589032903318,1.01339290959522))
REPRESENTATION_ITEM('')
);
#64=(
BOUNDED_CURVE()
B_SPLINE_CURVE(2,(#5812,#5813,#5814),.UNSPECIFIED.,.F.,.F.)
B_SPLINE_CURVE_WITH_KNOTS((3,3),(0.175315039250131,0.316432691839894),
 .UNSPECIFIED.)
CURVE()
GEOMETRIC_REPRESENTATION_ITEM()
RATIONAL_B_SPLINE_CURVE((1.01339290959525,1.01589032903325,1.01373068865696))
REPRESENTATION_ITEM('')
);
#65=(
BOUNDED_CURVE()
B_SPLINE_CURVE(2,(#5818,#5819,#5820),.UNSPECIFIED.,.F.,.F.)
B_SPLINE_CURVE_WITH_KNOTS((3,3),(0.185550378754641,0.326668031342311),
 .UNSPECIFIED.)
CURVE()
GEOMETRIC_REPRESENTATION_ITEM()
RATIONAL_B_SPLINE_CURVE((1.01373068865706,1.01589032903325,1.01339290959528))
REPRESENTATION_ITEM('')
);
#66=(
BOUNDED_CURVE()
B_SPLINE_CURVE(2,(#5823,#5824,#5825),.UNSPECIFIED.,.F.,.F.)
B_SPLINE_CURVE_WITH_KNOTS((3,3),(0.175315039250134,0.31643269183989),
 .UNSPECIFIED.)
CURVE()
GEOMETRIC_REPRESENTATION_ITEM()
RATIONAL_B_SPLINE_CURVE((1.0133929095952,1.01589032903319,1.01373068865691))
REPRESENTATION_ITEM('')
);
#67=(
BOUNDED_CURVE()
B_SPLINE_CURVE(2,(#5829,#5830,#5831),.UNSPECIFIED.,.F.,.F.)
B_SPLINE_CURVE_WITH_KNOTS((3,3),(0.185550378754635,0.326668031342298),
 .UNSPECIFIED.)
CURVE()
GEOMETRIC_REPRESENTATION_ITEM()
RATIONAL_B_SPLINE_CURVE((1.01373068865701,1.0158903290332,1.01339290959524))
REPRESENTATION_ITEM('')
);
#68=(
BOUNDED_CURVE()
B_SPLINE_CURVE(2,(#5834,#5835,#5836),.UNSPECIFIED.,.F.,.F.)
B_SPLINE_CURVE_WITH_KNOTS((3,3),(0.175315039250132,0.316432691839898),
 .UNSPECIFIED.)
CURVE()
GEOMETRIC_REPRESENTATION_ITEM()
RATIONAL_B_SPLINE_CURVE((1.01339290959527,1.01589032903328,1.01373068865698))
REPRESENTATION_ITEM('')
);
#69=(
BOUNDED_CURVE()
B_SPLINE_CURVE(2,(#5840,#5841,#5842),.UNSPECIFIED.,.F.,.F.)
B_SPLINE_CURVE_WITH_KNOTS((3,3),(0.185550378754636,0.326668031342303),
 .UNSPECIFIED.)
CURVE()
GEOMETRIC_REPRESENTATION_ITEM()
RATIONAL_B_SPLINE_CURVE((1.01373068865704,1.01589032903323,1.01339290959526))
REPRESENTATION_ITEM('')
);
#70=(
BOUNDED_CURVE()
B_SPLINE_CURVE(2,(#5845,#5846,#5847),.UNSPECIFIED.,.F.,.F.)
B_SPLINE_CURVE_WITH_KNOTS((3,3),(0.175315039250146,0.316432691839902),
 .UNSPECIFIED.)
CURVE()
GEOMETRIC_REPRESENTATION_ITEM()
RATIONAL_B_SPLINE_CURVE((1.01339290959521,1.0158903290332,1.01373068865692))
REPRESENTATION_ITEM('')
);
#71=(
BOUNDED_CURVE()
B_SPLINE_CURVE(2,(#5851,#5852,#5853),.UNSPECIFIED.,.F.,.F.)
B_SPLINE_CURVE_WITH_KNOTS((3,3),(0.185550378754654,0.326668031342322),
 .UNSPECIFIED.)
CURVE()
GEOMETRIC_REPRESENTATION_ITEM()
RATIONAL_B_SPLINE_CURVE((1.01373068865703,1.01589032903322,1.01339290959526))
REPRESENTATION_ITEM('')
);
#72=(
BOUNDED_CURVE()
B_SPLINE_CURVE(2,(#5856,#5857,#5858),.UNSPECIFIED.,.F.,.F.)
B_SPLINE_CURVE_WITH_KNOTS((3,3),(0.175315039250142,0.316432691839914),
 .UNSPECIFIED.)
CURVE()
GEOMETRIC_REPRESENTATION_ITEM()
RATIONAL_B_SPLINE_CURVE((1.01339290959532,1.01589032903333,1.01373068865703))
REPRESENTATION_ITEM('')
);
#73=(
BOUNDED_CURVE()
B_SPLINE_CURVE(2,(#5862,#5863,#5864),.UNSPECIFIED.,.F.,.F.)
B_SPLINE_CURVE_WITH_KNOTS((3,3),(0.185550378754646,0.326668031342301),
 .UNSPECIFIED.)
CURVE()
GEOMETRIC_REPRESENTATION_ITEM()
RATIONAL_B_SPLINE_CURVE((1.01373068865695,1.01589032903313,1.01339290959518))
REPRESENTATION_ITEM('')
);
#74=(
BOUNDED_CURVE()
B_SPLINE_CURVE(2,(#5867,#5868,#5869),.UNSPECIFIED.,.F.,.F.)
B_SPLINE_CURVE_WITH_KNOTS((3,3),(0.175315039250127,0.316432691839891),
 .UNSPECIFIED.)
CURVE()
GEOMETRIC_REPRESENTATION_ITEM()
RATIONAL_B_SPLINE_CURVE((1.01339290959525,1.01589032903325,1.01373068865696))
REPRESENTATION_ITEM('')
);
#75=(
BOUNDED_CURVE()
B_SPLINE_CURVE(2,(#5873,#5874,#5875),.UNSPECIFIED.,.F.,.F.)
B_SPLINE_CURVE_WITH_KNOTS((3,3),(0.185550378754624,0.326668031342286),
 .UNSPECIFIED.)
CURVE()
GEOMETRIC_REPRESENTATION_ITEM()
RATIONAL_B_SPLINE_CURVE((1.01373068865702,1.01589032903321,1.01339290959524))
REPRESENTATION_ITEM('')
);
#76=(
BOUNDED_CURVE()
B_SPLINE_CURVE(2,(#5878,#5879,#5880),.UNSPECIFIED.,.F.,.F.)
B_SPLINE_CURVE_WITH_KNOTS((3,3),(0.175315039250131,0.316432691839887),
 .UNSPECIFIED.)
CURVE()
GEOMETRIC_REPRESENTATION_ITEM()
RATIONAL_B_SPLINE_CURVE((1.01339290959519,1.01589032903319,1.0137306886569))
REPRESENTATION_ITEM('')
);
#77=(
BOUNDED_CURVE()
B_SPLINE_CURVE(2,(#5884,#5885,#5886),.UNSPECIFIED.,.F.,.F.)
B_SPLINE_CURVE_WITH_KNOTS((3,3),(0.185550378754649,0.326668031342317),
 .UNSPECIFIED.)
CURVE()
GEOMETRIC_REPRESENTATION_ITEM()
RATIONAL_B_SPLINE_CURVE((1.01373068865704,1.01589032903323,1.01339290959526))
REPRESENTATION_ITEM('')
);
#78=(
BOUNDED_CURVE()
B_SPLINE_CURVE(2,(#5889,#5890,#5891),.UNSPECIFIED.,.F.,.F.)
B_SPLINE_CURVE_WITH_KNOTS((3,3),(0.17531503925012,0.316432691839882),
 .UNSPECIFIED.)
CURVE()
GEOMETRIC_REPRESENTATION_ITEM()
RATIONAL_B_SPLINE_CURVE((1.01339290959523,1.01589032903323,1.01373068865694))
REPRESENTATION_ITEM('')
);
#79=(
BOUNDED_CURVE()
B_SPLINE_CURVE(2,(#5895,#5896,#5897),.UNSPECIFIED.,.F.,.F.)
B_SPLINE_CURVE_WITH_KNOTS((3,3),(0.185550378754653,0.326668031342315),
 .UNSPECIFIED.)
CURVE()
GEOMETRIC_REPRESENTATION_ITEM()
RATIONAL_B_SPLINE_CURVE((1.013730688657,1.01589032903319,1.01339290959522))
REPRESENTATION_ITEM('')
);
#80=(
BOUNDED_CURVE()
B_SPLINE_CURVE(2,(#5900,#5901,#5902),.UNSPECIFIED.,.F.,.F.)
B_SPLINE_CURVE_WITH_KNOTS((3,3),(0.175315039250112,0.316432691839882),
 .UNSPECIFIED.)
CURVE()
GEOMETRIC_REPRESENTATION_ITEM()
RATIONAL_B_SPLINE_CURVE((1.01339290959528,1.01589032903329,1.01373068865699))
REPRESENTATION_ITEM('')
);
#81=B_SPLINE_CURVE_WITH_KNOTS('',3,(#4861,#4862,#4863,#4864),
 .UNSPECIFIED.,.F.,.F.,(4,4),(-0.0307163779642733,0.),.UNSPECIFIED.);
#82=B_SPLINE_CURVE_WITH_KNOTS('',3,(#4865,#4866,#4867,#4868),
 .UNSPECIFIED.,.F.,.F.,(4,4),(-0.0306821693791023,0.),.UNSPECIFIED.);
#83=B_SPLINE_CURVE_WITH_KNOTS('',3,(#4871,#4872,#4873,#4874),
 .UNSPECIFIED.,.F.,.F.,(4,4),(-0.0306821693791012,0.),.UNSPECIFIED.);
#84=B_SPLINE_CURVE_WITH_KNOTS('',3,(#4879,#4880,#4881,#4882),
 .UNSPECIFIED.,.F.,.F.,(4,4),(-0.0306821693790884,0.),.UNSPECIFIED.);
#85=B_SPLINE_CURVE_WITH_KNOTS('',3,(#5122,#5123,#5124,#5125,#5126,#5127,
#5128,#5129,#5130,#5131,#5132,#5133,#5134,#5135,#5136,#5137,#5138,#5139),
 .UNSPECIFIED.,.F.,.F.,(4,2,2,2,2,2,2,2,4),(0.,0.0309994759540602,0.0619989519081204,
0.0829641438727606,0.103929335837401,0.124894527802041,0.145859719766681,
0.176859195720741,0.207858671674801),.UNSPECIFIED.);
#86=B_SPLINE_CURVE_WITH_KNOTS('',3,(#5148,#5149,#5150,#5151,#5152,#5153,
#5154,#5155,#5156,#5157,#5158,#5159,#5160,#5161,#5162,#5163,#5164,#5165),
 .UNSPECIFIED.,.F.,.F.,(4,2,2,2,2,2,2,2,4),(0.,0.0309994759540602,0.0619989519081205,
0.0829641438727607,0.103929335837401,0.124894527802041,0.145859719766681,
0.176859195720741,0.207858671674801),.UNSPECIFIED.);
#87=B_SPLINE_CURVE_WITH_KNOTS('',3,(#5180,#5181,#5182,#5183,#5184,#5185,
#5186,#5187,#5188,#5189,#5190,#5191,#5192,#5193,#5194,#5195,#5196,#5197),
 .UNSPECIFIED.,.F.,.F.,(4,2,2,2,2,2,2,2,4),(0.,0.0309994759540602,0.0619989519081205,
0.0829641438727607,0.103929335837401,0.124894527802041,0.145859719766681,
0.176859195720742,0.207858671674802),.UNSPECIFIED.);
#88=B_SPLINE_CURVE_WITH_KNOTS('',3,(#5212,#5213,#5214,#5215,#5216,#5217,
#5218,#5219,#5220,#5221,#5222,#5223,#5224,#5225,#5226,#5227,#5228,#5229),
 .UNSPECIFIED.,.F.,.F.,(4,2,2,2,2,2,2,2,4),(0.,0.0309994759540603,0.0619989519081205,
0.0829641438727606,0.103929335837401,0.124894527802041,0.145859719766681,
0.176859195720741,0.207858671674802),.UNSPECIFIED.);
#89=B_SPLINE_CURVE_WITH_KNOTS('',3,(#5238,#5239,#5240,#5241,#5242,#5243,
#5244,#5245,#5246,#5247,#5248,#5249,#5250,#5251,#5252,#5253,#5254,#5255),
 .UNSPECIFIED.,.F.,.F.,(4,2,2,2,2,2,2,2,4),(0.,0.0309994759540602,0.0619989519081205,
0.0829641438727606,0.103929335837401,0.124894527802041,0.145859719766681,
0.176859195720741,0.207858671674802),.UNSPECIFIED.);
#90=B_SPLINE_CURVE_WITH_KNOTS('',3,(#5270,#5271,#5272,#5273,#5274,#5275,
#5276,#5277,#5278,#5279,#5280,#5281,#5282,#5283,#5284,#5285,#5286,#5287),
 .UNSPECIFIED.,.F.,.F.,(4,2,2,2,2,2,2,2,4),(0.,0.0309994759540604,0.0619989519081208,
0.082964143872761,0.103929335837401,0.124894527802041,0.145859719766682,
0.176859195720742,0.207858671674802),.UNSPECIFIED.);
#91=B_SPLINE_CURVE_WITH_KNOTS('',3,(#5302,#5303,#5304,#5305,#5306,#5307,
#5308,#5309,#5310,#5311,#5312,#5313,#5314,#5315,#5316,#5317,#5318,#5319),
 .UNSPECIFIED.,.F.,.F.,(4,2,2,2,2,2,2,2,4),(0.,0.0309994759540602,0.0619989519081205,
0.0829641438727606,0.103929335837401,0.124894527802041,0.145859719766681,
0.176859195720741,0.207858671674802),.UNSPECIFIED.);
#92=B_SPLINE_CURVE_WITH_KNOTS('',3,(#5334,#5335,#5336,#5337,#5338,#5339,
#5340,#5341,#5342,#5343),.UNSPECIFIED.,.F.,.F.,(4,2,2,2,4),(0.,0.0309994759540603,
0.0619989519081206,0.0829641438727607,0.103929335837401),.UNSPECIFIED.);
#93=B_SPLINE_CURVE_WITH_KNOTS('',3,(#5345,#5346,#5347,#5348,#5349,#5350,
#5351,#5352,#5353,#5354),.UNSPECIFIED.,.F.,.F.,(4,2,2,2,4),(0.103929335837401,
0.124894527802041,0.145859719766681,0.176859195720741,0.207858671674802),
 .UNSPECIFIED.);
#94=B_SPLINE_CURVE_WITH_KNOTS('',3,(#5369,#5370,#5371,#5372,#5373,#5374,
#5375,#5376,#5377,#5378,#5379,#5380,#5381,#5382,#5383,#5384,#5385,#5386),
 .UNSPECIFIED.,.F.,.F.,(4,2,2,2,2,2,2,2,4),(0.,0.0309994759540602,0.0619989519081205,
0.0829641438727606,0.103929335837401,0.124894527802041,0.145859719766681,
0.176859195720741,0.207858671674802),.UNSPECIFIED.);
#95=B_SPLINE_CURVE_WITH_KNOTS('',3,(#5407,#5408,#5409,#5410,#5411,#5412,
#5413,#5414,#5415,#5416,#5417,#5418,#5419,#5420,#5421,#5422,#5423,#5424),
 .UNSPECIFIED.,.F.,.F.,(4,2,2,2,2,2,2,2,4),(0.,0.0309994759540602,0.0619989519081205,
0.0829641438727606,0.103929335837401,0.124894527802041,0.145859719766681,
0.176859195720741,0.207858671674802),.UNSPECIFIED.);
#96=B_SPLINE_CURVE_WITH_KNOTS('',3,(#5439,#5440,#5441,#5442,#5443,#5444,
#5445,#5446,#5447,#5448,#5449,#5450,#5451,#5452,#5453,#5454,#5455,#5456),
 .UNSPECIFIED.,.F.,.F.,(4,2,2,2,2,2,2,2,4),(0.,0.0309994759540602,0.0619989519081205,
0.0829641438727607,0.103929335837401,0.124894527802041,0.145859719766681,
0.176859195720741,0.207858671674802),.UNSPECIFIED.);
#97=B_SPLINE_CURVE_WITH_KNOTS('',3,(#5477,#5478,#5479,#5480,#5481,#5482,
#5483,#5484,#5485,#5486,#5487,#5488,#5489,#5490,#5491,#5492,#5493,#5494),
 .UNSPECIFIED.,.F.,.F.,(4,2,2,2,2,2,2,2,4),(0.,0.0309994759540603,0.0619989519081205,
0.0829641438727606,0.103929335837401,0.124894527802041,0.145859719766681,
0.176859195720741,0.207858671674802),.UNSPECIFIED.);
#98=B_SPLINE_CURVE_WITH_KNOTS('',3,(#5509,#5510,#5511,#5512,#5513,#5514,
#5515,#5516,#5517,#5518,#5519,#5520,#5521,#5522,#5523,#5524,#5525,#5526),
 .UNSPECIFIED.,.F.,.F.,(4,2,2,2,2,2,2,2,4),(0.,0.0309994759540602,0.0619989519081204,
0.0829641438727606,0.103929335837401,0.124894527802041,0.145859719766681,
0.176859195720741,0.207858671674801),.UNSPECIFIED.);
#99=B_SPLINE_CURVE_WITH_KNOTS('',3,(#5541,#5542,#5543,#5544,#5545,#5546,
#5547,#5548,#5549,#5550,#5551,#5552,#5553,#5554,#5555,#5556,#5557,#5558),
 .UNSPECIFIED.,.F.,.F.,(4,2,2,2,2,2,2,2,4),(0.,0.0309994759540604,0.0619989519081209,
0.082964143872761,0.103929335837401,0.124894527802041,0.145859719766681,
0.176859195720742,0.207858671674802),.UNSPECIFIED.);
#100=B_SPLINE_CURVE_WITH_KNOTS('',3,(#5573,#5574,#5575,#5576,#5577,#5578,
#5579,#5580,#5581,#5582,#5583,#5584,#5585,#5586,#5587,#5588,#5589,#5590),
 .UNSPECIFIED.,.F.,.F.,(4,2,2,2,2,2,2,2,4),(0.,0.0309994759540602,0.0619989519081204,
0.0829641438727606,0.103929335837401,0.124894527802041,0.145859719766681,
0.176859195720741,0.207858671674801),.UNSPECIFIED.);
#101=B_SPLINE_CURVE_WITH_KNOTS('',3,(#5605,#5606,#5607,#5608,#5609,#5610,
#5611,#5612,#5613,#5614,#5615,#5616,#5617,#5618,#5619,#5620,#5621,#5622),
 .UNSPECIFIED.,.F.,.F.,(4,2,2,2,2,2,2,2,4),(0.,0.0309994759540602,0.0619989519081205,
0.0829641438727606,0.103929335837401,0.124894527802041,0.145859719766681,
0.176859195720741,0.207858671674802),.UNSPECIFIED.);
#102=B_SPLINE_CURVE_WITH_KNOTS('',3,(#5637,#5638,#5639,#5640,#5641,#5642,
#5643,#5644,#5645,#5646,#5647,#5648,#5649,#5650,#5651,#5652,#5653,#5654),
 .UNSPECIFIED.,.F.,.F.,(4,2,2,2,2,2,2,2,4),(0.,0.0309994759540602,0.0619989519081204,
0.0829641438727606,0.103929335837401,0.124894527802041,0.145859719766681,
0.176859195720741,0.207858671674802),.UNSPECIFIED.);
#103=B_SPLINE_CURVE_WITH_KNOTS('',3,(#5669,#5670,#5671,#5672,#5673,#5674,
#5675,#5676,#5677,#5678,#5679,#5680,#5681,#5682,#5683,#5684,#5685,#5686),
 .UNSPECIFIED.,.F.,.F.,(4,2,2,2,2,2,2,2,4),(0.,0.0309994759540602,0.0619989519081205,
0.0829641438727606,0.103929335837401,0.124894527802041,0.145859719766681,
0.176859195720741,0.207858671674802),.UNSPECIFIED.);
#104=CONICAL_SURFACE('',#3519,2.45,0.785398163397448);
#105=CONICAL_SURFACE('',#3551,4.575,0.785398163397448);
#106=CONICAL_SURFACE('',#3566,3.65,0.785398163397449);
#107=CONICAL_SURFACE('',#3568,0.9,0.785398163397449);
#108=CONICAL_SURFACE('',#3570,3.65,0.785398163397449);
#109=CONICAL_SURFACE('',#3572,0.9,0.785398163397449);
#110=CONICAL_SURFACE('',#3576,4.72928932188134,0.392699081698726);
#111=CONICAL_SURFACE('',#3579,4.13175,0.785398163397447);
#112=CONICAL_SURFACE('',#3675,7.71492502763631,0.785398163397447);
#113=LINE('',#4749,#427);
#114=LINE('',#4752,#428);
#115=LINE('',#4758,#429);
#116=LINE('',#4764,#430);
#117=LINE('',#4779,#431);
#118=LINE('',#4781,#432);
#119=LINE('',#4783,#433);
#120=LINE('',#4784,#434);
#121=LINE('',#4788,#435);
#122=LINE('',#4790,#436);
#123=LINE('',#4792,#437);
#124=LINE('',#4793,#438);
#125=LINE('',#4797,#439);
#126=LINE('',#4799,#440);
#127=LINE('',#4801,#441);
#128=LINE('',#4802,#442);
#129=LINE('',#4806,#443);
#130=LINE('',#4808,#444);
#131=LINE('',#4810,#445);
#132=LINE('',#4811,#446);
#133=LINE('',#4829,#447);
#134=LINE('',#4835,#448);
#135=LINE('',#4856,#449);
#136=LINE('',#4886,#450);
#137=LINE('',#4887,#451);
#138=LINE('',#4889,#452);
#139=LINE('',#4895,#453);
#140=LINE('',#4970,#454);
#141=LINE('',#5001,#455);
#142=LINE('',#5002,#456);
#143=LINE('',#5003,#457);
#144=LINE('',#5006,#458);
#145=LINE('',#5007,#459);
#146=LINE('',#5010,#460);
#147=LINE('',#5012,#461);
#148=LINE('',#5014,#462);
#149=LINE('',#5016,#463);
#150=LINE('',#5018,#464);
#151=LINE('',#5020,#465);
#152=LINE('',#5022,#466);
#153=LINE('',#5024,#467);
#154=LINE('',#5026,#468);
#155=LINE('',#5028,#469);
#156=LINE('',#5030,#470);
#157=LINE('',#5032,#471);
#158=LINE('',#5034,#472);
#159=LINE('',#5036,#473);
#160=LINE('',#5038,#474);
#161=LINE('',#5040,#475);
#162=LINE('',#5042,#476);
#163=LINE('',#5044,#477);
#164=LINE('',#5046,#478);
#165=LINE('',#5048,#479);
#166=LINE('',#5050,#480);
#167=LINE('',#5051,#481);
#168=LINE('',#5053,#482);
#169=LINE('',#5054,#483);
#170=LINE('',#5056,#484);
#171=LINE('',#5058,#485);
#172=LINE('',#5059,#486);
#173=LINE('',#5062,#487);
#174=LINE('',#5063,#488);
#175=LINE('',#5065,#489);
#176=LINE('',#5067,#490);
#177=LINE('',#5068,#491);
#178=LINE('',#5070,#492);
#179=LINE('',#5072,#493);
#180=LINE('',#5073,#494);
#181=LINE('',#5075,#495);
#182=LINE('',#5077,#496);
#183=LINE('',#5078,#497);
#184=LINE('',#5080,#498);
#185=LINE('',#5082,#499);
#186=LINE('',#5083,#500);
#187=LINE('',#5085,#501);
#188=LINE('',#5087,#502);
#189=LINE('',#5096,#503);
#190=LINE('',#5108,#504);
#191=LINE('',#5120,#505);
#192=LINE('',#5140,#506);
#193=LINE('',#5146,#507);
#194=LINE('',#5166,#508);
#195=LINE('',#5169,#509);
#196=LINE('',#5171,#510);
#197=LINE('',#5172,#511);
#198=LINE('',#5178,#512);
#199=LINE('',#5198,#513);
#200=LINE('',#5201,#514);
#201=LINE('',#5203,#515);
#202=LINE('',#5204,#516);
#203=LINE('',#5210,#517);
#204=LINE('',#5230,#518);
#205=LINE('',#5236,#519);
#206=LINE('',#5256,#520);
#207=LINE('',#5259,#521);
#208=LINE('',#5261,#522);
#209=LINE('',#5262,#523);
#210=LINE('',#5268,#524);
#211=LINE('',#5288,#525);
#212=LINE('',#5291,#526);
#213=LINE('',#5293,#527);
#214=LINE('',#5294,#528);
#215=LINE('',#5300,#529);
#216=LINE('',#5320,#530);
#217=LINE('',#5323,#531);
#218=LINE('',#5325,#532);
#219=LINE('',#5326,#533);
#220=LINE('',#5332,#534);
#221=LINE('',#5355,#535);
#222=LINE('',#5358,#536);
#223=LINE('',#5360,#537);
#224=LINE('',#5361,#538);
#225=LINE('',#5367,#539);
#226=LINE('',#5387,#540);
#227=LINE('',#5390,#541);
#228=LINE('',#5392,#542);
#229=LINE('',#5393,#543);
#230=LINE('',#5396,#544);
#231=LINE('',#5398,#545);
#232=LINE('',#5399,#546);
#233=LINE('',#5405,#547);
#234=LINE('',#5425,#548);
#235=LINE('',#5428,#549);
#236=LINE('',#5430,#550);
#237=LINE('',#5431,#551);
#238=LINE('',#5437,#552);
#239=LINE('',#5457,#553);
#240=LINE('',#5460,#554);
#241=LINE('',#5462,#555);
#242=LINE('',#5463,#556);
#243=LINE('',#5466,#557);
#244=LINE('',#5468,#558);
#245=LINE('',#5469,#559);
#246=LINE('',#5475,#560);
#247=LINE('',#5495,#561);
#248=LINE('',#5498,#562);
#249=LINE('',#5500,#563);
#250=LINE('',#5501,#564);
#251=LINE('',#5507,#565);
#252=LINE('',#5527,#566);
#253=LINE('',#5530,#567);
#254=LINE('',#5532,#568);
#255=LINE('',#5533,#569);
#256=LINE('',#5539,#570);
#257=LINE('',#5559,#571);
#258=LINE('',#5562,#572);
#259=LINE('',#5564,#573);
#260=LINE('',#5565,#574);
#261=LINE('',#5571,#575);
#262=LINE('',#5591,#576);
#263=LINE('',#5594,#577);
#264=LINE('',#5596,#578);
#265=LINE('',#5597,#579);
#266=LINE('',#5603,#580);
#267=LINE('',#5623,#581);
#268=LINE('',#5626,#582);
#269=LINE('',#5628,#583);
#270=LINE('',#5629,#584);
#271=LINE('',#5635,#585);
#272=LINE('',#5655,#586);
#273=LINE('',#5658,#587);
#274=LINE('',#5660,#588);
#275=LINE('',#5661,#589);
#276=LINE('',#5667,#590);
#277=LINE('',#5687,#591);
#278=LINE('',#5690,#592);
#279=LINE('',#5692,#593);
#280=LINE('',#5693,#594);
#281=LINE('',#5698,#595);
#282=LINE('',#5704,#596);
#283=LINE('',#5706,#597);
#284=LINE('',#5717,#598);
#285=LINE('',#5728,#599);
#286=LINE('',#5739,#600);
#287=LINE('',#5750,#601);
#288=LINE('',#5761,#602);
#289=LINE('',#5772,#603);
#290=LINE('',#5783,#604);
#291=LINE('',#5794,#605);
#292=LINE('',#5805,#606);
#293=LINE('',#5816,#607);
#294=LINE('',#5827,#608);
#295=LINE('',#5838,#609);
#296=LINE('',#5849,#610);
#297=LINE('',#5860,#611);
#298=LINE('',#5871,#612);
#299=LINE('',#5882,#613);
#300=LINE('',#5893,#614);
#301=LINE('',#5905,#615);
#302=LINE('',#5907,#616);
#303=LINE('',#5908,#617);
#304=LINE('',#5911,#618);
#305=LINE('',#5913,#619);
#306=LINE('',#5914,#620);
#307=LINE('',#5916,#621);
#308=LINE('',#5918,#622);
#309=LINE('',#5921,#623);
#310=LINE('',#5923,#624);
#311=LINE('',#5924,#625);
#312=LINE('',#5927,#626);
#313=LINE('',#5929,#627);
#314=LINE('',#5930,#628);
#315=LINE('',#5932,#629);
#316=LINE('',#5934,#630);
#317=LINE('',#5937,#631);
#318=LINE('',#5939,#632);
#319=LINE('',#5940,#633);
#320=LINE('',#5943,#634);
#321=LINE('',#5945,#635);
#322=LINE('',#5946,#636);
#323=LINE('',#5948,#637);
#324=LINE('',#5950,#638);
#325=LINE('',#5953,#639);
#326=LINE('',#5955,#640);
#327=LINE('',#5956,#641);
#328=LINE('',#5959,#642);
#329=LINE('',#5961,#643);
#330=LINE('',#5962,#644);
#331=LINE('',#5964,#645);
#332=LINE('',#5966,#646);
#333=LINE('',#5969,#647);
#334=LINE('',#5971,#648);
#335=LINE('',#5972,#649);
#336=LINE('',#5975,#650);
#337=LINE('',#5977,#651);
#338=LINE('',#5978,#652);
#339=LINE('',#5980,#653);
#340=LINE('',#5982,#654);
#341=LINE('',#5985,#655);
#342=LINE('',#5987,#656);
#343=LINE('',#5988,#657);
#344=LINE('',#5991,#658);
#345=LINE('',#5993,#659);
#346=LINE('',#5994,#660);
#347=LINE('',#5996,#661);
#348=LINE('',#5998,#662);
#349=LINE('',#6001,#663);
#350=LINE('',#6003,#664);
#351=LINE('',#6004,#665);
#352=LINE('',#6007,#666);
#353=LINE('',#6009,#667);
#354=LINE('',#6010,#668);
#355=LINE('',#6012,#669);
#356=LINE('',#6014,#670);
#357=LINE('',#6017,#671);
#358=LINE('',#6019,#672);
#359=LINE('',#6020,#673);
#360=LINE('',#6023,#674);
#361=LINE('',#6025,#675);
#362=LINE('',#6026,#676);
#363=LINE('',#6028,#677);
#364=LINE('',#6030,#678);
#365=LINE('',#6033,#679);
#366=LINE('',#6035,#680);
#367=LINE('',#6036,#681);
#368=LINE('',#6040,#682);
#369=LINE('',#6043,#683);
#370=LINE('',#6046,#684);
#371=LINE('',#6049,#685);
#372=LINE('',#6052,#686);
#373=LINE('',#6055,#687);
#374=LINE('',#6058,#688);
#375=LINE('',#6061,#689);
#376=LINE('',#6063,#690);
#377=LINE('',#6066,#691);
#378=LINE('',#6069,#692);
#379=LINE('',#6072,#693);
#380=LINE('',#6075,#694);
#381=LINE('',#6079,#695);
#382=LINE('',#6085,#696);
#383=LINE('',#6088,#697);
#384=LINE('',#6091,#698);
#385=LINE('',#6094,#699);
#386=LINE('',#6097,#700);
#387=LINE('',#6100,#701);
#388=LINE('',#6102,#702);
#389=LINE('',#6105,#703);
#390=LINE('',#6106,#704);
#391=LINE('',#6108,#705);
#392=LINE('',#6121,#706);
#393=LINE('',#6123,#707);
#394=LINE('',#6125,#708);
#395=LINE('',#6126,#709);
#396=LINE('',#6130,#710);
#397=LINE('',#6132,#711);
#398=LINE('',#6134,#712);
#399=LINE('',#6135,#713);
#400=LINE('',#6139,#714);
#401=LINE('',#6141,#715);
#402=LINE('',#6143,#716);
#403=LINE('',#6144,#717);
#404=LINE('',#6148,#718);
#405=LINE('',#6150,#719);
#406=LINE('',#6152,#720);
#407=LINE('',#6153,#721);
#408=LINE('',#6170,#722);
#409=LINE('',#6172,#723);
#410=LINE('',#6174,#724);
#411=LINE('',#6176,#725);
#412=LINE('',#6178,#726);
#413=LINE('',#6180,#727);
#414=LINE('',#6182,#728);
#415=LINE('',#6184,#729);
#416=LINE('',#6186,#730);
#417=LINE('',#6188,#731);
#418=LINE('',#6190,#732);
#419=LINE('',#6192,#733);
#420=LINE('',#6194,#734);
#421=LINE('',#6196,#735);
#422=LINE('',#6198,#736);
#423=LINE('',#6200,#737);
#424=LINE('',#6202,#738);
#425=LINE('',#6204,#739);
#426=LINE('',#6206,#740);
#427=VECTOR('',#3828,2.);
#428=VECTOR('',#3831,1.);
#429=VECTOR('',#3838,2.45);
#430=VECTOR('',#3845,2.35);
#431=VECTOR('',#3862,10.);
#432=VECTOR('',#3863,10.);
#433=VECTOR('',#3864,10.);
#434=VECTOR('',#3865,10.);
#435=VECTOR('',#3868,10.);
#436=VECTOR('',#3869,10.);
#437=VECTOR('',#3870,10.);
#438=VECTOR('',#3871,10.);
#439=VECTOR('',#3874,10.);
#440=VECTOR('',#3875,10.);
#441=VECTOR('',#3876,10.);
#442=VECTOR('',#3877,10.);
#443=VECTOR('',#3880,10.);
#444=VECTOR('',#3881,10.);
#445=VECTOR('',#3882,10.);
#446=VECTOR('',#3883,10.);
#447=VECTOR('',#3914,3.25);
#448=VECTOR('',#3921,4.575);
#449=VECTOR('',#3948,4.8);
#450=VECTOR('',#3967,10.);
#451=VECTOR('',#3968,10.);
#452=VECTOR('',#3971,10.);
#453=VECTOR('',#3978,4.72928932188134);
#454=VECTOR('',#3981,4.13175);
#455=VECTOR('',#3984,10.);
#456=VECTOR('',#3985,10.);
#457=VECTOR('',#3986,10.);
#458=VECTOR('',#3989,10.);
#459=VECTOR('',#3990,10.);
#460=VECTOR('',#3993,10.);
#461=VECTOR('',#3994,10.);
#462=VECTOR('',#3995,10.);
#463=VECTOR('',#3996,10.);
#464=VECTOR('',#3997,10.);
#465=VECTOR('',#3998,10.);
#466=VECTOR('',#3999,10.);
#467=VECTOR('',#4000,10.);
#468=VECTOR('',#4001,10.);
#469=VECTOR('',#4002,10.);
#470=VECTOR('',#4003,10.);
#471=VECTOR('',#4004,10.);
#472=VECTOR('',#4005,10.);
#473=VECTOR('',#4006,10.);
#474=VECTOR('',#4007,10.);
#475=VECTOR('',#4008,10.);
#476=VECTOR('',#4009,10.);
#477=VECTOR('',#4010,10.);
#478=VECTOR('',#4011,10.);
#479=VECTOR('',#4012,10.);
#480=VECTOR('',#4013,10.);
#481=VECTOR('',#4014,10.);
#482=VECTOR('',#4017,10.);
#483=VECTOR('',#4018,10.);
#484=VECTOR('',#4021,10.);
#485=VECTOR('',#4024,10.);
#486=VECTOR('',#4025,10.);
#487=VECTOR('',#4030,10.);
#488=VECTOR('',#4031,10.);
#489=VECTOR('',#4034,10.);
#490=VECTOR('',#4037,10.);
#491=VECTOR('',#4038,10.);
#492=VECTOR('',#4041,10.);
#493=VECTOR('',#4044,10.);
#494=VECTOR('',#4045,10.);
#495=VECTOR('',#4048,10.);
#496=VECTOR('',#4051,10.);
#497=VECTOR('',#4052,10.);
#498=VECTOR('',#4055,10.);
#499=VECTOR('',#4058,10.);
#500=VECTOR('',#4059,10.);
#501=VECTOR('',#4062,10.);
#502=VECTOR('',#4065,10.);
#503=VECTOR('',#4082,10.);
#504=VECTOR('',#4097,4.65);
#505=VECTOR('',#4110,0.6);
#506=VECTOR('',#4111,0.6);
#507=VECTOR('',#4116,0.6);
#508=VECTOR('',#4117,0.6);
#509=VECTOR('',#4120,10.);
#510=VECTOR('',#4121,10.);
#511=VECTOR('',#4122,10.);
#512=VECTOR('',#4127,0.6);
#513=VECTOR('',#4128,0.6);
#514=VECTOR('',#4131,10.);
#515=VECTOR('',#4132,10.);
#516=VECTOR('',#4133,10.);
#517=VECTOR('',#4138,0.6);
#518=VECTOR('',#4139,0.6);
#519=VECTOR('',#4144,0.6);
#520=VECTOR('',#4145,0.6);
#521=VECTOR('',#4148,10.);
#522=VECTOR('',#4149,10.);
#523=VECTOR('',#4150,10.);
#524=VECTOR('',#4155,0.6);
#525=VECTOR('',#4156,0.6);
#526=VECTOR('',#4159,10.);
#527=VECTOR('',#4160,10.);
#528=VECTOR('',#4161,10.);
#529=VECTOR('',#4166,0.6);
#530=VECTOR('',#4167,0.6);
#531=VECTOR('',#4170,10.);
#532=VECTOR('',#4171,10.);
#533=VECTOR('',#4172,10.);
#534=VECTOR('',#4177,0.6);
#535=VECTOR('',#4178,0.6);
#536=VECTOR('',#4181,10.);
#537=VECTOR('',#4182,10.);
#538=VECTOR('',#4183,10.);
#539=VECTOR('',#4188,0.6);
#540=VECTOR('',#4189,0.6);
#541=VECTOR('',#4192,10.);
#542=VECTOR('',#4193,10.);
#543=VECTOR('',#4194,10.);
#544=VECTOR('',#4197,10.);
#545=VECTOR('',#4198,10.);
#546=VECTOR('',#4199,10.);
#547=VECTOR('',#4204,0.6);
#548=VECTOR('',#4205,0.6);
#549=VECTOR('',#4208,10.);
#550=VECTOR('',#4209,10.);
#551=VECTOR('',#4210,10.);
#552=VECTOR('',#4215,0.6);
#553=VECTOR('',#4216,0.6);
#554=VECTOR('',#4219,10.);
#555=VECTOR('',#4220,10.);
#556=VECTOR('',#4221,10.);
#557=VECTOR('',#4224,10.);
#558=VECTOR('',#4225,10.);
#559=VECTOR('',#4226,10.);
#560=VECTOR('',#4231,0.6);
#561=VECTOR('',#4232,0.6);
#562=VECTOR('',#4235,10.);
#563=VECTOR('',#4236,10.);
#564=VECTOR('',#4237,10.);
#565=VECTOR('',#4242,0.6);
#566=VECTOR('',#4243,0.6);
#567=VECTOR('',#4246,10.);
#568=VECTOR('',#4247,10.);
#569=VECTOR('',#4248,10.);
#570=VECTOR('',#4253,0.6);
#571=VECTOR('',#4254,0.6);
#572=VECTOR('',#4257,10.);
#573=VECTOR('',#4258,10.);
#574=VECTOR('',#4259,10.);
#575=VECTOR('',#4264,0.6);
#576=VECTOR('',#4265,0.6);
#577=VECTOR('',#4268,10.);
#578=VECTOR('',#4269,10.);
#579=VECTOR('',#4270,10.);
#580=VECTOR('',#4275,0.6);
#581=VECTOR('',#4276,0.6);
#582=VECTOR('',#4279,10.);
#583=VECTOR('',#4280,10.);
#584=VECTOR('',#4281,10.);
#585=VECTOR('',#4286,0.6);
#586=VECTOR('',#4287,0.6);
#587=VECTOR('',#4290,10.);
#588=VECTOR('',#4291,10.);
#589=VECTOR('',#4292,10.);
#590=VECTOR('',#4297,0.6);
#591=VECTOR('',#4298,0.6);
#592=VECTOR('',#4301,10.);
#593=VECTOR('',#4302,10.);
#594=VECTOR('',#4303,10.);
#595=VECTOR('',#4308,1.);
#596=VECTOR('',#4317,7.71492502763631);
#597=VECTOR('',#4318,10.);
#598=VECTOR('',#4321,10.);
#599=VECTOR('',#4324,10.);
#600=VECTOR('',#4327,10.);
#601=VECTOR('',#4330,10.);
#602=VECTOR('',#4333,10.);
#603=VECTOR('',#4336,10.);
#604=VECTOR('',#4339,10.);
#605=VECTOR('',#4342,10.);
#606=VECTOR('',#4345,10.);
#607=VECTOR('',#4348,10.);
#608=VECTOR('',#4351,10.);
#609=VECTOR('',#4354,10.);
#610=VECTOR('',#4357,10.);
#611=VECTOR('',#4360,10.);
#612=VECTOR('',#4363,10.);
#613=VECTOR('',#4366,10.);
#614=VECTOR('',#4369,10.);
#615=VECTOR('',#4374,10.);
#616=VECTOR('',#4375,10.);
#617=VECTOR('',#4376,10.);
#618=VECTOR('',#4379,10.);
#619=VECTOR('',#4380,10.);
#620=VECTOR('',#4381,10.);
#621=VECTOR('',#4384,10.);
#622=VECTOR('',#4387,10.);
#623=VECTOR('',#4390,10.);
#624=VECTOR('',#4391,10.);
#625=VECTOR('',#4392,10.);
#626=VECTOR('',#4395,10.);
#627=VECTOR('',#4396,10.);
#628=VECTOR('',#4397,10.);
#629=VECTOR('',#4400,10.);
#630=VECTOR('',#4403,10.);
#631=VECTOR('',#4406,10.);
#632=VECTOR('',#4407,10.);
#633=VECTOR('',#4408,10.);
#634=VECTOR('',#4411,10.);
#635=VECTOR('',#4412,10.);
#636=VECTOR('',#4413,10.);
#637=VECTOR('',#4416,10.);
#638=VECTOR('',#4419,10.);
#639=VECTOR('',#4422,10.);
#640=VECTOR('',#4423,10.);
#641=VECTOR('',#4424,10.);
#642=VECTOR('',#4427,10.);
#643=VECTOR('',#4428,10.);
#644=VECTOR('',#4429,10.);
#645=VECTOR('',#4432,10.);
#646=VECTOR('',#4435,10.);
#647=VECTOR('',#4438,10.);
#648=VECTOR('',#4439,10.);
#649=VECTOR('',#4440,10.);
#650=VECTOR('',#4443,10.);
#651=VECTOR('',#4444,10.);
#652=VECTOR('',#4445,10.);
#653=VECTOR('',#4448,10.);
#654=VECTOR('',#4451,10.);
#655=VECTOR('',#4454,10.);
#656=VECTOR('',#4455,10.);
#657=VECTOR('',#4456,10.);
#658=VECTOR('',#4459,10.);
#659=VECTOR('',#4460,10.);
#660=VECTOR('',#4461,10.);
#661=VECTOR('',#4464,10.);
#662=VECTOR('',#4467,10.);
#663=VECTOR('',#4470,10.);
#664=VECTOR('',#4471,10.);
#665=VECTOR('',#4472,10.);
#666=VECTOR('',#4475,10.);
#667=VECTOR('',#4476,10.);
#668=VECTOR('',#4477,10.);
#669=VECTOR('',#4480,10.);
#670=VECTOR('',#4483,10.);
#671=VECTOR('',#4486,10.);
#672=VECTOR('',#4487,10.);
#673=VECTOR('',#4488,10.);
#674=VECTOR('',#4491,10.);
#675=VECTOR('',#4492,10.);
#676=VECTOR('',#4493,10.);
#677=VECTOR('',#4496,10.);
#678=VECTOR('',#4499,10.);
#679=VECTOR('',#4502,10.);
#680=VECTOR('',#4503,10.);
#681=VECTOR('',#4504,10.);
#682=VECTOR('',#4509,10.);
#683=VECTOR('',#4512,10.);
#684=VECTOR('',#4515,10.);
#685=VECTOR('',#4518,10.);
#686=VECTOR('',#4521,10.);
#687=VECTOR('',#4524,10.);
#688=VECTOR('',#4527,10.);
#689=VECTOR('',#4530,10.);
#690=VECTOR('',#4531,10.);
#691=VECTOR('',#4534,10.);
#692=VECTOR('',#4537,10.);
#693=VECTOR('',#4540,10.);
#694=VECTOR('',#4543,10.);
#695=VECTOR('',#4546,7.95);
#696=VECTOR('',#4553,10.);
#697=VECTOR('',#4556,10.);
#698=VECTOR('',#4559,10.);
#699=VECTOR('',#4562,10.);
#700=VECTOR('',#4565,10.);
#701=VECTOR('',#4568,10.);
#702=VECTOR('',#4571,10.);
#703=VECTOR('',#4574,10.);
#704=VECTOR('',#4575,10.);
#705=VECTOR('',#4578,10.);
#706=VECTOR('',#4595,10.);
#707=VECTOR('',#4596,10.);
#708=VECTOR('',#4597,10.);
#709=VECTOR('',#4598,10.);
#710=VECTOR('',#4601,10.);
#711=VECTOR('',#4602,10.);
#712=VECTOR('',#4603,10.);
#713=VECTOR('',#4604,10.);
#714=VECTOR('',#4607,10.);
#715=VECTOR('',#4608,10.);
#716=VECTOR('',#4609,10.);
#717=VECTOR('',#4610,10.);
#718=VECTOR('',#4613,10.);
#719=VECTOR('',#4614,10.);
#720=VECTOR('',#4615,10.);
#721=VECTOR('',#4616,10.);
#722=VECTOR('',#4647,3.35);
#723=VECTOR('',#4650,10.);
#724=VECTOR('',#4653,10.);
#725=VECTOR('',#4656,10.);
#726=VECTOR('',#4659,10.);
#727=VECTOR('',#4662,10.);
#728=VECTOR('',#4665,10.);
#729=VECTOR('',#4668,10.);
#730=VECTOR('',#4671,10.);
#731=VECTOR('',#4674,10.);
#732=VECTOR('',#4677,10.);
#733=VECTOR('',#4680,10.);
#734=VECTOR('',#4683,10.);
#735=VECTOR('',#4686,10.);
#736=VECTOR('',#4689,10.);
#737=VECTOR('',#4692,10.);
#738=VECTOR('',#4695,10.);
#739=VECTOR('',#4698,10.);
#740=VECTOR('',#4701,10.);
#741=CYLINDRICAL_SURFACE('',#3515,2.);
#742=CYLINDRICAL_SURFACE('',#3517,1.);
#743=CYLINDRICAL_SURFACE('',#3523,2.35);
#744=CYLINDRICAL_SURFACE('',#3549,3.25);
#745=CYLINDRICAL_SURFACE('',#3564,4.8);
#746=CYLINDRICAL_SURFACE('',#3574,1.);
#747=CYLINDRICAL_SURFACE('',#3575,3.75);
#748=CYLINDRICAL_SURFACE('',#3605,3.75);
#749=CYLINDRICAL_SURFACE('',#3606,1.);
#750=CYLINDRICAL_SURFACE('',#3612,4.65);
#751=CYLINDRICAL_SURFACE('',#3617,0.599999999999999);
#752=CYLINDRICAL_SURFACE('',#3619,0.6);
#753=CYLINDRICAL_SURFACE('',#3622,0.6);
#754=CYLINDRICAL_SURFACE('',#3625,0.6);
#755=CYLINDRICAL_SURFACE('',#3627,0.6);
#756=CYLINDRICAL_SURFACE('',#3630,0.6);
#757=CYLINDRICAL_SURFACE('',#3633,0.6);
#758=CYLINDRICAL_SURFACE('',#3636,0.6);
#759=CYLINDRICAL_SURFACE('',#3639,0.6);
#760=CYLINDRICAL_SURFACE('',#3643,0.6);
#761=CYLINDRICAL_SURFACE('',#3646,0.6);
#762=CYLINDRICAL_SURFACE('',#3650,0.6);
#763=CYLINDRICAL_SURFACE('',#3653,0.6);
#764=CYLINDRICAL_SURFACE('',#3656,0.6);
#765=CYLINDRICAL_SURFACE('',#3659,0.6);
#766=CYLINDRICAL_SURFACE('',#3662,0.6);
#767=CYLINDRICAL_SURFACE('',#3665,0.6);
#768=CYLINDRICAL_SURFACE('',#3668,0.6);
#769=CYLINDRICAL_SURFACE('',#3671,1.);
#770=CYLINDRICAL_SURFACE('',#3728,7.95);
#771=CYLINDRICAL_SURFACE('',#3778,3.35);
#772=FACE_BOUND('',#966,.T.);
#773=FACE_BOUND('',#972,.T.);
#774=FACE_BOUND('',#974,.T.);
#775=FACE_BOUND('',#980,.T.);
#776=FACE_BOUND('',#1001,.T.);
#777=FACE_BOUND('',#1029,.T.);
#778=FACE_BOUND('',#1108,.T.);
#779=FACE_BOUND('',#1115,.T.);
#780=FACE_OUTER_BOUND('',#965,.T.);
#781=FACE_OUTER_BOUND('',#967,.T.);
#782=FACE_OUTER_BOUND('',#968,.T.);
#783=FACE_OUTER_BOUND('',#969,.T.);
#784=FACE_OUTER_BOUND('',#970,.T.);
#785=FACE_OUTER_BOUND('',#971,.T.);
#786=FACE_OUTER_BOUND('',#973,.T.);
#787=FACE_OUTER_BOUND('',#975,.T.);
#788=FACE_OUTER_BOUND('',#976,.T.);
#789=FACE_OUTER_BOUND('',#977,.T.);
#790=FACE_OUTER_BOUND('',#978,.T.);
#791=FACE_OUTER_BOUND('',#979,.T.);
#792=FACE_OUTER_BOUND('',#981,.T.);
#793=FACE_OUTER_BOUND('',#982,.T.);
#794=FACE_OUTER_BOUND('',#983,.T.);
#795=FACE_OUTER_BOUND('',#984,.T.);
#796=FACE_OUTER_BOUND('',#985,.T.);
#797=FACE_OUTER_BOUND('',#986,.T.);
#798=FACE_OUTER_BOUND('',#987,.T.);
#799=FACE_OUTER_BOUND('',#988,.T.);
#800=FACE_OUTER_BOUND('',#989,.T.);
#801=FACE_OUTER_BOUND('',#990,.T.);
#802=FACE_OUTER_BOUND('',#991,.T.);
#803=FACE_OUTER_BOUND('',#992,.T.);
#804=FACE_OUTER_BOUND('',#993,.T.);
#805=FACE_OUTER_BOUND('',#994,.T.);
#806=FACE_OUTER_BOUND('',#995,.T.);
#807=FACE_OUTER_BOUND('',#996,.T.);
#808=FACE_OUTER_BOUND('',#997,.T.);
#809=FACE_OUTER_BOUND('',#998,.T.);
#810=FACE_OUTER_BOUND('',#999,.T.);
#811=FACE_OUTER_BOUND('',#1000,.T.);
#812=FACE_OUTER_BOUND('',#1002,.T.);
#813=FACE_OUTER_BOUND('',#1003,.T.);
#814=FACE_OUTER_BOUND('',#1004,.T.);
#815=FACE_OUTER_BOUND('',#1005,.T.);
#816=FACE_OUTER_BOUND('',#1006,.T.);
#817=FACE_OUTER_BOUND('',#1007,.T.);
#818=FACE_OUTER_BOUND('',#1008,.T.);
#819=FACE_OUTER_BOUND('',#1009,.T.);
#820=FACE_OUTER_BOUND('',#1010,.T.);
#821=FACE_OUTER_BOUND('',#1011,.T.);
#822=FACE_OUTER_BOUND('',#1012,.T.);
#823=FACE_OUTER_BOUND('',#1013,.T.);
#824=FACE_OUTER_BOUND('',#1014,.T.);
#825=FACE_OUTER_BOUND('',#1015,.T.);
#826=FACE_OUTER_BOUND('',#1016,.T.);
#827=FACE_OUTER_BOUND('',#1017,.T.);
#828=FACE_OUTER_BOUND('',#1018,.T.);
#829=FACE_OUTER_BOUND('',#1019,.T.);
#830=FACE_OUTER_BOUND('',#1020,.T.);
#831=FACE_OUTER_BOUND('',#1021,.T.);
#832=FACE_OUTER_BOUND('',#1022,.T.);
#833=FACE_OUTER_BOUND('',#1023,.T.);
#834=FACE_OUTER_BOUND('',#1024,.T.);
#835=FACE_OUTER_BOUND('',#1025,.T.);
#836=FACE_OUTER_BOUND('',#1026,.T.);
#837=FACE_OUTER_BOUND('',#1027,.T.);
#838=FACE_OUTER_BOUND('',#1028,.T.);
#839=FACE_OUTER_BOUND('',#1030,.T.);
#840=FACE_OUTER_BOUND('',#1031,.T.);
#841=FACE_OUTER_BOUND('',#1032,.T.);
#842=FACE_OUTER_BOUND('',#1033,.T.);
#843=FACE_OUTER_BOUND('',#1034,.T.);
#844=FACE_OUTER_BOUND('',#1035,.T.);
#845=FACE_OUTER_BOUND('',#1036,.T.);
#846=FACE_OUTER_BOUND('',#1037,.T.);
#847=FACE_OUTER_BOUND('',#1038,.T.);
#848=FACE_OUTER_BOUND('',#1039,.T.);
#849=FACE_OUTER_BOUND('',#1040,.T.);
#850=FACE_OUTER_BOUND('',#1041,.T.);
#851=FACE_OUTER_BOUND('',#1042,.T.);
#852=FACE_OUTER_BOUND('',#1043,.T.);
#853=FACE_OUTER_BOUND('',#1044,.T.);
#854=FACE_OUTER_BOUND('',#1045,.T.);
#855=FACE_OUTER_BOUND('',#1046,.T.);
#856=FACE_OUTER_BOUND('',#1047,.T.);
#857=FACE_OUTER_BOUND('',#1048,.T.);
#858=FACE_OUTER_BOUND('',#1049,.T.);
#859=FACE_OUTER_BOUND('',#1050,.T.);
#860=FACE_OUTER_BOUND('',#1051,.T.);
#861=FACE_OUTER_BOUND('',#1052,.T.);
#862=FACE_OUTER_BOUND('',#1053,.T.);
#863=FACE_OUTER_BOUND('',#1054,.T.);
#864=FACE_OUTER_BOUND('',#1055,.T.);
#865=FACE_OUTER_BOUND('',#1056,.T.);
#866=FACE_OUTER_BOUND('',#1057,.T.);
#867=FACE_OUTER_BOUND('',#1058,.T.);
#868=FACE_OUTER_BOUND('',#1059,.T.);
#869=FACE_OUTER_BOUND('',#1060,.T.);
#870=FACE_OUTER_BOUND('',#1061,.T.);
#871=FACE_OUTER_BOUND('',#1062,.T.);
#872=FACE_OUTER_BOUND('',#1063,.T.);
#873=FACE_OUTER_BOUND('',#1064,.T.);
#874=FACE_OUTER_BOUND('',#1065,.T.);
#875=FACE_OUTER_BOUND('',#1066,.T.);
#876=FACE_OUTER_BOUND('',#1067,.T.);
#877=FACE_OUTER_BOUND('',#1068,.T.);
#878=FACE_OUTER_BOUND('',#1069,.T.);
#879=FACE_OUTER_BOUND('',#1070,.T.);
#880=FACE_OUTER_BOUND('',#1071,.T.);
#881=FACE_OUTER_BOUND('',#1072,.T.);
#882=FACE_OUTER_BOUND('',#1073,.T.);
#883=FACE_OUTER_BOUND('',#1074,.T.);
#884=FACE_OUTER_BOUND('',#1075,.T.);
#885=FACE_OUTER_BOUND('',#1076,.T.);
#886=FACE_OUTER_BOUND('',#1077,.T.);
#887=FACE_OUTER_BOUND('',#1078,.T.);
#888=FACE_OUTER_BOUND('',#1079,.T.);
#889=FACE_OUTER_BOUND('',#1080,.T.);
#890=FACE_OUTER_BOUND('',#1081,.T.);
#891=FACE_OUTER_BOUND('',#1082,.T.);
#892=FACE_OUTER_BOUND('',#1083,.T.);
#893=FACE_OUTER_BOUND('',#1084,.T.);
#894=FACE_OUTER_BOUND('',#1085,.T.);
#895=FACE_OUTER_BOUND('',#1086,.T.);
#896=FACE_OUTER_BOUND('',#1087,.T.);
#897=FACE_OUTER_BOUND('',#1088,.T.);
#898=FACE_OUTER_BOUND('',#1089,.T.);
#899=FACE_OUTER_BOUND('',#1090,.T.);
#900=FACE_OUTER_BOUND('',#1091,.T.);
#901=FACE_OUTER_BOUND('',#1092,.T.);
#902=FACE_OUTER_BOUND('',#1093,.T.);
#903=FACE_OUTER_BOUND('',#1094,.T.);
#904=FACE_OUTER_BOUND('',#1095,.T.);
#905=FACE_OUTER_BOUND('',#1096,.T.);
#906=FACE_OUTER_BOUND('',#1097,.T.);
#907=FACE_OUTER_BOUND('',#1098,.T.);
#908=FACE_OUTER_BOUND('',#1099,.T.);
#909=FACE_OUTER_BOUND('',#1100,.T.);
#910=FACE_OUTER_BOUND('',#1101,.T.);
#911=FACE_OUTER_BOUND('',#1102,.T.);
#912=FACE_OUTER_BOUND('',#1103,.T.);
#913=FACE_OUTER_BOUND('',#1104,.T.);
#914=FACE_OUTER_BOUND('',#1105,.T.);
#915=FACE_OUTER_BOUND('',#1106,.T.);
#916=FACE_OUTER_BOUND('',#1107,.T.);
#917=FACE_OUTER_BOUND('',#1109,.T.);
#918=FACE_OUTER_BOUND('',#1110,.T.);
#919=FACE_OUTER_BOUND('',#1111,.T.);
#920=FACE_OUTER_BOUND('',#1112,.T.);
#921=FACE_OUTER_BOUND('',#1113,.T.);
#922=FACE_OUTER_BOUND('',#1114,.T.);
#923=FACE_OUTER_BOUND('',#1116,.T.);
#924=FACE_OUTER_BOUND('',#1117,.T.);
#925=FACE_OUTER_BOUND('',#1118,.T.);
#926=FACE_OUTER_BOUND('',#1119,.T.);
#927=FACE_OUTER_BOUND('',#1120,.T.);
#928=FACE_OUTER_BOUND('',#1121,.T.);
#929=FACE_OUTER_BOUND('',#1122,.T.);
#930=FACE_OUTER_BOUND('',#1123,.T.);
#931=FACE_OUTER_BOUND('',#1124,.T.);
#932=FACE_OUTER_BOUND('',#1125,.T.);
#933=FACE_OUTER_BOUND('',#1126,.T.);
#934=FACE_OUTER_BOUND('',#1127,.T.);
#935=FACE_OUTER_BOUND('',#1128,.T.);
#936=FACE_OUTER_BOUND('',#1129,.T.);
#937=FACE_OUTER_BOUND('',#1130,.T.);
#938=FACE_OUTER_BOUND('',#1131,.T.);
#939=FACE_OUTER_BOUND('',#1132,.T.);
#940=FACE_OUTER_BOUND('',#1133,.T.);
#941=FACE_OUTER_BOUND('',#1134,.T.);
#942=FACE_OUTER_BOUND('',#1135,.T.);
#943=FACE_OUTER_BOUND('',#1136,.T.);
#944=FACE_OUTER_BOUND('',#1137,.T.);
#945=FACE_OUTER_BOUND('',#1138,.T.);
#946=FACE_OUTER_BOUND('',#1139,.T.);
#947=FACE_OUTER_BOUND('',#1140,.T.);
#948=FACE_OUTER_BOUND('',#1141,.T.);
#949=FACE_OUTER_BOUND('',#1142,.T.);
#950=FACE_OUTER_BOUND('',#1143,.T.);
#951=FACE_OUTER_BOUND('',#1144,.T.);
#952=FACE_OUTER_BOUND('',#1145,.T.);
#953=FACE_OUTER_BOUND('',#1146,.T.);
#954=FACE_OUTER_BOUND('',#1147,.T.);
#955=FACE_OUTER_BOUND('',#1148,.T.);
#956=FACE_OUTER_BOUND('',#1149,.T.);
#957=FACE_OUTER_BOUND('',#1150,.T.);
#958=FACE_OUTER_BOUND('',#1151,.T.);
#959=FACE_OUTER_BOUND('',#1152,.T.);
#960=FACE_OUTER_BOUND('',#1153,.T.);
#961=FACE_OUTER_BOUND('',#1154,.T.);
#962=FACE_OUTER_BOUND('',#1155,.T.);
#963=FACE_OUTER_BOUND('',#1156,.T.);
#964=FACE_OUTER_BOUND('',#1157,.T.);
#965=EDGE_LOOP('',(#2136));
#966=EDGE_LOOP('',(#2137));
#967=EDGE_LOOP('',(#2138,#2139,#2140,#2141));
#968=EDGE_LOOP('',(#2142,#2143,#2144,#2145));
#969=EDGE_LOOP('',(#2146,#2147,#2148,#2149,#2150));
#970=EDGE_LOOP('',(#2151,#2152,#2153,#2154,#2155));
#971=EDGE_LOOP('',(#2156,#2157,#2158,#2159));
#972=EDGE_LOOP('',(#2160));
#973=EDGE_LOOP('',(#2161));
#974=EDGE_LOOP('',(#2162));
#975=EDGE_LOOP('',(#2163,#2164,#2165,#2166));
#976=EDGE_LOOP('',(#2167,#2168,#2169,#2170));
#977=EDGE_LOOP('',(#2171,#2172,#2173,#2174));
#978=EDGE_LOOP('',(#2175,#2176,#2177,#2178));
#979=EDGE_LOOP('',(#2179,#2180,#2181,#2182,#2183,#2184,#2185,#2186));
#980=EDGE_LOOP('',(#2187));
#981=EDGE_LOOP('',(#2188,#2189,#2190));
#982=EDGE_LOOP('',(#2191,#2192));
#983=EDGE_LOOP('',(#2193,#2194));
#984=EDGE_LOOP('',(#2195,#2196));
#985=EDGE_LOOP('',(#2197,#2198,#2199,#2200,#2201,#2202,#2203,#2204,#2205,
#2206,#2207,#2208,#2209,#2210,#2211,#2212,#2213,#2214,#2215,#2216));
#986=EDGE_LOOP('',(#2217,#2218,#2219,#2220,#2221,#2222));
#987=EDGE_LOOP('',(#2223,#2224,#2225,#2226,#2227));
#988=EDGE_LOOP('',(#2228,#2229,#2230,#2231));
#989=EDGE_LOOP('',(#2232,#2233,#2234,#2235));
#990=EDGE_LOOP('',(#2236,#2237,#2238,#2239));
#991=EDGE_LOOP('',(#2240,#2241,#2242,#2243));
#992=EDGE_LOOP('',(#2244,#2245,#2246,#2247));
#993=EDGE_LOOP('',(#2248,#2249,#2250,#2251));
#994=EDGE_LOOP('',(#2252,#2253,#2254,#2255,#2256));
#995=EDGE_LOOP('',(#2257,#2258,#2259,#2260));
#996=EDGE_LOOP('',(#2261,#2262,#2263,#2264,#2265));
#997=EDGE_LOOP('',(#2266,#2267,#2268,#2269,#2270,#2271,#2272,#2273,#2274,
#2275,#2276,#2277,#2278,#2279,#2280,#2281,#2282,#2283,#2284,#2285,#2286,
#2287,#2288,#2289,#2290,#2291,#2292,#2293,#2294));
#998=EDGE_LOOP('',(#2295,#2296,#2297,#2298));
#999=EDGE_LOOP('',(#2299,#2300,#2301,#2302));
#1000=EDGE_LOOP('',(#2303,#2304,#2305,#2306,#2307,#2308,#2309,#2310,#2311,
#2312,#2313,#2314,#2315,#2316,#2317,#2318,#2319,#2320,#2321,#2322,#2323,
#2324,#2325,#2326));
#1001=EDGE_LOOP('',(#2327));
#1002=EDGE_LOOP('',(#2328,#2329,#2330,#2331,#2332));
#1003=EDGE_LOOP('',(#2333,#2334,#2335,#2336));
#1004=EDGE_LOOP('',(#2337,#2338,#2339,#2340));
#1005=EDGE_LOOP('',(#2341,#2342,#2343,#2344));
#1006=EDGE_LOOP('',(#2345,#2346,#2347,#2348));
#1007=EDGE_LOOP('',(#2349,#2350,#2351,#2352));
#1008=EDGE_LOOP('',(#2353,#2354,#2355,#2356));
#1009=EDGE_LOOP('',(#2357,#2358,#2359,#2360));
#1010=EDGE_LOOP('',(#2361,#2362,#2363,#2364));
#1011=EDGE_LOOP('',(#2365,#2366,#2367,#2368));
#1012=EDGE_LOOP('',(#2369,#2370,#2371,#2372));
#1013=EDGE_LOOP('',(#2373,#2374,#2375,#2376));
#1014=EDGE_LOOP('',(#2377,#2378,#2379,#2380));
#1015=EDGE_LOOP('',(#2381,#2382,#2383,#2384));
#1016=EDGE_LOOP('',(#2385,#2386,#2387,#2388));
#1017=EDGE_LOOP('',(#2389,#2390,#2391,#2392));
#1018=EDGE_LOOP('',(#2393,#2394,#2395,#2396));
#1019=EDGE_LOOP('',(#2397,#2398,#2399,#2400));
#1020=EDGE_LOOP('',(#2401,#2402,#2403,#2404));
#1021=EDGE_LOOP('',(#2405,#2406,#2407,#2408));
#1022=EDGE_LOOP('',(#2409,#2410,#2411,#2412));
#1023=EDGE_LOOP('',(#2413,#2414,#2415,#2416));
#1024=EDGE_LOOP('',(#2417,#2418,#2419,#2420));
#1025=EDGE_LOOP('',(#2421,#2422,#2423,#2424,#2425));
#1026=EDGE_LOOP('',(#2426,#2427,#2428,#2429,#2430));
#1027=EDGE_LOOP('',(#2431,#2432,#2433,#2434,#2435,#2436));
#1028=EDGE_LOOP('',(#2437));
#1029=EDGE_LOOP('',(#2438));
#1030=EDGE_LOOP('',(#2439,#2440,#2441,#2442));
#1031=EDGE_LOOP('',(#2443,#2444,#2445,#2446));
#1032=EDGE_LOOP('',(#2447,#2448,#2449,#2450));
#1033=EDGE_LOOP('',(#2451,#2452,#2453,#2454));
#1034=EDGE_LOOP('',(#2455,#2456,#2457,#2458));
#1035=EDGE_LOOP('',(#2459,#2460,#2461,#2462));
#1036=EDGE_LOOP('',(#2463,#2464,#2465,#2466));
#1037=EDGE_LOOP('',(#2467,#2468,#2469,#2470));
#1038=EDGE_LOOP('',(#2471,#2472,#2473,#2474));
#1039=EDGE_LOOP('',(#2475,#2476,#2477,#2478));
#1040=EDGE_LOOP('',(#2479,#2480,#2481,#2482));
#1041=EDGE_LOOP('',(#2483,#2484,#2485,#2486));
#1042=EDGE_LOOP('',(#2487,#2488,#2489,#2490,#2491));
#1043=EDGE_LOOP('',(#2492,#2493,#2494,#2495));
#1044=EDGE_LOOP('',(#2496,#2497,#2498,#2499));
#1045=EDGE_LOOP('',(#2500,#2501,#2502,#2503));
#1046=EDGE_LOOP('',(#2504,#2505,#2506,#2507));
#1047=EDGE_LOOP('',(#2508,#2509,#2510,#2511));
#1048=EDGE_LOOP('',(#2512,#2513,#2514,#2515));
#1049=EDGE_LOOP('',(#2516,#2517,#2518,#2519));
#1050=EDGE_LOOP('',(#2520,#2521,#2522,#2523));
#1051=EDGE_LOOP('',(#2524,#2525,#2526,#2527));
#1052=EDGE_LOOP('',(#2528,#2529,#2530,#2531));
#1053=EDGE_LOOP('',(#2532,#2533,#2534,#2535));
#1054=EDGE_LOOP('',(#2536,#2537,#2538,#2539));
#1055=EDGE_LOOP('',(#2540,#2541,#2542,#2543));
#1056=EDGE_LOOP('',(#2544,#2545,#2546,#2547));
#1057=EDGE_LOOP('',(#2548,#2549,#2550,#2551));
#1058=EDGE_LOOP('',(#2552,#2553,#2554,#2555));
#1059=EDGE_LOOP('',(#2556,#2557,#2558,#2559));
#1060=EDGE_LOOP('',(#2560,#2561,#2562,#2563));
#1061=EDGE_LOOP('',(#2564,#2565,#2566,#2567));
#1062=EDGE_LOOP('',(#2568,#2569,#2570,#2571));
#1063=EDGE_LOOP('',(#2572,#2573,#2574,#2575));
#1064=EDGE_LOOP('',(#2576,#2577,#2578,#2579));
#1065=EDGE_LOOP('',(#2580,#2581,#2582,#2583));
#1066=EDGE_LOOP('',(#2584,#2585,#2586,#2587));
#1067=EDGE_LOOP('',(#2588));
#1068=EDGE_LOOP('',(#2589,#2590,#2591,#2592,#2593,#2594,#2595,#2596,#2597,
#2598,#2599,#2600,#2601,#2602,#2603,#2604,#2605,#2606,#2607,#2608,#2609,
#2610,#2611,#2612,#2613,#2614,#2615,#2616,#2617,#2618,#2619,#2620,#2621,
#2622,#2623,#2624,#2625,#2626,#2627,#2628,#2629,#2630,#2631,#2632,#2633,
#2634,#2635,#2636,#2637,#2638,#2639,#2640,#2641,#2642,#2643,#2644,#2645,
#2646,#2647,#2648,#2649,#2650,#2651,#2652,#2653,#2654,#2655,#2656,#2657,
#2658,#2659,#2660,#2661,#2662,#2663,#2664,#2665,#2666,#2667,#2668,#2669,
#2670,#2671,#2672,#2673,#2674,#2675,#2676,#2677,#2678,#2679,#2680,#2681,
#2682,#2683,#2684,#2685,#2686,#2687,#2688,#2689,#2690,#2691,#2692,#2693,
#2694,#2695,#2696,#2697,#2698,#2699,#2700));
#1069=EDGE_LOOP('',(#2701,#2702,#2703,#2704));
#1070=EDGE_LOOP('',(#2705,#2706,#2707,#2708));
#1071=EDGE_LOOP('',(#2709,#2710,#2711,#2712));
#1072=EDGE_LOOP('',(#2713,#2714,#2715,#2716));
#1073=EDGE_LOOP('',(#2717,#2718,#2719,#2720));
#1074=EDGE_LOOP('',(#2721,#2722,#2723,#2724));
#1075=EDGE_LOOP('',(#2725,#2726,#2727,#2728));
#1076=EDGE_LOOP('',(#2729,#2730,#2731,#2732));
#1077=EDGE_LOOP('',(#2733,#2734,#2735,#2736));
#1078=EDGE_LOOP('',(#2737,#2738,#2739,#2740));
#1079=EDGE_LOOP('',(#2741,#2742,#2743,#2744));
#1080=EDGE_LOOP('',(#2745,#2746,#2747,#2748));
#1081=EDGE_LOOP('',(#2749,#2750,#2751,#2752));
#1082=EDGE_LOOP('',(#2753,#2754,#2755,#2756));
#1083=EDGE_LOOP('',(#2757,#2758,#2759,#2760));
#1084=EDGE_LOOP('',(#2761,#2762,#2763,#2764));
#1085=EDGE_LOOP('',(#2765,#2766,#2767,#2768));
#1086=EDGE_LOOP('',(#2769,#2770,#2771,#2772));
#1087=EDGE_LOOP('',(#2773,#2774,#2775,#2776));
#1088=EDGE_LOOP('',(#2777,#2778,#2779,#2780));
#1089=EDGE_LOOP('',(#2781,#2782,#2783,#2784));
#1090=EDGE_LOOP('',(#2785,#2786,#2787,#2788));
#1091=EDGE_LOOP('',(#2789,#2790,#2791,#2792));
#1092=EDGE_LOOP('',(#2793,#2794,#2795,#2796));
#1093=EDGE_LOOP('',(#2797,#2798,#2799,#2800));
#1094=EDGE_LOOP('',(#2801,#2802,#2803,#2804));
#1095=EDGE_LOOP('',(#2805,#2806,#2807,#2808));
#1096=EDGE_LOOP('',(#2809,#2810,#2811,#2812));
#1097=EDGE_LOOP('',(#2813,#2814,#2815,#2816));
#1098=EDGE_LOOP('',(#2817,#2818,#2819,#2820));
#1099=EDGE_LOOP('',(#2821,#2822,#2823,#2824));
#1100=EDGE_LOOP('',(#2825,#2826,#2827,#2828));
#1101=EDGE_LOOP('',(#2829,#2830,#2831,#2832));
#1102=EDGE_LOOP('',(#2833,#2834,#2835,#2836,#2837,#2838,#2839,#2840,#2841,
#2842,#2843,#2844,#2845,#2846,#2847,#2848,#2849,#2850,#2851,#2852,#2853,
#2854,#2855,#2856,#2857,#2858,#2859,#2860,#2861,#2862,#2863,#2864,#2865,
#2866,#2867,#2868,#2869,#2870,#2871,#2872,#2873,#2874,#2875,#2876,#2877,
#2878,#2879,#2880,#2881,#2882,#2883,#2884,#2885,#2886,#2887,#2888,#2889,
#2890,#2891,#2892,#2893,#2894,#2895,#2896,#2897,#2898,#2899,#2900,#2901,
#2902,#2903,#2904,#2905,#2906,#2907,#2908,#2909));
#1103=EDGE_LOOP('',(#2910,#2911,#2912,#2913));
#1104=EDGE_LOOP('',(#2914,#2915,#2916,#2917));
#1105=EDGE_LOOP('',(#2918,#2919,#2920,#2921));
#1106=EDGE_LOOP('',(#2922,#2923,#2924,#2925,#2926));
#1107=EDGE_LOOP('',(#2927));
#1108=EDGE_LOOP('',(#2928));
#1109=EDGE_LOOP('',(#2929,#2930,#2931,#2932,#2933));
#1110=EDGE_LOOP('',(#2934,#2935,#2936,#2937));
#1111=EDGE_LOOP('',(#2938,#2939,#2940,#2941));
#1112=EDGE_LOOP('',(#2942,#2943,#2944,#2945));
#1113=EDGE_LOOP('',(#2946,#2947,#2948,#2949));
#1114=EDGE_LOOP('',(#2950,#2951,#2952,#2953,#2954,#2955,#2956,#2957));
#1115=EDGE_LOOP('',(#2958));
#1116=EDGE_LOOP('',(#2959,#2960));
#1117=EDGE_LOOP('',(#2961,#2962));
#1118=EDGE_LOOP('',(#2963,#2964));
#1119=EDGE_LOOP('',(#2965,#2966,#2967));
#1120=EDGE_LOOP('',(#2968,#2969,#2970,#2971,#2972,#2973,#2974,#2975,#2976,
#2977,#2978,#2979,#2980,#2981,#2982,#2983,#2984,#2985,#2986,#2987));
#1121=EDGE_LOOP('',(#2988,#2989,#2990,#2991));
#1122=EDGE_LOOP('',(#2992,#2993,#2994,#2995));
#1123=EDGE_LOOP('',(#2996,#2997,#2998,#2999));
#1124=EDGE_LOOP('',(#3000,#3001,#3002,#3003));
#1125=EDGE_LOOP('',(#3004,#3005,#3006,#3007));
#1126=EDGE_LOOP('',(#3008,#3009,#3010,#3011));
#1127=EDGE_LOOP('',(#3012,#3013,#3014,#3015));
#1128=EDGE_LOOP('',(#3016,#3017,#3018,#3019));
#1129=EDGE_LOOP('',(#3020,#3021,#3022,#3023));
#1130=EDGE_LOOP('',(#3024,#3025,#3026,#3027));
#1131=EDGE_LOOP('',(#3028,#3029,#3030,#3031));
#1132=EDGE_LOOP('',(#3032,#3033,#3034,#3035));
#1133=EDGE_LOOP('',(#3036,#3037,#3038,#3039));
#1134=EDGE_LOOP('',(#3040,#3041,#3042,#3043));
#1135=EDGE_LOOP('',(#3044,#3045,#3046,#3047));
#1136=EDGE_LOOP('',(#3048,#3049,#3050,#3051));
#1137=EDGE_LOOP('',(#3052,#3053,#3054,#3055));
#1138=EDGE_LOOP('',(#3056,#3057,#3058,#3059));
#1139=EDGE_LOOP('',(#3060));
#1140=EDGE_LOOP('',(#3061,#3062,#3063,#3064,#3065,#3066));
#1141=EDGE_LOOP('',(#3067,#3068,#3069,#3070,#3071,#3072));
#1142=EDGE_LOOP('',(#3073,#3074,#3075,#3076,#3077,#3078));
#1143=EDGE_LOOP('',(#3079,#3080,#3081,#3082,#3083,#3084));
#1144=EDGE_LOOP('',(#3085,#3086,#3087,#3088,#3089,#3090));
#1145=EDGE_LOOP('',(#3091,#3092,#3093,#3094,#3095,#3096));
#1146=EDGE_LOOP('',(#3097,#3098,#3099,#3100,#3101,#3102));
#1147=EDGE_LOOP('',(#3103,#3104,#3105,#3106,#3107,#3108));
#1148=EDGE_LOOP('',(#3109,#3110,#3111,#3112,#3113,#3114));
#1149=EDGE_LOOP('',(#3115,#3116,#3117,#3118,#3119,#3120));
#1150=EDGE_LOOP('',(#3121,#3122,#3123,#3124,#3125,#3126));
#1151=EDGE_LOOP('',(#3127,#3128,#3129,#3130,#3131,#3132));
#1152=EDGE_LOOP('',(#3133,#3134,#3135,#3136,#3137,#3138,#3139));
#1153=EDGE_LOOP('',(#3140,#3141,#3142,#3143,#3144,#3145));
#1154=EDGE_LOOP('',(#3146,#3147,#3148,#3149,#3150,#3151));
#1155=EDGE_LOOP('',(#3152,#3153,#3154,#3155,#3156,#3157));
#1156=EDGE_LOOP('',(#3158,#3159,#3160,#3161,#3162,#3163));
#1157=EDGE_LOOP('',(#3164,#3165,#3166,#3167,#3168,#3169));
#1158=CIRCLE('',#3513,2.);
#1159=CIRCLE('',#3514,1.);
#1160=CIRCLE('',#3516,2.);
#1161=CIRCLE('',#3518,1.);
#1162=CIRCLE('',#3520,2.55);
#1163=CIRCLE('',#3521,2.35);
#1164=CIRCLE('',#3522,2.35);
#1165=CIRCLE('',#3524,2.35);
#1166=CIRCLE('',#3526,3.55);
#1167=CIRCLE('',#3527,0.8);
#1168=CIRCLE('',#3528,3.55);
#1169=CIRCLE('',#3529,0.8);
#1170=CIRCLE('',#3536,3.25);
#1171=CIRCLE('',#3537,3.25);
#1172=CIRCLE('',#3538,3.25);
#1173=CIRCLE('',#3539,3.25);
#1174=CIRCLE('',#3541,3.25);
#1175=CIRCLE('',#3542,3.25);
#1176=CIRCLE('',#3544,3.25);
#1177=CIRCLE('',#3546,3.25);
#1178=CIRCLE('',#3548,3.25);
#1179=CIRCLE('',#3550,3.25);
#1180=CIRCLE('',#3552,4.8);
#1181=CIRCLE('',#3553,4.35);
#1182=CIRCLE('',#3554,4.35);
#1183=CIRCLE('',#3555,4.35);
#1184=CIRCLE('',#3557,1.);
#1185=CIRCLE('',#3558,3.75);
#1186=CIRCLE('',#3559,1.);
#1187=CIRCLE('',#3561,1.);
#1188=CIRCLE('',#3562,3.75);
#1189=CIRCLE('',#3563,1.);
#1190=CIRCLE('',#3565,4.8);
#1191=CIRCLE('',#3567,3.75);
#1192=CIRCLE('',#3569,1.);
#1193=CIRCLE('',#3571,3.75);
#1194=CIRCLE('',#3573,1.);
#1195=CIRCLE('',#3577,4.65857864376269);
#1196=CIRCLE('',#3578,4.65857864376269);
#1197=CIRCLE('',#3608,4.65);
#1198=CIRCLE('',#3609,0.1);
#1199=CIRCLE('',#3610,4.75);
#1200=CIRCLE('',#3611,4.65);
#1201=CIRCLE('',#3613,4.65);
#1202=CIRCLE('',#3614,4.65);
#1203=CIRCLE('',#3616,7.7);
#1204=CIRCLE('',#3618,0.599999999999999);
#1205=CIRCLE('',#3620,0.6);
#1206=CIRCLE('',#3623,0.6);
#1207=CIRCLE('',#3626,0.6);
#1208=CIRCLE('',#3628,0.6);
#1209=CIRCLE('',#3631,0.6);
#1210=CIRCLE('',#3634,0.6);
#1211=CIRCLE('',#3637,0.6);
#1212=CIRCLE('',#3640,0.6);
#1213=CIRCLE('',#3644,0.6);
#1214=CIRCLE('',#3647,0.6);
#1215=CIRCLE('',#3651,0.6);
#1216=CIRCLE('',#3654,0.6);
#1217=CIRCLE('',#3657,0.6);
#1218=CIRCLE('',#3660,0.6);
#1219=CIRCLE('',#3663,0.6);
#1220=CIRCLE('',#3666,0.6);
#1221=CIRCLE('',#3669,0.6);
#1222=CIRCLE('',#3672,1.);
#1223=CIRCLE('',#3673,1.);
#1224=CIRCLE('',#3676,6.);
#1225=CIRCLE('',#3677,7.95);
#1226=CIRCLE('',#3678,7.95);
#1227=CIRCLE('',#3679,7.95);
#1228=CIRCLE('',#3680,7.95);
#1229=CIRCLE('',#3681,7.95);
#1230=CIRCLE('',#3682,7.95);
#1231=CIRCLE('',#3683,7.95);
#1232=CIRCLE('',#3684,7.95);
#1233=CIRCLE('',#3685,7.95);
#1234=CIRCLE('',#3686,7.95);
#1235=CIRCLE('',#3687,7.95);
#1236=CIRCLE('',#3688,7.95);
#1237=CIRCLE('',#3689,7.95);
#1238=CIRCLE('',#3690,7.95);
#1239=CIRCLE('',#3691,7.95);
#1240=CIRCLE('',#3692,7.95);
#1241=CIRCLE('',#3693,7.95);
#1242=CIRCLE('',#3694,7.95);
#1243=CIRCLE('',#3729,7.95);
#1244=CIRCLE('',#3730,7.95);
#1245=CIRCLE('',#3731,7.95);
#1246=CIRCLE('',#3732,7.95);
#1247=CIRCLE('',#3733,7.95);
#1248=CIRCLE('',#3734,7.95);
#1249=CIRCLE('',#3735,7.95);
#1250=CIRCLE('',#3736,7.95);
#1251=CIRCLE('',#3737,7.95);
#1252=CIRCLE('',#3738,7.95);
#1253=CIRCLE('',#3739,7.95);
#1254=CIRCLE('',#3740,7.95);
#1255=CIRCLE('',#3741,7.95);
#1256=CIRCLE('',#3742,7.95);
#1257=CIRCLE('',#3743,7.95);
#1258=CIRCLE('',#3744,7.95);
#1259=CIRCLE('',#3745,7.95);
#1260=CIRCLE('',#3746,7.95);
#1261=CIRCLE('',#3747,7.95);
#1262=CIRCLE('',#3748,7.95);
#1263=CIRCLE('',#3749,7.95);
#1264=CIRCLE('',#3754,0.25);
#1265=CIRCLE('',#3755,4.4);
#1266=CIRCLE('',#3757,3.35);
#1267=CIRCLE('',#3759,0.25);
#1268=CIRCLE('',#3765,3.35);
#1269=CIRCLE('',#3766,3.34999999999998);
#1270=CIRCLE('',#3767,3.35);
#1271=CIRCLE('',#3768,3.35000000000002);
#1272=CIRCLE('',#3770,3.35);
#1273=CIRCLE('',#3772,3.35);
#1274=CIRCLE('',#3774,3.35);
#1275=CIRCLE('',#3776,3.35);
#1276=CIRCLE('',#3777,3.35);
#1277=VERTEX_POINT('',#4742);
#1278=VERTEX_POINT('',#4744);
#1279=VERTEX_POINT('',#4747);
#1280=VERTEX_POINT('',#4751);
#1281=VERTEX_POINT('',#4755);
#1282=VERTEX_POINT('',#4757);
#1283=VERTEX_POINT('',#4759);
#1284=VERTEX_POINT('',#4763);
#1285=VERTEX_POINT('',#4767);
#1286=VERTEX_POINT('',#4768);
#1287=VERTEX_POINT('',#4770);
#1288=VERTEX_POINT('',#4772);
#1289=VERTEX_POINT('',#4777);
#1290=VERTEX_POINT('',#4778);
#1291=VERTEX_POINT('',#4780);
#1292=VERTEX_POINT('',#4782);
#1293=VERTEX_POINT('',#4786);
#1294=VERTEX_POINT('',#4787);
#1295=VERTEX_POINT('',#4789);
#1296=VERTEX_POINT('',#4791);
#1297=VERTEX_POINT('',#4795);
#1298=VERTEX_POINT('',#4796);
#1299=VERTEX_POINT('',#4798);
#1300=VERTEX_POINT('',#4800);
#1301=VERTEX_POINT('',#4804);
#1302=VERTEX_POINT('',#4805);
#1303=VERTEX_POINT('',#4807);
#1304=VERTEX_POINT('',#4809);
#1305=VERTEX_POINT('',#4818);
#1306=VERTEX_POINT('',#4828);
#1307=VERTEX_POINT('',#4832);
#1308=VERTEX_POINT('',#4834);
#1309=VERTEX_POINT('',#4836);
#1310=VERTEX_POINT('',#4838);
#1311=VERTEX_POINT('',#4842);
#1312=VERTEX_POINT('',#4844);
#1313=VERTEX_POINT('',#4848);
#1314=VERTEX_POINT('',#4850);
#1315=VERTEX_POINT('',#4854);
#1316=VERTEX_POINT('',#4858);
#1317=VERTEX_POINT('',#4859);
#1318=VERTEX_POINT('',#4870);
#1319=VERTEX_POINT('',#4877);
#1320=VERTEX_POINT('',#4891);
#1321=VERTEX_POINT('',#4892);
#1322=VERTEX_POINT('',#4897);
#1323=VERTEX_POINT('',#4898);
#1324=VERTEX_POINT('',#4902);
#1325=VERTEX_POINT('',#4906);
#1326=VERTEX_POINT('',#4910);
#1327=VERTEX_POINT('',#4914);
#1328=VERTEX_POINT('',#4918);
#1329=VERTEX_POINT('',#4922);
#1330=VERTEX_POINT('',#4926);
#1331=VERTEX_POINT('',#4930);
#1332=VERTEX_POINT('',#4934);
#1333=VERTEX_POINT('',#4938);
#1334=VERTEX_POINT('',#4942);
#1335=VERTEX_POINT('',#4946);
#1336=VERTEX_POINT('',#4950);
#1337=VERTEX_POINT('',#4954);
#1338=VERTEX_POINT('',#4958);
#1339=VERTEX_POINT('',#4962);
#1340=VERTEX_POINT('',#4966);
#1341=VERTEX_POINT('',#4971);
#1342=VERTEX_POINT('',#4975);
#1343=VERTEX_POINT('',#4979);
#1344=VERTEX_POINT('',#4983);
#1345=VERTEX_POINT('',#4987);
#1346=VERTEX_POINT('',#4991);
#1347=VERTEX_POINT('',#4999);
#1348=VERTEX_POINT('',#5000);
#1349=VERTEX_POINT('',#5005);
#1350=VERTEX_POINT('',#5009);
#1351=VERTEX_POINT('',#5011);
#1352=VERTEX_POINT('',#5013);
#1353=VERTEX_POINT('',#5015);
#1354=VERTEX_POINT('',#5017);
#1355=VERTEX_POINT('',#5019);
#1356=VERTEX_POINT('',#5021);
#1357=VERTEX_POINT('',#5023);
#1358=VERTEX_POINT('',#5025);
#1359=VERTEX_POINT('',#5027);
#1360=VERTEX_POINT('',#5029);
#1361=VERTEX_POINT('',#5031);
#1362=VERTEX_POINT('',#5033);
#1363=VERTEX_POINT('',#5035);
#1364=VERTEX_POINT('',#5037);
#1365=VERTEX_POINT('',#5039);
#1366=VERTEX_POINT('',#5041);
#1367=VERTEX_POINT('',#5043);
#1368=VERTEX_POINT('',#5045);
#1369=VERTEX_POINT('',#5047);
#1370=VERTEX_POINT('',#5049);
#1371=VERTEX_POINT('',#5099);
#1372=VERTEX_POINT('',#5100);
#1373=VERTEX_POINT('',#5102);
#1374=VERTEX_POINT('',#5107);
#1375=VERTEX_POINT('',#5109);
#1376=VERTEX_POINT('',#5113);
#1377=VERTEX_POINT('',#5116);
#1378=VERTEX_POINT('',#5117);
#1379=VERTEX_POINT('',#5119);
#1380=VERTEX_POINT('',#5121);
#1381=VERTEX_POINT('',#5142);
#1382=VERTEX_POINT('',#5143);
#1383=VERTEX_POINT('',#5145);
#1384=VERTEX_POINT('',#5147);
#1385=VERTEX_POINT('',#5168);
#1386=VERTEX_POINT('',#5170);
#1387=VERTEX_POINT('',#5174);
#1388=VERTEX_POINT('',#5175);
#1389=VERTEX_POINT('',#5177);
#1390=VERTEX_POINT('',#5179);
#1391=VERTEX_POINT('',#5200);
#1392=VERTEX_POINT('',#5202);
#1393=VERTEX_POINT('',#5206);
#1394=VERTEX_POINT('',#5207);
#1395=VERTEX_POINT('',#5209);
#1396=VERTEX_POINT('',#5211);
#1397=VERTEX_POINT('',#5232);
#1398=VERTEX_POINT('',#5233);
#1399=VERTEX_POINT('',#5235);
#1400=VERTEX_POINT('',#5237);
#1401=VERTEX_POINT('',#5258);
#1402=VERTEX_POINT('',#5260);
#1403=VERTEX_POINT('',#5264);
#1404=VERTEX_POINT('',#5265);
#1405=VERTEX_POINT('',#5267);
#1406=VERTEX_POINT('',#5269);
#1407=VERTEX_POINT('',#5290);
#1408=VERTEX_POINT('',#5292);
#1409=VERTEX_POINT('',#5296);
#1410=VERTEX_POINT('',#5297);
#1411=VERTEX_POINT('',#5299);
#1412=VERTEX_POINT('',#5301);
#1413=VERTEX_POINT('',#5322);
#1414=VERTEX_POINT('',#5324);
#1415=VERTEX_POINT('',#5328);
#1416=VERTEX_POINT('',#5329);
#1417=VERTEX_POINT('',#5331);
#1418=VERTEX_POINT('',#5333);
#1419=VERTEX_POINT('',#5344);
#1420=VERTEX_POINT('',#5357);
#1421=VERTEX_POINT('',#5359);
#1422=VERTEX_POINT('',#5363);
#1423=VERTEX_POINT('',#5364);
#1424=VERTEX_POINT('',#5366);
#1425=VERTEX_POINT('',#5368);
#1426=VERTEX_POINT('',#5389);
#1427=VERTEX_POINT('',#5391);
#1428=VERTEX_POINT('',#5395);
#1429=VERTEX_POINT('',#5397);
#1430=VERTEX_POINT('',#5401);
#1431=VERTEX_POINT('',#5402);
#1432=VERTEX_POINT('',#5404);
#1433=VERTEX_POINT('',#5406);
#1434=VERTEX_POINT('',#5427);
#1435=VERTEX_POINT('',#5429);
#1436=VERTEX_POINT('',#5433);
#1437=VERTEX_POINT('',#5434);
#1438=VERTEX_POINT('',#5436);
#1439=VERTEX_POINT('',#5438);
#1440=VERTEX_POINT('',#5459);
#1441=VERTEX_POINT('',#5461);
#1442=VERTEX_POINT('',#5465);
#1443=VERTEX_POINT('',#5467);
#1444=VERTEX_POINT('',#5471);
#1445=VERTEX_POINT('',#5472);
#1446=VERTEX_POINT('',#5474);
#1447=VERTEX_POINT('',#5476);
#1448=VERTEX_POINT('',#5497);
#1449=VERTEX_POINT('',#5499);
#1450=VERTEX_POINT('',#5503);
#1451=VERTEX_POINT('',#5504);
#1452=VERTEX_POINT('',#5506);
#1453=VERTEX_POINT('',#5508);
#1454=VERTEX_POINT('',#5529);
#1455=VERTEX_POINT('',#5531);
#1456=VERTEX_POINT('',#5535);
#1457=VERTEX_POINT('',#5536);
#1458=VERTEX_POINT('',#5538);
#1459=VERTEX_POINT('',#5540);
#1460=VERTEX_POINT('',#5561);
#1461=VERTEX_POINT('',#5563);
#1462=VERTEX_POINT('',#5567);
#1463=VERTEX_POINT('',#5568);
#1464=VERTEX_POINT('',#5570);
#1465=VERTEX_POINT('',#5572);
#1466=VERTEX_POINT('',#5593);
#1467=VERTEX_POINT('',#5595);
#1468=VERTEX_POINT('',#5599);
#1469=VERTEX_POINT('',#5600);
#1470=VERTEX_POINT('',#5602);
#1471=VERTEX_POINT('',#5604);
#1472=VERTEX_POINT('',#5625);
#1473=VERTEX_POINT('',#5627);
#1474=VERTEX_POINT('',#5631);
#1475=VERTEX_POINT('',#5632);
#1476=VERTEX_POINT('',#5634);
#1477=VERTEX_POINT('',#5636);
#1478=VERTEX_POINT('',#5657);
#1479=VERTEX_POINT('',#5659);
#1480=VERTEX_POINT('',#5663);
#1481=VERTEX_POINT('',#5664);
#1482=VERTEX_POINT('',#5666);
#1483=VERTEX_POINT('',#5668);
#1484=VERTEX_POINT('',#5689);
#1485=VERTEX_POINT('',#5691);
#1486=VERTEX_POINT('',#5695);
#1487=VERTEX_POINT('',#5697);
#1488=VERTEX_POINT('',#5702);
#1489=VERTEX_POINT('',#5705);
#1490=VERTEX_POINT('',#5707);
#1491=VERTEX_POINT('',#5711);
#1492=VERTEX_POINT('',#5716);
#1493=VERTEX_POINT('',#5718);
#1494=VERTEX_POINT('',#5722);
#1495=VERTEX_POINT('',#5727);
#1496=VERTEX_POINT('',#5729);
#1497=VERTEX_POINT('',#5733);
#1498=VERTEX_POINT('',#5738);
#1499=VERTEX_POINT('',#5740);
#1500=VERTEX_POINT('',#5744);
#1501=VERTEX_POINT('',#5749);
#1502=VERTEX_POINT('',#5751);
#1503=VERTEX_POINT('',#5755);
#1504=VERTEX_POINT('',#5760);
#1505=VERTEX_POINT('',#5762);
#1506=VERTEX_POINT('',#5766);
#1507=VERTEX_POINT('',#5771);
#1508=VERTEX_POINT('',#5773);
#1509=VERTEX_POINT('',#5777);
#1510=VERTEX_POINT('',#5782);
#1511=VERTEX_POINT('',#5784);
#1512=VERTEX_POINT('',#5788);
#1513=VERTEX_POINT('',#5793);
#1514=VERTEX_POINT('',#5795);
#1515=VERTEX_POINT('',#5799);
#1516=VERTEX_POINT('',#5804);
#1517=VERTEX_POINT('',#5806);
#1518=VERTEX_POINT('',#5810);
#1519=VERTEX_POINT('',#5815);
#1520=VERTEX_POINT('',#5817);
#1521=VERTEX_POINT('',#5821);
#1522=VERTEX_POINT('',#5826);
#1523=VERTEX_POINT('',#5828);
#1524=VERTEX_POINT('',#5832);
#1525=VERTEX_POINT('',#5837);
#1526=VERTEX_POINT('',#5839);
#1527=VERTEX_POINT('',#5843);
#1528=VERTEX_POINT('',#5848);
#1529=VERTEX_POINT('',#5850);
#1530=VERTEX_POINT('',#5854);
#1531=VERTEX_POINT('',#5859);
#1532=VERTEX_POINT('',#5861);
#1533=VERTEX_POINT('',#5865);
#1534=VERTEX_POINT('',#5870);
#1535=VERTEX_POINT('',#5872);
#1536=VERTEX_POINT('',#5876);
#1537=VERTEX_POINT('',#5881);
#1538=VERTEX_POINT('',#5883);
#1539=VERTEX_POINT('',#5887);
#1540=VERTEX_POINT('',#5892);
#1541=VERTEX_POINT('',#5894);
#1542=VERTEX_POINT('',#5898);
#1543=VERTEX_POINT('',#5904);
#1544=VERTEX_POINT('',#5906);
#1545=VERTEX_POINT('',#5910);
#1546=VERTEX_POINT('',#5912);
#1547=VERTEX_POINT('',#5920);
#1548=VERTEX_POINT('',#5922);
#1549=VERTEX_POINT('',#5926);
#1550=VERTEX_POINT('',#5928);
#1551=VERTEX_POINT('',#5936);
#1552=VERTEX_POINT('',#5938);
#1553=VERTEX_POINT('',#5942);
#1554=VERTEX_POINT('',#5944);
#1555=VERTEX_POINT('',#5952);
#1556=VERTEX_POINT('',#5954);
#1557=VERTEX_POINT('',#5958);
#1558=VERTEX_POINT('',#5960);
#1559=VERTEX_POINT('',#5968);
#1560=VERTEX_POINT('',#5970);
#1561=VERTEX_POINT('',#5974);
#1562=VERTEX_POINT('',#5976);
#1563=VERTEX_POINT('',#5984);
#1564=VERTEX_POINT('',#5986);
#1565=VERTEX_POINT('',#5990);
#1566=VERTEX_POINT('',#5992);
#1567=VERTEX_POINT('',#6000);
#1568=VERTEX_POINT('',#6002);
#1569=VERTEX_POINT('',#6006);
#1570=VERTEX_POINT('',#6008);
#1571=VERTEX_POINT('',#6016);
#1572=VERTEX_POINT('',#6018);
#1573=VERTEX_POINT('',#6022);
#1574=VERTEX_POINT('',#6024);
#1575=VERTEX_POINT('',#6032);
#1576=VERTEX_POINT('',#6034);
#1577=VERTEX_POINT('',#6038);
#1578=VERTEX_POINT('',#6041);
#1579=VERTEX_POINT('',#6044);
#1580=VERTEX_POINT('',#6047);
#1581=VERTEX_POINT('',#6050);
#1582=VERTEX_POINT('',#6053);
#1583=VERTEX_POINT('',#6056);
#1584=VERTEX_POINT('',#6059);
#1585=VERTEX_POINT('',#6062);
#1586=VERTEX_POINT('',#6064);
#1587=VERTEX_POINT('',#6067);
#1588=VERTEX_POINT('',#6070);
#1589=VERTEX_POINT('',#6073);
#1590=VERTEX_POINT('',#6076);
#1591=VERTEX_POINT('',#6078);
#1592=VERTEX_POINT('',#6080);
#1593=VERTEX_POINT('',#6083);
#1594=VERTEX_POINT('',#6086);
#1595=VERTEX_POINT('',#6089);
#1596=VERTEX_POINT('',#6092);
#1597=VERTEX_POINT('',#6095);
#1598=VERTEX_POINT('',#6098);
#1599=VERTEX_POINT('',#6104);
#1600=VERTEX_POINT('',#6110);
#1601=VERTEX_POINT('',#6114);
#1602=VERTEX_POINT('',#6119);
#1603=VERTEX_POINT('',#6120);
#1604=VERTEX_POINT('',#6122);
#1605=VERTEX_POINT('',#6124);
#1606=VERTEX_POINT('',#6128);
#1607=VERTEX_POINT('',#6129);
#1608=VERTEX_POINT('',#6131);
#1609=VERTEX_POINT('',#6133);
#1610=VERTEX_POINT('',#6137);
#1611=VERTEX_POINT('',#6138);
#1612=VERTEX_POINT('',#6140);
#1613=VERTEX_POINT('',#6142);
#1614=VERTEX_POINT('',#6146);
#1615=VERTEX_POINT('',#6147);
#1616=VERTEX_POINT('',#6149);
#1617=VERTEX_POINT('',#6151);
#1618=VERTEX_POINT('',#6166);
#1619=EDGE_CURVE('',#1277,#1277,#1158,.T.);
#1620=EDGE_CURVE('',#1278,#1278,#1159,.T.);
#1621=EDGE_CURVE('',#1279,#1279,#1160,.T.);
#1622=EDGE_CURVE('',#1279,#1277,#113,.T.);
#1623=EDGE_CURVE('',#1278,#1280,#114,.T.);
#1624=EDGE_CURVE('',#1280,#1280,#1161,.T.);
#1625=EDGE_CURVE('',#1281,#1281,#1162,.T.);
#1626=EDGE_CURVE('',#1281,#1282,#115,.T.);
#1627=EDGE_CURVE('',#1282,#1283,#1163,.T.);
#1628=EDGE_CURVE('',#1283,#1282,#1164,.T.);
#1629=EDGE_CURVE('',#1283,#1284,#116,.T.);
#1630=EDGE_CURVE('',#1284,#1284,#1165,.T.);
#1631=EDGE_CURVE('',#1285,#1286,#1166,.T.);
#1632=EDGE_CURVE('',#1287,#1285,#1167,.T.);
#1633=EDGE_CURVE('',#1288,#1287,#1168,.T.);
#1634=EDGE_CURVE('',#1286,#1288,#1169,.T.);
#1635=EDGE_CURVE('',#1289,#1290,#117,.T.);
#1636=EDGE_CURVE('',#1289,#1291,#118,.T.);
#1637=EDGE_CURVE('',#1292,#1291,#119,.T.);
#1638=EDGE_CURVE('',#1290,#1292,#120,.T.);
#1639=EDGE_CURVE('',#1293,#1294,#121,.T.);
#1640=EDGE_CURVE('',#1293,#1295,#122,.T.);
#1641=EDGE_CURVE('',#1296,#1295,#123,.T.);
#1642=EDGE_CURVE('',#1294,#1296,#124,.T.);
#1643=EDGE_CURVE('',#1297,#1298,#125,.T.);
#1644=EDGE_CURVE('',#1297,#1299,#126,.T.);
#1645=EDGE_CURVE('',#1300,#1299,#127,.T.);
#1646=EDGE_CURVE('',#1298,#1300,#128,.T.);
#1647=EDGE_CURVE('',#1301,#1302,#129,.T.);
#1648=EDGE_CURVE('',#1301,#1303,#130,.T.);
#1649=EDGE_CURVE('',#1304,#1303,#131,.T.);
#1650=EDGE_CURVE('',#1302,#1304,#132,.T.);
#1651=EDGE_CURVE('',#1291,#1304,#1170,.T.);
#1652=EDGE_CURVE('',#1303,#1300,#1171,.T.);
#1653=EDGE_CURVE('',#1299,#1296,#1172,.T.);
#1654=EDGE_CURVE('',#1295,#1292,#1173,.T.);
#1655=EDGE_CURVE('',#1302,#1305,#1174,.T.);
#1656=EDGE_CURVE('',#1305,#1301,#1175,.T.);
#1657=EDGE_CURVE('',#1290,#1289,#1176,.T.);
#1658=EDGE_CURVE('',#1294,#1293,#1177,.T.);
#1659=EDGE_CURVE('',#1298,#1297,#1178,.T.);
#1660=EDGE_CURVE('',#1305,#1306,#133,.T.);
#1661=EDGE_CURVE('',#1306,#1306,#1179,.T.);
#1662=EDGE_CURVE('',#1307,#1307,#1180,.T.);
#1663=EDGE_CURVE('',#1307,#1308,#134,.T.);
#1664=EDGE_CURVE('',#1308,#1309,#1181,.T.);
#1665=EDGE_CURVE('',#1309,#1310,#1182,.T.);
#1666=EDGE_CURVE('',#1310,#1308,#1183,.T.);
#1667=EDGE_CURVE('',#1310,#1311,#1184,.T.);
#1668=EDGE_CURVE('',#1311,#1312,#1185,.T.);
#1669=EDGE_CURVE('',#1312,#1309,#1186,.T.);
#1670=EDGE_CURVE('',#1309,#1313,#1187,.T.);
#1671=EDGE_CURVE('',#1313,#1314,#1188,.T.);
#1672=EDGE_CURVE('',#1314,#1310,#1189,.T.);
#1673=EDGE_CURVE('',#1315,#1315,#1190,.T.);
#1674=EDGE_CURVE('',#1315,#1307,#135,.T.);
#1675=EDGE_CURVE('',#1316,#1317,#1191,.T.);
#1676=EDGE_CURVE('',#1317,#1285,#81,.T.);
#1677=EDGE_CURVE('',#1286,#1316,#82,.T.);
#1678=EDGE_CURVE('',#1288,#1318,#83,.T.);
#1679=EDGE_CURVE('',#1318,#1316,#1192,.T.);
#1680=EDGE_CURVE('',#1319,#1318,#1193,.T.);
#1681=EDGE_CURVE('',#1287,#1319,#84,.T.);
#1682=EDGE_CURVE('',#1317,#1319,#1194,.T.);
#1683=EDGE_CURVE('',#1317,#1311,#136,.T.);
#1684=EDGE_CURVE('',#1319,#1314,#137,.T.);
#1685=EDGE_CURVE('',#1316,#1312,#138,.T.);
#1686=EDGE_CURVE('',#1320,#1321,#1195,.T.);
#1687=EDGE_CURVE('',#1321,#1320,#1196,.T.);
#1688=EDGE_CURVE('',#1320,#1315,#139,.T.);
#1689=EDGE_CURVE('',#1322,#1323,#20,.T.);
#1690=EDGE_CURVE('',#1324,#1322,#21,.T.);
#1691=EDGE_CURVE('',#1325,#1324,#22,.F.);
#1692=EDGE_CURVE('',#1326,#1325,#23,.T.);
#1693=EDGE_CURVE('',#1327,#1326,#24,.T.);
#1694=EDGE_CURVE('',#1328,#1327,#25,.F.);
#1695=EDGE_CURVE('',#1329,#1328,#26,.T.);
#1696=EDGE_CURVE('',#1330,#1329,#27,.T.);
#1697=EDGE_CURVE('',#1331,#1330,#28,.F.);
#1698=EDGE_CURVE('',#1332,#1331,#29,.T.);
#1699=EDGE_CURVE('',#1333,#1332,#30,.T.);
#1700=EDGE_CURVE('',#1334,#1333,#31,.F.);
#1701=EDGE_CURVE('',#1335,#1334,#32,.T.);
#1702=EDGE_CURVE('',#1336,#1335,#33,.T.);
#1703=EDGE_CURVE('',#1337,#1336,#34,.F.);
#1704=EDGE_CURVE('',#1338,#1337,#35,.T.);
#1705=EDGE_CURVE('',#1339,#1338,#36,.T.);
#1706=EDGE_CURVE('',#1340,#1339,#37,.F.);
#1707=EDGE_CURVE('',#1340,#1321,#140,.T.);
#1708=EDGE_CURVE('',#1341,#1340,#38,.F.);
#1709=EDGE_CURVE('',#1342,#1341,#39,.T.);
#1710=EDGE_CURVE('',#1343,#1342,#40,.T.);
#1711=EDGE_CURVE('',#1344,#1343,#41,.F.);
#1712=EDGE_CURVE('',#1345,#1344,#42,.T.);
#1713=EDGE_CURVE('',#1346,#1345,#43,.T.);
#1714=EDGE_CURVE('',#1323,#1346,#44,.F.);
#1715=EDGE_CURVE('',#1347,#1348,#141,.T.);
#1716=EDGE_CURVE('',#1348,#1337,#142,.T.);
#1717=EDGE_CURVE('',#1336,#1347,#143,.T.);
#1718=EDGE_CURVE('',#1349,#1348,#144,.T.);
#1719=EDGE_CURVE('',#1338,#1349,#145,.T.);
#1720=EDGE_CURVE('',#1347,#1350,#146,.T.);
#1721=EDGE_CURVE('',#1350,#1351,#147,.T.);
#1722=EDGE_CURVE('',#1352,#1351,#148,.T.);
#1723=EDGE_CURVE('',#1352,#1353,#149,.T.);
#1724=EDGE_CURVE('',#1353,#1354,#150,.T.);
#1725=EDGE_CURVE('',#1355,#1354,#151,.T.);
#1726=EDGE_CURVE('',#1355,#1356,#152,.T.);
#1727=EDGE_CURVE('',#1356,#1357,#153,.T.);
#1728=EDGE_CURVE('',#1358,#1357,#154,.T.);
#1729=EDGE_CURVE('',#1358,#1359,#155,.T.);
#1730=EDGE_CURVE('',#1359,#1360,#156,.T.);
#1731=EDGE_CURVE('',#1361,#1360,#157,.T.);
#1732=EDGE_CURVE('',#1361,#1362,#158,.T.);
#1733=EDGE_CURVE('',#1362,#1363,#159,.T.);
#1734=EDGE_CURVE('',#1364,#1363,#160,.T.);
#1735=EDGE_CURVE('',#1364,#1365,#161,.T.);
#1736=EDGE_CURVE('',#1365,#1366,#162,.T.);
#1737=EDGE_CURVE('',#1367,#1366,#163,.T.);
#1738=EDGE_CURVE('',#1367,#1368,#164,.T.);
#1739=EDGE_CURVE('',#1368,#1369,#165,.T.);
#1740=EDGE_CURVE('',#1370,#1369,#166,.T.);
#1741=EDGE_CURVE('',#1370,#1349,#167,.T.);
#1742=EDGE_CURVE('',#1369,#1341,#168,.T.);
#1743=EDGE_CURVE('',#1339,#1370,#169,.T.);
#1744=EDGE_CURVE('',#1342,#1368,#170,.T.);
#1745=EDGE_CURVE('',#1366,#1344,#171,.T.);
#1746=EDGE_CURVE('',#1343,#1367,#172,.T.);
#1747=EDGE_CURVE('',#1363,#1323,#173,.T.);
#1748=EDGE_CURVE('',#1346,#1364,#174,.T.);
#1749=EDGE_CURVE('',#1345,#1365,#175,.T.);
#1750=EDGE_CURVE('',#1360,#1325,#176,.T.);
#1751=EDGE_CURVE('',#1324,#1361,#177,.T.);
#1752=EDGE_CURVE('',#1322,#1362,#178,.T.);
#1753=EDGE_CURVE('',#1357,#1328,#179,.T.);
#1754=EDGE_CURVE('',#1327,#1358,#180,.T.);
#1755=EDGE_CURVE('',#1326,#1359,#181,.T.);
#1756=EDGE_CURVE('',#1354,#1331,#182,.T.);
#1757=EDGE_CURVE('',#1330,#1355,#183,.T.);
#1758=EDGE_CURVE('',#1329,#1356,#184,.T.);
#1759=EDGE_CURVE('',#1351,#1334,#185,.T.);
#1760=EDGE_CURVE('',#1333,#1352,#186,.T.);
#1761=EDGE_CURVE('',#1332,#1353,#187,.T.);
#1762=EDGE_CURVE('',#1335,#1350,#188,.T.);
#1763=EDGE_CURVE('',#1318,#1313,#189,.T.);
#1764=EDGE_CURVE('',#1371,#1372,#1197,.T.);
#1765=EDGE_CURVE('',#1372,#1373,#1198,.T.);
#1766=EDGE_CURVE('',#1373,#1373,#1199,.T.);
#1767=EDGE_CURVE('',#1372,#1371,#1200,.T.);
#1768=EDGE_CURVE('',#1371,#1374,#190,.T.);
#1769=EDGE_CURVE('',#1375,#1374,#1201,.T.);
#1770=EDGE_CURVE('',#1374,#1375,#1202,.T.);
#1771=EDGE_CURVE('',#1376,#1376,#1203,.T.);
#1772=EDGE_CURVE('',#1377,#1378,#1204,.T.);
#1773=EDGE_CURVE('',#1377,#1379,#191,.T.);
#1774=EDGE_CURVE('',#1379,#1380,#85,.T.);
#1775=EDGE_CURVE('',#1380,#1378,#192,.T.);
#1776=EDGE_CURVE('',#1381,#1382,#1205,.T.);
#1777=EDGE_CURVE('',#1381,#1383,#193,.T.);
#1778=EDGE_CURVE('',#1383,#1384,#86,.T.);
#1779=EDGE_CURVE('',#1384,#1382,#194,.T.);
#1780=EDGE_CURVE('',#1384,#1385,#195,.T.);
#1781=EDGE_CURVE('',#1386,#1385,#196,.T.);
#1782=EDGE_CURVE('',#1382,#1386,#197,.T.);
#1783=EDGE_CURVE('',#1387,#1388,#1206,.T.);
#1784=EDGE_CURVE('',#1387,#1389,#198,.T.);
#1785=EDGE_CURVE('',#1389,#1390,#87,.T.);
#1786=EDGE_CURVE('',#1390,#1388,#199,.T.);
#1787=EDGE_CURVE('',#1390,#1391,#200,.T.);
#1788=EDGE_CURVE('',#1392,#1391,#201,.T.);
#1789=EDGE_CURVE('',#1388,#1392,#202,.T.);
#1790=EDGE_CURVE('',#1393,#1394,#1207,.T.);
#1791=EDGE_CURVE('',#1393,#1395,#203,.T.);
#1792=EDGE_CURVE('',#1395,#1396,#88,.T.);
#1793=EDGE_CURVE('',#1396,#1394,#204,.T.);
#1794=EDGE_CURVE('',#1397,#1398,#1208,.T.);
#1795=EDGE_CURVE('',#1397,#1399,#205,.T.);
#1796=EDGE_CURVE('',#1399,#1400,#89,.T.);
#1797=EDGE_CURVE('',#1400,#1398,#206,.T.);
#1798=EDGE_CURVE('',#1400,#1401,#207,.T.);
#1799=EDGE_CURVE('',#1402,#1401,#208,.T.);
#1800=EDGE_CURVE('',#1398,#1402,#209,.T.);
#1801=EDGE_CURVE('',#1403,#1404,#1209,.T.);
#1802=EDGE_CURVE('',#1403,#1405,#210,.T.);
#1803=EDGE_CURVE('',#1405,#1406,#90,.T.);
#1804=EDGE_CURVE('',#1406,#1404,#211,.T.);
#1805=EDGE_CURVE('',#1406,#1407,#212,.T.);
#1806=EDGE_CURVE('',#1408,#1407,#213,.T.);
#1807=EDGE_CURVE('',#1404,#1408,#214,.T.);
#1808=EDGE_CURVE('',#1409,#1410,#1210,.T.);
#1809=EDGE_CURVE('',#1409,#1411,#215,.T.);
#1810=EDGE_CURVE('',#1411,#1412,#91,.T.);
#1811=EDGE_CURVE('',#1412,#1410,#216,.T.);
#1812=EDGE_CURVE('',#1412,#1413,#217,.T.);
#1813=EDGE_CURVE('',#1414,#1413,#218,.T.);
#1814=EDGE_CURVE('',#1410,#1414,#219,.T.);
#1815=EDGE_CURVE('',#1415,#1416,#1211,.T.);
#1816=EDGE_CURVE('',#1415,#1417,#220,.T.);
#1817=EDGE_CURVE('',#1417,#1418,#92,.T.);
#1818=EDGE_CURVE('',#1418,#1419,#93,.T.);
#1819=EDGE_CURVE('',#1419,#1416,#221,.T.);
#1820=EDGE_CURVE('',#1419,#1420,#222,.T.);
#1821=EDGE_CURVE('',#1421,#1420,#223,.T.);
#1822=EDGE_CURVE('',#1416,#1421,#224,.T.);
#1823=EDGE_CURVE('',#1422,#1423,#1212,.T.);
#1824=EDGE_CURVE('',#1422,#1424,#225,.T.);
#1825=EDGE_CURVE('',#1424,#1425,#94,.T.);
#1826=EDGE_CURVE('',#1425,#1423,#226,.T.);
#1827=EDGE_CURVE('',#1425,#1426,#227,.T.);
#1828=EDGE_CURVE('',#1427,#1426,#228,.T.);
#1829=EDGE_CURVE('',#1423,#1427,#229,.T.);
#1830=EDGE_CURVE('',#1380,#1428,#230,.T.);
#1831=EDGE_CURVE('',#1429,#1428,#231,.T.);
#1832=EDGE_CURVE('',#1378,#1429,#232,.T.);
#1833=EDGE_CURVE('',#1430,#1431,#1213,.T.);
#1834=EDGE_CURVE('',#1430,#1432,#233,.T.);
#1835=EDGE_CURVE('',#1432,#1433,#95,.T.);
#1836=EDGE_CURVE('',#1433,#1431,#234,.T.);
#1837=EDGE_CURVE('',#1433,#1434,#235,.T.);
#1838=EDGE_CURVE('',#1435,#1434,#236,.T.);
#1839=EDGE_CURVE('',#1431,#1435,#237,.T.);
#1840=EDGE_CURVE('',#1436,#1437,#1214,.T.);
#1841=EDGE_CURVE('',#1436,#1438,#238,.T.);
#1842=EDGE_CURVE('',#1438,#1439,#96,.T.);
#1843=EDGE_CURVE('',#1439,#1437,#239,.T.);
#1844=EDGE_CURVE('',#1439,#1440,#240,.T.);
#1845=EDGE_CURVE('',#1441,#1440,#241,.T.);
#1846=EDGE_CURVE('',#1437,#1441,#242,.T.);
#1847=EDGE_CURVE('',#1396,#1442,#243,.T.);
#1848=EDGE_CURVE('',#1443,#1442,#244,.T.);
#1849=EDGE_CURVE('',#1394,#1443,#245,.T.);
#1850=EDGE_CURVE('',#1444,#1445,#1215,.T.);
#1851=EDGE_CURVE('',#1444,#1446,#246,.T.);
#1852=EDGE_CURVE('',#1446,#1447,#97,.T.);
#1853=EDGE_CURVE('',#1447,#1445,#247,.T.);
#1854=EDGE_CURVE('',#1447,#1448,#248,.T.);
#1855=EDGE_CURVE('',#1449,#1448,#249,.T.);
#1856=EDGE_CURVE('',#1445,#1449,#250,.T.);
#1857=EDGE_CURVE('',#1450,#1451,#1216,.T.);
#1858=EDGE_CURVE('',#1450,#1452,#251,.T.);
#1859=EDGE_CURVE('',#1452,#1453,#98,.T.);
#1860=EDGE_CURVE('',#1453,#1451,#252,.T.);
#1861=EDGE_CURVE('',#1453,#1454,#253,.T.);
#1862=EDGE_CURVE('',#1455,#1454,#254,.T.);
#1863=EDGE_CURVE('',#1451,#1455,#255,.T.);
#1864=EDGE_CURVE('',#1456,#1457,#1217,.T.);
#1865=EDGE_CURVE('',#1456,#1458,#256,.T.);
#1866=EDGE_CURVE('',#1458,#1459,#99,.T.);
#1867=EDGE_CURVE('',#1459,#1457,#257,.T.);
#1868=EDGE_CURVE('',#1459,#1460,#258,.T.);
#1869=EDGE_CURVE('',#1461,#1460,#259,.T.);
#1870=EDGE_CURVE('',#1457,#1461,#260,.T.);
#1871=EDGE_CURVE('',#1462,#1463,#1218,.T.);
#1872=EDGE_CURVE('',#1462,#1464,#261,.T.);
#1873=EDGE_CURVE('',#1464,#1465,#100,.T.);
#1874=EDGE_CURVE('',#1465,#1463,#262,.T.);
#1875=EDGE_CURVE('',#1465,#1466,#263,.T.);
#1876=EDGE_CURVE('',#1467,#1466,#264,.T.);
#1877=EDGE_CURVE('',#1463,#1467,#265,.T.);
#1878=EDGE_CURVE('',#1468,#1469,#1219,.T.);
#1879=EDGE_CURVE('',#1468,#1470,#266,.T.);
#1880=EDGE_CURVE('',#1470,#1471,#101,.T.);
#1881=EDGE_CURVE('',#1471,#1469,#267,.T.);
#1882=EDGE_CURVE('',#1471,#1472,#268,.T.);
#1883=EDGE_CURVE('',#1473,#1472,#269,.T.);
#1884=EDGE_CURVE('',#1469,#1473,#270,.T.);
#1885=EDGE_CURVE('',#1474,#1475,#1220,.T.);
#1886=EDGE_CURVE('',#1474,#1476,#271,.T.);
#1887=EDGE_CURVE('',#1476,#1477,#102,.T.);
#1888=EDGE_CURVE('',#1477,#1475,#272,.T.);
#1889=EDGE_CURVE('',#1477,#1478,#273,.T.);
#1890=EDGE_CURVE('',#1479,#1478,#274,.T.);
#1891=EDGE_CURVE('',#1475,#1479,#275,.T.);
#1892=EDGE_CURVE('',#1480,#1481,#1221,.T.);
#1893=EDGE_CURVE('',#1480,#1482,#276,.T.);
#1894=EDGE_CURVE('',#1482,#1483,#103,.T.);
#1895=EDGE_CURVE('',#1483,#1481,#277,.T.);
#1896=EDGE_CURVE('',#1483,#1484,#278,.T.);
#1897=EDGE_CURVE('',#1485,#1484,#279,.T.);
#1898=EDGE_CURVE('',#1481,#1485,#280,.T.);
#1899=EDGE_CURVE('',#1486,#1486,#1222,.T.);
#1900=EDGE_CURVE('',#1486,#1487,#281,.T.);
#1901=EDGE_CURVE('',#1487,#1487,#1223,.T.);
#1902=EDGE_CURVE('',#1488,#1488,#1224,.T.);
#1903=EDGE_CURVE('',#1488,#1418,#282,.T.);
#1904=EDGE_CURVE('',#1489,#1417,#283,.T.);
#1905=EDGE_CURVE('',#1490,#1489,#45,.T.);
#1906=EDGE_CURVE('',#1491,#1490,#1225,.T.);
#1907=EDGE_CURVE('',#1426,#1491,#46,.T.);
#1908=EDGE_CURVE('',#1492,#1424,#284,.T.);
#1909=EDGE_CURVE('',#1493,#1492,#47,.T.);
#1910=EDGE_CURVE('',#1494,#1493,#1226,.T.);
#1911=EDGE_CURVE('',#1428,#1494,#48,.T.);
#1912=EDGE_CURVE('',#1495,#1379,#285,.T.);
#1913=EDGE_CURVE('',#1496,#1495,#49,.T.);
#1914=EDGE_CURVE('',#1497,#1496,#1227,.T.);
#1915=EDGE_CURVE('',#1385,#1497,#50,.T.);
#1916=EDGE_CURVE('',#1498,#1383,#286,.T.);
#1917=EDGE_CURVE('',#1499,#1498,#51,.T.);
#1918=EDGE_CURVE('',#1500,#1499,#1228,.T.);
#1919=EDGE_CURVE('',#1391,#1500,#52,.T.);
#1920=EDGE_CURVE('',#1501,#1389,#287,.T.);
#1921=EDGE_CURVE('',#1502,#1501,#53,.T.);
#1922=EDGE_CURVE('',#1503,#1502,#1229,.T.);
#1923=EDGE_CURVE('',#1434,#1503,#54,.T.);
#1924=EDGE_CURVE('',#1504,#1432,#288,.T.);
#1925=EDGE_CURVE('',#1505,#1504,#55,.T.);
#1926=EDGE_CURVE('',#1506,#1505,#1230,.T.);
#1927=EDGE_CURVE('',#1440,#1506,#56,.T.);
#1928=EDGE_CURVE('',#1507,#1438,#289,.T.);
#1929=EDGE_CURVE('',#1508,#1507,#57,.T.);
#1930=EDGE_CURVE('',#1509,#1508,#1231,.T.);
#1931=EDGE_CURVE('',#1442,#1509,#58,.T.);
#1932=EDGE_CURVE('',#1510,#1395,#290,.T.);
#1933=EDGE_CURVE('',#1511,#1510,#59,.T.);
#1934=EDGE_CURVE('',#1512,#1511,#1232,.T.);
#1935=EDGE_CURVE('',#1448,#1512,#60,.T.);
#1936=EDGE_CURVE('',#1513,#1446,#291,.T.);
#1937=EDGE_CURVE('',#1514,#1513,#61,.T.);
#1938=EDGE_CURVE('',#1515,#1514,#1233,.T.);
#1939=EDGE_CURVE('',#1454,#1515,#62,.T.);
#1940=EDGE_CURVE('',#1516,#1452,#292,.T.);
#1941=EDGE_CURVE('',#1517,#1516,#63,.T.);
#1942=EDGE_CURVE('',#1518,#1517,#1234,.T.);
#1943=EDGE_CURVE('',#1460,#1518,#64,.T.);
#1944=EDGE_CURVE('',#1519,#1458,#293,.T.);
#1945=EDGE_CURVE('',#1520,#1519,#65,.T.);
#1946=EDGE_CURVE('',#1521,#1520,#1235,.T.);
#1947=EDGE_CURVE('',#1466,#1521,#66,.T.);
#1948=EDGE_CURVE('',#1522,#1464,#294,.T.);
#1949=EDGE_CURVE('',#1523,#1522,#67,.T.);
#1950=EDGE_CURVE('',#1524,#1523,#1236,.T.);
#1951=EDGE_CURVE('',#1484,#1524,#68,.T.);
#1952=EDGE_CURVE('',#1525,#1482,#295,.T.);
#1953=EDGE_CURVE('',#1526,#1525,#69,.T.);
#1954=EDGE_CURVE('',#1527,#1526,#1237,.T.);
#1955=EDGE_CURVE('',#1478,#1527,#70,.T.);
#1956=EDGE_CURVE('',#1528,#1476,#296,.T.);
#1957=EDGE_CURVE('',#1529,#1528,#71,.T.);
#1958=EDGE_CURVE('',#1530,#1529,#1238,.T.);
#1959=EDGE_CURVE('',#1472,#1530,#72,.T.);
#1960=EDGE_CURVE('',#1531,#1470,#297,.T.);
#1961=EDGE_CURVE('',#1532,#1531,#73,.T.);
#1962=EDGE_CURVE('',#1533,#1532,#1239,.T.);
#1963=EDGE_CURVE('',#1401,#1533,#74,.T.);
#1964=EDGE_CURVE('',#1534,#1399,#298,.T.);
#1965=EDGE_CURVE('',#1535,#1534,#75,.T.);
#1966=EDGE_CURVE('',#1536,#1535,#1240,.T.);
#1967=EDGE_CURVE('',#1407,#1536,#76,.T.);
#1968=EDGE_CURVE('',#1537,#1405,#299,.T.);
#1969=EDGE_CURVE('',#1538,#1537,#77,.T.);
#1970=EDGE_CURVE('',#1539,#1538,#1241,.T.);
#1971=EDGE_CURVE('',#1413,#1539,#78,.T.);
#1972=EDGE_CURVE('',#1540,#1411,#300,.T.);
#1973=EDGE_CURVE('',#1541,#1540,#79,.T.);
#1974=EDGE_CURVE('',#1542,#1541,#1242,.T.);
#1975=EDGE_CURVE('',#1420,#1542,#80,.T.);
#1976=EDGE_CURVE('',#1543,#1525,#301,.T.);
#1977=EDGE_CURVE('',#1544,#1543,#302,.T.);
#1978=EDGE_CURVE('',#1544,#1526,#303,.T.);
#1979=EDGE_CURVE('',#1545,#1528,#304,.T.);
#1980=EDGE_CURVE('',#1546,#1545,#305,.T.);
#1981=EDGE_CURVE('',#1546,#1529,#306,.T.);
#1982=EDGE_CURVE('',#1543,#1480,#307,.T.);
#1983=EDGE_CURVE('',#1545,#1474,#308,.T.);
#1984=EDGE_CURVE('',#1547,#1522,#309,.T.);
#1985=EDGE_CURVE('',#1548,#1547,#310,.T.);
#1986=EDGE_CURVE('',#1548,#1523,#311,.T.);
#1987=EDGE_CURVE('',#1549,#1531,#312,.T.);
#1988=EDGE_CURVE('',#1550,#1549,#313,.T.);
#1989=EDGE_CURVE('',#1550,#1532,#314,.T.);
#1990=EDGE_CURVE('',#1547,#1462,#315,.T.);
#1991=EDGE_CURVE('',#1549,#1468,#316,.T.);
#1992=EDGE_CURVE('',#1551,#1519,#317,.T.);
#1993=EDGE_CURVE('',#1552,#1551,#318,.T.);
#1994=EDGE_CURVE('',#1552,#1520,#319,.T.);
#1995=EDGE_CURVE('',#1553,#1534,#320,.T.);
#1996=EDGE_CURVE('',#1554,#1553,#321,.T.);
#1997=EDGE_CURVE('',#1554,#1535,#322,.T.);
#1998=EDGE_CURVE('',#1551,#1456,#323,.T.);
#1999=EDGE_CURVE('',#1553,#1397,#324,.T.);
#2000=EDGE_CURVE('',#1555,#1516,#325,.T.);
#2001=EDGE_CURVE('',#1556,#1555,#326,.T.);
#2002=EDGE_CURVE('',#1556,#1517,#327,.T.);
#2003=EDGE_CURVE('',#1557,#1537,#328,.T.);
#2004=EDGE_CURVE('',#1558,#1557,#329,.T.);
#2005=EDGE_CURVE('',#1558,#1538,#330,.T.);
#2006=EDGE_CURVE('',#1555,#1450,#331,.T.);
#2007=EDGE_CURVE('',#1557,#1403,#332,.T.);
#2008=EDGE_CURVE('',#1559,#1540,#333,.T.);
#2009=EDGE_CURVE('',#1560,#1559,#334,.T.);
#2010=EDGE_CURVE('',#1560,#1541,#335,.T.);
#2011=EDGE_CURVE('',#1561,#1513,#336,.T.);
#2012=EDGE_CURVE('',#1562,#1561,#337,.T.);
#2013=EDGE_CURVE('',#1562,#1514,#338,.T.);
#2014=EDGE_CURVE('',#1559,#1409,#339,.T.);
#2015=EDGE_CURVE('',#1561,#1444,#340,.T.);
#2016=EDGE_CURVE('',#1563,#1489,#341,.T.);
#2017=EDGE_CURVE('',#1564,#1563,#342,.T.);
#2018=EDGE_CURVE('',#1564,#1490,#343,.T.);
#2019=EDGE_CURVE('',#1565,#1510,#344,.T.);
#2020=EDGE_CURVE('',#1566,#1565,#345,.T.);
#2021=EDGE_CURVE('',#1566,#1511,#346,.T.);
#2022=EDGE_CURVE('',#1563,#1415,#347,.T.);
#2023=EDGE_CURVE('',#1565,#1393,#348,.T.);
#2024=EDGE_CURVE('',#1567,#1492,#349,.T.);
#2025=EDGE_CURVE('',#1568,#1567,#350,.T.);
#2026=EDGE_CURVE('',#1568,#1493,#351,.T.);
#2027=EDGE_CURVE('',#1569,#1507,#352,.T.);
#2028=EDGE_CURVE('',#1570,#1569,#353,.T.);
#2029=EDGE_CURVE('',#1570,#1508,#354,.T.);
#2030=EDGE_CURVE('',#1567,#1422,#355,.T.);
#2031=EDGE_CURVE('',#1569,#1436,#356,.T.);
#2032=EDGE_CURVE('',#1571,#1495,#357,.T.);
#2033=EDGE_CURVE('',#1572,#1571,#358,.T.);
#2034=EDGE_CURVE('',#1572,#1496,#359,.T.);
#2035=EDGE_CURVE('',#1573,#1504,#360,.T.);
#2036=EDGE_CURVE('',#1574,#1573,#361,.T.);
#2037=EDGE_CURVE('',#1574,#1505,#362,.T.);
#2038=EDGE_CURVE('',#1571,#1377,#363,.T.);
#2039=EDGE_CURVE('',#1573,#1430,#364,.T.);
#2040=EDGE_CURVE('',#1575,#1498,#365,.T.);
#2041=EDGE_CURVE('',#1576,#1575,#366,.T.);
#2042=EDGE_CURVE('',#1576,#1499,#367,.T.);
#2043=EDGE_CURVE('',#1577,#1544,#1243,.T.);
#2044=EDGE_CURVE('',#1577,#1524,#368,.T.);
#2045=EDGE_CURVE('',#1578,#1548,#1244,.T.);
#2046=EDGE_CURVE('',#1578,#1521,#369,.T.);
#2047=EDGE_CURVE('',#1579,#1552,#1245,.T.);
#2048=EDGE_CURVE('',#1579,#1518,#370,.T.);
#2049=EDGE_CURVE('',#1580,#1556,#1246,.T.);
#2050=EDGE_CURVE('',#1580,#1515,#371,.T.);
#2051=EDGE_CURVE('',#1581,#1562,#1247,.T.);
#2052=EDGE_CURVE('',#1581,#1512,#372,.T.);
#2053=EDGE_CURVE('',#1582,#1566,#1248,.T.);
#2054=EDGE_CURVE('',#1582,#1509,#373,.T.);
#2055=EDGE_CURVE('',#1583,#1570,#1249,.T.);
#2056=EDGE_CURVE('',#1583,#1506,#374,.T.);
#2057=EDGE_CURVE('',#1584,#1574,#1250,.T.);
#2058=EDGE_CURVE('',#1584,#1503,#375,.T.);
#2059=EDGE_CURVE('',#1585,#1502,#376,.T.);
#2060=EDGE_CURVE('',#1586,#1585,#1251,.T.);
#2061=EDGE_CURVE('',#1586,#1500,#377,.T.);
#2062=EDGE_CURVE('',#1587,#1576,#1252,.T.);
#2063=EDGE_CURVE('',#1587,#1497,#378,.T.);
#2064=EDGE_CURVE('',#1588,#1572,#1253,.T.);
#2065=EDGE_CURVE('',#1588,#1494,#379,.T.);
#2066=EDGE_CURVE('',#1589,#1568,#1254,.T.);
#2067=EDGE_CURVE('',#1589,#1491,#380,.T.);
#2068=EDGE_CURVE('',#1590,#1564,#1255,.T.);
#2069=EDGE_CURVE('',#1590,#1591,#381,.T.);
#2070=EDGE_CURVE('',#1592,#1591,#1256,.T.);
#2071=EDGE_CURVE('',#1591,#1592,#1257,.T.);
#2072=EDGE_CURVE('',#1593,#1590,#1258,.T.);
#2073=EDGE_CURVE('',#1593,#1542,#382,.T.);
#2074=EDGE_CURVE('',#1594,#1560,#1259,.T.);
#2075=EDGE_CURVE('',#1594,#1539,#383,.T.);
#2076=EDGE_CURVE('',#1595,#1558,#1260,.T.);
#2077=EDGE_CURVE('',#1595,#1536,#384,.T.);
#2078=EDGE_CURVE('',#1596,#1554,#1261,.T.);
#2079=EDGE_CURVE('',#1596,#1533,#385,.T.);
#2080=EDGE_CURVE('',#1597,#1550,#1262,.T.);
#2081=EDGE_CURVE('',#1597,#1530,#386,.T.);
#2082=EDGE_CURVE('',#1598,#1546,#1263,.T.);
#2083=EDGE_CURVE('',#1598,#1527,#387,.T.);
#2084=EDGE_CURVE('',#1575,#1381,#388,.T.);
#2085=EDGE_CURVE('',#1599,#1501,#389,.T.);
#2086=EDGE_CURVE('',#1585,#1599,#390,.T.);
#2087=EDGE_CURVE('',#1599,#1387,#391,.T.);
#2088=EDGE_CURVE('',#1375,#1600,#1264,.T.);
#2089=EDGE_CURVE('',#1600,#1600,#1265,.T.);
#2090=EDGE_CURVE('',#1601,#1601,#1266,.T.);
#2091=EDGE_CURVE('',#1592,#1376,#1267,.T.);
#2092=EDGE_CURVE('',#1602,#1603,#392,.T.);
#2093=EDGE_CURVE('',#1602,#1604,#393,.T.);
#2094=EDGE_CURVE('',#1604,#1605,#394,.T.);
#2095=EDGE_CURVE('',#1603,#1605,#395,.T.);
#2096=EDGE_CURVE('',#1606,#1607,#396,.T.);
#2097=EDGE_CURVE('',#1606,#1608,#397,.T.);
#2098=EDGE_CURVE('',#1608,#1609,#398,.T.);
#2099=EDGE_CURVE('',#1607,#1609,#399,.T.);
#2100=EDGE_CURVE('',#1610,#1611,#400,.T.);
#2101=EDGE_CURVE('',#1610,#1612,#401,.T.);
#2102=EDGE_CURVE('',#1612,#1613,#402,.T.);
#2103=EDGE_CURVE('',#1611,#1613,#403,.T.);
#2104=EDGE_CURVE('',#1614,#1615,#404,.T.);
#2105=EDGE_CURVE('',#1614,#1616,#405,.T.);
#2106=EDGE_CURVE('',#1616,#1617,#406,.T.);
#2107=EDGE_CURVE('',#1615,#1617,#407,.T.);
#2108=EDGE_CURVE('',#1605,#1616,#1268,.T.);
#2109=EDGE_CURVE('',#1609,#1604,#1269,.T.);
#2110=EDGE_CURVE('',#1613,#1608,#1270,.T.);
#2111=EDGE_CURVE('',#1617,#1612,#1271,.T.);
#2112=EDGE_CURVE('',#1606,#1607,#1272,.T.);
#2113=EDGE_CURVE('',#1602,#1603,#1273,.T.);
#2114=EDGE_CURVE('',#1614,#1615,#1274,.T.);
#2115=EDGE_CURVE('',#1618,#1611,#1275,.T.);
#2116=EDGE_CURVE('',#1610,#1618,#1276,.T.);
#2117=EDGE_CURVE('',#1601,#1618,#408,.T.);
#2118=EDGE_CURVE('',#1392,#1586,#409,.T.);
#2119=EDGE_CURVE('',#1386,#1587,#410,.T.);
#2120=EDGE_CURVE('',#1429,#1588,#411,.T.);
#2121=EDGE_CURVE('',#1427,#1589,#412,.T.);
#2122=EDGE_CURVE('',#1421,#1593,#413,.T.);
#2123=EDGE_CURVE('',#1414,#1594,#414,.T.);
#2124=EDGE_CURVE('',#1408,#1595,#415,.T.);
#2125=EDGE_CURVE('',#1402,#1596,#416,.T.);
#2126=EDGE_CURVE('',#1473,#1597,#417,.T.);
#2127=EDGE_CURVE('',#1479,#1598,#418,.T.);
#2128=EDGE_CURVE('',#1485,#1577,#419,.T.);
#2129=EDGE_CURVE('',#1467,#1578,#420,.T.);
#2130=EDGE_CURVE('',#1461,#1579,#421,.T.);
#2131=EDGE_CURVE('',#1455,#1580,#422,.T.);
#2132=EDGE_CURVE('',#1449,#1581,#423,.T.);
#2133=EDGE_CURVE('',#1443,#1582,#424,.T.);
#2134=EDGE_CURVE('',#1441,#1583,#425,.T.);
#2135=EDGE_CURVE('',#1435,#1584,#426,.T.);
#2136=ORIENTED_EDGE('',*,*,#1619,.F.);
#2137=ORIENTED_EDGE('',*,*,#1620,.T.);
#2138=ORIENTED_EDGE('',*,*,#1621,.F.);
#2139=ORIENTED_EDGE('',*,*,#1622,.T.);
#2140=ORIENTED_EDGE('',*,*,#1619,.T.);
#2141=ORIENTED_EDGE('',*,*,#1622,.F.);
#2142=ORIENTED_EDGE('',*,*,#1620,.F.);
#2143=ORIENTED_EDGE('',*,*,#1623,.T.);
#2144=ORIENTED_EDGE('',*,*,#1624,.F.);
#2145=ORIENTED_EDGE('',*,*,#1623,.F.);
#2146=ORIENTED_EDGE('',*,*,#1625,.T.);
#2147=ORIENTED_EDGE('',*,*,#1626,.T.);
#2148=ORIENTED_EDGE('',*,*,#1627,.T.);
#2149=ORIENTED_EDGE('',*,*,#1628,.T.);
#2150=ORIENTED_EDGE('',*,*,#1626,.F.);
#2151=ORIENTED_EDGE('',*,*,#1627,.F.);
#2152=ORIENTED_EDGE('',*,*,#1628,.F.);
#2153=ORIENTED_EDGE('',*,*,#1629,.T.);
#2154=ORIENTED_EDGE('',*,*,#1630,.T.);
#2155=ORIENTED_EDGE('',*,*,#1629,.F.);
#2156=ORIENTED_EDGE('',*,*,#1631,.F.);
#2157=ORIENTED_EDGE('',*,*,#1632,.F.);
#2158=ORIENTED_EDGE('',*,*,#1633,.F.);
#2159=ORIENTED_EDGE('',*,*,#1634,.F.);
#2160=ORIENTED_EDGE('',*,*,#1625,.F.);
#2161=ORIENTED_EDGE('',*,*,#1630,.F.);
#2162=ORIENTED_EDGE('',*,*,#1621,.T.);
#2163=ORIENTED_EDGE('',*,*,#1635,.F.);
#2164=ORIENTED_EDGE('',*,*,#1636,.T.);
#2165=ORIENTED_EDGE('',*,*,#1637,.F.);
#2166=ORIENTED_EDGE('',*,*,#1638,.F.);
#2167=ORIENTED_EDGE('',*,*,#1639,.F.);
#2168=ORIENTED_EDGE('',*,*,#1640,.T.);
#2169=ORIENTED_EDGE('',*,*,#1641,.F.);
#2170=ORIENTED_EDGE('',*,*,#1642,.F.);
#2171=ORIENTED_EDGE('',*,*,#1643,.F.);
#2172=ORIENTED_EDGE('',*,*,#1644,.T.);
#2173=ORIENTED_EDGE('',*,*,#1645,.F.);
#2174=ORIENTED_EDGE('',*,*,#1646,.F.);
#2175=ORIENTED_EDGE('',*,*,#1647,.F.);
#2176=ORIENTED_EDGE('',*,*,#1648,.T.);
#2177=ORIENTED_EDGE('',*,*,#1649,.F.);
#2178=ORIENTED_EDGE('',*,*,#1650,.F.);
#2179=ORIENTED_EDGE('',*,*,#1651,.T.);
#2180=ORIENTED_EDGE('',*,*,#1649,.T.);
#2181=ORIENTED_EDGE('',*,*,#1652,.T.);
#2182=ORIENTED_EDGE('',*,*,#1645,.T.);
#2183=ORIENTED_EDGE('',*,*,#1653,.T.);
#2184=ORIENTED_EDGE('',*,*,#1641,.T.);
#2185=ORIENTED_EDGE('',*,*,#1654,.T.);
#2186=ORIENTED_EDGE('',*,*,#1637,.T.);
#2187=ORIENTED_EDGE('',*,*,#1624,.T.);
#2188=ORIENTED_EDGE('',*,*,#1647,.T.);
#2189=ORIENTED_EDGE('',*,*,#1655,.T.);
#2190=ORIENTED_EDGE('',*,*,#1656,.T.);
#2191=ORIENTED_EDGE('',*,*,#1635,.T.);
#2192=ORIENTED_EDGE('',*,*,#1657,.T.);
#2193=ORIENTED_EDGE('',*,*,#1639,.T.);
#2194=ORIENTED_EDGE('',*,*,#1658,.T.);
#2195=ORIENTED_EDGE('',*,*,#1643,.T.);
#2196=ORIENTED_EDGE('',*,*,#1659,.T.);
#2197=ORIENTED_EDGE('',*,*,#1655,.F.);
#2198=ORIENTED_EDGE('',*,*,#1650,.T.);
#2199=ORIENTED_EDGE('',*,*,#1651,.F.);
#2200=ORIENTED_EDGE('',*,*,#1636,.F.);
#2201=ORIENTED_EDGE('',*,*,#1657,.F.);
#2202=ORIENTED_EDGE('',*,*,#1638,.T.);
#2203=ORIENTED_EDGE('',*,*,#1654,.F.);
#2204=ORIENTED_EDGE('',*,*,#1640,.F.);
#2205=ORIENTED_EDGE('',*,*,#1658,.F.);
#2206=ORIENTED_EDGE('',*,*,#1642,.T.);
#2207=ORIENTED_EDGE('',*,*,#1653,.F.);
#2208=ORIENTED_EDGE('',*,*,#1644,.F.);
#2209=ORIENTED_EDGE('',*,*,#1659,.F.);
#2210=ORIENTED_EDGE('',*,*,#1646,.T.);
#2211=ORIENTED_EDGE('',*,*,#1652,.F.);
#2212=ORIENTED_EDGE('',*,*,#1648,.F.);
#2213=ORIENTED_EDGE('',*,*,#1656,.F.);
#2214=ORIENTED_EDGE('',*,*,#1660,.T.);
#2215=ORIENTED_EDGE('',*,*,#1661,.F.);
#2216=ORIENTED_EDGE('',*,*,#1660,.F.);
#2217=ORIENTED_EDGE('',*,*,#1662,.T.);
#2218=ORIENTED_EDGE('',*,*,#1663,.T.);
#2219=ORIENTED_EDGE('',*,*,#1664,.T.);
#2220=ORIENTED_EDGE('',*,*,#1665,.T.);
#2221=ORIENTED_EDGE('',*,*,#1666,.T.);
#2222=ORIENTED_EDGE('',*,*,#1663,.F.);
#2223=ORIENTED_EDGE('',*,*,#1666,.F.);
#2224=ORIENTED_EDGE('',*,*,#1667,.T.);
#2225=ORIENTED_EDGE('',*,*,#1668,.T.);
#2226=ORIENTED_EDGE('',*,*,#1669,.T.);
#2227=ORIENTED_EDGE('',*,*,#1664,.F.);
#2228=ORIENTED_EDGE('',*,*,#1665,.F.);
#2229=ORIENTED_EDGE('',*,*,#1670,.T.);
#2230=ORIENTED_EDGE('',*,*,#1671,.T.);
#2231=ORIENTED_EDGE('',*,*,#1672,.T.);
#2232=ORIENTED_EDGE('',*,*,#1673,.F.);
#2233=ORIENTED_EDGE('',*,*,#1674,.T.);
#2234=ORIENTED_EDGE('',*,*,#1662,.F.);
#2235=ORIENTED_EDGE('',*,*,#1674,.F.);
#2236=ORIENTED_EDGE('',*,*,#1675,.T.);
#2237=ORIENTED_EDGE('',*,*,#1676,.T.);
#2238=ORIENTED_EDGE('',*,*,#1631,.T.);
#2239=ORIENTED_EDGE('',*,*,#1677,.T.);
#2240=ORIENTED_EDGE('',*,*,#1634,.T.);
#2241=ORIENTED_EDGE('',*,*,#1678,.T.);
#2242=ORIENTED_EDGE('',*,*,#1679,.T.);
#2243=ORIENTED_EDGE('',*,*,#1677,.F.);
#2244=ORIENTED_EDGE('',*,*,#1680,.T.);
#2245=ORIENTED_EDGE('',*,*,#1678,.F.);
#2246=ORIENTED_EDGE('',*,*,#1633,.T.);
#2247=ORIENTED_EDGE('',*,*,#1681,.T.);
#2248=ORIENTED_EDGE('',*,*,#1682,.T.);
#2249=ORIENTED_EDGE('',*,*,#1681,.F.);
#2250=ORIENTED_EDGE('',*,*,#1632,.T.);
#2251=ORIENTED_EDGE('',*,*,#1676,.F.);
#2252=ORIENTED_EDGE('',*,*,#1682,.F.);
#2253=ORIENTED_EDGE('',*,*,#1683,.T.);
#2254=ORIENTED_EDGE('',*,*,#1667,.F.);
#2255=ORIENTED_EDGE('',*,*,#1672,.F.);
#2256=ORIENTED_EDGE('',*,*,#1684,.F.);
#2257=ORIENTED_EDGE('',*,*,#1675,.F.);
#2258=ORIENTED_EDGE('',*,*,#1685,.T.);
#2259=ORIENTED_EDGE('',*,*,#1668,.F.);
#2260=ORIENTED_EDGE('',*,*,#1683,.F.);
#2261=ORIENTED_EDGE('',*,*,#1686,.T.);
#2262=ORIENTED_EDGE('',*,*,#1687,.T.);
#2263=ORIENTED_EDGE('',*,*,#1688,.T.);
#2264=ORIENTED_EDGE('',*,*,#1673,.T.);
#2265=ORIENTED_EDGE('',*,*,#1688,.F.);
#2266=ORIENTED_EDGE('',*,*,#1689,.F.);
#2267=ORIENTED_EDGE('',*,*,#1690,.F.);
#2268=ORIENTED_EDGE('',*,*,#1691,.F.);
#2269=ORIENTED_EDGE('',*,*,#1692,.F.);
#2270=ORIENTED_EDGE('',*,*,#1693,.F.);
#2271=ORIENTED_EDGE('',*,*,#1694,.F.);
#2272=ORIENTED_EDGE('',*,*,#1695,.F.);
#2273=ORIENTED_EDGE('',*,*,#1696,.F.);
#2274=ORIENTED_EDGE('',*,*,#1697,.F.);
#2275=ORIENTED_EDGE('',*,*,#1698,.F.);
#2276=ORIENTED_EDGE('',*,*,#1699,.F.);
#2277=ORIENTED_EDGE('',*,*,#1700,.F.);
#2278=ORIENTED_EDGE('',*,*,#1701,.F.);
#2279=ORIENTED_EDGE('',*,*,#1702,.F.);
#2280=ORIENTED_EDGE('',*,*,#1703,.F.);
#2281=ORIENTED_EDGE('',*,*,#1704,.F.);
#2282=ORIENTED_EDGE('',*,*,#1705,.F.);
#2283=ORIENTED_EDGE('',*,*,#1706,.F.);
#2284=ORIENTED_EDGE('',*,*,#1707,.T.);
#2285=ORIENTED_EDGE('',*,*,#1686,.F.);
#2286=ORIENTED_EDGE('',*,*,#1687,.F.);
#2287=ORIENTED_EDGE('',*,*,#1707,.F.);
#2288=ORIENTED_EDGE('',*,*,#1708,.F.);
#2289=ORIENTED_EDGE('',*,*,#1709,.F.);
#2290=ORIENTED_EDGE('',*,*,#1710,.F.);
#2291=ORIENTED_EDGE('',*,*,#1711,.F.);
#2292=ORIENTED_EDGE('',*,*,#1712,.F.);
#2293=ORIENTED_EDGE('',*,*,#1713,.F.);
#2294=ORIENTED_EDGE('',*,*,#1714,.F.);
#2295=ORIENTED_EDGE('',*,*,#1715,.T.);
#2296=ORIENTED_EDGE('',*,*,#1716,.T.);
#2297=ORIENTED_EDGE('',*,*,#1703,.T.);
#2298=ORIENTED_EDGE('',*,*,#1717,.T.);
#2299=ORIENTED_EDGE('',*,*,#1716,.F.);
#2300=ORIENTED_EDGE('',*,*,#1718,.F.);
#2301=ORIENTED_EDGE('',*,*,#1719,.F.);
#2302=ORIENTED_EDGE('',*,*,#1704,.T.);
#2303=ORIENTED_EDGE('',*,*,#1715,.F.);
#2304=ORIENTED_EDGE('',*,*,#1720,.T.);
#2305=ORIENTED_EDGE('',*,*,#1721,.T.);
#2306=ORIENTED_EDGE('',*,*,#1722,.F.);
#2307=ORIENTED_EDGE('',*,*,#1723,.T.);
#2308=ORIENTED_EDGE('',*,*,#1724,.T.);
#2309=ORIENTED_EDGE('',*,*,#1725,.F.);
#2310=ORIENTED_EDGE('',*,*,#1726,.T.);
#2311=ORIENTED_EDGE('',*,*,#1727,.T.);
#2312=ORIENTED_EDGE('',*,*,#1728,.F.);
#2313=ORIENTED_EDGE('',*,*,#1729,.T.);
#2314=ORIENTED_EDGE('',*,*,#1730,.T.);
#2315=ORIENTED_EDGE('',*,*,#1731,.F.);
#2316=ORIENTED_EDGE('',*,*,#1732,.T.);
#2317=ORIENTED_EDGE('',*,*,#1733,.T.);
#2318=ORIENTED_EDGE('',*,*,#1734,.F.);
#2319=ORIENTED_EDGE('',*,*,#1735,.T.);
#2320=ORIENTED_EDGE('',*,*,#1736,.T.);
#2321=ORIENTED_EDGE('',*,*,#1737,.F.);
#2322=ORIENTED_EDGE('',*,*,#1738,.T.);
#2323=ORIENTED_EDGE('',*,*,#1739,.T.);
#2324=ORIENTED_EDGE('',*,*,#1740,.F.);
#2325=ORIENTED_EDGE('',*,*,#1741,.T.);
#2326=ORIENTED_EDGE('',*,*,#1718,.T.);
#2327=ORIENTED_EDGE('',*,*,#1661,.T.);
#2328=ORIENTED_EDGE('',*,*,#1740,.T.);
#2329=ORIENTED_EDGE('',*,*,#1742,.T.);
#2330=ORIENTED_EDGE('',*,*,#1708,.T.);
#2331=ORIENTED_EDGE('',*,*,#1706,.T.);
#2332=ORIENTED_EDGE('',*,*,#1743,.T.);
#2333=ORIENTED_EDGE('',*,*,#1742,.F.);
#2334=ORIENTED_EDGE('',*,*,#1739,.F.);
#2335=ORIENTED_EDGE('',*,*,#1744,.F.);
#2336=ORIENTED_EDGE('',*,*,#1709,.T.);
#2337=ORIENTED_EDGE('',*,*,#1737,.T.);
#2338=ORIENTED_EDGE('',*,*,#1745,.T.);
#2339=ORIENTED_EDGE('',*,*,#1711,.T.);
#2340=ORIENTED_EDGE('',*,*,#1746,.T.);
#2341=ORIENTED_EDGE('',*,*,#1746,.F.);
#2342=ORIENTED_EDGE('',*,*,#1710,.T.);
#2343=ORIENTED_EDGE('',*,*,#1744,.T.);
#2344=ORIENTED_EDGE('',*,*,#1738,.F.);
#2345=ORIENTED_EDGE('',*,*,#1734,.T.);
#2346=ORIENTED_EDGE('',*,*,#1747,.T.);
#2347=ORIENTED_EDGE('',*,*,#1714,.T.);
#2348=ORIENTED_EDGE('',*,*,#1748,.T.);
#2349=ORIENTED_EDGE('',*,*,#1748,.F.);
#2350=ORIENTED_EDGE('',*,*,#1713,.T.);
#2351=ORIENTED_EDGE('',*,*,#1749,.T.);
#2352=ORIENTED_EDGE('',*,*,#1735,.F.);
#2353=ORIENTED_EDGE('',*,*,#1731,.T.);
#2354=ORIENTED_EDGE('',*,*,#1750,.T.);
#2355=ORIENTED_EDGE('',*,*,#1691,.T.);
#2356=ORIENTED_EDGE('',*,*,#1751,.T.);
#2357=ORIENTED_EDGE('',*,*,#1751,.F.);
#2358=ORIENTED_EDGE('',*,*,#1690,.T.);
#2359=ORIENTED_EDGE('',*,*,#1752,.T.);
#2360=ORIENTED_EDGE('',*,*,#1732,.F.);
#2361=ORIENTED_EDGE('',*,*,#1728,.T.);
#2362=ORIENTED_EDGE('',*,*,#1753,.T.);
#2363=ORIENTED_EDGE('',*,*,#1694,.T.);
#2364=ORIENTED_EDGE('',*,*,#1754,.T.);
#2365=ORIENTED_EDGE('',*,*,#1754,.F.);
#2366=ORIENTED_EDGE('',*,*,#1693,.T.);
#2367=ORIENTED_EDGE('',*,*,#1755,.T.);
#2368=ORIENTED_EDGE('',*,*,#1729,.F.);
#2369=ORIENTED_EDGE('',*,*,#1725,.T.);
#2370=ORIENTED_EDGE('',*,*,#1756,.T.);
#2371=ORIENTED_EDGE('',*,*,#1697,.T.);
#2372=ORIENTED_EDGE('',*,*,#1757,.T.);
#2373=ORIENTED_EDGE('',*,*,#1757,.F.);
#2374=ORIENTED_EDGE('',*,*,#1696,.T.);
#2375=ORIENTED_EDGE('',*,*,#1758,.T.);
#2376=ORIENTED_EDGE('',*,*,#1726,.F.);
#2377=ORIENTED_EDGE('',*,*,#1722,.T.);
#2378=ORIENTED_EDGE('',*,*,#1759,.T.);
#2379=ORIENTED_EDGE('',*,*,#1700,.T.);
#2380=ORIENTED_EDGE('',*,*,#1760,.T.);
#2381=ORIENTED_EDGE('',*,*,#1760,.F.);
#2382=ORIENTED_EDGE('',*,*,#1699,.T.);
#2383=ORIENTED_EDGE('',*,*,#1761,.T.);
#2384=ORIENTED_EDGE('',*,*,#1723,.F.);
#2385=ORIENTED_EDGE('',*,*,#1759,.F.);
#2386=ORIENTED_EDGE('',*,*,#1721,.F.);
#2387=ORIENTED_EDGE('',*,*,#1762,.F.);
#2388=ORIENTED_EDGE('',*,*,#1701,.T.);
#2389=ORIENTED_EDGE('',*,*,#1756,.F.);
#2390=ORIENTED_EDGE('',*,*,#1724,.F.);
#2391=ORIENTED_EDGE('',*,*,#1761,.F.);
#2392=ORIENTED_EDGE('',*,*,#1698,.T.);
#2393=ORIENTED_EDGE('',*,*,#1753,.F.);
#2394=ORIENTED_EDGE('',*,*,#1727,.F.);
#2395=ORIENTED_EDGE('',*,*,#1758,.F.);
#2396=ORIENTED_EDGE('',*,*,#1695,.T.);
#2397=ORIENTED_EDGE('',*,*,#1750,.F.);
#2398=ORIENTED_EDGE('',*,*,#1730,.F.);
#2399=ORIENTED_EDGE('',*,*,#1755,.F.);
#2400=ORIENTED_EDGE('',*,*,#1692,.T.);
#2401=ORIENTED_EDGE('',*,*,#1747,.F.);
#2402=ORIENTED_EDGE('',*,*,#1733,.F.);
#2403=ORIENTED_EDGE('',*,*,#1752,.F.);
#2404=ORIENTED_EDGE('',*,*,#1689,.T.);
#2405=ORIENTED_EDGE('',*,*,#1717,.F.);
#2406=ORIENTED_EDGE('',*,*,#1702,.T.);
#2407=ORIENTED_EDGE('',*,*,#1762,.T.);
#2408=ORIENTED_EDGE('',*,*,#1720,.F.);
#2409=ORIENTED_EDGE('',*,*,#1743,.F.);
#2410=ORIENTED_EDGE('',*,*,#1705,.T.);
#2411=ORIENTED_EDGE('',*,*,#1719,.T.);
#2412=ORIENTED_EDGE('',*,*,#1741,.F.);
#2413=ORIENTED_EDGE('',*,*,#1745,.F.);
#2414=ORIENTED_EDGE('',*,*,#1736,.F.);
#2415=ORIENTED_EDGE('',*,*,#1749,.F.);
#2416=ORIENTED_EDGE('',*,*,#1712,.T.);
#2417=ORIENTED_EDGE('',*,*,#1680,.F.);
#2418=ORIENTED_EDGE('',*,*,#1684,.T.);
#2419=ORIENTED_EDGE('',*,*,#1671,.F.);
#2420=ORIENTED_EDGE('',*,*,#1763,.F.);
#2421=ORIENTED_EDGE('',*,*,#1679,.F.);
#2422=ORIENTED_EDGE('',*,*,#1763,.T.);
#2423=ORIENTED_EDGE('',*,*,#1670,.F.);
#2424=ORIENTED_EDGE('',*,*,#1669,.F.);
#2425=ORIENTED_EDGE('',*,*,#1685,.F.);
#2426=ORIENTED_EDGE('',*,*,#1764,.T.);
#2427=ORIENTED_EDGE('',*,*,#1765,.T.);
#2428=ORIENTED_EDGE('',*,*,#1766,.T.);
#2429=ORIENTED_EDGE('',*,*,#1765,.F.);
#2430=ORIENTED_EDGE('',*,*,#1767,.T.);
#2431=ORIENTED_EDGE('',*,*,#1764,.F.);
#2432=ORIENTED_EDGE('',*,*,#1768,.T.);
#2433=ORIENTED_EDGE('',*,*,#1769,.F.);
#2434=ORIENTED_EDGE('',*,*,#1770,.F.);
#2435=ORIENTED_EDGE('',*,*,#1768,.F.);
#2436=ORIENTED_EDGE('',*,*,#1767,.F.);
#2437=ORIENTED_EDGE('',*,*,#1771,.F.);
#2438=ORIENTED_EDGE('',*,*,#1766,.F.);
#2439=ORIENTED_EDGE('',*,*,#1772,.F.);
#2440=ORIENTED_EDGE('',*,*,#1773,.T.);
#2441=ORIENTED_EDGE('',*,*,#1774,.T.);
#2442=ORIENTED_EDGE('',*,*,#1775,.T.);
#2443=ORIENTED_EDGE('',*,*,#1776,.F.);
#2444=ORIENTED_EDGE('',*,*,#1777,.T.);
#2445=ORIENTED_EDGE('',*,*,#1778,.T.);
#2446=ORIENTED_EDGE('',*,*,#1779,.T.);
#2447=ORIENTED_EDGE('',*,*,#1779,.F.);
#2448=ORIENTED_EDGE('',*,*,#1780,.T.);
#2449=ORIENTED_EDGE('',*,*,#1781,.F.);
#2450=ORIENTED_EDGE('',*,*,#1782,.F.);
#2451=ORIENTED_EDGE('',*,*,#1783,.F.);
#2452=ORIENTED_EDGE('',*,*,#1784,.T.);
#2453=ORIENTED_EDGE('',*,*,#1785,.T.);
#2454=ORIENTED_EDGE('',*,*,#1786,.T.);
#2455=ORIENTED_EDGE('',*,*,#1786,.F.);
#2456=ORIENTED_EDGE('',*,*,#1787,.T.);
#2457=ORIENTED_EDGE('',*,*,#1788,.F.);
#2458=ORIENTED_EDGE('',*,*,#1789,.F.);
#2459=ORIENTED_EDGE('',*,*,#1790,.F.);
#2460=ORIENTED_EDGE('',*,*,#1791,.T.);
#2461=ORIENTED_EDGE('',*,*,#1792,.T.);
#2462=ORIENTED_EDGE('',*,*,#1793,.T.);
#2463=ORIENTED_EDGE('',*,*,#1794,.F.);
#2464=ORIENTED_EDGE('',*,*,#1795,.T.);
#2465=ORIENTED_EDGE('',*,*,#1796,.T.);
#2466=ORIENTED_EDGE('',*,*,#1797,.T.);
#2467=ORIENTED_EDGE('',*,*,#1797,.F.);
#2468=ORIENTED_EDGE('',*,*,#1798,.T.);
#2469=ORIENTED_EDGE('',*,*,#1799,.F.);
#2470=ORIENTED_EDGE('',*,*,#1800,.F.);
#2471=ORIENTED_EDGE('',*,*,#1801,.F.);
#2472=ORIENTED_EDGE('',*,*,#1802,.T.);
#2473=ORIENTED_EDGE('',*,*,#1803,.T.);
#2474=ORIENTED_EDGE('',*,*,#1804,.T.);
#2475=ORIENTED_EDGE('',*,*,#1804,.F.);
#2476=ORIENTED_EDGE('',*,*,#1805,.T.);
#2477=ORIENTED_EDGE('',*,*,#1806,.F.);
#2478=ORIENTED_EDGE('',*,*,#1807,.F.);
#2479=ORIENTED_EDGE('',*,*,#1808,.F.);
#2480=ORIENTED_EDGE('',*,*,#1809,.T.);
#2481=ORIENTED_EDGE('',*,*,#1810,.T.);
#2482=ORIENTED_EDGE('',*,*,#1811,.T.);
#2483=ORIENTED_EDGE('',*,*,#1811,.F.);
#2484=ORIENTED_EDGE('',*,*,#1812,.T.);
#2485=ORIENTED_EDGE('',*,*,#1813,.F.);
#2486=ORIENTED_EDGE('',*,*,#1814,.F.);
#2487=ORIENTED_EDGE('',*,*,#1815,.F.);
#2488=ORIENTED_EDGE('',*,*,#1816,.T.);
#2489=ORIENTED_EDGE('',*,*,#1817,.T.);
#2490=ORIENTED_EDGE('',*,*,#1818,.T.);
#2491=ORIENTED_EDGE('',*,*,#1819,.T.);
#2492=ORIENTED_EDGE('',*,*,#1819,.F.);
#2493=ORIENTED_EDGE('',*,*,#1820,.T.);
#2494=ORIENTED_EDGE('',*,*,#1821,.F.);
#2495=ORIENTED_EDGE('',*,*,#1822,.F.);
#2496=ORIENTED_EDGE('',*,*,#1823,.F.);
#2497=ORIENTED_EDGE('',*,*,#1824,.T.);
#2498=ORIENTED_EDGE('',*,*,#1825,.T.);
#2499=ORIENTED_EDGE('',*,*,#1826,.T.);
#2500=ORIENTED_EDGE('',*,*,#1826,.F.);
#2501=ORIENTED_EDGE('',*,*,#1827,.T.);
#2502=ORIENTED_EDGE('',*,*,#1828,.F.);
#2503=ORIENTED_EDGE('',*,*,#1829,.F.);
#2504=ORIENTED_EDGE('',*,*,#1775,.F.);
#2505=ORIENTED_EDGE('',*,*,#1830,.T.);
#2506=ORIENTED_EDGE('',*,*,#1831,.F.);
#2507=ORIENTED_EDGE('',*,*,#1832,.F.);
#2508=ORIENTED_EDGE('',*,*,#1833,.F.);
#2509=ORIENTED_EDGE('',*,*,#1834,.T.);
#2510=ORIENTED_EDGE('',*,*,#1835,.T.);
#2511=ORIENTED_EDGE('',*,*,#1836,.T.);
#2512=ORIENTED_EDGE('',*,*,#1836,.F.);
#2513=ORIENTED_EDGE('',*,*,#1837,.T.);
#2514=ORIENTED_EDGE('',*,*,#1838,.F.);
#2515=ORIENTED_EDGE('',*,*,#1839,.F.);
#2516=ORIENTED_EDGE('',*,*,#1840,.F.);
#2517=ORIENTED_EDGE('',*,*,#1841,.T.);
#2518=ORIENTED_EDGE('',*,*,#1842,.T.);
#2519=ORIENTED_EDGE('',*,*,#1843,.T.);
#2520=ORIENTED_EDGE('',*,*,#1843,.F.);
#2521=ORIENTED_EDGE('',*,*,#1844,.T.);
#2522=ORIENTED_EDGE('',*,*,#1845,.F.);
#2523=ORIENTED_EDGE('',*,*,#1846,.F.);
#2524=ORIENTED_EDGE('',*,*,#1793,.F.);
#2525=ORIENTED_EDGE('',*,*,#1847,.T.);
#2526=ORIENTED_EDGE('',*,*,#1848,.F.);
#2527=ORIENTED_EDGE('',*,*,#1849,.F.);
#2528=ORIENTED_EDGE('',*,*,#1850,.F.);
#2529=ORIENTED_EDGE('',*,*,#1851,.T.);
#2530=ORIENTED_EDGE('',*,*,#1852,.T.);
#2531=ORIENTED_EDGE('',*,*,#1853,.T.);
#2532=ORIENTED_EDGE('',*,*,#1853,.F.);
#2533=ORIENTED_EDGE('',*,*,#1854,.T.);
#2534=ORIENTED_EDGE('',*,*,#1855,.F.);
#2535=ORIENTED_EDGE('',*,*,#1856,.F.);
#2536=ORIENTED_EDGE('',*,*,#1857,.F.);
#2537=ORIENTED_EDGE('',*,*,#1858,.T.);
#2538=ORIENTED_EDGE('',*,*,#1859,.T.);
#2539=ORIENTED_EDGE('',*,*,#1860,.T.);
#2540=ORIENTED_EDGE('',*,*,#1860,.F.);
#2541=ORIENTED_EDGE('',*,*,#1861,.T.);
#2542=ORIENTED_EDGE('',*,*,#1862,.F.);
#2543=ORIENTED_EDGE('',*,*,#1863,.F.);
#2544=ORIENTED_EDGE('',*,*,#1864,.F.);
#2545=ORIENTED_EDGE('',*,*,#1865,.T.);
#2546=ORIENTED_EDGE('',*,*,#1866,.T.);
#2547=ORIENTED_EDGE('',*,*,#1867,.T.);
#2548=ORIENTED_EDGE('',*,*,#1867,.F.);
#2549=ORIENTED_EDGE('',*,*,#1868,.T.);
#2550=ORIENTED_EDGE('',*,*,#1869,.F.);
#2551=ORIENTED_EDGE('',*,*,#1870,.F.);
#2552=ORIENTED_EDGE('',*,*,#1871,.F.);
#2553=ORIENTED_EDGE('',*,*,#1872,.T.);
#2554=ORIENTED_EDGE('',*,*,#1873,.T.);
#2555=ORIENTED_EDGE('',*,*,#1874,.T.);
#2556=ORIENTED_EDGE('',*,*,#1874,.F.);
#2557=ORIENTED_EDGE('',*,*,#1875,.T.);
#2558=ORIENTED_EDGE('',*,*,#1876,.F.);
#2559=ORIENTED_EDGE('',*,*,#1877,.F.);
#2560=ORIENTED_EDGE('',*,*,#1878,.F.);
#2561=ORIENTED_EDGE('',*,*,#1879,.T.);
#2562=ORIENTED_EDGE('',*,*,#1880,.T.);
#2563=ORIENTED_EDGE('',*,*,#1881,.T.);
#2564=ORIENTED_EDGE('',*,*,#1881,.F.);
#2565=ORIENTED_EDGE('',*,*,#1882,.T.);
#2566=ORIENTED_EDGE('',*,*,#1883,.F.);
#2567=ORIENTED_EDGE('',*,*,#1884,.F.);
#2568=ORIENTED_EDGE('',*,*,#1885,.F.);
#2569=ORIENTED_EDGE('',*,*,#1886,.T.);
#2570=ORIENTED_EDGE('',*,*,#1887,.T.);
#2571=ORIENTED_EDGE('',*,*,#1888,.T.);
#2572=ORIENTED_EDGE('',*,*,#1888,.F.);
#2573=ORIENTED_EDGE('',*,*,#1889,.T.);
#2574=ORIENTED_EDGE('',*,*,#1890,.F.);
#2575=ORIENTED_EDGE('',*,*,#1891,.F.);
#2576=ORIENTED_EDGE('',*,*,#1892,.F.);
#2577=ORIENTED_EDGE('',*,*,#1893,.T.);
#2578=ORIENTED_EDGE('',*,*,#1894,.T.);
#2579=ORIENTED_EDGE('',*,*,#1895,.T.);
#2580=ORIENTED_EDGE('',*,*,#1895,.F.);
#2581=ORIENTED_EDGE('',*,*,#1896,.T.);
#2582=ORIENTED_EDGE('',*,*,#1897,.F.);
#2583=ORIENTED_EDGE('',*,*,#1898,.F.);
#2584=ORIENTED_EDGE('',*,*,#1899,.F.);
#2585=ORIENTED_EDGE('',*,*,#1900,.T.);
#2586=ORIENTED_EDGE('',*,*,#1901,.T.);
#2587=ORIENTED_EDGE('',*,*,#1900,.F.);
#2588=ORIENTED_EDGE('',*,*,#1901,.F.);
#2589=ORIENTED_EDGE('',*,*,#1902,.F.);
#2590=ORIENTED_EDGE('',*,*,#1903,.T.);
#2591=ORIENTED_EDGE('',*,*,#1817,.F.);
#2592=ORIENTED_EDGE('',*,*,#1904,.F.);
#2593=ORIENTED_EDGE('',*,*,#1905,.F.);
#2594=ORIENTED_EDGE('',*,*,#1906,.F.);
#2595=ORIENTED_EDGE('',*,*,#1907,.F.);
#2596=ORIENTED_EDGE('',*,*,#1827,.F.);
#2597=ORIENTED_EDGE('',*,*,#1825,.F.);
#2598=ORIENTED_EDGE('',*,*,#1908,.F.);
#2599=ORIENTED_EDGE('',*,*,#1909,.F.);
#2600=ORIENTED_EDGE('',*,*,#1910,.F.);
#2601=ORIENTED_EDGE('',*,*,#1911,.F.);
#2602=ORIENTED_EDGE('',*,*,#1830,.F.);
#2603=ORIENTED_EDGE('',*,*,#1774,.F.);
#2604=ORIENTED_EDGE('',*,*,#1912,.F.);
#2605=ORIENTED_EDGE('',*,*,#1913,.F.);
#2606=ORIENTED_EDGE('',*,*,#1914,.F.);
#2607=ORIENTED_EDGE('',*,*,#1915,.F.);
#2608=ORIENTED_EDGE('',*,*,#1780,.F.);
#2609=ORIENTED_EDGE('',*,*,#1778,.F.);
#2610=ORIENTED_EDGE('',*,*,#1916,.F.);
#2611=ORIENTED_EDGE('',*,*,#1917,.F.);
#2612=ORIENTED_EDGE('',*,*,#1918,.F.);
#2613=ORIENTED_EDGE('',*,*,#1919,.F.);
#2614=ORIENTED_EDGE('',*,*,#1787,.F.);
#2615=ORIENTED_EDGE('',*,*,#1785,.F.);
#2616=ORIENTED_EDGE('',*,*,#1920,.F.);
#2617=ORIENTED_EDGE('',*,*,#1921,.F.);
#2618=ORIENTED_EDGE('',*,*,#1922,.F.);
#2619=ORIENTED_EDGE('',*,*,#1923,.F.);
#2620=ORIENTED_EDGE('',*,*,#1837,.F.);
#2621=ORIENTED_EDGE('',*,*,#1835,.F.);
#2622=ORIENTED_EDGE('',*,*,#1924,.F.);
#2623=ORIENTED_EDGE('',*,*,#1925,.F.);
#2624=ORIENTED_EDGE('',*,*,#1926,.F.);
#2625=ORIENTED_EDGE('',*,*,#1927,.F.);
#2626=ORIENTED_EDGE('',*,*,#1844,.F.);
#2627=ORIENTED_EDGE('',*,*,#1842,.F.);
#2628=ORIENTED_EDGE('',*,*,#1928,.F.);
#2629=ORIENTED_EDGE('',*,*,#1929,.F.);
#2630=ORIENTED_EDGE('',*,*,#1930,.F.);
#2631=ORIENTED_EDGE('',*,*,#1931,.F.);
#2632=ORIENTED_EDGE('',*,*,#1847,.F.);
#2633=ORIENTED_EDGE('',*,*,#1792,.F.);
#2634=ORIENTED_EDGE('',*,*,#1932,.F.);
#2635=ORIENTED_EDGE('',*,*,#1933,.F.);
#2636=ORIENTED_EDGE('',*,*,#1934,.F.);
#2637=ORIENTED_EDGE('',*,*,#1935,.F.);
#2638=ORIENTED_EDGE('',*,*,#1854,.F.);
#2639=ORIENTED_EDGE('',*,*,#1852,.F.);
#2640=ORIENTED_EDGE('',*,*,#1936,.F.);
#2641=ORIENTED_EDGE('',*,*,#1937,.F.);
#2642=ORIENTED_EDGE('',*,*,#1938,.F.);
#2643=ORIENTED_EDGE('',*,*,#1939,.F.);
#2644=ORIENTED_EDGE('',*,*,#1861,.F.);
#2645=ORIENTED_EDGE('',*,*,#1859,.F.);
#2646=ORIENTED_EDGE('',*,*,#1940,.F.);
#2647=ORIENTED_EDGE('',*,*,#1941,.F.);
#2648=ORIENTED_EDGE('',*,*,#1942,.F.);
#2649=ORIENTED_EDGE('',*,*,#1943,.F.);
#2650=ORIENTED_EDGE('',*,*,#1868,.F.);
#2651=ORIENTED_EDGE('',*,*,#1866,.F.);
#2652=ORIENTED_EDGE('',*,*,#1944,.F.);
#2653=ORIENTED_EDGE('',*,*,#1945,.F.);
#2654=ORIENTED_EDGE('',*,*,#1946,.F.);
#2655=ORIENTED_EDGE('',*,*,#1947,.F.);
#2656=ORIENTED_EDGE('',*,*,#1875,.F.);
#2657=ORIENTED_EDGE('',*,*,#1873,.F.);
#2658=ORIENTED_EDGE('',*,*,#1948,.F.);
#2659=ORIENTED_EDGE('',*,*,#1949,.F.);
#2660=ORIENTED_EDGE('',*,*,#1950,.F.);
#2661=ORIENTED_EDGE('',*,*,#1951,.F.);
#2662=ORIENTED_EDGE('',*,*,#1896,.F.);
#2663=ORIENTED_EDGE('',*,*,#1894,.F.);
#2664=ORIENTED_EDGE('',*,*,#1952,.F.);
#2665=ORIENTED_EDGE('',*,*,#1953,.F.);
#2666=ORIENTED_EDGE('',*,*,#1954,.F.);
#2667=ORIENTED_EDGE('',*,*,#1955,.F.);
#2668=ORIENTED_EDGE('',*,*,#1889,.F.);
#2669=ORIENTED_EDGE('',*,*,#1887,.F.);
#2670=ORIENTED_EDGE('',*,*,#1956,.F.);
#2671=ORIENTED_EDGE('',*,*,#1957,.F.);
#2672=ORIENTED_EDGE('',*,*,#1958,.F.);
#2673=ORIENTED_EDGE('',*,*,#1959,.F.);
#2674=ORIENTED_EDGE('',*,*,#1882,.F.);
#2675=ORIENTED_EDGE('',*,*,#1880,.F.);
#2676=ORIENTED_EDGE('',*,*,#1960,.F.);
#2677=ORIENTED_EDGE('',*,*,#1961,.F.);
#2678=ORIENTED_EDGE('',*,*,#1962,.F.);
#2679=ORIENTED_EDGE('',*,*,#1963,.F.);
#2680=ORIENTED_EDGE('',*,*,#1798,.F.);
#2681=ORIENTED_EDGE('',*,*,#1796,.F.);
#2682=ORIENTED_EDGE('',*,*,#1964,.F.);
#2683=ORIENTED_EDGE('',*,*,#1965,.F.);
#2684=ORIENTED_EDGE('',*,*,#1966,.F.);
#2685=ORIENTED_EDGE('',*,*,#1967,.F.);
#2686=ORIENTED_EDGE('',*,*,#1805,.F.);
#2687=ORIENTED_EDGE('',*,*,#1803,.F.);
#2688=ORIENTED_EDGE('',*,*,#1968,.F.);
#2689=ORIENTED_EDGE('',*,*,#1969,.F.);
#2690=ORIENTED_EDGE('',*,*,#1970,.F.);
#2691=ORIENTED_EDGE('',*,*,#1971,.F.);
#2692=ORIENTED_EDGE('',*,*,#1812,.F.);
#2693=ORIENTED_EDGE('',*,*,#1810,.F.);
#2694=ORIENTED_EDGE('',*,*,#1972,.F.);
#2695=ORIENTED_EDGE('',*,*,#1973,.F.);
#2696=ORIENTED_EDGE('',*,*,#1974,.F.);
#2697=ORIENTED_EDGE('',*,*,#1975,.F.);
#2698=ORIENTED_EDGE('',*,*,#1820,.F.);
#2699=ORIENTED_EDGE('',*,*,#1818,.F.);
#2700=ORIENTED_EDGE('',*,*,#1903,.F.);
#2701=ORIENTED_EDGE('',*,*,#1953,.T.);
#2702=ORIENTED_EDGE('',*,*,#1976,.F.);
#2703=ORIENTED_EDGE('',*,*,#1977,.F.);
#2704=ORIENTED_EDGE('',*,*,#1978,.T.);
#2705=ORIENTED_EDGE('',*,*,#1957,.T.);
#2706=ORIENTED_EDGE('',*,*,#1979,.F.);
#2707=ORIENTED_EDGE('',*,*,#1980,.F.);
#2708=ORIENTED_EDGE('',*,*,#1981,.T.);
#2709=ORIENTED_EDGE('',*,*,#1893,.F.);
#2710=ORIENTED_EDGE('',*,*,#1982,.F.);
#2711=ORIENTED_EDGE('',*,*,#1976,.T.);
#2712=ORIENTED_EDGE('',*,*,#1952,.T.);
#2713=ORIENTED_EDGE('',*,*,#1886,.F.);
#2714=ORIENTED_EDGE('',*,*,#1983,.F.);
#2715=ORIENTED_EDGE('',*,*,#1979,.T.);
#2716=ORIENTED_EDGE('',*,*,#1956,.T.);
#2717=ORIENTED_EDGE('',*,*,#1949,.T.);
#2718=ORIENTED_EDGE('',*,*,#1984,.F.);
#2719=ORIENTED_EDGE('',*,*,#1985,.F.);
#2720=ORIENTED_EDGE('',*,*,#1986,.T.);
#2721=ORIENTED_EDGE('',*,*,#1961,.T.);
#2722=ORIENTED_EDGE('',*,*,#1987,.F.);
#2723=ORIENTED_EDGE('',*,*,#1988,.F.);
#2724=ORIENTED_EDGE('',*,*,#1989,.T.);
#2725=ORIENTED_EDGE('',*,*,#1872,.F.);
#2726=ORIENTED_EDGE('',*,*,#1990,.F.);
#2727=ORIENTED_EDGE('',*,*,#1984,.T.);
#2728=ORIENTED_EDGE('',*,*,#1948,.T.);
#2729=ORIENTED_EDGE('',*,*,#1879,.F.);
#2730=ORIENTED_EDGE('',*,*,#1991,.F.);
#2731=ORIENTED_EDGE('',*,*,#1987,.T.);
#2732=ORIENTED_EDGE('',*,*,#1960,.T.);
#2733=ORIENTED_EDGE('',*,*,#1945,.T.);
#2734=ORIENTED_EDGE('',*,*,#1992,.F.);
#2735=ORIENTED_EDGE('',*,*,#1993,.F.);
#2736=ORIENTED_EDGE('',*,*,#1994,.T.);
#2737=ORIENTED_EDGE('',*,*,#1965,.T.);
#2738=ORIENTED_EDGE('',*,*,#1995,.F.);
#2739=ORIENTED_EDGE('',*,*,#1996,.F.);
#2740=ORIENTED_EDGE('',*,*,#1997,.T.);
#2741=ORIENTED_EDGE('',*,*,#1865,.F.);
#2742=ORIENTED_EDGE('',*,*,#1998,.F.);
#2743=ORIENTED_EDGE('',*,*,#1992,.T.);
#2744=ORIENTED_EDGE('',*,*,#1944,.T.);
#2745=ORIENTED_EDGE('',*,*,#1795,.F.);
#2746=ORIENTED_EDGE('',*,*,#1999,.F.);
#2747=ORIENTED_EDGE('',*,*,#1995,.T.);
#2748=ORIENTED_EDGE('',*,*,#1964,.T.);
#2749=ORIENTED_EDGE('',*,*,#1941,.T.);
#2750=ORIENTED_EDGE('',*,*,#2000,.F.);
#2751=ORIENTED_EDGE('',*,*,#2001,.F.);
#2752=ORIENTED_EDGE('',*,*,#2002,.T.);
#2753=ORIENTED_EDGE('',*,*,#1969,.T.);
#2754=ORIENTED_EDGE('',*,*,#2003,.F.);
#2755=ORIENTED_EDGE('',*,*,#2004,.F.);
#2756=ORIENTED_EDGE('',*,*,#2005,.T.);
#2757=ORIENTED_EDGE('',*,*,#1858,.F.);
#2758=ORIENTED_EDGE('',*,*,#2006,.F.);
#2759=ORIENTED_EDGE('',*,*,#2000,.T.);
#2760=ORIENTED_EDGE('',*,*,#1940,.T.);
#2761=ORIENTED_EDGE('',*,*,#1802,.F.);
#2762=ORIENTED_EDGE('',*,*,#2007,.F.);
#2763=ORIENTED_EDGE('',*,*,#2003,.T.);
#2764=ORIENTED_EDGE('',*,*,#1968,.T.);
#2765=ORIENTED_EDGE('',*,*,#1973,.T.);
#2766=ORIENTED_EDGE('',*,*,#2008,.F.);
#2767=ORIENTED_EDGE('',*,*,#2009,.F.);
#2768=ORIENTED_EDGE('',*,*,#2010,.T.);
#2769=ORIENTED_EDGE('',*,*,#1937,.T.);
#2770=ORIENTED_EDGE('',*,*,#2011,.F.);
#2771=ORIENTED_EDGE('',*,*,#2012,.F.);
#2772=ORIENTED_EDGE('',*,*,#2013,.T.);
#2773=ORIENTED_EDGE('',*,*,#1809,.F.);
#2774=ORIENTED_EDGE('',*,*,#2014,.F.);
#2775=ORIENTED_EDGE('',*,*,#2008,.T.);
#2776=ORIENTED_EDGE('',*,*,#1972,.T.);
#2777=ORIENTED_EDGE('',*,*,#1851,.F.);
#2778=ORIENTED_EDGE('',*,*,#2015,.F.);
#2779=ORIENTED_EDGE('',*,*,#2011,.T.);
#2780=ORIENTED_EDGE('',*,*,#1936,.T.);
#2781=ORIENTED_EDGE('',*,*,#1905,.T.);
#2782=ORIENTED_EDGE('',*,*,#2016,.F.);
#2783=ORIENTED_EDGE('',*,*,#2017,.F.);
#2784=ORIENTED_EDGE('',*,*,#2018,.T.);
#2785=ORIENTED_EDGE('',*,*,#1933,.T.);
#2786=ORIENTED_EDGE('',*,*,#2019,.F.);
#2787=ORIENTED_EDGE('',*,*,#2020,.F.);
#2788=ORIENTED_EDGE('',*,*,#2021,.T.);
#2789=ORIENTED_EDGE('',*,*,#1816,.F.);
#2790=ORIENTED_EDGE('',*,*,#2022,.F.);
#2791=ORIENTED_EDGE('',*,*,#2016,.T.);
#2792=ORIENTED_EDGE('',*,*,#1904,.T.);
#2793=ORIENTED_EDGE('',*,*,#1791,.F.);
#2794=ORIENTED_EDGE('',*,*,#2023,.F.);
#2795=ORIENTED_EDGE('',*,*,#2019,.T.);
#2796=ORIENTED_EDGE('',*,*,#1932,.T.);
#2797=ORIENTED_EDGE('',*,*,#1909,.T.);
#2798=ORIENTED_EDGE('',*,*,#2024,.F.);
#2799=ORIENTED_EDGE('',*,*,#2025,.F.);
#2800=ORIENTED_EDGE('',*,*,#2026,.T.);
#2801=ORIENTED_EDGE('',*,*,#1929,.T.);
#2802=ORIENTED_EDGE('',*,*,#2027,.F.);
#2803=ORIENTED_EDGE('',*,*,#2028,.F.);
#2804=ORIENTED_EDGE('',*,*,#2029,.T.);
#2805=ORIENTED_EDGE('',*,*,#1824,.F.);
#2806=ORIENTED_EDGE('',*,*,#2030,.F.);
#2807=ORIENTED_EDGE('',*,*,#2024,.T.);
#2808=ORIENTED_EDGE('',*,*,#1908,.T.);
#2809=ORIENTED_EDGE('',*,*,#1841,.F.);
#2810=ORIENTED_EDGE('',*,*,#2031,.F.);
#2811=ORIENTED_EDGE('',*,*,#2027,.T.);
#2812=ORIENTED_EDGE('',*,*,#1928,.T.);
#2813=ORIENTED_EDGE('',*,*,#1913,.T.);
#2814=ORIENTED_EDGE('',*,*,#2032,.F.);
#2815=ORIENTED_EDGE('',*,*,#2033,.F.);
#2816=ORIENTED_EDGE('',*,*,#2034,.T.);
#2817=ORIENTED_EDGE('',*,*,#1925,.T.);
#2818=ORIENTED_EDGE('',*,*,#2035,.F.);
#2819=ORIENTED_EDGE('',*,*,#2036,.F.);
#2820=ORIENTED_EDGE('',*,*,#2037,.T.);
#2821=ORIENTED_EDGE('',*,*,#1773,.F.);
#2822=ORIENTED_EDGE('',*,*,#2038,.F.);
#2823=ORIENTED_EDGE('',*,*,#2032,.T.);
#2824=ORIENTED_EDGE('',*,*,#1912,.T.);
#2825=ORIENTED_EDGE('',*,*,#1834,.F.);
#2826=ORIENTED_EDGE('',*,*,#2039,.F.);
#2827=ORIENTED_EDGE('',*,*,#2035,.T.);
#2828=ORIENTED_EDGE('',*,*,#1924,.T.);
#2829=ORIENTED_EDGE('',*,*,#1917,.T.);
#2830=ORIENTED_EDGE('',*,*,#2040,.F.);
#2831=ORIENTED_EDGE('',*,*,#2041,.F.);
#2832=ORIENTED_EDGE('',*,*,#2042,.T.);
#2833=ORIENTED_EDGE('',*,*,#1954,.T.);
#2834=ORIENTED_EDGE('',*,*,#1978,.F.);
#2835=ORIENTED_EDGE('',*,*,#2043,.F.);
#2836=ORIENTED_EDGE('',*,*,#2044,.T.);
#2837=ORIENTED_EDGE('',*,*,#1950,.T.);
#2838=ORIENTED_EDGE('',*,*,#1986,.F.);
#2839=ORIENTED_EDGE('',*,*,#2045,.F.);
#2840=ORIENTED_EDGE('',*,*,#2046,.T.);
#2841=ORIENTED_EDGE('',*,*,#1946,.T.);
#2842=ORIENTED_EDGE('',*,*,#1994,.F.);
#2843=ORIENTED_EDGE('',*,*,#2047,.F.);
#2844=ORIENTED_EDGE('',*,*,#2048,.T.);
#2845=ORIENTED_EDGE('',*,*,#1942,.T.);
#2846=ORIENTED_EDGE('',*,*,#2002,.F.);
#2847=ORIENTED_EDGE('',*,*,#2049,.F.);
#2848=ORIENTED_EDGE('',*,*,#2050,.T.);
#2849=ORIENTED_EDGE('',*,*,#1938,.T.);
#2850=ORIENTED_EDGE('',*,*,#2013,.F.);
#2851=ORIENTED_EDGE('',*,*,#2051,.F.);
#2852=ORIENTED_EDGE('',*,*,#2052,.T.);
#2853=ORIENTED_EDGE('',*,*,#1934,.T.);
#2854=ORIENTED_EDGE('',*,*,#2021,.F.);
#2855=ORIENTED_EDGE('',*,*,#2053,.F.);
#2856=ORIENTED_EDGE('',*,*,#2054,.T.);
#2857=ORIENTED_EDGE('',*,*,#1930,.T.);
#2858=ORIENTED_EDGE('',*,*,#2029,.F.);
#2859=ORIENTED_EDGE('',*,*,#2055,.F.);
#2860=ORIENTED_EDGE('',*,*,#2056,.T.);
#2861=ORIENTED_EDGE('',*,*,#1926,.T.);
#2862=ORIENTED_EDGE('',*,*,#2037,.F.);
#2863=ORIENTED_EDGE('',*,*,#2057,.F.);
#2864=ORIENTED_EDGE('',*,*,#2058,.T.);
#2865=ORIENTED_EDGE('',*,*,#1922,.T.);
#2866=ORIENTED_EDGE('',*,*,#2059,.F.);
#2867=ORIENTED_EDGE('',*,*,#2060,.F.);
#2868=ORIENTED_EDGE('',*,*,#2061,.T.);
#2869=ORIENTED_EDGE('',*,*,#1918,.T.);
#2870=ORIENTED_EDGE('',*,*,#2042,.F.);
#2871=ORIENTED_EDGE('',*,*,#2062,.F.);
#2872=ORIENTED_EDGE('',*,*,#2063,.T.);
#2873=ORIENTED_EDGE('',*,*,#1914,.T.);
#2874=ORIENTED_EDGE('',*,*,#2034,.F.);
#2875=ORIENTED_EDGE('',*,*,#2064,.F.);
#2876=ORIENTED_EDGE('',*,*,#2065,.T.);
#2877=ORIENTED_EDGE('',*,*,#1910,.T.);
#2878=ORIENTED_EDGE('',*,*,#2026,.F.);
#2879=ORIENTED_EDGE('',*,*,#2066,.F.);
#2880=ORIENTED_EDGE('',*,*,#2067,.T.);
#2881=ORIENTED_EDGE('',*,*,#1906,.T.);
#2882=ORIENTED_EDGE('',*,*,#2018,.F.);
#2883=ORIENTED_EDGE('',*,*,#2068,.F.);
#2884=ORIENTED_EDGE('',*,*,#2069,.T.);
#2885=ORIENTED_EDGE('',*,*,#2070,.F.);
#2886=ORIENTED_EDGE('',*,*,#2071,.F.);
#2887=ORIENTED_EDGE('',*,*,#2069,.F.);
#2888=ORIENTED_EDGE('',*,*,#2072,.F.);
#2889=ORIENTED_EDGE('',*,*,#2073,.T.);
#2890=ORIENTED_EDGE('',*,*,#1974,.T.);
#2891=ORIENTED_EDGE('',*,*,#2010,.F.);
#2892=ORIENTED_EDGE('',*,*,#2074,.F.);
#2893=ORIENTED_EDGE('',*,*,#2075,.T.);
#2894=ORIENTED_EDGE('',*,*,#1970,.T.);
#2895=ORIENTED_EDGE('',*,*,#2005,.F.);
#2896=ORIENTED_EDGE('',*,*,#2076,.F.);
#2897=ORIENTED_EDGE('',*,*,#2077,.T.);
#2898=ORIENTED_EDGE('',*,*,#1966,.T.);
#2899=ORIENTED_EDGE('',*,*,#1997,.F.);
#2900=ORIENTED_EDGE('',*,*,#2078,.F.);
#2901=ORIENTED_EDGE('',*,*,#2079,.T.);
#2902=ORIENTED_EDGE('',*,*,#1962,.T.);
#2903=ORIENTED_EDGE('',*,*,#1989,.F.);
#2904=ORIENTED_EDGE('',*,*,#2080,.F.);
#2905=ORIENTED_EDGE('',*,*,#2081,.T.);
#2906=ORIENTED_EDGE('',*,*,#1958,.T.);
#2907=ORIENTED_EDGE('',*,*,#1981,.F.);
#2908=ORIENTED_EDGE('',*,*,#2082,.F.);
#2909=ORIENTED_EDGE('',*,*,#2083,.T.);
#2910=ORIENTED_EDGE('',*,*,#1777,.F.);
#2911=ORIENTED_EDGE('',*,*,#2084,.F.);
#2912=ORIENTED_EDGE('',*,*,#2040,.T.);
#2913=ORIENTED_EDGE('',*,*,#1916,.T.);
#2914=ORIENTED_EDGE('',*,*,#1921,.T.);
#2915=ORIENTED_EDGE('',*,*,#2085,.F.);
#2916=ORIENTED_EDGE('',*,*,#2086,.F.);
#2917=ORIENTED_EDGE('',*,*,#2059,.T.);
#2918=ORIENTED_EDGE('',*,*,#1784,.F.);
#2919=ORIENTED_EDGE('',*,*,#2087,.F.);
#2920=ORIENTED_EDGE('',*,*,#2085,.T.);
#2921=ORIENTED_EDGE('',*,*,#1920,.T.);
#2922=ORIENTED_EDGE('',*,*,#1770,.T.);
#2923=ORIENTED_EDGE('',*,*,#2088,.T.);
#2924=ORIENTED_EDGE('',*,*,#2089,.T.);
#2925=ORIENTED_EDGE('',*,*,#2088,.F.);
#2926=ORIENTED_EDGE('',*,*,#1769,.T.);
#2927=ORIENTED_EDGE('',*,*,#2089,.F.);
#2928=ORIENTED_EDGE('',*,*,#2090,.T.);
#2929=ORIENTED_EDGE('',*,*,#2071,.T.);
#2930=ORIENTED_EDGE('',*,*,#2091,.T.);
#2931=ORIENTED_EDGE('',*,*,#1771,.T.);
#2932=ORIENTED_EDGE('',*,*,#2091,.F.);
#2933=ORIENTED_EDGE('',*,*,#2070,.T.);
#2934=ORIENTED_EDGE('',*,*,#2092,.F.);
#2935=ORIENTED_EDGE('',*,*,#2093,.T.);
#2936=ORIENTED_EDGE('',*,*,#2094,.T.);
#2937=ORIENTED_EDGE('',*,*,#2095,.F.);
#2938=ORIENTED_EDGE('',*,*,#2096,.F.);
#2939=ORIENTED_EDGE('',*,*,#2097,.T.);
#2940=ORIENTED_EDGE('',*,*,#2098,.T.);
#2941=ORIENTED_EDGE('',*,*,#2099,.F.);
#2942=ORIENTED_EDGE('',*,*,#2100,.F.);
#2943=ORIENTED_EDGE('',*,*,#2101,.T.);
#2944=ORIENTED_EDGE('',*,*,#2102,.T.);
#2945=ORIENTED_EDGE('',*,*,#2103,.F.);
#2946=ORIENTED_EDGE('',*,*,#2104,.F.);
#2947=ORIENTED_EDGE('',*,*,#2105,.T.);
#2948=ORIENTED_EDGE('',*,*,#2106,.T.);
#2949=ORIENTED_EDGE('',*,*,#2107,.F.);
#2950=ORIENTED_EDGE('',*,*,#2108,.F.);
#2951=ORIENTED_EDGE('',*,*,#2094,.F.);
#2952=ORIENTED_EDGE('',*,*,#2109,.F.);
#2953=ORIENTED_EDGE('',*,*,#2098,.F.);
#2954=ORIENTED_EDGE('',*,*,#2110,.F.);
#2955=ORIENTED_EDGE('',*,*,#2102,.F.);
#2956=ORIENTED_EDGE('',*,*,#2111,.F.);
#2957=ORIENTED_EDGE('',*,*,#2106,.F.);
#2958=ORIENTED_EDGE('',*,*,#1899,.T.);
#2959=ORIENTED_EDGE('',*,*,#2096,.T.);
#2960=ORIENTED_EDGE('',*,*,#2112,.F.);
#2961=ORIENTED_EDGE('',*,*,#2092,.T.);
#2962=ORIENTED_EDGE('',*,*,#2113,.F.);
#2963=ORIENTED_EDGE('',*,*,#2104,.T.);
#2964=ORIENTED_EDGE('',*,*,#2114,.F.);
#2965=ORIENTED_EDGE('',*,*,#2100,.T.);
#2966=ORIENTED_EDGE('',*,*,#2115,.F.);
#2967=ORIENTED_EDGE('',*,*,#2116,.F.);
#2968=ORIENTED_EDGE('',*,*,#2090,.F.);
#2969=ORIENTED_EDGE('',*,*,#2117,.T.);
#2970=ORIENTED_EDGE('',*,*,#2115,.T.);
#2971=ORIENTED_EDGE('',*,*,#2103,.T.);
#2972=ORIENTED_EDGE('',*,*,#2110,.T.);
#2973=ORIENTED_EDGE('',*,*,#2097,.F.);
#2974=ORIENTED_EDGE('',*,*,#2112,.T.);
#2975=ORIENTED_EDGE('',*,*,#2099,.T.);
#2976=ORIENTED_EDGE('',*,*,#2109,.T.);
#2977=ORIENTED_EDGE('',*,*,#2093,.F.);
#2978=ORIENTED_EDGE('',*,*,#2113,.T.);
#2979=ORIENTED_EDGE('',*,*,#2095,.T.);
#2980=ORIENTED_EDGE('',*,*,#2108,.T.);
#2981=ORIENTED_EDGE('',*,*,#2105,.F.);
#2982=ORIENTED_EDGE('',*,*,#2114,.T.);
#2983=ORIENTED_EDGE('',*,*,#2107,.T.);
#2984=ORIENTED_EDGE('',*,*,#2111,.T.);
#2985=ORIENTED_EDGE('',*,*,#2101,.F.);
#2986=ORIENTED_EDGE('',*,*,#2116,.T.);
#2987=ORIENTED_EDGE('',*,*,#2117,.F.);
#2988=ORIENTED_EDGE('',*,*,#1919,.T.);
#2989=ORIENTED_EDGE('',*,*,#2061,.F.);
#2990=ORIENTED_EDGE('',*,*,#2118,.F.);
#2991=ORIENTED_EDGE('',*,*,#1788,.T.);
#2992=ORIENTED_EDGE('',*,*,#1915,.T.);
#2993=ORIENTED_EDGE('',*,*,#2063,.F.);
#2994=ORIENTED_EDGE('',*,*,#2119,.F.);
#2995=ORIENTED_EDGE('',*,*,#1781,.T.);
#2996=ORIENTED_EDGE('',*,*,#1911,.T.);
#2997=ORIENTED_EDGE('',*,*,#2065,.F.);
#2998=ORIENTED_EDGE('',*,*,#2120,.F.);
#2999=ORIENTED_EDGE('',*,*,#1831,.T.);
#3000=ORIENTED_EDGE('',*,*,#1907,.T.);
#3001=ORIENTED_EDGE('',*,*,#2067,.F.);
#3002=ORIENTED_EDGE('',*,*,#2121,.F.);
#3003=ORIENTED_EDGE('',*,*,#1828,.T.);
#3004=ORIENTED_EDGE('',*,*,#1975,.T.);
#3005=ORIENTED_EDGE('',*,*,#2073,.F.);
#3006=ORIENTED_EDGE('',*,*,#2122,.F.);
#3007=ORIENTED_EDGE('',*,*,#1821,.T.);
#3008=ORIENTED_EDGE('',*,*,#1971,.T.);
#3009=ORIENTED_EDGE('',*,*,#2075,.F.);
#3010=ORIENTED_EDGE('',*,*,#2123,.F.);
#3011=ORIENTED_EDGE('',*,*,#1813,.T.);
#3012=ORIENTED_EDGE('',*,*,#1967,.T.);
#3013=ORIENTED_EDGE('',*,*,#2077,.F.);
#3014=ORIENTED_EDGE('',*,*,#2124,.F.);
#3015=ORIENTED_EDGE('',*,*,#1806,.T.);
#3016=ORIENTED_EDGE('',*,*,#1963,.T.);
#3017=ORIENTED_EDGE('',*,*,#2079,.F.);
#3018=ORIENTED_EDGE('',*,*,#2125,.F.);
#3019=ORIENTED_EDGE('',*,*,#1799,.T.);
#3020=ORIENTED_EDGE('',*,*,#1959,.T.);
#3021=ORIENTED_EDGE('',*,*,#2081,.F.);
#3022=ORIENTED_EDGE('',*,*,#2126,.F.);
#3023=ORIENTED_EDGE('',*,*,#1883,.T.);
#3024=ORIENTED_EDGE('',*,*,#1955,.T.);
#3025=ORIENTED_EDGE('',*,*,#2083,.F.);
#3026=ORIENTED_EDGE('',*,*,#2127,.F.);
#3027=ORIENTED_EDGE('',*,*,#1890,.T.);
#3028=ORIENTED_EDGE('',*,*,#1951,.T.);
#3029=ORIENTED_EDGE('',*,*,#2044,.F.);
#3030=ORIENTED_EDGE('',*,*,#2128,.F.);
#3031=ORIENTED_EDGE('',*,*,#1897,.T.);
#3032=ORIENTED_EDGE('',*,*,#1947,.T.);
#3033=ORIENTED_EDGE('',*,*,#2046,.F.);
#3034=ORIENTED_EDGE('',*,*,#2129,.F.);
#3035=ORIENTED_EDGE('',*,*,#1876,.T.);
#3036=ORIENTED_EDGE('',*,*,#1943,.T.);
#3037=ORIENTED_EDGE('',*,*,#2048,.F.);
#3038=ORIENTED_EDGE('',*,*,#2130,.F.);
#3039=ORIENTED_EDGE('',*,*,#1869,.T.);
#3040=ORIENTED_EDGE('',*,*,#1939,.T.);
#3041=ORIENTED_EDGE('',*,*,#2050,.F.);
#3042=ORIENTED_EDGE('',*,*,#2131,.F.);
#3043=ORIENTED_EDGE('',*,*,#1862,.T.);
#3044=ORIENTED_EDGE('',*,*,#1935,.T.);
#3045=ORIENTED_EDGE('',*,*,#2052,.F.);
#3046=ORIENTED_EDGE('',*,*,#2132,.F.);
#3047=ORIENTED_EDGE('',*,*,#1855,.T.);
#3048=ORIENTED_EDGE('',*,*,#1931,.T.);
#3049=ORIENTED_EDGE('',*,*,#2054,.F.);
#3050=ORIENTED_EDGE('',*,*,#2133,.F.);
#3051=ORIENTED_EDGE('',*,*,#1848,.T.);
#3052=ORIENTED_EDGE('',*,*,#1927,.T.);
#3053=ORIENTED_EDGE('',*,*,#2056,.F.);
#3054=ORIENTED_EDGE('',*,*,#2134,.F.);
#3055=ORIENTED_EDGE('',*,*,#1845,.T.);
#3056=ORIENTED_EDGE('',*,*,#1923,.T.);
#3057=ORIENTED_EDGE('',*,*,#2058,.F.);
#3058=ORIENTED_EDGE('',*,*,#2135,.F.);
#3059=ORIENTED_EDGE('',*,*,#1838,.T.);
#3060=ORIENTED_EDGE('',*,*,#1902,.T.);
#3061=ORIENTED_EDGE('',*,*,#1892,.T.);
#3062=ORIENTED_EDGE('',*,*,#1898,.T.);
#3063=ORIENTED_EDGE('',*,*,#2128,.T.);
#3064=ORIENTED_EDGE('',*,*,#2043,.T.);
#3065=ORIENTED_EDGE('',*,*,#1977,.T.);
#3066=ORIENTED_EDGE('',*,*,#1982,.T.);
#3067=ORIENTED_EDGE('',*,*,#1871,.T.);
#3068=ORIENTED_EDGE('',*,*,#1877,.T.);
#3069=ORIENTED_EDGE('',*,*,#2129,.T.);
#3070=ORIENTED_EDGE('',*,*,#2045,.T.);
#3071=ORIENTED_EDGE('',*,*,#1985,.T.);
#3072=ORIENTED_EDGE('',*,*,#1990,.T.);
#3073=ORIENTED_EDGE('',*,*,#1864,.T.);
#3074=ORIENTED_EDGE('',*,*,#1870,.T.);
#3075=ORIENTED_EDGE('',*,*,#2130,.T.);
#3076=ORIENTED_EDGE('',*,*,#2047,.T.);
#3077=ORIENTED_EDGE('',*,*,#1993,.T.);
#3078=ORIENTED_EDGE('',*,*,#1998,.T.);
#3079=ORIENTED_EDGE('',*,*,#1857,.T.);
#3080=ORIENTED_EDGE('',*,*,#1863,.T.);
#3081=ORIENTED_EDGE('',*,*,#2131,.T.);
#3082=ORIENTED_EDGE('',*,*,#2049,.T.);
#3083=ORIENTED_EDGE('',*,*,#2001,.T.);
#3084=ORIENTED_EDGE('',*,*,#2006,.T.);
#3085=ORIENTED_EDGE('',*,*,#1850,.T.);
#3086=ORIENTED_EDGE('',*,*,#1856,.T.);
#3087=ORIENTED_EDGE('',*,*,#2132,.T.);
#3088=ORIENTED_EDGE('',*,*,#2051,.T.);
#3089=ORIENTED_EDGE('',*,*,#2012,.T.);
#3090=ORIENTED_EDGE('',*,*,#2015,.T.);
#3091=ORIENTED_EDGE('',*,*,#1790,.T.);
#3092=ORIENTED_EDGE('',*,*,#1849,.T.);
#3093=ORIENTED_EDGE('',*,*,#2133,.T.);
#3094=ORIENTED_EDGE('',*,*,#2053,.T.);
#3095=ORIENTED_EDGE('',*,*,#2020,.T.);
#3096=ORIENTED_EDGE('',*,*,#2023,.T.);
#3097=ORIENTED_EDGE('',*,*,#1840,.T.);
#3098=ORIENTED_EDGE('',*,*,#1846,.T.);
#3099=ORIENTED_EDGE('',*,*,#2134,.T.);
#3100=ORIENTED_EDGE('',*,*,#2055,.T.);
#3101=ORIENTED_EDGE('',*,*,#2028,.T.);
#3102=ORIENTED_EDGE('',*,*,#2031,.T.);
#3103=ORIENTED_EDGE('',*,*,#1833,.T.);
#3104=ORIENTED_EDGE('',*,*,#1839,.T.);
#3105=ORIENTED_EDGE('',*,*,#2135,.T.);
#3106=ORIENTED_EDGE('',*,*,#2057,.T.);
#3107=ORIENTED_EDGE('',*,*,#2036,.T.);
#3108=ORIENTED_EDGE('',*,*,#2039,.T.);
#3109=ORIENTED_EDGE('',*,*,#1783,.T.);
#3110=ORIENTED_EDGE('',*,*,#1789,.T.);
#3111=ORIENTED_EDGE('',*,*,#2118,.T.);
#3112=ORIENTED_EDGE('',*,*,#2060,.T.);
#3113=ORIENTED_EDGE('',*,*,#2086,.T.);
#3114=ORIENTED_EDGE('',*,*,#2087,.T.);
#3115=ORIENTED_EDGE('',*,*,#1776,.T.);
#3116=ORIENTED_EDGE('',*,*,#1782,.T.);
#3117=ORIENTED_EDGE('',*,*,#2119,.T.);
#3118=ORIENTED_EDGE('',*,*,#2062,.T.);
#3119=ORIENTED_EDGE('',*,*,#2041,.T.);
#3120=ORIENTED_EDGE('',*,*,#2084,.T.);
#3121=ORIENTED_EDGE('',*,*,#1772,.T.);
#3122=ORIENTED_EDGE('',*,*,#1832,.T.);
#3123=ORIENTED_EDGE('',*,*,#2120,.T.);
#3124=ORIENTED_EDGE('',*,*,#2064,.T.);
#3125=ORIENTED_EDGE('',*,*,#2033,.T.);
#3126=ORIENTED_EDGE('',*,*,#2038,.T.);
#3127=ORIENTED_EDGE('',*,*,#1823,.T.);
#3128=ORIENTED_EDGE('',*,*,#1829,.T.);
#3129=ORIENTED_EDGE('',*,*,#2121,.T.);
#3130=ORIENTED_EDGE('',*,*,#2066,.T.);
#3131=ORIENTED_EDGE('',*,*,#2025,.T.);
#3132=ORIENTED_EDGE('',*,*,#2030,.T.);
#3133=ORIENTED_EDGE('',*,*,#1815,.T.);
#3134=ORIENTED_EDGE('',*,*,#1822,.T.);
#3135=ORIENTED_EDGE('',*,*,#2122,.T.);
#3136=ORIENTED_EDGE('',*,*,#2072,.T.);
#3137=ORIENTED_EDGE('',*,*,#2068,.T.);
#3138=ORIENTED_EDGE('',*,*,#2017,.T.);
#3139=ORIENTED_EDGE('',*,*,#2022,.T.);
#3140=ORIENTED_EDGE('',*,*,#1808,.T.);
#3141=ORIENTED_EDGE('',*,*,#1814,.T.);
#3142=ORIENTED_EDGE('',*,*,#2123,.T.);
#3143=ORIENTED_EDGE('',*,*,#2074,.T.);
#3144=ORIENTED_EDGE('',*,*,#2009,.T.);
#3145=ORIENTED_EDGE('',*,*,#2014,.T.);
#3146=ORIENTED_EDGE('',*,*,#1801,.T.);
#3147=ORIENTED_EDGE('',*,*,#1807,.T.);
#3148=ORIENTED_EDGE('',*,*,#2124,.T.);
#3149=ORIENTED_EDGE('',*,*,#2076,.T.);
#3150=ORIENTED_EDGE('',*,*,#2004,.T.);
#3151=ORIENTED_EDGE('',*,*,#2007,.T.);
#3152=ORIENTED_EDGE('',*,*,#1794,.T.);
#3153=ORIENTED_EDGE('',*,*,#1800,.T.);
#3154=ORIENTED_EDGE('',*,*,#2125,.T.);
#3155=ORIENTED_EDGE('',*,*,#2078,.T.);
#3156=ORIENTED_EDGE('',*,*,#1996,.T.);
#3157=ORIENTED_EDGE('',*,*,#1999,.T.);
#3158=ORIENTED_EDGE('',*,*,#1878,.T.);
#3159=ORIENTED_EDGE('',*,*,#1884,.T.);
#3160=ORIENTED_EDGE('',*,*,#2126,.T.);
#3161=ORIENTED_EDGE('',*,*,#2080,.T.);
#3162=ORIENTED_EDGE('',*,*,#1988,.T.);
#3163=ORIENTED_EDGE('',*,*,#1991,.T.);
#3164=ORIENTED_EDGE('',*,*,#1885,.T.);
#3165=ORIENTED_EDGE('',*,*,#1891,.T.);
#3166=ORIENTED_EDGE('',*,*,#2127,.T.);
#3167=ORIENTED_EDGE('',*,*,#2082,.T.);
#3168=ORIENTED_EDGE('',*,*,#1980,.T.);
#3169=ORIENTED_EDGE('',*,*,#1983,.T.);
#3170=PLANE('',#3512);
#3171=PLANE('',#3525);
#3172=PLANE('',#3530);
#3173=PLANE('',#3531);
#3174=PLANE('',#3532);
#3175=PLANE('',#3533);
#3176=PLANE('',#3534);
#3177=PLANE('',#3535);
#3178=PLANE('',#3540);
#3179=PLANE('',#3543);
#3180=PLANE('',#3545);
#3181=PLANE('',#3547);
#3182=PLANE('',#3556);
#3183=PLANE('',#3560);
#3184=PLANE('',#3580);
#3185=PLANE('',#3581);
#3186=PLANE('',#3582);
#3187=PLANE('',#3583);
#3188=PLANE('',#3584);
#3189=PLANE('',#3585);
#3190=PLANE('',#3586);
#3191=PLANE('',#3587);
#3192=PLANE('',#3588);
#3193=PLANE('',#3589);
#3194=PLANE('',#3590);
#3195=PLANE('',#3591);
#3196=PLANE('',#3592);
#3197=PLANE('',#3593);
#3198=PLANE('',#3594);
#3199=PLANE('',#3595);
#3200=PLANE('',#3596);
#3201=PLANE('',#3597);
#3202=PLANE('',#3598);
#3203=PLANE('',#3599);
#3204=PLANE('',#3600);
#3205=PLANE('',#3601);
#3206=PLANE('',#3602);
#3207=PLANE('',#3603);
#3208=PLANE('',#3604);
#3209=PLANE('',#3615);
#3210=PLANE('',#3621);
#3211=PLANE('',#3624);
#3212=PLANE('',#3629);
#3213=PLANE('',#3632);
#3214=PLANE('',#3635);
#3215=PLANE('',#3638);
#3216=PLANE('',#3641);
#3217=PLANE('',#3642);
#3218=PLANE('',#3645);
#3219=PLANE('',#3648);
#3220=PLANE('',#3649);
#3221=PLANE('',#3652);
#3222=PLANE('',#3655);
#3223=PLANE('',#3658);
#3224=PLANE('',#3661);
#3225=PLANE('',#3664);
#3226=PLANE('',#3667);
#3227=PLANE('',#3670);
#3228=PLANE('',#3674);
#3229=PLANE('',#3695);
#3230=PLANE('',#3696);
#3231=PLANE('',#3697);
#3232=PLANE('',#3698);
#3233=PLANE('',#3699);
#3234=PLANE('',#3700);
#3235=PLANE('',#3701);
#3236=PLANE('',#3702);
#3237=PLANE('',#3703);
#3238=PLANE('',#3704);
#3239=PLANE('',#3705);
#3240=PLANE('',#3706);
#3241=PLANE('',#3707);
#3242=PLANE('',#3708);
#3243=PLANE('',#3709);
#3244=PLANE('',#3710);
#3245=PLANE('',#3711);
#3246=PLANE('',#3712);
#3247=PLANE('',#3713);
#3248=PLANE('',#3714);
#3249=PLANE('',#3715);
#3250=PLANE('',#3716);
#3251=PLANE('',#3717);
#3252=PLANE('',#3718);
#3253=PLANE('',#3719);
#3254=PLANE('',#3720);
#3255=PLANE('',#3721);
#3256=PLANE('',#3722);
#3257=PLANE('',#3723);
#3258=PLANE('',#3724);
#3259=PLANE('',#3725);
#3260=PLANE('',#3726);
#3261=PLANE('',#3727);
#3262=PLANE('',#3750);
#3263=PLANE('',#3751);
#3264=PLANE('',#3752);
#3265=PLANE('',#3756);
#3266=PLANE('',#3760);
#3267=PLANE('',#3761);
#3268=PLANE('',#3762);
#3269=PLANE('',#3763);
#3270=PLANE('',#3764);
#3271=PLANE('',#3769);
#3272=PLANE('',#3771);
#3273=PLANE('',#3773);
#3274=PLANE('',#3775);
#3275=PLANE('',#3779);
#3276=PLANE('',#3780);
#3277=PLANE('',#3781);
#3278=PLANE('',#3782);
#3279=PLANE('',#3783);
#3280=PLANE('',#3784);
#3281=PLANE('',#3785);
#3282=PLANE('',#3786);
#3283=PLANE('',#3787);
#3284=PLANE('',#3788);
#3285=PLANE('',#3789);
#3286=PLANE('',#3790);
#3287=PLANE('',#3791);
#3288=PLANE('',#3792);
#3289=PLANE('',#3793);
#3290=PLANE('',#3794);
#3291=PLANE('',#3795);
#3292=PLANE('',#3796);
#3293=PLANE('',#3797);
#3294=PLANE('',#3798);
#3295=PLANE('',#3799);
#3296=PLANE('',#3800);
#3297=PLANE('',#3801);
#3298=PLANE('',#3802);
#3299=PLANE('',#3803);
#3300=PLANE('',#3804);
#3301=PLANE('',#3805);
#3302=PLANE('',#3806);
#3303=PLANE('',#3807);
#3304=PLANE('',#3808);
#3305=PLANE('',#3809);
#3306=PLANE('',#3810);
#3307=PLANE('',#3811);
#3308=PLANE('',#3812);
#3309=PLANE('',#3813);
#3310=PLANE('',#3814);
#3311=PLANE('',#3815);
#3312=ADVANCED_FACE('',(#780,#772),#3170,.F.);
#3313=ADVANCED_FACE('',(#781),#741,.F.);
#3314=ADVANCED_FACE('',(#782),#742,.F.);
#3315=ADVANCED_FACE('',(#783),#104,.F.);
#3316=ADVANCED_FACE('',(#784),#743,.F.);
#3317=ADVANCED_FACE('',(#785,#773),#3171,.F.);
#3318=ADVANCED_FACE('',(#786,#774),#3172,.F.);
#3319=ADVANCED_FACE('',(#787),#3173,.T.);
#3320=ADVANCED_FACE('',(#788),#3174,.T.);
#3321=ADVANCED_FACE('',(#789),#3175,.T.);
#3322=ADVANCED_FACE('',(#790),#3176,.T.);
#3323=ADVANCED_FACE('',(#791,#775),#3177,.T.);
#3324=ADVANCED_FACE('',(#792),#3178,.T.);
#3325=ADVANCED_FACE('',(#793),#3179,.T.);
#3326=ADVANCED_FACE('',(#794),#3180,.T.);
#3327=ADVANCED_FACE('',(#795),#3181,.T.);
#3328=ADVANCED_FACE('',(#796),#744,.T.);
#3329=ADVANCED_FACE('',(#797),#105,.T.);
#3330=ADVANCED_FACE('',(#798),#3182,.F.);
#3331=ADVANCED_FACE('',(#799),#3183,.F.);
#3332=ADVANCED_FACE('',(#800),#745,.T.);
#3333=ADVANCED_FACE('',(#801),#106,.T.);
#3334=ADVANCED_FACE('',(#802),#107,.T.);
#3335=ADVANCED_FACE('',(#803),#108,.T.);
#3336=ADVANCED_FACE('',(#804),#109,.T.);
#3337=ADVANCED_FACE('',(#805),#746,.T.);
#3338=ADVANCED_FACE('',(#806),#747,.T.);
#3339=ADVANCED_FACE('',(#807),#110,.T.);
#3340=ADVANCED_FACE('',(#808),#111,.T.);
#3341=ADVANCED_FACE('',(#809),#3184,.T.);
#3342=ADVANCED_FACE('',(#810),#3185,.T.);
#3343=ADVANCED_FACE('',(#811,#776),#3186,.T.);
#3344=ADVANCED_FACE('',(#812),#3187,.T.);
#3345=ADVANCED_FACE('',(#813),#3188,.T.);
#3346=ADVANCED_FACE('',(#814),#3189,.T.);
#3347=ADVANCED_FACE('',(#815),#3190,.T.);
#3348=ADVANCED_FACE('',(#816),#3191,.T.);
#3349=ADVANCED_FACE('',(#817),#3192,.T.);
#3350=ADVANCED_FACE('',(#818),#3193,.T.);
#3351=ADVANCED_FACE('',(#819),#3194,.T.);
#3352=ADVANCED_FACE('',(#820),#3195,.T.);
#3353=ADVANCED_FACE('',(#821),#3196,.T.);
#3354=ADVANCED_FACE('',(#822),#3197,.T.);
#3355=ADVANCED_FACE('',(#823),#3198,.T.);
#3356=ADVANCED_FACE('',(#824),#3199,.T.);
#3357=ADVANCED_FACE('',(#825),#3200,.T.);
#3358=ADVANCED_FACE('',(#826),#3201,.T.);
#3359=ADVANCED_FACE('',(#827),#3202,.T.);
#3360=ADVANCED_FACE('',(#828),#3203,.T.);
#3361=ADVANCED_FACE('',(#829),#3204,.T.);
#3362=ADVANCED_FACE('',(#830),#3205,.T.);
#3363=ADVANCED_FACE('',(#831),#3206,.T.);
#3364=ADVANCED_FACE('',(#832),#3207,.T.);
#3365=ADVANCED_FACE('',(#833),#3208,.T.);
#3366=ADVANCED_FACE('',(#834),#748,.T.);
#3367=ADVANCED_FACE('',(#835),#749,.T.);
#3368=ADVANCED_FACE('',(#836),#13,.F.);
#3369=ADVANCED_FACE('',(#837),#750,.T.);
#3370=ADVANCED_FACE('',(#838,#777),#3209,.F.);
#3371=ADVANCED_FACE('',(#839),#751,.F.);
#3372=ADVANCED_FACE('',(#840),#752,.F.);
#3373=ADVANCED_FACE('',(#841),#3210,.T.);
#3374=ADVANCED_FACE('',(#842),#753,.F.);
#3375=ADVANCED_FACE('',(#843),#3211,.T.);
#3376=ADVANCED_FACE('',(#844),#754,.F.);
#3377=ADVANCED_FACE('',(#845),#755,.F.);
#3378=ADVANCED_FACE('',(#846),#3212,.T.);
#3379=ADVANCED_FACE('',(#847),#756,.F.);
#3380=ADVANCED_FACE('',(#848),#3213,.T.);
#3381=ADVANCED_FACE('',(#849),#757,.F.);
#3382=ADVANCED_FACE('',(#850),#3214,.T.);
#3383=ADVANCED_FACE('',(#851),#758,.F.);
#3384=ADVANCED_FACE('',(#852),#3215,.T.);
#3385=ADVANCED_FACE('',(#853),#759,.F.);
#3386=ADVANCED_FACE('',(#854),#3216,.T.);
#3387=ADVANCED_FACE('',(#855),#3217,.T.);
#3388=ADVANCED_FACE('',(#856),#760,.F.);
#3389=ADVANCED_FACE('',(#857),#3218,.T.);
#3390=ADVANCED_FACE('',(#858),#761,.F.);
#3391=ADVANCED_FACE('',(#859),#3219,.T.);
#3392=ADVANCED_FACE('',(#860),#3220,.T.);
#3393=ADVANCED_FACE('',(#861),#762,.F.);
#3394=ADVANCED_FACE('',(#862),#3221,.T.);
#3395=ADVANCED_FACE('',(#863),#763,.F.);
#3396=ADVANCED_FACE('',(#864),#3222,.T.);
#3397=ADVANCED_FACE('',(#865),#764,.F.);
#3398=ADVANCED_FACE('',(#866),#3223,.T.);
#3399=ADVANCED_FACE('',(#867),#765,.F.);
#3400=ADVANCED_FACE('',(#868),#3224,.T.);
#3401=ADVANCED_FACE('',(#869),#766,.F.);
#3402=ADVANCED_FACE('',(#870),#3225,.T.);
#3403=ADVANCED_FACE('',(#871),#767,.F.);
#3404=ADVANCED_FACE('',(#872),#3226,.T.);
#3405=ADVANCED_FACE('',(#873),#768,.F.);
#3406=ADVANCED_FACE('',(#874),#3227,.T.);
#3407=ADVANCED_FACE('',(#875),#769,.F.);
#3408=ADVANCED_FACE('',(#876),#3228,.F.);
#3409=ADVANCED_FACE('',(#877),#112,.T.);
#3410=ADVANCED_FACE('',(#878),#3229,.T.);
#3411=ADVANCED_FACE('',(#879),#3230,.T.);
#3412=ADVANCED_FACE('',(#880),#3231,.T.);
#3413=ADVANCED_FACE('',(#881),#3232,.T.);
#3414=ADVANCED_FACE('',(#882),#3233,.T.);
#3415=ADVANCED_FACE('',(#883),#3234,.T.);
#3416=ADVANCED_FACE('',(#884),#3235,.T.);
#3417=ADVANCED_FACE('',(#885),#3236,.T.);
#3418=ADVANCED_FACE('',(#886),#3237,.T.);
#3419=ADVANCED_FACE('',(#887),#3238,.T.);
#3420=ADVANCED_FACE('',(#888),#3239,.T.);
#3421=ADVANCED_FACE('',(#889),#3240,.T.);
#3422=ADVANCED_FACE('',(#890),#3241,.T.);
#3423=ADVANCED_FACE('',(#891),#3242,.T.);
#3424=ADVANCED_FACE('',(#892),#3243,.T.);
#3425=ADVANCED_FACE('',(#893),#3244,.T.);
#3426=ADVANCED_FACE('',(#894),#3245,.T.);
#3427=ADVANCED_FACE('',(#895),#3246,.T.);
#3428=ADVANCED_FACE('',(#896),#3247,.T.);
#3429=ADVANCED_FACE('',(#897),#3248,.T.);
#3430=ADVANCED_FACE('',(#898),#3249,.T.);
#3431=ADVANCED_FACE('',(#899),#3250,.T.);
#3432=ADVANCED_FACE('',(#900),#3251,.T.);
#3433=ADVANCED_FACE('',(#901),#3252,.T.);
#3434=ADVANCED_FACE('',(#902),#3253,.T.);
#3435=ADVANCED_FACE('',(#903),#3254,.T.);
#3436=ADVANCED_FACE('',(#904),#3255,.T.);
#3437=ADVANCED_FACE('',(#905),#3256,.T.);
#3438=ADVANCED_FACE('',(#906),#3257,.T.);
#3439=ADVANCED_FACE('',(#907),#3258,.T.);
#3440=ADVANCED_FACE('',(#908),#3259,.T.);
#3441=ADVANCED_FACE('',(#909),#3260,.T.);
#3442=ADVANCED_FACE('',(#910),#3261,.T.);
#3443=ADVANCED_FACE('',(#911),#770,.T.);
#3444=ADVANCED_FACE('',(#912),#3262,.T.);
#3445=ADVANCED_FACE('',(#913),#3263,.T.);
#3446=ADVANCED_FACE('',(#914),#3264,.T.);
#3447=ADVANCED_FACE('',(#915),#14,.T.);
#3448=ADVANCED_FACE('',(#916,#778),#3265,.F.);
#3449=ADVANCED_FACE('',(#917),#15,.T.);
#3450=ADVANCED_FACE('',(#918),#3266,.F.);
#3451=ADVANCED_FACE('',(#919),#3267,.F.);
#3452=ADVANCED_FACE('',(#920),#3268,.F.);
#3453=ADVANCED_FACE('',(#921),#3269,.F.);
#3454=ADVANCED_FACE('',(#922,#779),#3270,.T.);
#3455=ADVANCED_FACE('',(#923),#3271,.T.);
#3456=ADVANCED_FACE('',(#924),#3272,.T.);
#3457=ADVANCED_FACE('',(#925),#3273,.T.);
#3458=ADVANCED_FACE('',(#926),#3274,.T.);
#3459=ADVANCED_FACE('',(#927),#771,.F.);
#3460=ADVANCED_FACE('',(#928),#3275,.T.);
#3461=ADVANCED_FACE('',(#929),#3276,.T.);
#3462=ADVANCED_FACE('',(#930),#3277,.T.);
#3463=ADVANCED_FACE('',(#931),#3278,.T.);
#3464=ADVANCED_FACE('',(#932),#3279,.T.);
#3465=ADVANCED_FACE('',(#933),#3280,.T.);
#3466=ADVANCED_FACE('',(#934),#3281,.T.);
#3467=ADVANCED_FACE('',(#935),#3282,.T.);
#3468=ADVANCED_FACE('',(#936),#3283,.T.);
#3469=ADVANCED_FACE('',(#937),#3284,.T.);
#3470=ADVANCED_FACE('',(#938),#3285,.T.);
#3471=ADVANCED_FACE('',(#939),#3286,.T.);
#3472=ADVANCED_FACE('',(#940),#3287,.T.);
#3473=ADVANCED_FACE('',(#941),#3288,.T.);
#3474=ADVANCED_FACE('',(#942),#3289,.T.);
#3475=ADVANCED_FACE('',(#943),#3290,.T.);
#3476=ADVANCED_FACE('',(#944),#3291,.T.);
#3477=ADVANCED_FACE('',(#945),#3292,.T.);
#3478=ADVANCED_FACE('',(#946),#3293,.T.);
#3479=ADVANCED_FACE('',(#947),#3294,.T.);
#3480=ADVANCED_FACE('',(#948),#3295,.T.);
#3481=ADVANCED_FACE('',(#949),#3296,.T.);
#3482=ADVANCED_FACE('',(#950),#3297,.T.);
#3483=ADVANCED_FACE('',(#951),#3298,.T.);
#3484=ADVANCED_FACE('',(#952),#3299,.T.);
#3485=ADVANCED_FACE('',(#953),#3300,.T.);
#3486=ADVANCED_FACE('',(#954),#3301,.T.);
#3487=ADVANCED_FACE('',(#955),#3302,.T.);
#3488=ADVANCED_FACE('',(#956),#3303,.T.);
#3489=ADVANCED_FACE('',(#957),#3304,.T.);
#3490=ADVANCED_FACE('',(#958),#3305,.T.);
#3491=ADVANCED_FACE('',(#959),#3306,.T.);
#3492=ADVANCED_FACE('',(#960),#3307,.T.);
#3493=ADVANCED_FACE('',(#961),#3308,.T.);
#3494=ADVANCED_FACE('',(#962),#3309,.T.);
#3495=ADVANCED_FACE('',(#963),#3310,.T.);
#3496=ADVANCED_FACE('',(#964),#3311,.T.);
#3497=CLOSED_SHELL('',(#3312,#3313,#3314,#3315,#3316,#3317,#3318,#3319,
#3320,#3321,#3322,#3323,#3324,#3325,#3326,#3327,#3328,#3329,#3330,#3331,
#3332,#3333,#3334,#3335,#3336,#3337,#3338,#3339,#3340,#3341,#3342,#3343,
#3344,#3345,#3346,#3347,#3348,#3349,#3350,#3351,#3352,#3353,#3354,#3355,
#3356,#3357,#3358,#3359,#3360,#3361,#3362,#3363,#3364,#3365,#3366,#3367));
#3498=CLOSED_SHELL('',(#3368,#3369,#3370,#3371,#3372,#3373,#3374,#3375,
#3376,#3377,#3378,#3379,#3380,#3381,#3382,#3383,#3384,#3385,#3386,#3387,
#3388,#3389,#3390,#3391,#3392,#3393,#3394,#3395,#3396,#3397,#3398,#3399,
#3400,#3401,#3402,#3403,#3404,#3405,#3406,#3407,#3408,#3409,#3410,#3411,
#3412,#3413,#3414,#3415,#3416,#3417,#3418,#3419,#3420,#3421,#3422,#3423,
#3424,#3425,#3426,#3427,#3428,#3429,#3430,#3431,#3432,#3433,#3434,#3435,
#3436,#3437,#3438,#3439,#3440,#3441,#3442,#3443,#3444,#3445,#3446,#3447,
#3448,#3449,#3450,#3451,#3452,#3453,#3454,#3455,#3456,#3457,#3458,#3459,
#3460,#3461,#3462,#3463,#3464,#3465,#3466,#3467,#3468,#3469,#3470,#3471,
#3472,#3473,#3474,#3475,#3476,#3477,#3478,#3479,#3480,#3481,#3482,#3483,
#3484,#3485,#3486,#3487,#3488,#3489,#3490,#3491,#3492,#3493,#3494,#3495,
#3496));
#3499=DERIVED_UNIT_ELEMENT(#3501,1.);
#3500=DERIVED_UNIT_ELEMENT(#6231,-3.);
#3501=(
MASS_UNIT()
NAMED_UNIT(*)
SI_UNIT(.KILO.,.GRAM.)
);
#3502=DERIVED_UNIT((#3499,#3500));
#3503=MEASURE_REPRESENTATION_ITEM('density measure',
POSITIVE_RATIO_MEASURE(7850.),#3502);
#3504=PROPERTY_DEFINITION_REPRESENTATION(#3509,#3506);
#3505=PROPERTY_DEFINITION_REPRESENTATION(#3510,#3507);
#3506=REPRESENTATION('material name',(#3508),#6228);
#3507=REPRESENTATION('density',(#3503),#6228);
#3508=DESCRIPTIVE_REPRESENTATION_ITEM('Steel','Steel');
#3509=PROPERTY_DEFINITION('material property','material name',#6238);
#3510=PROPERTY_DEFINITION('material property','density of part',#6238);
#3511=AXIS2_PLACEMENT_3D('',#4740,#3816,#3817);
#3512=AXIS2_PLACEMENT_3D('',#4741,#3818,#3819);
#3513=AXIS2_PLACEMENT_3D('',#4743,#3820,#3821);
#3514=AXIS2_PLACEMENT_3D('',#4745,#3822,#3823);
#3515=AXIS2_PLACEMENT_3D('',#4746,#3824,#3825);
#3516=AXIS2_PLACEMENT_3D('',#4748,#3826,#3827);
#3517=AXIS2_PLACEMENT_3D('',#4750,#3829,#3830);
#3518=AXIS2_PLACEMENT_3D('',#4753,#3832,#3833);
#3519=AXIS2_PLACEMENT_3D('',#4754,#3834,#3835);
#3520=AXIS2_PLACEMENT_3D('',#4756,#3836,#3837);
#3521=AXIS2_PLACEMENT_3D('',#4760,#3839,#3840);
#3522=AXIS2_PLACEMENT_3D('',#4761,#3841,#3842);
#3523=AXIS2_PLACEMENT_3D('',#4762,#3843,#3844);
#3524=AXIS2_PLACEMENT_3D('',#4765,#3846,#3847);
#3525=AXIS2_PLACEMENT_3D('',#4766,#3848,#3849);
#3526=AXIS2_PLACEMENT_3D('',#4769,#3850,#3851);
#3527=AXIS2_PLACEMENT_3D('',#4771,#3852,#3853);
#3528=AXIS2_PLACEMENT_3D('',#4773,#3854,#3855);
#3529=AXIS2_PLACEMENT_3D('',#4774,#3856,#3857);
#3530=AXIS2_PLACEMENT_3D('',#4775,#3858,#3859);
#3531=AXIS2_PLACEMENT_3D('',#4776,#3860,#3861);
#3532=AXIS2_PLACEMENT_3D('',#4785,#3866,#3867);
#3533=AXIS2_PLACEMENT_3D('',#4794,#3872,#3873);
#3534=AXIS2_PLACEMENT_3D('',#4803,#3878,#3879);
#3535=AXIS2_PLACEMENT_3D('',#4812,#3884,#3885);
#3536=AXIS2_PLACEMENT_3D('',#4813,#3886,#3887);
#3537=AXIS2_PLACEMENT_3D('',#4814,#3888,#3889);
#3538=AXIS2_PLACEMENT_3D('',#4815,#3890,#3891);
#3539=AXIS2_PLACEMENT_3D('',#4816,#3892,#3893);
#3540=AXIS2_PLACEMENT_3D('',#4817,#3894,#3895);
#3541=AXIS2_PLACEMENT_3D('',#4819,#3896,#3897);
#3542=AXIS2_PLACEMENT_3D('',#4820,#3898,#3899);
#3543=AXIS2_PLACEMENT_3D('',#4821,#3900,#3901);
#3544=AXIS2_PLACEMENT_3D('',#4822,#3902,#3903);
#3545=AXIS2_PLACEMENT_3D('',#4823,#3904,#3905);
#3546=AXIS2_PLACEMENT_3D('',#4824,#3906,#3907);
#3547=AXIS2_PLACEMENT_3D('',#4825,#3908,#3909);
#3548=AXIS2_PLACEMENT_3D('',#4826,#3910,#3911);
#3549=AXIS2_PLACEMENT_3D('',#4827,#3912,#3913);
#3550=AXIS2_PLACEMENT_3D('',#4830,#3915,#3916);
#3551=AXIS2_PLACEMENT_3D('',#4831,#3917,#3918);
#3552=AXIS2_PLACEMENT_3D('',#4833,#3919,#3920);
#3553=AXIS2_PLACEMENT_3D('',#4837,#3922,#3923);
#3554=AXIS2_PLACEMENT_3D('',#4839,#3924,#3925);
#3555=AXIS2_PLACEMENT_3D('',#4840,#3926,#3927);
#3556=AXIS2_PLACEMENT_3D('',#4841,#3928,#3929);
#3557=AXIS2_PLACEMENT_3D('',#4843,#3930,#3931);
#3558=AXIS2_PLACEMENT_3D('',#4845,#3932,#3933);
#3559=AXIS2_PLACEMENT_3D('',#4846,#3934,#3935);
#3560=AXIS2_PLACEMENT_3D('',#4847,#3936,#3937);
#3561=AXIS2_PLACEMENT_3D('',#4849,#3938,#3939);
#3562=AXIS2_PLACEMENT_3D('',#4851,#3940,#3941);
#3563=AXIS2_PLACEMENT_3D('',#4852,#3942,#3943);
#3564=AXIS2_PLACEMENT_3D('',#4853,#3944,#3945);
#3565=AXIS2_PLACEMENT_3D('',#4855,#3946,#3947);
#3566=AXIS2_PLACEMENT_3D('',#4857,#3949,#3950);
#3567=AXIS2_PLACEMENT_3D('',#4860,#3951,#3952);
#3568=AXIS2_PLACEMENT_3D('',#4869,#3953,#3954);
#3569=AXIS2_PLACEMENT_3D('',#4875,#3955,#3956);
#3570=AXIS2_PLACEMENT_3D('',#4876,#3957,#3958);
#3571=AXIS2_PLACEMENT_3D('',#4878,#3959,#3960);
#3572=AXIS2_PLACEMENT_3D('',#4883,#3961,#3962);
#3573=AXIS2_PLACEMENT_3D('',#4884,#3963,#3964);
#3574=AXIS2_PLACEMENT_3D('',#4885,#3965,#3966);
#3575=AXIS2_PLACEMENT_3D('',#4888,#3969,#3970);
#3576=AXIS2_PLACEMENT_3D('',#4890,#3972,#3973);
#3577=AXIS2_PLACEMENT_3D('',#4893,#3974,#3975);
#3578=AXIS2_PLACEMENT_3D('',#4894,#3976,#3977);
#3579=AXIS2_PLACEMENT_3D('',#4896,#3979,#3980);
#3580=AXIS2_PLACEMENT_3D('',#4998,#3982,#3983);
#3581=AXIS2_PLACEMENT_3D('',#5004,#3987,#3988);
#3582=AXIS2_PLACEMENT_3D('',#5008,#3991,#3992);
#3583=AXIS2_PLACEMENT_3D('',#5052,#4015,#4016);
#3584=AXIS2_PLACEMENT_3D('',#5055,#4019,#4020);
#3585=AXIS2_PLACEMENT_3D('',#5057,#4022,#4023);
#3586=AXIS2_PLACEMENT_3D('',#5060,#4026,#4027);
#3587=AXIS2_PLACEMENT_3D('',#5061,#4028,#4029);
#3588=AXIS2_PLACEMENT_3D('',#5064,#4032,#4033);
#3589=AXIS2_PLACEMENT_3D('',#5066,#4035,#4036);
#3590=AXIS2_PLACEMENT_3D('',#5069,#4039,#4040);
#3591=AXIS2_PLACEMENT_3D('',#5071,#4042,#4043);
#3592=AXIS2_PLACEMENT_3D('',#5074,#4046,#4047);
#3593=AXIS2_PLACEMENT_3D('',#5076,#4049,#4050);
#3594=AXIS2_PLACEMENT_3D('',#5079,#4053,#4054);
#3595=AXIS2_PLACEMENT_3D('',#5081,#4056,#4057);
#3596=AXIS2_PLACEMENT_3D('',#5084,#4060,#4061);
#3597=AXIS2_PLACEMENT_3D('',#5086,#4063,#4064);
#3598=AXIS2_PLACEMENT_3D('',#5088,#4066,#4067);
#3599=AXIS2_PLACEMENT_3D('',#5089,#4068,#4069);
#3600=AXIS2_PLACEMENT_3D('',#5090,#4070,#4071);
#3601=AXIS2_PLACEMENT_3D('',#5091,#4072,#4073);
#3602=AXIS2_PLACEMENT_3D('',#5092,#4074,#4075);
#3603=AXIS2_PLACEMENT_3D('',#5093,#4076,#4077);
#3604=AXIS2_PLACEMENT_3D('',#5094,#4078,#4079);
#3605=AXIS2_PLACEMENT_3D('',#5095,#4080,#4081);
#3606=AXIS2_PLACEMENT_3D('',#5097,#4083,#4084);
#3607=AXIS2_PLACEMENT_3D('',#5098,#4085,#4086);
#3608=AXIS2_PLACEMENT_3D('',#5101,#4087,#4088);
#3609=AXIS2_PLACEMENT_3D('',#5103,#4089,#4090);
#3610=AXIS2_PLACEMENT_3D('',#5104,#4091,#4092);
#3611=AXIS2_PLACEMENT_3D('',#5105,#4093,#4094);
#3612=AXIS2_PLACEMENT_3D('',#5106,#4095,#4096);
#3613=AXIS2_PLACEMENT_3D('',#5110,#4098,#4099);
#3614=AXIS2_PLACEMENT_3D('',#5111,#4100,#4101);
#3615=AXIS2_PLACEMENT_3D('',#5112,#4102,#4103);
#3616=AXIS2_PLACEMENT_3D('',#5114,#4104,#4105);
#3617=AXIS2_PLACEMENT_3D('',#5115,#4106,#4107);
#3618=AXIS2_PLACEMENT_3D('',#5118,#4108,#4109);
#3619=AXIS2_PLACEMENT_3D('',#5141,#4112,#4113);
#3620=AXIS2_PLACEMENT_3D('',#5144,#4114,#4115);
#3621=AXIS2_PLACEMENT_3D('',#5167,#4118,#4119);
#3622=AXIS2_PLACEMENT_3D('',#5173,#4123,#4124);
#3623=AXIS2_PLACEMENT_3D('',#5176,#4125,#4126);
#3624=AXIS2_PLACEMENT_3D('',#5199,#4129,#4130);
#3625=AXIS2_PLACEMENT_3D('',#5205,#4134,#4135);
#3626=AXIS2_PLACEMENT_3D('',#5208,#4136,#4137);
#3627=AXIS2_PLACEMENT_3D('',#5231,#4140,#4141);
#3628=AXIS2_PLACEMENT_3D('',#5234,#4142,#4143);
#3629=AXIS2_PLACEMENT_3D('',#5257,#4146,#4147);
#3630=AXIS2_PLACEMENT_3D('',#5263,#4151,#4152);
#3631=AXIS2_PLACEMENT_3D('',#5266,#4153,#4154);
#3632=AXIS2_PLACEMENT_3D('',#5289,#4157,#4158);
#3633=AXIS2_PLACEMENT_3D('',#5295,#4162,#4163);
#3634=AXIS2_PLACEMENT_3D('',#5298,#4164,#4165);
#3635=AXIS2_PLACEMENT_3D('',#5321,#4168,#4169);
#3636=AXIS2_PLACEMENT_3D('',#5327,#4173,#4174);
#3637=AXIS2_PLACEMENT_3D('',#5330,#4175,#4176);
#3638=AXIS2_PLACEMENT_3D('',#5356,#4179,#4180);
#3639=AXIS2_PLACEMENT_3D('',#5362,#4184,#4185);
#3640=AXIS2_PLACEMENT_3D('',#5365,#4186,#4187);
#3641=AXIS2_PLACEMENT_3D('',#5388,#4190,#4191);
#3642=AXIS2_PLACEMENT_3D('',#5394,#4195,#4196);
#3643=AXIS2_PLACEMENT_3D('',#5400,#4200,#4201);
#3644=AXIS2_PLACEMENT_3D('',#5403,#4202,#4203);
#3645=AXIS2_PLACEMENT_3D('',#5426,#4206,#4207);
#3646=AXIS2_PLACEMENT_3D('',#5432,#4211,#4212);
#3647=AXIS2_PLACEMENT_3D('',#5435,#4213,#4214);
#3648=AXIS2_PLACEMENT_3D('',#5458,#4217,#4218);
#3649=AXIS2_PLACEMENT_3D('',#5464,#4222,#4223);
#3650=AXIS2_PLACEMENT_3D('',#5470,#4227,#4228);
#3651=AXIS2_PLACEMENT_3D('',#5473,#4229,#4230);
#3652=AXIS2_PLACEMENT_3D('',#5496,#4233,#4234);
#3653=AXIS2_PLACEMENT_3D('',#5502,#4238,#4239);
#3654=AXIS2_PLACEMENT_3D('',#5505,#4240,#4241);
#3655=AXIS2_PLACEMENT_3D('',#5528,#4244,#4245);
#3656=AXIS2_PLACEMENT_3D('',#5534,#4249,#4250);
#3657=AXIS2_PLACEMENT_3D('',#5537,#4251,#4252);
#3658=AXIS2_PLACEMENT_3D('',#5560,#4255,#4256);
#3659=AXIS2_PLACEMENT_3D('',#5566,#4260,#4261);
#3660=AXIS2_PLACEMENT_3D('',#5569,#4262,#4263);
#3661=AXIS2_PLACEMENT_3D('',#5592,#4266,#4267);
#3662=AXIS2_PLACEMENT_3D('',#5598,#4271,#4272);
#3663=AXIS2_PLACEMENT_3D('',#5601,#4273,#4274);
#3664=AXIS2_PLACEMENT_3D('',#5624,#4277,#4278);
#3665=AXIS2_PLACEMENT_3D('',#5630,#4282,#4283);
#3666=AXIS2_PLACEMENT_3D('',#5633,#4284,#4285);
#3667=AXIS2_PLACEMENT_3D('',#5656,#4288,#4289);
#3668=AXIS2_PLACEMENT_3D('',#5662,#4293,#4294);
#3669=AXIS2_PLACEMENT_3D('',#5665,#4295,#4296);
#3670=AXIS2_PLACEMENT_3D('',#5688,#4299,#4300);
#3671=AXIS2_PLACEMENT_3D('',#5694,#4304,#4305);
#3672=AXIS2_PLACEMENT_3D('',#5696,#4306,#4307);
#3673=AXIS2_PLACEMENT_3D('',#5699,#4309,#4310);
#3674=AXIS2_PLACEMENT_3D('',#5700,#4311,#4312);
#3675=AXIS2_PLACEMENT_3D('',#5701,#4313,#4314);
#3676=AXIS2_PLACEMENT_3D('',#5703,#4315,#4316);
#3677=AXIS2_PLACEMENT_3D('',#5712,#4319,#4320);
#3678=AXIS2_PLACEMENT_3D('',#5723,#4322,#4323);
#3679=AXIS2_PLACEMENT_3D('',#5734,#4325,#4326);
#3680=AXIS2_PLACEMENT_3D('',#5745,#4328,#4329);
#3681=AXIS2_PLACEMENT_3D('',#5756,#4331,#4332);
#3682=AXIS2_PLACEMENT_3D('',#5767,#4334,#4335);
#3683=AXIS2_PLACEMENT_3D('',#5778,#4337,#4338);
#3684=AXIS2_PLACEMENT_3D('',#5789,#4340,#4341);
#3685=AXIS2_PLACEMENT_3D('',#5800,#4343,#4344);
#3686=AXIS2_PLACEMENT_3D('',#5811,#4346,#4347);
#3687=AXIS2_PLACEMENT_3D('',#5822,#4349,#4350);
#3688=AXIS2_PLACEMENT_3D('',#5833,#4352,#4353);
#3689=AXIS2_PLACEMENT_3D('',#5844,#4355,#4356);
#3690=AXIS2_PLACEMENT_3D('',#5855,#4358,#4359);
#3691=AXIS2_PLACEMENT_3D('',#5866,#4361,#4362);
#3692=AXIS2_PLACEMENT_3D('',#5877,#4364,#4365);
#3693=AXIS2_PLACEMENT_3D('',#5888,#4367,#4368);
#3694=AXIS2_PLACEMENT_3D('',#5899,#4370,#4371);
#3695=AXIS2_PLACEMENT_3D('',#5903,#4372,#4373);
#3696=AXIS2_PLACEMENT_3D('',#5909,#4377,#4378);
#3697=AXIS2_PLACEMENT_3D('',#5915,#4382,#4383);
#3698=AXIS2_PLACEMENT_3D('',#5917,#4385,#4386);
#3699=AXIS2_PLACEMENT_3D('',#5919,#4388,#4389);
#3700=AXIS2_PLACEMENT_3D('',#5925,#4393,#4394);
#3701=AXIS2_PLACEMENT_3D('',#5931,#4398,#4399);
#3702=AXIS2_PLACEMENT_3D('',#5933,#4401,#4402);
#3703=AXIS2_PLACEMENT_3D('',#5935,#4404,#4405);
#3704=AXIS2_PLACEMENT_3D('',#5941,#4409,#4410);
#3705=AXIS2_PLACEMENT_3D('',#5947,#4414,#4415);
#3706=AXIS2_PLACEMENT_3D('',#5949,#4417,#4418);
#3707=AXIS2_PLACEMENT_3D('',#5951,#4420,#4421);
#3708=AXIS2_PLACEMENT_3D('',#5957,#4425,#4426);
#3709=AXIS2_PLACEMENT_3D('',#5963,#4430,#4431);
#3710=AXIS2_PLACEMENT_3D('',#5965,#4433,#4434);
#3711=AXIS2_PLACEMENT_3D('',#5967,#4436,#4437);
#3712=AXIS2_PLACEMENT_3D('',#5973,#4441,#4442);
#3713=AXIS2_PLACEMENT_3D('',#5979,#4446,#4447);
#3714=AXIS2_PLACEMENT_3D('',#5981,#4449,#4450);
#3715=AXIS2_PLACEMENT_3D('',#5983,#4452,#4453);
#3716=AXIS2_PLACEMENT_3D('',#5989,#4457,#4458);
#3717=AXIS2_PLACEMENT_3D('',#5995,#4462,#4463);
#3718=AXIS2_PLACEMENT_3D('',#5997,#4465,#4466);
#3719=AXIS2_PLACEMENT_3D('',#5999,#4468,#4469);
#3720=AXIS2_PLACEMENT_3D('',#6005,#4473,#4474);
#3721=AXIS2_PLACEMENT_3D('',#6011,#4478,#4479);
#3722=AXIS2_PLACEMENT_3D('',#6013,#4481,#4482);
#3723=AXIS2_PLACEMENT_3D('',#6015,#4484,#4485);
#3724=AXIS2_PLACEMENT_3D('',#6021,#4489,#4490);
#3725=AXIS2_PLACEMENT_3D('',#6027,#4494,#4495);
#3726=AXIS2_PLACEMENT_3D('',#6029,#4497,#4498);
#3727=AXIS2_PLACEMENT_3D('',#6031,#4500,#4501);
#3728=AXIS2_PLACEMENT_3D('',#6037,#4505,#4506);
#3729=AXIS2_PLACEMENT_3D('',#6039,#4507,#4508);
#3730=AXIS2_PLACEMENT_3D('',#6042,#4510,#4511);
#3731=AXIS2_PLACEMENT_3D('',#6045,#4513,#4514);
#3732=AXIS2_PLACEMENT_3D('',#6048,#4516,#4517);
#3733=AXIS2_PLACEMENT_3D('',#6051,#4519,#4520);
#3734=AXIS2_PLACEMENT_3D('',#6054,#4522,#4523);
#3735=AXIS2_PLACEMENT_3D('',#6057,#4525,#4526);
#3736=AXIS2_PLACEMENT_3D('',#6060,#4528,#4529);
#3737=AXIS2_PLACEMENT_3D('',#6065,#4532,#4533);
#3738=AXIS2_PLACEMENT_3D('',#6068,#4535,#4536);
#3739=AXIS2_PLACEMENT_3D('',#6071,#4538,#4539);
#3740=AXIS2_PLACEMENT_3D('',#6074,#4541,#4542);
#3741=AXIS2_PLACEMENT_3D('',#6077,#4544,#4545);
#3742=AXIS2_PLACEMENT_3D('',#6081,#4547,#4548);
#3743=AXIS2_PLACEMENT_3D('',#6082,#4549,#4550);
#3744=AXIS2_PLACEMENT_3D('',#6084,#4551,#4552);
#3745=AXIS2_PLACEMENT_3D('',#6087,#4554,#4555);
#3746=AXIS2_PLACEMENT_3D('',#6090,#4557,#4558);
#3747=AXIS2_PLACEMENT_3D('',#6093,#4560,#4561);
#3748=AXIS2_PLACEMENT_3D('',#6096,#4563,#4564);
#3749=AXIS2_PLACEMENT_3D('',#6099,#4566,#4567);
#3750=AXIS2_PLACEMENT_3D('',#6101,#4569,#4570);
#3751=AXIS2_PLACEMENT_3D('',#6103,#4572,#4573);
#3752=AXIS2_PLACEMENT_3D('',#6107,#4576,#4577);
#3753=AXIS2_PLACEMENT_3D('',#6109,#4579,#4580);
#3754=AXIS2_PLACEMENT_3D('',#6111,#4581,#4582);
#3755=AXIS2_PLACEMENT_3D('',#6112,#4583,#4584);
#3756=AXIS2_PLACEMENT_3D('',#6113,#4585,#4586);
#3757=AXIS2_PLACEMENT_3D('',#6115,#4587,#4588);
#3758=AXIS2_PLACEMENT_3D('',#6116,#4589,#4590);
#3759=AXIS2_PLACEMENT_3D('',#6117,#4591,#4592);
#3760=AXIS2_PLACEMENT_3D('',#6118,#4593,#4594);
#3761=AXIS2_PLACEMENT_3D('',#6127,#4599,#4600);
#3762=AXIS2_PLACEMENT_3D('',#6136,#4605,#4606);
#3763=AXIS2_PLACEMENT_3D('',#6145,#4611,#4612);
#3764=AXIS2_PLACEMENT_3D('',#6154,#4617,#4618);
#3765=AXIS2_PLACEMENT_3D('',#6155,#4619,#4620);
#3766=AXIS2_PLACEMENT_3D('',#6156,#4621,#4622);
#3767=AXIS2_PLACEMENT_3D('',#6157,#4623,#4624);
#3768=AXIS2_PLACEMENT_3D('',#6158,#4625,#4626);
#3769=AXIS2_PLACEMENT_3D('',#6159,#4627,#4628);
#3770=AXIS2_PLACEMENT_3D('',#6160,#4629,#4630);
#3771=AXIS2_PLACEMENT_3D('',#6161,#4631,#4632);
#3772=AXIS2_PLACEMENT_3D('',#6162,#4633,#4634);
#3773=AXIS2_PLACEMENT_3D('',#6163,#4635,#4636);
#3774=AXIS2_PLACEMENT_3D('',#6164,#4637,#4638);
#3775=AXIS2_PLACEMENT_3D('',#6165,#4639,#4640);
#3776=AXIS2_PLACEMENT_3D('',#6167,#4641,#4642);
#3777=AXIS2_PLACEMENT_3D('',#6168,#4643,#4644);
#3778=AXIS2_PLACEMENT_3D('',#6169,#4645,#4646);
#3779=AXIS2_PLACEMENT_3D('',#6171,#4648,#4649);
#3780=AXIS2_PLACEMENT_3D('',#6173,#4651,#4652);
#3781=AXIS2_PLACEMENT_3D('',#6175,#4654,#4655);
#3782=AXIS2_PLACEMENT_3D('',#6177,#4657,#4658);
#3783=AXIS2_PLACEMENT_3D('',#6179,#4660,#4661);
#3784=AXIS2_PLACEMENT_3D('',#6181,#4663,#4664);
#3785=AXIS2_PLACEMENT_3D('',#6183,#4666,#4667);
#3786=AXIS2_PLACEMENT_3D('',#6185,#4669,#4670);
#3787=AXIS2_PLACEMENT_3D('',#6187,#4672,#4673);
#3788=AXIS2_PLACEMENT_3D('',#6189,#4675,#4676);
#3789=AXIS2_PLACEMENT_3D('',#6191,#4678,#4679);
#3790=AXIS2_PLACEMENT_3D('',#6193,#4681,#4682);
#3791=AXIS2_PLACEMENT_3D('',#6195,#4684,#4685);
#3792=AXIS2_PLACEMENT_3D('',#6197,#4687,#4688);
#3793=AXIS2_PLACEMENT_3D('',#6199,#4690,#4691);
#3794=AXIS2_PLACEMENT_3D('',#6201,#4693,#4694);
#3795=AXIS2_PLACEMENT_3D('',#6203,#4696,#4697);
#3796=AXIS2_PLACEMENT_3D('',#6205,#4699,#4700);
#3797=AXIS2_PLACEMENT_3D('',#6207,#4702,#4703);
#3798=AXIS2_PLACEMENT_3D('',#6208,#4704,#4705);
#3799=AXIS2_PLACEMENT_3D('',#6209,#4706,#4707);
#3800=AXIS2_PLACEMENT_3D('',#6210,#4708,#4709);
#3801=AXIS2_PLACEMENT_3D('',#6211,#4710,#4711);
#3802=AXIS2_PLACEMENT_3D('',#6212,#4712,#4713);
#3803=AXIS2_PLACEMENT_3D('',#6213,#4714,#4715);
#3804=AXIS2_PLACEMENT_3D('',#6214,#4716,#4717);
#3805=AXIS2_PLACEMENT_3D('',#6215,#4718,#4719);
#3806=AXIS2_PLACEMENT_3D('',#6216,#4720,#4721);
#3807=AXIS2_PLACEMENT_3D('',#6217,#4722,#4723);
#3808=AXIS2_PLACEMENT_3D('',#6218,#4724,#4725);
#3809=AXIS2_PLACEMENT_3D('',#6219,#4726,#4727);
#3810=AXIS2_PLACEMENT_3D('',#6220,#4728,#4729);
#3811=AXIS2_PLACEMENT_3D('',#6221,#4730,#4731);
#3812=AXIS2_PLACEMENT_3D('',#6222,#4732,#4733);
#3813=AXIS2_PLACEMENT_3D('',#6223,#4734,#4735);
#3814=AXIS2_PLACEMENT_3D('',#6224,#4736,#4737);
#3815=AXIS2_PLACEMENT_3D('',#6225,#4738,#4739);
#3816=DIRECTION('axis',(0.,0.,1.));
#3817=DIRECTION('refdir',(1.,0.,0.));
#3818=DIRECTION('center_axis',(0.,0.,1.));
#3819=DIRECTION('ref_axis',(-1.,0.,0.));
#3820=DIRECTION('center_axis',(0.,0.,1.));
#3821=DIRECTION('ref_axis',(-1.,0.,0.));
#3822=DIRECTION('center_axis',(0.,0.,1.));
#3823=DIRECTION('ref_axis',(-1.,0.,0.));
#3824=DIRECTION('center_axis',(0.,0.,1.));
#3825=DIRECTION('ref_axis',(-1.,0.,0.));
#3826=DIRECTION('center_axis',(0.,0.,1.));
#3827=DIRECTION('ref_axis',(-1.,0.,0.));
#3828=DIRECTION('',(0.,0.,1.));
#3829=DIRECTION('center_axis',(0.,0.,1.));
#3830=DIRECTION('ref_axis',(-1.,0.,0.));
#3831=DIRECTION('',(0.,0.,1.));
#3832=DIRECTION('center_axis',(0.,0.,-1.));
#3833=DIRECTION('ref_axis',(-1.,0.,0.));
#3834=DIRECTION('center_axis',(0.,0.,-1.));
#3835=DIRECTION('ref_axis',(1.,0.,0.));
#3836=DIRECTION('center_axis',(0.,0.,-1.));
#3837=DIRECTION('ref_axis',(1.,0.,0.));
#3838=DIRECTION('',(0.707106781186547,-8.65956056235493E-17,0.707106781186548));
#3839=DIRECTION('center_axis',(0.,0.,1.));
#3840=DIRECTION('ref_axis',(1.,0.,0.));
#3841=DIRECTION('center_axis',(0.,0.,1.));
#3842=DIRECTION('ref_axis',(1.,0.,0.));
#3843=DIRECTION('center_axis',(0.,0.,1.));
#3844=DIRECTION('ref_axis',(-1.,0.,0.));
#3845=DIRECTION('',(0.,0.,1.));
#3846=DIRECTION('center_axis',(0.,0.,1.));
#3847=DIRECTION('ref_axis',(-1.,0.,0.));
#3848=DIRECTION('center_axis',(0.,0.,1.));
#3849=DIRECTION('ref_axis',(1.,0.,0.));
#3850=DIRECTION('center_axis',(0.,0.,1.));
#3851=DIRECTION('ref_axis',(1.,0.,0.));
#3852=DIRECTION('center_axis',(0.,0.,1.));
#3853=DIRECTION('ref_axis',(1.,0.,0.));
#3854=DIRECTION('center_axis',(0.,0.,1.));
#3855=DIRECTION('ref_axis',(-1.,0.,0.));
#3856=DIRECTION('center_axis',(0.,0.,1.));
#3857=DIRECTION('ref_axis',(1.,0.,0.));
#3858=DIRECTION('center_axis',(0.,0.,1.));
#3859=DIRECTION('ref_axis',(-1.,0.,0.));
#3860=DIRECTION('center_axis',(5.62294363348103E-17,-1.,0.));
#3861=DIRECTION('ref_axis',(1.,5.62294363348103E-17,0.));
#3862=DIRECTION('',(-1.,-5.62294363348103E-17,0.));
#3863=DIRECTION('',(0.,0.,1.));
#3864=DIRECTION('',(1.,5.62294363348103E-17,0.));
#3865=DIRECTION('',(0.,0.,1.));
#3866=DIRECTION('center_axis',(-1.,0.,0.));
#3867=DIRECTION('ref_axis',(0.,-1.,0.));
#3868=DIRECTION('',(0.,1.,0.));
#3869=DIRECTION('',(0.,0.,1.));
#3870=DIRECTION('',(0.,-1.,0.));
#3871=DIRECTION('',(0.,0.,1.));
#3872=DIRECTION('center_axis',(-5.62294363348103E-17,1.,0.));
#3873=DIRECTION('ref_axis',(-1.,-5.62294363348103E-17,0.));
#3874=DIRECTION('',(1.,5.62294363348103E-17,0.));
#3875=DIRECTION('',(0.,0.,1.));
#3876=DIRECTION('',(-1.,-5.62294363348103E-17,0.));
#3877=DIRECTION('',(0.,0.,1.));
#3878=DIRECTION('center_axis',(1.,-5.62294363348103E-17,0.));
#3879=DIRECTION('ref_axis',(5.62294363348103E-17,1.,0.));
#3880=DIRECTION('',(-5.62294363348103E-17,-1.,0.));
#3881=DIRECTION('',(0.,0.,1.));
#3882=DIRECTION('',(5.62294363348103E-17,1.,0.));
#3883=DIRECTION('',(0.,0.,1.));
#3884=DIRECTION('center_axis',(0.,0.,1.));
#3885=DIRECTION('ref_axis',(-1.,0.,0.));
#3886=DIRECTION('center_axis',(0.,0.,1.));
#3887=DIRECTION('ref_axis',(-1.,0.,0.));
#3888=DIRECTION('center_axis',(0.,0.,1.));
#3889=DIRECTION('ref_axis',(-1.,0.,0.));
#3890=DIRECTION('center_axis',(0.,0.,1.));
#3891=DIRECTION('ref_axis',(-1.,0.,0.));
#3892=DIRECTION('center_axis',(0.,0.,1.));
#3893=DIRECTION('ref_axis',(-1.,0.,0.));
#3894=DIRECTION('center_axis',(0.,0.,1.));
#3895=DIRECTION('ref_axis',(-1.,0.,0.));
#3896=DIRECTION('center_axis',(0.,0.,1.));
#3897=DIRECTION('ref_axis',(-1.,0.,0.));
#3898=DIRECTION('center_axis',(0.,0.,1.));
#3899=DIRECTION('ref_axis',(-1.,0.,0.));
#3900=DIRECTION('center_axis',(0.,0.,1.));
#3901=DIRECTION('ref_axis',(-1.,0.,0.));
#3902=DIRECTION('center_axis',(0.,0.,1.));
#3903=DIRECTION('ref_axis',(-1.,0.,0.));
#3904=DIRECTION('center_axis',(0.,0.,1.));
#3905=DIRECTION('ref_axis',(-1.,0.,0.));
#3906=DIRECTION('center_axis',(0.,0.,1.));
#3907=DIRECTION('ref_axis',(-1.,0.,0.));
#3908=DIRECTION('center_axis',(0.,0.,1.));
#3909=DIRECTION('ref_axis',(-1.,0.,0.));
#3910=DIRECTION('center_axis',(0.,0.,1.));
#3911=DIRECTION('ref_axis',(-1.,0.,0.));
#3912=DIRECTION('center_axis',(0.,0.,1.));
#3913=DIRECTION('ref_axis',(-1.,0.,0.));
#3914=DIRECTION('',(0.,0.,-1.));
#3915=DIRECTION('center_axis',(0.,0.,-1.));
#3916=DIRECTION('ref_axis',(-1.,0.,0.));
#3917=DIRECTION('center_axis',(0.,0.,1.));
#3918=DIRECTION('ref_axis',(-1.,0.,0.));
#3919=DIRECTION('center_axis',(0.,0.,-1.));
#3920=DIRECTION('ref_axis',(-1.,0.,0.));
#3921=DIRECTION('',(-0.707106781186547,-8.65956056235493E-17,-0.707106781186548));
#3922=DIRECTION('center_axis',(0.,0.,1.));
#3923=DIRECTION('ref_axis',(-1.,0.,0.));
#3924=DIRECTION('center_axis',(0.,0.,1.));
#3925=DIRECTION('ref_axis',(-1.,0.,0.));
#3926=DIRECTION('center_axis',(0.,0.,1.));
#3927=DIRECTION('ref_axis',(-1.,0.,0.));
#3928=DIRECTION('center_axis',(0.,0.,1.));
#3929=DIRECTION('ref_axis',(-1.,0.,0.));
#3930=DIRECTION('center_axis',(0.,0.,1.));
#3931=DIRECTION('ref_axis',(1.,0.,0.));
#3932=DIRECTION('center_axis',(0.,0.,1.));
#3933=DIRECTION('ref_axis',(1.,0.,0.));
#3934=DIRECTION('center_axis',(0.,0.,1.));
#3935=DIRECTION('ref_axis',(1.,0.,0.));
#3936=DIRECTION('center_axis',(0.,0.,1.));
#3937=DIRECTION('ref_axis',(-1.,0.,0.));
#3938=DIRECTION('center_axis',(0.,0.,1.));
#3939=DIRECTION('ref_axis',(1.,0.,0.));
#3940=DIRECTION('center_axis',(0.,0.,1.));
#3941=DIRECTION('ref_axis',(1.,0.,0.));
#3942=DIRECTION('center_axis',(0.,0.,1.));
#3943=DIRECTION('ref_axis',(1.,0.,0.));
#3944=DIRECTION('center_axis',(0.,0.,1.));
#3945=DIRECTION('ref_axis',(-1.,0.,0.));
#3946=DIRECTION('center_axis',(0.,0.,1.));
#3947=DIRECTION('ref_axis',(-1.,0.,0.));
#3948=DIRECTION('',(0.,0.,-1.));
#3949=DIRECTION('center_axis',(0.,0.,1.));
#3950=DIRECTION('ref_axis',(1.,0.,0.));
#3951=DIRECTION('center_axis',(0.,0.,-1.));
#3952=DIRECTION('ref_axis',(1.,0.,0.));
#3953=DIRECTION('center_axis',(0.,0.,1.));
#3954=DIRECTION('ref_axis',(1.,0.,0.));
#3955=DIRECTION('center_axis',(0.,0.,-1.));
#3956=DIRECTION('ref_axis',(1.,0.,0.));
#3957=DIRECTION('center_axis',(0.,0.,1.));
#3958=DIRECTION('ref_axis',(-1.,0.,0.));
#3959=DIRECTION('center_axis',(0.,0.,-1.));
#3960=DIRECTION('ref_axis',(-1.,0.,0.));
#3961=DIRECTION('center_axis',(0.,0.,1.));
#3962=DIRECTION('ref_axis',(1.,0.,0.));
#3963=DIRECTION('center_axis',(0.,0.,-1.));
#3964=DIRECTION('ref_axis',(1.,0.,0.));
#3965=DIRECTION('center_axis',(0.,0.,1.));
#3966=DIRECTION('ref_axis',(1.,0.,0.));
#3967=DIRECTION('',(0.,0.,1.));
#3968=DIRECTION('',(0.,0.,1.));
#3969=DIRECTION('center_axis',(0.,0.,1.));
#3970=DIRECTION('ref_axis',(1.,0.,0.));
#3971=DIRECTION('',(0.,0.,1.));
#3972=DIRECTION('center_axis',(0.,8.3549451732228E-16,-1.));
#3973=DIRECTION('ref_axis',(-1.,-3.01584077245176E-17,0.));
#3974=DIRECTION('center_axis',(0.,0.,-1.));
#3975=DIRECTION('ref_axis',(-1.,-6.12323399573677E-17,0.));
#3976=DIRECTION('center_axis',(0.,0.,-1.));
#3977=DIRECTION('ref_axis',(-1.,-6.12323399573677E-17,0.));
#3978=DIRECTION('',(0.382683432365092,8.30302611115398E-16,-0.923879532511286));
#3979=DIRECTION('center_axis',(0.,0.,-1.));
#3980=DIRECTION('ref_axis',(1.,0.,0.));
#3981=DIRECTION('',(-0.707106781186546,-8.65956056235492E-17,-0.707106781186549));
#3982=DIRECTION('center_axis',(-0.707106781186548,-0.707106781186548,0.));
#3983=DIRECTION('ref_axis',(0.,0.,1.));
#3984=DIRECTION('',(-0.707106781186548,0.707106781186548,0.));
#3985=DIRECTION('',(0.,0.,-1.));
#3986=DIRECTION('',(0.,0.,1.));
#3987=DIRECTION('center_axis',(-1.,1.73472347597681E-16,0.));
#3988=DIRECTION('ref_axis',(-1.73472347597681E-16,-1.,0.));
#3989=DIRECTION('',(-1.73472347597681E-16,-1.,0.));
#3990=DIRECTION('',(0.,0.,1.));
#3991=DIRECTION('center_axis',(0.,0.,1.));
#3992=DIRECTION('ref_axis',(1.,0.,0.));
#3993=DIRECTION('',(1.,-1.73472347597681E-16,0.));
#3994=DIRECTION('',(0.707106781186547,-0.707106781186548,0.));
#3995=DIRECTION('',(-1.,0.,0.));
#3996=DIRECTION('',(0.707106781186548,0.707106781186547,0.));
#3997=DIRECTION('',(1.,-1.73472347597681E-16,0.));
#3998=DIRECTION('',(-0.707106781186548,-0.707106781186548,0.));
#3999=DIRECTION('',(2.60208521396521E-16,1.,0.));
#4000=DIRECTION('',(0.707106781186548,0.707106781186547,0.));
#4001=DIRECTION('',(0.,-1.,0.));
#4002=DIRECTION('',(-0.707106781186547,0.707106781186548,0.));
#4003=DIRECTION('',(2.60208521396521E-16,1.,0.));
#4004=DIRECTION('',(0.707106781186548,-0.707106781186546,0.));
#4005=DIRECTION('',(-1.,1.73472347597681E-16,0.));
#4006=DIRECTION('',(-0.707106781186547,0.707106781186548,0.));
#4007=DIRECTION('',(1.,-1.96261557335472E-15,0.));
#4008=DIRECTION('',(-0.707106781186548,-0.707106781186548,0.));
#4009=DIRECTION('',(-1.,1.73472347597681E-16,0.));
#4010=DIRECTION('',(0.707106781186547,0.707106781186548,0.));
#4011=DIRECTION('',(-1.73472347597681E-16,-1.,0.));
#4012=DIRECTION('',(-0.707106781186548,-0.707106781186548,0.));
#4013=DIRECTION('',(0.,1.,0.));
#4014=DIRECTION('',(0.707106781186547,-0.707106781186548,0.));
#4015=DIRECTION('center_axis',(-1.,0.,0.));
#4016=DIRECTION('ref_axis',(0.,0.,1.));
#4017=DIRECTION('',(0.,0.,-1.));
#4018=DIRECTION('',(0.,0.,1.));
#4019=DIRECTION('center_axis',(-0.707106781186548,0.707106781186548,0.));
#4020=DIRECTION('ref_axis',(-0.707106781186548,-0.707106781186548,0.));
#4021=DIRECTION('',(0.,0.,1.));
#4022=DIRECTION('center_axis',(-0.707106781186548,0.707106781186547,0.));
#4023=DIRECTION('ref_axis',(0.,0.,1.));
#4024=DIRECTION('',(0.,0.,-1.));
#4025=DIRECTION('',(0.,0.,1.));
#4026=DIRECTION('center_axis',(-1.,1.73472347597681E-16,0.));
#4027=DIRECTION('ref_axis',(-1.73472347597681E-16,-1.,0.));
#4028=DIRECTION('center_axis',(1.96261557335472E-15,1.,0.));
#4029=DIRECTION('ref_axis',(0.,0.,1.));
#4030=DIRECTION('',(0.,0.,-1.));
#4031=DIRECTION('',(0.,0.,1.));
#4032=DIRECTION('center_axis',(-0.707106781186548,0.707106781186548,0.));
#4033=DIRECTION('ref_axis',(-0.707106781186548,-0.707106781186548,0.));
#4034=DIRECTION('',(0.,0.,1.));
#4035=DIRECTION('center_axis',(0.707106781186547,0.707106781186549,0.));
#4036=DIRECTION('ref_axis',(0.,0.,-1.));
#4037=DIRECTION('',(0.,0.,-1.));
#4038=DIRECTION('',(0.,0.,1.));
#4039=DIRECTION('center_axis',(1.73472347597681E-16,1.,0.));
#4040=DIRECTION('ref_axis',(-1.,1.73472347597681E-16,0.));
#4041=DIRECTION('',(0.,0.,1.));
#4042=DIRECTION('center_axis',(1.,0.,0.));
#4043=DIRECTION('ref_axis',(0.,0.,-1.));
#4044=DIRECTION('',(0.,0.,-1.));
#4045=DIRECTION('',(0.,0.,1.));
#4046=DIRECTION('center_axis',(0.707106781186548,0.707106781186547,0.));
#4047=DIRECTION('ref_axis',(-0.707106781186547,0.707106781186548,0.));
#4048=DIRECTION('',(0.,0.,1.));
#4049=DIRECTION('center_axis',(0.707106781186548,-0.707106781186548,0.));
#4050=DIRECTION('ref_axis',(0.,0.,-1.));
#4051=DIRECTION('',(0.,0.,-1.));
#4052=DIRECTION('',(0.,0.,1.));
#4053=DIRECTION('center_axis',(1.,-2.60208521396521E-16,0.));
#4054=DIRECTION('ref_axis',(2.60208521396521E-16,1.,0.));
#4055=DIRECTION('',(0.,0.,1.));
#4056=DIRECTION('center_axis',(0.,-1.,0.));
#4057=DIRECTION('ref_axis',(0.,0.,-1.));
#4058=DIRECTION('',(0.,0.,-1.));
#4059=DIRECTION('',(0.,0.,1.));
#4060=DIRECTION('center_axis',(0.707106781186547,-0.707106781186548,0.));
#4061=DIRECTION('ref_axis',(0.707106781186548,0.707106781186547,0.));
#4062=DIRECTION('',(0.,0.,1.));
#4063=DIRECTION('center_axis',(-0.707106781186548,-0.707106781186547,0.));
#4064=DIRECTION('ref_axis',(0.707106781186547,-0.707106781186548,0.));
#4065=DIRECTION('',(0.,0.,1.));
#4066=DIRECTION('center_axis',(-1.73472347597681E-16,-1.,0.));
#4067=DIRECTION('ref_axis',(1.,-1.73472347597681E-16,0.));
#4068=DIRECTION('center_axis',(0.707106781186547,-0.707106781186548,0.));
#4069=DIRECTION('ref_axis',(0.707106781186548,0.707106781186547,0.));
#4070=DIRECTION('center_axis',(1.,-2.60208521396521E-16,0.));
#4071=DIRECTION('ref_axis',(2.60208521396521E-16,1.,0.));
#4072=DIRECTION('center_axis',(0.707106781186548,0.707106781186547,0.));
#4073=DIRECTION('ref_axis',(-0.707106781186547,0.707106781186548,0.));
#4074=DIRECTION('center_axis',(-1.73472347597681E-16,-1.,0.));
#4075=DIRECTION('ref_axis',(1.,-1.73472347597681E-16,0.));
#4076=DIRECTION('center_axis',(-0.707106781186548,-0.707106781186547,0.));
#4077=DIRECTION('ref_axis',(0.707106781186547,-0.707106781186548,0.));
#4078=DIRECTION('center_axis',(1.73472347597681E-16,1.,0.));
#4079=DIRECTION('ref_axis',(-1.,1.73472347597681E-16,0.));
#4080=DIRECTION('center_axis',(0.,0.,1.));
#4081=DIRECTION('ref_axis',(-1.,1.22464679914735E-16,0.));
#4082=DIRECTION('',(0.,0.,1.));
#4083=DIRECTION('center_axis',(0.,0.,1.));
#4084=DIRECTION('ref_axis',(1.,0.,0.));
#4085=DIRECTION('center_axis',(0.,0.,1.));
#4086=DIRECTION('ref_axis',(1.,0.,0.));
#4087=DIRECTION('center_axis',(0.,0.,1.));
#4088=DIRECTION('ref_axis',(-1.,0.,0.));
#4089=DIRECTION('center_axis',(1.22464679914735E-16,-1.,0.));
#4090=DIRECTION('ref_axis',(-1.,-1.22464679914735E-16,0.));
#4091=DIRECTION('center_axis',(0.,0.,-1.));
#4092=DIRECTION('ref_axis',(-1.,0.,0.));
#4093=DIRECTION('center_axis',(0.,0.,1.));
#4094=DIRECTION('ref_axis',(-1.,0.,0.));
#4095=DIRECTION('center_axis',(0.,0.,1.));
#4096=DIRECTION('ref_axis',(-1.,0.,0.));
#4097=DIRECTION('',(0.,0.,-1.));
#4098=DIRECTION('center_axis',(0.,0.,-1.));
#4099=DIRECTION('ref_axis',(-1.,0.,0.));
#4100=DIRECTION('center_axis',(0.,0.,-1.));
#4101=DIRECTION('ref_axis',(-1.,0.,0.));
#4102=DIRECTION('center_axis',(0.,0.,1.));
#4103=DIRECTION('ref_axis',(-1.,0.,0.));
#4104=DIRECTION('center_axis',(0.,0.,1.));
#4105=DIRECTION('ref_axis',(-1.,0.,0.));
#4106=DIRECTION('center_axis',(0.,0.,-1.));
#4107=DIRECTION('ref_axis',(0.572353461397365,-0.820007021449484,0.));
#4108=DIRECTION('center_axis',(0.,0.,1.));
#4109=DIRECTION('ref_axis',(0.572353461397365,-0.820007021449484,0.));
#4110=DIRECTION('',(0.,0.,1.));
#4111=DIRECTION('',(0.,0.,-1.));
#4112=DIRECTION('center_axis',(0.,0.,-1.));
#4113=DIRECTION('ref_axis',(0.818295243160583,-0.574798134148643,0.));
#4114=DIRECTION('center_axis',(0.,0.,1.));
#4115=DIRECTION('ref_axis',(0.818295243160583,-0.574798134148643,0.));
#4116=DIRECTION('',(0.,0.,1.));
#4117=DIRECTION('',(0.,0.,-1.));
#4118=DIRECTION('center_axis',(-0.818295243160583,0.574798134148644,0.));
#4119=DIRECTION('ref_axis',(-0.574798134148644,-0.818295243160583,0.));
#4120=DIRECTION('',(0.40644365846988,0.578622115451542,-0.707106781186549));
#4121=DIRECTION('',(0.,0.,1.));
#4122=DIRECTION('',(0.574798134148644,0.818295243160583,0.));
#4123=DIRECTION('center_axis',(0.,0.,-1.));
#4124=DIRECTION('ref_axis',(0.965538541847057,-0.260260108752493,0.));
#4125=DIRECTION('center_axis',(0.,0.,1.));
#4126=DIRECTION('ref_axis',(0.965538541847057,-0.260260108752493,0.));
#4127=DIRECTION('',(0.,0.,1.));
#4128=DIRECTION('',(0.,0.,-1.));
#4129=DIRECTION('center_axis',(-0.965538541847057,0.260260108752493,0.));
#4130=DIRECTION('ref_axis',(-0.260260108752493,-0.965538541847057,0.));
#4131=DIRECTION('',(0.184031687771236,0.682738850437024,-0.707106781186549));
#4132=DIRECTION('',(0.,0.,1.));
#4133=DIRECTION('',(0.260260108752493,0.965538541847057,0.));
#4134=DIRECTION('center_axis',(0.,0.,-1.));
#4135=DIRECTION('ref_axis',(0.708161136694888,0.706050851196289,0.));
#4136=DIRECTION('center_axis',(0.,0.,1.));
#4137=DIRECTION('ref_axis',(0.708161136694888,0.706050851196289,0.));
#4138=DIRECTION('',(0.,0.,1.));
#4139=DIRECTION('',(0.,0.,-1.));
#4140=DIRECTION('center_axis',(0.,0.,-1.));
#4141=DIRECTION('ref_axis',(-0.906937407800913,-0.421265401298707,0.));
#4142=DIRECTION('center_axis',(0.,0.,1.));
#4143=DIRECTION('ref_axis',(-0.906937407800913,-0.421265401298707,0.));
#4144=DIRECTION('',(0.,0.,1.));
#4145=DIRECTION('',(0.,0.,-1.));
#4146=DIRECTION('center_axis',(0.906937407800912,0.421265401298708,0.));
#4147=DIRECTION('ref_axis',(-0.421265401298708,0.906937407800912,0.));
#4148=DIRECTION('',(0.297879621937588,-0.641301591167773,-0.707106781186549));
#4149=DIRECTION('',(0.,0.,1.));
#4150=DIRECTION('',(0.421265401298708,-0.906937407800912,0.));
#4151=DIRECTION('center_axis',(0.,0.,-1.));
#4152=DIRECTION('ref_axis',(-0.708161136694888,-0.706050851196289,0.));
#4153=DIRECTION('center_axis',(0.,0.,1.));
#4154=DIRECTION('ref_axis',(-0.708161136694888,-0.706050851196289,0.));
#4155=DIRECTION('',(0.,0.,1.));
#4156=DIRECTION('',(0.,0.,-1.));
#4157=DIRECTION('center_axis',(0.708161136694888,0.706050851196289,0.));
#4158=DIRECTION('ref_axis',(-0.706050851196289,0.708161136694888,0.));
#4159=DIRECTION('',(0.499253344743429,-0.500745541929728,-0.707106781186549));
#4160=DIRECTION('',(0.,0.,1.));
#4161=DIRECTION('',(0.706050851196289,-0.708161136694888,0.));
#4162=DIRECTION('center_axis',(0.,0.,-1.));
#4163=DIRECTION('ref_axis',(-0.423970181158183,-0.905676148238816,0.));
#4164=DIRECTION('center_axis',(0.,0.,1.));
#4165=DIRECTION('ref_axis',(-0.423970181158183,-0.905676148238816,0.));
#4166=DIRECTION('',(0.,0.,1.));
#4167=DIRECTION('',(0.,0.,-1.));
#4168=DIRECTION('center_axis',(0.423970181158182,0.905676148238816,0.));
#4169=DIRECTION('ref_axis',(-0.905676148238816,0.423970181158182,0.));
#4170=DIRECTION('',(0.640409745978579,-0.299792190117839,-0.707106781186549));
#4171=DIRECTION('',(0.,0.,1.));
#4172=DIRECTION('',(0.905676148238816,-0.423970181158182,0.));
#4173=DIRECTION('center_axis',(0.,0.,-1.));
#4174=DIRECTION('ref_axis',(-0.088642164640329,-0.996063535447351,0.));
#4175=DIRECTION('center_axis',(0.,0.,1.));
#4176=DIRECTION('ref_axis',(-0.088642164640329,-0.996063535447351,0.));
#4177=DIRECTION('',(0.,0.,1.));
#4178=DIRECTION('',(0.,0.,-1.));
#4179=DIRECTION('center_axis',(0.088642164640329,0.996063535447351,0.));
#4180=DIRECTION('ref_axis',(-0.996063535447351,0.088642164640329,0.));
#4181=DIRECTION('',(0.704323280407468,-0.0626794757162309,-0.707106781186549));
#4182=DIRECTION('',(0.,0.,1.));
#4183=DIRECTION('',(0.996063535447351,-0.088642164640329,0.));
#4184=DIRECTION('center_axis',(0.,0.,-1.));
#4185=DIRECTION('ref_axis',(0.257377405152169,-0.966310959948782,0.));
#4186=DIRECTION('center_axis',(0.,0.,1.));
#4187=DIRECTION('ref_axis',(0.257377405152169,-0.966310959948782,0.));
#4188=DIRECTION('',(0.,0.,1.));
#4189=DIRECTION('',(0.,0.,-1.));
#4190=DIRECTION('center_axis',(-0.257377405152168,0.966310959948782,0.));
#4191=DIRECTION('ref_axis',(-0.966310959948782,-0.257377405152168,0.));
#4192=DIRECTION('',(0.683285032514665,0.181993308507295,-0.707106781186549));
#4193=DIRECTION('',(0.,0.,1.));
#4194=DIRECTION('',(0.966310959948782,0.257377405152168,0.));
#4195=DIRECTION('center_axis',(-0.572353461397365,0.820007021449484,0.));
#4196=DIRECTION('ref_axis',(-0.820007021449484,-0.572353461397365,0.));
#4197=DIRECTION('',(0.579832525487512,0.404715013789669,-0.707106781186549));
#4198=DIRECTION('',(0.,0.,1.));
#4199=DIRECTION('',(0.820007021449484,0.572353461397365,0.));
#4200=DIRECTION('center_axis',(0.,0.,-1.));
#4201=DIRECTION('ref_axis',(0.996323642555547,0.085669126789332,0.));
#4202=DIRECTION('center_axis',(0.,0.,1.));
#4203=DIRECTION('ref_axis',(0.996323642555547,0.085669126789332,0.));
#4204=DIRECTION('',(0.,0.,1.));
#4205=DIRECTION('',(0.,0.,-1.));
#4206=DIRECTION('center_axis',(-0.996323642555547,-0.0856691267893318,0.));
#4207=DIRECTION('ref_axis',(0.0856691267893318,-0.996323642555547,0.));
#4208=DIRECTION('',(-0.0605772204910666,0.704507203907508,-0.707106781186549));
#4209=DIRECTION('',(0.,0.,1.));
#4210=DIRECTION('',(-0.0856691267893318,0.996323642555547,0.));
#4211=DIRECTION('center_axis',(0.,0.,-1.));
#4212=DIRECTION('ref_axis',(0.906937407800913,0.421265401298707,0.));
#4213=DIRECTION('center_axis',(0.,0.,1.));
#4214=DIRECTION('ref_axis',(0.906937407800913,0.421265401298707,0.));
#4215=DIRECTION('',(0.,0.,1.));
#4216=DIRECTION('',(0.,0.,-1.));
#4217=DIRECTION('center_axis',(-0.906937407800912,-0.421265401298708,0.));
#4218=DIRECTION('ref_axis',(0.421265401298708,-0.906937407800912,0.));
#4219=DIRECTION('',(-0.297879621937588,0.641301591167773,-0.707106781186549));
#4220=DIRECTION('',(0.,0.,1.));
#4221=DIRECTION('',(-0.421265401298708,0.906937407800912,0.));
#4222=DIRECTION('center_axis',(-0.708161136694888,-0.706050851196289,0.));
#4223=DIRECTION('ref_axis',(0.706050851196289,-0.708161136694888,0.));
#4224=DIRECTION('',(-0.499253344743429,0.500745541929728,-0.707106781186549));
#4225=DIRECTION('',(0.,0.,1.));
#4226=DIRECTION('',(-0.706050851196289,0.708161136694888,0.));
#4227=DIRECTION('center_axis',(0.,0.,-1.));
#4228=DIRECTION('ref_axis',(0.423970181158182,0.905676148238816,0.));
#4229=DIRECTION('center_axis',(0.,0.,1.));
#4230=DIRECTION('ref_axis',(0.423970181158182,0.905676148238816,0.));
#4231=DIRECTION('',(0.,0.,1.));
#4232=DIRECTION('',(0.,0.,-1.));
#4233=DIRECTION('center_axis',(-0.423970181158182,-0.905676148238816,0.));
#4234=DIRECTION('ref_axis',(0.905676148238816,-0.423970181158182,0.));
#4235=DIRECTION('',(-0.640409745978579,0.299792190117839,-0.707106781186549));
#4236=DIRECTION('',(0.,0.,1.));
#4237=DIRECTION('',(-0.905676148238816,0.423970181158182,0.));
#4238=DIRECTION('center_axis',(0.,0.,-1.));
#4239=DIRECTION('ref_axis',(0.088642164640329,0.996063535447351,0.));
#4240=DIRECTION('center_axis',(0.,0.,1.));
#4241=DIRECTION('ref_axis',(0.088642164640329,0.996063535447351,0.));
#4242=DIRECTION('',(0.,0.,1.));
#4243=DIRECTION('',(0.,0.,-1.));
#4244=DIRECTION('center_axis',(-0.0886421646403292,-0.996063535447351,0.));
#4245=DIRECTION('ref_axis',(0.996063535447351,-0.0886421646403292,0.));
#4246=DIRECTION('',(-0.704323280407468,0.0626794757162311,-0.707106781186549));
#4247=DIRECTION('',(0.,0.,1.));
#4248=DIRECTION('',(-0.996063535447351,0.0886421646403292,0.));
#4249=DIRECTION('center_axis',(0.,0.,-1.));
#4250=DIRECTION('ref_axis',(-0.257377405152169,0.966310959948782,0.));
#4251=DIRECTION('center_axis',(0.,0.,1.));
#4252=DIRECTION('ref_axis',(-0.257377405152169,0.966310959948782,0.));
#4253=DIRECTION('',(0.,0.,1.));
#4254=DIRECTION('',(0.,0.,-1.));
#4255=DIRECTION('center_axis',(0.257377405152169,-0.966310959948782,0.));
#4256=DIRECTION('ref_axis',(0.966310959948782,0.257377405152169,0.));
#4257=DIRECTION('',(-0.683285032514665,-0.181993308507296,-0.707106781186549));
#4258=DIRECTION('',(0.,0.,1.));
#4259=DIRECTION('',(-0.966310959948782,-0.257377405152169,0.));
#4260=DIRECTION('center_axis',(0.,0.,-1.));
#4261=DIRECTION('ref_axis',(-0.572353461397365,0.820007021449485,0.));
#4262=DIRECTION('center_axis',(0.,0.,1.));
#4263=DIRECTION('ref_axis',(-0.572353461397365,0.820007021449485,0.));
#4264=DIRECTION('',(0.,0.,1.));
#4265=DIRECTION('',(0.,0.,-1.));
#4266=DIRECTION('center_axis',(0.572353461397365,-0.820007021449484,0.));
#4267=DIRECTION('ref_axis',(0.820007021449484,0.572353461397365,0.));
#4268=DIRECTION('',(-0.579832525487512,-0.404715013789669,-0.707106781186549));
#4269=DIRECTION('',(0.,0.,1.));
#4270=DIRECTION('',(-0.820007021449484,-0.572353461397365,0.));
#4271=DIRECTION('center_axis',(0.,0.,-1.));
#4272=DIRECTION('ref_axis',(-0.996323642555547,-0.085669126789332,0.));
#4273=DIRECTION('center_axis',(0.,0.,1.));
#4274=DIRECTION('ref_axis',(-0.996323642555547,-0.085669126789332,0.));
#4275=DIRECTION('',(0.,0.,1.));
#4276=DIRECTION('',(0.,0.,-1.));
#4277=DIRECTION('center_axis',(0.996323642555547,0.0856691267893317,0.));
#4278=DIRECTION('ref_axis',(-0.0856691267893317,0.996323642555547,0.));
#4279=DIRECTION('',(0.0605772204910664,-0.704507203907508,-0.707106781186549));
#4280=DIRECTION('',(0.,0.,1.));
#4281=DIRECTION('',(0.0856691267893317,-0.996323642555547,0.));
#4282=DIRECTION('center_axis',(0.,0.,-1.));
#4283=DIRECTION('ref_axis',(-0.965538541847057,0.260260108752493,0.));
#4284=DIRECTION('center_axis',(0.,0.,1.));
#4285=DIRECTION('ref_axis',(-0.965538541847057,0.260260108752493,0.));
#4286=DIRECTION('',(0.,0.,1.));
#4287=DIRECTION('',(0.,0.,-1.));
#4288=DIRECTION('center_axis',(0.965538541847057,-0.260260108752493,0.));
#4289=DIRECTION('ref_axis',(0.260260108752493,0.965538541847057,0.));
#4290=DIRECTION('',(-0.184031687771236,-0.682738850437024,-0.707106781186549));
#4291=DIRECTION('',(0.,0.,1.));
#4292=DIRECTION('',(-0.260260108752493,-0.965538541847057,0.));
#4293=DIRECTION('center_axis',(0.,0.,-1.));
#4294=DIRECTION('ref_axis',(-0.818295243160583,0.574798134148643,0.));
#4295=DIRECTION('center_axis',(0.,0.,1.));
#4296=DIRECTION('ref_axis',(-0.818295243160583,0.574798134148643,0.));
#4297=DIRECTION('',(0.,0.,1.));
#4298=DIRECTION('',(0.,0.,-1.));
#4299=DIRECTION('center_axis',(0.818295243160583,-0.574798134148644,0.));
#4300=DIRECTION('ref_axis',(0.574798134148644,0.818295243160583,0.));
#4301=DIRECTION('',(-0.40644365846988,-0.578622115451542,-0.707106781186549));
#4302=DIRECTION('',(0.,0.,1.));
#4303=DIRECTION('',(-0.574798134148644,-0.818295243160583,0.));
#4304=DIRECTION('center_axis',(0.,0.,1.));
#4305=DIRECTION('ref_axis',(-1.,0.,0.));
#4306=DIRECTION('center_axis',(0.,0.,1.));
#4307=DIRECTION('ref_axis',(-1.,0.,0.));
#4308=DIRECTION('',(0.,0.,1.));
#4309=DIRECTION('center_axis',(0.,0.,1.));
#4310=DIRECTION('ref_axis',(-1.,0.,0.));
#4311=DIRECTION('center_axis',(0.,0.,1.));
#4312=DIRECTION('ref_axis',(-1.,0.,0.));
#4313=DIRECTION('center_axis',(0.,0.,-1.));
#4314=DIRECTION('ref_axis',(-1.,0.,0.));
#4315=DIRECTION('center_axis',(0.,0.,1.));
#4316=DIRECTION('ref_axis',(-1.,0.,0.));
#4317=DIRECTION('',(0.707106781186546,-8.65956056235492E-17,-0.707106781186549));
#4318=DIRECTION('',(-0.704323280407468,-0.0626794757162308,0.707106781186549));
#4319=DIRECTION('center_axis',(0.,0.,-1.));
#4320=DIRECTION('ref_axis',(-1.,0.,0.));
#4321=DIRECTION('',(-0.640409745978579,-0.299792190117839,0.707106781186549));
#4322=DIRECTION('center_axis',(0.,0.,-1.));
#4323=DIRECTION('ref_axis',(-1.,0.,0.));
#4324=DIRECTION('',(-0.499253344743429,-0.500745541929728,0.707106781186549));
#4325=DIRECTION('center_axis',(0.,0.,-1.));
#4326=DIRECTION('ref_axis',(-1.,0.,0.));
#4327=DIRECTION('',(-0.297879621937589,-0.641301591167773,0.707106781186549));
#4328=DIRECTION('center_axis',(0.,0.,-1.));
#4329=DIRECTION('ref_axis',(-1.,0.,0.));
#4330=DIRECTION('',(-0.0605772204910665,-0.704507203907508,0.707106781186549));
#4331=DIRECTION('center_axis',(0.,0.,-1.));
#4332=DIRECTION('ref_axis',(-1.,0.,0.));
#4333=DIRECTION('',(0.184031687771236,-0.682738850437024,0.707106781186549));
#4334=DIRECTION('center_axis',(0.,0.,-1.));
#4335=DIRECTION('ref_axis',(-1.,0.,0.));
#4336=DIRECTION('',(0.40644365846988,-0.578622115451542,0.707106781186549));
#4337=DIRECTION('center_axis',(0.,0.,-1.));
#4338=DIRECTION('ref_axis',(-1.,0.,0.));
#4339=DIRECTION('',(0.579832525487512,-0.404715013789669,0.707106781186549));
#4340=DIRECTION('center_axis',(0.,0.,-1.));
#4341=DIRECTION('ref_axis',(-1.,0.,0.));
#4342=DIRECTION('',(0.683285032514665,-0.181993308507296,0.707106781186549));
#4343=DIRECTION('center_axis',(0.,0.,-1.));
#4344=DIRECTION('ref_axis',(-1.,0.,0.));
#4345=DIRECTION('',(0.704323280407468,0.0626794757162309,0.707106781186549));
#4346=DIRECTION('center_axis',(0.,0.,-1.));
#4347=DIRECTION('ref_axis',(-1.,0.,0.));
#4348=DIRECTION('',(0.640409745978579,0.299792190117839,0.707106781186549));
#4349=DIRECTION('center_axis',(0.,0.,-1.));
#4350=DIRECTION('ref_axis',(-1.,0.,0.));
#4351=DIRECTION('',(0.499253344743429,0.500745541929728,0.707106781186549));
#4352=DIRECTION('center_axis',(0.,0.,-1.));
#4353=DIRECTION('ref_axis',(-1.,0.,0.));
#4354=DIRECTION('',(0.297879621937588,0.641301591167773,0.707106781186549));
#4355=DIRECTION('center_axis',(0.,0.,-1.));
#4356=DIRECTION('ref_axis',(-1.,0.,0.));
#4357=DIRECTION('',(0.0605772204910666,0.704507203907508,0.707106781186549));
#4358=DIRECTION('center_axis',(0.,0.,-1.));
#4359=DIRECTION('ref_axis',(-1.,0.,0.));
#4360=DIRECTION('',(-0.184031687771236,0.682738850437024,0.707106781186549));
#4361=DIRECTION('center_axis',(0.,0.,-1.));
#4362=DIRECTION('ref_axis',(-1.,0.,0.));
#4363=DIRECTION('',(-0.40644365846988,0.578622115451542,0.707106781186549));
#4364=DIRECTION('center_axis',(0.,0.,-1.));
#4365=DIRECTION('ref_axis',(-1.,0.,0.));
#4366=DIRECTION('',(-0.579832525487512,0.404715013789669,0.707106781186549));
#4367=DIRECTION('center_axis',(0.,0.,-1.));
#4368=DIRECTION('ref_axis',(-1.,0.,0.));
#4369=DIRECTION('',(-0.683285032514665,0.181993308507296,0.707106781186549));
#4370=DIRECTION('center_axis',(0.,0.,-1.));
#4371=DIRECTION('ref_axis',(-1.,0.,0.));
#4372=DIRECTION('center_axis',(-0.998845039701136,0.0480477539999106,0.));
#4373=DIRECTION('ref_axis',(-0.0480477539999106,-0.998845039701136,0.));
#4374=DIRECTION('',(0.,0.,1.));
#4375=DIRECTION('',(0.0480477539999106,0.998845039701136,0.));
#4376=DIRECTION('',(0.,0.,1.));
#4377=DIRECTION('center_axis',(-0.955040612825291,-0.296475003759663,0.));
#4378=DIRECTION('ref_axis',(0.296475003759663,-0.955040612825291,0.));
#4379=DIRECTION('',(0.,0.,1.));
#4380=DIRECTION('',(-0.296475003759663,0.955040612825291,0.));
#4381=DIRECTION('',(0.,0.,1.));
#4382=DIRECTION('center_axis',(-0.906937407800913,0.421265401298708,0.));
#4383=DIRECTION('ref_axis',(-0.421265401298708,-0.906937407800912,0.));
#4384=DIRECTION('',(0.421265401298708,0.906937407800912,0.));
#4385=DIRECTION('center_axis',(-0.996323642555547,0.0856691267893319,0.));
#4386=DIRECTION('ref_axis',(-0.0856691267893319,-0.996323642555547,0.));
#4387=DIRECTION('',(0.0856691267893319,0.996323642555547,0.));
#4388=DIRECTION('center_axis',(-0.922174013406239,0.386775243517769,0.));
#4389=DIRECTION('ref_axis',(-0.386775243517769,-0.922174013406239,0.));
#4390=DIRECTION('',(0.,0.,1.));
#4391=DIRECTION('',(0.386775243517769,0.922174013406239,0.));
#4392=DIRECTION('',(0.,0.,1.));
#4393=DIRECTION('center_axis',(-0.79604419314442,-0.605238500560771,0.));
#4394=DIRECTION('ref_axis',(0.605238500560771,-0.796044193144419,0.));
#4395=DIRECTION('',(0.,0.,1.));
#4396=DIRECTION('',(-0.605238500560771,0.796044193144419,0.));
#4397=DIRECTION('',(0.,0.,1.));
#4398=DIRECTION('center_axis',(-0.708161136694888,0.706050851196289,0.));
#4399=DIRECTION('ref_axis',(-0.706050851196289,-0.708161136694888,0.));
#4400=DIRECTION('',(0.706050851196289,0.708161136694888,0.));
#4401=DIRECTION('center_axis',(-0.965538541847057,-0.260260108752493,0.));
#4402=DIRECTION('ref_axis',(0.260260108752493,-0.965538541847057,0.));
#4403=DIRECTION('',(-0.260260108752493,0.965538541847057,0.));
#4404=DIRECTION('center_axis',(-0.734275191255601,0.678851930472729,0.));
#4405=DIRECTION('ref_axis',(-0.678851930472729,-0.734275191255601,0.));
#4406=DIRECTION('',(0.,0.,1.));
#4407=DIRECTION('',(0.678851930472729,0.734275191255601,0.));
#4408=DIRECTION('',(0.,0.,1.));
#4409=DIRECTION('center_axis',(-0.541033095409276,-0.841001301825305,0.));
#4410=DIRECTION('ref_axis',(0.841001301825305,-0.541033095409276,0.));
#4411=DIRECTION('',(0.,0.,1.));
#4412=DIRECTION('',(-0.841001301825305,0.541033095409276,0.));
#4413=DIRECTION('',(0.,0.,1.));
#4414=DIRECTION('center_axis',(-0.423970181158182,0.905676148238816,0.));
#4415=DIRECTION('ref_axis',(-0.905676148238816,-0.423970181158182,0.));
#4416=DIRECTION('',(0.905676148238816,0.423970181158182,0.));
#4417=DIRECTION('center_axis',(-0.818295243160583,-0.574798134148644,0.));
#4418=DIRECTION('ref_axis',(0.574798134148644,-0.818295243160583,0.));
#4419=DIRECTION('',(-0.574798134148644,0.818295243160583,0.));
#4420=DIRECTION('center_axis',(-0.45781194429186,0.889049055825215,0.));
#4421=DIRECTION('ref_axis',(-0.889049055825215,-0.45781194429186,0.));
#4422=DIRECTION('',(0.,0.,1.));
#4423=DIRECTION('',(0.889049055825215,0.45781194429186,0.));
#4424=DIRECTION('',(0.,0.,1.));
#4425=DIRECTION('center_axis',(-0.22076542156969,-0.975326934232392,0.));
#4426=DIRECTION('ref_axis',(0.975326934232392,-0.22076542156969,0.));
#4427=DIRECTION('',(0.,0.,1.));
#4428=DIRECTION('',(-0.975326934232392,0.22076542156969,0.));
#4429=DIRECTION('',(0.,0.,1.));
#4430=DIRECTION('center_axis',(-0.088642164640329,0.996063535447351,0.));
#4431=DIRECTION('ref_axis',(-0.996063535447351,-0.088642164640329,0.));
#4432=DIRECTION('',(0.996063535447351,0.088642164640329,0.));
#4433=DIRECTION('center_axis',(-0.572353461397365,-0.820007021449484,0.));
#4434=DIRECTION('ref_axis',(0.820007021449484,-0.572353461397365,0.));
#4435=DIRECTION('',(-0.820007021449484,0.572353461397365,0.));
#4436=DIRECTION('center_axis',(0.12612982026182,-0.992013744078539,0.));
#4437=DIRECTION('ref_axis',(0.992013744078539,0.12612982026182,0.));
#4438=DIRECTION('',(0.,0.,1.));
#4439=DIRECTION('',(-0.992013744078539,-0.12612982026182,0.));
#4440=DIRECTION('',(0.,0.,1.));
#4441=DIRECTION('center_axis',(-0.12612982026182,0.992013744078539,0.));
#4442=DIRECTION('ref_axis',(-0.992013744078539,-0.12612982026182,0.));
#4443=DIRECTION('',(0.,0.,1.));
#4444=DIRECTION('',(0.992013744078539,0.12612982026182,0.));
#4445=DIRECTION('',(0.,0.,1.));
#4446=DIRECTION('center_axis',(-0.257377405152169,-0.966310959948782,0.));
#4447=DIRECTION('ref_axis',(0.966310959948782,-0.257377405152169,0.));
#4448=DIRECTION('',(-0.966310959948782,0.257377405152169,0.));
#4449=DIRECTION('center_axis',(0.257377405152169,0.966310959948782,0.));
#4450=DIRECTION('ref_axis',(-0.966310959948782,0.257377405152169,0.));
#4451=DIRECTION('',(0.966310959948782,-0.257377405152169,0.));
#4452=DIRECTION('center_axis',(0.45781194429186,-0.889049055825215,0.));
#4453=DIRECTION('ref_axis',(0.889049055825215,0.45781194429186,0.));
#4454=DIRECTION('',(0.,0.,1.));
#4455=DIRECTION('',(-0.889049055825215,-0.45781194429186,0.));
#4456=DIRECTION('',(0.,0.,1.));
#4457=DIRECTION('center_axis',(0.22076542156969,0.975326934232392,0.));
#4458=DIRECTION('ref_axis',(-0.975326934232392,0.22076542156969,0.));
#4459=DIRECTION('',(0.,0.,1.));
#4460=DIRECTION('',(0.975326934232392,-0.22076542156969,0.));
#4461=DIRECTION('',(0.,0.,1.));
#4462=DIRECTION('center_axis',(0.0886421646403287,-0.996063535447351,0.));
#4463=DIRECTION('ref_axis',(0.996063535447351,0.0886421646403287,0.));
#4464=DIRECTION('',(-0.996063535447351,-0.0886421646403287,0.));
#4465=DIRECTION('center_axis',(0.572353461397365,0.820007021449484,0.));
#4466=DIRECTION('ref_axis',(-0.820007021449484,0.572353461397365,0.));
#4467=DIRECTION('',(0.820007021449484,-0.572353461397365,0.));
#4468=DIRECTION('center_axis',(0.734275191255601,-0.678851930472728,0.));
#4469=DIRECTION('ref_axis',(0.678851930472728,0.734275191255601,0.));
#4470=DIRECTION('',(0.,0.,1.));
#4471=DIRECTION('',(-0.678851930472728,-0.734275191255601,0.));
#4472=DIRECTION('',(0.,0.,1.));
#4473=DIRECTION('center_axis',(0.541033095409276,0.841001301825305,0.));
#4474=DIRECTION('ref_axis',(-0.841001301825305,0.541033095409276,0.));
#4475=DIRECTION('',(0.,0.,1.));
#4476=DIRECTION('',(0.841001301825305,-0.541033095409276,0.));
#4477=DIRECTION('',(0.,0.,1.));
#4478=DIRECTION('center_axis',(0.423970181158182,-0.905676148238816,0.));
#4479=DIRECTION('ref_axis',(0.905676148238816,0.423970181158182,0.));
#4480=DIRECTION('',(-0.905676148238816,-0.423970181158182,0.));
#4481=DIRECTION('center_axis',(0.818295243160583,0.574798134148644,0.));
#4482=DIRECTION('ref_axis',(-0.574798134148644,0.818295243160583,0.));
#4483=DIRECTION('',(0.574798134148644,-0.818295243160583,0.));
#4484=DIRECTION('center_axis',(0.92217401340624,-0.386775243517768,0.));
#4485=DIRECTION('ref_axis',(0.386775243517768,0.92217401340624,0.));
#4486=DIRECTION('',(0.,0.,1.));
#4487=DIRECTION('',(-0.386775243517768,-0.92217401340624,0.));
#4488=DIRECTION('',(0.,0.,1.));
#4489=DIRECTION('center_axis',(0.796044193144419,0.605238500560771,0.));
#4490=DIRECTION('ref_axis',(-0.605238500560771,0.796044193144419,0.));
#4491=DIRECTION('',(0.,0.,1.));
#4492=DIRECTION('',(0.605238500560771,-0.796044193144419,0.));
#4493=DIRECTION('',(0.,0.,1.));
#4494=DIRECTION('center_axis',(0.708161136694888,-0.706050851196289,0.));
#4495=DIRECTION('ref_axis',(0.706050851196289,0.708161136694888,0.));
#4496=DIRECTION('',(-0.706050851196289,-0.708161136694888,0.));
#4497=DIRECTION('center_axis',(0.965538541847057,0.260260108752493,0.));
#4498=DIRECTION('ref_axis',(-0.260260108752493,0.965538541847057,0.));
#4499=DIRECTION('',(0.260260108752493,-0.965538541847057,0.));
#4500=DIRECTION('center_axis',(0.998845039701136,-0.0480477539999105,0.));
#4501=DIRECTION('ref_axis',(0.0480477539999105,0.998845039701136,0.));
#4502=DIRECTION('',(0.,0.,1.));
#4503=DIRECTION('',(-0.0480477539999105,-0.998845039701136,0.));
#4504=DIRECTION('',(0.,0.,1.));
#4505=DIRECTION('center_axis',(0.,0.,1.));
#4506=DIRECTION('ref_axis',(-1.,0.,0.));
#4507=DIRECTION('center_axis',(0.,0.,1.));
#4508=DIRECTION('ref_axis',(-1.,0.,0.));
#4509=DIRECTION('',(0.,0.,1.));
#4510=DIRECTION('center_axis',(0.,0.,1.));
#4511=DIRECTION('ref_axis',(-1.,0.,0.));
#4512=DIRECTION('',(0.,0.,1.));
#4513=DIRECTION('center_axis',(0.,0.,1.));
#4514=DIRECTION('ref_axis',(-1.,0.,0.));
#4515=DIRECTION('',(0.,0.,1.));
#4516=DIRECTION('center_axis',(0.,0.,1.));
#4517=DIRECTION('ref_axis',(-1.,0.,0.));
#4518=DIRECTION('',(0.,0.,1.));
#4519=DIRECTION('center_axis',(0.,0.,1.));
#4520=DIRECTION('ref_axis',(-1.,0.,0.));
#4521=DIRECTION('',(0.,0.,1.));
#4522=DIRECTION('center_axis',(0.,0.,1.));
#4523=DIRECTION('ref_axis',(-1.,0.,0.));
#4524=DIRECTION('',(0.,0.,1.));
#4525=DIRECTION('center_axis',(0.,0.,1.));
#4526=DIRECTION('ref_axis',(-1.,0.,0.));
#4527=DIRECTION('',(0.,0.,1.));
#4528=DIRECTION('center_axis',(0.,0.,1.));
#4529=DIRECTION('ref_axis',(-1.,0.,0.));
#4530=DIRECTION('',(0.,0.,1.));
#4531=DIRECTION('',(0.,0.,1.));
#4532=DIRECTION('center_axis',(0.,0.,1.));
#4533=DIRECTION('ref_axis',(-1.,0.,0.));
#4534=DIRECTION('',(0.,0.,1.));
#4535=DIRECTION('center_axis',(0.,0.,1.));
#4536=DIRECTION('ref_axis',(-1.,0.,0.));
#4537=DIRECTION('',(0.,0.,1.));
#4538=DIRECTION('center_axis',(0.,0.,1.));
#4539=DIRECTION('ref_axis',(-1.,0.,0.));
#4540=DIRECTION('',(0.,0.,1.));
#4541=DIRECTION('center_axis',(0.,0.,1.));
#4542=DIRECTION('ref_axis',(-1.,0.,0.));
#4543=DIRECTION('',(0.,0.,1.));
#4544=DIRECTION('center_axis',(0.,0.,1.));
#4545=DIRECTION('ref_axis',(-1.,0.,0.));
#4546=DIRECTION('',(0.,0.,-1.));
#4547=DIRECTION('center_axis',(0.,0.,-1.));
#4548=DIRECTION('ref_axis',(-1.,0.,0.));
#4549=DIRECTION('center_axis',(0.,0.,-1.));
#4550=DIRECTION('ref_axis',(-1.,0.,0.));
#4551=DIRECTION('center_axis',(0.,0.,1.));
#4552=DIRECTION('ref_axis',(-1.,0.,0.));
#4553=DIRECTION('',(0.,0.,1.));
#4554=DIRECTION('center_axis',(0.,0.,1.));
#4555=DIRECTION('ref_axis',(-1.,0.,0.));
#4556=DIRECTION('',(0.,0.,1.));
#4557=DIRECTION('center_axis',(0.,0.,1.));
#4558=DIRECTION('ref_axis',(-1.,0.,0.));
#4559=DIRECTION('',(0.,0.,1.));
#4560=DIRECTION('center_axis',(0.,0.,1.));
#4561=DIRECTION('ref_axis',(-1.,0.,0.));
#4562=DIRECTION('',(0.,0.,1.));
#4563=DIRECTION('center_axis',(0.,0.,1.));
#4564=DIRECTION('ref_axis',(-1.,0.,0.));
#4565=DIRECTION('',(0.,0.,1.));
#4566=DIRECTION('center_axis',(0.,0.,1.));
#4567=DIRECTION('ref_axis',(-1.,0.,0.));
#4568=DIRECTION('',(0.,0.,1.));
#4569=DIRECTION('center_axis',(0.906937407800912,-0.421265401298709,0.));
#4570=DIRECTION('ref_axis',(0.421265401298709,0.906937407800912,0.));
#4571=DIRECTION('',(-0.421265401298709,-0.906937407800912,0.));
#4572=DIRECTION('center_axis',(0.955040612825291,0.296475003759663,0.));
#4573=DIRECTION('ref_axis',(-0.296475003759663,0.955040612825291,0.));
#4574=DIRECTION('',(0.,0.,1.));
#4575=DIRECTION('',(0.296475003759663,-0.955040612825291,0.));
#4576=DIRECTION('center_axis',(0.996323642555547,-0.0856691267893317,0.));
#4577=DIRECTION('ref_axis',(0.0856691267893317,0.996323642555547,0.));
#4578=DIRECTION('',(-0.0856691267893317,-0.996323642555547,0.));
#4579=DIRECTION('center_axis',(0.,0.,1.));
#4580=DIRECTION('ref_axis',(1.,0.,0.));
#4581=DIRECTION('center_axis',(1.22464679914735E-16,-1.,0.));
#4582=DIRECTION('ref_axis',(-1.,-1.22464679914735E-16,0.));
#4583=DIRECTION('center_axis',(0.,0.,1.));
#4584=DIRECTION('ref_axis',(-1.,0.,0.));
#4585=DIRECTION('center_axis',(0.,0.,1.));
#4586=DIRECTION('ref_axis',(-1.,0.,0.));
#4587=DIRECTION('center_axis',(0.,0.,1.));
#4588=DIRECTION('ref_axis',(1.,0.,0.));
#4589=DIRECTION('center_axis',(0.,0.,1.));
#4590=DIRECTION('ref_axis',(1.,0.,0.));
#4591=DIRECTION('center_axis',(1.22464679914735E-16,-1.,0.));
#4592=DIRECTION('ref_axis',(-1.,-1.22464679914735E-16,0.));
#4593=DIRECTION('center_axis',(1.,-2.58050634980778E-16,0.));
#4594=DIRECTION('ref_axis',(2.58050634980778E-16,1.,0.));
#4595=DIRECTION('',(2.58050634980778E-16,1.,0.));
#4596=DIRECTION('',(0.,0.,1.));
#4597=DIRECTION('',(2.58050634980778E-16,1.,0.));
#4598=DIRECTION('',(0.,0.,1.));
#4599=DIRECTION('center_axis',(1.29025317490389E-16,-1.,0.));
#4600=DIRECTION('ref_axis',(1.,1.29025317490389E-16,0.));
#4601=DIRECTION('',(1.,1.29025317490389E-16,0.));
#4602=DIRECTION('',(0.,0.,1.));
#4603=DIRECTION('',(1.,1.29025317490389E-16,0.));
#4604=DIRECTION('',(0.,0.,1.));
#4605=DIRECTION('center_axis',(-1.,1.29025317490389E-16,0.));
#4606=DIRECTION('ref_axis',(-1.29025317490389E-16,-1.,0.));
#4607=DIRECTION('',(-1.29025317490389E-16,-1.,0.));
#4608=DIRECTION('',(0.,0.,1.));
#4609=DIRECTION('',(-1.29025317490389E-16,-1.,0.));
#4610=DIRECTION('',(0.,0.,1.));
#4611=DIRECTION('center_axis',(1.29025317490389E-16,1.,0.));
#4612=DIRECTION('ref_axis',(-1.,1.29025317490389E-16,0.));
#4613=DIRECTION('',(-1.,1.29025317490389E-16,0.));
#4614=DIRECTION('',(0.,0.,1.));
#4615=DIRECTION('',(-1.,1.29025317490389E-16,0.));
#4616=DIRECTION('',(0.,0.,1.));
#4617=DIRECTION('center_axis',(0.,0.,-1.));
#4618=DIRECTION('ref_axis',(1.,0.,0.));
#4619=DIRECTION('center_axis',(0.,0.,1.));
#4620=DIRECTION('ref_axis',(0.642141140481488,0.766586430678977,0.));
#4621=DIRECTION('center_axis',(0.,0.,1.));
#4622=DIRECTION('ref_axis',(0.766586430678972,-0.642141140481494,0.));
#4623=DIRECTION('center_axis',(0.,0.,1.));
#4624=DIRECTION('ref_axis',(-0.6421411404815,-0.766586430678967,0.));
#4625=DIRECTION('center_axis',(0.,0.,1.));
#4626=DIRECTION('ref_axis',(-0.766586430678971,0.642141140481494,0.));
#4627=DIRECTION('center_axis',(0.,0.,-1.));
#4628=DIRECTION('ref_axis',(1.,0.,0.));
#4629=DIRECTION('center_axis',(0.,0.,1.));
#4630=DIRECTION('ref_axis',(1.,0.,0.));
#4631=DIRECTION('center_axis',(0.,0.,-1.));
#4632=DIRECTION('ref_axis',(1.,0.,0.));
#4633=DIRECTION('center_axis',(0.,0.,1.));
#4634=DIRECTION('ref_axis',(1.,0.,0.));
#4635=DIRECTION('center_axis',(0.,0.,-1.));
#4636=DIRECTION('ref_axis',(1.,0.,0.));
#4637=DIRECTION('center_axis',(0.,0.,1.));
#4638=DIRECTION('ref_axis',(1.,0.,0.));
#4639=DIRECTION('center_axis',(0.,0.,-1.));
#4640=DIRECTION('ref_axis',(1.,0.,0.));
#4641=DIRECTION('center_axis',(0.,0.,1.));
#4642=DIRECTION('ref_axis',(1.,0.,0.));
#4643=DIRECTION('center_axis',(0.,0.,1.));
#4644=DIRECTION('ref_axis',(1.,0.,0.));
#4645=DIRECTION('center_axis',(0.,0.,1.));
#4646=DIRECTION('ref_axis',(1.,0.,0.));
#4647=DIRECTION('',(0.,0.,1.));
#4648=DIRECTION('center_axis',(-0.796044193144419,0.605238500560772,0.));
#4649=DIRECTION('ref_axis',(-0.605238500560772,-0.796044193144419,0.));
#4650=DIRECTION('',(0.605238500560772,0.796044193144419,0.));
#4651=DIRECTION('center_axis',(-0.541033095409276,0.841001301825305,0.));
#4652=DIRECTION('ref_axis',(-0.841001301825305,-0.541033095409276,0.));
#4653=DIRECTION('',(0.841001301825305,0.541033095409276,0.));
#4654=DIRECTION('center_axis',(-0.22076542156969,0.975326934232392,0.));
#4655=DIRECTION('ref_axis',(-0.975326934232392,-0.22076542156969,0.));
#4656=DIRECTION('',(0.975326934232392,0.22076542156969,0.));
#4657=DIRECTION('center_axis',(0.12612982026182,0.992013744078539,0.));
#4658=DIRECTION('ref_axis',(-0.992013744078539,0.12612982026182,0.));
#4659=DIRECTION('',(0.992013744078539,-0.12612982026182,0.));
#4660=DIRECTION('center_axis',(0.45781194429186,0.889049055825215,0.));
#4661=DIRECTION('ref_axis',(-0.889049055825215,0.45781194429186,0.));
#4662=DIRECTION('',(0.889049055825215,-0.45781194429186,0.));
#4663=DIRECTION('center_axis',(0.734275191255601,0.678851930472728,0.));
#4664=DIRECTION('ref_axis',(-0.678851930472728,0.734275191255601,0.));
#4665=DIRECTION('',(0.678851930472728,-0.734275191255601,0.));
#4666=DIRECTION('center_axis',(0.922174013406239,0.386775243517768,0.));
#4667=DIRECTION('ref_axis',(-0.386775243517768,0.922174013406239,0.));
#4668=DIRECTION('',(0.386775243517768,-0.922174013406239,0.));
#4669=DIRECTION('center_axis',(0.998845039701136,0.0480477539999106,0.));
#4670=DIRECTION('ref_axis',(-0.0480477539999106,0.998845039701136,0.));
#4671=DIRECTION('',(0.0480477539999106,-0.998845039701136,0.));
#4672=DIRECTION('center_axis',(0.955040612825291,-0.296475003759664,0.));
#4673=DIRECTION('ref_axis',(0.296475003759664,0.955040612825291,0.));
#4674=DIRECTION('',(-0.296475003759664,-0.955040612825291,0.));
#4675=DIRECTION('center_axis',(0.796044193144419,-0.605238500560771,0.));
#4676=DIRECTION('ref_axis',(0.605238500560771,0.796044193144419,0.));
#4677=DIRECTION('',(-0.605238500560771,-0.796044193144419,0.));
#4678=DIRECTION('center_axis',(0.541033095409275,-0.841001301825305,0.));
#4679=DIRECTION('ref_axis',(0.841001301825305,0.541033095409275,0.));
#4680=DIRECTION('',(-0.841001301825305,-0.541033095409275,0.));
#4681=DIRECTION('center_axis',(0.22076542156969,-0.975326934232392,0.));
#4682=DIRECTION('ref_axis',(0.975326934232392,0.22076542156969,0.));
#4683=DIRECTION('',(-0.975326934232392,-0.22076542156969,0.));
#4684=DIRECTION('center_axis',(-0.12612982026182,-0.992013744078539,0.));
#4685=DIRECTION('ref_axis',(0.992013744078539,-0.12612982026182,0.));
#4686=DIRECTION('',(-0.992013744078539,0.12612982026182,0.));
#4687=DIRECTION('center_axis',(-0.457811944291861,-0.889049055825215,0.));
#4688=DIRECTION('ref_axis',(0.889049055825215,-0.457811944291861,0.));
#4689=DIRECTION('',(-0.889049055825215,0.457811944291861,0.));
#4690=DIRECTION('center_axis',(-0.734275191255601,-0.678851930472728,0.));
#4691=DIRECTION('ref_axis',(0.678851930472728,-0.734275191255601,0.));
#4692=DIRECTION('',(-0.678851930472728,0.734275191255601,0.));
#4693=DIRECTION('center_axis',(-0.922174013406239,-0.386775243517768,0.));
#4694=DIRECTION('ref_axis',(0.386775243517768,-0.922174013406239,0.));
#4695=DIRECTION('',(-0.386775243517768,0.922174013406239,0.));
#4696=DIRECTION('center_axis',(-0.998845039701136,-0.04804775399991,0.));
#4697=DIRECTION('ref_axis',(0.04804775399991,-0.998845039701136,0.));
#4698=DIRECTION('',(-0.04804775399991,0.998845039701136,0.));
#4699=DIRECTION('center_axis',(-0.955040612825291,0.296475003759663,0.));
#4700=DIRECTION('ref_axis',(-0.296475003759663,-0.955040612825291,0.));
#4701=DIRECTION('',(0.296475003759663,0.955040612825291,0.));
#4702=DIRECTION('center_axis',(0.,0.,1.));
#4703=DIRECTION('ref_axis',(-1.,0.,0.));
#4704=DIRECTION('center_axis',(0.,0.,1.));
#4705=DIRECTION('ref_axis',(-1.,0.,0.));
#4706=DIRECTION('center_axis',(0.,0.,1.));
#4707=DIRECTION('ref_axis',(-1.,0.,0.));
#4708=DIRECTION('center_axis',(0.,0.,1.));
#4709=DIRECTION('ref_axis',(-1.,0.,0.));
#4710=DIRECTION('center_axis',(0.,0.,1.));
#4711=DIRECTION('ref_axis',(-1.,0.,0.));
#4712=DIRECTION('center_axis',(0.,0.,1.));
#4713=DIRECTION('ref_axis',(-1.,0.,0.));
#4714=DIRECTION('center_axis',(0.,0.,1.));
#4715=DIRECTION('ref_axis',(-1.,0.,0.));
#4716=DIRECTION('center_axis',(0.,0.,1.));
#4717=DIRECTION('ref_axis',(-1.,0.,0.));
#4718=DIRECTION('center_axis',(0.,0.,1.));
#4719=DIRECTION('ref_axis',(-1.,0.,0.));
#4720=DIRECTION('center_axis',(0.,0.,1.));
#4721=DIRECTION('ref_axis',(-1.,0.,0.));
#4722=DIRECTION('center_axis',(0.,0.,1.));
#4723=DIRECTION('ref_axis',(-1.,0.,0.));
#4724=DIRECTION('center_axis',(0.,0.,1.));
#4725=DIRECTION('ref_axis',(-1.,0.,0.));
#4726=DIRECTION('center_axis',(0.,0.,1.));
#4727=DIRECTION('ref_axis',(-1.,0.,0.));
#4728=DIRECTION('center_axis',(0.,0.,1.));
#4729=DIRECTION('ref_axis',(-1.,0.,0.));
#4730=DIRECTION('center_axis',(0.,0.,1.));
#4731=DIRECTION('ref_axis',(-1.,0.,0.));
#4732=DIRECTION('center_axis',(0.,0.,1.));
#4733=DIRECTION('ref_axis',(-1.,0.,0.));
#4734=DIRECTION('center_axis',(0.,0.,1.));
#4735=DIRECTION('ref_axis',(-1.,0.,0.));
#4736=DIRECTION('center_axis',(0.,0.,1.));
#4737=DIRECTION('ref_axis',(-1.,0.,0.));
#4738=DIRECTION('center_axis',(0.,0.,1.));
#4739=DIRECTION('ref_axis',(-1.,0.,0.));
#4740=CARTESIAN_POINT('',(0.,0.,0.));
#4741=CARTESIAN_POINT('Origin',(9.16070380642053E-17,0.,14.8));
#4742=CARTESIAN_POINT('',(2.,2.44929359829471E-16,14.8));
#4743=CARTESIAN_POINT('Origin',(9.16070380642053E-17,0.,14.8));
#4744=CARTESIAN_POINT('',(1.,1.22464679914735E-16,14.8));
#4745=CARTESIAN_POINT('Origin',(9.16070380642053E-17,0.,14.8));
#4746=CARTESIAN_POINT('Origin',(9.16070380642053E-17,0.,13.8));
#4747=CARTESIAN_POINT('',(2.,2.44929359829471E-16,12.8));
#4748=CARTESIAN_POINT('Origin',(9.16070380642053E-17,0.,12.8));
#4749=CARTESIAN_POINT('',(2.,2.44929359829471E-16,13.8));
#4750=CARTESIAN_POINT('Origin',(9.16070380642053E-17,0.,17.8));
#4751=CARTESIAN_POINT('',(1.,-1.22464679914735E-16,20.7));
#4752=CARTESIAN_POINT('',(1.,1.22464679914735E-16,17.8));
#4753=CARTESIAN_POINT('Origin',(9.16070380642053E-17,0.,20.7));
#4754=CARTESIAN_POINT('Origin',(0.,0.,0.1));
#4755=CARTESIAN_POINT('',(-2.55,3.12284933782575E-16,0.));
#4756=CARTESIAN_POINT('Origin',(0.,0.,0.));
#4757=CARTESIAN_POINT('',(-2.35,-2.87791997799628E-16,0.2));
#4758=CARTESIAN_POINT('',(-2.45,3.00038465791102E-16,0.1));
#4759=CARTESIAN_POINT('',(2.35,2.87791997799628E-16,0.2));
#4760=CARTESIAN_POINT('Origin',(0.,0.,0.2));
#4761=CARTESIAN_POINT('Origin',(0.,0.,0.2));
#4762=CARTESIAN_POINT('Origin',(0.,0.,6.4));
#4763=CARTESIAN_POINT('',(2.35,2.87791997799628E-16,12.8));
#4764=CARTESIAN_POINT('',(2.35,2.87791997799628E-16,6.4));
#4765=CARTESIAN_POINT('Origin',(0.,0.,12.8));
#4766=CARTESIAN_POINT('Origin',(0.,0.,0.));
#4767=CARTESIAN_POINT('',(0.792339126919292,-3.46044776119403,0.));
#4768=CARTESIAN_POINT('',(0.792339126919292,3.46044776119403,0.));
#4769=CARTESIAN_POINT('Origin',(0.,0.,0.));
#4770=CARTESIAN_POINT('',(-0.792339126919293,-3.46044776119403,0.));
#4771=CARTESIAN_POINT('Origin',(-4.10256677714363E-16,-3.35,0.));
#4772=CARTESIAN_POINT('',(-0.792339126919292,3.46044776119403,0.));
#4773=CARTESIAN_POINT('Origin',(0.,0.,0.));
#4774=CARTESIAN_POINT('Origin',(0.,3.35,0.));
#4775=CARTESIAN_POINT('Origin',(0.,0.,12.8));
#4776=CARTESIAN_POINT('Origin',(-2.11451115218128,-2.46806454277456,17.2));
#4777=CARTESIAN_POINT('',(2.11451115218128,-2.46806454277456,17.2));
#4778=CARTESIAN_POINT('',(-2.11451115218128,-2.46806454277456,17.2));
#4779=CARTESIAN_POINT('',(-1.05725557609064,-2.46806454277456,17.2));
#4780=CARTESIAN_POINT('',(2.11451115218128,-2.46806454277456,20.7));
#4781=CARTESIAN_POINT('',(2.11451115218128,-2.46806454277456,17.2));
#4782=CARTESIAN_POINT('',(-2.11451115218128,-2.46806454277456,20.7));
#4783=CARTESIAN_POINT('',(-2.46806454277456,-2.46806454277456,20.7));
#4784=CARTESIAN_POINT('',(-2.11451115218128,-2.46806454277456,17.2));
#4785=CARTESIAN_POINT('Origin',(-2.46806454277456,2.11451115218128,17.2));
#4786=CARTESIAN_POINT('',(-2.46806454277456,-2.11451115218128,17.2));
#4787=CARTESIAN_POINT('',(-2.46806454277456,2.11451115218128,17.2));
#4788=CARTESIAN_POINT('',(-2.46806454277456,1.05725557609064,17.2));
#4789=CARTESIAN_POINT('',(-2.46806454277456,-2.11451115218128,20.7));
#4790=CARTESIAN_POINT('',(-2.46806454277456,-2.11451115218128,17.2));
#4791=CARTESIAN_POINT('',(-2.46806454277456,2.11451115218128,20.7));
#4792=CARTESIAN_POINT('',(-2.46806454277456,2.46806454277456,20.7));
#4793=CARTESIAN_POINT('',(-2.46806454277456,2.11451115218128,17.2));
#4794=CARTESIAN_POINT('Origin',(2.11451115218128,2.46806454277456,17.2));
#4795=CARTESIAN_POINT('',(-2.11451115218128,2.46806454277456,17.2));
#4796=CARTESIAN_POINT('',(2.11451115218128,2.46806454277456,17.2));
#4797=CARTESIAN_POINT('',(1.05725557609064,2.46806454277456,17.2));
#4798=CARTESIAN_POINT('',(-2.11451115218128,2.46806454277456,20.7));
#4799=CARTESIAN_POINT('',(-2.11451115218128,2.46806454277456,17.2));
#4800=CARTESIAN_POINT('',(2.11451115218128,2.46806454277456,20.7));
#4801=CARTESIAN_POINT('',(2.46806454277456,2.46806454277456,20.7));
#4802=CARTESIAN_POINT('',(2.11451115218128,2.46806454277456,17.2));
#4803=CARTESIAN_POINT('Origin',(2.46806454277456,-2.11451115218128,17.2));
#4804=CARTESIAN_POINT('',(2.46806454277456,2.11451115218128,17.2));
#4805=CARTESIAN_POINT('',(2.46806454277456,-2.11451115218128,17.2));
#4806=CARTESIAN_POINT('',(2.46806454277456,-1.05725557609064,17.2));
#4807=CARTESIAN_POINT('',(2.46806454277456,2.11451115218128,20.7));
#4808=CARTESIAN_POINT('',(2.46806454277456,2.11451115218128,17.2));
#4809=CARTESIAN_POINT('',(2.46806454277456,-2.11451115218128,20.7));
#4810=CARTESIAN_POINT('',(2.46806454277456,-2.46806454277456,20.7));
#4811=CARTESIAN_POINT('',(2.46806454277456,-2.11451115218128,17.2));
#4812=CARTESIAN_POINT('Origin',(0.,0.,20.7));
#4813=CARTESIAN_POINT('Origin',(0.,0.,20.7));
#4814=CARTESIAN_POINT('Origin',(0.,0.,20.7));
#4815=CARTESIAN_POINT('Origin',(0.,0.,20.7));
#4816=CARTESIAN_POINT('Origin',(0.,0.,20.7));
#4817=CARTESIAN_POINT('Origin',(0.,0.,17.2));
#4818=CARTESIAN_POINT('',(3.25,3.9801020972289E-16,17.2));
#4819=CARTESIAN_POINT('Origin',(0.,0.,17.2));
#4820=CARTESIAN_POINT('Origin',(0.,0.,17.2));
#4821=CARTESIAN_POINT('Origin',(0.,0.,17.2));
#4822=CARTESIAN_POINT('Origin',(0.,0.,17.2));
#4823=CARTESIAN_POINT('Origin',(0.,0.,17.2));
#4824=CARTESIAN_POINT('Origin',(0.,0.,17.2));
#4825=CARTESIAN_POINT('Origin',(0.,0.,17.2));
#4826=CARTESIAN_POINT('Origin',(0.,0.,17.2));
#4827=CARTESIAN_POINT('Origin',(0.,0.,15.7));
#4828=CARTESIAN_POINT('',(3.25,3.9801020972289E-16,15.7));
#4829=CARTESIAN_POINT('',(3.25,3.9801020972289E-16,15.7));
#4830=CARTESIAN_POINT('Origin',(0.,0.,15.7));
#4831=CARTESIAN_POINT('Origin',(0.,0.,6.225));
#4832=CARTESIAN_POINT('',(4.8,-5.87830463590729E-16,6.45));
#4833=CARTESIAN_POINT('Origin',(0.,0.,6.45));
#4834=CARTESIAN_POINT('',(4.35,5.32721357629099E-16,6.));
#4835=CARTESIAN_POINT('',(4.575,5.60275910609914E-16,6.225));
#4836=CARTESIAN_POINT('',(0.,4.35,6.));
#4837=CARTESIAN_POINT('Origin',(0.,0.,6.));
#4838=CARTESIAN_POINT('',(-5.32721357629099E-16,-4.35,6.));
#4839=CARTESIAN_POINT('Origin',(0.,0.,6.));
#4840=CARTESIAN_POINT('Origin',(0.,0.,6.));
#4841=CARTESIAN_POINT('Origin',(0.,0.,6.));
#4842=CARTESIAN_POINT('',(0.961550874707817,-3.62462686567164,6.));
#4843=CARTESIAN_POINT('Origin',(-4.10256677714363E-16,-3.35,6.));
#4844=CARTESIAN_POINT('',(0.961550874707818,3.62462686567164,6.));
#4845=CARTESIAN_POINT('Origin',(0.,0.,6.));
#4846=CARTESIAN_POINT('Origin',(0.,3.35,6.));
#4847=CARTESIAN_POINT('Origin',(0.,0.,6.));
#4848=CARTESIAN_POINT('',(-0.961550874707818,3.62462686567164,6.));
#4849=CARTESIAN_POINT('Origin',(0.,3.35,6.));
#4850=CARTESIAN_POINT('',(-0.961550874707818,-3.62462686567164,6.));
#4851=CARTESIAN_POINT('Origin',(0.,0.,6.));
#4852=CARTESIAN_POINT('Origin',(-4.10256677714363E-16,-3.35,6.));
#4853=CARTESIAN_POINT('Origin',(0.,0.,6.));
#4854=CARTESIAN_POINT('',(4.8,5.87830463590729E-16,11.8));
#4855=CARTESIAN_POINT('Origin',(0.,0.,11.8));
#4856=CARTESIAN_POINT('',(4.8,5.87830463590729E-16,6.));
#4857=CARTESIAN_POINT('Origin',(0.,0.,0.1));
#4858=CARTESIAN_POINT('',(0.961550874707818,3.62462686567164,0.2));
#4859=CARTESIAN_POINT('',(0.961550874707817,-3.62462686567164,0.2));
#4860=CARTESIAN_POINT('Origin',(0.,0.,0.2));
#4861=CARTESIAN_POINT('Ctrl Pts',(0.961550874707818,-3.62462686567164,0.2));
#4862=CARTESIAN_POINT('Ctrl Pts',(0.907494580657886,-3.56953958465118,0.132893675847803));
#4863=CARTESIAN_POINT('Ctrl Pts',(0.850599370048754,-3.51386981118963,0.0650777699946422));
#4864=CARTESIAN_POINT('Ctrl Pts',(0.792339126919292,-3.46044776119403,1.90819582357449E-16));
#4865=CARTESIAN_POINT('Ctrl Pts',(0.792339126919292,3.46044776119403,-1.73472347597681E-17));
#4866=CARTESIAN_POINT('Ctrl Pts',(0.850599370048749,3.51386981118963,0.0650777699946355));
#4867=CARTESIAN_POINT('Ctrl Pts',(0.90749458065787,3.56953958465116,0.132893675847783));
#4868=CARTESIAN_POINT('Ctrl Pts',(0.961550874707818,3.62462686567164,0.2));
#4869=CARTESIAN_POINT('Origin',(0.,3.35,0.1));
#4870=CARTESIAN_POINT('',(-0.961550874707818,3.62462686567164,0.2));
#4871=CARTESIAN_POINT('Ctrl Pts',(-0.792339126919292,3.46044776119403,-6.93889390390723E-17));
#4872=CARTESIAN_POINT('Ctrl Pts',(-0.850599370048749,3.51386981118963,0.065077769994636));
#4873=CARTESIAN_POINT('Ctrl Pts',(-0.907494580657872,3.56953958465117,0.132893675847786));
#4874=CARTESIAN_POINT('Ctrl Pts',(-0.961550874707818,3.62462686567164,0.2));
#4875=CARTESIAN_POINT('Origin',(0.,3.35,0.2));
#4876=CARTESIAN_POINT('Origin',(0.,0.,0.1));
#4877=CARTESIAN_POINT('',(-0.961550874707818,-3.62462686567164,0.2));
#4878=CARTESIAN_POINT('Origin',(0.,0.,0.2));
#4879=CARTESIAN_POINT('Ctrl Pts',(-0.792339126919293,-3.46044776119403,
-5.20417042793042E-17));
#4880=CARTESIAN_POINT('Ctrl Pts',(-0.850599370048758,-3.51386981118963,
0.0650777699946448));
#4881=CARTESIAN_POINT('Ctrl Pts',(-0.907494580657895,-3.56953958465119,
0.132893675847814));
#4882=CARTESIAN_POINT('Ctrl Pts',(-0.961550874707818,-3.62462686567164,
0.2));
#4883=CARTESIAN_POINT('Origin',(-4.10256677714363E-16,-3.35,0.1));
#4884=CARTESIAN_POINT('Origin',(-4.10256677714363E-16,-3.35,0.2));
#4885=CARTESIAN_POINT('Origin',(-4.10256677714363E-16,-3.35,0.));
#4886=CARTESIAN_POINT('',(0.961550874707817,-3.62462686567164,0.));
#4887=CARTESIAN_POINT('',(-0.961550874707818,-3.62462686567164,0.));
#4888=CARTESIAN_POINT('Origin',(0.,0.,0.));
#4889=CARTESIAN_POINT('',(0.961550874707818,3.62462686567164,0.));
#4890=CARTESIAN_POINT('Origin',(0.,-1.42627835616505E-16,11.9707106781187));
#4891=CARTESIAN_POINT('',(4.65857864376269,-5.70511342466019E-16,12.1414213562373));
#4892=CARTESIAN_POINT('',(-4.65857864376269,-5.7051134246602E-16,12.1414213562373));
#4893=CARTESIAN_POINT('Origin',(0.,-2.8525567123301E-16,12.1414213562373));
#4894=CARTESIAN_POINT('Origin',(0.,-2.8525567123301E-16,12.1414213562373));
#4895=CARTESIAN_POINT('',(4.72928932188134,5.79170903028375E-16,11.9707106781187));
#4896=CARTESIAN_POINT('Origin',(0.,0.,12.66825));
#4897=CARTESIAN_POINT('',(1.3254833995939,3.2,13.3363449590643));
#4898=CARTESIAN_POINT('',(0.141421356237311,4.38406204335659,12.4136575601077));
#4899=CARTESIAN_POINT('Ctrl Pts',(1.32548339959391,3.2,13.3363449590643));
#4900=CARTESIAN_POINT('Ctrl Pts',(0.803039605787933,3.72244379380597,13.053600415311));
#4901=CARTESIAN_POINT('Ctrl Pts',(0.141421356237868,4.38406204335604,12.4136575601083));
#4902=CARTESIAN_POINT('',(3.,3.2,12.4136575601078));
#4903=CARTESIAN_POINT('Ctrl Pts',(2.99999999999921,3.2,12.4136575601083));
#4904=CARTESIAN_POINT('Ctrl Pts',(2.06433049837237,3.2,13.053600415311));
#4905=CARTESIAN_POINT('Ctrl Pts',(1.3254833995939,3.2,13.3363449590643));
#4906=CARTESIAN_POINT('',(3.2,3.,12.4136575601077));
#4907=CARTESIAN_POINT('Ctrl Pts',(3.00000000000046,3.19999999999953,12.4136575601078));
#4908=CARTESIAN_POINT('Ctrl Pts',(3.1,3.1,12.4182171676336));
#4909=CARTESIAN_POINT('Ctrl Pts',(3.19999999999954,3.00000000000046,12.4136575601078));
#4910=CARTESIAN_POINT('',(3.2,1.3254833995939,13.3363449590643));
#4911=CARTESIAN_POINT('Ctrl Pts',(3.2,1.3254833995939,13.3363449590643));
#4912=CARTESIAN_POINT('Ctrl Pts',(3.2,2.06433049837195,13.053600415311));
#4913=CARTESIAN_POINT('Ctrl Pts',(3.2,2.99999999999921,12.4136575601083));
#4914=CARTESIAN_POINT('',(4.38406204335659,0.141421356237308,12.4136575601078));
#4915=CARTESIAN_POINT('Ctrl Pts',(4.38406204335604,0.141421356237864,12.4136575601083));
#4916=CARTESIAN_POINT('Ctrl Pts',(3.72244379380627,0.803039605787633,13.053600415311));
#4917=CARTESIAN_POINT('Ctrl Pts',(3.2,1.3254833995939,13.3363449590643));
#4918=CARTESIAN_POINT('',(4.38406204335659,-0.141421356237311,12.4136575601077));
#4919=CARTESIAN_POINT('Ctrl Pts',(4.3840620433566,0.14142135623665,12.4136575601078));
#4920=CARTESIAN_POINT('Ctrl Pts',(4.3840620433566,-2.56739074444567E-15,
12.4182171676336));
#4921=CARTESIAN_POINT('Ctrl Pts',(4.38406204335659,-0.141421356236655,12.4136575601078));
#4922=CARTESIAN_POINT('',(3.2,-1.32548339959391,13.3363449590643));
#4923=CARTESIAN_POINT('Ctrl Pts',(3.2,-1.32548339959391,13.3363449590643));
#4924=CARTESIAN_POINT('Ctrl Pts',(3.72244379380597,-0.803039605787939,13.053600415311));
#4925=CARTESIAN_POINT('Ctrl Pts',(4.38406204335604,-0.141421356237867,12.4136575601083));
#4926=CARTESIAN_POINT('',(3.2,-3.,12.4136575601078));
#4927=CARTESIAN_POINT('Ctrl Pts',(3.2,-2.99999999999922,12.4136575601083));
#4928=CARTESIAN_POINT('Ctrl Pts',(3.2,-2.06433049837238,13.053600415311));
#4929=CARTESIAN_POINT('Ctrl Pts',(3.2,-1.32548339959391,13.3363449590643));
#4930=CARTESIAN_POINT('',(3.,-3.2,12.4136575601077));
#4931=CARTESIAN_POINT('Ctrl Pts',(3.19999999999954,-3.00000000000047,12.4136575601078));
#4932=CARTESIAN_POINT('Ctrl Pts',(3.1,-3.1,12.4182171676336));
#4933=CARTESIAN_POINT('Ctrl Pts',(3.00000000000046,-3.19999999999954,12.4136575601078));
#4934=CARTESIAN_POINT('',(1.3254833995939,-3.2,13.3363449590643));
#4935=CARTESIAN_POINT('Ctrl Pts',(1.3254833995939,-3.2,13.3363449590643));
#4936=CARTESIAN_POINT('Ctrl Pts',(2.06433049837195,-3.2,13.053600415311));
#4937=CARTESIAN_POINT('Ctrl Pts',(2.99999999999921,-3.2,12.4136575601083));
#4938=CARTESIAN_POINT('',(0.14142135623731,-4.38406204335659,12.4136575601078));
#4939=CARTESIAN_POINT('Ctrl Pts',(0.141421356237867,-4.38406204335604,12.4136575601083));
#4940=CARTESIAN_POINT('Ctrl Pts',(0.803039605787634,-3.72244379380627,13.053600415311));
#4941=CARTESIAN_POINT('Ctrl Pts',(1.3254833995939,-3.2,13.3363449590643));
#4942=CARTESIAN_POINT('',(-0.141421356237309,-4.38406204335659,12.4136575601077));
#4943=CARTESIAN_POINT('Ctrl Pts',(0.141421356236653,-4.38406204335659,12.4136575601078));
#4944=CARTESIAN_POINT('Ctrl Pts',(-4.9960036108132E-16,-4.38406204335659,
12.4182171676336));
#4945=CARTESIAN_POINT('Ctrl Pts',(-0.141421356236654,-4.38406204335659,
12.4136575601078));
#4946=CARTESIAN_POINT('',(-1.3254833995939,-3.2,13.3363449590643));
#4947=CARTESIAN_POINT('Ctrl Pts',(-1.3254833995939,-3.2,13.3363449590643));
#4948=CARTESIAN_POINT('Ctrl Pts',(-0.803039605787942,-3.72244379380596,
13.053600415311));
#4949=CARTESIAN_POINT('Ctrl Pts',(-0.141421356237866,-4.38406204335604,
12.4136575601083));
#4950=CARTESIAN_POINT('',(-3.,-3.2,12.4136575601078));
#4951=CARTESIAN_POINT('Ctrl Pts',(-2.99999999999921,-3.2,12.4136575601083));
#4952=CARTESIAN_POINT('Ctrl Pts',(-2.06433049837238,-3.2,13.053600415311));
#4953=CARTESIAN_POINT('Ctrl Pts',(-1.3254833995939,-3.2,13.3363449590643));
#4954=CARTESIAN_POINT('',(-3.2,-3.,12.4136575601077));
#4955=CARTESIAN_POINT('Ctrl Pts',(-3.00000000000047,-3.19999999999954,12.4136575601078));
#4956=CARTESIAN_POINT('Ctrl Pts',(-3.1,-3.1,12.4182171676336));
#4957=CARTESIAN_POINT('Ctrl Pts',(-3.19999999999954,-3.00000000000046,12.4136575601078));
#4958=CARTESIAN_POINT('',(-3.2,-1.3254833995939,13.3363449590643));
#4959=CARTESIAN_POINT('Ctrl Pts',(-3.2,-1.3254833995939,13.3363449590643));
#4960=CARTESIAN_POINT('Ctrl Pts',(-3.2,-2.06433049837195,13.053600415311));
#4961=CARTESIAN_POINT('Ctrl Pts',(-3.2,-2.99999999999921,12.4136575601083));
#4962=CARTESIAN_POINT('',(-4.38406204335659,-0.141421356237309,12.4136575601078));
#4963=CARTESIAN_POINT('Ctrl Pts',(-4.38406204335604,-0.141421356237866,
12.4136575601083));
#4964=CARTESIAN_POINT('Ctrl Pts',(-3.72244379380627,-0.803039605787634,
13.053600415311));
#4965=CARTESIAN_POINT('Ctrl Pts',(-3.2,-1.3254833995939,13.3363449590643));
#4966=CARTESIAN_POINT('',(-4.38406204335659,-6.09884013974468E-16,12.4159379566434));
#4967=CARTESIAN_POINT('Ctrl Pts',(-4.38406204335659,-0.141421356236652,
12.4136575601078));
#4968=CARTESIAN_POINT('Ctrl Pts',(-4.38406204335659,-0.0706922926053521,
12.4159379566434));
#4969=CARTESIAN_POINT('Ctrl Pts',(-4.38406204335659,-6.8287527308293E-16,
12.4159379566434));
#4970=CARTESIAN_POINT('',(-4.13175,-5.05993441237708E-16,12.66825));
#4971=CARTESIAN_POINT('',(-4.38406204335659,0.14142135623731,12.4136575601077));
#4972=CARTESIAN_POINT('Ctrl Pts',(-4.38406204335659,-6.8287527308293E-16,
12.4159379566434));
#4973=CARTESIAN_POINT('Ctrl Pts',(-4.38406204335659,0.0706922926053527,
12.4159379566434));
#4974=CARTESIAN_POINT('Ctrl Pts',(-4.38406204335659,0.141421356236654,12.4136575601078));
#4975=CARTESIAN_POINT('',(-3.2,1.3254833995939,13.3363449590643));
#4976=CARTESIAN_POINT('Ctrl Pts',(-3.2,1.3254833995939,13.3363449590643));
#4977=CARTESIAN_POINT('Ctrl Pts',(-3.72244379380597,0.803039605787937,13.053600415311));
#4978=CARTESIAN_POINT('Ctrl Pts',(-4.38406204335604,0.141421356237865,12.4136575601083));
#4979=CARTESIAN_POINT('',(-3.2,3.,12.4136575601078));
#4980=CARTESIAN_POINT('Ctrl Pts',(-3.2,2.99999999999921,12.4136575601084));
#4981=CARTESIAN_POINT('Ctrl Pts',(-3.2,2.06433049837237,13.053600415311));
#4982=CARTESIAN_POINT('Ctrl Pts',(-3.2,1.3254833995939,13.3363449590643));
#4983=CARTESIAN_POINT('',(-3.,3.2,12.4136575601077));
#4984=CARTESIAN_POINT('Ctrl Pts',(-3.19999999999953,3.00000000000047,12.4136575601078));
#4985=CARTESIAN_POINT('Ctrl Pts',(-3.1,3.1,12.4182171676336));
#4986=CARTESIAN_POINT('Ctrl Pts',(-3.00000000000046,3.19999999999954,12.4136575601078));
#4987=CARTESIAN_POINT('',(-1.3254833995939,3.2,13.3363449590643));
#4988=CARTESIAN_POINT('Ctrl Pts',(-1.3254833995939,3.2,13.3363449590643));
#4989=CARTESIAN_POINT('Ctrl Pts',(-2.06433049837195,3.2,13.053600415311));
#4990=CARTESIAN_POINT('Ctrl Pts',(-2.99999999999921,3.2,12.4136575601083));
#4991=CARTESIAN_POINT('',(-0.141421356237309,4.3840620433566,12.4136575601078));
#4992=CARTESIAN_POINT('Ctrl Pts',(-0.141421356237865,4.38406204335604,12.4136575601083));
#4993=CARTESIAN_POINT('Ctrl Pts',(-0.803039605787642,3.72244379380626,13.053600415311));
#4994=CARTESIAN_POINT('Ctrl Pts',(-1.3254833995939,3.2,13.3363449590643));
#4995=CARTESIAN_POINT('Ctrl Pts',(-0.141421356236652,4.3840620433566,12.4136575601078));
#4996=CARTESIAN_POINT('Ctrl Pts',(1.95676808090184E-15,4.38406204335659,
12.4182171676336));
#4997=CARTESIAN_POINT('Ctrl Pts',(0.141421356236655,4.3840620433566,12.4136575601078));
#4998=CARTESIAN_POINT('Origin',(-3.1,-3.1,12.));
#4999=CARTESIAN_POINT('',(-3.,-3.2,15.7));
#5000=CARTESIAN_POINT('',(-3.2,-3.,15.7));
#5001=CARTESIAN_POINT('',(-3.1,-3.1,15.7));
#5002=CARTESIAN_POINT('',(-3.2,-3.,12.));
#5003=CARTESIAN_POINT('',(-3.,-3.2,12.));
#5004=CARTESIAN_POINT('Origin',(-3.2,-1.3254833995939,12.));
#5005=CARTESIAN_POINT('',(-3.2,-1.3254833995939,15.7));
#5006=CARTESIAN_POINT('',(-3.2,3.2,15.7));
#5007=CARTESIAN_POINT('',(-3.2,-1.3254833995939,12.));
#5008=CARTESIAN_POINT('Origin',(0.,0.,15.7));
#5009=CARTESIAN_POINT('',(-1.3254833995939,-3.2,15.7));
#5010=CARTESIAN_POINT('',(-3.2,-3.2,15.7));
#5011=CARTESIAN_POINT('',(-0.141421356237309,-4.38406204335659,15.7));
#5012=CARTESIAN_POINT('',(-4.5254833995939,5.55111512312578E-16,15.7));
#5013=CARTESIAN_POINT('',(0.14142135623731,-4.38406204335659,15.7));
#5014=CARTESIAN_POINT('',(3.68628738645072E-16,-4.38406204335659,15.7));
#5015=CARTESIAN_POINT('',(1.3254833995939,-3.2,15.7));
#5016=CARTESIAN_POINT('',(2.77555756156289E-16,-4.5254833995939,15.7));
#5017=CARTESIAN_POINT('',(3.,-3.2,15.7));
#5018=CARTESIAN_POINT('',(-3.2,-3.2,15.7));
#5019=CARTESIAN_POINT('',(3.2,-3.,15.7));
#5020=CARTESIAN_POINT('',(3.1,-3.1,15.7));
#5021=CARTESIAN_POINT('',(3.2,-1.32548339959391,15.7));
#5022=CARTESIAN_POINT('',(3.2,-3.2,15.7));
#5023=CARTESIAN_POINT('',(4.38406204335659,-0.141421356237311,15.7));
#5024=CARTESIAN_POINT('',(2.77555756156289E-16,-4.5254833995939,15.7));
#5025=CARTESIAN_POINT('',(4.38406204335659,0.141421356237308,15.7));
#5026=CARTESIAN_POINT('',(4.38406204335659,-5.24753851482984E-16,15.7));
#5027=CARTESIAN_POINT('',(3.2,1.3254833995939,15.7));
#5028=CARTESIAN_POINT('',(4.5254833995939,-1.38777878078145E-15,15.7));
#5029=CARTESIAN_POINT('',(3.2,3.,15.7));
#5030=CARTESIAN_POINT('',(3.2,-3.2,15.7));
#5031=CARTESIAN_POINT('',(3.,3.2,15.7));
#5032=CARTESIAN_POINT('',(3.1,3.1,15.7));
#5033=CARTESIAN_POINT('',(1.3254833995939,3.2,15.7));
#5034=CARTESIAN_POINT('',(3.2,3.2,15.7));
#5035=CARTESIAN_POINT('',(0.14142135623731,4.3840620433566,15.7));
#5036=CARTESIAN_POINT('',(4.5254833995939,-1.38777878078145E-15,15.7));
#5037=CARTESIAN_POINT('',(-0.141421356237309,4.38406204335659,15.7));
#5038=CARTESIAN_POINT('',(4.64905891561785E-15,4.38406204335659,15.7));
#5039=CARTESIAN_POINT('',(-1.3254833995939,3.2,15.7));
#5040=CARTESIAN_POINT('',(8.32667268468867E-16,4.5254833995939,15.7));
#5041=CARTESIAN_POINT('',(-3.,3.2,15.7));
#5042=CARTESIAN_POINT('',(3.2,3.2,15.7));
#5043=CARTESIAN_POINT('',(-3.2,3.,15.7));
#5044=CARTESIAN_POINT('',(-3.1,3.1,15.7));
#5045=CARTESIAN_POINT('',(-3.2,1.3254833995939,15.7));
#5046=CARTESIAN_POINT('',(-3.2,3.2,15.7));
#5047=CARTESIAN_POINT('',(-4.38406204335659,0.14142135623731,15.7));
#5048=CARTESIAN_POINT('',(8.32667268468867E-16,4.5254833995939,15.7));
#5049=CARTESIAN_POINT('',(-4.38406204335659,-0.14142135623731,15.7));
#5050=CARTESIAN_POINT('',(-4.38406204335659,5.20417042793042E-17,15.7));
#5051=CARTESIAN_POINT('',(-4.5254833995939,5.55111512312578E-16,15.7));
#5052=CARTESIAN_POINT('Origin',(-4.38406204335659,1.04083408558608E-16,
12.));
#5053=CARTESIAN_POINT('',(-4.38406204335659,0.14142135623731,12.));
#5054=CARTESIAN_POINT('',(-4.38406204335659,-0.141421356237309,12.));
#5055=CARTESIAN_POINT('Origin',(-3.2,1.3254833995939,12.));
#5056=CARTESIAN_POINT('',(-3.2,1.3254833995939,12.));
#5057=CARTESIAN_POINT('Origin',(-3.1,3.1,12.));
#5058=CARTESIAN_POINT('',(-3.,3.2,12.));
#5059=CARTESIAN_POINT('',(-3.2,3.,12.));
#5060=CARTESIAN_POINT('Origin',(-3.2,3.2,12.));
#5061=CARTESIAN_POINT('Origin',(6.93889390390723E-16,4.38406204335659,12.));
#5062=CARTESIAN_POINT('',(0.14142135623731,4.38406204335659,12.));
#5063=CARTESIAN_POINT('',(-0.141421356237309,4.38406204335659,12.));
#5064=CARTESIAN_POINT('Origin',(8.32667268468867E-16,4.5254833995939,12.));
#5065=CARTESIAN_POINT('',(-1.3254833995939,3.2,12.));
#5066=CARTESIAN_POINT('Origin',(3.1,3.1,12.));
#5067=CARTESIAN_POINT('',(3.2,3.,12.));
#5068=CARTESIAN_POINT('',(3.,3.2,12.));
#5069=CARTESIAN_POINT('Origin',(3.2,3.2,12.));
#5070=CARTESIAN_POINT('',(1.3254833995939,3.2,12.));
#5071=CARTESIAN_POINT('Origin',(4.38406204335659,-1.04950770296597E-15,
12.));
#5072=CARTESIAN_POINT('',(4.38406204335659,-0.141421356237311,12.));
#5073=CARTESIAN_POINT('',(4.38406204335659,0.141421356237309,12.));
#5074=CARTESIAN_POINT('Origin',(4.5254833995939,-1.2490009027033E-15,12.));
#5075=CARTESIAN_POINT('',(3.2,1.3254833995939,12.));
#5076=CARTESIAN_POINT('Origin',(3.1,-3.1,12.));
#5077=CARTESIAN_POINT('',(3.,-3.2,12.));
#5078=CARTESIAN_POINT('',(3.2,-3.,12.));
#5079=CARTESIAN_POINT('Origin',(3.2,-3.2,12.));
#5080=CARTESIAN_POINT('',(3.2,-1.32548339959391,12.));
#5081=CARTESIAN_POINT('Origin',(7.37257477290143E-16,-4.38406204335659,
12.));
#5082=CARTESIAN_POINT('',(-0.141421356237309,-4.38406204335659,12.));
#5083=CARTESIAN_POINT('',(0.14142135623731,-4.38406204335659,12.));
#5084=CARTESIAN_POINT('Origin',(4.16333634234434E-16,-4.5254833995939,12.));
#5085=CARTESIAN_POINT('',(1.3254833995939,-3.2,12.));
#5086=CARTESIAN_POINT('Origin',(-1.3254833995939,-3.2,12.));
#5087=CARTESIAN_POINT('',(-1.3254833995939,-3.2,12.));
#5088=CARTESIAN_POINT('Origin',(1.3254833995939,-3.2,12.));
#5089=CARTESIAN_POINT('Origin',(3.2,-1.32548339959391,12.));
#5090=CARTESIAN_POINT('Origin',(3.2,1.3254833995939,12.));
#5091=CARTESIAN_POINT('Origin',(1.3254833995939,3.2,12.));
#5092=CARTESIAN_POINT('Origin',(-3.2,-3.2,12.));
#5093=CARTESIAN_POINT('Origin',(-4.5254833995939,0.,12.));
#5094=CARTESIAN_POINT('Origin',(-1.3254833995939,3.2,12.));
#5095=CARTESIAN_POINT('Origin',(0.,0.,0.));
#5096=CARTESIAN_POINT('',(-0.961550874707818,3.62462686567164,0.));
#5097=CARTESIAN_POINT('Origin',(0.,3.35,0.));
#5098=CARTESIAN_POINT('Origin',(0.,0.,17.5));
#5099=CARTESIAN_POINT('',(4.65,5.69460761603519E-16,17.5));
#5100=CARTESIAN_POINT('',(-4.65,-5.69460761603519E-16,17.5));
#5101=CARTESIAN_POINT('Origin',(0.,0.,17.5));
#5102=CARTESIAN_POINT('',(-4.75,-5.81707229594993E-16,17.6));
#5103=CARTESIAN_POINT('Origin',(-4.75,-5.81707229594993E-16,17.5));
#5104=CARTESIAN_POINT('Origin',(0.,0.,17.6));
#5105=CARTESIAN_POINT('Origin',(0.,0.,17.5));
#5106=CARTESIAN_POINT('Origin',(0.,0.,15.8));
#5107=CARTESIAN_POINT('',(4.65,-5.69460761603519E-16,16.05));
#5108=CARTESIAN_POINT('',(4.65,5.69460761603519E-16,15.8));
#5109=CARTESIAN_POINT('',(-4.65,-5.69460761603519E-16,16.05));
#5110=CARTESIAN_POINT('Origin',(0.,0.,16.05));
#5111=CARTESIAN_POINT('Origin',(0.,0.,16.05));
#5112=CARTESIAN_POINT('Origin',(0.,0.,17.6));
#5113=CARTESIAN_POINT('',(-7.7,-9.42978035343462E-16,17.6));
#5114=CARTESIAN_POINT('Origin',(0.,0.,17.6));
#5115=CARTESIAN_POINT('Origin',(5.18519225852056,4.35089291170789,20.));
#5116=CARTESIAN_POINT('',(4.76029557650363,4.77452342242566,20.));
#5117=CARTESIAN_POINT('',(5.52860433535898,3.8588886988382,20.));
#5118=CARTESIAN_POINT('Origin',(5.18519225852056,4.35089291170789,20.));
#5119=CARTESIAN_POINT('',(4.76029557650363,4.77452342242566,25.1578573222624));
#5120=CARTESIAN_POINT('',(4.76029557650363,4.77452342242566,20.));
#5121=CARTESIAN_POINT('',(5.52860433535898,3.8588886988382,25.1578573222624));
#5122=CARTESIAN_POINT('Ctrl Pts',(4.76029557650364,4.77452342242568,25.1578573222623));
#5123=CARTESIAN_POINT('Ctrl Pts',(4.70870693631911,4.7227805911385,25.2309237877968));
#5124=CARTESIAN_POINT('Ctrl Pts',(4.66262839182481,4.65679211849982,25.3102484038325));
#5125=CARTESIAN_POINT('Ctrl Pts',(4.59994940889478,4.50625748982968,25.4606754340181));
#5126=CARTESIAN_POINT('Ctrl Pts',(4.5832338886034,4.42177522872522,25.5317938080003));
#5127=CARTESIAN_POINT('Ctrl Pts',(4.58683054126989,4.27783143082591,25.6280792028852));
#5128=CARTESIAN_POINT('Ctrl Pts',(4.59747165765812,4.21187497976617,25.6652134438478));
#5129=CARTESIAN_POINT('Ctrl Pts',(4.64424575993913,4.08234418820162,25.7169198942411));
#5130=CARTESIAN_POINT('Ctrl Pts',(4.68064504055061,4.01875457524075,25.731212229138));
#5131=CARTESIAN_POINT('Ctrl Pts',(4.77048614474774,3.91168611655118,25.731212229138));
#5132=CARTESIAN_POINT('Ctrl Pts',(4.82678901985608,3.86479760239174,25.7169198942411));
#5133=CARTESIAN_POINT('Ctrl Pts',(4.94622971001955,3.79624131791828,25.6652134438478));
#5134=CARTESIAN_POINT('Ctrl Pts',(5.0093363239152,3.77430864646654,25.6280792028852));
#5135=CARTESIAN_POINT('Ctrl Pts',(5.15046873990322,3.74577105684401,25.5317938080003));
#5136=CARTESIAN_POINT('Ctrl Pts',(5.23657014526825,3.74756244013662,25.4606754340181));
#5137=CARTESIAN_POINT('Ctrl Pts',(5.39570190584324,3.7831491245327,25.3102484038325));
#5138=CARTESIAN_POINT('Ctrl Pts',(5.46868932058822,3.81706885437747,25.2309237877968));
#5139=CARTESIAN_POINT('Ctrl Pts',(5.52860433535899,3.85888869883821,25.1578573222623));
#5140=CARTESIAN_POINT('',(5.52860433535898,3.8588886988382,20.));
#5141=CARTESIAN_POINT('Origin',(3.38439388543102,5.86194216239197,20.));
#5142=CARTESIAN_POINT('',(2.84023144075048,6.11470140317119,20.));
#5143=CARTESIAN_POINT('',(3.87537103132737,5.51706328190278,20.));
#5144=CARTESIAN_POINT('Origin',(3.38439388543102,5.86194216239197,20.));
#5145=CARTESIAN_POINT('',(2.84023144075048,6.11470140317119,25.1578573222624));
#5146=CARTESIAN_POINT('',(2.84023144075048,6.11470140317119,20.));
#5147=CARTESIAN_POINT('',(3.87537103132737,5.51706328190278,25.1578573222624));
#5148=CARTESIAN_POINT('Ctrl Pts',(2.84023144075049,6.11470140317121,25.1578573222623));
#5149=CARTESIAN_POINT('Ctrl Pts',(2.80945106682562,6.04843469232219,25.2309237877968));
#5150=CARTESIAN_POINT('Ctrl Pts',(2.78872078545749,5.97066602113451,25.3102484038325));
#5151=CARTESIAN_POINT('Ctrl Pts',(2.78130768299301,5.8077722666752,25.4606754340181));
#5152=CARTESIAN_POINT('Ctrl Pts',(2.79449486697403,5.72266786468221,25.5317938080003));
#5153=CARTESIAN_POINT('Ctrl Pts',(2.84710629333263,5.58863506764881,25.6280792028852));
#5154=CARTESIAN_POINT('Ctrl Pts',(2.87966410672428,5.53029575344699,25.6652134438478));
#5155=CARTESIAN_POINT('Ctrl Pts',(2.96791952537762,5.42457430961531,25.7169198942411));
#5156=CARTESIAN_POINT('Ctrl Pts',(3.02387258930904,5.37726890672904,25.731212229138));
#5157=CARTESIAN_POINT('Ctrl Pts',(3.14491518155301,5.30738493351357,25.731212229138));
#5158=CARTESIAN_POINT('Ctrl Pts',(3.21385939415449,5.28258086017253,25.7169198942411));
#5159=CARTESIAN_POINT('Ctrl Pts',(3.34954455956417,5.25901014751294,25.6652134438478));
#5160=CARTESIAN_POINT('Ctrl Pts',(3.41634679439813,5.25998391112501,25.6280792028852));
#5161=CARTESIAN_POINT('Ctrl Pts',(3.55872831474863,5.28143747788583,25.5317938080003));
#5162=CARTESIAN_POINT('Ctrl Pts',(3.63902448083895,5.31256924255038,25.4606754340181));
#5163=CARTESIAN_POINT('Ctrl Pts',(3.77638805908631,5.40043605483514,25.3102484038325));
#5164=CARTESIAN_POINT('Ctrl Pts',(3.83337256326933,5.45727334072137,25.2309237877968));
#5165=CARTESIAN_POINT('Ctrl Pts',(3.87537103132738,5.5170632819028,25.1578573222623));
#5166=CARTESIAN_POINT('',(3.87537103132737,5.51706328190278,20.));
#5167=CARTESIAN_POINT('Origin',(4.02570789984994,5.7310861484973,20.));
#5168=CARTESIAN_POINT('',(4.02570789984994,5.7310861484973,24.8963100770799));
#5169=CARTESIAN_POINT('',(4.43452451098186,6.31308645145544,24.1850749723637));
#5170=CARTESIAN_POINT('',(4.02570789984994,5.7310861484973,20.));
#5171=CARTESIAN_POINT('',(4.02570789984994,5.7310861484973,20.));
#5172=CARTESIAN_POINT('',(2.01285394992489,2.86554307424871,20.));
#5173=CARTESIAN_POINT('Origin',(1.17538766142439,6.66595467523912,20.));
#5174=CARTESIAN_POINT('',(0.577593475891064,6.71735615131272,20.));
#5175=CARTESIAN_POINT('',(1.75471078653263,6.50979860998762,20.));
#5176=CARTESIAN_POINT('Origin',(1.17538766142439,6.66595467523912,20.));
#5177=CARTESIAN_POINT('',(0.577593475891064,6.71735615131272,25.1578573222624));
#5178=CARTESIAN_POINT('',(0.577593475891064,6.71735615131272,20.));
#5179=CARTESIAN_POINT('',(1.75471078653263,6.50979860998762,25.1578573222624));
#5180=CARTESIAN_POINT('Ctrl Pts',(0.577593475891066,6.71735615131274,25.1578573222624));
#5181=CARTESIAN_POINT('Ctrl Pts',(0.571333935591142,6.64455830422276,25.2309237877969));
#5182=CARTESIAN_POINT('Ctrl Pts',(0.578452295228553,6.56438948397467,25.3102484038325));
#5183=CARTESIAN_POINT('Ctrl Pts',(0.627199202792584,6.40878399456975,25.4606754340181));
#5184=CARTESIAN_POINT('Ctrl Pts',(0.668698522035782,6.33332229857578,25.5317938080003));
#5185=CARTESIAN_POINT('Ctrl Pts',(0.763979007605675,6.22536683584395,25.6280792028852));
#5186=CARTESIAN_POINT('Ctrl Pts',(0.814526565203562,6.18168124078937,25.6652134438478));
#5187=CARTESIAN_POINT('Ctrl Pts',(0.933618394228389,6.11252071109899,25.7169198942411));
#5188=CARTESIAN_POINT('Ctrl Pts',(1.00237647619034,6.08720524802878,25.731212229138));
#5189=CARTESIAN_POINT('Ctrl Pts',(1.14002103345812,6.0629347988348,25.731212229138));
#5190=CARTESIAN_POINT('Ctrl Pts',(1.21329089400479,6.06320690362622,25.7169198942411));
#5191=CARTESIAN_POINT('Ctrl Pts',(1.3488549012125,6.08746473859393,25.6652134438478));
#5192=CARTESIAN_POINT('Ctrl Pts',(1.41129542156782,6.11122748700697,25.6280792028852));
#5193=CARTESIAN_POINT('Ctrl Pts',(1.53775273359908,6.18008459337885,25.5317938080003));
#5194=CARTESIAN_POINT('Ctrl Pts',(1.602558757739,6.23680178914089,25.4606754340181));
#5195=CARTESIAN_POINT('Ctrl Pts',(1.70158607885159,6.36635069497674,25.3102484038325));
#5196=CARTESIAN_POINT('Ctrl Pts',(1.73569450026647,6.43925012139755,25.2309237877969));
#5197=CARTESIAN_POINT('Ctrl Pts',(1.75471078653263,6.50979860998764,25.1578573222624));
#5198=CARTESIAN_POINT('',(1.75471078653263,6.50979860998762,20.));
#5199=CARTESIAN_POINT('Origin',(1.82278110100773,6.7623325557252,20.));
#5200=CARTESIAN_POINT('',(1.82278110100773,6.7623325557252,24.8963100770799));
#5201=CARTESIAN_POINT('',(2.00788722670977,7.44905746164338,24.1850749723637));
#5202=CARTESIAN_POINT('',(1.82278110100773,6.7623325557252,20.));
#5203=CARTESIAN_POINT('',(1.82278110100773,6.7623325557252,20.));
#5204=CARTESIAN_POINT('',(0.911390550503769,3.38116627786263,20.));
#5205=CARTESIAN_POINT('Origin',(-5.18519225852056,4.35089291170789,20.));
#5206=CARTESIAN_POINT('',(-5.52860433535898,3.8588886988382,20.));
#5207=CARTESIAN_POINT('',(-4.76029557650362,4.77452342242566,20.));
#5208=CARTESIAN_POINT('Origin',(-5.18519225852056,4.35089291170789,20.));
#5209=CARTESIAN_POINT('',(-5.52860433535897,3.8588886988382,25.1578573222624));
#5210=CARTESIAN_POINT('',(-5.52860433535897,3.8588886988382,20.));
#5211=CARTESIAN_POINT('',(-4.76029557650362,4.77452342242566,25.1578573222624));
#5212=CARTESIAN_POINT('Ctrl Pts',(-5.52860433535899,3.85888869883821,25.1578573222623));
#5213=CARTESIAN_POINT('Ctrl Pts',(-5.46868932058822,3.81706885437747,25.2309237877968));
#5214=CARTESIAN_POINT('Ctrl Pts',(-5.39570190584324,3.7831491245327,25.3102484038325));
#5215=CARTESIAN_POINT('Ctrl Pts',(-5.23657014526825,3.74756244013662,25.4606754340181));
#5216=CARTESIAN_POINT('Ctrl Pts',(-5.15046873990322,3.74577105684401,25.5317938080003));
#5217=CARTESIAN_POINT('Ctrl Pts',(-5.0093363239152,3.77430864646653,25.6280792028852));
#5218=CARTESIAN_POINT('Ctrl Pts',(-4.94622971001954,3.79624131791827,25.6652134438478));
#5219=CARTESIAN_POINT('Ctrl Pts',(-4.82678901985607,3.86479760239173,25.7169198942411));
#5220=CARTESIAN_POINT('Ctrl Pts',(-4.77048614474774,3.91168611655118,25.731212229138));
#5221=CARTESIAN_POINT('Ctrl Pts',(-4.6806450405506,4.01875457524075,25.731212229138));
#5222=CARTESIAN_POINT('Ctrl Pts',(-4.64424575993913,4.08234418820162,25.7169198942411));
#5223=CARTESIAN_POINT('Ctrl Pts',(-4.59747165765812,4.21187497976616,25.6652134438478));
#5224=CARTESIAN_POINT('Ctrl Pts',(-4.58683054126989,4.27783143082591,25.6280792028852));
#5225=CARTESIAN_POINT('Ctrl Pts',(-4.5832338886034,4.42177522872521,25.5317938080003));
#5226=CARTESIAN_POINT('Ctrl Pts',(-4.59994940889477,4.50625748982968,25.4606754340181));
#5227=CARTESIAN_POINT('Ctrl Pts',(-4.66262839182481,4.65679211849982,25.3102484038325));
#5228=CARTESIAN_POINT('Ctrl Pts',(-4.70870693631911,4.7227805911385,25.2309237877968));
#5229=CARTESIAN_POINT('Ctrl Pts',(-4.76029557650363,4.77452342242567,25.1578573222623));
#5230=CARTESIAN_POINT('',(-4.76029557650362,4.77452342242566,20.));
#5231=CARTESIAN_POINT('Origin',(3.38439388543101,-5.86194216239195,20.));
#5232=CARTESIAN_POINT('',(3.87537103132736,-5.51706328190277,20.));
#5233=CARTESIAN_POINT('',(2.84023144075046,-6.11470140317118,20.));
#5234=CARTESIAN_POINT('Origin',(3.38439388543101,-5.86194216239195,20.));
#5235=CARTESIAN_POINT('',(3.87537103132736,-5.51706328190277,25.1578573222624));
#5236=CARTESIAN_POINT('',(3.87537103132736,-5.51706328190277,20.));
#5237=CARTESIAN_POINT('',(2.84023144075046,-6.11470140317118,25.1578573222624));
#5238=CARTESIAN_POINT('Ctrl Pts',(3.87537103132737,-5.51706328190278,25.1578573222624));
#5239=CARTESIAN_POINT('Ctrl Pts',(3.83337256326932,-5.45727334072136,25.2309237877968));
#5240=CARTESIAN_POINT('Ctrl Pts',(3.77638805908629,-5.40043605483512,25.3102484038325));
#5241=CARTESIAN_POINT('Ctrl Pts',(3.63902448083894,-5.31256924255037,25.4606754340181));
#5242=CARTESIAN_POINT('Ctrl Pts',(3.55872831474862,-5.28143747788581,25.5317938080003));
#5243=CARTESIAN_POINT('Ctrl Pts',(3.41634679439812,-5.25998391112499,25.6280792028852));
#5244=CARTESIAN_POINT('Ctrl Pts',(3.34954455956415,-5.25901014751293,25.6652134438478));
#5245=CARTESIAN_POINT('Ctrl Pts',(3.21385939415448,-5.28258086017251,25.7169198942411));
#5246=CARTESIAN_POINT('Ctrl Pts',(3.144915181553,-5.30738493351356,25.731212229138));
#5247=CARTESIAN_POINT('Ctrl Pts',(3.02387258930903,-5.37726890672903,25.731212229138));
#5248=CARTESIAN_POINT('Ctrl Pts',(2.96791952537761,-5.4245743096153,25.7169198942411));
#5249=CARTESIAN_POINT('Ctrl Pts',(2.87966410672427,-5.53029575344698,25.6652134438478));
#5250=CARTESIAN_POINT('Ctrl Pts',(2.84710629333262,-5.5886350676488,25.6280792028852));
#5251=CARTESIAN_POINT('Ctrl Pts',(2.79449486697402,-5.72266786468219,25.5317938080003));
#5252=CARTESIAN_POINT('Ctrl Pts',(2.781307682993,-5.80777226667519,25.4606754340181));
#5253=CARTESIAN_POINT('Ctrl Pts',(2.78872078545748,-5.9706660211345,25.3102484038325));
#5254=CARTESIAN_POINT('Ctrl Pts',(2.80945106682561,-6.04843469232218,25.2309237877968));
#5255=CARTESIAN_POINT('Ctrl Pts',(2.84023144075047,-6.1147014031712,25.1578573222624));
#5256=CARTESIAN_POINT('',(2.84023144075046,-6.11470140317118,20.));
#5257=CARTESIAN_POINT('Origin',(2.95041224595081,-6.3519083837344,20.));
#5258=CARTESIAN_POINT('',(2.95041224595081,-6.3519083837344,24.8963100770799));
#5259=CARTESIAN_POINT('',(3.25003098775684,-6.99695410594278,24.1850749723637));
#5260=CARTESIAN_POINT('',(2.95041224595081,-6.3519083837344,20.));
#5261=CARTESIAN_POINT('',(2.95041224595081,-6.3519083837344,20.));
#5262=CARTESIAN_POINT('',(1.4752061229755,-3.17595419186716,20.));
#5263=CARTESIAN_POINT('Origin',(5.18519225852056,-4.35089291170789,20.));
#5264=CARTESIAN_POINT('',(5.52860433535898,-3.8588886988382,20.));
#5265=CARTESIAN_POINT('',(4.76029557650363,-4.77452342242566,20.));
#5266=CARTESIAN_POINT('Origin',(5.18519225852056,-4.35089291170789,20.));
#5267=CARTESIAN_POINT('',(5.52860433535898,-3.8588886988382,25.1578573222624));
#5268=CARTESIAN_POINT('',(5.52860433535898,-3.8588886988382,20.));
#5269=CARTESIAN_POINT('',(4.76029557650363,-4.77452342242566,25.1578573222624));
#5270=CARTESIAN_POINT('Ctrl Pts',(5.52860433535899,-3.85888869883821,25.1578573222623));
#5271=CARTESIAN_POINT('Ctrl Pts',(5.46868932058822,-3.81706885437748,25.2309237877968));
#5272=CARTESIAN_POINT('Ctrl Pts',(5.39570190584324,-3.7831491245327,25.3102484038325));
#5273=CARTESIAN_POINT('Ctrl Pts',(5.23657014526825,-3.74756244013662,25.4606754340181));
#5274=CARTESIAN_POINT('Ctrl Pts',(5.15046873990322,-3.74577105684401,25.5317938080003));
#5275=CARTESIAN_POINT('Ctrl Pts',(5.0093363239152,-3.77430864646654,25.6280792028852));
#5276=CARTESIAN_POINT('Ctrl Pts',(4.94622971001955,-3.79624131791828,25.6652134438478));
#5277=CARTESIAN_POINT('Ctrl Pts',(4.82678901985608,-3.86479760239174,25.7169198942411));
#5278=CARTESIAN_POINT('Ctrl Pts',(4.77048614474774,-3.91168611655118,25.731212229138));
#5279=CARTESIAN_POINT('Ctrl Pts',(4.6806450405506,-4.01875457524075,25.731212229138));
#5280=CARTESIAN_POINT('Ctrl Pts',(4.64424575993913,-4.08234418820162,25.7169198942411));
#5281=CARTESIAN_POINT('Ctrl Pts',(4.59747165765812,-4.21187497976616,25.6652134438478));
#5282=CARTESIAN_POINT('Ctrl Pts',(4.58683054126989,-4.27783143082591,25.6280792028852));
#5283=CARTESIAN_POINT('Ctrl Pts',(4.5832338886034,-4.42177522872522,25.5317938080003));
#5284=CARTESIAN_POINT('Ctrl Pts',(4.59994940889478,-4.50625748982968,25.4606754340181));
#5285=CARTESIAN_POINT('Ctrl Pts',(4.66262839182481,-4.65679211849982,25.3102484038325));
#5286=CARTESIAN_POINT('Ctrl Pts',(4.70870693631911,-4.7227805911385,25.2309237877968));
#5287=CARTESIAN_POINT('Ctrl Pts',(4.76029557650364,-4.77452342242568,25.1578573222623));
#5288=CARTESIAN_POINT('',(4.76029557650363,-4.77452342242566,20.));
#5289=CARTESIAN_POINT('Origin',(4.94496123159271,-4.95974101687346,20.));
#5290=CARTESIAN_POINT('',(4.94496123159271,-4.95974101687346,24.8963100770799));
#5291=CARTESIAN_POINT('',(5.44712938267831,-5.46341007708663,24.1850749723637));
#5292=CARTESIAN_POINT('',(4.94496123159271,-4.95974101687346,20.));
#5293=CARTESIAN_POINT('',(4.94496123159271,-4.95974101687346,20.));
#5294=CARTESIAN_POINT('',(2.47248061579643,-2.47987050843666,20.));
#5295=CARTESIAN_POINT('Origin',(6.36057991994493,-2.31506176353126,20.));
#5296=CARTESIAN_POINT('',(6.51500636303624,-1.73527518756199,20.));
#5297=CARTESIAN_POINT('',(6.10619781125002,-2.85846745247455,20.));
#5298=CARTESIAN_POINT('Origin',(6.36057991994493,-2.31506176353126,20.));
#5299=CARTESIAN_POINT('',(6.51500636303623,-1.73527518756199,25.1578573222624));
#5300=CARTESIAN_POINT('',(6.51500636303623,-1.73527518756199,20.));
#5301=CARTESIAN_POINT('',(6.10619781125002,-2.85846745247455,25.1578573222624));
#5302=CARTESIAN_POINT('Ctrl Pts',(6.51500636303625,-1.735275187562,25.1578573222624));
#5303=CARTESIAN_POINT('Ctrl Pts',(6.44440143658556,-1.71646953025909,25.2309237877969));
#5304=CARTESIAN_POINT('Ctrl Pts',(6.36421447067638,-1.70955857647695,25.3102484038325));
#5305=CARTESIAN_POINT('Ctrl Pts',(6.20250816663377,-1.73054429931124,25.4606754340181));
#5306=CARTESIAN_POINT('Ctrl Pts',(6.12098662220246,-1.75830936465367,25.5317938080003));
#5307=CARTESIAN_POINT('Ctrl Pts',(5.99812596283769,-1.83339605618109,25.6280792028852));
#5308=CARTESIAN_POINT('Ctrl Pts',(5.94632655887061,-1.8755897588278,25.6652134438478));
#5309=CARTESIAN_POINT('Ctrl Pts',(5.85753665394391,-1.98086271542463,25.7169198942411));
#5310=CARTESIAN_POINT('Ctrl Pts',(5.82066607400871,-2.04418022359408,25.731212229138));
#5311=CARTESIAN_POINT('Ctrl Pts',(5.77286262093807,-2.17551913147763,25.731212229138));
#5312=CARTESIAN_POINT('Ctrl Pts',(5.76040741408445,-2.24772310870728,25.7169198942411));
#5313=CARTESIAN_POINT('Ctrl Pts',(5.76075627522309,-2.38543992287112,25.6652134438478));
#5314=CARTESIAN_POINT('Ctrl Pts',(5.77331533152086,-2.45105818937744,25.6280792028852));
#5315=CARTESIAN_POINT('Ctrl Pts',(5.81916726193898,-2.5875512417318,25.5317938080003));
#5316=CARTESIAN_POINT('Ctrl Pts',(5.86376934806081,-2.66122155443315,25.4606754340181));
#5317=CARTESIAN_POINT('Ctrl Pts',(5.97415420107177,-2.781240359442,25.3102484038325));
#5318=CARTESIAN_POINT('Ctrl Pts',(6.04002325617934,-2.82748944984532,25.2309237877969));
#5319=CARTESIAN_POINT('Ctrl Pts',(6.10619781125004,-2.85846745247456,25.1578573222624));
#5320=CARTESIAN_POINT('',(6.10619781125002,-2.85846745247455,20.));
#5321=CARTESIAN_POINT('Origin',(6.34307491284933,-2.96935568539597,20.));
#5322=CARTESIAN_POINT('',(6.34307491284933,-2.96935568539597,24.8963100770799));
#5323=CARTESIAN_POINT('',(6.98722358298098,-3.27089816158858,24.1850749723637));
#5324=CARTESIAN_POINT('',(6.34307491284933,-2.96935568539597,20.));
#5325=CARTESIAN_POINT('',(6.34307491284933,-2.96935568539597,20.));
#5326=CARTESIAN_POINT('',(3.1715374564247,-1.4846778426979,20.));
#5327=CARTESIAN_POINT('Origin',(6.76878777086204,-1.18394877235417E-15,
20.));
#5328=CARTESIAN_POINT('',(6.71560247207785,0.59763812126841,20.));
#5329=CARTESIAN_POINT('',(6.71560247207785,-0.597638121268412,20.));
#5330=CARTESIAN_POINT('Origin',(6.76878777086204,-1.18394877235417E-15,
20.));
#5331=CARTESIAN_POINT('',(6.71560247207785,0.59763812126841,25.1578573222624));
#5332=CARTESIAN_POINT('',(6.71560247207785,0.59763812126841,20.));
#5333=CARTESIAN_POINT('',(6.16878777086204,-9.91387739537064E-16,25.731212229138));
#5334=CARTESIAN_POINT('Ctrl Pts',(6.71560247207787,0.597638121268412,25.1578573222623));
#5335=CARTESIAN_POINT('Ctrl Pts',(6.64282363009495,0.591161351600819,25.2309237877968));
#5336=CARTESIAN_POINT('Ctrl Pts',(6.56510884454379,0.570229966299378,25.3102484038325));
#5337=CARTESIAN_POINT('Ctrl Pts',(6.42033216383196,0.495203024124815,25.4606754340181));
#5338=CARTESIAN_POINT('Ctrl Pts',(6.35322318172266,0.441230386796377,25.5317938080003));
#5339=CARTESIAN_POINT('Ctrl Pts',(6.26345308773075,0.328651156523805,25.6280792028852));
#5340=CARTESIAN_POINT('Ctrl Pts',(6.22920866628844,0.271285605934049,25.6652134438478));
#5341=CARTESIAN_POINT('Ctrl Pts',(6.18177891953211,0.141993449442781,25.7169198942411));
#5342=CARTESIAN_POINT('Ctrl Pts',(6.16878777086204,0.0698839732154658,25.731212229138));
#5343=CARTESIAN_POINT('Ctrl Pts',(6.16878777086204,-1.23165366794353E-15,
25.731212229138));
#5344=CARTESIAN_POINT('',(6.71560247207785,-0.597638121268412,25.1578573222624));
#5345=CARTESIAN_POINT('Ctrl Pts',(6.16878777086204,-1.23165366794353E-15,
25.731212229138));
#5346=CARTESIAN_POINT('Ctrl Pts',(6.16878777086204,-0.0698839732154685,
25.731212229138));
#5347=CARTESIAN_POINT('Ctrl Pts',(6.18177891953211,-0.141993449442787,25.7169198942411));
#5348=CARTESIAN_POINT('Ctrl Pts',(6.22920866628844,-0.271285605934054,25.6652134438478));
#5349=CARTESIAN_POINT('Ctrl Pts',(6.26345308773075,-0.328651156523808,25.6280792028852));
#5350=CARTESIAN_POINT('Ctrl Pts',(6.35322318172266,-0.44123038679638,25.5317938080003));
#5351=CARTESIAN_POINT('Ctrl Pts',(6.42033216383196,-0.495203024124818,25.4606754340181));
#5352=CARTESIAN_POINT('Ctrl Pts',(6.56510884454379,-0.570229966299379,25.3102484038325));
#5353=CARTESIAN_POINT('Ctrl Pts',(6.64282363009494,-0.591161351600821,25.2309237877968));
#5354=CARTESIAN_POINT('Ctrl Pts',(6.71560247207786,-0.597638121268413,25.1578573222623));
#5355=CARTESIAN_POINT('',(6.71560247207785,-0.597638121268412,20.));
#5356=CARTESIAN_POINT('Origin',(6.97612014580075,-0.620822235237095,20.));
#5357=CARTESIAN_POINT('',(6.97612014580075,-0.620822235237096,24.8963100770799));
#5358=CARTESIAN_POINT('',(7.6845554987387,-0.683867654487336,24.1850749723637));
#5359=CARTESIAN_POINT('',(6.97612014580075,-0.620822235237095,20.));
#5360=CARTESIAN_POINT('',(6.97612014580075,-0.620822235237095,20.));
#5361=CARTESIAN_POINT('',(3.48806007290038,-0.310411117618449,20.));
#5362=CARTESIAN_POINT('Origin',(6.36057991994493,2.31506176353126,20.));
#5363=CARTESIAN_POINT('',(6.10619781125002,2.85846745247455,20.));
#5364=CARTESIAN_POINT('',(6.51500636303623,1.73527518756199,20.));
#5365=CARTESIAN_POINT('Origin',(6.36057991994493,2.31506176353126,20.));
#5366=CARTESIAN_POINT('',(6.10619781125002,2.85846745247455,25.1578573222624));
#5367=CARTESIAN_POINT('',(6.10619781125002,2.85846745247455,20.));
#5368=CARTESIAN_POINT('',(6.51500636303623,1.73527518756199,25.1578573222624));
#5369=CARTESIAN_POINT('Ctrl Pts',(6.10619781125004,2.85846745247455,25.1578573222624));
#5370=CARTESIAN_POINT('Ctrl Pts',(6.04002325617934,2.82748944984531,25.2309237877969));
#5371=CARTESIAN_POINT('Ctrl Pts',(5.97415420107176,2.78124035944199,25.3102484038325));
#5372=CARTESIAN_POINT('Ctrl Pts',(5.86376934806081,2.66122155443315,25.4606754340181));
#5373=CARTESIAN_POINT('Ctrl Pts',(5.81916726193898,2.5875512417318,25.5317938080003));
#5374=CARTESIAN_POINT('Ctrl Pts',(5.77331533152085,2.45105818937744,25.6280792028852));
#5375=CARTESIAN_POINT('Ctrl Pts',(5.76075627522309,2.38543992287112,25.6652134438478));
#5376=CARTESIAN_POINT('Ctrl Pts',(5.76040741408445,2.24772310870728,25.7169198942411));
#5377=CARTESIAN_POINT('Ctrl Pts',(5.77286262093806,2.17551913147763,25.731212229138));
#5378=CARTESIAN_POINT('Ctrl Pts',(5.8206660740087,2.04418022359408,25.731212229138));
#5379=CARTESIAN_POINT('Ctrl Pts',(5.8575366539439,1.98086271542463,25.7169198942411));
#5380=CARTESIAN_POINT('Ctrl Pts',(5.9463265588706,1.87558975882779,25.6652134438478));
#5381=CARTESIAN_POINT('Ctrl Pts',(5.99812596283769,1.83339605618109,25.6280792028852));
#5382=CARTESIAN_POINT('Ctrl Pts',(6.12098662220245,1.75830936465366,25.5317938080003));
#5383=CARTESIAN_POINT('Ctrl Pts',(6.20250816663376,1.73054429931124,25.4606754340181));
#5384=CARTESIAN_POINT('Ctrl Pts',(6.36421447067637,1.70955857647695,25.3102484038325));
#5385=CARTESIAN_POINT('Ctrl Pts',(6.44440143658555,1.71646953025908,25.2309237877969));
#5386=CARTESIAN_POINT('Ctrl Pts',(6.51500636303624,1.73527518756199,25.1578573222624));
#5387=CARTESIAN_POINT('',(6.51500636303623,1.73527518756199,20.));
#5388=CARTESIAN_POINT('Origin',(6.76774233260043,1.80259153885174,20.));
#5389=CARTESIAN_POINT('',(6.76774233260043,1.80259153885174,24.8963100770799));
#5390=CARTESIAN_POINT('',(7.45501660938808,1.98564738455675,24.1850749723637));
#5391=CARTESIAN_POINT('',(6.76774233260043,1.80259153885174,20.));
#5392=CARTESIAN_POINT('',(6.76774233260043,1.80259153885174,20.));
#5393=CARTESIAN_POINT('',(3.38387116630019,0.901295769425967,20.));
#5394=CARTESIAN_POINT('Origin',(5.74307491284933,4.0085861699373,20.));
#5395=CARTESIAN_POINT('',(5.74307491284933,4.0085861699373,24.8963100770799));
#5396=CARTESIAN_POINT('',(6.32629269261802,4.41566404398897,24.1850749723637));
#5397=CARTESIAN_POINT('',(5.74307491284933,4.0085861699373,20.));
#5398=CARTESIAN_POINT('',(5.74307491284933,4.0085861699373,20.));
#5399=CARTESIAN_POINT('',(2.87153745642461,2.00429308496873,20.));
#5400=CARTESIAN_POINT('Origin',(-1.17538766142439,6.66595467523915,20.));
#5401=CARTESIAN_POINT('',(-1.75471078653263,6.50979860998765,20.));
#5402=CARTESIAN_POINT('',(-0.577593475891067,6.71735615131275,20.));
#5403=CARTESIAN_POINT('Origin',(-1.17538766142439,6.66595467523915,20.));
#5404=CARTESIAN_POINT('',(-1.75471078653263,6.50979860998765,25.1578573222624));
#5405=CARTESIAN_POINT('',(-1.75471078653263,6.50979860998765,20.));
#5406=CARTESIAN_POINT('',(-0.577593475891067,6.71735615131275,25.1578573222624));
#5407=CARTESIAN_POINT('Ctrl Pts',(-1.75471078653263,6.50979860998767,25.1578573222624));
#5408=CARTESIAN_POINT('Ctrl Pts',(-1.73569450026647,6.43925012139758,25.2309237877968));
#5409=CARTESIAN_POINT('Ctrl Pts',(-1.70158607885159,6.36635069497677,25.3102484038325));
#5410=CARTESIAN_POINT('Ctrl Pts',(-1.60255875773901,6.23680178914092,25.4606754340181));
#5411=CARTESIAN_POINT('Ctrl Pts',(-1.53775273359908,6.18008459337888,25.5317938080003));
#5412=CARTESIAN_POINT('Ctrl Pts',(-1.41129542156782,6.111227487007,25.6280792028852));
#5413=CARTESIAN_POINT('Ctrl Pts',(-1.3488549012125,6.08746473859396,25.6652134438478));
#5414=CARTESIAN_POINT('Ctrl Pts',(-1.21329089400479,6.06320690362625,25.7169198942411));
#5415=CARTESIAN_POINT('Ctrl Pts',(-1.14002103345813,6.06293479883483,25.731212229138));
#5416=CARTESIAN_POINT('Ctrl Pts',(-1.00237647619035,6.08720524802881,25.731212229138));
#5417=CARTESIAN_POINT('Ctrl Pts',(-0.93361839422839,6.11252071109902,25.7169198942411));
#5418=CARTESIAN_POINT('Ctrl Pts',(-0.814526565203565,6.1816812407894,25.6652134438478));
#5419=CARTESIAN_POINT('Ctrl Pts',(-0.763979007605677,6.22536683584397,25.6280792028852));
#5420=CARTESIAN_POINT('Ctrl Pts',(-0.668698522035784,6.33332229857581,25.5317938080003));
#5421=CARTESIAN_POINT('Ctrl Pts',(-0.627199202792587,6.40878399456977,25.4606754340181));
#5422=CARTESIAN_POINT('Ctrl Pts',(-0.578452295228555,6.56438948397469,25.3102484038325));
#5423=CARTESIAN_POINT('Ctrl Pts',(-0.571333935591144,6.64455830422279,25.2309237877968));
#5424=CARTESIAN_POINT('Ctrl Pts',(-0.577593475891068,6.71735615131276,25.1578573222624));
#5425=CARTESIAN_POINT('',(-0.577593475891066,6.71735615131275,20.));
#5426=CARTESIAN_POINT('Origin',(-0.6,6.97794185533327,20.));
#5427=CARTESIAN_POINT('',(-0.6,6.97794185533327,24.8963100770799));
#5428=CARTESIAN_POINT('',(-0.660930890362961,7.68656220557755,24.1850749723637));
#5429=CARTESIAN_POINT('',(-0.6,6.97794185533327,20.));
#5430=CARTESIAN_POINT('',(-0.6,6.97794185533327,20.));
#5431=CARTESIAN_POINT('',(-0.300000000000098,3.48897092766662,20.));
#5432=CARTESIAN_POINT('Origin',(-3.38439388543101,5.86194216239195,20.));
#5433=CARTESIAN_POINT('',(-3.87537103132736,5.51706328190277,20.));
#5434=CARTESIAN_POINT('',(-2.84023144075046,6.11470140317118,20.));
#5435=CARTESIAN_POINT('Origin',(-3.38439388543101,5.86194216239195,20.));
#5436=CARTESIAN_POINT('',(-3.87537103132736,5.51706328190277,25.1578573222624));
#5437=CARTESIAN_POINT('',(-3.87537103132736,5.51706328190277,20.));
#5438=CARTESIAN_POINT('',(-2.84023144075046,6.11470140317118,25.1578573222624));
#5439=CARTESIAN_POINT('Ctrl Pts',(-3.87537103132737,5.51706328190278,25.1578573222624));
#5440=CARTESIAN_POINT('Ctrl Pts',(-3.83337256326931,5.45727334072135,25.2309237877968));
#5441=CARTESIAN_POINT('Ctrl Pts',(-3.77638805908629,5.40043605483512,25.3102484038325));
#5442=CARTESIAN_POINT('Ctrl Pts',(-3.63902448083893,5.31256924255036,25.4606754340181));
#5443=CARTESIAN_POINT('Ctrl Pts',(-3.55872831474861,5.28143747788581,25.5317938080003));
#5444=CARTESIAN_POINT('Ctrl Pts',(-3.41634679439812,5.25998391112499,25.6280792028852));
#5445=CARTESIAN_POINT('Ctrl Pts',(-3.34954455956415,5.25901014751292,25.6652134438478));
#5446=CARTESIAN_POINT('Ctrl Pts',(-3.21385939415448,5.28258086017251,25.7169198942411));
#5447=CARTESIAN_POINT('Ctrl Pts',(-3.14491518155299,5.30738493351355,25.731212229138));
#5448=CARTESIAN_POINT('Ctrl Pts',(-3.02387258930902,5.37726890672902,25.731212229138));
#5449=CARTESIAN_POINT('Ctrl Pts',(-2.96791952537761,5.42457430961529,25.7169198942411));
#5450=CARTESIAN_POINT('Ctrl Pts',(-2.87966410672426,5.53029575344698,25.6652134438478));
#5451=CARTESIAN_POINT('Ctrl Pts',(-2.84710629333261,5.5886350676488,25.6280792028852));
#5452=CARTESIAN_POINT('Ctrl Pts',(-2.79449486697402,5.72266786468219,25.5317938080003));
#5453=CARTESIAN_POINT('Ctrl Pts',(-2.781307682993,5.80777226667518,25.4606754340181));
#5454=CARTESIAN_POINT('Ctrl Pts',(-2.78872078545748,5.97066602113449,25.3102484038325));
#5455=CARTESIAN_POINT('Ctrl Pts',(-2.80945106682561,6.04843469232217,25.2309237877968));
#5456=CARTESIAN_POINT('Ctrl Pts',(-2.84023144075047,6.11470140317119,25.1578573222624));
#5457=CARTESIAN_POINT('',(-2.84023144075046,6.11470140317118,20.));
#5458=CARTESIAN_POINT('Origin',(-2.95041224595081,6.3519083837344,20.));
#5459=CARTESIAN_POINT('',(-2.95041224595081,6.3519083837344,24.8963100770799));
#5460=CARTESIAN_POINT('',(-3.25003098775683,6.99695410594278,24.1850749723637));
#5461=CARTESIAN_POINT('',(-2.95041224595081,6.3519083837344,20.));
#5462=CARTESIAN_POINT('',(-2.95041224595081,6.3519083837344,20.));
#5463=CARTESIAN_POINT('',(-1.4752061229755,3.17595419186716,20.));
#5464=CARTESIAN_POINT('Origin',(-4.94496123159271,4.95974101687346,20.));
#5465=CARTESIAN_POINT('',(-4.94496123159271,4.95974101687346,24.8963100770799));
#5466=CARTESIAN_POINT('',(-5.44712938267831,5.46341007708663,24.1850749723637));
#5467=CARTESIAN_POINT('',(-4.94496123159271,4.95974101687346,20.));
#5468=CARTESIAN_POINT('',(-4.94496123159271,4.95974101687346,20.));
#5469=CARTESIAN_POINT('',(-2.47248061579643,2.47987050843666,20.));
#5470=CARTESIAN_POINT('Origin',(-6.36057991994495,2.31506176353127,20.));
#5471=CARTESIAN_POINT('',(-6.51500636303625,1.735275187562,20.));
#5472=CARTESIAN_POINT('',(-6.10619781125004,2.85846745247456,20.));
#5473=CARTESIAN_POINT('Origin',(-6.36057991994495,2.31506176353127,20.));
#5474=CARTESIAN_POINT('',(-6.51500636303625,1.735275187562,25.1578573222624));
#5475=CARTESIAN_POINT('',(-6.51500636303625,1.735275187562,20.));
#5476=CARTESIAN_POINT('',(-6.10619781125004,2.85846745247456,25.1578573222624));
#5477=CARTESIAN_POINT('Ctrl Pts',(-6.51500636303627,1.735275187562,25.1578573222624));
#5478=CARTESIAN_POINT('Ctrl Pts',(-6.44440143658557,1.71646953025909,25.2309237877968));
#5479=CARTESIAN_POINT('Ctrl Pts',(-6.36421447067639,1.70955857647696,25.3102484038325));
#5480=CARTESIAN_POINT('Ctrl Pts',(-6.20250816663378,1.73054429931125,25.4606754340181));
#5481=CARTESIAN_POINT('Ctrl Pts',(-6.12098662220248,1.75830936465367,25.5317938080003));
#5482=CARTESIAN_POINT('Ctrl Pts',(-5.99812596283771,1.8333960561811,25.6280792028852));
#5483=CARTESIAN_POINT('Ctrl Pts',(-5.94632655887062,1.87558975882781,25.6652134438478));
#5484=CARTESIAN_POINT('Ctrl Pts',(-5.85753665394392,1.98086271542465,25.7169198942411));
#5485=CARTESIAN_POINT('Ctrl Pts',(-5.82066607400872,2.04418022359409,25.731212229138));
#5486=CARTESIAN_POINT('Ctrl Pts',(-5.77286262093808,2.17551913147764,25.731212229138));
#5487=CARTESIAN_POINT('Ctrl Pts',(-5.76040741408447,2.24772310870729,25.7169198942411));
#5488=CARTESIAN_POINT('Ctrl Pts',(-5.76075627522311,2.38543992287113,25.6652134438478));
#5489=CARTESIAN_POINT('Ctrl Pts',(-5.77331533152087,2.45105818937745,25.6280792028852));
#5490=CARTESIAN_POINT('Ctrl Pts',(-5.819167261939,2.58755124173181,25.5317938080003));
#5491=CARTESIAN_POINT('Ctrl Pts',(-5.86376934806083,2.66122155443316,25.4606754340181));
#5492=CARTESIAN_POINT('Ctrl Pts',(-5.97415420107178,2.781240359442,25.3102484038325));
#5493=CARTESIAN_POINT('Ctrl Pts',(-6.04002325617936,2.82748944984532,25.2309237877968));
#5494=CARTESIAN_POINT('Ctrl Pts',(-6.10619781125005,2.85846745247456,25.1578573222624));
#5495=CARTESIAN_POINT('',(-6.10619781125004,2.85846745247456,20.));
#5496=CARTESIAN_POINT('Origin',(-6.34307491284933,2.96935568539597,20.));
#5497=CARTESIAN_POINT('',(-6.34307491284933,2.96935568539597,24.8963100770799));
#5498=CARTESIAN_POINT('',(-6.98722358298098,3.27089816158858,24.1850749723637));
#5499=CARTESIAN_POINT('',(-6.34307491284933,2.96935568539597,20.));
#5500=CARTESIAN_POINT('',(-6.34307491284933,2.96935568539597,20.));
#5501=CARTESIAN_POINT('',(-3.17153745642471,1.4846778426979,20.));
#5502=CARTESIAN_POINT('Origin',(-6.76878777086202,8.54351311918577E-16,
20.));
#5503=CARTESIAN_POINT('',(-6.71560247207782,-0.59763812126841,20.));
#5504=CARTESIAN_POINT('',(-6.71560247207782,0.597638121268411,20.));
#5505=CARTESIAN_POINT('Origin',(-6.76878777086202,8.54351311918577E-16,
20.));
#5506=CARTESIAN_POINT('',(-6.71560247207782,-0.59763812126841,25.1578573222624));
#5507=CARTESIAN_POINT('',(-6.71560247207782,-0.59763812126841,20.));
#5508=CARTESIAN_POINT('',(-6.71560247207782,0.597638121268411,25.1578573222624));
#5509=CARTESIAN_POINT('Ctrl Pts',(-6.71560247207784,-0.597638121268411,
25.1578573222624));
#5510=CARTESIAN_POINT('Ctrl Pts',(-6.64282363009492,-0.591161351600818,
25.2309237877968));
#5511=CARTESIAN_POINT('Ctrl Pts',(-6.56510884454377,-0.570229966299377,
25.3102484038325));
#5512=CARTESIAN_POINT('Ctrl Pts',(-6.42033216383194,-0.495203024124814,
25.4606754340181));
#5513=CARTESIAN_POINT('Ctrl Pts',(-6.35322318172263,-0.441230386796378,
25.5317938080003));
#5514=CARTESIAN_POINT('Ctrl Pts',(-6.26345308773073,-0.328651156523805,
25.6280792028852));
#5515=CARTESIAN_POINT('Ctrl Pts',(-6.22920866628842,-0.271285605934053,
25.6652134438478));
#5516=CARTESIAN_POINT('Ctrl Pts',(-6.18177891953208,-0.141993449442786,
25.7169198942411));
#5517=CARTESIAN_POINT('Ctrl Pts',(-6.16878777086202,-0.0698839732154662,
25.731212229138));
#5518=CARTESIAN_POINT('Ctrl Pts',(-6.16878777086202,0.0698839732154681,
25.731212229138));
#5519=CARTESIAN_POINT('Ctrl Pts',(-6.18177891953208,0.141993449442786,25.7169198942411));
#5520=CARTESIAN_POINT('Ctrl Pts',(-6.22920866628842,0.271285605934052,25.6652134438478));
#5521=CARTESIAN_POINT('Ctrl Pts',(-6.26345308773073,0.328651156523807,25.6280792028852));
#5522=CARTESIAN_POINT('Ctrl Pts',(-6.35322318172263,0.441230386796379,25.5317938080003));
#5523=CARTESIAN_POINT('Ctrl Pts',(-6.42033216383194,0.495203024124816,25.4606754340181));
#5524=CARTESIAN_POINT('Ctrl Pts',(-6.56510884454377,0.570229966299379,25.3102484038325));
#5525=CARTESIAN_POINT('Ctrl Pts',(-6.64282363009492,0.591161351600821,25.2309237877968));
#5526=CARTESIAN_POINT('Ctrl Pts',(-6.71560247207784,0.597638121268413,25.1578573222624));
#5527=CARTESIAN_POINT('',(-6.71560247207782,0.597638121268412,20.));
#5528=CARTESIAN_POINT('Origin',(-6.97612014580075,0.620822235237097,20.));
#5529=CARTESIAN_POINT('',(-6.97612014580075,0.620822235237097,24.8963100770799));
#5530=CARTESIAN_POINT('',(-7.6845554987387,0.683867654487338,24.1850749723637));
#5531=CARTESIAN_POINT('',(-6.97612014580075,0.620822235237097,20.));
#5532=CARTESIAN_POINT('',(-6.97612014580075,0.620822235237097,20.));
#5533=CARTESIAN_POINT('',(-3.48806007290038,0.31041111761845,20.));
#5534=CARTESIAN_POINT('Origin',(-6.36057991994495,-2.31506176353126,20.));
#5535=CARTESIAN_POINT('',(-6.10619781125004,-2.85846745247455,20.));
#5536=CARTESIAN_POINT('',(-6.51500636303625,-1.735275187562,20.));
#5537=CARTESIAN_POINT('Origin',(-6.36057991994495,-2.31506176353126,20.));
#5538=CARTESIAN_POINT('',(-6.10619781125004,-2.85846745247455,25.1578573222624));
#5539=CARTESIAN_POINT('',(-6.10619781125004,-2.85846745247455,20.));
#5540=CARTESIAN_POINT('',(-6.51500636303625,-1.735275187562,25.1578573222624));
#5541=CARTESIAN_POINT('Ctrl Pts',(-6.10619781125006,-2.85846745247456,25.1578573222623));
#5542=CARTESIAN_POINT('Ctrl Pts',(-6.04002325617936,-2.82748944984532,25.2309237877968));
#5543=CARTESIAN_POINT('Ctrl Pts',(-5.97415420107179,-2.781240359442,25.3102484038325));
#5544=CARTESIAN_POINT('Ctrl Pts',(-5.86376934806083,-2.66122155443316,25.4606754340181));
#5545=CARTESIAN_POINT('Ctrl Pts',(-5.819167261939,-2.58755124173181,25.5317938080003));
#5546=CARTESIAN_POINT('Ctrl Pts',(-5.77331533152087,-2.45105818937744,25.6280792028852));
#5547=CARTESIAN_POINT('Ctrl Pts',(-5.76075627522311,-2.38543992287113,25.6652134438478));
#5548=CARTESIAN_POINT('Ctrl Pts',(-5.76040741408447,-2.24772310870728,25.7169198942411));
#5549=CARTESIAN_POINT('Ctrl Pts',(-5.77286262093808,-2.17551913147764,25.731212229138));
#5550=CARTESIAN_POINT('Ctrl Pts',(-5.82066607400873,-2.04418022359409,25.731212229138));
#5551=CARTESIAN_POINT('Ctrl Pts',(-5.85753665394392,-1.98086271542464,25.7169198942411));
#5552=CARTESIAN_POINT('Ctrl Pts',(-5.94632655887062,-1.8755897588278,25.6652134438478));
#5553=CARTESIAN_POINT('Ctrl Pts',(-5.99812596283771,-1.83339605618109,25.6280792028852));
#5554=CARTESIAN_POINT('Ctrl Pts',(-6.12098662220248,-1.75830936465367,25.5317938080003));
#5555=CARTESIAN_POINT('Ctrl Pts',(-6.20250816663378,-1.73054429931125,25.4606754340181));
#5556=CARTESIAN_POINT('Ctrl Pts',(-6.36421447067639,-1.70955857647695,25.3102484038325));
#5557=CARTESIAN_POINT('Ctrl Pts',(-6.44440143658558,-1.71646953025909,25.2309237877968));
#5558=CARTESIAN_POINT('Ctrl Pts',(-6.51500636303627,-1.735275187562,25.1578573222624));
#5559=CARTESIAN_POINT('',(-6.51500636303625,-1.735275187562,20.));
#5560=CARTESIAN_POINT('Origin',(-6.76774233260043,-1.80259153885175,20.));
#5561=CARTESIAN_POINT('',(-6.76774233260043,-1.80259153885175,24.8963100770799));
#5562=CARTESIAN_POINT('',(-7.45501660938808,-1.98564738455675,24.1850749723637));
#5563=CARTESIAN_POINT('',(-6.76774233260043,-1.80259153885175,20.));
#5564=CARTESIAN_POINT('',(-6.76774233260043,-1.80259153885175,20.));
#5565=CARTESIAN_POINT('',(-3.38387116630019,-0.901295769425968,20.));
#5566=CARTESIAN_POINT('Origin',(-5.18519225852055,-4.35089291170788,20.));
#5567=CARTESIAN_POINT('',(-4.76029557650362,-4.77452342242565,20.));
#5568=CARTESIAN_POINT('',(-5.52860433535897,-3.85888869883819,20.));
#5569=CARTESIAN_POINT('Origin',(-5.18519225852055,-4.35089291170788,20.));
#5570=CARTESIAN_POINT('',(-4.76029557650362,-4.77452342242565,25.1578573222624));
#5571=CARTESIAN_POINT('',(-4.76029557650362,-4.77452342242565,20.));
#5572=CARTESIAN_POINT('',(-5.52860433535897,-3.85888869883819,25.1578573222624));
#5573=CARTESIAN_POINT('Ctrl Pts',(-4.76029557650363,-4.77452342242567,25.1578573222624));
#5574=CARTESIAN_POINT('Ctrl Pts',(-4.7087069363191,-4.72278059113849,25.2309237877968));
#5575=CARTESIAN_POINT('Ctrl Pts',(-4.6626283918248,-4.65679211849981,25.3102484038325));
#5576=CARTESIAN_POINT('Ctrl Pts',(-4.59994940889477,-4.50625748982967,25.4606754340181));
#5577=CARTESIAN_POINT('Ctrl Pts',(-4.58323388860339,-4.42177522872521,25.5317938080003));
#5578=CARTESIAN_POINT('Ctrl Pts',(-4.58683054126988,-4.2778314308259,25.6280792028852));
#5579=CARTESIAN_POINT('Ctrl Pts',(-4.59747165765812,-4.21187497976616,25.6652134438478));
#5580=CARTESIAN_POINT('Ctrl Pts',(-4.64424575993913,-4.08234418820161,25.7169198942411));
#5581=CARTESIAN_POINT('Ctrl Pts',(-4.6806450405506,-4.01875457524074,25.731212229138));
#5582=CARTESIAN_POINT('Ctrl Pts',(-4.77048614474773,-3.91168611655117,25.731212229138));
#5583=CARTESIAN_POINT('Ctrl Pts',(-4.82678901985607,-3.86479760239173,25.7169198942411));
#5584=CARTESIAN_POINT('Ctrl Pts',(-4.94622971001954,-3.79624131791827,25.6652134438478));
#5585=CARTESIAN_POINT('Ctrl Pts',(-5.00933632391519,-3.77430864646653,25.6280792028852));
#5586=CARTESIAN_POINT('Ctrl Pts',(-5.15046873990321,-3.745771056844,25.5317938080003));
#5587=CARTESIAN_POINT('Ctrl Pts',(-5.23657014526824,-3.74756244013661,25.4606754340181));
#5588=CARTESIAN_POINT('Ctrl Pts',(-5.39570190584323,-3.78314912453269,25.3102484038325));
#5589=CARTESIAN_POINT('Ctrl Pts',(-5.46868932058821,-3.81706885437746,25.2309237877968));
#5590=CARTESIAN_POINT('Ctrl Pts',(-5.52860433535899,-3.8588886988382,25.1578573222624));
#5591=CARTESIAN_POINT('',(-5.52860433535897,-3.85888869883819,20.));
#5592=CARTESIAN_POINT('Origin',(-5.74307491284933,-4.00858616993729,20.));
#5593=CARTESIAN_POINT('',(-5.74307491284933,-4.00858616993729,24.8963100770799));
#5594=CARTESIAN_POINT('',(-6.32629269261802,-4.41566404398896,24.1850749723637));
#5595=CARTESIAN_POINT('',(-5.74307491284933,-4.00858616993729,20.));
#5596=CARTESIAN_POINT('',(-5.74307491284933,-4.00858616993729,20.));
#5597=CARTESIAN_POINT('',(-2.87153745642461,-2.00429308496873,20.));
#5598=CARTESIAN_POINT('Origin',(1.17538766142439,-6.66595467523914,20.));
#5599=CARTESIAN_POINT('',(1.75471078653263,-6.50979860998764,20.));
#5600=CARTESIAN_POINT('',(0.577593475891065,-6.71735615131274,20.));
#5601=CARTESIAN_POINT('Origin',(1.17538766142439,-6.66595467523914,20.));
#5602=CARTESIAN_POINT('',(1.75471078653263,-6.50979860998764,25.1578573222624));
#5603=CARTESIAN_POINT('',(1.75471078653263,-6.50979860998764,20.));
#5604=CARTESIAN_POINT('',(0.577593475891065,-6.71735615131274,25.1578573222624));
#5605=CARTESIAN_POINT('Ctrl Pts',(1.75471078653263,-6.50979860998766,25.1578573222624));
#5606=CARTESIAN_POINT('Ctrl Pts',(1.73569450026647,-6.43925012139758,25.2309237877968));
#5607=CARTESIAN_POINT('Ctrl Pts',(1.70158607885159,-6.36635069497676,25.3102484038325));
#5608=CARTESIAN_POINT('Ctrl Pts',(1.602558757739,-6.23680178914091,25.4606754340181));
#5609=CARTESIAN_POINT('Ctrl Pts',(1.53775273359908,-6.18008459337887,25.5317938080003));
#5610=CARTESIAN_POINT('Ctrl Pts',(1.41129542156782,-6.11122748700699,25.6280792028852));
#5611=CARTESIAN_POINT('Ctrl Pts',(1.3488549012125,-6.08746473859395,25.6652134438478));
#5612=CARTESIAN_POINT('Ctrl Pts',(1.21329089400479,-6.06320690362624,25.7169198942411));
#5613=CARTESIAN_POINT('Ctrl Pts',(1.14002103345812,-6.06293479883482,25.731212229138));
#5614=CARTESIAN_POINT('Ctrl Pts',(1.00237647619035,-6.0872052480288,25.731212229138));
#5615=CARTESIAN_POINT('Ctrl Pts',(0.933618394228391,-6.11252071109901,25.7169198942411));
#5616=CARTESIAN_POINT('Ctrl Pts',(0.814526565203565,-6.18168124078939,25.6652134438478));
#5617=CARTESIAN_POINT('Ctrl Pts',(0.763979007605676,-6.22536683584397,25.6280792028852));
#5618=CARTESIAN_POINT('Ctrl Pts',(0.668698522035783,-6.3333222985758,25.5317938080003));
#5619=CARTESIAN_POINT('Ctrl Pts',(0.627199202792586,-6.40878399456976,25.4606754340181));
#5620=CARTESIAN_POINT('Ctrl Pts',(0.578452295228554,-6.56438948397468,25.3102484038325));
#5621=CARTESIAN_POINT('Ctrl Pts',(0.571333935591142,-6.64455830422278,25.2309237877968));
#5622=CARTESIAN_POINT('Ctrl Pts',(0.577593475891066,-6.71735615131276,25.1578573222624));
#5623=CARTESIAN_POINT('',(0.577593475891065,-6.71735615131274,20.));
#5624=CARTESIAN_POINT('Origin',(0.599999999999999,-6.97794185533327,20.));
#5625=CARTESIAN_POINT('',(0.599999999999999,-6.97794185533327,24.8963100770799));
#5626=CARTESIAN_POINT('',(0.66093089036296,-7.68656220557755,24.1850749723637));
#5627=CARTESIAN_POINT('',(0.599999999999999,-6.97794185533327,20.));
#5628=CARTESIAN_POINT('',(0.599999999999999,-6.97794185533327,20.));
#5629=CARTESIAN_POINT('',(0.300000000000098,-3.48897092766662,20.));
#5630=CARTESIAN_POINT('Origin',(-1.1753876614244,-6.66595467523914,20.));
#5631=CARTESIAN_POINT('',(-0.577593475891067,-6.71735615131274,20.));
#5632=CARTESIAN_POINT('',(-1.75471078653263,-6.50979860998765,20.));
#5633=CARTESIAN_POINT('Origin',(-1.1753876614244,-6.66595467523914,20.));
#5634=CARTESIAN_POINT('',(-0.577593475891067,-6.71735615131274,25.1578573222624));
#5635=CARTESIAN_POINT('',(-0.577593475891067,-6.71735615131274,20.));
#5636=CARTESIAN_POINT('',(-1.75471078653263,-6.50979860998765,25.1578573222624));
#5637=CARTESIAN_POINT('Ctrl Pts',(-0.577593475891069,-6.71735615131276,
25.1578573222624));
#5638=CARTESIAN_POINT('Ctrl Pts',(-0.571333935591145,-6.64455830422278,
25.2309237877968));
#5639=CARTESIAN_POINT('Ctrl Pts',(-0.578452295228555,-6.56438948397469,
25.3102484038325));
#5640=CARTESIAN_POINT('Ctrl Pts',(-0.627199202792586,-6.40878399456977,
25.4606754340181));
#5641=CARTESIAN_POINT('Ctrl Pts',(-0.668698522035785,-6.33332229857581,
25.5317938080003));
#5642=CARTESIAN_POINT('Ctrl Pts',(-0.763979007605678,-6.22536683584397,
25.6280792028852));
#5643=CARTESIAN_POINT('Ctrl Pts',(-0.814526565203564,-6.18168124078939,
25.6652134438478));
#5644=CARTESIAN_POINT('Ctrl Pts',(-0.933618394228389,-6.11252071109901,
25.7169198942411));
#5645=CARTESIAN_POINT('Ctrl Pts',(-1.00237647619035,-6.08720524802881,25.731212229138));
#5646=CARTESIAN_POINT('Ctrl Pts',(-1.14002103345813,-6.06293479883483,25.731212229138));
#5647=CARTESIAN_POINT('Ctrl Pts',(-1.21329089400479,-6.06320690362625,25.7169198942411));
#5648=CARTESIAN_POINT('Ctrl Pts',(-1.3488549012125,-6.08746473859396,25.6652134438478));
#5649=CARTESIAN_POINT('Ctrl Pts',(-1.41129542156782,-6.11122748700699,25.6280792028852));
#5650=CARTESIAN_POINT('Ctrl Pts',(-1.53775273359908,-6.18008459337887,25.5317938080003));
#5651=CARTESIAN_POINT('Ctrl Pts',(-1.60255875773901,-6.23680178914092,25.4606754340181));
#5652=CARTESIAN_POINT('Ctrl Pts',(-1.70158607885159,-6.36635069497677,25.3102484038325));
#5653=CARTESIAN_POINT('Ctrl Pts',(-1.73569450026647,-6.43925012139758,25.2309237877968));
#5654=CARTESIAN_POINT('Ctrl Pts',(-1.75471078653263,-6.50979860998766,25.1578573222624));
#5655=CARTESIAN_POINT('',(-1.75471078653263,-6.50979860998765,20.));
#5656=CARTESIAN_POINT('Origin',(-1.82278110100772,-6.7623325557252,20.));
#5657=CARTESIAN_POINT('',(-1.82278110100772,-6.7623325557252,24.8963100770799));
#5658=CARTESIAN_POINT('',(-2.00788722670977,-7.44905746164338,24.1850749723637));
#5659=CARTESIAN_POINT('',(-1.82278110100772,-6.7623325557252,20.));
#5660=CARTESIAN_POINT('',(-1.82278110100772,-6.7623325557252,20.));
#5661=CARTESIAN_POINT('',(-0.911390550503766,-3.38116627786263,20.));
#5662=CARTESIAN_POINT('Origin',(-3.38439388543101,-5.86194216239195,20.));
#5663=CARTESIAN_POINT('',(-2.84023144075046,-6.11470140317117,20.));
#5664=CARTESIAN_POINT('',(-3.87537103132736,-5.51706328190276,20.));
#5665=CARTESIAN_POINT('Origin',(-3.38439388543101,-5.86194216239195,20.));
#5666=CARTESIAN_POINT('',(-2.84023144075046,-6.11470140317117,25.1578573222624));
#5667=CARTESIAN_POINT('',(-2.84023144075046,-6.11470140317117,20.));
#5668=CARTESIAN_POINT('',(-3.87537103132736,-5.51706328190276,25.1578573222624));
#5669=CARTESIAN_POINT('Ctrl Pts',(-2.84023144075047,-6.11470140317119,25.1578573222624));
#5670=CARTESIAN_POINT('Ctrl Pts',(-2.80945106682561,-6.04843469232217,25.2309237877969));
#5671=CARTESIAN_POINT('Ctrl Pts',(-2.78872078545748,-5.97066602113449,25.3102484038325));
#5672=CARTESIAN_POINT('Ctrl Pts',(-2.781307682993,-5.80777226667518,25.4606754340181));
#5673=CARTESIAN_POINT('Ctrl Pts',(-2.79449486697402,-5.72266786468218,25.5317938080003));
#5674=CARTESIAN_POINT('Ctrl Pts',(-2.84710629333261,-5.58863506764879,25.6280792028852));
#5675=CARTESIAN_POINT('Ctrl Pts',(-2.87966410672426,-5.53029575344697,25.6652134438478));
#5676=CARTESIAN_POINT('Ctrl Pts',(-2.96791952537761,-5.42457430961529,25.7169198942411));
#5677=CARTESIAN_POINT('Ctrl Pts',(-3.02387258930902,-5.37726890672902,25.731212229138));
#5678=CARTESIAN_POINT('Ctrl Pts',(-3.14491518155299,-5.30738493351355,25.731212229138));
#5679=CARTESIAN_POINT('Ctrl Pts',(-3.21385939415447,-5.28258086017251,25.7169198942411));
#5680=CARTESIAN_POINT('Ctrl Pts',(-3.34954455956415,-5.25901014751292,25.6652134438478));
#5681=CARTESIAN_POINT('Ctrl Pts',(-3.41634679439812,-5.25998391112499,25.6280792028852));
#5682=CARTESIAN_POINT('Ctrl Pts',(-3.55872831474861,-5.28143747788581,25.5317938080003));
#5683=CARTESIAN_POINT('Ctrl Pts',(-3.63902448083894,-5.31256924255036,25.4606754340181));
#5684=CARTESIAN_POINT('Ctrl Pts',(-3.77638805908629,-5.40043605483511,25.3102484038325));
#5685=CARTESIAN_POINT('Ctrl Pts',(-3.83337256326931,-5.45727334072135,25.2309237877969));
#5686=CARTESIAN_POINT('Ctrl Pts',(-3.87537103132737,-5.51706328190278,25.1578573222624));
#5687=CARTESIAN_POINT('',(-3.87537103132736,-5.51706328190276,20.));
#5688=CARTESIAN_POINT('Origin',(-4.02570789984994,-5.7310861484973,20.));
#5689=CARTESIAN_POINT('',(-4.02570789984994,-5.7310861484973,24.8963100770799));
#5690=CARTESIAN_POINT('',(-4.43452451098186,-6.31308645145544,24.1850749723637));
#5691=CARTESIAN_POINT('',(-4.02570789984994,-5.7310861484973,20.));
#5692=CARTESIAN_POINT('',(-4.02570789984994,-5.7310861484973,20.));
#5693=CARTESIAN_POINT('',(-2.01285394992489,-2.86554307424871,20.));
#5694=CARTESIAN_POINT('Origin',(9.16070380642053E-17,0.,17.8));
#5695=CARTESIAN_POINT('',(1.,1.22464679914735E-16,20.8));
#5696=CARTESIAN_POINT('Origin',(9.16070380642053E-17,0.,20.8));
#5697=CARTESIAN_POINT('',(1.,1.22464679914735E-16,22.8));
#5698=CARTESIAN_POINT('',(1.,1.22464679914735E-16,17.8));
#5699=CARTESIAN_POINT('Origin',(9.16070380642053E-17,0.,22.8));
#5700=CARTESIAN_POINT('Origin',(9.16070380642053E-17,0.,22.8));
#5701=CARTESIAN_POINT('Origin',(0.,0.,24.1850749723637));
#5702=CARTESIAN_POINT('',(6.,-7.34788079488412E-16,25.9));
#5703=CARTESIAN_POINT('Origin',(0.,0.,25.9));
#5704=CARTESIAN_POINT('',(7.71492502763631,-9.44805824075661E-16,24.1850749723637));
#5705=CARTESIAN_POINT('',(6.97612014580075,0.620822235237093,24.8963100770799));
#5706=CARTESIAN_POINT('',(7.6845554987387,0.683867654487333,24.1850749723637));
#5707=CARTESIAN_POINT('',(7.87573972035273,1.0840774221698,23.95));
#5708=CARTESIAN_POINT('Ctrl Pts',(7.87573972035273,1.0840774221698,23.95));
#5709=CARTESIAN_POINT('Ctrl Pts',(7.39746474912162,0.837791806037845,24.4573914294376));
#5710=CARTESIAN_POINT('Ctrl Pts',(6.97612014580075,0.620822235237093,24.8963100770799));
#5711=CARTESIAN_POINT('',(7.77155081375257,1.67496207397713,23.95));
#5712=CARTESIAN_POINT('Origin',(0.,0.,23.95));
#5713=CARTESIAN_POINT('Ctrl Pts',(6.76774233260043,1.80259153885174,24.8963100770799));
#5714=CARTESIAN_POINT('Ctrl Pts',(7.23788471084201,1.74281517585371,24.4573914294469));
#5715=CARTESIAN_POINT('Ctrl Pts',(7.77155081375257,1.67496207397712,23.95));
#5716=CARTESIAN_POINT('',(6.34307491284933,2.96935568539597,24.8963100770799));
#5717=CARTESIAN_POINT('',(6.98722358298098,3.27089816158858,24.1850749723637));
#5718=CARTESIAN_POINT('',(7.02999818313929,3.71236118192428,23.95));
#5719=CARTESIAN_POINT('Ctrl Pts',(7.02999818313929,3.71236118192428,23.95));
#5720=CARTESIAN_POINT('Ctrl Pts',(6.66480136369532,3.31734873162981,24.4573914294377));
#5721=CARTESIAN_POINT('Ctrl Pts',(6.34307491284933,2.96935568539597,24.8963100770799));
#5722=CARTESIAN_POINT('',(6.72999818313929,4.23197642419494,23.95));
#5723=CARTESIAN_POINT('Origin',(0.,0.,23.95));
#5724=CARTESIAN_POINT('Ctrl Pts',(5.74307491284933,4.0085861699373,24.8963100770799));
#5725=CARTESIAN_POINT('Ctrl Pts',(6.20530895664172,4.11321292632028,24.4573914294469));
#5726=CARTESIAN_POINT('Ctrl Pts',(6.72999818313929,4.23197642419494,23.95));
#5727=CARTESIAN_POINT('',(4.94496123159271,4.95974101687345,24.8963100770799));
#5728=CARTESIAN_POINT('',(5.44712938267831,5.46341007708663,24.1850749723637));
#5729=CARTESIAN_POINT('',(5.33633511331595,5.89287939452279,23.95));
#5730=CARTESIAN_POINT('Ctrl Pts',(5.33633511331595,5.89287939452279,23.95));
#5731=CARTESIAN_POINT('Ctrl Pts',(5.12826457181511,5.39678444133424,24.4573914294376));
#5732=CARTESIAN_POINT('Ctrl Pts',(4.94496123159271,4.95974101687345,24.8963100770799));
#5733=CARTESIAN_POINT('',(4.87670844744456,6.27855196033471,23.95));
#5734=CARTESIAN_POINT('Origin',(0.,0.,23.95));
#5735=CARTESIAN_POINT('Ctrl Pts',(4.02570789984994,5.7310861484973,24.89631007708));
#5736=CARTESIAN_POINT('Ctrl Pts',(4.42428136166388,5.98749649331503,24.4573914294469));
#5737=CARTESIAN_POINT('Ctrl Pts',(4.87670844744456,6.27855196033471,23.95));
#5738=CARTESIAN_POINT('',(2.95041224595082,6.3519083837344,24.8963100770799));
#5739=CARTESIAN_POINT('',(3.25003098775684,6.99695410594277,24.1850749723637));
#5740=CARTESIAN_POINT('',(2.99903127290817,7.36262938250451,23.95));
#5741=CARTESIAN_POINT('Ctrl Pts',(2.99903127290817,7.36262938250451,23.95));
#5742=CARTESIAN_POINT('Ctrl Pts',(2.97318338744959,6.82528829935813,24.4573914294376));
#5743=CARTESIAN_POINT('Ctrl Pts',(2.95041224595082,6.3519083837344,24.8963100770799));
#5744=CARTESIAN_POINT('',(2.43521570043663,7.56784146849991,23.95));
#5745=CARTESIAN_POINT('Origin',(0.,0.,23.95));
#5746=CARTESIAN_POINT('Ctrl Pts',(1.82278110100773,6.7623325557252,24.8963100770799));
#5747=CARTESIAN_POINT('Ctrl Pts',(2.10962013903064,7.13959961717901,24.4573914294469));
#5748=CARTESIAN_POINT('Ctrl Pts',(2.43521570043663,7.56784146849991,23.95));
#5749=CARTESIAN_POINT('',(0.6,6.97794185533327,24.8963100770799));
#5750=CARTESIAN_POINT('',(0.660930890362961,7.68656220557755,24.1850749723637));
#5751=CARTESIAN_POINT('',(0.3,7.94433760611922,23.95));
#5752=CARTESIAN_POINT('Ctrl Pts',(0.3,7.94433760611922,23.95));
#5753=CARTESIAN_POINT('Ctrl Pts',(0.459492407044159,7.43056165795222,24.4573914294377));
#5754=CARTESIAN_POINT('Ctrl Pts',(0.6,6.97794185533327,24.8963100770799));
#5755=CARTESIAN_POINT('',(-0.3,7.94433760611922,23.95));
#5756=CARTESIAN_POINT('Origin',(0.,0.,23.95));
#5757=CARTESIAN_POINT('Ctrl Pts',(-0.6,6.97794185533327,24.89631007708));
#5758=CARTESIAN_POINT('Ctrl Pts',(-0.459492407047036,7.43056165794295,24.4573914294469));
#5759=CARTESIAN_POINT('Ctrl Pts',(-0.3,7.94433760611922,23.95));
#5760=CARTESIAN_POINT('',(-1.82278110100772,6.7623325557252,24.8963100770799));
#5761=CARTESIAN_POINT('',(-2.00788722670977,7.44905746164338,24.1850749723637));
#5762=CARTESIAN_POINT('',(-2.43521570043662,7.56784146849992,23.95));
#5763=CARTESIAN_POINT('Ctrl Pts',(-2.43521570043662,7.56784146849992,23.95));
#5764=CARTESIAN_POINT('Ctrl Pts',(-2.1096201390365,7.13959961718673,24.4573914294376));
#5765=CARTESIAN_POINT('Ctrl Pts',(-1.82278110100772,6.7623325557252,24.8963100770799));
#5766=CARTESIAN_POINT('',(-2.99903127290817,7.36262938250452,23.95));
#5767=CARTESIAN_POINT('Origin',(0.,0.,23.95));
#5768=CARTESIAN_POINT('Ctrl Pts',(-2.95041224595081,6.3519083837344,24.8963100770799));
#5769=CARTESIAN_POINT('Ctrl Pts',(-2.97318338744912,6.82528829934845,24.4573914294469));
#5770=CARTESIAN_POINT('Ctrl Pts',(-2.99903127290817,7.36262938250452,23.95));
#5771=CARTESIAN_POINT('',(-4.02570789984994,5.7310861484973,24.8963100770799));
#5772=CARTESIAN_POINT('',(-4.43452451098186,6.31308645145544,24.1850749723637));
#5773=CARTESIAN_POINT('',(-4.87670844744456,6.27855196033471,23.95));
#5774=CARTESIAN_POINT('Ctrl Pts',(-4.87670844744456,6.27855196033471,23.95));
#5775=CARTESIAN_POINT('Ctrl Pts',(-4.424281361672,5.98749649332026,24.4573914294377));
#5776=CARTESIAN_POINT('Ctrl Pts',(-4.02570789984994,5.7310861484973,24.8963100770799));
#5777=CARTESIAN_POINT('',(-5.33633511331595,5.89287939452279,23.95));
#5778=CARTESIAN_POINT('Origin',(0.,0.,23.95));
#5779=CARTESIAN_POINT('Ctrl Pts',(-4.94496123159271,4.95974101687346,24.8963100770799));
#5780=CARTESIAN_POINT('Ctrl Pts',(-5.12826457181136,5.39678444132529,24.4573914294469));
#5781=CARTESIAN_POINT('Ctrl Pts',(-5.33633511331595,5.89287939452279,23.95));
#5782=CARTESIAN_POINT('',(-5.74307491284933,4.0085861699373,24.8963100770799));
#5783=CARTESIAN_POINT('',(-6.32629269261802,4.41566404398897,24.1850749723637));
#5784=CARTESIAN_POINT('',(-6.72999818313929,4.23197642419494,23.95));
#5785=CARTESIAN_POINT('Ctrl Pts',(-6.72999818313929,4.23197642419494,23.95));
#5786=CARTESIAN_POINT('Ctrl Pts',(-6.20530895665117,4.11321292632242,24.4573914294376));
#5787=CARTESIAN_POINT('Ctrl Pts',(-5.74307491284933,4.0085861699373,24.8963100770799));
#5788=CARTESIAN_POINT('',(-7.02999818313929,3.71236118192428,23.95));
#5789=CARTESIAN_POINT('Origin',(0.,0.,23.95));
#5790=CARTESIAN_POINT('Ctrl Pts',(-6.34307491284933,2.96935568539597,24.8963100770799));
#5791=CARTESIAN_POINT('Ctrl Pts',(-6.66480136368874,3.31734873162269,24.4573914294469));
#5792=CARTESIAN_POINT('Ctrl Pts',(-7.02999818313929,3.71236118192428,23.95));
#5793=CARTESIAN_POINT('',(-6.76774233260043,1.80259153885175,24.8963100770799));
#5794=CARTESIAN_POINT('',(-7.45501660938808,1.98564738455675,24.1850749723637));
#5795=CARTESIAN_POINT('',(-7.77155081375257,1.67496207397713,23.95));
#5796=CARTESIAN_POINT('Ctrl Pts',(-7.77155081375257,1.67496207397713,23.95));
#5797=CARTESIAN_POINT('Ctrl Pts',(-7.23788471085163,1.74281517585249,24.4573914294376));
#5798=CARTESIAN_POINT('Ctrl Pts',(-6.76774233260043,1.80259153885175,24.89631007708));
#5799=CARTESIAN_POINT('',(-7.87573972035273,1.08407742216981,23.95));
#5800=CARTESIAN_POINT('Origin',(0.,0.,23.95));
#5801=CARTESIAN_POINT('Ctrl Pts',(-6.97612014580075,0.620822235237097,24.8963100770799));
#5802=CARTESIAN_POINT('Ctrl Pts',(-7.397464749113,0.837791806033409,24.4573914294469));
#5803=CARTESIAN_POINT('Ctrl Pts',(-7.87573972035273,1.08407742216981,23.95));
#5804=CARTESIAN_POINT('',(-6.97612014580075,-0.620822235237096,24.8963100770799));
#5805=CARTESIAN_POINT('',(-7.6845554987387,-0.683867654487336,24.1850749723637));
#5806=CARTESIAN_POINT('',(-7.87573972035273,-1.0840774221698,23.95));
#5807=CARTESIAN_POINT('Ctrl Pts',(-7.87573972035273,-1.0840774221698,23.95));
#5808=CARTESIAN_POINT('Ctrl Pts',(-7.39746474912164,-0.837791806037858,
24.4573914294376));
#5809=CARTESIAN_POINT('Ctrl Pts',(-6.97612014580075,-0.620822235237096,
24.89631007708));
#5810=CARTESIAN_POINT('',(-7.77155081375257,-1.67496207397713,23.95));
#5811=CARTESIAN_POINT('Origin',(0.,0.,23.95));
#5812=CARTESIAN_POINT('Ctrl Pts',(-6.76774233260043,-1.80259153885175,24.8963100770799));
#5813=CARTESIAN_POINT('Ctrl Pts',(-7.23788471084198,-1.74281517585372,24.4573914294469));
#5814=CARTESIAN_POINT('Ctrl Pts',(-7.77155081375257,-1.67496207397713,23.95));
#5815=CARTESIAN_POINT('',(-6.34307491284933,-2.96935568539597,24.8963100770799));
#5816=CARTESIAN_POINT('',(-6.98722358298098,-3.27089816158858,24.1850749723637));
#5817=CARTESIAN_POINT('',(-7.0299981831393,-3.71236118192427,23.95));
#5818=CARTESIAN_POINT('Ctrl Pts',(-7.0299981831393,-3.71236118192427,23.95));
#5819=CARTESIAN_POINT('Ctrl Pts',(-6.66480136369533,-3.31734873162981,24.4573914294377));
#5820=CARTESIAN_POINT('Ctrl Pts',(-6.34307491284933,-2.96935568539597,24.8963100770799));
#5821=CARTESIAN_POINT('',(-6.7299981831393,-4.23197642419494,23.95));
#5822=CARTESIAN_POINT('Origin',(0.,0.,23.95));
#5823=CARTESIAN_POINT('Ctrl Pts',(-5.74307491284933,-4.00858616993729,24.8963100770799));
#5824=CARTESIAN_POINT('Ctrl Pts',(-6.20530895664172,-4.11321292632027,24.4573914294469));
#5825=CARTESIAN_POINT('Ctrl Pts',(-6.7299981831393,-4.23197642419494,23.95));
#5826=CARTESIAN_POINT('',(-4.94496123159271,-4.95974101687345,24.8963100770799));
#5827=CARTESIAN_POINT('',(-5.44712938267831,-5.46341007708663,24.1850749723637));
#5828=CARTESIAN_POINT('',(-5.33633511331595,-5.89287939452278,23.95));
#5829=CARTESIAN_POINT('Ctrl Pts',(-5.33633511331595,-5.89287939452278,23.95));
#5830=CARTESIAN_POINT('Ctrl Pts',(-5.1282645718151,-5.39678444133421,24.4573914294377));
#5831=CARTESIAN_POINT('Ctrl Pts',(-4.94496123159271,-4.95974101687345,24.8963100770799));
#5832=CARTESIAN_POINT('',(-4.87670844744456,-6.27855196033471,23.95));
#5833=CARTESIAN_POINT('Origin',(0.,0.,23.95));
#5834=CARTESIAN_POINT('Ctrl Pts',(-4.02570789984994,-5.7310861484973,24.8963100770799));
#5835=CARTESIAN_POINT('Ctrl Pts',(-4.42428136166387,-5.98749649331503,24.4573914294469));
#5836=CARTESIAN_POINT('Ctrl Pts',(-4.87670844744456,-6.27855196033471,23.95));
#5837=CARTESIAN_POINT('',(-2.95041224595081,-6.3519083837344,24.8963100770799));
#5838=CARTESIAN_POINT('',(-3.25003098775684,-6.99695410594278,24.1850749723637));
#5839=CARTESIAN_POINT('',(-2.99903127290817,-7.36262938250451,23.95));
#5840=CARTESIAN_POINT('Ctrl Pts',(-2.99903127290817,-7.36262938250451,23.95));
#5841=CARTESIAN_POINT('Ctrl Pts',(-2.97318338744959,-6.8252882993581,24.4573914294377));
#5842=CARTESIAN_POINT('Ctrl Pts',(-2.95041224595081,-6.3519083837344,24.8963100770799));
#5843=CARTESIAN_POINT('',(-2.43521570043662,-7.56784146849991,23.95));
#5844=CARTESIAN_POINT('Origin',(0.,0.,23.95));
#5845=CARTESIAN_POINT('Ctrl Pts',(-1.82278110100772,-6.7623325557252,24.8963100770799));
#5846=CARTESIAN_POINT('Ctrl Pts',(-2.10962013903062,-7.13959961717899,24.4573914294469));
#5847=CARTESIAN_POINT('Ctrl Pts',(-2.43521570043662,-7.56784146849991,23.95));
#5848=CARTESIAN_POINT('',(-0.600000000000001,-6.97794185533327,24.8963100770799));
#5849=CARTESIAN_POINT('',(-0.660930890362962,-7.68656220557755,24.1850749723637));
#5850=CARTESIAN_POINT('',(-0.300000000000001,-7.94433760611922,23.95));
#5851=CARTESIAN_POINT('Ctrl Pts',(-0.300000000000001,-7.94433760611922,
23.95));
#5852=CARTESIAN_POINT('Ctrl Pts',(-0.459492407044153,-7.43056165795224,
24.4573914294376));
#5853=CARTESIAN_POINT('Ctrl Pts',(-0.600000000000001,-6.97794185533327,
24.8963100770799));
#5854=CARTESIAN_POINT('',(0.299999999999999,-7.94433760611922,23.95));
#5855=CARTESIAN_POINT('Origin',(0.,0.,23.95));
#5856=CARTESIAN_POINT('Ctrl Pts',(0.599999999999999,-6.97794185533327,24.8963100770799));
#5857=CARTESIAN_POINT('Ctrl Pts',(0.459492407047035,-7.43056165794296,24.4573914294469));
#5858=CARTESIAN_POINT('Ctrl Pts',(0.299999999999999,-7.94433760611922,23.95));
#5859=CARTESIAN_POINT('',(1.82278110100772,-6.7623325557252,24.8963100770799));
#5860=CARTESIAN_POINT('',(2.00788722670977,-7.44905746164338,24.1850749723637));
#5861=CARTESIAN_POINT('',(2.43521570043662,-7.56784146849991,23.95));
#5862=CARTESIAN_POINT('Ctrl Pts',(2.43521570043662,-7.56784146849991,23.95));
#5863=CARTESIAN_POINT('Ctrl Pts',(2.10962013903649,-7.13959961718671,24.4573914294377));
#5864=CARTESIAN_POINT('Ctrl Pts',(1.82278110100772,-6.7623325557252,24.8963100770799));
#5865=CARTESIAN_POINT('',(2.99903127290817,-7.36262938250451,23.95));
#5866=CARTESIAN_POINT('Origin',(0.,0.,23.95));
#5867=CARTESIAN_POINT('Ctrl Pts',(2.95041224595081,-6.3519083837344,24.89631007708));
#5868=CARTESIAN_POINT('Ctrl Pts',(2.97318338744912,-6.82528829934844,24.4573914294469));
#5869=CARTESIAN_POINT('Ctrl Pts',(2.99903127290817,-7.36262938250451,23.95));
#5870=CARTESIAN_POINT('',(4.02570789984994,-5.7310861484973,24.8963100770799));
#5871=CARTESIAN_POINT('',(4.43452451098186,-6.31308645145544,24.1850749723637));
#5872=CARTESIAN_POINT('',(4.87670844744456,-6.27855196033471,23.95));
#5873=CARTESIAN_POINT('Ctrl Pts',(4.87670844744456,-6.27855196033471,23.95));
#5874=CARTESIAN_POINT('Ctrl Pts',(4.424281361672,-5.98749649332026,24.4573914294377));
#5875=CARTESIAN_POINT('Ctrl Pts',(4.02570789984994,-5.7310861484973,24.8963100770799));
#5876=CARTESIAN_POINT('',(5.33633511331595,-5.89287939452279,23.95));
#5877=CARTESIAN_POINT('Origin',(0.,0.,23.95));
#5878=CARTESIAN_POINT('Ctrl Pts',(4.94496123159271,-4.95974101687346,24.8963100770799));
#5879=CARTESIAN_POINT('Ctrl Pts',(5.12826457181136,-5.39678444132529,24.4573914294469));
#5880=CARTESIAN_POINT('Ctrl Pts',(5.33633511331595,-5.89287939452279,23.95));
#5881=CARTESIAN_POINT('',(5.74307491284933,-4.0085861699373,24.8963100770799));
#5882=CARTESIAN_POINT('',(6.32629269261802,-4.41566404398897,24.1850749723637));
#5883=CARTESIAN_POINT('',(6.72999818313929,-4.23197642419494,23.95));
#5884=CARTESIAN_POINT('Ctrl Pts',(6.72999818313929,-4.23197642419494,23.95));
#5885=CARTESIAN_POINT('Ctrl Pts',(6.20530895665118,-4.11321292632242,24.4573914294377));
#5886=CARTESIAN_POINT('Ctrl Pts',(5.74307491284932,-4.0085861699373,24.8963100770799));
#5887=CARTESIAN_POINT('',(7.02999818313929,-3.71236118192428,23.95));
#5888=CARTESIAN_POINT('Origin',(0.,0.,23.95));
#5889=CARTESIAN_POINT('Ctrl Pts',(6.34307491284933,-2.96935568539597,24.8963100770799));
#5890=CARTESIAN_POINT('Ctrl Pts',(6.66480136368875,-3.31734873162271,24.4573914294469));
#5891=CARTESIAN_POINT('Ctrl Pts',(7.02999818313929,-3.71236118192428,23.95));
#5892=CARTESIAN_POINT('',(6.76774233260043,-1.80259153885175,24.8963100770799));
#5893=CARTESIAN_POINT('',(7.45501660938808,-1.98564738455675,24.1850749723637));
#5894=CARTESIAN_POINT('',(7.77155081375257,-1.67496207397713,23.95));
#5895=CARTESIAN_POINT('Ctrl Pts',(7.77155081375257,-1.67496207397713,23.95));
#5896=CARTESIAN_POINT('Ctrl Pts',(7.23788471085161,-1.74281517585249,24.4573914294376));
#5897=CARTESIAN_POINT('Ctrl Pts',(6.76774233260043,-1.80259153885175,24.8963100770799));
#5898=CARTESIAN_POINT('',(7.87573972035273,-1.0840774221698,23.95));
#5899=CARTESIAN_POINT('Origin',(0.,0.,23.95));
#5900=CARTESIAN_POINT('Ctrl Pts',(6.97612014580075,-0.620822235237096,24.8963100770799));
#5901=CARTESIAN_POINT('Ctrl Pts',(7.39746474911301,-0.837791806033413,24.4573914294469));
#5902=CARTESIAN_POINT('Ctrl Pts',(7.87573972035273,-1.0840774221698,23.95));
#5903=CARTESIAN_POINT('Origin',(-2.95041224595081,-6.3519083837344,20.));
#5904=CARTESIAN_POINT('',(-2.95041224595081,-6.3519083837344,20.));
#5905=CARTESIAN_POINT('',(-2.95041224595081,-6.3519083837344,20.));
#5906=CARTESIAN_POINT('',(-2.99903127290817,-7.36262938250451,20.));
#5907=CARTESIAN_POINT('',(-2.79458538305682,-3.11248768044522,20.));
#5908=CARTESIAN_POINT('',(-2.99903127290817,-7.36262938250451,20.));
#5909=CARTESIAN_POINT('Origin',(-0.600000000000001,-6.97794185533327,20.));
#5910=CARTESIAN_POINT('',(-0.600000000000001,-6.97794185533327,20.));
#5911=CARTESIAN_POINT('',(-0.600000000000001,-6.97794185533327,20.));
#5912=CARTESIAN_POINT('',(-0.300000000000001,-7.94433760611922,20.));
#5913=CARTESIAN_POINT('',(-1.5615177800494,-3.88058619885034,20.));
#5914=CARTESIAN_POINT('',(-0.300000000000001,-7.94433760611922,20.));
#5915=CARTESIAN_POINT('Origin',(-2.52759240779243,-5.44162444680539,20.));
#5916=CARTESIAN_POINT('',(-1.2637962038963,-2.72081222340265,20.));
#5917=CARTESIAN_POINT('Origin',(-0.514014760736188,-5.97794185533327,20.));
#5918=CARTESIAN_POINT('',(-0.257007380368193,-2.98897092766662,20.));
#5919=CARTESIAN_POINT('Origin',(-4.94496123159271,-4.95974101687345,20.));
#5920=CARTESIAN_POINT('',(-4.94496123159271,-4.95974101687345,20.));
#5921=CARTESIAN_POINT('',(-4.94496123159271,-4.95974101687345,20.));
#5922=CARTESIAN_POINT('',(-5.33633511331595,-5.89287939452278,20.));
#5923=CARTESIAN_POINT('',(-3.69058474517991,-1.96897721235251,20.));
#5924=CARTESIAN_POINT('',(-5.33633511331595,-5.89287939452278,20.));
#5925=CARTESIAN_POINT('Origin',(1.82278110100772,-6.7623325557252,20.));
#5926=CARTESIAN_POINT('',(1.82278110100772,-6.7623325557252,20.));
#5927=CARTESIAN_POINT('',(1.82278110100772,-6.7623325557252,20.));
#5928=CARTESIAN_POINT('',(2.43521570043662,-7.56784146849991,20.));
#5929=CARTESIAN_POINT('',(-0.140108087220008,-4.18062875032137,20.));
#5930=CARTESIAN_POINT('',(2.43521570043662,-7.56784146849991,20.));
#5931=CARTESIAN_POINT('Origin',(-4.23630510717787,-4.24896682016919,20.));
#5932=CARTESIAN_POINT('',(-2.11815255358901,-2.12448341008452,20.));
#5933=CARTESIAN_POINT('Origin',(1.56156065251477,-5.79323125108239,20.));
#5934=CARTESIAN_POINT('',(0.780780326257288,-2.89661562554122,20.));
#5935=CARTESIAN_POINT('Origin',(-6.34307491284933,-2.96935568539597,20.));
#5936=CARTESIAN_POINT('',(-6.34307491284933,-2.96935568539597,20.));
#5937=CARTESIAN_POINT('',(-6.34307491284933,-2.96935568539597,20.));
#5938=CARTESIAN_POINT('',(-7.0299981831393,-3.71236118192427,20.));
#5939=CARTESIAN_POINT('',(-4.14144511980438,-0.587979033441307,20.));
#5940=CARTESIAN_POINT('',(-7.0299981831393,-3.71236118192427,20.));
#5941=CARTESIAN_POINT('Origin',(4.02570789984994,-5.7310861484973,20.));
#5942=CARTESIAN_POINT('',(4.02570789984994,-5.7310861484973,20.));
#5943=CARTESIAN_POINT('',(4.02570789984994,-5.7310861484973,20.));
#5944=CARTESIAN_POINT('',(4.87670844744456,-6.27855196033471,20.));
#5945=CARTESIAN_POINT('',(1.29820070870326,-3.97642577499448,20.));
#5946=CARTESIAN_POINT('',(4.87670844744456,-6.27855196033471,20.));
#5947=CARTESIAN_POINT('Origin',(-5.43405688943298,-2.54382108694891,20.));
#5948=CARTESIAN_POINT('',(-2.71702844471653,-1.27191054347437,20.));
#5949=CARTESIAN_POINT('Origin',(3.4487888048917,-4.90977145896361,20.));
#5950=CARTESIAN_POINT('',(1.72439440244577,-2.45488572948186,20.));
#5951=CARTESIAN_POINT('Origin',(-6.97612014580075,-0.620822235237095,20.));
#5952=CARTESIAN_POINT('',(-6.97612014580075,-0.620822235237095,20.));
#5953=CARTESIAN_POINT('',(-6.97612014580075,-0.620822235237095,20.));
#5954=CARTESIAN_POINT('',(-7.87573972035273,-1.0840774221698,20.));
#5955=CARTESIAN_POINT('',(-4.09278609176007,0.863938094549258,20.));
#5956=CARTESIAN_POINT('',(-7.87573972035273,-1.0840774221698,20.));
#5957=CARTESIAN_POINT('Origin',(5.74307491284933,-4.0085861699373,20.));
#5958=CARTESIAN_POINT('',(5.74307491284933,-4.0085861699373,20.));
#5959=CARTESIAN_POINT('',(5.74307491284933,-4.0085861699373,20.));
#5960=CARTESIAN_POINT('',(6.72999818313929,-4.23197642419494,20.));
#5961=CARTESIAN_POINT('',(2.57992733975498,-3.29260716540903,20.));
#5962=CARTESIAN_POINT('',(6.72999818313929,-4.23197642419494,20.));
#5963=CARTESIAN_POINT('Origin',(-5.97638121268413,-0.531852987841777,20.));
#5964=CARTESIAN_POINT('',(-2.98819060634207,-0.26592649392079,20.));
#5965=CARTESIAN_POINT('Origin',(4.92004212869679,-3.43412076838435,20.));
#5966=CARTESIAN_POINT('',(2.46002106434834,-1.71706038419226,20.));
#5967=CARTESIAN_POINT('Origin',(6.76774233260043,-1.80259153885175,20.));
#5968=CARTESIAN_POINT('',(6.76774233260043,-1.80259153885175,20.));
#5969=CARTESIAN_POINT('',(6.76774233260043,-1.80259153885175,20.));
#5970=CARTESIAN_POINT('',(7.77155081375257,-1.67496207397713,20.));
#5971=CARTESIAN_POINT('',(3.5504766579599,-2.21165153796886,20.));
#5972=CARTESIAN_POINT('',(7.77155081375257,-1.67496207397713,20.));
#5973=CARTESIAN_POINT('Origin',(-6.76774233260043,1.80259153885175,20.));
#5974=CARTESIAN_POINT('',(-6.76774233260043,1.80259153885175,20.));
#5975=CARTESIAN_POINT('',(-6.76774233260043,1.80259153885175,20.));
#5976=CARTESIAN_POINT('',(-7.77155081375257,1.67496207397713,20.));
#5977=CARTESIAN_POINT('',(-3.5504766579599,2.21165153796886,20.));
#5978=CARTESIAN_POINT('',(-7.77155081375257,1.67496207397713,20.));
#5979=CARTESIAN_POINT('Origin',(5.79786575969264,-1.5442644309132,20.));
#5980=CARTESIAN_POINT('',(2.8989328798463,-0.772132215456697,20.));
#5981=CARTESIAN_POINT('Origin',(-5.79786575969264,1.5442644309132,20.));
#5982=CARTESIAN_POINT('',(-2.89893287984629,0.772132215456697,20.));
#5983=CARTESIAN_POINT('Origin',(6.97612014580075,0.620822235237093,20.));
#5984=CARTESIAN_POINT('',(6.97612014580075,0.620822235237093,20.));
#5985=CARTESIAN_POINT('',(6.97612014580075,0.620822235237093,20.));
#5986=CARTESIAN_POINT('',(7.87573972035273,1.0840774221698,20.));
#5987=CARTESIAN_POINT('',(4.09278609176007,-0.86393809454926,20.));
#5988=CARTESIAN_POINT('',(7.87573972035273,1.0840774221698,20.));
#5989=CARTESIAN_POINT('Origin',(-5.74307491284933,4.0085861699373,20.));
#5990=CARTESIAN_POINT('',(-5.74307491284933,4.0085861699373,20.));
#5991=CARTESIAN_POINT('',(-5.74307491284933,4.0085861699373,20.));
#5992=CARTESIAN_POINT('',(-6.72999818313929,4.23197642419494,20.));
#5993=CARTESIAN_POINT('',(-2.57992733975498,3.29260716540903,20.));
#5994=CARTESIAN_POINT('',(-6.72999818313929,4.23197642419494,20.));
#5995=CARTESIAN_POINT('Origin',(5.97638121268413,0.531852987841775,20.));
#5996=CARTESIAN_POINT('',(2.98819060634207,0.265926493920789,20.));
#5997=CARTESIAN_POINT('Origin',(-4.92004212869679,3.43412076838435,20.));
#5998=CARTESIAN_POINT('',(-2.46002106434834,1.71706038419226,20.));
#5999=CARTESIAN_POINT('Origin',(6.34307491284933,2.96935568539597,20.));
#6000=CARTESIAN_POINT('',(6.34307491284933,2.96935568539597,20.));
#6001=CARTESIAN_POINT('',(6.34307491284933,2.96935568539597,20.));
#6002=CARTESIAN_POINT('',(7.02999818313929,3.71236118192428,20.));
#6003=CARTESIAN_POINT('',(4.14144511980438,0.587979033441308,20.));
#6004=CARTESIAN_POINT('',(7.02999818313929,3.71236118192428,20.));
#6005=CARTESIAN_POINT('Origin',(-4.02570789984994,5.7310861484973,20.));
#6006=CARTESIAN_POINT('',(-4.02570789984994,5.7310861484973,20.));
#6007=CARTESIAN_POINT('',(-4.02570789984994,5.7310861484973,20.));
#6008=CARTESIAN_POINT('',(-4.87670844744456,6.27855196033471,20.));
#6009=CARTESIAN_POINT('',(-1.29820070870326,3.97642577499448,20.));
#6010=CARTESIAN_POINT('',(-4.87670844744456,6.27855196033471,20.));
#6011=CARTESIAN_POINT('Origin',(5.43405688943298,2.54382108694891,20.));
#6012=CARTESIAN_POINT('',(2.71702844471653,1.27191054347437,20.));
#6013=CARTESIAN_POINT('Origin',(-3.4487888048917,4.90977145896361,20.));
#6014=CARTESIAN_POINT('',(-1.72439440244577,2.45488572948186,20.));
#6015=CARTESIAN_POINT('Origin',(4.94496123159271,4.95974101687345,20.));
#6016=CARTESIAN_POINT('',(4.94496123159271,4.95974101687345,20.));
#6017=CARTESIAN_POINT('',(4.94496123159271,4.95974101687345,20.));
#6018=CARTESIAN_POINT('',(5.33633511331595,5.89287939452279,20.));
#6019=CARTESIAN_POINT('',(3.69058474517991,1.96897721235251,20.));
#6020=CARTESIAN_POINT('',(5.33633511331595,5.89287939452279,20.));
#6021=CARTESIAN_POINT('Origin',(-1.82278110100772,6.7623325557252,20.));
#6022=CARTESIAN_POINT('',(-1.82278110100772,6.7623325557252,20.));
#6023=CARTESIAN_POINT('',(-1.82278110100772,6.7623325557252,20.));
#6024=CARTESIAN_POINT('',(-2.43521570043662,7.56784146849992,20.));
#6025=CARTESIAN_POINT('',(0.14010808722001,4.18062875032138,20.));
#6026=CARTESIAN_POINT('',(-2.43521570043662,7.56784146849992,20.));
#6027=CARTESIAN_POINT('Origin',(4.23630510717788,4.24896682016919,20.));
#6028=CARTESIAN_POINT('',(2.11815255358901,2.12448341008452,20.));
#6029=CARTESIAN_POINT('Origin',(-1.56156065251477,5.79323125108239,20.));
#6030=CARTESIAN_POINT('',(-0.780780326257288,2.89661562554122,20.));
#6031=CARTESIAN_POINT('Origin',(2.95041224595082,6.3519083837344,20.));
#6032=CARTESIAN_POINT('',(2.95041224595082,6.3519083837344,20.));
#6033=CARTESIAN_POINT('',(2.95041224595082,6.3519083837344,20.));
#6034=CARTESIAN_POINT('',(2.99903127290817,7.36262938250451,20.));
#6035=CARTESIAN_POINT('',(2.79458538305682,3.11248768044522,20.));
#6036=CARTESIAN_POINT('',(2.99903127290817,7.36262938250451,20.));
#6037=CARTESIAN_POINT('Origin',(0.,0.,17.6));
#6038=CARTESIAN_POINT('',(-4.87670844744456,-6.27855196033471,20.));
#6039=CARTESIAN_POINT('Origin',(0.,0.,20.));
#6040=CARTESIAN_POINT('',(-4.87670844744456,-6.27855196033471,20.));
#6041=CARTESIAN_POINT('',(-6.7299981831393,-4.23197642419494,20.));
#6042=CARTESIAN_POINT('Origin',(0.,0.,20.));
#6043=CARTESIAN_POINT('',(-6.7299981831393,-4.23197642419494,20.));
#6044=CARTESIAN_POINT('',(-7.77155081375257,-1.67496207397713,20.));
#6045=CARTESIAN_POINT('Origin',(0.,0.,20.));
#6046=CARTESIAN_POINT('',(-7.77155081375257,-1.67496207397713,20.));
#6047=CARTESIAN_POINT('',(-7.87573972035273,1.0840774221698,20.));
#6048=CARTESIAN_POINT('Origin',(0.,0.,20.));
#6049=CARTESIAN_POINT('',(-7.87573972035273,1.0840774221698,20.));
#6050=CARTESIAN_POINT('',(-7.02999818313929,3.71236118192428,20.));
#6051=CARTESIAN_POINT('Origin',(0.,0.,20.));
#6052=CARTESIAN_POINT('',(-7.02999818313929,3.71236118192428,20.));
#6053=CARTESIAN_POINT('',(-5.33633511331595,5.89287939452279,20.));
#6054=CARTESIAN_POINT('Origin',(0.,0.,20.));
#6055=CARTESIAN_POINT('',(-5.33633511331595,5.89287939452279,20.));
#6056=CARTESIAN_POINT('',(-2.99903127290817,7.36262938250452,20.));
#6057=CARTESIAN_POINT('Origin',(0.,0.,20.));
#6058=CARTESIAN_POINT('',(-2.99903127290817,7.36262938250452,20.));
#6059=CARTESIAN_POINT('',(-0.3,7.94433760611922,20.));
#6060=CARTESIAN_POINT('Origin',(0.,0.,20.));
#6061=CARTESIAN_POINT('',(-0.3,7.94433760611922,20.));
#6062=CARTESIAN_POINT('',(0.3,7.94433760611922,20.));
#6063=CARTESIAN_POINT('',(0.3,7.94433760611922,20.));
#6064=CARTESIAN_POINT('',(2.43521570043663,7.56784146849991,20.));
#6065=CARTESIAN_POINT('Origin',(0.,0.,20.));
#6066=CARTESIAN_POINT('',(2.43521570043663,7.56784146849991,20.));
#6067=CARTESIAN_POINT('',(4.87670844744456,6.27855196033471,20.));
#6068=CARTESIAN_POINT('Origin',(0.,0.,20.));
#6069=CARTESIAN_POINT('',(4.87670844744456,6.27855196033471,20.));
#6070=CARTESIAN_POINT('',(6.72999818313929,4.23197642419494,20.));
#6071=CARTESIAN_POINT('Origin',(0.,0.,20.));
#6072=CARTESIAN_POINT('',(6.72999818313929,4.23197642419494,20.));
#6073=CARTESIAN_POINT('',(7.77155081375257,1.67496207397713,20.));
#6074=CARTESIAN_POINT('Origin',(0.,0.,20.));
#6075=CARTESIAN_POINT('',(7.77155081375257,1.67496207397713,20.));
#6076=CARTESIAN_POINT('',(7.95,9.73594205322146E-16,20.));
#6077=CARTESIAN_POINT('Origin',(0.,0.,20.));
#6078=CARTESIAN_POINT('',(7.95,-9.73594205322146E-16,17.85));
#6079=CARTESIAN_POINT('',(7.95,9.73594205322146E-16,17.6));
#6080=CARTESIAN_POINT('',(-7.95,-9.73594205322146E-16,17.85));
#6081=CARTESIAN_POINT('Origin',(0.,0.,17.85));
#6082=CARTESIAN_POINT('Origin',(0.,0.,17.85));
#6083=CARTESIAN_POINT('',(7.87573972035273,-1.0840774221698,20.));
#6084=CARTESIAN_POINT('Origin',(0.,0.,20.));
#6085=CARTESIAN_POINT('',(7.87573972035273,-1.0840774221698,20.));
#6086=CARTESIAN_POINT('',(7.02999818313929,-3.71236118192428,20.));
#6087=CARTESIAN_POINT('Origin',(0.,0.,20.));
#6088=CARTESIAN_POINT('',(7.02999818313929,-3.71236118192428,20.));
#6089=CARTESIAN_POINT('',(5.33633511331595,-5.89287939452279,20.));
#6090=CARTESIAN_POINT('Origin',(0.,0.,20.));
#6091=CARTESIAN_POINT('',(5.33633511331595,-5.89287939452279,20.));
#6092=CARTESIAN_POINT('',(2.99903127290817,-7.36262938250451,20.));
#6093=CARTESIAN_POINT('Origin',(0.,0.,20.));
#6094=CARTESIAN_POINT('',(2.99903127290817,-7.36262938250451,20.));
#6095=CARTESIAN_POINT('',(0.299999999999999,-7.94433760611922,20.));
#6096=CARTESIAN_POINT('Origin',(0.,0.,20.));
#6097=CARTESIAN_POINT('',(0.299999999999999,-7.94433760611922,20.));
#6098=CARTESIAN_POINT('',(-2.43521570043662,-7.56784146849991,20.));
#6099=CARTESIAN_POINT('Origin',(0.,0.,20.));
#6100=CARTESIAN_POINT('',(-2.43521570043662,-7.56784146849991,20.));
#6101=CARTESIAN_POINT('Origin',(2.52759240779243,5.44162444680539,20.));
#6102=CARTESIAN_POINT('',(1.2637962038963,2.72081222340265,20.));
#6103=CARTESIAN_POINT('Origin',(0.6,6.97794185533327,20.));
#6104=CARTESIAN_POINT('',(0.6,6.97794185533327,20.));
#6105=CARTESIAN_POINT('',(0.6,6.97794185533327,20.));
#6106=CARTESIAN_POINT('',(1.5615177800494,3.88058619885034,20.));
#6107=CARTESIAN_POINT('Origin',(0.514014760736188,5.97794185533327,20.));
#6108=CARTESIAN_POINT('',(0.257007380368192,2.98897092766662,20.));
#6109=CARTESIAN_POINT('Origin',(0.,0.,16.05));
#6110=CARTESIAN_POINT('',(-4.4,-5.38844591624835E-16,15.8));
#6111=CARTESIAN_POINT('Origin',(-4.4,-5.38844591624835E-16,16.05));
#6112=CARTESIAN_POINT('Origin',(0.,0.,15.8));
#6113=CARTESIAN_POINT('Origin',(0.,0.,15.8));
#6114=CARTESIAN_POINT('',(-3.35,4.10256677714363E-16,15.8));
#6115=CARTESIAN_POINT('Origin',(0.,0.,15.8));
#6116=CARTESIAN_POINT('Origin',(0.,0.,17.85));
#6117=CARTESIAN_POINT('Origin',(-7.7,-9.42978035343462E-16,17.85));
#6118=CARTESIAN_POINT('Origin',(2.56806454277456,-2.151172820613,17.3));
#6119=CARTESIAN_POINT('',(2.56806454277456,-2.151172820613,17.3));
#6120=CARTESIAN_POINT('',(2.56806454277456,2.15117282061301,17.3));
#6121=CARTESIAN_POINT('',(2.56806454277456,-1.0755864103065,17.3));
#6122=CARTESIAN_POINT('',(2.56806454277456,-2.15117282061301,20.8));
#6123=CARTESIAN_POINT('',(2.56806454277456,-2.151172820613,17.3));
#6124=CARTESIAN_POINT('',(2.56806454277456,2.15117282061301,20.8));
#6125=CARTESIAN_POINT('',(2.56806454277456,-2.151172820613,20.8));
#6126=CARTESIAN_POINT('',(2.56806454277456,2.15117282061301,17.3));
#6127=CARTESIAN_POINT('Origin',(-2.151172820613,-2.56806454277456,17.3));
#6128=CARTESIAN_POINT('',(-2.151172820613,-2.56806454277456,17.3));
#6129=CARTESIAN_POINT('',(2.151172820613,-2.56806454277456,17.3));
#6130=CARTESIAN_POINT('',(-1.0755864103065,-2.56806454277456,17.3));
#6131=CARTESIAN_POINT('',(-2.151172820613,-2.56806454277456,20.8));
#6132=CARTESIAN_POINT('',(-2.151172820613,-2.56806454277456,17.3));
#6133=CARTESIAN_POINT('',(2.151172820613,-2.56806454277456,20.8));
#6134=CARTESIAN_POINT('',(-2.151172820613,-2.56806454277456,20.8));
#6135=CARTESIAN_POINT('',(2.151172820613,-2.56806454277456,17.3));
#6136=CARTESIAN_POINT('Origin',(-2.56806454277456,2.151172820613,17.3));
#6137=CARTESIAN_POINT('',(-2.56806454277456,2.151172820613,17.3));
#6138=CARTESIAN_POINT('',(-2.56806454277456,-2.151172820613,17.3));
#6139=CARTESIAN_POINT('',(-2.56806454277456,1.0755864103065,17.3));
#6140=CARTESIAN_POINT('',(-2.56806454277456,2.151172820613,20.8));
#6141=CARTESIAN_POINT('',(-2.56806454277456,2.151172820613,17.3));
#6142=CARTESIAN_POINT('',(-2.56806454277456,-2.151172820613,20.8));
#6143=CARTESIAN_POINT('',(-2.56806454277456,2.151172820613,20.8));
#6144=CARTESIAN_POINT('',(-2.56806454277456,-2.151172820613,17.3));
#6145=CARTESIAN_POINT('Origin',(2.151172820613,2.56806454277456,17.3));
#6146=CARTESIAN_POINT('',(2.151172820613,2.56806454277456,17.3));
#6147=CARTESIAN_POINT('',(-2.151172820613,2.56806454277456,17.3));
#6148=CARTESIAN_POINT('',(1.0755864103065,2.56806454277456,17.3));
#6149=CARTESIAN_POINT('',(2.151172820613,2.56806454277456,20.8));
#6150=CARTESIAN_POINT('',(2.151172820613,2.56806454277456,17.3));
#6151=CARTESIAN_POINT('',(-2.151172820613,2.56806454277456,20.8));
#6152=CARTESIAN_POINT('',(2.151172820613,2.56806454277456,20.8));
#6153=CARTESIAN_POINT('',(-2.151172820613,2.56806454277456,17.3));
#6154=CARTESIAN_POINT('Origin',(0.,0.,20.8));
#6155=CARTESIAN_POINT('Origin',(1.72084568816899E-14,-1.74860126378462E-14,
20.8));
#6156=CARTESIAN_POINT('Origin',(1.72084568816899E-14,-1.74860126378462E-14,
20.8));
#6157=CARTESIAN_POINT('Origin',(1.72084568816899E-14,-1.74860126378462E-14,
20.8));
#6158=CARTESIAN_POINT('Origin',(1.72084568816899E-14,-1.74860126378462E-14,
20.8));
#6159=CARTESIAN_POINT('Origin',(0.,0.,17.3));
#6160=CARTESIAN_POINT('Origin',(0.,0.,17.3));
#6161=CARTESIAN_POINT('Origin',(0.,0.,17.3));
#6162=CARTESIAN_POINT('Origin',(0.,0.,17.3));
#6163=CARTESIAN_POINT('Origin',(0.,0.,17.3));
#6164=CARTESIAN_POINT('Origin',(0.,0.,17.3));
#6165=CARTESIAN_POINT('Origin',(0.,0.,17.3));
#6166=CARTESIAN_POINT('',(-3.35,-4.10256677714363E-16,17.3));
#6167=CARTESIAN_POINT('Origin',(0.,0.,17.3));
#6168=CARTESIAN_POINT('Origin',(0.,0.,17.3));
#6169=CARTESIAN_POINT('Origin',(0.,0.,15.8));
#6170=CARTESIAN_POINT('',(-3.35,-4.10256677714363E-16,15.8));
#6171=CARTESIAN_POINT('Origin',(2.43521570043663,7.56784146849991,20.));
#6172=CARTESIAN_POINT('',(0.166109212494444,4.58338320670873,20.));
#6173=CARTESIAN_POINT('Origin',(4.87670844744456,6.27855196033471,20.));
#6174=CARTESIAN_POINT('',(1.72370098250057,4.25015868091319,20.));
#6175=CARTESIAN_POINT('Origin',(6.72999818313929,4.23197642419494,20.));
#6176=CARTESIAN_POINT('',(3.07338897489997,3.40430229253785,20.));
#6177=CARTESIAN_POINT('Origin',(7.77155081375257,1.67496207397713,20.));
#6178=CARTESIAN_POINT('',(4.05238089853597,2.14783680553155,20.));
#6179=CARTESIAN_POINT('Origin',(7.87573972035273,-1.0840774221698,20.));
#6180=CARTESIAN_POINT('',(4.54259587903606,0.632310501082904,20.));
#6181=CARTESIAN_POINT('Origin',(7.02999818313929,-3.71236118192428,20.));
#6182=CARTESIAN_POINT('',(4.48490675494937,-0.959481781705463,20.));
#6183=CARTESIAN_POINT('Origin',(5.33633511331595,-5.89287939452279,20.));
#6184=CARTESIAN_POINT('',(3.88627168604152,-2.43554640117718,20.));
#6185=CARTESIAN_POINT('Origin',(2.99903127290817,-7.36262938250451,20.));
#6186=CARTESIAN_POINT('',(2.81889489653549,-3.61784817983028,20.));
#6187=CARTESIAN_POINT('Origin',(0.299999999999999,-7.94433760611922,20.));
#6188=CARTESIAN_POINT('',(1.4115177800494,-4.36378407424331,20.));
#6189=CARTESIAN_POINT('Origin',(-2.43521570043662,-7.56784146849991,20.));
#6190=CARTESIAN_POINT('',(-0.166109212494442,-4.58338320670873,20.));
#6191=CARTESIAN_POINT('Origin',(-4.87670844744456,-6.27855196033471,20.));
#6192=CARTESIAN_POINT('',(-1.72370098250057,-4.25015868091319,20.));
#6193=CARTESIAN_POINT('Origin',(-6.7299981831393,-4.23197642419494,20.));
#6194=CARTESIAN_POINT('',(-3.07338897489997,-3.40430229253785,20.));
#6195=CARTESIAN_POINT('Origin',(-7.77155081375257,-1.67496207397713,20.));
#6196=CARTESIAN_POINT('',(-4.05238089853597,-2.14783680553155,20.));
#6197=CARTESIAN_POINT('Origin',(-7.87573972035273,1.0840774221698,20.));
#6198=CARTESIAN_POINT('',(-4.54259587903606,-0.632310501082904,20.));
#6199=CARTESIAN_POINT('Origin',(-7.02999818313929,3.71236118192428,20.));
#6200=CARTESIAN_POINT('',(-4.48490675494937,0.959481781705462,20.));
#6201=CARTESIAN_POINT('Origin',(-5.33633511331595,5.89287939452279,20.));
#6202=CARTESIAN_POINT('',(-3.88627168604152,2.43554640117718,20.));
#6203=CARTESIAN_POINT('Origin',(-2.99903127290817,7.36262938250452,20.));
#6204=CARTESIAN_POINT('',(-2.8188948965355,3.61784817983028,20.));
#6205=CARTESIAN_POINT('Origin',(-0.3,7.94433760611922,20.));
#6206=CARTESIAN_POINT('',(-1.4115177800494,4.36378407424331,20.));
#6207=CARTESIAN_POINT('Origin',(0.,0.,25.9));
#6208=CARTESIAN_POINT('Origin',(0.,0.,20.));
#6209=CARTESIAN_POINT('Origin',(0.,0.,20.));
#6210=CARTESIAN_POINT('Origin',(0.,0.,20.));
#6211=CARTESIAN_POINT('Origin',(0.,0.,20.));
#6212=CARTESIAN_POINT('Origin',(0.,0.,20.));
#6213=CARTESIAN_POINT('Origin',(0.,0.,20.));
#6214=CARTESIAN_POINT('Origin',(0.,0.,20.));
#6215=CARTESIAN_POINT('Origin',(0.,0.,20.));
#6216=CARTESIAN_POINT('Origin',(0.,0.,20.));
#6217=CARTESIAN_POINT('Origin',(0.,0.,20.));
#6218=CARTESIAN_POINT('Origin',(0.,0.,20.));
#6219=CARTESIAN_POINT('Origin',(0.,0.,20.));
#6220=CARTESIAN_POINT('Origin',(0.,0.,20.));
#6221=CARTESIAN_POINT('Origin',(0.,0.,20.));
#6222=CARTESIAN_POINT('Origin',(0.,0.,20.));
#6223=CARTESIAN_POINT('Origin',(0.,0.,20.));
#6224=CARTESIAN_POINT('Origin',(0.,0.,20.));
#6225=CARTESIAN_POINT('Origin',(0.,0.,20.));
#6226=UNCERTAINTY_MEASURE_WITH_UNIT(LENGTH_MEASURE(0.01),#6230,
'DISTANCE_ACCURACY_VALUE',
'Maximum model space distance between geometric entities at asserted c
onnectivities');
#6227=UNCERTAINTY_MEASURE_WITH_UNIT(LENGTH_MEASURE(0.01),#6230,
'DISTANCE_ACCURACY_VALUE',
'Maximum model space distance between geometric entities at asserted c
onnectivities');
#6228=(
GEOMETRIC_REPRESENTATION_CONTEXT(3)
GLOBAL_UNCERTAINTY_ASSIGNED_CONTEXT((#6226))
GLOBAL_UNIT_ASSIGNED_CONTEXT((#6230,#6232,#6233))
REPRESENTATION_CONTEXT('','3D')
);
#6229=(
GEOMETRIC_REPRESENTATION_CONTEXT(3)
GLOBAL_UNCERTAINTY_ASSIGNED_CONTEXT((#6227))
GLOBAL_UNIT_ASSIGNED_CONTEXT((#6230,#6232,#6233))
REPRESENTATION_CONTEXT('','3D')
);
#6230=(
LENGTH_UNIT()
NAMED_UNIT(*)
SI_UNIT(.MILLI.,.METRE.)
);
#6231=(
LENGTH_UNIT()
NAMED_UNIT(*)
SI_UNIT($,.METRE.)
);
#6232=(
NAMED_UNIT(*)
PLANE_ANGLE_UNIT()
SI_UNIT($,.RADIAN.)
);
#6233=(
NAMED_UNIT(*)
SI_UNIT($,.STERADIAN.)
SOLID_ANGLE_UNIT()
);
#6234=SHAPE_DEFINITION_REPRESENTATION(#6235,#6236);
#6235=PRODUCT_DEFINITION_SHAPE('',$,#6238);
#6236=SHAPE_REPRESENTATION('',(#3511),#6228);
#6237=PRODUCT_DEFINITION_CONTEXT('part definition',#6242,'design');
#6238=PRODUCT_DEFINITION('18 Teeth Bit Template',
'18 Teeth Bit Template v1',#6239,#6237);
#6239=PRODUCT_DEFINITION_FORMATION('',$,#6244);
#6240=PRODUCT_RELATED_PRODUCT_CATEGORY('18 Teeth Bit Template v1',
'18 Teeth Bit Template v1',(#6244));
#6241=APPLICATION_PROTOCOL_DEFINITION('international standard',
'automotive_design',2009,#6242);
#6242=APPLICATION_CONTEXT(
'Core Data for Automotive Mechanical Design Process');
#6243=PRODUCT_CONTEXT('part definition',#6242,'mechanical');
#6244=PRODUCT('18 Teeth Bit Template','18 Teeth Bit Template v1',$,(#6243));
#6245=PRESENTATION_STYLE_ASSIGNMENT((#6247));
#6246=PRESENTATION_STYLE_ASSIGNMENT((#6248));
#6247=SURFACE_STYLE_USAGE(.BOTH.,#6249);
#6248=SURFACE_STYLE_USAGE(.BOTH.,#6250);
#6249=SURFACE_SIDE_STYLE('',(#6251));
#6250=SURFACE_SIDE_STYLE('',(#6252));
#6251=SURFACE_STYLE_FILL_AREA(#6253);
#6252=SURFACE_STYLE_FILL_AREA(#6254);
#6253=FILL_AREA_STYLE('Steel - Satin',(#6255));
#6254=FILL_AREA_STYLE('Nylon 6-6 (White)',(#6256));
#6255=FILL_AREA_STYLE_COLOUR('Steel - Satin',#6257);
#6256=FILL_AREA_STYLE_COLOUR('Nylon 6-6 (White)',#6258);
#6257=COLOUR_RGB('Steel - Satin',0.627450980392157,0.627450980392157,0.627450980392157);
#6258=COLOUR_RGB('Nylon 6-6 (White)',0.972549019607843,0.968627450980392,
0.929411764705882);
ENDSEC;
END-ISO-10303-21;
